time,open,high,low,close,volume
2026-08-20 00:09:00-04:00,7741.75,7742.25,7741.5,7742.25,0
2026-08-20 00:10:00-04:00,7742.5,7742.5,7742.0,7742.25,82
2026-08-20 00:11:00-04:00,7742.0,7742.5,7742.0,7742.5,58
2026-08-20 00:12:00-04:00,7742.5,7742.5,7742.0,7742.0,56
2026-08-20 00:13:00-04:00,7742.0,7742.5,7742.0,7742.5,55
2026-08-20 00:14:00-04:00,7742.5,7742.75,7742.25,7742.5,58
2026-08-20 00:15:00-04:00,7742.5,7742.75,7742.0,7742.0,54
2026-08-20 00:16:00-04:00,7742.0,7742.25,7741.75,7742.0,38
2026-08-20 00:17:00-04:00,7742.0,7742.5,7742.0,7742.5,29
2026-08-20 00:18:00-04:00,7742.75,7742.75,7742.25,7742.5,73
2026-08-20 00:19:00-04:00,7742.5,7742.5,7742.25,7742.5,32
2026-08-20 00:20:00-04:00,7742.5,7742.5,7742.0,7742.25,31
2026-08-20 00:21:00-04:00,7742.5,7742.5,7741.5,7741.75,86
2026-08-20 00:22:00-04:00,7741.75,7741.75,7741.5,7741.5,71
2026-08-20 00:23:00-04:00,7741.5,7741.75,7741.25,7741.5,56
2026-08-20 00:24:00-04:00,7741.5,7741.5,7740.75,7741.25,36
2026-08-20 00:25:00-04:00,7741.0,7741.75,7741.0,7741.5,44
2026-08-20 00:26:00-04:00,7741.75,7742.0,7741.25,7741.25,81
2026-08-20 00:27:00-04:00,7741.5,7741.5,7741.0,7741.25,56
2026-08-20 00:28:00-04:00,7741.0,7741.75,7741.0,7741.75,51
2026-08-20 00:29:00-04:00,7741.75,7741.75,7741.25,7741.25,61
2026-08-20 00:30:00-04:00,7741.0,7741.0,7740.5,7740.75,52
2026-08-20 00:31:00-04:00,7741.0,7741.25,7740.5,7740.5,97
2026-08-20 00:32:00-04:00,7740.25,7740.5,7739.25,7739.5,111
2026-08-20 00:33:00-04:00,7739.5,7739.5,7738.5,7739.0,123
2026-08-20 00:34:00-04:00,7739.0,7739.0,7738.5,7738.5,68
2026-08-20 00:35:00-04:00,7738.25,7739.0,7737.75,7738.25,112
2026-08-20 00:36:00-04:00,7738.25,7739.0,7738.0,7739.0,84
2026-08-20 00:37:00-04:00,7739.0,7739.25,7738.75,7739.0,51
2026-08-20 00:38:00-04:00,7738.75,7739.25,7738.5,7739.0,67
2026-08-20 00:39:00-04:00,7739.0,7739.5,7739.0,7739.5,76
2026-08-20 00:40:00-04:00,7739.75,7741.25,7739.25,7741.0,99
2026-08-20 00:41:00-04:00,7741.0,7741.0,7740.25,7740.5,87
2026-08-20 00:42:00-04:00,7740.75,7740.75,7740.25,7740.5,21
2026-08-20 00:43:00-04:00,7740.75,7741.0,7740.25,7740.5,59
2026-08-20 00:44:00-04:00,7740.5,7740.5,7740.5,7740.5,9
2026-08-20 00:45:00-04:00,7740.25,7740.75,7740.25,7740.5,14
2026-08-20 00:46:00-04:00,7740.5,7741.0,7740.25,7740.75,64
2026-08-20 00:47:00-04:00,7740.5,7741.25,7740.5,7741.0,29
2026-08-20 00:48:00-04:00,7741.0,7741.0,7740.25,7740.25,63
2026-08-20 00:49:00-04:00,7740.0,7740.75,7740.0,7740.5,15
2026-08-20 00:50:00-04:00,7740.5,7740.75,7740.5,7740.75,21
2026-08-20 00:51:00-04:00,7740.5,7740.75,7740.25,7740.75,30
2026-08-20 00:52:00-04:00,7740.75,7741.0,7740.75,7741.0,29
2026-08-20 00:53:00-04:00,7740.75,7741.75,7740.75,7741.75,51
2026-08-20 00:54:00-04:00,7741.5,7741.5,7740.25,7740.25,83
2026-08-20 00:55:00-04:00,7740.25,7740.25,7739.75,7740.0,57
2026-08-20 00:56:00-04:00,7740.0,7740.0,7739.75,7739.75,70
2026-08-20 00:57:00-04:00,7739.5,7739.75,7739.25,7739.25,33
2026-08-20 00:58:00-04:00,7739.0,7739.5,7738.75,7739.25,53
2026-08-20 00:59:00-04:00,7739.0,7739.5,7739.0,7739.25,19
2026-08-20 01:00:00-04:00,7739.25,7739.25,7738.25,7738.75,172
2026-08-20 01:01:00-04:00,7738.75,7739.0,7738.0,7739.0,95
2026-08-20 01:02:00-04:00,7739.0,7739.0,7738.75,7738.75,129
2026-08-20 01:03:00-04:00,7738.5,7738.75,7738.0,7738.5,119
2026-08-20 01:04:00-04:00,7738.75,7738.75,7738.25,7738.5,53
2026-08-20 01:05:00-04:00,7738.5,7738.5,7738.25,7738.25,23
2026-08-20 01:06:00-04:00,7738.25,7738.5,7737.75,7738.0,51
2026-08-20 01:07:00-04:00,7738.0,7738.25,7737.25,7737.5,107
2026-08-20 01:08:00-04:00,7737.5,7737.75,7737.5,7737.5,63
2026-08-20 01:09:00-04:00,7737.5,7737.75,7737.25,7737.5,64
2026-08-20 01:10:00-04:00,7737.25,7737.25,7736.0,7736.0,155
2026-08-20 01:11:00-04:00,7736.25,7736.5,7735.75,7735.75,84
2026-08-20 01:12:00-04:00,7735.75,7736.75,7735.5,7736.5,136
2026-08-20 01:13:00-04:00,7736.5,7736.5,7735.5,7735.5,72
2026-08-20 01:14:00-04:00,7735.5,7735.5,7734.75,7735.5,128
2026-08-20 01:15:00-04:00,7735.5,7735.75,7735.25,7735.75,81
2026-08-20 01:16:00-04:00,7735.75,7738.25,7735.5,7738.0,278
2026-08-20 01:17:00-04:00,7738.0,7738.25,7737.75,7738.0,149
2026-08-20 01:18:00-04:00,7738.25,7739.0,7738.25,7738.75,99
2026-08-20 01:19:00-04:00,7738.75,7739.25,7738.5,7739.0,125
2026-08-20 01:20:00-04:00,7739.0,7739.0,7737.0,7737.0,69
2026-08-20 01:21:00-04:00,7737.0,7738.0,7737.0,7737.5,71
2026-08-20 01:22:00-04:00,7737.75,7738.5,7737.75,7738.5,70
2026-08-20 01:23:00-04:00,7738.75,7739.25,7738.0,7739.25,59
2026-08-20 01:24:00-04:00,7739.25,7740.25,7739.25,7740.25,73
2026-08-20 01:25:00-04:00,7740.0,7740.25,7739.5,7740.0,47
2026-08-20 01:26:00-04:00,7740.0,7740.75,7740.0,7740.25,121
2026-08-20 01:27:00-04:00,7740.25,7740.5,7740.0,7740.25,113
2026-08-20 01:28:00-04:00,7740.5,7740.5,7738.5,7738.75,122
2026-08-20 01:29:00-04:00,7738.75,7739.0,7737.5,7737.5,72
2026-08-20 01:30:00-04:00,7737.5,7739.5,7737.0,7737.0,167
2026-08-20 01:31:00-04:00,7737.0,7737.25,7736.75,7737.25,82
2026-08-20 01:32:00-04:00,7737.0,7737.25,7736.75,7736.75,63
2026-08-20 01:33:00-04:00,7736.75,7737.25,7736.5,7737.25,105
2026-08-20 01:34:00-04:00,7737.0,7737.25,7736.75,7737.0,54
2026-08-20 01:35:00-04:00,7736.75,7736.75,7736.5,7736.75,52
2026-08-20 01:36:00-04:00,7736.75,7736.75,7735.75,7736.0,115
2026-08-20 01:37:00-04:00,7736.0,7736.25,7735.75,7736.25,40
2026-08-20 01:38:00-04:00,7736.25,7736.5,7735.75,7736.5,87
2026-08-20 01:39:00-04:00,7736.5,7737.0,7736.25,7737.0,44
2026-08-20 01:40:00-04:00,7737.0,7737.0,7736.25,7736.75,81
2026-08-20 01:41:00-04:00,7736.75,7736.75,7736.25,7736.5,47
2026-08-20 01:42:00-04:00,7736.5,7737.75,7736.5,7737.5,62
2026-08-20 01:43:00-04:00,7737.5,7737.75,7737.0,7737.5,52
2026-08-20 01:44:00-04:00,7737.25,7738.0,7736.75,7736.75,59
2026-08-20 01:45:00-04:00,7736.5,7736.75,7735.75,7735.75,104
2026-08-20 01:46:00-04:00,7735.75,7736.25,7735.5,7736.0,50
2026-08-20 01:47:00-04:00,7736.75,7737.0,7736.5,7736.75,92
2026-08-20 01:48:00-04:00,7736.75,7736.75,7736.25,7736.25,41
2026-08-20 01:49:00-04:00,7736.25,7736.5,7736.0,7736.5,57
2026-08-20 01:50:00-04:00,7736.25,7736.5,7736.0,7736.5,45
2026-08-20 01:51:00-04:00,7736.5,7736.5,7735.75,7735.75,33
2026-08-20 01:52:00-04:00,7735.5,7736.0,7735.25,7735.5,74
2026-08-20 01:53:00-04:00,7735.75,7736.0,7734.5,7734.5,142
2026-08-20 01:54:00-04:00,7734.5,7734.75,7734.25,7734.25,79
2026-08-20 01:55:00-04:00,7734.25,7735.5,7734.25,7735.25,93
2026-08-20 01:56:00-04:00,7735.25,7735.5,7734.75,7735.0,47
2026-08-20 01:57:00-04:00,7734.75,7735.25,7734.75,7735.0,116
2026-08-20 01:58:00-04:00,7735.0,7735.0,7734.75,7735.0,60
2026-08-20 01:59:00-04:00,7735.0,7735.25,7734.75,7735.0,54
2026-08-20 02:00:00-04:00,7735.0,7736.5,7734.75,7735.5,138
2026-08-20 02:01:00-04:00,7735.25,7735.75,7735.25,7735.5,77
2026-08-20 02:02:00-04:00,7736.0,7738.0,7736.0,7738.0,234
2026-08-20 02:03:00-04:00,7738.0,7738.0,7736.75,7737.75,98
2026-08-20 02:04:00-04:00,7738.0,7739.25,7737.5,7739.0,193
2026-08-20 02:05:00-04:00,7739.25,7741.0,7739.25,7740.75,186
2026-08-20 02:06:00-04:00,7741.0,7741.25,7740.25,7741.0,207
2026-08-20 02:07:00-04:00,7741.0,7741.5,7740.75,7741.5,137
2026-08-20 02:08:00-04:00,7741.5,7742.25,7741.25,7741.75,126
2026-08-20 02:09:00-04:00,7741.75,7742.0,7741.5,7742.0,124
2026-08-20 02:10:00-04:00,7742.0,7743.25,7742.0,7743.0,177
2026-08-20 02:11:00-04:00,7743.0,7743.25,7742.5,7743.25,131
2026-08-20 02:12:00-04:00,7743.0,7743.25,7742.0,7742.0,151
2026-08-20 02:13:00-04:00,7741.75,7742.25,7740.75,7740.75,128
2026-08-20 02:14:00-04:00,7741.0,7741.75,7740.75,7741.25,129
2026-08-20 02:15:00-04:00,7741.25,7741.25,7740.5,7741.0,131
2026-08-20 02:16:00-04:00,7741.25,7741.25,7740.25,7740.25,146
2026-08-20 02:17:00-04:00,7740.5,7740.75,7740.5,7740.75,60
2026-08-20 02:18:00-04:00,7740.0,7740.5,7738.25,7738.25,210
2026-08-20 02:19:00-04:00,7738.25,7739.75,7738.25,7739.75,107
2026-08-20 02:20:00-04:00,7739.75,7740.0,7739.25,7739.5,83
2026-08-20 02:21:00-04:00,7739.5,7739.5,7739.25,7739.25,76
2026-08-20 02:22:00-04:00,7739.0,7739.25,7738.75,7738.75,59
2026-08-20 02:23:00-04:00,7739.0,7739.5,7738.75,7739.5,67
2026-08-20 02:24:00-04:00,7739.75,7740.75,7739.75,7740.5,92
2026-08-20 02:25:00-04:00,7740.5,7740.75,7739.25,7739.75,150
2026-08-20 02:26:00-04:00,7739.5,7740.25,7739.5,7739.5,65
2026-08-20 02:27:00-04:00,7739.5,7739.75,7739.5,7739.5,36
2026-08-20 02:28:00-04:00,7739.5,7740.75,7739.5,7740.75,46
2026-08-20 02:29:00-04:00,7740.75,7741.25,7740.5,7741.0,176
2026-08-20 02:30:00-04:00,7740.75,7741.25,7740.0,7741.0,211
2026-08-20 02:31:00-04:00,7741.0,7741.5,7741.0,7741.25,107
2026-08-20 02:32:00-04:00,7741.25,7741.75,7741.25,7741.75,86
2026-08-20 02:33:00-04:00,7742.0,7742.25,7742.0,7742.25,92
2026-08-20 02:34:00-04:00,7742.25,7744.0,7742.25,7744.0,162
2026-08-20 02:35:00-04:00,7744.0,7744.25,7743.25,7744.25,132
2026-08-20 02:36:00-04:00,7744.25,7744.25,7743.0,7743.0,272
2026-08-20 02:37:00-04:00,7742.75,7743.25,7742.5,7742.5,74
2026-08-20 02:38:00-04:00,7742.5,7742.5,7741.75,7742.0,87
2026-08-20 02:39:00-04:00,7742.0,7742.0,7741.75,7742.0,67
2026-08-20 02:40:00-04:00,7741.75,7743.0,7741.75,7743.0,32
2026-08-20 02:41:00-04:00,7743.0,7743.75,7743.0,7743.75,75
2026-08-20 02:42:00-04:00,7743.5,7743.75,7743.0,7743.75,38
2026-08-20 02:43:00-04:00,7743.5,7743.75,7743.25,7743.5,73
2026-08-20 02:44:00-04:00,7743.25,7743.5,7742.75,7743.5,110
2026-08-20 02:45:00-04:00,7743.75,7744.5,7743.5,7744.25,229
2026-08-20 02:46:00-04:00,7744.25,7744.75,7744.25,7744.5,188
2026-08-20 02:47:00-04:00,7744.75,7744.75,7744.25,7744.25,135
2026-08-20 02:48:00-04:00,7744.25,7744.75,7744.0,7744.75,99
2026-08-20 02:49:00-04:00,7745.0,7745.25,7744.25,7744.25,122
2026-08-20 02:50:00-04:00,7744.25,7744.5,7744.0,7744.0,89
2026-08-20 02:51:00-04:00,7744.0,7744.25,7743.75,7743.75,112
2026-08-20 02:52:00-04:00,7743.75,7745.25,7743.75,7744.75,281
2026-08-20 02:53:00-04:00,7744.75,7745.0,7743.5,7743.75,192
2026-08-20 02:54:00-04:00,7743.75,7744.0,7743.25,7744.0,83
2026-08-20 02:55:00-04:00,7743.75,7744.0,7743.5,7743.5,36
2026-08-20 02:56:00-04:00,7743.5,7743.75,7743.25,7743.5,79
2026-08-20 02:57:00-04:00,7743.75,7743.75,7743.0,7743.0,117
2026-08-20 02:58:00-04:00,7743.0,7743.0,7742.25,7742.5,115
2026-08-20 02:59:00-04:00,7742.5,7743.5,7742.5,7742.5,126
2026-08-20 03:00:00-04:00,7742.5,7742.5,7737.0,7737.5,932
2026-08-20 03:01:00-04:00,7737.5,7738.25,7736.75,7736.75,602
2026-08-20 03:02:00-04:00,7736.75,7737.0,7735.75,7736.5,278
2026-08-20 03:03:00-04:00,7736.5,7737.0,7735.75,7736.25,204
2026-08-20 03:04:00-04:00,7736.5,7737.75,7736.0,7737.75,243
2026-08-20 03:05:00-04:00,7737.75,7739.0,7736.5,7738.75,189
2026-08-20 03:06:00-04:00,7739.0,7739.25,7738.0,7739.25,173
2026-08-20 03:07:00-04:00,7739.5,7739.75,7737.75,7737.75,285
2026-08-20 03:08:00-04:00,7738.0,7740.25,7738.0,7740.25,301
2026-08-20 03:09:00-04:00,7740.25,7740.25,7739.5,7739.75,114
2026-08-20 03:10:00-04:00,7740.0,7740.75,7739.75,7739.75,98
2026-08-20 03:11:00-04:00,7739.5,7740.0,7739.0,7739.0,117
2026-08-20 03:12:00-04:00,7739.25,7739.5,7736.5,7736.5,203
2026-08-20 03:13:00-04:00,7736.75,7737.75,7736.25,7737.5,164
2026-08-20 03:14:00-04:00,7737.25,7737.75,7736.25,7736.5,181
2026-08-20 03:15:00-04:00,7736.5,7736.75,7736.25,7736.25,156
2026-08-20 03:16:00-04:00,7736.25,7736.5,7735.25,7735.75,130
2026-08-20 03:17:00-04:00,7735.75,7736.75,7735.75,7736.75,159
2026-08-20 03:18:00-04:00,7736.5,7737.0,7736.5,7737.0,134
2026-08-20 03:19:00-04:00,7737.0,7737.0,7735.75,7736.0,108
2026-08-20 03:20:00-04:00,7736.25,7736.75,7736.0,7736.75,149
2026-08-20 03:21:00-04:00,7737.0,7737.25,7736.25,7736.5,282
2026-08-20 03:22:00-04:00,7736.25,7736.75,7735.75,7736.0,132
2026-08-20 03:23:00-04:00,7736.0,7736.0,7732.5,7733.25,649
2026-08-20 03:24:00-04:00,7733.0,7734.0,7732.5,7733.5,182
2026-08-20 03:25:00-04:00,7733.5,7733.75,7733.0,7733.0,158
2026-08-20 03:26:00-04:00,7733.0,7733.5,7732.25,7733.0,171
2026-08-20 03:27:00-04:00,7732.75,7732.75,7731.25,7732.25,243
2026-08-20 03:28:00-04:00,7732.25,7734.25,7731.75,7734.0,200
2026-08-20 03:29:00-04:00,7734.0,7734.5,7732.75,7732.75,142
2026-08-20 03:30:00-04:00,7732.75,7733.0,7730.0,7731.0,526
2026-08-20 03:31:00-04:00,7731.25,7731.25,7730.0,7730.5,265
2026-08-20 03:32:00-04:00,7730.5,7732.0,7730.0,7732.0,252
2026-08-20 03:33:00-04:00,7732.0,7733.0,7731.25,7733.0,213
2026-08-20 03:34:00-04:00,7733.25,7735.0,7732.75,7734.25,229
2026-08-20 03:35:00-04:00,7734.5,7736.0,7734.5,7734.75,250
2026-08-20 03:36:00-04:00,7734.25,7735.0,7734.0,7734.5,214
2026-08-20 03:37:00-04:00,7734.5,7735.0,7733.5,7733.75,300
2026-08-20 03:38:00-04:00,7733.5,7734.25,7733.25,7734.25,114
2026-08-20 03:39:00-04:00,7734.0,7734.0,7733.5,7733.75,58
2026-08-20 03:40:00-04:00,7734.0,7734.75,7733.5,7734.75,115
2026-08-20 03:41:00-04:00,7734.75,7734.75,7733.5,7733.5,111
2026-08-20 03:42:00-04:00,7733.5,7734.0,7733.25,7734.0,92
2026-08-20 03:43:00-04:00,7734.25,7734.25,7732.25,7732.25,121
2026-08-20 03:44:00-04:00,7732.5,7733.0,7732.0,7732.5,109
2026-08-20 03:45:00-04:00,7732.25,7732.75,7732.25,7732.5,79
2026-08-20 03:46:00-04:00,7732.5,7733.0,7732.5,7732.75,48
2026-08-20 03:47:00-04:00,7732.75,7733.25,7732.5,7732.75,36
2026-08-20 03:48:00-04:00,7732.5,7733.25,7732.25,7733.25,69
2026-08-20 03:49:00-04:00,7733.25,7735.5,7733.25,7735.0,234
2026-08-20 03:50:00-04:00,7735.0,7735.0,7733.75,7733.75,133
2026-08-20 03:51:00-04:00,7733.75,7733.75,7731.0,7732.25,530
2026-08-20 03:52:00-04:00,7732.25,7732.5,7732.0,7732.25,139
2026-08-20 03:53:00-04:00,7732.25,7733.0,7732.0,7732.25,483
2026-08-20 03:54:00-04:00,7732.25,7732.75,7732.25,7732.5,196
2026-08-20 03:55:00-04:00,7732.5,7733.25,7732.25,7733.0,1059
2026-08-20 03:56:00-04:00,7733.0,7733.25,7730.5,7731.5,186
2026-08-20 03:57:00-04:00,7731.5,7731.5,7731.0,7731.25,76
2026-08-20 03:58:00-04:00,7731.25,7731.25,7730.75,7730.75,96
2026-08-20 03:59:00-04:00,7730.75,7730.75,7730.0,7730.0,127
2026-08-20 04:00:00-04:00,7730.25,7732.0,7729.5,7730.75,474
2026-08-20 04:01:00-04:00,7731.75,7733.5,7731.5,7733.25,485
2026-08-20 04:02:00-04:00,7733.5,7733.5,7731.0,7731.0,206
2026-08-20 04:03:00-04:00,7730.75,7730.75,7728.5,7729.25,436
2026-08-20 04:04:00-04:00,7729.0,7729.25,7728.25,7728.25,257
2026-08-20 04:05:00-04:00,7728.5,7729.25,7727.75,7729.25,477
2026-08-20 04:06:00-04:00,7729.5,7730.5,7728.75,7728.75,422
2026-08-20 04:07:00-04:00,7728.75,7730.0,7728.25,7729.75,231
2026-08-20 04:08:00-04:00,7730.0,7730.0,7729.0,7729.75,155
2026-08-20 04:09:00-04:00,7729.75,7730.75,7729.25,7729.25,147
2026-08-20 04:10:00-04:00,7728.75,7729.0,7725.0,7725.25,861
2026-08-20 04:11:00-04:00,7725.0,7726.25,7724.5,7725.75,466
2026-08-20 04:12:00-04:00,7725.75,7726.5,7725.5,7726.25,274
2026-08-20 04:13:00-04:00,7726.25,7726.75,7725.75,7725.75,125
2026-08-20 04:14:00-04:00,7725.75,7727.0,7725.75,7726.75,154
2026-08-20 04:15:00-04:00,7726.75,7727.75,7726.0,7727.5,188
2026-08-20 04:16:00-04:00,7727.5,7727.5,7725.75,7727.0,94
2026-08-20 04:17:00-04:00,7727.0,7729.5,7727.0,7728.0,293
2026-08-20 04:18:00-04:00,7728.25,7728.25,7725.25,7728.25,336
2026-08-20 04:19:00-04:00,7728.5,7728.75,7727.5,7727.5,220
2026-08-20 04:20:00-04:00,7727.75,7728.75,7727.25,7728.25,151
2026-08-20 04:21:00-04:00,7728.0,7728.25,7727.0,7727.5,189
2026-08-20 04:22:00-04:00,7727.5,7727.75,7726.75,7726.75,79
2026-08-20 04:23:00-04:00,7726.75,7726.75,7723.5,7724.5,474
2026-08-20 04:24:00-04:00,7724.5,7725.25,7723.0,7724.5,316
2026-08-20 04:25:00-04:00,7724.5,7725.25,7724.25,7724.5,208
2026-08-20 04:26:00-04:00,7724.25,7724.5,7722.75,7724.5,199
2026-08-20 04:27:00-04:00,7724.25,7724.25,7722.0,7723.75,447
2026-08-20 04:28:00-04:00,7723.5,7723.5,7722.0,7722.25,310
2026-08-20 04:29:00-04:00,7722.25,7723.5,7721.75,7723.0,251
2026-08-20 04:30:00-04:00,7723.0,7723.25,7720.5,7721.0,449
2026-08-20 04:31:00-04:00,7721.0,7721.0,7719.25,7719.75,535
2026-08-20 04:32:00-04:00,7719.5,7719.75,7718.0,7718.5,669
2026-08-20 04:33:00-04:00,7718.75,7719.25,7717.25,7717.5,565
2026-08-20 04:34:00-04:00,7717.75,7719.5,7717.25,7717.25,516
2026-08-20 04:35:00-04:00,7717.0,7719.0,7716.5,7719.0,370
2026-08-20 04:36:00-04:00,7719.0,7721.75,7719.0,7721.75,481
2026-08-20 04:37:00-04:00,7721.75,7722.25,7720.75,7722.0,235
2026-08-20 04:38:00-04:00,7722.25,7723.5,7721.5,7723.5,258
2026-08-20 04:39:00-04:00,7723.5,7723.75,7723.0,7723.5,189
2026-08-20 04:40:00-04:00,7723.75,7724.5,7723.5,7724.5,226
2026-08-20 04:41:00-04:00,7724.5,7724.5,7722.25,7723.0,257
2026-08-20 04:42:00-04:00,7723.0,7724.25,7723.0,7724.0,360
2026-08-20 04:43:00-04:00,7723.75,7723.75,7722.5,7722.5,291
2026-08-20 04:44:00-04:00,7722.5,7723.25,7720.5,7720.75,324
2026-08-20 04:45:00-04:00,7720.5,7721.5,7719.5,7721.0,348
2026-08-20 04:46:00-04:00,7721.0,7721.0,7716.25,7716.75,649
2026-08-20 04:47:00-04:00,7716.75,7719.0,7716.75,7717.25,174
2026-08-20 04:48:00-04:00,7717.25,7717.25,7715.5,7717.0,354
2026-08-20 04:49:00-04:00,7716.75,7717.5,7716.5,7717.25,210
2026-08-20 04:50:00-04:00,7717.5,7719.75,7717.25,7719.75,228
2026-08-20 04:51:00-04:00,7720.0,7720.75,7719.25,7719.25,145
2026-08-20 04:52:00-04:00,7719.25,7720.0,7718.5,7719.5,178
2026-08-20 04:53:00-04:00,7719.5,7721.5,7719.5,7720.5,138
2026-08-20 04:54:00-04:00,7720.5,7720.5,7719.25,7720.25,95
2026-08-20 04:55:00-04:00,7720.25,7720.25,7718.25,7718.5,379
2026-08-20 04:56:00-04:00,7718.5,7719.75,7718.0,7719.75,187
2026-08-20 04:57:00-04:00,7719.5,7719.75,7718.5,7719.0,182
2026-08-20 04:58:00-04:00,7719.25,7719.5,7718.5,7719.0,154
2026-08-20 04:59:00-04:00,7719.0,7719.75,7718.0,7718.5,210
2026-08-20 05:00:00-04:00,7718.75,7718.75,7717.5,7717.5,327
2026-08-20 05:01:00-04:00,7717.5,7722.25,7717.5,7721.25,343
2026-08-20 05:02:00-04:00,7721.25,7722.25,7721.0,7721.5,171
2026-08-20 05:03:00-04:00,7721.5,7722.75,7721.5,7722.5,346
2026-08-20 05:04:00-04:00,7722.25,7724.0,7722.0,7723.75,380
2026-08-20 05:05:00-04:00,7723.75,7724.25,7722.0,7722.25,270
2026-08-20 05:06:00-04:00,7722.25,7726.0,7722.0,7725.75,272
2026-08-20 05:07:00-04:00,7725.5,7726.0,7724.0,7725.25,225
2026-08-20 05:08:00-04:00,7725.25,7727.0,7724.75,7726.75,445
2026-08-20 05:09:00-04:00,7726.75,7727.0,7726.25,7726.5,258
2026-08-20 05:10:00-04:00,7726.0,7727.0,7725.5,7726.25,303
2026-08-20 05:11:00-04:00,7726.25,7726.25,7724.0,7724.75,215
2026-08-20 05:12:00-04:00,7724.75,7725.75,7724.0,7724.25,263
2026-08-20 05:13:00-04:00,7724.25,7724.75,7722.75,7723.25,328
2026-08-20 05:14:00-04:00,7723.25,7724.75,7723.25,7724.75,108
2026-08-20 05:15:00-04:00,7724.75,7726.0,7724.25,7725.75,165
2026-08-20 05:16:00-04:00,7725.75,7726.0,7724.0,7724.0,185
2026-08-20 05:17:00-04:00,7724.0,7724.25,7723.25,7723.5,118
2026-08-20 05:18:00-04:00,7723.0,7725.75,7722.75,7725.25,128
2026-08-20 05:19:00-04:00,7725.25,7725.25,7724.5,7724.75,83
2026-08-20 05:20:00-04:00,7724.5,7725.0,7724.0,7724.75,73
2026-08-20 05:21:00-04:00,7724.5,7725.0,7724.25,7725.0,86
2026-08-20 05:22:00-04:00,7725.0,7725.25,7724.25,7725.25,105
2026-08-20 05:23:00-04:00,7725.25,7725.25,7724.75,7725.25,93
2026-08-20 05:24:00-04:00,7725.0,7725.5,7724.75,7725.5,130
2026-08-20 05:25:00-04:00,7725.5,7726.0,7725.0,7725.75,133
2026-08-20 05:26:00-04:00,7726.0,7726.5,7725.75,7726.5,101
2026-08-20 05:27:00-04:00,7726.5,7726.5,7725.5,7726.0,132
2026-08-20 05:28:00-04:00,7726.0,7726.0,7725.0,7725.25,129
2026-08-20 05:29:00-04:00,7725.0,7725.25,7724.5,7724.5,144
2026-08-20 05:30:00-04:00,7724.5,7724.75,7723.75,7724.5,128
2026-08-20 05:31:00-04:00,7724.25,7724.5,7723.75,7723.75,124
2026-08-20 05:32:00-04:00,7723.75,7725.0,7722.75,7722.75,166
2026-08-20 05:33:00-04:00,7723.0,7723.5,7722.25,7722.75,120
2026-08-20 05:34:00-04:00,7722.75,7722.75,7722.25,7722.75,120
2026-08-20 05:35:00-04:00,7722.5,7722.75,7721.75,7722.0,113
2026-08-20 05:36:00-04:00,7722.0,7723.25,7721.75,7723.0,133
2026-08-20 05:37:00-04:00,7722.75,7723.0,7722.5,7723.0,88
2026-08-20 05:38:00-04:00,7723.25,7724.0,7722.5,7723.75,138
2026-08-20 05:39:00-04:00,7723.75,7724.5,7723.5,7724.25,59
2026-08-20 05:40:00-04:00,7724.25,7725.25,7723.5,7724.75,189
2026-08-20 05:41:00-04:00,7724.75,7724.75,7722.25,7722.75,318
2026-08-20 05:42:00-04:00,7723.0,7725.25,7722.75,7725.0,298
2026-08-20 05:43:00-04:00,7725.0,7725.0,7724.5,7725.0,66
2026-08-20 05:44:00-04:00,7724.75,7725.5,7724.75,7725.25,92
2026-08-20 05:45:00-04:00,7725.25,7726.75,7725.25,7726.25,159
2026-08-20 05:46:00-04:00,7726.25,7726.25,7725.75,7726.25,142
2026-08-20 05:47:00-04:00,7726.25,7726.25,7725.0,7725.0,120
2026-08-20 05:48:00-04:00,7725.25,7725.5,7724.75,7725.5,77
2026-08-20 05:49:00-04:00,7725.25,7725.5,7724.75,7725.0,91
2026-08-20 05:50:00-04:00,7725.0,7725.5,7723.5,7725.25,91
2026-08-20 05:51:00-04:00,7725.25,7725.25,7723.75,7724.0,98
2026-08-20 05:52:00-04:00,7724.25,7724.25,7722.25,7722.5,125
2026-08-20 05:53:00-04:00,7722.75,7723.75,7722.75,7723.75,50
2026-08-20 05:54:00-04:00,7723.5,7725.5,7723.5,7725.0,98
2026-08-20 05:55:00-04:00,7725.0,7725.0,7724.5,7724.75,53
2026-08-20 05:56:00-04:00,7725.0,7725.0,7724.5,7724.5,30
2026-08-20 05:57:00-04:00,7724.5,7724.75,7724.0,7724.25,93
2026-08-20 05:58:00-04:00,7724.25,7725.0,7724.0,7724.25,153
2026-08-20 05:59:00-04:00,7724.25,7725.0,7723.75,7724.0,189
2026-08-20 06:00:00-04:00,7723.75,7724.75,7722.0,7724.75,260
2026-08-20 06:01:00-04:00,7724.5,7724.5,7723.25,7724.5,121
2026-08-20 06:02:00-04:00,7725.0,7725.0,7723.5,7724.0,102
2026-08-20 06:03:00-04:00,7724.0,7725.5,7724.0,7725.5,110
2026-08-20 06:04:00-04:00,7725.5,7726.0,7725.0,7725.0,155
2026-08-20 06:05:00-04:00,7725.25,7725.25,7724.5,7724.5,100
2026-08-20 06:06:00-04:00,7724.5,7726.5,7724.5,7726.0,107
2026-08-20 06:07:00-04:00,7726.0,7726.0,7724.5,7725.25,73
2026-08-20 06:08:00-04:00,7725.25,7726.5,7725.0,7726.5,193
2026-08-20 06:09:00-04:00,7726.5,7726.75,7726.25,7726.75,254
2026-08-20 06:10:00-04:00,7727.0,7727.0,7726.0,7726.25,202
2026-08-20 06:11:00-04:00,7726.5,7727.5,7726.5,7727.25,187
2026-08-20 06:12:00-04:00,7727.5,7728.25,7727.25,7727.75,254
2026-08-20 06:13:00-04:00,7727.5,7728.0,7727.5,7727.5,133
2026-08-20 06:14:00-04:00,7727.5,7729.0,7727.5,7728.5,161
2026-08-20 06:15:00-04:00,7728.25,7729.25,7728.0,7728.0,207
2026-08-20 06:16:00-04:00,7728.0,7728.0,7727.25,7727.25,51
2026-08-20 06:17:00-04:00,7727.25,7727.25,7726.25,7727.0,134
2026-08-20 06:18:00-04:00,7727.25,7727.25,7726.5,7726.75,179
2026-08-20 06:19:00-04:00,7726.5,7727.0,7726.5,7726.75,106
2026-08-20 06:20:00-04:00,7726.75,7727.25,7726.25,7726.5,238
2026-08-20 06:21:00-04:00,7726.5,7727.5,7726.5,7726.75,87
2026-08-20 06:22:00-04:00,7726.75,7727.75,7726.75,7727.75,174
2026-08-20 06:23:00-04:00,7727.75,7727.75,7726.75,7726.75,66
2026-08-20 06:24:00-04:00,7727.0,7727.5,7726.5,7727.5,68
2026-08-20 06:25:00-04:00,7727.75,7728.0,7726.5,7726.75,159
2026-08-20 06:26:00-04:00,7726.75,7727.75,7724.75,7727.0,676
2026-08-20 06:27:00-04:00,7727.25,7727.75,7726.75,7726.75,119
2026-08-20 06:28:00-04:00,7726.75,7727.0,7726.5,7726.5,112
2026-08-20 06:29:00-04:00,7726.75,7727.75,7726.75,7727.25,127
2026-08-20 06:30:00-04:00,7727.25,7727.75,7726.75,7727.25,154
2026-08-20 06:31:00-04:00,7727.5,7728.0,7727.25,7727.25,95
2026-08-20 06:32:00-04:00,7727.25,7729.0,7726.75,7728.75,282
2026-08-20 06:33:00-04:00,7728.75,7729.25,7728.25,7728.5,78
2026-08-20 06:34:00-04:00,7728.5,7728.5,7726.25,7726.5,174
2026-08-20 06:35:00-04:00,7726.0,7726.25,7724.5,7724.5,172
2026-08-20 06:36:00-04:00,7724.5,7728.5,7724.25,7725.75,1699
2026-08-20 06:37:00-04:00,7725.75,7727.75,7725.75,7727.75,183
2026-08-20 06:38:00-04:00,7728.0,7728.0,7726.25,7726.75,233
2026-08-20 06:39:00-04:00,7727.0,7728.0,7725.25,7725.25,186
2026-08-20 06:40:00-04:00,7725.25,7726.5,7725.25,7726.0,243
2026-08-20 06:41:00-04:00,7725.75,7726.25,7725.25,7725.5,216
2026-08-20 06:42:00-04:00,7725.5,7726.25,7725.5,7725.5,123
2026-08-20 06:43:00-04:00,7725.5,7725.5,7725.25,7725.5,95
2026-08-20 06:44:00-04:00,7725.5,7725.75,7725.25,7725.5,76
2026-08-20 06:45:00-04:00,7725.5,7726.25,7725.5,7726.0,106
2026-08-20 06:46:00-04:00,7725.75,7726.25,7725.25,7725.5,92
2026-08-20 06:47:00-04:00,7725.75,7728.5,7725.75,7728.5,112
2026-08-20 06:48:00-04:00,7728.75,7730.0,7728.25,7729.75,120
2026-08-20 06:49:00-04:00,7729.5,7729.5,7729.0,7729.5,98
2026-08-20 06:50:00-04:00,7729.5,7729.5,7729.0,7729.25,124
2026-08-20 06:51:00-04:00,7729.0,7729.0,7728.5,7728.5,76
2026-08-20 06:52:00-04:00,7728.5,7730.0,7728.5,7730.0,144
2026-08-20 06:53:00-04:00,7730.0,7730.0,7728.5,7728.75,248
2026-08-20 06:54:00-04:00,7728.5,7728.5,7728.0,7728.25,210
2026-08-20 06:55:00-04:00,7728.0,7728.5,7727.5,7728.0,164
2026-08-20 06:56:00-04:00,7728.0,7728.5,7728.0,7728.25,95
2026-08-20 06:57:00-04:00,7728.25,7728.75,7727.75,7727.75,211
2026-08-20 06:58:00-04:00,7728.0,7728.75,7728.0,7728.75,131
2026-08-20 06:59:00-04:00,7728.75,7730.5,7728.75,7730.5,246
2026-08-20 07:00:00-04:00,7730.5,7733.5,7726.5,7727.25,2245
2026-08-20 07:01:00-04:00,7727.75,7728.0,7727.25,7727.75,599
2026-08-20 07:02:00-04:00,7727.5,7728.25,7726.5,7726.75,285
2026-08-20 07:03:00-04:00,7726.75,7728.25,7726.75,7727.0,241
2026-08-20 07:04:00-04:00,7727.0,7728.0,7725.0,7725.5,571
2026-08-20 07:05:00-04:00,7725.5,7725.5,7723.0,7723.25,323
2026-08-20 07:06:00-04:00,7723.0,7725.0,7722.75,7724.25,303
2026-08-20 07:07:00-04:00,7724.25,7725.0,7724.0,7724.5,222
2026-08-20 07:08:00-04:00,7724.5,7724.5,7723.5,7723.5,166
2026-08-20 07:09:00-04:00,7723.5,7724.5,7723.0,7724.25,170
2026-08-20 07:10:00-04:00,7724.25,7724.25,7722.5,7723.0,184
2026-08-20 07:11:00-04:00,7723.0,7724.0,7722.5,7722.5,302
2026-08-20 07:12:00-04:00,7722.75,7723.25,7721.5,7722.5,164
2026-08-20 07:13:00-04:00,7722.5,7722.75,7720.5,7722.0,212
2026-08-20 07:14:00-04:00,7722.0,7724.5,7722.0,7724.25,170
2026-08-20 07:15:00-04:00,7724.25,7724.75,7723.25,7723.5,128
2026-08-20 07:16:00-04:00,7723.5,7726.25,7723.5,7725.5,244
2026-08-20 07:17:00-04:00,7725.5,7725.5,7724.0,7724.25,192
2026-08-20 07:18:00-04:00,7724.5,7724.5,7723.75,7724.25,190
2026-08-20 07:19:00-04:00,7724.0,7724.0,7722.5,7722.75,206
2026-08-20 07:20:00-04:00,7722.5,7722.75,7721.0,7721.5,182
2026-08-20 07:21:00-04:00,7721.5,7721.75,7720.0,7720.0,356
2026-08-20 07:22:00-04:00,7719.75,7721.25,7719.75,7720.0,427
2026-08-20 07:23:00-04:00,7720.0,7721.75,7719.75,7721.5,130
2026-08-20 07:24:00-04:00,7721.25,7721.25,7717.75,7719.0,1460
2026-08-20 07:25:00-04:00,7719.25,7720.0,7719.0,7720.0,136
2026-08-20 07:26:00-04:00,7720.0,7720.0,7717.0,7718.25,273
2026-08-20 07:27:00-04:00,7718.0,7718.0,7716.5,7717.0,303
2026-08-20 07:28:00-04:00,7717.0,7717.25,7714.5,7715.25,992
2026-08-20 07:29:00-04:00,7715.25,7716.0,7714.75,7714.75,493
2026-08-20 07:30:00-04:00,7714.75,7716.75,7714.75,7715.25,684
2026-08-20 07:31:00-04:00,7715.25,7718.0,7715.25,7717.5,607
2026-08-20 07:32:00-04:00,7717.75,7717.75,7716.75,7717.25,227
2026-08-20 07:33:00-04:00,7717.25,7717.5,7715.0,7716.0,286
2026-08-20 07:34:00-04:00,7716.0,7716.5,7715.25,7716.0,282
2026-08-20 07:35:00-04:00,7716.0,7716.5,7715.0,7715.0,235
2026-08-20 07:36:00-04:00,7715.0,7717.0,7714.25,7714.25,409
2026-08-20 07:37:00-04:00,7714.5,7716.75,7714.25,7715.5,481
2026-08-20 07:38:00-04:00,7715.75,7718.0,7715.75,7717.75,363
2026-08-20 07:39:00-04:00,7717.5,7718.75,7717.25,7718.5,177
2026-08-20 07:40:00-04:00,7718.5,7719.25,7716.5,7718.25,285
2026-08-20 07:41:00-04:00,7718.5,7718.5,7713.0,7714.5,778
2026-08-20 07:42:00-04:00,7714.75,7717.25,7714.25,7716.5,248
2026-08-20 07:43:00-04:00,7716.5,7716.75,7715.0,7715.0,172
2026-08-20 07:44:00-04:00,7715.0,7715.0,7713.75,7714.0,163
2026-08-20 07:45:00-04:00,7714.25,7714.75,7713.0,7713.0,731
2026-08-20 07:46:00-04:00,7713.25,7713.25,7710.0,7710.0,788
2026-08-20 07:47:00-04:00,7709.75,7712.0,7709.75,7711.5,560
2026-08-20 07:48:00-04:00,7711.75,7711.75,7708.25,7709.0,1139
2026-08-20 07:49:00-04:00,7709.0,7710.75,7708.75,7709.25,743
2026-08-20 07:50:00-04:00,7709.0,7710.0,7707.5,7709.0,630
2026-08-20 07:51:00-04:00,7709.0,7710.0,7708.0,7709.75,499
2026-08-20 07:52:00-04:00,7709.75,7710.0,7707.75,7708.75,698
2026-08-20 07:53:00-04:00,7708.75,7709.25,7708.0,7709.0,373
2026-08-20 07:54:00-04:00,7708.75,7709.0,7707.0,7707.0,358
2026-08-20 07:55:00-04:00,7706.75,7707.75,7705.25,7706.25,799
2026-08-20 07:56:00-04:00,7706.25,7707.25,7703.75,7704.5,1143
2026-08-20 07:57:00-04:00,7704.25,7705.25,7703.25,7704.75,867
2026-08-20 07:58:00-04:00,7704.5,7705.0,7703.5,7704.5,510
2026-08-20 07:59:00-04:00,7704.5,7704.75,7703.75,7704.25,467
2026-08-20 08:00:00-04:00,7704.5,7704.75,7702.25,7702.5,1241
2026-08-20 08:01:00-04:00,7702.5,7704.0,7700.0,7703.75,1706
2026-08-20 08:02:00-04:00,7703.75,7704.0,7699.0,7699.5,2148
2026-08-20 08:03:00-04:00,7699.25,7700.0,7697.25,7697.75,2036
2026-08-20 08:04:00-04:00,7697.75,7698.5,7694.5,7696.0,2032
2026-08-20 08:05:00-04:00,7696.0,7697.0,7693.25,7693.5,1117
2026-08-20 08:06:00-04:00,7693.5,7693.75,7690.25,7691.0,3994
2026-08-20 08:07:00-04:00,7691.25,7693.5,7690.25,7690.75,2637
2026-08-20 08:08:00-04:00,7690.5,7692.25,7689.25,7691.75,3040
2026-08-20 08:09:00-04:00,7691.5,7692.25,7687.5,7689.75,1911
2026-08-20 08:10:00-04:00,7689.75,7690.25,7688.5,7689.75,1629
2026-08-20 08:11:00-04:00,7689.75,7690.0,7687.75,7688.5,1165
2026-08-20 08:12:00-04:00,7688.25,7689.25,7685.25,7685.25,2709
2026-08-20 08:13:00-04:00,7685.0,7690.25,7684.75,7689.0,1580
2026-08-20 08:14:00-04:00,7689.25,7690.0,7687.0,7687.25,1029
2026-08-20 08:15:00-04:00,7687.25,7690.5,7686.5,7687.5,1608
2026-08-20 08:16:00-04:00,7688.0,7690.0,7687.25,7689.0,1738
2026-08-20 08:17:00-04:00,7689.0,7689.0,7686.5,7688.0,1315
2026-08-20 08:18:00-04:00,7687.75,7688.75,7685.75,7686.0,700
2026-08-20 08:19:00-04:00,7686.25,7687.5,7685.75,7686.5,670
2026-08-20 08:20:00-04:00,7686.5,7688.75,7686.25,7687.5,745
2026-08-20 08:21:00-04:00,7688.0,7690.0,7687.25,7689.75,1541
2026-08-20 08:22:00-04:00,7690.0,7691.5,7687.0,7689.25,1112
2026-08-20 08:23:00-04:00,7689.0,7691.25,7688.75,7689.75,1267
2026-08-20 08:24:00-04:00,7689.75,7692.75,7689.5,7690.75,1416
2026-08-20 08:25:00-04:00,7690.5,7690.75,7688.5,7689.75,883
2026-08-20 08:26:00-04:00,7689.5,7689.75,7687.0,7689.0,650
2026-08-20 08:27:00-04:00,7689.25,7690.5,7688.75,7689.25,518
2026-08-20 08:28:00-04:00,7689.25,7690.25,7687.5,7688.0,690
2026-08-20 08:29:00-04:00,7688.0,7688.25,7686.75,7687.0,295
2026-08-20 08:30:00-04:00,7687.25,7687.75,7684.0,7687.5,1325
2026-08-20 08:31:00-04:00,7687.25,7687.5,7685.0,7685.25,608
2026-08-20 08:32:00-04:00,7685.25,7687.0,7684.75,7686.75,681
2026-08-20 08:33:00-04:00,7686.75,7687.0,7683.75,7685.5,1006
2026-08-20 08:34:00-04:00,7685.5,7687.0,7684.5,7685.75,763
2026-08-20 08:35:00-04:00,7685.5,7685.75,7682.0,7682.75,1106
2026-08-20 08:36:00-04:00,7682.5,7684.0,7680.25,7683.75,2405
2026-08-20 08:37:00-04:00,7683.5,7684.75,7681.75,7684.0,1290
2026-08-20 08:38:00-04:00,7684.75,7684.75,7682.5,7683.75,707
2026-08-20 08:39:00-04:00,7684.0,7686.75,7683.0,7686.25,1180
2026-08-20 08:40:00-04:00,7686.25,7688.5,7685.0,7688.25,749
2026-08-20 08:41:00-04:00,7688.25,7688.25,7687.0,7687.25,992
2026-08-20 08:42:00-04:00,7687.25,7687.75,7686.25,7686.75,1100
2026-08-20 08:43:00-04:00,7687.25,7689.0,7686.0,7688.25,1104
2026-08-20 08:44:00-04:00,7688.25,7688.75,7687.5,7688.75,928
2026-08-20 08:45:00-04:00,7688.5,7689.0,7687.75,7688.5,1203
2026-08-20 08:46:00-04:00,7688.5,7691.0,7688.0,7690.25,1253
2026-08-20 08:47:00-04:00,7690.5,7691.25,7690.0,7691.0,683
2026-08-20 08:48:00-04:00,7691.0,7691.75,7690.5,7691.25,665
2026-08-20 08:49:00-04:00,7691.25,7693.0,7691.25,7693.0,773
2026-08-20 08:50:00-04:00,7693.0,7694.0,7692.75,7693.75,712
2026-08-20 08:51:00-04:00,7693.75,7694.75,7692.0,7693.25,1116
2026-08-20 08:52:00-04:00,7693.5,7694.75,7693.25,7694.5,1052
2026-08-20 08:53:00-04:00,7694.25,7695.5,7694.0,7694.75,1297
2026-08-20 08:54:00-04:00,7694.75,7697.0,7694.75,7696.5,834
2026-08-20 08:55:00-04:00,7697.0,7697.0,7695.25,7696.25,672
2026-08-20 08:56:00-04:00,7696.5,7696.75,7695.25,7695.75,502
2026-08-20 08:57:00-04:00,7696.0,7696.0,7694.5,7695.25,618
2026-08-20 08:58:00-04:00,7695.25,7696.25,7695.0,7696.25,389
2026-08-20 08:59:00-04:00,7696.0,7697.5,7696.0,7696.75,936
2026-08-20 09:00:00-04:00,7697.0,7700.0,7696.75,7698.75,1682
2026-08-20 09:01:00-04:00,7698.75,7699.75,7698.5,7699.25,940
2026-08-20 09:02:00-04:00,7699.25,7700.5,7699.0,7700.25,1126
2026-08-20 09:03:00-04:00,7700.0,7700.25,7699.0,7699.75,826
2026-08-20 09:04:00-04:00,7699.5,7701.75,7699.5,7700.75,919
2026-08-20 09:05:00-04:00,7700.75,7701.5,7700.0,7700.25,625
2026-08-20 09:06:00-04:00,7700.25,7700.75,7699.25,7699.25,1205
2026-08-20 09:07:00-04:00,7699.25,7700.75,7699.0,7699.25,1703
2026-08-20 09:08:00-04:00,7699.25,7699.5,7698.0,7698.75,890
2026-08-20 09:09:00-04:00,7698.75,7699.0,7697.0,7697.25,622
2026-08-20 09:10:00-04:00,7697.25,7697.75,7696.5,7696.5,777
2026-08-20 09:11:00-04:00,7696.75,7698.25,7695.5,7696.5,852
2026-08-20 09:12:00-04:00,7696.25,7696.75,7695.75,7696.5,605
2026-08-20 09:13:00-04:00,7696.5,7697.75,7695.75,7696.0,569
2026-08-20 09:14:00-04:00,7696.25,7696.5,7694.5,7695.0,912
2026-08-20 09:15:00-04:00,7695.25,7695.25,7693.5,7693.75,1131
2026-08-20 09:16:00-04:00,7694.0,7695.25,7693.25,7693.75,1023
2026-08-20 09:17:00-04:00,7693.75,7696.0,7693.5,7694.5,1391
2026-08-20 09:18:00-04:00,7694.75,7697.25,7694.0,7696.0,1695
2026-08-20 09:19:00-04:00,7696.0,7696.25,7695.25,7695.5,394
2026-08-20 09:20:00-04:00,7695.25,7695.5,7692.5,7693.75,767
2026-08-20 09:21:00-04:00,7693.75,7696.25,7693.5,7694.25,958
2026-08-20 09:22:00-04:00,7694.0,7695.0,7693.75,7694.0,734
2026-08-20 09:23:00-04:00,7694.0,7695.25,7693.75,7694.5,518
2026-08-20 09:24:00-04:00,7694.25,7696.25,7694.25,7696.25,1391
2026-08-20 09:25:00-04:00,7696.25,7698.75,7695.5,7698.75,2147
2026-08-20 09:26:00-04:00,7698.5,7698.5,7696.0,7696.75,926
2026-08-20 09:27:00-04:00,7696.75,7697.0,7694.0,7695.5,1308
2026-08-20 09:28:00-04:00,7696.0,7698.0,7695.75,7697.5,813
2026-08-20 09:29:00-04:00,7697.75,7698.5,7696.75,7698.0,1376
2026-08-20 09:30:00-04:00,7698.0,7702.75,7697.25,7698.0,12502
2026-08-20 09:31:00-04:00,7697.5,7706.0,7697.25,7704.5,6303
2026-08-20 09:32:00-04:00,7704.75,7705.5,7702.0,7704.75,5028
2026-08-20 09:33:00-04:00,7704.75,7707.5,7702.0,7707.25,4510
2026-08-20 09:34:00-04:00,7707.25,7710.0,7705.75,7709.25,5110
2026-08-20 09:35:00-04:00,7709.5,7715.75,7705.25,7714.25,12029
2026-08-20 09:36:00-04:00,7714.25,7716.0,7713.0,7714.0,4573
2026-08-20 09:37:00-04:00,7713.75,7714.5,7710.75,7711.0,5072
2026-08-20 09:38:00-04:00,7711.0,7711.75,7708.25,7708.5,4783
2026-08-20 09:39:00-04:00,7708.75,7713.25,7708.75,7711.75,3708
2026-08-20 09:40:00-04:00,7711.5,7712.0,7705.0,7707.75,6024
2026-08-20 09:41:00-04:00,7708.0,7712.75,7706.75,7711.0,4911
2026-08-20 09:42:00-04:00,7711.0,7715.0,7710.0,7714.25,4751
2026-08-20 09:43:00-04:00,7714.5,7715.5,7713.0,7715.5,3602
2026-08-20 09:44:00-04:00,7715.75,7716.25,7712.0,7712.0,3121
2026-08-20 09:45:00-04:00,7712.25,7713.75,7709.0,7710.25,4467
2026-08-20 09:46:00-04:00,7710.75,7712.75,7709.25,7711.25,3910
2026-08-20 09:47:00-04:00,7711.25,7711.25,7708.0,7709.0,3296
2026-08-20 09:48:00-04:00,7709.0,7710.25,7706.5,7706.75,3511
2026-08-20 09:49:00-04:00,7707.0,7710.75,7705.0,7710.0,3530
2026-08-20 09:50:00-04:00,7710.25,7711.5,7707.25,7710.0,3743
2026-08-20 09:51:00-04:00,7710.0,7710.75,7705.0,7706.25,3959
2026-08-20 09:52:00-04:00,7705.75,7707.75,7704.0,7704.5,4048
2026-08-20 09:53:00-04:00,7704.25,7706.0,7702.75,7703.5,4895
2026-08-20 09:54:00-04:00,7703.25,7708.5,7703.0,7708.25,3655
2026-08-20 09:55:00-04:00,7708.25,7710.75,7706.25,7710.5,3699
2026-08-20 09:56:00-04:00,7710.5,7711.75,7703.25,7703.25,3803
2026-08-20 09:57:00-04:00,7703.25,7704.75,7700.5,7700.5,4636
2026-08-20 09:58:00-04:00,7700.75,7704.5,7700.0,7704.5,3727
2026-08-20 09:59:00-04:00,7704.5,7705.25,7702.0,7703.75,3623
2026-08-20 10:00:00-04:00,7704.0,7707.75,7703.5,7703.75,5766
2026-08-20 10:01:00-04:00,7703.5,7706.5,7703.25,7704.75,4979
2026-08-20 10:02:00-04:00,7704.5,7705.75,7699.75,7700.0,4632
2026-08-20 10:03:00-04:00,7699.75,7702.25,7698.75,7700.75,5173
2026-08-20 10:04:00-04:00,7700.75,7701.75,7698.25,7698.25,3829
2026-08-20 10:05:00-04:00,7698.5,7699.75,7696.75,7699.25,4227
2026-08-20 10:06:00-04:00,7699.0,7704.25,7697.5,7701.5,4922
2026-08-20 10:07:00-04:00,7701.5,7702.75,7698.25,7702.25,4715
2026-08-20 10:08:00-04:00,7702.25,7702.5,7697.25,7700.75,3834
2026-08-20 10:09:00-04:00,7700.75,7705.0,7700.0,7704.75,4207
2026-08-20 10:10:00-04:00,7705.0,7705.75,7702.0,7704.25,4578
2026-08-20 10:11:00-04:00,7704.25,7705.25,7700.25,7701.0,3401
2026-08-20 10:12:00-04:00,7701.0,7703.5,7698.75,7700.75,3072
2026-08-20 10:13:00-04:00,7701.0,7702.75,7699.0,7699.5,3003
2026-08-20 10:14:00-04:00,7699.75,7701.25,7697.5,7698.25,3278
2026-08-20 10:15:00-04:00,7698.0,7699.75,7694.25,7695.0,4351
2026-08-20 10:16:00-04:00,7695.0,7696.25,7692.5,7693.75,4872
2026-08-20 10:17:00-04:00,7693.5,7694.5,7691.75,7694.25,4036
2026-08-20 10:18:00-04:00,7694.0,7696.75,7693.5,7695.0,4692
2026-08-20 10:19:00-04:00,7695.0,7695.75,7692.5,7692.5,3962
2026-08-20 10:20:00-04:00,7692.75,7702.5,7691.75,7699.5,5817
2026-08-20 10:21:00-04:00,7699.5,7701.0,7697.75,7699.0,3897
2026-08-20 10:22:00-04:00,7699.25,7703.25,7695.75,7703.0,4483
2026-08-20 10:23:00-04:00,7702.75,7707.75,7701.5,7706.75,6361
2026-08-20 10:24:00-04:00,7706.75,7707.75,7704.75,7706.0,5749
2026-08-20 10:25:00-04:00,7706.0,7706.75,7703.5,7704.25,6270
2026-08-20 10:26:00-04:00,7704.5,7705.5,7700.5,7700.75,3469
2026-08-20 10:27:00-04:00,7700.75,7702.75,7698.5,7700.0,4497
2026-08-20 10:28:00-04:00,7700.0,7703.25,7698.75,7698.75,3419
2026-08-20 10:29:00-04:00,7698.75,7701.5,7698.0,7700.25,3307
2026-08-20 10:30:00-04:00,7700.0,7701.5,7698.25,7701.25,3458
2026-08-20 10:31:00-04:00,7701.25,7703.75,7699.25,7702.5,3057
2026-08-20 10:32:00-04:00,7702.75,7704.25,7700.0,7702.25,3157
2026-08-20 10:33:00-04:00,7702.5,7705.0,7702.0,7704.5,2903
2026-08-20 10:34:00-04:00,7704.25,7706.5,7699.0,7699.0,2983
2026-08-20 10:35:00-04:00,7699.25,7701.0,7697.5,7701.0,3102
2026-08-20 10:36:00-04:00,7701.0,7704.75,7700.5,7704.5,2656
2026-08-20 10:37:00-04:00,7704.5,7707.0,7703.0,7704.5,4946
2026-08-20 10:38:00-04:00,7704.5,7706.5,7703.5,7705.75,2894
2026-08-20 10:39:00-04:00,7705.5,7710.25,7705.5,7708.0,3314
2026-08-20 10:40:00-04:00,7708.0,7709.25,7705.75,7707.25,3413
2026-08-20 10:41:00-04:00,7707.5,7708.0,7704.0,7704.0,3129
2026-08-20 10:42:00-04:00,7704.5,7709.5,7704.25,7709.0,2975
2026-08-20 10:43:00-04:00,7709.0,7711.0,7709.0,7709.5,3285
2026-08-20 10:44:00-04:00,7709.25,7711.0,7709.25,7710.0,2393
2026-08-20 10:45:00-04:00,7710.0,7712.75,7709.5,7711.25,3265
2026-08-20 10:46:00-04:00,7711.5,7713.0,7709.0,7713.0,3049
2026-08-20 10:47:00-04:00,7713.0,7713.25,7707.75,7708.0,2963
2026-08-20 10:48:00-04:00,7708.0,7708.5,7705.0,7706.25,2590
2026-08-20 10:49:00-04:00,7706.0,7707.75,7704.5,7705.5,3224
2026-08-20 10:50:00-04:00,7705.5,7706.75,7704.25,7705.5,2799
2026-08-20 10:51:00-04:00,7705.75,7707.5,7704.75,7707.25,2083
2026-08-20 10:52:00-04:00,7707.25,7709.0,7706.0,7709.0,2302
2026-08-20 10:53:00-04:00,7708.75,7710.75,7707.75,7708.5,2567
2026-08-20 10:54:00-04:00,7708.75,7709.0,7704.75,7705.5,2116
2026-08-20 10:55:00-04:00,7705.5,7707.75,7705.25,7707.5,1970
2026-08-20 10:56:00-04:00,7707.5,7707.5,7703.75,7705.75,2648
2026-08-20 10:57:00-04:00,7705.5,7707.0,7703.0,7706.5,4476
2026-08-20 10:58:00-04:00,7706.25,7706.5,7703.75,7706.5,2129
2026-08-20 10:59:00-04:00,7706.75,7710.75,7706.5,7710.0,2332
2026-08-20 11:00:00-04:00,7710.25,7711.25,7709.25,7710.75,2765
2026-08-20 11:01:00-04:00,7711.25,7718.5,7710.5,7717.0,9988
2026-08-20 11:02:00-04:00,7717.0,7719.5,7715.25,7716.0,8434
2026-08-20 11:03:00-04:00,7716.0,7720.0,7713.75,7719.75,4760
2026-08-20 11:04:00-04:00,7719.5,7720.0,7716.5,7717.25,4001
2026-08-20 11:05:00-04:00,7717.25,7717.25,7710.5,7710.75,5697
2026-08-20 11:06:00-04:00,7710.5,7711.5,7708.5,7709.25,4542
2026-08-20 11:07:00-04:00,7709.25,7711.0,7707.75,7708.0,3451
2026-08-20 11:08:00-04:00,7708.25,7710.0,7702.5,7704.25,5199
2026-08-20 11:09:00-04:00,7704.0,7704.75,7701.75,7703.75,4473
2026-08-20 11:10:00-04:00,7703.75,7705.25,7700.75,7701.25,5206
2026-08-20 11:11:00-04:00,7701.25,7702.5,7698.5,7701.75,4423
2026-08-20 11:12:00-04:00,7701.75,7703.5,7699.5,7703.5,4289
2026-08-20 11:13:00-04:00,7703.5,7707.75,7702.5,7707.75,4384
2026-08-20 11:14:00-04:00,7707.5,7708.25,7704.75,7706.0,3767
2026-08-20 11:15:00-04:00,7705.75,7706.0,7703.25,7705.0,2834
2026-08-20 11:16:00-04:00,7704.75,7705.25,7702.0,7703.75,2179
2026-08-20 11:17:00-04:00,7704.0,7706.75,7702.75,7705.75,2259
2026-08-20 11:18:00-04:00,7705.75,7707.75,7704.25,7707.75,1913
2026-08-20 11:19:00-04:00,7707.75,7709.0,7705.5,7705.5,2301
2026-08-20 11:20:00-04:00,7705.5,7706.0,7702.25,7703.0,2804
2026-08-20 11:21:00-04:00,7703.0,7703.5,7700.25,7700.75,2771
2026-08-20 11:22:00-04:00,7701.0,7701.75,7698.75,7699.75,3479
2026-08-20 11:23:00-04:00,7699.75,7700.25,7698.5,7698.5,2689
2026-08-20 11:24:00-04:00,7698.75,7702.25,7697.75,7701.0,4100
2026-08-20 11:25:00-04:00,7701.0,7701.5,7698.0,7699.25,3843
2026-08-20 11:26:00-04:00,7699.5,7701.5,7698.75,7700.75,2943
2026-08-20 11:27:00-04:00,7700.75,7703.75,7700.25,7703.5,2857
2026-08-20 11:28:00-04:00,7703.5,7705.5,7702.5,7703.0,2655
2026-08-20 11:29:00-04:00,7703.0,7706.25,7703.0,7705.5,3238
2026-08-20 11:30:00-04:00,7705.5,7707.0,7703.75,7705.5,3131
2026-08-20 11:31:00-04:00,7705.5,7706.25,7702.5,7703.5,2298
2026-08-20 11:32:00-04:00,7703.25,7704.25,7701.0,7704.25,2851
2026-08-20 11:33:00-04:00,7704.0,7704.0,7697.0,7698.25,2844
2026-08-20 11:34:00-04:00,7698.25,7699.0,7695.75,7697.75,3826
2026-08-20 11:35:00-04:00,7698.0,7698.75,7695.75,7695.75,2544
2026-08-20 11:36:00-04:00,7695.75,7696.75,7694.75,7696.5,2648
2026-08-20 11:37:00-04:00,7696.75,7699.5,7696.25,7697.75,3413
2026-08-20 11:38:00-04:00,7697.5,7698.25,7693.75,7694.0,3158
2026-08-20 11:39:00-04:00,7694.25,7694.75,7693.5,7693.5,1960
2026-08-20 11:40:00-04:00,7693.5,7694.75,7692.75,7693.75,2770
2026-08-20 11:41:00-04:00,7693.75,7695.25,7693.0,7693.75,2961
2026-08-20 11:42:00-04:00,7694.25,7696.5,7694.0,7695.0,2545
2026-08-20 11:43:00-04:00,7695.0,7695.25,7692.25,7693.25,2491
2026-08-20 11:44:00-04:00,7693.25,7693.5,7691.25,7691.5,2161
2026-08-20 11:45:00-04:00,7691.75,7692.75,7691.25,7692.5,3085
2026-08-20 11:46:00-04:00,7692.5,7692.75,7690.5,7691.5,2674
2026-08-20 11:47:00-04:00,7691.25,7694.25,7690.5,7694.25,2880
2026-08-20 11:48:00-04:00,7694.0,7695.25,7693.5,7694.5,1906
2026-08-20 11:49:00-04:00,7694.75,7695.5,7693.5,7693.5,2353
2026-08-20 11:50:00-04:00,7693.5,7694.75,7692.5,7694.0,2146
2026-08-20 11:51:00-04:00,7693.5,7697.25,7693.25,7697.25,2486
2026-08-20 11:52:00-04:00,7697.25,7698.5,7695.75,7696.0,3658
2026-08-20 11:53:00-04:00,7696.0,7696.75,7695.25,7695.5,1614
2026-08-20 11:54:00-04:00,7695.75,7697.0,7695.25,7696.75,1334
2026-08-20 11:55:00-04:00,7696.75,7698.0,7695.25,7697.25,1371
2026-08-20 11:56:00-04:00,7697.5,7697.5,7695.75,7696.5,1467
2026-08-20 11:57:00-04:00,7696.5,7697.25,7695.0,7695.5,2085
2026-08-20 11:58:00-04:00,7695.5,7696.75,7694.25,7695.5,1891
2026-08-20 11:59:00-04:00,7695.25,7696.5,7694.75,7696.5,1738
2026-08-20 12:00:00-04:00,7696.5,7697.25,7693.0,7695.0,3062
2026-08-20 12:01:00-04:00,7695.25,7695.5,7693.0,7693.5,1532
2026-08-20 12:02:00-04:00,7693.5,7698.5,7693.25,7698.25,2008
2026-08-20 12:03:00-04:00,7698.0,7699.0,7696.5,7696.5,1854
2026-08-20 12:04:00-04:00,7696.5,7697.75,7693.5,7693.75,1794
2026-08-20 12:05:00-04:00,7693.75,7697.25,7693.75,7694.25,1898
2026-08-20 12:06:00-04:00,7694.0,7695.25,7693.75,7694.75,1836
2026-08-20 12:07:00-04:00,7694.75,7695.25,7693.25,7694.25,2054
2026-08-20 12:08:00-04:00,7694.25,7698.0,7693.75,7697.75,1885
2026-08-20 12:09:00-04:00,7697.75,7698.25,7696.75,7698.0,1428
2026-08-20 12:10:00-04:00,7698.0,7698.5,7695.25,7697.0,1789
2026-08-20 12:11:00-04:00,7697.0,7698.75,7696.75,7698.0,1434
2026-08-20 12:12:00-04:00,7698.0,7698.0,7695.75,7696.0,783
2026-08-20 12:13:00-04:00,7696.0,7696.0,7693.0,7693.25,1478
2026-08-20 12:14:00-04:00,7693.0,7694.0,7692.75,7693.25,1649
2026-08-20 12:15:00-04:00,7693.25,7694.25,7692.75,7693.5,1240
2026-08-20 12:16:00-04:00,7693.75,7694.0,7692.75,7693.25,1140
2026-08-20 12:17:00-04:00,7693.5,7694.0,7692.75,7693.5,1547
2026-08-20 12:18:00-04:00,7693.5,7694.5,7693.0,7694.0,923
2026-08-20 12:19:00-04:00,7694.25,7694.75,7694.0,7694.25,1125
2026-08-20 12:20:00-04:00,7694.25,7695.0,7692.75,7693.75,1698
2026-08-20 12:21:00-04:00,7693.75,7694.5,7693.0,7694.5,861
2026-08-20 12:22:00-04:00,7694.5,7695.25,7693.25,7693.5,1596
2026-08-20 12:23:00-04:00,7694.0,7698.25,7693.75,7696.25,3605
2026-08-20 12:24:00-04:00,7696.5,7699.0,7696.25,7697.25,2191
2026-08-20 12:25:00-04:00,7697.5,7698.5,7696.5,7698.0,2024
2026-08-20 12:26:00-04:00,7698.25,7698.25,7696.5,7697.0,1080
2026-08-20 12:27:00-04:00,7696.75,7697.5,7695.5,7695.5,1140
2026-08-20 12:28:00-04:00,7695.5,7696.5,7694.5,7696.0,1416
2026-08-20 12:29:00-04:00,7696.0,7696.75,7695.25,7695.5,1160
2026-08-20 12:30:00-04:00,7695.5,7696.0,7691.75,7693.0,3325
2026-08-20 12:31:00-04:00,7692.75,7693.0,7691.75,7692.0,1264
2026-08-20 12:32:00-04:00,7692.0,7693.5,7692.0,7693.25,1059
2026-08-20 12:33:00-04:00,7693.0,7696.5,7693.0,7695.75,1543
2026-08-20 12:34:00-04:00,7695.75,7699.25,7695.5,7699.25,3658
2026-08-20 12:35:00-04:00,7699.0,7699.75,7698.0,7699.25,1640
2026-08-20 12:36:00-04:00,7699.25,7701.0,7698.75,7701.0,2043
2026-08-20 12:37:00-04:00,7700.75,7702.0,7699.75,7700.25,2242
2026-08-20 12:38:00-04:00,7700.0,7701.0,7699.5,7701.0,1068
2026-08-20 12:39:00-04:00,7700.75,7702.0,7700.25,7701.0,1562
2026-08-20 12:40:00-04:00,7701.25,7703.5,7700.75,7702.75,2236
2026-08-20 12:41:00-04:00,7702.75,7703.25,7701.5,7702.0,1711
2026-08-20 12:42:00-04:00,7702.0,7702.75,7701.25,7701.5,1711
2026-08-20 12:43:00-04:00,7701.5,7702.5,7701.0,7701.5,1789
2026-08-20 12:44:00-04:00,7701.5,7704.75,7701.25,7704.5,2037
2026-08-20 12:45:00-04:00,7704.5,7704.5,7701.25,7702.25,2089
2026-08-20 12:46:00-04:00,7702.0,7704.25,7702.0,7704.0,1347
2026-08-20 12:47:00-04:00,7704.0,7704.5,7703.25,7703.75,1308
2026-08-20 12:48:00-04:00,7703.5,7704.0,7702.0,7702.5,1363
2026-08-20 12:49:00-04:00,7702.25,7703.0,7701.75,7701.75,1161
2026-08-20 12:50:00-04:00,7701.75,7704.25,7701.5,7702.5,1507
2026-08-20 12:51:00-04:00,7702.25,7702.75,7700.75,7701.0,1974
2026-08-20 12:52:00-04:00,7700.75,7701.5,7699.5,7700.75,1458
2026-08-20 12:53:00-04:00,7700.25,7701.0,7700.25,7700.25,1074
2026-08-20 12:54:00-04:00,7700.25,7700.25,7699.0,7699.75,1003
2026-08-20 12:55:00-04:00,7699.75,7700.25,7699.25,7699.5,1491
2026-08-20 12:56:00-04:00,7699.25,7699.75,7698.25,7699.0,1471
2026-08-20 12:57:00-04:00,7699.25,7702.0,7699.0,7699.25,2578
2026-08-20 12:58:00-04:00,7699.5,7700.75,7698.75,7700.25,1277
2026-08-20 12:59:00-04:00,7700.25,7703.25,7700.25,7702.0,1619
2026-08-20 13:00:00-04:00,7702.25,7702.25,7700.25,7700.75,1528
2026-08-20 13:01:00-04:00,7701.0,7701.0,7698.25,7698.75,911
2026-08-20 13:02:00-04:00,7698.75,7700.25,7698.0,7698.0,1343
2026-08-20 13:03:00-04:00,7698.25,7698.5,7697.5,7698.25,1030
2026-08-20 13:04:00-04:00,7698.0,7699.0,7698.0,7698.5,889
2026-08-20 13:05:00-04:00,7698.5,7698.5,7696.75,7697.75,1212
2026-08-20 13:06:00-04:00,7697.75,7697.75,7695.0,7696.25,2043
2026-08-20 13:07:00-04:00,7696.25,7696.25,7695.25,7695.5,1340
2026-08-20 13:08:00-04:00,7695.75,7696.0,7694.0,7694.75,2137
2026-08-20 13:09:00-04:00,7695.25,7696.0,7694.75,7695.0,1153
2026-08-20 13:10:00-04:00,7695.0,7695.5,7694.25,7694.5,1236
2026-08-20 13:11:00-04:00,7694.5,7695.5,7694.0,7695.5,1143
2026-08-20 13:12:00-04:00,7695.25,7696.25,7694.5,7695.5,1383
2026-08-20 13:13:00-04:00,7695.5,7696.25,7694.0,7694.25,913
2026-08-20 13:14:00-04:00,7694.0,7694.0,7692.75,7693.25,1643
2026-08-20 13:15:00-04:00,7693.0,7693.5,7690.5,7691.0,1728
2026-08-20 13:16:00-04:00,7691.0,7691.25,7688.75,7689.25,3130
2026-08-20 13:17:00-04:00,7689.25,7689.25,7687.5,7688.25,2225
2026-08-20 13:18:00-04:00,7688.25,7689.75,7687.75,7688.25,2624
2026-08-20 13:19:00-04:00,7688.25,7689.0,7686.0,7686.5,2559
2026-08-20 13:20:00-04:00,7686.5,7688.75,7685.75,7688.0,3931
2026-08-20 13:21:00-04:00,7688.25,7688.75,7687.25,7687.75,2008
2026-08-20 13:22:00-04:00,7688.0,7690.5,7688.0,7689.5,2527
2026-08-20 13:23:00-04:00,7689.25,7690.0,7688.75,7689.5,2055
2026-08-20 13:24:00-04:00,7689.5,7690.25,7688.25,7688.5,1646
2026-08-20 13:25:00-04:00,7688.0,7689.0,7687.25,7687.25,1337
2026-08-20 13:26:00-04:00,7687.25,7688.0,7686.75,7687.25,1144
2026-08-20 13:27:00-04:00,7687.25,7687.5,7685.0,7685.5,1867
2026-08-20 13:28:00-04:00,7685.5,7686.25,7685.25,7686.0,1538
2026-08-20 13:29:00-04:00,7686.0,7686.75,7685.0,7685.75,2086
2026-08-20 13:30:00-04:00,7685.75,7686.0,7684.5,7685.5,3001
2026-08-20 13:31:00-04:00,7685.25,7687.0,7685.25,7686.5,1726
2026-08-20 13:32:00-04:00,7686.5,7687.0,7684.75,7685.5,1354
2026-08-20 13:33:00-04:00,7685.5,7686.0,7684.75,7684.75,1258
2026-08-20 13:34:00-04:00,7684.75,7685.5,7683.75,7684.0,1528
2026-08-20 13:35:00-04:00,7684.0,7685.75,7683.5,7684.5,1785
2026-08-20 13:36:00-04:00,7684.5,7685.0,7682.75,7683.75,2390
2026-08-20 13:37:00-04:00,7683.75,7683.75,7680.75,7682.25,2942
2026-08-20 13:38:00-04:00,7682.0,7683.0,7681.5,7683.0,1659
2026-08-20 13:39:00-04:00,7683.0,7683.75,7682.5,7682.75,1518
2026-08-20 13:40:00-04:00,7682.5,7683.25,7681.0,7681.75,1389
2026-08-20 13:41:00-04:00,7681.5,7682.5,7680.75,7680.75,1020
2026-08-20 13:42:00-04:00,7680.75,7682.0,7680.25,7681.25,2142
2026-08-20 13:43:00-04:00,7681.25,7681.5,7680.5,7681.0,1660
2026-08-20 13:44:00-04:00,7680.75,7683.0,7680.75,7682.75,2093
2026-08-20 13:45:00-04:00,7682.5,7684.25,7682.0,7684.0,2268
2026-08-20 13:46:00-04:00,7683.75,7685.25,7683.5,7684.5,2536
2026-08-20 13:47:00-04:00,7684.5,7685.25,7684.25,7685.0,1123
2026-08-20 13:48:00-04:00,7685.5,7686.25,7684.75,7685.5,2102
2026-08-20 13:49:00-04:00,7685.25,7686.5,7685.25,7685.25,1041
2026-08-20 13:50:00-04:00,7685.0,7687.75,7685.0,7687.5,1767
2026-08-20 13:51:00-04:00,7687.5,7688.25,7686.75,7687.0,1517
2026-08-20 13:52:00-04:00,7687.0,7687.25,7685.75,7686.25,1254
2026-08-20 13:53:00-04:00,7686.0,7687.0,7685.25,7686.5,1506
2026-08-20 13:54:00-04:00,7686.5,7686.75,7685.25,7685.75,1062
2026-08-20 13:55:00-04:00,7685.75,7685.75,7684.25,7685.25,1918
2026-08-20 13:56:00-04:00,7685.0,7686.0,7684.75,7685.75,1361
2026-08-20 13:57:00-04:00,7686.0,7686.0,7685.0,7686.0,1188
2026-08-20 13:58:00-04:00,7686.0,7686.5,7684.0,7684.75,1705
2026-08-20 13:59:00-04:00,7684.75,7684.75,7683.0,7683.5,1889
2026-08-20 14:00:00-04:00,7683.5,7683.5,7680.25,7681.5,3185
2026-08-20 14:01:00-04:00,7681.5,7682.0,7680.0,7680.75,2780
2026-08-20 14:02:00-04:00,7680.75,7681.0,7678.25,7678.5,3495
2026-08-20 14:03:00-04:00,7678.5,7680.0,7678.25,7679.25,2413
2026-08-20 14:04:00-04:00,7679.0,7679.75,7678.25,7679.0,1541
2026-08-20 14:05:00-04:00,7679.0,7679.5,7675.25,7676.75,4054
2026-08-20 14:06:00-04:00,7676.5,7677.75,7676.0,7676.0,2178
2026-08-20 14:07:00-04:00,7676.25,7676.5,7674.25,7675.0,3842
2026-08-20 14:08:00-04:00,7675.0,7675.25,7673.75,7674.25,2042
2026-08-20 14:09:00-04:00,7674.5,7675.75,7674.5,7675.25,1650
2026-08-20 14:10:00-04:00,7675.25,7675.25,7671.5,7672.25,3301
2026-08-20 14:11:00-04:00,7672.0,7674.25,7671.5,7673.25,2816
2026-08-20 14:12:00-04:00,7673.5,7676.0,7673.5,7673.75,2520
2026-08-20 14:13:00-04:00,7673.75,7674.5,7672.75,7674.25,1739
2026-08-20 14:14:00-04:00,7674.25,7674.75,7672.5,7673.75,2059
2026-08-20 14:15:00-04:00,7673.75,7674.0,7671.75,7672.5,2206
2026-08-20 14:16:00-04:00,7672.25,7672.75,7669.25,7670.25,3319
2026-08-20 14:17:00-04:00,7670.25,7671.75,7670.25,7671.25,2655
2026-08-20 14:18:00-04:00,7671.75,7673.75,7671.5,7673.5,2065
2026-08-20 14:19:00-04:00,7673.5,7675.0,7673.25,7675.0,2153
2026-08-20 14:20:00-04:00,7675.0,7677.0,7675.0,7676.75,2600
2026-08-20 14:21:00-04:00,7676.5,7677.0,7675.25,7676.25,1755
2026-08-20 14:22:00-04:00,7676.0,7677.75,7675.5,7675.5,1846
2026-08-20 14:23:00-04:00,7675.75,7677.0,7675.5,7675.75,1595
2026-08-20 14:24:00-04:00,7675.75,7676.75,7674.0,7674.25,1395
2026-08-20 14:25:00-04:00,7674.25,7675.0,7673.0,7673.5,2364
2026-08-20 14:26:00-04:00,7673.25,7674.0,7673.0,7673.25,1101
2026-08-20 14:27:00-04:00,7673.25,7674.0,7672.5,7673.25,1404
2026-08-20 14:28:00-04:00,7673.0,7674.5,7672.75,7674.0,1359
2026-08-20 14:29:00-04:00,7673.75,7675.25,7673.5,7673.75,2272
2026-08-20 14:30:00-04:00,7673.75,7674.5,7672.5,7673.25,2315
2026-08-20 14:31:00-04:00,7673.0,7674.25,7672.75,7673.0,1214
2026-08-20 14:32:00-04:00,7673.0,7673.5,7672.0,7672.25,1078
2026-08-20 14:33:00-04:00,7672.5,7672.5,7671.0,7671.0,1648
2026-08-20 14:34:00-04:00,7671.0,7671.75,7670.5,7671.25,1722
2026-08-20 14:35:00-04:00,7671.25,7672.75,7671.0,7671.75,1368
2026-08-20 14:36:00-04:00,7671.75,7674.25,7671.25,7674.25,2077
2026-08-20 14:37:00-04:00,7674.0,7674.5,7672.75,7673.75,1285
2026-08-20 14:38:00-04:00,7673.75,7674.0,7673.0,7673.75,1424
2026-08-20 14:39:00-04:00,7673.5,7674.0,7672.25,7672.25,910
2026-08-20 14:40:00-04:00,7672.25,7672.75,7670.25,7671.5,1589
2026-08-20 14:41:00-04:00,7671.25,7672.0,7670.75,7671.5,1234
2026-08-20 14:42:00-04:00,7671.75,7673.75,7671.5,7673.0,1570
2026-08-20 14:43:00-04:00,7673.25,7674.25,7673.0,7673.5,1266
2026-08-20 14:44:00-04:00,7673.5,7674.5,7673.25,7673.75,1382
2026-08-20 14:45:00-04:00,7673.75,7674.25,7672.5,7673.75,2138
2026-08-20 14:46:00-04:00,7673.5,7673.5,7672.25,7673.0,1252
2026-08-20 14:47:00-04:00,7673.0,7675.25,7672.5,7675.0,1721
2026-08-20 14:48:00-04:00,7675.0,7676.75,7674.5,7676.0,2725
2026-08-20 14:49:00-04:00,7676.0,7676.5,7675.25,7675.25,1494
2026-08-20 14:50:00-04:00,7675.25,7675.75,7674.0,7674.0,1426
2026-08-20 14:51:00-04:00,7674.0,7676.0,7674.0,7675.0,1621
2026-08-20 14:52:00-04:00,7675.25,7675.25,7674.5,7674.5,1307
2026-08-20 14:53:00-04:00,7674.75,7675.25,7673.5,7673.75,1239
2026-08-20 14:54:00-04:00,7673.75,7675.0,7673.5,7674.25,1140
2026-08-20 14:55:00-04:00,7674.25,7675.75,7674.0,7674.25,1726
2026-08-20 14:56:00-04:00,7674.25,7674.5,7673.75,7674.0,757
2026-08-20 14:57:00-04:00,7674.0,7674.0,7672.75,7673.0,1872
2026-08-20 14:58:00-04:00,7673.0,7673.25,7671.5,7672.5,1630
2026-08-20 14:59:00-04:00,7672.75,7673.0,7670.5,7670.5,1724
2026-08-20 15:00:00-04:00,7670.5,7671.5,7670.0,7671.0,3255
2026-08-20 15:01:00-04:00,7671.0,7672.0,7670.25,7670.5,1924
2026-08-20 15:02:00-04:00,7670.5,7672.0,7670.0,7672.0,1710
2026-08-20 15:03:00-04:00,7671.75,7672.5,7671.25,7671.5,1528
2026-08-20 15:04:00-04:00,7671.5,7672.75,7670.75,7672.25,1481
2026-08-20 15:05:00-04:00,7672.25,7673.5,7671.0,7673.25,2173
2026-08-20 15:06:00-04:00,7673.25,7675.25,7673.0,7674.0,2471
2026-08-20 15:07:00-04:00,7674.25,7675.25,7674.0,7674.5,2150
2026-08-20 15:08:00-04:00,7674.25,7675.5,7674.25,7674.5,1668
2026-08-20 15:09:00-04:00,7674.5,7675.25,7674.25,7674.5,1139
2026-08-20 15:10:00-04:00,7674.75,7674.75,7673.0,7673.25,1512
2026-08-20 15:11:00-04:00,7673.25,7673.5,7672.25,7672.75,1599
2026-08-20 15:12:00-04:00,7673.0,7673.5,7672.5,7672.5,1031
2026-08-20 15:13:00-04:00,7672.75,7674.0,7672.5,7673.5,1151
2026-08-20 15:14:00-04:00,7673.75,7675.0,7673.25,7673.5,1591
2026-08-20 15:15:00-04:00,7673.5,7676.25,7673.5,7675.5,2663
2026-08-20 15:16:00-04:00,7675.5,7676.25,7674.75,7674.75,1523
2026-08-20 15:17:00-04:00,7674.5,7674.75,7672.75,7672.75,1304
2026-08-20 15:18:00-04:00,7673.0,7673.75,7672.5,7672.75,1251
2026-08-20 15:19:00-04:00,7673.0,7673.25,7671.0,7671.75,1749
2026-08-20 15:20:00-04:00,7672.0,7672.25,7670.75,7671.0,1650
2026-08-20 15:21:00-04:00,7671.0,7671.5,7670.5,7671.5,1657
2026-08-20 15:22:00-04:00,7671.5,7673.25,7671.5,7673.25,1409
2026-08-20 15:23:00-04:00,7673.5,7675.0,7673.5,7674.0,2061
2026-08-20 15:24:00-04:00,7674.0,7676.0,7673.75,7675.25,2400
2026-08-20 15:25:00-04:00,7674.75,7676.0,7674.5,7675.0,2270
2026-08-20 15:26:00-04:00,7674.75,7675.25,7673.75,7675.0,1296
2026-08-20 15:27:00-04:00,7675.0,7675.5,7674.0,7674.0,1748
2026-08-20 15:28:00-04:00,7674.0,7674.25,7673.25,7674.0,1568
2026-08-20 15:29:00-04:00,7673.75,7674.5,7673.0,7673.5,1393
2026-08-20 15:30:00-04:00,7673.5,7673.75,7671.75,7672.0,3807
2026-08-20 15:31:00-04:00,7671.75,7672.5,7670.75,7671.5,1618
2026-08-20 15:32:00-04:00,7671.5,7672.25,7671.0,7671.75,1531
2026-08-20 15:33:00-04:00,7671.75,7672.25,7670.25,7670.75,1759
2026-08-20 15:34:00-04:00,7670.5,7670.75,7668.75,7670.5,3288
2026-08-20 15:35:00-04:00,7670.5,7671.25,7669.5,7671.25,1914
2026-08-20 15:36:00-04:00,7671.5,7673.25,7670.75,7673.25,1928
2026-08-20 15:37:00-04:00,7673.0,7673.75,7672.0,7672.0,2494
2026-08-20 15:38:00-04:00,7672.25,7673.75,7672.0,7673.5,2002
2026-08-20 15:39:00-04:00,7673.75,7675.0,7673.25,7673.5,2367
2026-08-20 15:40:00-04:00,7673.5,7674.25,7672.0,7672.5,2179
2026-08-20 15:41:00-04:00,7672.5,7673.0,7672.0,7672.25,1602
2026-08-20 15:42:00-04:00,7672.5,7672.5,7670.25,7670.75,2212
2026-08-20 15:43:00-04:00,7670.75,7671.0,7669.5,7669.5,1608
2026-08-20 15:44:00-04:00,7669.5,7669.75,7668.0,7669.25,2381
2026-08-20 15:45:00-04:00,7669.25,7669.75,7666.5,7668.5,4463
2026-08-20 15:46:00-04:00,7668.5,7668.75,7666.75,7667.0,2237
2026-08-20 15:47:00-04:00,7667.0,7669.25,7666.75,7668.25,2745
2026-08-20 15:48:00-04:00,7668.25,7669.75,7668.0,7669.25,2785
2026-08-20 15:49:00-04:00,7669.5,7672.75,7669.25,7672.5,3288
2026-08-20 15:50:00-04:00,7671.75,7673.25,7669.0,7670.75,6973
2026-08-20 15:51:00-04:00,7671.25,7672.5,7670.75,7671.75,4557
2026-08-20 15:52:00-04:00,7672.0,7672.5,7669.75,7672.25,3995
2026-08-20 15:53:00-04:00,7672.0,7672.25,7670.0,7670.75,3206
2026-08-20 15:54:00-04:00,7670.75,7671.25,7665.75,7667.25,9994
2026-08-20 15:55:00-04:00,7667.75,7668.25,7661.75,7663.5,13865
2026-08-20 15:56:00-04:00,7663.25,7663.5,7661.75,7662.25,5404
2026-08-20 15:57:00-04:00,7662.25,7662.75,7660.25,7661.25,6985
2026-08-20 15:58:00-04:00,7661.25,7663.75,7660.25,7663.75,9724
2026-08-20 15:59:00-04:00,7663.75,7666.0,7659.0,7665.0,63200
2026-08-20 16:00:00-04:00,7665.25,7667.25,7664.75,7666.25,16267
2026-08-20 16:01:00-04:00,7666.0,7667.25,7664.25,7667.0,3301
2026-08-20 16:02:00-04:00,7667.25,7667.25,7666.0,7667.25,1618
2026-08-20 16:03:00-04:00,7667.25,7667.5,7666.25,7666.25,1512
2026-08-20 16:04:00-04:00,7666.25,7666.75,7665.75,7665.75,1176
2026-08-20 16:05:00-04:00,7665.75,7665.75,7664.0,7664.25,1879
2026-08-20 16:06:00-04:00,7664.0,7664.25,7663.25,7663.5,1304
2026-08-20 16:07:00-04:00,7663.75,7664.0,7663.25,7663.5,715
2026-08-20 16:08:00-04:00,7663.75,7664.0,7661.0,7662.25,1593
2026-08-20 16:09:00-04:00,7662.0,7664.0,7662.0,7663.75,1210
2026-08-20 16:10:00-04:00,7664.0,7666.0,7664.0,7665.5,1287
2026-08-20 16:11:00-04:00,7665.25,7665.75,7664.0,7664.0,840
2026-08-20 16:12:00-04:00,7664.25,7664.25,7662.25,7663.0,1410
2026-08-20 16:13:00-04:00,7662.75,7663.5,7662.5,7663.0,1643
2026-08-20 16:14:00-04:00,7662.75,7662.75,7660.75,7661.5,1656
2026-08-20 16:15:00-04:00,7661.5,7662.25,7660.75,7661.0,836
2026-08-20 16:16:00-04:00,7661.0,7661.75,7660.0,7660.25,1422
2026-08-20 16:17:00-04:00,7660.25,7660.25,7657.75,7658.75,1150
2026-08-20 16:18:00-04:00,7658.75,7660.0,7658.5,7660.0,511
2026-08-20 16:19:00-04:00,7660.0,7660.5,7659.5,7660.5,131
2026-08-20 16:20:00-04:00,7660.25,7661.25,7660.25,7661.25,405
2026-08-20 16:21:00-04:00,7661.25,7661.25,7660.5,7660.75,354
2026-08-20 16:22:00-04:00,7660.75,7662.75,7660.75,7662.5,867
2026-08-20 16:23:00-04:00,7662.5,7663.0,7662.5,7663.0,371
2026-08-20 16:24:00-04:00,7663.25,7663.75,7663.0,7663.75,420
2026-08-20 16:25:00-04:00,7663.5,7664.5,7663.5,7664.25,437
2026-08-20 16:26:00-04:00,7664.25,7664.5,7663.75,7664.25,328
2026-08-20 16:27:00-04:00,7664.25,7664.5,7663.0,7663.75,578
2026-08-20 16:28:00-04:00,7663.75,7663.75,7663.25,7663.5,239
2026-08-20 16:29:00-04:00,7663.5,7663.75,7662.75,7662.75,357
2026-08-20 16:30:00-04:00,7663.0,7664.0,7662.0,7663.75,1084
2026-08-20 16:31:00-04:00,7664.0,7664.0,7663.25,7663.25,227
2026-08-20 16:32:00-04:00,7663.25,7664.25,7662.75,7663.75,581
2026-08-20 16:33:00-04:00,7663.75,7665.0,7663.5,7664.25,541
2026-08-20 16:34:00-04:00,7664.5,7664.75,7664.25,7664.5,177
2026-08-20 16:35:00-04:00,7664.5,7665.75,7664.5,7665.75,294
2026-08-20 16:36:00-04:00,7665.75,7666.25,7665.5,7665.75,324
2026-08-20 16:37:00-04:00,7665.75,7667.25,7665.5,7667.0,448
2026-08-20 16:38:00-04:00,7667.0,7667.25,7666.5,7666.75,266
2026-08-20 16:39:00-04:00,7666.75,7667.0,7666.0,7666.0,242
2026-08-20 16:40:00-04:00,7666.25,7666.75,7666.0,7666.75,344
2026-08-20 16:41:00-04:00,7666.5,7666.75,7665.75,7665.75,530
2026-08-20 16:42:00-04:00,7665.75,7666.0,7665.25,7665.75,214
2026-08-20 16:43:00-04:00,7666.0,7666.5,7665.75,7666.5,120
2026-08-20 16:44:00-04:00,7666.25,7666.5,7666.0,7666.0,112
2026-08-20 16:45:00-04:00,7666.0,7666.75,7666.0,7666.0,249
2026-08-20 16:46:00-04:00,7666.0,7666.5,7666.0,7666.5,70
2026-08-20 16:47:00-04:00,7666.25,7666.75,7666.25,7666.25,167
2026-08-20 16:48:00-04:00,7666.25,7666.5,7666.0,7666.0,107
2026-08-20 16:49:00-04:00,7666.0,7666.5,7666.0,7666.25,111
2026-08-20 16:50:00-04:00,7666.75,7666.75,7666.25,7666.5,148
2026-08-20 16:51:00-04:00,7666.0,7666.25,7665.75,7666.25,223
2026-08-20 16:52:00-04:00,7666.5,7667.0,7666.25,7667.0,175
2026-08-20 16:53:00-04:00,7667.0,7667.25,7666.75,7667.0,141
2026-08-20 16:54:00-04:00,7666.75,7667.0,7666.75,7666.75,211
2026-08-20 16:55:00-04:00,7667.0,7668.0,7666.75,7667.75,387
2026-08-20 16:56:00-04:00,7667.75,7668.0,7667.25,7667.25,248
2026-08-20 16:57:00-04:00,7667.25,7667.5,7667.25,7667.25,106
2026-08-20 16:58:00-04:00,7667.25,7667.75,7667.0,7667.0,239
2026-08-20 16:59:00-04:00,7667.25,7668.5,7667.0,7667.75,321
2026-08-20 18:00:00-04:00,7669.0,7671.5,7668.5,7669.0,0
2026-08-20 18:01:00-04:00,7668.5,7669.25,7667.5,7668.5,424
2026-08-20 18:02:00-04:00,7668.75,7669.0,7666.0,7666.75,363
2026-08-20 18:03:00-04:00,7666.75,7667.0,7664.5,7664.75,274
2026-08-20 18:04:00-04:00,7665.0,7665.25,7663.75,7664.25,225
2026-08-20 18:05:00-04:00,7664.0,7665.0,7663.25,7664.25,190
2026-08-20 18:06:00-04:00,7664.25,7665.0,7663.25,7664.25,128
2026-08-20 18:07:00-04:00,7664.5,7665.75,7664.5,7665.0,236
2026-08-20 18:08:00-04:00,7665.25,7665.25,7665.0,7665.25,89
2026-08-20 18:09:00-04:00,7665.0,7665.75,7664.75,7665.75,156
2026-08-20 18:10:00-04:00,7665.5,7666.25,7665.25,7666.25,113
2026-08-20 18:11:00-04:00,7666.0,7666.25,7664.0,7665.0,258
2026-08-20 18:12:00-04:00,7665.0,7665.5,7664.75,7665.5,46
2026-08-20 18:13:00-04:00,7665.0,7665.25,7664.25,7664.25,50
2026-08-20 18:14:00-04:00,7664.0,7664.25,7664.0,7664.25,74
2026-08-20 18:15:00-04:00,7664.0,7665.0,7664.0,7664.75,145
2026-08-20 18:16:00-04:00,7664.75,7665.25,7664.75,7665.25,69
2026-08-20 18:17:00-04:00,7665.25,7666.0,7665.25,7666.0,46
2026-08-20 18:18:00-04:00,7666.0,7666.25,7665.5,7665.75,59
2026-08-20 18:19:00-04:00,7665.75,7666.25,7665.25,7665.5,108
2026-08-20 18:20:00-04:00,7665.25,7665.75,7665.0,7665.25,70
2026-08-20 18:21:00-04:00,7665.25,7665.75,7664.75,7665.75,54
2026-08-20 18:22:00-04:00,7665.5,7665.75,7665.0,7665.25,51
2026-08-20 18:23:00-04:00,7665.0,7665.5,7665.0,7665.5,25
2026-08-20 18:24:00-04:00,7665.25,7665.25,7664.75,7664.75,60
2026-08-20 18:25:00-04:00,7665.0,7665.0,7663.75,7664.25,97
2026-08-20 18:26:00-04:00,7664.25,7664.5,7664.25,7664.5,44
2026-08-20 18:27:00-04:00,7664.25,7665.75,7664.0,7665.75,63
2026-08-20 18:28:00-04:00,7665.75,7666.0,7664.75,7665.0,48
2026-08-20 18:29:00-04:00,7665.25,7665.5,7665.25,7665.5,24
2026-08-20 18:30:00-04:00,7665.75,7665.75,7664.75,7664.75,44
2026-08-20 18:31:00-04:00,7664.75,7665.25,7664.0,7665.25,66
2026-08-20 18:32:00-04:00,7665.25,7665.75,7665.0,7665.75,47
2026-08-20 18:33:00-04:00,7665.75,7667.0,7665.75,7666.25,86
2026-08-20 18:34:00-04:00,7666.0,7666.5,7666.0,7666.5,64
2026-08-20 18:35:00-04:00,7666.5,7667.0,7666.5,7667.0,42
2026-08-20 18:36:00-04:00,7667.25,7667.5,7666.75,7667.0,83
2026-08-20 18:37:00-04:00,7667.25,7667.25,7666.5,7666.5,30
2026-08-20 18:38:00-04:00,7666.5,7667.0,7666.5,7667.0,27
2026-08-20 18:39:00-04:00,7667.25,7667.25,7666.0,7666.0,69
2026-08-20 18:40:00-04:00,7666.0,7666.25,7665.25,7666.25,76
2026-08-20 18:41:00-04:00,7666.5,7666.5,7666.0,7666.0,22
2026-08-20 18:42:00-04:00,7666.25,7666.5,7666.0,7666.25,20
2026-08-20 18:43:00-04:00,7666.25,7666.75,7666.25,7666.75,15
2026-08-20 18:44:00-04:00,7667.0,7667.25,7666.75,7667.0,37
2026-08-20 18:45:00-04:00,7667.0,7667.5,7666.75,7667.25,38
2026-08-20 18:46:00-04:00,7667.5,7667.75,7667.0,7667.0,16
2026-08-20 18:47:00-04:00,7667.25,7667.5,7667.25,7667.5,9
2026-08-20 18:48:00-04:00,7667.5,7667.5,7667.5,7667.5,3
2026-08-20 18:49:00-04:00,7667.25,7668.0,7667.25,7668.0,49
2026-08-20 18:50:00-04:00,7668.0,7668.25,7668.0,7668.25,38
2026-08-20 18:51:00-04:00,7668.25,7669.0,7668.25,7668.75,111
2026-08-20 18:52:00-04:00,7668.75,7669.5,7668.5,7669.25,105
2026-08-20 18:53:00-04:00,7669.25,7669.5,7669.0,7669.25,25
2026-08-20 18:54:00-04:00,7669.25,7669.5,7669.0,7669.25,85
2026-08-20 18:55:00-04:00,7669.0,7669.25,7669.0,7669.25,19
2026-08-20 18:56:00-04:00,7669.0,7669.0,7668.75,7669.0,10
2026-08-20 18:57:00-04:00,7669.0,7669.0,7668.75,7669.0,17
2026-08-20 18:58:00-04:00,7669.25,7669.5,7669.25,7669.5,23
2026-08-20 18:59:00-04:00,7669.25,7669.75,7669.25,7669.5,31
2026-08-20 19:00:00-04:00,7669.25,7669.5,7668.75,7668.75,20
2026-08-20 19:01:00-04:00,7668.5,7669.0,7668.25,7668.75,93
2026-08-20 19:02:00-04:00,7668.75,7669.0,7668.25,7668.5,49
2026-08-20 19:03:00-04:00,7668.5,7668.5,7668.25,7668.5,70
2026-08-20 19:04:00-04:00,7668.25,7668.75,7668.25,7668.5,49
2026-08-20 19:05:00-04:00,7668.25,7668.5,7668.25,7668.5,84
2026-08-20 19:06:00-04:00,7668.75,7669.25,7668.75,7669.0,101
2026-08-20 19:07:00-04:00,7669.0,7669.25,7668.0,7668.25,44
2026-08-20 19:08:00-04:00,7668.25,7668.25,7668.0,7668.0,14
2026-08-20 19:09:00-04:00,7668.0,7668.25,7668.0,7668.25,27
2026-08-20 19:10:00-04:00,7668.25,7668.5,7668.25,7668.25,13
2026-08-20 19:11:00-04:00,7668.25,7669.0,7668.25,7668.5,80
2026-08-20 19:12:00-04:00,7668.25,7668.25,7668.25,7668.25,1
2026-08-20 19:13:00-04:00,7668.25,7668.5,7668.25,7668.25,33
2026-08-20 19:14:00-04:00,7668.25,7668.5,7668.0,7668.0,36
2026-08-20 19:15:00-04:00,7668.0,7668.25,7667.5,7667.75,115
2026-08-20 19:16:00-04:00,7667.75,7669.0,7667.5,7668.5,75
2026-08-20 19:17:00-04:00,7668.5,7669.25,7668.5,7669.0,62
2026-08-20 19:18:00-04:00,7669.0,7669.0,7668.5,7668.75,22
2026-08-20 19:19:00-04:00,7668.5,7668.75,7668.25,7668.25,28
2026-08-20 19:20:00-04:00,7668.25,7668.5,7668.25,7668.25,31
2026-08-20 19:21:00-04:00,7668.25,7668.75,7668.25,7668.5,62
2026-08-20 19:22:00-04:00,7668.5,7668.5,7668.25,7668.5,16
2026-08-20 19:23:00-04:00,7668.25,7668.25,7668.0,7668.0,25
2026-08-20 19:24:00-04:00,7668.0,7668.0,7668.0,7668.0,36
2026-08-20 19:25:00-04:00,7668.25,7668.25,7668.0,7668.0,55
2026-08-20 19:26:00-04:00,7668.25,7668.25,7668.0,7668.0,28
2026-08-20 19:27:00-04:00,7668.0,7668.0,7667.5,7667.5,38
2026-08-20 19:28:00-04:00,7667.75,7668.0,7667.75,7668.0,71
2026-08-20 19:29:00-04:00,7668.0,7668.0,7667.75,7667.75,62
2026-08-20 19:30:00-04:00,7667.75,7668.25,7667.5,7668.25,83
2026-08-20 19:31:00-04:00,7668.0,7668.0,7667.75,7667.75,18
2026-08-20 19:32:00-04:00,7667.75,7668.0,7667.75,7668.0,34
2026-08-20 19:33:00-04:00,7668.25,7668.25,7668.0,7668.0,20
2026-08-20 19:34:00-04:00,7668.0,7668.0,7667.5,7667.5,9
2026-08-20 19:35:00-04:00,7667.25,7667.25,7665.75,7666.25,107
2026-08-20 19:36:00-04:00,7666.5,7666.5,7666.25,7666.25,46
2026-08-20 19:37:00-04:00,7666.0,7666.25,7665.75,7665.75,55
2026-08-20 19:38:00-04:00,7666.0,7666.25,7665.75,7666.25,35
2026-08-20 19:39:00-04:00,7666.0,7666.5,7666.0,7666.5,45
2026-08-20 19:40:00-04:00,7666.5,7668.25,7666.5,7668.25,108
2026-08-20 19:41:00-04:00,7668.0,7668.75,7667.75,7668.75,101
2026-08-20 19:42:00-04:00,7668.5,7668.75,7667.75,7667.75,51
2026-08-20 19:43:00-04:00,7667.5,7667.5,7667.25,7667.5,14
2026-08-20 19:44:00-04:00,7667.75,7668.0,7667.75,7667.75,16
2026-08-20 19:45:00-04:00,7668.0,7668.0,7665.75,7666.75,150
2026-08-20 19:46:00-04:00,7667.0,7667.25,7666.0,7666.75,73
2026-08-20 19:47:00-04:00,7666.25,7666.75,7665.5,7665.5,67
2026-08-20 19:48:00-04:00,7665.5,7665.75,7664.25,7664.75,113
2026-08-20 19:49:00-04:00,7664.75,7667.0,7664.75,7667.0,91
2026-08-20 19:50:00-04:00,7667.0,7667.75,7665.5,7667.25,167
2026-08-20 19:51:00-04:00,7667.25,7668.0,7665.75,7666.0,182
2026-08-20 19:52:00-04:00,7666.0,7666.5,7665.5,7666.25,96
2026-08-20 19:53:00-04:00,7666.25,7667.5,7666.25,7667.25,48
2026-08-20 19:54:00-04:00,7667.0,7667.75,7666.75,7667.25,60
2026-08-20 19:55:00-04:00,7667.25,7667.25,7666.0,7666.5,35
2026-08-20 19:56:00-04:00,7666.25,7666.5,7665.75,7666.25,31
2026-08-20 19:57:00-04:00,7666.25,7666.75,7666.25,7666.25,32
2026-08-20 19:58:00-04:00,7666.0,7666.5,7666.0,7666.5,27
2026-08-20 19:59:00-04:00,7666.5,7667.0,7666.0,7666.25,61
2026-08-20 20:00:00-04:00,7666.0,7669.0,7665.5,7667.5,456
2026-08-20 20:01:00-04:00,7667.75,7670.25,7667.75,7670.0,323
2026-08-20 20:02:00-04:00,7669.75,7670.75,7669.75,7670.5,240
2026-08-20 20:03:00-04:00,7670.5,7671.0,7669.5,7669.5,183
2026-08-20 20:04:00-04:00,7669.5,7670.25,7667.75,7668.25,221
2026-08-20 20:05:00-04:00,7668.25,7670.5,7668.0,7670.25,164
2026-08-20 20:06:00-04:00,7670.0,7671.75,7670.0,7671.5,278
2026-08-20 20:07:00-04:00,7671.25,7671.75,7669.75,7670.25,163
2026-08-20 20:08:00-04:00,7670.5,7670.75,7669.75,7670.25,85
2026-08-20 20:09:00-04:00,7670.25,7670.5,7669.5,7669.75,70
2026-08-20 20:10:00-04:00,7670.0,7670.5,7669.25,7670.25,161
2026-08-20 20:11:00-04:00,7670.5,7671.75,7670.25,7671.5,192
2026-08-20 20:12:00-04:00,7671.5,7672.5,7671.5,7672.5,216
2026-08-20 20:13:00-04:00,7672.5,7672.75,7672.0,7672.75,177
2026-08-20 20:14:00-04:00,7672.5,7673.0,7672.5,7672.5,218
2026-08-20 20:15:00-04:00,7672.5,7672.5,7669.25,7670.25,467
2026-08-20 20:16:00-04:00,7670.25,7670.5,7668.5,7669.0,310
2026-08-20 20:17:00-04:00,7668.75,7668.75,7667.0,7667.5,387
2026-08-20 20:18:00-04:00,7667.75,7668.5,7667.5,7668.25,183
2026-08-20 20:19:00-04:00,7668.25,7668.75,7666.75,7667.5,159
2026-08-20 20:20:00-04:00,7667.75,7668.75,7667.5,7668.25,122
2026-08-20 20:21:00-04:00,7668.25,7668.5,7667.25,7668.0,150
2026-08-20 20:22:00-04:00,7668.0,7669.0,7667.75,7669.0,93
2026-08-20 20:23:00-04:00,7669.0,7670.5,7668.75,7669.5,278
2026-08-20 20:24:00-04:00,7669.5,7670.0,7667.0,7667.5,288
2026-08-20 20:25:00-04:00,7667.75,7668.25,7667.75,7668.0,56
2026-08-20 20:26:00-04:00,7668.0,7668.25,7667.5,7667.5,75
2026-08-20 20:27:00-04:00,7667.5,7667.5,7665.5,7666.25,225
2026-08-20 20:28:00-04:00,7666.5,7666.5,7665.75,7666.25,84
2026-08-20 20:29:00-04:00,7666.5,7667.25,7666.0,7667.0,96
2026-08-20 20:30:00-04:00,7667.0,7667.0,7665.5,7665.75,108
2026-08-20 20:31:00-04:00,7665.5,7668.0,7665.5,7668.0,164
2026-08-20 20:32:00-04:00,7668.25,7668.25,7667.75,7667.75,113
2026-08-20 20:33:00-04:00,7667.5,7668.0,7667.25,7668.0,89
2026-08-20 20:34:00-04:00,7668.25,7668.5,7667.5,7668.0,83
2026-08-20 20:35:00-04:00,7667.75,7669.0,7667.75,7668.75,88
2026-08-20 20:36:00-04:00,7668.5,7668.5,7667.25,7667.5,82
2026-08-20 20:37:00-04:00,7667.5,7667.75,7667.0,7667.5,77
2026-08-20 20:38:00-04:00,7667.5,7669.25,7667.5,7669.25,103
2026-08-20 20:39:00-04:00,7669.25,7669.75,7669.0,7669.5,90
2026-08-20 20:40:00-04:00,7669.5,7669.5,7668.75,7669.25,129
2026-08-20 20:41:00-04:00,7669.0,7669.0,7666.75,7667.25,231
2026-08-20 20:42:00-04:00,7667.25,7667.25,7666.5,7666.75,108
2026-08-20 20:43:00-04:00,7667.0,7667.0,7666.25,7666.5,95
2026-08-20 20:44:00-04:00,7666.5,7668.75,7666.5,7668.25,196
2026-08-20 20:45:00-04:00,7668.25,7669.0,7668.25,7668.5,122
2026-08-20 20:46:00-04:00,7668.75,7669.0,7668.0,7668.0,119
2026-08-20 20:47:00-04:00,7668.0,7668.75,7668.0,7668.75,73
2026-08-20 20:48:00-04:00,7668.5,7668.75,7668.25,7668.75,85
2026-08-20 20:49:00-04:00,7668.75,7669.5,7668.25,7668.5,92
2026-08-20 20:50:00-04:00,7668.5,7668.75,7667.5,7667.5,94
2026-08-20 20:51:00-04:00,7667.5,7668.5,7667.5,7668.5,45
2026-08-20 20:52:00-04:00,7668.75,7669.25,7666.75,7667.25,115
2026-08-20 20:53:00-04:00,7667.25,7667.25,7665.5,7665.75,156
2026-08-20 20:54:00-04:00,7666.0,7666.25,7665.0,7665.0,162
2026-08-20 20:55:00-04:00,7665.25,7665.75,7664.5,7665.25,218
2026-08-20 20:56:00-04:00,7665.0,7665.75,7664.75,7665.0,251
2026-08-20 20:57:00-04:00,7665.0,7665.25,7664.25,7665.0,77
2026-08-20 20:58:00-04:00,7665.0,7665.5,7664.75,7664.75,50
2026-08-20 20:59:00-04:00,7665.0,7665.25,7664.5,7664.5,66
2026-08-20 21:00:00-04:00,7664.75,7666.0,7663.75,7665.5,248
2026-08-20 21:01:00-04:00,7665.75,7666.25,7665.5,7666.0,147
2026-08-20 21:02:00-04:00,7666.0,7666.75,7665.75,7665.75,169
2026-08-20 21:03:00-04:00,7665.75,7666.0,7665.25,7665.75,65
2026-08-20 21:04:00-04:00,7665.75,7665.75,7664.75,7665.0,61
2026-08-20 21:05:00-04:00,7665.0,7665.0,7663.25,7663.25,218
2026-08-20 21:06:00-04:00,7663.5,7664.0,7662.5,7664.0,324
2026-08-20 21:07:00-04:00,7664.0,7664.0,7662.75,7662.75,84
2026-08-20 21:08:00-04:00,7662.75,7663.25,7661.75,7662.0,152
2026-08-20 21:09:00-04:00,7662.25,7663.0,7661.25,7662.75,233
2026-08-20 21:10:00-04:00,7662.5,7663.5,7662.25,7663.0,173
2026-08-20 21:11:00-04:00,7662.75,7663.5,7662.0,7663.5,237
2026-08-20 21:12:00-04:00,7663.75,7665.75,7663.75,7665.0,261
2026-08-20 21:13:00-04:00,7665.25,7665.5,7664.25,7664.75,160
2026-08-20 21:14:00-04:00,7664.75,7665.5,7664.25,7665.25,122
2026-08-20 21:15:00-04:00,7665.0,7666.0,7663.25,7666.0,163
2026-08-20 21:16:00-04:00,7666.0,7667.75,7665.25,7667.5,162
2026-08-20 21:17:00-04:00,7667.5,7667.75,7666.75,7667.75,112
2026-08-20 21:18:00-04:00,7667.75,7668.0,7667.0,7667.5,101
2026-08-20 21:19:00-04:00,7667.25,7667.5,7666.5,7667.5,74
2026-08-20 21:20:00-04:00,7667.5,7667.5,7666.0,7666.0,87
2026-08-20 21:21:00-04:00,7666.0,7667.0,7665.75,7666.5,68
2026-08-20 21:22:00-04:00,7666.5,7666.5,7663.5,7663.75,133
2026-08-20 21:23:00-04:00,7663.5,7665.0,7663.5,7664.5,78
2026-08-20 21:24:00-04:00,7664.75,7665.5,7664.5,7665.5,66
2026-08-20 21:25:00-04:00,7665.75,7666.25,7665.25,7666.0,64
2026-08-20 21:26:00-04:00,7666.0,7666.5,7666.0,7666.0,61
2026-08-20 21:27:00-04:00,7666.25,7667.0,7666.0,7666.75,93
2026-08-20 21:28:00-04:00,7666.75,7667.75,7666.5,7667.25,105
2026-08-20 21:29:00-04:00,7667.0,7667.0,7665.5,7665.75,100
2026-08-20 21:30:00-04:00,7665.5,7667.25,7664.75,7666.75,111
2026-08-20 21:31:00-04:00,7667.0,7667.5,7665.75,7666.0,85
2026-08-20 21:32:00-04:00,7666.0,7666.25,7665.25,7665.25,74
2026-08-20 21:33:00-04:00,7665.5,7665.5,7665.25,7665.25,71
2026-08-20 21:34:00-04:00,7665.25,7666.0,7665.25,7665.75,62
2026-08-20 21:35:00-04:00,7666.0,7666.0,7665.25,7665.5,49
2026-08-20 21:36:00-04:00,7665.25,7665.25,7664.25,7664.5,145
2026-08-20 21:37:00-04:00,7664.75,7665.0,7664.0,7664.25,86
2026-08-20 21:38:00-04:00,7664.25,7664.25,7663.25,7664.0,126
2026-08-20 21:39:00-04:00,7664.0,7664.0,7663.25,7663.5,75
2026-08-20 21:40:00-04:00,7663.5,7664.0,7663.25,7663.5,152
2026-08-20 21:41:00-04:00,7663.75,7664.75,7663.5,7664.75,132
2026-08-20 21:42:00-04:00,7664.75,7666.0,7664.75,7666.0,123
2026-08-20 21:43:00-04:00,7666.25,7666.75,7665.5,7666.75,169
2026-08-20 21:44:00-04:00,7666.75,7667.25,7666.0,7666.5,145
2026-08-20 21:45:00-04:00,7666.5,7666.5,7665.25,7665.25,85
2026-08-20 21:46:00-04:00,7665.5,7667.25,7665.5,7667.0,116
2026-08-20 21:47:00-04:00,7667.0,7667.25,7666.5,7666.75,106
2026-08-20 21:48:00-04:00,7667.0,7668.25,7666.75,7668.25,152
2026-08-20 21:49:00-04:00,7668.25,7669.0,7667.75,7668.75,182
2026-08-20 21:50:00-04:00,7668.75,7669.25,7668.0,7668.25,207
2026-08-20 21:51:00-04:00,7668.0,7668.25,7666.75,7666.75,93
2026-08-20 21:52:00-04:00,7667.0,7667.25,7666.25,7666.5,124
2026-08-20 21:53:00-04:00,7666.5,7666.5,7665.75,7665.75,213
2026-08-20 21:54:00-04:00,7666.0,7666.25,7665.25,7665.5,132
2026-08-20 21:55:00-04:00,7665.25,7665.75,7665.0,7665.0,106
2026-08-20 21:56:00-04:00,7665.0,7665.5,7664.75,7664.75,85
2026-08-20 21:57:00-04:00,7664.75,7665.5,7664.5,7665.5,163
2026-08-20 21:58:00-04:00,7665.5,7666.5,7665.25,7666.25,98
2026-08-20 21:59:00-04:00,7666.25,7667.25,7665.25,7667.25,112
2026-08-20 22:00:00-04:00,7667.25,7668.0,7666.75,7667.75,176
2026-08-20 22:01:00-04:00,7667.75,7669.0,7667.75,7668.5,238
2026-08-20 22:02:00-04:00,7668.25,7668.75,7667.75,7668.0,152
2026-08-20 22:03:00-04:00,7668.0,7668.25,7667.75,7667.75,83
2026-08-20 22:04:00-04:00,7667.75,7668.0,7667.5,7668.0,79
2026-08-20 22:05:00-04:00,7668.0,7668.75,7667.25,7668.75,116
2026-08-20 22:06:00-04:00,7668.5,7669.25,7668.25,7669.0,111
2026-08-20 22:07:00-04:00,7669.0,7669.0,7668.5,7669.0,66
2026-08-20 22:08:00-04:00,7668.75,7669.25,7668.75,7669.0,76
2026-08-20 22:09:00-04:00,7669.0,7669.25,7668.75,7669.25,70
2026-08-20 22:10:00-04:00,7669.25,7669.25,7667.75,7667.75,107
2026-08-20 22:11:00-04:00,7667.75,7668.5,7667.75,7668.25,80
2026-08-20 22:12:00-04:00,7668.0,7668.5,7668.0,7668.25,81
2026-08-20 22:13:00-04:00,7668.5,7668.75,7668.25,7668.75,51
2026-08-20 22:14:00-04:00,7668.75,7669.75,7668.75,7669.75,133
2026-08-20 22:15:00-04:00,7669.5,7670.0,7669.5,7670.0,97
2026-08-20 22:16:00-04:00,7670.0,7670.25,7669.5,7669.75,96
2026-08-20 22:17:00-04:00,7669.75,7670.0,7669.75,7669.75,35
2026-08-20 22:18:00-04:00,7669.75,7669.75,7669.0,7669.25,91
2026-08-20 22:19:00-04:00,7669.0,7669.5,7669.0,7669.25,47
2026-08-20 22:20:00-04:00,7669.5,7670.25,7669.5,7670.25,82
2026-08-20 22:21:00-04:00,7670.25,7670.75,7669.5,7670.75,119
2026-08-20 22:22:00-04:00,7670.75,7671.75,7670.25,7671.75,254
2026-08-20 22:23:00-04:00,7672.0,7673.0,7671.75,7672.25,382
2026-08-20 22:24:00-04:00,7672.25,7672.25,7671.0,7671.0,110
2026-08-20 22:25:00-04:00,7671.0,7671.75,7670.75,7671.0,118
2026-08-20 22:26:00-04:00,7671.25,7671.25,7670.5,7670.5,134
2026-08-20 22:27:00-04:00,7670.5,7671.25,7670.5,7671.25,51
2026-08-20 22:28:00-04:00,7671.25,7671.5,7670.75,7671.5,125
2026-08-20 22:29:00-04:00,7671.5,7672.0,7671.5,7671.75,40
2026-08-20 22:30:00-04:00,7671.75,7672.5,7671.5,7672.0,210
2026-08-20 22:31:00-04:00,7671.75,7672.0,7671.25,7671.25,81
2026-08-20 22:32:00-04:00,7671.0,7671.75,7671.0,7671.5,44
2026-08-20 22:33:00-04:00,7671.5,7671.5,7671.0,7671.25,63
2026-08-20 22:34:00-04:00,7671.25,7671.75,7671.0,7671.25,42
2026-08-20 22:35:00-04:00,7671.25,7671.75,7671.25,7671.5,110
2026-08-20 22:36:00-04:00,7671.5,7672.0,7671.5,7671.75,65
2026-08-20 22:37:00-04:00,7671.75,7672.25,7671.75,7672.25,91
2026-08-20 22:38:00-04:00,7672.0,7672.5,7671.0,7671.0,114
2026-08-20 22:39:00-04:00,7671.0,7671.25,7670.75,7671.0,54
2026-08-20 22:40:00-04:00,7671.0,7671.5,7671.0,7671.25,75
2026-08-20 22:41:00-04:00,7671.25,7671.5,7670.75,7671.25,79
2026-08-20 22:42:00-04:00,7671.25,7671.5,7671.0,7671.25,121
2026-08-20 22:43:00-04:00,7671.25,7672.5,7671.25,7672.25,216
2026-08-20 22:44:00-04:00,7672.0,7672.25,7670.25,7670.5,144
2026-08-20 22:45:00-04:00,7670.5,7671.0,7670.0,7670.0,117
2026-08-20 22:46:00-04:00,7670.25,7671.0,7670.25,7670.75,59
2026-08-20 22:47:00-04:00,7670.5,7671.0,7670.25,7670.75,67
2026-08-20 22:48:00-04:00,7670.75,7672.25,7670.75,7671.25,121
2026-08-20 22:49:00-04:00,7671.25,7671.75,7671.0,7671.5,74
2026-08-20 22:50:00-04:00,7671.25,7671.75,7670.75,7670.75,71
2026-08-20 22:51:00-04:00,7670.75,7671.5,7670.75,7671.25,91
2026-08-20 22:52:00-04:00,7671.5,7672.5,7671.5,7672.5,69
2026-08-20 22:53:00-04:00,7672.5,7672.5,7671.5,7671.75,72
2026-08-20 22:54:00-04:00,7671.5,7671.75,7671.25,7671.75,53
2026-08-20 22:55:00-04:00,7671.5,7672.0,7671.5,7672.0,51
2026-08-20 22:56:00-04:00,7672.25,7672.25,7671.5,7671.75,39
2026-08-20 22:57:00-04:00,7671.75,7671.75,7671.25,7671.25,15
2026-08-20 22:58:00-04:00,7671.25,7671.5,7671.25,7671.5,19
2026-08-20 22:59:00-04:00,7671.25,7671.25,7670.75,7670.75,53
2026-08-20 23:00:00-04:00,7671.0,7671.0,7670.5,7670.75,67
2026-08-20 23:01:00-04:00,7670.75,7671.25,7670.75,7671.25,65
2026-08-20 23:02:00-04:00,7671.0,7671.5,7671.0,7671.25,53
2026-08-20 23:03:00-04:00,7671.25,7671.75,7671.25,7671.25,39
2026-08-20 23:04:00-04:00,7671.25,7671.25,7671.0,7671.0,28
2026-08-20 23:05:00-04:00,7670.75,7671.0,7669.75,7670.0,88
2026-08-20 23:06:00-04:00,7669.75,7669.75,7669.5,7669.75,70
2026-08-20 23:07:00-04:00,7670.0,7670.0,7668.75,7668.75,171
2026-08-20 23:08:00-04:00,7669.0,7669.25,7668.75,7668.75,90
2026-08-20 23:09:00-04:00,7669.0,7669.25,7669.0,7669.25,57
2026-08-20 23:10:00-04:00,7669.25,7669.25,7669.0,7669.0,47
2026-08-20 23:11:00-04:00,7669.0,7669.25,7668.75,7668.75,55
2026-08-20 23:12:00-04:00,7668.75,7668.75,7668.5,7668.75,31
2026-08-20 23:13:00-04:00,7668.75,7668.75,7668.75,7668.75,40
2026-08-20 23:14:00-04:00,7668.75,7668.75,7667.75,7667.75,75
2026-08-20 23:15:00-04:00,7667.75,7668.25,7667.75,7668.25,52
2026-08-20 23:16:00-04:00,7668.25,7668.25,7667.25,7668.25,71
2026-08-20 23:17:00-04:00,7668.25,7668.25,7667.75,7667.75,48
2026-08-20 23:18:00-04:00,7667.5,7668.5,7666.75,7667.75,172
2026-08-20 23:19:00-04:00,7667.5,7667.75,7667.0,7667.0,79
2026-08-20 23:20:00-04:00,7666.75,7668.0,7666.75,7667.5,109
2026-08-20 23:21:00-04:00,7667.5,7667.75,7667.5,7667.75,30
2026-08-20 23:22:00-04:00,7667.5,7667.75,7667.25,7667.75,85
2026-08-20 23:23:00-04:00,7667.75,7668.75,7667.75,7668.75,46
2026-08-20 23:24:00-04:00,7668.75,7669.0,7668.5,7668.75,66
2026-08-20 23:25:00-04:00,7668.75,7668.75,7668.5,7668.5,37
2026-08-20 23:26:00-04:00,7668.5,7668.5,7668.0,7668.0,65
2026-08-20 23:27:00-04:00,7668.0,7668.5,7668.0,7668.5,24
2026-08-20 23:28:00-04:00,7668.25,7668.5,7668.0,7668.25,31
2026-08-20 23:29:00-04:00,7668.25,7668.75,7668.0,7668.5,30
2026-08-20 23:30:00-04:00,7668.5,7670.0,7668.5,7669.5,104
2026-08-20 23:31:00-04:00,7669.75,7670.0,7669.5,7669.75,63
2026-08-20 23:32:00-04:00,7669.75,7670.5,7669.75,7670.0,56
2026-08-20 23:33:00-04:00,7670.25,7670.5,7669.75,7670.0,106
2026-08-20 23:34:00-04:00,7669.75,7670.75,7669.75,7670.75,26
2026-08-20 23:35:00-04:00,7670.75,7670.75,7669.75,7669.75,103
2026-08-20 23:36:00-04:00,7669.75,7669.75,7668.5,7668.75,118
2026-08-20 23:37:00-04:00,7668.75,7669.5,7668.75,7669.5,40
2026-08-20 23:38:00-04:00,7669.75,7669.75,7669.5,7669.5,39
2026-08-20 23:39:00-04:00,7669.75,7670.25,7669.5,7669.5,44
2026-08-20 23:40:00-04:00,7669.5,7669.5,7668.25,7668.5,55
2026-08-20 23:41:00-04:00,7668.5,7669.0,7668.25,7668.5,28
2026-08-20 23:42:00-04:00,7668.75,7669.25,7668.5,7668.5,83
2026-08-20 23:43:00-04:00,7668.5,7668.5,7667.75,7668.25,85
2026-08-20 23:44:00-04:00,7668.25,7668.5,7668.25,7668.5,26
2026-08-20 23:45:00-04:00,7668.25,7668.25,7667.25,7667.5,91
2026-08-20 23:46:00-04:00,7668.0,7668.5,7668.0,7668.25,47
2026-08-20 23:47:00-04:00,7668.5,7668.5,7668.25,7668.25,25
2026-08-20 23:48:00-04:00,7668.5,7669.0,7668.25,7668.5,29
2026-08-20 23:49:00-04:00,7668.25,7668.25,7667.75,7668.0,37
2026-08-20 23:50:00-04:00,7668.25,7668.25,7667.75,7668.0,45
2026-08-20 23:51:00-04:00,7668.0,7668.0,7667.75,7668.0,42
2026-08-20 23:52:00-04:00,7667.75,7668.0,7667.5,7667.75,32
2026-08-20 23:53:00-04:00,7667.5,7667.75,7667.25,7667.25,42
2026-08-20 23:54:00-04:00,7667.75,7667.75,7667.25,7667.25,25
2026-08-20 23:55:00-04:00,7667.5,7667.5,7666.5,7666.5,99
2026-08-20 23:56:00-04:00,7666.75,7667.0,7666.5,7667.0,54
2026-08-20 23:57:00-04:00,7667.0,7668.25,7666.75,7668.0,59
2026-08-20 23:58:00-04:00,7668.0,7668.75,7668.0,7668.75,37
2026-08-21 00:09:00-04:00,7669.75,7670.0,7669.0,7669.0,53
2026-08-21 00:10:00-04:00,7669.0,7669.25,7668.75,7668.75,56
2026-08-21 00:11:00-04:00,7668.75,7669.0,7668.5,7668.75,51
2026-08-21 00:12:00-04:00,7668.75,7669.0,7668.25,7668.5,98
2026-08-21 00:13:00-04:00,7668.5,7669.75,7668.5,7669.5,40
2026-08-21 00:14:00-04:00,7669.5,7670.0,7669.5,7669.75,39
2026-08-21 00:15:00-04:00,7669.75,7670.0,7669.5,7669.75,68
2026-08-21 00:16:00-04:00,7669.75,7669.75,7668.25,7668.25,82
2026-08-21 00:17:00-04:00,7668.25,7668.5,7667.75,7668.0,49
2026-08-21 00:18:00-04:00,7668.0,7668.75,7668.0,7668.75,58
2026-08-21 00:19:00-04:00,7668.5,7668.75,7668.25,7668.5,65
2026-08-21 00:20:00-04:00,7668.5,7668.5,7667.5,7667.5,71
2026-08-21 00:21:00-04:00,7667.75,7668.0,7667.0,7667.0,43
2026-08-21 00:22:00-04:00,7666.75,7666.75,7665.75,7666.5,101
2026-08-21 00:23:00-04:00,7666.5,7666.75,7666.25,7666.25,46
2026-08-21 00:24:00-04:00,7666.25,7667.0,7666.25,7666.5,72
2026-08-21 00:25:00-04:00,7666.25,7666.5,7666.0,7666.5,170
2026-08-21 00:26:00-04:00,7666.75,7666.75,7666.25,7666.25,62
2026-08-21 00:27:00-04:00,7666.25,7666.5,7666.0,7666.25,34
2026-08-21 00:28:00-04:00,7666.0,7666.5,7666.0,7666.0,47
2026-08-21 00:29:00-04:00,7665.75,7666.25,7665.75,7666.0,42
2026-08-21 00:30:00-04:00,7665.75,7666.0,7664.75,7665.25,131
2026-08-21 00:31:00-04:00,7665.5,7666.25,7665.25,7666.25,62
2026-08-21 00:32:00-04:00,7666.0,7666.5,7666.0,7666.25,31
2026-08-21 00:33:00-04:00,7666.5,7666.75,7665.5,7665.75,44
2026-08-21 00:34:00-04:00,7665.75,7666.0,7665.5,7665.5,36
2026-08-21 00:35:00-04:00,7665.75,7666.0,7664.5,7664.5,87
2026-08-21 00:36:00-04:00,7664.75,7665.0,7664.25,7664.75,96
2026-08-21 00:37:00-04:00,7664.75,7665.0,7664.5,7665.0,51
2026-08-21 00:38:00-04:00,7665.0,7665.0,7664.5,7664.5,38
2026-08-21 00:39:00-04:00,7664.75,7664.75,7664.5,7664.75,25
2026-08-21 00:40:00-04:00,7664.75,7665.25,7664.75,7665.25,57
2026-08-21 00:41:00-04:00,7665.25,7665.75,7664.75,7665.75,64
2026-08-21 00:42:00-04:00,7665.5,7665.75,7665.25,7665.75,62
2026-08-21 00:43:00-04:00,7665.75,7666.0,7665.0,7665.0,78
2026-08-21 00:44:00-04:00,7665.25,7665.5,7665.0,7665.5,49
2026-08-21 00:45:00-04:00,7665.25,7665.75,7665.25,7665.75,60
2026-08-21 00:46:00-04:00,7666.0,7667.25,7666.0,7667.25,107
2026-08-21 00:47:00-04:00,7667.25,7667.5,7666.75,7667.5,57
2026-08-21 00:48:00-04:00,7667.5,7667.75,7667.25,7667.25,91
2026-08-21 00:49:00-04:00,7667.5,7669.0,7667.25,7669.0,112
2026-08-21 00:50:00-04:00,7668.75,7669.25,7668.75,7668.75,119
2026-08-21 00:51:00-04:00,7668.75,7669.75,7668.5,7669.5,196
2026-08-21 00:52:00-04:00,7669.5,7670.0,7669.0,7669.25,169
2026-08-21 00:53:00-04:00,7669.25,7669.5,7669.0,7669.25,67
2026-08-21 00:54:00-04:00,7669.5,7669.5,7669.25,7669.5,35
2026-08-21 00:55:00-04:00,7669.5,7669.5,7669.0,7669.25,59
2026-08-21 00:56:00-04:00,7669.0,7669.0,7668.5,7668.75,78
2026-08-21 00:57:00-04:00,7668.5,7668.75,7668.0,7668.0,61
2026-08-21 00:58:00-04:00,7668.0,7668.5,7668.0,7668.5,69
2026-08-21 00:59:00-04:00,7668.5,7668.75,7668.5,7668.75,33
2026-08-21 01:00:00-04:00,7669.0,7669.25,7668.5,7668.5,128
2026-08-21 01:01:00-04:00,7668.75,7669.25,7668.5,7669.25,65
2026-08-21 01:02:00-04:00,7669.25,7669.75,7669.0,7669.75,55
2026-08-21 01:03:00-04:00,7669.5,7669.75,7669.25,7669.75,58
2026-08-21 01:04:00-04:00,7669.75,7670.5,7669.75,7670.25,151
2026-08-21 01:05:00-04:00,7670.5,7670.5,7670.0,7670.0,176
2026-08-21 01:06:00-04:00,7670.0,7670.0,7669.5,7669.75,88
2026-08-21 01:07:00-04:00,7669.75,7670.0,7669.5,7669.5,46
2026-08-21 01:08:00-04:00,7669.5,7669.5,7669.0,7669.25,48
2026-08-21 01:09:00-04:00,7669.0,7669.0,7668.25,7668.25,57
2026-08-21 01:10:00-04:00,7668.25,7668.75,7668.25,7668.5,92
2026-08-21 01:11:00-04:00,7668.5,7669.25,7668.5,7669.25,63
2026-08-21 01:12:00-04:00,7669.5,7670.0,7669.5,7670.0,74
2026-08-21 01:13:00-04:00,7669.75,7669.75,7669.25,7669.25,25
2026-08-21 01:14:00-04:00,7669.25,7670.0,7669.25,7669.75,129
2026-08-21 01:15:00-04:00,7669.75,7669.75,7669.75,7669.75,76
2026-08-21 01:16:00-04:00,7669.5,7669.75,7669.5,7669.75,15
2026-08-21 01:17:00-04:00,7669.75,7670.0,7669.5,7670.0,121
2026-08-21 01:18:00-04:00,7669.75,7671.0,7669.75,7670.75,124
2026-08-21 01:19:00-04:00,7671.0,7671.0,7670.5,7670.75,109
2026-08-21 01:20:00-04:00,7670.5,7670.75,7669.0,7669.0,97
2026-08-21 01:21:00-04:00,7669.0,7669.25,7669.0,7669.0,36
2026-08-21 01:22:00-04:00,7669.0,7669.5,7669.0,7669.0,34
2026-08-21 01:23:00-04:00,7669.25,7669.5,7668.75,7669.0,59
2026-08-21 01:24:00-04:00,7669.0,7669.0,7668.25,7668.25,73
2026-08-21 01:25:00-04:00,7668.25,7669.0,7668.25,7669.0,55
2026-08-21 01:26:00-04:00,7669.0,7669.0,7668.5,7668.5,56
2026-08-21 01:27:00-04:00,7668.5,7668.5,7667.75,7667.75,38
2026-08-21 01:28:00-04:00,7667.75,7667.75,7667.0,7667.75,84
2026-08-21 01:29:00-04:00,7667.75,7668.0,7667.0,7667.25,57
2026-08-21 01:30:00-04:00,7667.25,7668.0,7666.75,7667.5,64
2026-08-21 01:31:00-04:00,7667.5,7667.5,7667.0,7667.25,47
2026-08-21 01:32:00-04:00,7667.0,7667.5,7666.75,7667.25,72
2026-08-21 01:33:00-04:00,7667.5,7668.25,7667.5,7668.25,38
2026-08-21 01:34:00-04:00,7668.25,7670.0,7668.25,7669.75,122
2026-08-21 01:35:00-04:00,7669.5,7669.5,7669.0,7669.5,75
2026-08-21 01:36:00-04:00,7669.75,7670.5,7669.5,7670.25,65
2026-08-21 01:37:00-04:00,7670.25,7670.25,7669.25,7669.25,51
2026-08-21 01:38:00-04:00,7669.25,7669.75,7669.25,7669.75,36
2026-08-21 01:39:00-04:00,7669.75,7670.0,7669.25,7669.5,82
2026-08-21 01:40:00-04:00,7669.5,7669.75,7668.0,7668.0,97
2026-08-21 01:41:00-04:00,7668.0,7668.25,7667.75,7667.75,40
2026-08-21 01:42:00-04:00,7667.75,7668.25,7667.5,7668.25,64
2026-08-21 01:43:00-04:00,7668.25,7668.75,7668.0,7668.75,44
2026-08-21 01:44:00-04:00,7668.75,7668.75,7668.25,7668.5,49
2026-08-21 01:45:00-04:00,7668.25,7668.25,7667.75,7668.0,45
2026-08-21 01:46:00-04:00,7667.75,7667.75,7666.5,7666.75,82
2026-08-21 01:47:00-04:00,7667.0,7667.5,7666.75,7666.75,41
2026-08-21 01:48:00-04:00,7666.5,7666.5,7665.75,7666.25,73
2026-08-21 01:49:00-04:00,7666.0,7666.5,7666.0,7666.25,49
2026-08-21 01:50:00-04:00,7666.0,7666.5,7665.75,7666.25,40
2026-08-21 01:51:00-04:00,7666.5,7666.5,7665.75,7666.0,90
2026-08-21 01:52:00-04:00,7665.75,7666.5,7665.75,7666.5,33
2026-08-21 01:53:00-04:00,7666.75,7667.0,7666.25,7666.5,66
2026-08-21 01:54:00-04:00,7666.25,7666.75,7666.25,7666.75,66
2026-08-21 01:55:00-04:00,7666.75,7667.0,7666.5,7667.0,78
2026-08-21 01:56:00-04:00,7667.0,7667.5,7667.0,7667.25,72
2026-08-21 01:57:00-04:00,7667.25,7667.5,7667.0,7667.5,44
2026-08-21 01:58:00-04:00,7667.5,7668.0,7667.5,7668.0,64
2026-08-21 01:59:00-04:00,7668.0,7668.75,7668.0,7668.5,66
2026-08-21 02:00:00-04:00,7668.5,7668.5,7667.25,7667.5,140
2026-08-21 02:01:00-04:00,7667.5,7668.5,7667.25,7668.25,113
2026-08-21 02:02:00-04:00,7668.25,7668.25,7667.25,7667.5,99
2026-08-21 02:03:00-04:00,7667.75,7669.0,7667.5,7668.25,124
2026-08-21 02:04:00-04:00,7668.25,7668.25,7667.75,7667.75,125
2026-08-21 02:05:00-04:00,7667.75,7668.75,7667.25,7668.5,112
2026-08-21 02:06:00-04:00,7668.75,7668.75,7668.5,7668.5,41
2026-08-21 02:07:00-04:00,7668.75,7669.0,7668.5,7668.5,82
2026-08-21 02:08:00-04:00,7668.5,7668.75,7667.75,7667.75,120
2026-08-21 02:09:00-04:00,7667.5,7668.5,7667.5,7668.0,81
2026-08-21 02:10:00-04:00,7668.25,7669.75,7668.0,7669.75,140
2026-08-21 02:11:00-04:00,7669.75,7669.75,7669.0,7669.25,104
2026-08-21 02:12:00-04:00,7669.75,7669.75,7669.0,7669.25,136
2026-08-21 02:13:00-04:00,7669.5,7669.5,7669.0,7669.5,97
2026-08-21 02:14:00-04:00,7669.5,7670.5,7669.25,7669.75,245
2026-08-21 02:15:00-04:00,7669.75,7670.25,7669.5,7669.5,142
2026-08-21 02:16:00-04:00,7669.5,7670.0,7669.25,7669.75,157
2026-08-21 02:17:00-04:00,7670.0,7670.5,7669.75,7669.75,164
2026-08-21 02:18:00-04:00,7669.75,7669.75,7669.5,7669.5,154
2026-08-21 02:19:00-04:00,7669.5,7669.75,7669.0,7669.75,91
2026-08-21 02:20:00-04:00,7669.5,7670.0,7669.5,7669.75,66
2026-08-21 02:21:00-04:00,7669.5,7670.0,7669.0,7669.0,87
2026-08-21 02:22:00-04:00,7669.25,7669.25,7669.0,7669.25,65
2026-08-21 02:23:00-04:00,7669.25,7669.25,7668.75,7669.0,37
2026-08-21 02:24:00-04:00,7669.0,7669.25,7668.75,7668.75,23
2026-08-21 02:25:00-04:00,7669.0,7669.25,7668.5,7669.25,71
2026-08-21 02:26:00-04:00,7669.5,7670.25,7669.5,7670.25,46
2026-08-21 02:27:00-04:00,7670.5,7670.5,7670.0,7670.0,49
2026-08-21 02:28:00-04:00,7670.25,7670.25,7670.0,7670.25,39
2026-08-21 02:29:00-04:00,7670.25,7670.5,7670.0,7670.25,68
2026-08-21 02:30:00-04:00,7670.25,7670.75,7670.0,7670.0,130
2026-08-21 02:31:00-04:00,7670.25,7670.5,7670.25,7670.25,40
2026-08-21 02:32:00-04:00,7670.5,7671.5,7670.5,7671.5,90
2026-08-21 02:33:00-04:00,7671.5,7672.5,7671.5,7672.25,121
2026-08-21 02:34:00-04:00,7672.5,7673.75,7672.0,7673.75,284
2026-08-21 02:35:00-04:00,7673.75,7675.25,7673.75,7675.25,300
2026-08-21 02:36:00-04:00,7674.75,7674.75,7672.25,7672.75,281
2026-08-21 02:37:00-04:00,7673.0,7673.25,7672.75,7672.75,128
2026-08-21 02:38:00-04:00,7673.0,7673.0,7672.5,7672.5,99
2026-08-21 02:39:00-04:00,7672.75,7672.75,7672.25,7672.25,98
2026-08-21 02:40:00-04:00,7672.0,7672.25,7672.0,7672.0,63
2026-08-21 02:41:00-04:00,7671.75,7672.0,7671.75,7671.75,35
2026-08-21 02:42:00-04:00,7671.5,7672.0,7671.5,7672.0,56
2026-08-21 02:43:00-04:00,7671.75,7671.75,7670.75,7670.75,44
2026-08-21 02:44:00-04:00,7670.75,7671.25,7670.25,7670.25,86
2026-08-21 02:45:00-04:00,7670.25,7670.25,7669.5,7669.75,79
2026-08-21 02:46:00-04:00,7669.75,7669.75,7669.25,7669.25,63
2026-08-21 02:47:00-04:00,7669.25,7670.0,7669.25,7669.5,48
2026-08-21 02:48:00-04:00,7669.5,7670.5,7669.5,7670.25,68
2026-08-21 02:49:00-04:00,7670.5,7672.5,7670.25,7672.5,266
2026-08-21 02:50:00-04:00,7672.5,7672.5,7670.75,7671.5,93
2026-08-21 02:51:00-04:00,7671.5,7671.75,7671.25,7671.75,56
2026-08-21 02:52:00-04:00,7671.75,7672.5,7671.75,7672.25,38
2026-08-21 02:53:00-04:00,7672.0,7672.25,7671.75,7671.75,62
2026-08-21 02:54:00-04:00,7672.0,7672.25,7671.75,7672.25,45
2026-08-21 02:55:00-04:00,7672.25,7672.25,7671.75,7672.0,66
2026-08-21 02:56:00-04:00,7672.0,7673.0,7672.0,7672.5,70
2026-08-21 02:57:00-04:00,7672.75,7672.75,7672.25,7672.75,43
2026-08-21 02:58:00-04:00,7672.5,7672.75,7672.25,7672.75,64
2026-08-21 02:59:00-04:00,7672.75,7674.25,7672.75,7673.5,243
2026-08-21 03:00:00-04:00,7673.75,7673.75,7671.0,7671.75,374
2026-08-21 03:01:00-04:00,7671.75,7674.0,7671.25,7673.75,411
2026-08-21 03:02:00-04:00,7673.75,7674.25,7673.5,7674.0,143
2026-08-21 03:03:00-04:00,7674.0,7675.75,7674.0,7675.25,161
2026-08-21 03:04:00-04:00,7675.25,7675.5,7675.0,7675.25,158
2026-08-21 03:05:00-04:00,7675.25,7676.25,7675.0,7676.0,224
2026-08-21 03:06:00-04:00,7676.0,7676.75,7675.5,7676.0,331
2026-08-21 03:07:00-04:00,7675.75,7676.5,7675.25,7676.25,192
2026-08-21 03:08:00-04:00,7676.25,7676.75,7675.75,7676.75,244
2026-08-21 03:09:00-04:00,7676.5,7676.75,7676.0,7676.0,147
2026-08-21 03:10:00-04:00,7676.0,7676.25,7675.5,7676.0,143
2026-08-21 03:11:00-04:00,7676.0,7676.5,7676.0,7676.25,72
2026-08-21 03:12:00-04:00,7676.25,7676.5,7675.75,7675.75,117
2026-08-21 03:13:00-04:00,7675.75,7677.0,7675.25,7676.5,238
2026-08-21 03:14:00-04:00,7676.5,7678.0,7676.5,7678.0,324
2026-08-21 03:15:00-04:00,7677.75,7677.75,7676.5,7677.0,212
2026-08-21 03:16:00-04:00,7677.0,7677.5,7676.0,7676.25,197
2026-08-21 03:17:00-04:00,7676.25,7677.25,7676.25,7677.0,200
2026-08-21 03:18:00-04:00,7677.0,7677.75,7676.75,7677.0,257
2026-08-21 03:19:00-04:00,7677.0,7677.25,7676.5,7677.25,178
2026-08-21 03:20:00-04:00,7677.5,7677.5,7676.75,7676.75,112
2026-08-21 03:21:00-04:00,7676.75,7677.5,7676.75,7677.0,265
2026-08-21 03:22:00-04:00,7676.75,7678.0,7676.5,7677.75,155
2026-08-21 03:23:00-04:00,7677.75,7678.0,7677.25,7678.0,171
2026-08-21 03:24:00-04:00,7678.0,7679.25,7678.0,7679.0,397
2026-08-21 03:25:00-04:00,7679.25,7679.25,7677.5,7678.25,340
2026-08-21 03:26:00-04:00,7678.5,7678.5,7677.75,7678.0,126
2026-08-21 03:27:00-04:00,7678.0,7678.0,7677.0,7677.0,70
2026-08-21 03:28:00-04:00,7677.0,7677.0,7676.5,7676.75,97
2026-08-21 03:29:00-04:00,7676.75,7676.75,7676.5,7676.5,56
2026-08-21 03:30:00-04:00,7676.5,7677.25,7676.25,7677.0,362
2026-08-21 03:31:00-04:00,7677.0,7677.75,7676.75,7677.25,304
2026-08-21 03:32:00-04:00,7677.25,7679.0,7677.25,7678.75,172
2026-08-21 03:33:00-04:00,7679.0,7680.75,7679.0,7680.5,624
2026-08-21 03:34:00-04:00,7680.25,7680.5,7679.75,7680.5,300
2026-08-21 03:35:00-04:00,7680.5,7680.75,7679.5,7679.5,221
2026-08-21 03:36:00-04:00,7679.25,7680.75,7679.0,7680.0,256
2026-08-21 03:37:00-04:00,7680.25,7680.5,7679.5,7680.0,215
2026-08-21 03:38:00-04:00,7680.0,7680.25,7679.25,7679.75,259
2026-08-21 03:39:00-04:00,7679.75,7680.75,7679.75,7680.5,334
2026-08-21 03:40:00-04:00,7680.25,7680.75,7679.5,7679.5,207
2026-08-21 03:41:00-04:00,7679.75,7680.75,7679.75,7680.75,208
2026-08-21 03:42:00-04:00,7680.75,7681.75,7680.75,7681.5,288
2026-08-21 03:43:00-04:00,7681.5,7682.0,7680.75,7680.75,274
2026-08-21 03:44:00-04:00,7680.75,7681.0,7678.75,7679.5,365
2026-08-21 03:45:00-04:00,7679.25,7680.25,7679.0,7679.25,318
2026-08-21 03:46:00-04:00,7679.25,7679.25,7678.75,7679.0,140
2026-08-21 03:47:00-04:00,7678.75,7681.75,7678.5,7681.75,348
2026-08-21 03:48:00-04:00,7681.75,7682.25,7681.25,7681.75,304
2026-08-21 03:49:00-04:00,7681.75,7682.0,7680.25,7681.0,160
2026-08-21 03:50:00-04:00,7681.0,7681.25,7680.25,7680.5,70
2026-08-21 03:51:00-04:00,7680.5,7680.5,7680.25,7680.25,90
2026-08-21 03:52:00-04:00,7680.25,7681.0,7680.0,7681.0,228
2026-08-21 03:53:00-04:00,7681.0,7681.75,7681.0,7681.25,126
2026-08-21 03:54:00-04:00,7681.25,7681.25,7680.5,7680.75,63
2026-08-21 03:55:00-04:00,7680.5,7681.0,7679.5,7681.0,303
2026-08-21 03:56:00-04:00,7681.0,7681.5,7681.0,7681.25,122
2026-08-21 03:57:00-04:00,7681.25,7681.5,7680.5,7680.75,90
2026-08-21 03:58:00-04:00,7680.5,7681.25,7680.5,7681.25,71
2026-08-21 03:59:00-04:00,7681.0,7682.0,7680.75,7682.0,68
2026-08-21 04:00:00-04:00,7682.0,7683.5,7681.25,7683.25,451
2026-08-21 04:01:00-04:00,7683.25,7683.5,7682.25,7682.5,306
2026-08-21 04:02:00-04:00,7682.5,7682.75,7681.75,7682.75,168
2026-08-21 04:03:00-04:00,7682.75,7683.75,7682.75,7683.0,225
2026-08-21 04:04:00-04:00,7683.0,7683.25,7682.75,7683.25,119
2026-08-21 04:05:00-04:00,7683.0,7683.0,7680.25,7680.25,361
2026-08-21 04:06:00-04:00,7680.25,7680.25,7677.5,7678.0,430
2026-08-21 04:07:00-04:00,7677.75,7679.0,7677.75,7678.75,293
2026-08-21 04:08:00-04:00,7678.75,7679.0,7678.0,7678.25,201
2026-08-21 04:09:00-04:00,7678.25,7679.75,7678.0,7679.5,189
2026-08-21 04:10:00-04:00,7679.5,7680.5,7679.25,7679.25,248
2026-08-21 04:11:00-04:00,7679.0,7679.5,7678.75,7679.0,174
2026-08-21 04:12:00-04:00,7679.0,7680.75,7679.0,7680.5,174
2026-08-21 04:13:00-04:00,7680.25,7680.25,7679.0,7679.5,163
2026-08-21 04:14:00-04:00,7679.75,7680.0,7679.5,7679.75,104
2026-08-21 04:15:00-04:00,7679.75,7680.0,7679.5,7679.5,83
2026-08-21 04:16:00-04:00,7679.5,7679.5,7679.0,7679.0,111
2026-08-21 04:17:00-04:00,7678.75,7681.25,7678.5,7681.25,174
2026-08-21 04:18:00-04:00,7681.25,7682.0,7681.0,7682.0,142
2026-08-21 04:19:00-04:00,7682.0,7682.75,7681.25,7682.25,209
2026-08-21 04:20:00-04:00,7682.0,7682.5,7682.0,7682.25,163
2026-08-21 04:21:00-04:00,7682.0,7682.0,7680.5,7681.25,237
2026-08-21 04:22:00-04:00,7681.25,7681.5,7679.75,7680.5,251
2026-08-21 04:23:00-04:00,7680.25,7680.75,7679.5,7680.75,253
2026-08-21 04:24:00-04:00,7680.5,7681.25,7680.5,7681.0,121
2026-08-21 04:25:00-04:00,7681.25,7682.75,7681.0,7682.25,250
2026-08-21 04:26:00-04:00,7682.25,7682.75,7682.25,7682.75,90
2026-08-21 04:27:00-04:00,7682.75,7684.0,7682.5,7683.75,211
2026-08-21 04:28:00-04:00,7684.0,7684.25,7683.25,7683.5,157
2026-08-21 04:29:00-04:00,7683.75,7683.75,7683.25,7683.75,102
2026-08-21 04:30:00-04:00,7683.5,7685.0,7683.25,7684.75,228
2026-08-21 04:31:00-04:00,7684.5,7684.5,7683.25,7684.0,384
2026-08-21 04:32:00-04:00,7684.0,7684.25,7683.75,7684.0,175
2026-08-21 04:33:00-04:00,7684.0,7684.5,7683.75,7684.5,103
2026-08-21 04:34:00-04:00,7684.75,7684.75,7683.25,7684.0,170
2026-08-21 04:35:00-04:00,7684.0,7684.75,7684.0,7684.75,99
2026-08-21 04:36:00-04:00,7684.75,7685.0,7684.75,7684.75,343
2026-08-21 04:37:00-04:00,7685.0,7685.5,7684.75,7685.5,110
2026-08-21 04:38:00-04:00,7685.25,7685.5,7685.0,7685.25,281
2026-08-21 04:39:00-04:00,7685.25,7685.75,7685.0,7685.5,177
2026-08-21 04:40:00-04:00,7685.75,7686.5,7685.25,7685.75,481
2026-08-21 04:41:00-04:00,7685.75,7686.5,7685.75,7686.25,195
2026-08-21 04:42:00-04:00,7686.25,7686.5,7685.25,7685.75,936
2026-08-21 04:43:00-04:00,7685.75,7685.75,7685.0,7685.5,339
2026-08-21 04:44:00-04:00,7685.5,7686.75,7685.5,7686.5,212
2026-08-21 04:45:00-04:00,7686.5,7686.5,7685.75,7686.0,161
2026-08-21 04:46:00-04:00,7686.25,7686.75,7686.0,7686.5,214
2026-08-21 04:47:00-04:00,7686.5,7686.5,7686.25,7686.5,142
2026-08-21 04:48:00-04:00,7686.25,7686.25,7685.75,7686.0,130
2026-08-21 04:49:00-04:00,7686.25,7686.25,7685.75,7685.75,86
2026-08-21 04:50:00-04:00,7685.75,7686.5,7685.75,7686.25,154
2026-08-21 04:51:00-04:00,7686.25,7690.25,7686.25,7688.5,1242
2026-08-21 04:52:00-04:00,7688.75,7688.75,7687.25,7687.5,339
2026-08-21 04:53:00-04:00,7687.5,7687.5,7686.5,7686.75,136
2026-08-21 04:54:00-04:00,7687.0,7687.75,7687.0,7687.25,140
2026-08-21 04:55:00-04:00,7687.5,7687.75,7687.25,7687.5,97
2026-08-21 04:56:00-04:00,7687.5,7687.75,7687.25,7687.5,66
2026-08-21 04:57:00-04:00,7687.5,7688.0,7687.25,7687.5,86
2026-08-21 04:58:00-04:00,7687.5,7688.75,7687.5,7687.75,240
2026-08-21 04:59:00-04:00,7687.75,7688.0,7687.5,7687.5,74
2026-08-21 05:00:00-04:00,7687.5,7687.75,7686.75,7687.0,165
2026-08-21 05:01:00-04:00,7686.75,7687.25,7686.25,7686.25,232
2026-08-21 05:02:00-04:00,7686.5,7686.5,7684.25,7685.0,364
2026-08-21 05:03:00-04:00,7685.0,7685.25,7684.25,7685.25,149
2026-08-21 05:04:00-04:00,7685.25,7685.75,7685.0,7685.0,122
2026-08-21 05:05:00-04:00,7684.75,7685.25,7684.25,7684.5,168
2026-08-21 05:06:00-04:00,7684.5,7684.5,7683.75,7684.0,152
2026-08-21 05:07:00-04:00,7684.25,7684.25,7682.75,7684.0,556
2026-08-21 05:08:00-04:00,7684.0,7684.25,7682.5,7683.5,469
2026-08-21 05:09:00-04:00,7683.5,7683.5,7682.25,7683.0,464
2026-08-21 05:10:00-04:00,7683.0,7684.0,7681.75,7683.75,425
2026-08-21 05:11:00-04:00,7684.0,7684.75,7683.75,7684.5,323
2026-08-21 05:12:00-04:00,7684.5,7684.5,7683.25,7684.25,323
2026-08-21 05:13:00-04:00,7684.5,7684.5,7684.0,7684.25,195
2026-08-21 05:14:00-04:00,7684.25,7686.25,7684.25,7686.0,723
2026-08-21 05:15:00-04:00,7686.0,7686.5,7685.25,7685.5,289
2026-08-21 05:16:00-04:00,7685.5,7687.0,7685.25,7686.5,230
2026-08-21 05:17:00-04:00,7686.5,7687.0,7686.25,7686.75,115
2026-08-21 05:18:00-04:00,7686.75,7686.75,7686.0,7686.5,145
2026-08-21 05:19:00-04:00,7686.5,7686.75,7686.0,7686.0,101
2026-08-21 05:20:00-04:00,7686.0,7686.5,7686.0,7686.25,169
2026-08-21 05:21:00-04:00,7686.5,7686.5,7686.25,7686.25,71
2026-08-21 05:22:00-04:00,7686.25,7686.5,7686.0,7686.5,80
2026-08-21 05:23:00-04:00,7686.5,7686.5,7685.75,7686.25,133
2026-08-21 05:24:00-04:00,7686.25,7686.25,7685.25,7685.5,134
2026-08-21 05:25:00-04:00,7685.75,7686.25,7685.5,7685.5,84
2026-08-21 05:26:00-04:00,7685.5,7685.75,7685.25,7685.5,88
2026-08-21 05:27:00-04:00,7685.25,7686.0,7685.25,7685.75,106
2026-08-21 05:28:00-04:00,7686.0,7686.0,7685.0,7685.25,137
2026-08-21 05:29:00-04:00,7685.5,7685.5,7684.75,7685.0,163
2026-08-21 05:30:00-04:00,7685.0,7686.0,7685.0,7685.0,138
2026-08-21 05:31:00-04:00,7685.25,7685.5,7684.25,7685.25,131
2026-08-21 05:32:00-04:00,7685.25,7685.75,7685.0,7685.5,124
2026-08-21 05:33:00-04:00,7685.5,7685.5,7685.0,7685.25,69
2026-08-21 05:34:00-04:00,7685.25,7685.25,7684.75,7685.0,153
2026-08-21 05:35:00-04:00,7685.0,7686.75,7685.0,7686.75,591
2026-08-21 05:36:00-04:00,7686.75,7687.5,7686.25,7687.5,220
2026-08-21 05:37:00-04:00,7687.75,7687.75,7687.25,7687.5,179
2026-08-21 05:38:00-04:00,7687.5,7687.5,7687.25,7687.25,82
2026-08-21 05:39:00-04:00,7687.0,7687.5,7686.75,7687.25,146
2026-08-21 05:40:00-04:00,7687.25,7688.0,7687.0,7687.5,254
2026-08-21 05:41:00-04:00,7687.5,7687.75,7687.0,7687.5,171
2026-08-21 05:42:00-04:00,7687.5,7688.0,7687.25,7687.5,255
2026-08-21 05:43:00-04:00,7687.5,7688.5,7687.5,7688.25,271
2026-08-21 05:44:00-04:00,7688.25,7688.25,7687.25,7687.5,100
2026-08-21 05:45:00-04:00,7687.5,7687.75,7686.5,7686.5,206
2026-08-21 05:46:00-04:00,7686.5,7686.75,7686.25,7686.5,92
2026-08-21 05:47:00-04:00,7686.5,7686.75,7686.0,7686.5,74
2026-08-21 05:48:00-04:00,7686.75,7686.75,7686.25,7686.5,93
2026-08-21 05:49:00-04:00,7686.5,7687.5,7686.5,7687.5,128
2026-08-21 05:50:00-04:00,7687.5,7687.5,7686.0,7687.0,190
2026-08-21 05:51:00-04:00,7686.75,7688.0,7686.75,7688.0,86
2026-08-21 05:52:00-04:00,7688.0,7688.5,7687.25,7687.25,197
2026-08-21 05:53:00-04:00,7687.5,7688.0,7687.25,7687.5,95
2026-08-21 05:54:00-04:00,7687.25,7687.75,7687.25,7687.75,80
2026-08-21 05:55:00-04:00,7688.0,7688.25,7687.75,7688.0,199
2026-08-21 05:56:00-04:00,7688.0,7688.5,7688.0,7688.25,103
2026-08-21 05:57:00-04:00,7688.5,7688.75,7688.25,7688.5,129
2026-08-21 05:58:00-04:00,7688.5,7689.0,7688.0,7688.0,118
2026-08-21 05:59:00-04:00,7688.0,7688.25,7687.5,7687.75,175
2026-08-21 06:00:00-04:00,7688.0,7691.25,7688.0,7690.5,1070
2026-08-21 06:01:00-04:00,7690.75,7691.75,7690.0,7691.75,429
2026-08-21 06:02:00-04:00,7691.25,7692.25,7691.0,7691.25,258
2026-08-21 06:03:00-04:00,7691.25,7691.25,7690.75,7690.75,224
2026-08-21 06:04:00-04:00,7691.0,7691.5,7691.0,7691.0,133
2026-08-21 06:05:00-04:00,7691.0,7691.5,7690.75,7691.25,128
2026-08-21 06:06:00-04:00,7691.5,7691.75,7690.75,7691.0,215
2026-08-21 06:07:00-04:00,7691.25,7691.25,7689.0,7689.0,316
2026-08-21 06:08:00-04:00,7688.75,7689.25,7687.75,7688.25,342
2026-08-21 06:09:00-04:00,7687.75,7688.75,7687.25,7688.25,251
2026-08-21 06:10:00-04:00,7688.25,7688.5,7687.5,7687.75,193
2026-08-21 06:11:00-04:00,7688.0,7688.25,7686.75,7686.75,234
2026-08-21 06:12:00-04:00,7687.0,7687.5,7686.5,7686.75,115
2026-08-21 06:13:00-04:00,7686.5,7686.5,7685.5,7686.25,234
2026-08-21 06:14:00-04:00,7686.5,7687.25,7686.25,7686.75,238
2026-08-21 06:15:00-04:00,7687.0,7687.0,7686.25,7687.0,205
2026-08-21 06:16:00-04:00,7687.25,7687.75,7687.25,7687.5,143
2026-08-21 06:17:00-04:00,7687.5,7687.75,7687.0,7687.75,151
2026-08-21 06:18:00-04:00,7687.75,7688.0,7687.25,7688.0,145
2026-08-21 06:19:00-04:00,7688.0,7688.25,7686.75,7686.75,97
2026-08-21 06:20:00-04:00,7687.0,7687.0,7685.75,7686.0,69
2026-08-21 06:21:00-04:00,7686.25,7686.75,7686.25,7686.25,62
2026-08-21 06:22:00-04:00,7686.5,7687.0,7686.5,7687.0,37
2026-08-21 06:23:00-04:00,7687.0,7687.0,7686.25,7686.25,150
2026-08-21 06:24:00-04:00,7686.25,7687.25,7686.25,7687.0,63
2026-08-21 06:25:00-04:00,7687.0,7687.75,7687.0,7687.75,88
2026-08-21 06:26:00-04:00,7687.75,7688.5,7687.75,7688.25,194
2026-08-21 06:27:00-04:00,7688.0,7688.25,7687.75,7687.75,168
2026-08-21 06:28:00-04:00,7687.75,7688.5,7687.75,7688.5,37
2026-08-21 06:29:00-04:00,7688.75,7689.0,7688.25,7688.75,105
2026-08-21 06:30:00-04:00,7688.75,7688.75,7688.5,7688.75,74
2026-08-21 06:31:00-04:00,7689.0,7689.0,7688.25,7688.25,58
2026-08-21 06:32:00-04:00,7688.5,7689.25,7688.25,7688.5,108
2026-08-21 06:33:00-04:00,7688.25,7688.25,7687.5,7687.75,180
2026-08-21 06:34:00-04:00,7687.75,7687.75,7687.25,7687.5,109
2026-08-21 06:35:00-04:00,7687.25,7687.5,7687.0,7687.25,69
2026-08-21 06:36:00-04:00,7687.25,7688.5,7687.0,7687.0,160
2026-08-21 06:37:00-04:00,7687.25,7687.75,7687.25,7687.5,99
2026-08-21 06:38:00-04:00,7687.5,7688.0,7687.5,7687.75,45
2026-08-21 06:39:00-04:00,7687.75,7688.25,7687.75,7688.0,23
2026-08-21 06:40:00-04:00,7688.0,7688.25,7688.0,7688.25,42
2026-08-21 06:41:00-04:00,7688.5,7688.5,7688.0,7688.25,79
2026-08-21 06:42:00-04:00,7688.25,7688.25,7688.0,7688.0,18
2026-08-21 06:43:00-04:00,7688.0,7688.0,7687.5,7687.75,129
2026-08-21 06:44:00-04:00,7687.5,7687.75,7686.0,7686.75,221
2026-08-21 06:45:00-04:00,7686.75,7687.25,7686.75,7687.0,109
2026-08-21 06:46:00-04:00,7687.0,7687.5,7686.75,7687.5,103
2026-08-21 06:47:00-04:00,7687.5,7687.5,7687.25,7687.5,35
2026-08-21 06:48:00-04:00,7687.25,7687.75,7687.25,7687.75,70
2026-08-21 06:49:00-04:00,7687.5,7687.75,7687.0,7687.5,72
2026-08-21 06:50:00-04:00,7687.25,7687.5,7686.75,7686.75,106
2026-08-21 06:51:00-04:00,7686.75,7687.5,7686.75,7687.5,51
2026-08-21 06:52:00-04:00,7687.5,7689.0,7687.25,7688.5,207
2026-08-21 06:53:00-04:00,7688.25,7688.25,7687.5,7688.0,101
2026-08-21 06:54:00-04:00,7688.0,7688.25,7687.75,7688.25,120
2026-08-21 06:55:00-04:00,7688.25,7688.5,7688.25,7688.25,60
2026-08-21 06:56:00-04:00,7688.25,7688.75,7688.25,7688.5,113
2026-08-21 06:57:00-04:00,7688.5,7688.75,7688.0,7688.0,219
2026-08-21 06:58:00-04:00,7688.0,7688.0,7687.25,7687.5,155
2026-08-21 06:59:00-04:00,7687.75,7688.5,7687.75,7688.5,103
2026-08-21 07:00:00-04:00,7688.5,7688.5,7686.0,7686.0,413
2026-08-21 07:01:00-04:00,7686.0,7686.25,7685.75,7686.0,101
2026-08-21 07:02:00-04:00,7686.0,7686.0,7685.25,7685.25,140
2026-08-21 07:03:00-04:00,7685.0,7685.5,7684.75,7685.0,175
2026-08-21 07:04:00-04:00,7685.0,7686.0,7685.0,7686.0,190
2026-08-21 07:05:00-04:00,7686.0,7689.0,7686.0,7688.5,355
2026-08-21 07:06:00-04:00,7688.5,7689.75,7687.75,7688.5,698
2026-08-21 07:07:00-04:00,7688.5,7688.75,7688.0,7688.25,133
2026-08-21 07:08:00-04:00,7688.0,7688.0,7687.5,7687.5,111
2026-08-21 07:09:00-04:00,7687.5,7688.75,7687.5,7688.75,69
2026-08-21 07:10:00-04:00,7688.5,7689.0,7688.25,7689.0,112
2026-08-21 07:11:00-04:00,7688.75,7689.25,7688.25,7688.75,108
2026-08-21 07:12:00-04:00,7688.75,7688.75,7687.0,7687.25,81
2026-08-21 07:13:00-04:00,7687.25,7687.5,7686.75,7687.25,81
2026-08-21 07:14:00-04:00,7687.0,7687.5,7687.0,7687.5,49
2026-08-21 07:15:00-04:00,7687.75,7689.0,7687.5,7688.75,201
2026-08-21 07:16:00-04:00,7688.75,7689.5,7688.75,7688.75,158
2026-08-21 07:17:00-04:00,7689.0,7689.25,7688.75,7689.25,104
2026-08-21 07:18:00-04:00,7689.25,7690.0,7689.0,7689.75,105
2026-08-21 07:19:00-04:00,7689.75,7689.75,7689.25,7689.25,101
2026-08-21 07:20:00-04:00,7689.0,7689.5,7689.0,7689.5,52
2026-08-21 07:21:00-04:00,7689.25,7690.75,7689.25,7690.25,205
2026-08-21 07:22:00-04:00,7690.5,7694.5,7690.5,7692.0,2525
2026-08-21 07:23:00-04:00,7692.25,7694.5,7691.5,7694.0,470
2026-08-21 07:24:00-04:00,7694.25,7697.0,7694.0,7696.75,1322
2026-08-21 07:25:00-04:00,7696.75,7698.0,7694.25,7698.0,1015
2026-08-21 07:26:00-04:00,7698.0,7698.0,7695.75,7695.75,616
2026-08-21 07:27:00-04:00,7695.75,7697.25,7695.0,7695.25,917
2026-08-21 07:28:00-04:00,7695.25,7696.75,7695.0,7696.0,239
2026-08-21 07:29:00-04:00,7696.25,7697.0,7695.75,7696.75,269
2026-08-21 07:30:00-04:00,7696.5,7697.25,7695.25,7697.0,369
2026-08-21 07:31:00-04:00,7697.25,7698.5,7696.25,7698.5,569
2026-08-21 07:32:00-04:00,7698.25,7698.25,7694.5,7694.5,410
2026-08-21 07:33:00-04:00,7694.75,7696.75,7694.5,7696.5,377
2026-08-21 07:34:00-04:00,7697.0,7697.25,7693.75,7695.75,721
2026-08-21 07:35:00-04:00,7695.75,7698.25,7695.5,7698.25,245
2026-08-21 07:36:00-04:00,7698.5,7699.5,7697.25,7697.5,697
2026-08-21 07:37:00-04:00,7697.5,7699.0,7697.25,7698.5,317
2026-08-21 07:38:00-04:00,7698.75,7699.25,7696.5,7696.5,274
2026-08-21 07:39:00-04:00,7696.75,7697.25,7695.75,7696.5,214
2026-08-21 07:40:00-04:00,7696.25,7697.5,7695.75,7696.0,340
2026-08-21 07:41:00-04:00,7696.0,7697.25,7695.0,7697.0,363
2026-08-21 07:42:00-04:00,7697.0,7698.0,7697.0,7697.25,825
2026-08-21 07:43:00-04:00,7697.25,7697.5,7696.5,7696.75,494
2026-08-21 07:44:00-04:00,7697.0,7698.5,7696.75,7698.5,385
2026-08-21 07:45:00-04:00,7698.5,7698.75,7697.25,7697.5,301
2026-08-21 07:46:00-04:00,7697.75,7698.0,7695.75,7696.25,280
2026-08-21 07:47:00-04:00,7696.25,7697.0,7696.0,7696.0,191
2026-08-21 07:48:00-04:00,7696.0,7696.0,7693.0,7695.75,1119
2026-08-21 07:49:00-04:00,7695.5,7695.75,7695.25,7695.5,159
2026-08-21 07:50:00-04:00,7695.5,7695.75,7694.75,7695.25,241
2026-08-21 07:51:00-04:00,7695.25,7695.25,7694.75,7695.0,175
2026-08-21 07:52:00-04:00,7694.75,7695.5,7694.25,7695.25,207
2026-08-21 07:53:00-04:00,7695.25,7695.5,7695.0,7695.5,123
2026-08-21 07:54:00-04:00,7695.5,7695.5,7695.0,7695.0,91
2026-08-21 07:55:00-04:00,7695.0,7695.5,7694.75,7695.5,90
2026-08-21 07:56:00-04:00,7695.5,7696.25,7695.25,7695.5,189
2026-08-21 07:57:00-04:00,7695.25,7696.0,7695.25,7695.75,102
2026-08-21 07:58:00-04:00,7696.0,7696.25,7695.5,7695.5,144
2026-08-21 07:59:00-04:00,7695.5,7695.75,7695.0,7695.0,199
2026-08-21 08:00:00-04:00,7695.25,7696.0,7694.25,7694.5,530
2026-08-21 08:01:00-04:00,7694.75,7695.5,7694.25,7695.0,323
2026-08-21 08:02:00-04:00,7694.75,7694.75,7693.0,7693.25,556
2026-08-21 08:03:00-04:00,7693.0,7694.75,7693.0,7693.75,457
2026-08-21 08:04:00-04:00,7693.5,7694.5,7693.25,7694.5,344
2026-08-21 08:05:00-04:00,7694.5,7696.75,7694.25,7695.25,1181
2026-08-21 08:06:00-04:00,7695.25,7696.25,7694.75,7695.75,440
2026-08-21 08:07:00-04:00,7695.75,7696.0,7695.25,7695.75,309
2026-08-21 08:08:00-04:00,7696.0,7696.75,7695.75,7696.25,297
2026-08-21 08:09:00-04:00,7696.0,7696.75,7695.75,7696.5,172
2026-08-21 08:10:00-04:00,7696.5,7696.5,7695.75,7696.25,258
2026-08-21 08:11:00-04:00,7696.0,7696.5,7695.5,7696.0,184
2026-08-21 08:12:00-04:00,7695.75,7696.0,7695.0,7695.75,384
2026-08-21 08:13:00-04:00,7695.75,7696.0,7695.5,7695.75,194
2026-08-21 08:14:00-04:00,7695.75,7695.75,7693.75,7694.0,668
2026-08-21 08:15:00-04:00,7694.0,7694.5,7693.25,7694.25,367
2026-08-21 08:16:00-04:00,7694.25,7694.5,7693.75,7693.75,495
2026-08-21 08:17:00-04:00,7693.75,7696.5,7693.5,7696.25,455
2026-08-21 08:18:00-04:00,7696.25,7696.5,7695.5,7695.5,297
2026-08-21 08:19:00-04:00,7695.75,7696.5,7695.5,7696.0,176
2026-08-21 08:20:00-04:00,7696.0,7696.0,7694.5,7694.5,528
2026-08-21 08:21:00-04:00,7694.75,7695.0,7694.25,7694.25,283
2026-08-21 08:22:00-04:00,7694.5,7695.0,7693.5,7694.75,968
2026-08-21 08:23:00-04:00,7694.75,7696.0,7694.25,7696.0,486
2026-08-21 08:24:00-04:00,7696.25,7698.0,7696.0,7697.75,514
2026-08-21 08:25:00-04:00,7697.75,7697.75,7697.25,7697.5,283
2026-08-21 08:26:00-04:00,7697.75,7698.75,7697.5,7698.75,450
2026-08-21 08:27:00-04:00,7698.75,7700.0,7698.25,7698.75,1053
2026-08-21 08:28:00-04:00,7698.5,7699.5,7698.5,7699.0,312
2026-08-21 08:29:00-04:00,7699.25,7701.0,7699.0,7701.0,723
2026-08-21 08:30:00-04:00,7700.75,7702.0,7699.75,7700.25,1824
2026-08-21 08:31:00-04:00,7700.5,7702.75,7699.75,7702.5,739
2026-08-21 08:32:00-04:00,7702.75,7702.75,7701.75,7702.5,868
2026-08-21 08:33:00-04:00,7702.5,7703.25,7700.25,7700.5,923
2026-08-21 08:34:00-04:00,7700.5,7701.25,7700.0,7700.75,691
2026-08-21 08:35:00-04:00,7700.75,7701.25,7699.5,7700.0,629
2026-08-21 08:36:00-04:00,7700.0,7700.75,7699.5,7700.5,312
2026-08-21 08:37:00-04:00,7700.25,7700.5,7699.0,7699.75,1893
2026-08-21 08:38:00-04:00,7699.75,7699.75,7698.25,7699.0,382
2026-08-21 08:39:00-04:00,7699.0,7700.5,7698.75,7700.25,496
2026-08-21 08:40:00-04:00,7700.25,7700.25,7699.5,7699.75,424
2026-08-21 08:41:00-04:00,7700.0,7702.0,7700.0,7702.0,360
2026-08-21 08:42:00-04:00,7702.0,7702.25,7701.75,7702.25,361
2026-08-21 08:43:00-04:00,7702.25,7704.75,7702.25,7704.0,1693
2026-08-21 08:44:00-04:00,7703.75,7704.25,7703.5,7704.0,608
2026-08-21 08:45:00-04:00,7704.5,7704.5,7702.75,7703.0,826
2026-08-21 08:46:00-04:00,7703.0,7703.25,7702.0,7702.0,295
2026-08-21 08:47:00-04:00,7702.0,7702.5,7700.0,7702.25,1602
2026-08-21 08:48:00-04:00,7702.25,7703.25,7702.25,7703.0,375
2026-08-21 08:49:00-04:00,7703.0,7703.75,7702.75,7703.75,203
2026-08-21 08:50:00-04:00,7703.5,7703.75,7703.0,7703.5,360
2026-08-21 08:51:00-04:00,7703.25,7703.5,7702.5,7703.0,294
2026-08-21 08:52:00-04:00,7702.75,7703.0,7701.25,7701.25,268
2026-08-21 08:53:00-04:00,7701.25,7701.5,7700.75,7701.0,424
2026-08-21 08:54:00-04:00,7701.0,7701.25,7700.0,7700.75,403
2026-08-21 08:55:00-04:00,7701.0,7701.0,7700.25,7700.75,214
2026-08-21 08:56:00-04:00,7700.75,7701.25,7700.25,7700.5,326
2026-08-21 08:57:00-04:00,7700.5,7701.0,7700.5,7700.5,197
2026-08-21 08:58:00-04:00,7700.75,7701.0,7700.75,7700.75,232
2026-08-21 08:59:00-04:00,7700.75,7701.0,7700.5,7700.75,176
2026-08-21 09:00:00-04:00,7701.0,7702.25,7700.75,7702.25,606
2026-08-21 09:01:00-04:00,7702.25,7702.25,7701.5,7701.75,297
2026-08-21 09:02:00-04:00,7701.75,7702.0,7701.25,7701.75,267
2026-08-21 09:03:00-04:00,7701.75,7701.75,7699.5,7700.0,683
2026-08-21 09:04:00-04:00,7700.0,7700.5,7699.5,7700.25,629
2026-08-21 09:05:00-04:00,7700.25,7700.5,7698.5,7698.5,693
2026-08-21 09:06:00-04:00,7698.75,7698.75,7697.5,7698.25,899
2026-08-21 09:07:00-04:00,7698.25,7699.0,7698.0,7698.5,493
2026-08-21 09:08:00-04:00,7698.5,7698.75,7697.75,7698.0,315
2026-08-21 09:09:00-04:00,7698.0,7698.25,7695.75,7696.0,918
2026-08-21 09:10:00-04:00,7695.75,7696.25,7694.5,7695.0,1083
2026-08-21 09:11:00-04:00,7695.25,7695.25,7693.75,7694.0,757
2026-08-21 09:12:00-04:00,7693.75,7694.25,7693.25,7694.0,550
2026-08-21 09:13:00-04:00,7694.0,7694.0,7692.25,7692.25,740
2026-08-21 09:14:00-04:00,7692.25,7692.75,7690.75,7691.75,1217
2026-08-21 09:15:00-04:00,7691.75,7692.75,7691.0,7691.25,841
2026-08-21 09:16:00-04:00,7691.0,7691.75,7690.75,7691.0,609
2026-08-21 09:17:00-04:00,7691.0,7693.0,7690.75,7691.75,1878
2026-08-21 09:18:00-04:00,7691.75,7692.0,7689.75,7690.0,972
2026-08-21 09:19:00-04:00,7690.0,7691.0,7689.25,7689.5,1062
2026-08-21 09:20:00-04:00,7689.5,7690.0,7688.5,7689.25,1131
2026-08-21 09:21:00-04:00,7689.0,7689.75,7688.5,7689.5,973
2026-08-21 09:22:00-04:00,7689.5,7689.5,7688.5,7688.75,1016
2026-08-21 09:23:00-04:00,7689.0,7690.0,7688.5,7690.0,791
2026-08-21 09:24:00-04:00,7689.75,7690.5,7689.5,7690.25,763
2026-08-21 09:25:00-04:00,7690.25,7690.25,7685.25,7685.75,4009
2026-08-21 09:26:00-04:00,7685.75,7687.5,7685.75,7686.75,1126
2026-08-21 09:27:00-04:00,7687.0,7693.25,7686.75,7692.5,3726
2026-08-21 09:28:00-04:00,7692.0,7695.0,7691.75,7694.25,3672
2026-08-21 09:29:00-04:00,7694.5,7696.5,7692.0,7695.75,5036
2026-08-21 09:30:00-04:00,7695.75,7696.0,7688.25,7689.25,16973
2026-08-21 09:31:00-04:00,7689.25,7690.25,7687.0,7688.75,7937
2026-08-21 09:32:00-04:00,7688.75,7691.25,7685.75,7687.25,5987
2026-08-21 09:33:00-04:00,7687.5,7687.75,7683.5,7685.25,5418
2026-08-21 09:34:00-04:00,7685.5,7687.25,7683.5,7683.5,4971
2026-08-21 09:35:00-04:00,7683.5,7684.0,7681.25,7683.25,7069
2026-08-21 09:36:00-04:00,7683.25,7684.5,7681.75,7684.5,4502
2026-08-21 09:37:00-04:00,7684.5,7687.0,7682.5,7686.5,4849
2026-08-21 09:38:00-04:00,7686.5,7687.0,7683.75,7685.75,3880
2026-08-21 09:39:00-04:00,7685.25,7686.5,7681.25,7686.25,5096
2026-08-21 09:40:00-04:00,7686.0,7687.75,7685.25,7685.75,4668
2026-08-21 09:41:00-04:00,7685.75,7688.25,7685.25,7685.75,3941
2026-08-21 09:42:00-04:00,7685.75,7688.0,7685.25,7685.5,2803
2026-08-21 09:43:00-04:00,7685.5,7685.5,7683.0,7683.5,2784
2026-08-21 09:44:00-04:00,7683.5,7687.5,7682.75,7686.5,2506
2026-08-21 09:45:00-04:00,7686.5,7689.5,7685.25,7686.5,4080
2026-08-21 09:46:00-04:00,7686.5,7688.5,7685.25,7687.25,3448
2026-08-21 09:47:00-04:00,7687.0,7688.0,7683.25,7685.25,3441
2026-08-21 09:48:00-04:00,7685.5,7686.75,7682.5,7682.75,3126
2026-08-21 09:49:00-04:00,7682.75,7685.25,7682.0,7685.0,4720
2026-08-21 09:50:00-04:00,7685.0,7687.75,7684.25,7685.5,3008
2026-08-21 09:51:00-04:00,7685.5,7686.75,7682.25,7683.25,2669
2026-08-21 09:52:00-04:00,7683.0,7683.25,7680.25,7680.5,3371
2026-08-21 09:53:00-04:00,7680.5,7682.5,7679.25,7679.5,3365
2026-08-21 09:54:00-04:00,7679.5,7680.0,7676.75,7679.25,5085
2026-08-21 09:55:00-04:00,7679.5,7681.75,7679.0,7679.5,5197
2026-08-21 09:56:00-04:00,7679.25,7683.75,7679.0,7682.25,3249
2026-08-21 09:57:00-04:00,7682.5,7682.75,7679.75,7681.0,2227
2026-08-21 09:58:00-04:00,7681.0,7681.25,7678.0,7680.0,2619
2026-08-21 09:59:00-04:00,7680.0,7683.25,7679.5,7680.5,3061
2026-08-21 10:00:00-04:00,7680.5,7684.75,7680.5,7683.75,4560
2026-08-21 10:01:00-04:00,7683.5,7684.75,7682.5,7683.5,3210
2026-08-21 10:02:00-04:00,7683.75,7684.0,7680.75,7681.5,2888
2026-08-21 10:03:00-04:00,7681.25,7684.25,7680.75,7682.5,2820
2026-08-21 10:04:00-04:00,7682.5,7685.0,7682.25,7684.75,3157
2026-08-21 10:05:00-04:00,7684.5,7688.5,7684.5,7688.25,4653
2026-08-21 10:06:00-04:00,7688.25,7690.75,7687.25,7688.75,4868
2026-08-21 10:07:00-04:00,7689.0,7689.5,7687.0,7687.5,3336
2026-08-21 10:08:00-04:00,7687.75,7689.5,7686.75,7689.25,2699
2026-08-21 10:09:00-04:00,7689.25,7689.75,7686.75,7687.75,1775
2026-08-21 10:10:00-04:00,7687.75,7690.0,7686.25,7689.25,2788
2026-08-21 10:11:00-04:00,7689.0,7689.0,7686.75,7688.0,1975
2026-08-21 10:12:00-04:00,7688.0,7688.25,7684.5,7685.25,2675
2026-08-21 10:13:00-04:00,7685.25,7686.0,7682.5,7684.0,3260
2026-08-21 10:14:00-04:00,7684.0,7684.5,7681.0,7682.5,3786
2026-08-21 10:15:00-04:00,7682.5,7685.0,7682.25,7684.5,3499
2026-08-21 10:16:00-04:00,7684.75,7685.75,7681.75,7685.5,2740
2026-08-21 10:17:00-04:00,7685.5,7686.0,7682.0,7683.75,2165
2026-08-21 10:18:00-04:00,7683.5,7684.25,7682.5,7682.5,2060
2026-08-21 10:19:00-04:00,7682.5,7683.5,7681.0,7681.75,2024
2026-08-21 10:20:00-04:00,7681.5,7682.75,7680.75,7682.25,2521
2026-08-21 10:21:00-04:00,7682.25,7682.5,7680.0,7682.0,2700
2026-08-21 10:22:00-04:00,7682.0,7687.25,7681.75,7686.25,3025
2026-08-21 10:23:00-04:00,7686.25,7686.5,7683.5,7686.0,2608
2026-08-21 10:24:00-04:00,7685.75,7687.5,7682.25,7683.0,3172
2026-08-21 10:25:00-04:00,7683.0,7685.75,7682.5,7685.25,2658
2026-08-21 10:26:00-04:00,7685.0,7685.75,7684.0,7684.75,2777
2026-08-21 10:27:00-04:00,7684.5,7686.25,7684.0,7684.75,3241
2026-08-21 10:28:00-04:00,7684.75,7686.5,7684.0,7685.25,2639
2026-08-21 10:29:00-04:00,7685.5,7685.5,7681.25,7681.75,2666
2026-08-21 10:30:00-04:00,7681.75,7684.0,7681.5,7683.0,2583
2026-08-21 10:31:00-04:00,7682.75,7684.0,7682.25,7683.75,3577
2026-08-21 10:32:00-04:00,7683.75,7683.75,7681.0,7682.75,2688
2026-08-21 10:33:00-04:00,7682.5,7683.5,7681.25,7681.25,1867
2026-08-21 10:34:00-04:00,7681.25,7683.0,7680.0,7680.0,2823
2026-08-21 10:35:00-04:00,7680.0,7680.5,7678.5,7678.5,3195
2026-08-21 10:36:00-04:00,7678.75,7680.25,7677.75,7678.0,3579
2026-08-21 10:37:00-04:00,7678.0,7679.5,7677.5,7678.0,2433
2026-08-21 10:38:00-04:00,7678.0,7680.75,7678.0,7680.75,2331
2026-08-21 10:39:00-04:00,7681.0,7681.75,7678.5,7678.75,2575
2026-08-21 10:40:00-04:00,7678.75,7681.25,7678.5,7680.5,2078
2026-08-21 10:41:00-04:00,7680.25,7680.5,7677.25,7677.5,1495
2026-08-21 10:42:00-04:00,7677.5,7679.5,7677.25,7679.0,1636
2026-08-21 10:43:00-04:00,7678.75,7684.0,7678.75,7683.5,3695
2026-08-21 10:44:00-04:00,7682.75,7683.0,7680.5,7681.5,2132
2026-08-21 10:45:00-04:00,7681.5,7682.75,7680.75,7682.5,2304
2026-08-21 10:46:00-04:00,7682.25,7685.0,7682.25,7684.25,2495
2026-08-21 10:47:00-04:00,7684.5,7684.75,7681.25,7682.25,2755
2026-08-21 10:48:00-04:00,7682.5,7684.5,7682.5,7684.25,1657
2026-08-21 10:49:00-04:00,7684.25,7686.25,7683.75,7685.75,2064
2026-08-21 10:50:00-04:00,7685.75,7687.0,7684.75,7685.5,1922
2026-08-21 10:51:00-04:00,7685.5,7686.25,7684.25,7685.25,1740
2026-08-21 10:52:00-04:00,7685.0,7688.5,7684.25,7686.75,2965
2026-08-21 10:53:00-04:00,7686.75,7688.25,7686.5,7686.5,1902
2026-08-21 10:54:00-04:00,7686.25,7687.0,7684.0,7686.0,2364
2026-08-21 10:55:00-04:00,7686.0,7689.25,7685.0,7689.0,2257
2026-08-21 10:56:00-04:00,7689.0,7691.25,7688.0,7691.0,2735
2026-08-21 10:57:00-04:00,7691.0,7692.25,7690.0,7691.0,3030
2026-08-21 10:58:00-04:00,7691.0,7692.5,7690.5,7692.0,2362
2026-08-21 10:59:00-04:00,7692.25,7694.25,7692.0,7693.75,3194
2026-08-21 11:00:00-04:00,7693.75,7697.25,7692.75,7696.0,6359
2026-08-21 11:01:00-04:00,7696.25,7697.0,7693.25,7694.0,4230
2026-08-21 11:02:00-04:00,7694.0,7695.0,7692.75,7693.5,2595
2026-08-21 11:03:00-04:00,7693.25,7697.75,7693.25,7697.0,2207
2026-08-21 11:04:00-04:00,7697.25,7699.75,7696.75,7698.0,4003
2026-08-21 11:05:00-04:00,7698.0,7698.75,7695.5,7697.0,5032
2026-08-21 11:06:00-04:00,7697.0,7699.5,7696.75,7697.25,2674
2026-08-21 11:07:00-04:00,7697.75,7698.75,7696.5,7697.0,1810
2026-08-21 11:08:00-04:00,7696.75,7697.75,7696.0,7696.25,1372
2026-08-21 11:09:00-04:00,7696.25,7696.5,7693.25,7693.75,2912
2026-08-21 11:10:00-04:00,7693.75,7694.5,7693.25,7693.5,1730
2026-08-21 11:11:00-04:00,7693.5,7696.0,7693.5,7695.0,1899
2026-08-21 11:12:00-04:00,7695.25,7695.75,7693.75,7694.75,1177
2026-08-21 11:13:00-04:00,7694.5,7695.25,7693.5,7694.75,2257
2026-08-21 11:14:00-04:00,7694.75,7695.0,7692.25,7692.5,1982
2026-08-21 11:15:00-04:00,7692.5,7695.0,7692.25,7693.25,2124
2026-08-21 11:16:00-04:00,7693.25,7693.75,7691.5,7691.5,2078
2026-08-21 11:17:00-04:00,7691.5,7692.75,7691.25,7692.0,1818
2026-08-21 11:18:00-04:00,7692.0,7693.25,7691.25,7691.25,1586
2026-08-21 11:19:00-04:00,7691.5,7692.25,7690.75,7691.25,1745
2026-08-21 11:20:00-04:00,7691.25,7692.5,7690.5,7690.75,2284
2026-08-21 11:21:00-04:00,7690.5,7692.5,7689.75,7692.0,2155
2026-08-21 11:22:00-04:00,7692.0,7694.0,7692.0,7693.5,2234
2026-08-21 11:23:00-04:00,7693.5,7693.75,7692.75,7693.5,1074
2026-08-21 11:24:00-04:00,7693.5,7693.75,7689.5,7690.5,1656
2026-08-21 11:25:00-04:00,7690.25,7691.0,7689.5,7690.25,1787
2026-08-21 11:26:00-04:00,7690.0,7692.75,7689.75,7692.75,1879
2026-08-21 11:27:00-04:00,7692.5,7694.0,7692.0,7693.5,1938
2026-08-21 11:28:00-04:00,7693.5,7695.5,7692.75,7695.0,2120
2026-08-21 11:29:00-04:00,7694.75,7695.25,7694.0,7694.75,1475
2026-08-21 11:30:00-04:00,7694.75,7695.5,7693.75,7694.25,2659
2026-08-21 11:31:00-04:00,7694.25,7695.25,7693.5,7694.25,2070
2026-08-21 11:32:00-04:00,7694.25,7697.25,7694.0,7697.25,2663
2026-08-21 11:33:00-04:00,7697.0,7698.0,7696.75,7697.75,1923
2026-08-21 11:34:00-04:00,7697.75,7700.25,7697.5,7700.25,4572
2026-08-21 11:35:00-04:00,7700.0,7700.75,7699.75,7700.5,2947
2026-08-21 11:36:00-04:00,7700.5,7703.0,7700.5,7702.25,2635
2026-08-21 11:37:00-04:00,7702.5,7704.75,7701.5,7701.5,3457
2026-08-21 11:38:00-04:00,7701.5,7702.5,7700.75,7701.5,2636
2026-08-21 11:39:00-04:00,7701.75,7706.0,7701.75,7705.75,3713
2026-08-21 11:40:00-04:00,7706.0,7708.0,7704.75,7707.75,4064
2026-08-21 11:41:00-04:00,7707.75,7709.75,7707.5,7709.0,3512
2026-08-21 11:42:00-04:00,7709.25,7709.5,7707.0,7707.25,3357
2026-08-21 11:43:00-04:00,7707.0,7708.25,7706.25,7707.0,3259
2026-08-21 11:44:00-04:00,7707.25,7708.75,7706.75,7708.5,1925
2026-08-21 11:45:00-04:00,7708.5,7710.0,7708.5,7708.75,4289
2026-08-21 11:46:00-04:00,7709.0,7709.25,7707.5,7708.5,2175
2026-08-21 11:47:00-04:00,7708.75,7709.0,7707.5,7707.75,1346
2026-08-21 11:48:00-04:00,7707.75,7708.25,7705.25,7705.5,4571
2026-08-21 11:49:00-04:00,7705.25,7706.0,7704.75,7705.5,1550
2026-08-21 11:50:00-04:00,7705.75,7710.0,7705.5,7709.25,3825
2026-08-21 11:51:00-04:00,7709.25,7711.5,7709.0,7710.75,2911
2026-08-21 11:52:00-04:00,7711.0,7713.0,7710.75,7712.75,2705
2026-08-21 11:53:00-04:00,7712.75,7714.0,7712.0,7713.25,2561
2026-08-21 11:54:00-04:00,7713.25,7713.75,7712.0,7712.25,1952
2026-08-21 11:55:00-04:00,7712.25,7712.5,7710.25,7711.0,2258
2026-08-21 11:56:00-04:00,7711.0,7711.0,7709.0,7709.0,2550
2026-08-21 11:57:00-04:00,7708.75,7709.25,7707.25,7707.5,2081
2026-08-21 11:58:00-04:00,7707.75,7708.0,7706.75,7707.5,1930
2026-08-21 11:59:00-04:00,7707.5,7707.75,7706.0,7707.25,2168
2026-08-21 12:00:00-04:00,7707.25,7708.75,7705.25,7705.75,3553
2026-08-21 12:01:00-04:00,7705.75,7706.75,7705.0,7705.5,1697
2026-08-21 12:02:00-04:00,7705.5,7705.75,7703.25,7704.0,2560
2026-08-21 12:03:00-04:00,7704.0,7705.0,7703.75,7704.0,1513
2026-08-21 12:04:00-04:00,7704.0,7704.75,7701.5,7702.75,2499
2026-08-21 12:05:00-04:00,7702.75,7703.0,7700.75,7701.5,3397
2026-08-21 12:06:00-04:00,7702.0,7702.25,7699.25,7700.0,3460
2026-08-21 12:07:00-04:00,7700.5,7701.75,7699.75,7701.0,2558
2026-08-21 12:08:00-04:00,7701.0,7701.75,7700.5,7701.25,2202
2026-08-21 12:09:00-04:00,7701.0,7701.5,7698.0,7698.5,1959
2026-08-21 12:10:00-04:00,7698.5,7700.0,7698.0,7699.5,2246
2026-08-21 12:11:00-04:00,7699.75,7701.0,7699.0,7699.5,2955
2026-08-21 12:12:00-04:00,7699.25,7699.75,7698.0,7699.25,1428
2026-08-21 12:13:00-04:00,7699.25,7700.25,7699.25,7699.5,1326
2026-08-21 12:14:00-04:00,7699.75,7699.75,7697.5,7697.5,2406
2026-08-21 12:15:00-04:00,7697.5,7699.0,7696.75,7698.75,2482
2026-08-21 12:16:00-04:00,7698.75,7700.5,7698.0,7699.75,2061
2026-08-21 12:17:00-04:00,7699.75,7700.5,7698.75,7699.5,1303
2026-08-21 12:18:00-04:00,7699.5,7699.5,7696.5,7696.75,1386
2026-08-21 12:19:00-04:00,7696.75,7697.0,7694.25,7695.5,3030
2026-08-21 12:20:00-04:00,7695.25,7695.5,7693.75,7694.75,1846
2026-08-21 12:21:00-04:00,7694.75,7705.75,7694.5,7698.0,15554
2026-08-21 12:22:00-04:00,7698.0,7699.0,7696.25,7697.5,3248
2026-08-21 12:23:00-04:00,7697.5,7697.75,7696.0,7697.75,1863
2026-08-21 12:24:00-04:00,7697.5,7698.0,7696.5,7697.25,1380
2026-08-21 12:25:00-04:00,7697.25,7698.75,7697.0,7697.75,1434
2026-08-21 12:26:00-04:00,7697.5,7698.0,7696.5,7697.5,1102
2026-08-21 12:27:00-04:00,7697.25,7699.5,7697.25,7699.25,1512
2026-08-21 12:28:00-04:00,7699.5,7701.25,7699.5,7700.25,1932
2026-08-21 12:29:00-04:00,7700.0,7700.5,7699.5,7700.5,783
2026-08-21 12:30:00-04:00,7700.25,7700.5,7698.25,7699.5,2131
2026-08-21 12:31:00-04:00,7699.5,7699.75,7696.5,7696.5,1615
2026-08-21 12:32:00-04:00,7696.75,7698.25,7696.5,7698.0,1281
2026-08-21 12:33:00-04:00,7697.75,7698.25,7697.5,7698.0,748
2026-08-21 12:34:00-04:00,7697.75,7698.0,7695.5,7695.5,1281
2026-08-21 12:35:00-04:00,7695.5,7696.5,7695.5,7696.25,1329
2026-08-21 12:36:00-04:00,7696.0,7698.0,7696.0,7697.75,1179
2026-08-21 12:37:00-04:00,7697.5,7698.75,7697.0,7697.75,1073
2026-08-21 12:38:00-04:00,7697.5,7699.5,7697.5,7699.5,961
2026-08-21 12:39:00-04:00,7699.25,7701.0,7699.0,7700.75,1275
2026-08-21 12:40:00-04:00,7700.75,7701.0,7699.25,7699.75,1475
2026-08-21 12:41:00-04:00,7699.75,7700.75,7699.25,7699.75,919
2026-08-21 12:42:00-04:00,7699.75,7700.5,7699.5,7700.0,548
2026-08-21 12:43:00-04:00,7700.0,7700.0,7698.0,7699.0,1591
2026-08-21 12:44:00-04:00,7699.0,7699.25,7698.5,7698.75,597
2026-08-21 12:45:00-04:00,7698.75,7699.0,7696.0,7697.0,2003
2026-08-21 12:46:00-04:00,7697.0,7698.25,7696.75,7697.0,859
2026-08-21 12:47:00-04:00,7697.0,7697.25,7696.75,7697.25,632
2026-08-21 12:48:00-04:00,7697.0,7697.75,7696.75,7697.25,837
2026-08-21 12:49:00-04:00,7697.75,7698.25,7697.0,7697.0,841
2026-08-21 12:50:00-04:00,7696.75,7697.0,7693.0,7694.25,3006
2026-08-21 12:51:00-04:00,7694.0,7695.0,7693.75,7694.5,1360
2026-08-21 12:52:00-04:00,7694.25,7695.25,7694.0,7694.75,1186
2026-08-21 12:53:00-04:00,7695.0,7695.25,7694.5,7695.0,580
2026-08-21 12:54:00-04:00,7694.75,7696.0,7694.75,7695.25,1175
2026-08-21 12:55:00-04:00,7695.25,7696.25,7694.5,7695.75,1387
2026-08-21 12:56:00-04:00,7695.25,7696.5,7695.0,7695.5,914
2026-08-21 12:57:00-04:00,7695.5,7698.0,7695.0,7698.0,1219
2026-08-21 12:58:00-04:00,7697.75,7699.5,7697.25,7699.25,1345
2026-08-21 12:59:00-04:00,7699.25,7699.25,7698.0,7699.0,896
2026-08-21 13:00:00-04:00,7699.25,7700.0,7698.5,7699.0,1550
2026-08-21 13:01:00-04:00,7698.75,7699.25,7698.0,7698.75,1303
2026-08-21 13:02:00-04:00,7699.0,7699.5,7697.5,7698.0,1718
2026-08-21 13:03:00-04:00,7698.0,7699.0,7697.5,7698.5,927
2026-08-21 13:04:00-04:00,7698.25,7698.75,7698.0,7698.0,651
2026-08-21 13:05:00-04:00,7698.0,7698.5,7696.75,7698.5,821
2026-08-21 13:06:00-04:00,7698.5,7698.75,7696.75,7698.5,985
2026-08-21 13:07:00-04:00,7698.5,7699.5,7697.75,7697.75,921
2026-08-21 13:08:00-04:00,7698.0,7699.75,7697.75,7699.5,1347
2026-08-21 13:09:00-04:00,7699.75,7700.75,7698.5,7699.0,2107
2026-08-21 13:10:00-04:00,7699.0,7699.0,7697.25,7697.25,847
2026-08-21 13:11:00-04:00,7697.25,7697.75,7696.25,7696.75,745
2026-08-21 13:12:00-04:00,7697.0,7697.5,7696.5,7697.25,502
2026-08-21 13:13:00-04:00,7697.25,7697.25,7696.5,7696.75,642
2026-08-21 13:14:00-04:00,7696.5,7697.25,7696.0,7697.25,749
2026-08-21 13:15:00-04:00,7697.25,7698.25,7696.0,7698.0,1267
2026-08-21 13:16:00-04:00,7697.75,7698.0,7697.0,7697.5,747
2026-08-21 13:17:00-04:00,7697.75,7698.25,7696.5,7696.75,650
2026-08-21 13:18:00-04:00,7696.5,7697.0,7696.25,7696.25,673
2026-08-21 13:19:00-04:00,7696.25,7697.25,7696.0,7696.5,827
2026-08-21 13:20:00-04:00,7696.5,7697.0,7694.5,7695.5,1448
2026-08-21 13:21:00-04:00,7695.75,7695.75,7694.25,7694.75,1014
2026-08-21 13:22:00-04:00,7694.75,7695.0,7692.25,7693.5,1854
2026-08-21 13:23:00-04:00,7693.25,7693.75,7692.75,7693.5,1252
2026-08-21 13:24:00-04:00,7693.25,7694.25,7692.5,7694.0,1633
2026-08-21 13:25:00-04:00,7693.75,7694.0,7692.5,7693.0,1008
2026-08-21 13:26:00-04:00,7693.0,7694.5,7692.25,7692.75,1113
2026-08-21 13:27:00-04:00,7692.75,7693.75,7692.5,7693.75,883
2026-08-21 13:28:00-04:00,7693.5,7695.75,7693.5,7695.0,1575
2026-08-21 13:29:00-04:00,7695.25,7695.5,7693.5,7693.5,938
2026-08-21 13:30:00-04:00,7693.75,7694.5,7693.0,7693.5,1718
2026-08-21 13:31:00-04:00,7693.75,7694.0,7692.75,7693.0,921
2026-08-21 13:32:00-04:00,7693.25,7693.5,7692.25,7692.75,1197
2026-08-21 13:33:00-04:00,7692.75,7693.5,7692.0,7693.0,1280
2026-08-21 13:34:00-04:00,7693.25,7693.25,7690.75,7690.75,1479
2026-08-21 13:35:00-04:00,7690.5,7691.5,7690.25,7691.0,1596
2026-08-21 13:36:00-04:00,7691.0,7693.0,7690.75,7692.75,1249
2026-08-21 13:37:00-04:00,7692.75,7693.5,7691.75,7691.75,1266
2026-08-21 13:38:00-04:00,7691.75,7692.0,7691.0,7691.25,1168
2026-08-21 13:39:00-04:00,7691.5,7692.0,7690.75,7691.0,1190
2026-08-21 13:40:00-04:00,7691.25,7691.5,7690.0,7690.25,1197
2026-08-21 13:41:00-04:00,7690.5,7692.5,7690.25,7692.0,1237
2026-08-21 13:42:00-04:00,7692.0,7692.5,7691.5,7691.75,1019
2026-08-21 13:43:00-04:00,7692.0,7692.25,7691.0,7691.25,638
2026-08-21 13:44:00-04:00,7691.25,7692.25,7690.75,7692.0,1151
2026-08-21 13:45:00-04:00,7692.25,7693.25,7691.25,7691.5,1689
2026-08-21 13:46:00-04:00,7691.75,7692.75,7691.25,7692.75,865
2026-08-21 13:47:00-04:00,7692.75,7693.75,7692.25,7693.25,1633
2026-08-21 13:48:00-04:00,7693.25,7694.25,7692.75,7692.75,964
2026-08-21 13:49:00-04:00,7692.75,7692.75,7691.5,7692.25,799
2026-08-21 13:50:00-04:00,7692.5,7692.75,7691.0,7692.5,1407
2026-08-21 13:51:00-04:00,7692.5,7693.0,7691.25,7691.5,1109
2026-08-21 13:52:00-04:00,7691.25,7692.0,7690.5,7690.5,1414
2026-08-21 13:53:00-04:00,7690.5,7692.5,7690.25,7692.25,861
2026-08-21 13:54:00-04:00,7692.25,7692.5,7691.0,7691.25,624
2026-08-21 13:55:00-04:00,7691.0,7691.25,7689.75,7690.75,1415
2026-08-21 13:56:00-04:00,7690.75,7691.0,7690.0,7690.75,969
2026-08-21 13:57:00-04:00,7690.75,7691.0,7690.0,7690.5,789
2026-08-21 13:58:00-04:00,7690.5,7691.0,7690.25,7690.5,661
2026-08-21 13:59:00-04:00,7690.5,7690.75,7689.5,7689.5,1307
2026-08-21 14:00:00-04:00,7689.75,7691.5,7688.75,7691.25,2092
2026-08-21 14:01:00-04:00,7691.25,7691.75,7690.0,7690.0,1295
2026-08-21 14:02:00-04:00,7690.0,7691.5,7689.75,7691.5,1082
2026-08-21 14:03:00-04:00,7691.5,7692.75,7691.25,7692.25,1310
2026-08-21 14:04:00-04:00,7692.25,7692.5,7691.75,7692.0,572
2026-08-21 14:05:00-04:00,7692.0,7692.25,7690.25,7690.5,979
2026-08-21 14:06:00-04:00,7690.75,7690.75,7689.25,7689.5,994
2026-08-21 14:07:00-04:00,7689.5,7689.75,7688.25,7689.25,1459
2026-08-21 14:08:00-04:00,7689.25,7689.5,7688.75,7689.5,728
2026-08-21 14:09:00-04:00,7689.5,7689.5,7688.5,7688.5,739
2026-08-21 14:10:00-04:00,7688.25,7689.25,7688.0,7688.5,1598
2026-08-21 14:11:00-04:00,7688.5,7689.25,7688.25,7688.75,796
2026-08-21 14:12:00-04:00,7688.75,7690.75,7688.75,7690.5,1077
2026-08-21 14:13:00-04:00,7690.25,7690.5,7689.25,7689.5,828
2026-08-21 14:14:00-04:00,7689.75,7689.75,7688.25,7688.5,763
2026-08-21 14:15:00-04:00,7688.5,7689.5,7688.5,7688.75,846
2026-08-21 14:16:00-04:00,7688.75,7689.25,7688.25,7688.75,855
2026-08-21 14:17:00-04:00,7688.75,7689.25,7688.5,7688.5,537
2026-08-21 14:18:00-04:00,7688.75,7689.25,7688.25,7688.75,770
2026-08-21 14:19:00-04:00,7688.75,7690.5,7688.5,7689.75,958
2026-08-21 14:20:00-04:00,7689.75,7691.0,7689.25,7690.5,863
2026-08-21 14:21:00-04:00,7690.5,7691.5,7689.5,7691.0,1240
2026-08-21 14:22:00-04:00,7690.75,7691.0,7689.75,7690.75,1007
2026-08-21 14:23:00-04:00,7691.0,7691.25,7690.25,7690.25,687
2026-08-21 14:24:00-04:00,7690.0,7690.25,7689.25,7690.0,1082
2026-08-21 14:25:00-04:00,7690.25,7690.5,7688.25,7688.25,1206
2026-08-21 14:26:00-04:00,7688.5,7689.25,7688.25,7688.75,789
2026-08-21 14:27:00-04:00,7688.75,7689.25,7688.5,7688.5,600
2026-08-21 14:28:00-04:00,7688.5,7688.75,7687.75,7688.0,1145
2026-08-21 14:29:00-04:00,7688.0,7688.5,7687.75,7688.0,965
2026-08-21 14:30:00-04:00,7688.0,7688.75,7686.25,7686.5,2047
2026-08-21 14:31:00-04:00,7686.75,7687.5,7686.0,7687.25,1250
2026-08-21 14:32:00-04:00,7687.25,7687.5,7686.25,7686.5,1114
2026-08-21 14:33:00-04:00,7686.5,7687.25,7685.75,7687.0,1321
2026-08-21 14:34:00-04:00,7687.0,7687.5,7686.25,7687.0,964
2026-08-21 14:35:00-04:00,7687.0,7688.5,7687.0,7687.75,1186
2026-08-21 14:36:00-04:00,7688.0,7688.25,7687.5,7687.75,856
2026-08-21 14:37:00-04:00,7687.5,7688.5,7687.5,7688.0,1403
2026-08-21 14:38:00-04:00,7688.25,7688.5,7687.25,7687.5,536
2026-08-21 14:39:00-04:00,7687.5,7687.75,7687.25,7687.5,372
2026-08-21 14:40:00-04:00,7687.5,7689.5,7687.25,7689.0,741
2026-08-21 14:41:00-04:00,7689.0,7689.0,7688.25,7688.5,785
2026-08-21 14:42:00-04:00,7688.5,7689.5,7688.25,7689.0,897
2026-08-21 14:43:00-04:00,7689.0,7690.0,7688.75,7690.0,1074
2026-08-21 14:44:00-04:00,7690.0,7690.5,7689.0,7689.25,1264
2026-08-21 14:45:00-04:00,7689.0,7690.0,7688.75,7689.0,856
2026-08-21 14:46:00-04:00,7689.0,7690.25,7688.5,7690.0,963
2026-08-21 14:47:00-04:00,7689.75,7691.0,7689.75,7689.75,877
2026-08-21 14:48:00-04:00,7690.0,7690.75,7689.5,7690.25,664
2026-08-21 14:49:00-04:00,7690.25,7692.25,7690.25,7691.75,1431
2026-08-21 14:50:00-04:00,7692.0,7694.0,7691.75,7692.75,2051
2026-08-21 14:51:00-04:00,7693.0,7693.5,7692.0,7692.0,1282
2026-08-21 14:52:00-04:00,7692.25,7693.75,7692.25,7693.75,715
2026-08-21 14:53:00-04:00,7693.75,7693.75,7692.75,7693.0,990
2026-08-21 14:54:00-04:00,7693.75,7695.0,7693.25,7694.0,1521
2026-08-21 14:55:00-04:00,7694.0,7694.25,7693.0,7693.75,1256
2026-08-21 14:56:00-04:00,7693.75,7694.25,7693.5,7694.0,913
2026-08-21 14:57:00-04:00,7694.25,7694.75,7694.0,7694.75,829
2026-08-21 14:58:00-04:00,7694.75,7696.0,7694.25,7695.5,1448
2026-08-21 14:59:00-04:00,7695.5,7697.75,7695.0,7697.0,2128
2026-08-21 15:00:00-04:00,7697.25,7698.75,7697.0,7697.5,3351
2026-08-21 15:01:00-04:00,7697.75,7699.0,7697.0,7698.5,2042
2026-08-21 15:02:00-04:00,7698.5,7698.75,7695.75,7696.5,2426
2026-08-21 15:03:00-04:00,7696.75,7697.0,7696.0,7696.75,1326
2026-08-21 15:04:00-04:00,7696.75,7697.0,7695.25,7695.25,1320
2026-08-21 15:05:00-04:00,7695.25,7696.0,7695.0,7695.25,1319
2026-08-21 15:06:00-04:00,7695.5,7696.0,7695.25,7695.75,946
2026-08-21 15:07:00-04:00,7695.5,7697.75,7695.0,7697.75,1495
2026-08-21 15:08:00-04:00,7697.5,7698.75,7696.5,7697.25,1455
2026-08-21 15:09:00-04:00,7697.0,7697.25,7696.0,7696.25,527
2026-08-21 15:10:00-04:00,7696.0,7696.5,7694.75,7696.0,2051
2026-08-21 15:11:00-04:00,7695.75,7696.0,7694.75,7695.5,958
2026-08-21 15:12:00-04:00,7695.25,7696.0,7693.75,7694.25,1262
2026-08-21 15:13:00-04:00,7694.25,7695.5,7693.75,7695.25,1245
2026-08-21 15:14:00-04:00,7695.25,7695.75,7695.0,7695.5,693
2026-08-21 15:15:00-04:00,7695.5,7696.0,7694.25,7694.25,1324
2026-08-21 15:16:00-04:00,7694.25,7694.5,7693.5,7694.0,1239
2026-08-21 15:17:00-04:00,7694.25,7695.5,7694.0,7695.0,1054
2026-08-21 15:18:00-04:00,7695.25,7696.0,7694.75,7696.0,765
2026-08-21 15:19:00-04:00,7695.75,7696.25,7694.5,7694.75,1261
2026-08-21 15:20:00-04:00,7694.5,7696.0,7693.75,7696.0,1638
2026-08-21 15:21:00-04:00,7696.0,7696.25,7695.75,7696.0,901
2026-08-21 15:22:00-04:00,7696.0,7696.25,7695.5,7696.0,609
2026-08-21 15:23:00-04:00,7696.0,7696.25,7695.75,7695.75,999
2026-08-21 15:24:00-04:00,7696.0,7697.25,7695.5,7697.0,1645
2026-08-21 15:25:00-04:00,7697.25,7697.25,7695.5,7695.75,2167
2026-08-21 15:26:00-04:00,7695.75,7696.0,7694.5,7694.75,1723
2026-08-21 15:27:00-04:00,7695.0,7695.75,7694.5,7695.75,978
2026-08-21 15:28:00-04:00,7695.75,7697.0,7695.0,7697.0,1115
2026-08-21 15:29:00-04:00,7697.0,7697.25,7695.5,7695.5,1001
2026-08-21 15:30:00-04:00,7695.5,7698.25,7695.5,7697.0,1884
2026-08-21 15:31:00-04:00,7696.75,7697.5,7695.75,7696.0,1307
2026-08-21 15:32:00-04:00,7695.75,7697.0,7695.5,7696.25,1947
2026-08-21 15:33:00-04:00,7696.25,7696.75,7695.0,7695.75,2388
2026-08-21 15:34:00-04:00,7695.75,7696.25,7695.5,7695.75,925
2026-08-21 15:35:00-04:00,7696.0,7697.0,7694.75,7696.5,2862
2026-08-21 15:36:00-04:00,7696.25,7696.75,7696.0,7696.5,765
2026-08-21 15:37:00-04:00,7696.5,7697.5,7696.25,7697.5,819
2026-08-21 15:38:00-04:00,7697.5,7698.75,7697.5,7697.75,1920
2026-08-21 15:39:00-04:00,7697.5,7698.0,7697.25,7697.75,1176
2026-08-21 15:40:00-04:00,7697.5,7697.75,7696.0,7696.5,1604
2026-08-21 15:41:00-04:00,7696.5,7696.75,7695.5,7696.0,1360
2026-08-21 15:42:00-04:00,7696.0,7697.75,7695.75,7697.25,1340
2026-08-21 15:43:00-04:00,7697.0,7698.25,7696.5,7698.0,1280
2026-08-21 15:44:00-04:00,7698.0,7700.0,7698.0,7699.5,3138
2026-08-21 15:45:00-04:00,7699.5,7701.0,7698.75,7699.5,4345
2026-08-21 15:46:00-04:00,7699.5,7700.0,7698.5,7700.0,2503
2026-08-21 15:47:00-04:00,7699.75,7701.75,7699.75,7701.75,2195
2026-08-21 15:48:00-04:00,7701.75,7702.75,7701.25,7701.5,2534
2026-08-21 15:49:00-04:00,7701.5,7703.0,7700.5,7701.25,2799
2026-08-21 15:50:00-04:00,7701.25,7701.5,7696.5,7697.0,8883
2026-08-21 15:51:00-04:00,7697.0,7698.75,7696.5,7696.5,3192
2026-08-21 15:52:00-04:00,7696.5,7697.25,7695.0,7695.25,3220
2026-08-21 15:53:00-04:00,7695.25,7695.75,7694.0,7695.25,3361
2026-08-21 15:54:00-04:00,7695.25,7695.75,7693.75,7694.0,5502
2026-08-21 15:55:00-04:00,7694.0,7694.5,7690.5,7693.75,11085
2026-08-21 15:56:00-04:00,7694.0,7695.75,7693.0,7695.5,4821
2026-08-21 15:57:00-04:00,7695.25,7696.0,7694.25,7695.5,4456
2026-08-21 15:58:00-04:00,7695.5,7697.5,7695.25,7696.75,6470
2026-08-21 15:59:00-04:00,7696.5,7698.25,7688.75,7691.5,61903
2026-08-21 16:00:00-04:00,7691.75,7692.25,7689.5,7691.25,13975
2026-08-21 16:01:00-04:00,7691.0,7691.75,7690.0,7690.25,2607
2026-08-21 16:02:00-04:00,7690.25,7691.25,7690.25,7690.75,1502
2026-08-21 16:03:00-04:00,7690.75,7691.0,7690.0,7690.75,1426
2026-08-21 16:04:00-04:00,7691.0,7691.75,7690.75,7691.5,1024
2026-08-21 16:05:00-04:00,7691.5,7692.0,7691.25,7691.75,717
2026-08-21 16:06:00-04:00,7691.5,7691.75,7691.0,7691.5,1060
2026-08-21 16:07:00-04:00,7691.5,7691.75,7691.0,7691.5,504
2026-08-21 16:08:00-04:00,7691.5,7691.75,7691.25,7691.5,673
2026-08-21 16:09:00-04:00,7691.5,7691.5,7690.0,7691.25,963
2026-08-21 16:10:00-04:00,7691.25,7691.25,7690.0,7690.25,987
2026-08-21 16:11:00-04:00,7690.25,7690.75,7690.0,7690.75,706
2026-08-21 16:12:00-04:00,7690.75,7691.0,7690.5,7690.75,930
2026-08-21 16:13:00-04:00,7690.75,7690.75,7688.75,7690.0,1386
2026-08-21 16:14:00-04:00,7689.75,7691.25,7689.75,7691.0,1084
2026-08-21 16:15:00-04:00,7691.0,7692.0,7690.25,7690.75,744
2026-08-21 16:16:00-04:00,7691.0,7691.25,7690.75,7691.0,248
2026-08-21 16:17:00-04:00,7691.0,7691.0,7689.5,7689.5,666
2026-08-21 16:18:00-04:00,7689.5,7689.75,7689.25,7689.5,299
2026-08-21 16:19:00-04:00,7689.5,7689.75,7689.25,7689.25,387
2026-08-21 16:20:00-04:00,7689.25,7691.0,7689.0,7689.75,888
2026-08-21 16:21:00-04:00,7689.75,7690.0,7689.5,7689.5,215
2026-08-21 16:22:00-04:00,7689.75,7689.75,7688.5,7688.75,95
2026-08-21 16:23:00-04:00,7688.75,7689.0,7688.0,7688.0,888
2026-08-21 16:24:00-04:00,7688.25,7690.0,7688.0,7689.25,1169
2026-08-21 16:25:00-04:00,7689.5,7689.5,7688.25,7688.5,258
2026-08-21 16:26:00-04:00,7688.5,7689.0,7688.25,7688.25,184
2026-08-21 16:27:00-04:00,7688.25,7688.25,7687.75,7688.0,206
2026-08-21 16:28:00-04:00,7687.75,7688.25,7687.5,7687.5,397
2026-08-21 16:29:00-04:00,7687.5,7688.0,7687.5,7687.5,234
2026-08-21 16:30:00-04:00,7687.5,7688.0,7687.5,7687.75,234
2026-08-21 16:31:00-04:00,7687.75,7689.0,7687.75,7689.0,223
2026-08-21 16:32:00-04:00,7688.75,7689.0,7688.5,7689.0,159
2026-08-21 16:33:00-04:00,7688.75,7689.25,7688.75,7689.0,124
2026-08-21 16:34:00-04:00,7689.0,7689.5,7688.75,7689.25,220
2026-08-21 16:35:00-04:00,7689.25,7689.5,7689.0,7689.0,147
2026-08-21 16:36:00-04:00,7689.0,7689.25,7689.0,7689.25,89
2026-08-21 16:37:00-04:00,7689.25,7689.25,7689.0,7689.0,169
2026-08-21 16:38:00-04:00,7689.0,7689.25,7689.0,7689.25,62
2026-08-21 16:39:00-04:00,7689.25,7689.75,7689.25,7689.25,170
2026-08-21 16:40:00-04:00,7689.25,7689.75,7689.25,7689.25,175
2026-08-21 16:41:00-04:00,7689.25,7689.5,7689.0,7689.25,72
2026-08-21 16:42:00-04:00,7689.5,7689.75,7689.25,7689.5,112
2026-08-21 16:43:00-04:00,7689.75,7689.75,7689.5,7689.5,119
2026-08-21 16:44:00-04:00,7689.5,7690.0,7689.25,7689.5,126
2026-08-21 16:45:00-04:00,7689.5,7690.0,7689.5,7689.5,257
2026-08-21 16:46:00-04:00,7689.75,7690.0,7689.5,7689.5,99
2026-08-21 16:47:00-04:00,7689.5,7689.5,7689.0,7689.0,298
2026-08-21 16:48:00-04:00,7689.25,7689.25,7687.75,7688.0,532
2026-08-21 16:49:00-04:00,7687.75,7688.25,7687.5,7687.75,309
2026-08-21 16:50:00-04:00,7687.75,7687.75,7687.0,7687.5,415
2026-08-21 16:51:00-04:00,7687.75,7688.25,7687.25,7688.0,343
2026-08-21 16:52:00-04:00,7688.0,7688.5,7688.0,7688.5,133
2026-08-21 16:53:00-04:00,7688.75,7688.75,7687.75,7688.0,158
2026-08-21 16:54:00-04:00,7688.0,7688.25,7687.5,7687.75,95
2026-08-21 16:55:00-04:00,7687.75,7687.75,7687.0,7687.5,378
2026-08-21 16:56:00-04:00,7687.5,7687.75,7687.5,7687.75,187
2026-08-21 16:57:00-04:00,7687.75,7687.75,7687.5,7687.75,86
2026-08-21 16:58:00-04:00,7687.75,7687.75,7687.5,7687.5,143
2026-08-21 16:59:00-04:00,7687.75,7691.25,7687.5,7691.25,1122556
2026-08-23 18:10:00-04:00,7683.75,7684.0,7683.25,7683.75,0
2026-08-23 18:11:00-04:00,7684.0,7684.5,7683.75,7684.25,68
2026-08-23 18:12:00-04:00,7684.25,7684.75,7684.25,7684.25,60
2026-08-23 18:13:00-04:00,7684.25,7684.25,7683.5,7684.25,64
2026-08-23 18:14:00-04:00,7684.25,7684.5,7683.5,7684.25,66
2026-08-23 18:15:00-04:00,7684.0,7684.0,7683.0,7683.5,58
2026-08-23 18:16:00-04:00,7683.5,7684.25,7683.5,7684.25,110
2026-08-23 18:17:00-04:00,7684.25,7684.25,7681.75,7681.75,138
2026-08-23 18:18:00-04:00,7682.0,7682.75,7681.75,7682.5,76
2026-08-23 18:19:00-04:00,7682.5,7683.0,7681.75,7683.0,52
2026-08-23 18:20:00-04:00,7682.75,7684.25,7682.75,7684.25,96
2026-08-23 18:21:00-04:00,7684.25,7684.25,7683.75,7684.25,41
2026-08-23 18:22:00-04:00,7684.5,7685.5,7683.75,7683.75,178
2026-08-23 18:23:00-04:00,7683.5,7684.75,7683.5,7684.25,70
2026-08-23 18:24:00-04:00,7684.0,7684.0,7683.75,7683.75,32
2026-08-23 18:25:00-04:00,7684.0,7684.25,7683.75,7684.25,33
2026-08-23 18:26:00-04:00,7684.25,7684.25,7683.5,7684.0,52
2026-08-23 18:27:00-04:00,7684.0,7684.25,7683.75,7683.75,30
2026-08-23 18:28:00-04:00,7684.0,7684.25,7683.75,7683.75,42
2026-08-23 18:29:00-04:00,7683.75,7684.0,7683.75,7684.0,4
2026-08-23 18:30:00-04:00,7683.75,7685.0,7683.25,7684.0,180
2026-08-23 18:31:00-04:00,7684.25,7684.75,7684.25,7684.75,61
2026-08-23 18:32:00-04:00,7684.5,7684.75,7684.5,7684.5,60
2026-08-23 18:33:00-04:00,7684.25,7684.25,7684.0,7684.25,30
2026-08-23 18:34:00-04:00,7684.0,7684.0,7683.75,7683.75,32
2026-08-23 18:35:00-04:00,7683.75,7684.25,7683.25,7683.5,83
2026-08-23 18:36:00-04:00,7684.0,7684.5,7683.75,7684.5,93
2026-08-23 18:37:00-04:00,7684.5,7684.75,7684.25,7684.5,24
2026-08-23 18:38:00-04:00,7684.5,7685.0,7684.5,7684.75,36
2026-08-23 18:39:00-04:00,7685.0,7686.5,7685.0,7686.0,155
2026-08-23 18:40:00-04:00,7685.75,7686.0,7685.5,7685.75,45
2026-08-23 18:41:00-04:00,7685.5,7685.75,7685.25,7685.5,40
2026-08-23 18:42:00-04:00,7685.5,7688.0,7685.5,7688.0,148
2026-08-23 18:43:00-04:00,7688.0,7689.25,7687.75,7689.0,133
2026-08-23 18:44:00-04:00,7689.25,7689.5,7688.25,7689.25,67
2026-08-23 18:45:00-04:00,7689.25,7690.5,7689.0,7689.75,120
2026-08-23 18:46:00-04:00,7689.75,7690.5,7689.25,7690.0,138
2026-08-23 18:47:00-04:00,7689.75,7690.75,7689.75,7689.75,110
2026-08-23 18:48:00-04:00,7689.75,7690.0,7689.25,7689.5,54
2026-08-23 18:49:00-04:00,7689.5,7689.75,7689.5,7689.5,33
2026-08-23 18:50:00-04:00,7689.75,7690.0,7689.5,7689.5,59
2026-08-23 18:51:00-04:00,7689.75,7689.75,7689.25,7689.5,36
2026-08-23 18:52:00-04:00,7689.25,7689.75,7689.25,7689.75,31
2026-08-23 18:53:00-04:00,7689.75,7690.0,7689.25,7689.5,43
2026-08-23 18:54:00-04:00,7689.5,7689.75,7689.25,7689.5,14
2026-08-23 18:55:00-04:00,7689.75,7690.25,7689.5,7689.75,58
2026-08-23 18:56:00-04:00,7690.0,7690.0,7689.5,7689.75,20
2026-08-23 18:57:00-04:00,7689.75,7689.75,7689.5,7689.5,17
2026-08-23 18:58:00-04:00,7689.75,7689.75,7689.5,7689.75,14
2026-08-23 18:59:00-04:00,7689.75,7689.75,7689.5,7689.5,19
2026-08-23 19:00:00-04:00,7689.25,7689.75,7689.25,7689.75,54
2026-08-23 19:01:00-04:00,7689.5,7689.75,7689.5,7689.75,51
2026-08-23 19:02:00-04:00,7689.75,7690.25,7689.5,7689.5,54
2026-08-23 19:03:00-04:00,7689.5,7689.75,7689.5,7689.5,16
2026-08-23 19:04:00-04:00,7689.5,7689.5,7689.5,7689.5,10
2026-08-23 19:05:00-04:00,7689.5,7689.5,7689.25,7689.5,37
2026-08-23 19:06:00-04:00,7689.5,7689.75,7689.5,7689.5,22
2026-08-23 19:07:00-04:00,7689.75,7690.0,7689.5,7689.5,30
2026-08-23 19:08:00-04:00,7689.5,7689.75,7689.5,7689.75,21
2026-08-23 19:09:00-04:00,7689.75,7690.25,7689.75,7690.0,15
2026-08-23 19:10:00-04:00,7690.0,7690.75,7689.75,7690.75,62
2026-08-23 19:11:00-04:00,7690.5,7690.75,7689.5,7689.75,44
2026-08-23 19:12:00-04:00,7689.75,7690.0,7689.75,7689.75,11
2026-08-23 19:13:00-04:00,7689.75,7690.0,7689.75,7690.0,15
2026-08-23 19:14:00-04:00,7690.25,7690.25,7689.75,7690.0,4
2026-08-23 19:15:00-04:00,7689.75,7690.0,7689.5,7690.0,29
2026-08-23 19:16:00-04:00,7690.25,7691.25,7690.25,7691.25,95
2026-08-23 19:17:00-04:00,7691.25,7691.25,7691.0,7691.0,17
2026-08-23 19:18:00-04:00,7691.0,7691.75,7690.75,7691.75,100
2026-08-23 19:19:00-04:00,7691.75,7692.5,7691.5,7691.5,78
2026-08-23 19:20:00-04:00,7691.5,7692.25,7691.25,7692.0,44
2026-08-23 19:21:00-04:00,7692.0,7692.0,7691.75,7691.75,22
2026-08-23 19:22:00-04:00,7692.0,7692.0,7691.5,7692.0,47
2026-08-23 19:23:00-04:00,7691.75,7692.25,7691.75,7692.0,26
2026-08-23 19:24:00-04:00,7692.0,7693.0,7691.75,7693.0,69
2026-08-23 19:25:00-04:00,7693.0,7694.0,7692.75,7694.0,154
2026-08-23 19:26:00-04:00,7694.0,7695.0,7694.0,7694.75,171
2026-08-23 19:27:00-04:00,7694.75,7695.0,7694.75,7694.75,9
2026-08-23 19:33:00-04:00,7696.0,7696.0,7695.5,7695.5,813
2026-08-23 19:34:00-04:00,7695.75,7696.5,7695.5,7696.5,42
2026-08-23 19:35:00-04:00,7696.5,7696.75,7696.25,7696.25,33
2026-08-23 19:36:00-04:00,7696.25,7696.75,7696.25,7696.5,40
2026-08-23 19:37:00-04:00,7696.75,7696.75,7696.25,7696.5,72
2026-08-23 19:38:00-04:00,7696.25,7696.75,7696.25,7696.5,56
2026-08-23 19:39:00-04:00,7696.5,7696.75,7696.0,7696.0,36
2026-08-23 19:40:00-04:00,7696.25,7696.25,7696.0,7696.25,38
2026-08-23 19:41:00-04:00,7696.25,7696.5,7696.0,7696.25,25
2026-08-23 19:42:00-04:00,7696.0,7696.0,7695.25,7695.5,79
2026-08-23 19:43:00-04:00,7695.5,7695.5,7695.0,7695.0,76
2026-08-23 19:44:00-04:00,7695.0,7695.25,7694.5,7694.5,72
2026-08-23 19:45:00-04:00,7694.75,7696.0,7694.5,7695.0,153
2026-08-23 19:46:00-04:00,7695.0,7697.0,7695.0,7696.5,113
2026-08-23 19:47:00-04:00,7696.5,7697.25,7696.5,7697.25,88
2026-08-23 19:48:00-04:00,7697.25,7700.0,7697.25,7699.75,229
2026-08-23 19:49:00-04:00,7699.5,7701.0,7699.5,7700.5,214
2026-08-23 19:50:00-04:00,7700.5,7700.75,7700.0,7700.75,125
2026-08-23 19:51:00-04:00,7700.5,7701.75,7700.0,7700.0,288
2026-08-23 19:52:00-04:00,7700.0,7700.25,7699.5,7700.0,82
2026-08-23 19:53:00-04:00,7700.0,7700.5,7699.75,7700.25,57
2026-08-23 19:54:00-04:00,7700.5,7700.75,7699.75,7700.0,51
2026-08-23 19:55:00-04:00,7700.25,7700.75,7700.0,7700.5,73
2026-08-23 19:56:00-04:00,7700.5,7702.5,7700.5,7702.25,126
2026-08-23 19:57:00-04:00,7702.0,7702.5,7700.75,7702.0,142
2026-08-23 19:58:00-04:00,7702.25,7702.25,7701.5,7701.75,94
2026-08-23 19:59:00-04:00,7701.75,7702.25,7701.5,7702.25,80
2026-08-23 20:00:00-04:00,7702.0,7703.25,7700.75,7701.0,758
2026-08-23 20:01:00-04:00,7701.0,7702.25,7700.25,7701.5,273
2026-08-23 20:02:00-04:00,7701.75,7702.0,7701.0,7701.0,116
2026-08-23 20:03:00-04:00,7700.5,7700.75,7699.0,7700.25,304
2026-08-23 20:04:00-04:00,7700.25,7700.25,7698.0,7698.25,209
2026-08-23 20:05:00-04:00,7698.25,7699.75,7698.0,7698.5,166
2026-08-23 20:06:00-04:00,7698.25,7699.5,7697.5,7698.5,245
2026-08-23 20:07:00-04:00,7698.0,7699.5,7697.5,7699.5,216
2026-08-23 20:08:00-04:00,7699.5,7700.25,7698.0,7700.0,184
2026-08-23 20:09:00-04:00,7699.75,7700.5,7699.25,7700.0,100
2026-08-23 20:10:00-04:00,7699.75,7700.75,7699.5,7700.75,85
2026-08-23 20:11:00-04:00,7700.5,7700.75,7697.0,7697.75,202
2026-08-23 20:12:00-04:00,7698.0,7699.0,7697.5,7699.0,80
2026-08-23 20:13:00-04:00,7698.75,7699.25,7698.5,7698.75,98
2026-08-23 20:14:00-04:00,7698.75,7700.0,7697.75,7698.25,136
2026-08-23 20:15:00-04:00,7698.25,7698.25,7694.25,7694.5,383
2026-08-23 20:16:00-04:00,7694.5,7694.5,7691.25,7692.0,480
2026-08-23 20:17:00-04:00,7692.25,7692.75,7690.75,7691.0,405
2026-08-23 20:18:00-04:00,7691.0,7692.0,7690.5,7691.5,198
2026-08-23 20:19:00-04:00,7691.25,7691.5,7689.25,7689.75,328
2026-08-23 20:20:00-04:00,7690.0,7690.25,7688.75,7689.25,267
2026-08-23 20:21:00-04:00,7689.25,7690.5,7688.25,7690.0,226
2026-08-23 20:22:00-04:00,7690.0,7690.75,7688.0,7689.25,271
2026-08-23 20:23:00-04:00,7689.5,7690.75,7689.25,7690.25,157
2026-08-23 20:24:00-04:00,7690.0,7691.25,7690.0,7690.75,95
2026-08-23 20:25:00-04:00,7690.5,7690.5,7688.0,7688.5,312
2026-08-23 20:26:00-04:00,7688.5,7688.75,7685.5,7685.5,501
2026-08-23 20:27:00-04:00,7685.25,7688.0,7684.75,7688.0,418
2026-08-23 20:28:00-04:00,7688.0,7688.75,7687.25,7688.75,129
2026-08-23 20:29:00-04:00,7688.5,7689.5,7688.25,7689.0,128
2026-08-23 20:30:00-04:00,7689.25,7689.5,7687.0,7688.0,327
2026-08-23 20:31:00-04:00,7687.75,7688.75,7687.25,7688.75,109
2026-08-23 20:32:00-04:00,7688.5,7688.5,7687.0,7687.75,172
2026-08-23 20:33:00-04:00,7687.75,7688.25,7687.0,7687.75,85
2026-08-23 20:34:00-04:00,7687.25,7688.75,7687.25,7688.25,114
2026-08-23 20:35:00-04:00,7688.0,7689.25,7687.75,7688.75,89
2026-08-23 20:36:00-04:00,7688.75,7688.75,7687.25,7688.0,125
2026-08-23 20:37:00-04:00,7687.75,7688.75,7687.5,7688.75,84
2026-08-23 20:38:00-04:00,7688.75,7690.25,7688.5,7689.75,197
2026-08-23 20:39:00-04:00,7689.5,7690.25,7688.5,7688.75,86
2026-08-23 20:40:00-04:00,7688.75,7689.75,7688.5,7689.5,121
2026-08-23 20:41:00-04:00,7689.5,7689.75,7688.75,7688.75,57
2026-08-23 20:42:00-04:00,7688.5,7689.75,7688.5,7689.25,100
2026-08-23 20:43:00-04:00,7689.25,7689.5,7688.25,7688.25,84
2026-08-23 20:44:00-04:00,7688.25,7688.5,7687.75,7688.0,102
2026-08-23 20:45:00-04:00,7688.0,7689.25,7687.75,7688.5,83
2026-08-23 20:46:00-04:00,7688.75,7688.75,7687.0,7688.25,124
2026-08-23 20:47:00-04:00,7688.25,7688.75,7687.75,7688.5,90
2026-08-23 20:48:00-04:00,7688.75,7690.0,7688.75,7690.0,91
2026-08-23 20:49:00-04:00,7689.75,7692.0,7689.75,7692.0,160
2026-08-23 20:50:00-04:00,7692.0,7692.0,7691.25,7691.5,120
2026-08-23 20:51:00-04:00,7691.25,7691.75,7691.0,7691.25,122
2026-08-23 20:52:00-04:00,7691.0,7691.75,7691.0,7691.5,65
2026-08-23 20:53:00-04:00,7691.5,7691.75,7690.5,7691.25,125
2026-08-23 20:54:00-04:00,7691.0,7692.25,7690.75,7692.0,91
2026-08-23 20:55:00-04:00,7692.0,7693.75,7691.5,7693.75,197
2026-08-23 20:56:00-04:00,7693.5,7696.75,7693.25,7696.5,495
2026-08-23 20:57:00-04:00,7696.75,7698.0,7695.25,7696.5,296
2026-08-23 20:58:00-04:00,7696.5,7696.75,7695.75,7696.5,111
2026-08-23 20:59:00-04:00,7696.5,7697.5,7696.5,7697.5,79
2026-08-23 21:00:00-04:00,7697.5,7699.5,7697.5,7699.25,349
2026-08-23 21:01:00-04:00,7699.5,7700.5,7698.5,7698.75,324
2026-08-23 21:02:00-04:00,7699.0,7699.0,7696.0,7696.5,252
2026-08-23 21:03:00-04:00,7696.25,7697.75,7696.0,7697.0,185
2026-08-23 21:04:00-04:00,7697.25,7698.0,7697.0,7697.75,106
2026-08-23 21:05:00-04:00,7697.75,7700.25,7697.5,7700.25,148
2026-08-23 21:06:00-04:00,7700.25,7700.75,7699.5,7700.25,199
2026-08-23 21:11:00-04:00,7700.75,7702.0,7700.75,7702.0,742
2026-08-23 21:12:00-04:00,7701.5,7702.5,7700.5,7700.5,191
2026-08-23 21:13:00-04:00,7700.75,7701.0,7700.25,7700.75,71
2026-08-23 21:14:00-04:00,7700.75,7701.5,7700.5,7701.0,69
2026-08-23 21:15:00-04:00,7701.0,7701.5,7700.75,7701.25,75
2026-08-23 21:16:00-04:00,7701.0,7701.25,7700.25,7700.75,173
2026-08-23 21:17:00-04:00,7700.75,7701.5,7700.75,7700.75,99
2026-08-23 21:18:00-04:00,7701.0,7701.0,7700.25,7701.0,90
2026-08-23 21:19:00-04:00,7701.0,7702.75,7700.75,7701.75,134
2026-08-23 21:20:00-04:00,7701.5,7701.75,7699.25,7699.25,172
2026-08-23 21:21:00-04:00,7699.25,7699.75,7698.75,7699.25,135
2026-08-23 21:22:00-04:00,7699.25,7699.75,7698.0,7699.25,123
2026-08-23 21:23:00-04:00,7699.0,7699.25,7698.0,7698.75,73
2026-08-23 21:24:00-04:00,7698.5,7699.0,7698.0,7698.75,97
2026-08-23 21:25:00-04:00,7698.75,7699.5,7698.25,7699.25,133
2026-08-23 21:26:00-04:00,7699.25,7700.0,7699.0,7699.0,90
2026-08-23 21:27:00-04:00,7699.25,7699.25,7697.25,7697.75,115
2026-08-23 21:28:00-04:00,7697.75,7697.75,7697.0,7697.25,74
2026-08-23 21:29:00-04:00,7697.5,7698.0,7697.0,7697.25,105
2026-08-23 21:30:00-04:00,7697.5,7697.5,7696.25,7696.25,175
2026-08-23 21:31:00-04:00,7696.5,7696.75,7695.25,7695.75,130
2026-08-23 21:32:00-04:00,7695.75,7697.0,7695.25,7695.75,179
2026-08-23 21:33:00-04:00,7696.25,7696.5,7694.5,7696.25,178
2026-08-23 21:34:00-04:00,7696.25,7696.75,7695.5,7696.75,109
2026-08-23 21:35:00-04:00,7696.75,7696.75,7695.25,7695.75,88
2026-08-23 21:36:00-04:00,7695.75,7695.75,7694.5,7695.25,146
2026-08-23 21:37:00-04:00,7695.0,7696.5,7695.0,7696.25,77
2026-08-23 21:38:00-04:00,7696.25,7697.0,7696.0,7696.5,59
2026-08-23 21:39:00-04:00,7696.5,7697.25,7696.5,7697.0,78
2026-08-23 21:40:00-04:00,7696.75,7697.25,7696.5,7696.75,75
2026-08-23 21:41:00-04:00,7697.0,7697.0,7696.0,7696.5,78
2026-08-23 21:42:00-04:00,7696.75,7697.75,7696.5,7697.5,128
2026-08-23 21:43:00-04:00,7697.5,7698.5,7697.25,7697.25,122
2026-08-23 21:44:00-04:00,7697.5,7697.5,7696.25,7697.0,117
2026-08-23 21:45:00-04:00,7696.75,7697.0,7695.0,7696.0,133
2026-08-23 21:46:00-04:00,7696.5,7697.25,7696.0,7697.0,95
2026-08-23 21:47:00-04:00,7696.75,7697.25,7695.75,7696.25,122
2026-08-23 21:48:00-04:00,7696.25,7696.25,7695.0,7695.75,140
2026-08-23 21:49:00-04:00,7695.75,7697.0,7695.25,7696.5,161
2026-08-23 21:50:00-04:00,7696.5,7698.5,7696.25,7697.75,132
2026-08-23 21:51:00-04:00,7698.0,7699.5,7697.75,7698.25,140
2026-08-23 21:52:00-04:00,7698.25,7699.0,7698.25,7698.25,77
2026-08-23 21:53:00-04:00,7698.25,7698.5,7696.25,7696.5,131
2026-08-23 21:54:00-04:00,7696.5,7696.75,7695.5,7695.5,95
2026-08-23 21:55:00-04:00,7695.5,7695.5,7694.5,7694.75,101
2026-08-23 21:56:00-04:00,7694.5,7694.75,7693.25,7693.75,197
2026-08-23 21:57:00-04:00,7693.75,7693.75,7692.25,7692.5,240
2026-08-23 21:58:00-04:00,7692.5,7692.5,7691.0,7692.25,308
2026-08-23 21:59:00-04:00,7692.25,7692.5,7690.25,7690.5,270
2026-08-23 22:00:00-04:00,7690.25,7691.25,7689.25,7689.75,410
2026-08-23 22:01:00-04:00,7689.75,7691.0,7688.75,7689.25,310
2026-08-23 22:02:00-04:00,7689.0,7689.5,7688.5,7689.0,202
2026-08-23 22:03:00-04:00,7689.0,7689.25,7688.25,7689.0,159
2026-08-23 22:04:00-04:00,7689.0,7692.25,7688.0,7691.5,297
2026-08-23 22:05:00-04:00,7691.25,7691.5,7690.25,7690.75,195
2026-08-23 22:06:00-04:00,7691.0,7691.0,7687.25,7687.25,301
2026-08-23 22:07:00-04:00,7687.5,7688.25,7687.25,7688.25,194
2026-08-23 22:08:00-04:00,7688.25,7688.5,7687.75,7688.5,157
2026-08-23 22:09:00-04:00,7688.5,7690.25,7688.0,7690.0,214
2026-08-23 22:10:00-04:00,7690.0,7690.5,7687.5,7690.5,345
2026-08-23 22:11:00-04:00,7690.5,7692.25,7690.25,7692.0,138
2026-08-23 22:12:00-04:00,7691.75,7692.25,7691.0,7691.75,195
2026-08-23 22:13:00-04:00,7692.0,7693.75,7691.75,7693.75,171
2026-08-23 22:14:00-04:00,7693.75,7695.75,7693.75,7695.0,172
2026-08-23 22:15:00-04:00,7695.0,7696.0,7695.0,7695.75,132
2026-08-23 22:16:00-04:00,7695.75,7696.5,7695.5,7696.0,129
2026-08-23 22:17:00-04:00,7696.25,7696.25,7695.5,7696.0,82
2026-08-23 22:18:00-04:00,7696.0,7696.25,7695.5,7695.75,103
2026-08-23 22:19:00-04:00,7695.75,7696.25,7694.25,7695.25,131
2026-08-23 22:20:00-04:00,7695.25,7695.75,7695.0,7695.75,67
2026-08-23 22:21:00-04:00,7695.75,7696.0,7694.5,7695.75,120
2026-08-23 22:22:00-04:00,7696.0,7696.0,7694.25,7695.25,118
2026-08-23 22:28:00-04:00,7694.5,7694.5,7694.0,7694.25,734
2026-08-23 22:29:00-04:00,7694.25,7695.0,7694.25,7695.0,53
2026-08-23 22:30:00-04:00,7695.0,7695.25,7694.0,7694.5,58
2026-08-23 22:31:00-04:00,7694.0,7695.75,7694.0,7695.25,78
2026-08-23 22:32:00-04:00,7695.0,7695.25,7695.0,7695.0,26
2026-08-23 22:33:00-04:00,7695.0,7695.5,7694.75,7695.5,46
2026-08-23 22:34:00-04:00,7695.5,7695.5,7694.75,7695.25,43
2026-08-23 22:35:00-04:00,7695.25,7695.75,7694.5,7694.5,118
2026-08-23 22:36:00-04:00,7694.5,7695.0,7694.5,7694.75,46
2026-08-23 22:37:00-04:00,7694.75,7695.5,7694.5,7695.5,41
2026-08-23 22:38:00-04:00,7695.25,7695.25,7694.25,7695.25,38
2026-08-23 22:39:00-04:00,7695.0,7695.5,7694.0,7695.25,44
2026-08-23 22:40:00-04:00,7695.0,7695.5,7694.75,7695.25,28
2026-08-23 22:41:00-04:00,7695.5,7695.5,7695.0,7695.25,20
2026-08-23 22:42:00-04:00,7695.25,7695.5,7695.0,7695.25,22
2026-08-23 22:43:00-04:00,7695.25,7695.5,7694.5,7694.5,63
2026-08-23 22:44:00-04:00,7694.5,7696.25,7694.25,7696.25,186
2026-08-23 22:45:00-04:00,7696.25,7697.5,7696.0,7696.75,266
2026-08-23 22:46:00-04:00,7696.75,7696.75,7696.25,7696.5,72
2026-08-23 22:47:00-04:00,7696.25,7696.25,7695.5,7695.75,61
2026-08-23 22:48:00-04:00,7695.5,7695.5,7694.5,7695.5,100
2026-08-23 22:49:00-04:00,7695.5,7696.25,7695.25,7695.5,181
2026-08-23 22:50:00-04:00,7695.75,7696.0,7692.75,7693.75,344
2026-08-23 22:51:00-04:00,7693.75,7694.75,7693.5,7694.25,126
2026-08-23 22:52:00-04:00,7694.5,7695.25,7693.5,7694.0,77
2026-08-23 22:53:00-04:00,7694.0,7695.0,7694.0,7694.75,59
2026-08-23 22:54:00-04:00,7694.25,7694.75,7693.25,7694.25,78
2026-08-23 22:55:00-04:00,7694.25,7696.5,7694.25,7696.25,164
2026-08-23 22:56:00-04:00,7696.25,7697.25,7694.75,7695.0,124
2026-08-23 22:57:00-04:00,7694.75,7695.25,7694.25,7695.25,85
2026-08-23 22:58:00-04:00,7695.25,7695.25,7693.5,7694.0,91
2026-08-23 22:59:00-04:00,7694.25,7696.5,7694.25,7696.5,93
2026-08-23 23:00:00-04:00,7696.5,7696.5,7695.5,7696.0,79
2026-08-23 23:01:00-04:00,7695.75,7695.75,7693.25,7693.5,128
2026-08-23 23:02:00-04:00,7693.75,7694.25,7692.75,7693.25,98
2026-08-23 23:03:00-04:00,7693.25,7694.0,7692.75,7693.75,50
2026-08-23 23:04:00-04:00,7693.5,7693.75,7693.25,7693.75,38
2026-08-23 23:05:00-04:00,7693.5,7693.5,7692.25,7692.75,71
2026-08-23 23:06:00-04:00,7692.75,7692.75,7692.0,7692.75,101
2026-08-23 23:07:00-04:00,7692.5,7692.5,7691.25,7691.75,152
2026-08-23 23:08:00-04:00,7692.0,7692.0,7691.0,7691.25,112
2026-08-23 23:09:00-04:00,7691.25,7691.75,7690.5,7690.75,96
2026-08-23 23:10:00-04:00,7690.5,7691.0,7690.25,7690.25,95
2026-08-23 23:11:00-04:00,7690.25,7690.25,7688.5,7689.25,255
2026-08-23 23:12:00-04:00,7689.0,7689.0,7688.25,7688.75,146
2026-08-23 23:13:00-04:00,7689.0,7689.25,7688.5,7688.75,120
2026-08-23 23:14:00-04:00,7689.0,7689.5,7688.5,7688.75,111
2026-08-23 23:15:00-04:00,7688.75,7689.5,7688.25,7689.25,172
2026-08-23 23:16:00-04:00,7689.25,7690.25,7689.0,7689.75,92
2026-08-23 23:17:00-04:00,7689.5,7689.5,7688.75,7689.5,126
2026-08-23 23:18:00-04:00,7689.5,7690.0,7689.0,7689.25,56
2026-08-23 23:19:00-04:00,7689.0,7689.5,7688.25,7688.5,99
2026-08-23 23:20:00-04:00,7688.75,7689.75,7688.5,7689.25,254
2026-08-23 23:21:00-04:00,7689.0,7689.75,7688.25,7689.75,177
2026-08-23 23:22:00-04:00,7689.75,7689.75,7689.0,7689.25,186
2026-08-23 23:23:00-04:00,7689.5,7690.5,7689.5,7690.25,212
2026-08-23 23:24:00-04:00,7690.0,7690.75,7689.5,7689.75,187
2026-08-23 23:25:00-04:00,7689.75,7690.0,7689.0,7689.0,221
2026-08-23 23:26:00-04:00,7689.0,7689.25,7688.75,7688.75,96
2026-08-23 23:27:00-04:00,7689.0,7689.25,7688.75,7689.25,65
2026-08-23 23:28:00-04:00,7689.25,7689.25,7688.75,7689.0,59
2026-08-23 23:29:00-04:00,7689.25,7689.25,7688.75,7689.0,73
2026-08-23 23:30:00-04:00,7688.75,7688.75,7687.75,7688.0,283
2026-08-23 23:31:00-04:00,7688.0,7688.25,7687.0,7687.0,146
2026-08-23 23:32:00-04:00,7687.0,7687.25,7686.5,7686.75,208
2026-08-23 23:33:00-04:00,7686.75,7688.0,7686.75,7687.5,116
2026-08-23 23:34:00-04:00,7687.5,7687.75,7687.0,7687.75,33
2026-08-23 23:35:00-04:00,7688.0,7688.25,7687.25,7688.0,62
2026-08-23 23:36:00-04:00,7688.0,7688.25,7687.5,7687.75,132
2026-08-23 23:37:00-04:00,7687.5,7687.75,7686.75,7687.75,86
2026-08-23 23:38:00-04:00,7688.25,7689.0,7687.5,7689.0,111
2026-08-23 23:39:00-04:00,7689.0,7689.0,7687.25,7687.25,148
2026-08-23 23:40:00-04:00,7687.25,7688.5,7687.25,7687.5,73
2026-08-23 23:41:00-04:00,7687.5,7687.75,7685.25,7686.0,214
2026-08-23 23:42:00-04:00,7685.75,7687.0,7685.5,7686.5,101
2026-08-23 23:43:00-04:00,7686.75,7686.75,7686.25,7686.5,36
2026-08-23 23:44:00-04:00,7686.75,7686.75,7685.0,7685.25,117
2026-08-23 23:45:00-04:00,7685.0,7685.75,7684.5,7685.75,139
2026-08-23 23:46:00-04:00,7685.75,7685.75,7684.5,7685.25,134
2026-08-23 23:47:00-04:00,7685.0,7685.0,7684.25,7685.0,114
2026-08-23 23:48:00-04:00,7685.0,7686.5,7685.0,7686.25,139
2026-08-23 23:54:00-04:00,7683.0,7683.25,7682.75,7683.0,722
2026-08-23 23:55:00-04:00,7683.0,7683.25,7682.75,7683.0,52
2026-08-23 23:56:00-04:00,7682.75,7682.75,7682.25,7682.75,99
2026-08-23 23:57:00-04:00,7682.75,7682.75,7682.5,7682.75,69
2026-08-23 23:58:00-04:00,7682.5,7682.75,7682.25,7682.5,85
2026-08-24 00:00:00-04:00,7683.0,7684.25,7682.75,7683.5,135
2026-08-24 00:01:00-04:00,7683.75,7683.75,7682.5,7682.75,146
2026-08-24 00:02:00-04:00,7682.75,7683.25,7682.75,7683.25,44
2026-08-24 00:03:00-04:00,7683.25,7683.5,7683.0,7683.5,74
2026-08-24 00:04:00-04:00,7683.25,7683.75,7682.5,7683.75,89
2026-08-24 00:05:00-04:00,7683.5,7683.75,7683.25,7683.5,29
2026-08-24 00:06:00-04:00,7683.25,7683.5,7682.25,7682.25,85
2026-08-24 00:07:00-04:00,7682.5,7683.5,7682.5,7683.0,56
2026-08-24 00:08:00-04:00,7683.0,7683.0,7682.25,7682.25,22
2026-08-24 00:09:00-04:00,7682.25,7682.75,7681.75,7682.25,143
2026-08-24 00:10:00-04:00,7682.25,7682.75,7682.25,7682.5,67
2026-08-24 00:11:00-04:00,7682.75,7683.25,7682.5,7683.0,91
2026-08-24 00:12:00-04:00,7683.0,7684.0,7683.0,7683.75,114
2026-08-24 00:13:00-04:00,7683.75,7684.75,7683.5,7683.5,176
2026-08-24 00:14:00-04:00,7683.25,7684.5,7683.0,7684.5,80
2026-08-24 00:15:00-04:00,7684.75,7685.0,7684.0,7684.25,167
2026-08-24 00:16:00-04:00,7684.0,7684.0,7683.5,7684.0,84
2026-08-24 00:17:00-04:00,7684.0,7684.25,7683.75,7684.0,62
2026-08-24 00:18:00-04:00,7684.0,7684.25,7683.0,7683.75,143
2026-08-24 00:19:00-04:00,7683.5,7683.75,7682.75,7683.5,82
2026-08-24 00:20:00-04:00,7683.75,7684.75,7683.75,7684.75,131
2026-08-24 00:21:00-04:00,7684.75,7685.0,7683.75,7684.25,92
2026-08-24 00:22:00-04:00,7684.0,7684.5,7683.0,7683.0,89
2026-08-24 00:23:00-04:00,7683.0,7683.25,7682.25,7682.5,95
2026-08-24 00:24:00-04:00,7682.5,7682.75,7681.25,7681.5,141
2026-08-24 00:25:00-04:00,7681.5,7682.75,7681.0,7682.5,227
2026-08-24 00:26:00-04:00,7682.5,7683.75,7681.75,7682.75,435
2026-08-24 00:27:00-04:00,7682.5,7682.75,7681.0,7681.0,259
2026-08-24 00:28:00-04:00,7681.25,7682.75,7680.5,7682.75,109
2026-08-24 00:29:00-04:00,7682.75,7683.5,7682.0,7683.5,94
2026-08-24 00:30:00-04:00,7683.5,7684.5,7683.0,7683.25,102
2026-08-24 00:31:00-04:00,7683.75,7684.0,7682.0,7682.75,161
2026-08-24 00:32:00-04:00,7682.75,7683.0,7682.0,7683.0,35
2026-08-24 00:33:00-04:00,7683.25,7683.25,7681.0,7681.5,198
2026-08-24 00:34:00-04:00,7681.75,7682.75,7681.25,7681.75,109
2026-08-24 00:35:00-04:00,7682.0,7682.25,7680.75,7681.75,115
2026-08-24 00:36:00-04:00,7681.5,7682.0,7680.75,7681.75,93
2026-08-24 00:37:00-04:00,7682.0,7682.5,7681.75,7682.25,82
2026-08-24 00:38:00-04:00,7682.25,7682.5,7681.25,7682.0,136
2026-08-24 00:39:00-04:00,7682.0,7682.5,7681.5,7681.75,154
2026-08-24 00:40:00-04:00,7681.75,7681.75,7681.0,7681.25,56
2026-08-24 00:41:00-04:00,7681.0,7682.0,7681.0,7682.0,54
2026-08-24 00:42:00-04:00,7681.75,7681.75,7680.75,7681.25,41
2026-08-24 00:43:00-04:00,7681.25,7682.0,7681.25,7682.0,47
2026-08-24 00:44:00-04:00,7681.75,7683.75,7681.75,7683.75,218
2026-08-24 00:45:00-04:00,7683.75,7684.0,7683.0,7683.5,77
2026-08-24 00:46:00-04:00,7683.25,7683.75,7682.0,7683.5,197
2026-08-24 00:47:00-04:00,7683.25,7683.25,7682.0,7682.25,128
2026-08-24 00:48:00-04:00,7682.5,7682.75,7681.5,7682.0,44
2026-08-24 00:49:00-04:00,7681.75,7682.0,7681.25,7681.25,68
2026-08-24 00:50:00-04:00,7681.25,7682.25,7681.25,7682.0,93
2026-08-24 00:51:00-04:00,7681.75,7681.75,7681.0,7681.75,85
2026-08-24 00:52:00-04:00,7681.75,7681.75,7681.25,7681.25,43
2026-08-24 00:53:00-04:00,7681.0,7681.5,7681.0,7681.0,65
2026-08-24 00:54:00-04:00,7681.0,7681.25,7680.5,7681.0,72
2026-08-24 00:55:00-04:00,7680.75,7681.0,7680.0,7680.25,147
2026-08-24 00:56:00-04:00,7680.0,7680.5,7679.75,7680.0,76
2026-08-24 00:57:00-04:00,7680.0,7680.5,7679.75,7679.75,69
2026-08-24 00:58:00-04:00,7679.75,7680.25,7679.75,7679.75,52
2026-08-24 00:59:00-04:00,7680.0,7680.0,7679.5,7679.75,98
2026-08-24 01:00:00-04:00,7680.0,7681.25,7679.75,7681.0,84
2026-08-24 01:01:00-04:00,7680.75,7681.0,7680.0,7680.5,50
2026-08-24 01:02:00-04:00,7680.5,7680.75,7680.25,7680.5,32
2026-08-24 01:03:00-04:00,7680.75,7681.25,7680.25,7680.25,38
2026-08-24 01:04:00-04:00,7680.25,7681.0,7680.0,7680.5,146
2026-08-24 01:05:00-04:00,7680.5,7683.5,7680.5,7683.25,143
2026-08-24 01:06:00-04:00,7683.0,7684.5,7683.0,7684.0,218
2026-08-24 01:07:00-04:00,7684.0,7684.5,7683.0,7684.0,117
2026-08-24 01:08:00-04:00,7684.0,7685.0,7683.25,7684.5,150
2026-08-24 01:09:00-04:00,7684.25,7684.5,7683.75,7684.0,91
2026-08-24 01:10:00-04:00,7683.75,7684.5,7683.0,7684.0,115
2026-08-24 01:11:00-04:00,7684.0,7684.75,7683.25,7684.75,72
2026-08-24 01:12:00-04:00,7684.75,7684.75,7683.75,7684.0,55
2026-08-24 01:13:00-04:00,7684.0,7684.25,7683.75,7683.75,57
2026-08-24 01:14:00-04:00,7683.75,7685.5,7683.75,7685.25,130
2026-08-24 01:15:00-04:00,7685.0,7685.0,7683.0,7683.0,131
2026-08-24 01:16:00-04:00,7683.25,7683.5,7683.0,7683.0,51
2026-08-24 01:17:00-04:00,7683.0,7684.0,7683.0,7683.5,71
2026-08-24 01:18:00-04:00,7683.5,7683.75,7683.25,7683.75,23
2026-08-24 01:19:00-04:00,7683.5,7683.5,7682.0,7682.0,133
2026-08-24 01:20:00-04:00,7681.75,7682.5,7681.75,7682.25,72
2026-08-24 01:21:00-04:00,7682.25,7682.5,7682.0,7682.0,66
2026-08-24 01:22:00-04:00,7682.0,7682.25,7681.5,7682.0,48
2026-08-24 01:23:00-04:00,7682.0,7683.0,7681.75,7682.0,549
2026-08-24 01:24:00-04:00,7682.0,7682.5,7681.5,7681.75,108
2026-08-24 01:25:00-04:00,7681.75,7682.0,7681.5,7681.75,64
2026-08-24 01:26:00-04:00,7681.75,7682.0,7681.5,7681.75,45
2026-08-24 01:27:00-04:00,7681.5,7681.75,7681.25,7681.5,73
2026-08-24 01:28:00-04:00,7681.5,7681.75,7680.25,7680.75,130
2026-08-24 01:29:00-04:00,7680.75,7681.0,7680.5,7680.5,83
2026-08-24 01:30:00-04:00,7680.5,7680.75,7679.25,7679.25,211
2026-08-24 01:31:00-04:00,7679.25,7679.75,7677.5,7677.5,343
2026-08-24 01:32:00-04:00,7677.5,7678.0,7677.0,7677.25,186
2026-08-24 01:33:00-04:00,7677.25,7677.25,7676.25,7677.0,297
2026-08-24 01:34:00-04:00,7676.75,7677.25,7675.5,7676.5,342
2026-08-24 01:35:00-04:00,7676.5,7676.75,7676.0,7676.5,139
2026-08-24 01:36:00-04:00,7676.25,7677.0,7675.75,7676.75,159
2026-08-24 01:37:00-04:00,7676.75,7677.75,7676.25,7677.25,149
2026-08-24 01:38:00-04:00,7677.25,7679.5,7677.25,7679.5,187
2026-08-24 01:39:00-04:00,7679.25,7679.75,7677.75,7677.75,256
2026-08-24 01:40:00-04:00,7677.75,7680.75,7677.75,7680.75,160
2026-08-24 01:41:00-04:00,7680.75,7682.0,7680.75,7681.25,206
2026-08-24 01:42:00-04:00,7681.25,7681.5,7679.0,7679.5,174
2026-08-24 01:43:00-04:00,7679.5,7680.5,7678.75,7679.75,78
2026-08-24 01:44:00-04:00,7679.75,7680.25,7678.25,7678.25,73
2026-08-24 01:45:00-04:00,7678.25,7679.25,7678.0,7678.75,114
2026-08-24 01:46:00-04:00,7678.75,7679.0,7678.0,7678.0,58
2026-08-24 01:47:00-04:00,7678.0,7678.25,7676.5,7677.25,257
2026-08-24 01:48:00-04:00,7677.0,7677.5,7676.0,7676.5,81
2026-08-24 01:49:00-04:00,7676.75,7677.5,7676.5,7677.25,68
2026-08-24 01:50:00-04:00,7677.25,7678.0,7676.25,7676.75,132
2026-08-24 01:51:00-04:00,7676.75,7678.0,7676.75,7677.75,49
2026-08-24 01:52:00-04:00,7677.75,7678.0,7677.25,7677.75,84
2026-08-24 01:53:00-04:00,7678.0,7678.25,7677.25,7677.75,232
2026-08-24 01:54:00-04:00,7677.75,7677.75,7676.75,7677.0,213
2026-08-24 01:59:00-04:00,7676.5,7676.5,7676.5,7676.5,953
2026-08-24 02:00:00-04:00,7676.5,7678.75,7676.25,7676.5,333
2026-08-24 02:01:00-04:00,7676.5,7676.75,7674.5,7675.0,341
2026-08-24 02:02:00-04:00,7675.25,7675.25,7673.75,7674.75,288
2026-08-24 02:03:00-04:00,7674.75,7675.0,7673.75,7673.75,167
2026-08-24 02:04:00-04:00,7674.0,7674.0,7673.25,7673.5,226
2026-08-24 02:05:00-04:00,7673.5,7673.5,7672.0,7672.75,577
2026-08-24 02:06:00-04:00,7673.0,7673.0,7672.25,7672.25,214
2026-08-24 02:07:00-04:00,7672.5,7674.5,7672.5,7673.75,398
2026-08-24 02:08:00-04:00,7673.5,7673.5,7672.0,7672.5,175
2026-08-24 02:09:00-04:00,7672.5,7673.25,7672.25,7673.25,189
2026-08-24 02:10:00-04:00,7673.0,7673.25,7672.25,7672.5,101
2026-08-24 02:11:00-04:00,7672.5,7673.25,7672.0,7672.25,104
2026-08-24 02:12:00-04:00,7672.5,7673.5,7672.25,7673.25,113
2026-08-24 02:13:00-04:00,7673.25,7673.5,7673.0,7673.5,102
2026-08-24 02:14:00-04:00,7673.5,7674.5,7672.5,7673.25,138
2026-08-24 02:15:00-04:00,7673.25,7674.75,7673.0,7674.5,183
2026-08-24 02:16:00-04:00,7674.25,7675.0,7673.25,7675.0,255
2026-08-24 02:17:00-04:00,7675.25,7676.25,7672.5,7672.5,213
2026-08-24 02:18:00-04:00,7672.75,7673.0,7671.75,7672.5,242
2026-08-24 02:19:00-04:00,7672.5,7672.75,7670.75,7671.0,436
2026-08-24 02:20:00-04:00,7670.75,7672.5,7669.0,7672.25,621
2026-08-24 02:21:00-04:00,7672.25,7673.5,7672.0,7673.25,161
2026-08-24 02:22:00-04:00,7673.0,7673.25,7672.5,7672.75,117
2026-08-24 02:23:00-04:00,7672.75,7673.25,7671.75,7672.25,105
2026-08-24 02:24:00-04:00,7672.25,7673.75,7672.25,7673.75,56
2026-08-24 02:25:00-04:00,7673.75,7674.25,7673.0,7674.25,101
2026-08-24 02:26:00-04:00,7674.0,7674.25,7673.5,7673.5,94
2026-08-24 02:27:00-04:00,7674.0,7674.0,7673.5,7674.0,57
2026-08-24 02:28:00-04:00,7673.75,7674.5,7673.75,7674.25,109
2026-08-24 02:29:00-04:00,7674.25,7674.25,7673.5,7673.5,63
2026-08-24 02:30:00-04:00,7673.0,7674.0,7672.0,7672.25,139
2026-08-24 02:31:00-04:00,7672.25,7673.75,7671.75,7673.5,336
2026-08-24 02:32:00-04:00,7673.5,7673.5,7672.0,7672.0,116
2026-08-24 02:33:00-04:00,7672.0,7673.25,7672.0,7673.25,63
2026-08-24 02:34:00-04:00,7673.5,7674.0,7673.5,7673.75,92
2026-08-24 02:35:00-04:00,7673.75,7675.0,7673.5,7673.5,114
2026-08-24 02:36:00-04:00,7673.5,7673.75,7672.75,7673.75,192
2026-08-24 02:37:00-04:00,7673.75,7675.0,7673.5,7675.0,54
2026-08-24 02:38:00-04:00,7674.75,7675.25,7674.5,7675.25,187
2026-08-24 02:39:00-04:00,7675.25,7675.5,7674.75,7674.75,86
2026-08-24 02:40:00-04:00,7675.0,7675.0,7673.0,7674.25,168
2026-08-24 02:41:00-04:00,7674.0,7674.25,7671.75,7671.75,145
2026-08-24 02:42:00-04:00,7671.5,7672.0,7671.0,7671.75,185
2026-08-24 02:43:00-04:00,7671.75,7671.75,7671.25,7671.75,44
2026-08-24 02:44:00-04:00,7671.75,7672.0,7671.25,7671.75,127
2026-08-24 02:45:00-04:00,7671.5,7672.0,7670.25,7671.25,215
2026-08-24 02:46:00-04:00,7671.25,7671.5,7670.75,7671.25,112
2026-08-24 02:47:00-04:00,7671.0,7671.75,7671.0,7671.75,99
2026-08-24 02:48:00-04:00,7671.75,7672.75,7671.5,7672.25,126
2026-08-24 02:49:00-04:00,7672.5,7673.0,7672.25,7672.75,143
2026-08-24 02:50:00-04:00,7673.0,7674.0,7672.5,7673.5,138
2026-08-24 02:51:00-04:00,7673.25,7673.5,7673.0,7673.0,44
2026-08-24 02:52:00-04:00,7673.0,7674.75,7673.0,7674.5,162
2026-08-24 02:53:00-04:00,7674.5,7674.5,7674.0,7674.25,84
2026-08-24 02:54:00-04:00,7674.0,7675.0,7674.0,7674.75,64
2026-08-24 02:55:00-04:00,7674.75,7675.25,7674.5,7675.25,79
2026-08-24 02:56:00-04:00,7675.25,7675.75,7674.25,7674.25,110
2026-08-24 02:57:00-04:00,7674.25,7674.5,7673.75,7674.0,88
2026-08-24 02:58:00-04:00,7674.0,7674.25,7673.25,7674.0,69
2026-08-24 02:59:00-04:00,7674.0,7674.0,7673.25,7673.5,57
2026-08-24 03:00:00-04:00,7673.75,7676.75,7672.5,7676.0,548
2026-08-24 03:01:00-04:00,7675.25,7675.75,7672.0,7672.75,771
2026-08-24 03:02:00-04:00,7673.25,7673.75,7672.25,7672.25,162
2026-08-24 03:03:00-04:00,7672.5,7673.5,7672.25,7673.25,125
2026-08-24 03:04:00-04:00,7673.0,7675.0,7673.0,7674.75,228
2026-08-24 03:05:00-04:00,7674.5,7674.75,7673.5,7674.75,125
2026-08-24 03:06:00-04:00,7674.75,7676.5,7674.75,7675.75,198
2026-08-24 03:07:00-04:00,7676.0,7677.5,7675.75,7677.25,184
2026-08-24 03:08:00-04:00,7677.25,7677.5,7676.75,7677.0,219
2026-08-24 03:09:00-04:00,7677.0,7677.75,7676.75,7677.0,118
2026-08-24 03:10:00-04:00,7677.0,7677.25,7676.0,7676.25,176
2026-08-24 03:11:00-04:00,7676.5,7677.75,7676.25,7677.75,138
2026-08-24 03:12:00-04:00,7677.75,7678.0,7676.75,7677.75,174
2026-08-24 03:13:00-04:00,7677.75,7678.0,7677.25,7677.75,139
2026-08-24 03:14:00-04:00,7678.0,7678.5,7677.75,7677.75,121
2026-08-24 03:15:00-04:00,7678.0,7679.5,7677.75,7678.5,130
2026-08-24 03:16:00-04:00,7678.0,7678.0,7676.0,7676.5,213
2026-08-24 03:17:00-04:00,7676.5,7676.5,7675.5,7676.25,92
2026-08-24 03:18:00-04:00,7676.25,7676.25,7675.25,7675.5,101
2026-08-24 03:19:00-04:00,7675.5,7677.5,7675.5,7676.75,135
2026-08-24 03:20:00-04:00,7676.75,7676.75,7675.5,7676.0,120
2026-08-24 03:21:00-04:00,7676.25,7676.25,7675.75,7676.0,77
2026-08-24 03:22:00-04:00,7675.75,7676.5,7675.5,7676.5,138
2026-08-24 03:23:00-04:00,7676.5,7676.5,7675.5,7675.75,60
2026-08-24 03:24:00-04:00,7675.75,7676.25,7674.75,7676.25,102
2026-08-24 03:25:00-04:00,7676.25,7677.5,7675.75,7677.5,141
2026-08-24 03:26:00-04:00,7677.5,7678.0,7676.0,7676.25,164
2026-08-24 03:27:00-04:00,7676.0,7676.75,7676.0,7676.75,84
2026-08-24 03:28:00-04:00,7676.75,7677.0,7675.75,7675.75,194
2026-08-24 03:29:00-04:00,7675.5,7675.75,7674.75,7675.0,117
2026-08-24 03:30:00-04:00,7674.75,7676.25,7673.5,7675.5,335
2026-08-24 03:31:00-04:00,7675.75,7675.75,7674.75,7675.5,137
2026-08-24 03:32:00-04:00,7675.5,7677.25,7675.25,7677.25,110
2026-08-24 03:33:00-04:00,7677.25,7677.75,7677.0,7677.5,73
2026-08-24 03:34:00-04:00,7677.75,7678.25,7677.5,7678.25,103
2026-08-24 03:35:00-04:00,7678.25,7679.25,7678.25,7679.25,93
2026-08-24 03:36:00-04:00,7679.25,7679.25,7678.75,7678.75,73
2026-08-24 03:37:00-04:00,7678.75,7678.75,7678.25,7678.5,57
2026-08-24 03:38:00-04:00,7678.5,7678.5,7677.75,7677.75,70
2026-08-24 03:39:00-04:00,7677.5,7677.5,7677.0,7677.0,31
2026-08-24 03:40:00-04:00,7676.75,7676.75,7675.25,7675.5,109
2026-08-24 03:41:00-04:00,7675.5,7675.5,7673.25,7674.25,218
2026-08-24 03:42:00-04:00,7674.5,7675.0,7673.5,7673.75,143
2026-08-24 03:43:00-04:00,7674.0,7674.25,7672.75,7673.0,163
2026-08-24 03:44:00-04:00,7673.0,7673.75,7672.5,7672.5,280
2026-08-24 03:45:00-04:00,7672.5,7674.25,7672.5,7674.0,227
2026-08-24 03:46:00-04:00,7674.0,7674.5,7673.75,7674.0,108
2026-08-24 03:47:00-04:00,7674.25,7674.75,7673.25,7673.5,156
2026-08-24 03:48:00-04:00,7673.5,7674.0,7672.5,7673.5,94
2026-08-24 03:49:00-04:00,7673.25,7673.75,7672.5,7672.5,174
2026-08-24 03:50:00-04:00,7672.5,7673.0,7672.5,7673.0,88
2026-08-24 03:51:00-04:00,7672.75,7673.5,7672.75,7673.25,89
2026-08-24 03:52:00-04:00,7673.25,7673.25,7671.0,7671.75,200
2026-08-24 03:53:00-04:00,7671.75,7671.75,7670.75,7671.25,283
2026-08-24 03:54:00-04:00,7671.25,7672.25,7671.0,7672.0,262
2026-08-24 03:55:00-04:00,7671.75,7672.0,7671.0,7671.75,116
2026-08-24 03:56:00-04:00,7671.5,7671.5,7670.5,7670.75,243
2026-08-24 03:57:00-04:00,7671.0,7671.25,7670.5,7670.75,148
2026-08-24 03:58:00-04:00,7671.0,7672.25,7670.75,7671.25,94
2026-08-24 03:59:00-04:00,7671.0,7671.75,7670.75,7670.75,87
2026-08-24 04:00:00-04:00,7671.25,7672.75,7670.25,7671.75,364
2026-08-24 04:01:00-04:00,7671.75,7672.0,7668.75,7670.5,426
2026-08-24 04:02:00-04:00,7670.5,7671.0,7669.5,7670.5,227
2026-08-24 04:03:00-04:00,7670.5,7672.0,7669.5,7671.0,256
2026-08-24 04:04:00-04:00,7670.75,7671.5,7669.5,7670.0,244
2026-08-24 04:05:00-04:00,7670.25,7673.0,7670.25,7672.75,295
2026-08-24 04:06:00-04:00,7672.75,7674.25,7672.0,7673.5,730
2026-08-24 04:07:00-04:00,7673.25,7681.5,7673.25,7675.25,1711
2026-08-24 04:08:00-04:00,7675.25,7676.5,7674.5,7674.5,297
2026-08-24 04:09:00-04:00,7674.5,7674.75,7673.0,7673.0,250
2026-08-24 04:10:00-04:00,7673.5,7674.75,7673.5,7674.75,104
2026-08-24 04:11:00-04:00,7674.5,7675.25,7674.25,7674.75,106
2026-08-24 04:12:00-04:00,7674.25,7675.5,7674.0,7675.0,113
2026-08-24 04:17:00-04:00,7674.5,7675.0,7674.5,7674.75,669
2026-08-24 04:18:00-04:00,7674.75,7678.25,7674.75,7678.0,227
2026-08-24 04:19:00-04:00,7678.0,7679.5,7678.0,7678.75,269
2026-08-24 04:20:00-04:00,7678.75,7679.25,7678.25,7678.5,87
2026-08-24 04:21:00-04:00,7678.0,7678.25,7677.0,7677.75,130
2026-08-24 04:22:00-04:00,7678.0,7678.25,7677.75,7678.0,64
2026-08-24 04:23:00-04:00,7677.75,7677.75,7676.0,7676.75,69
2026-08-24 04:24:00-04:00,7676.25,7677.25,7676.25,7677.0,173
2026-08-24 04:25:00-04:00,7677.25,7677.25,7675.0,7675.5,207
2026-08-24 04:26:00-04:00,7675.25,7675.75,7674.75,7675.25,104
2026-08-24 04:27:00-04:00,7675.25,7677.0,7675.25,7677.0,126
2026-08-24 04:28:00-04:00,7677.25,7678.0,7676.5,7678.0,221
2026-08-24 04:29:00-04:00,7678.0,7678.75,7677.25,7677.25,252
2026-08-24 04:30:00-04:00,7677.25,7678.0,7677.25,7677.5,84
2026-08-24 04:31:00-04:00,7678.0,7678.25,7676.5,7677.5,78
2026-08-24 04:32:00-04:00,7677.5,7679.25,7677.5,7679.0,90
2026-08-24 04:33:00-04:00,7679.0,7679.0,7677.25,7678.25,71
2026-08-24 04:34:00-04:00,7678.0,7678.5,7678.0,7678.25,59
2026-08-24 04:35:00-04:00,7678.25,7678.75,7678.25,7678.75,61
2026-08-24 04:36:00-04:00,7678.5,7679.75,7678.25,7679.75,71
2026-08-24 04:37:00-04:00,7679.75,7679.75,7678.5,7679.0,88
2026-08-24 04:38:00-04:00,7678.75,7680.25,7678.5,7680.0,71
2026-08-24 04:39:00-04:00,7680.0,7682.25,7679.75,7682.0,294
2026-08-24 04:40:00-04:00,7682.0,7682.25,7680.5,7681.0,103
2026-08-24 04:41:00-04:00,7681.25,7681.75,7681.0,7681.75,108
2026-08-24 04:42:00-04:00,7681.5,7682.25,7681.0,7682.0,104
2026-08-24 04:43:00-04:00,7682.25,7683.0,7682.25,7682.5,182
2026-08-24 04:44:00-04:00,7682.5,7682.75,7681.75,7682.5,110
2026-08-24 04:45:00-04:00,7682.25,7683.0,7682.0,7682.75,81
2026-08-24 04:46:00-04:00,7682.5,7682.5,7681.75,7682.5,99
2026-08-24 04:47:00-04:00,7682.75,7682.75,7681.75,7682.0,108
2026-08-24 04:48:00-04:00,7682.25,7682.25,7682.0,7682.25,37
2026-08-24 04:49:00-04:00,7682.5,7682.5,7681.25,7681.5,104
2026-08-24 04:50:00-04:00,7681.5,7682.25,7681.5,7682.25,156
2026-08-24 04:51:00-04:00,7682.0,7682.75,7681.75,7682.25,78
2026-08-24 04:52:00-04:00,7682.5,7684.0,7682.5,7683.75,185
2026-08-24 04:53:00-04:00,7683.5,7683.5,7683.0,7683.25,97
2026-08-24 04:54:00-04:00,7683.0,7683.25,7682.75,7683.25,60
2026-08-24 04:55:00-04:00,7683.25,7683.25,7682.75,7683.25,81
2026-08-24 04:56:00-04:00,7683.0,7683.25,7682.5,7682.5,49
2026-08-24 04:57:00-04:00,7682.5,7683.0,7682.25,7682.75,62
2026-08-24 04:58:00-04:00,7682.5,7682.75,7682.25,7682.25,34
2026-08-24 04:59:00-04:00,7682.5,7682.5,7680.5,7680.5,98
2026-08-24 05:00:00-04:00,7680.75,7680.75,7678.75,7679.25,180
2026-08-24 05:01:00-04:00,7679.25,7680.75,7679.25,7680.0,90
2026-08-24 05:02:00-04:00,7680.0,7680.75,7679.5,7679.5,91
2026-08-24 05:03:00-04:00,7679.5,7683.0,7679.5,7682.25,251
2026-08-24 05:04:00-04:00,7682.5,7684.5,7682.5,7683.75,236
2026-08-24 05:05:00-04:00,7683.75,7683.75,7682.25,7682.5,171
2026-08-24 05:06:00-04:00,7682.5,7683.25,7682.5,7683.0,109
2026-08-24 05:07:00-04:00,7683.0,7684.0,7682.75,7683.0,185
2026-08-24 05:08:00-04:00,7683.0,7683.0,7682.75,7683.0,56
2026-08-24 05:09:00-04:00,7683.0,7683.25,7683.0,7683.25,82
2026-08-24 05:10:00-04:00,7683.25,7684.0,7683.0,7683.5,197
2026-08-24 05:11:00-04:00,7683.25,7683.75,7682.5,7682.5,122
2026-08-24 05:12:00-04:00,7682.5,7683.25,7682.5,7682.5,148
2026-08-24 05:13:00-04:00,7682.5,7682.5,7682.0,7682.25,93
2026-08-24 05:14:00-04:00,7682.25,7682.5,7682.0,7682.0,78
2026-08-24 05:15:00-04:00,7682.25,7682.5,7681.75,7682.0,128
2026-08-24 05:16:00-04:00,7682.25,7682.25,7681.5,7681.5,82
2026-08-24 05:17:00-04:00,7682.0,7682.0,7681.5,7681.5,138
2026-08-24 05:18:00-04:00,7681.5,7681.5,7680.5,7680.75,130
2026-08-24 05:19:00-04:00,7680.75,7681.0,7679.5,7679.75,177
2026-08-24 05:20:00-04:00,7679.75,7680.0,7679.5,7679.75,175
2026-08-24 05:21:00-04:00,7679.75,7680.0,7679.0,7679.75,185
2026-08-24 05:22:00-04:00,7679.5,7679.75,7679.25,7679.25,199
2026-08-24 05:23:00-04:00,7679.25,7679.25,7678.25,7678.75,176
2026-08-24 05:24:00-04:00,7679.0,7680.0,7679.0,7679.75,221
2026-08-24 05:25:00-04:00,7679.5,7679.5,7678.25,7678.75,138
2026-08-24 05:26:00-04:00,7678.5,7678.75,7677.75,7678.5,69
2026-08-24 05:27:00-04:00,7678.5,7678.75,7678.25,7678.5,79
2026-08-24 05:28:00-04:00,7678.25,7678.5,7678.0,7678.25,66
2026-08-24 05:29:00-04:00,7678.25,7678.75,7678.25,7678.5,93
2026-08-24 05:30:00-04:00,7678.25,7679.75,7678.25,7679.25,151
2026-08-24 05:31:00-04:00,7679.25,7679.25,7678.75,7679.0,52
2026-08-24 05:32:00-04:00,7678.75,7679.75,7678.5,7679.25,173
2026-08-24 05:33:00-04:00,7679.25,7679.5,7678.5,7679.5,129
2026-08-24 05:34:00-04:00,7679.25,7679.5,7679.0,7679.5,44
2026-08-24 05:35:00-04:00,7679.75,7680.5,7679.5,7680.5,144
2026-08-24 05:36:00-04:00,7680.25,7681.5,7680.25,7681.25,110
2026-08-24 05:37:00-04:00,7681.25,7681.75,7681.25,7681.75,113
2026-08-24 05:38:00-04:00,7681.75,7681.75,7680.75,7681.25,135
2026-08-24 05:39:00-04:00,7681.0,7681.25,7680.5,7681.25,63
2026-08-24 05:40:00-04:00,7681.0,7681.25,7679.5,7679.5,103
2026-08-24 05:41:00-04:00,7679.75,7681.0,7679.75,7680.25,139
2026-08-24 05:42:00-04:00,7680.25,7680.75,7680.0,7680.25,69
2026-08-24 05:43:00-04:00,7680.5,7680.75,7680.5,7680.5,66
2026-08-24 05:44:00-04:00,7680.5,7681.0,7680.5,7680.75,111
2026-08-24 05:45:00-04:00,7681.0,7681.5,7680.5,7680.5,131
2026-08-24 05:46:00-04:00,7680.5,7681.5,7680.25,7681.25,94
2026-08-24 05:47:00-04:00,7681.25,7682.5,7681.25,7682.5,98
2026-08-24 05:48:00-04:00,7682.5,7682.5,7681.0,7681.25,377
2026-08-24 05:49:00-04:00,7681.5,7682.5,7681.25,7682.25,136
2026-08-24 05:50:00-04:00,7682.25,7682.5,7681.25,7681.5,98
2026-08-24 05:51:00-04:00,7681.5,7681.5,7680.25,7680.5,119
2026-08-24 05:52:00-04:00,7680.25,7680.75,7680.25,7680.5,51
2026-08-24 05:53:00-04:00,7680.5,7680.5,7679.75,7680.0,118
2026-08-24 05:54:00-04:00,7680.25,7680.25,7679.75,7680.25,135
2026-08-24 05:55:00-04:00,7680.5,7680.75,7680.25,7680.75,64
2026-08-24 05:56:00-04:00,7681.0,7681.0,7679.75,7679.75,148
2026-08-24 05:57:00-04:00,7680.0,7680.25,7680.0,7680.25,90
2026-08-24 05:58:00-04:00,7680.25,7680.25,7680.0,7680.25,60
2026-08-24 05:59:00-04:00,7680.5,7680.5,7680.0,7680.5,120
2026-08-24 06:00:00-04:00,7680.5,7681.0,7680.0,7680.75,259
2026-08-24 06:01:00-04:00,7681.0,7681.0,7680.5,7680.5,64
2026-08-24 06:02:00-04:00,7680.5,7681.0,7680.0,7680.5,137
2026-08-24 06:03:00-04:00,7680.75,7681.5,7680.5,7681.25,129
2026-08-24 06:04:00-04:00,7681.25,7681.75,7681.25,7681.5,156
2026-08-24 06:05:00-04:00,7681.75,7682.0,7681.0,7681.0,137
2026-08-24 06:06:00-04:00,7680.75,7681.0,7680.25,7680.25,178
2026-08-24 06:07:00-04:00,7680.25,7681.5,7680.25,7681.5,164
2026-08-24 06:08:00-04:00,7681.75,7681.75,7680.5,7680.75,155
2026-08-24 06:09:00-04:00,7680.75,7680.75,7679.75,7679.75,173
2026-08-24 06:10:00-04:00,7680.0,7680.25,7679.75,7679.75,117
2026-08-24 06:11:00-04:00,7679.5,7680.0,7679.0,7679.5,166
2026-08-24 06:12:00-04:00,7679.5,7679.5,7678.25,7678.25,178
2026-08-24 06:13:00-04:00,7678.25,7678.25,7676.75,7677.5,302
2026-08-24 06:14:00-04:00,7677.5,7677.75,7677.0,7677.0,144
2026-08-24 06:15:00-04:00,7677.0,7677.25,7676.75,7677.0,181
2026-08-24 06:16:00-04:00,7677.0,7677.25,7676.75,7676.75,132
2026-08-24 06:17:00-04:00,7677.0,7677.25,7677.0,7677.0,104
2026-08-24 06:18:00-04:00,7676.75,7677.5,7676.75,7677.25,80
2026-08-24 06:19:00-04:00,7677.25,7677.25,7676.75,7676.75,120
2026-08-24 06:20:00-04:00,7676.75,7676.75,7675.25,7675.75,297
2026-08-24 06:21:00-04:00,7676.0,7676.5,7675.75,7676.25,123
2026-08-24 06:22:00-04:00,7676.5,7677.0,7676.25,7676.5,143
2026-08-24 06:23:00-04:00,7676.75,7678.25,7676.75,7678.25,116
2026-08-24 06:24:00-04:00,7678.25,7680.0,7678.0,7679.5,241
2026-08-24 06:25:00-04:00,7679.5,7679.5,7678.25,7678.25,130
2026-08-24 06:26:00-04:00,7678.0,7678.5,7677.75,7677.75,98
2026-08-24 06:27:00-04:00,7677.75,7678.25,7676.0,7676.25,85
2026-08-24 06:28:00-04:00,7676.5,7677.75,7676.5,7677.0,171
2026-08-24 06:29:00-04:00,7677.0,7677.25,7675.75,7676.0,102
2026-08-24 06:30:00-04:00,7676.0,7676.5,7675.75,7675.75,222
2026-08-24 06:31:00-04:00,7675.75,7677.0,7675.75,7676.75,183
2026-08-24 06:32:00-04:00,7677.0,7678.5,7677.0,7678.25,134
2026-08-24 06:33:00-04:00,7678.5,7679.0,7678.0,7678.75,282
2026-08-24 06:34:00-04:00,7678.75,7680.25,7678.5,7679.5,172
2026-08-24 06:35:00-04:00,7679.75,7679.75,7679.0,7679.0,105
2026-08-24 06:36:00-04:00,7679.0,7679.25,7678.75,7679.25,101
2026-08-24 06:37:00-04:00,7679.0,7679.0,7677.75,7678.0,112
2026-08-24 06:38:00-04:00,7678.0,7678.5,7678.0,7678.25,82
2026-08-24 06:39:00-04:00,7678.5,7678.5,7677.0,7677.0,141
2026-08-24 06:40:00-04:00,7677.0,7677.0,7675.75,7676.0,137
2026-08-24 06:41:00-04:00,7676.0,7676.0,7674.75,7674.75,145
2026-08-24 06:42:00-04:00,7674.75,7675.0,7674.25,7674.75,91
2026-08-24 06:43:00-04:00,7674.75,7675.0,7674.25,7674.75,119
2026-08-24 06:44:00-04:00,7674.25,7674.75,7673.5,7674.5,263
2026-08-24 06:45:00-04:00,7674.5,7674.75,7673.25,7673.25,162
2026-08-24 06:46:00-04:00,7673.0,7674.25,7672.75,7673.0,142
2026-08-24 06:47:00-04:00,7673.0,7673.0,7672.25,7672.25,136
2026-08-24 06:48:00-04:00,7672.5,7673.0,7672.0,7673.0,207
2026-08-24 06:49:00-04:00,7673.0,7673.0,7672.5,7673.0,167
2026-08-24 06:50:00-04:00,7672.75,7672.75,7671.5,7671.75,249
2026-08-24 06:51:00-04:00,7671.75,7671.75,7670.25,7670.25,203
2026-08-24 06:52:00-04:00,7670.0,7670.75,7669.75,7670.75,218
2026-08-24 06:53:00-04:00,7670.75,7671.25,7670.5,7670.75,245
2026-08-24 06:54:00-04:00,7670.75,7670.75,7670.25,7670.75,79
2026-08-24 06:55:00-04:00,7670.75,7671.25,7670.5,7670.75,147
2026-08-24 06:56:00-04:00,7670.75,7671.5,7670.0,7670.5,276
2026-08-24 06:57:00-04:00,7670.5,7670.75,7670.25,7670.75,92
2026-08-24 06:58:00-04:00,7670.75,7670.75,7670.0,7670.25,92
2026-08-24 06:59:00-04:00,7670.25,7670.75,7670.0,7670.5,146
2026-08-24 07:00:00-04:00,7670.5,7671.5,7667.75,7668.5,967
2026-08-24 07:01:00-04:00,7668.5,7668.5,7667.0,7667.5,248
2026-08-24 07:02:00-04:00,7667.25,7668.5,7666.5,7668.0,293
2026-08-24 07:03:00-04:00,7668.25,7668.25,7666.25,7667.25,170
2026-08-24 07:04:00-04:00,7667.0,7667.0,7666.5,7666.75,94
2026-08-24 07:05:00-04:00,7666.75,7666.75,7665.5,7666.0,215
2026-08-24 07:06:00-04:00,7666.0,7666.75,7666.0,7666.5,181
2026-08-24 07:07:00-04:00,7666.5,7666.5,7664.5,7664.5,460
2026-08-24 07:08:00-04:00,7664.75,7667.75,7664.75,7665.75,436
2026-08-24 07:09:00-04:00,7665.75,7667.5,7665.25,7667.0,188
2026-08-24 07:10:00-04:00,7667.0,7668.0,7666.75,7667.5,215
2026-08-24 07:11:00-04:00,7667.5,7667.5,7665.5,7667.25,313
2026-08-24 07:12:00-04:00,7667.25,7668.0,7667.0,7667.0,312
2026-08-24 07:13:00-04:00,7667.25,7668.25,7667.25,7668.0,185
2026-08-24 07:14:00-04:00,7668.0,7668.0,7667.0,7667.75,158
2026-08-24 07:15:00-04:00,7667.5,7668.5,7667.25,7668.0,369
2026-08-24 07:16:00-04:00,7668.0,7668.5,7668.0,7668.25,110
2026-08-24 07:17:00-04:00,7668.25,7669.25,7668.0,7669.0,155
2026-08-24 07:18:00-04:00,7668.5,7669.25,7668.0,7669.0,227
2026-08-24 07:19:00-04:00,7669.0,7669.25,7668.25,7668.75,159
2026-08-24 07:20:00-04:00,7668.75,7669.25,7668.25,7668.25,270
2026-08-24 07:21:00-04:00,7668.25,7668.75,7667.75,7668.5,205
2026-08-24 07:22:00-04:00,7668.5,7669.25,7668.5,7669.25,264
2026-08-24 07:23:00-04:00,7669.0,7669.25,7668.25,7669.25,147
2026-08-24 07:24:00-04:00,7668.5,7669.75,7668.25,7669.5,256
2026-08-24 07:25:00-04:00,7669.5,7672.0,7669.5,7671.0,405
2026-08-24 07:26:00-04:00,7670.75,7671.5,7670.75,7671.0,89
2026-08-24 07:27:00-04:00,7670.75,7670.75,7669.25,7670.0,162
2026-08-24 07:28:00-04:00,7669.75,7670.25,7669.75,7670.25,106
2026-08-24 07:29:00-04:00,7670.25,7670.25,7669.5,7670.25,156
2026-08-24 07:30:00-04:00,7670.25,7673.25,7670.25,7673.25,298
2026-08-24 07:31:00-04:00,7673.25,7675.5,7673.0,7674.0,492
2026-08-24 07:32:00-04:00,7674.0,7677.5,7673.25,7675.25,1232
2026-08-24 07:33:00-04:00,7675.25,7675.75,7674.75,7675.5,128
2026-08-24 07:34:00-04:00,7675.25,7677.5,7675.0,7677.5,193
2026-08-24 07:35:00-04:00,7677.0,7681.5,7676.5,7679.75,1480
2026-08-24 07:36:00-04:00,7679.75,7683.25,7678.25,7682.75,1002
2026-08-24 07:37:00-04:00,7682.5,7684.25,7681.75,7682.75,701
2026-08-24 07:38:00-04:00,7683.0,7686.5,7681.75,7683.25,1522
2026-08-24 07:39:00-04:00,7683.0,7684.0,7682.0,7682.5,555
2026-08-24 07:40:00-04:00,7682.5,7685.0,7682.0,7684.0,557
2026-08-24 07:41:00-04:00,7684.0,7684.0,7682.5,7683.25,191
2026-08-24 07:42:00-04:00,7683.0,7683.75,7682.5,7683.0,168
2026-08-24 07:43:00-04:00,7682.75,7683.25,7680.5,7681.0,298
2026-08-24 07:44:00-04:00,7680.75,7681.5,7680.5,7681.25,323
2026-08-24 07:45:00-04:00,7681.25,7681.25,7678.5,7678.5,533
2026-08-24 07:46:00-04:00,7678.5,7681.25,7678.5,7679.0,1007
2026-08-24 07:47:00-04:00,7679.25,7680.0,7679.0,7679.75,164
2026-08-24 07:48:00-04:00,7679.75,7680.25,7678.5,7678.5,202
2026-08-24 07:49:00-04:00,7678.25,7678.5,7676.25,7677.75,314
2026-08-24 07:50:00-04:00,7677.75,7679.0,7677.75,7678.5,185
2026-08-24 07:51:00-04:00,7678.25,7678.5,7677.75,7678.25,141
2026-08-24 07:52:00-04:00,7678.5,7679.75,7678.0,7679.75,312
2026-08-24 07:53:00-04:00,7679.75,7680.25,7679.25,7679.75,119
2026-08-24 07:54:00-04:00,7679.5,7680.0,7678.75,7680.0,159
2026-08-24 07:55:00-04:00,7679.75,7680.5,7679.5,7680.25,382
2026-08-24 07:56:00-04:00,7680.25,7680.5,7679.0,7679.25,221
2026-08-24 07:57:00-04:00,7679.25,7679.5,7678.0,7678.5,315
2026-08-24 07:58:00-04:00,7678.5,7680.0,7678.5,7679.75,263
2026-08-24 07:59:00-04:00,7679.5,7680.0,7679.5,7679.75,166
2026-08-24 08:00:00-04:00,7679.75,7680.0,7678.5,7678.5,575
2026-08-24 08:01:00-04:00,7678.75,7679.0,7677.75,7677.75,189
2026-08-24 08:02:00-04:00,7677.75,7678.25,7677.25,7677.75,193
2026-08-24 08:03:00-04:00,7677.5,7677.75,7676.5,7677.0,149
2026-08-24 08:04:00-04:00,7676.5,7677.5,7676.25,7676.75,146
2026-08-24 08:05:00-04:00,7676.75,7677.5,7676.5,7677.0,136
2026-08-24 08:06:00-04:00,7677.0,7679.0,7676.5,7677.75,241
2026-08-24 08:07:00-04:00,7677.5,7677.5,7676.25,7677.0,334
2026-08-24 08:08:00-04:00,7677.0,7677.0,7676.25,7676.25,130
2026-08-24 08:09:00-04:00,7676.5,7677.0,7676.25,7677.0,163
2026-08-24 08:10:00-04:00,7677.0,7677.5,7676.25,7677.5,113
2026-08-24 08:11:00-04:00,7677.75,7677.75,7675.75,7676.5,279
2026-08-24 08:12:00-04:00,7676.75,7677.0,7676.5,7676.5,144
2026-08-24 08:13:00-04:00,7676.75,7678.25,7676.5,7678.0,422
2026-08-24 08:14:00-04:00,7678.0,7678.0,7677.0,7677.0,356
2026-08-24 08:15:00-04:00,7677.0,7678.5,7676.25,7676.5,282
2026-08-24 08:16:00-04:00,7676.5,7677.75,7676.25,7677.25,162
2026-08-24 08:17:00-04:00,7677.5,7677.5,7677.0,7677.25,93
2026-08-24 08:18:00-04:00,7677.25,7677.5,7675.75,7675.75,147
2026-08-24 08:19:00-04:00,7676.0,7677.75,7676.0,7677.25,185
2026-08-24 08:20:00-04:00,7677.25,7679.0,7677.25,7678.25,270
2026-08-24 08:21:00-04:00,7678.25,7679.5,7677.75,7678.75,679
2026-08-24 08:22:00-04:00,7678.75,7680.0,7678.5,7679.5,168
2026-08-24 08:23:00-04:00,7679.5,7680.75,7679.25,7679.75,215
2026-08-24 08:24:00-04:00,7680.0,7681.0,7679.75,7680.25,129
2026-08-24 08:25:00-04:00,7680.25,7680.5,7679.75,7680.5,151
2026-08-24 08:26:00-04:00,7680.5,7681.0,7678.75,7680.25,216
2026-08-24 08:27:00-04:00,7680.0,7681.25,7680.0,7680.25,135
2026-08-24 08:28:00-04:00,7680.25,7681.0,7680.25,7681.0,73
2026-08-24 08:29:00-04:00,7681.0,7681.25,7680.75,7680.75,130
2026-08-24 08:30:00-04:00,7680.75,7681.25,7680.5,7680.5,169
2026-08-24 08:31:00-04:00,7680.75,7680.75,7679.5,7679.5,228
2026-08-24 08:32:00-04:00,7679.5,7680.0,7669.25,7671.0,3331
2026-08-24 08:33:00-04:00,7671.5,7677.75,7669.25,7675.5,2232
2026-08-24 08:34:00-04:00,7675.75,7676.25,7673.75,7675.75,605
2026-08-24 08:35:00-04:00,7675.5,7676.75,7675.0,7676.5,191
2026-08-24 08:36:00-04:00,7676.5,7676.5,7675.5,7675.5,142
2026-08-24 08:37:00-04:00,7675.75,7676.0,7675.25,7675.75,113
2026-08-24 08:38:00-04:00,7676.0,7678.5,7676.0,7677.75,460
2026-08-24 08:39:00-04:00,7678.0,7679.5,7675.75,7676.75,927
2026-08-24 08:40:00-04:00,7676.75,7677.5,7676.5,7677.0,154
2026-08-24 08:41:00-04:00,7677.0,7682.5,7674.5,7677.25,1652
2026-08-24 08:42:00-04:00,7677.5,7678.5,7676.5,7677.25,636
2026-08-24 08:43:00-04:00,7677.25,7677.25,7675.25,7675.5,188
2026-08-24 08:44:00-04:00,7675.5,7676.5,7675.25,7676.25,137
2026-08-24 08:45:00-04:00,7676.25,7677.75,7676.0,7676.25,311
2026-08-24 08:46:00-04:00,7676.25,7677.75,7676.0,7676.0,239
2026-08-24 08:47:00-04:00,7675.75,7677.75,7675.25,7677.25,321
2026-08-24 08:48:00-04:00,7677.25,7678.75,7677.25,7678.5,148
2026-08-24 08:49:00-04:00,7678.75,7678.75,7678.25,7678.25,196
2026-08-24 08:50:00-04:00,7678.25,7679.5,7678.0,7679.0,181
2026-08-24 08:51:00-04:00,7679.25,7679.5,7677.5,7677.5,146
2026-08-24 08:52:00-04:00,7677.5,7678.0,7677.25,7678.0,96
2026-08-24 08:53:00-04:00,7677.75,7678.0,7677.5,7678.0,86
2026-08-24 08:54:00-04:00,7677.75,7678.0,7677.25,7678.0,72
2026-08-24 08:55:00-04:00,7678.0,7679.25,7678.0,7678.5,158
2026-08-24 08:56:00-04:00,7678.5,7678.75,7677.75,7678.5,132
2026-08-24 08:57:00-04:00,7678.5,7678.75,7677.75,7678.25,112
2026-08-24 08:58:00-04:00,7678.25,7679.0,7677.5,7678.0,181
2026-08-24 08:59:00-04:00,7677.75,7678.0,7677.5,7678.0,195
2026-08-24 09:00:00-04:00,7678.0,7679.75,7677.75,7679.75,375
2026-08-24 09:01:00-04:00,7679.5,7679.75,7678.5,7679.0,432
2026-08-24 09:02:00-04:00,7678.75,7679.5,7678.5,7679.0,214
2026-08-24 09:03:00-04:00,7679.25,7679.25,7677.75,7678.75,205
2026-08-24 09:04:00-04:00,7678.75,7679.75,7678.75,7679.25,195
2026-08-24 09:05:00-04:00,7679.25,7679.75,7678.5,7678.5,246
2026-08-24 09:06:00-04:00,7678.75,7679.75,7678.0,7678.25,306
2026-08-24 09:07:00-04:00,7678.25,7678.5,7676.75,7678.5,386
2026-08-24 09:08:00-04:00,7678.25,7679.75,7678.0,7679.0,319
2026-08-24 09:09:00-04:00,7679.0,7679.0,7677.5,7678.25,317
2026-08-24 09:10:00-04:00,7678.25,7678.5,7677.5,7678.25,307
2026-08-24 09:11:00-04:00,7678.25,7679.5,7678.25,7679.25,313
2026-08-24 09:12:00-04:00,7679.0,7679.0,7676.75,7677.0,381
2026-08-24 09:13:00-04:00,7677.25,7677.75,7677.0,7677.25,228
2026-08-24 09:14:00-04:00,7677.5,7679.0,7677.0,7677.25,360
2026-08-24 09:15:00-04:00,7677.25,7678.25,7676.0,7677.0,486
2026-08-24 09:16:00-04:00,7676.75,7679.25,7676.5,7678.75,380
2026-08-24 09:17:00-04:00,7679.0,7679.75,7678.25,7678.25,914
2026-08-24 09:18:00-04:00,7678.25,7679.5,7678.25,7679.5,366
2026-08-24 09:19:00-04:00,7679.5,7679.75,7676.5,7676.5,382
2026-08-24 09:20:00-04:00,7676.5,7678.75,7676.25,7678.5,485
2026-08-24 09:21:00-04:00,7678.5,7679.25,7678.25,7678.5,507
2026-08-24 09:22:00-04:00,7678.5,7679.0,7678.25,7678.5,283
2026-08-24 09:23:00-04:00,7678.0,7678.25,7676.75,7677.5,410
2026-08-24 09:24:00-04:00,7677.5,7677.75,7677.0,7677.0,205
2026-08-24 09:25:00-04:00,7677.0,7677.25,7676.0,7676.5,819
2026-08-24 09:26:00-04:00,7676.25,7678.0,7676.0,7676.5,539
2026-08-24 09:27:00-04:00,7676.75,7679.0,7676.25,7679.0,1405
2026-08-24 09:28:00-04:00,7679.0,7681.75,7679.0,7681.75,2038
2026-08-24 09:29:00-04:00,7681.5,7681.75,7679.5,7681.75,1417
2026-08-24 09:30:00-04:00,7681.75,7682.75,7671.25,7671.75,13303
2026-08-24 09:31:00-04:00,7671.75,7676.75,7669.0,7675.5,8202
2026-08-24 09:32:00-04:00,7676.0,7676.25,7670.25,7670.75,4850
2026-08-24 09:33:00-04:00,7671.0,7671.0,7666.25,7668.5,4965
2026-08-24 09:34:00-04:00,7668.5,7670.0,7667.5,7669.0,4333
2026-08-24 09:35:00-04:00,7668.75,7671.75,7665.75,7670.75,6023
2026-08-24 09:36:00-04:00,7670.75,7672.75,7668.5,7672.0,3708
2026-08-24 09:37:00-04:00,7672.25,7672.5,7669.25,7669.25,2590
2026-08-24 09:38:00-04:00,7669.5,7671.25,7664.75,7667.0,6789
2026-08-24 09:39:00-04:00,7666.5,7668.75,7665.75,7668.0,4101
2026-08-24 09:40:00-04:00,7668.0,7670.0,7665.25,7669.75,4905
2026-08-24 09:41:00-04:00,7669.75,7672.0,7668.0,7669.75,3914
2026-08-24 09:42:00-04:00,7669.5,7669.5,7663.0,7663.0,4987
2026-08-24 09:43:00-04:00,7663.25,7663.75,7661.5,7662.0,5375
2026-08-24 09:44:00-04:00,7661.75,7662.75,7656.0,7656.0,7203
2026-08-24 09:45:00-04:00,7656.0,7659.5,7655.0,7658.0,6679
2026-08-24 09:46:00-04:00,7658.0,7664.75,7657.75,7664.5,6666
2026-08-24 09:47:00-04:00,7664.5,7668.0,7663.75,7665.75,5154
2026-08-24 09:48:00-04:00,7665.75,7668.0,7665.0,7668.0,3943
2026-08-24 09:49:00-04:00,7667.75,7670.25,7665.0,7665.75,4881
2026-08-24 09:50:00-04:00,7665.75,7666.25,7663.25,7664.25,4449
2026-08-24 09:51:00-04:00,7664.5,7666.75,7663.75,7664.0,3481
2026-08-24 09:52:00-04:00,7664.25,7665.75,7662.0,7662.5,4193
2026-08-24 09:53:00-04:00,7662.5,7666.5,7662.0,7666.25,3214
2026-08-24 09:54:00-04:00,7666.25,7670.0,7665.75,7669.25,3830
2026-08-24 09:55:00-04:00,7669.0,7670.0,7666.75,7668.5,4117
2026-08-24 09:56:00-04:00,7668.25,7671.0,7667.75,7669.25,3720
2026-08-24 09:57:00-04:00,7669.5,7670.5,7667.5,7668.25,2940
2026-08-24 09:58:00-04:00,7668.25,7671.0,7666.75,7670.5,2690
2026-08-24 09:59:00-04:00,7670.5,7671.0,7667.75,7668.5,2408
2026-08-24 10:00:00-04:00,7668.75,7670.25,7666.5,7669.25,5230
2026-08-24 10:01:00-04:00,7669.25,7674.0,7669.0,7672.0,4111
2026-08-24 10:02:00-04:00,7671.75,7672.25,7664.75,7664.75,5461
2026-08-24 10:03:00-04:00,7665.0,7666.0,7663.0,7664.5,3574
2026-08-24 10:04:00-04:00,7664.25,7665.0,7662.25,7664.25,2872
2026-08-24 10:05:00-04:00,7664.25,7666.5,7663.5,7666.0,3072
2026-08-24 10:06:00-04:00,7665.75,7666.0,7662.75,7663.5,2719
2026-08-24 10:07:00-04:00,7663.5,7664.0,7662.5,7663.25,2224
2026-08-24 10:08:00-04:00,7663.25,7663.75,7661.25,7661.75,3704
2026-08-24 10:09:00-04:00,7661.5,7663.75,7660.25,7663.25,2559
2026-08-24 10:10:00-04:00,7663.5,7663.5,7661.5,7663.0,2214
2026-08-24 10:11:00-04:00,7663.0,7664.0,7660.5,7661.25,3132
2026-08-24 10:12:00-04:00,7661.5,7661.5,7659.75,7659.75,2040
2026-08-24 10:13:00-04:00,7659.75,7663.0,7659.5,7661.5,3074
2026-08-24 10:14:00-04:00,7661.75,7664.5,7661.0,7664.25,2364
2026-08-24 10:15:00-04:00,7664.25,7664.75,7661.0,7663.0,2521
2026-08-24 10:16:00-04:00,7663.0,7665.0,7662.75,7663.75,2882
2026-08-24 10:17:00-04:00,7663.75,7664.5,7661.25,7661.5,2808
2026-08-24 10:18:00-04:00,7661.75,7662.75,7660.5,7662.5,1785
2026-08-24 10:19:00-04:00,7662.5,7664.0,7661.5,7663.0,1484
2026-08-24 10:20:00-04:00,7662.75,7666.0,7662.75,7665.25,3271
2026-08-24 10:21:00-04:00,7665.5,7668.25,7665.0,7668.0,3307
2026-08-24 10:22:00-04:00,7668.0,7669.0,7666.75,7668.75,2893
2026-08-24 10:23:00-04:00,7668.5,7669.25,7664.5,7666.0,3585
2026-08-24 10:24:00-04:00,7665.75,7665.75,7662.0,7662.75,2693
2026-08-24 10:25:00-04:00,7662.75,7663.0,7661.5,7661.75,2382
2026-08-24 10:26:00-04:00,7661.75,7663.0,7660.5,7662.25,2629
2026-08-24 10:27:00-04:00,7662.25,7663.0,7661.25,7661.75,2014
2026-08-24 10:28:00-04:00,7662.0,7665.5,7661.25,7664.75,2861
2026-08-24 10:29:00-04:00,7664.75,7665.0,7662.5,7663.25,2035
2026-08-24 10:30:00-04:00,7663.25,7667.75,7661.75,7667.75,2867
2026-08-24 10:31:00-04:00,7667.5,7669.75,7667.0,7668.5,3779
2026-08-24 10:32:00-04:00,7668.5,7670.0,7668.0,7669.25,2412
2026-08-24 10:33:00-04:00,7669.25,7671.75,7669.25,7670.5,2701
2026-08-24 10:34:00-04:00,7670.5,7671.25,7669.75,7670.5,2940
2026-08-24 10:35:00-04:00,7670.5,7671.75,7669.5,7670.5,2506
2026-08-24 10:36:00-04:00,7670.5,7673.0,7670.0,7672.75,2834
2026-08-24 10:37:00-04:00,7672.5,7673.0,7671.0,7671.25,2120
2026-08-24 10:38:00-04:00,7671.5,7673.0,7670.75,7672.25,2108
2026-08-24 10:39:00-04:00,7672.0,7672.5,7670.25,7671.0,1459
2026-08-24 10:40:00-04:00,7671.0,7672.25,7670.0,7672.0,1804
2026-08-24 10:41:00-04:00,7671.5,7675.5,7671.25,7675.0,3254
2026-08-24 10:42:00-04:00,7675.25,7675.25,7672.25,7672.75,2125
2026-08-24 10:43:00-04:00,7672.75,7673.5,7669.25,7669.25,2150
2026-08-24 10:44:00-04:00,7669.75,7672.5,7669.25,7671.25,2045
2026-08-24 10:45:00-04:00,7671.25,7672.25,7669.75,7671.25,2209
2026-08-24 10:46:00-04:00,7671.25,7671.75,7668.75,7670.5,2786
2026-08-24 10:47:00-04:00,7670.5,7672.25,7669.75,7671.5,1354
2026-08-24 10:48:00-04:00,7671.25,7672.5,7670.25,7671.5,1359
2026-08-24 10:49:00-04:00,7671.25,7673.0,7670.75,7673.0,1406
2026-08-24 10:50:00-04:00,7673.0,7673.5,7670.0,7670.0,2058
2026-08-24 10:51:00-04:00,7669.75,7670.0,7668.5,7669.25,1436
2026-08-24 10:52:00-04:00,7669.25,7670.0,7668.25,7669.5,1948
2026-08-24 10:53:00-04:00,7669.5,7670.25,7668.75,7669.5,1322
2026-08-24 10:54:00-04:00,7669.75,7670.75,7669.25,7670.5,1720
2026-08-24 10:55:00-04:00,7670.5,7671.0,7669.5,7670.0,1180
2026-08-24 10:56:00-04:00,7670.25,7672.0,7669.25,7671.5,1844
2026-08-24 10:57:00-04:00,7671.5,7674.0,7671.0,7671.75,2309
2026-08-24 10:58:00-04:00,7672.0,7672.0,7670.25,7671.25,1670
2026-08-24 10:59:00-04:00,7671.5,7671.5,7669.75,7670.75,1351
2026-08-24 11:00:00-04:00,7671.0,7672.5,7668.0,7668.75,2849
2026-08-24 11:01:00-04:00,7668.75,7668.75,7666.5,7667.0,1778
2026-08-24 11:02:00-04:00,7666.75,7667.0,7666.0,7666.75,1761
2026-08-24 11:03:00-04:00,7667.0,7667.25,7665.25,7665.5,1710
2026-08-24 11:04:00-04:00,7665.5,7666.0,7664.25,7664.75,1690
2026-08-24 11:05:00-04:00,7664.5,7664.75,7662.5,7662.75,2498
2026-08-24 11:06:00-04:00,7662.5,7664.0,7662.25,7663.75,1837
2026-08-24 11:07:00-04:00,7663.5,7664.0,7662.5,7663.25,1658
2026-08-24 11:08:00-04:00,7663.5,7663.5,7661.75,7662.75,1710
2026-08-24 11:09:00-04:00,7663.0,7665.0,7662.5,7663.75,2115
2026-08-24 11:10:00-04:00,7663.75,7664.25,7662.0,7663.5,1642
2026-08-24 11:11:00-04:00,7663.25,7663.75,7662.25,7663.25,1435
2026-08-24 11:12:00-04:00,7663.5,7664.0,7662.75,7663.5,1102
2026-08-24 11:13:00-04:00,7663.5,7666.0,7663.0,7663.25,1982
2026-08-24 11:14:00-04:00,7663.0,7663.0,7660.75,7661.5,1755
2026-08-24 11:15:00-04:00,7661.25,7661.75,7660.25,7660.5,1832
2026-08-24 11:16:00-04:00,7660.75,7661.75,7660.25,7660.5,1475
2026-08-24 11:17:00-04:00,7660.5,7661.75,7660.25,7661.25,1113
2026-08-24 11:18:00-04:00,7661.25,7662.0,7660.5,7661.5,1154
2026-08-24 11:19:00-04:00,7661.5,7662.5,7660.75,7660.75,879
2026-08-24 11:20:00-04:00,7660.75,7661.0,7658.25,7659.5,3246
2026-08-24 11:21:00-04:00,7659.25,7660.25,7657.75,7660.25,2188
2026-08-24 11:22:00-04:00,7660.0,7660.25,7659.0,7659.5,1641
2026-08-24 11:23:00-04:00,7659.25,7663.5,7659.25,7662.75,2861
2026-08-24 11:24:00-04:00,7663.0,7666.0,7662.5,7665.5,2511
2026-08-24 11:25:00-04:00,7665.5,7667.25,7665.25,7666.0,2568
2026-08-24 11:26:00-04:00,7666.0,7666.0,7664.5,7665.5,1676
2026-08-24 11:27:00-04:00,7665.5,7666.5,7665.25,7666.0,1787
2026-08-24 11:28:00-04:00,7665.75,7668.0,7665.0,7667.5,1735
2026-08-24 11:29:00-04:00,7667.75,7674.25,7667.5,7671.5,14861
2026-08-24 11:30:00-04:00,7671.25,7673.5,7668.0,7673.25,8807
2026-08-24 11:31:00-04:00,7673.25,7674.75,7671.25,7672.25,3456
2026-08-24 11:32:00-04:00,7672.25,7672.75,7669.75,7670.5,3055
2026-08-24 11:33:00-04:00,7670.25,7673.75,7670.0,7673.25,2044
2026-08-24 11:34:00-04:00,7673.25,7673.75,7671.5,7672.75,2580
2026-08-24 11:35:00-04:00,7672.5,7673.5,7671.0,7672.0,2059
2026-08-24 11:36:00-04:00,7672.0,7673.0,7671.0,7672.0,1589
2026-08-24 11:37:00-04:00,7672.0,7674.25,7671.25,7674.0,1640
2026-08-24 11:38:00-04:00,7674.0,7674.25,7672.5,7672.75,1468
2026-08-24 11:39:00-04:00,7673.0,7675.75,7673.0,7674.25,2876
2026-08-24 11:40:00-04:00,7674.75,7677.75,7674.25,7677.0,3861
2026-08-24 11:41:00-04:00,7677.0,7677.25,7676.0,7677.0,1973
2026-08-24 11:42:00-04:00,7677.0,7677.25,7675.25,7677.0,2774
2026-08-24 11:43:00-04:00,7677.0,7678.75,7675.5,7676.25,2230
2026-08-24 11:44:00-04:00,7676.5,7677.25,7675.0,7676.75,2188
2026-08-24 11:45:00-04:00,7676.75,7680.0,7676.75,7678.5,3188
2026-08-24 11:46:00-04:00,7678.75,7680.0,7677.75,7679.5,2350
2026-08-24 11:47:00-04:00,7679.5,7680.75,7679.0,7680.0,3186
2026-08-24 11:48:00-04:00,7680.0,7681.5,7677.0,7677.25,3138
2026-08-24 11:49:00-04:00,7677.25,7677.75,7676.75,7677.0,1366
2026-08-24 11:50:00-04:00,7676.75,7678.5,7676.75,7677.25,1391
2026-08-24 11:51:00-04:00,7677.25,7679.0,7677.0,7678.5,1221
2026-08-24 11:52:00-04:00,7678.25,7679.25,7677.75,7679.0,785
2026-08-24 11:53:00-04:00,7678.75,7680.25,7678.25,7680.0,1473
2026-08-24 11:54:00-04:00,7680.0,7680.0,7677.0,7677.25,1021
2026-08-24 11:55:00-04:00,7677.0,7677.75,7675.5,7677.75,2190
2026-08-24 11:56:00-04:00,7677.5,7677.75,7676.25,7677.25,1819
2026-08-24 11:57:00-04:00,7677.25,7677.75,7676.5,7677.0,1723
2026-08-24 11:58:00-04:00,7676.75,7677.75,7676.75,7677.0,1470
2026-08-24 11:59:00-04:00,7676.75,7679.5,7676.25,7679.5,1973
2026-08-24 12:00:00-04:00,7679.5,7683.5,7678.25,7678.75,5822
2026-08-24 12:01:00-04:00,7678.5,7684.0,7678.5,7682.0,3632
2026-08-24 12:02:00-04:00,7681.75,7685.5,7680.5,7683.5,4505
2026-08-24 12:03:00-04:00,7683.5,7686.0,7683.0,7684.25,2446
2026-08-24 12:04:00-04:00,7684.25,7685.0,7683.25,7683.75,1788
2026-08-24 12:05:00-04:00,7683.75,7684.0,7681.0,7681.5,2235
2026-08-24 12:06:00-04:00,7681.5,7682.0,7680.75,7681.25,1363
2026-08-24 12:07:00-04:00,7681.0,7681.5,7680.75,7680.75,1000
2026-08-24 12:08:00-04:00,7680.75,7681.0,7679.25,7680.5,1415
2026-08-24 12:09:00-04:00,7680.25,7680.5,7678.5,7678.75,1021
2026-08-24 12:10:00-04:00,7679.0,7679.75,7678.25,7679.25,1836
2026-08-24 12:11:00-04:00,7679.0,7680.0,7678.5,7678.5,1186
2026-08-24 12:12:00-04:00,7678.75,7679.75,7678.5,7679.75,735
2026-08-24 12:13:00-04:00,7679.5,7680.0,7678.75,7679.25,888
2026-08-24 12:14:00-04:00,7679.5,7680.75,7679.0,7680.75,660
2026-08-24 12:15:00-04:00,7680.5,7683.0,7680.25,7682.5,1642
2026-08-24 12:16:00-04:00,7682.5,7685.0,7682.25,7684.75,1927
2026-08-24 12:17:00-04:00,7685.0,7685.0,7683.25,7684.0,1347
2026-08-24 12:18:00-04:00,7683.75,7685.75,7683.75,7684.5,1446
2026-08-24 12:19:00-04:00,7684.75,7685.75,7684.5,7684.5,1136
2026-08-24 12:20:00-04:00,7684.5,7684.75,7683.5,7684.0,1423
2026-08-24 12:21:00-04:00,7684.25,7685.5,7684.0,7685.25,1383
2026-08-24 12:22:00-04:00,7685.25,7686.5,7684.5,7684.75,1549
2026-08-24 12:23:00-04:00,7684.75,7684.75,7682.25,7683.25,1457
2026-08-24 12:24:00-04:00,7683.0,7683.25,7682.25,7682.75,861
2026-08-24 12:25:00-04:00,7683.0,7683.0,7682.25,7682.75,813
2026-08-24 12:26:00-04:00,7682.5,7683.0,7682.0,7682.75,863
2026-08-24 12:27:00-04:00,7682.75,7683.75,7682.5,7682.75,908
2026-08-24 12:28:00-04:00,7682.75,7683.5,7682.5,7683.5,610
2026-08-24 12:29:00-04:00,7683.25,7684.25,7682.75,7683.0,1013
2026-08-24 12:30:00-04:00,7683.25,7684.0,7681.25,7681.75,1576
2026-08-24 12:31:00-04:00,7681.75,7681.75,7679.75,7680.0,2146
2026-08-24 12:32:00-04:00,7680.0,7680.25,7679.0,7679.75,1526
2026-08-24 12:33:00-04:00,7679.75,7680.25,7679.25,7679.5,706
2026-08-24 12:34:00-04:00,7679.75,7680.0,7679.0,7680.0,847
2026-08-24 12:35:00-04:00,7680.0,7680.75,7679.25,7680.5,742
2026-08-24 12:36:00-04:00,7680.25,7680.75,7679.75,7680.25,654
2026-08-24 12:37:00-04:00,7680.0,7681.0,7680.0,7680.5,580
2026-08-24 12:38:00-04:00,7680.75,7681.25,7677.75,7678.0,1607
2026-08-24 12:39:00-04:00,7678.0,7678.5,7677.25,7677.75,971
2026-08-24 12:40:00-04:00,7677.5,7678.25,7676.75,7678.0,1044
2026-08-24 12:41:00-04:00,7677.75,7678.0,7677.0,7677.75,641
2026-08-24 12:42:00-04:00,7677.5,7677.75,7676.0,7676.25,602
2026-08-24 12:43:00-04:00,7676.0,7677.0,7675.75,7676.75,747
2026-08-24 12:44:00-04:00,7676.75,7677.75,7676.5,7677.0,820
2026-08-24 12:45:00-04:00,7677.25,7677.5,7675.75,7676.0,1262
2026-08-24 12:46:00-04:00,7676.0,7676.5,7675.75,7676.25,1012
2026-08-24 12:47:00-04:00,7676.0,7677.0,7676.0,7676.75,1217
2026-08-24 12:48:00-04:00,7676.75,7678.0,7676.5,7676.5,1203
2026-08-24 12:49:00-04:00,7676.75,7677.75,7676.0,7677.75,790
2026-08-24 12:54:00-04:00,7676.25,7676.25,7676.25,7676.25,4132
2026-08-24 12:55:00-04:00,7676.25,7676.25,7675.5,7675.75,739
2026-08-24 12:56:00-04:00,7675.5,7676.25,7675.5,7676.0,553
2026-08-24 12:57:00-04:00,7675.75,7677.5,7675.75,7675.75,1508
2026-08-24 12:58:00-04:00,7675.75,7676.0,7675.5,7676.0,599
2026-08-24 12:59:00-04:00,7676.0,7676.5,7675.75,7676.0,571
2026-08-24 13:00:00-04:00,7676.0,7676.25,7674.75,7674.75,1138
2026-08-24 13:01:00-04:00,7674.5,7675.5,7674.5,7674.5,987
2026-08-24 13:02:00-04:00,7674.5,7675.0,7673.5,7673.75,2235
2026-08-24 13:03:00-04:00,7673.75,7674.5,7673.5,7673.75,1481
2026-08-24 13:04:00-04:00,7673.25,7674.5,7672.75,7674.25,1327
2026-08-24 13:05:00-04:00,7674.0,7675.0,7673.5,7674.5,1153
2026-08-24 13:06:00-04:00,7674.25,7675.75,7674.25,7675.0,1091
2026-08-24 13:07:00-04:00,7675.0,7679.5,7674.75,7679.25,3028
2026-08-24 13:08:00-04:00,7679.25,7680.75,7677.5,7679.0,2667
2026-08-24 13:09:00-04:00,7679.0,7679.25,7678.25,7678.5,1180
2026-08-24 13:10:00-04:00,7678.75,7679.75,7677.25,7677.75,1488
2026-08-24 13:11:00-04:00,7677.75,7681.5,7677.5,7681.5,1701
2026-08-24 13:12:00-04:00,7681.5,7682.0,7680.0,7680.5,1638
2026-08-24 13:13:00-04:00,7680.75,7681.25,7678.5,7679.0,1603
2026-08-24 13:14:00-04:00,7678.75,7679.5,7677.25,7679.25,1384
2026-08-24 13:15:00-04:00,7679.25,7679.25,7677.5,7678.25,689
2026-08-24 13:16:00-04:00,7678.0,7678.25,7674.25,7676.75,3552
2026-08-24 13:17:00-04:00,7676.75,7679.75,7676.75,7679.5,1682
2026-08-24 13:18:00-04:00,7679.25,7679.5,7676.0,7676.25,1166
2026-08-24 13:19:00-04:00,7676.5,7677.0,7675.25,7675.5,1207
2026-08-24 13:20:00-04:00,7675.25,7675.75,7673.5,7673.75,2088
2026-08-24 13:21:00-04:00,7673.5,7673.5,7670.75,7671.5,3280
2026-08-24 13:22:00-04:00,7671.25,7671.75,7670.25,7671.5,2225
2026-08-24 13:23:00-04:00,7671.25,7671.75,7669.0,7670.75,2741
2026-08-24 13:24:00-04:00,7670.75,7671.5,7669.75,7669.75,1331
2026-08-24 13:25:00-04:00,7669.75,7670.0,7667.25,7669.0,3230
2026-08-24 13:26:00-04:00,7669.25,7671.0,7669.0,7670.75,1429
2026-08-24 13:27:00-04:00,7670.5,7671.0,7669.5,7670.5,1292
2026-08-24 13:28:00-04:00,7670.5,7671.5,7669.75,7669.75,1452
2026-08-24 13:29:00-04:00,7670.25,7670.5,7667.75,7668.25,1201
2026-08-24 13:30:00-04:00,7668.0,7668.5,7667.0,7668.0,2379
2026-08-24 13:31:00-04:00,7667.75,7669.0,7667.5,7668.5,1760
2026-08-24 13:32:00-04:00,7668.5,7670.0,7668.5,7669.0,1940
2026-08-24 13:33:00-04:00,7669.0,7669.25,7668.0,7669.0,1474
2026-08-24 13:34:00-04:00,7669.0,7669.5,7667.25,7667.25,1301
2026-08-24 13:35:00-04:00,7666.5,7667.75,7665.75,7666.25,2040
2026-08-24 13:36:00-04:00,7666.0,7667.0,7665.5,7667.0,1241
2026-08-24 13:37:00-04:00,7666.75,7667.5,7665.5,7665.5,1552
2026-08-24 13:38:00-04:00,7665.5,7666.75,7665.25,7666.25,1416
2026-08-24 13:39:00-04:00,7666.25,7668.25,7666.0,7668.0,1502
2026-08-24 13:40:00-04:00,7668.0,7668.75,7667.0,7667.75,1872
2026-08-24 13:41:00-04:00,7667.25,7667.5,7666.0,7667.5,1053
2026-08-24 13:42:00-04:00,7667.5,7668.25,7667.25,7667.75,1056
2026-08-24 13:43:00-04:00,7667.75,7667.75,7666.25,7666.5,1145
2026-08-24 13:44:00-04:00,7666.5,7666.75,7665.0,7665.0,1476
2026-08-24 13:45:00-04:00,7665.0,7665.5,7664.5,7665.0,2251
2026-08-24 13:46:00-04:00,7665.25,7666.0,7664.75,7665.0,1131
2026-08-24 13:47:00-04:00,7665.25,7666.25,7664.75,7665.5,1042
2026-08-24 13:48:00-04:00,7665.5,7667.0,7665.5,7666.5,1084
2026-08-24 13:49:00-04:00,7666.5,7666.75,7665.5,7666.5,898
2026-08-24 13:50:00-04:00,7666.25,7669.0,7666.0,7668.75,1930
2026-08-24 13:51:00-04:00,7668.75,7668.75,7666.5,7667.0,1036
2026-08-24 13:52:00-04:00,7667.25,7667.5,7665.5,7665.5,2111
2026-08-24 13:53:00-04:00,7665.5,7667.0,7665.25,7666.5,1334
2026-08-24 13:54:00-04:00,7666.75,7666.75,7665.75,7666.0,582
2026-08-24 13:55:00-04:00,7666.25,7666.5,7665.25,7666.25,660
2026-08-24 13:56:00-04:00,7666.25,7667.75,7666.0,7667.25,979
2026-08-24 13:57:00-04:00,7667.0,7668.0,7666.5,7666.5,917
2026-08-24 13:58:00-04:00,7666.75,7667.25,7666.5,7666.75,462
2026-08-24 13:59:00-04:00,7666.75,7667.25,7666.5,7667.0,523
2026-08-24 14:00:00-04:00,7667.0,7670.5,7666.75,7669.75,3533
2026-08-24 14:01:00-04:00,7669.25,7670.0,7668.25,7670.0,1548
2026-08-24 14:02:00-04:00,7670.0,7670.75,7669.0,7669.5,1375
2026-08-24 14:03:00-04:00,7669.5,7670.5,7668.75,7669.75,1704
2026-08-24 14:04:00-04:00,7669.5,7670.0,7669.0,7669.5,810
2026-08-24 14:05:00-04:00,7669.5,7670.75,7669.0,7670.5,839
2026-08-24 14:06:00-04:00,7670.25,7671.5,7670.0,7671.0,1143
2026-08-24 14:07:00-04:00,7671.25,7672.5,7671.0,7671.75,1705
2026-08-24 14:08:00-04:00,7671.75,7672.5,7671.0,7672.25,1087
2026-08-24 14:09:00-04:00,7672.5,7674.25,7671.75,7673.0,1920
2026-08-24 14:10:00-04:00,7673.0,7673.5,7672.25,7673.0,1355
2026-08-24 14:11:00-04:00,7672.75,7674.0,7672.5,7673.25,967
2026-08-24 14:12:00-04:00,7673.25,7673.5,7672.5,7673.0,852
2026-08-24 14:13:00-04:00,7673.25,7674.75,7673.0,7674.25,1020
2026-08-24 14:14:00-04:00,7674.25,7677.0,7674.25,7676.75,3296
2026-08-24 14:15:00-04:00,7676.5,7678.0,7676.5,7676.75,3187
2026-08-24 14:16:00-04:00,7676.75,7679.25,7676.5,7677.25,3074
2026-08-24 14:17:00-04:00,7677.25,7677.5,7676.0,7676.25,1608
2026-08-24 14:18:00-04:00,7676.25,7676.75,7675.25,7676.0,1257
2026-08-24 14:19:00-04:00,7676.0,7676.75,7675.5,7676.25,751
2026-08-24 14:20:00-04:00,7676.5,7678.0,7676.0,7677.75,1264
2026-08-24 14:21:00-04:00,7677.75,7679.0,7677.75,7678.75,1762
2026-08-24 14:22:00-04:00,7679.25,7681.0,7679.0,7679.25,3549
2026-08-24 14:23:00-04:00,7679.5,7679.75,7678.75,7679.75,1452
2026-08-24 14:24:00-04:00,7680.0,7680.75,7679.75,7680.25,1316
2026-08-24 14:25:00-04:00,7680.0,7680.75,7679.5,7680.0,1346
2026-08-24 14:26:00-04:00,7680.0,7681.25,7680.0,7680.75,1483
2026-08-24 14:27:00-04:00,7680.75,7681.75,7680.25,7680.5,1901
2026-08-24 14:28:00-04:00,7680.5,7682.0,7680.25,7682.0,1530
2026-08-24 14:29:00-04:00,7681.75,7682.75,7681.5,7682.25,1481
2026-08-24 14:30:00-04:00,7682.25,7685.25,7682.0,7683.75,5339
2026-08-24 14:31:00-04:00,7683.75,7683.75,7681.25,7681.75,2849
2026-08-24 14:32:00-04:00,7681.5,7682.5,7681.5,7682.5,1224
2026-08-24 14:33:00-04:00,7682.5,7682.75,7681.5,7681.75,1115
2026-08-24 14:34:00-04:00,7681.75,7682.0,7680.75,7681.0,975
2026-08-24 14:35:00-04:00,7681.25,7681.75,7680.25,7680.25,902
2026-08-24 14:36:00-04:00,7680.5,7680.5,7677.75,7678.0,3165
2026-08-24 14:37:00-04:00,7678.0,7678.5,7677.5,7677.75,875
2026-08-24 14:38:00-04:00,7677.75,7678.0,7676.0,7676.0,1541
2026-08-24 14:39:00-04:00,7676.25,7676.5,7675.25,7676.25,2038
2026-08-24 14:40:00-04:00,7676.5,7677.5,7675.75,7677.25,1364
2026-08-24 14:41:00-04:00,7677.5,7677.75,7676.75,7677.5,1181
2026-08-24 14:42:00-04:00,7677.5,7678.0,7676.5,7677.25,1047
2026-08-24 14:43:00-04:00,7677.25,7678.25,7677.0,7678.0,802
2026-08-24 14:44:00-04:00,7678.0,7678.0,7676.75,7677.5,707
2026-08-24 14:45:00-04:00,7677.5,7678.5,7676.5,7676.5,976
2026-08-24 14:46:00-04:00,7676.5,7676.5,7675.25,7676.0,1376
2026-08-24 14:47:00-04:00,7676.0,7677.0,7676.0,7676.75,953
2026-08-24 14:48:00-04:00,7676.5,7676.75,7675.75,7676.5,747
2026-08-24 14:49:00-04:00,7676.5,7678.0,7676.5,7677.5,797
2026-08-24 14:50:00-04:00,7677.5,7678.75,7677.5,7678.0,1071
2026-08-24 14:51:00-04:00,7678.0,7678.25,7676.5,7676.75,802
2026-08-24 14:52:00-04:00,7676.75,7677.0,7675.25,7676.25,1074
2026-08-24 14:53:00-04:00,7676.25,7676.5,7675.0,7675.25,1021
2026-08-24 14:54:00-04:00,7675.25,7676.25,7675.25,7675.75,1038
2026-08-24 14:55:00-04:00,7675.75,7677.0,7675.25,7675.5,983
2026-08-24 14:56:00-04:00,7675.25,7676.0,7675.0,7675.5,645
2026-08-24 14:57:00-04:00,7675.5,7676.5,7675.5,7675.75,753
2026-08-24 14:58:00-04:00,7675.75,7676.0,7675.5,7676.0,720
2026-08-24 14:59:00-04:00,7676.0,7676.0,7674.0,7674.25,1550
2026-08-24 15:00:00-04:00,7673.75,7675.0,7673.25,7673.5,1878
2026-08-24 15:01:00-04:00,7673.5,7674.75,7672.5,7674.75,2358
2026-08-24 15:02:00-04:00,7674.5,7674.75,7673.75,7673.75,815
2026-08-24 15:03:00-04:00,7673.75,7674.0,7672.5,7673.25,1071
2026-08-24 15:04:00-04:00,7673.25,7674.0,7672.75,7673.5,850
2026-08-24 15:05:00-04:00,7673.75,7675.0,7673.5,7674.75,1061
2026-08-24 15:06:00-04:00,7674.75,7674.75,7673.75,7674.25,704
2026-08-24 15:07:00-04:00,7674.25,7675.25,7674.0,7674.25,935
2026-08-24 15:08:00-04:00,7674.25,7674.5,7673.5,7674.0,806
2026-08-24 15:09:00-04:00,7674.25,7674.25,7672.5,7673.25,760
2026-08-24 15:10:00-04:00,7673.0,7673.75,7672.75,7673.5,754
2026-08-24 15:11:00-04:00,7673.75,7675.25,7673.0,7675.0,1919
2026-08-24 15:12:00-04:00,7675.0,7675.25,7674.5,7675.0,741
2026-08-24 15:13:00-04:00,7675.0,7675.75,7674.75,7675.5,792
2026-08-24 15:14:00-04:00,7675.5,7676.5,7675.0,7675.5,827
2026-08-24 15:15:00-04:00,7675.25,7675.5,7673.5,7674.0,1230
2026-08-24 15:16:00-04:00,7674.25,7674.75,7674.0,7674.25,553
2026-08-24 15:17:00-04:00,7674.25,7675.25,7674.0,7675.25,522
2026-08-24 15:18:00-04:00,7675.0,7676.75,7674.75,7676.5,1114
2026-08-24 15:19:00-04:00,7676.5,7676.75,7675.25,7675.5,920
2026-08-24 15:20:00-04:00,7675.25,7675.5,7673.75,7675.25,1218
2026-08-24 15:21:00-04:00,7675.0,7676.0,7674.75,7675.75,689
2026-08-24 15:22:00-04:00,7676.0,7676.25,7674.5,7675.25,1130
2026-08-24 15:23:00-04:00,7675.0,7675.75,7674.25,7674.75,1276
2026-08-24 15:24:00-04:00,7674.75,7675.0,7674.25,7674.75,572
2026-08-24 15:25:00-04:00,7674.5,7676.0,7674.5,7675.75,1002
2026-08-24 15:26:00-04:00,7676.0,7676.0,7674.25,7674.25,799
2026-08-24 15:27:00-04:00,7674.25,7675.0,7673.5,7675.0,1076
2026-08-24 15:28:00-04:00,7675.0,7675.25,7674.0,7674.5,617
2026-08-24 15:29:00-04:00,7674.25,7674.75,7673.5,7674.25,787
2026-08-24 15:30:00-04:00,7674.0,7677.0,7674.0,7676.75,1918
2026-08-24 15:31:00-04:00,7676.75,7676.75,7675.25,7675.75,1481
2026-08-24 15:32:00-04:00,7675.5,7675.75,7673.75,7674.0,1251
2026-08-24 15:33:00-04:00,7674.0,7674.25,7673.25,7673.5,1166
2026-08-24 15:34:00-04:00,7673.75,7674.0,7671.75,7672.0,1811
2026-08-24 15:35:00-04:00,7672.0,7672.5,7671.0,7672.0,2224
2026-08-24 15:36:00-04:00,7672.0,7672.25,7671.75,7672.0,1043
2026-08-24 15:37:00-04:00,7672.0,7673.0,7671.75,7672.25,1470
2026-08-24 15:38:00-04:00,7672.5,7672.75,7671.75,7672.5,831
2026-08-24 15:39:00-04:00,7672.25,7672.5,7670.75,7671.0,1239
2026-08-24 15:40:00-04:00,7671.0,7672.0,7671.0,7671.5,1239
2026-08-24 15:41:00-04:00,7671.75,7671.75,7670.25,7670.25,1392
2026-08-24 15:42:00-04:00,7670.5,7671.0,7670.25,7670.25,902
2026-08-24 15:43:00-04:00,7670.25,7672.25,7670.0,7671.75,1721
2026-08-24 15:44:00-04:00,7671.5,7672.0,7670.75,7671.25,1198
2026-08-24 15:45:00-04:00,7671.25,7671.5,7670.25,7670.5,2458
2026-08-24 15:46:00-04:00,7670.25,7670.25,7669.25,7669.75,1791
2026-08-24 15:47:00-04:00,7669.75,7671.75,7669.25,7670.75,2043
2026-08-24 15:48:00-04:00,7670.75,7671.75,7670.25,7671.5,1257
2026-08-24 15:49:00-04:00,7671.25,7672.5,7671.0,7672.25,1782
2026-08-24 15:50:00-04:00,7673.0,7674.25,7671.25,7671.25,3498
2026-08-24 15:51:00-04:00,7671.25,7672.25,7670.0,7670.0,1830
2026-08-24 15:52:00-04:00,7670.0,7670.0,7668.0,7669.0,5242
2026-08-24 15:53:00-04:00,7669.25,7669.75,7668.25,7668.5,2090
2026-08-24 15:54:00-04:00,7668.75,7672.25,7668.75,7672.25,3430
2026-08-24 15:55:00-04:00,7672.25,7672.25,7668.25,7670.75,5873
2026-08-24 15:56:00-04:00,7670.5,7673.0,7670.25,7671.75,3923
2026-08-24 15:57:00-04:00,7671.5,7672.5,7670.75,7672.5,2547
2026-08-24 15:58:00-04:00,7672.25,7674.25,7672.0,7673.0,6281
2026-08-24 15:59:00-04:00,7673.25,7673.5,7668.75,7669.75,46704
2026-08-24 16:00:00-04:00,7669.5,7670.25,7668.0,7668.75,14335
2026-08-24 16:01:00-04:00,7668.75,7670.0,7668.5,7669.75,1897
2026-08-24 16:02:00-04:00,7670.0,7670.25,7669.0,7669.5,1100
2026-08-24 16:03:00-04:00,7669.5,7670.75,7669.0,7670.5,1089
2026-08-24 16:04:00-04:00,7670.75,7672.25,7670.5,7671.0,1608
2026-08-24 16:05:00-04:00,7671.25,7671.5,7670.25,7671.5,1331
2026-08-24 16:06:00-04:00,7671.5,7672.25,7671.0,7671.75,751
2026-08-24 16:07:00-04:00,7671.75,7673.5,7671.75,7672.5,1065
2026-08-24 16:08:00-04:00,7672.5,7672.5,7671.25,7671.5,496
2026-08-24 16:09:00-04:00,7671.75,7671.75,7670.5,7671.0,500
2026-08-24 16:10:00-04:00,7671.25,7671.5,7670.5,7670.5,360
2026-08-24 16:11:00-04:00,7670.5,7670.5,7670.0,7670.25,534
2026-08-24 16:12:00-04:00,7670.25,7670.5,7670.0,7670.0,460
2026-08-24 16:13:00-04:00,7670.0,7670.75,7670.0,7670.5,460
2026-08-24 16:14:00-04:00,7670.25,7671.75,7670.25,7671.0,721
2026-08-24 16:15:00-04:00,7671.0,7671.25,7670.25,7670.25,357
2026-08-24 16:16:00-04:00,7670.25,7671.0,7670.25,7670.75,598
2026-08-24 16:17:00-04:00,7670.75,7670.75,7669.25,7669.5,1444
2026-08-24 16:18:00-04:00,7669.5,7670.0,7669.5,7669.75,314
2026-08-24 16:19:00-04:00,7669.75,7670.5,7669.75,7670.0,359
2026-08-24 16:20:00-04:00,7670.0,7670.25,7668.0,7668.25,464
2026-08-24 16:21:00-04:00,7668.0,7668.75,7668.0,7668.5,395
2026-08-24 16:22:00-04:00,7668.5,7668.5,7668.0,7668.25,56
2026-08-24 16:23:00-04:00,7668.0,7668.25,7667.75,7668.0,549
2026-08-24 16:24:00-04:00,7668.0,7668.25,7666.5,7666.75,497
2026-08-24 16:25:00-04:00,7666.75,7667.0,7666.5,7666.75,175
2026-08-24 16:26:00-04:00,7666.75,7667.25,7666.75,7666.75,305
2026-08-24 16:27:00-04:00,7666.75,7667.25,7666.5,7666.5,289
2026-08-24 16:28:00-04:00,7666.75,7667.25,7666.5,7667.25,207
2026-08-24 16:29:00-04:00,7667.0,7667.25,7666.75,7667.0,176
2026-08-24 16:30:00-04:00,7666.75,7668.0,7666.5,7667.75,436
2026-08-24 16:31:00-04:00,7668.0,7668.75,7668.0,7668.75,303
2026-08-24 16:32:00-04:00,7668.5,7668.5,7668.0,7668.5,200
2026-08-24 16:33:00-04:00,7668.5,7669.0,7668.5,7669.0,165
2026-08-24 16:34:00-04:00,7669.0,7669.0,7668.75,7669.0,173
2026-08-24 16:35:00-04:00,7668.75,7669.0,7668.75,7669.0,93
2026-08-24 16:36:00-04:00,7669.0,7670.0,7669.0,7669.25,288
2026-08-24 16:37:00-04:00,7669.25,7670.25,7669.0,7670.25,142
2026-08-24 16:38:00-04:00,7670.0,7671.0,7669.75,7671.0,197
2026-08-24 16:39:00-04:00,7671.0,7671.25,7670.75,7670.75,139
2026-08-24 16:40:00-04:00,7671.0,7671.0,7670.5,7670.75,123
2026-08-24 16:41:00-04:00,7671.0,7671.0,7670.5,7670.75,132
2026-08-24 16:42:00-04:00,7670.75,7671.0,7670.75,7671.0,97
2026-08-24 16:43:00-04:00,7671.25,7671.5,7671.0,7671.0,76
2026-08-24 16:44:00-04:00,7671.25,7671.5,7671.0,7671.25,166
2026-08-24 16:45:00-04:00,7671.0,7671.5,7671.0,7671.25,200
2026-08-24 16:46:00-04:00,7671.25,7671.75,7671.25,7671.25,262
2026-08-24 16:47:00-04:00,7671.25,7671.5,7671.25,7671.25,210
2026-08-24 16:48:00-04:00,7671.25,7671.5,7671.0,7671.25,230
2026-08-24 16:49:00-04:00,7671.0,7671.25,7670.25,7670.5,544
2026-08-24 16:50:00-04:00,7670.25,7670.5,7670.25,7670.25,105
2026-08-24 16:51:00-04:00,7670.5,7670.5,7670.0,7670.5,135
2026-08-24 16:52:00-04:00,7670.5,7670.75,7670.0,7670.0,181
2026-08-24 16:53:00-04:00,7670.0,7670.25,7670.0,7670.25,197
2026-08-24 16:54:00-04:00,7670.25,7671.0,7670.25,7671.0,145
2026-08-24 16:55:00-04:00,7670.75,7671.75,7670.75,7671.75,159
2026-08-24 16:56:00-04:00,7671.75,7672.5,7671.75,7672.5,110
2026-08-24 16:57:00-04:00,7672.25,7674.25,7672.25,7674.25,365
2026-08-24 16:58:00-04:00,7674.25,7675.0,7674.0,7674.25,280
2026-08-24 16:59:00-04:00,7674.0,7674.75,7674.0,7674.25,533
2026-08-24 18:00:00-04:00,7676.0,7677.5,7674.5,7676.25,0
2026-08-24 18:01:00-04:00,7676.5,7676.75,7674.75,7675.0,166
2026-08-24 18:02:00-04:00,7675.25,7677.0,7675.25,7675.75,110
2026-08-24 18:03:00-04:00,7676.0,7676.25,7674.5,7674.75,96
2026-08-24 18:04:00-04:00,7675.0,7675.0,7673.5,7674.0,104
2026-08-24 18:05:00-04:00,7674.5,7675.25,7674.0,7674.75,96
2026-08-24 18:06:00-04:00,7674.75,7677.0,7674.75,7675.75,161
2026-08-24 18:07:00-04:00,7675.75,7676.0,7674.5,7675.25,86
2026-08-24 18:08:00-04:00,7675.0,7675.25,7674.75,7675.0,27
2026-08-24 18:09:00-04:00,7675.0,7675.0,7674.5,7675.0,32
2026-08-24 18:10:00-04:00,7675.0,7675.0,7674.25,7674.5,48
2026-08-24 18:11:00-04:00,7674.5,7674.5,7674.0,7674.5,49
2026-08-24 18:12:00-04:00,7674.25,7674.5,7674.0,7674.0,35
2026-08-24 18:13:00-04:00,7674.0,7674.0,7673.75,7674.0,43
2026-08-24 18:14:00-04:00,7674.0,7674.25,7674.0,7674.0,24
2026-08-24 18:15:00-04:00,7674.25,7674.75,7674.25,7674.25,60
2026-08-24 18:16:00-04:00,7674.5,7674.75,7674.5,7674.5,8
2026-08-24 18:17:00-04:00,7674.25,7674.5,7673.75,7674.5,19
2026-08-24 18:18:00-04:00,7674.25,7674.75,7674.25,7674.75,31
2026-08-24 18:19:00-04:00,7674.75,7675.0,7674.25,7674.5,17
2026-08-24 18:20:00-04:00,7674.25,7675.0,7674.0,7674.0,44
2026-08-24 18:21:00-04:00,7674.25,7675.0,7674.25,7675.0,31
2026-08-24 18:22:00-04:00,7674.5,7674.5,7673.75,7674.5,43
2026-08-24 18:23:00-04:00,7674.75,7675.0,7674.75,7674.75,15
2026-08-24 18:24:00-04:00,7674.75,7674.75,7674.75,7674.75,6
2026-08-24 18:25:00-04:00,7674.75,7674.75,7674.25,7674.5,12
2026-08-24 18:26:00-04:00,7674.5,7674.5,7674.0,7674.25,20
2026-08-24 18:27:00-04:00,7674.0,7674.5,7674.0,7674.5,9
2026-08-24 18:28:00-04:00,7674.25,7674.5,7674.0,7674.25,28
2026-08-24 18:29:00-04:00,7674.0,7674.25,7674.0,7674.25,12
2026-08-24 18:30:00-04:00,7674.5,7674.5,7673.5,7674.0,37
2026-08-24 18:31:00-04:00,7674.0,7674.0,7673.25,7673.75,69
2026-08-24 18:32:00-04:00,7674.0,7674.75,7674.0,7674.25,55
2026-08-24 18:33:00-04:00,7674.25,7674.25,7674.0,7674.0,2
2026-08-24 18:34:00-04:00,7674.25,7674.75,7674.25,7674.25,22
2026-08-24 18:35:00-04:00,7674.5,7674.5,7674.25,7674.25,7
2026-08-24 18:36:00-04:00,7674.5,7674.5,7674.5,7674.5,7
2026-08-24 18:37:00-04:00,7674.5,7674.5,7674.25,7674.25,10
2026-08-24 18:38:00-04:00,7674.5,7674.5,7674.5,7674.5,7
2026-08-24 18:39:00-04:00,7674.5,7674.5,7674.25,7674.25,25
2026-08-24 18:40:00-04:00,7674.25,7674.5,7673.5,7674.0,60
2026-08-24 18:41:00-04:00,7673.75,7674.0,7673.25,7673.75,73
2026-08-24 18:42:00-04:00,7673.75,7673.75,7673.5,7673.75,81
2026-08-24 18:43:00-04:00,7673.5,7673.5,7673.25,7673.25,21
2026-08-24 18:44:00-04:00,7673.5,7673.75,7673.5,7673.75,12
2026-08-24 18:45:00-04:00,7673.75,7673.75,7673.75,7673.75,12
2026-08-24 18:46:00-04:00,7673.5,7673.5,7673.5,7673.5,1
2026-08-24 18:47:00-04:00,7673.5,7673.75,7673.5,7673.75,24
2026-08-24 18:48:00-04:00,7673.75,7674.0,7673.5,7674.0,39
2026-08-24 18:49:00-04:00,7674.0,7674.25,7674.0,7674.0,22
2026-08-24 18:50:00-04:00,7673.75,7674.0,7673.75,7673.75,4
2026-08-24 18:51:00-04:00,7674.0,7674.0,7674.0,7674.0,14
2026-08-24 18:52:00-04:00,7674.25,7674.25,7673.75,7674.25,50
2026-08-24 18:53:00-04:00,7674.25,7674.5,7674.0,7674.0,12
2026-08-24 18:54:00-04:00,7674.0,7674.0,7674.0,7674.0,8
2026-08-24 18:55:00-04:00,7674.0,7674.0,7673.5,7673.5,39
2026-08-24 18:56:00-04:00,7673.75,7673.75,7673.75,7673.75,12
2026-08-24 18:57:00-04:00,7673.75,7674.5,7673.75,7674.25,14
2026-08-24 18:58:00-04:00,7674.25,7674.5,7674.25,7674.25,29
2026-08-24 18:59:00-04:00,7674.0,7674.5,7674.0,7674.5,25
2026-08-24 19:00:00-04:00,7674.5,7674.75,7674.0,7674.5,51
2026-08-24 19:01:00-04:00,7674.5,7674.5,7674.0,7674.25,34
2026-08-24 19:02:00-04:00,7674.25,7674.5,7674.0,7674.25,21
2026-08-24 19:03:00-04:00,7674.5,7674.5,7674.0,7674.25,27
2026-08-24 19:04:00-04:00,7674.25,7674.5,7674.25,7674.5,7
2026-08-24 19:05:00-04:00,7674.5,7674.5,7674.25,7674.5,28
2026-08-24 19:06:00-04:00,7674.25,7674.25,7674.25,7674.25,27
2026-08-24 19:07:00-04:00,7674.5,7674.5,7674.25,7674.25,8
2026-08-24 19:08:00-04:00,7674.5,7675.5,7674.25,7675.0,81
2026-08-24 19:09:00-04:00,7674.75,7675.25,7674.75,7675.25,79
2026-08-24 19:10:00-04:00,7675.0,7675.0,7675.0,7675.0,21
2026-08-24 19:11:00-04:00,7675.0,7675.0,7675.0,7675.0,2
2026-08-24 19:12:00-04:00,7675.0,7675.0,7674.75,7674.75,2
2026-08-24 19:13:00-04:00,7675.0,7675.25,7675.0,7675.0,24
2026-08-24 19:14:00-04:00,7675.25,7675.5,7674.75,7675.25,94
2026-08-24 19:15:00-04:00,7675.5,7675.75,7675.0,7675.75,152
2026-08-24 19:16:00-04:00,7675.5,7675.5,7675.25,7675.25,32
2026-08-24 19:17:00-04:00,7675.0,7675.0,7674.5,7674.75,54
2026-08-24 19:18:00-04:00,7674.75,7674.75,7673.75,7674.25,103
2026-08-24 19:19:00-04:00,7674.0,7674.25,7674.0,7674.25,38
2026-08-24 19:20:00-04:00,7674.0,7674.5,7674.0,7674.5,4
2026-08-24 19:21:00-04:00,7674.25,7674.75,7674.25,7674.5,12
2026-08-24 19:22:00-04:00,7674.5,7675.25,7674.5,7675.25,52
2026-08-24 19:23:00-04:00,7675.0,7675.25,7674.25,7674.5,102
2026-08-24 19:24:00-04:00,7674.5,7674.5,7674.5,7674.5,10
2026-08-24 19:25:00-04:00,7674.5,7674.5,7674.25,7674.25,24
2026-08-24 19:26:00-04:00,7674.0,7674.25,7674.0,7674.25,6
2026-08-24 19:27:00-04:00,7674.0,7674.0,7673.25,7673.25,64
2026-08-24 19:28:00-04:00,7673.0,7673.0,7672.5,7672.75,130
2026-08-24 19:29:00-04:00,7672.75,7673.0,7672.5,7672.5,12
2026-08-24 19:30:00-04:00,7672.5,7672.75,7671.75,7672.0,134
2026-08-24 19:33:00-04:00,7672.25,7672.25,7672.0,7672.25,138
2026-08-24 19:34:00-04:00,7672.25,7672.5,7672.0,7672.25,49
2026-08-24 19:35:00-04:00,7672.25,7672.25,7672.0,7672.0,63
2026-08-24 19:36:00-04:00,7671.75,7672.25,7671.75,7672.25,87
2026-08-24 19:37:00-04:00,7672.25,7672.25,7671.25,7671.25,46
2026-08-24 19:38:00-04:00,7671.25,7671.25,7671.25,7671.25,4
2026-08-24 19:39:00-04:00,7671.0,7671.0,7670.5,7670.75,57
2026-08-24 19:40:00-04:00,7670.75,7671.0,7670.25,7671.0,60
2026-08-24 19:41:00-04:00,7671.0,7672.5,7670.75,7671.0,215
2026-08-24 19:42:00-04:00,7670.75,7670.75,7669.0,7669.5,529
2026-08-24 19:43:00-04:00,7669.5,7669.75,7667.75,7669.25,170
2026-08-24 19:44:00-04:00,7669.0,7669.25,7668.75,7669.25,74
2026-08-24 19:45:00-04:00,7669.25,7669.25,7668.5,7669.0,91
2026-08-24 19:46:00-04:00,7668.75,7669.5,7668.5,7668.5,139
2026-08-24 19:47:00-04:00,7668.5,7669.0,7668.5,7669.0,27
2026-08-24 19:48:00-04:00,7669.0,7669.25,7668.75,7669.25,20
2026-08-24 19:49:00-04:00,7669.25,7669.25,7668.75,7669.25,35
2026-08-24 19:50:00-04:00,7669.25,7670.0,7669.25,7669.75,80
2026-08-24 19:51:00-04:00,7669.75,7670.25,7669.5,7670.0,59
2026-08-24 19:52:00-04:00,7670.25,7671.25,7670.25,7670.5,67
2026-08-24 19:53:00-04:00,7670.25,7670.25,7669.25,7669.25,74
2026-08-24 19:54:00-04:00,7669.25,7669.5,7668.5,7668.75,42
2026-08-24 19:55:00-04:00,7668.75,7669.25,7668.75,7669.25,43
2026-08-24 19:56:00-04:00,7669.0,7669.25,7669.0,7669.25,38
2026-08-24 19:57:00-04:00,7669.25,7670.25,7669.25,7670.25,27
2026-08-24 19:58:00-04:00,7670.0,7670.5,7670.0,7670.25,44
2026-08-24 19:59:00-04:00,7670.25,7670.5,7670.25,7670.5,39
2026-08-24 20:00:00-04:00,7669.5,7671.25,7668.5,7669.0,320
2026-08-24 20:01:00-04:00,7669.0,7670.25,7668.25,7669.5,178
2026-08-24 20:02:00-04:00,7669.5,7670.0,7668.75,7668.75,82
2026-08-24 20:03:00-04:00,7668.75,7668.75,7668.0,7668.0,150
2026-08-24 20:04:00-04:00,7668.25,7668.5,7667.25,7667.25,93
2026-08-24 20:05:00-04:00,7667.5,7668.0,7667.0,7667.75,184
2026-08-24 20:06:00-04:00,7668.0,7668.0,7667.25,7667.75,102
2026-08-24 20:07:00-04:00,7667.75,7669.75,7667.25,7668.25,170
2026-08-24 20:08:00-04:00,7668.5,7668.75,7667.75,7667.75,87
2026-08-24 20:09:00-04:00,7667.75,7668.0,7667.5,7667.5,94
2026-08-24 20:10:00-04:00,7667.75,7667.75,7665.0,7665.25,314
2026-08-24 20:11:00-04:00,7665.25,7666.0,7664.25,7664.5,161
2026-08-24 20:12:00-04:00,7664.5,7665.25,7663.5,7664.75,190
2026-08-24 20:13:00-04:00,7664.75,7665.5,7664.75,7665.25,83
2026-08-24 20:14:00-04:00,7665.25,7665.5,7664.25,7664.25,108
2026-08-24 20:15:00-04:00,7664.25,7664.25,7661.75,7661.75,455
2026-08-24 20:16:00-04:00,7662.0,7662.0,7660.25,7660.75,450
2026-08-24 20:17:00-04:00,7660.5,7661.5,7660.25,7661.25,190
2026-08-24 20:18:00-04:00,7661.25,7661.5,7660.5,7660.5,206
2026-08-24 20:19:00-04:00,7660.5,7661.25,7660.5,7660.75,165
2026-08-24 20:20:00-04:00,7661.0,7662.5,7661.0,7662.5,158
2026-08-24 20:21:00-04:00,7662.5,7663.75,7662.25,7663.75,172
2026-08-24 20:22:00-04:00,7663.5,7663.75,7663.0,7663.5,157
2026-08-24 20:23:00-04:00,7663.75,7666.5,7663.75,7666.0,480
2026-08-24 20:24:00-04:00,7666.0,7666.0,7663.75,7664.0,254
2026-08-24 20:25:00-04:00,7664.0,7664.75,7662.75,7664.0,279
2026-08-24 20:26:00-04:00,7664.0,7666.0,7663.75,7666.0,197
2026-08-24 20:27:00-04:00,7666.0,7666.75,7665.75,7666.25,314
2026-08-24 20:28:00-04:00,7666.25,7667.75,7666.25,7667.75,242
2026-08-24 20:29:00-04:00,7667.75,7668.5,7667.75,7668.25,181
2026-08-24 20:30:00-04:00,7668.0,7669.75,7667.25,7669.75,249
2026-08-24 20:31:00-04:00,7669.5,7670.0,7668.75,7669.0,192
2026-08-24 20:32:00-04:00,7669.0,7669.5,7668.25,7668.5,113
2026-08-24 20:33:00-04:00,7668.5,7669.0,7668.25,7668.5,60
2026-08-24 20:34:00-04:00,7668.5,7669.5,7668.25,7669.25,98
2026-08-24 20:35:00-04:00,7669.5,7670.0,7669.25,7669.75,125
2026-08-24 20:36:00-04:00,7669.75,7670.75,7669.25,7669.5,156
2026-08-24 20:37:00-04:00,7669.5,7670.5,7669.5,7669.75,73
2026-08-24 20:38:00-04:00,7669.75,7670.0,7669.0,7669.5,96
2026-08-24 20:39:00-04:00,7669.5,7669.5,7668.5,7669.0,86
2026-08-24 20:40:00-04:00,7669.0,7669.0,7668.75,7668.75,48
2026-08-24 20:41:00-04:00,7669.0,7669.75,7668.5,7669.75,163
2026-08-24 20:42:00-04:00,7669.75,7671.5,7669.75,7671.5,250
2026-08-24 20:43:00-04:00,7671.75,7674.25,7671.75,7673.75,561
2026-08-24 20:44:00-04:00,7674.0,7674.0,7672.75,7673.25,180
2026-08-24 20:45:00-04:00,7673.0,7674.25,7671.5,7674.0,215
2026-08-24 20:46:00-04:00,7673.75,7675.75,7673.5,7674.5,403
2026-08-24 20:47:00-04:00,7674.5,7674.75,7673.75,7674.25,74
2026-08-24 20:48:00-04:00,7674.25,7674.75,7673.75,7673.75,87
2026-08-24 20:49:00-04:00,7673.5,7674.0,7673.0,7673.25,91
2026-08-24 20:50:00-04:00,7673.25,7674.5,7673.0,7673.75,72
2026-08-24 20:51:00-04:00,7674.0,7674.25,7673.75,7674.0,59
2026-08-24 20:52:00-04:00,7674.0,7674.25,7673.5,7673.75,102
2026-08-24 20:53:00-04:00,7674.0,7675.5,7674.0,7675.0,153
2026-08-24 20:54:00-04:00,7674.75,7675.0,7674.5,7674.75,45
2026-08-24 20:55:00-04:00,7674.75,7675.25,7674.0,7674.75,97
2026-08-24 20:56:00-04:00,7674.75,7674.75,7674.25,7674.5,68
2026-08-24 20:57:00-04:00,7674.75,7675.25,7674.75,7674.75,71
2026-08-24 20:58:00-04:00,7674.75,7674.75,7674.0,7674.75,79
2026-08-24 20:59:00-04:00,7674.75,7674.75,7673.75,7673.75,63
2026-08-24 21:00:00-04:00,7673.75,7673.75,7672.25,7672.75,263
2026-08-24 21:01:00-04:00,7672.5,7673.75,7672.25,7673.25,211
2026-08-24 21:02:00-04:00,7673.0,7673.5,7672.75,7673.25,88
2026-08-24 21:03:00-04:00,7673.25,7673.5,7672.5,7673.5,312
2026-08-24 21:04:00-04:00,7673.5,7674.5,7673.25,7674.25,376
2026-08-24 21:05:00-04:00,7674.25,7675.0,7674.0,7674.0,246
2026-08-24 21:06:00-04:00,7674.25,7674.5,7674.0,7674.0,138
2026-08-24 21:07:00-04:00,7674.0,7674.25,7673.25,7674.0,218
2026-08-24 21:08:00-04:00,7673.75,7674.5,7673.0,7674.5,96
2026-08-24 21:09:00-04:00,7674.5,7675.25,7674.0,7675.0,81
2026-08-24 21:10:00-04:00,7675.0,7675.0,7673.0,7673.25,121
2026-08-24 21:11:00-04:00,7673.25,7673.75,7673.25,7673.5,93
2026-08-24 21:12:00-04:00,7673.5,7674.25,7673.5,7674.25,34
2026-08-24 21:13:00-04:00,7674.25,7675.25,7674.0,7675.25,86
2026-08-24 21:14:00-04:00,7675.25,7675.25,7674.0,7674.0,104
2026-08-24 21:15:00-04:00,7674.25,7674.25,7672.5,7673.25,109
2026-08-24 21:16:00-04:00,7673.0,7674.5,7673.0,7674.25,73
2026-08-24 21:17:00-04:00,7674.0,7675.0,7673.75,7674.5,71
2026-08-24 21:18:00-04:00,7674.5,7674.5,7673.75,7674.25,31
2026-08-24 21:19:00-04:00,7674.0,7675.25,7674.0,7674.25,68
2026-08-24 21:20:00-04:00,7674.25,7674.75,7673.25,7673.5,63
2026-08-24 21:21:00-04:00,7673.5,7673.5,7672.25,7672.75,110
2026-08-24 21:22:00-04:00,7672.75,7672.75,7672.0,7672.5,71
2026-08-24 21:23:00-04:00,7672.25,7672.5,7672.0,7672.0,113
2026-08-24 21:24:00-04:00,7672.0,7672.25,7671.0,7671.0,155
2026-08-24 21:25:00-04:00,7671.0,7671.25,7670.5,7671.25,118
2026-08-24 21:26:00-04:00,7671.0,7672.0,7671.0,7671.5,53
2026-08-24 21:27:00-04:00,7671.5,7672.0,7671.25,7671.5,47
2026-08-24 21:28:00-04:00,7671.5,7673.0,7671.5,7673.0,150
2026-08-24 21:29:00-04:00,7673.0,7673.25,7671.75,7672.5,116
2026-08-24 21:30:00-04:00,7672.25,7675.0,7672.25,7675.0,302
2026-08-24 21:31:00-04:00,7675.5,7675.75,7674.5,7675.0,203
2026-08-24 21:32:00-04:00,7674.75,7675.25,7672.75,7673.75,187
2026-08-24 21:33:00-04:00,7673.75,7673.75,7671.75,7673.0,136
2026-08-24 21:34:00-04:00,7673.0,7673.5,7672.75,7673.0,68
2026-08-24 21:35:00-04:00,7672.5,7673.75,7672.25,7673.5,63
2026-08-24 21:36:00-04:00,7674.0,7676.0,7673.75,7676.0,149
2026-08-24 21:37:00-04:00,7675.75,7676.75,7675.75,7676.25,177
2026-08-24 21:38:00-04:00,7676.25,7676.75,7676.0,7676.0,91
2026-08-24 21:39:00-04:00,7676.0,7676.5,7675.75,7676.25,73
2026-08-24 21:40:00-04:00,7676.0,7676.25,7675.75,7675.75,121
2026-08-24 21:41:00-04:00,7675.75,7676.75,7675.25,7675.25,111
2026-08-24 21:42:00-04:00,7675.25,7675.5,7673.5,7673.5,170
2026-08-24 21:43:00-04:00,7673.75,7674.75,7673.25,7674.75,62
2026-08-24 21:44:00-04:00,7674.5,7674.75,7674.25,7674.5,35
2026-08-24 21:45:00-04:00,7674.75,7675.25,7674.5,7675.0,88
2026-08-24 21:46:00-04:00,7675.0,7675.5,7674.5,7674.75,77
2026-08-24 21:47:00-04:00,7674.75,7675.5,7674.5,7675.5,52
2026-08-24 21:48:00-04:00,7675.5,7676.25,7675.0,7675.75,99
2026-08-24 21:49:00-04:00,7675.75,7676.25,7675.75,7676.0,49
2026-08-24 21:50:00-04:00,7675.75,7675.75,7675.25,7675.25,74
2026-08-24 21:51:00-04:00,7675.0,7675.25,7674.5,7675.0,103
2026-08-24 21:52:00-04:00,7674.75,7675.0,7674.25,7674.25,69
2026-08-24 21:53:00-04:00,7674.0,7675.5,7674.0,7675.25,77
2026-08-24 21:54:00-04:00,7675.5,7675.75,7675.25,7675.5,18
2026-08-24 21:55:00-04:00,7675.5,7675.5,7675.0,7675.0,24
2026-08-24 21:56:00-04:00,7675.25,7675.25,7674.25,7674.25,44
2026-08-24 21:57:00-04:00,7674.25,7674.5,7674.0,7674.0,80
2026-08-24 21:58:00-04:00,7674.0,7674.0,7673.5,7673.75,96
2026-08-24 21:59:00-04:00,7674.0,7674.0,7673.0,7673.25,99
2026-08-24 22:00:00-04:00,7673.25,7674.75,7673.25,7674.25,197
2026-08-24 22:01:00-04:00,7674.25,7675.5,7674.25,7674.5,163
2026-08-24 22:02:00-04:00,7674.5,7674.75,7673.75,7674.75,125
2026-08-24 22:03:00-04:00,7674.75,7674.75,7674.0,7674.0,56
2026-08-24 22:04:00-04:00,7673.75,7674.75,7673.75,7674.0,55
2026-08-24 22:05:00-04:00,7674.0,7674.25,7672.75,7672.75,119
2026-08-24 22:06:00-04:00,7673.0,7673.0,7671.0,7671.0,202
2026-08-24 22:07:00-04:00,7670.75,7671.75,7670.75,7671.0,126
2026-08-24 22:08:00-04:00,7671.25,7671.25,7670.75,7670.75,138
2026-08-24 22:09:00-04:00,7670.75,7670.75,7669.25,7669.75,497
2026-08-24 22:10:00-04:00,7670.0,7670.0,7669.5,7669.75,87
2026-08-24 22:11:00-04:00,7670.0,7670.0,7669.5,7669.5,99
2026-08-24 22:12:00-04:00,7669.5,7669.5,7668.25,7668.75,163
2026-08-24 22:13:00-04:00,7668.5,7669.25,7668.25,7668.75,77
2026-08-24 22:14:00-04:00,7669.0,7669.75,7668.25,7669.5,164
2026-08-24 22:15:00-04:00,7669.5,7669.75,7668.25,7668.25,87
2026-08-24 22:16:00-04:00,7668.25,7669.0,7668.0,7669.0,103
2026-08-24 22:17:00-04:00,7669.0,7669.5,7668.5,7669.25,98
2026-08-24 22:18:00-04:00,7669.0,7670.75,7669.0,7670.25,262
2026-08-24 22:19:00-04:00,7670.25,7671.5,7670.25,7671.25,196
2026-08-24 22:20:00-04:00,7671.0,7671.5,7668.75,7669.0,228
2026-08-24 22:21:00-04:00,7669.0,7669.75,7669.0,7669.0,86
2026-08-24 22:22:00-04:00,7669.25,7669.75,7669.0,7669.25,66
2026-08-24 22:23:00-04:00,7669.0,7669.5,7669.0,7669.25,104
2026-08-24 22:24:00-04:00,7669.5,7671.75,7669.25,7671.75,80
2026-08-24 22:25:00-04:00,7671.75,7672.25,7669.75,7670.5,248
2026-08-24 22:26:00-04:00,7670.25,7670.25,7668.5,7668.75,162
2026-08-24 22:27:00-04:00,7668.75,7670.0,7668.5,7669.75,176
2026-08-24 22:28:00-04:00,7669.75,7672.5,7669.75,7672.5,132
2026-08-24 22:29:00-04:00,7672.25,7672.25,7671.5,7672.0,204
2026-08-24 22:30:00-04:00,7671.5,7671.75,7671.0,7671.75,82
2026-08-24 22:31:00-04:00,7672.0,7674.5,7671.25,7674.25,248
2026-08-24 22:32:00-04:00,7674.5,7675.0,7674.25,7674.25,163
2026-08-24 22:33:00-04:00,7674.25,7674.25,7671.25,7672.0,147
2026-08-24 22:34:00-04:00,7672.25,7673.75,7672.25,7673.75,153
2026-08-24 22:35:00-04:00,7673.5,7674.0,7673.0,7673.0,76
2026-08-24 22:36:00-04:00,7673.5,7674.0,7673.25,7673.5,57
2026-08-24 22:37:00-04:00,7673.5,7673.5,7672.25,7672.25,58
2026-08-24 22:38:00-04:00,7672.0,7672.25,7671.25,7672.25,182
2026-08-24 22:39:00-04:00,7672.25,7673.0,7672.0,7673.0,64
2026-08-24 22:40:00-04:00,7673.0,7673.25,7672.25,7672.25,30
2026-08-24 22:41:00-04:00,7673.0,7673.25,7672.75,7673.0,25
2026-08-24 22:42:00-04:00,7673.0,7675.25,7673.0,7675.25,263
2026-08-24 22:43:00-04:00,7675.25,7675.25,7673.25,7674.0,52
2026-08-24 22:44:00-04:00,7674.0,7674.0,7671.75,7672.25,128
2026-08-24 22:45:00-04:00,7672.25,7672.5,7670.75,7671.25,147
2026-08-24 22:46:00-04:00,7671.25,7671.25,7669.75,7670.5,146
2026-08-24 22:47:00-04:00,7670.75,7671.5,7670.75,7671.5,70
2026-08-24 22:48:00-04:00,7671.75,7672.0,7670.5,7670.5,69
2026-08-24 22:49:00-04:00,7670.25,7670.5,7670.0,7670.25,71
2026-08-24 22:50:00-04:00,7670.25,7670.25,7668.5,7669.5,248
2026-08-24 22:51:00-04:00,7669.75,7670.0,7668.0,7668.0,185
2026-08-24 22:52:00-04:00,7668.25,7669.25,7667.75,7669.0,178
2026-08-24 22:53:00-04:00,7668.75,7669.5,7668.5,7669.25,62
2026-08-24 22:54:00-04:00,7669.25,7669.5,7669.0,7669.0,46
2026-08-24 22:55:00-04:00,7669.0,7669.0,7668.25,7669.0,107
2026-08-24 22:56:00-04:00,7669.0,7669.0,7666.5,7667.0,206
2026-08-24 22:57:00-04:00,7667.0,7667.75,7666.75,7667.5,71
2026-08-24 22:58:00-04:00,7667.5,7667.75,7667.0,7667.75,144
2026-08-24 22:59:00-04:00,7667.75,7668.0,7667.75,7667.75,39
2026-08-24 23:00:00-04:00,7668.0,7669.0,7668.0,7668.75,92
2026-08-24 23:01:00-04:00,7669.0,7669.0,7668.5,7668.75,69
2026-08-24 23:02:00-04:00,7668.75,7671.25,7668.75,7670.75,291
2026-08-24 23:03:00-04:00,7670.75,7671.0,7670.25,7671.0,108
2026-08-24 23:04:00-04:00,7671.0,7671.25,7670.25,7670.5,79
2026-08-24 23:05:00-04:00,7670.5,7671.5,7670.5,7671.5,48
2026-08-24 23:06:00-04:00,7671.5,7673.25,7671.5,7673.25,204
2026-08-24 23:07:00-04:00,7673.75,7675.25,7673.5,7674.25,344
2026-08-24 23:08:00-04:00,7674.0,7674.0,7673.5,7673.5,69
2026-08-24 23:09:00-04:00,7674.0,7677.0,7673.75,7675.0,772
2026-08-24 23:10:00-04:00,7675.0,7676.5,7675.0,7676.0,298
2026-08-24 23:11:00-04:00,7676.25,7676.5,7674.25,7674.25,144
2026-08-24 23:12:00-04:00,7674.5,7675.5,7674.5,7675.25,197
2026-08-24 23:13:00-04:00,7675.5,7675.5,7675.0,7675.25,73
2026-08-24 23:14:00-04:00,7675.0,7675.25,7674.5,7674.75,57
2026-08-24 23:15:00-04:00,7675.0,7676.25,7674.75,7676.25,118
2026-08-24 23:16:00-04:00,7676.25,7677.0,7676.0,7676.5,246
2026-08-24 23:17:00-04:00,7676.75,7677.0,7676.0,7676.5,250
2026-08-24 23:18:00-04:00,7676.0,7677.0,7675.75,7676.75,86
2026-08-24 23:19:00-04:00,7676.75,7677.5,7676.25,7677.0,140
2026-08-24 23:20:00-04:00,7677.0,7677.0,7676.25,7676.25,68
2026-08-24 23:21:00-04:00,7676.5,7676.5,7676.25,7676.5,29
2026-08-24 23:22:00-04:00,7676.5,7677.0,7676.5,7676.5,130
2026-08-24 23:23:00-04:00,7676.5,7676.5,7675.25,7675.5,132
2026-08-24 23:24:00-04:00,7675.5,7675.5,7675.0,7675.25,64
2026-08-24 23:25:00-04:00,7675.5,7676.25,7675.25,7676.25,69
2026-08-24 23:26:00-04:00,7676.0,7677.5,7675.75,7677.25,162
2026-08-24 23:27:00-04:00,7676.75,7677.0,7676.25,7676.5,38
2026-08-24 23:28:00-04:00,7676.25,7677.75,7676.25,7677.25,56
2026-08-24 23:29:00-04:00,7677.0,7677.5,7677.0,7677.5,48
2026-08-24 23:30:00-04:00,7677.25,7677.25,7676.75,7677.25,98
2026-08-24 23:31:00-04:00,7677.25,7677.5,7676.75,7677.5,132
2026-08-24 23:32:00-04:00,7677.5,7678.5,7677.5,7678.25,223
2026-08-24 23:33:00-04:00,7678.5,7678.75,7678.25,7678.25,88
2026-08-24 23:34:00-04:00,7678.5,7678.5,7678.0,7678.0,88
2026-08-24 23:35:00-04:00,7678.0,7678.0,7677.25,7677.5,131
2026-08-24 23:36:00-04:00,7677.5,7677.75,7676.75,7677.0,97
2026-08-24 23:37:00-04:00,7677.25,7677.25,7676.75,7676.75,48
2026-08-24 23:38:00-04:00,7676.75,7676.75,7676.0,7676.0,122
2026-08-24 23:39:00-04:00,7676.0,7676.25,7675.75,7676.25,49
2026-08-24 23:40:00-04:00,7676.25,7676.75,7676.25,7676.75,44
2026-08-24 23:41:00-04:00,7676.5,7676.5,7676.0,7676.25,61
2026-08-24 23:42:00-04:00,7676.25,7677.0,7676.0,7677.0,67
2026-08-24 23:43:00-04:00,7677.0,7677.0,7676.25,7676.25,36
2026-08-24 23:44:00-04:00,7676.25,7676.5,7676.25,7676.25,20
2026-08-24 23:45:00-04:00,7676.25,7676.25,7675.5,7675.75,41
2026-08-24 23:46:00-04:00,7675.5,7675.5,7675.25,7675.5,40
2026-08-24 23:47:00-04:00,7675.5,7675.75,7675.0,7675.25,89
2026-08-24 23:48:00-04:00,7675.25,7675.25,7674.5,7674.5,147
2026-08-24 23:49:00-04:00,7674.5,7674.75,7674.0,7674.25,66
2026-08-24 23:50:00-04:00,7674.25,7674.5,7673.75,7673.75,90
2026-08-24 23:51:00-04:00,7673.75,7674.0,7673.75,7673.75,80
2026-08-24 23:52:00-04:00,7673.5,7674.5,7673.25,7674.5,88
2026-08-24 23:53:00-04:00,7674.5,7675.25,7674.25,7675.0,61
2026-08-24 23:54:00-04:00,7675.0,7675.0,7674.25,7674.75,137
2026-08-24 23:55:00-04:00,7674.75,7675.0,7674.0,7674.25,62
2026-08-24 23:56:00-04:00,7674.25,7674.5,7674.25,7674.5,27
2026-08-24 23:57:00-04:00,7674.5,7675.25,7674.5,7674.75,63
2026-08-24 23:58:00-04:00,7674.75,7674.75,7674.5,7674.5,47
2026-08-25 00:09:00-04:00,7677.5,7678.0,7677.0,7678.0,74
2026-08-25 00:10:00-04:00,7678.0,7678.25,7677.5,7677.75,80
2026-08-25 00:11:00-04:00,7677.75,7677.75,7677.25,7677.5,34
2026-08-25 00:12:00-04:00,7677.25,7677.25,7676.75,7677.25,52
2026-08-25 00:13:00-04:00,7677.25,7678.0,7677.25,7677.75,49
2026-08-25 00:14:00-04:00,7677.75,7678.25,7677.75,7678.25,55
2026-08-25 00:15:00-04:00,7678.25,7678.25,7677.5,7677.5,33
2026-08-25 00:16:00-04:00,7677.75,7678.5,7677.75,7678.25,49
2026-08-25 00:17:00-04:00,7678.5,7678.5,7678.25,7678.25,69
2026-08-25 00:18:00-04:00,7678.25,7678.25,7677.0,7677.5,99
2026-08-25 00:19:00-04:00,7677.75,7677.75,7677.25,7677.25,71
2026-08-25 00:20:00-04:00,7677.5,7678.25,7677.25,7678.25,79
2026-08-25 00:21:00-04:00,7678.25,7678.25,7677.5,7677.5,87
2026-08-25 00:22:00-04:00,7677.5,7677.75,7677.25,7677.75,17
2026-08-25 00:23:00-04:00,7677.75,7678.0,7677.75,7678.0,35
2026-08-25 00:24:00-04:00,7678.0,7678.25,7677.75,7678.25,33
2026-08-25 00:25:00-04:00,7678.25,7678.5,7678.25,7678.5,71
2026-08-25 00:26:00-04:00,7678.25,7678.25,7677.25,7677.5,75
2026-08-25 00:27:00-04:00,7677.5,7677.5,7677.25,7677.5,32
2026-08-25 00:28:00-04:00,7677.5,7677.75,7677.5,7677.75,23
2026-08-25 00:29:00-04:00,7677.75,7678.0,7677.75,7677.75,35
2026-08-25 00:30:00-04:00,7677.75,7678.0,7677.5,7677.75,51
2026-08-25 00:31:00-04:00,7677.75,7678.0,7677.5,7677.5,73
2026-08-25 00:32:00-04:00,7677.5,7679.5,7677.5,7679.25,246
2026-08-25 00:33:00-04:00,7679.25,7679.25,7678.5,7678.75,36
2026-08-25 00:34:00-04:00,7678.75,7678.75,7677.75,7678.5,36
2026-08-25 00:35:00-04:00,7678.5,7678.5,7678.0,7678.25,20
2026-08-25 00:36:00-04:00,7678.5,7678.5,7677.75,7677.75,36
2026-08-25 00:37:00-04:00,7677.75,7677.75,7677.0,7677.5,73
2026-08-25 00:38:00-04:00,7677.5,7677.75,7677.25,7677.75,36
2026-08-25 00:39:00-04:00,7677.5,7678.0,7677.5,7677.75,92
2026-08-25 00:40:00-04:00,7678.0,7678.25,7677.75,7678.0,38
2026-08-25 00:41:00-04:00,7678.5,7679.25,7678.25,7679.0,30
2026-08-25 00:42:00-04:00,7679.0,7679.25,7678.5,7678.75,56
2026-08-25 00:43:00-04:00,7678.75,7678.75,7678.0,7678.0,24
2026-08-25 00:44:00-04:00,7678.25,7678.75,7678.0,7678.5,110
2026-08-25 00:45:00-04:00,7678.5,7679.0,7678.5,7678.75,32
2026-08-25 00:46:00-04:00,7678.75,7679.0,7678.5,7679.0,104
2026-08-25 00:47:00-04:00,7678.75,7678.75,7678.5,7678.75,28
2026-08-25 00:48:00-04:00,7678.75,7679.25,7678.5,7679.25,37
2026-08-25 00:49:00-04:00,7679.0,7679.0,7677.75,7678.25,54
2026-08-25 00:50:00-04:00,7678.0,7678.0,7676.25,7676.25,314
2026-08-25 00:51:00-04:00,7676.5,7676.5,7675.75,7676.0,99
2026-08-25 00:52:00-04:00,7676.0,7676.75,7676.0,7676.5,133
2026-08-25 00:53:00-04:00,7676.5,7676.75,7676.0,7676.0,42
2026-08-25 00:54:00-04:00,7675.75,7676.5,7675.25,7676.5,167
2026-08-25 00:55:00-04:00,7676.25,7676.75,7676.25,7676.75,38
2026-08-25 00:56:00-04:00,7676.5,7677.0,7675.5,7675.75,92
2026-08-25 00:57:00-04:00,7675.5,7676.0,7675.25,7676.0,117
2026-08-25 00:58:00-04:00,7676.0,7676.25,7676.0,7676.0,51
2026-08-25 00:59:00-04:00,7676.0,7676.75,7676.0,7676.75,54
2026-08-25 01:00:00-04:00,7677.0,7677.0,7676.0,7676.5,99
2026-08-25 01:01:00-04:00,7676.75,7678.25,7676.5,7678.25,139
2026-08-25 01:02:00-04:00,7678.5,7678.5,7677.75,7677.75,85
2026-08-25 01:03:00-04:00,7677.75,7678.5,7677.75,7677.75,61
2026-08-25 01:04:00-04:00,7677.75,7678.25,7677.75,7678.25,53
2026-08-25 01:05:00-04:00,7678.0,7678.25,7677.25,7677.75,77
2026-08-25 01:06:00-04:00,7677.75,7678.5,7677.5,7678.5,112
2026-08-25 01:07:00-04:00,7678.5,7678.75,7678.0,7678.0,65
2026-08-25 01:08:00-04:00,7678.0,7678.75,7678.0,7678.5,59
2026-08-25 01:09:00-04:00,7678.0,7678.0,7677.5,7677.75,51
2026-08-25 01:10:00-04:00,7677.75,7678.0,7677.5,7677.75,63
2026-08-25 01:11:00-04:00,7677.5,7679.0,7677.5,7679.0,61
2026-08-25 01:12:00-04:00,7679.0,7680.0,7678.75,7679.0,127
2026-08-25 01:13:00-04:00,7679.0,7679.0,7678.0,7678.0,63
2026-08-25 01:14:00-04:00,7678.0,7678.25,7677.5,7677.75,49
2026-08-25 01:15:00-04:00,7677.75,7678.75,7677.75,7678.75,36
2026-08-25 01:16:00-04:00,7679.0,7680.0,7679.0,7679.75,141
2026-08-25 01:17:00-04:00,7680.0,7680.0,7679.0,7679.25,130
2026-08-25 01:18:00-04:00,7679.25,7679.75,7679.0,7679.25,52
2026-08-25 01:19:00-04:00,7679.25,7679.5,7678.75,7679.0,53
2026-08-25 01:20:00-04:00,7678.75,7679.5,7678.25,7679.0,71
2026-08-25 01:21:00-04:00,7679.0,7679.25,7678.75,7679.0,49
2026-08-25 01:22:00-04:00,7678.75,7679.75,7678.75,7679.75,45
2026-08-25 01:23:00-04:00,7679.5,7679.75,7679.25,7679.25,46
2026-08-25 01:24:00-04:00,7679.0,7679.25,7678.75,7679.0,67
2026-08-25 01:25:00-04:00,7679.0,7679.25,7678.75,7679.25,49
2026-08-25 01:26:00-04:00,7679.0,7679.0,7678.5,7678.75,29
2026-08-25 01:27:00-04:00,7679.0,7679.25,7678.75,7679.0,62
2026-08-25 01:28:00-04:00,7679.0,7679.0,7678.75,7678.75,25
2026-08-25 01:29:00-04:00,7678.75,7679.0,7678.75,7678.75,26
2026-08-25 01:30:00-04:00,7679.0,7679.5,7678.75,7679.0,51
2026-08-25 01:31:00-04:00,7678.75,7679.0,7678.5,7678.75,32
2026-08-25 01:32:00-04:00,7678.5,7679.25,7678.25,7679.0,68
2026-08-25 01:33:00-04:00,7679.0,7679.25,7678.75,7679.25,80
2026-08-25 01:34:00-04:00,7679.5,7680.0,7679.0,7679.25,150
2026-08-25 01:35:00-04:00,7679.5,7680.25,7679.5,7679.75,89
2026-08-25 01:36:00-04:00,7680.0,7680.5,7680.0,7680.0,84
2026-08-25 01:37:00-04:00,7680.0,7680.0,7679.5,7679.5,59
2026-08-25 01:38:00-04:00,7679.25,7680.25,7679.25,7680.25,57
2026-08-25 01:39:00-04:00,7680.5,7680.5,7679.75,7680.0,58
2026-08-25 01:40:00-04:00,7680.0,7680.5,7679.5,7679.5,180
2026-08-25 01:41:00-04:00,7679.5,7679.75,7678.5,7678.5,123
2026-08-25 01:42:00-04:00,7678.5,7678.75,7677.75,7678.0,143
2026-08-25 01:43:00-04:00,7677.75,7678.75,7677.5,7678.5,242
2026-08-25 01:44:00-04:00,7678.25,7678.25,7677.75,7677.75,72
2026-08-25 01:45:00-04:00,7677.75,7678.5,7677.0,7677.75,134
2026-08-25 01:46:00-04:00,7678.0,7679.25,7678.0,7679.25,83
2026-08-25 01:47:00-04:00,7679.0,7679.25,7678.5,7679.25,55
2026-08-25 01:48:00-04:00,7679.0,7679.25,7678.5,7678.75,70
2026-08-25 01:49:00-04:00,7678.75,7678.75,7678.25,7678.5,44
2026-08-25 01:50:00-04:00,7678.25,7678.5,7677.75,7678.25,163
2026-08-25 01:51:00-04:00,7678.25,7679.25,7678.25,7678.75,103
2026-08-25 01:52:00-04:00,7678.75,7679.5,7678.5,7679.25,56
2026-08-25 01:53:00-04:00,7679.5,7679.75,7679.0,7679.75,68
2026-08-25 01:54:00-04:00,7679.5,7679.5,7679.0,7679.0,80
2026-08-25 01:55:00-04:00,7679.0,7680.0,7679.0,7680.0,92
2026-08-25 01:56:00-04:00,7680.0,7681.0,7679.5,7681.0,152
2026-08-25 01:57:00-04:00,7680.75,7681.0,7680.5,7680.75,78
2026-08-25 01:58:00-04:00,7680.5,7680.5,7679.75,7680.0,147
2026-08-25 01:59:00-04:00,7680.0,7680.25,7679.75,7680.0,77
2026-08-25 02:00:00-04:00,7680.25,7682.5,7680.0,7682.0,311
2026-08-25 02:01:00-04:00,7681.5,7682.0,7680.75,7680.75,115
2026-08-25 02:02:00-04:00,7680.75,7680.75,7680.75,7680.75,21
2026-08-25 02:12:00-04:00,7669.75,7682.25,7669.75,7682.25,1218
2026-08-25 02:13:00-04:00,7682.0,7682.25,7681.75,7681.75,124
2026-08-25 02:14:00-04:00,7681.75,7682.0,7681.0,7681.5,114
2026-08-25 02:15:00-04:00,7681.5,7681.5,7680.5,7680.75,111
2026-08-25 02:16:00-04:00,7680.5,7681.5,7680.25,7681.5,138
2026-08-25 02:17:00-04:00,7681.5,7682.5,7681.25,7682.25,159
2026-08-25 02:18:00-04:00,7682.25,7682.5,7682.0,7682.5,152
2026-08-25 02:19:00-04:00,7682.5,7682.5,7681.75,7682.0,97
2026-08-25 02:20:00-04:00,7682.25,7682.25,7681.5,7681.5,71
2026-08-25 02:21:00-04:00,7681.25,7682.0,7681.25,7682.0,79
2026-08-25 02:22:00-04:00,7682.0,7682.5,7682.0,7682.5,107
2026-08-25 02:23:00-04:00,7682.5,7690.75,7682.5,7686.5,1586
2026-08-25 02:24:00-04:00,7686.5,7686.5,7685.0,7685.25,241
2026-08-25 02:25:00-04:00,7685.25,7686.0,7685.25,7685.75,185
2026-08-25 02:26:00-04:00,7685.75,7686.0,7685.5,7685.75,177
2026-08-25 02:27:00-04:00,7686.0,7686.75,7685.75,7686.5,385
2026-08-25 02:28:00-04:00,7686.75,7687.0,7684.75,7685.25,244
2026-08-25 02:29:00-04:00,7685.5,7685.75,7685.0,7685.25,106
2026-08-25 02:30:00-04:00,7685.0,7685.25,7684.0,7685.0,232
2026-08-25 02:31:00-04:00,7685.0,7685.5,7685.0,7685.0,173
2026-08-25 02:32:00-04:00,7685.25,7685.5,7685.0,7685.5,210
2026-08-25 02:33:00-04:00,7685.5,7686.5,7684.75,7685.25,289
2026-08-25 02:34:00-04:00,7685.25,7687.0,7685.25,7686.25,289
2026-08-25 02:35:00-04:00,7686.0,7686.25,7685.0,7685.25,134
2026-08-25 02:36:00-04:00,7685.25,7685.5,7685.0,7685.25,117
2026-08-25 02:37:00-04:00,7685.25,7685.5,7685.0,7685.5,103
2026-08-25 02:38:00-04:00,7684.75,7685.0,7684.0,7684.5,209
2026-08-25 02:39:00-04:00,7684.25,7684.5,7683.5,7684.25,165
2026-08-25 02:40:00-04:00,7684.25,7685.25,7684.25,7685.25,84
2026-08-25 02:41:00-04:00,7685.25,7685.75,7685.25,7685.75,201
2026-08-25 02:42:00-04:00,7685.5,7686.25,7685.5,7686.0,81
2026-08-25 02:43:00-04:00,7686.0,7686.75,7686.0,7686.75,336
2026-08-25 02:44:00-04:00,7686.5,7687.75,7686.5,7687.75,209
2026-08-25 02:45:00-04:00,7687.75,7688.0,7687.25,7687.75,125
2026-08-25 02:46:00-04:00,7687.75,7688.0,7687.25,7687.5,128
2026-08-25 02:47:00-04:00,7687.25,7687.5,7686.0,7686.0,123
2026-08-25 02:48:00-04:00,7686.5,7687.0,7686.25,7686.5,203
2026-08-25 02:49:00-04:00,7686.25,7686.25,7685.5,7685.75,40
2026-08-25 02:50:00-04:00,7685.5,7686.0,7685.5,7686.0,140
2026-08-25 02:51:00-04:00,7685.75,7686.0,7685.5,7686.0,137
2026-08-25 02:52:00-04:00,7685.75,7686.25,7685.25,7686.0,137
2026-08-25 02:53:00-04:00,7686.25,7686.5,7686.0,7686.5,77
2026-08-25 02:54:00-04:00,7686.5,7687.5,7686.5,7687.5,142
2026-08-25 02:55:00-04:00,7687.5,7687.75,7687.0,7687.75,92
2026-08-25 02:56:00-04:00,7687.5,7688.0,7687.25,7688.0,49
2026-08-25 02:57:00-04:00,7688.0,7688.0,7687.5,7687.75,87
2026-08-25 02:58:00-04:00,7687.5,7688.25,7687.0,7688.25,106
2026-08-25 02:59:00-04:00,7688.25,7689.5,7688.25,7689.5,322
2026-08-25 03:00:00-04:00,7689.75,7691.5,7689.5,7690.5,1218
2026-08-25 03:01:00-04:00,7690.5,7691.0,7690.0,7691.0,322
2026-08-25 03:02:00-04:00,7691.0,7691.0,7690.0,7690.5,167
2026-08-25 03:03:00-04:00,7690.5,7690.75,7690.25,7690.5,229
2026-08-25 03:04:00-04:00,7690.5,7692.5,7690.5,7692.25,415
2026-08-25 03:05:00-04:00,7692.25,7692.5,7691.25,7691.75,267
2026-08-25 03:06:00-04:00,7691.5,7691.75,7690.75,7691.5,274
2026-08-25 03:07:00-04:00,7691.5,7691.75,7689.75,7689.75,324
2026-08-25 03:08:00-04:00,7689.5,7690.25,7689.5,7690.0,122
2026-08-25 03:09:00-04:00,7689.75,7690.25,7689.5,7689.75,115
2026-08-25 03:10:00-04:00,7689.5,7690.0,7688.5,7688.75,320
2026-08-25 03:11:00-04:00,7688.5,7689.0,7687.75,7688.0,247
2026-08-25 03:12:00-04:00,7688.0,7688.75,7687.5,7688.5,204
2026-08-25 03:13:00-04:00,7688.25,7688.5,7687.25,7688.25,278
2026-08-25 03:14:00-04:00,7688.25,7688.75,7688.0,7688.0,174
2026-08-25 03:15:00-04:00,7688.0,7690.0,7687.75,7689.75,428
2026-08-25 03:16:00-04:00,7689.5,7689.5,7685.0,7685.25,501
2026-08-25 03:17:00-04:00,7685.5,7685.5,7684.5,7684.75,414
2026-08-25 03:18:00-04:00,7684.75,7684.75,7684.0,7684.0,248
2026-08-25 03:19:00-04:00,7684.25,7684.75,7684.0,7684.5,146
2026-08-25 03:20:00-04:00,7684.25,7684.75,7684.0,7684.75,177
2026-08-25 03:21:00-04:00,7684.5,7685.25,7684.5,7685.0,194
2026-08-25 03:22:00-04:00,7685.25,7685.75,7685.0,7685.25,125
2026-08-25 03:23:00-04:00,7685.5,7686.75,7685.5,7686.5,259
2026-08-25 03:24:00-04:00,7686.25,7686.25,7685.25,7685.25,107
2026-08-25 03:25:00-04:00,7685.25,7685.25,7684.0,7684.25,160
2026-08-25 03:26:00-04:00,7684.25,7684.5,7683.25,7683.25,176
2026-08-25 03:30:00-04:00,7684.5,7685.0,7684.25,7684.5,566
2026-08-25 03:31:00-04:00,7684.5,7685.75,7684.5,7684.75,266
2026-08-25 03:32:00-04:00,7684.75,7685.25,7684.5,7684.5,54
2026-08-25 03:33:00-04:00,7684.5,7685.0,7684.5,7684.5,108
2026-08-25 03:34:00-04:00,7684.25,7684.75,7684.25,7684.75,76
2026-08-25 03:35:00-04:00,7685.0,7685.25,7684.5,7684.75,87
2026-08-25 03:36:00-04:00,7684.25,7684.75,7684.0,7684.75,209
2026-08-25 03:37:00-04:00,7684.5,7684.5,7684.0,7684.25,54
2026-08-25 03:38:00-04:00,7684.5,7684.5,7684.0,7684.5,83
2026-08-25 03:39:00-04:00,7684.25,7684.5,7684.0,7684.5,51
2026-08-25 03:40:00-04:00,7684.25,7684.5,7683.5,7684.0,77
2026-08-25 03:41:00-04:00,7684.0,7684.25,7683.25,7684.0,72
2026-08-25 03:42:00-04:00,7683.75,7684.5,7683.75,7684.5,58
2026-08-25 03:43:00-04:00,7684.5,7686.25,7684.5,7686.0,217
2026-08-25 03:44:00-04:00,7686.0,7686.5,7685.5,7685.5,98
2026-08-25 03:45:00-04:00,7686.0,7686.0,7685.0,7685.0,119
2026-08-25 03:46:00-04:00,7685.0,7685.75,7685.0,7685.25,90
2026-08-25 03:47:00-04:00,7685.25,7686.0,7684.25,7684.5,202
2026-08-25 03:48:00-04:00,7684.75,7685.5,7684.75,7685.0,52
2026-08-25 03:49:00-04:00,7684.75,7684.75,7682.75,7683.75,202
2026-08-25 03:50:00-04:00,7683.5,7683.5,7682.75,7683.0,105
2026-08-25 03:51:00-04:00,7682.75,7683.75,7682.75,7682.75,150
2026-08-25 03:52:00-04:00,7682.75,7683.0,7682.25,7682.25,115
2026-08-25 03:53:00-04:00,7682.5,7682.75,7681.75,7682.0,183
2026-08-25 03:54:00-04:00,7682.0,7682.25,7681.5,7681.75,195
2026-08-25 03:55:00-04:00,7681.75,7683.0,7681.75,7683.0,174
2026-08-25 03:56:00-04:00,7683.0,7683.0,7682.5,7682.5,102
2026-08-25 03:57:00-04:00,7682.75,7683.75,7682.75,7683.75,149
2026-08-25 03:58:00-04:00,7683.75,7684.0,7683.25,7683.75,71
2026-08-25 03:59:00-04:00,7683.5,7683.5,7682.75,7682.75,76
2026-08-25 04:00:00-04:00,7682.75,7685.25,7682.5,7684.25,411
2026-08-25 04:01:00-04:00,7684.5,7684.75,7683.75,7684.5,245
2026-08-25 04:02:00-04:00,7684.5,7685.0,7681.75,7682.0,294
2026-08-25 04:03:00-04:00,7682.25,7682.5,7681.5,7682.0,161
2026-08-25 04:04:00-04:00,7681.75,7681.75,7680.5,7681.25,310
2026-08-25 04:05:00-04:00,7681.5,7682.0,7681.25,7681.5,198
2026-08-25 04:06:00-04:00,7681.75,7682.25,7681.25,7682.0,131
2026-08-25 04:07:00-04:00,7682.0,7682.75,7681.75,7682.5,118
2026-08-25 04:08:00-04:00,7682.5,7683.25,7682.25,7682.5,114
2026-08-25 04:09:00-04:00,7682.75,7683.75,7682.25,7682.75,185
2026-08-25 04:10:00-04:00,7682.75,7682.75,7682.0,7682.25,129
2026-08-25 04:11:00-04:00,7682.5,7682.5,7681.0,7681.0,106
2026-08-25 04:12:00-04:00,7681.25,7682.25,7681.0,7682.25,116
2026-08-25 04:13:00-04:00,7682.0,7682.25,7681.75,7682.25,100
2026-08-25 04:14:00-04:00,7682.25,7682.25,7681.25,7681.5,104
2026-08-25 04:15:00-04:00,7681.5,7683.5,7681.5,7683.0,106
2026-08-25 04:16:00-04:00,7683.25,7684.5,7683.25,7684.5,99
2026-08-25 04:17:00-04:00,7684.5,7685.25,7684.25,7684.5,231
2026-08-25 04:18:00-04:00,7684.75,7685.5,7684.75,7685.5,142
2026-08-25 04:19:00-04:00,7685.5,7685.75,7684.0,7684.25,126
2026-08-25 04:20:00-04:00,7684.25,7684.25,7683.75,7684.25,53
2026-08-25 04:21:00-04:00,7684.25,7686.5,7684.0,7686.25,183
2026-08-25 04:22:00-04:00,7686.25,7688.75,7686.0,7688.75,695
2026-08-25 04:23:00-04:00,7688.75,7695.25,7686.5,7692.75,2627
2026-08-25 04:24:00-04:00,7693.0,7699.75,7690.0,7698.75,2425
2026-08-25 04:25:00-04:00,7698.0,7698.25,7694.25,7694.25,988
2026-08-25 04:26:00-04:00,7694.0,7695.75,7692.5,7693.5,603
2026-08-25 04:27:00-04:00,7693.75,7694.0,7692.25,7692.75,375
2026-08-25 04:28:00-04:00,7692.5,7693.0,7691.25,7691.5,189
2026-08-25 04:29:00-04:00,7691.5,7692.0,7691.0,7691.5,484
2026-08-25 04:30:00-04:00,7691.75,7694.25,7691.5,7693.0,402
2026-08-25 04:31:00-04:00,7692.75,7692.75,7691.25,7692.75,279
2026-08-25 04:32:00-04:00,7692.75,7693.25,7692.0,7692.5,214
2026-08-25 04:33:00-04:00,7692.25,7692.5,7690.0,7690.0,392
2026-08-25 04:34:00-04:00,7690.0,7695.0,7690.0,7693.5,772
2026-08-25 04:35:00-04:00,7693.75,7693.75,7692.5,7693.5,219
2026-08-25 04:36:00-04:00,7693.25,7694.75,7693.25,7694.0,326
2026-08-25 04:37:00-04:00,7694.0,7694.25,7693.25,7693.25,168
2026-08-25 04:38:00-04:00,7693.25,7693.75,7690.5,7690.5,240
2026-08-25 04:39:00-04:00,7690.5,7690.5,7689.25,7689.75,316
2026-08-25 04:40:00-04:00,7690.0,7691.75,7690.0,7691.0,247
2026-08-25 04:41:00-04:00,7691.0,7691.0,7690.0,7690.75,115
2026-08-25 04:42:00-04:00,7690.5,7691.0,7690.25,7690.75,138
2026-08-25 04:43:00-04:00,7690.75,7691.75,7690.75,7691.5,128
2026-08-25 04:44:00-04:00,7691.5,7692.75,7691.5,7692.75,158
2026-08-25 04:45:00-04:00,7692.75,7694.5,7692.75,7693.75,240
2026-08-25 04:46:00-04:00,7694.0,7694.75,7693.75,7694.5,192
2026-08-25 04:47:00-04:00,7694.5,7695.25,7694.25,7695.25,225
2026-08-25 04:48:00-04:00,7695.0,7695.25,7693.75,7694.25,268
2026-08-25 04:49:00-04:00,7694.25,7695.0,7694.0,7694.75,174
2026-08-25 04:50:00-04:00,7694.75,7697.0,7694.75,7697.0,448
2026-08-25 04:51:00-04:00,7696.75,7697.0,7695.0,7695.5,259
2026-08-25 04:52:00-04:00,7695.5,7696.0,7694.5,7695.5,229
2026-08-25 04:53:00-04:00,7695.5,7695.5,7694.5,7694.75,56
2026-08-25 04:54:00-04:00,7694.75,7695.0,7694.5,7694.5,75
2026-08-25 04:55:00-04:00,7694.5,7694.5,7694.0,7694.0,97
2026-08-25 04:56:00-04:00,7694.0,7694.75,7693.5,7694.75,98
2026-08-25 04:57:00-04:00,7695.0,7695.25,7694.75,7695.0,103
2026-08-25 04:58:00-04:00,7695.0,7696.75,7695.0,7696.25,336
2026-08-25 04:59:00-04:00,7696.25,7697.25,7696.0,7697.0,227
2026-08-25 05:00:00-04:00,7697.0,7697.25,7695.75,7697.0,244
2026-08-25 05:01:00-04:00,7697.0,7697.0,7695.75,7695.75,173
2026-08-25 05:02:00-04:00,7695.75,7696.75,7695.0,7696.75,321
2026-08-25 05:03:00-04:00,7696.0,7696.0,7694.5,7695.5,212
2026-08-25 05:04:00-04:00,7695.25,7697.25,7695.25,7697.25,176
2026-08-25 05:05:00-04:00,7697.25,7697.5,7696.0,7697.5,98
2026-08-25 05:06:00-04:00,7697.5,7698.75,7697.5,7698.0,294
2026-08-25 05:07:00-04:00,7698.0,7699.5,7697.5,7699.0,571
2026-08-25 05:08:00-04:00,7699.0,7699.25,7698.0,7698.0,186
2026-08-25 05:09:00-04:00,7698.25,7698.25,7697.5,7698.0,112
2026-08-25 05:10:00-04:00,7698.0,7698.25,7697.75,7698.0,186
2026-08-25 05:11:00-04:00,7698.25,7699.5,7698.0,7698.75,206
2026-08-25 05:12:00-04:00,7698.75,7699.0,7698.0,7698.75,181
2026-08-25 05:13:00-04:00,7698.75,7700.5,7698.75,7700.25,296
2026-08-25 05:14:00-04:00,7700.75,7700.75,7699.0,7699.0,210
2026-08-25 05:15:00-04:00,7699.0,7699.5,7698.75,7699.0,101
2026-08-25 05:16:00-04:00,7698.75,7699.5,7698.75,7699.25,161
2026-08-25 05:17:00-04:00,7699.25,7699.75,7698.75,7699.5,122
2026-08-25 05:18:00-04:00,7699.75,7700.25,7699.75,7699.75,234
2026-08-25 05:19:00-04:00,7699.75,7700.5,7699.25,7700.25,156
2026-08-25 05:20:00-04:00,7700.25,7700.5,7700.0,7700.5,201
2026-08-25 05:21:00-04:00,7700.25,7701.0,7699.5,7699.5,177
2026-08-25 05:22:00-04:00,7699.5,7700.0,7699.5,7699.75,109
2026-08-25 05:23:00-04:00,7699.75,7700.0,7699.5,7699.75,124
2026-08-25 05:24:00-04:00,7700.0,7700.5,7699.5,7699.5,284
2026-08-25 05:25:00-04:00,7699.5,7699.5,7698.0,7698.5,253
2026-08-25 05:26:00-04:00,7698.5,7698.5,7697.5,7698.5,189
2026-08-25 05:27:00-04:00,7698.5,7698.75,7697.5,7697.75,238
2026-08-25 05:28:00-04:00,7697.75,7699.0,7697.5,7698.5,237
2026-08-25 05:29:00-04:00,7698.5,7699.25,7698.5,7699.25,168
2026-08-25 05:30:00-04:00,7699.25,7699.5,7698.75,7699.25,131
2026-08-25 05:31:00-04:00,7699.25,7699.75,7699.25,7699.5,95
2026-08-25 05:32:00-04:00,7699.5,7701.25,7699.5,7700.75,272
2026-08-25 05:33:00-04:00,7701.0,7701.75,7700.5,7701.25,384
2026-08-25 05:34:00-04:00,7701.25,7709.5,7701.25,7708.25,3195
2026-08-25 05:35:00-04:00,7708.25,7708.75,7706.0,7706.25,1180
2026-08-25 05:36:00-04:00,7706.25,7708.0,7706.0,7706.25,530
2026-08-25 05:37:00-04:00,7706.0,7707.5,7704.75,7705.25,475
2026-08-25 05:38:00-04:00,7705.25,7705.5,7703.5,7705.25,482
2026-08-25 05:39:00-04:00,7705.0,7705.25,7703.5,7704.5,216
2026-08-25 05:40:00-04:00,7704.5,7706.5,7704.0,7706.5,250
2026-08-25 05:41:00-04:00,7706.25,7708.75,7706.25,7708.5,471
2026-08-25 05:42:00-04:00,7708.25,7708.25,7706.25,7707.0,425
2026-08-25 05:43:00-04:00,7707.25,7708.0,7706.25,7706.5,633
2026-08-25 05:44:00-04:00,7706.75,7706.75,7705.0,7705.25,363
2026-08-25 05:45:00-04:00,7705.25,7706.0,7704.5,7706.0,517
2026-08-25 05:46:00-04:00,7706.25,7707.75,7706.25,7707.75,305
2026-08-25 05:47:00-04:00,7707.5,7708.75,7706.0,7706.0,628
2026-08-25 05:48:00-04:00,7706.25,7707.75,7706.25,7707.75,225
2026-08-25 05:49:00-04:00,7707.5,7708.75,7707.5,7708.75,240
2026-08-25 05:50:00-04:00,7709.0,7710.0,7708.5,7709.0,397
2026-08-25 05:51:00-04:00,7709.25,7709.25,7708.75,7709.25,167
2026-08-25 05:52:00-04:00,7709.25,7710.25,7709.0,7710.0,388
2026-08-25 05:53:00-04:00,7710.0,7711.0,7710.0,7710.25,251
2026-08-25 05:54:00-04:00,7710.25,7711.0,7709.75,7710.5,416
2026-08-25 05:55:00-04:00,7710.75,7711.75,7710.5,7711.5,304
2026-08-25 05:56:00-04:00,7711.5,7711.75,7710.5,7710.5,171
2026-08-25 05:57:00-04:00,7710.25,7714.0,7709.75,7710.75,1403
2026-08-25 05:58:00-04:00,7710.5,7710.75,7708.75,7709.5,447
2026-08-25 05:59:00-04:00,7709.25,7710.0,7709.25,7709.5,125
2026-08-25 06:00:00-04:00,7709.25,7709.75,7708.75,7708.75,222
2026-08-25 06:01:00-04:00,7709.0,7709.0,7707.0,7707.25,233
2026-08-25 06:02:00-04:00,7707.25,7707.5,7706.0,7706.75,311
2026-08-25 06:03:00-04:00,7706.75,7706.75,7705.75,7705.75,194
2026-08-25 06:04:00-04:00,7706.0,7706.5,7705.0,7706.25,245
2026-08-25 06:05:00-04:00,7706.5,7707.75,7706.25,7707.75,298
2026-08-25 06:06:00-04:00,7707.75,7707.75,7706.5,7707.0,399
2026-08-25 06:07:00-04:00,7707.0,7707.25,7706.75,7707.25,209
2026-08-25 06:08:00-04:00,7707.25,7708.75,7707.0,7708.5,421
2026-08-25 06:09:00-04:00,7708.5,7710.0,7708.25,7709.75,201
2026-08-25 06:10:00-04:00,7709.75,7709.75,7708.75,7709.0,199
2026-08-25 06:11:00-04:00,7709.25,7710.0,7709.0,7709.0,286
2026-08-25 06:12:00-04:00,7709.0,7709.0,7708.0,7708.5,164
2026-08-25 06:13:00-04:00,7708.25,7708.25,7706.75,7707.0,189
2026-08-25 06:14:00-04:00,7707.25,7707.75,7707.0,7707.75,186
2026-08-25 06:15:00-04:00,7708.0,7708.0,7707.0,7707.0,115
2026-08-25 06:16:00-04:00,7707.25,7707.5,7706.25,7706.5,228
2026-08-25 06:17:00-04:00,7706.5,7706.5,7705.75,7706.0,150
2026-08-25 06:18:00-04:00,7706.25,7706.5,7705.25,7705.5,327
2026-08-25 06:19:00-04:00,7705.5,7706.25,7705.5,7706.0,171
2026-08-25 06:20:00-04:00,7706.0,7706.0,7705.0,7705.25,292
2026-08-25 06:21:00-04:00,7705.25,7705.75,7705.0,7705.75,445
2026-08-25 06:22:00-04:00,7706.0,7706.0,7705.0,7705.25,171
2026-08-25 06:23:00-04:00,7705.25,7705.5,7705.25,7705.5,206
2026-08-25 06:24:00-04:00,7705.5,7705.75,7705.0,7705.0,258
2026-08-25 06:25:00-04:00,7705.0,7705.0,7704.0,7704.5,280
2026-08-25 06:26:00-04:00,7704.5,7705.0,7704.5,7704.75,110
2026-08-25 06:27:00-04:00,7704.75,7704.75,7704.25,7704.5,238
2026-08-25 06:28:00-04:00,7704.5,7704.5,7704.0,7704.0,69
2026-08-25 06:29:00-04:00,7704.0,7704.25,7703.25,7703.5,227
2026-08-25 06:30:00-04:00,7703.75,7704.0,7703.5,7704.0,121
2026-08-25 06:31:00-04:00,7704.0,7704.5,7703.75,7703.75,267
2026-08-25 06:32:00-04:00,7703.75,7704.0,7703.0,7703.0,273
2026-08-25 06:33:00-04:00,7703.0,7703.0,7702.25,7703.0,205
2026-08-25 06:34:00-04:00,7702.75,7703.5,7702.5,7703.25,96
2026-08-25 06:35:00-04:00,7703.25,7703.25,7701.5,7702.75,355
2026-08-25 06:36:00-04:00,7702.75,7703.25,7702.75,7703.0,93
2026-08-25 06:37:00-04:00,7703.0,7703.5,7702.75,7702.75,130
2026-08-25 06:38:00-04:00,7702.75,7703.0,7702.75,7703.0,95
2026-08-25 06:39:00-04:00,7703.0,7703.0,7702.5,7702.75,120
2026-08-25 06:40:00-04:00,7702.75,7703.5,7702.5,7702.75,120
2026-08-25 06:41:00-04:00,7702.5,7703.0,7702.25,7702.5,72
2026-08-25 06:42:00-04:00,7702.5,7702.5,7701.75,7701.75,125
2026-08-25 06:43:00-04:00,7701.75,7701.75,7700.75,7700.75,298
2026-08-25 06:44:00-04:00,7700.75,7701.0,7700.25,7700.25,158
2026-08-25 06:45:00-04:00,7700.0,7701.5,7699.75,7701.25,265
2026-08-25 06:46:00-04:00,7701.25,7702.0,7701.0,7701.75,113
2026-08-25 06:47:00-04:00,7701.75,7702.5,7701.5,7701.75,88
2026-08-25 06:48:00-04:00,7702.0,7702.25,7701.5,7702.25,171
2026-08-25 06:49:00-04:00,7702.0,7702.25,7701.75,7702.0,139
2026-08-25 06:50:00-04:00,7702.25,7702.25,7701.75,7701.75,84
2026-08-25 06:51:00-04:00,7701.75,7702.5,7701.75,7702.0,144
2026-08-25 06:52:00-04:00,7702.0,7702.75,7702.0,7702.5,123
2026-08-25 06:53:00-04:00,7702.5,7703.0,7702.5,7703.0,186
2026-08-25 06:54:00-04:00,7703.0,7703.0,7702.0,7702.25,242
2026-08-25 06:55:00-04:00,7702.0,7702.0,7701.25,7701.5,181
2026-08-25 06:56:00-04:00,7701.5,7702.5,7701.5,7702.5,70
2026-08-25 06:57:00-04:00,7702.5,7702.5,7701.0,7701.25,90
2026-08-25 06:58:00-04:00,7701.25,7701.5,7701.0,7701.25,153
2026-08-25 06:59:00-04:00,7701.5,7702.25,7701.25,7702.0,108
2026-08-25 07:00:00-04:00,7702.0,7702.5,7700.75,7701.0,358
2026-08-25 07:01:00-04:00,7700.75,7700.75,7699.25,7699.75,555
2026-08-25 07:02:00-04:00,7699.75,7699.75,7698.75,7698.75,229
2026-08-25 07:03:00-04:00,7698.75,7699.25,7698.5,7699.0,355
2026-08-25 07:04:00-04:00,7698.75,7699.5,7698.75,7699.0,211
2026-08-25 07:05:00-04:00,7698.75,7698.75,7698.25,7698.25,211
2026-08-25 07:06:00-04:00,7698.25,7698.5,7697.75,7697.75,152
2026-08-25 07:07:00-04:00,7697.25,7698.0,7697.0,7697.75,278
2026-08-25 07:08:00-04:00,7697.75,7698.25,7697.75,7698.0,154
2026-08-25 07:09:00-04:00,7698.0,7698.25,7693.0,7697.0,1328
2026-08-25 07:10:00-04:00,7697.0,7698.75,7696.25,7698.75,438
2026-08-25 07:11:00-04:00,7698.75,7699.0,7697.25,7697.25,150
2026-08-25 07:12:00-04:00,7697.5,7698.25,7697.25,7698.25,137
2026-08-25 07:13:00-04:00,7698.0,7698.0,7696.5,7697.5,195
2026-08-25 07:14:00-04:00,7697.5,7698.5,7697.5,7698.5,132
2026-08-25 07:15:00-04:00,7698.5,7699.5,7698.5,7698.75,194
2026-08-25 07:16:00-04:00,7698.75,7698.75,7696.75,7697.0,496
2026-08-25 07:17:00-04:00,7697.0,7697.75,7696.75,7697.25,203
2026-08-25 07:18:00-04:00,7697.0,7697.75,7696.5,7697.5,245
2026-08-25 07:19:00-04:00,7697.5,7698.0,7697.25,7697.75,117
2026-08-25 07:20:00-04:00,7698.0,7699.75,7697.75,7699.25,282
2026-08-25 07:21:00-04:00,7699.0,7699.25,7698.5,7698.75,170
2026-08-25 07:22:00-04:00,7698.5,7699.0,7697.75,7698.0,214
2026-08-25 07:23:00-04:00,7698.25,7699.75,7698.25,7699.75,220
2026-08-25 07:24:00-04:00,7699.5,7700.75,7699.25,7699.5,353
2026-08-25 07:25:00-04:00,7699.75,7699.75,7698.75,7698.75,120
2026-08-25 07:26:00-04:00,7699.0,7699.0,7696.75,7698.5,406
2026-08-25 07:27:00-04:00,7698.25,7698.25,7697.5,7697.75,105
2026-08-25 07:28:00-04:00,7697.75,7698.25,7697.75,7698.25,57
2026-08-25 07:29:00-04:00,7698.5,7699.0,7698.25,7698.75,155
2026-08-25 07:30:00-04:00,7699.0,7700.75,7698.75,7700.5,315
2026-08-25 07:31:00-04:00,7700.5,7701.0,7699.75,7700.25,231
2026-08-25 07:32:00-04:00,7700.0,7700.25,7699.25,7699.25,102
2026-08-25 07:33:00-04:00,7699.0,7699.75,7698.75,7699.25,165
2026-08-25 07:34:00-04:00,7699.25,7699.75,7698.5,7698.75,168
2026-08-25 07:35:00-04:00,7698.75,7700.25,7698.5,7700.25,347
2026-08-25 07:36:00-04:00,7700.0,7700.25,7699.25,7699.75,225
2026-08-25 07:37:00-04:00,7700.0,7700.25,7699.75,7699.75,97
2026-08-25 07:38:00-04:00,7699.75,7701.75,7699.75,7701.0,325
2026-08-25 07:39:00-04:00,7701.0,7701.5,7700.5,7701.5,237
2026-08-25 07:40:00-04:00,7701.75,7702.5,7701.5,7702.0,514
2026-08-25 07:41:00-04:00,7702.25,7703.25,7702.0,7702.25,257
2026-08-25 07:42:00-04:00,7702.5,7702.5,7700.75,7700.75,245
2026-08-25 07:43:00-04:00,7700.75,7701.5,7700.75,7701.25,126
2026-08-25 07:44:00-04:00,7701.25,7701.75,7701.0,7701.5,127
2026-08-25 07:45:00-04:00,7701.75,7702.5,7701.5,7702.25,183
2026-08-25 07:46:00-04:00,7702.25,7703.25,7702.0,7703.0,273
2026-08-25 07:47:00-04:00,7703.0,7704.25,7703.0,7704.0,201
2026-08-25 07:48:00-04:00,7704.0,7704.5,7703.5,7704.25,204
2026-08-25 07:49:00-04:00,7704.25,7704.75,7704.25,7704.5,117
2026-08-25 07:50:00-04:00,7704.75,7706.5,7704.25,7706.0,432
2026-08-25 07:51:00-04:00,7706.0,7706.0,7704.75,7704.75,915
2026-08-25 07:52:00-04:00,7704.5,7705.5,7704.0,7704.0,283
2026-08-25 07:53:00-04:00,7704.0,7704.25,7703.25,7703.25,323
2026-08-25 07:54:00-04:00,7703.25,7704.5,7703.0,7703.5,456
2026-08-25 07:55:00-04:00,7703.75,7703.75,7703.0,7703.5,165
2026-08-25 07:56:00-04:00,7703.75,7704.25,7703.5,7703.75,154
2026-08-25 07:57:00-04:00,7704.0,7704.0,7703.0,7704.0,198
2026-08-25 07:58:00-04:00,7704.25,7704.25,7703.75,7703.75,147
2026-08-25 07:59:00-04:00,7703.75,7704.75,7703.25,7704.75,224
2026-08-25 08:00:00-04:00,7704.75,7705.5,7704.25,7704.25,378
2026-08-25 08:01:00-04:00,7704.5,7704.75,7703.5,7704.0,502
2026-08-25 08:02:00-04:00,7704.0,7704.5,7703.25,7703.25,265
2026-08-25 08:03:00-04:00,7703.25,7703.25,7701.25,7703.25,474
2026-08-25 08:04:00-04:00,7703.25,7704.75,7703.0,7704.5,212
2026-08-25 08:05:00-04:00,7704.5,7704.5,7703.25,7703.75,170
2026-08-25 08:06:00-04:00,7703.5,7704.25,7703.25,7703.5,302
2026-08-25 08:07:00-04:00,7703.5,7704.0,7703.0,7703.75,261
2026-08-25 08:08:00-04:00,7703.5,7705.5,7703.5,7705.0,663
2026-08-25 08:09:00-04:00,7704.75,7705.25,7704.5,7705.25,299
2026-08-25 08:10:00-04:00,7705.0,7705.5,7704.5,7705.0,263
2026-08-25 08:11:00-04:00,7705.0,7705.0,7704.25,7704.75,222
2026-08-25 08:12:00-04:00,7705.0,7705.0,7701.5,7704.0,716
2026-08-25 08:13:00-04:00,7704.0,7704.0,7703.5,7703.75,247
2026-08-25 08:14:00-04:00,7703.75,7704.5,7703.75,7704.0,100
2026-08-25 08:15:00-04:00,7704.25,7704.75,7703.75,7704.25,194
2026-08-25 08:16:00-04:00,7704.5,7704.75,7704.25,7704.25,211
2026-08-25 08:17:00-04:00,7704.5,7706.5,7704.5,7706.5,249
2026-08-25 08:18:00-04:00,7706.5,7709.0,7705.25,7707.25,1335
2026-08-25 08:19:00-04:00,7707.25,7707.5,7706.75,7706.75,145
2026-08-25 08:20:00-04:00,7707.0,7707.0,7704.5,7704.5,253
2026-08-25 08:21:00-04:00,7704.5,7704.75,7703.25,7703.75,556
2026-08-25 08:22:00-04:00,7704.0,7704.5,7703.75,7704.25,207
2026-08-25 08:23:00-04:00,7704.0,7704.5,7703.5,7703.75,317
2026-08-25 08:24:00-04:00,7704.0,7704.5,7704.0,7704.5,163
2026-08-25 08:25:00-04:00,7704.75,7705.5,7704.75,7705.5,354
2026-08-25 08:26:00-04:00,7705.5,7706.0,7704.5,7705.75,369
2026-08-25 08:27:00-04:00,7705.5,7705.5,7705.0,7705.25,103
2026-08-25 08:28:00-04:00,7705.0,7705.75,7705.0,7705.5,205
2026-08-25 08:29:00-04:00,7705.25,7705.5,7705.0,7705.25,104
2026-08-25 08:30:00-04:00,7705.25,7705.25,7703.0,7703.25,446
2026-08-25 08:31:00-04:00,7703.5,7703.75,7701.25,7701.25,477
2026-08-25 08:32:00-04:00,7701.25,7701.5,7700.25,7701.0,529
2026-08-25 08:33:00-04:00,7701.0,7701.0,7700.25,7700.75,447
2026-08-25 08:34:00-04:00,7700.5,7700.75,7698.0,7699.25,1385
2026-08-25 08:35:00-04:00,7699.25,7699.25,7698.0,7698.25,649
2026-08-25 08:36:00-04:00,7698.25,7699.0,7697.25,7697.25,911
2026-08-25 08:37:00-04:00,7697.25,7697.75,7695.75,7696.25,774
2026-08-25 08:38:00-04:00,7696.25,7696.75,7695.75,7696.25,397
2026-08-25 08:39:00-04:00,7696.25,7696.5,7695.25,7695.75,367
2026-08-25 08:40:00-04:00,7695.5,7695.75,7694.75,7695.75,445
2026-08-25 08:41:00-04:00,7695.75,7696.75,7695.5,7696.25,440
2026-08-25 08:42:00-04:00,7696.5,7697.25,7696.25,7697.0,383
2026-08-25 08:43:00-04:00,7697.0,7698.0,7696.75,7697.75,273
2026-08-25 08:44:00-04:00,7698.0,7698.25,7696.75,7697.5,436
2026-08-25 08:45:00-04:00,7697.25,7697.75,7696.75,7696.75,212
2026-08-25 08:46:00-04:00,7696.75,7697.25,7696.5,7696.75,227
2026-08-25 08:47:00-04:00,7696.75,7697.25,7696.5,7696.5,260
2026-08-25 08:48:00-04:00,7697.0,7697.75,7696.75,7697.0,240
2026-08-25 08:49:00-04:00,7697.0,7697.5,7696.75,7697.5,135
2026-08-25 08:50:00-04:00,7697.5,7699.5,7697.5,7699.5,497
2026-08-25 08:51:00-04:00,7699.25,7700.0,7698.75,7698.75,234
2026-08-25 08:52:00-04:00,7699.0,7699.75,7698.0,7699.75,344
2026-08-25 08:53:00-04:00,7700.0,7701.5,7698.25,7698.75,871
2026-08-25 08:54:00-04:00,7698.75,7699.0,7698.5,7698.75,129
2026-08-25 08:55:00-04:00,7698.75,7699.0,7698.5,7698.75,147
2026-08-25 08:56:00-04:00,7698.5,7699.0,7698.25,7698.75,233
2026-08-25 08:57:00-04:00,7698.75,7699.0,7698.25,7698.25,201
2026-08-25 08:58:00-04:00,7698.25,7698.25,7697.0,7697.25,438
2026-08-25 08:59:00-04:00,7697.5,7698.5,7697.25,7698.0,151
2026-08-25 09:00:00-04:00,7697.75,7699.75,7697.75,7698.0,765
2026-08-25 09:01:00-04:00,7697.75,7698.5,7697.5,7697.5,616
2026-08-25 09:02:00-04:00,7697.5,7697.5,7696.5,7697.25,545
2026-08-25 09:03:00-04:00,7697.25,7697.75,7696.5,7697.75,358
2026-08-25 09:04:00-04:00,7697.75,7698.0,7697.25,7697.5,346
2026-08-25 09:05:00-04:00,7697.75,7697.75,7697.0,7697.5,379
2026-08-25 09:06:00-04:00,7697.5,7698.5,7697.0,7697.0,429
2026-08-25 09:07:00-04:00,7697.0,7698.5,7696.5,7697.75,404
2026-08-25 09:08:00-04:00,7697.75,7697.75,7695.5,7696.0,782
2026-08-25 09:09:00-04:00,7696.0,7697.5,7696.0,7697.0,295
2026-08-25 09:10:00-04:00,7697.25,7699.0,7697.0,7699.0,540
2026-08-25 09:11:00-04:00,7699.0,7700.0,7697.25,7698.75,1462
2026-08-25 09:12:00-04:00,7698.75,7700.25,7698.25,7699.25,685
2026-08-25 09:13:00-04:00,7699.5,7700.25,7698.25,7700.0,543
2026-08-25 09:14:00-04:00,7700.0,7700.0,7697.75,7698.25,452
2026-08-25 09:15:00-04:00,7698.25,7698.5,7697.0,7697.25,478
2026-08-25 09:16:00-04:00,7697.0,7698.75,7697.0,7697.75,434
2026-08-25 09:17:00-04:00,7697.5,7700.0,7697.5,7699.75,1266
2026-08-25 09:18:00-04:00,7699.75,7701.25,7699.25,7700.0,877
2026-08-25 09:19:00-04:00,7699.75,7700.25,7699.0,7699.25,387
2026-08-25 09:20:00-04:00,7699.0,7699.5,7698.0,7698.5,658
2026-08-25 09:21:00-04:00,7698.5,7698.75,7697.25,7697.75,303
2026-08-25 09:22:00-04:00,7697.75,7697.75,7696.5,7697.0,320
2026-08-25 09:23:00-04:00,7697.0,7697.75,7696.75,7697.5,343
2026-08-25 09:24:00-04:00,7697.5,7697.75,7696.75,7696.75,342
2026-08-25 09:25:00-04:00,7697.25,7700.0,7697.0,7699.5,1050
2026-08-25 09:26:00-04:00,7699.5,7700.0,7699.25,7699.75,305
2026-08-25 09:27:00-04:00,7700.0,7700.25,7697.75,7698.0,1063
2026-08-25 09:28:00-04:00,7698.0,7698.25,7696.75,7696.75,838
2026-08-25 09:29:00-04:00,7696.75,7697.25,7694.75,7694.75,1498
2026-08-25 09:30:00-04:00,7695.0,7697.75,7692.5,7696.0,9002
2026-08-25 09:31:00-04:00,7696.25,7698.5,7692.75,7695.5,5822
2026-08-25 09:32:00-04:00,7695.5,7700.0,7695.0,7697.0,4704
2026-08-25 09:33:00-04:00,7696.75,7700.25,7694.75,7700.0,3821
2026-08-25 09:34:00-04:00,7700.0,7701.25,7698.0,7700.25,3899
2026-08-25 09:35:00-04:00,7700.0,7700.5,7697.25,7697.75,4653
2026-08-25 09:36:00-04:00,7697.75,7699.25,7695.25,7696.25,3298
2026-08-25 09:37:00-04:00,7695.75,7699.75,7695.5,7699.0,2731
2026-08-25 09:38:00-04:00,7699.0,7699.5,7695.0,7695.25,2592
2026-08-25 09:39:00-04:00,7695.5,7697.75,7694.5,7694.75,3044
2026-08-25 09:40:00-04:00,7695.0,7697.75,7694.25,7697.0,4021
2026-08-25 09:41:00-04:00,7697.0,7699.75,7696.25,7697.5,3166
2026-08-25 09:42:00-04:00,7697.25,7698.5,7695.0,7696.0,2926
2026-08-25 09:43:00-04:00,7695.75,7696.0,7692.0,7694.0,4309
2026-08-25 09:44:00-04:00,7693.75,7695.75,7693.75,7694.75,3095
2026-08-25 09:45:00-04:00,7694.75,7698.5,7694.5,7695.5,4221
2026-08-25 09:46:00-04:00,7695.5,7698.5,7694.5,7697.5,2846
2026-08-25 09:47:00-04:00,7697.5,7697.5,7695.25,7697.25,2720
2026-08-25 09:48:00-04:00,7697.25,7700.0,7696.25,7700.0,2641
2026-08-25 09:49:00-04:00,7699.75,7700.5,7697.75,7697.75,2836
2026-08-25 09:50:00-04:00,7698.25,7698.75,7695.0,7695.5,3775
2026-08-25 09:51:00-04:00,7695.5,7696.5,7694.5,7695.75,2358
2026-08-25 09:52:00-04:00,7695.75,7696.25,7693.25,7694.75,2651
2026-08-25 09:53:00-04:00,7694.5,7695.5,7693.75,7695.0,2013
2026-08-25 09:54:00-04:00,7695.0,7696.0,7693.25,7693.25,1854
2026-08-25 09:55:00-04:00,7693.5,7694.0,7690.5,7691.25,3306
2026-08-25 09:56:00-04:00,7691.0,7692.0,7689.5,7691.5,3399
2026-08-25 09:57:00-04:00,7691.25,7692.25,7689.5,7690.0,4760
2026-08-25 09:58:00-04:00,7689.75,7690.25,7688.25,7689.5,2527
2026-08-25 09:59:00-04:00,7689.5,7690.25,7688.0,7690.0,1881
2026-08-25 10:00:00-04:00,7690.0,7690.5,7687.0,7689.75,3845
2026-08-25 10:01:00-04:00,7689.5,7690.75,7688.0,7690.25,2952
2026-08-25 10:02:00-04:00,7690.25,7691.25,7686.75,7688.0,4941
2026-08-25 10:03:00-04:00,7688.0,7689.5,7687.0,7687.5,3001
2026-08-25 10:04:00-04:00,7687.5,7688.25,7685.5,7687.75,3541
2026-08-25 10:05:00-04:00,7687.75,7689.0,7687.0,7687.75,3077
2026-08-25 10:06:00-04:00,7688.0,7688.25,7685.5,7685.75,2545
2026-08-25 10:07:00-04:00,7685.75,7687.25,7684.5,7685.25,2270
2026-08-25 10:08:00-04:00,7685.25,7686.75,7684.5,7685.25,2334
2026-08-25 10:09:00-04:00,7685.5,7686.75,7684.75,7686.5,1903
2026-08-25 10:10:00-04:00,7686.5,7688.25,7686.0,7686.75,2844
2026-08-25 10:11:00-04:00,7687.0,7687.25,7684.75,7685.0,2131
2026-08-25 10:12:00-04:00,7685.25,7687.0,7685.0,7686.75,1863
2026-08-25 10:13:00-04:00,7686.75,7687.0,7684.5,7686.25,1961
2026-08-25 10:14:00-04:00,7686.25,7686.75,7684.0,7684.75,1730
2026-08-25 10:15:00-04:00,7684.75,7686.5,7683.5,7686.5,2543
2026-08-25 10:16:00-04:00,7686.5,7688.0,7686.25,7686.5,2398
2026-08-25 10:17:00-04:00,7686.5,7686.5,7685.0,7686.25,1515
2026-08-25 10:18:00-04:00,7686.25,7688.5,7685.75,7688.25,2461
2026-08-25 10:19:00-04:00,7688.0,7689.5,7686.5,7687.25,3352
2026-08-25 10:20:00-04:00,7687.25,7688.0,7686.0,7687.0,2265
2026-08-25 10:21:00-04:00,7687.0,7687.0,7684.5,7684.5,2335
2026-08-25 10:22:00-04:00,7684.5,7685.25,7682.75,7683.0,3059
2026-08-25 10:23:00-04:00,7683.0,7684.0,7681.5,7682.0,3564
2026-08-25 10:24:00-04:00,7681.75,7684.5,7681.25,7684.25,2892
2026-08-25 10:25:00-04:00,7684.25,7685.0,7682.75,7683.25,2544
2026-08-25 10:26:00-04:00,7683.0,7684.5,7682.25,7684.0,1982
2026-08-25 10:27:00-04:00,7684.0,7684.5,7683.0,7683.25,1869
2026-08-25 10:28:00-04:00,7683.25,7683.5,7682.0,7682.0,1670
2026-08-25 10:29:00-04:00,7682.25,7682.5,7680.0,7680.25,2547
2026-08-25 10:30:00-04:00,7680.0,7680.25,7663.25,7676.5,18282
2026-08-25 10:31:00-04:00,7676.75,7679.5,7676.25,7679.0,5887
2026-08-25 10:32:00-04:00,7679.0,7682.0,7678.5,7680.0,5081
2026-08-25 10:33:00-04:00,7679.75,7681.0,7678.5,7680.5,2837
2026-08-25 10:34:00-04:00,7680.5,7680.75,7676.0,7676.5,2794
2026-08-25 10:35:00-04:00,7676.5,7679.25,7675.75,7677.5,2594
2026-08-25 10:36:00-04:00,7677.25,7680.75,7677.25,7680.5,2339
2026-08-25 10:37:00-04:00,7680.25,7680.75,7679.5,7680.5,1074
2026-08-25 10:38:00-04:00,7680.5,7681.5,7679.75,7681.25,1627
2026-08-25 10:39:00-04:00,7681.25,7683.75,7681.25,7683.25,2478
2026-08-25 10:40:00-04:00,7683.25,7683.25,7680.25,7680.25,2102
2026-08-25 10:41:00-04:00,7680.5,7681.0,7678.0,7678.5,1945
2026-08-25 10:42:00-04:00,7678.75,7679.0,7675.5,7676.0,2905
2026-08-25 10:43:00-04:00,7676.0,7677.25,7674.5,7676.0,2855
2026-08-25 10:44:00-04:00,7676.0,7677.0,7674.75,7676.5,2240
2026-08-25 10:45:00-04:00,7676.0,7676.5,7674.5,7675.5,2257
2026-08-25 10:46:00-04:00,7675.5,7678.0,7675.0,7675.75,2709
2026-08-25 10:47:00-04:00,7675.75,7677.0,7675.5,7676.25,2291
2026-08-25 10:48:00-04:00,7676.25,7676.75,7675.0,7675.25,1502
2026-08-25 10:49:00-04:00,7675.25,7676.5,7674.75,7675.5,2062
2026-08-25 10:50:00-04:00,7675.25,7675.5,7673.25,7675.5,2238
2026-08-25 10:51:00-04:00,7675.5,7677.5,7674.25,7677.5,1844
2026-08-25 10:52:00-04:00,7677.0,7679.25,7677.0,7679.0,1848
2026-08-25 10:53:00-04:00,7679.0,7681.25,7678.75,7680.75,1848
2026-08-25 10:54:00-04:00,7680.75,7681.25,7679.75,7680.0,1735
2026-08-25 10:55:00-04:00,7679.5,7680.75,7679.0,7679.75,2068
2026-08-25 10:56:00-04:00,7679.75,7680.5,7677.75,7678.75,2118
2026-08-25 10:57:00-04:00,7678.75,7681.25,7678.0,7681.25,1792
2026-08-25 10:58:00-04:00,7681.25,7681.5,7679.75,7680.75,2089
2026-08-25 10:59:00-04:00,7680.75,7681.75,7679.75,7680.25,2091
2026-08-25 11:00:00-04:00,7680.0,7681.0,7677.5,7679.0,2868
2026-08-25 11:01:00-04:00,7679.0,7680.75,7678.5,7678.5,2131
2026-08-25 11:02:00-04:00,7678.5,7679.75,7677.5,7679.0,1830
2026-08-25 11:03:00-04:00,7679.0,7679.25,7676.25,7676.75,1771
2026-08-25 11:04:00-04:00,7676.75,7679.0,7676.25,7677.5,2463
2026-08-25 11:05:00-04:00,7677.5,7679.25,7677.25,7679.0,1166
2026-08-25 11:06:00-04:00,7679.5,7679.5,7677.25,7678.25,1681
2026-08-25 11:07:00-04:00,7678.25,7681.0,7678.25,7678.75,1765
2026-08-25 11:08:00-04:00,7679.0,7679.5,7678.25,7679.5,1112
2026-08-25 11:09:00-04:00,7679.5,7680.0,7678.5,7679.0,1283
2026-08-25 11:10:00-04:00,7679.0,7679.75,7677.75,7679.25,1352
2026-08-25 11:11:00-04:00,7679.25,7681.0,7679.0,7680.75,1185
2026-08-25 11:12:00-04:00,7680.75,7681.0,7678.25,7678.75,1327
2026-08-25 11:13:00-04:00,7678.5,7679.25,7676.75,7677.0,1467
2026-08-25 11:14:00-04:00,7677.25,7679.25,7677.25,7678.75,1314
2026-08-25 11:15:00-04:00,7679.0,7680.5,7677.75,7680.5,1537
2026-08-25 11:16:00-04:00,7680.25,7681.25,7680.0,7680.5,1327
2026-08-25 11:17:00-04:00,7680.75,7681.5,7680.75,7681.0,1022
2026-08-25 11:18:00-04:00,7681.0,7681.5,7679.25,7679.5,1394
2026-08-25 11:19:00-04:00,7679.5,7682.5,7679.25,7682.25,1152
2026-08-25 11:20:00-04:00,7682.25,7683.75,7682.0,7683.5,2025
2026-08-25 11:21:00-04:00,7683.75,7684.75,7683.5,7684.5,2321
2026-08-25 11:22:00-04:00,7684.5,7684.75,7683.5,7683.75,1213
2026-08-25 11:23:00-04:00,7683.75,7684.0,7679.75,7680.75,2713
2026-08-25 11:24:00-04:00,7680.75,7682.25,7680.5,7680.75,1507
2026-08-25 11:25:00-04:00,7681.0,7681.5,7679.5,7681.0,1301
2026-08-25 11:26:00-04:00,7681.0,7681.5,7680.5,7681.25,1345
2026-08-25 11:27:00-04:00,7681.25,7684.0,7680.5,7684.0,1617
2026-08-25 11:28:00-04:00,7684.25,7686.25,7683.75,7685.75,2313
2026-08-25 11:29:00-04:00,7685.75,7687.0,7685.25,7686.0,2370
2026-08-25 11:30:00-04:00,7686.25,7686.75,7685.5,7686.0,3035
2026-08-25 11:31:00-04:00,7686.0,7687.0,7685.5,7685.75,2292
2026-08-25 11:32:00-04:00,7686.0,7686.0,7684.5,7685.0,1973
2026-08-25 11:33:00-04:00,7684.75,7691.0,7683.5,7688.25,6103
2026-08-25 11:34:00-04:00,7688.25,7688.5,7683.5,7684.0,3922
2026-08-25 11:35:00-04:00,7684.0,7690.25,7683.75,7686.25,11019
2026-08-25 11:36:00-04:00,7686.25,7686.75,7685.0,7685.75,1469
2026-08-25 11:37:00-04:00,7685.5,7686.0,7684.5,7685.0,1263
2026-08-25 11:38:00-04:00,7685.0,7686.0,7684.25,7685.75,1048
2026-08-25 11:39:00-04:00,7685.75,7685.75,7683.75,7684.0,1163
2026-08-25 11:40:00-04:00,7684.25,7685.5,7683.5,7684.0,1232
2026-08-25 11:41:00-04:00,7683.75,7684.0,7682.0,7682.75,1861
2026-08-25 11:42:00-04:00,7683.0,7684.75,7682.25,7683.25,1322
2026-08-25 11:43:00-04:00,7683.5,7684.5,7683.25,7684.0,935
2026-08-25 11:44:00-04:00,7684.0,7685.25,7683.75,7685.0,1039
2026-08-25 11:45:00-04:00,7685.0,7685.25,7682.75,7683.25,1265
2026-08-25 11:46:00-04:00,7683.25,7683.25,7681.75,7682.5,2231
2026-08-25 11:47:00-04:00,7682.25,7683.25,7680.5,7680.75,1674
2026-08-25 11:48:00-04:00,7680.75,7681.0,7679.25,7679.5,1672
2026-08-25 11:49:00-04:00,7679.5,7680.25,7679.0,7680.0,1504
2026-08-25 11:50:00-04:00,7680.0,7681.5,7679.0,7681.0,1806
2026-08-25 11:51:00-04:00,7681.25,7682.0,7680.5,7681.75,1213
2026-08-25 11:52:00-04:00,7681.5,7683.0,7680.75,7681.75,1338
2026-08-25 11:53:00-04:00,7682.0,7684.5,7681.75,7684.5,1379
2026-08-25 11:54:00-04:00,7684.5,7686.25,7684.25,7685.25,1434
2026-08-25 11:55:00-04:00,7685.25,7686.75,7685.0,7686.5,1392
2026-08-25 11:56:00-04:00,7686.5,7687.75,7686.25,7687.5,3622
2026-08-25 11:57:00-04:00,7687.5,7688.0,7687.0,7687.75,1264
2026-08-25 11:58:00-04:00,7688.0,7689.25,7687.5,7688.75,3394
2026-08-25 11:59:00-04:00,7689.0,7689.0,7687.0,7687.75,1846
2026-08-25 12:00:00-04:00,7687.75,7688.75,7687.25,7688.5,1559
2026-08-25 12:01:00-04:00,7688.5,7688.5,7687.5,7688.0,1607
2026-08-25 12:02:00-04:00,7688.0,7690.5,7688.0,7689.75,3405
2026-08-25 12:03:00-04:00,7690.0,7691.5,7689.75,7691.25,2071
2026-08-25 12:04:00-04:00,7691.25,7691.25,7688.25,7688.75,1868
2026-08-25 12:05:00-04:00,7689.0,7689.5,7687.75,7687.75,1572
2026-08-25 12:06:00-04:00,7688.0,7689.5,7688.0,7688.5,1030
2026-08-25 12:07:00-04:00,7688.5,7689.25,7688.25,7688.25,961
2026-08-25 12:08:00-04:00,7688.5,7689.0,7687.5,7687.75,857
2026-08-25 12:09:00-04:00,7687.75,7687.75,7686.5,7686.5,1698
2026-08-25 12:10:00-04:00,7686.75,7688.5,7686.5,7688.5,1812
2026-08-25 12:11:00-04:00,7688.75,7689.0,7687.25,7687.75,1054
2026-08-25 12:12:00-04:00,7687.5,7687.75,7686.25,7687.25,892
2026-08-25 12:13:00-04:00,7687.25,7687.5,7686.25,7687.5,985
2026-08-25 12:14:00-04:00,7687.5,7688.5,7687.25,7688.5,918
2026-08-25 12:15:00-04:00,7688.25,7688.75,7687.25,7688.0,804
2026-08-25 12:16:00-04:00,7688.0,7689.0,7687.75,7688.5,934
2026-08-25 12:17:00-04:00,7688.5,7688.5,7687.5,7687.75,704
2026-08-25 12:18:00-04:00,7687.75,7689.0,7687.75,7688.5,818
2026-08-25 12:19:00-04:00,7688.5,7688.75,7687.75,7688.25,617
2026-08-25 12:20:00-04:00,7688.25,7688.25,7687.0,7687.75,731
2026-08-25 12:21:00-04:00,7687.75,7688.0,7687.0,7688.0,454
2026-08-25 12:22:00-04:00,7687.75,7689.25,7687.75,7688.5,822
2026-08-25 12:23:00-04:00,7688.5,7689.25,7688.25,7689.0,887
2026-08-25 12:24:00-04:00,7689.0,7689.5,7688.75,7689.25,1364
2026-08-25 12:25:00-04:00,7689.25,7690.0,7689.0,7689.75,1089
2026-08-25 12:26:00-04:00,7689.5,7689.5,7688.5,7688.75,2208
2026-08-25 12:27:00-04:00,7689.0,7690.5,7688.75,7690.5,897
2026-08-25 12:28:00-04:00,7690.5,7691.5,7689.75,7689.75,3063
2026-08-25 12:29:00-04:00,7689.75,7690.75,7689.5,7690.75,1366
2026-08-25 12:30:00-04:00,7690.75,7691.25,7690.25,7691.25,1504
2026-08-25 12:31:00-04:00,7691.25,7691.75,7690.75,7691.0,1180
2026-08-25 12:32:00-04:00,7691.0,7691.5,7690.75,7691.5,722
2026-08-25 12:33:00-04:00,7691.5,7691.5,7690.5,7690.5,730
2026-08-25 12:34:00-04:00,7690.75,7690.75,7689.75,7690.5,1312
2026-08-25 12:35:00-04:00,7690.75,7691.0,7689.0,7689.5,1237
2026-08-25 12:36:00-04:00,7689.5,7689.75,7689.0,7689.25,1009
2026-08-25 12:37:00-04:00,7689.5,7690.75,7689.25,7690.25,903
2026-08-25 12:38:00-04:00,7690.0,7692.25,7690.0,7692.25,1155
2026-08-25 12:39:00-04:00,7692.5,7692.75,7691.5,7692.25,1201
2026-08-25 12:40:00-04:00,7692.0,7692.25,7691.0,7691.5,876
2026-08-25 12:41:00-04:00,7691.75,7692.0,7691.0,7691.25,753
2026-08-25 12:42:00-04:00,7691.25,7691.75,7691.0,7691.0,786
2026-08-25 12:43:00-04:00,7691.0,7691.0,7688.75,7688.75,1715
2026-08-25 12:44:00-04:00,7688.5,7689.0,7688.0,7688.75,1457
2026-08-25 12:45:00-04:00,7688.75,7690.25,7688.75,7689.5,1233
2026-08-25 12:46:00-04:00,7689.75,7690.75,7689.5,7690.5,949
2026-08-25 12:47:00-04:00,7690.75,7690.75,7688.25,7688.25,864
2026-08-25 12:48:00-04:00,7688.5,7689.0,7687.0,7688.5,3667
2026-08-25 12:49:00-04:00,7688.5,7689.75,7688.25,7689.25,820
2026-08-25 12:50:00-04:00,7689.5,7689.5,7687.25,7687.25,946
2026-08-25 12:51:00-04:00,7687.25,7687.75,7686.25,7686.75,1577
2026-08-25 12:52:00-04:00,7686.75,7688.25,7686.5,7688.0,1118
2026-08-25 12:53:00-04:00,7688.0,7688.25,7687.5,7687.5,655
2026-08-25 12:54:00-04:00,7687.5,7687.75,7686.75,7687.25,724
2026-08-25 12:55:00-04:00,7687.0,7687.75,7687.0,7687.25,531
2026-08-25 12:56:00-04:00,7687.25,7688.75,7687.25,7688.75,742
2026-08-25 12:57:00-04:00,7688.75,7690.0,7688.25,7688.5,1103
2026-08-25 12:58:00-04:00,7688.5,7689.75,7687.75,7689.5,2064
2026-08-25 12:59:00-04:00,7689.75,7692.0,7689.25,7690.75,3123
2026-08-25 13:00:00-04:00,7690.75,7691.0,7689.25,7689.5,1768
2026-08-25 13:01:00-04:00,7689.75,7691.5,7689.5,7690.0,2072
2026-08-25 13:02:00-04:00,7690.25,7690.5,7688.5,7688.5,1348
2026-08-25 13:03:00-04:00,7688.5,7689.5,7687.5,7688.25,1363
2026-08-25 13:04:00-04:00,7688.0,7688.25,7686.5,7686.5,1187
2026-08-25 13:05:00-04:00,7686.25,7687.25,7685.75,7686.0,1531
2026-08-25 13:06:00-04:00,7686.0,7686.5,7685.0,7686.5,1109
2026-08-25 13:07:00-04:00,7686.5,7686.5,7685.25,7685.25,769
2026-08-25 13:08:00-04:00,7685.25,7685.75,7682.25,7683.5,4321
2026-08-25 13:09:00-04:00,7683.5,7684.25,7683.25,7684.25,1729
2026-08-25 13:10:00-04:00,7684.0,7684.5,7682.75,7683.5,1514
2026-08-25 13:11:00-04:00,7683.5,7683.5,7682.75,7683.5,1476
2026-08-25 13:12:00-04:00,7683.5,7684.75,7683.25,7684.5,1342
2026-08-25 13:13:00-04:00,7684.5,7685.5,7684.0,7685.0,955
2026-08-25 13:14:00-04:00,7685.0,7686.5,7684.75,7685.75,1188
2026-08-25 13:15:00-04:00,7685.75,7686.0,7685.0,7685.75,1119
2026-08-25 13:16:00-04:00,7685.75,7687.25,7685.5,7685.5,1064
2026-08-25 13:17:00-04:00,7685.75,7686.0,7684.75,7686.0,739
2026-08-25 13:18:00-04:00,7686.0,7686.25,7685.25,7685.25,1014
2026-08-25 13:19:00-04:00,7685.25,7687.5,7685.0,7687.25,803
2026-08-25 13:20:00-04:00,7687.25,7687.5,7685.25,7685.25,1559
2026-08-25 13:21:00-04:00,7685.25,7685.25,7683.75,7684.5,1096
2026-08-25 13:22:00-04:00,7684.25,7685.0,7684.0,7684.75,693
2026-08-25 13:23:00-04:00,7684.75,7685.0,7684.0,7684.0,758
2026-08-25 13:24:00-04:00,7684.0,7684.25,7683.5,7683.5,769
2026-08-25 13:25:00-04:00,7683.25,7683.25,7681.75,7681.75,2202
2026-08-25 13:26:00-04:00,7681.75,7682.25,7680.75,7681.25,2329
2026-08-25 13:27:00-04:00,7681.25,7682.0,7680.75,7681.0,1179
2026-08-25 13:28:00-04:00,7680.75,7681.0,7679.25,7680.75,2535
2026-08-25 13:29:00-04:00,7680.75,7681.5,7680.75,7681.25,1854
2026-08-25 13:30:00-04:00,7681.25,7681.75,7680.25,7680.75,1984
2026-08-25 13:31:00-04:00,7680.75,7682.75,7680.5,7682.25,1493
2026-08-25 13:32:00-04:00,7682.0,7682.5,7681.25,7681.5,941
2026-08-25 13:33:00-04:00,7681.25,7682.5,7681.0,7682.25,923
2026-08-25 13:34:00-04:00,7682.25,7682.25,7680.75,7681.25,734
2026-08-25 13:35:00-04:00,7681.25,7682.0,7680.5,7681.25,1146
2026-08-25 13:36:00-04:00,7681.25,7682.0,7680.75,7681.5,1039
2026-08-25 13:37:00-04:00,7681.25,7682.5,7681.25,7682.25,732
2026-08-25 13:38:00-04:00,7682.25,7683.25,7681.5,7682.75,1355
2026-08-25 13:39:00-04:00,7682.5,7683.0,7682.0,7682.25,687
2026-08-25 13:40:00-04:00,7682.25,7682.5,7681.5,7681.5,1131
2026-08-25 13:41:00-04:00,7681.5,7683.5,7681.5,7683.0,918
2026-08-25 13:42:00-04:00,7683.25,7683.5,7681.75,7681.75,637
2026-08-25 13:43:00-04:00,7682.0,7682.75,7682.0,7682.0,598
2026-08-25 13:44:00-04:00,7682.25,7682.25,7681.25,7681.5,447
2026-08-25 13:45:00-04:00,7681.5,7682.5,7681.5,7682.0,705
2026-08-25 13:46:00-04:00,7682.0,7682.5,7681.5,7682.25,794
2026-08-25 13:47:00-04:00,7682.25,7683.5,7681.5,7683.5,810
2026-08-25 13:48:00-04:00,7683.25,7683.5,7681.75,7682.25,743
2026-08-25 13:49:00-04:00,7682.0,7682.5,7681.75,7682.25,635
2026-08-25 13:50:00-04:00,7682.25,7682.25,7681.5,7682.0,555
2026-08-25 13:51:00-04:00,7682.0,7682.0,7681.5,7682.0,514
2026-08-25 13:52:00-04:00,7682.25,7683.75,7682.25,7683.25,976
2026-08-25 13:53:00-04:00,7683.25,7684.0,7683.25,7683.75,702
2026-08-25 13:54:00-04:00,7683.75,7684.5,7683.5,7684.25,786
2026-08-25 13:55:00-04:00,7684.0,7684.75,7683.75,7684.25,764
2026-08-25 13:56:00-04:00,7684.25,7684.25,7683.5,7683.5,597
2026-08-25 13:57:00-04:00,7683.75,7683.75,7682.25,7683.25,682
2026-08-25 13:58:00-04:00,7683.25,7684.0,7683.0,7684.0,641
2026-08-25 13:59:00-04:00,7684.0,7684.25,7683.25,7683.5,533
2026-08-25 14:00:00-04:00,7683.25,7683.5,7682.5,7682.75,1372
2026-08-25 14:01:00-04:00,7682.75,7682.75,7681.5,7682.0,1354
2026-08-25 14:02:00-04:00,7682.25,7682.5,7682.0,7682.25,843
2026-08-25 14:03:00-04:00,7682.5,7683.25,7681.5,7681.75,1127
2026-08-25 14:04:00-04:00,7681.5,7681.75,7681.0,7681.25,836
2026-08-25 14:05:00-04:00,7681.0,7681.75,7681.0,7681.75,843
2026-08-25 14:06:00-04:00,7681.75,7683.25,7681.75,7683.0,802
2026-08-25 14:07:00-04:00,7683.0,7683.25,7681.75,7681.75,716
2026-08-25 14:08:00-04:00,7681.75,7682.25,7681.0,7681.5,849
2026-08-25 14:09:00-04:00,7681.25,7682.25,7681.25,7682.25,616
2026-08-25 14:10:00-04:00,7682.25,7682.25,7681.5,7682.25,661
2026-08-25 14:11:00-04:00,7682.5,7683.25,7682.0,7683.25,598
2026-08-25 14:12:00-04:00,7683.25,7683.75,7682.75,7683.25,917
2026-08-25 14:13:00-04:00,7683.0,7683.25,7682.0,7682.25,680
2026-08-25 14:14:00-04:00,7682.25,7682.25,7680.75,7680.75,631
2026-08-25 14:15:00-04:00,7681.0,7681.5,7680.75,7681.0,512
2026-08-25 14:16:00-04:00,7681.0,7681.25,7680.0,7680.5,884
2026-08-25 14:17:00-04:00,7680.5,7681.25,7680.25,7681.25,655
2026-08-25 14:18:00-04:00,7681.0,7681.5,7680.75,7681.0,526
2026-08-25 14:19:00-04:00,7681.0,7681.75,7680.75,7681.5,574
2026-08-25 14:20:00-04:00,7681.25,7682.25,7681.25,7681.75,861
2026-08-25 14:21:00-04:00,7681.75,7682.5,7681.5,7682.25,935
2026-08-25 14:22:00-04:00,7682.25,7683.0,7682.0,7682.25,747
2026-08-25 14:23:00-04:00,7682.25,7682.5,7681.25,7681.75,629
2026-08-25 14:24:00-04:00,7681.75,7682.25,7681.5,7682.0,427
2026-08-25 14:25:00-04:00,7682.0,7682.25,7681.0,7681.0,575
2026-08-25 14:26:00-04:00,7681.25,7682.75,7681.0,7682.25,734
2026-08-25 14:27:00-04:00,7682.5,7682.75,7681.75,7681.75,653
2026-08-25 14:28:00-04:00,7681.75,7682.25,7681.5,7682.25,725
2026-08-25 14:29:00-04:00,7682.5,7683.0,7682.25,7682.75,409
2026-08-25 14:30:00-04:00,7682.75,7685.0,7682.75,7684.5,1878
2026-08-25 14:31:00-04:00,7684.5,7685.75,7684.5,7684.75,1975
2026-08-25 14:32:00-04:00,7684.75,7685.25,7684.25,7685.0,834
2026-08-25 14:33:00-04:00,7685.25,7687.25,7685.0,7686.5,2089
2026-08-25 14:34:00-04:00,7686.5,7687.25,7686.25,7686.5,1655
2026-08-25 14:35:00-04:00,7686.75,7687.0,7685.5,7686.25,1397
2026-08-25 14:36:00-04:00,7686.5,7686.75,7685.75,7685.75,720
2026-08-25 14:37:00-04:00,7685.75,7687.0,7685.75,7686.5,944
2026-08-25 14:38:00-04:00,7686.5,7686.75,7685.75,7686.0,1170
2026-08-25 14:39:00-04:00,7686.25,7686.25,7685.5,7686.0,841
2026-08-25 14:40:00-04:00,7686.0,7686.75,7685.75,7686.25,925
2026-08-25 14:41:00-04:00,7686.25,7687.0,7686.0,7687.0,744
2026-08-25 14:42:00-04:00,7687.0,7687.75,7686.5,7687.5,1024
2026-08-25 14:43:00-04:00,7687.5,7689.0,7687.5,7688.75,1664
2026-08-25 14:44:00-04:00,7688.75,7689.0,7688.25,7688.75,1140
2026-08-25 14:45:00-04:00,7688.75,7690.75,7688.75,7690.75,3206
2026-08-25 14:46:00-04:00,7690.75,7692.0,7690.5,7691.0,3236
2026-08-25 14:47:00-04:00,7690.75,7691.0,7690.25,7690.75,1478
2026-08-25 14:48:00-04:00,7690.75,7691.5,7690.25,7690.25,1311
2026-08-25 14:49:00-04:00,7690.75,7691.0,7690.5,7691.0,951
2026-08-25 14:50:00-04:00,7691.25,7691.5,7689.25,7689.5,1613
2026-08-25 14:51:00-04:00,7689.5,7690.5,7689.25,7690.5,1330
2026-08-25 14:52:00-04:00,7690.5,7691.0,7690.0,7690.5,964
2026-08-25 14:53:00-04:00,7690.75,7691.0,7690.0,7690.5,600
2026-08-25 14:54:00-04:00,7690.5,7690.5,7689.75,7690.0,888
2026-08-25 14:55:00-04:00,7690.25,7691.0,7689.75,7690.0,875
2026-08-25 14:56:00-04:00,7690.0,7690.25,7688.75,7689.0,742
2026-08-25 14:57:00-04:00,7689.0,7689.25,7688.25,7688.5,1245
2026-08-25 14:58:00-04:00,7688.75,7689.5,7688.5,7689.5,578
2026-08-25 14:59:00-04:00,7689.5,7690.0,7689.0,7689.5,642
2026-08-25 15:00:00-04:00,7689.5,7691.5,7689.25,7690.75,1839
2026-08-25 15:01:00-04:00,7691.0,7691.25,7689.0,7689.0,1655
2026-08-25 15:02:00-04:00,7689.0,7689.5,7687.75,7687.75,1433
2026-08-25 15:03:00-04:00,7688.0,7688.25,7687.25,7687.75,1407
2026-08-25 15:04:00-04:00,7687.75,7688.5,7687.5,7687.75,704
2026-08-25 15:05:00-04:00,7687.5,7688.25,7687.25,7688.0,544
2026-08-25 15:06:00-04:00,7687.75,7688.0,7686.75,7687.25,1017
2026-08-25 15:07:00-04:00,7687.25,7688.0,7687.25,7687.5,738
2026-08-25 15:08:00-04:00,7687.5,7687.75,7686.0,7686.75,1431
2026-08-25 15:09:00-04:00,7686.75,7687.0,7686.0,7686.75,627
2026-08-25 15:10:00-04:00,7686.5,7686.75,7685.5,7686.0,1387
2026-08-25 15:11:00-04:00,7685.75,7686.25,7684.75,7684.75,1464
2026-08-25 15:12:00-04:00,7684.75,7685.5,7684.5,7685.0,1322
2026-08-25 15:13:00-04:00,7685.0,7686.0,7684.75,7684.75,1064
2026-08-25 15:14:00-04:00,7684.5,7685.0,7683.75,7684.25,1690
2026-08-25 15:15:00-04:00,7684.0,7684.75,7683.75,7684.25,1619
2026-08-25 15:16:00-04:00,7684.5,7684.75,7683.75,7684.0,1551
2026-08-25 15:17:00-04:00,7684.0,7684.0,7682.25,7683.25,2521
2026-08-25 15:18:00-04:00,7683.0,7683.5,7682.25,7682.75,1206
2026-08-25 15:19:00-04:00,7682.5,7683.75,7682.5,7683.0,1261
2026-08-25 15:20:00-04:00,7682.75,7683.25,7681.75,7682.5,2401
2026-08-25 15:21:00-04:00,7682.75,7683.25,7682.5,7682.5,1452
2026-08-25 15:22:00-04:00,7682.5,7683.5,7682.5,7682.75,922
2026-08-25 15:23:00-04:00,7682.75,7683.5,7682.5,7683.25,1075
2026-08-25 15:24:00-04:00,7683.5,7683.75,7683.0,7683.5,936
2026-08-25 15:25:00-04:00,7683.75,7684.75,7683.0,7684.75,1130
2026-08-25 15:26:00-04:00,7684.75,7685.0,7683.5,7684.0,690
2026-08-25 15:27:00-04:00,7684.0,7684.0,7683.5,7683.75,883
2026-08-25 15:28:00-04:00,7684.0,7684.5,7684.0,7684.25,717
2026-08-25 15:29:00-04:00,7684.0,7685.0,7683.5,7684.5,1090
2026-08-25 15:30:00-04:00,7684.5,7685.5,7684.25,7684.75,1868
2026-08-25 15:31:00-04:00,7684.75,7685.0,7684.25,7684.25,935
2026-08-25 15:32:00-04:00,7684.25,7684.5,7683.0,7683.0,993
2026-08-25 15:33:00-04:00,7683.0,7684.75,7683.0,7684.5,978
2026-08-25 15:34:00-04:00,7684.25,7684.75,7683.5,7684.25,1041
2026-08-25 15:35:00-04:00,7684.0,7685.5,7683.5,7685.5,1599
2026-08-25 15:36:00-04:00,7685.5,7685.75,7685.25,7685.5,1044
2026-08-25 15:37:00-04:00,7685.5,7686.0,7685.0,7685.25,1067
2026-08-25 15:38:00-04:00,7685.25,7686.5,7685.0,7685.25,1785
2026-08-25 15:39:00-04:00,7685.5,7685.5,7684.75,7685.25,1257
2026-08-25 15:40:00-04:00,7685.25,7687.0,7685.25,7686.75,1987
2026-08-25 15:41:00-04:00,7686.75,7688.5,7686.5,7688.25,2234
2026-08-25 15:42:00-04:00,7688.0,7689.0,7688.0,7688.75,1486
2026-08-25 15:43:00-04:00,7688.5,7689.25,7688.25,7688.5,1353
2026-08-25 15:44:00-04:00,7688.75,7689.0,7686.5,7686.5,2637
2026-08-25 15:45:00-04:00,7686.75,7687.0,7685.75,7686.25,2390
2026-08-25 15:46:00-04:00,7686.0,7686.25,7685.5,7686.0,1583
2026-08-25 15:47:00-04:00,7686.0,7686.75,7685.5,7685.75,1059
2026-08-25 15:48:00-04:00,7685.75,7687.75,7685.75,7687.25,1732
2026-08-25 15:49:00-04:00,7687.25,7688.25,7687.0,7687.25,1801
2026-08-25 15:50:00-04:00,7687.0,7687.5,7685.0,7686.5,3378
2026-08-25 15:51:00-04:00,7686.75,7687.5,7686.25,7686.5,1173
2026-08-25 15:52:00-04:00,7686.5,7689.0,7686.5,7688.5,3119
2026-08-25 15:53:00-04:00,7688.75,7692.75,7688.75,7692.25,6609
2026-08-25 15:54:00-04:00,7692.5,7694.5,7692.25,7694.0,6579
2026-08-25 15:55:00-04:00,7694.75,7695.0,7691.75,7692.25,7430
2026-08-25 15:56:00-04:00,7692.5,7693.25,7690.75,7692.5,4362
2026-08-25 15:57:00-04:00,7692.5,7695.0,7692.5,7693.25,5416
2026-08-25 15:58:00-04:00,7693.25,7694.0,7692.0,7692.75,4900
2026-08-25 15:59:00-04:00,7693.0,7694.75,7689.5,7691.0,38854
2026-08-25 16:00:00-04:00,7691.0,7693.5,7689.5,7690.25,13113
2026-08-25 16:01:00-04:00,7690.5,7690.75,7689.75,7689.75,1831
2026-08-25 16:02:00-04:00,7690.0,7691.25,7689.0,7691.25,1198
2026-08-25 16:03:00-04:00,7691.25,7691.75,7690.25,7690.75,1015
2026-08-25 16:04:00-04:00,7691.0,7691.5,7690.5,7691.25,1123
2026-08-25 16:05:00-04:00,7691.0,7691.5,7690.25,7691.5,742
2026-08-25 16:06:00-04:00,7691.5,7692.0,7690.75,7691.5,584
2026-08-25 16:07:00-04:00,7691.5,7691.75,7691.25,7691.75,232
2026-08-25 16:08:00-04:00,7691.5,7692.75,7691.5,7692.75,581
2026-08-25 16:09:00-04:00,7692.5,7693.25,7692.0,7692.5,921
2026-08-25 16:10:00-04:00,7692.5,7693.25,7692.25,7693.0,505
2026-08-25 16:11:00-04:00,7693.0,7693.0,7691.75,7692.0,847
2026-08-25 16:12:00-04:00,7692.0,7692.5,7691.75,7691.75,324
2026-08-25 16:13:00-04:00,7691.75,7692.5,7691.75,7692.0,609
2026-08-25 16:14:00-04:00,7692.0,7692.75,7691.25,7692.0,1218
2026-08-25 16:15:00-04:00,7692.0,7692.75,7691.25,7692.5,1152
2026-08-25 16:16:00-04:00,7692.25,7692.75,7692.0,7692.0,478
2026-08-25 16:17:00-04:00,7692.25,7692.75,7691.5,7691.75,629
2026-08-25 16:18:00-04:00,7691.5,7692.25,7691.25,7692.0,307
2026-08-25 16:19:00-04:00,7692.0,7692.5,7692.0,7692.5,236
2026-08-25 16:20:00-04:00,7692.25,7693.0,7692.25,7693.0,590
2026-08-25 16:21:00-04:00,7692.75,7693.0,7692.75,7692.75,334
2026-08-25 16:22:00-04:00,7693.0,7694.5,7692.75,7694.5,686
2026-08-25 16:23:00-04:00,7694.5,7694.75,7694.25,7694.5,310
2026-08-25 16:24:00-04:00,7694.5,7696.0,7694.5,7695.0,796
2026-08-25 16:25:00-04:00,7695.25,7695.75,7695.0,7695.75,359
2026-08-25 16:26:00-04:00,7695.75,7695.75,7695.25,7695.5,468
2026-08-25 16:27:00-04:00,7695.5,7695.75,7694.25,7694.5,377
2026-08-25 16:28:00-04:00,7694.5,7695.0,7694.0,7695.0,426
2026-08-25 16:29:00-04:00,7694.75,7695.0,7694.0,7694.25,291
2026-08-25 16:30:00-04:00,7694.25,7695.5,7694.25,7695.0,336
2026-08-25 16:31:00-04:00,7695.25,7695.5,7694.5,7694.75,105
2026-08-25 16:32:00-04:00,7694.75,7695.0,7694.5,7695.0,137
2026-08-25 16:33:00-04:00,7695.25,7695.5,7694.75,7695.0,489
2026-08-25 16:34:00-04:00,7694.75,7695.0,7694.5,7694.75,224
2026-08-25 16:35:00-04:00,7694.75,7694.75,7694.25,7694.5,91
2026-08-25 16:36:00-04:00,7694.5,7694.5,7694.0,7694.0,95
2026-08-25 16:37:00-04:00,7694.25,7694.25,7693.75,7694.0,111
2026-08-25 16:38:00-04:00,7693.75,7694.0,7693.25,7693.5,94
2026-08-25 16:39:00-04:00,7693.5,7693.5,7693.0,7693.0,179
2026-08-25 16:40:00-04:00,7693.0,7693.25,7692.25,7692.5,230
2026-08-25 16:41:00-04:00,7692.5,7692.75,7692.25,7692.5,96
2026-08-25 16:42:00-04:00,7692.25,7692.5,7692.25,7692.25,115
2026-08-25 16:43:00-04:00,7692.25,7692.5,7691.75,7691.75,257
2026-08-25 16:44:00-04:00,7692.0,7692.0,7691.5,7691.75,206
2026-08-25 16:45:00-04:00,7691.5,7692.0,7691.5,7691.75,345
2026-08-25 16:46:00-04:00,7691.5,7692.0,7691.0,7691.0,354
2026-08-25 16:47:00-04:00,7690.75,7691.0,7690.25,7690.75,332
2026-08-25 16:48:00-04:00,7690.5,7690.5,7690.0,7690.25,244
2026-08-25 16:49:00-04:00,7690.0,7690.25,7690.0,7690.25,199
2026-08-25 16:50:00-04:00,7690.0,7690.5,7690.0,7690.25,125
2026-08-25 16:51:00-04:00,7690.25,7690.75,7689.75,7690.75,343
2026-08-25 16:52:00-04:00,7690.5,7691.0,7690.5,7691.0,459
2026-08-25 16:53:00-04:00,7690.75,7691.0,7690.5,7691.0,271
2026-08-25 16:54:00-04:00,7691.0,7691.25,7690.75,7691.25,292
2026-08-25 16:55:00-04:00,7691.0,7691.5,7691.0,7691.0,226
2026-08-25 16:56:00-04:00,7691.25,7691.25,7690.75,7691.0,99
2026-08-25 16:57:00-04:00,7691.0,7691.0,7690.5,7690.75,242
2026-08-25 16:58:00-04:00,7691.0,7691.25,7690.75,7691.0,98
2026-08-25 16:59:00-04:00,7691.0,7691.0,7690.5,7690.75,390
2026-08-25 18:00:00-04:00,7692.25,7693.75,7691.25,7693.0,0
2026-08-25 18:01:00-04:00,7692.75,7694.0,7690.5,7692.25,531
2026-08-25 18:02:00-04:00,7692.5,7693.25,7692.0,7692.5,134
2026-08-25 18:03:00-04:00,7692.75,7692.75,7692.5,7692.75,34
2026-08-25 18:04:00-04:00,7692.5,7693.0,7692.5,7692.5,21
2026-08-25 18:05:00-04:00,7692.75,7692.75,7691.25,7692.0,176
2026-08-25 18:06:00-04:00,7692.25,7692.5,7692.0,7692.0,28
2026-08-25 18:07:00-04:00,7692.25,7692.25,7691.75,7692.25,51
2026-08-25 18:08:00-04:00,7692.5,7693.5,7692.25,7692.5,154
2026-08-25 18:09:00-04:00,7692.75,7693.25,7692.5,7692.5,69
2026-08-25 18:10:00-04:00,7692.5,7692.75,7691.75,7692.0,51
2026-08-25 18:11:00-04:00,7692.0,7692.25,7691.75,7692.0,37
2026-08-25 18:12:00-04:00,7692.25,7692.25,7692.0,7692.25,14
2026-08-25 18:13:00-04:00,7692.0,7692.0,7691.5,7691.75,67
2026-08-25 18:14:00-04:00,7692.0,7692.0,7691.5,7691.75,83
2026-08-25 18:15:00-04:00,7691.75,7691.75,7691.5,7691.75,14
2026-08-25 18:16:00-04:00,7691.75,7692.0,7691.5,7691.75,44
2026-08-25 18:17:00-04:00,7691.75,7692.0,7691.75,7692.0,9
2026-08-25 18:18:00-04:00,7691.75,7691.75,7691.5,7691.5,36
2026-08-25 18:19:00-04:00,7691.75,7691.75,7691.5,7691.5,40
2026-08-25 18:20:00-04:00,7691.5,7691.75,7691.25,7691.25,71
2026-08-25 18:21:00-04:00,7691.0,7691.25,7691.0,7691.0,45
2026-08-25 18:22:00-04:00,7691.0,7691.0,7690.5,7690.5,28
2026-08-25 18:23:00-04:00,7690.75,7691.0,7690.75,7691.0,75
2026-08-25 18:24:00-04:00,7691.0,7692.25,7691.0,7692.0,118
2026-08-25 18:25:00-04:00,7692.0,7692.5,7691.75,7692.0,85
2026-08-25 18:26:00-04:00,7692.0,7692.25,7692.0,7692.25,87
2026-08-25 18:27:00-04:00,7692.25,7693.0,7692.25,7693.0,98
2026-08-25 18:28:00-04:00,7692.75,7692.75,7692.5,7692.5,13
2026-08-25 18:29:00-04:00,7692.5,7692.75,7692.5,7692.75,23
2026-08-25 18:30:00-04:00,7693.0,7693.25,7692.75,7692.75,32
2026-08-25 18:31:00-04:00,7693.0,7693.25,7693.0,7693.25,28
2026-08-25 18:32:00-04:00,7693.25,7693.25,7693.0,7693.25,17
2026-08-25 18:33:00-04:00,7693.0,7693.25,7693.0,7693.0,32
2026-08-25 18:34:00-04:00,7693.0,7693.25,7693.0,7693.0,26
2026-08-25 18:35:00-04:00,7693.25,7693.25,7693.0,7693.0,8
2026-08-25 18:36:00-04:00,7693.0,7693.0,7692.75,7692.75,10
2026-08-25 18:37:00-04:00,7692.75,7692.75,7692.75,7692.75,3
2026-08-25 18:38:00-04:00,7692.75,7692.75,7692.5,7692.5,118
2026-08-25 18:39:00-04:00,7692.25,7692.5,7692.25,7692.5,48
2026-08-25 18:40:00-04:00,7692.25,7692.25,7692.0,7692.25,58
2026-08-25 18:41:00-04:00,7692.0,7692.25,7692.0,7692.0,51
2026-08-25 18:42:00-04:00,7692.0,7692.0,7691.75,7692.0,16
2026-08-25 18:43:00-04:00,7692.0,7692.25,7692.0,7692.25,8
2026-08-25 18:44:00-04:00,7692.25,7692.75,7692.25,7692.75,83
2026-08-25 18:45:00-04:00,7692.75,7692.75,7692.75,7692.75,14
2026-08-25 18:46:00-04:00,7692.5,7692.5,7692.0,7692.25,61
2026-08-25 18:47:00-04:00,7692.25,7692.25,7692.25,7692.25,31
2026-08-25 18:48:00-04:00,7692.5,7692.75,7692.5,7692.5,11
2026-08-25 18:49:00-04:00,7692.25,7692.25,7692.0,7692.0,8
2026-08-25 18:50:00-04:00,7692.25,7692.25,7692.0,7692.25,9
2026-08-25 18:51:00-04:00,7692.25,7692.25,7691.75,7691.75,32
2026-08-25 18:52:00-04:00,7692.0,7692.25,7692.0,7692.25,8
2026-08-25 18:53:00-04:00,7692.0,7692.25,7692.0,7692.25,19
2026-08-25 18:54:00-04:00,7692.0,7692.0,7692.0,7692.0,9
2026-08-25 18:55:00-04:00,7692.25,7692.25,7691.75,7691.75,65
2026-08-25 18:56:00-04:00,7691.75,7691.75,7691.75,7691.75,1
2026-08-25 18:57:00-04:00,7691.75,7692.75,7691.75,7692.75,66
2026-08-25 18:58:00-04:00,7692.75,7692.75,7692.25,7692.5,21
2026-08-25 18:59:00-04:00,7692.5,7692.5,7692.25,7692.25,22
2026-08-25 19:00:00-04:00,7692.0,7692.5,7692.0,7692.25,31
2026-08-25 19:01:00-04:00,7692.5,7692.5,7692.5,7692.5,13
2026-08-25 19:02:00-04:00,7692.25,7692.25,7692.25,7692.25,4
2026-08-25 19:03:00-04:00,7692.25,7692.25,7692.25,7692.25,7
2026-08-25 19:04:00-04:00,7692.0,7692.25,7692.0,7692.25,11
2026-08-25 19:05:00-04:00,7692.25,7692.5,7691.75,7692.0,118
2026-08-25 19:06:00-04:00,7692.0,7692.0,7691.25,7691.5,64
2026-08-25 19:07:00-04:00,7691.5,7691.5,7691.25,7691.5,22
2026-08-25 19:08:00-04:00,7691.75,7692.0,7691.5,7691.75,40
2026-08-25 19:09:00-04:00,7692.0,7692.0,7691.75,7691.75,19
2026-08-25 19:10:00-04:00,7691.75,7691.75,7691.75,7691.75,3
2026-08-25 19:11:00-04:00,7691.75,7691.75,7691.75,7691.75,23
2026-08-25 19:12:00-04:00,7691.75,7691.75,7691.5,7691.5,31
2026-08-25 19:13:00-04:00,7691.5,7691.5,7691.25,7691.5,24
2026-08-25 19:14:00-04:00,7691.5,7691.5,7691.25,7691.5,6
2026-08-25 19:15:00-04:00,7691.5,7691.5,7691.0,7691.25,72
2026-08-25 19:16:00-04:00,7691.0,7691.25,7691.0,7691.25,7
2026-08-25 19:17:00-04:00,7691.25,7691.5,7691.25,7691.25,12
2026-08-25 19:18:00-04:00,7691.25,7691.25,7691.25,7691.25,6
2026-08-25 19:19:00-04:00,7691.25,7691.25,7691.25,7691.25,9
2026-08-25 19:20:00-04:00,7691.25,7691.25,7690.75,7690.75,24
2026-08-25 19:21:00-04:00,7690.75,7690.75,7689.25,7689.5,123
2026-08-25 19:22:00-04:00,7689.5,7689.5,7689.0,7689.25,83
2026-08-25 19:23:00-04:00,7689.25,7689.75,7689.25,7689.5,55
2026-08-25 19:24:00-04:00,7689.5,7689.75,7689.25,7689.5,44
2026-08-25 19:25:00-04:00,7689.25,7689.5,7688.75,7689.25,40
2026-08-25 19:26:00-04:00,7689.25,7689.25,7688.25,7688.25,110
2026-08-25 19:27:00-04:00,7688.25,7688.25,7688.0,7688.0,55
2026-08-25 19:28:00-04:00,7688.25,7688.25,7687.75,7687.75,54
2026-08-25 19:29:00-04:00,7687.75,7688.0,7687.5,7687.5,49
2026-08-25 19:30:00-04:00,7687.75,7688.0,7685.75,7686.5,289
2026-08-25 19:31:00-04:00,7686.5,7687.25,7686.25,7686.75,169
2026-08-25 19:32:00-04:00,7686.5,7687.0,7686.25,7687.0,71
2026-08-25 19:33:00-04:00,7687.0,7687.0,7686.75,7687.0,39
2026-08-25 19:34:00-04:00,7687.0,7687.0,7686.25,7686.25,59
2026-08-25 19:35:00-04:00,7686.25,7686.25,7685.5,7686.0,92
2026-08-25 19:36:00-04:00,7685.75,7686.75,7685.75,7686.75,38
2026-08-25 19:37:00-04:00,7686.75,7686.75,7686.5,7686.5,66
2026-08-25 19:38:00-04:00,7686.5,7686.5,7686.0,7686.25,29
2026-08-25 19:39:00-04:00,7686.25,7686.25,7685.75,7685.75,35
2026-08-25 19:40:00-04:00,7686.0,7686.0,7685.75,7686.0,51
2026-08-25 19:41:00-04:00,7686.0,7686.0,7686.0,7686.0,38
2026-08-25 19:42:00-04:00,7685.75,7686.0,7685.5,7685.5,101
2026-08-25 19:43:00-04:00,7685.75,7685.75,7685.0,7685.0,157
2026-08-25 19:44:00-04:00,7685.25,7685.25,7684.25,7684.75,141
2026-08-25 19:45:00-04:00,7684.5,7684.75,7683.25,7684.0,275
2026-08-25 19:46:00-04:00,7683.75,7683.75,7683.5,7683.75,103
2026-08-25 19:47:00-04:00,7683.75,7683.75,7683.0,7683.25,66
2026-08-25 19:48:00-04:00,7683.25,7683.5,7682.75,7682.75,98
2026-08-25 19:49:00-04:00,7683.0,7683.0,7682.25,7682.25,138
2026-08-25 19:55:00-04:00,7682.5,7682.75,7682.25,7682.5,1061
2026-08-25 19:56:00-04:00,7682.5,7683.0,7682.5,7682.75,33
2026-08-25 19:57:00-04:00,7682.75,7683.5,7682.75,7683.0,79
2026-08-25 19:58:00-04:00,7683.0,7683.25,7682.25,7682.25,79
2026-08-25 19:59:00-04:00,7682.5,7683.0,7682.0,7682.0,115
2026-08-25 20:00:00-04:00,7681.5,7682.75,7679.5,7682.25,743
2026-08-25 20:01:00-04:00,7681.75,7682.25,7680.75,7681.75,425
2026-08-25 20:02:00-04:00,7681.75,7683.75,7681.75,7683.75,237
2026-08-25 20:03:00-04:00,7683.5,7683.5,7680.5,7682.5,449
2026-08-25 20:04:00-04:00,7682.5,7683.25,7682.5,7682.5,116
2026-08-25 20:05:00-04:00,7682.5,7682.75,7681.0,7681.75,109
2026-08-25 20:06:00-04:00,7681.5,7682.25,7680.75,7681.0,117
2026-08-25 20:07:00-04:00,7681.0,7682.0,7680.5,7682.0,86
2026-08-25 20:08:00-04:00,7681.75,7683.5,7681.75,7683.0,121
2026-08-25 20:09:00-04:00,7683.5,7683.5,7682.5,7683.5,186
2026-08-25 20:10:00-04:00,7683.5,7683.5,7682.75,7683.5,102
2026-08-25 20:11:00-04:00,7683.5,7684.25,7683.25,7684.0,133
2026-08-25 20:12:00-04:00,7684.0,7684.0,7682.5,7683.0,154
2026-08-25 20:13:00-04:00,7683.25,7683.25,7682.0,7682.25,70
2026-08-25 20:14:00-04:00,7682.5,7682.5,7681.25,7681.25,113
2026-08-25 20:15:00-04:00,7681.5,7683.75,7681.25,7683.25,139
2026-08-25 20:16:00-04:00,7683.5,7683.5,7682.25,7683.0,146
2026-08-25 20:17:00-04:00,7683.0,7684.75,7683.0,7684.0,131
2026-08-25 20:18:00-04:00,7684.0,7686.0,7683.75,7685.75,187
2026-08-25 20:19:00-04:00,7685.5,7685.5,7684.0,7684.25,121
2026-08-25 20:20:00-04:00,7684.25,7684.25,7684.0,7684.0,54
2026-08-25 20:21:00-04:00,7683.75,7684.5,7683.0,7683.75,119
2026-08-25 20:22:00-04:00,7684.0,7684.0,7682.75,7683.25,126
2026-08-25 20:23:00-04:00,7683.25,7683.5,7683.25,7683.25,89
2026-08-25 20:24:00-04:00,7683.25,7683.25,7682.25,7682.75,157
2026-08-25 20:25:00-04:00,7682.75,7683.0,7681.5,7682.0,348
2026-08-25 20:26:00-04:00,7682.0,7682.25,7681.5,7681.5,248
2026-08-25 20:27:00-04:00,7681.5,7681.75,7681.25,7681.5,130
2026-08-25 20:28:00-04:00,7681.5,7681.5,7679.25,7680.25,1012
2026-08-25 20:29:00-04:00,7680.25,7681.0,7680.25,7680.75,211
2026-08-25 20:30:00-04:00,7680.75,7681.0,7680.5,7681.0,255
2026-08-25 20:31:00-04:00,7681.0,7681.25,7679.75,7679.75,167
2026-08-25 20:32:00-04:00,7679.75,7680.25,7679.75,7680.25,110
2026-08-25 20:33:00-04:00,7680.25,7680.75,7679.75,7680.25,117
2026-08-25 20:34:00-04:00,7680.0,7680.0,7678.5,7678.75,224
2026-08-25 20:35:00-04:00,7679.0,7679.25,7677.25,7677.5,295
2026-08-25 20:36:00-04:00,7677.5,7678.5,7677.5,7677.5,230
2026-08-25 20:37:00-04:00,7677.5,7678.0,7676.75,7677.5,302
2026-08-25 20:38:00-04:00,7677.5,7678.25,7677.25,7677.25,316
2026-08-25 20:39:00-04:00,7677.25,7678.5,7677.0,7677.5,188
2026-08-25 20:40:00-04:00,7677.75,7678.25,7676.25,7677.75,375
2026-08-25 20:41:00-04:00,7677.5,7678.25,7677.5,7678.0,221
2026-08-25 20:42:00-04:00,7677.75,7678.25,7677.5,7678.0,180
2026-08-25 20:43:00-04:00,7677.75,7677.75,7677.25,7677.5,126
2026-08-25 20:44:00-04:00,7677.75,7678.25,7677.25,7677.75,166
2026-08-25 20:45:00-04:00,7677.5,7679.25,7677.25,7678.25,307
2026-08-25 20:46:00-04:00,7678.25,7678.5,7677.75,7678.5,169
2026-08-25 20:47:00-04:00,7678.5,7678.5,7678.0,7678.5,57
2026-08-25 20:48:00-04:00,7678.5,7679.0,7678.0,7678.0,107
2026-08-25 20:49:00-04:00,7678.25,7678.75,7677.75,7678.0,81
2026-08-25 20:50:00-04:00,7678.25,7678.25,7677.75,7677.75,158
2026-08-25 20:51:00-04:00,7677.5,7677.75,7677.0,7677.0,96
2026-08-25 20:52:00-04:00,7677.0,7677.25,7676.75,7677.25,209
2026-08-25 20:53:00-04:00,7677.5,7677.5,7676.0,7676.25,373
2026-08-25 20:54:00-04:00,7676.0,7676.75,7676.0,7676.5,188
2026-08-25 20:55:00-04:00,7676.25,7676.5,7675.5,7675.75,221
2026-08-25 20:56:00-04:00,7675.75,7676.0,7675.5,7676.0,162
2026-08-25 20:57:00-04:00,7676.0,7676.0,7675.5,7675.5,77
2026-08-25 20:58:00-04:00,7675.5,7676.0,7675.25,7675.5,146
2026-08-25 20:59:00-04:00,7675.25,7675.25,7673.5,7674.0,391
2026-08-25 21:00:00-04:00,7674.0,7676.75,7673.75,7676.75,451
2026-08-25 21:01:00-04:00,7676.75,7676.75,7675.25,7676.25,204
2026-08-25 21:02:00-04:00,7676.25,7676.5,7675.75,7675.75,134
2026-08-25 21:03:00-04:00,7675.75,7677.25,7675.75,7676.75,167
2026-08-25 21:04:00-04:00,7676.75,7677.25,7676.75,7677.0,91
2026-08-25 21:05:00-04:00,7677.25,7677.5,7677.0,7677.25,155
2026-08-25 21:06:00-04:00,7677.5,7677.75,7677.25,7677.5,135
2026-08-25 21:07:00-04:00,7677.5,7677.5,7676.25,7676.5,284
2026-08-25 21:08:00-04:00,7676.5,7677.0,7676.0,7676.0,193
2026-08-25 21:09:00-04:00,7676.25,7677.0,7676.0,7676.75,143
2026-08-25 21:10:00-04:00,7676.75,7678.0,7676.25,7677.75,153
2026-08-25 21:11:00-04:00,7677.75,7678.0,7677.5,7677.5,134
2026-08-25 21:12:00-04:00,7677.5,7677.5,7676.75,7677.0,159
2026-08-25 21:13:00-04:00,7677.0,7677.5,7676.75,7676.75,139
2026-08-25 21:14:00-04:00,7676.75,7676.75,7676.25,7676.5,108
2026-08-25 21:15:00-04:00,7676.5,7676.75,7676.0,7676.5,164
2026-08-25 21:16:00-04:00,7676.5,7677.25,7676.5,7677.25,132
2026-08-25 21:17:00-04:00,7677.0,7677.25,7676.25,7676.75,132
2026-08-25 21:18:00-04:00,7676.5,7676.75,7675.0,7675.5,204
2026-08-25 21:19:00-04:00,7675.5,7675.75,7674.0,7674.5,184
2026-08-25 21:20:00-04:00,7674.5,7675.75,7674.0,7675.25,232
2026-08-25 21:21:00-04:00,7675.0,7675.25,7674.25,7675.0,163
2026-08-25 21:22:00-04:00,7675.0,7675.25,7674.0,7674.25,163
2026-08-25 21:23:00-04:00,7674.25,7674.5,7674.0,7674.25,81
2026-08-25 21:24:00-04:00,7674.0,7674.25,7673.25,7673.75,251
2026-08-25 21:25:00-04:00,7673.75,7674.0,7672.75,7673.25,258
2026-08-25 21:26:00-04:00,7673.25,7673.5,7673.25,7673.5,143
2026-08-25 21:27:00-04:00,7673.75,7673.75,7673.25,7673.5,149
2026-08-25 21:28:00-04:00,7673.5,7673.75,7673.0,7673.5,174
2026-08-25 21:29:00-04:00,7673.5,7673.5,7673.0,7673.25,56
2026-08-25 21:30:00-04:00,7673.5,7673.75,7672.25,7673.0,500
2026-08-25 21:31:00-04:00,7673.25,7673.25,7672.5,7673.0,194
2026-08-25 21:32:00-04:00,7673.0,7674.0,7673.0,7673.25,238
2026-08-25 21:33:00-04:00,7673.25,7673.5,7670.75,7671.5,397
2026-08-25 21:34:00-04:00,7671.25,7671.75,7670.75,7671.75,195
2026-08-25 21:35:00-04:00,7671.75,7673.5,7671.0,7673.0,237
2026-08-25 21:36:00-04:00,7673.0,7674.25,7672.75,7674.0,150
2026-08-25 21:37:00-04:00,7674.25,7674.75,7674.0,7674.25,162
2026-08-25 21:38:00-04:00,7674.25,7674.5,7674.0,7674.25,77
2026-08-25 21:39:00-04:00,7674.25,7674.75,7674.25,7674.5,86
2026-08-25 21:40:00-04:00,7674.25,7674.5,7674.0,7674.5,118
2026-08-25 21:41:00-04:00,7674.25,7674.5,7673.75,7673.75,115
2026-08-25 21:42:00-04:00,7674.0,7674.25,7673.25,7673.5,136
2026-08-25 21:43:00-04:00,7673.5,7674.0,7672.5,7672.5,123
2026-08-25 21:44:00-04:00,7672.5,7673.25,7672.5,7673.25,119
2026-08-25 21:45:00-04:00,7673.25,7673.5,7672.75,7673.25,90
2026-08-25 21:46:00-04:00,7673.25,7673.25,7672.25,7672.25,102
2026-08-25 21:47:00-04:00,7672.5,7673.25,7672.25,7672.5,112
2026-08-25 21:48:00-04:00,7672.25,7673.0,7671.75,7672.25,164
2026-08-25 21:49:00-04:00,7672.25,7672.5,7672.0,7672.5,102
2026-08-25 21:50:00-04:00,7672.5,7673.25,7672.0,7673.25,178
2026-08-25 21:51:00-04:00,7673.25,7673.25,7672.25,7672.25,143
2026-08-25 21:52:00-04:00,7672.25,7672.25,7672.0,7672.25,114
2026-08-25 21:53:00-04:00,7672.25,7672.75,7672.25,7672.5,127
2026-08-25 21:54:00-04:00,7672.75,7673.25,7672.5,7673.0,114
2026-08-25 21:55:00-04:00,7673.0,7674.25,7673.0,7673.75,121
2026-08-25 21:56:00-04:00,7673.75,7673.75,7673.0,7673.25,166
2026-08-25 22:02:00-04:00,7675.25,7675.25,7674.25,7674.5,957
2026-08-25 22:03:00-04:00,7674.5,7674.75,7674.25,7674.75,74
2026-08-25 22:04:00-04:00,7674.75,7675.0,7674.0,7675.0,144
2026-08-25 22:05:00-04:00,7675.0,7675.25,7674.0,7674.0,114
2026-08-25 22:06:00-04:00,7674.0,7674.75,7672.5,7672.75,217
2026-08-25 22:07:00-04:00,7672.75,7673.25,7672.25,7672.75,123
2026-08-25 22:08:00-04:00,7672.75,7672.75,7672.25,7672.25,86
2026-08-25 22:09:00-04:00,7672.25,7673.25,7672.25,7673.0,111
2026-08-25 22:10:00-04:00,7673.0,7674.25,7673.0,7674.0,172
2026-08-25 22:11:00-04:00,7674.0,7674.5,7673.5,7674.0,143
2026-08-25 22:12:00-04:00,7674.0,7674.5,7674.0,7674.5,137
2026-08-25 22:13:00-04:00,7674.75,7675.25,7674.75,7674.75,112
2026-08-25 22:14:00-04:00,7674.75,7675.25,7674.75,7675.0,118
2026-08-25 22:15:00-04:00,7675.0,7675.5,7674.75,7675.25,146
2026-08-25 22:16:00-04:00,7675.5,7676.25,7675.5,7676.25,247
2026-08-25 22:17:00-04:00,7676.0,7676.75,7675.75,7676.75,164
2026-08-25 22:18:00-04:00,7676.75,7676.75,7675.25,7676.0,219
2026-08-25 22:19:00-04:00,7676.0,7676.25,7676.0,7676.25,25
2026-08-25 22:20:00-04:00,7676.25,7677.0,7676.25,7677.0,178
2026-08-25 22:21:00-04:00,7677.0,7677.25,7676.75,7677.0,73
2026-08-25 22:22:00-04:00,7677.0,7677.75,7677.0,7677.5,209
2026-08-25 22:23:00-04:00,7677.5,7678.0,7677.5,7677.5,82
2026-08-25 22:24:00-04:00,7677.5,7678.5,7677.5,7677.5,191
2026-08-25 22:25:00-04:00,7677.75,7678.0,7677.75,7678.0,50
2026-08-25 22:26:00-04:00,7678.25,7679.0,7678.0,7678.75,141
2026-08-25 22:27:00-04:00,7678.75,7678.75,7678.25,7678.5,74
2026-08-25 22:28:00-04:00,7678.25,7678.5,7678.25,7678.25,55
2026-08-25 22:29:00-04:00,7678.25,7678.75,7678.0,7678.5,95
2026-08-25 22:30:00-04:00,7678.75,7680.0,7678.25,7679.75,166
2026-08-25 22:31:00-04:00,7680.0,7680.75,7679.75,7680.0,233
2026-08-25 22:32:00-04:00,7680.0,7680.0,7679.5,7680.0,148
2026-08-25 22:33:00-04:00,7680.25,7680.25,7680.0,7680.25,91
2026-08-25 22:34:00-04:00,7680.0,7680.5,7679.75,7680.25,190
2026-08-25 22:35:00-04:00,7680.5,7680.5,7680.0,7680.0,53
2026-08-25 22:36:00-04:00,7680.0,7680.0,7679.5,7679.75,73
2026-08-25 22:37:00-04:00,7679.75,7680.0,7679.5,7679.5,111
2026-08-25 22:38:00-04:00,7679.5,7681.25,7679.0,7681.25,274
2026-08-25 22:39:00-04:00,7681.25,7681.75,7681.25,7681.5,88
2026-08-25 22:40:00-04:00,7681.25,7683.0,7681.25,7682.75,271
2026-08-25 22:41:00-04:00,7683.0,7684.0,7683.0,7684.0,265
2026-08-25 22:42:00-04:00,7684.0,7684.25,7683.25,7683.75,112
2026-08-25 22:43:00-04:00,7683.75,7685.0,7683.75,7685.0,212
2026-08-25 22:44:00-04:00,7684.75,7685.0,7684.5,7684.75,81
2026-08-25 22:45:00-04:00,7684.75,7685.25,7684.0,7684.75,229
2026-08-25 22:46:00-04:00,7684.75,7686.25,7684.75,7685.75,250
2026-08-25 22:47:00-04:00,7685.75,7685.75,7685.0,7685.5,119
2026-08-25 22:48:00-04:00,7685.5,7686.25,7685.5,7686.0,157
2026-08-25 22:49:00-04:00,7686.0,7687.0,7686.0,7686.5,233
2026-08-25 22:50:00-04:00,7686.5,7687.0,7686.0,7686.75,192
2026-08-25 22:51:00-04:00,7686.75,7687.0,7686.75,7687.0,167
2026-08-25 22:52:00-04:00,7687.0,7687.0,7686.5,7686.5,71
2026-08-25 22:53:00-04:00,7686.5,7686.5,7685.75,7686.25,85
2026-08-25 22:54:00-04:00,7686.25,7686.25,7685.5,7685.5,90
2026-08-25 22:55:00-04:00,7685.5,7686.0,7685.5,7685.75,97
2026-08-25 22:56:00-04:00,7685.75,7686.0,7685.5,7685.75,82
2026-08-25 22:57:00-04:00,7686.0,7686.5,7686.0,7686.0,84
2026-08-25 22:58:00-04:00,7686.25,7686.25,7686.0,7686.25,42
2026-08-25 23:03:00-04:00,7685.25,7685.25,7685.25,7685.25,660
2026-08-25 23:04:00-04:00,7685.0,7686.25,7684.75,7686.0,105
2026-08-25 23:05:00-04:00,7686.0,7686.0,7685.25,7685.5,98
2026-08-25 23:06:00-04:00,7685.5,7685.75,7685.5,7685.75,68
2026-08-25 23:07:00-04:00,7685.5,7685.5,7685.25,7685.5,184
2026-08-25 23:08:00-04:00,7685.75,7685.75,7685.5,7685.5,163
2026-08-25 23:09:00-04:00,7685.5,7686.0,7685.25,7685.5,300
2026-08-25 23:10:00-04:00,7685.5,7686.25,7685.5,7686.0,128
2026-08-25 23:11:00-04:00,7686.0,7686.25,7685.75,7686.25,54
2026-08-25 23:12:00-04:00,7686.25,7686.75,7686.25,7686.5,170
2026-08-25 23:13:00-04:00,7686.5,7686.75,7686.25,7686.75,250
2026-08-25 23:14:00-04:00,7686.75,7688.25,7686.75,7688.0,318
2026-08-25 23:15:00-04:00,7688.0,7688.0,7686.5,7687.0,248
2026-08-25 23:16:00-04:00,7687.0,7687.25,7686.75,7687.25,38
2026-08-25 23:17:00-04:00,7687.0,7687.0,7686.25,7686.25,84
2026-08-25 23:18:00-04:00,7686.5,7687.5,7686.5,7687.0,72
2026-08-25 23:19:00-04:00,7687.0,7687.0,7686.25,7686.5,56
2026-08-25 23:20:00-04:00,7686.5,7687.0,7686.5,7687.0,36
2026-08-25 23:21:00-04:00,7686.75,7686.75,7686.5,7686.5,22
2026-08-25 23:22:00-04:00,7686.5,7686.75,7686.5,7686.75,65
2026-08-25 23:23:00-04:00,7686.75,7686.75,7685.75,7685.75,80
2026-08-25 23:24:00-04:00,7685.75,7686.0,7685.5,7685.75,87
2026-08-25 23:25:00-04:00,7685.75,7686.25,7685.75,7686.0,80
2026-08-25 23:26:00-04:00,7686.0,7686.0,7685.75,7686.0,44
2026-08-25 23:27:00-04:00,7686.0,7686.0,7685.75,7685.75,43
2026-08-25 23:28:00-04:00,7685.75,7685.75,7685.5,7685.5,77
2026-08-25 23:29:00-04:00,7685.5,7685.5,7685.25,7685.25,37
2026-08-25 23:30:00-04:00,7685.25,7685.5,7684.5,7685.25,175
2026-08-25 23:31:00-04:00,7685.25,7685.25,7685.0,7685.0,48
2026-08-25 23:32:00-04:00,7685.0,7686.0,7684.75,7685.75,91
2026-08-25 23:33:00-04:00,7686.0,7686.5,7685.75,7686.5,166
2026-08-25 23:34:00-04:00,7686.5,7686.75,7686.25,7686.5,50
2026-08-25 23:35:00-04:00,7686.75,7687.5,7686.75,7687.5,141
2026-08-25 23:36:00-04:00,7687.25,7687.75,7687.0,7687.75,56
2026-08-25 23:37:00-04:00,7687.75,7688.0,7687.25,7688.0,121
2026-08-25 23:38:00-04:00,7688.0,7688.25,7687.75,7687.75,103
2026-08-25 23:39:00-04:00,7687.75,7688.0,7687.5,7688.0,64
2026-08-25 23:40:00-04:00,7687.75,7688.25,7687.75,7687.75,93
2026-08-25 23:41:00-04:00,7687.75,7688.0,7687.75,7687.75,47
2026-08-25 23:42:00-04:00,7687.75,7687.75,7687.25,7687.25,86
2026-08-25 23:43:00-04:00,7687.25,7687.5,7687.25,7687.25,44
2026-08-25 23:44:00-04:00,7687.5,7687.5,7687.5,7687.5,50
2026-08-25 23:45:00-04:00,7687.75,7688.25,7687.5,7688.25,109
2026-08-25 23:46:00-04:00,7688.25,7690.25,7688.25,7690.25,351
2026-08-25 23:47:00-04:00,7690.0,7690.5,7689.75,7689.75,267
2026-08-25 23:48:00-04:00,7690.0,7690.75,7690.0,7690.5,164
2026-08-25 23:49:00-04:00,7690.5,7690.75,7690.25,7690.75,145
2026-08-25 23:50:00-04:00,7691.0,7691.0,7690.25,7691.0,125
2026-08-25 23:51:00-04:00,7691.0,7691.5,7690.75,7691.5,141
2026-08-25 23:52:00-04:00,7691.5,7692.0,7691.25,7691.75,143
2026-08-25 23:53:00-04:00,7691.5,7691.75,7690.75,7691.0,131
2026-08-25 23:54:00-04:00,7690.75,7691.5,7690.75,7690.75,126
2026-08-25 23:55:00-04:00,7690.75,7691.25,7690.5,7690.75,78
2026-08-25 23:56:00-04:00,7691.0,7691.25,7690.0,7690.25,177
2026-08-25 23:57:00-04:00,7690.25,7690.75,7690.0,7690.75,106
2026-08-25 23:58:00-04:00,7690.75,7690.75,7690.25,7690.25,87
2026-08-26 00:09:00-04:00,7689.75,7690.5,7689.75,7690.5,66
2026-08-26 00:10:00-04:00,7690.25,7691.5,7690.0,7691.25,116
2026-08-26 00:11:00-04:00,7691.0,7691.0,7690.0,7690.0,74
2026-08-26 00:12:00-04:00,7690.0,7690.25,7689.5,7690.0,64
2026-08-26 00:13:00-04:00,7689.75,7690.0,7689.25,7689.5,73
2026-08-26 00:14:00-04:00,7689.5,7690.5,7689.5,7690.5,103
2026-08-26 00:15:00-04:00,7690.5,7690.5,7690.0,7690.0,74
2026-08-26 00:16:00-04:00,7690.0,7690.25,7689.75,7690.0,43
2026-08-26 00:17:00-04:00,7690.0,7690.0,7689.25,7689.5,105
2026-08-26 00:18:00-04:00,7689.75,7690.25,7689.75,7690.25,63
2026-08-26 00:19:00-04:00,7690.25,7690.5,7690.0,7690.25,65
2026-08-26 00:20:00-04:00,7690.5,7690.75,7690.25,7690.25,64
2026-08-26 00:21:00-04:00,7690.5,7690.75,7690.5,7690.75,38
2026-08-26 00:22:00-04:00,7690.75,7690.75,7690.5,7690.5,69
2026-08-26 00:23:00-04:00,7690.5,7690.5,7690.0,7690.0,45
2026-08-26 00:24:00-04:00,7690.0,7690.0,7689.75,7690.0,45
2026-08-26 00:25:00-04:00,7690.0,7691.0,7690.0,7690.75,108
2026-08-26 00:26:00-04:00,7690.75,7690.75,7690.0,7690.25,54
2026-08-26 00:27:00-04:00,7690.25,7690.25,7689.5,7689.75,91
2026-08-26 00:28:00-04:00,7690.0,7690.0,7689.75,7690.0,33
2026-08-26 00:29:00-04:00,7690.25,7690.25,7689.75,7689.75,34
2026-08-26 00:30:00-04:00,7690.0,7690.0,7689.5,7690.0,48
2026-08-26 00:31:00-04:00,7690.0,7690.25,7689.75,7690.25,64
2026-08-26 00:32:00-04:00,7690.25,7690.25,7689.5,7689.75,88
2026-08-26 00:33:00-04:00,7689.75,7689.75,7689.25,7689.5,102
2026-08-26 00:34:00-04:00,7689.5,7689.5,7689.0,7689.0,73
2026-08-26 00:35:00-04:00,7689.0,7689.25,7688.75,7689.25,48
2026-08-26 00:36:00-04:00,7689.5,7689.5,7689.25,7689.25,44
2026-08-26 00:37:00-04:00,7689.5,7689.5,7689.25,7689.5,46
2026-08-26 00:38:00-04:00,7689.5,7689.5,7688.75,7689.0,32
2026-08-26 00:39:00-04:00,7688.75,7688.75,7688.0,7688.0,104
2026-08-26 00:40:00-04:00,7688.0,7688.25,7687.75,7688.25,80
2026-08-26 00:41:00-04:00,7688.5,7688.5,7688.0,7688.0,87
2026-08-26 00:42:00-04:00,7688.25,7688.25,7687.75,7688.0,63
2026-08-26 00:43:00-04:00,7688.0,7688.25,7687.75,7687.75,67
2026-08-26 00:44:00-04:00,7687.75,7687.75,7687.25,7687.25,121
2026-08-26 00:45:00-04:00,7687.25,7687.25,7685.75,7686.0,181
2026-08-26 00:46:00-04:00,7686.0,7686.0,7684.25,7684.5,309
2026-08-26 00:47:00-04:00,7684.5,7684.5,7683.5,7683.75,155
2026-08-26 00:48:00-04:00,7683.75,7684.0,7683.0,7683.0,125
2026-08-26 00:49:00-04:00,7683.25,7683.25,7682.25,7683.0,174
2026-08-26 00:50:00-04:00,7682.75,7683.75,7682.75,7683.0,102
2026-08-26 00:51:00-04:00,7683.25,7683.5,7682.75,7682.75,128
2026-08-26 00:52:00-04:00,7682.75,7683.0,7682.75,7683.0,81
2026-08-26 00:53:00-04:00,7683.0,7683.5,7682.5,7683.25,84
2026-08-26 00:54:00-04:00,7683.5,7684.25,7683.5,7683.75,76
2026-08-26 00:55:00-04:00,7683.75,7684.5,7683.75,7684.0,74
2026-08-26 00:56:00-04:00,7684.0,7684.0,7683.0,7683.0,103
2026-08-26 00:57:00-04:00,7683.0,7683.0,7682.75,7683.0,91
2026-08-26 00:58:00-04:00,7682.75,7683.25,7682.5,7683.0,115
2026-08-26 00:59:00-04:00,7683.25,7683.25,7682.75,7683.25,53
2026-08-26 01:00:00-04:00,7683.25,7684.75,7683.0,7684.75,189
2026-08-26 01:01:00-04:00,7684.75,7686.25,7683.75,7685.75,265
2026-08-26 01:02:00-04:00,7686.0,7687.0,7685.75,7687.0,167
2026-08-26 01:03:00-04:00,7687.0,7687.0,7686.0,7686.5,124
2026-08-26 01:04:00-04:00,7686.5,7686.5,7686.0,7686.25,67
2026-08-26 01:05:00-04:00,7686.25,7686.5,7684.25,7684.75,152
2026-08-26 01:06:00-04:00,7684.75,7686.0,7684.75,7686.0,51
2026-08-26 01:07:00-04:00,7686.0,7687.0,7686.0,7686.25,105
2026-08-26 01:08:00-04:00,7686.25,7686.25,7685.0,7685.5,96
2026-08-26 01:09:00-04:00,7685.75,7687.5,7685.75,7687.5,118
2026-08-26 01:10:00-04:00,7687.5,7687.5,7687.0,7687.0,74
2026-08-26 01:11:00-04:00,7687.0,7687.0,7686.5,7686.5,74
2026-08-26 01:12:00-04:00,7686.5,7686.5,7686.0,7686.0,49
2026-08-26 01:13:00-04:00,7686.0,7686.5,7685.75,7686.0,64
2026-08-26 01:14:00-04:00,7686.0,7686.25,7685.5,7686.0,83
2026-08-26 01:15:00-04:00,7685.75,7686.0,7685.0,7685.25,90
2026-08-26 01:16:00-04:00,7685.25,7685.25,7684.25,7685.0,86
2026-08-26 01:17:00-04:00,7684.5,7685.0,7684.25,7684.75,83
2026-08-26 01:18:00-04:00,7685.0,7686.25,7684.75,7686.0,82
2026-08-26 01:19:00-04:00,7686.0,7686.25,7685.25,7685.25,46
2026-08-26 01:20:00-04:00,7685.25,7685.5,7684.75,7685.25,40
2026-08-26 01:21:00-04:00,7685.0,7685.25,7685.0,7685.0,31
2026-08-26 01:22:00-04:00,7685.0,7685.75,7685.0,7685.25,35
2026-08-26 01:23:00-04:00,7685.25,7685.75,7685.25,7685.75,30
2026-08-26 01:24:00-04:00,7685.75,7686.0,7685.5,7685.75,55
2026-08-26 01:25:00-04:00,7685.75,7686.0,7684.0,7684.25,66
2026-08-26 01:26:00-04:00,7684.5,7685.0,7684.5,7684.5,58
2026-08-26 01:27:00-04:00,7684.5,7685.0,7684.5,7684.75,23
2026-08-26 01:28:00-04:00,7684.75,7685.5,7684.75,7685.0,33
2026-08-26 01:29:00-04:00,7685.25,7686.25,7685.25,7686.0,46
2026-08-26 01:30:00-04:00,7686.25,7687.5,7686.0,7687.25,139
2026-08-26 01:31:00-04:00,7687.25,7687.5,7686.75,7687.5,58
2026-08-26 01:32:00-04:00,7687.25,7687.75,7687.0,7687.5,79
2026-08-26 01:33:00-04:00,7687.5,7687.75,7686.75,7687.25,76
2026-08-26 01:34:00-04:00,7687.25,7687.5,7687.0,7687.0,73
2026-08-26 01:35:00-04:00,7687.25,7687.25,7685.75,7686.25,91
2026-08-26 01:36:00-04:00,7686.25,7686.25,7685.5,7685.5,40
2026-08-26 01:37:00-04:00,7685.5,7686.25,7685.25,7686.0,75
2026-08-26 01:38:00-04:00,7685.75,7686.0,7685.25,7686.0,36
2026-08-26 01:39:00-04:00,7686.0,7686.0,7685.25,7685.75,37
2026-08-26 01:40:00-04:00,7685.75,7685.75,7685.5,7685.75,20
2026-08-26 01:41:00-04:00,7685.75,7686.0,7685.5,7686.0,48
2026-08-26 01:42:00-04:00,7686.0,7686.0,7685.25,7685.25,33
2026-08-26 01:43:00-04:00,7685.25,7685.75,7685.0,7685.25,65
2026-08-26 01:44:00-04:00,7685.25,7686.25,7685.25,7686.0,32
2026-08-26 01:45:00-04:00,7686.0,7686.0,7685.25,7685.25,56
2026-08-26 01:46:00-04:00,7685.25,7685.5,7684.75,7684.75,51
2026-08-26 01:47:00-04:00,7685.0,7685.0,7684.25,7684.5,79
2026-08-26 01:48:00-04:00,7684.75,7685.25,7684.5,7684.75,45
2026-08-26 01:49:00-04:00,7684.75,7684.75,7684.0,7684.5,180
2026-08-26 01:50:00-04:00,7684.75,7684.75,7684.0,7684.75,71
2026-08-26 01:51:00-04:00,7684.75,7685.5,7684.25,7684.5,106
2026-08-26 01:52:00-04:00,7684.5,7684.5,7684.25,7684.5,26
2026-08-26 01:53:00-04:00,7684.5,7684.75,7684.25,7684.25,41
2026-08-26 01:54:00-04:00,7684.5,7684.5,7684.0,7684.0,61
2026-08-26 02:01:00-04:00,7685.5,7685.5,7685.25,7685.25,401
2026-08-26 02:02:00-04:00,7685.25,7685.25,7684.0,7684.25,250
2026-08-26 02:03:00-04:00,7684.25,7684.25,7682.5,7682.75,176
2026-08-26 02:04:00-04:00,7682.75,7683.0,7681.5,7681.5,183
2026-08-26 02:05:00-04:00,7681.5,7682.0,7681.0,7682.0,202
2026-08-26 02:06:00-04:00,7682.0,7682.0,7681.25,7681.25,93
2026-08-26 02:07:00-04:00,7681.5,7681.5,7681.25,7681.5,72
2026-08-26 02:08:00-04:00,7681.25,7681.25,7680.5,7681.0,122
2026-08-26 02:09:00-04:00,7681.25,7682.25,7681.0,7682.0,185
2026-08-26 02:10:00-04:00,7682.0,7684.0,7682.0,7684.0,169
2026-08-26 02:11:00-04:00,7684.0,7684.0,7683.75,7684.0,90
2026-08-26 02:12:00-04:00,7684.0,7684.25,7683.25,7684.0,180
2026-08-26 02:13:00-04:00,7684.0,7684.0,7683.25,7683.25,41
2026-08-26 02:14:00-04:00,7683.25,7683.5,7683.0,7683.0,50
2026-08-26 02:15:00-04:00,7682.5,7682.75,7682.0,7682.25,130
2026-08-26 02:16:00-04:00,7682.25,7682.5,7681.0,7681.75,148
2026-08-26 02:17:00-04:00,7681.75,7682.0,7681.25,7681.75,117
2026-08-26 02:18:00-04:00,7681.75,7682.0,7681.5,7681.75,90
2026-08-26 02:19:00-04:00,7682.0,7682.75,7681.75,7682.75,68
2026-08-26 02:20:00-04:00,7682.75,7682.75,7682.0,7682.5,137
2026-08-26 02:21:00-04:00,7682.5,7682.75,7682.25,7682.5,97
2026-08-26 02:22:00-04:00,7682.75,7683.0,7682.25,7682.5,85
2026-08-26 02:23:00-04:00,7682.25,7682.25,7681.5,7682.0,77
2026-08-26 02:24:00-04:00,7681.75,7682.25,7681.5,7682.25,78
2026-08-26 02:25:00-04:00,7682.25,7683.25,7679.75,7683.25,694
2026-08-26 02:26:00-04:00,7683.25,7684.0,7682.5,7683.5,143
2026-08-26 02:27:00-04:00,7683.5,7683.5,7682.75,7682.75,34
2026-08-26 02:28:00-04:00,7683.0,7683.25,7682.75,7683.0,67
2026-08-26 02:29:00-04:00,7682.75,7683.0,7682.5,7682.5,78
2026-08-26 02:30:00-04:00,7682.5,7682.5,7681.25,7682.0,216
2026-08-26 02:31:00-04:00,7681.75,7683.0,7681.75,7682.75,137
2026-08-26 02:32:00-04:00,7682.75,7683.0,7682.75,7682.75,44
2026-08-26 02:33:00-04:00,7682.75,7683.0,7682.5,7682.75,54
2026-08-26 02:34:00-04:00,7683.0,7685.0,7683.0,7685.0,201
2026-08-26 02:35:00-04:00,7685.0,7686.0,7684.75,7685.75,155
2026-08-26 02:36:00-04:00,7685.75,7686.5,7685.25,7686.25,421
2026-08-26 02:37:00-04:00,7686.0,7686.75,7685.75,7685.75,56
2026-08-26 02:38:00-04:00,7685.75,7686.0,7685.0,7685.5,76
2026-08-26 02:39:00-04:00,7685.5,7685.75,7685.25,7685.75,31
2026-08-26 02:40:00-04:00,7686.0,7686.75,7685.75,7686.75,37
2026-08-26 02:41:00-04:00,7686.5,7687.25,7686.5,7686.75,47
2026-08-26 02:42:00-04:00,7686.5,7687.75,7686.25,7687.75,177
2026-08-26 02:43:00-04:00,7687.75,7687.75,7687.25,7687.5,126
2026-08-26 02:44:00-04:00,7687.5,7688.75,7687.5,7688.75,134
2026-08-26 02:45:00-04:00,7688.5,7690.25,7688.25,7689.75,594
2026-08-26 02:46:00-04:00,7690.0,7690.5,7690.0,7690.25,99
2026-08-26 02:47:00-04:00,7690.25,7690.25,7689.75,7690.0,94
2026-08-26 02:48:00-04:00,7689.75,7691.0,7688.75,7688.75,286
2026-08-26 02:49:00-04:00,7689.0,7689.0,7688.75,7688.75,21
2026-08-26 02:50:00-04:00,7688.75,7689.0,7688.5,7688.5,19
2026-08-26 02:51:00-04:00,7688.75,7688.75,7687.75,7687.75,64
2026-08-26 02:52:00-04:00,7687.75,7687.75,7686.75,7687.5,55
2026-08-26 02:53:00-04:00,7687.75,7687.75,7685.5,7685.75,130
2026-08-26 02:54:00-04:00,7685.75,7686.5,7685.75,7686.25,32
2026-08-26 02:55:00-04:00,7686.5,7686.5,7685.75,7685.75,42
2026-08-26 02:56:00-04:00,7686.0,7688.5,7685.75,7688.25,95
2026-08-26 02:57:00-04:00,7688.25,7688.75,7687.75,7688.75,128
2026-08-26 02:58:00-04:00,7688.75,7689.0,7688.25,7688.25,55
2026-08-26 02:59:00-04:00,7688.5,7688.75,7688.5,7688.5,70
2026-08-26 03:00:00-04:00,7688.0,7688.25,7686.5,7686.5,551
2026-08-26 03:01:00-04:00,7686.5,7687.25,7686.0,7686.5,221
2026-08-26 03:02:00-04:00,7686.5,7687.0,7685.75,7685.75,210
2026-08-26 03:03:00-04:00,7685.5,7687.0,7685.5,7687.0,125
2026-08-26 03:04:00-04:00,7686.75,7688.5,7686.75,7688.0,158
2026-08-26 03:05:00-04:00,7688.25,7688.75,7687.75,7687.75,130
2026-08-26 03:06:00-04:00,7687.75,7688.5,7686.75,7687.25,109
2026-08-26 03:07:00-04:00,7687.25,7687.25,7685.5,7685.5,122
2026-08-26 03:08:00-04:00,7685.5,7685.5,7684.0,7684.25,244
2026-08-26 03:09:00-04:00,7684.5,7684.75,7683.25,7683.5,195
2026-08-26 03:10:00-04:00,7683.75,7683.75,7682.75,7683.0,171
2026-08-26 03:11:00-04:00,7683.25,7683.5,7682.25,7682.75,282
2026-08-26 03:12:00-04:00,7682.75,7685.0,7682.5,7685.0,417
2026-08-26 03:13:00-04:00,7684.75,7687.0,7684.75,7686.75,266
2026-08-26 03:14:00-04:00,7687.0,7687.75,7687.0,7687.5,138
2026-08-26 03:15:00-04:00,7687.75,7688.75,7686.75,7687.5,199
2026-08-26 03:16:00-04:00,7687.5,7688.25,7687.25,7687.25,89
2026-08-26 03:17:00-04:00,7687.25,7687.5,7686.75,7687.0,179
2026-08-26 03:18:00-04:00,7687.25,7687.5,7686.5,7687.5,78
2026-08-26 03:19:00-04:00,7687.5,7687.5,7686.0,7686.5,139
2026-08-26 03:20:00-04:00,7686.5,7686.75,7686.25,7686.25,41
2026-08-26 03:21:00-04:00,7686.0,7686.25,7684.25,7684.25,95
2026-08-26 03:22:00-04:00,7684.5,7684.5,7683.5,7684.0,117
2026-08-26 03:23:00-04:00,7684.5,7685.0,7684.0,7684.5,233
2026-08-26 03:24:00-04:00,7684.5,7685.0,7684.25,7684.5,64
2026-08-26 03:25:00-04:00,7684.75,7685.25,7684.5,7684.75,91
2026-08-26 03:26:00-04:00,7684.75,7684.75,7682.75,7683.5,160
2026-08-26 03:27:00-04:00,7683.5,7684.0,7682.25,7683.5,192
2026-08-26 03:28:00-04:00,7683.25,7683.75,7682.75,7683.75,255
2026-08-26 03:29:00-04:00,7683.75,7684.25,7682.75,7683.0,308
2026-08-26 03:30:00-04:00,7683.0,7683.75,7682.5,7682.75,94
2026-08-26 03:31:00-04:00,7682.75,7682.75,7681.0,7681.0,199
2026-08-26 03:32:00-04:00,7681.25,7681.75,7680.75,7681.5,245
2026-08-26 03:33:00-04:00,7681.75,7682.75,7681.25,7682.25,173
2026-08-26 03:34:00-04:00,7682.5,7682.75,7682.25,7682.5,59
2026-08-26 03:35:00-04:00,7682.5,7684.25,7682.0,7684.0,124
2026-08-26 03:36:00-04:00,7684.0,7684.25,7683.25,7683.25,106
2026-08-26 03:37:00-04:00,7683.5,7684.0,7682.5,7683.25,83
2026-08-26 03:38:00-04:00,7683.25,7683.5,7683.25,7683.25,31
2026-08-26 03:39:00-04:00,7683.5,7683.5,7682.0,7682.5,160
2026-08-26 03:40:00-04:00,7682.5,7682.75,7682.0,7682.5,99
2026-08-26 03:41:00-04:00,7682.5,7683.25,7682.5,7683.25,208
2026-08-26 03:42:00-04:00,7683.0,7683.25,7682.25,7683.0,135
2026-08-26 03:43:00-04:00,7683.0,7683.5,7683.0,7683.25,129
2026-08-26 03:44:00-04:00,7683.0,7683.5,7683.0,7683.5,173
2026-08-26 03:45:00-04:00,7683.25,7683.5,7683.0,7683.25,80
2026-08-26 03:46:00-04:00,7683.25,7683.75,7682.75,7683.75,72
2026-08-26 03:47:00-04:00,7683.75,7684.75,7683.75,7684.75,126
2026-08-26 03:48:00-04:00,7684.5,7686.0,7684.5,7686.0,172
2026-08-26 03:49:00-04:00,7686.25,7686.25,7684.0,7684.0,153
2026-08-26 03:50:00-04:00,7684.0,7684.75,7682.75,7684.25,200
2026-08-26 03:51:00-04:00,7684.5,7684.75,7683.75,7683.75,101
2026-08-26 03:52:00-04:00,7683.75,7684.5,7683.75,7684.5,56
2026-08-26 03:53:00-04:00,7684.25,7684.75,7684.0,7684.0,59
2026-08-26 03:54:00-04:00,7684.25,7684.75,7684.25,7684.75,41
2026-08-26 03:55:00-04:00,7684.75,7685.0,7684.0,7684.5,57
2026-08-26 03:56:00-04:00,7684.5,7686.0,7684.5,7686.0,177
2026-08-26 03:57:00-04:00,7685.75,7686.25,7685.5,7686.0,148
2026-08-26 03:58:00-04:00,7686.0,7686.0,7685.5,7686.0,152
2026-08-26 03:59:00-04:00,7686.0,7686.0,7685.5,7686.0,67
2026-08-26 04:00:00-04:00,7686.0,7686.0,7683.75,7685.25,281
2026-08-26 04:01:00-04:00,7685.0,7686.5,7685.0,7686.0,204
2026-08-26 04:02:00-04:00,7686.25,7686.5,7684.75,7686.5,470
2026-08-26 04:03:00-04:00,7686.25,7686.5,7685.25,7685.75,121
2026-08-26 04:04:00-04:00,7685.75,7689.0,7685.75,7688.25,410
2026-08-26 04:05:00-04:00,7688.0,7688.0,7686.25,7687.0,176
2026-08-26 04:06:00-04:00,7686.75,7688.75,7686.5,7687.25,182
2026-08-26 04:07:00-04:00,7687.25,7687.75,7687.0,7687.5,103
2026-08-26 04:08:00-04:00,7687.25,7688.25,7687.25,7688.0,74
2026-08-26 04:09:00-04:00,7688.25,7689.5,7688.25,7688.75,192
2026-08-26 04:10:00-04:00,7688.75,7689.75,7688.75,7689.25,106
2026-08-26 04:11:00-04:00,7689.25,7690.25,7689.0,7689.25,169
2026-08-26 04:12:00-04:00,7689.0,7689.0,7687.0,7687.0,234
2026-08-26 04:13:00-04:00,7687.0,7687.5,7686.75,7686.75,71
2026-08-26 04:14:00-04:00,7686.75,7686.75,7684.75,7685.0,260
2026-08-26 04:15:00-04:00,7685.25,7685.25,7684.5,7685.0,104
2026-08-26 04:16:00-04:00,7685.25,7688.25,7685.25,7687.75,192
2026-08-26 04:17:00-04:00,7687.5,7687.5,7686.75,7686.75,53
2026-08-26 04:18:00-04:00,7686.75,7686.75,7684.75,7684.75,102
2026-08-26 04:19:00-04:00,7685.0,7685.0,7684.25,7684.75,129
2026-08-26 04:20:00-04:00,7684.75,7685.0,7684.25,7684.25,156
2026-08-26 04:21:00-04:00,7684.25,7684.5,7684.0,7684.25,152
2026-08-26 04:22:00-04:00,7684.25,7684.25,7683.0,7683.0,152
2026-08-26 04:23:00-04:00,7683.25,7683.75,7683.0,7683.25,279
2026-08-26 04:24:00-04:00,7683.5,7683.75,7683.25,7683.75,118
2026-08-26 04:25:00-04:00,7683.75,7685.5,7683.5,7685.25,137
2026-08-26 04:26:00-04:00,7685.25,7685.75,7684.75,7685.75,86
2026-08-26 04:27:00-04:00,7685.5,7686.5,7685.0,7685.75,140
2026-08-26 04:28:00-04:00,7685.75,7687.0,7685.5,7687.0,194
2026-08-26 04:29:00-04:00,7687.25,7689.0,7686.75,7689.0,256
2026-08-26 04:30:00-04:00,7688.75,7689.0,7686.0,7686.75,254
2026-08-26 04:31:00-04:00,7687.0,7687.5,7686.5,7687.5,119
2026-08-26 04:32:00-04:00,7687.5,7688.5,7687.25,7688.25,98
2026-08-26 04:33:00-04:00,7688.25,7690.25,7687.5,7690.25,293
2026-08-26 04:34:00-04:00,7690.0,7690.0,7688.5,7688.5,130
2026-08-26 04:35:00-04:00,7688.25,7688.25,7688.0,7688.25,48
2026-08-26 04:36:00-04:00,7688.25,7689.0,7688.25,7689.0,127
2026-08-26 04:37:00-04:00,7689.0,7689.0,7689.0,7689.0,74
2026-08-26 04:38:00-04:00,7689.0,7689.25,7689.0,7689.25,34
2026-08-26 04:39:00-04:00,7689.25,7689.5,7689.0,7689.5,69
2026-08-26 04:40:00-04:00,7689.5,7689.75,7689.25,7689.5,77
2026-08-26 04:41:00-04:00,7689.5,7689.75,7689.25,7689.5,33
2026-08-26 04:42:00-04:00,7689.5,7691.0,7689.5,7691.0,98
2026-08-26 04:43:00-04:00,7690.75,7691.0,7690.0,7690.25,351
2026-08-26 04:44:00-04:00,7690.25,7690.25,7690.0,7690.25,44
2026-08-26 04:45:00-04:00,7690.0,7690.25,7689.5,7689.75,59
2026-08-26 04:46:00-04:00,7690.0,7690.0,7689.25,7689.75,91
2026-08-26 04:47:00-04:00,7689.5,7689.5,7688.75,7688.75,82
2026-08-26 04:48:00-04:00,7689.0,7689.5,7688.75,7689.5,73
2026-08-26 04:49:00-04:00,7689.25,7689.5,7689.0,7689.25,56
2026-08-26 04:50:00-04:00,7689.25,7689.75,7689.25,7689.75,48
2026-08-26 04:51:00-04:00,7689.75,7689.75,7689.0,7689.25,48
2026-08-26 04:52:00-04:00,7689.25,7689.25,7689.25,7689.25,41
2026-08-26 04:53:00-04:00,7689.25,7689.5,7689.25,7689.25,56
2026-08-26 04:54:00-04:00,7689.25,7689.25,7687.75,7688.25,130
2026-08-26 04:55:00-04:00,7688.25,7688.25,7686.5,7686.5,109
2026-08-26 04:56:00-04:00,7686.75,7687.25,7686.25,7686.5,68
2026-08-26 04:57:00-04:00,7686.5,7686.75,7685.5,7686.25,173
2026-08-26 04:58:00-04:00,7686.25,7687.25,7686.25,7687.0,137
2026-08-26 04:59:00-04:00,7687.25,7688.5,7687.0,7688.5,109
2026-08-26 05:00:00-04:00,7688.75,7689.0,7688.25,7688.25,107
2026-08-26 05:01:00-04:00,7688.0,7689.75,7687.0,7688.25,556
2026-08-26 05:02:00-04:00,7688.5,7688.5,7687.75,7687.75,42
2026-08-26 05:03:00-04:00,7687.75,7688.25,7687.75,7688.0,22
2026-08-26 05:04:00-04:00,7688.0,7688.25,7687.5,7687.5,34
2026-08-26 05:05:00-04:00,7687.25,7687.5,7686.75,7687.25,36
2026-08-26 05:06:00-04:00,7687.25,7687.5,7687.0,7687.0,40
2026-08-26 05:07:00-04:00,7687.25,7687.25,7687.0,7687.25,40
2026-08-26 05:08:00-04:00,7687.0,7687.25,7686.5,7686.5,19
2026-08-26 05:09:00-04:00,7686.75,7686.75,7686.0,7686.0,55
2026-08-26 05:10:00-04:00,7686.0,7687.0,7686.0,7686.75,139
2026-08-26 05:11:00-04:00,7687.0,7687.75,7687.0,7687.5,114
2026-08-26 05:12:00-04:00,7687.5,7687.5,7686.5,7686.5,66
2026-08-26 05:13:00-04:00,7686.5,7686.75,7686.25,7686.25,27
2026-08-26 05:14:00-04:00,7686.25,7686.75,7686.25,7686.5,51
2026-08-26 05:15:00-04:00,7686.5,7687.0,7686.5,7686.5,143
2026-08-26 05:16:00-04:00,7686.75,7686.75,7685.75,7686.25,129
2026-08-26 05:17:00-04:00,7686.25,7686.5,7685.75,7686.0,69
2026-08-26 05:18:00-04:00,7686.0,7686.5,7686.0,7686.25,69
2026-08-26 05:19:00-04:00,7686.25,7686.25,7685.0,7685.5,119
2026-08-26 05:20:00-04:00,7685.75,7687.0,7685.75,7686.5,960
2026-08-26 05:21:00-04:00,7686.25,7686.75,7686.25,7686.75,52
2026-08-26 05:22:00-04:00,7686.5,7686.5,7685.5,7686.25,100
2026-08-26 05:23:00-04:00,7686.25,7686.25,7684.0,7684.5,144
2026-08-26 05:24:00-04:00,7684.25,7684.5,7683.75,7683.75,133
2026-08-26 05:25:00-04:00,7683.75,7685.0,7683.0,7685.0,221
2026-08-26 05:26:00-04:00,7685.0,7685.25,7684.5,7684.5,242
2026-08-26 05:27:00-04:00,7684.5,7684.75,7684.5,7684.5,70
2026-08-26 05:28:00-04:00,7684.5,7684.75,7683.75,7683.75,126
2026-08-26 05:29:00-04:00,7683.75,7685.0,7683.75,7684.75,181
2026-08-26 05:30:00-04:00,7685.0,7686.25,7685.0,7685.0,311
2026-08-26 05:31:00-04:00,7685.25,7686.25,7685.25,7686.25,130
2026-08-26 05:32:00-04:00,7686.0,7686.5,7686.0,7686.25,117
2026-08-26 05:33:00-04:00,7686.25,7687.5,7685.75,7687.5,174
2026-08-26 05:34:00-04:00,7687.5,7687.5,7686.0,7686.25,163
2026-08-26 05:35:00-04:00,7686.5,7686.75,7686.0,7686.0,199
2026-08-26 05:36:00-04:00,7686.25,7686.5,7686.0,7686.5,101
2026-08-26 05:37:00-04:00,7686.5,7686.5,7686.0,7686.0,64
2026-08-26 05:38:00-04:00,7686.0,7686.0,7685.25,7686.0,110
2026-08-26 05:39:00-04:00,7686.0,7686.5,7686.0,7686.5,81
2026-08-26 05:40:00-04:00,7686.5,7686.5,7686.25,7686.25,61
2026-08-26 05:41:00-04:00,7686.25,7686.25,7686.25,7686.25,8
2026-08-26 05:42:00-04:00,7686.0,7686.25,7686.0,7686.25,45
2026-08-26 05:43:00-04:00,7686.25,7687.25,7686.25,7687.0,111
2026-08-26 05:44:00-04:00,7686.75,7687.0,7686.25,7686.5,170
2026-08-26 05:45:00-04:00,7686.75,7687.0,7686.5,7687.0,129
2026-08-26 05:46:00-04:00,7687.25,7688.25,7687.25,7687.75,190
2026-08-26 05:47:00-04:00,7687.75,7687.75,7686.75,7686.75,74
2026-08-26 05:48:00-04:00,7687.0,7687.5,7687.0,7687.25,47
2026-08-26 05:49:00-04:00,7687.25,7687.5,7687.25,7687.5,45
2026-08-26 05:50:00-04:00,7687.5,7688.0,7687.25,7687.75,107
2026-08-26 05:51:00-04:00,7687.5,7688.0,7687.5,7687.75,68
2026-08-26 05:52:00-04:00,7687.75,7687.75,7687.5,7687.5,32
2026-08-26 05:53:00-04:00,7687.5,7687.5,7687.25,7687.25,73
2026-08-26 05:54:00-04:00,7687.25,7688.5,7687.25,7688.0,105
2026-08-26 05:55:00-04:00,7688.25,7688.5,7688.0,7688.25,44
2026-08-26 05:56:00-04:00,7688.25,7688.5,7688.25,7688.5,75
2026-08-26 05:57:00-04:00,7688.25,7688.75,7688.25,7688.75,78
2026-08-26 05:58:00-04:00,7689.0,7689.25,7688.75,7689.25,114
2026-08-26 05:59:00-04:00,7689.25,7689.5,7689.0,7689.0,84
2026-08-26 06:00:00-04:00,7689.0,7689.25,7687.75,7689.25,199
2026-08-26 06:01:00-04:00,7689.0,7689.0,7687.75,7687.75,137
2026-08-26 06:02:00-04:00,7687.75,7687.75,7687.0,7687.0,115
2026-08-26 06:03:00-04:00,7687.0,7687.0,7686.5,7687.0,123
2026-08-26 06:04:00-04:00,7686.75,7687.25,7686.75,7686.75,51
2026-08-26 06:05:00-04:00,7687.0,7687.0,7686.75,7687.0,48
2026-08-26 06:06:00-04:00,7687.25,7687.25,7686.75,7686.75,91
2026-08-26 06:07:00-04:00,7686.75,7686.75,7686.25,7686.25,18
2026-08-26 06:08:00-04:00,7686.5,7686.5,7685.75,7686.0,125
2026-08-26 06:09:00-04:00,7686.0,7686.25,7686.0,7686.25,53
2026-08-26 06:10:00-04:00,7686.25,7686.25,7685.25,7685.25,118
2026-08-26 06:11:00-04:00,7685.25,7685.5,7684.75,7685.0,76
2026-08-26 06:12:00-04:00,7685.25,7685.25,7684.25,7684.5,126
2026-08-26 06:13:00-04:00,7684.5,7684.75,7684.5,7684.75,106
2026-08-26 06:14:00-04:00,7684.75,7684.75,7684.25,7684.5,162
2026-08-26 06:15:00-04:00,7684.5,7685.75,7684.5,7685.75,175
2026-08-26 06:16:00-04:00,7685.75,7685.75,7685.5,7685.75,103
2026-08-26 06:17:00-04:00,7685.75,7685.75,7685.5,7685.5,57
2026-08-26 06:18:00-04:00,7685.75,7685.75,7685.25,7685.5,62
2026-08-26 06:19:00-04:00,7685.5,7685.5,7685.5,7685.5,48
2026-08-26 06:20:00-04:00,7685.5,7685.75,7683.75,7684.0,197
2026-08-26 06:21:00-04:00,7684.25,7684.5,7684.0,7684.0,110
2026-08-26 06:22:00-04:00,7684.0,7684.5,7684.0,7684.5,35
2026-08-26 06:23:00-04:00,7684.75,7685.5,7684.5,7685.5,87
2026-08-26 06:24:00-04:00,7685.5,7686.25,7685.5,7686.25,120
2026-08-26 06:25:00-04:00,7686.25,7686.5,7685.75,7686.25,60
2026-08-26 06:26:00-04:00,7686.25,7686.5,7685.25,7685.5,44
2026-08-26 06:27:00-04:00,7685.25,7685.25,7684.5,7684.5,86
2026-08-26 06:28:00-04:00,7684.5,7684.5,7684.5,7684.5,50
2026-08-26 06:29:00-04:00,7684.25,7684.25,7683.75,7683.75,49
2026-08-26 06:30:00-04:00,7683.75,7683.75,7682.0,7682.25,300
2026-08-26 06:31:00-04:00,7682.5,7682.75,7681.75,7682.75,124
2026-08-26 06:32:00-04:00,7682.75,7684.25,7682.75,7684.25,101
2026-08-26 06:33:00-04:00,7684.25,7685.5,7683.75,7685.25,256
2026-08-26 06:34:00-04:00,7685.25,7687.25,7685.25,7687.25,196
2026-08-26 06:35:00-04:00,7687.5,7688.5,7687.25,7688.25,295
2026-08-26 06:36:00-04:00,7688.25,7688.25,7687.5,7687.75,131
2026-08-26 06:37:00-04:00,7687.75,7687.75,7687.5,7687.75,99
2026-08-26 06:38:00-04:00,7688.0,7689.25,7688.0,7689.25,344
2026-08-26 06:39:00-04:00,7689.25,7689.75,7688.75,7688.75,218
2026-08-26 06:40:00-04:00,7689.0,7690.25,7688.75,7689.75,235
2026-08-26 06:41:00-04:00,7689.5,7689.5,7688.75,7688.75,85
2026-08-26 06:42:00-04:00,7689.0,7689.0,7687.5,7687.5,99
2026-08-26 06:43:00-04:00,7687.5,7687.75,7687.0,7687.25,144
2026-08-26 06:44:00-04:00,7687.0,7687.5,7687.0,7687.25,42
2026-08-26 06:45:00-04:00,7687.25,7687.5,7686.75,7687.25,170
2026-08-26 06:46:00-04:00,7687.25,7688.25,7687.25,7688.0,68
2026-08-26 06:47:00-04:00,7687.75,7687.75,7687.25,7687.5,31
2026-08-26 06:48:00-04:00,7687.5,7688.0,7687.5,7688.0,40
2026-08-26 06:49:00-04:00,7687.75,7689.0,7687.75,7688.5,118
2026-08-26 06:50:00-04:00,7688.5,7688.5,7686.0,7687.5,955
2026-08-26 06:51:00-04:00,7687.5,7687.75,7687.0,7687.25,87
2026-08-26 06:52:00-04:00,7687.25,7687.25,7687.0,7687.0,70
2026-08-26 06:53:00-04:00,7686.75,7686.75,7686.0,7686.25,66
2026-08-26 06:54:00-04:00,7686.25,7687.0,7686.25,7686.5,99
2026-08-26 06:55:00-04:00,7686.5,7686.5,7686.25,7686.5,138
2026-08-26 06:56:00-04:00,7686.5,7686.75,7686.25,7686.5,126
2026-08-26 06:57:00-04:00,7686.5,7686.75,7686.5,7686.75,92
2026-08-26 06:58:00-04:00,7687.0,7687.0,7686.75,7686.75,85
2026-08-26 06:59:00-04:00,7686.75,7687.5,7686.75,7687.0,329
2026-08-26 07:00:00-04:00,7687.25,7689.0,7686.75,7689.0,558
2026-08-26 07:01:00-04:00,7689.0,7690.5,7688.75,7690.25,233
2026-08-26 07:02:00-04:00,7690.0,7690.75,7689.75,7690.25,229
2026-08-26 07:03:00-04:00,7690.25,7690.25,7689.75,7690.0,144
2026-08-26 07:04:00-04:00,7690.0,7690.0,7689.5,7689.75,123
2026-08-26 07:05:00-04:00,7689.5,7689.5,7688.75,7689.25,87
2026-08-26 07:06:00-04:00,7689.0,7689.0,7688.25,7688.5,109
2026-08-26 07:07:00-04:00,7688.5,7688.75,7688.25,7688.25,122
2026-08-26 07:08:00-04:00,7688.25,7688.5,7687.75,7687.75,158
2026-08-26 07:09:00-04:00,7687.5,7687.75,7687.0,7687.5,131
2026-08-26 07:10:00-04:00,7687.5,7687.75,7687.5,7687.75,79
2026-08-26 07:11:00-04:00,7687.75,7688.25,7687.75,7688.0,73
2026-08-26 07:12:00-04:00,7688.25,7689.0,7688.25,7689.0,57
2026-08-26 07:13:00-04:00,7689.0,7690.0,7689.0,7689.5,47
2026-08-26 07:14:00-04:00,7689.75,7690.25,7689.75,7690.0,77
2026-08-26 07:15:00-04:00,7690.25,7691.25,7689.75,7691.0,264
2026-08-26 07:16:00-04:00,7690.75,7691.5,7690.5,7691.5,126
2026-08-26 07:17:00-04:00,7691.25,7691.75,7691.25,7691.5,107
2026-08-26 07:18:00-04:00,7691.25,7694.75,7691.25,7691.75,1569
2026-08-26 07:19:00-04:00,7691.5,7692.25,7690.75,7691.0,315
2026-08-26 07:20:00-04:00,7691.0,7691.25,7690.0,7690.0,90
2026-08-26 07:21:00-04:00,7690.0,7691.25,7690.0,7690.5,126
2026-08-26 07:22:00-04:00,7690.75,7690.75,7690.25,7690.25,75
2026-08-26 07:23:00-04:00,7690.25,7690.5,7690.0,7690.0,71
2026-08-26 07:24:00-04:00,7690.0,7690.25,7689.25,7689.25,73
2026-08-26 07:25:00-04:00,7689.25,7689.75,7689.0,7689.5,80
2026-08-26 07:26:00-04:00,7689.5,7689.75,7689.0,7689.0,74
2026-08-26 07:27:00-04:00,7689.0,7689.75,7688.75,7689.5,140
2026-08-26 07:28:00-04:00,7689.5,7690.0,7688.0,7689.5,299
2026-08-26 07:29:00-04:00,7689.5,7690.0,7689.5,7690.0,149
2026-08-26 07:30:00-04:00,7690.0,7690.25,7689.5,7689.75,137
2026-08-26 07:31:00-04:00,7689.75,7691.5,7689.25,7691.25,228
2026-08-26 07:32:00-04:00,7691.0,7691.5,7690.5,7691.5,151
2026-08-26 07:33:00-04:00,7691.75,7691.75,7690.0,7690.25,122
2026-08-26 07:34:00-04:00,7690.25,7690.25,7689.25,7689.75,143
2026-08-26 07:35:00-04:00,7689.5,7689.75,7688.75,7688.75,122
2026-08-26 07:36:00-04:00,7689.0,7689.0,7688.0,7688.0,163
2026-08-26 07:37:00-04:00,7687.75,7687.75,7686.5,7686.5,512
2026-08-26 07:38:00-04:00,7686.5,7686.5,7684.0,7684.75,540
2026-08-26 07:39:00-04:00,7684.5,7685.0,7684.25,7684.75,275
2026-08-26 07:40:00-04:00,7684.75,7685.0,7684.25,7684.5,284
2026-08-26 07:41:00-04:00,7684.75,7685.5,7684.5,7685.25,223
2026-08-26 07:42:00-04:00,7684.75,7685.75,7683.75,7685.75,315
2026-08-26 07:43:00-04:00,7685.5,7686.0,7685.5,7685.5,119
2026-08-26 07:44:00-04:00,7685.25,7686.5,7685.0,7686.0,242
2026-08-26 07:45:00-04:00,7686.25,7686.5,7685.5,7685.75,342
2026-08-26 07:46:00-04:00,7685.5,7685.75,7684.5,7685.0,209
2026-08-26 07:47:00-04:00,7685.25,7685.75,7685.0,7685.0,165
2026-08-26 07:48:00-04:00,7685.0,7685.0,7683.0,7683.25,449
2026-08-26 07:49:00-04:00,7683.25,7684.75,7683.25,7683.25,303
2026-08-26 07:50:00-04:00,7683.25,7685.25,7683.25,7685.0,318
2026-08-26 07:51:00-04:00,7685.0,7687.5,7684.75,7687.5,563
2026-08-26 07:52:00-04:00,7687.5,7687.5,7686.5,7687.5,178
2026-08-26 07:53:00-04:00,7687.5,7688.0,7687.0,7687.25,181
2026-08-26 07:54:00-04:00,7687.5,7687.5,7686.25,7686.75,232
2026-08-26 07:55:00-04:00,7686.75,7687.75,7686.75,7687.0,182
2026-08-26 07:56:00-04:00,7687.0,7687.5,7686.25,7687.25,259
2026-08-26 07:57:00-04:00,7687.25,7688.25,7687.0,7687.75,223
2026-08-26 07:58:00-04:00,7687.75,7688.25,7687.25,7688.0,271
2026-08-26 07:59:00-04:00,7688.0,7688.25,7687.5,7687.75,296
2026-08-26 08:00:00-04:00,7687.5,7688.25,7686.75,7688.0,649
2026-08-26 08:01:00-04:00,7688.0,7688.25,7685.75,7686.5,571
2026-08-26 08:02:00-04:00,7686.75,7687.75,7686.5,7687.5,280
2026-08-26 08:03:00-04:00,7687.5,7688.25,7685.5,7686.75,340
2026-08-26 08:04:00-04:00,7686.75,7687.5,7686.75,7687.25,246
2026-08-26 08:05:00-04:00,7687.25,7688.0,7686.75,7687.0,226
2026-08-26 08:06:00-04:00,7687.0,7687.25,7686.25,7686.25,209
2026-08-26 08:07:00-04:00,7686.25,7686.25,7685.25,7685.5,146
2026-08-26 08:08:00-04:00,7685.75,7686.25,7685.75,7686.0,251
2026-08-26 08:09:00-04:00,7686.0,7686.5,7686.0,7686.25,133
2026-08-26 08:10:00-04:00,7686.25,7686.5,7685.5,7686.0,181
2026-08-26 08:11:00-04:00,7686.0,7686.25,7685.5,7685.75,179
2026-08-26 08:12:00-04:00,7685.75,7687.0,7685.75,7686.0,331
2026-08-26 08:13:00-04:00,7686.25,7688.0,7686.0,7687.75,260
2026-08-26 08:14:00-04:00,7687.75,7688.0,7687.5,7687.75,270
2026-08-26 08:15:00-04:00,7687.75,7687.75,7686.0,7686.0,190
2026-08-26 08:16:00-04:00,7686.0,7686.25,7685.5,7685.75,212
2026-08-26 08:17:00-04:00,7685.5,7686.5,7685.0,7686.25,222
2026-08-26 08:18:00-04:00,7686.5,7687.75,7686.5,7686.75,197
2026-08-26 08:19:00-04:00,7686.75,7688.0,7686.75,7687.75,206
2026-08-26 08:20:00-04:00,7687.5,7689.25,7687.25,7689.25,568
2026-08-26 08:21:00-04:00,7689.5,7690.75,7689.25,7690.75,526
2026-08-26 08:22:00-04:00,7690.5,7690.75,7690.0,7690.5,355
2026-08-26 08:23:00-04:00,7690.5,7691.5,7690.5,7691.25,286
2026-08-26 08:24:00-04:00,7691.5,7691.5,7690.75,7691.0,228
2026-08-26 08:25:00-04:00,7691.25,7692.5,7691.0,7691.75,327
2026-08-26 08:26:00-04:00,7692.0,7692.0,7691.25,7692.0,323
2026-08-26 08:27:00-04:00,7692.0,7692.75,7692.0,7692.25,279
2026-08-26 08:28:00-04:00,7692.5,7695.0,7692.5,7694.5,925
2026-08-26 08:29:00-04:00,7694.25,7698.5,7693.5,7696.25,1146
2026-08-26 08:30:00-04:00,7696.25,7696.75,7687.25,7689.5,2411
2026-08-26 08:31:00-04:00,7689.75,7690.0,7683.25,7685.0,1964
2026-08-26 08:32:00-04:00,7684.75,7685.5,7682.75,7683.75,1360
2026-08-26 08:33:00-04:00,7683.75,7684.25,7682.0,7683.75,1131
2026-08-26 08:34:00-04:00,7683.75,7685.25,7682.25,7684.0,849
2026-08-26 08:35:00-04:00,7684.0,7684.5,7680.5,7681.5,1252
2026-08-26 08:36:00-04:00,7681.5,7682.25,7679.75,7680.75,1177
2026-08-26 08:37:00-04:00,7680.5,7683.0,7680.0,7682.5,804
2026-08-26 08:38:00-04:00,7682.5,7683.0,7681.0,7681.75,505
2026-08-26 08:39:00-04:00,7681.0,7682.5,7681.0,7681.5,397
2026-08-26 08:40:00-04:00,7681.5,7681.75,7680.5,7681.5,599
2026-08-26 08:41:00-04:00,7681.75,7682.75,7681.0,7681.25,588
2026-08-26 08:42:00-04:00,7681.25,7683.0,7680.75,7683.0,432
2026-08-26 08:43:00-04:00,7682.75,7684.25,7681.5,7683.5,577
2026-08-26 08:44:00-04:00,7683.5,7683.5,7680.75,7681.0,716
2026-08-26 08:45:00-04:00,7680.75,7683.0,7680.5,7681.5,757
2026-08-26 08:46:00-04:00,7681.5,7681.75,7679.25,7679.5,770
2026-08-26 08:47:00-04:00,7679.75,7682.0,7679.75,7681.75,378
2026-08-26 08:48:00-04:00,7681.75,7683.0,7681.5,7682.25,453
2026-08-26 08:49:00-04:00,7682.5,7683.5,7682.25,7683.25,265
2026-08-26 08:50:00-04:00,7683.25,7684.0,7682.5,7683.5,477
2026-08-26 08:51:00-04:00,7683.5,7684.25,7683.0,7683.75,421
2026-08-26 08:52:00-04:00,7683.75,7684.0,7679.5,7680.5,579
2026-08-26 08:53:00-04:00,7680.5,7681.0,7680.0,7680.25,309
2026-08-26 08:54:00-04:00,7680.0,7680.0,7676.5,7679.25,3330
2026-08-26 08:55:00-04:00,7679.25,7680.5,7677.25,7679.75,1408
2026-08-26 08:56:00-04:00,7680.0,7680.25,7679.0,7679.75,803
2026-08-26 08:57:00-04:00,7679.5,7682.25,7679.5,7682.0,737
2026-08-26 08:58:00-04:00,7681.75,7682.25,7678.0,7679.25,2206
2026-08-26 08:59:00-04:00,7679.25,7680.5,7679.25,7679.25,465
2026-08-26 09:00:00-04:00,7679.5,7680.75,7678.5,7680.75,758
2026-08-26 09:01:00-04:00,7680.75,7682.0,7679.25,7681.5,603
2026-08-26 09:02:00-04:00,7681.5,7682.0,7681.0,7681.75,685
2026-08-26 09:03:00-04:00,7682.0,7682.25,7680.5,7681.25,426
2026-08-26 09:04:00-04:00,7681.0,7681.75,7680.75,7680.75,449
2026-08-26 09:05:00-04:00,7681.0,7681.75,7680.0,7681.0,695
2026-08-26 09:06:00-04:00,7680.75,7682.25,7680.25,7680.5,896
2026-08-26 09:07:00-04:00,7680.5,7680.5,7679.5,7679.75,374
2026-08-26 09:08:00-04:00,7679.75,7680.25,7678.25,7678.75,518
2026-08-26 09:09:00-04:00,7678.75,7679.0,7677.5,7678.0,625
2026-08-26 09:10:00-04:00,7678.25,7678.25,7677.25,7677.75,339
2026-08-26 09:11:00-04:00,7677.5,7678.5,7676.75,7678.5,493
2026-08-26 09:12:00-04:00,7678.5,7679.0,7678.0,7679.0,362
2026-08-26 09:13:00-04:00,7679.25,7681.0,7679.0,7681.0,530
2026-08-26 09:14:00-04:00,7681.0,7682.0,7680.75,7682.0,486
2026-08-26 09:15:00-04:00,7682.0,7682.0,7680.75,7680.75,422
2026-08-26 09:16:00-04:00,7680.25,7681.75,7679.25,7681.75,519
2026-08-26 09:17:00-04:00,7681.75,7682.0,7680.0,7680.75,698
2026-08-26 09:18:00-04:00,7680.5,7681.75,7679.75,7680.25,960
2026-08-26 09:19:00-04:00,7680.25,7681.25,7680.0,7681.0,292
2026-08-26 09:20:00-04:00,7681.0,7681.0,7680.25,7680.5,267
2026-08-26 09:21:00-04:00,7680.75,7681.25,7680.0,7680.25,374
2026-08-26 09:22:00-04:00,7680.25,7680.5,7679.75,7680.5,230
2026-08-26 09:23:00-04:00,7680.5,7680.75,7679.75,7679.75,202
2026-08-26 09:24:00-04:00,7679.75,7680.5,7679.5,7680.25,334
2026-08-26 09:25:00-04:00,7680.5,7682.25,7679.5,7681.0,1036
2026-08-26 09:26:00-04:00,7680.75,7681.5,7680.75,7681.25,375
2026-08-26 09:27:00-04:00,7681.25,7681.5,7679.25,7680.0,724
2026-08-26 09:28:00-04:00,7680.0,7681.25,7679.25,7681.0,837
2026-08-26 09:29:00-04:00,7681.0,7681.0,7678.25,7678.5,2121
2026-08-26 09:30:00-04:00,7678.75,7684.0,7678.75,7680.75,9778
2026-08-26 09:31:00-04:00,7680.75,7687.25,7679.5,7687.0,6414
2026-08-26 09:32:00-04:00,7686.5,7688.0,7684.0,7684.25,5153
2026-08-26 09:33:00-04:00,7684.5,7687.0,7684.0,7686.75,3590
2026-08-26 09:34:00-04:00,7687.0,7690.75,7686.0,7689.0,4947
2026-08-26 09:35:00-04:00,7689.25,7689.5,7680.25,7682.5,6207
2026-08-26 09:36:00-04:00,7682.75,7686.5,7680.5,7685.5,5278
2026-08-26 09:37:00-04:00,7685.75,7689.0,7685.25,7689.0,3540
2026-08-26 09:38:00-04:00,7689.0,7690.5,7688.0,7689.25,3396
2026-08-26 09:39:00-04:00,7689.0,7689.25,7686.75,7688.0,3107
2026-08-26 09:40:00-04:00,7688.0,7691.0,7686.75,7689.75,3395
2026-08-26 09:41:00-04:00,7689.75,7690.5,7687.75,7689.0,2739
2026-08-26 09:42:00-04:00,7689.0,7690.75,7686.75,7690.5,2693
2026-08-26 09:43:00-04:00,7690.25,7698.0,7690.0,7695.25,7007
2026-08-26 09:44:00-04:00,7695.5,7698.5,7695.0,7695.25,6054
2026-08-26 09:45:00-04:00,7695.5,7699.5,7695.0,7698.75,5084
2026-08-26 09:46:00-04:00,7698.75,7699.0,7692.5,7694.25,3878
2026-08-26 09:47:00-04:00,7694.5,7694.75,7693.25,7694.5,2077
2026-08-26 09:48:00-04:00,7694.25,7696.75,7694.0,7695.25,2913
2026-08-26 09:49:00-04:00,7695.25,7696.0,7691.5,7691.5,2524
2026-08-26 09:50:00-04:00,7691.25,7691.75,7688.75,7689.0,3755
2026-08-26 09:51:00-04:00,7689.25,7692.25,7688.5,7692.25,2829
2026-08-26 09:52:00-04:00,7692.0,7694.0,7691.75,7693.25,2178
2026-08-26 09:53:00-04:00,7693.0,7696.5,7692.25,7696.25,2566
2026-08-26 09:54:00-04:00,7696.25,7698.75,7695.5,7698.75,2582
2026-08-26 09:55:00-04:00,7698.5,7700.0,7696.75,7699.5,2872
2026-08-26 09:56:00-04:00,7699.75,7701.75,7698.0,7700.0,3151
2026-08-26 09:57:00-04:00,7699.75,7700.5,7698.5,7699.0,2021
2026-08-26 09:58:00-04:00,7698.75,7700.0,7698.25,7699.0,2462
2026-08-26 09:59:00-04:00,7699.0,7701.5,7697.5,7701.25,2309
2026-08-26 10:00:00-04:00,7701.25,7701.25,7698.25,7700.25,3307
2026-08-26 10:01:00-04:00,7700.0,7700.75,7698.5,7699.5,2168
2026-08-26 10:02:00-04:00,7699.5,7701.25,7699.25,7700.5,1851
2026-08-26 10:03:00-04:00,7700.5,7701.5,7699.75,7700.75,1928
2026-08-26 10:04:00-04:00,7700.75,7702.5,7700.25,7700.75,3259
2026-08-26 10:05:00-04:00,7701.25,7701.25,7698.0,7699.75,3329
2026-08-26 10:06:00-04:00,7699.75,7701.75,7698.0,7701.5,2314
2026-08-26 10:07:00-04:00,7701.75,7701.75,7698.75,7699.0,1694
2026-08-26 10:08:00-04:00,7699.0,7700.0,7698.0,7698.75,1387
2026-08-26 10:09:00-04:00,7699.0,7699.25,7697.0,7698.25,1961
2026-08-26 10:10:00-04:00,7698.5,7698.75,7696.5,7697.75,2364
2026-08-26 10:11:00-04:00,7697.5,7698.75,7696.75,7697.75,1717
2026-08-26 10:12:00-04:00,7697.5,7697.75,7694.0,7694.5,3788
2026-08-26 10:13:00-04:00,7694.75,7695.0,7693.0,7695.0,3239
2026-08-26 10:14:00-04:00,7694.75,7696.0,7693.5,7694.0,2612
2026-08-26 10:15:00-04:00,7694.0,7694.75,7692.5,7693.25,3137
2026-08-26 10:16:00-04:00,7693.0,7693.75,7692.0,7693.5,2514
2026-08-26 10:17:00-04:00,7693.25,7694.5,7693.0,7693.5,2020
2026-08-26 10:18:00-04:00,7693.75,7695.75,7692.5,7693.5,2834
2026-08-26 10:19:00-04:00,7693.25,7694.25,7691.75,7691.75,2316
2026-08-26 10:20:00-04:00,7691.75,7692.75,7691.25,7691.25,1983
2026-08-26 10:21:00-04:00,7691.5,7691.75,7690.0,7690.25,3055
2026-08-26 10:22:00-04:00,7690.5,7690.5,7688.0,7689.0,3726
2026-08-26 10:23:00-04:00,7689.0,7690.75,7688.0,7688.25,2912
2026-08-26 10:24:00-04:00,7688.25,7688.75,7686.0,7686.25,3397
2026-08-26 10:25:00-04:00,7686.5,7687.25,7683.75,7684.0,4396
2026-08-26 10:26:00-04:00,7683.75,7684.0,7682.0,7682.5,5089
2026-08-26 10:27:00-04:00,7682.5,7683.25,7680.75,7681.0,4982
2026-08-26 10:28:00-04:00,7681.25,7684.0,7680.5,7684.0,4300
2026-08-26 10:29:00-04:00,7683.75,7684.5,7682.25,7682.75,3569
2026-08-26 10:30:00-04:00,7682.75,7684.75,7682.25,7683.5,3634
2026-08-26 10:31:00-04:00,7683.5,7683.75,7681.25,7683.0,3034
2026-08-26 10:32:00-04:00,7683.0,7683.75,7681.75,7683.0,1847
2026-08-26 10:33:00-04:00,7683.0,7683.25,7682.25,7683.25,1623
2026-08-26 10:34:00-04:00,7683.5,7685.25,7682.25,7683.5,2454
2026-08-26 10:35:00-04:00,7683.25,7684.0,7682.0,7682.75,1446
2026-08-26 10:36:00-04:00,7683.0,7686.0,7682.75,7685.75,2590
2026-08-26 10:37:00-04:00,7685.75,7688.25,7685.5,7688.0,3434
2026-08-26 10:38:00-04:00,7688.0,7688.0,7684.5,7684.75,1910
2026-08-26 10:39:00-04:00,7684.75,7685.75,7684.25,7684.25,1813
2026-08-26 10:40:00-04:00,7684.5,7687.5,7684.0,7687.0,2463
2026-08-26 10:41:00-04:00,7687.0,7687.25,7684.75,7685.75,1314
2026-08-26 10:42:00-04:00,7685.75,7686.25,7683.5,7684.0,1333
2026-08-26 10:43:00-04:00,7684.0,7685.0,7683.75,7684.25,1575
2026-08-26 10:44:00-04:00,7684.5,7686.5,7684.25,7685.75,1474
2026-08-26 10:45:00-04:00,7686.0,7686.75,7683.25,7683.5,3118
2026-08-26 10:46:00-04:00,7683.5,7685.75,7682.75,7685.25,1946
2026-08-26 10:47:00-04:00,7685.0,7686.0,7684.75,7685.0,1230
2026-08-26 10:48:00-04:00,7685.0,7686.5,7684.5,7686.5,1560
2026-08-26 10:49:00-04:00,7686.5,7687.75,7686.0,7687.5,1515
2026-08-26 10:50:00-04:00,7687.75,7689.5,7687.25,7689.25,1989
2026-08-26 10:51:00-04:00,7689.25,7689.75,7688.5,7689.0,1972
2026-08-26 10:52:00-04:00,7689.25,7691.25,7689.0,7691.25,2229
2026-08-26 10:53:00-04:00,7691.0,7691.5,7689.25,7689.25,2113
2026-08-26 10:54:00-04:00,7689.5,7690.0,7688.0,7688.5,2282
2026-08-26 10:55:00-04:00,7688.5,7689.75,7687.25,7689.5,1675
2026-08-26 10:56:00-04:00,7689.5,7690.5,7689.25,7689.5,1295
2026-08-26 10:57:00-04:00,7689.75,7690.75,7689.75,7690.75,1385
2026-08-26 10:58:00-04:00,7690.75,7690.75,7689.75,7690.0,1067
2026-08-26 10:59:00-04:00,7689.75,7691.25,7689.0,7690.75,1531
2026-08-26 11:00:00-04:00,7690.5,7692.75,7690.5,7691.75,2943
2026-08-26 11:01:00-04:00,7692.0,7694.0,7691.5,7694.0,2351
2026-08-26 11:02:00-04:00,7694.0,7696.75,7693.5,7695.5,3850
2026-08-26 11:03:00-04:00,7695.75,7695.75,7693.0,7694.25,2209
2026-08-26 11:04:00-04:00,7694.5,7694.75,7693.5,7694.0,1777
2026-08-26 11:05:00-04:00,7694.25,7695.5,7693.75,7695.25,1932
2026-08-26 11:06:00-04:00,7695.75,7696.0,7694.5,7695.75,1266
2026-08-26 11:07:00-04:00,7695.75,7696.75,7695.5,7696.0,2246
2026-08-26 11:08:00-04:00,7696.0,7697.0,7695.75,7696.75,1781
2026-08-26 11:09:00-04:00,7696.75,7696.75,7695.5,7695.75,1612
2026-08-26 11:10:00-04:00,7695.75,7696.0,7693.75,7695.5,2414
2026-08-26 11:11:00-04:00,7695.5,7696.5,7695.0,7696.0,1722
2026-08-26 11:12:00-04:00,7695.75,7696.75,7695.25,7695.5,1632
2026-08-26 11:13:00-04:00,7695.25,7695.5,7693.25,7694.0,2057
2026-08-26 11:14:00-04:00,7694.0,7695.25,7693.0,7695.0,1783
2026-08-26 11:15:00-04:00,7694.75,7694.75,7692.0,7692.25,2416
2026-08-26 11:16:00-04:00,7692.5,7692.5,7689.25,7689.75,2860
2026-08-26 11:17:00-04:00,7689.75,7689.75,7687.75,7689.0,2752
2026-08-26 11:18:00-04:00,7689.0,7690.5,7688.75,7690.5,2089
2026-08-26 11:19:00-04:00,7690.0,7690.5,7689.0,7690.0,1442
2026-08-26 11:20:00-04:00,7689.75,7691.5,7689.25,7690.5,2005
2026-08-26 11:21:00-04:00,7690.25,7692.5,7690.25,7692.25,1457
2026-08-26 11:22:00-04:00,7692.0,7692.25,7689.5,7689.75,2105
2026-08-26 11:23:00-04:00,7689.5,7690.75,7689.25,7690.5,1276
2026-08-26 11:24:00-04:00,7690.25,7690.5,7689.5,7689.75,1286
2026-08-26 11:25:00-04:00,7689.75,7690.5,7689.25,7689.5,1340
2026-08-26 11:26:00-04:00,7689.5,7690.75,7689.25,7690.0,1682
2026-08-26 11:27:00-04:00,7690.25,7691.5,7689.5,7691.0,1218
2026-08-26 11:28:00-04:00,7691.0,7692.25,7689.75,7692.25,1233
2026-08-26 11:29:00-04:00,7692.0,7692.75,7690.25,7690.5,1408
2026-08-26 11:30:00-04:00,7690.75,7691.25,7689.0,7690.0,2588
2026-08-26 11:31:00-04:00,7690.0,7690.25,7688.0,7689.5,1952
2026-08-26 11:32:00-04:00,7689.5,7690.0,7687.25,7687.25,1793
2026-08-26 11:33:00-04:00,7687.0,7687.5,7685.5,7686.25,1824
2026-08-26 11:34:00-04:00,7686.0,7686.25,7683.0,7684.5,3508
2026-08-26 11:35:00-04:00,7684.5,7686.5,7684.25,7685.75,2803
2026-08-26 11:36:00-04:00,7685.75,7686.0,7685.0,7685.5,1431
2026-08-26 11:37:00-04:00,7685.25,7687.0,7685.0,7687.0,1915
2026-08-26 11:38:00-04:00,7686.75,7687.0,7685.5,7685.75,1304
2026-08-26 11:39:00-04:00,7686.0,7687.75,7685.5,7686.75,1226
2026-08-26 11:40:00-04:00,7686.75,7689.0,7686.25,7688.75,1770
2026-08-26 11:41:00-04:00,7688.75,7689.75,7688.25,7689.0,1358
2026-08-26 11:42:00-04:00,7689.25,7691.0,7688.25,7690.5,1211
2026-08-26 11:43:00-04:00,7690.75,7693.0,7690.5,7692.75,2192
2026-08-26 11:44:00-04:00,7692.75,7693.5,7692.25,7693.0,1855
2026-08-26 11:45:00-04:00,7692.5,7693.5,7692.5,7692.5,1678
2026-08-26 11:46:00-04:00,7692.75,7693.0,7691.75,7692.75,1338
2026-08-26 11:47:00-04:00,7692.75,7694.0,7691.75,7693.5,1556
2026-08-26 11:48:00-04:00,7693.5,7694.5,7693.0,7694.25,1420
2026-08-26 11:49:00-04:00,7694.0,7695.0,7694.0,7694.75,1738
2026-08-26 11:50:00-04:00,7694.75,7695.5,7692.75,7692.75,2702
2026-08-26 11:51:00-04:00,7693.0,7693.0,7686.75,7687.25,9167
2026-08-26 11:52:00-04:00,7687.25,7689.5,7686.5,7687.75,5335
2026-08-26 11:53:00-04:00,7687.75,7688.75,7686.0,7687.5,2707
2026-08-26 11:54:00-04:00,7687.5,7688.25,7685.25,7686.25,2278
2026-08-26 11:55:00-04:00,7686.0,7687.5,7686.0,7686.25,2057
2026-08-26 11:56:00-04:00,7686.25,7689.5,7685.75,7689.5,2170
2026-08-26 11:57:00-04:00,7689.5,7690.0,7687.5,7687.75,1418
2026-08-26 11:58:00-04:00,7687.75,7688.25,7686.25,7686.5,1298
2026-08-26 11:59:00-04:00,7686.25,7686.75,7685.0,7685.25,1720
2026-08-26 12:00:00-04:00,7685.5,7685.75,7682.75,7683.0,2968
2026-08-26 12:01:00-04:00,7682.75,7683.25,7681.0,7681.5,3681
2026-08-26 12:02:00-04:00,7681.5,7683.25,7681.25,7682.5,3261
2026-08-26 12:03:00-04:00,7682.5,7684.0,7681.25,7683.75,2286
2026-08-26 12:04:00-04:00,7683.75,7684.5,7682.75,7684.0,1997
2026-08-26 12:05:00-04:00,7683.75,7684.25,7682.25,7683.75,1996
2026-08-26 12:06:00-04:00,7684.0,7685.5,7683.75,7684.25,1875
2026-08-26 12:07:00-04:00,7684.0,7685.25,7682.75,7684.75,1350
2026-08-26 12:08:00-04:00,7684.75,7686.5,7684.25,7684.5,2133
2026-08-26 12:09:00-04:00,7684.5,7684.75,7683.5,7683.75,946
2026-08-26 12:10:00-04:00,7683.5,7683.75,7681.75,7682.5,1854
2026-08-26 12:11:00-04:00,7682.75,7684.0,7682.5,7684.0,1377
2026-08-26 12:12:00-04:00,7683.75,7685.0,7683.75,7684.25,1879
2026-08-26 12:13:00-04:00,7684.0,7684.75,7683.25,7683.5,1052
2026-08-26 12:14:00-04:00,7683.75,7684.25,7682.0,7682.5,970
2026-08-26 12:15:00-04:00,7682.5,7683.25,7682.25,7683.25,797
2026-08-26 12:16:00-04:00,7683.25,7683.25,7680.75,7681.5,1234
2026-08-26 12:17:00-04:00,7681.25,7681.5,7680.25,7681.25,1940
2026-08-26 12:18:00-04:00,7681.25,7682.0,7680.75,7681.5,1439
2026-08-26 12:19:00-04:00,7681.5,7682.25,7681.25,7682.0,1035
2026-08-26 12:20:00-04:00,7681.75,7682.75,7681.5,7682.5,1341
2026-08-26 12:21:00-04:00,7682.25,7682.75,7680.5,7682.75,1517
2026-08-26 12:22:00-04:00,7683.0,7683.25,7682.0,7682.5,1105
2026-08-26 12:23:00-04:00,7682.25,7682.5,7681.0,7681.5,894
2026-08-26 12:24:00-04:00,7681.5,7682.0,7681.0,7681.5,814
2026-08-26 12:25:00-04:00,7681.5,7682.0,7681.0,7681.75,1001
2026-08-26 12:26:00-04:00,7681.75,7682.0,7679.5,7680.25,1416
2026-08-26 12:27:00-04:00,7680.0,7680.5,7679.25,7679.5,642
2026-08-26 12:28:00-04:00,7679.75,7680.5,7679.5,7680.25,924
2026-08-26 12:29:00-04:00,7680.25,7681.0,7679.75,7680.0,1279
2026-08-26 12:30:00-04:00,7679.75,7681.0,7679.5,7680.25,1326
2026-08-26 12:31:00-04:00,7680.25,7682.0,7680.0,7680.75,1312
2026-08-26 12:32:00-04:00,7681.0,7681.0,7679.5,7680.5,1039
2026-08-26 12:33:00-04:00,7680.5,7681.5,7680.0,7680.25,1138
2026-08-26 12:34:00-04:00,7680.25,7681.25,7680.0,7680.75,879
2026-08-26 12:35:00-04:00,7680.5,7680.75,7679.5,7680.75,951
2026-08-26 12:36:00-04:00,7680.5,7681.0,7679.25,7679.5,859
2026-08-26 12:37:00-04:00,7679.5,7679.5,7676.5,7676.5,2991
2026-08-26 12:38:00-04:00,7676.5,7678.0,7675.75,7677.25,2191
2026-08-26 12:39:00-04:00,7677.25,7677.5,7673.5,7673.5,2495
2026-08-26 12:40:00-04:00,7673.25,7674.5,7672.0,7674.5,2912
2026-08-26 12:41:00-04:00,7674.25,7675.75,7673.75,7675.5,1648
2026-08-26 12:42:00-04:00,7675.5,7676.0,7673.75,7673.75,1287
2026-08-26 12:43:00-04:00,7673.75,7674.0,7671.0,7671.5,2075
2026-08-26 12:44:00-04:00,7671.5,7672.25,7671.0,7672.0,1636
2026-08-26 12:45:00-04:00,7672.0,7673.25,7671.5,7672.5,2053
2026-08-26 12:46:00-04:00,7672.5,7673.75,7671.25,7673.75,2126
2026-08-26 12:47:00-04:00,7673.75,7675.25,7673.25,7675.25,2000
2026-08-26 12:48:00-04:00,7675.0,7675.75,7674.25,7674.75,1458
2026-08-26 12:49:00-04:00,7674.5,7675.0,7672.25,7672.75,1262
2026-08-26 12:50:00-04:00,7672.5,7675.25,7672.5,7675.25,1441
2026-08-26 12:51:00-04:00,7675.25,7675.25,7673.25,7673.5,1164
2026-08-26 12:52:00-04:00,7673.25,7673.75,7672.5,7673.75,1160
2026-08-26 12:53:00-04:00,7673.75,7674.5,7673.5,7673.75,900
2026-08-26 12:54:00-04:00,7674.0,7674.25,7673.5,7673.75,804
2026-08-26 12:55:00-04:00,7673.75,7676.0,7673.75,7675.5,1404
2026-08-26 12:56:00-04:00,7675.75,7677.75,7675.5,7677.25,3265
2026-08-26 12:57:00-04:00,7677.5,7680.0,7677.25,7679.5,3069
2026-08-26 12:58:00-04:00,7678.75,7679.25,7678.25,7678.5,2475
2026-08-26 12:59:00-04:00,7678.5,7679.25,7678.0,7679.25,2273
2026-08-26 13:00:00-04:00,7679.25,7681.25,7677.75,7681.0,3055
2026-08-26 13:01:00-04:00,7681.0,7681.25,7679.75,7680.25,1618
2026-08-26 13:02:00-04:00,7680.25,7680.75,7679.25,7680.0,1394
2026-08-26 13:03:00-04:00,7679.75,7680.5,7679.0,7680.25,1536
2026-08-26 13:04:00-04:00,7680.5,7681.75,7680.25,7681.0,1713
2026-08-26 13:05:00-04:00,7680.75,7680.75,7679.5,7679.75,1349
2026-08-26 13:06:00-04:00,7679.75,7680.5,7679.0,7680.5,1089
2026-08-26 13:07:00-04:00,7680.5,7682.0,7680.25,7681.75,915
2026-08-26 13:08:00-04:00,7681.75,7683.0,7681.5,7682.5,2252
2026-08-26 13:09:00-04:00,7682.5,7683.5,7682.25,7682.5,1547
2026-08-26 13:10:00-04:00,7682.5,7683.0,7681.75,7683.0,1198
2026-08-26 13:11:00-04:00,7683.0,7683.25,7682.25,7682.25,1249
2026-08-26 13:12:00-04:00,7682.75,7683.5,7682.25,7682.75,1242
2026-08-26 13:13:00-04:00,7683.0,7683.25,7682.5,7683.0,933
2026-08-26 13:14:00-04:00,7683.0,7683.5,7682.75,7683.5,787
2026-08-26 13:15:00-04:00,7683.75,7685.75,7683.75,7685.75,3033
2026-08-26 13:16:00-04:00,7685.75,7687.25,7685.25,7686.75,3947
2026-08-26 13:17:00-04:00,7686.75,7686.75,7685.5,7685.75,1984
2026-08-26 13:18:00-04:00,7686.0,7686.25,7684.75,7685.25,2212
2026-08-26 13:19:00-04:00,7685.25,7685.75,7684.75,7685.25,1141
2026-08-26 13:20:00-04:00,7685.25,7687.5,7685.25,7687.0,1262
2026-08-26 13:21:00-04:00,7687.25,7687.25,7686.0,7686.25,1382
2026-08-26 13:22:00-04:00,7686.25,7687.25,7686.0,7687.25,1214
2026-08-26 13:23:00-04:00,7687.25,7689.0,7686.5,7688.25,1759
2026-08-26 13:24:00-04:00,7688.0,7689.0,7687.75,7688.75,982
2026-08-26 13:25:00-04:00,7688.75,7689.0,7686.5,7686.75,1479
2026-08-26 13:26:00-04:00,7686.75,7687.5,7686.5,7687.5,1428
2026-08-26 13:27:00-04:00,7687.25,7688.75,7687.0,7688.75,1314
2026-08-26 13:28:00-04:00,7689.0,7689.5,7688.5,7688.75,1354
2026-08-26 13:29:00-04:00,7689.0,7689.0,7688.0,7688.75,788
2026-08-26 13:30:00-04:00,7688.75,7690.0,7688.5,7690.0,2660
2026-08-26 13:31:00-04:00,7690.0,7690.25,7688.0,7688.5,1993
2026-08-26 13:32:00-04:00,7688.25,7688.75,7687.75,7687.75,2756
2026-08-26 13:33:00-04:00,7687.75,7688.75,7687.75,7688.5,1188
2026-08-26 13:34:00-04:00,7688.25,7690.25,7688.25,7689.75,1160
2026-08-26 13:35:00-04:00,7689.75,7690.5,7689.0,7690.5,1530
2026-08-26 13:36:00-04:00,7690.5,7690.75,7689.25,7689.25,1104
2026-08-26 13:37:00-04:00,7689.25,7689.5,7688.75,7689.0,1436
2026-08-26 13:38:00-04:00,7689.25,7690.25,7689.0,7689.0,910
2026-08-26 13:39:00-04:00,7689.25,7689.25,7688.0,7688.25,741
2026-08-26 13:40:00-04:00,7688.25,7689.5,7688.25,7689.0,1153
2026-08-26 13:41:00-04:00,7689.0,7689.75,7688.25,7689.5,1091
2026-08-26 13:42:00-04:00,7689.5,7689.5,7687.0,7688.25,1534
2026-08-26 13:43:00-04:00,7688.0,7689.25,7688.0,7689.25,797
2026-08-26 13:44:00-04:00,7689.25,7689.75,7688.75,7689.0,918
2026-08-26 13:45:00-04:00,7689.0,7689.25,7688.25,7688.75,927
2026-08-26 13:46:00-04:00,7688.5,7688.75,7687.25,7687.5,690
2026-08-26 13:47:00-04:00,7687.25,7688.0,7686.5,7687.75,1347
2026-08-26 13:48:00-04:00,7687.75,7688.25,7687.0,7687.25,898
2026-08-26 13:49:00-04:00,7687.25,7687.5,7686.75,7686.75,779
2026-08-26 13:50:00-04:00,7686.75,7688.5,7686.75,7688.0,880
2026-08-26 13:51:00-04:00,7687.75,7688.25,7687.0,7687.25,1341
2026-08-26 13:52:00-04:00,7687.25,7688.25,7686.5,7687.5,686
2026-08-26 13:53:00-04:00,7687.5,7688.75,7687.5,7688.75,749
2026-08-26 13:54:00-04:00,7688.75,7690.0,7688.75,7689.75,1107
2026-08-26 13:55:00-04:00,7690.0,7691.0,7689.75,7690.0,2820
2026-08-26 13:56:00-04:00,7690.0,7690.25,7689.0,7689.25,761
2026-08-26 13:57:00-04:00,7689.25,7689.75,7688.75,7689.5,769
2026-08-26 13:58:00-04:00,7689.25,7690.0,7689.0,7689.75,485
2026-08-26 13:59:00-04:00,7689.5,7689.5,7688.5,7688.75,625
2026-08-26 14:00:00-04:00,7689.0,7689.0,7687.75,7688.25,1193
2026-08-26 14:01:00-04:00,7688.5,7688.5,7687.25,7687.25,769
2026-08-26 14:02:00-04:00,7687.5,7688.25,7687.25,7687.75,873
2026-08-26 14:03:00-04:00,7687.75,7688.5,7687.5,7687.75,840
2026-08-26 14:04:00-04:00,7688.0,7688.25,7687.25,7687.5,503
2026-08-26 14:05:00-04:00,7687.5,7689.25,7687.25,7688.25,893
2026-08-26 14:06:00-04:00,7688.25,7689.0,7688.25,7688.75,559
2026-08-26 14:07:00-04:00,7688.75,7689.5,7688.25,7689.25,707
2026-08-26 14:08:00-04:00,7689.25,7690.25,7689.0,7690.0,743
2026-08-26 14:09:00-04:00,7690.0,7690.75,7689.5,7689.75,1619
2026-08-26 14:10:00-04:00,7690.0,7690.0,7688.25,7688.5,1037
2026-08-26 14:11:00-04:00,7688.5,7688.5,7687.5,7687.5,831
2026-08-26 14:12:00-04:00,7687.75,7687.75,7686.25,7687.0,1214
2026-08-26 14:13:00-04:00,7686.75,7687.0,7686.25,7686.75,965
2026-08-26 14:14:00-04:00,7686.75,7686.75,7685.75,7686.5,974
2026-08-26 14:15:00-04:00,7686.25,7686.75,7685.5,7686.25,938
2026-08-26 14:16:00-04:00,7686.25,7687.25,7686.0,7686.5,1065
2026-08-26 14:17:00-04:00,7686.5,7688.75,7686.5,7688.5,1358
2026-08-26 14:18:00-04:00,7688.5,7689.75,7688.25,7689.25,1738
2026-08-26 14:19:00-04:00,7689.25,7689.75,7688.75,7689.5,831
2026-08-26 14:20:00-04:00,7689.5,7692.0,7689.25,7691.5,2728
2026-08-26 14:21:00-04:00,7691.5,7691.5,7690.0,7690.0,1228
2026-08-26 14:22:00-04:00,7689.75,7690.5,7689.5,7689.75,832
2026-08-26 14:23:00-04:00,7689.75,7690.25,7688.5,7689.0,955
2026-08-26 14:24:00-04:00,7688.75,7689.0,7687.5,7687.75,1117
2026-08-26 14:25:00-04:00,7687.75,7688.75,7687.0,7688.5,1596
2026-08-26 14:26:00-04:00,7688.75,7689.0,7688.0,7688.25,755
2026-08-26 14:27:00-04:00,7688.25,7689.25,7687.75,7689.0,835
2026-08-26 14:28:00-04:00,7689.0,7689.25,7688.25,7689.0,554
2026-08-26 14:29:00-04:00,7689.0,7689.5,7687.5,7688.25,898
2026-08-26 14:30:00-04:00,7688.25,7688.5,7687.25,7687.75,1095
2026-08-26 14:31:00-04:00,7687.5,7688.25,7687.5,7688.25,763
2026-08-26 14:32:00-04:00,7688.25,7689.25,7687.75,7689.25,768
2026-08-26 14:33:00-04:00,7689.5,7691.0,7689.25,7690.5,1644
2026-08-26 14:34:00-04:00,7690.5,7690.75,7689.25,7689.75,1030
2026-08-26 14:35:00-04:00,7689.75,7690.0,7689.25,7690.0,810
2026-08-26 14:36:00-04:00,7690.0,7690.0,7689.25,7689.75,809
2026-08-26 14:37:00-04:00,7689.75,7690.0,7688.5,7688.75,868
2026-08-26 14:38:00-04:00,7688.75,7689.5,7688.25,7689.25,938
2026-08-26 14:39:00-04:00,7689.25,7690.25,7689.0,7689.5,823
2026-08-26 14:40:00-04:00,7689.5,7689.75,7688.5,7689.5,585
2026-08-26 14:41:00-04:00,7689.5,7690.25,7689.25,7690.0,521
2026-08-26 14:42:00-04:00,7690.0,7690.75,7689.5,7689.5,1163
2026-08-26 14:43:00-04:00,7689.5,7690.0,7689.25,7689.75,479
2026-08-26 14:44:00-04:00,7689.5,7690.75,7689.5,7690.75,825
2026-08-26 14:45:00-04:00,7690.75,7694.0,7690.5,7693.25,3459
2026-08-26 14:46:00-04:00,7693.25,7694.75,7693.0,7694.75,2340
2026-08-26 14:47:00-04:00,7695.0,7696.5,7694.75,7696.0,3566
2026-08-26 14:48:00-04:00,7696.0,7696.5,7694.25,7694.5,2296
2026-08-26 14:49:00-04:00,7694.5,7695.5,7694.5,7695.25,1565
2026-08-26 14:50:00-04:00,7695.25,7695.75,7694.25,7694.5,1476
2026-08-26 14:51:00-04:00,7694.5,7695.0,7694.0,7695.0,907
2026-08-26 14:52:00-04:00,7695.0,7696.25,7694.75,7696.0,1117
2026-08-26 14:53:00-04:00,7696.25,7698.0,7695.75,7697.25,2927
2026-08-26 14:54:00-04:00,7697.5,7697.75,7696.5,7697.0,1292
2026-08-26 14:55:00-04:00,7697.0,7697.0,7695.5,7695.75,1302
2026-08-26 14:56:00-04:00,7695.75,7696.5,7695.5,7696.25,1073
2026-08-26 14:57:00-04:00,7696.5,7697.75,7696.25,7697.0,1329
2026-08-26 14:58:00-04:00,7697.0,7698.5,7696.5,7698.0,2579
2026-08-26 14:59:00-04:00,7698.0,7698.0,7697.25,7697.25,912
2026-08-26 15:00:00-04:00,7697.5,7702.0,7696.75,7701.75,4159
2026-08-26 15:01:00-04:00,7702.0,7703.0,7700.25,7701.0,3680
2026-08-26 15:02:00-04:00,7701.0,7704.5,7701.0,7703.0,2757
2026-08-26 15:03:00-04:00,7703.0,7703.5,7702.25,7703.0,1566
2026-08-26 15:04:00-04:00,7702.75,7705.5,7702.5,7705.0,2321
2026-08-26 15:05:00-04:00,7705.0,7705.0,7702.75,7703.0,1752
2026-08-26 15:06:00-04:00,7703.25,7703.5,7702.5,7703.25,1748
2026-08-26 15:07:00-04:00,7703.5,7703.5,7702.25,7702.5,1433
2026-08-26 15:08:00-04:00,7702.5,7702.75,7700.75,7701.75,1466
2026-08-26 15:09:00-04:00,7701.75,7702.0,7701.25,7701.5,788
2026-08-26 15:10:00-04:00,7701.75,7702.5,7701.5,7701.75,974
2026-08-26 15:11:00-04:00,7702.0,7703.25,7701.5,7703.25,1265
2026-08-26 15:12:00-04:00,7703.0,7703.25,7701.75,7702.75,2102
2026-08-26 15:13:00-04:00,7702.75,7702.75,7701.25,7701.5,1243
2026-08-26 15:14:00-04:00,7701.5,7702.0,7701.0,7702.0,1247
2026-08-26 15:15:00-04:00,7701.75,7703.25,7701.75,7703.0,1213
2026-08-26 15:16:00-04:00,7703.0,7704.0,7702.0,7703.75,1838
2026-08-26 15:17:00-04:00,7703.75,7704.0,7703.0,7703.75,865
2026-08-26 15:18:00-04:00,7703.5,7703.75,7702.75,7703.5,721
2026-08-26 15:19:00-04:00,7703.75,7704.75,7703.5,7704.0,1288
2026-08-26 15:20:00-04:00,7704.0,7704.25,7700.75,7701.0,1552
2026-08-26 15:21:00-04:00,7701.0,7701.25,7700.25,7701.0,1593
2026-08-26 15:22:00-04:00,7701.25,7702.75,7701.0,7701.75,1317
2026-08-26 15:23:00-04:00,7701.5,7702.25,7700.75,7702.25,933
2026-08-26 15:24:00-04:00,7702.25,7703.25,7702.25,7702.75,907
2026-08-26 15:25:00-04:00,7702.5,7703.0,7702.25,7702.75,741
2026-08-26 15:26:00-04:00,7702.75,7704.0,7702.25,7703.25,1633
2026-08-26 15:27:00-04:00,7703.0,7703.75,7702.5,7703.25,861
2026-08-26 15:28:00-04:00,7703.25,7703.25,7701.5,7701.5,896
2026-08-26 15:29:00-04:00,7701.5,7702.25,7700.75,7701.5,1104
2026-08-26 15:30:00-04:00,7701.5,7701.5,7700.0,7700.5,2025
2026-08-26 15:31:00-04:00,7700.25,7701.0,7700.0,7700.75,1265
2026-08-26 15:32:00-04:00,7700.75,7701.5,7700.0,7701.0,1267
2026-08-26 15:33:00-04:00,7701.0,7701.5,7700.0,7700.5,1256
2026-08-26 15:34:00-04:00,7700.25,7701.25,7700.25,7701.25,1174
2026-08-26 15:35:00-04:00,7701.25,7701.25,7700.0,7700.5,1336
2026-08-26 15:36:00-04:00,7700.5,7700.75,7699.0,7699.25,1572
2026-08-26 15:37:00-04:00,7699.0,7699.75,7698.5,7699.25,1479
2026-08-26 15:38:00-04:00,7699.5,7700.0,7698.75,7698.75,1153
2026-08-26 15:39:00-04:00,7699.0,7699.5,7698.25,7699.25,1502
2026-08-26 15:40:00-04:00,7699.25,7701.0,7699.25,7700.25,2360
2026-08-26 15:41:00-04:00,7700.25,7700.25,7699.0,7699.75,1642
2026-08-26 15:42:00-04:00,7699.25,7699.75,7699.0,7699.75,1230
2026-08-26 15:43:00-04:00,7700.0,7701.25,7699.0,7699.0,2707
2026-08-26 15:44:00-04:00,7699.0,7699.75,7698.25,7699.5,1751
2026-08-26 15:45:00-04:00,7699.0,7700.0,7698.75,7700.0,1990
2026-08-26 15:46:00-04:00,7699.75,7702.0,7699.75,7701.0,2237
2026-08-26 15:47:00-04:00,7701.0,7701.5,7699.75,7701.25,1605
2026-08-26 15:48:00-04:00,7701.0,7702.25,7700.5,7702.25,1277
2026-08-26 15:49:00-04:00,7702.0,7703.5,7702.0,7703.5,2100
2026-08-26 15:50:00-04:00,7703.5,7704.5,7700.5,7702.0,3280
2026-08-26 15:51:00-04:00,7702.0,7702.5,7700.5,7700.5,1403
2026-08-26 15:52:00-04:00,7700.75,7701.5,7697.75,7698.25,2822
2026-08-26 15:53:00-04:00,7698.25,7698.5,7696.0,7696.25,3891
2026-08-26 15:54:00-04:00,7696.25,7697.0,7692.25,7694.25,7636
2026-08-26 15:55:00-04:00,7693.25,7694.75,7691.75,7694.5,7485
2026-08-26 15:56:00-04:00,7694.25,7695.75,7694.0,7695.5,3253
2026-08-26 15:57:00-04:00,7695.25,7696.75,7694.25,7694.75,4086
2026-08-26 15:58:00-04:00,7694.75,7695.0,7691.0,7691.75,9334
2026-08-26 15:59:00-04:00,7692.0,7693.25,7687.0,7692.0,42591
2026-08-26 16:00:00-04:00,7692.25,7694.5,7690.25,7693.25,11763
2026-08-26 16:01:00-04:00,7693.5,7698.25,7693.25,7697.25,2878
2026-08-26 16:02:00-04:00,7697.25,7699.25,7696.0,7699.0,1268
2026-08-26 16:03:00-04:00,7698.5,7700.25,7698.0,7699.75,1133
2026-08-26 16:04:00-04:00,7700.0,7703.25,7699.5,7700.5,2051
2026-08-26 16:05:00-04:00,7700.25,7703.0,7699.5,7702.0,1609
2026-08-26 16:06:00-04:00,7702.0,7703.25,7701.25,7703.0,924
2026-08-26 16:07:00-04:00,7703.0,7703.25,7701.25,7702.5,616
2026-08-26 16:08:00-04:00,7702.5,7703.25,7701.25,7701.75,698
2026-08-26 16:09:00-04:00,7701.5,7702.75,7701.0,7701.75,647
2026-08-26 16:10:00-04:00,7701.75,7702.5,7700.75,7702.5,629
2026-08-26 16:11:00-04:00,7702.25,7702.75,7701.0,7701.75,233
2026-08-26 16:12:00-04:00,7701.75,7702.5,7701.5,7702.5,289
2026-08-26 16:13:00-04:00,7703.0,7703.5,7702.5,7703.5,521
2026-08-26 16:14:00-04:00,7703.25,7704.0,7702.5,7703.0,779
2026-08-26 16:15:00-04:00,7703.25,7704.5,7703.0,7704.25,457
2026-08-26 16:16:00-04:00,7704.25,7705.0,7701.25,7702.75,953
2026-08-26 16:17:00-04:00,7703.0,7704.25,7702.5,7703.25,583
2026-08-26 16:18:00-04:00,7703.0,7707.0,7702.75,7704.75,756
2026-08-26 16:19:00-04:00,7704.25,7706.75,7704.25,7706.5,695
2026-08-26 16:20:00-04:00,7705.75,7706.5,7695.75,7696.0,4713
2026-08-26 16:21:00-04:00,7696.0,7699.25,7691.5,7692.0,2442
2026-08-26 16:22:00-04:00,7692.5,7694.5,7690.25,7694.0,2045
2026-08-26 16:23:00-04:00,7694.25,7700.0,7693.0,7697.75,1480
2026-08-26 16:24:00-04:00,7697.75,7701.0,7697.25,7698.0,1039
2026-08-26 16:25:00-04:00,7698.0,7701.5,7697.5,7697.5,1172
2026-08-26 16:26:00-04:00,7697.5,7699.0,7694.5,7696.5,1072
2026-08-26 16:27:00-04:00,7696.75,7697.75,7694.5,7696.25,643
2026-08-26 16:28:00-04:00,7696.25,7700.0,7696.25,7697.75,519
2026-08-26 16:29:00-04:00,7697.5,7698.25,7696.25,7697.5,365
2026-08-26 16:30:00-04:00,7697.5,7697.75,7694.75,7695.75,436
2026-08-26 16:31:00-04:00,7695.25,7696.25,7693.5,7694.0,610
2026-08-26 16:32:00-04:00,7694.0,7695.75,7694.0,7694.75,594
2026-08-26 16:33:00-04:00,7694.5,7695.25,7692.75,7695.0,463
2026-08-26 16:34:00-04:00,7695.0,7695.75,7694.25,7694.25,357
2026-08-26 16:35:00-04:00,7694.5,7696.75,7694.5,7695.75,251
2026-08-26 16:36:00-04:00,7696.0,7696.75,7695.5,7696.5,217
2026-08-26 16:37:00-04:00,7696.75,7697.5,7696.0,7697.25,403
2026-08-26 16:38:00-04:00,7697.5,7698.75,7697.25,7698.0,515
2026-08-26 16:39:00-04:00,7697.75,7697.75,7696.25,7697.0,197
2026-08-26 16:40:00-04:00,7696.75,7698.5,7696.75,7698.25,415
2026-08-26 16:41:00-04:00,7698.5,7699.0,7696.75,7697.0,275
2026-08-26 16:42:00-04:00,7697.0,7697.25,7695.75,7695.75,235
2026-08-26 16:43:00-04:00,7696.5,7697.0,7695.75,7696.25,291
2026-08-26 16:44:00-04:00,7696.0,7697.25,7695.75,7696.75,229
2026-08-26 16:45:00-04:00,7696.75,7697.25,7696.0,7697.25,348
2026-08-26 16:46:00-04:00,7697.0,7698.0,7697.0,7697.25,232
2026-08-26 16:47:00-04:00,7697.25,7698.75,7697.25,7698.5,341
2026-08-26 16:48:00-04:00,7698.75,7700.5,7698.5,7700.25,457
2026-08-26 16:49:00-04:00,7700.0,7702.0,7700.0,7702.0,644
2026-08-26 16:50:00-04:00,7702.25,7705.0,7702.0,7704.75,883
2026-08-26 16:51:00-04:00,7704.5,7704.75,7701.75,7701.75,846
2026-08-26 16:52:00-04:00,7702.0,7703.75,7701.75,7703.75,318
2026-08-26 16:53:00-04:00,7703.75,7704.25,7703.5,7703.5,367
2026-08-26 16:54:00-04:00,7703.75,7704.75,7703.0,7704.25,428
2026-08-26 16:55:00-04:00,7704.25,7705.0,7703.75,7704.5,410
2026-08-26 16:56:00-04:00,7704.75,7705.75,7704.5,7705.25,291
2026-08-26 16:57:00-04:00,7705.25,7706.5,7704.75,7706.25,468
2026-08-26 16:58:00-04:00,7706.25,7709.25,7706.0,7709.0,1060
2026-08-26 16:59:00-04:00,7709.0,7710.25,7707.75,7710.0,906
2026-08-26 18:00:00-04:00,7722.0,7729.5,7721.25,7729.5,0
2026-08-26 18:01:00-04:00,7729.25,7735.0,7729.0,7731.75,1711
2026-08-26 18:02:00-04:00,7731.25,7731.75,7728.75,7731.0,526
2026-08-26 18:03:00-04:00,7730.75,7733.75,7730.75,7731.5,445
2026-08-26 18:04:00-04:00,7732.0,7734.75,7730.5,7734.75,511
2026-08-26 18:05:00-04:00,7734.25,7735.0,7731.75,7732.25,494
2026-08-26 18:06:00-04:00,7732.25,7732.75,7729.75,7731.0,556
2026-08-26 18:07:00-04:00,7731.5,7732.25,7730.5,7732.0,348
2026-08-26 18:08:00-04:00,7732.25,7732.25,7729.75,7730.5,188
2026-08-26 18:09:00-04:00,7730.5,7731.0,7730.0,7730.75,183
2026-08-26 18:10:00-04:00,7730.75,7732.25,7730.5,7732.0,408
2026-08-26 18:11:00-04:00,7732.25,7732.75,7729.75,7730.0,462
2026-08-26 18:12:00-04:00,7730.25,7732.5,7730.0,7732.5,195
2026-08-26 18:13:00-04:00,7732.75,7733.75,7732.25,7733.75,189
2026-08-26 18:14:00-04:00,7733.5,7733.75,7731.0,7733.25,560
2026-08-26 18:15:00-04:00,7733.25,7734.25,7732.5,7732.5,338
2026-08-26 18:16:00-04:00,7732.5,7733.0,7731.25,7733.0,208
2026-08-26 18:17:00-04:00,7732.75,7735.75,7732.5,7735.25,335
2026-08-26 18:18:00-04:00,7735.5,7737.5,7734.25,7737.5,292
2026-08-26 18:19:00-04:00,7737.5,7738.25,7735.75,7736.0,301
2026-08-26 18:20:00-04:00,7736.0,7736.75,7734.5,7736.25,348
2026-08-26 18:21:00-04:00,7736.5,7737.75,7736.0,7737.75,192
2026-08-26 18:22:00-04:00,7737.75,7738.5,7737.5,7737.75,235
2026-08-26 18:23:00-04:00,7737.75,7737.75,7736.75,7736.75,95
2026-08-26 18:24:00-04:00,7736.75,7737.25,7736.0,7736.75,108
2026-08-26 18:25:00-04:00,7737.0,7737.0,7736.25,7736.5,65
2026-08-26 18:26:00-04:00,7737.0,7738.5,7736.75,7738.0,177
2026-08-26 18:27:00-04:00,7737.75,7738.25,7736.75,7737.0,115
2026-08-26 18:28:00-04:00,7737.0,7738.0,7737.0,7738.0,79
2026-08-26 18:29:00-04:00,7737.75,7738.25,7737.5,7738.0,77
2026-08-26 18:30:00-04:00,7738.0,7738.5,7737.75,7737.75,191
2026-08-26 18:31:00-04:00,7737.75,7738.5,7737.25,7737.5,113
2026-08-26 18:32:00-04:00,7737.75,7738.75,7737.75,7738.5,128
2026-08-26 18:33:00-04:00,7738.75,7739.0,7738.25,7738.75,1195
2026-08-26 18:34:00-04:00,7739.0,7739.0,7738.75,7739.0,127
2026-08-26 18:35:00-04:00,7739.0,7741.25,7739.0,7740.5,1018
2026-08-26 18:36:00-04:00,7740.5,7740.75,7739.25,7739.5,178
2026-08-26 18:37:00-04:00,7739.75,7740.0,7739.25,7739.25,69
2026-08-26 18:38:00-04:00,7739.5,7739.75,7738.75,7739.75,162
2026-08-26 18:39:00-04:00,7739.5,7739.75,7738.25,7738.25,183
2026-08-26 18:40:00-04:00,7738.5,7739.5,7738.25,7739.25,185
2026-08-26 18:41:00-04:00,7739.25,7739.25,7738.75,7739.0,46
2026-08-26 18:42:00-04:00,7738.75,7740.0,7738.75,7740.0,73
2026-08-26 18:43:00-04:00,7740.0,7740.0,7739.5,7739.75,62
2026-08-26 18:44:00-04:00,7739.75,7741.25,7739.75,7741.0,264
2026-08-26 18:45:00-04:00,7741.25,7741.25,7740.25,7740.5,57
2026-08-26 18:46:00-04:00,7740.25,7740.75,7740.25,7740.5,53
2026-08-26 18:47:00-04:00,7740.5,7740.5,7739.5,7740.0,176
2026-08-26 18:48:00-04:00,7740.0,7740.25,7739.0,7739.0,149
2026-08-26 18:49:00-04:00,7738.75,7739.5,7738.25,7738.5,276
2026-08-26 18:50:00-04:00,7738.5,7738.75,7738.0,7738.75,197
2026-08-26 18:51:00-04:00,7738.75,7738.75,7737.0,7738.25,249
2026-08-26 18:52:00-04:00,7738.5,7739.5,7738.5,7738.5,201
2026-08-26 18:53:00-04:00,7738.75,7738.75,7736.5,7736.5,264
2026-08-26 18:54:00-04:00,7736.5,7737.0,7736.0,7736.25,136
2026-08-26 18:55:00-04:00,7736.5,7736.75,7736.25,7736.5,80
2026-08-26 18:56:00-04:00,7736.25,7736.5,7735.75,7736.0,86
2026-08-26 18:57:00-04:00,7736.0,7736.75,7735.75,7736.25,175
2026-08-26 18:58:00-04:00,7736.25,7736.5,7736.0,7736.25,30
2026-08-26 18:59:00-04:00,7736.5,7736.75,7736.25,7736.25,61
2026-08-26 19:00:00-04:00,7736.0,7737.0,7735.5,7736.25,205
2026-08-26 19:01:00-04:00,7736.75,7736.75,7736.25,7736.5,81
2026-08-26 19:02:00-04:00,7736.5,7737.0,7735.75,7735.75,193
2026-08-26 19:03:00-04:00,7736.0,7736.5,7735.75,7735.75,112
2026-08-26 19:04:00-04:00,7735.75,7735.75,7735.5,7735.75,85
2026-08-26 19:05:00-04:00,7735.75,7736.0,7735.5,7735.75,77
2026-08-26 19:06:00-04:00,7735.75,7736.25,7735.75,7736.0,97
2026-08-26 19:07:00-04:00,7735.75,7735.75,7734.75,7735.25,236
2026-08-26 19:08:00-04:00,7735.0,7735.0,7734.25,7734.75,151
2026-08-26 19:09:00-04:00,7734.75,7735.0,7734.5,7735.0,75
2026-08-26 19:10:00-04:00,7735.0,7735.5,7735.0,7735.25,73
2026-08-26 19:11:00-04:00,7735.25,7735.25,7734.25,7734.25,112
2026-08-26 19:12:00-04:00,7734.25,7734.5,7734.25,7734.5,77
2026-08-26 19:13:00-04:00,7734.5,7734.75,7734.5,7734.75,55
2026-08-26 19:14:00-04:00,7734.75,7735.25,7734.75,7735.0,85
2026-08-26 19:15:00-04:00,7735.25,7735.25,7734.75,7734.75,87
2026-08-26 19:16:00-04:00,7734.75,7734.75,7733.5,7734.0,189
2026-08-26 19:17:00-04:00,7733.75,7733.75,7733.25,7733.75,87
2026-08-26 19:18:00-04:00,7733.5,7734.25,7733.5,7734.0,98
2026-08-26 19:19:00-04:00,7734.25,7734.5,7734.0,7734.0,61
2026-08-26 19:20:00-04:00,7733.75,7734.0,7733.75,7734.0,30
2026-08-26 19:21:00-04:00,7734.0,7735.5,7734.0,7734.5,154
2026-08-26 19:22:00-04:00,7734.5,7734.5,7734.0,7734.5,50
2026-08-26 19:23:00-04:00,7734.5,7734.75,7734.25,7734.5,58
2026-08-26 19:24:00-04:00,7734.5,7735.0,7734.25,7735.0,24
2026-08-26 19:25:00-04:00,7735.0,7735.75,7735.0,7735.5,100
2026-08-26 19:26:00-04:00,7735.5,7736.0,7735.25,7735.5,82
2026-08-26 19:27:00-04:00,7735.25,7735.25,7733.25,7733.5,258
2026-08-26 19:28:00-04:00,7733.75,7734.25,7733.75,7734.0,33
2026-08-26 19:29:00-04:00,7734.0,7734.0,7733.75,7734.0,31
2026-08-26 19:30:00-04:00,7734.5,7735.0,7733.5,7734.5,112
2026-08-26 19:31:00-04:00,7734.75,7735.5,7734.75,7735.25,118
2026-08-26 19:32:00-04:00,7735.0,7735.0,7734.0,7734.25,65
2026-08-26 19:33:00-04:00,7734.5,7734.5,7734.5,7734.5,11
2026-08-26 19:34:00-04:00,7734.5,7735.0,7734.25,7734.25,54
2026-08-26 19:35:00-04:00,7734.5,7734.75,7734.25,7734.75,36
2026-08-26 19:36:00-04:00,7734.75,7734.75,7734.75,7734.75,7
2026-08-26 19:37:00-04:00,7734.75,7735.5,7734.5,7735.25,55
2026-08-26 19:38:00-04:00,7735.25,7735.5,7734.5,7735.0,95
2026-08-26 19:39:00-04:00,7735.0,7735.0,7734.5,7734.75,74
2026-08-26 19:40:00-04:00,7734.25,7734.75,7734.25,7734.5,80
2026-08-26 19:41:00-04:00,7734.5,7734.75,7734.5,7734.5,70
2026-08-26 19:42:00-04:00,7734.5,7734.75,7734.5,7734.75,36
2026-08-26 19:43:00-04:00,7734.5,7735.0,7734.25,7734.5,137
2026-08-26 19:44:00-04:00,7734.5,7734.5,7734.0,7734.0,40
2026-08-26 19:45:00-04:00,7734.0,7735.0,7733.75,7734.75,240
2026-08-26 19:46:00-04:00,7734.5,7735.5,7734.0,7735.5,254
2026-08-26 19:47:00-04:00,7735.25,7735.5,7735.25,7735.5,76
2026-08-26 19:48:00-04:00,7735.25,7735.75,7735.25,7735.5,137
2026-08-26 19:49:00-04:00,7735.5,7736.75,7735.5,7736.0,233
2026-08-26 19:50:00-04:00,7736.0,7736.25,7734.75,7735.0,122
2026-08-26 19:51:00-04:00,7735.0,7735.0,7734.5,7734.75,130
2026-08-26 19:52:00-04:00,7735.0,7736.0,7734.75,7736.0,171
2026-08-26 19:53:00-04:00,7735.75,7736.0,7734.75,7735.0,108
2026-08-26 19:54:00-04:00,7734.75,7735.0,7734.5,7734.75,61
2026-08-26 19:55:00-04:00,7735.0,7736.25,7735.0,7736.25,119
2026-08-26 19:56:00-04:00,7736.0,7738.25,7736.0,7738.0,460
2026-08-26 19:57:00-04:00,7738.0,7739.25,7737.75,7739.0,270
2026-08-26 19:58:00-04:00,7739.0,7739.25,7738.25,7738.5,176
2026-08-26 19:59:00-04:00,7738.5,7739.25,7738.5,7738.5,183
2026-08-26 20:00:00-04:00,7738.75,7739.25,7737.25,7738.0,568
2026-08-26 20:01:00-04:00,7738.25,7738.25,7736.0,7736.5,341
2026-08-26 20:02:00-04:00,7736.5,7736.5,7735.0,7735.25,219
2026-08-26 20:03:00-04:00,7735.25,7735.25,7733.75,7734.0,311
2026-08-26 20:04:00-04:00,7734.0,7734.25,7733.5,7733.75,280
2026-08-26 20:05:00-04:00,7733.75,7735.5,7733.5,7735.25,331
2026-08-26 20:06:00-04:00,7735.0,7735.0,7733.5,7734.5,355
2026-08-26 20:07:00-04:00,7734.5,7736.5,7734.5,7735.5,278
2026-08-26 20:08:00-04:00,7735.75,7736.0,7734.5,7734.75,232
2026-08-26 20:09:00-04:00,7734.75,7735.0,7733.75,7734.0,117
2026-08-26 20:10:00-04:00,7734.25,7734.25,7732.75,7733.5,255
2026-08-26 20:11:00-04:00,7733.5,7733.5,7732.0,7732.25,234
2026-08-26 20:12:00-04:00,7732.25,7733.0,7732.25,7732.5,161
2026-08-26 20:13:00-04:00,7732.5,7732.5,7731.25,7731.75,266
2026-08-26 20:14:00-04:00,7731.5,7732.25,7731.0,7732.0,272
2026-08-26 20:15:00-04:00,7732.0,7732.0,7729.75,7730.75,557
2026-08-26 20:16:00-04:00,7730.75,7731.5,7730.25,7731.25,257
2026-08-26 20:17:00-04:00,7731.5,7732.25,7730.5,7730.5,355
2026-08-26 20:18:00-04:00,7730.25,7730.25,7729.25,7729.5,312
2026-08-26 20:19:00-04:00,7729.5,7731.0,7729.5,7730.25,212
2026-08-26 20:20:00-04:00,7730.25,7731.0,7730.25,7730.75,210
2026-08-26 20:21:00-04:00,7731.0,7731.5,7730.25,7730.25,186
2026-08-26 20:22:00-04:00,7730.0,7731.25,7730.0,7731.0,181
2026-08-26 20:23:00-04:00,7731.0,7732.25,7731.0,7732.0,191
2026-08-26 20:24:00-04:00,7731.75,7732.5,7731.25,7732.5,129
2026-08-26 20:25:00-04:00,7732.5,7732.5,7731.5,7731.5,74
2026-08-26 20:26:00-04:00,7731.75,7731.75,7730.25,7731.25,131
2026-08-26 20:27:00-04:00,7731.5,7731.5,7731.0,7731.25,95
2026-08-26 20:28:00-04:00,7731.25,7731.75,7731.25,7731.5,99
2026-08-26 20:29:00-04:00,7731.75,7732.25,7731.75,7732.0,49
2026-08-26 20:30:00-04:00,7732.25,7732.25,7730.0,7730.0,230
2026-08-26 20:31:00-04:00,7729.75,7730.25,7729.25,7729.75,175
2026-08-26 20:32:00-04:00,7729.5,7730.0,7728.0,7728.25,607
2026-08-26 20:33:00-04:00,7728.25,7728.75,7728.0,7728.5,317
2026-08-26 20:34:00-04:00,7728.5,7728.5,7728.0,7728.25,116
2026-08-26 20:35:00-04:00,7728.5,7728.5,7727.5,7728.25,439
2026-08-26 20:36:00-04:00,7728.25,7728.25,7726.5,7726.75,360
2026-08-26 20:37:00-04:00,7726.5,7726.5,7725.25,7725.5,370
2026-08-26 20:38:00-04:00,7725.5,7725.75,7724.75,7725.25,273
2026-08-26 20:39:00-04:00,7725.5,7726.0,7725.0,7725.75,191
2026-08-26 20:40:00-04:00,7725.5,7725.75,7724.5,7725.25,356
2026-08-26 20:41:00-04:00,7725.5,7725.75,7724.0,7724.25,340
2026-08-26 20:42:00-04:00,7724.25,7724.25,7723.25,7723.5,325
2026-08-26 20:43:00-04:00,7723.5,7723.75,7723.5,7723.5,76
2026-08-26 20:44:00-04:00,7723.75,7724.25,7720.5,7721.0,756
2026-08-26 20:45:00-04:00,7720.75,7721.5,7719.25,7719.75,711
2026-08-26 20:46:00-04:00,7719.75,7719.75,7716.5,7717.0,738
2026-08-26 20:47:00-04:00,7717.0,7717.75,7716.5,7717.0,385
2026-08-26 20:48:00-04:00,7717.25,7717.5,7716.25,7716.5,561
2026-08-26 20:49:00-04:00,7716.75,7717.0,7716.0,7716.75,327
2026-08-26 20:50:00-04:00,7716.75,7717.25,7715.75,7716.5,491
2026-08-26 20:51:00-04:00,7716.5,7717.25,7716.0,7716.5,503
2026-08-26 20:52:00-04:00,7716.5,7717.0,7714.5,7716.5,589
2026-08-26 20:53:00-04:00,7716.5,7716.75,7715.25,7716.5,202
2026-08-26 20:54:00-04:00,7716.25,7717.0,7716.0,7716.5,172
2026-08-26 20:55:00-04:00,7716.0,7717.0,7716.0,7717.0,174
2026-08-26 20:56:00-04:00,7717.0,7717.25,7715.25,7716.25,248
2026-08-26 20:57:00-04:00,7716.25,7717.25,7716.25,7716.25,201
2026-08-26 20:58:00-04:00,7716.25,7716.75,7715.0,7716.25,225
2026-08-26 20:59:00-04:00,7716.5,7717.0,7716.25,7716.5,109
2026-08-26 21:00:00-04:00,7716.25,7717.0,7714.75,7714.75,340
2026-08-26 21:01:00-04:00,7714.5,7716.75,7714.5,7716.75,612
2026-08-26 21:02:00-04:00,7717.0,7718.5,7716.5,7717.0,600
2026-08-26 21:03:00-04:00,7717.25,7717.5,7715.75,7717.25,264
2026-08-26 21:04:00-04:00,7717.25,7718.25,7717.25,7717.5,189
2026-08-26 21:05:00-04:00,7717.75,7717.75,7717.25,7717.25,149
2026-08-26 21:06:00-04:00,7717.5,7719.75,7717.5,7719.25,227
2026-08-26 21:07:00-04:00,7719.25,7719.75,7718.25,7719.25,142
2026-08-26 21:12:00-04:00,7718.75,7719.25,7718.75,7719.25,973
2026-08-26 21:13:00-04:00,7719.25,7719.5,7717.5,7718.25,191
2026-08-26 21:14:00-04:00,7718.25,7718.25,7717.0,7717.75,201
2026-08-26 21:15:00-04:00,7717.5,7719.0,7717.25,7719.0,119
2026-08-26 21:16:00-04:00,7719.25,7719.25,7717.75,7718.75,77
2026-08-26 21:17:00-04:00,7718.5,7718.75,7717.5,7717.5,120
2026-08-26 21:18:00-04:00,7717.25,7718.75,7717.25,7718.25,67
2026-08-26 21:19:00-04:00,7718.25,7720.0,7718.25,7720.0,147
2026-08-26 21:20:00-04:00,7720.0,7720.25,7719.5,7720.0,178
2026-08-26 21:21:00-04:00,7720.25,7721.5,7720.25,7721.0,269
2026-08-26 21:22:00-04:00,7721.0,7721.75,7720.5,7721.0,211
2026-08-26 21:23:00-04:00,7721.0,7722.5,7721.0,7722.0,130
2026-08-26 21:24:00-04:00,7722.0,7722.25,7721.75,7722.25,128
2026-08-26 21:25:00-04:00,7722.0,7722.5,7721.75,7721.75,66
2026-08-26 21:26:00-04:00,7721.75,7723.5,7721.75,7723.25,181
2026-08-26 21:27:00-04:00,7723.25,7723.5,7722.25,7722.25,131
2026-08-26 21:28:00-04:00,7722.5,7723.0,7722.25,7722.5,88
2026-08-26 21:29:00-04:00,7722.75,7723.25,7722.5,7723.0,151
2026-08-26 21:30:00-04:00,7723.0,7724.0,7722.5,7723.5,247
2026-08-26 21:31:00-04:00,7723.75,7724.5,7723.25,7723.75,203
2026-08-26 21:32:00-04:00,7723.5,7724.75,7723.5,7724.5,220
2026-08-26 21:33:00-04:00,7725.0,7725.0,7724.0,7724.5,118
2026-08-26 21:34:00-04:00,7724.25,7724.5,7724.0,7724.25,89
2026-08-26 21:35:00-04:00,7724.5,7724.75,7724.0,7724.5,120
2026-08-26 21:36:00-04:00,7724.5,7725.25,7724.5,7725.25,150
2026-08-26 21:37:00-04:00,7725.0,7726.25,7725.0,7726.25,207
2026-08-26 21:38:00-04:00,7726.0,7726.25,7725.75,7726.25,263
2026-08-26 21:39:00-04:00,7726.25,7726.25,7725.75,7725.75,186
2026-08-26 21:40:00-04:00,7725.75,7725.75,7724.25,7724.25,233
2026-08-26 21:41:00-04:00,7724.25,7724.75,7722.75,7722.75,301
2026-08-26 21:42:00-04:00,7723.0,7723.25,7722.0,7722.0,293
2026-08-26 21:43:00-04:00,7722.0,7723.0,7722.0,7722.25,245
2026-08-26 21:44:00-04:00,7722.25,7722.25,7719.75,7720.0,430
2026-08-26 21:45:00-04:00,7720.0,7722.25,7720.0,7721.5,331
2026-08-26 21:46:00-04:00,7721.25,7721.5,7720.5,7720.75,171
2026-08-26 21:47:00-04:00,7720.75,7721.5,7720.5,7721.5,121
2026-08-26 21:48:00-04:00,7721.75,7724.5,7721.75,7723.75,337
2026-08-26 21:49:00-04:00,7724.0,7725.75,7723.5,7725.5,110
2026-08-26 21:50:00-04:00,7725.25,7726.0,7725.25,7726.0,131
2026-08-26 21:51:00-04:00,7726.0,7726.0,7725.5,7725.5,120
2026-08-26 21:52:00-04:00,7725.5,7725.5,7724.5,7724.5,153
2026-08-26 21:53:00-04:00,7724.75,7726.25,7724.75,7726.25,131
2026-08-26 21:54:00-04:00,7726.0,7726.75,7725.75,7726.5,154
2026-08-26 21:55:00-04:00,7726.75,7726.75,7725.75,7725.75,159
2026-08-26 21:56:00-04:00,7725.75,7726.25,7725.5,7726.25,155
2026-08-26 21:57:00-04:00,7726.25,7726.25,7725.25,7725.25,61
2026-08-26 21:58:00-04:00,7725.25,7725.75,7724.75,7724.75,173
2026-08-26 21:59:00-04:00,7724.5,7725.0,7724.25,7724.5,182
2026-08-26 22:00:00-04:00,7724.5,7725.75,7724.0,7725.5,166
2026-08-26 22:01:00-04:00,7725.5,7725.75,7725.0,7725.0,108
2026-08-26 22:02:00-04:00,7725.25,7726.25,7725.25,7726.0,85
2026-08-26 22:03:00-04:00,7725.75,7726.0,7725.5,7725.5,53
2026-08-26 22:04:00-04:00,7725.5,7726.25,7725.25,7726.0,79
2026-08-26 22:05:00-04:00,7725.75,7726.25,7725.0,7725.0,115
2026-08-26 22:06:00-04:00,7724.75,7725.0,7724.25,7724.25,103
2026-08-26 22:07:00-04:00,7724.25,7725.5,7724.0,7725.5,71
2026-08-26 22:08:00-04:00,7725.5,7726.0,7725.25,7726.0,52
2026-08-26 22:09:00-04:00,7725.75,7726.75,7725.5,7726.75,197
2026-08-26 22:10:00-04:00,7727.0,7727.5,7726.5,7727.0,169
2026-08-26 22:11:00-04:00,7727.0,7727.25,7726.5,7726.5,85
2026-08-26 22:12:00-04:00,7726.5,7727.75,7726.5,7727.75,74
2026-08-26 22:13:00-04:00,7727.5,7727.5,7726.75,7727.0,64
2026-08-26 22:14:00-04:00,7727.0,7727.5,7726.75,7727.0,87
2026-08-26 22:15:00-04:00,7727.0,7727.0,7727.0,7727.0,28
2026-08-26 22:16:00-04:00,7727.0,7727.0,7726.25,7727.0,52
2026-08-26 22:17:00-04:00,7727.0,7727.0,7726.25,7726.25,40
2026-08-26 22:18:00-04:00,7726.25,7726.5,7725.5,7725.75,74
2026-08-26 22:19:00-04:00,7726.0,7726.25,7726.0,7726.25,16
2026-08-26 22:20:00-04:00,7726.0,7726.25,7725.25,7725.5,77
2026-08-26 22:21:00-04:00,7725.25,7726.0,7725.25,7725.5,51
2026-08-26 22:22:00-04:00,7725.5,7726.75,7725.5,7726.25,60
2026-08-26 22:23:00-04:00,7726.0,7726.0,7725.5,7725.75,44
2026-08-26 22:24:00-04:00,7725.5,7726.25,7725.5,7726.25,68
2026-08-26 22:25:00-04:00,7726.5,7726.5,7726.0,7726.0,47
2026-08-26 22:26:00-04:00,7726.0,7726.0,7725.25,7726.0,44
2026-08-26 22:27:00-04:00,7725.75,7726.75,7725.75,7726.75,94
2026-08-26 22:28:00-04:00,7726.75,7727.5,7726.25,7727.25,121
2026-08-26 22:29:00-04:00,7727.25,7727.5,7726.5,7726.5,92
2026-08-26 22:30:00-04:00,7726.5,7726.5,7726.0,7726.25,66
2026-08-26 22:31:00-04:00,7726.25,7727.5,7726.25,7727.25,70
2026-08-26 22:32:00-04:00,7727.25,7727.75,7727.0,7727.5,52
2026-08-26 22:33:00-04:00,7727.75,7728.25,7727.75,7728.25,106
2026-08-26 22:34:00-04:00,7728.25,7728.25,7727.75,7728.0,74
2026-08-26 22:35:00-04:00,7728.0,7728.0,7727.25,7727.25,102
2026-08-26 22:36:00-04:00,7727.25,7728.0,7727.25,7727.75,60
2026-08-26 22:37:00-04:00,7727.75,7728.0,7727.0,7727.25,83
2026-08-26 22:38:00-04:00,7727.0,7727.25,7727.0,7727.0,43
2026-08-26 22:39:00-04:00,7727.0,7728.5,7727.0,7728.25,152
2026-08-26 22:40:00-04:00,7728.25,7728.25,7728.0,7728.25,144
2026-08-26 22:41:00-04:00,7728.25,7728.75,7727.25,7727.5,281
2026-08-26 22:42:00-04:00,7727.25,7727.5,7726.5,7726.75,211
2026-08-26 22:43:00-04:00,7726.5,7726.75,7726.25,7726.5,167
2026-08-26 22:44:00-04:00,7726.25,7727.75,7726.25,7727.5,227
2026-08-26 22:45:00-04:00,7727.5,7728.0,7727.25,7728.0,270
2026-08-26 22:46:00-04:00,7728.0,7728.25,7728.0,7728.0,95
2026-08-26 22:47:00-04:00,7728.0,7728.25,7727.75,7728.0,82
2026-08-26 22:48:00-04:00,7727.75,7728.0,7727.5,7728.0,64
2026-08-26 22:49:00-04:00,7728.0,7728.25,7727.5,7727.5,97
2026-08-26 22:50:00-04:00,7727.5,7728.75,7727.5,7728.5,219
2026-08-26 22:51:00-04:00,7728.5,7729.25,7728.5,7729.25,110
2026-08-26 22:52:00-04:00,7729.0,7729.75,7729.0,7729.25,95
2026-08-26 22:53:00-04:00,7729.25,7729.5,7729.0,7729.0,98
2026-08-26 22:54:00-04:00,7729.25,7729.25,7728.5,7728.5,88
2026-08-26 22:55:00-04:00,7728.75,7728.75,7728.25,7728.5,94
2026-08-26 22:56:00-04:00,7728.5,7728.75,7728.0,7728.5,90
2026-08-26 23:01:00-04:00,7727.75,7728.0,7727.75,7728.0,280
2026-08-26 23:02:00-04:00,7727.75,7728.5,7727.5,7728.5,98
2026-08-26 23:03:00-04:00,7728.5,7729.0,7728.0,7728.0,97
2026-08-26 23:04:00-04:00,7728.0,7728.25,7728.0,7728.0,48
2026-08-26 23:05:00-04:00,7728.0,7728.25,7727.75,7727.75,33
2026-08-26 23:06:00-04:00,7727.75,7727.75,7726.5,7726.5,105
2026-08-26 23:07:00-04:00,7726.75,7727.0,7726.5,7726.5,74
2026-08-26 23:08:00-04:00,7726.5,7726.75,7726.25,7726.5,48
2026-08-26 23:09:00-04:00,7726.5,7726.5,7726.5,7726.5,41
2026-08-26 23:10:00-04:00,7726.5,7726.75,7726.25,7726.75,26
2026-08-26 23:11:00-04:00,7726.5,7726.75,7726.5,7726.75,58
2026-08-26 23:12:00-04:00,7726.5,7726.5,7725.75,7725.75,73
2026-08-26 23:13:00-04:00,7726.0,7726.25,7725.75,7726.25,93
2026-08-26 23:14:00-04:00,7726.25,7727.25,7726.0,7727.0,100
2026-08-26 23:15:00-04:00,7727.25,7728.0,7727.25,7727.25,79
2026-08-26 23:16:00-04:00,7727.25,7727.5,7727.0,7727.0,89
2026-08-26 23:17:00-04:00,7727.0,7727.5,7727.0,7727.5,63
2026-08-26 23:18:00-04:00,7727.25,7727.25,7727.0,7727.25,23
2026-08-26 23:19:00-04:00,7727.25,7728.75,7727.25,7728.75,92
2026-08-26 23:20:00-04:00,7728.5,7729.0,7728.0,7728.0,111
2026-08-26 23:21:00-04:00,7728.0,7728.5,7728.0,7728.25,50
2026-08-26 23:22:00-04:00,7728.25,7728.5,7728.25,7728.5,47
2026-08-26 23:23:00-04:00,7728.5,7729.75,7728.25,7729.75,161
2026-08-26 23:24:00-04:00,7729.75,7730.5,7729.75,7730.5,323
2026-08-26 23:25:00-04:00,7730.5,7730.5,7729.75,7729.75,97
2026-08-26 23:26:00-04:00,7729.75,7730.25,7729.75,7730.25,71
2026-08-26 23:27:00-04:00,7730.25,7730.5,7730.25,7730.5,41
2026-08-26 23:28:00-04:00,7730.5,7730.75,7730.25,7730.25,86
2026-08-26 23:29:00-04:00,7730.25,7730.5,7729.75,7729.75,71
2026-08-26 23:30:00-04:00,7729.75,7730.5,7728.5,7728.75,221
2026-08-26 23:31:00-04:00,7728.75,7729.75,7728.75,7729.75,70
2026-08-26 23:32:00-04:00,7729.75,7730.0,7729.5,7729.5,64
2026-08-26 23:33:00-04:00,7729.25,7729.75,7729.25,7729.5,69
2026-08-26 23:34:00-04:00,7729.25,7730.0,7729.25,7729.75,82
2026-08-26 23:35:00-04:00,7729.75,7730.0,7729.5,7729.75,43
2026-08-26 23:36:00-04:00,7729.75,7729.75,7728.75,7729.25,81
2026-08-26 23:37:00-04:00,7729.25,7729.5,7729.0,7729.0,53
2026-08-26 23:38:00-04:00,7729.0,7729.0,7728.5,7728.75,61
2026-08-26 23:39:00-04:00,7728.75,7729.0,7728.75,7728.75,44
2026-08-26 23:40:00-04:00,7728.75,7729.25,7728.25,7728.25,200
2026-08-26 23:41:00-04:00,7728.25,7729.0,7728.25,7729.0,56
2026-08-26 23:42:00-04:00,7728.75,7729.0,7728.5,7728.5,37
2026-08-26 23:43:00-04:00,7728.5,7728.5,7728.5,7728.5,38
2026-08-26 23:44:00-04:00,7728.5,7728.5,7727.75,7727.75,95
2026-08-26 23:45:00-04:00,7727.75,7728.75,7727.75,7728.75,53
2026-08-26 23:46:00-04:00,7728.5,7728.75,7727.25,7727.5,99
2026-08-26 23:47:00-04:00,7727.5,7727.5,7727.0,7727.25,52
2026-08-26 23:48:00-04:00,7727.5,7727.75,7727.0,7727.25,59
2026-08-26 23:49:00-04:00,7727.25,7727.75,7727.25,7727.5,50
2026-08-26 23:50:00-04:00,7727.5,7728.5,7727.25,7727.75,127
2026-08-26 23:51:00-04:00,7727.75,7728.0,7726.75,7726.75,21
2026-08-26 23:52:00-04:00,7726.75,7726.75,7725.75,7726.0,98
2026-08-26 23:53:00-04:00,7725.75,7726.0,7725.5,7725.5,88
2026-08-26 23:54:00-04:00,7725.75,7726.5,7725.5,7726.0,134
2026-08-26 23:55:00-04:00,7726.25,7727.0,7726.25,7727.0,122
2026-08-26 23:56:00-04:00,7727.0,7727.25,7727.0,7727.0,35
2026-08-26 23:57:00-04:00,7727.25,7727.25,7726.5,7726.5,55
2026-08-26 23:58:00-04:00,7726.25,7726.25,7725.75,7725.75,78
2026-08-27 00:09:00-04:00,7725.75,7726.5,7725.5,7726.5,67
2026-08-27 00:10:00-04:00,7726.25,7726.25,7725.75,7725.75,34
2026-08-27 00:11:00-04:00,7725.75,7726.0,7725.5,7726.0,59
2026-08-27 00:12:00-04:00,7726.25,7726.5,7726.0,7726.5,62
2026-08-27 00:13:00-04:00,7726.25,7726.5,7726.0,7726.0,45
2026-08-27 00:14:00-04:00,7726.0,7726.25,7725.5,7726.25,24
2026-08-27 00:15:00-04:00,7726.25,7726.5,7726.25,7726.25,44
2026-08-27 00:16:00-04:00,7726.0,7726.75,7725.75,7726.5,103
2026-08-27 00:17:00-04:00,7726.5,7727.25,7726.5,7726.75,58
2026-08-27 00:18:00-04:00,7727.0,7727.5,7727.0,7727.5,68
2026-08-27 00:19:00-04:00,7727.5,7727.5,7726.75,7726.75,41
2026-08-27 00:20:00-04:00,7726.5,7727.25,7726.5,7727.0,40
2026-08-27 00:21:00-04:00,7726.75,7726.75,7726.0,7726.0,43
2026-08-27 00:22:00-04:00,7726.25,7726.25,7725.75,7725.75,66
2026-08-27 00:23:00-04:00,7725.75,7726.5,7725.25,7726.5,138
2026-08-27 00:24:00-04:00,7726.5,7726.75,7726.5,7726.5,20
2026-08-27 00:25:00-04:00,7726.5,7726.5,7726.25,7726.5,18
2026-08-27 00:26:00-04:00,7726.25,7727.0,7726.25,7726.75,26
2026-08-27 00:27:00-04:00,7726.75,7726.75,7726.0,7726.0,27
2026-08-27 00:28:00-04:00,7725.75,7725.75,7725.0,7725.25,70
2026-08-27 00:29:00-04:00,7725.0,7725.25,7724.0,7724.0,89
2026-08-27 00:30:00-04:00,7724.25,7724.5,7723.5,7723.75,132
2026-08-27 00:31:00-04:00,7723.75,7723.75,7723.25,7723.5,70
2026-08-27 00:32:00-04:00,7723.5,7723.75,7723.25,7723.5,54
2026-08-27 00:33:00-04:00,7723.5,7724.0,7723.5,7723.5,31
2026-08-27 00:34:00-04:00,7723.25,7723.5,7722.25,7722.5,73
2026-08-27 00:35:00-04:00,7722.5,7722.75,7722.25,7722.75,55
2026-08-27 00:36:00-04:00,7723.0,7723.0,7722.25,7722.25,54
2026-08-27 00:37:00-04:00,7722.25,7722.25,7721.75,7721.75,43
2026-08-27 00:38:00-04:00,7721.75,7721.75,7721.0,7721.25,103
2026-08-27 00:39:00-04:00,7721.25,7721.25,7720.5,7720.5,83
2026-08-27 00:40:00-04:00,7720.25,7720.5,7719.5,7720.0,142
2026-08-27 00:41:00-04:00,7719.75,7721.25,7719.75,7721.25,82
2026-08-27 00:42:00-04:00,7721.25,7721.5,7721.0,7721.5,122
2026-08-27 00:43:00-04:00,7721.75,7721.75,7721.25,7721.5,116
2026-08-27 00:44:00-04:00,7721.25,7721.5,7720.5,7720.75,47
2026-08-27 00:45:00-04:00,7720.75,7721.25,7720.5,7721.25,54
2026-08-27 00:46:00-04:00,7721.25,7721.75,7721.0,7721.75,61
2026-08-27 00:47:00-04:00,7721.75,7722.5,7721.75,7722.25,82
2026-08-27 00:48:00-04:00,7722.25,7722.25,7720.5,7720.75,64
2026-08-27 00:49:00-04:00,7720.5,7720.75,7719.75,7720.75,87
2026-08-27 00:50:00-04:00,7721.0,7721.25,7720.75,7720.75,38
2026-08-27 00:51:00-04:00,7720.5,7720.75,7720.25,7720.25,52
2026-08-27 00:52:00-04:00,7720.0,7720.25,7719.0,7719.25,72
2026-08-27 00:53:00-04:00,7719.5,7719.75,7719.0,7719.75,45
2026-08-27 00:54:00-04:00,7719.5,7719.75,7719.0,7719.5,83
2026-08-27 00:55:00-04:00,7719.5,7719.75,7719.25,7719.5,21
2026-08-27 00:56:00-04:00,7719.75,7719.75,7719.25,7719.25,43
2026-08-27 00:57:00-04:00,7719.25,7720.0,7719.25,7720.0,47
2026-08-27 00:58:00-04:00,7720.0,7720.0,7719.75,7720.0,33
2026-08-27 00:59:00-04:00,7719.75,7720.0,7719.5,7719.75,69
2026-08-27 01:00:00-04:00,7720.25,7720.75,7718.5,7719.0,264
2026-08-27 01:01:00-04:00,7719.0,7719.25,7718.0,7718.75,122
2026-08-27 01:02:00-04:00,7718.5,7718.75,7717.0,7717.0,202
2026-08-27 01:03:00-04:00,7717.25,7717.25,7716.25,7717.0,161
2026-08-27 01:04:00-04:00,7716.75,7717.25,7716.75,7717.0,80
2026-08-27 01:05:00-04:00,7716.75,7717.0,7716.25,7717.0,208
2026-08-27 01:06:00-04:00,7717.0,7717.5,7716.75,7716.75,90
2026-08-27 01:07:00-04:00,7716.75,7717.5,7716.25,7716.25,73
2026-08-27 01:08:00-04:00,7716.25,7716.5,7716.0,7716.0,97
2026-08-27 01:09:00-04:00,7716.0,7716.75,7715.5,7715.5,175
2026-08-27 01:10:00-04:00,7715.5,7716.75,7715.5,7715.75,129
2026-08-27 01:11:00-04:00,7715.75,7716.0,7715.5,7715.5,87
2026-08-27 01:12:00-04:00,7715.75,7716.75,7715.25,7716.75,206
2026-08-27 01:13:00-04:00,7716.75,7717.25,7716.25,7716.5,159
2026-08-27 01:14:00-04:00,7716.5,7717.25,7716.5,7717.0,46
2026-08-27 01:15:00-04:00,7716.75,7716.75,7715.5,7715.5,147
2026-08-27 01:16:00-04:00,7715.5,7716.0,7715.25,7715.25,44
2026-08-27 01:17:00-04:00,7715.5,7715.5,7714.25,7714.25,221
2026-08-27 01:18:00-04:00,7713.75,7714.25,7713.25,7713.75,281
2026-08-27 01:19:00-04:00,7713.75,7714.0,7712.25,7712.75,217
2026-08-27 01:20:00-04:00,7712.75,7713.5,7712.75,7713.25,103
2026-08-27 01:21:00-04:00,7713.5,7714.25,7713.0,7714.0,138
2026-08-27 01:22:00-04:00,7714.0,7715.25,7714.0,7714.75,86
2026-08-27 01:23:00-04:00,7714.75,7715.75,7714.25,7715.5,105
2026-08-27 01:24:00-04:00,7715.25,7715.5,7714.75,7715.5,73
2026-08-27 01:25:00-04:00,7715.75,7715.75,7714.5,7715.5,69
2026-08-27 01:26:00-04:00,7715.5,7716.0,7715.0,7715.5,87
2026-08-27 01:27:00-04:00,7715.5,7716.0,7715.25,7716.0,73
2026-08-27 01:28:00-04:00,7715.75,7715.75,7714.5,7714.75,63
2026-08-27 01:29:00-04:00,7714.75,7714.75,7713.25,7714.0,190
2026-08-27 01:30:00-04:00,7714.25,7714.25,7713.0,7713.5,151
2026-08-27 01:31:00-04:00,7713.5,7714.0,7713.5,7713.5,43
2026-08-27 01:32:00-04:00,7713.5,7713.5,7712.75,7713.0,78
2026-08-27 01:33:00-04:00,7713.0,7713.75,7713.0,7713.25,43
2026-08-27 01:34:00-04:00,7713.0,7713.25,7712.0,7712.75,113
2026-08-27 01:35:00-04:00,7712.75,7712.75,7711.5,7712.0,153
2026-08-27 01:36:00-04:00,7712.25,7712.5,7712.0,7712.0,40
2026-08-27 01:37:00-04:00,7712.25,7712.75,7712.25,7712.75,56
2026-08-27 01:38:00-04:00,7712.5,7713.75,7712.5,7713.25,86
2026-08-27 01:39:00-04:00,7713.25,7714.25,7713.25,7713.75,259
2026-08-27 01:40:00-04:00,7713.75,7714.5,7713.5,7714.5,116
2026-08-27 01:41:00-04:00,7714.75,7714.75,7711.75,7712.25,150
2026-08-27 01:42:00-04:00,7712.25,7712.25,7710.75,7710.75,239
2026-08-27 01:43:00-04:00,7710.75,7711.0,7710.25,7710.5,186
2026-08-27 01:44:00-04:00,7710.5,7710.75,7710.0,7710.5,253
2026-08-27 01:45:00-04:00,7710.5,7711.0,7710.25,7710.75,265
2026-08-27 01:46:00-04:00,7710.75,7711.5,7710.5,7711.5,109
2026-08-27 01:47:00-04:00,7711.5,7712.0,7711.5,7711.5,143
2026-08-27 01:48:00-04:00,7711.75,7712.25,7711.75,7712.0,89
2026-08-27 01:49:00-04:00,7712.0,7712.75,7712.0,7712.25,58
2026-08-27 01:50:00-04:00,7712.5,7713.0,7712.25,7712.75,116
2026-08-27 01:51:00-04:00,7712.5,7713.25,7712.25,7713.0,95
2026-08-27 01:52:00-04:00,7713.0,7713.25,7710.75,7711.5,254
2026-08-27 01:53:00-04:00,7711.5,7712.25,7711.5,7711.5,74
2026-08-27 01:54:00-04:00,7711.5,7712.0,7711.5,7711.75,52
2026-08-27 01:55:00-04:00,7711.5,7711.5,7710.75,7711.0,71
2026-08-27 01:56:00-04:00,7711.0,7711.25,7710.25,7710.5,105
2026-08-27 01:57:00-04:00,7710.5,7712.25,7710.5,7711.75,428
2026-08-27 01:58:00-04:00,7712.0,7712.25,7711.75,7711.75,75
2026-08-27 01:59:00-04:00,7711.75,7712.0,7711.5,7712.0,49
2026-08-27 02:00:00-04:00,7712.25,7712.25,7710.75,7711.0,197
2026-08-27 02:01:00-04:00,7711.0,7712.0,7711.0,7711.5,211
2026-08-27 02:02:00-04:00,7711.5,7711.5,7710.75,7711.5,194
2026-08-27 02:03:00-04:00,7711.25,7711.5,7710.5,7711.5,173
2026-08-27 02:04:00-04:00,7711.75,7712.0,7709.75,7709.75,434
2026-08-27 02:05:00-04:00,7709.75,7710.75,7709.5,7710.25,266
2026-08-27 02:06:00-04:00,7710.25,7711.0,7710.0,7710.0,298
2026-08-27 02:07:00-04:00,7709.75,7710.0,7708.0,7708.5,353
2026-08-27 02:08:00-04:00,7708.75,7709.25,7707.75,7707.75,343
2026-08-27 02:09:00-04:00,7707.75,7708.25,7707.5,7707.75,186
2026-08-27 02:10:00-04:00,7707.75,7708.0,7707.0,7707.5,231
2026-08-27 02:11:00-04:00,7707.5,7708.0,7707.25,7708.0,184
2026-08-27 02:12:00-04:00,7707.75,7708.25,7707.25,7707.5,146
2026-08-27 02:13:00-04:00,7707.5,7709.75,7707.5,7709.5,194
2026-08-27 02:14:00-04:00,7709.5,7711.5,7709.5,7710.75,1264
2026-08-27 02:15:00-04:00,7710.75,7712.75,7710.5,7711.5,389
2026-08-27 02:16:00-04:00,7711.75,7712.75,7711.5,7712.25,210
2026-08-27 02:17:00-04:00,7712.25,7712.75,7712.0,7712.5,214
2026-08-27 02:18:00-04:00,7712.25,7713.0,7712.0,7712.5,135
2026-08-27 02:19:00-04:00,7712.5,7713.0,7712.5,7712.75,124
2026-08-27 02:20:00-04:00,7713.0,7713.25,7712.5,7712.75,132
2026-08-27 02:21:00-04:00,7712.75,7712.75,7712.0,7712.25,66
2026-08-27 02:22:00-04:00,7712.5,7713.0,7712.25,7712.5,136
2026-08-27 02:23:00-04:00,7712.5,7712.5,7711.75,7712.25,104
2026-08-27 02:24:00-04:00,7712.25,7712.75,7712.0,7712.5,59
2026-08-27 02:25:00-04:00,7712.5,7713.0,7711.5,7712.75,418
2026-08-27 02:26:00-04:00,7713.0,7713.25,7712.5,7712.75,238
2026-08-27 02:27:00-04:00,7712.75,7712.75,7711.75,7712.0,90
2026-08-27 02:28:00-04:00,7712.0,7712.75,7711.75,7712.75,113
2026-08-27 02:29:00-04:00,7712.75,7712.75,7712.5,7712.75,123
2026-08-27 02:30:00-04:00,7712.5,7714.0,7712.5,7713.5,283
2026-08-27 02:31:00-04:00,7713.5,7714.0,7713.25,7713.25,191
2026-08-27 02:32:00-04:00,7713.5,7714.25,7712.75,7713.0,176
2026-08-27 02:33:00-04:00,7713.0,7713.75,7713.0,7713.5,151
2026-08-27 02:34:00-04:00,7713.75,7714.0,7713.5,7714.0,125
2026-08-27 02:35:00-04:00,7714.0,7715.0,7714.0,7714.5,208
2026-08-27 02:36:00-04:00,7714.25,7714.25,7713.0,7713.5,157
2026-08-27 02:37:00-04:00,7713.75,7713.75,7713.0,7713.25,61
2026-08-27 02:38:00-04:00,7713.25,7713.75,7713.0,7713.75,106
2026-08-27 02:39:00-04:00,7714.0,7714.5,7713.5,7714.25,176
2026-08-27 02:40:00-04:00,7714.25,7715.0,7714.25,7714.75,175
2026-08-27 02:41:00-04:00,7715.0,7715.25,7714.75,7715.0,192
2026-08-27 02:42:00-04:00,7714.75,7714.75,7714.25,7714.5,131
2026-08-27 02:43:00-04:00,7714.75,7716.5,7714.75,7716.0,292
2026-08-27 02:44:00-04:00,7716.25,7716.5,7716.25,7716.25,73
2026-08-27 02:45:00-04:00,7716.0,7716.75,7716.0,7716.5,110
2026-08-27 02:46:00-04:00,7716.5,7717.25,7716.5,7716.75,204
2026-08-27 02:47:00-04:00,7716.5,7716.75,7715.5,7715.75,141
2026-08-27 02:48:00-04:00,7716.25,7716.25,7715.75,7716.25,133
2026-08-27 02:49:00-04:00,7716.5,7716.75,7715.5,7715.5,82
2026-08-27 02:50:00-04:00,7715.5,7715.75,7714.75,7715.25,148
2026-08-27 02:51:00-04:00,7715.25,7715.5,7715.0,7715.25,66
2026-08-27 02:52:00-04:00,7715.5,7715.5,7715.0,7715.25,33
2026-08-27 02:53:00-04:00,7715.25,7715.5,7715.25,7715.5,41
2026-08-27 02:54:00-04:00,7715.75,7716.25,7715.5,7715.5,93
2026-08-27 02:55:00-04:00,7715.75,7717.25,7715.5,7716.75,116
2026-08-27 02:56:00-04:00,7716.75,7717.5,7716.5,7717.25,108
2026-08-27 02:57:00-04:00,7717.0,7718.0,7717.0,7717.5,228
2026-08-27 02:58:00-04:00,7717.5,7717.5,7717.25,7717.5,160
2026-08-27 02:59:00-04:00,7717.25,7718.0,7717.25,7718.0,172
2026-08-27 03:00:00-04:00,7718.0,7718.0,7714.75,7715.5,570
2026-08-27 03:01:00-04:00,7715.75,7716.25,7713.5,7713.75,494
2026-08-27 03:02:00-04:00,7714.5,7716.5,7714.0,7716.25,313
2026-08-27 03:03:00-04:00,7716.25,7716.75,7716.0,7716.5,265
2026-08-27 03:04:00-04:00,7716.5,7716.75,7716.0,7716.75,203
2026-08-27 03:05:00-04:00,7717.0,7718.5,7716.75,7718.0,250
2026-08-27 03:06:00-04:00,7718.0,7719.5,7717.75,7719.0,291
2026-08-27 03:07:00-04:00,7719.0,7719.5,7718.25,7719.0,235
2026-08-27 03:08:00-04:00,7719.0,7719.5,7718.5,7719.25,301
2026-08-27 03:09:00-04:00,7719.5,7719.75,7719.0,7719.25,239
2026-08-27 03:10:00-04:00,7719.25,7719.5,7719.0,7719.25,210
2026-08-27 03:11:00-04:00,7719.25,7719.5,7718.25,7718.5,116
2026-08-27 03:12:00-04:00,7718.5,7719.0,7718.0,7718.0,234
2026-08-27 03:13:00-04:00,7718.25,7719.5,7718.25,7719.5,150
2026-08-27 03:14:00-04:00,7719.5,7720.75,7719.25,7720.75,281
2026-08-27 03:15:00-04:00,7720.75,7721.25,7720.0,7720.0,380
2026-08-27 03:16:00-04:00,7720.0,7720.75,7720.0,7720.25,176
2026-08-27 03:17:00-04:00,7720.0,7720.0,7718.75,7719.25,296
2026-08-27 03:18:00-04:00,7719.5,7720.75,7719.5,7720.5,255
2026-08-27 03:19:00-04:00,7720.25,7721.0,7719.75,7720.5,216
2026-08-27 03:20:00-04:00,7720.5,7720.75,7719.75,7720.0,202
2026-08-27 03:21:00-04:00,7719.75,7720.0,7719.25,7719.75,143
2026-08-27 03:22:00-04:00,7719.5,7719.75,7719.0,7719.5,199
2026-08-27 03:23:00-04:00,7719.5,7719.5,7718.75,7719.25,115
2026-08-27 03:24:00-04:00,7719.25,7719.5,7718.5,7718.5,137
2026-08-27 03:25:00-04:00,7718.5,7719.25,7718.25,7719.0,160
2026-08-27 03:26:00-04:00,7719.0,7719.25,7718.75,7719.25,105
2026-08-27 03:27:00-04:00,7719.0,7719.25,7718.0,7718.25,99
2026-08-27 03:28:00-04:00,7718.75,7720.0,7718.75,7719.5,154
2026-08-27 03:29:00-04:00,7719.75,7721.25,7719.5,7721.25,194
2026-08-27 03:35:00-04:00,7721.25,7721.5,7720.75,7720.75,1026
2026-08-27 03:36:00-04:00,7720.5,7721.0,7719.5,7719.5,240
2026-08-27 03:37:00-04:00,7719.5,7719.5,7717.0,7717.5,261
2026-08-27 03:38:00-04:00,7717.5,7718.75,7717.0,7717.75,193
2026-08-27 03:39:00-04:00,7717.75,7717.75,7716.5,7717.0,167
2026-08-27 03:40:00-04:00,7717.0,7717.5,7716.5,7717.5,332
2026-08-27 03:41:00-04:00,7717.5,7717.75,7716.75,7717.25,91
2026-08-27 03:42:00-04:00,7717.25,7717.5,7716.75,7717.5,75
2026-08-27 03:43:00-04:00,7717.25,7717.25,7716.0,7716.5,218
2026-08-27 03:44:00-04:00,7716.75,7717.0,7716.5,7717.0,86
2026-08-27 03:45:00-04:00,7717.0,7717.75,7717.0,7717.25,171
2026-08-27 03:46:00-04:00,7717.0,7717.25,7716.75,7716.75,88
2026-08-27 03:47:00-04:00,7717.0,7717.0,7716.75,7717.0,100
2026-08-27 03:48:00-04:00,7716.75,7718.5,7716.75,7718.5,139
2026-08-27 03:49:00-04:00,7718.75,7719.0,7717.5,7717.75,122
2026-08-27 03:50:00-04:00,7718.0,7719.0,7717.75,7719.0,105
2026-08-27 03:51:00-04:00,7719.0,7719.0,7717.75,7718.25,174
2026-08-27 03:52:00-04:00,7718.5,7719.25,7718.25,7719.0,104
2026-08-27 03:53:00-04:00,7719.25,7720.75,7719.25,7720.5,149
2026-08-27 03:54:00-04:00,7720.5,7720.75,7720.0,7720.25,117
2026-08-27 03:55:00-04:00,7720.25,7721.5,7720.25,7721.5,176
2026-08-27 03:56:00-04:00,7721.5,7722.0,7721.0,7721.0,132
2026-08-27 03:57:00-04:00,7721.0,7721.25,7720.5,7720.75,139
2026-08-27 03:58:00-04:00,7720.75,7721.0,7720.25,7720.75,196
2026-08-27 03:59:00-04:00,7720.5,7721.25,7720.5,7720.5,87
2026-08-27 04:00:00-04:00,7720.75,7722.25,7720.5,7722.0,333
2026-08-27 04:01:00-04:00,7721.75,7724.0,7721.0,7724.0,403
2026-08-27 04:02:00-04:00,7724.0,7724.5,7723.25,7724.5,259
2026-08-27 04:03:00-04:00,7724.5,7725.25,7724.25,7724.75,342
2026-08-27 04:04:00-04:00,7724.75,7725.75,7724.75,7725.75,241
2026-08-27 04:05:00-04:00,7726.0,7727.25,7725.75,7726.25,428
2026-08-27 04:06:00-04:00,7726.25,7728.0,7725.75,7727.75,330
2026-08-27 04:07:00-04:00,7727.75,7729.75,7727.5,7729.0,527
2026-08-27 04:08:00-04:00,7729.25,7729.75,7729.0,7729.75,315
2026-08-27 04:09:00-04:00,7729.75,7729.75,7729.0,7729.5,266
2026-08-27 04:10:00-04:00,7729.25,7729.75,7729.0,7729.5,234
2026-08-27 04:11:00-04:00,7729.25,7730.0,7728.75,7729.5,284
2026-08-27 04:12:00-04:00,7729.5,7731.0,7729.25,7730.75,401
2026-08-27 04:13:00-04:00,7730.75,7732.75,7730.75,7732.0,581
2026-08-27 04:14:00-04:00,7732.25,7732.5,7731.5,7731.75,355
2026-08-27 04:15:00-04:00,7731.75,7732.0,7731.25,7731.5,276
2026-08-27 04:16:00-04:00,7731.5,7731.75,7729.0,7729.0,299
2026-08-27 04:17:00-04:00,7729.0,7730.0,7728.25,7728.75,347
2026-08-27 04:18:00-04:00,7728.75,7728.75,7727.0,7727.5,467
2026-08-27 04:19:00-04:00,7727.5,7728.75,7727.25,7728.5,314
2026-08-27 04:20:00-04:00,7728.25,7728.75,7727.0,7727.25,214
2026-08-27 04:21:00-04:00,7727.25,7727.75,7726.75,7727.5,205
2026-08-27 04:22:00-04:00,7727.5,7728.25,7727.25,7727.5,314
2026-08-27 04:23:00-04:00,7727.5,7728.5,7727.5,7728.5,273
2026-08-27 04:24:00-04:00,7728.0,7730.0,7728.0,7730.0,378
2026-08-27 04:25:00-04:00,7730.0,7730.75,7729.0,7730.5,276
2026-08-27 04:26:00-04:00,7730.75,7732.0,7730.75,7732.0,231
2026-08-27 04:27:00-04:00,7732.25,7732.75,7732.0,7732.5,322
2026-08-27 04:28:00-04:00,7732.5,7733.75,7732.25,7733.5,410
2026-08-27 04:29:00-04:00,7733.5,7734.5,7733.25,7734.5,520
2026-08-27 04:30:00-04:00,7734.25,7734.25,7732.25,7732.5,473
2026-08-27 04:31:00-04:00,7732.5,7732.75,7732.0,7732.5,206
2026-08-27 04:32:00-04:00,7732.5,7732.75,7731.5,7731.5,289
2026-08-27 04:33:00-04:00,7731.5,7731.5,7730.25,7731.0,242
2026-08-27 04:34:00-04:00,7731.0,7731.25,7730.25,7730.25,191
2026-08-27 04:35:00-04:00,7730.25,7730.75,7729.5,7730.75,197
2026-08-27 04:36:00-04:00,7730.75,7730.75,7729.5,7729.75,197
2026-08-27 04:37:00-04:00,7729.75,7730.25,7729.25,7730.25,210
2026-08-27 04:38:00-04:00,7730.25,7731.0,7730.0,7730.25,223
2026-08-27 04:39:00-04:00,7730.25,7730.75,7729.5,7729.75,249
2026-08-27 04:40:00-04:00,7729.75,7730.0,7728.5,7728.75,187
2026-08-27 04:41:00-04:00,7729.0,7731.0,7729.0,7729.75,216
2026-08-27 04:42:00-04:00,7729.75,7730.5,7728.5,7730.25,254
2026-08-27 04:43:00-04:00,7730.25,7731.25,7730.0,7730.5,249
2026-08-27 04:44:00-04:00,7730.75,7730.75,7729.5,7730.0,137
2026-08-27 04:45:00-04:00,7730.0,7731.25,7730.0,7731.0,175
2026-08-27 04:46:00-04:00,7731.0,7732.25,7730.75,7731.5,210
2026-08-27 04:47:00-04:00,7731.5,7732.25,7731.25,7731.75,89
2026-08-27 04:48:00-04:00,7732.0,7733.5,7732.0,7733.25,290
2026-08-27 04:49:00-04:00,7733.0,7733.0,7732.25,7732.5,120
2026-08-27 04:50:00-04:00,7732.5,7732.5,7731.75,7732.25,166
2026-08-27 04:51:00-04:00,7732.25,7734.0,7732.25,7733.5,242
2026-08-27 04:52:00-04:00,7733.25,7733.25,7730.75,7731.25,265
2026-08-27 04:53:00-04:00,7731.5,7731.5,7730.25,7730.75,170
2026-08-27 04:54:00-04:00,7730.75,7731.0,7728.5,7729.0,221
2026-08-27 04:55:00-04:00,7728.5,7728.75,7727.5,7728.0,248
2026-08-27 04:56:00-04:00,7728.25,7729.0,7727.75,7728.25,167
2026-08-27 04:57:00-04:00,7728.5,7728.75,7728.0,7728.5,161
2026-08-27 04:58:00-04:00,7728.5,7729.75,7728.5,7729.5,220
2026-08-27 04:59:00-04:00,7729.5,7729.75,7727.75,7728.0,309
2026-08-27 05:00:00-04:00,7728.25,7728.75,7726.75,7728.75,667
2026-08-27 05:01:00-04:00,7728.5,7728.5,7725.75,7726.75,451
2026-08-27 05:02:00-04:00,7726.5,7726.75,7721.75,7723.25,1284
2026-08-27 05:03:00-04:00,7723.5,7724.0,7722.5,7722.75,371
2026-08-27 05:04:00-04:00,7723.0,7723.75,7722.25,7722.25,268
2026-08-27 05:05:00-04:00,7722.25,7722.75,7721.0,7722.0,435
2026-08-27 05:06:00-04:00,7722.0,7723.25,7721.75,7722.5,375
2026-08-27 05:07:00-04:00,7722.5,7722.75,7722.0,7722.25,150
2026-08-27 05:08:00-04:00,7722.5,7724.5,7722.25,7724.5,304
2026-08-27 05:09:00-04:00,7724.5,7725.25,7724.25,7725.0,187
2026-08-27 05:10:00-04:00,7725.0,7725.25,7724.25,7724.75,184
2026-08-27 05:11:00-04:00,7725.0,7725.25,7723.75,7725.0,146
2026-08-27 05:12:00-04:00,7725.0,7725.25,7724.0,7724.0,131
2026-08-27 05:13:00-04:00,7724.25,7724.75,7724.0,7724.0,64
2026-08-27 05:14:00-04:00,7723.75,7723.75,7721.0,7721.0,282
2026-08-27 05:15:00-04:00,7721.0,7722.0,7720.25,7720.75,261
2026-08-27 05:16:00-04:00,7720.75,7721.0,7719.5,7720.0,329
2026-08-27 05:17:00-04:00,7719.75,7720.0,7719.5,7719.75,165
2026-08-27 05:18:00-04:00,7720.0,7720.0,7718.75,7719.75,272
2026-08-27 05:19:00-04:00,7720.0,7721.5,7719.5,7721.5,228
2026-08-27 05:20:00-04:00,7721.75,7722.75,7721.25,7722.5,253
2026-08-27 05:21:00-04:00,7722.75,7724.0,7722.25,7723.5,205
2026-08-27 05:22:00-04:00,7723.5,7724.0,7723.25,7723.75,93
2026-08-27 05:23:00-04:00,7723.75,7723.75,7723.0,7723.5,253
2026-08-27 05:24:00-04:00,7723.25,7725.5,7723.25,7725.5,285
2026-08-27 05:25:00-04:00,7725.5,7726.0,7725.0,7725.5,277
2026-08-27 05:26:00-04:00,7725.5,7726.0,7725.0,7725.25,320
2026-08-27 05:27:00-04:00,7725.25,7726.0,7725.0,7725.5,143
2026-08-27 05:28:00-04:00,7725.25,7725.25,7723.75,7724.0,194
2026-08-27 05:29:00-04:00,7724.25,7725.0,7724.0,7724.75,257
2026-08-27 05:30:00-04:00,7724.75,7727.0,7724.75,7726.75,355
2026-08-27 05:31:00-04:00,7726.75,7728.0,7726.75,7727.5,692
2026-08-27 05:32:00-04:00,7727.75,7728.5,7727.5,7728.0,276
2026-08-27 05:33:00-04:00,7728.0,7728.25,7727.0,7728.25,186
2026-08-27 05:34:00-04:00,7728.25,7728.5,7727.75,7728.0,322
2026-08-27 05:35:00-04:00,7728.0,7728.0,7727.25,7727.25,313
2026-08-27 05:36:00-04:00,7727.0,7727.5,7726.5,7727.25,154
2026-08-27 05:37:00-04:00,7727.25,7727.25,7726.75,7727.25,171
2026-08-27 05:38:00-04:00,7727.25,7727.25,7726.75,7726.75,123
2026-08-27 05:39:00-04:00,7726.75,7727.25,7726.75,7727.0,109
2026-08-27 05:40:00-04:00,7727.0,7727.5,7727.0,7727.25,72
2026-08-27 05:41:00-04:00,7727.5,7728.0,7727.25,7727.75,188
2026-08-27 05:42:00-04:00,7727.5,7727.5,7727.0,7727.25,77
2026-08-27 05:43:00-04:00,7727.25,7727.5,7727.25,7727.5,89
2026-08-27 05:44:00-04:00,7727.5,7727.75,7725.75,7726.75,216
2026-08-27 05:45:00-04:00,7726.75,7727.0,7726.5,7726.75,139
2026-08-27 05:46:00-04:00,7727.0,7728.25,7727.0,7728.0,181
2026-08-27 05:47:00-04:00,7728.0,7728.5,7727.75,7728.0,78
2026-08-27 05:48:00-04:00,7728.0,7728.0,7727.0,7727.75,109
2026-08-27 05:49:00-04:00,7727.5,7727.75,7726.25,7726.5,110
2026-08-27 05:50:00-04:00,7726.75,7727.0,7725.0,7726.0,307
2026-08-27 05:51:00-04:00,7726.5,7727.25,7726.25,7727.0,128
2026-08-27 05:52:00-04:00,7726.75,7728.25,7726.75,7728.0,100
2026-08-27 05:53:00-04:00,7728.0,7728.25,7727.75,7727.75,98
2026-08-27 05:54:00-04:00,7727.5,7727.75,7727.0,7727.0,110
2026-08-27 05:55:00-04:00,7727.25,7727.25,7725.25,7725.5,205
2026-08-27 05:56:00-04:00,7726.0,7726.25,7725.5,7725.75,164
2026-08-27 05:57:00-04:00,7725.75,7725.75,7724.25,7724.25,170
2026-08-27 05:58:00-04:00,7724.5,7724.75,7723.75,7724.25,169
2026-08-27 05:59:00-04:00,7724.25,7725.0,7724.25,7724.25,134
2026-08-27 06:00:00-04:00,7724.25,7724.25,7722.0,7723.25,313
2026-08-27 06:01:00-04:00,7723.25,7723.25,7722.75,7723.25,98
2026-08-27 06:02:00-04:00,7723.25,7723.5,7721.5,7721.75,305
2026-08-27 06:03:00-04:00,7721.75,7722.25,7721.5,7721.75,193
2026-08-27 06:04:00-04:00,7721.75,7722.5,7720.5,7722.25,291
2026-08-27 06:05:00-04:00,7722.5,7722.5,7722.25,7722.5,114
2026-08-27 06:06:00-04:00,7722.5,7723.5,7722.25,7723.5,161
2026-08-27 06:07:00-04:00,7723.5,7723.75,7722.75,7723.0,241
2026-08-27 06:08:00-04:00,7723.0,7723.25,7722.5,7723.25,122
2026-08-27 06:09:00-04:00,7723.25,7723.25,7722.0,7722.5,134
2026-08-27 06:10:00-04:00,7722.5,7724.0,7722.5,7724.0,192
2026-08-27 06:11:00-04:00,7723.75,7723.75,7722.25,7722.25,100
2026-08-27 06:12:00-04:00,7722.25,7722.75,7721.25,7722.0,99
2026-08-27 06:13:00-04:00,7722.0,7722.75,7722.0,7722.25,73
2026-08-27 06:14:00-04:00,7722.25,7722.75,7721.75,7722.75,143
2026-08-27 06:15:00-04:00,7723.0,7723.75,7723.0,7723.5,181
2026-08-27 06:16:00-04:00,7723.5,7723.75,7722.75,7723.25,141
2026-08-27 06:17:00-04:00,7723.0,7723.5,7722.75,7723.0,83
2026-08-27 06:18:00-04:00,7723.0,7724.0,7723.0,7723.5,84
2026-08-27 06:19:00-04:00,7723.25,7723.25,7721.75,7721.75,100
2026-08-27 06:20:00-04:00,7722.25,7722.75,7721.75,7722.0,94
2026-08-27 06:21:00-04:00,7722.0,7722.25,7721.25,7721.5,144
2026-08-27 06:22:00-04:00,7721.5,7721.75,7721.0,7721.0,181
2026-08-27 06:23:00-04:00,7721.25,7721.75,7721.0,7721.25,134
2026-08-27 06:24:00-04:00,7721.5,7721.5,7721.25,7721.25,56
2026-08-27 06:25:00-04:00,7721.25,7721.25,7719.75,7720.0,227
2026-08-27 06:26:00-04:00,7720.0,7721.0,7719.75,7720.0,291
2026-08-27 06:27:00-04:00,7720.0,7720.25,7719.75,7720.0,178
2026-08-27 06:28:00-04:00,7720.0,7720.0,7719.75,7720.0,44
2026-08-27 06:29:00-04:00,7720.25,7720.5,7719.75,7720.0,91
2026-08-27 06:30:00-04:00,7720.25,7720.75,7719.75,7720.75,146
2026-08-27 06:31:00-04:00,7721.0,7721.0,7720.25,7720.25,217
2026-08-27 06:32:00-04:00,7720.25,7721.0,7720.0,7720.5,134
2026-08-27 06:33:00-04:00,7720.5,7720.75,7720.0,7720.25,102
2026-08-27 06:34:00-04:00,7720.25,7720.75,7720.25,7720.5,62
2026-08-27 06:35:00-04:00,7720.75,7720.75,7719.25,7719.5,151
2026-08-27 06:36:00-04:00,7719.5,7719.75,7718.75,7718.75,220
2026-08-27 06:37:00-04:00,7718.75,7719.0,7718.25,7719.0,285
2026-08-27 06:38:00-04:00,7719.0,7720.25,7719.0,7719.75,170
2026-08-27 06:39:00-04:00,7719.75,7720.0,7718.75,7718.75,141
2026-08-27 06:40:00-04:00,7718.75,7720.75,7718.75,7720.75,206
2026-08-27 06:41:00-04:00,7720.5,7721.25,7720.5,7721.25,167
2026-08-27 06:42:00-04:00,7721.25,7721.75,7720.75,7721.5,240
2026-08-27 06:43:00-04:00,7721.75,7722.5,7721.5,7722.25,173
2026-08-27 06:44:00-04:00,7722.25,7723.0,7722.25,7722.5,142
2026-08-27 06:45:00-04:00,7722.75,7723.25,7722.5,7722.5,114
2026-08-27 06:46:00-04:00,7722.25,7722.75,7722.0,7722.75,163
2026-08-27 06:47:00-04:00,7722.75,7723.0,7722.5,7722.5,133
2026-08-27 06:48:00-04:00,7722.5,7722.75,7722.25,7722.5,121
2026-08-27 06:49:00-04:00,7722.5,7723.5,7721.75,7721.75,122
2026-08-27 06:50:00-04:00,7721.25,7721.5,7720.5,7720.5,282
2026-08-27 06:51:00-04:00,7720.5,7720.75,7719.75,7720.75,285
2026-08-27 06:52:00-04:00,7721.0,7721.0,7720.5,7720.5,153
2026-08-27 06:53:00-04:00,7720.5,7722.25,7720.5,7722.25,131
2026-08-27 06:54:00-04:00,7722.5,7723.5,7722.5,7723.5,134
2026-08-27 06:55:00-04:00,7723.5,7724.5,7723.5,7724.25,144
2026-08-27 06:56:00-04:00,7724.25,7724.25,7723.0,7723.25,145
2026-08-27 06:57:00-04:00,7723.25,7723.75,7723.0,7723.5,104
2026-08-27 06:58:00-04:00,7723.75,7724.0,7723.0,7723.25,143
2026-08-27 06:59:00-04:00,7723.5,7724.0,7723.0,7724.0,178
2026-08-27 07:00:00-04:00,7724.0,7725.0,7722.5,7722.75,845
2026-08-27 07:01:00-04:00,7722.75,7724.25,7722.5,7722.5,350
2026-08-27 07:02:00-04:00,7722.75,7723.0,7721.75,7722.0,252
2026-08-27 07:03:00-04:00,7721.75,7723.25,7721.75,7722.75,195
2026-08-27 07:04:00-04:00,7722.75,7725.75,7722.5,7725.75,338
2026-08-27 07:05:00-04:00,7725.5,7726.0,7725.5,7726.0,160
2026-08-27 07:06:00-04:00,7726.0,7726.5,7725.25,7725.5,240
2026-08-27 07:07:00-04:00,7725.5,7726.0,7725.5,7725.75,157
2026-08-27 07:08:00-04:00,7725.75,7725.75,7723.0,7724.5,361
2026-08-27 07:09:00-04:00,7724.25,7727.5,7724.0,7727.25,483
2026-08-27 07:10:00-04:00,7726.75,7727.5,7726.5,7727.0,184
2026-08-27 07:11:00-04:00,7726.75,7727.25,7726.25,7726.5,234
2026-08-27 07:12:00-04:00,7726.25,7727.5,7726.25,7727.5,140
2026-08-27 07:13:00-04:00,7727.5,7729.75,7727.25,7729.25,276
2026-08-27 07:14:00-04:00,7729.0,7729.25,7727.75,7728.25,353
2026-08-27 07:15:00-04:00,7728.25,7729.25,7728.25,7728.75,242
2026-08-27 07:16:00-04:00,7728.5,7729.0,7728.5,7729.0,190
2026-08-27 07:17:00-04:00,7728.75,7729.25,7727.5,7727.5,356
2026-08-27 07:18:00-04:00,7727.25,7727.75,7725.5,7725.75,448
2026-08-27 07:19:00-04:00,7725.75,7726.5,7725.75,7726.0,218
2026-08-27 07:20:00-04:00,7726.0,7726.5,7725.5,7726.0,274
2026-08-27 07:21:00-04:00,7726.25,7726.5,7725.5,7725.75,178
2026-08-27 07:22:00-04:00,7726.25,7727.0,7725.75,7726.25,234
2026-08-27 07:23:00-04:00,7726.0,7726.25,7724.75,7724.75,100
2026-08-27 07:24:00-04:00,7725.0,7726.0,7725.0,7726.0,101
2026-08-27 07:25:00-04:00,7725.75,7726.75,7725.5,7726.5,151
2026-08-27 07:26:00-04:00,7726.5,7726.75,7725.0,7725.0,186
2026-08-27 07:27:00-04:00,7725.0,7725.0,7722.75,7723.25,273
2026-08-27 07:28:00-04:00,7723.25,7724.5,7723.25,7724.0,139
2026-08-27 07:29:00-04:00,7724.0,7724.0,7722.25,7722.5,353
2026-08-27 07:30:00-04:00,7722.5,7722.5,7720.0,7720.75,503
2026-08-27 07:31:00-04:00,7720.75,7725.25,7720.5,7722.0,1910
2026-08-27 07:32:00-04:00,7722.25,7722.25,7719.25,7721.5,758
2026-08-27 07:33:00-04:00,7721.25,7723.0,7721.0,7722.25,301
2026-08-27 07:34:00-04:00,7722.0,7722.25,7721.25,7722.0,120
2026-08-27 07:35:00-04:00,7722.0,7722.75,7720.25,7720.5,545
2026-08-27 07:36:00-04:00,7720.5,7720.75,7718.75,7719.25,368
2026-08-27 07:37:00-04:00,7719.0,7719.25,7718.5,7719.0,249
2026-08-27 07:38:00-04:00,7719.0,7719.25,7717.75,7718.5,192
2026-08-27 07:39:00-04:00,7718.5,7719.5,7718.25,7718.75,179
2026-08-27 07:40:00-04:00,7718.75,7719.5,7718.0,7719.0,259
2026-08-27 07:41:00-04:00,7719.0,7720.25,7718.75,7720.0,278
2026-08-27 07:42:00-04:00,7719.75,7720.75,7718.75,7720.0,215
2026-08-27 07:43:00-04:00,7720.0,7721.75,7720.0,7721.25,238
2026-08-27 07:44:00-04:00,7721.0,7721.5,7720.5,7721.0,173
2026-08-27 07:45:00-04:00,7721.0,7721.0,7719.25,7719.5,198
2026-08-27 07:46:00-04:00,7719.0,7719.25,7716.25,7717.0,414
2026-08-27 07:47:00-04:00,7717.0,7717.25,7716.5,7716.5,151
2026-08-27 07:48:00-04:00,7716.0,7716.75,7715.5,7716.25,311
2026-08-27 07:49:00-04:00,7716.0,7716.25,7715.0,7715.25,345
2026-08-27 07:50:00-04:00,7715.5,7716.25,7715.0,7716.25,377
2026-08-27 07:51:00-04:00,7716.25,7716.5,7715.75,7716.0,447
2026-08-27 07:52:00-04:00,7716.0,7717.0,7715.75,7716.75,265
2026-08-27 07:53:00-04:00,7716.75,7719.0,7716.5,7718.5,492
2026-08-27 07:54:00-04:00,7718.25,7719.0,7718.0,7718.5,326
2026-08-27 07:55:00-04:00,7718.5,7719.25,7718.5,7718.75,147
2026-08-27 07:56:00-04:00,7718.75,7718.75,7718.25,7718.5,119
2026-08-27 07:57:00-04:00,7718.75,7720.5,7718.75,7719.5,183
2026-08-27 07:58:00-04:00,7719.5,7721.75,7719.5,7721.5,332
2026-08-27 07:59:00-04:00,7721.25,7722.5,7721.25,7722.25,306
2026-08-27 08:00:00-04:00,7721.75,7722.5,7721.25,7722.0,516
2026-08-27 08:01:00-04:00,7722.25,7723.25,7721.5,7723.0,564
2026-08-27 08:02:00-04:00,7722.75,7723.25,7721.75,7723.25,255
2026-08-27 08:03:00-04:00,7723.5,7723.5,7721.25,7722.25,408
2026-08-27 08:04:00-04:00,7722.0,7723.0,7722.0,7723.0,306
2026-08-27 08:05:00-04:00,7722.75,7723.5,7721.25,7721.5,486
2026-08-27 08:06:00-04:00,7721.5,7723.0,7721.25,7721.75,301
2026-08-27 08:07:00-04:00,7721.5,7722.5,7721.25,7721.25,269
2026-08-27 08:08:00-04:00,7721.5,7723.0,7721.5,7722.5,459
2026-08-27 08:09:00-04:00,7722.5,7723.75,7722.25,7723.5,450
2026-08-27 08:10:00-04:00,7723.75,7724.5,7723.25,7724.5,457
2026-08-27 08:11:00-04:00,7724.25,7725.75,7724.0,7725.5,363
2026-08-27 08:12:00-04:00,7725.5,7726.25,7725.25,7726.25,433
2026-08-27 08:13:00-04:00,7726.25,7726.5,7725.5,7726.25,405
2026-08-27 08:14:00-04:00,7726.0,7726.5,7725.25,7725.5,191
2026-08-27 08:15:00-04:00,7725.5,7725.75,7724.5,7725.0,272
2026-08-27 08:16:00-04:00,7724.75,7724.75,7723.5,7723.75,349
2026-08-27 08:17:00-04:00,7724.0,7724.75,7723.25,7724.25,251
2026-08-27 08:18:00-04:00,7724.25,7724.5,7723.25,7723.25,278
2026-08-27 08:19:00-04:00,7723.25,7724.0,7723.25,7724.0,188
2026-08-27 08:20:00-04:00,7724.0,7724.5,7723.5,7724.25,345
2026-08-27 08:21:00-04:00,7724.25,7725.0,7722.25,7723.25,515
2026-08-27 08:22:00-04:00,7723.25,7724.25,7722.0,7723.5,451
2026-08-27 08:23:00-04:00,7723.5,7724.75,7723.5,7723.75,179
2026-08-27 08:24:00-04:00,7724.0,7724.0,7723.25,7723.5,212
2026-08-27 08:25:00-04:00,7723.5,7724.75,7723.5,7724.75,208
2026-08-27 08:26:00-04:00,7725.0,7725.0,7724.0,7724.0,206
2026-08-27 08:27:00-04:00,7724.25,7724.25,7722.5,7722.5,515
2026-08-27 08:28:00-04:00,7722.5,7723.5,7722.0,7722.5,410
2026-08-27 08:29:00-04:00,7722.5,7723.25,7722.0,7723.25,258
2026-08-27 08:30:00-04:00,7723.25,7723.5,7721.5,7722.5,492
2026-08-27 08:31:00-04:00,7722.5,7723.25,7719.75,7720.0,835
2026-08-27 08:32:00-04:00,7720.0,7721.0,7719.25,7720.0,382
2026-08-27 08:33:00-04:00,7720.0,7720.5,7719.0,7719.25,352
2026-08-27 08:34:00-04:00,7719.5,7719.75,7718.75,7719.0,420
2026-08-27 08:35:00-04:00,7719.0,7719.25,7718.5,7719.0,436
2026-08-27 08:36:00-04:00,7719.0,7719.25,7716.75,7716.75,441
2026-08-27 08:37:00-04:00,7717.0,7717.0,7714.75,7715.25,1878
2026-08-27 08:38:00-04:00,7715.5,7716.0,7714.25,7714.5,455
2026-08-27 08:39:00-04:00,7714.5,7716.0,7714.5,7714.5,837
2026-08-27 08:40:00-04:00,7714.5,7714.75,7713.25,7714.0,710
2026-08-27 08:41:00-04:00,7714.25,7714.75,7713.75,7713.75,382
2026-08-27 08:42:00-04:00,7713.75,7714.5,7713.25,7713.5,503
2026-08-27 08:43:00-04:00,7713.75,7715.0,7713.5,7715.0,611
2026-08-27 08:44:00-04:00,7715.0,7715.0,7711.75,7712.25,577
2026-08-27 08:45:00-04:00,7712.25,7712.75,7711.5,7712.5,324
2026-08-27 08:46:00-04:00,7712.5,7713.5,7711.0,7711.0,401
2026-08-27 08:47:00-04:00,7711.25,7712.75,7711.25,7712.75,356
2026-08-27 08:48:00-04:00,7712.75,7713.25,7712.25,7712.25,452
2026-08-27 08:49:00-04:00,7712.25,7713.25,7712.0,7712.75,259
2026-08-27 08:50:00-04:00,7712.75,7713.0,7711.75,7712.5,467
2026-08-27 08:51:00-04:00,7712.5,7712.75,7711.5,7711.75,273
2026-08-27 08:52:00-04:00,7712.0,7712.0,7711.0,7711.5,349
2026-08-27 08:53:00-04:00,7711.75,7712.75,7711.0,7712.5,343
2026-08-27 08:54:00-04:00,7712.5,7713.5,7712.25,7713.0,347
2026-08-27 08:55:00-04:00,7713.0,7713.5,7712.5,7712.5,195
2026-08-27 08:56:00-04:00,7712.25,7713.5,7712.0,7713.5,274
2026-08-27 08:57:00-04:00,7713.5,7714.25,7712.25,7712.5,409
2026-08-27 08:58:00-04:00,7712.5,7712.75,7711.25,7711.25,293
2026-08-27 08:59:00-04:00,7711.25,7711.75,7711.0,7711.5,293
2026-08-27 09:00:00-04:00,7711.5,7712.25,7710.75,7712.25,649
2026-08-27 09:01:00-04:00,7712.0,7712.25,7710.25,7710.5,495
2026-08-27 09:02:00-04:00,7710.5,7714.25,7710.25,7714.0,684
2026-08-27 09:03:00-04:00,7714.25,7714.5,7713.0,7713.0,622
2026-08-27 09:04:00-04:00,7713.0,7715.0,7713.0,7714.25,508
2026-08-27 09:05:00-04:00,7714.25,7714.75,7713.5,7714.25,519
2026-08-27 09:06:00-04:00,7714.25,7715.25,7714.0,7715.25,378
2026-08-27 09:07:00-04:00,7715.25,7715.5,7714.0,7714.25,485
2026-08-27 09:08:00-04:00,7714.25,7714.25,7713.0,7713.25,431
2026-08-27 09:09:00-04:00,7713.0,7713.0,7711.5,7711.75,437
2026-08-27 09:10:00-04:00,7712.0,7713.0,7711.75,7712.5,278
2026-08-27 09:11:00-04:00,7712.5,7712.75,7711.25,7712.5,433
2026-08-27 09:12:00-04:00,7712.5,7714.25,7712.5,7714.0,496
2026-08-27 09:13:00-04:00,7714.0,7714.25,7712.5,7713.25,634
2026-08-27 09:14:00-04:00,7713.25,7713.5,7712.75,7713.25,595
2026-08-27 09:15:00-04:00,7713.25,7714.75,7712.75,7714.5,392
2026-08-27 09:16:00-04:00,7714.25,7717.25,7713.0,7713.0,1233
2026-08-27 09:17:00-04:00,7713.25,7716.25,7713.25,7715.0,1048
2026-08-27 09:18:00-04:00,7715.0,7715.25,7714.0,7714.5,445
2026-08-27 09:19:00-04:00,7714.75,7715.25,7714.0,7714.5,384
2026-08-27 09:20:00-04:00,7714.75,7715.0,7714.25,7714.75,284
2026-08-27 09:21:00-04:00,7714.5,7714.5,7713.0,7713.75,485
2026-08-27 09:22:00-04:00,7713.75,7714.25,7712.0,7712.75,1243
2026-08-27 09:23:00-04:00,7713.0,7714.25,7712.75,7713.25,343
2026-08-27 09:24:00-04:00,7713.0,7713.75,7713.0,7713.0,363
2026-08-27 09:25:00-04:00,7713.25,7716.5,7713.25,7716.5,1341
2026-08-27 09:26:00-04:00,7717.0,7717.0,7716.0,7716.25,796
2026-08-27 09:27:00-04:00,7716.25,7716.75,7715.0,7716.5,889
2026-08-27 09:28:00-04:00,7716.5,7718.0,7715.0,7715.75,1842
2026-08-27 09:29:00-04:00,7716.0,7717.5,7715.25,7716.25,1684
2026-08-27 09:30:00-04:00,7716.25,7719.25,7712.5,7717.75,13337
2026-08-27 09:31:00-04:00,7717.75,7720.0,7706.5,7706.5,9252
2026-08-27 09:32:00-04:00,7706.5,7709.25,7703.0,7708.25,8986
2026-08-27 09:33:00-04:00,7708.5,7713.25,7708.0,7710.0,6854
2026-08-27 09:34:00-04:00,7709.75,7710.25,7704.25,7706.0,5183
2026-08-27 09:35:00-04:00,7706.0,7708.0,7702.75,7707.25,7722
2026-08-27 09:36:00-04:00,7707.25,7710.25,7707.0,7708.25,6773
2026-08-27 09:37:00-04:00,7708.5,7709.5,7704.75,7708.25,4787
2026-08-27 09:38:00-04:00,7708.25,7709.5,7706.5,7708.25,3775
2026-08-27 09:39:00-04:00,7708.25,7714.0,7707.75,7713.75,5395
2026-08-27 09:40:00-04:00,7713.25,7714.5,7712.25,7713.75,5453
2026-08-27 09:41:00-04:00,7713.75,7718.75,7713.25,7715.25,4866
2026-08-27 09:42:00-04:00,7715.25,7717.0,7710.5,7716.25,5446
2026-08-27 09:43:00-04:00,7716.25,7717.75,7715.5,7716.25,4388
2026-08-27 09:44:00-04:00,7716.25,7723.75,7716.0,7723.25,9199
2026-08-27 09:45:00-04:00,7723.5,7727.25,7722.25,7726.75,6573
2026-08-27 09:46:00-04:00,7726.5,7728.5,7720.75,7720.75,7019
2026-08-27 09:47:00-04:00,7721.0,7721.75,7711.5,7714.25,9153
2026-08-27 09:48:00-04:00,7714.5,7715.5,7711.5,7713.5,6115
2026-08-27 09:49:00-04:00,7713.25,7713.5,7708.25,7711.75,5922
2026-08-27 09:50:00-04:00,7712.25,7719.5,7712.0,7719.0,5414
2026-08-27 09:51:00-04:00,7719.25,7721.25,7718.0,7720.75,4406
2026-08-27 09:52:00-04:00,7720.75,7723.25,7719.25,7722.75,6134
2026-08-27 09:53:00-04:00,7722.5,7724.5,7721.5,7723.75,3240
2026-08-27 09:54:00-04:00,7723.75,7725.25,7722.5,7723.5,3212
2026-08-27 09:55:00-04:00,7723.0,7724.0,7716.25,7719.75,5005
2026-08-27 09:56:00-04:00,7719.5,7720.0,7713.25,7713.5,4083
2026-08-27 09:57:00-04:00,7713.25,7713.5,7707.25,7708.5,6137
2026-08-27 09:58:00-04:00,7708.75,7712.75,7708.5,7712.5,5514
2026-08-27 09:59:00-04:00,7712.75,7716.25,7711.25,7715.25,4406
2026-08-27 10:00:00-04:00,7715.5,7717.5,7713.5,7716.5,5249
2026-08-27 10:01:00-04:00,7716.25,7719.5,7714.75,7718.25,3989
2026-08-27 10:02:00-04:00,7718.5,7719.0,7715.5,7717.5,4325
2026-08-27 10:03:00-04:00,7717.5,7720.75,7715.75,7720.75,2995
2026-08-27 10:04:00-04:00,7721.0,7721.75,7718.0,7719.25,4130
2026-08-27 10:05:00-04:00,7719.25,7722.25,7719.0,7720.5,2681
2026-08-27 10:06:00-04:00,7720.75,7721.25,7713.0,7713.0,4000
2026-08-27 10:07:00-04:00,7713.25,7718.5,7712.0,7717.25,3766
2026-08-27 10:08:00-04:00,7717.25,7717.5,7713.5,7715.0,3388
2026-08-27 10:09:00-04:00,7714.75,7717.5,7714.25,7715.75,2979
2026-08-27 10:10:00-04:00,7715.75,7720.75,7715.25,7720.25,3572
2026-08-27 10:11:00-04:00,7720.25,7721.0,7718.5,7718.75,2597
2026-08-27 10:12:00-04:00,7718.75,7720.5,7718.0,7720.0,2337
2026-08-27 10:13:00-04:00,7719.75,7721.0,7718.0,7721.0,2257
2026-08-27 10:14:00-04:00,7721.0,7721.25,7717.0,7718.0,2341
2026-08-27 10:15:00-04:00,7718.0,7722.25,7717.75,7721.75,2421
2026-08-27 10:16:00-04:00,7722.0,7722.0,7719.0,7719.25,2078
2026-08-27 10:17:00-04:00,7719.5,7723.0,7719.25,7722.5,2751
2026-08-27 10:18:00-04:00,7722.5,7725.0,7721.75,7724.0,2909
2026-08-27 10:19:00-04:00,7723.75,7724.5,7722.25,7722.75,2344
2026-08-27 10:20:00-04:00,7723.0,7725.75,7722.75,7725.5,2978
2026-08-27 10:21:00-04:00,7725.75,7726.5,7722.25,7722.5,2834
2026-08-27 10:22:00-04:00,7722.5,7724.5,7722.0,7723.75,3132
2026-08-27 10:23:00-04:00,7723.75,7727.5,7723.25,7723.75,4521
2026-08-27 10:24:00-04:00,7723.75,7726.25,7722.75,7726.25,2992
2026-08-27 10:25:00-04:00,7726.25,7726.25,7724.25,7725.75,2449
2026-08-27 10:26:00-04:00,7725.75,7727.5,7725.25,7727.25,2473
2026-08-27 10:27:00-04:00,7727.25,7730.25,7727.0,7728.5,4753
2026-08-27 10:28:00-04:00,7728.25,7729.75,7726.75,7727.0,2989
2026-08-27 10:29:00-04:00,7727.0,7728.75,7726.5,7728.5,1673
2026-08-27 10:30:00-04:00,7728.5,7729.25,7721.75,7723.5,6053
2026-08-27 10:31:00-04:00,7723.5,7725.25,7723.5,7724.5,2694
2026-08-27 10:32:00-04:00,7724.75,7725.0,7723.0,7724.0,2275
2026-08-27 10:33:00-04:00,7724.0,7727.5,7722.5,7727.0,2530
2026-08-27 10:34:00-04:00,7727.0,7727.25,7724.75,7725.25,1858
2026-08-27 10:35:00-04:00,7725.5,7729.0,7725.5,7728.5,2770
2026-08-27 10:36:00-04:00,7728.75,7729.75,7728.25,7729.75,2139
2026-08-27 10:37:00-04:00,7729.75,7732.25,7729.25,7729.5,3181
2026-08-27 10:38:00-04:00,7729.5,7730.0,7727.5,7728.25,2974
2026-08-27 10:39:00-04:00,7728.25,7728.75,7725.0,7725.0,4341
2026-08-27 10:40:00-04:00,7725.0,7727.25,7724.5,7726.5,3370
2026-08-27 10:41:00-04:00,7726.5,7727.5,7725.0,7726.5,2541
2026-08-27 10:42:00-04:00,7726.5,7728.25,7726.5,7728.25,2488
2026-08-27 10:43:00-04:00,7728.0,7728.25,7726.5,7727.25,1991
2026-08-27 10:44:00-04:00,7727.25,7728.25,7725.75,7727.75,2418
2026-08-27 10:45:00-04:00,7727.5,7728.0,7725.75,7728.0,2707
2026-08-27 10:46:00-04:00,7728.0,7729.5,7727.75,7729.25,2246
2026-08-27 10:47:00-04:00,7729.0,7729.25,7725.0,7725.75,2708
2026-08-27 10:48:00-04:00,7726.0,7730.75,7725.25,7730.75,2691
2026-08-27 10:49:00-04:00,7730.5,7734.5,7730.0,7734.0,5009
2026-08-27 10:50:00-04:00,7733.75,7734.75,7732.5,7733.25,5446
2026-08-27 10:51:00-04:00,7733.25,7733.5,7732.25,7732.5,2580
2026-08-27 10:52:00-04:00,7733.25,7736.0,7731.75,7734.25,4819
2026-08-27 10:53:00-04:00,7734.25,7734.5,7730.5,7732.25,2786
2026-08-27 10:54:00-04:00,7732.0,7733.5,7730.75,7732.75,3360
2026-08-27 10:55:00-04:00,7733.0,7733.5,7729.0,7729.75,4472
2026-08-27 10:56:00-04:00,7729.75,7731.25,7728.75,7729.75,2573
2026-08-27 10:57:00-04:00,7729.75,7732.5,7729.75,7731.0,2391
2026-08-27 10:58:00-04:00,7731.0,7734.0,7730.5,7733.75,1932
2026-08-27 10:59:00-04:00,7733.75,7735.5,7733.75,7735.25,3750
2026-08-27 11:00:00-04:00,7735.5,7737.0,7734.0,7736.5,3774
2026-08-27 11:01:00-04:00,7736.75,7738.25,7736.0,7737.5,2867
2026-08-27 11:02:00-04:00,7737.5,7738.0,7736.5,7736.75,1934
2026-08-27 11:03:00-04:00,7737.0,7737.25,7733.75,7734.25,3063
2026-08-27 11:04:00-04:00,7734.25,7738.0,7734.0,7737.75,2367
2026-08-27 11:05:00-04:00,7737.75,7738.5,7737.0,7737.75,2018
2026-08-27 11:06:00-04:00,7737.75,7737.75,7735.75,7735.75,1607
2026-08-27 11:07:00-04:00,7736.0,7737.0,7735.0,7736.25,2266
2026-08-27 11:08:00-04:00,7736.0,7736.25,7734.75,7736.25,1351
2026-08-27 11:09:00-04:00,7736.25,7737.5,7735.25,7737.0,1281
2026-08-27 11:10:00-04:00,7737.0,7738.0,7736.75,7737.0,1600
2026-08-27 11:11:00-04:00,7737.25,7738.5,7737.0,7738.0,1529
2026-08-27 11:12:00-04:00,7738.25,7739.25,7736.75,7737.0,1904
2026-08-27 11:13:00-04:00,7737.0,7738.25,7737.0,7737.75,1185
2026-08-27 11:14:00-04:00,7737.75,7740.25,7737.75,7740.0,2359
2026-08-27 11:15:00-04:00,7740.0,7742.0,7739.75,7741.5,3121
2026-08-27 11:16:00-04:00,7741.5,7742.5,7741.25,7742.25,2422
2026-08-27 11:17:00-04:00,7742.25,7742.75,7741.5,7742.0,2103
2026-08-27 11:18:00-04:00,7742.0,7742.75,7741.0,7742.5,1904
2026-08-27 11:19:00-04:00,7742.5,7742.75,7740.25,7741.25,1656
2026-08-27 11:20:00-04:00,7741.5,7742.5,7740.75,7741.25,1763
2026-08-27 11:21:00-04:00,7741.25,7742.0,7739.5,7740.25,1971
2026-08-27 11:22:00-04:00,7740.0,7741.0,7739.75,7740.5,1682
2026-08-27 11:23:00-04:00,7740.5,7741.0,7739.0,7741.0,1974
2026-08-27 11:24:00-04:00,7741.0,7741.25,7739.0,7739.5,2222
2026-08-27 11:25:00-04:00,7739.75,7739.75,7736.75,7738.25,2762
2026-08-27 11:26:00-04:00,7738.0,7739.0,7737.25,7738.25,1857
2026-08-27 11:27:00-04:00,7738.0,7738.75,7736.25,7736.25,1924
2026-08-27 11:28:00-04:00,7736.5,7737.5,7736.25,7736.5,1205
2026-08-27 11:29:00-04:00,7736.5,7736.75,7733.75,7734.75,3228
2026-08-27 11:30:00-04:00,7734.75,7735.25,7732.25,7734.0,4664
2026-08-27 11:31:00-04:00,7734.0,7734.75,7733.0,7734.5,3430
2026-08-27 11:32:00-04:00,7734.75,7736.75,7732.75,7736.75,3230
2026-08-27 11:33:00-04:00,7736.75,7737.75,7735.25,7735.75,2521
2026-08-27 11:34:00-04:00,7735.25,7735.75,7732.25,7733.5,2836
2026-08-27 11:35:00-04:00,7733.75,7735.0,7732.25,7733.25,2821
2026-08-27 11:36:00-04:00,7733.25,7733.5,7731.5,7732.0,1859
2026-08-27 11:37:00-04:00,7732.25,7732.5,7730.75,7731.5,3839
2026-08-27 11:38:00-04:00,7731.25,7732.5,7730.5,7731.25,2911
2026-08-27 11:39:00-04:00,7731.25,7731.25,7729.5,7730.75,3111
2026-08-27 11:40:00-04:00,7730.5,7732.0,7729.75,7731.5,2979
2026-08-27 11:41:00-04:00,7731.5,7735.0,7731.5,7735.0,3727
2026-08-27 11:42:00-04:00,7734.75,7735.0,7731.75,7732.25,1992
2026-08-27 11:43:00-04:00,7732.0,7732.25,7729.0,7729.25,3629
2026-08-27 11:44:00-04:00,7729.5,7729.5,7727.25,7728.0,4623
2026-08-27 11:45:00-04:00,7728.0,7728.0,7725.25,7726.5,4476
2026-08-27 11:46:00-04:00,7726.5,7727.5,7725.25,7727.25,3333
2026-08-27 11:47:00-04:00,7727.25,7728.5,7726.75,7727.25,2562
2026-08-27 11:48:00-04:00,7727.25,7728.0,7726.25,7727.5,1924
2026-08-27 11:49:00-04:00,7727.5,7728.75,7726.5,7728.0,2163
2026-08-27 11:50:00-04:00,7728.0,7732.25,7728.0,7732.0,3566
2026-08-27 11:51:00-04:00,7731.75,7735.5,7731.25,7734.5,2841
2026-08-27 11:52:00-04:00,7734.75,7737.75,7732.75,7737.75,3691
2026-08-27 11:53:00-04:00,7737.5,7739.5,7737.0,7738.25,3061
2026-08-27 11:54:00-04:00,7738.0,7740.5,7737.75,7740.5,2693
2026-08-27 11:55:00-04:00,7740.25,7740.25,7737.25,7737.25,3342
2026-08-27 11:56:00-04:00,7737.25,7738.0,7736.75,7737.25,1927
2026-08-27 11:57:00-04:00,7737.25,7739.25,7737.0,7739.25,1995
2026-08-27 11:58:00-04:00,7739.25,7739.5,7738.75,7739.0,1434
2026-08-27 11:59:00-04:00,7738.75,7739.25,7737.5,7738.0,2134
2026-08-27 12:00:00-04:00,7737.75,7739.0,7737.5,7738.0,1797
2026-08-27 12:01:00-04:00,7737.75,7739.5,7737.25,7739.0,1549
2026-08-27 12:02:00-04:00,7738.75,7739.75,7737.5,7739.75,1728
2026-08-27 12:03:00-04:00,7739.75,7741.0,7739.5,7741.0,1429
2026-08-27 12:04:00-04:00,7741.0,7741.5,7740.0,7740.0,1148
2026-08-27 12:05:00-04:00,7740.25,7740.5,7738.0,7738.25,1714
2026-08-27 12:06:00-04:00,7738.25,7738.75,7737.0,7737.75,2271
2026-08-27 12:07:00-04:00,7737.5,7739.0,7736.5,7736.75,1194
2026-08-27 12:08:00-04:00,7736.75,7737.75,7736.25,7736.5,1281
2026-08-27 12:09:00-04:00,7736.5,7737.25,7736.0,7736.75,1225
2026-08-27 12:10:00-04:00,7737.0,7739.5,7736.75,7739.25,1568
2026-08-27 12:11:00-04:00,7739.25,7739.25,7736.0,7736.75,1158
2026-08-27 12:12:00-04:00,7737.0,7737.75,7736.75,7737.5,949
2026-08-27 12:13:00-04:00,7737.5,7738.0,7737.0,7737.75,882
2026-08-27 12:14:00-04:00,7737.75,7738.0,7736.25,7737.75,1027
2026-08-27 12:15:00-04:00,7737.75,7738.5,7737.5,7738.5,1022
2026-08-27 12:16:00-04:00,7738.75,7740.0,7738.5,7738.5,1325
2026-08-27 12:17:00-04:00,7738.5,7740.0,7737.75,7738.75,2124
2026-08-27 12:18:00-04:00,7738.25,7738.5,7737.25,7738.0,652
2026-08-27 12:19:00-04:00,7737.75,7738.25,7736.75,7737.75,1128
2026-08-27 12:20:00-04:00,7737.75,7738.0,7737.0,7737.0,804
2026-08-27 12:21:00-04:00,7737.25,7737.5,7735.0,7735.75,2208
2026-08-27 12:22:00-04:00,7735.5,7736.75,7735.5,7736.25,855
2026-08-27 12:23:00-04:00,7736.0,7737.5,7736.0,7737.0,929
2026-08-27 12:24:00-04:00,7737.0,7737.25,7736.0,7737.0,838
2026-08-27 12:25:00-04:00,7736.75,7737.75,7736.5,7737.0,836
2026-08-27 12:26:00-04:00,7736.75,7737.5,7735.75,7737.5,1057
2026-08-27 12:27:00-04:00,7737.25,7740.0,7737.0,7740.0,1308
2026-08-27 12:28:00-04:00,7740.0,7740.75,7739.5,7740.0,1620
2026-08-27 12:29:00-04:00,7740.0,7740.75,7739.75,7740.75,840
2026-08-27 12:30:00-04:00,7740.5,7741.0,7739.75,7740.5,1260
2026-08-27 12:31:00-04:00,7740.5,7742.25,7740.25,7741.75,2289
2026-08-27 12:32:00-04:00,7741.75,7742.5,7740.75,7742.25,1244
2026-08-27 12:33:00-04:00,7742.25,7742.5,7740.25,7741.25,1073
2026-08-27 12:34:00-04:00,7741.5,7743.25,7741.25,7743.25,1616
2026-08-27 12:35:00-04:00,7743.0,7744.0,7742.5,7743.5,1300
2026-08-27 12:36:00-04:00,7743.5,7744.25,7743.25,7744.0,984
2026-08-27 12:37:00-04:00,7744.25,7746.0,7743.75,7746.0,2352
2026-08-27 12:38:00-04:00,7746.0,7746.0,7744.25,7745.25,1847
2026-08-27 12:39:00-04:00,7745.25,7747.0,7745.0,7746.75,2470
2026-08-27 12:40:00-04:00,7746.75,7748.25,7746.5,7747.5,3948
2026-08-27 12:41:00-04:00,7747.75,7748.25,7746.75,7748.0,1941
2026-08-27 12:42:00-04:00,7748.0,7748.5,7747.5,7748.25,1307
2026-08-27 12:43:00-04:00,7748.25,7749.75,7748.0,7748.75,2174
2026-08-27 12:44:00-04:00,7749.0,7749.25,7747.5,7748.5,2199
2026-08-27 12:45:00-04:00,7748.75,7751.25,7748.5,7750.25,3576
2026-08-27 12:46:00-04:00,7750.75,7750.75,7748.75,7749.25,2145
2026-08-27 12:47:00-04:00,7749.0,7749.25,7748.25,7748.25,1814
2026-08-27 12:48:00-04:00,7748.0,7750.25,7748.0,7750.0,1986
2026-08-27 12:49:00-04:00,7750.0,7750.0,7748.75,7748.75,1735
2026-08-27 12:50:00-04:00,7748.75,7749.75,7747.75,7749.25,2002
2026-08-27 12:51:00-04:00,7749.0,7750.0,7748.75,7749.75,1420
2026-08-27 12:52:00-04:00,7749.5,7750.75,7749.5,7750.0,1122
2026-08-27 12:53:00-04:00,7750.5,7751.0,7749.75,7751.0,1732
2026-08-27 12:54:00-04:00,7751.0,7752.0,7750.0,7751.0,2314
2026-08-27 12:55:00-04:00,7751.0,7751.25,7749.25,7749.25,1315
2026-08-27 12:56:00-04:00,7749.25,7750.75,7749.0,7750.25,1495
2026-08-27 12:57:00-04:00,7750.5,7751.25,7750.0,7750.5,1063
2026-08-27 12:58:00-04:00,7750.5,7751.0,7750.25,7750.25,986
2026-08-27 12:59:00-04:00,7750.25,7752.25,7750.25,7752.0,1319
2026-08-27 13:00:00-04:00,7752.0,7753.0,7751.5,7752.25,2395
2026-08-27 13:01:00-04:00,7752.25,7753.5,7752.0,7753.0,1167
2026-08-27 13:02:00-04:00,7752.75,7753.5,7752.5,7752.5,1514
2026-08-27 13:03:00-04:00,7752.5,7753.0,7751.5,7752.5,1533
2026-08-27 13:04:00-04:00,7752.5,7752.75,7751.75,7752.25,856
2026-08-27 13:05:00-04:00,7752.5,7752.5,7751.25,7751.25,1000
2026-08-27 13:06:00-04:00,7751.5,7751.75,7749.25,7749.75,1962
2026-08-27 13:07:00-04:00,7749.75,7750.75,7749.5,7750.0,2357
2026-08-27 13:08:00-04:00,7749.75,7754.5,7749.75,7753.0,5076
2026-08-27 13:09:00-04:00,7753.0,7754.75,7752.5,7754.0,2766
2026-08-27 13:10:00-04:00,7754.25,7755.5,7754.0,7754.25,2197
2026-08-27 13:11:00-04:00,7754.25,7754.75,7753.75,7754.25,1431
2026-08-27 13:12:00-04:00,7754.25,7754.75,7753.5,7754.25,941
2026-08-27 13:13:00-04:00,7754.0,7754.25,7753.0,7753.25,983
2026-08-27 13:14:00-04:00,7753.25,7753.75,7752.75,7753.5,901
2026-08-27 13:15:00-04:00,7753.75,7755.0,7753.75,7753.75,1230
2026-08-27 13:16:00-04:00,7754.0,7754.5,7752.75,7753.25,1284
2026-08-27 13:17:00-04:00,7753.0,7753.75,7752.75,7753.0,740
2026-08-27 13:18:00-04:00,7752.75,7753.25,7752.0,7753.0,809
2026-08-27 13:19:00-04:00,7752.75,7754.0,7752.75,7753.0,1069
2026-08-27 13:20:00-04:00,7753.25,7753.25,7752.5,7753.0,812
2026-08-27 13:21:00-04:00,7753.0,7754.0,7752.75,7753.75,932
2026-08-27 13:22:00-04:00,7753.75,7753.75,7752.25,7752.5,737
2026-08-27 13:23:00-04:00,7752.75,7754.5,7752.25,7753.75,1413
2026-08-27 13:24:00-04:00,7753.75,7754.0,7753.0,7753.75,931
2026-08-27 13:25:00-04:00,7753.5,7753.75,7752.0,7752.5,1024
2026-08-27 13:26:00-04:00,7752.25,7752.25,7750.75,7751.25,1453
2026-08-27 13:27:00-04:00,7751.5,7751.75,7750.0,7750.0,1668
2026-08-27 13:28:00-04:00,7750.0,7751.0,7749.75,7750.5,907
2026-08-27 13:29:00-04:00,7750.5,7750.5,7748.5,7749.0,1786
2026-08-27 13:30:00-04:00,7749.25,7750.75,7748.75,7750.25,2883
2026-08-27 13:31:00-04:00,7750.25,7750.5,7748.5,7749.75,1616
2026-08-27 13:32:00-04:00,7749.5,7752.25,7749.5,7751.75,1486
2026-08-27 13:33:00-04:00,7751.75,7752.5,7751.0,7751.5,1718
2026-08-27 13:34:00-04:00,7751.5,7751.5,7749.25,7749.25,960
2026-08-27 13:35:00-04:00,7749.25,7750.5,7748.75,7750.0,1001
2026-08-27 13:36:00-04:00,7750.0,7750.5,7749.75,7750.25,589
2026-08-27 13:37:00-04:00,7750.0,7750.0,7749.0,7749.75,491
2026-08-27 13:38:00-04:00,7749.5,7750.0,7749.0,7749.25,529
2026-08-27 13:39:00-04:00,7749.5,7749.5,7748.25,7749.0,1079
2026-08-27 13:40:00-04:00,7749.0,7750.0,7748.75,7749.75,650
2026-08-27 13:41:00-04:00,7749.5,7750.0,7749.0,7749.75,562
2026-08-27 13:42:00-04:00,7749.75,7750.25,7749.25,7749.75,1154
2026-08-27 13:43:00-04:00,7749.75,7751.25,7749.5,7751.25,624
2026-08-27 13:44:00-04:00,7751.0,7751.0,7747.75,7747.75,2363
2026-08-27 13:45:00-04:00,7747.75,7748.25,7745.75,7746.25,2323
2026-08-27 13:46:00-04:00,7746.25,7746.75,7745.5,7745.75,1890
2026-08-27 13:47:00-04:00,7745.75,7747.5,7745.75,7745.75,1830
2026-08-27 13:48:00-04:00,7746.0,7746.0,7744.5,7744.5,2251
2026-08-27 13:49:00-04:00,7744.5,7745.5,7744.5,7745.5,1824
2026-08-27 13:50:00-04:00,7745.5,7745.75,7744.5,7744.75,1158
2026-08-27 13:51:00-04:00,7744.75,7745.0,7743.5,7744.75,1863
2026-08-27 13:52:00-04:00,7744.75,7745.0,7743.5,7744.5,1579
2026-08-27 13:53:00-04:00,7744.5,7745.0,7743.5,7743.75,1887
2026-08-27 13:54:00-04:00,7744.0,7745.5,7743.75,7745.0,1686
2026-08-27 13:55:00-04:00,7745.25,7745.5,7744.5,7745.0,1189
2026-08-27 13:56:00-04:00,7745.0,7746.0,7744.0,7746.0,931
2026-08-27 13:57:00-04:00,7745.75,7746.0,7744.0,7744.0,1499
2026-08-27 13:58:00-04:00,7744.0,7744.5,7742.75,7743.5,1499
2026-08-27 13:59:00-04:00,7743.5,7744.0,7743.25,7743.75,985
2026-08-27 14:00:00-04:00,7743.75,7745.5,7743.5,7744.0,2260
2026-08-27 14:01:00-04:00,7743.75,7743.75,7737.75,7738.75,5229
2026-08-27 14:02:00-04:00,7738.75,7739.75,7737.5,7739.5,4269
2026-08-27 14:03:00-04:00,7739.5,7740.25,7738.25,7740.0,2393
2026-08-27 14:04:00-04:00,7740.0,7740.0,7736.5,7736.75,2885
2026-08-27 14:05:00-04:00,7736.75,7738.25,7736.25,7737.75,2545
2026-08-27 14:06:00-04:00,7738.0,7739.0,7737.5,7738.0,1894
2026-08-27 14:07:00-04:00,7738.0,7738.25,7735.75,7737.25,1941
2026-08-27 14:08:00-04:00,7737.0,7737.5,7736.25,7736.75,1799
2026-08-27 14:09:00-04:00,7736.5,7737.5,7735.0,7736.5,2226
2026-08-27 14:10:00-04:00,7736.25,7737.0,7734.0,7735.0,2672
2026-08-27 14:11:00-04:00,7734.75,7736.25,7734.0,7736.0,1928
2026-08-27 14:12:00-04:00,7736.25,7736.25,7733.5,7735.0,2271
2026-08-27 14:13:00-04:00,7735.25,7735.75,7732.75,7733.0,2380
2026-08-27 14:14:00-04:00,7732.5,7734.25,7730.75,7733.75,4109
2026-08-27 14:15:00-04:00,7734.25,7734.75,7733.0,7733.75,2677
2026-08-27 14:16:00-04:00,7733.5,7734.0,7732.0,7732.75,1956
2026-08-27 14:17:00-04:00,7733.0,7734.25,7732.5,7734.25,2105
2026-08-27 14:18:00-04:00,7734.0,7735.75,7733.75,7735.75,2324
2026-08-27 14:19:00-04:00,7735.75,7736.25,7733.75,7734.25,1521
2026-08-27 14:20:00-04:00,7734.0,7735.75,7733.75,7735.25,1931
2026-08-27 14:21:00-04:00,7735.25,7735.5,7733.75,7735.0,1788
2026-08-27 14:22:00-04:00,7734.75,7735.75,7733.75,7734.25,1287
2026-08-27 14:23:00-04:00,7734.0,7734.5,7731.75,7732.0,2336
2026-08-27 14:24:00-04:00,7732.0,7732.75,7731.25,7732.25,1542
2026-08-27 14:25:00-04:00,7732.25,7732.5,7730.25,7731.0,1813
2026-08-27 14:26:00-04:00,7731.0,7731.5,7729.5,7729.75,2246
2026-08-27 14:27:00-04:00,7729.25,7729.5,7726.25,7726.5,3076
2026-08-27 14:28:00-04:00,7726.5,7727.25,7724.25,7726.5,4385
2026-08-27 14:29:00-04:00,7726.25,7726.5,7723.75,7726.0,3573
2026-08-27 14:30:00-04:00,7726.0,7727.75,7725.25,7727.25,3371
2026-08-27 14:31:00-04:00,7727.5,7729.75,7727.25,7728.75,2503
2026-08-27 14:32:00-04:00,7728.75,7730.75,7728.25,7730.0,2724
2026-08-27 14:33:00-04:00,7730.0,7730.75,7726.25,7726.5,2776
2026-08-27 14:34:00-04:00,7726.25,7727.0,7725.5,7726.75,2012
2026-08-27 14:35:00-04:00,7726.75,7728.0,7726.0,7727.0,1791
2026-08-27 14:36:00-04:00,7727.0,7728.75,7726.5,7728.5,1337
2026-08-27 14:37:00-04:00,7728.5,7729.5,7727.75,7729.25,2111
2026-08-27 14:38:00-04:00,7729.25,7731.25,7728.25,7730.5,2263
2026-08-27 14:39:00-04:00,7730.5,7732.0,7729.5,7732.0,1349
2026-08-27 14:40:00-04:00,7732.0,7732.0,7730.5,7731.75,1130
2026-08-27 14:41:00-04:00,7732.0,7732.5,7730.0,7730.25,1712
2026-08-27 14:42:00-04:00,7730.25,7731.5,7729.5,7730.0,1587
2026-08-27 14:43:00-04:00,7730.0,7731.0,7729.25,7730.25,1265
2026-08-27 14:44:00-04:00,7730.25,7730.75,7729.75,7730.25,962
2026-08-27 14:45:00-04:00,7730.0,7731.25,7729.25,7729.5,1532
2026-08-27 14:46:00-04:00,7729.5,7730.5,7728.75,7730.25,1664
2026-08-27 14:47:00-04:00,7730.25,7731.75,7729.75,7731.5,1337
2026-08-27 14:48:00-04:00,7731.75,7732.25,7729.5,7729.75,1477
2026-08-27 14:49:00-04:00,7729.75,7730.25,7726.25,7726.5,2805
2026-08-27 14:50:00-04:00,7726.5,7726.5,7724.5,7726.0,2816
2026-08-27 14:51:00-04:00,7726.25,7727.25,7725.25,7726.75,2046
2026-08-27 14:52:00-04:00,7727.0,7727.25,7726.25,7726.5,1440
2026-08-27 14:53:00-04:00,7726.5,7727.5,7725.0,7725.0,1353
2026-08-27 14:54:00-04:00,7725.25,7725.25,7724.25,7724.75,1593
2026-08-27 14:55:00-04:00,7724.5,7726.25,7722.75,7725.25,2883
2026-08-27 14:56:00-04:00,7725.25,7725.5,7724.25,7724.75,1359
2026-08-27 14:57:00-04:00,7725.0,7727.25,7725.0,7727.25,2325
2026-08-27 14:58:00-04:00,7727.0,7729.0,7726.5,7728.5,2032
2026-08-27 14:59:00-04:00,7728.5,7728.75,7727.5,7727.5,1438
2026-08-27 15:00:00-04:00,7727.5,7730.0,7726.75,7729.75,2904
2026-08-27 15:01:00-04:00,7729.75,7730.5,7729.0,7729.5,1567
2026-08-27 15:02:00-04:00,7729.5,7729.5,7726.25,7726.75,2258
2026-08-27 15:03:00-04:00,7727.0,7729.25,7726.75,7729.25,1399
2026-08-27 15:04:00-04:00,7728.75,7731.75,7728.75,7730.75,2152
2026-08-27 15:05:00-04:00,7730.75,7733.25,7729.25,7729.5,3858
2026-08-27 15:06:00-04:00,7729.5,7731.25,7728.25,7731.0,2360
2026-08-27 15:07:00-04:00,7731.0,7732.25,7730.75,7731.5,3210
2026-08-27 15:08:00-04:00,7731.5,7732.0,7729.75,7732.0,1579
2026-08-27 15:09:00-04:00,7731.75,7733.25,7731.75,7732.5,1443
2026-08-27 15:10:00-04:00,7732.75,7733.5,7731.75,7732.5,1582
2026-08-27 15:11:00-04:00,7732.25,7732.5,7731.5,7732.0,1004
2026-08-27 15:12:00-04:00,7731.75,7732.5,7731.0,7732.0,980
2026-08-27 15:13:00-04:00,7732.0,7733.5,7731.25,7732.5,994
2026-08-27 15:14:00-04:00,7732.75,7733.75,7730.0,7730.0,2189
2026-08-27 15:15:00-04:00,7730.5,7732.5,7730.25,7732.25,1679
2026-08-27 15:16:00-04:00,7732.25,7733.75,7732.25,7732.75,1762
2026-08-27 15:17:00-04:00,7732.75,7732.75,7731.5,7731.5,861
2026-08-27 15:18:00-04:00,7731.25,7732.25,7730.5,7731.75,1573
2026-08-27 15:19:00-04:00,7731.75,7733.5,7731.0,7733.0,1249
2026-08-27 15:20:00-04:00,7733.0,7733.25,7732.0,7732.5,967
2026-08-27 15:21:00-04:00,7732.5,7734.0,7731.75,7732.75,1483
2026-08-27 15:22:00-04:00,7733.0,7733.5,7732.25,7733.25,1178
2026-08-27 15:23:00-04:00,7733.25,7733.75,7732.75,7732.75,1255
2026-08-27 15:24:00-04:00,7732.75,7733.0,7731.0,7731.5,1467
2026-08-27 15:25:00-04:00,7731.5,7731.5,7729.25,7730.5,2241
2026-08-27 15:26:00-04:00,7730.5,7732.0,7730.5,7731.25,999
2026-08-27 15:27:00-04:00,7731.25,7731.5,7729.0,7729.25,1382
2026-08-27 15:28:00-04:00,7729.5,7731.0,7729.0,7730.75,1302
2026-08-27 15:29:00-04:00,7730.75,7731.75,7730.0,7730.5,1177
2026-08-27 15:30:00-04:00,7730.5,7732.25,7729.75,7732.25,2266
2026-08-27 15:31:00-04:00,7732.0,7735.0,7731.5,7734.75,1946
2026-08-27 15:32:00-04:00,7734.5,7735.25,7733.75,7734.25,1691
2026-08-27 15:33:00-04:00,7734.0,7735.5,7733.75,7734.5,1482
2026-08-27 15:34:00-04:00,7734.5,7736.25,7734.25,7736.0,1459
2026-08-27 15:35:00-04:00,7735.75,7737.5,7735.25,7736.75,2379
2026-08-27 15:36:00-04:00,7736.5,7736.75,7735.5,7735.75,1855
2026-08-27 15:37:00-04:00,7735.75,7737.25,7735.5,7737.0,1611
2026-08-27 15:38:00-04:00,7737.0,7737.75,7735.5,7736.25,1869
2026-08-27 15:39:00-04:00,7736.5,7737.5,7736.0,7737.0,1458
2026-08-27 15:40:00-04:00,7736.75,7737.75,7736.75,7737.25,1537
2026-08-27 15:41:00-04:00,7737.25,7738.25,7736.5,7737.75,1504
2026-08-27 15:42:00-04:00,7737.75,7737.75,7736.25,7736.25,1533
2026-08-27 15:43:00-04:00,7736.0,7737.5,7735.25,7737.0,2502
2026-08-27 15:44:00-04:00,7737.25,7738.0,7736.75,7738.0,1478
2026-08-27 15:45:00-04:00,7737.75,7738.5,7737.0,7738.25,2885
2026-08-27 15:46:00-04:00,7738.25,7739.5,7738.0,7738.25,2070
2026-08-27 15:47:00-04:00,7738.25,7739.25,7737.75,7738.5,2539
2026-08-27 15:48:00-04:00,7738.5,7739.75,7737.25,7739.25,2619
2026-08-27 15:49:00-04:00,7739.5,7739.75,7738.5,7739.0,2282
2026-08-27 15:50:00-04:00,7739.0,7739.0,7735.25,7736.75,5162
2026-08-27 15:51:00-04:00,7737.0,7737.5,7735.25,7736.5,3036
2026-08-27 15:52:00-04:00,7736.75,7741.0,7736.75,7740.75,3668
2026-08-27 15:53:00-04:00,7741.0,7742.0,7739.75,7741.25,4369
2026-08-27 15:54:00-04:00,7741.5,7744.5,7740.5,7743.5,5792
2026-08-27 15:55:00-04:00,7743.25,7743.25,7741.0,7741.0,5997
2026-08-27 15:56:00-04:00,7741.0,7742.0,7740.25,7741.25,3435
2026-08-27 15:57:00-04:00,7741.25,7742.75,7740.25,7740.5,5381
2026-08-27 15:58:00-04:00,7740.75,7743.5,7740.5,7741.25,7849
2026-08-27 15:59:00-04:00,7741.0,7744.75,7740.0,7741.25,63791
2026-08-27 16:00:00-04:00,7741.5,7743.25,7740.5,7741.75,12659
2026-08-27 16:01:00-04:00,7742.0,7742.0,7739.75,7740.25,4029
2026-08-27 16:02:00-04:00,7740.0,7740.25,7738.5,7738.75,1837
2026-08-27 16:03:00-04:00,7738.5,7738.75,7738.0,7738.5,1583
2026-08-27 16:04:00-04:00,7738.25,7739.0,7738.0,7738.5,1317
2026-08-27 16:05:00-04:00,7738.5,7739.75,7735.5,7738.25,3300
2026-08-27 16:06:00-04:00,7738.25,7739.0,7737.75,7738.5,1083
2026-08-27 16:07:00-04:00,7738.75,7738.75,7737.5,7737.75,537
2026-08-27 16:08:00-04:00,7737.5,7737.75,7736.75,7736.75,640
2026-08-27 16:09:00-04:00,7736.75,7737.5,7736.25,7737.0,835
2026-08-27 16:10:00-04:00,7737.0,7738.0,7737.0,7737.75,406
2026-08-27 16:11:00-04:00,7737.75,7738.25,7737.0,7737.0,559
2026-08-27 16:12:00-04:00,7736.75,7737.0,7736.25,7736.5,328
2026-08-27 16:13:00-04:00,7736.25,7736.75,7735.75,7736.0,436
2026-08-27 16:14:00-04:00,7735.75,7736.25,7735.25,7735.25,716
2026-08-27 16:15:00-04:00,7735.25,7736.25,7735.25,7736.0,497
2026-08-27 16:16:00-04:00,7736.0,7736.25,7735.25,7735.75,534
2026-08-27 16:17:00-04:00,7735.75,7736.5,7735.5,7735.75,413
2026-08-27 16:18:00-04:00,7735.75,7736.25,7735.25,7735.75,406
2026-08-27 16:19:00-04:00,7735.75,7736.25,7735.75,7736.0,203
2026-08-27 16:20:00-04:00,7736.0,7736.0,7735.5,7735.75,364
2026-08-27 16:21:00-04:00,7735.75,7736.0,7735.5,7735.75,182
2026-08-27 16:22:00-04:00,7735.75,7735.75,7735.0,7735.25,244
2026-08-27 16:23:00-04:00,7735.25,7735.25,7734.25,7734.75,397
2026-08-27 16:24:00-04:00,7734.5,7734.5,7732.75,7733.25,1037
2026-08-27 16:25:00-04:00,7733.0,7733.5,7732.75,7733.25,338
2026-08-27 16:26:00-04:00,7733.25,7733.25,7732.75,7733.0,227
2026-08-27 16:27:00-04:00,7732.75,7733.5,7731.75,7733.25,536
2026-08-27 16:28:00-04:00,7733.5,7733.5,7733.25,7733.5,71
2026-08-27 16:29:00-04:00,7733.25,7733.25,7732.75,7733.25,258
2026-08-27 16:30:00-04:00,7733.5,7733.75,7733.25,7733.25,170
2026-08-27 16:31:00-04:00,7733.25,7733.75,7733.0,7733.25,124
2026-08-27 16:32:00-04:00,7733.25,7734.0,7733.0,7734.0,211
2026-08-27 16:33:00-04:00,7734.0,7734.25,7733.75,7733.75,124
2026-08-27 16:34:00-04:00,7733.75,7734.0,7733.5,7733.75,132
2026-08-27 16:35:00-04:00,7733.5,7734.0,7732.75,7732.75,112
2026-08-27 16:36:00-04:00,7733.0,7733.0,7732.25,7732.75,214
2026-08-27 16:37:00-04:00,7732.5,7733.0,7732.5,7732.75,124
2026-08-27 16:38:00-04:00,7732.75,7733.5,7732.75,7733.25,156
2026-08-27 16:39:00-04:00,7733.5,7733.5,7733.0,7733.0,175
2026-08-27 16:40:00-04:00,7733.0,7733.75,7733.0,7733.75,117
2026-08-27 16:41:00-04:00,7733.5,7734.25,7733.0,7733.75,251
2026-08-27 16:42:00-04:00,7733.75,7733.75,7733.5,7733.5,181
2026-08-27 16:43:00-04:00,7733.5,7733.75,7733.25,7733.75,118
2026-08-27 16:44:00-04:00,7733.75,7734.0,7733.25,7733.75,260
2026-08-27 16:45:00-04:00,7733.5,7734.0,7733.25,7733.5,246
2026-08-27 16:46:00-04:00,7733.5,7734.25,7733.5,7733.75,203
2026-08-27 16:47:00-04:00,7733.75,7734.25,7733.75,7733.75,91
2026-08-27 16:48:00-04:00,7733.75,7734.0,7733.0,7733.0,241
2026-08-27 16:49:00-04:00,7733.0,7733.25,7732.75,7732.75,192
2026-08-27 16:50:00-04:00,7732.5,7732.75,7732.0,7732.5,610
2026-08-27 16:51:00-04:00,7732.5,7733.0,7732.5,7732.75,190
2026-08-27 16:52:00-04:00,7732.75,7733.25,7732.75,7733.0,97
2026-08-27 16:53:00-04:00,7733.0,7733.0,7732.5,7732.5,136
2026-08-27 16:54:00-04:00,7732.25,7732.5,7731.75,7732.0,181
2026-08-27 16:55:00-04:00,7731.75,7733.0,7731.75,7732.75,252
2026-08-27 16:56:00-04:00,7732.5,7733.25,7732.5,7733.25,289
2026-08-27 16:57:00-04:00,7733.0,7733.5,7732.75,7733.0,178
2026-08-27 16:58:00-04:00,7733.0,7733.25,7732.5,7732.5,157
2026-08-27 16:59:00-04:00,7732.75,7733.0,7732.25,7733.0,408
2026-08-27 18:00:00-04:00,7733.5,7734.75,7732.25,7732.25,0
2026-08-27 18:01:00-04:00,7732.25,7732.5,7730.25,7732.25,275
2026-08-27 18:02:00-04:00,7732.0,7732.0,7727.75,7729.25,424
2026-08-27 18:03:00-04:00,7727.75,7731.25,7727.5,7731.25,402
2026-08-27 18:04:00-04:00,7731.5,7732.5,7731.5,7732.0,102
2026-08-27 18:05:00-04:00,7731.75,7732.25,7731.5,7731.5,64
2026-08-27 18:06:00-04:00,7731.25,7732.0,7731.0,7732.0,46
2026-08-27 18:07:00-04:00,7732.25,7732.5,7732.0,7732.5,24
2026-08-27 18:08:00-04:00,7732.5,7732.5,7732.0,7732.0,42
2026-08-27 18:09:00-04:00,7732.0,7733.0,7732.0,7732.75,66
2026-08-27 18:10:00-04:00,7732.5,7732.75,7731.25,7731.5,98
2026-08-27 18:11:00-04:00,7731.25,7731.25,7730.5,7731.0,57
2026-08-27 18:12:00-04:00,7731.0,7731.0,7730.75,7730.75,20
2026-08-27 18:13:00-04:00,7730.75,7731.0,7730.5,7731.0,29
2026-08-27 18:14:00-04:00,7731.25,7731.5,7731.0,7731.5,46
2026-08-27 18:15:00-04:00,7731.75,7731.75,7731.0,7731.25,58
2026-08-27 18:16:00-04:00,7731.5,7732.25,7731.5,7732.25,44
2026-08-27 18:17:00-04:00,7732.25,7732.5,7732.0,7732.25,43
2026-08-27 18:18:00-04:00,7732.0,7732.75,7732.0,7732.75,56
2026-08-27 18:19:00-04:00,7732.75,7733.0,7732.25,7732.75,92
2026-08-27 18:20:00-04:00,7733.0,7733.25,7732.25,7732.5,101
2026-08-27 18:21:00-04:00,7732.25,7732.75,7732.0,7732.75,53
2026-08-27 18:22:00-04:00,7732.75,7733.75,7732.75,7733.25,63
2026-08-27 18:23:00-04:00,7733.25,7733.5,7733.25,7733.25,23
2026-08-27 18:24:00-04:00,7733.5,7734.0,7733.5,7733.75,44
2026-08-27 18:25:00-04:00,7733.75,7734.0,7733.75,7733.75,33
2026-08-27 18:26:00-04:00,7733.75,7734.0,7731.75,7732.0,92
2026-08-27 18:27:00-04:00,7732.25,7733.75,7732.25,7732.75,69
2026-08-27 18:28:00-04:00,7732.5,7733.25,7732.0,7733.0,29
2026-08-27 18:29:00-04:00,7733.0,7733.75,7733.0,7733.75,20
2026-08-27 18:30:00-04:00,7733.5,7733.75,7733.25,7733.5,54
2026-08-27 18:31:00-04:00,7733.5,7734.0,7732.0,7732.75,84
2026-08-27 18:32:00-04:00,7732.75,7733.25,7732.5,7733.25,57
2026-08-27 18:33:00-04:00,7733.5,7733.75,7733.25,7733.5,43
2026-08-27 18:34:00-04:00,7733.25,7733.5,7733.0,7733.25,18
2026-08-27 18:35:00-04:00,7733.5,7734.0,7733.25,7733.75,32
2026-08-27 18:36:00-04:00,7734.0,7734.0,7733.25,7733.25,27
2026-08-27 18:37:00-04:00,7733.25,7733.25,7733.25,7733.25,8
2026-08-27 18:38:00-04:00,7733.25,7733.75,7733.25,7733.5,27
2026-08-27 18:39:00-04:00,7733.5,7733.5,7732.75,7733.0,120
2026-08-27 18:40:00-04:00,7733.0,7733.25,7732.75,7733.0,47
2026-08-27 18:41:00-04:00,7733.25,7733.75,7733.25,7733.5,31
2026-08-27 18:42:00-04:00,7733.5,7733.5,7732.75,7732.75,31
2026-08-27 18:43:00-04:00,7732.75,7733.25,7732.75,7733.25,14
2026-08-27 18:44:00-04:00,7733.0,7733.25,7733.0,7733.0,20
2026-08-27 18:45:00-04:00,7733.0,7733.0,7732.75,7733.0,9
2026-08-27 18:46:00-04:00,7733.0,7733.0,7732.5,7732.75,17
2026-08-27 18:47:00-04:00,7732.75,7733.0,7732.75,7733.0,24
2026-08-27 18:48:00-04:00,7732.75,7733.0,7732.5,7733.0,20
2026-08-27 18:49:00-04:00,7733.0,7733.0,7732.75,7732.75,14
2026-08-27 18:50:00-04:00,7733.0,7733.0,7732.25,7732.25,16
2026-08-27 18:51:00-04:00,7732.5,7733.0,7732.5,7732.75,29
2026-08-27 18:52:00-04:00,7732.5,7733.0,7732.5,7732.5,34
2026-08-27 18:53:00-04:00,7732.5,7732.75,7732.25,7732.25,32
2026-08-27 18:54:00-04:00,7732.0,7732.25,7731.5,7731.75,31
2026-08-27 18:55:00-04:00,7731.5,7732.0,7731.5,7732.0,32
2026-08-27 18:56:00-04:00,7732.0,7732.5,7732.0,7732.5,20
2026-08-27 18:57:00-04:00,7732.5,7732.75,7732.5,7732.75,5
2026-08-27 18:58:00-04:00,7732.75,7733.0,7732.75,7733.0,45
2026-08-27 18:59:00-04:00,7733.0,7733.25,7732.25,7732.25,70
2026-08-27 19:00:00-04:00,7732.25,7732.5,7731.0,7731.25,73
2026-08-27 19:01:00-04:00,7731.75,7732.5,7731.5,7732.0,75
2026-08-27 19:02:00-04:00,7732.0,7732.25,7731.75,7731.75,15
2026-08-27 19:03:00-04:00,7731.75,7731.75,7731.25,7731.25,41
2026-08-27 19:04:00-04:00,7731.25,7731.5,7731.0,7731.5,40
2026-08-27 19:05:00-04:00,7731.5,7731.5,7731.25,7731.5,41
2026-08-27 19:06:00-04:00,7731.5,7731.5,7731.25,7731.5,11
2026-08-27 19:07:00-04:00,7731.5,7731.5,7731.25,7731.25,12
2026-08-27 19:08:00-04:00,7731.25,7731.25,7731.25,7731.25,16
2026-08-27 19:09:00-04:00,7731.5,7732.5,7731.5,7732.0,114
2026-08-27 19:10:00-04:00,7731.75,7731.75,7730.75,7730.75,76
2026-08-27 19:11:00-04:00,7730.5,7731.25,7730.25,7730.25,77
2026-08-27 19:12:00-04:00,7730.5,7730.75,7730.25,7730.5,16
2026-08-27 19:13:00-04:00,7730.25,7730.25,7729.5,7730.25,89
2026-08-27 19:14:00-04:00,7730.25,7730.75,7730.25,7730.75,25
2026-08-27 19:15:00-04:00,7730.75,7730.75,7729.75,7730.0,95
2026-08-27 19:16:00-04:00,7730.25,7730.5,7730.25,7730.25,19
2026-08-27 19:17:00-04:00,7730.0,7730.5,7730.0,7730.5,25
2026-08-27 19:18:00-04:00,7730.5,7730.75,7730.25,7730.25,28
2026-08-27 19:19:00-04:00,7730.25,7730.25,7730.0,7730.25,9
2026-08-27 19:20:00-04:00,7730.0,7730.25,7730.0,7730.25,44
2026-08-27 19:21:00-04:00,7730.0,7730.0,7730.0,7730.0,25
2026-08-27 19:22:00-04:00,7730.0,7730.25,7730.0,7730.25,9
2026-08-27 19:23:00-04:00,7730.25,7730.25,7730.0,7730.25,9
2026-08-27 19:24:00-04:00,7730.0,7730.25,7730.0,7730.25,17
2026-08-27 19:25:00-04:00,7730.0,7730.0,7729.75,7730.0,39
2026-08-27 19:26:00-04:00,7730.0,7730.25,7729.75,7730.25,29
2026-08-27 19:27:00-04:00,7730.5,7730.5,7730.25,7730.25,28
2026-08-27 19:28:00-04:00,7730.5,7730.5,7730.0,7730.0,31
2026-08-27 19:29:00-04:00,7730.25,7730.25,7729.75,7729.75,49
2026-08-27 19:30:00-04:00,7730.0,7730.5,7729.75,7729.75,96
2026-08-27 19:31:00-04:00,7729.5,7729.5,7728.75,7729.5,110
2026-08-27 19:36:00-04:00,7730.0,7730.0,7730.0,7730.0,104
2026-08-27 19:37:00-04:00,7729.75,7729.75,7729.5,7729.5,16
2026-08-27 19:38:00-04:00,7729.5,7729.5,7729.5,7729.5,11
2026-08-27 19:39:00-04:00,7729.75,7730.0,7729.75,7730.0,34
2026-08-27 19:40:00-04:00,7729.75,7730.0,7729.75,7729.75,14
2026-08-27 19:41:00-04:00,7729.5,7729.75,7729.5,7729.75,2
2026-08-27 19:42:00-04:00,7729.5,7729.5,7729.25,7729.5,33
2026-08-27 19:43:00-04:00,7729.25,7729.75,7729.25,7729.5,16
2026-08-27 19:44:00-04:00,7729.25,7729.5,7729.25,7729.25,21
2026-08-27 19:45:00-04:00,7728.75,7729.5,7728.25,7728.75,232
2026-08-27 19:46:00-04:00,7728.75,7728.75,7728.25,7728.25,60
2026-08-27 19:47:00-04:00,7728.0,7728.25,7727.5,7727.75,244
2026-08-27 19:48:00-04:00,7727.75,7728.0,7727.5,7727.5,113
2026-08-27 19:49:00-04:00,7727.75,7727.75,7727.5,7727.75,136
2026-08-27 19:50:00-04:00,7727.75,7728.0,7727.25,7727.5,235
2026-08-27 19:51:00-04:00,7727.5,7727.75,7727.25,7727.5,41
2026-08-27 19:52:00-04:00,7727.5,7728.0,7727.5,7728.0,101
2026-08-27 19:53:00-04:00,7728.0,7728.0,7728.0,7728.0,20
2026-08-27 19:54:00-04:00,7728.25,7728.75,7728.0,7728.25,291
2026-08-27 19:55:00-04:00,7728.25,7728.25,7728.0,7728.0,124
2026-08-27 19:56:00-04:00,7728.0,7728.25,7727.5,7727.5,113
2026-08-27 19:57:00-04:00,7727.5,7727.75,7727.5,7727.75,58
2026-08-27 19:58:00-04:00,7727.75,7728.5,7727.75,7728.5,120
2026-08-27 19:59:00-04:00,7728.25,7728.75,7728.0,7728.75,190
2026-08-27 20:00:00-04:00,7729.0,7729.75,7728.25,7729.25,563
2026-08-27 20:01:00-04:00,7729.25,7730.25,7728.75,7730.0,278
2026-08-27 20:02:00-04:00,7730.25,7731.5,7729.75,7731.0,462
2026-08-27 20:03:00-04:00,7731.0,7731.25,7730.75,7731.0,109
2026-08-27 20:04:00-04:00,7730.75,7731.0,7729.75,7730.0,180
2026-08-27 20:05:00-04:00,7730.25,7730.25,7729.25,7729.75,107
2026-08-27 20:06:00-04:00,7729.75,7729.75,7728.75,7729.25,270
2026-08-27 20:07:00-04:00,7729.5,7730.75,7729.5,7730.5,147
2026-08-27 20:08:00-04:00,7730.5,7731.5,7730.25,7731.0,141
2026-08-27 20:09:00-04:00,7730.75,7732.25,7730.75,7731.75,215
2026-08-27 20:10:00-04:00,7731.5,7733.0,7731.25,7732.75,194
2026-08-27 20:11:00-04:00,7733.0,7733.25,7732.25,7732.5,157
2026-08-27 20:12:00-04:00,7732.75,7733.5,7732.5,7733.25,127
2026-08-27 20:13:00-04:00,7733.25,7734.25,7733.25,7733.75,148
2026-08-27 20:14:00-04:00,7733.75,7735.5,7733.75,7735.0,245
2026-08-27 20:15:00-04:00,7735.0,7735.25,7734.25,7734.5,223
2026-08-27 20:16:00-04:00,7734.5,7734.5,7732.0,7732.5,268
2026-08-27 20:17:00-04:00,7732.75,7733.75,7732.75,7733.75,192
2026-08-27 20:18:00-04:00,7733.25,7735.25,7732.5,7735.0,179
2026-08-27 20:19:00-04:00,7734.75,7735.0,7734.25,7734.25,104
2026-08-27 20:20:00-04:00,7734.25,7734.5,7733.5,7734.5,70
2026-08-27 20:21:00-04:00,7734.25,7734.5,7733.75,7734.0,52
2026-08-27 20:22:00-04:00,7734.0,7734.5,7734.0,7734.5,78
2026-08-27 20:23:00-04:00,7734.25,7734.75,7734.25,7734.25,85
2026-08-27 20:24:00-04:00,7734.25,7734.75,7734.0,7734.25,55
2026-08-27 20:25:00-04:00,7734.25,7735.25,7734.25,7735.25,125
2026-08-27 20:26:00-04:00,7735.0,7735.0,7734.25,7735.0,61
2026-08-27 20:27:00-04:00,7734.75,7734.75,7734.0,7734.25,61
2026-08-27 20:28:00-04:00,7734.25,7734.75,7734.0,7734.5,35
2026-08-27 20:29:00-04:00,7734.5,7736.0,7734.5,7736.0,100
2026-08-27 20:30:00-04:00,7735.75,7736.0,7734.75,7734.75,112
2026-08-27 20:31:00-04:00,7734.75,7735.0,7734.5,7734.75,40
2026-08-27 20:32:00-04:00,7734.5,7735.0,7734.5,7735.0,85
2026-08-27 20:33:00-04:00,7735.0,7735.0,7734.5,7735.0,62
2026-08-27 20:34:00-04:00,7735.0,7735.75,7735.0,7735.5,35
2026-08-27 20:35:00-04:00,7735.25,7735.5,7734.75,7735.0,62
2026-08-27 20:36:00-04:00,7735.0,7735.25,7734.75,7735.0,37
2026-08-27 20:37:00-04:00,7735.0,7735.0,7734.75,7735.0,64
2026-08-27 20:38:00-04:00,7735.0,7735.0,7734.5,7734.75,56
2026-08-27 20:39:00-04:00,7734.75,7735.0,7734.0,7734.75,136
2026-08-27 20:40:00-04:00,7734.75,7735.0,7734.25,7734.25,116
2026-08-27 20:41:00-04:00,7734.0,7735.5,7734.0,7735.5,346
2026-08-27 20:42:00-04:00,7735.25,7736.75,7735.25,7736.75,189
2026-08-27 20:43:00-04:00,7736.5,7736.75,7736.25,7736.25,59
2026-08-27 20:44:00-04:00,7736.0,7736.5,7735.75,7736.25,65
2026-08-27 20:45:00-04:00,7736.25,7736.5,7735.5,7736.0,54
2026-08-27 20:46:00-04:00,7736.25,7736.5,7735.75,7735.75,61
2026-08-27 20:47:00-04:00,7735.75,7736.25,7735.75,7736.25,53
2026-08-27 20:48:00-04:00,7736.5,7736.5,7736.25,7736.5,22
2026-08-27 20:49:00-04:00,7736.25,7736.75,7736.25,7736.5,66
2026-08-27 20:50:00-04:00,7736.5,7737.5,7736.5,7736.75,100
2026-08-27 20:51:00-04:00,7736.75,7737.0,7736.5,7736.75,45
2026-08-27 20:52:00-04:00,7736.75,7737.25,7736.5,7737.25,77
2026-08-27 20:53:00-04:00,7737.0,7737.25,7736.5,7736.5,36
2026-08-27 20:54:00-04:00,7736.5,7736.5,7735.5,7735.75,89
2026-08-27 20:55:00-04:00,7735.75,7736.25,7735.5,7735.75,73
2026-08-27 20:56:00-04:00,7736.0,7736.25,7735.75,7735.75,39
2026-08-27 20:57:00-04:00,7736.0,7736.0,7735.75,7735.75,36
2026-08-27 20:58:00-04:00,7735.75,7736.0,7735.5,7735.5,62
2026-08-27 20:59:00-04:00,7735.75,7735.75,7735.75,7735.75,27
2026-08-27 21:00:00-04:00,7735.75,7736.25,7735.75,7736.25,159
2026-08-27 21:01:00-04:00,7736.25,7736.75,7736.0,7736.75,205
2026-08-27 21:02:00-04:00,7737.0,7737.0,7736.5,7736.75,151
2026-08-27 21:03:00-04:00,7736.75,7737.5,7736.75,7737.25,134
2026-08-27 21:04:00-04:00,7737.5,7737.75,7737.25,7737.5,157
2026-08-27 21:05:00-04:00,7737.5,7737.75,7737.25,7737.75,78
2026-08-27 21:06:00-04:00,7737.75,7737.75,7737.25,7737.25,68
2026-08-27 21:07:00-04:00,7737.25,7737.5,7737.0,7737.5,133
2026-08-27 21:08:00-04:00,7737.5,7737.75,7737.25,7737.5,42
2026-08-27 21:09:00-04:00,7737.5,7738.5,7737.25,7738.5,209
2026-08-27 21:10:00-04:00,7739.0,7739.75,7738.75,7739.5,242
2026-08-27 21:11:00-04:00,7739.25,7739.5,7739.0,7739.5,120
2026-08-27 21:12:00-04:00,7739.5,7740.25,7739.25,7739.75,145
2026-08-27 21:13:00-04:00,7739.75,7740.25,7739.25,7739.5,85
2026-08-27 21:14:00-04:00,7739.25,7739.5,7739.25,7739.5,92
2026-08-27 21:15:00-04:00,7739.25,7739.5,7739.0,7739.25,86
2026-08-27 21:16:00-04:00,7739.25,7739.75,7739.0,7739.75,73
2026-08-27 21:17:00-04:00,7739.75,7739.75,7739.0,7739.25,50
2026-08-27 21:18:00-04:00,7739.0,7740.0,7739.0,7739.75,63
2026-08-27 21:19:00-04:00,7739.75,7740.0,7739.5,7739.5,64
2026-08-27 21:20:00-04:00,7739.25,7739.5,7738.75,7739.5,228
2026-08-27 21:21:00-04:00,7739.5,7739.5,7739.25,7739.5,139
2026-08-27 21:22:00-04:00,7739.25,7739.75,7739.0,7739.5,107
2026-08-27 21:23:00-04:00,7739.5,7739.5,7738.5,7738.75,117
2026-08-27 21:24:00-04:00,7739.0,7739.0,7738.75,7739.0,72
2026-08-27 21:25:00-04:00,7739.0,7739.0,7737.5,7737.75,249
2026-08-27 21:26:00-04:00,7737.75,7738.5,7737.75,7738.5,70
2026-08-27 21:27:00-04:00,7738.5,7738.5,7737.75,7738.25,80
2026-08-27 21:28:00-04:00,7738.0,7738.25,7738.0,7738.25,36
2026-08-27 21:29:00-04:00,7738.0,7738.25,7738.0,7738.25,44
2026-08-27 21:30:00-04:00,7738.0,7739.0,7738.0,7738.0,316
2026-08-27 21:31:00-04:00,7738.0,7738.5,7738.0,7738.25,75
2026-08-27 21:32:00-04:00,7738.5,7739.0,7738.5,7739.0,107
2026-08-27 21:33:00-04:00,7739.0,7739.25,7738.75,7739.0,44
2026-08-27 21:34:00-04:00,7739.0,7739.25,7739.0,7739.25,56
2026-08-27 21:35:00-04:00,7739.0,7740.0,7739.0,7739.75,82
2026-08-27 21:36:00-04:00,7739.75,7740.25,7739.75,7739.75,125
2026-08-27 21:37:00-04:00,7739.5,7739.75,7739.25,7739.5,64
2026-08-27 21:38:00-04:00,7739.25,7739.25,7738.0,7738.25,170
2026-08-27 21:39:00-04:00,7738.0,7738.25,7737.25,7737.5,96
2026-08-27 21:40:00-04:00,7737.5,7738.0,7737.5,7738.0,117
2026-08-27 21:41:00-04:00,7738.0,7738.0,7737.75,7737.75,61
2026-08-27 21:42:00-04:00,7737.75,7738.0,7737.5,7737.5,86
2026-08-27 21:43:00-04:00,7737.75,7738.0,7737.75,7738.0,14
2026-08-27 21:44:00-04:00,7738.25,7738.75,7738.0,7738.75,117
2026-08-27 21:45:00-04:00,7738.5,7738.75,7737.75,7738.0,67
2026-08-27 21:46:00-04:00,7738.25,7739.5,7738.0,7739.0,49
2026-08-27 21:47:00-04:00,7739.0,7739.0,7738.25,7738.25,66
2026-08-27 21:48:00-04:00,7738.5,7738.75,7738.5,7738.75,28
2026-08-27 21:49:00-04:00,7738.75,7739.25,7738.75,7739.25,27
2026-08-27 21:50:00-04:00,7739.5,7740.25,7739.5,7740.25,71
2026-08-27 21:51:00-04:00,7740.25,7740.25,7739.75,7740.25,46
2026-08-27 21:52:00-04:00,7740.0,7740.0,7739.0,7739.5,93
2026-08-27 21:53:00-04:00,7739.75,7739.75,7739.5,7739.5,43
2026-08-27 21:54:00-04:00,7739.5,7741.75,7739.25,7741.5,498
2026-08-27 21:55:00-04:00,7741.5,7742.5,7741.5,7742.25,222
2026-08-27 21:56:00-04:00,7742.25,7742.5,7742.0,7742.25,92
2026-08-27 21:57:00-04:00,7742.0,7742.0,7741.5,7741.5,72
2026-08-27 21:58:00-04:00,7741.5,7742.5,7741.5,7742.25,90
2026-08-27 21:59:00-04:00,7742.25,7743.0,7742.25,7742.75,114
2026-08-27 22:00:00-04:00,7743.25,7744.25,7743.0,7744.0,366
2026-08-27 22:01:00-04:00,7744.0,7745.0,7743.75,7744.5,325
2026-08-27 22:02:00-04:00,7744.25,7744.75,7744.0,7744.0,157
2026-08-27 22:03:00-04:00,7744.0,7744.5,7743.75,7744.5,58
2026-08-27 22:04:00-04:00,7744.5,7744.5,7744.0,7744.5,49
2026-08-27 22:05:00-04:00,7744.5,7745.25,7744.5,7745.0,130
2026-08-27 22:06:00-04:00,7745.25,7745.75,7745.0,7745.75,123
2026-08-27 22:07:00-04:00,7745.75,7746.5,7745.5,7746.0,165
2026-08-27 22:08:00-04:00,7745.75,7746.75,7745.75,7746.5,104
2026-08-27 22:09:00-04:00,7746.5,7746.5,7746.0,7746.0,42
2026-08-27 22:10:00-04:00,7746.0,7746.5,7746.0,7746.25,33
2026-08-27 22:11:00-04:00,7746.25,7746.25,7745.5,7745.5,115
2026-08-27 22:12:00-04:00,7745.25,7745.75,7745.25,7745.75,77
2026-08-27 22:13:00-04:00,7745.75,7746.0,7745.5,7745.75,71
2026-08-27 22:14:00-04:00,7745.5,7746.0,7745.5,7745.75,21
2026-08-27 22:15:00-04:00,7745.75,7746.5,7745.75,7746.5,65
2026-08-27 22:16:00-04:00,7746.5,7746.5,7746.0,7746.25,33
2026-08-27 22:17:00-04:00,7746.25,7746.75,7746.25,7746.25,24
2026-08-27 22:18:00-04:00,7746.5,7746.5,7746.25,7746.5,24
2026-08-27 22:19:00-04:00,7746.75,7747.0,7746.5,7746.75,42
2026-08-27 22:20:00-04:00,7746.75,7747.25,7746.75,7746.75,146
2026-08-27 22:21:00-04:00,7746.75,7746.75,7746.25,7746.5,211
2026-08-27 22:22:00-04:00,7746.5,7746.5,7745.5,7745.5,59
2026-08-27 22:23:00-04:00,7745.5,7746.5,7745.5,7746.25,55
2026-08-27 22:24:00-04:00,7746.5,7746.5,7746.25,7746.5,67
2026-08-27 22:25:00-04:00,7746.5,7746.5,7746.25,7746.25,54
2026-08-27 22:26:00-04:00,7746.25,7746.25,7745.5,7745.5,69
2026-08-27 22:27:00-04:00,7745.5,7746.0,7745.5,7745.75,65
2026-08-27 22:28:00-04:00,7745.75,7745.75,7745.5,7745.75,33
2026-08-27 22:29:00-04:00,7745.75,7745.75,7745.25,7745.5,106
2026-08-27 22:30:00-04:00,7745.25,7745.25,7744.5,7744.75,137
2026-08-27 22:31:00-04:00,7744.5,7744.75,7744.25,7744.25,104
2026-08-27 22:32:00-04:00,7744.25,7744.5,7744.0,7744.5,99
2026-08-27 22:33:00-04:00,7744.25,7744.25,7743.0,7743.0,200
2026-08-27 22:34:00-04:00,7743.0,7743.25,7742.5,7742.5,270
2026-08-27 22:35:00-04:00,7742.75,7742.75,7742.0,7742.0,146
2026-08-27 22:36:00-04:00,7742.0,7742.0,7741.0,7741.25,273
2026-08-27 22:37:00-04:00,7741.25,7741.5,7741.0,7741.5,99
2026-08-27 22:38:00-04:00,7741.5,7742.25,7741.5,7742.0,116
2026-08-27 22:39:00-04:00,7742.25,7742.25,7742.0,7742.0,43
2026-08-27 22:40:00-04:00,7742.0,7742.0,7740.5,7740.75,139
2026-08-27 22:41:00-04:00,7740.75,7741.0,7740.25,7741.0,112
2026-08-27 22:42:00-04:00,7741.0,7741.25,7740.25,7740.25,92
2026-08-27 22:43:00-04:00,7740.5,7740.75,7740.5,7740.5,61
2026-08-27 22:44:00-04:00,7740.5,7740.75,7739.75,7740.0,184
2026-08-27 22:45:00-04:00,7740.0,7740.5,7739.75,7740.0,132
2026-08-27 22:46:00-04:00,7740.0,7740.0,7739.25,7739.5,163
2026-08-27 22:47:00-04:00,7739.5,7739.5,7739.0,7739.25,40
2026-08-27 22:48:00-04:00,7739.25,7739.25,7738.75,7738.75,55
2026-08-27 22:49:00-04:00,7739.0,7739.25,7739.0,7739.25,25
2026-08-27 22:50:00-04:00,7739.0,7739.5,7739.0,7739.25,94
2026-08-27 22:51:00-04:00,7739.5,7740.0,7739.25,7740.0,57
2026-08-27 22:52:00-04:00,7739.75,7740.75,7739.5,7740.75,219
2026-08-27 22:53:00-04:00,7740.75,7740.75,7740.25,7740.5,19
2026-08-27 22:54:00-04:00,7740.75,7740.75,7740.0,7740.25,27
2026-08-27 22:55:00-04:00,7740.25,7741.0,7740.25,7740.75,66
2026-08-27 22:56:00-04:00,7740.75,7741.25,7740.75,7741.25,98
2026-08-27 22:57:00-04:00,7741.25,7741.25,7740.75,7740.75,73
2026-08-27 22:58:00-04:00,7740.75,7741.0,7740.75,7741.0,28
2026-08-27 22:59:00-04:00,7741.0,7741.25,7740.75,7740.75,27
2026-08-27 23:00:00-04:00,7741.0,7741.5,7740.75,7741.0,131
2026-08-27 23:01:00-04:00,7741.0,7741.25,7740.75,7741.25,64
2026-08-27 23:02:00-04:00,7741.0,7741.5,7741.0,7741.0,58
2026-08-27 23:03:00-04:00,7741.0,7742.5,7741.0,7742.25,213
2026-08-27 23:04:00-04:00,7742.5,7743.5,7742.25,7743.5,302
2026-08-27 23:05:00-04:00,7743.5,7743.75,7743.25,7743.5,130
2026-08-27 23:06:00-04:00,7743.5,7743.75,7743.0,7743.0,98
2026-08-27 23:07:00-04:00,7743.0,7743.0,7742.5,7742.75,123
2026-08-27 23:08:00-04:00,7742.5,7744.0,7742.5,7743.5,126
2026-08-27 23:09:00-04:00,7743.5,7744.0,7743.5,7743.75,84
2026-08-27 23:10:00-04:00,7743.5,7744.0,7743.5,7744.0,103
2026-08-27 23:11:00-04:00,7744.0,7744.75,7743.75,7744.5,86
2026-08-27 23:12:00-04:00,7744.5,7746.25,7744.5,7746.0,158
2026-08-27 23:13:00-04:00,7746.0,7746.0,7745.25,7745.25,80
2026-08-27 23:14:00-04:00,7745.5,7745.5,7745.0,7745.25,54
2026-08-27 23:15:00-04:00,7745.25,7745.25,7745.0,7745.25,27
2026-08-27 23:16:00-04:00,7745.0,7745.5,7744.75,7745.0,73
2026-08-27 23:17:00-04:00,7745.0,7745.5,7745.0,7745.5,45
2026-08-27 23:18:00-04:00,7745.5,7746.5,7745.5,7746.25,112
2026-08-27 23:19:00-04:00,7746.0,7746.5,7746.0,7746.5,75
2026-08-27 23:20:00-04:00,7746.25,7746.25,7745.5,7745.75,81
2026-08-27 23:21:00-04:00,7745.75,7746.25,7745.5,7746.0,46
2026-08-27 23:22:00-04:00,7746.25,7746.5,7746.25,7746.25,72
2026-08-27 23:23:00-04:00,7746.25,7746.5,7746.25,7746.25,56
2026-08-27 23:24:00-04:00,7746.25,7746.75,7746.25,7746.5,90
2026-08-27 23:25:00-04:00,7746.5,7746.75,7746.5,7746.75,24
2026-08-27 23:26:00-04:00,7746.75,7747.0,7746.5,7746.5,61
2026-08-27 23:27:00-04:00,7746.5,7747.0,7746.5,7747.0,60
2026-08-27 23:28:00-04:00,7747.25,7747.5,7747.0,7747.25,51
2026-08-27 23:34:00-04:00,7744.25,7744.25,7744.0,7744.0,651
2026-08-27 23:35:00-04:00,7744.0,7744.25,7743.75,7743.75,76
2026-08-27 23:36:00-04:00,7743.75,7744.0,7743.25,7743.75,126
2026-08-27 23:37:00-04:00,7743.5,7743.75,7743.5,7743.5,47
2026-08-27 23:38:00-04:00,7743.5,7743.75,7742.5,7742.5,237
2026-08-27 23:39:00-04:00,7742.75,7742.75,7742.25,7742.5,133
2026-08-27 23:40:00-04:00,7742.5,7742.5,7741.25,7741.75,233
2026-08-27 23:41:00-04:00,7741.75,7741.75,7741.0,7741.25,52
2026-08-27 23:42:00-04:00,7741.5,7741.5,7741.0,7741.0,42
2026-08-27 23:43:00-04:00,7740.75,7741.25,7740.25,7740.25,85
2026-08-27 23:44:00-04:00,7740.25,7740.25,7739.0,7739.5,171
2026-08-27 23:45:00-04:00,7739.25,7739.25,7738.75,7738.75,134
2026-08-27 23:46:00-04:00,7738.5,7739.75,7738.0,7739.75,227
2026-08-27 23:47:00-04:00,7739.75,7740.5,7739.75,7740.5,132
2026-08-27 23:48:00-04:00,7740.5,7741.5,7740.5,7741.25,208
2026-08-27 23:49:00-04:00,7741.0,7741.25,7740.5,7741.25,56
2026-08-27 23:50:00-04:00,7741.25,7741.75,7741.25,7741.5,56
2026-08-27 23:51:00-04:00,7741.5,7741.75,7741.5,7741.75,41
2026-08-27 23:52:00-04:00,7741.75,7741.75,7740.5,7740.5,78
2026-08-27 23:53:00-04:00,7740.5,7741.25,7740.5,7740.75,74
2026-08-27 23:54:00-04:00,7740.75,7741.5,7740.75,7741.5,29
2026-08-27 23:55:00-04:00,7741.5,7741.5,7741.0,7741.25,51
2026-08-27 23:56:00-04:00,7741.25,7741.5,7741.0,7741.5,20
2026-08-27 23:57:00-04:00,7741.5,7742.25,7741.25,7741.75,101
2026-08-27 23:58:00-04:00,7741.5,7741.75,7741.5,7741.75,40
2026-08-28 00:09:00-04:00,7738.25,7739.0,7738.25,7738.75,33
2026-08-28 00:10:00-04:00,7738.75,7739.0,7738.75,7738.75,17
2026-08-28 00:11:00-04:00,7738.75,7739.5,7738.75,7739.25,33
2026-08-28 00:12:00-04:00,7739.5,7740.0,7739.5,7740.0,77
2026-08-28 00:13:00-04:00,7740.0,7740.25,7740.0,7740.25,69
2026-08-28 00:14:00-04:00,7740.5,7740.75,7740.25,7740.5,92
2026-08-28 00:15:00-04:00,7740.25,7740.75,7740.25,7740.75,72
2026-08-28 00:16:00-04:00,7741.0,7741.0,7740.25,7740.25,42
2026-08-28 00:17:00-04:00,7740.25,7740.5,7740.25,7740.25,48
2026-08-28 00:18:00-04:00,7740.5,7740.75,7740.25,7740.75,38
2026-08-28 00:19:00-04:00,7740.75,7741.0,7740.5,7740.5,34
2026-08-28 00:20:00-04:00,7740.5,7740.75,7740.5,7740.5,34
2026-08-28 00:21:00-04:00,7740.75,7740.75,7740.25,7740.5,65
2026-08-28 00:22:00-04:00,7740.5,7740.5,7740.25,7740.5,30
2026-08-28 00:23:00-04:00,7740.5,7740.5,7740.25,7740.25,20
2026-08-28 00:24:00-04:00,7740.0,7740.0,7739.75,7740.0,64
2026-08-28 00:25:00-04:00,7739.75,7740.25,7739.25,7740.25,25
2026-08-28 00:26:00-04:00,7740.25,7740.25,7739.75,7739.75,37
2026-08-28 00:27:00-04:00,7739.75,7740.0,7739.75,7740.0,21
2026-08-28 00:28:00-04:00,7739.75,7740.0,7739.75,7740.0,13
2026-08-28 00:29:00-04:00,7739.75,7739.75,7739.75,7739.75,18
2026-08-28 00:30:00-04:00,7739.75,7740.0,7739.5,7739.75,58
2026-08-28 00:31:00-04:00,7739.5,7739.75,7739.0,7739.25,36
2026-08-28 00:32:00-04:00,7739.5,7739.5,7739.25,7739.25,23
2026-08-28 00:33:00-04:00,7739.25,7739.5,7739.25,7739.25,54
2026-08-28 00:34:00-04:00,7739.0,7739.0,7738.25,7738.5,53
2026-08-28 00:35:00-04:00,7738.25,7738.5,7738.0,7738.0,68
2026-08-28 00:36:00-04:00,7738.25,7738.5,7737.75,7738.25,49
2026-08-28 00:37:00-04:00,7738.25,7738.75,7738.25,7738.75,28
2026-08-28 00:38:00-04:00,7738.75,7738.75,7738.25,7738.5,45
2026-08-28 00:39:00-04:00,7738.5,7738.75,7738.25,7738.75,43
2026-08-28 00:40:00-04:00,7738.5,7738.75,7738.0,7738.0,64
2026-08-28 00:41:00-04:00,7737.75,7738.0,7737.75,7738.0,38
2026-08-28 00:42:00-04:00,7738.0,7738.0,7737.75,7738.0,50
2026-08-28 00:43:00-04:00,7738.0,7738.0,7738.0,7738.0,29
2026-08-28 00:44:00-04:00,7738.0,7738.25,7738.0,7738.25,16
2026-08-28 00:45:00-04:00,7738.25,7738.75,7738.25,7738.75,42
2026-08-28 00:46:00-04:00,7738.75,7738.75,7738.25,7738.5,49
2026-08-28 00:47:00-04:00,7738.5,7738.5,7738.25,7738.5,25
2026-08-28 00:48:00-04:00,7738.5,7738.5,7738.25,7738.5,19
2026-08-28 00:49:00-04:00,7738.25,7738.25,7738.25,7738.25,15
2026-08-28 00:50:00-04:00,7738.25,7738.25,7737.75,7738.0,43
2026-08-28 00:51:00-04:00,7738.0,7738.25,7737.75,7738.25,49
2026-08-28 00:52:00-04:00,7738.0,7738.25,7738.0,7738.25,16
2026-08-28 00:59:00-04:00,7737.5,7737.75,7737.25,7737.75,478
2026-08-28 01:00:00-04:00,7737.5,7737.75,7737.25,7737.25,151
2026-08-28 01:01:00-04:00,7737.25,7738.0,7736.75,7737.5,155
2026-08-28 01:02:00-04:00,7737.5,7737.5,7736.5,7736.75,75
2026-08-28 01:03:00-04:00,7736.75,7737.0,7736.25,7737.0,57
2026-08-28 01:04:00-04:00,7737.0,7737.5,7736.75,7737.25,32
2026-08-28 01:05:00-04:00,7737.25,7737.5,7736.75,7736.75,52
2026-08-28 01:06:00-04:00,7736.75,7736.75,7736.0,7736.0,42
2026-08-28 01:07:00-04:00,7736.25,7736.5,7736.25,7736.5,38
2026-08-28 01:08:00-04:00,7736.5,7736.5,7736.0,7736.5,35
2026-08-28 01:09:00-04:00,7736.25,7736.75,7736.25,7736.5,55
2026-08-28 01:10:00-04:00,7736.5,7736.5,7735.5,7736.0,118
2026-08-28 01:11:00-04:00,7736.0,7736.25,7736.0,7736.0,39
2026-08-28 01:12:00-04:00,7736.0,7736.0,7735.75,7736.0,49
2026-08-28 01:13:00-04:00,7736.0,7736.0,7735.75,7736.0,65
2026-08-28 01:14:00-04:00,7736.0,7736.0,7735.75,7735.75,55
2026-08-28 01:15:00-04:00,7735.75,7736.25,7735.75,7736.0,50
2026-08-28 01:16:00-04:00,7735.75,7735.75,7735.5,7735.75,42
2026-08-28 01:17:00-04:00,7735.75,7736.0,7735.5,7735.75,41
2026-08-28 01:18:00-04:00,7735.5,7735.5,7735.5,7735.5,15
2026-08-28 01:19:00-04:00,7735.75,7735.75,7735.5,7735.5,42
2026-08-28 01:20:00-04:00,7735.5,7736.0,7735.5,7735.5,79
2026-08-28 01:21:00-04:00,7735.75,7735.75,7735.75,7735.75,41
2026-08-28 01:22:00-04:00,7735.5,7735.75,7734.75,7734.75,155
2026-08-28 01:23:00-04:00,7735.0,7735.0,7734.25,7734.25,108
2026-08-28 01:24:00-04:00,7734.5,7735.5,7734.25,7735.25,64
2026-08-28 01:25:00-04:00,7735.25,7735.5,7735.0,7735.25,92
2026-08-28 01:26:00-04:00,7735.0,7735.75,7734.75,7735.25,119
2026-08-28 01:27:00-04:00,7735.25,7735.5,7734.0,7734.25,110
2026-08-28 01:28:00-04:00,7734.25,7734.75,7734.0,7734.75,88
2026-08-28 01:29:00-04:00,7734.75,7735.25,7734.5,7735.25,34
2026-08-28 01:30:00-04:00,7735.0,7735.0,7734.25,7734.5,123
2026-08-28 01:31:00-04:00,7734.75,7735.5,7734.75,7735.25,90
2026-08-28 01:32:00-04:00,7735.0,7735.25,7734.75,7734.75,117
2026-08-28 01:33:00-04:00,7734.5,7735.25,7734.5,7735.0,93
2026-08-28 01:34:00-04:00,7735.0,7735.25,7735.0,7735.0,40
2026-08-28 01:35:00-04:00,7735.0,7735.0,7734.25,7734.75,148
2026-08-28 01:36:00-04:00,7734.75,7734.75,7733.25,7733.25,287
2026-08-28 01:37:00-04:00,7733.25,7733.25,7732.0,7732.5,279
2026-08-28 01:38:00-04:00,7732.5,7733.0,7732.25,7732.5,138
2026-08-28 01:39:00-04:00,7732.75,7733.5,7732.5,7733.25,74
2026-08-28 01:40:00-04:00,7733.25,7733.5,7733.0,7733.0,57
2026-08-28 01:41:00-04:00,7733.25,7733.5,7733.0,7733.25,51
2026-08-28 01:42:00-04:00,7733.0,7733.25,7733.0,7733.25,60
2026-08-28 01:43:00-04:00,7733.25,7733.75,7733.25,7733.75,29
2026-08-28 01:44:00-04:00,7733.75,7734.0,7733.5,7734.0,82
2026-08-28 01:45:00-04:00,7734.0,7734.0,7733.25,7733.5,81
2026-08-28 01:46:00-04:00,7733.25,7733.25,7732.5,7733.0,96
2026-08-28 01:47:00-04:00,7733.0,7733.5,7733.0,7733.25,89
2026-08-28 01:48:00-04:00,7733.0,7733.25,7733.0,7733.0,11
2026-08-28 01:49:00-04:00,7733.0,7733.0,7732.75,7733.0,74
2026-08-28 01:50:00-04:00,7733.0,7733.5,7733.0,7733.25,48
2026-08-28 01:51:00-04:00,7733.25,7733.25,7732.75,7732.75,98
2026-08-28 01:52:00-04:00,7732.75,7733.0,7732.75,7732.75,83
2026-08-28 01:53:00-04:00,7732.5,7732.5,7731.5,7732.25,231
2026-08-28 01:54:00-04:00,7732.5,7733.5,7732.5,7733.0,99
2026-08-28 01:55:00-04:00,7733.0,7733.0,7732.75,7733.0,37
2026-08-28 01:56:00-04:00,7733.0,7733.0,7732.5,7732.5,65
2026-08-28 01:57:00-04:00,7732.5,7732.75,7732.5,7732.75,44
2026-08-28 01:58:00-04:00,7732.5,7732.5,7732.0,7732.0,68
2026-08-28 01:59:00-04:00,7732.0,7732.25,7731.75,7731.75,52
2026-08-28 02:00:00-04:00,7731.75,7732.5,7731.0,7731.0,252
2026-08-28 02:01:00-04:00,7731.0,7732.25,7731.0,7732.0,159
2026-08-28 02:02:00-04:00,7732.0,7732.25,7732.0,7732.25,78
2026-08-28 02:03:00-04:00,7732.25,7733.0,7732.25,7733.0,144
2026-08-28 02:04:00-04:00,7733.25,7734.25,7733.25,7734.0,203
2026-08-28 02:05:00-04:00,7734.0,7734.0,7732.5,7732.5,166
2026-08-28 02:06:00-04:00,7732.25,7733.75,7732.25,7733.5,94
2026-08-28 02:07:00-04:00,7733.75,7734.25,7733.25,7733.5,101
2026-08-28 02:08:00-04:00,7733.5,7733.75,7733.25,7733.75,91
2026-08-28 02:09:00-04:00,7733.75,7734.0,7733.5,7733.75,113
2026-08-28 02:10:00-04:00,7734.0,7734.75,7733.75,7734.75,159
2026-08-28 02:11:00-04:00,7734.75,7734.75,7734.5,7734.75,44
2026-08-28 02:12:00-04:00,7735.0,7735.25,7733.75,7734.0,180
2026-08-28 02:13:00-04:00,7734.25,7734.25,7733.75,7733.75,43
2026-08-28 02:14:00-04:00,7733.75,7734.0,7733.5,7733.75,88
2026-08-28 02:15:00-04:00,7733.75,7734.75,7733.5,7734.75,114
2026-08-28 02:16:00-04:00,7734.5,7735.0,7734.25,7734.75,96
2026-08-28 02:17:00-04:00,7734.75,7736.0,7734.75,7735.75,236
2026-08-28 02:18:00-04:00,7735.75,7735.75,7735.0,7735.25,49
2026-08-28 02:19:00-04:00,7735.0,7735.5,7735.0,7735.5,80
2026-08-28 02:20:00-04:00,7735.25,7736.75,7735.25,7736.25,157
2026-08-28 02:21:00-04:00,7736.0,7736.25,7735.75,7736.0,89
2026-08-28 02:22:00-04:00,7736.0,7737.0,7736.0,7736.5,550
2026-08-28 02:23:00-04:00,7736.25,7736.5,7736.0,7736.0,40
2026-08-28 02:28:00-04:00,7733.75,7733.75,7733.75,7733.75,508
2026-08-28 02:29:00-04:00,7733.75,7734.0,7733.0,7733.5,157
2026-08-28 02:30:00-04:00,7733.5,7735.25,7733.5,7735.0,231
2026-08-28 02:31:00-04:00,7735.0,7736.25,7734.75,7736.0,214
2026-08-28 02:32:00-04:00,7736.0,7736.0,7735.25,7735.25,48
2026-08-28 02:33:00-04:00,7735.25,7735.25,7734.5,7734.5,143
2026-08-28 02:34:00-04:00,7734.75,7737.5,7734.75,7737.0,760
2026-08-28 02:35:00-04:00,7737.25,7737.75,7736.75,7737.75,208
2026-08-28 02:36:00-04:00,7737.5,7737.75,7737.0,7737.0,113
2026-08-28 02:37:00-04:00,7737.0,7737.25,7736.5,7737.25,131
2026-08-28 02:38:00-04:00,7737.0,7737.25,7737.0,7737.25,63
2026-08-28 02:39:00-04:00,7737.25,7737.25,7736.75,7736.75,118
2026-08-28 02:40:00-04:00,7736.75,7736.75,7735.25,7735.5,178
2026-08-28 02:41:00-04:00,7735.5,7736.75,7735.25,7736.5,206
2026-08-28 02:42:00-04:00,7736.25,7736.5,7735.75,7736.5,187
2026-08-28 02:43:00-04:00,7736.25,7738.0,7736.25,7738.0,137
2026-08-28 02:44:00-04:00,7738.0,7739.5,7737.5,7739.0,281
2026-08-28 02:45:00-04:00,7738.75,7740.0,7738.5,7739.5,300
2026-08-28 02:46:00-04:00,7739.5,7740.25,7739.5,7740.0,169
2026-08-28 02:47:00-04:00,7740.0,7740.25,7739.0,7739.75,257
2026-08-28 02:48:00-04:00,7739.5,7740.5,7739.5,7740.5,142
2026-08-28 02:49:00-04:00,7740.5,7740.5,7740.0,7740.5,89
2026-08-28 02:50:00-04:00,7740.25,7740.75,7740.0,7740.0,194
2026-08-28 02:51:00-04:00,7740.25,7740.25,7739.75,7740.0,93
2026-08-28 02:52:00-04:00,7740.0,7740.5,7740.0,7740.5,43
2026-08-28 02:53:00-04:00,7740.5,7741.0,7740.5,7740.5,72
2026-08-28 02:54:00-04:00,7740.75,7741.0,7740.5,7740.75,77
2026-08-28 02:55:00-04:00,7740.75,7741.75,7740.75,7741.5,146
2026-08-28 02:56:00-04:00,7741.5,7742.0,7741.5,7742.0,80
2026-08-28 02:57:00-04:00,7742.0,7742.75,7742.0,7742.75,74
2026-08-28 02:58:00-04:00,7742.75,7742.75,7742.0,7742.25,75
2026-08-28 02:59:00-04:00,7742.5,7743.5,7742.5,7743.5,162
2026-08-28 03:00:00-04:00,7743.5,7744.5,7741.5,7741.75,478
2026-08-28 03:01:00-04:00,7741.75,7742.5,7741.5,7742.5,236
2026-08-28 03:02:00-04:00,7742.5,7743.75,7742.5,7742.75,207
2026-08-28 03:03:00-04:00,7742.75,7743.0,7742.5,7742.75,179
2026-08-28 03:04:00-04:00,7742.5,7742.75,7741.25,7741.75,226
2026-08-28 03:05:00-04:00,7741.75,7741.75,7741.0,7741.0,313
2026-08-28 03:06:00-04:00,7741.25,7741.25,7740.0,7740.75,316
2026-08-28 03:07:00-04:00,7740.75,7741.0,7739.25,7740.5,279
2026-08-28 03:08:00-04:00,7740.5,7740.5,7739.25,7739.5,230
2026-08-28 03:09:00-04:00,7739.5,7739.75,7739.0,7739.75,149
2026-08-28 03:10:00-04:00,7739.5,7740.0,7739.25,7739.25,190
2026-08-28 03:11:00-04:00,7739.5,7740.25,7739.25,7740.25,224
2026-08-28 03:12:00-04:00,7740.0,7740.25,7739.5,7739.5,137
2026-08-28 03:13:00-04:00,7739.5,7741.5,7739.5,7741.25,299
2026-08-28 03:14:00-04:00,7741.25,7741.75,7740.5,7740.5,241
2026-08-28 03:15:00-04:00,7740.5,7741.5,7740.5,7740.5,176
2026-08-28 03:16:00-04:00,7740.5,7741.25,7740.5,7740.75,203
2026-08-28 03:17:00-04:00,7740.75,7741.25,7740.5,7741.0,104
2026-08-28 03:18:00-04:00,7741.0,7741.0,7739.75,7740.5,270
2026-08-28 03:19:00-04:00,7740.5,7741.5,7740.0,7741.5,172
2026-08-28 03:20:00-04:00,7741.5,7741.5,7740.25,7741.0,169
2026-08-28 03:21:00-04:00,7741.0,7741.0,7739.75,7740.0,96
2026-08-28 03:22:00-04:00,7740.0,7741.5,7740.0,7740.75,327
2026-08-28 03:23:00-04:00,7740.75,7742.0,7740.75,7741.5,137
2026-08-28 03:24:00-04:00,7741.5,7742.25,7741.5,7742.0,166
2026-08-28 03:25:00-04:00,7742.0,7743.25,7741.75,7743.0,162
2026-08-28 03:26:00-04:00,7743.0,7743.25,7741.75,7741.75,173
2026-08-28 03:27:00-04:00,7742.0,7742.25,7741.75,7742.0,76
2026-08-28 03:28:00-04:00,7742.0,7742.0,7741.25,7741.5,100
2026-08-28 03:29:00-04:00,7741.5,7742.25,7741.5,7741.75,99
2026-08-28 03:30:00-04:00,7741.75,7742.75,7741.75,7742.75,123
2026-08-28 03:31:00-04:00,7743.0,7743.25,7742.5,7742.5,161
2026-08-28 03:32:00-04:00,7742.5,7743.0,7741.75,7742.0,135
2026-08-28 03:33:00-04:00,7742.0,7742.5,7741.75,7742.5,73
2026-08-28 03:34:00-04:00,7742.5,7742.5,7741.0,7741.25,71
2026-08-28 03:35:00-04:00,7741.25,7742.5,7741.25,7742.0,99
2026-08-28 03:36:00-04:00,7742.0,7742.75,7742.0,7742.5,91
2026-08-28 03:37:00-04:00,7742.5,7742.5,7741.75,7742.0,189
2026-08-28 03:38:00-04:00,7741.75,7741.75,7741.5,7741.5,89
2026-08-28 03:39:00-04:00,7741.75,7741.75,7740.5,7741.0,142
2026-08-28 03:40:00-04:00,7741.0,7741.0,7740.0,7740.0,116
2026-08-28 03:41:00-04:00,7740.25,7740.25,7740.0,7740.25,156
2026-08-28 03:42:00-04:00,7740.25,7741.0,7740.25,7740.5,154
2026-08-28 03:43:00-04:00,7740.5,7740.5,7739.25,7739.25,165
2026-08-28 03:44:00-04:00,7739.25,7739.75,7738.5,7739.25,229
2026-08-28 03:45:00-04:00,7739.25,7740.0,7739.0,7740.0,175
2026-08-28 03:46:00-04:00,7739.75,7740.75,7739.75,7740.5,137
2026-08-28 03:47:00-04:00,7740.25,7740.25,7740.0,7740.25,67
2026-08-28 03:48:00-04:00,7740.25,7742.25,7740.0,7742.0,179
2026-08-28 03:49:00-04:00,7742.0,7743.0,7742.0,7743.0,97
2026-08-28 03:50:00-04:00,7742.75,7743.25,7742.25,7742.25,118
2026-08-28 03:51:00-04:00,7742.25,7742.25,7741.5,7742.0,127
2026-08-28 03:52:00-04:00,7742.0,7742.0,7741.25,7741.75,42
2026-08-28 03:53:00-04:00,7741.75,7741.75,7739.25,7740.0,221
2026-08-28 03:54:00-04:00,7740.25,7741.25,7740.25,7741.25,109
2026-08-28 03:55:00-04:00,7741.25,7741.25,7740.75,7740.75,80
2026-08-28 03:56:00-04:00,7740.75,7741.0,7740.5,7741.0,133
2026-08-28 03:57:00-04:00,7740.75,7740.75,7739.25,7739.5,113
2026-08-28 03:58:00-04:00,7739.75,7740.5,7739.5,7740.5,83
2026-08-28 03:59:00-04:00,7740.25,7740.5,7740.0,7740.25,97
2026-08-28 04:00:00-04:00,7740.25,7741.25,7740.25,7740.75,381
2026-08-28 04:01:00-04:00,7740.5,7740.5,7738.0,7738.5,385
2026-08-28 04:02:00-04:00,7738.75,7739.75,7738.5,7739.5,176
2026-08-28 04:03:00-04:00,7739.75,7741.0,7739.5,7740.0,188
2026-08-28 04:04:00-04:00,7740.25,7740.5,7737.75,7738.5,172
2026-08-28 04:05:00-04:00,7738.5,7738.5,7737.0,7737.0,286
2026-08-28 04:06:00-04:00,7736.75,7737.5,7736.25,7737.0,208
2026-08-28 04:07:00-04:00,7737.25,7737.5,7736.5,7736.75,129
2026-08-28 04:08:00-04:00,7737.0,7737.25,7736.5,7736.75,204
2026-08-28 04:09:00-04:00,7737.0,7738.0,7737.0,7737.75,132
2026-08-28 04:10:00-04:00,7737.75,7738.0,7737.0,7738.0,153
2026-08-28 04:11:00-04:00,7737.75,7738.0,7737.0,7737.25,127
2026-08-28 04:12:00-04:00,7737.0,7739.75,7737.0,7739.25,181
2026-08-28 04:13:00-04:00,7739.25,7739.25,7738.0,7738.0,174
2026-08-28 04:14:00-04:00,7738.25,7738.75,7738.0,7738.25,68
2026-08-28 04:15:00-04:00,7738.0,7739.0,7738.0,7738.25,123
2026-08-28 04:16:00-04:00,7738.5,7738.5,7737.25,7737.5,133
2026-08-28 04:17:00-04:00,7737.5,7738.5,7737.5,7738.0,66
2026-08-28 04:18:00-04:00,7738.0,7738.0,7737.0,7737.0,208
2026-08-28 04:19:00-04:00,7737.0,7737.75,7737.0,7737.25,154
2026-08-28 04:20:00-04:00,7737.25,7738.25,7736.75,7737.5,333
2026-08-28 04:21:00-04:00,7737.75,7738.25,7737.5,7738.25,141
2026-08-28 04:22:00-04:00,7738.25,7738.5,7737.75,7738.0,166
2026-08-28 04:23:00-04:00,7738.0,7738.25,7737.75,7738.25,157
2026-08-28 04:24:00-04:00,7738.25,7738.75,7738.0,7738.25,143
2026-08-28 04:25:00-04:00,7738.25,7739.0,7738.25,7739.0,119
2026-08-28 04:26:00-04:00,7739.0,7739.25,7738.75,7738.75,75
2026-08-28 04:27:00-04:00,7739.0,7739.75,7739.0,7739.5,129
2026-08-28 04:28:00-04:00,7739.5,7739.5,7739.0,7739.5,101
2026-08-28 04:29:00-04:00,7739.5,7740.25,7739.0,7739.0,191
2026-08-28 04:30:00-04:00,7739.25,7740.5,7738.75,7740.5,272
2026-08-28 04:31:00-04:00,7740.5,7741.75,7740.5,7741.75,230
2026-08-28 04:32:00-04:00,7741.75,7743.5,7741.75,7743.5,277
2026-08-28 04:33:00-04:00,7743.25,7744.25,7743.25,7744.0,301
2026-08-28 04:34:00-04:00,7744.0,7744.25,7743.5,7744.25,137
2026-08-28 04:35:00-04:00,7744.5,7744.75,7743.5,7744.25,173
2026-08-28 04:36:00-04:00,7744.25,7745.0,7744.0,7744.5,215
2026-08-28 04:37:00-04:00,7744.25,7744.25,7744.0,7744.0,89
2026-08-28 04:38:00-04:00,7744.0,7744.0,7743.25,7743.5,71
2026-08-28 04:39:00-04:00,7743.5,7743.5,7743.25,7743.5,76
2026-08-28 04:40:00-04:00,7743.5,7744.0,7743.25,7744.0,136
2026-08-28 04:41:00-04:00,7744.25,7744.5,7743.75,7743.75,127
2026-08-28 04:42:00-04:00,7743.75,7744.0,7743.75,7743.75,85
2026-08-28 04:43:00-04:00,7744.0,7744.0,7743.5,7743.5,60
2026-08-28 04:44:00-04:00,7743.75,7743.75,7742.5,7742.75,283
2026-08-28 04:45:00-04:00,7742.75,7742.75,7740.5,7740.5,437
2026-08-28 04:46:00-04:00,7740.75,7742.75,7740.5,7741.5,116
2026-08-28 04:47:00-04:00,7741.5,7741.75,7740.0,7740.25,199
2026-08-28 04:48:00-04:00,7740.5,7740.75,7740.0,7740.5,113
2026-08-28 04:49:00-04:00,7740.5,7740.5,7740.0,7740.0,65
2026-08-28 04:50:00-04:00,7739.75,7739.75,7739.5,7739.75,83
2026-08-28 04:51:00-04:00,7740.0,7741.0,7740.0,7740.5,340
2026-08-28 04:52:00-04:00,7740.25,7740.25,7739.75,7740.0,120
2026-08-28 04:53:00-04:00,7739.75,7740.5,7739.75,7740.0,93
2026-08-28 04:54:00-04:00,7740.0,7740.0,7738.0,7739.0,277
2026-08-28 05:00:00-04:00,7739.25,7739.75,7739.0,7739.25,591
2026-08-28 05:01:00-04:00,7739.5,7740.25,7739.25,7739.75,247
2026-08-28 05:02:00-04:00,7739.75,7740.0,7738.75,7740.0,404
2026-08-28 05:03:00-04:00,7739.75,7739.75,7739.0,7739.25,138
2026-08-28 05:04:00-04:00,7739.0,7739.0,7738.25,7738.5,194
2026-08-28 05:05:00-04:00,7738.25,7739.25,7737.75,7738.5,160
2026-08-28 05:06:00-04:00,7738.25,7738.75,7738.25,7738.5,87
2026-08-28 05:07:00-04:00,7738.75,7738.75,7738.5,7738.5,63
2026-08-28 05:08:00-04:00,7738.75,7738.75,7738.25,7738.75,96
2026-08-28 05:09:00-04:00,7738.5,7738.75,7738.25,7738.5,86
2026-08-28 05:10:00-04:00,7738.25,7738.75,7738.0,7738.5,118
2026-08-28 05:11:00-04:00,7738.5,7739.25,7738.25,7739.25,157
2026-08-28 05:12:00-04:00,7739.25,7739.25,7738.5,7739.25,87
2026-08-28 05:13:00-04:00,7739.25,7739.25,7738.75,7738.75,36
2026-08-28 05:14:00-04:00,7738.75,7738.75,7738.25,7738.5,125
2026-08-28 05:15:00-04:00,7738.5,7738.5,7738.0,7738.0,124
2026-08-28 05:16:00-04:00,7738.0,7738.75,7737.75,7738.75,151
2026-08-28 05:17:00-04:00,7738.75,7739.0,7738.75,7739.0,72
2026-08-28 05:18:00-04:00,7738.75,7738.75,7738.25,7738.5,81
2026-08-28 05:19:00-04:00,7738.5,7738.5,7738.0,7738.25,82
2026-08-28 05:20:00-04:00,7738.0,7738.0,7736.75,7737.0,98
2026-08-28 05:21:00-04:00,7737.0,7737.25,7736.25,7736.75,166
2026-08-28 05:22:00-04:00,7736.75,7738.5,7736.75,7738.25,99
2026-08-28 05:23:00-04:00,7738.25,7739.0,7738.25,7738.5,91
2026-08-28 05:24:00-04:00,7738.75,7739.0,7738.5,7738.5,36
2026-08-28 05:25:00-04:00,7738.75,7739.25,7738.5,7738.5,84
2026-08-28 05:26:00-04:00,7738.5,7739.75,7738.5,7739.5,92
2026-08-28 05:27:00-04:00,7739.75,7740.5,7739.5,7739.5,170
2026-08-28 05:28:00-04:00,7739.5,7739.5,7739.0,7739.25,93
2026-08-28 05:29:00-04:00,7739.25,7739.5,7739.25,7739.25,110
2026-08-28 05:30:00-04:00,7739.5,7739.5,7738.75,7739.0,54
2026-08-28 05:31:00-04:00,7738.75,7739.25,7738.0,7739.25,118
2026-08-28 05:32:00-04:00,7739.25,7739.25,7738.5,7738.5,49
2026-08-28 05:33:00-04:00,7738.5,7739.25,7737.75,7739.25,96
2026-08-28 05:34:00-04:00,7739.25,7739.5,7738.75,7739.25,38
2026-08-28 05:35:00-04:00,7739.25,7739.25,7739.0,7739.0,63
2026-08-28 05:36:00-04:00,7739.0,7739.0,7738.5,7738.5,62
2026-08-28 05:37:00-04:00,7738.5,7738.5,7737.75,7737.75,102
2026-08-28 05:38:00-04:00,7738.0,7738.0,7737.5,7737.75,103
2026-08-28 05:39:00-04:00,7738.0,7738.25,7737.75,7738.0,30
2026-08-28 05:40:00-04:00,7738.0,7738.25,7738.0,7738.0,34
2026-08-28 05:41:00-04:00,7738.0,7738.25,7738.0,7738.0,84
2026-08-28 05:42:00-04:00,7738.0,7738.0,7737.75,7738.0,62
2026-08-28 05:43:00-04:00,7738.25,7738.25,7737.75,7738.0,38
2026-08-28 05:44:00-04:00,7738.0,7738.5,7737.5,7738.25,120
2026-08-28 05:45:00-04:00,7738.0,7738.5,7737.75,7738.5,58
2026-08-28 05:46:00-04:00,7738.75,7739.0,7738.25,7738.25,101
2026-08-28 05:47:00-04:00,7738.0,7738.0,7737.5,7738.0,72
2026-08-28 05:48:00-04:00,7738.0,7738.75,7738.0,7738.75,95
2026-08-28 05:49:00-04:00,7738.75,7739.0,7738.5,7738.5,34
2026-08-28 05:50:00-04:00,7738.75,7740.0,7738.75,7739.75,84
2026-08-28 05:51:00-04:00,7739.5,7740.75,7739.5,7740.5,121
2026-08-28 05:52:00-04:00,7740.5,7740.75,7740.0,7740.5,81
2026-08-28 05:53:00-04:00,7740.25,7740.25,7739.25,7739.25,118
2026-08-28 05:54:00-04:00,7739.5,7739.5,7739.25,7739.5,37
2026-08-28 05:55:00-04:00,7739.5,7739.75,7738.75,7739.0,83
2026-08-28 05:56:00-04:00,7739.0,7739.5,7739.0,7739.25,53
2026-08-28 05:57:00-04:00,7739.5,7739.5,7739.0,7739.0,129
2026-08-28 05:58:00-04:00,7739.0,7739.0,7738.75,7738.75,84
2026-08-28 05:59:00-04:00,7738.75,7738.75,7738.5,7738.75,49
2026-08-28 06:00:00-04:00,7738.75,7738.75,7737.25,7737.75,175
2026-08-28 06:01:00-04:00,7737.75,7738.0,7737.5,7738.0,109
2026-08-28 06:02:00-04:00,7738.0,7738.25,7737.75,7738.25,108
2026-08-28 06:03:00-04:00,7738.25,7738.75,7738.25,7738.25,97
2026-08-28 06:04:00-04:00,7738.25,7738.5,7738.0,7738.25,44
2026-08-28 06:05:00-04:00,7738.5,7739.25,7738.5,7739.0,89
2026-08-28 06:06:00-04:00,7739.0,7739.0,7738.5,7738.5,59
2026-08-28 06:07:00-04:00,7738.5,7738.5,7737.5,7737.75,99
2026-08-28 06:08:00-04:00,7738.0,7738.25,7737.25,7737.75,72
2026-08-28 06:09:00-04:00,7737.75,7737.75,7737.5,7737.5,159
2026-08-28 06:10:00-04:00,7737.5,7738.0,7737.5,7738.0,86
2026-08-28 06:11:00-04:00,7738.0,7738.75,7737.75,7738.5,58
2026-08-28 06:12:00-04:00,7738.25,7738.5,7737.75,7738.0,69
2026-08-28 06:13:00-04:00,7738.0,7738.0,7737.0,7738.0,193
2026-08-28 06:14:00-04:00,7738.0,7738.5,7738.0,7738.25,89
2026-08-28 06:15:00-04:00,7738.25,7739.0,7738.25,7738.5,77
2026-08-28 06:16:00-04:00,7738.75,7739.25,7738.25,7738.75,146
2026-08-28 06:17:00-04:00,7738.75,7739.0,7738.25,7738.5,69
2026-08-28 06:18:00-04:00,7738.5,7738.75,7738.25,7738.25,31
2026-08-28 06:19:00-04:00,7738.0,7738.0,7737.5,7737.5,46
2026-08-28 06:20:00-04:00,7737.75,7738.0,7737.5,7737.75,108
2026-08-28 06:21:00-04:00,7737.75,7738.0,7737.75,7738.0,71
2026-08-28 06:22:00-04:00,7738.25,7739.25,7738.25,7739.0,97
2026-08-28 06:23:00-04:00,7739.0,7739.25,7739.0,7739.0,53
2026-08-28 06:24:00-04:00,7739.5,7740.0,7739.25,7739.75,100
2026-08-28 06:25:00-04:00,7739.75,7739.75,7738.75,7739.0,81
2026-08-28 06:26:00-04:00,7739.0,7739.25,7739.0,7739.25,37
2026-08-28 06:27:00-04:00,7739.25,7739.25,7738.5,7739.0,78
2026-08-28 06:28:00-04:00,7739.25,7739.5,7739.0,7739.5,75
2026-08-28 06:29:00-04:00,7739.5,7740.0,7739.0,7739.0,63
2026-08-28 06:30:00-04:00,7739.25,7739.75,7739.25,7739.75,81
2026-08-28 06:31:00-04:00,7739.75,7740.0,7739.0,7739.25,136
2026-08-28 06:32:00-04:00,7739.25,7739.5,7739.25,7739.25,59
2026-08-28 06:33:00-04:00,7739.5,7740.0,7739.5,7740.0,43
2026-08-28 06:34:00-04:00,7739.75,7739.75,7739.0,7739.0,42
2026-08-28 06:35:00-04:00,7739.0,7739.0,7738.25,7738.25,61
2026-08-28 06:36:00-04:00,7738.5,7739.0,7738.25,7739.0,67
2026-08-28 06:37:00-04:00,7739.0,7740.0,7739.0,7739.75,94
2026-08-28 06:38:00-04:00,7739.75,7740.0,7739.75,7739.75,58
2026-08-28 06:39:00-04:00,7739.75,7740.5,7739.75,7740.25,41
2026-08-28 06:40:00-04:00,7740.25,7740.25,7738.75,7739.5,169
2026-08-28 06:41:00-04:00,7739.25,7739.5,7739.0,7739.0,72
2026-08-28 06:42:00-04:00,7739.0,7739.75,7739.0,7739.5,159
2026-08-28 06:43:00-04:00,7739.5,7739.5,7737.75,7737.75,271
2026-08-28 06:44:00-04:00,7737.5,7737.75,7736.75,7737.25,347
2026-08-28 06:45:00-04:00,7737.0,7738.0,7736.75,7737.5,306
2026-08-28 06:46:00-04:00,7737.5,7738.25,7737.5,7737.75,263
2026-08-28 06:47:00-04:00,7737.75,7738.0,7737.5,7738.0,144
2026-08-28 06:48:00-04:00,7737.75,7738.25,7737.5,7737.5,285
2026-08-28 06:49:00-04:00,7737.5,7737.5,7736.25,7737.0,600
2026-08-28 06:50:00-04:00,7736.75,7737.0,7736.5,7737.0,338
2026-08-28 06:51:00-04:00,7737.25,7737.25,7736.75,7737.0,98
2026-08-28 06:52:00-04:00,7737.0,7737.0,7736.5,7737.0,97
2026-08-28 06:53:00-04:00,7737.0,7737.25,7737.0,7737.0,60
2026-08-28 06:54:00-04:00,7737.25,7737.5,7737.0,7737.0,88
2026-08-28 06:55:00-04:00,7737.0,7737.5,7737.0,7737.5,81
2026-08-28 06:56:00-04:00,7737.5,7738.5,7737.5,7738.25,102
2026-08-28 06:57:00-04:00,7738.0,7738.5,7738.0,7738.25,58
2026-08-28 06:58:00-04:00,7738.25,7739.75,7738.25,7739.5,169
2026-08-28 06:59:00-04:00,7739.0,7739.75,7739.0,7739.75,92
2026-08-28 07:00:00-04:00,7739.75,7740.0,7737.5,7738.5,385
2026-08-28 07:01:00-04:00,7738.25,7740.0,7738.25,7739.5,215
2026-08-28 07:02:00-04:00,7739.5,7740.5,7739.25,7740.5,190
2026-08-28 07:03:00-04:00,7740.75,7741.0,7740.25,7740.25,214
2026-08-28 07:04:00-04:00,7740.0,7740.5,7739.75,7740.5,118
2026-08-28 07:05:00-04:00,7740.25,7740.25,7739.25,7739.25,96
2026-08-28 07:06:00-04:00,7739.25,7739.25,7738.5,7738.5,127
2026-08-28 07:07:00-04:00,7738.25,7738.75,7738.25,7738.75,78
2026-08-28 07:08:00-04:00,7738.75,7738.75,7738.25,7738.5,53
2026-08-28 07:09:00-04:00,7738.5,7738.5,7737.5,7737.5,148
2026-08-28 07:10:00-04:00,7737.75,7738.5,7737.5,7738.0,87
2026-08-28 07:11:00-04:00,7738.0,7738.0,7737.25,7737.25,116
2026-08-28 07:12:00-04:00,7737.5,7738.5,7737.25,7738.5,92
2026-08-28 07:13:00-04:00,7738.25,7738.75,7738.25,7738.75,118
2026-08-28 07:14:00-04:00,7739.0,7740.0,7738.5,7739.75,237
2026-08-28 07:15:00-04:00,7739.75,7740.75,7739.75,7740.75,164
2026-08-28 07:16:00-04:00,7740.5,7740.5,7739.75,7740.0,77
2026-08-28 07:17:00-04:00,7740.0,7740.0,7739.75,7740.0,83
2026-08-28 07:18:00-04:00,7740.0,7740.25,7740.0,7740.0,84
2026-08-28 07:19:00-04:00,7740.0,7741.0,7740.0,7740.75,61
2026-08-28 07:20:00-04:00,7740.75,7741.75,7740.5,7741.0,269
2026-08-28 07:21:00-04:00,7741.25,7741.75,7741.25,7741.75,107
2026-08-28 07:22:00-04:00,7741.75,7742.25,7741.5,7742.0,166
2026-08-28 07:23:00-04:00,7742.0,7743.0,7742.0,7742.5,175
2026-08-28 07:24:00-04:00,7742.75,7742.75,7742.0,7742.5,196
2026-08-28 07:25:00-04:00,7742.25,7742.25,7741.5,7741.5,103
2026-08-28 07:26:00-04:00,7741.75,7742.25,7741.75,7742.25,121
2026-08-28 07:27:00-04:00,7742.25,7742.25,7742.0,7742.0,54
2026-08-28 07:28:00-04:00,7742.0,7742.25,7741.0,7741.25,92
2026-08-28 07:29:00-04:00,7741.5,7742.25,7741.0,7742.0,198
2026-08-28 07:30:00-04:00,7742.0,7743.25,7741.75,7743.0,286
2026-08-28 07:31:00-04:00,7743.0,7743.5,7742.5,7742.5,171
2026-08-28 07:32:00-04:00,7742.5,7742.5,7741.75,7742.25,99
2026-08-28 07:33:00-04:00,7742.0,7742.25,7741.75,7741.75,57
2026-08-28 07:34:00-04:00,7741.75,7741.75,7740.0,7740.0,158
2026-08-28 07:35:00-04:00,7740.0,7740.5,7739.75,7739.75,179
2026-08-28 07:36:00-04:00,7739.5,7740.0,7739.5,7740.0,125
2026-08-28 07:37:00-04:00,7740.25,7740.25,7739.75,7740.25,71
2026-08-28 07:38:00-04:00,7740.0,7740.0,7739.25,7739.25,105
2026-08-28 07:39:00-04:00,7739.5,7740.25,7739.5,7740.25,94
2026-08-28 07:40:00-04:00,7740.25,7740.25,7739.75,7739.75,75
2026-08-28 07:41:00-04:00,7739.75,7741.0,7739.75,7741.0,55
2026-08-28 07:42:00-04:00,7740.75,7741.0,7740.25,7740.5,195
2026-08-28 07:43:00-04:00,7740.5,7740.5,7739.75,7739.75,47
2026-08-28 07:44:00-04:00,7739.75,7739.75,7738.5,7739.0,149
2026-08-28 07:45:00-04:00,7739.0,7740.25,7738.75,7740.0,184
2026-08-28 07:46:00-04:00,7740.0,7740.5,7740.0,7740.5,122
2026-08-28 07:47:00-04:00,7740.5,7740.5,7739.75,7740.0,58
2026-08-28 07:48:00-04:00,7740.0,7740.0,7739.25,7739.75,62
2026-08-28 07:49:00-04:00,7739.75,7739.75,7739.5,7739.75,109
2026-08-28 07:50:00-04:00,7739.75,7740.0,7739.25,7739.75,77
2026-08-28 07:51:00-04:00,7739.75,7740.25,7739.5,7739.75,67
2026-08-28 07:52:00-04:00,7739.75,7740.75,7739.5,7739.5,192
2026-08-28 07:53:00-04:00,7739.75,7740.25,7739.25,7740.0,54
2026-08-28 07:54:00-04:00,7740.0,7741.25,7740.0,7741.0,128
2026-08-28 07:55:00-04:00,7741.0,7741.0,7740.0,7740.25,95
2026-08-28 07:56:00-04:00,7740.25,7740.75,7739.75,7739.75,113
2026-08-28 07:57:00-04:00,7740.0,7740.25,7739.5,7740.0,75
2026-08-28 07:58:00-04:00,7739.75,7740.25,7739.75,7740.25,87
2026-08-28 07:59:00-04:00,7740.5,7740.5,7739.5,7739.75,78
2026-08-28 08:00:00-04:00,7740.0,7740.25,7739.5,7739.75,143
2026-08-28 08:01:00-04:00,7740.0,7740.5,7740.0,7740.5,129
2026-08-28 08:02:00-04:00,7740.5,7740.75,7740.0,7740.75,168
2026-08-28 08:03:00-04:00,7740.5,7741.5,7740.5,7741.5,210
2026-08-28 08:04:00-04:00,7741.75,7742.5,7741.5,7742.5,172
2026-08-28 08:05:00-04:00,7742.5,7742.75,7742.25,7742.5,144
2026-08-28 08:06:00-04:00,7742.75,7743.75,7742.75,7743.0,149
2026-08-28 08:07:00-04:00,7743.25,7743.5,7743.25,7743.25,149
2026-08-28 08:08:00-04:00,7743.5,7744.0,7743.5,7743.5,337
2026-08-28 08:09:00-04:00,7743.5,7744.25,7743.0,7744.25,526
2026-08-28 08:10:00-04:00,7744.0,7744.5,7743.5,7743.75,482
2026-08-28 08:11:00-04:00,7743.75,7744.0,7742.75,7743.75,487
2026-08-28 08:12:00-04:00,7743.75,7745.5,7743.25,7745.5,552
2026-08-28 08:13:00-04:00,7745.5,7748.0,7744.25,7746.0,1272
2026-08-28 08:14:00-04:00,7746.25,7747.0,7746.25,7746.75,767
2026-08-28 08:15:00-04:00,7746.5,7747.25,7746.25,7747.0,565
2026-08-28 08:16:00-04:00,7747.0,7747.5,7747.0,7747.25,256
2026-08-28 08:17:00-04:00,7747.0,7747.75,7747.0,7747.0,141
2026-08-28 08:18:00-04:00,7747.0,7748.75,7746.75,7747.5,321
2026-08-28 08:19:00-04:00,7747.5,7748.75,7747.5,7748.25,167
2026-08-28 08:20:00-04:00,7748.25,7748.75,7748.25,7748.75,306
2026-08-28 08:21:00-04:00,7748.75,7749.75,7748.25,7749.5,349
2026-08-28 08:22:00-04:00,7749.5,7750.0,7749.25,7750.0,155
2026-08-28 08:23:00-04:00,7750.0,7750.5,7749.5,7750.5,375
2026-08-28 08:24:00-04:00,7750.75,7751.0,7749.75,7750.0,212
2026-08-28 08:25:00-04:00,7750.0,7750.5,7749.0,7749.75,400
2026-08-28 08:26:00-04:00,7749.75,7750.0,7749.5,7749.5,288
2026-08-28 08:27:00-04:00,7749.5,7750.0,7748.5,7748.5,379
2026-08-28 08:28:00-04:00,7748.5,7750.0,7748.5,7749.75,258
2026-08-28 08:29:00-04:00,7749.75,7750.5,7749.5,7750.5,216
2026-08-28 08:30:00-04:00,7750.25,7750.25,7747.25,7747.5,386
2026-08-28 08:31:00-04:00,7747.5,7747.75,7746.25,7746.25,389
2026-08-28 08:32:00-04:00,7746.75,7746.75,7745.75,7746.25,277
2026-08-28 08:33:00-04:00,7746.25,7747.0,7746.0,7746.5,244
2026-08-28 08:34:00-04:00,7746.5,7746.5,7745.5,7745.5,228
2026-08-28 08:35:00-04:00,7745.75,7746.0,7743.75,7744.0,378
2026-08-28 08:36:00-04:00,7744.0,7745.5,7743.75,7745.5,338
2026-08-28 08:37:00-04:00,7745.25,7746.0,7745.0,7745.5,323
2026-08-28 08:38:00-04:00,7745.5,7746.75,7745.25,7746.75,280
2026-08-28 08:39:00-04:00,7747.25,7747.5,7745.75,7746.5,443
2026-08-28 08:40:00-04:00,7746.5,7746.5,7745.75,7746.0,262
2026-08-28 08:41:00-04:00,7745.75,7747.0,7745.75,7746.75,214
2026-08-28 08:42:00-04:00,7746.75,7749.25,7746.75,7749.0,302
2026-08-28 08:43:00-04:00,7749.25,7749.25,7748.5,7749.25,256
2026-08-28 08:44:00-04:00,7749.0,7750.0,7749.0,7750.0,298
2026-08-28 08:45:00-04:00,7750.0,7750.5,7749.5,7749.75,256
2026-08-28 08:46:00-04:00,7749.5,7750.0,7749.25,7750.0,450
2026-08-28 08:47:00-04:00,7749.75,7749.75,7748.75,7749.5,379
2026-08-28 08:48:00-04:00,7749.5,7751.0,7749.5,7750.75,571
2026-08-28 08:49:00-04:00,7750.75,7751.0,7750.25,7750.25,366
2026-08-28 08:50:00-04:00,7750.25,7751.25,7750.25,7751.0,329
2026-08-28 08:51:00-04:00,7751.0,7751.25,7750.0,7750.75,230
2026-08-28 08:52:00-04:00,7750.75,7750.75,7750.0,7750.0,263
2026-08-28 08:53:00-04:00,7750.25,7750.5,7749.75,7749.75,181
2026-08-28 08:54:00-04:00,7749.75,7750.25,7749.5,7750.0,203
2026-08-28 08:55:00-04:00,7750.25,7750.75,7749.75,7749.75,477
2026-08-28 08:56:00-04:00,7750.0,7750.25,7749.75,7749.75,166
2026-08-28 08:57:00-04:00,7749.75,7750.5,7749.25,7750.25,258
2026-08-28 08:58:00-04:00,7750.0,7751.0,7750.0,7750.5,156
2026-08-28 08:59:00-04:00,7750.75,7750.75,7749.75,7749.75,210
2026-08-28 09:00:00-04:00,7749.75,7750.0,7748.75,7749.5,687
2026-08-28 09:01:00-04:00,7749.5,7753.5,7749.5,7752.75,1119
2026-08-28 09:02:00-04:00,7753.0,7755.0,7752.25,7754.25,1660
2026-08-28 09:03:00-04:00,7754.0,7754.25,7751.5,7752.25,448
2026-08-28 09:04:00-04:00,7752.0,7752.5,7751.75,7752.0,212
2026-08-28 09:05:00-04:00,7751.75,7752.75,7751.5,7751.5,357
2026-08-28 09:06:00-04:00,7751.75,7751.75,7750.75,7750.75,310
2026-08-28 09:07:00-04:00,7751.0,7752.75,7751.0,7752.5,286
2026-08-28 09:08:00-04:00,7752.25,7752.5,7750.75,7751.25,490
2026-08-28 09:09:00-04:00,7751.25,7752.0,7750.5,7751.0,440
2026-08-28 09:10:00-04:00,7751.0,7752.0,7751.0,7752.0,470
2026-08-28 09:11:00-04:00,7752.0,7752.5,7751.0,7751.0,585
2026-08-28 09:12:00-04:00,7751.25,7751.25,7749.5,7750.25,630
2026-08-28 09:13:00-04:00,7750.0,7750.0,7749.0,7749.0,502
2026-08-28 09:14:00-04:00,7749.0,7750.0,7749.0,7749.75,362
2026-08-28 09:15:00-04:00,7749.75,7750.5,7749.0,7749.0,350
2026-08-28 09:16:00-04:00,7748.75,7750.25,7748.75,7750.25,242
2026-08-28 09:17:00-04:00,7750.0,7750.0,7749.0,7749.25,392
2026-08-28 09:18:00-04:00,7749.25,7749.75,7749.0,7749.5,203
2026-08-28 09:19:00-04:00,7749.5,7749.5,7748.5,7748.5,279
2026-08-28 09:20:00-04:00,7748.5,7749.0,7748.0,7748.5,536
2026-08-28 09:21:00-04:00,7748.25,7748.5,7748.25,7748.5,189
2026-08-28 09:22:00-04:00,7748.25,7748.25,7747.0,7748.0,437
2026-08-28 09:23:00-04:00,7747.75,7748.25,7747.5,7747.75,270
2026-08-28 09:24:00-04:00,7747.75,7748.25,7747.75,7748.0,229
2026-08-28 09:25:00-04:00,7747.5,7748.0,7744.5,7744.5,1431
2026-08-28 09:26:00-04:00,7744.75,7744.75,7743.5,7744.25,683
2026-08-28 09:27:00-04:00,7744.25,7745.0,7742.75,7743.25,1005
2026-08-28 09:28:00-04:00,7743.75,7747.5,7743.5,7747.25,1307
2026-08-28 09:29:00-04:00,7747.25,7748.25,7746.0,7746.25,1473
2026-08-28 09:30:00-04:00,7746.25,7750.0,7743.75,7747.75,9648
2026-08-28 09:31:00-04:00,7747.75,7749.0,7745.25,7746.25,4565
2026-08-28 09:32:00-04:00,7746.25,7748.25,7744.75,7747.25,3123
2026-08-28 09:33:00-04:00,7747.25,7747.75,7744.0,7746.0,2581
2026-08-28 09:34:00-04:00,7746.0,7749.25,7746.0,7749.25,3392
2026-08-28 09:35:00-04:00,7749.25,7750.0,7746.5,7748.25,3769
2026-08-28 09:36:00-04:00,7747.75,7751.0,7747.75,7750.25,3666
2026-08-28 09:37:00-04:00,7750.25,7753.5,7750.0,7750.0,3337
2026-08-28 09:38:00-04:00,7750.25,7751.5,7749.5,7749.5,2267
2026-08-28 09:39:00-04:00,7749.75,7752.5,7749.5,7751.5,1951
2026-08-28 09:40:00-04:00,7751.5,7756.0,7750.5,7755.75,3902
2026-08-28 09:41:00-04:00,7755.75,7757.5,7755.25,7757.5,2625
2026-08-28 09:42:00-04:00,7757.5,7757.5,7754.5,7756.25,2486
2026-08-28 09:43:00-04:00,7756.25,7756.5,7755.0,7756.0,1896
2026-08-28 09:44:00-04:00,7756.0,7756.0,7754.0,7755.0,2675
2026-08-28 09:45:00-04:00,7755.0,7755.5,7751.25,7752.75,3712
2026-08-28 09:46:00-04:00,7752.75,7753.5,7752.0,7753.25,2046
2026-08-28 09:47:00-04:00,7753.25,7754.75,7750.75,7754.75,2281
2026-08-28 09:48:00-04:00,7754.75,7758.0,7754.75,7756.5,2915
2026-08-28 09:49:00-04:00,7756.75,7757.0,7749.0,7750.5,5917
2026-08-28 09:50:00-04:00,7750.75,7751.0,7747.75,7747.75,3567
2026-08-28 09:51:00-04:00,7747.75,7748.5,7745.5,7746.75,2955
2026-08-28 09:52:00-04:00,7747.0,7749.0,7746.5,7748.0,1933
2026-08-28 09:53:00-04:00,7748.0,7748.75,7747.0,7748.0,1861
2026-08-28 09:54:00-04:00,7748.0,7749.25,7746.0,7746.0,1789
2026-08-28 09:55:00-04:00,7746.0,7747.5,7745.75,7746.5,1682
2026-08-28 09:56:00-04:00,7746.5,7750.25,7746.25,7749.5,1889
2026-08-28 09:57:00-04:00,7749.25,7750.25,7748.0,7749.5,1908
2026-08-28 09:58:00-04:00,7749.75,7750.5,7748.25,7750.0,1445
2026-08-28 09:59:00-04:00,7750.0,7752.75,7745.5,7746.25,2907
2026-08-28 10:00:00-04:00,7745.25,7760.5,7740.75,7757.0,8720
2026-08-28 10:01:00-04:00,7757.0,7757.75,7748.25,7749.0,5717
2026-08-28 10:02:00-04:00,7749.0,7752.25,7745.5,7750.5,6007
2026-08-28 10:03:00-04:00,7750.25,7751.25,7743.0,7743.25,7318
2026-08-28 10:04:00-04:00,7743.25,7746.75,7741.0,7746.0,7083
2026-08-28 10:05:00-04:00,7746.0,7746.75,7739.5,7740.0,5825
2026-08-28 10:06:00-04:00,7740.0,7741.0,7735.25,7738.25,7076
2026-08-28 10:07:00-04:00,7738.25,7739.5,7735.0,7738.0,8315
2026-08-28 10:08:00-04:00,7737.75,7742.5,7735.5,7742.5,6741
2026-08-28 10:09:00-04:00,7742.5,7744.25,7738.5,7738.75,5059
2026-08-28 10:10:00-04:00,7738.75,7739.75,7735.5,7735.5,5925
2026-08-28 10:11:00-04:00,7735.75,7737.25,7732.25,7734.75,7158
2026-08-28 10:12:00-04:00,7735.0,7735.75,7732.0,7735.25,5776
2026-08-28 10:13:00-04:00,7735.0,7735.25,7726.5,7729.0,9843
2026-08-28 10:14:00-04:00,7729.25,7732.5,7727.75,7731.25,8188
2026-08-28 10:15:00-04:00,7731.0,7734.5,7730.25,7733.0,5657
2026-08-28 10:16:00-04:00,7733.5,7736.25,7731.5,7735.5,5120
2026-08-28 10:17:00-04:00,7735.5,7740.5,7735.0,7740.5,6248
2026-08-28 10:18:00-04:00,7740.5,7743.75,7739.75,7742.0,5753
2026-08-28 10:19:00-04:00,7742.5,7746.25,7741.75,7743.0,4771
2026-08-28 10:20:00-04:00,7743.25,7748.25,7743.0,7745.0,5435
2026-08-28 10:21:00-04:00,7745.25,7749.0,7745.0,7748.0,4282
2026-08-28 10:22:00-04:00,7748.0,7751.5,7746.5,7750.0,5107
2026-08-28 10:23:00-04:00,7750.0,7750.25,7743.25,7744.5,5971
2026-08-28 10:24:00-04:00,7744.5,7745.0,7738.75,7744.75,6582
2026-08-28 10:25:00-04:00,7744.75,7745.75,7741.25,7741.25,4800
2026-08-28 10:26:00-04:00,7741.0,7742.5,7738.0,7742.0,6113
2026-08-28 10:27:00-04:00,7742.25,7742.75,7734.5,7735.5,6229
2026-08-28 10:28:00-04:00,7735.5,7739.5,7735.25,7738.25,5433
2026-08-28 10:29:00-04:00,7738.0,7742.0,7736.75,7742.0,5476
2026-08-28 10:30:00-04:00,7742.0,7743.25,7738.5,7740.0,6766
2026-08-28 10:31:00-04:00,7739.75,7744.0,7738.0,7741.75,5010
2026-08-28 10:32:00-04:00,7741.75,7745.0,7740.5,7743.25,4604
2026-08-28 10:33:00-04:00,7743.25,7748.0,7742.25,7748.0,4152
2026-08-28 10:34:00-04:00,7748.0,7750.75,7748.0,7750.75,4625
2026-08-28 10:35:00-04:00,7750.5,7751.75,7749.0,7751.75,4453
2026-08-28 10:36:00-04:00,7751.75,7754.0,7749.75,7752.0,5288
2026-08-28 10:37:00-04:00,7752.0,7754.0,7751.25,7752.75,3202
2026-08-28 10:38:00-04:00,7753.0,7756.5,7752.25,7755.25,4886
2026-08-28 10:39:00-04:00,7755.25,7755.25,7752.25,7752.5,3337
2026-08-28 10:40:00-04:00,7752.5,7757.5,7752.25,7757.25,3772
2026-08-28 10:41:00-04:00,7757.25,7758.25,7755.5,7756.0,4248
2026-08-28 10:42:00-04:00,7756.0,7759.5,7755.25,7758.5,3256
2026-08-28 10:43:00-04:00,7758.5,7760.25,7757.75,7759.75,3292
2026-08-28 10:44:00-04:00,7760.25,7764.75,7760.0,7763.25,5988
2026-08-28 10:45:00-04:00,7763.25,7765.0,7761.25,7761.25,5052
2026-08-28 10:46:00-04:00,7761.25,7765.75,7761.0,7764.0,5314
2026-08-28 10:47:00-04:00,7764.25,7766.75,7763.25,7764.5,3694
2026-08-28 10:48:00-04:00,7764.5,7767.25,7764.0,7765.75,3252
2026-08-28 10:49:00-04:00,7765.75,7768.0,7765.5,7768.0,3280
2026-08-28 10:50:00-04:00,7767.75,7771.25,7767.0,7769.75,4838
2026-08-28 10:51:00-04:00,7770.0,7770.25,7767.5,7769.25,3905
2026-08-28 10:52:00-04:00,7769.25,7772.0,7769.25,7771.5,4461
2026-08-28 10:53:00-04:00,7771.5,7775.0,7770.25,7774.5,4129
2026-08-28 10:54:00-04:00,7774.75,7776.5,7774.5,7774.75,5371
2026-08-28 10:55:00-04:00,7774.5,7776.75,7774.0,7776.5,4644
2026-08-28 10:56:00-04:00,7776.25,7777.75,7775.75,7776.75,4210
2026-08-28 10:57:00-04:00,7776.75,7778.25,7776.25,7777.5,4199
2026-08-28 10:58:00-04:00,7777.75,7778.75,7777.0,7778.5,3778
2026-08-28 10:59:00-04:00,7778.5,7780.0,7777.5,7779.25,4160
2026-08-28 11:00:00-04:00,7779.25,7782.25,7778.0,7781.75,5412
2026-08-28 11:01:00-04:00,7781.75,7782.5,7780.0,7780.25,6208
2026-08-28 11:02:00-04:00,7780.0,7781.0,7778.25,7779.5,5494
2026-08-28 11:03:00-04:00,7779.5,7779.75,7777.0,7778.75,4103
2026-08-28 11:04:00-04:00,7779.0,7780.5,7777.25,7778.25,3496
2026-08-28 11:05:00-04:00,7778.25,7779.75,7776.75,7778.0,3194
2026-08-28 11:06:00-04:00,7778.25,7779.25,7776.75,7777.5,2864
2026-08-28 11:07:00-04:00,7777.25,7778.0,7775.25,7777.5,3248
2026-08-28 11:08:00-04:00,7777.25,7777.5,7772.5,7773.0,3911
2026-08-28 11:09:00-04:00,7773.0,7773.5,7770.25,7771.75,3917
2026-08-28 11:10:00-04:00,7771.75,7773.5,7771.25,7772.0,3314
2026-08-28 11:11:00-04:00,7771.75,7772.0,7769.25,7771.25,4488
2026-08-28 11:12:00-04:00,7771.0,7771.25,7767.25,7770.25,4469
2026-08-28 11:13:00-04:00,7770.25,7771.75,7768.75,7771.5,3712
2026-08-28 11:14:00-04:00,7771.25,7773.75,7770.0,7771.25,4440
2026-08-28 11:15:00-04:00,7771.25,7775.75,7771.0,7773.25,4104
2026-08-28 11:16:00-04:00,7773.25,7776.0,7772.75,7774.0,3183
2026-08-28 11:17:00-04:00,7774.0,7774.5,7772.5,7774.5,2856
2026-08-28 11:18:00-04:00,7774.5,7775.0,7771.25,7772.0,2748
2026-08-28 11:19:00-04:00,7772.0,7774.0,7771.5,7772.25,2945
2026-08-28 11:20:00-04:00,7772.5,7777.25,7772.25,7777.0,3827
2026-08-28 11:21:00-04:00,7777.0,7777.0,7772.5,7774.25,2703
2026-08-28 11:22:00-04:00,7774.25,7774.5,7772.75,7773.75,2348
2026-08-28 11:23:00-04:00,7774.0,7777.75,7773.5,7777.5,2510
2026-08-28 11:24:00-04:00,7777.25,7778.25,7777.0,7777.5,2082
2026-08-28 11:25:00-04:00,7777.75,7780.0,7777.25,7780.0,1892
2026-08-28 11:26:00-04:00,7779.75,7781.5,7779.25,7780.0,3315
2026-08-28 11:27:00-04:00,7779.75,7780.0,7777.5,7778.5,2577
2026-08-28 11:28:00-04:00,7778.5,7779.75,7776.75,7779.5,2347
2026-08-28 11:29:00-04:00,7779.5,7779.5,7777.25,7779.0,2202
2026-08-28 11:30:00-04:00,7779.0,7779.5,7777.25,7777.5,2826
2026-08-28 11:31:00-04:00,7777.5,7777.75,7775.25,7776.25,2742
2026-08-28 11:32:00-04:00,7776.25,7777.5,7775.75,7777.0,2126
2026-08-28 11:33:00-04:00,7777.25,7778.5,7776.75,7777.0,2551
2026-08-28 11:34:00-04:00,7777.25,7777.5,7773.5,7773.75,3138
2026-08-28 11:35:00-04:00,7773.75,7775.5,7773.5,7774.0,2546
2026-08-28 11:36:00-04:00,7774.0,7775.25,7772.75,7773.5,2061
2026-08-28 11:37:00-04:00,7773.25,7773.5,7771.25,7771.25,3029
2026-08-28 11:38:00-04:00,7771.0,7771.25,7767.5,7767.75,3664
2026-08-28 11:39:00-04:00,7767.5,7768.0,7764.75,7765.75,4842
2026-08-28 11:40:00-04:00,7765.75,7766.0,7757.5,7758.0,8855
2026-08-28 11:41:00-04:00,7758.0,7762.0,7755.5,7761.5,9213
2026-08-28 11:42:00-04:00,7761.25,7762.0,7758.25,7758.75,6421
2026-08-28 11:43:00-04:00,7758.75,7761.75,7757.5,7760.25,4886
2026-08-28 11:44:00-04:00,7760.25,7760.5,7756.0,7757.25,4929
2026-08-28 11:45:00-04:00,7757.5,7759.5,7755.5,7758.25,7373
2026-08-28 11:46:00-04:00,7758.25,7758.5,7755.75,7756.75,4367
2026-08-28 11:47:00-04:00,7757.0,7759.0,7753.75,7754.5,5580
2026-08-28 11:48:00-04:00,7754.5,7754.75,7751.0,7753.25,5678
2026-08-28 11:49:00-04:00,7753.25,7753.5,7750.75,7752.0,4701
2026-08-28 11:50:00-04:00,7752.0,7754.0,7750.5,7750.75,5829
2026-08-28 11:51:00-04:00,7750.75,7752.0,7746.5,7746.75,6781
2026-08-28 11:52:00-04:00,7746.75,7747.0,7743.5,7744.75,6584
2026-08-28 11:53:00-04:00,7744.5,7748.5,7744.0,7745.25,5103
2026-08-28 11:54:00-04:00,7745.5,7750.25,7743.75,7750.0,5711
2026-08-28 11:55:00-04:00,7750.0,7750.5,7744.5,7744.5,4982
2026-08-28 11:56:00-04:00,7744.25,7745.0,7738.75,7739.5,7350
2026-08-28 11:57:00-04:00,7739.5,7740.5,7737.25,7739.25,6978
2026-08-28 11:58:00-04:00,7738.75,7742.0,7738.25,7741.25,5717
2026-08-28 11:59:00-04:00,7741.0,7741.5,7738.0,7739.75,4848
2026-08-28 12:00:00-04:00,7739.75,7741.5,7738.75,7738.75,6002
2026-08-28 12:01:00-04:00,7738.75,7738.75,7733.75,7736.75,7454
2026-08-28 12:02:00-04:00,7736.5,7739.25,7735.25,7739.25,5106
2026-08-28 12:03:00-04:00,7739.25,7741.25,7738.0,7740.25,5382
2026-08-28 12:04:00-04:00,7740.0,7741.5,7736.25,7737.25,3869
2026-08-28 12:05:00-04:00,7737.0,7740.25,7736.5,7740.0,3502
2026-08-28 12:06:00-04:00,7740.0,7741.25,7737.25,7740.5,4223
2026-08-28 12:07:00-04:00,7740.5,7744.0,7740.25,7743.5,4456
2026-08-28 12:08:00-04:00,7743.5,7743.75,7741.25,7743.25,3049
2026-08-28 12:09:00-04:00,7743.0,7745.25,7743.0,7744.5,3349
2026-08-28 12:10:00-04:00,7744.25,7744.75,7742.5,7744.75,3828
2026-08-28 12:11:00-04:00,7744.75,7744.75,7740.0,7740.0,4921
2026-08-28 12:12:00-04:00,7740.0,7741.75,7739.25,7740.5,3126
2026-08-28 12:13:00-04:00,7740.75,7741.0,7738.75,7740.0,2539
2026-08-28 12:14:00-04:00,7740.0,7741.25,7738.25,7738.75,2817
2026-08-28 12:15:00-04:00,7738.75,7741.5,7734.5,7734.75,4276
2026-08-28 12:16:00-04:00,7734.75,7734.75,7732.5,7733.75,4059
2026-08-28 12:17:00-04:00,7733.75,7734.75,7732.25,7732.75,3290
2026-08-28 12:18:00-04:00,7732.75,7733.25,7726.25,7727.75,6657
2026-08-28 12:19:00-04:00,7727.5,7732.0,7727.25,7730.75,4689
2026-08-28 12:20:00-04:00,7730.75,7732.5,7727.25,7728.0,5129
2026-08-28 12:21:00-04:00,7728.0,7729.25,7724.5,7729.0,5094
2026-08-28 12:22:00-04:00,7728.75,7728.75,7725.0,7726.5,5848
2026-08-28 12:23:00-04:00,7726.5,7727.0,7724.5,7726.25,4727
2026-08-28 12:24:00-04:00,7726.0,7726.5,7720.0,7724.0,7540
2026-08-28 12:25:00-04:00,7723.75,7725.5,7722.0,7725.25,3934
2026-08-28 12:26:00-04:00,7725.25,7727.25,7723.75,7725.0,3497
2026-08-28 12:27:00-04:00,7725.25,7726.75,7724.25,7726.5,2686
2026-08-28 12:28:00-04:00,7726.5,7727.75,7724.5,7724.75,3087
2026-08-28 12:29:00-04:00,7724.75,7726.25,7724.0,7725.25,2192
2026-08-28 12:30:00-04:00,7725.0,7729.75,7724.5,7729.0,4557
2026-08-28 12:31:00-04:00,7729.25,7731.5,7727.75,7730.75,3802
2026-08-28 12:32:00-04:00,7730.75,7734.25,7729.25,7733.25,3681
2026-08-28 12:33:00-04:00,7733.0,7733.5,7729.25,7730.75,2622
2026-08-28 12:34:00-04:00,7730.75,7730.75,7725.25,7725.5,2671
2026-08-28 12:35:00-04:00,7725.25,7731.25,7725.25,7731.0,3149
2026-08-28 12:36:00-04:00,7731.0,7733.75,7730.25,7732.25,2503
2026-08-28 12:37:00-04:00,7732.25,7735.0,7730.75,7734.0,3581
2026-08-28 12:38:00-04:00,7734.0,7735.25,7733.0,7733.75,2428
2026-08-28 12:39:00-04:00,7733.75,7734.0,7729.75,7732.5,2659
2026-08-28 12:40:00-04:00,7732.25,7732.5,7726.5,7727.75,3534
2026-08-28 12:41:00-04:00,7727.75,7729.0,7725.75,7726.75,3683
2026-08-28 12:42:00-04:00,7726.5,7728.75,7725.5,7726.5,2403
2026-08-28 12:43:00-04:00,7726.5,7726.75,7724.5,7725.5,2919
2026-08-28 12:44:00-04:00,7725.5,7725.75,7724.25,7725.0,1908
2026-08-28 12:45:00-04:00,7725.5,7733.0,7725.25,7732.75,4413
2026-08-28 12:46:00-04:00,7732.75,7734.5,7731.75,7732.25,2690
2026-08-28 12:47:00-04:00,7732.25,7734.5,7731.5,7733.0,1927
2026-08-28 12:48:00-04:00,7733.0,7734.5,7731.75,7734.0,1731
2026-08-28 12:49:00-04:00,7734.0,7735.0,7731.5,7733.0,2090
2026-08-28 12:50:00-04:00,7733.0,7733.75,7730.0,7731.5,2183
2026-08-28 12:51:00-04:00,7731.75,7734.5,7731.0,7733.75,1801
2026-08-28 12:52:00-04:00,7734.0,7736.0,7732.75,7736.0,1670
2026-08-28 12:53:00-04:00,7735.75,7736.0,7730.75,7731.0,1978
2026-08-28 12:54:00-04:00,7731.0,7733.5,7727.0,7728.0,2774
2026-08-28 12:55:00-04:00,7728.25,7729.75,7727.75,7729.0,2007
2026-08-28 12:56:00-04:00,7729.0,7729.0,7726.25,7727.25,2393
2026-08-28 12:57:00-04:00,7727.5,7729.25,7727.0,7729.25,2232
2026-08-28 12:58:00-04:00,7729.25,7730.25,7728.0,7728.5,2065
2026-08-28 12:59:00-04:00,7728.25,7728.5,7725.75,7725.75,1698
2026-08-28 13:00:00-04:00,7725.75,7726.25,7717.0,7718.0,6552
2026-08-28 13:01:00-04:00,7718.0,7719.0,7716.25,7717.0,4171
2026-08-28 13:02:00-04:00,7717.0,7720.0,7715.25,7719.25,3651
2026-08-28 13:03:00-04:00,7719.25,7721.25,7718.0,7721.0,3846
2026-08-28 13:04:00-04:00,7721.0,7723.5,7718.75,7718.75,2566
2026-08-28 13:05:00-04:00,7718.75,7719.0,7716.75,7717.5,2452
2026-08-28 13:06:00-04:00,7717.5,7718.0,7714.25,7714.75,2745
2026-08-28 13:07:00-04:00,7714.75,7716.5,7713.25,7715.5,3560
2026-08-28 13:08:00-04:00,7715.5,7717.25,7714.75,7717.0,2291
2026-08-28 13:09:00-04:00,7717.0,7717.25,7713.5,7713.75,1980
2026-08-28 13:10:00-04:00,7713.25,7714.75,7711.75,7714.5,3541
2026-08-28 13:11:00-04:00,7714.75,7717.5,7714.25,7717.25,3155
2026-08-28 13:12:00-04:00,7717.25,7720.25,7717.25,7718.75,4287
2026-08-28 13:13:00-04:00,7719.0,7720.75,7717.75,7720.5,3291
2026-08-28 13:14:00-04:00,7720.25,7722.75,7719.25,7722.5,3607
2026-08-28 13:15:00-04:00,7722.5,7723.25,7718.25,7720.25,2550
2026-08-28 13:16:00-04:00,7720.25,7720.5,7718.25,7719.5,2108
2026-08-28 13:17:00-04:00,7719.5,7722.5,7718.25,7722.5,1832
2026-08-28 13:18:00-04:00,7722.5,7722.5,7719.25,7719.5,1890
2026-08-28 13:19:00-04:00,7719.75,7722.0,7719.5,7720.25,1747
2026-08-28 13:20:00-04:00,7720.25,7721.0,7717.75,7717.75,2262
2026-08-28 13:21:00-04:00,7718.0,7718.25,7715.75,7717.75,1944
2026-08-28 13:22:00-04:00,7717.75,7718.5,7714.5,7715.0,2301
2026-08-28 13:23:00-04:00,7715.0,7718.75,7714.5,7715.0,2775
2026-08-28 13:24:00-04:00,7715.25,7718.5,7715.0,7718.5,2031
2026-08-28 13:25:00-04:00,7718.75,7719.5,7716.25,7717.25,1478
2026-08-28 13:26:00-04:00,7717.5,7719.0,7716.75,7717.75,1473
2026-08-28 13:27:00-04:00,7717.5,7719.5,7717.25,7718.5,1494
2026-08-28 13:28:00-04:00,7718.75,7722.25,7718.75,7720.75,1773
2026-08-28 13:29:00-04:00,7720.75,7721.75,7716.75,7717.0,2172
2026-08-28 13:30:00-04:00,7717.0,7718.5,7716.0,7717.5,2206
2026-08-28 13:31:00-04:00,7717.5,7719.5,7717.0,7719.5,1618
2026-08-28 13:32:00-04:00,7719.75,7721.75,7718.5,7721.5,1875
2026-08-28 13:33:00-04:00,7721.5,7723.5,7721.25,7723.0,1617
2026-08-28 13:34:00-04:00,7722.75,7723.0,7721.5,7722.25,1178
2026-08-28 13:35:00-04:00,7722.25,7724.0,7722.0,7723.25,1622
2026-08-28 13:36:00-04:00,7723.25,7723.5,7722.0,7723.0,1483
2026-08-28 13:37:00-04:00,7723.25,7724.0,7719.5,7721.5,2116
2026-08-28 13:38:00-04:00,7721.5,7721.75,7719.5,7720.0,1379
2026-08-28 13:39:00-04:00,7720.0,7720.25,7714.75,7715.75,3520
2026-08-28 13:40:00-04:00,7715.25,7718.5,7715.25,7717.5,2229
2026-08-28 13:41:00-04:00,7717.5,7718.75,7717.0,7718.0,1527
2026-08-28 13:42:00-04:00,7718.0,7720.5,7717.5,7719.75,2096
2026-08-28 13:43:00-04:00,7719.75,7720.5,7718.0,7719.0,1670
2026-08-28 13:44:00-04:00,7719.25,7719.75,7717.25,7719.5,1249
2026-08-28 13:45:00-04:00,7719.25,7720.75,7717.75,7720.5,1105
2026-08-28 13:46:00-04:00,7720.25,7724.5,7720.25,7723.25,2707
2026-08-28 13:47:00-04:00,7723.5,7723.75,7721.75,7722.0,1293
2026-08-28 13:48:00-04:00,7722.0,7724.5,7721.75,7724.0,1196
2026-08-28 13:49:00-04:00,7724.25,7726.25,7724.0,7725.5,2236
2026-08-28 13:50:00-04:00,7725.5,7725.5,7723.75,7723.75,1116
2026-08-28 13:51:00-04:00,7723.75,7725.25,7723.0,7724.5,1502
2026-08-28 13:52:00-04:00,7724.5,7726.5,7724.25,7724.25,1523
2026-08-28 13:53:00-04:00,7724.5,7725.0,7724.0,7724.5,1045
2026-08-28 13:54:00-04:00,7724.75,7725.0,7723.25,7723.75,932
2026-08-28 13:55:00-04:00,7723.75,7724.0,7719.5,7720.25,2300
2026-08-28 13:56:00-04:00,7720.5,7721.25,7719.75,7720.5,1614
2026-08-28 13:57:00-04:00,7720.75,7723.0,7720.25,7721.5,1391
2026-08-28 13:58:00-04:00,7721.5,7724.0,7721.25,7723.75,1146
2026-08-28 13:59:00-04:00,7723.75,7724.75,7723.5,7724.25,989
2026-08-28 14:00:00-04:00,7724.5,7725.75,7723.5,7723.75,1939
2026-08-28 14:01:00-04:00,7723.75,7724.25,7722.25,7723.75,1567
2026-08-28 14:02:00-04:00,7724.0,7726.5,7723.25,7726.25,1781
2026-08-28 14:03:00-04:00,7726.0,7726.5,7725.0,7726.25,2221
2026-08-28 14:04:00-04:00,7726.5,7727.25,7724.0,7724.25,1974
2026-08-28 14:05:00-04:00,7724.0,7726.75,7723.25,7724.75,2202
2026-08-28 14:06:00-04:00,7724.5,7725.5,7723.0,7723.75,1533
2026-08-28 14:07:00-04:00,7723.75,7725.75,7723.5,7724.0,922
2026-08-28 14:08:00-04:00,7723.75,7724.75,7722.25,7724.75,1012
2026-08-28 14:09:00-04:00,7724.75,7726.0,7723.5,7724.75,1270
2026-08-28 14:10:00-04:00,7724.75,7726.0,7724.5,7726.0,1060
2026-08-28 14:11:00-04:00,7725.75,7726.75,7724.5,7726.0,1516
2026-08-28 14:12:00-04:00,7726.0,7726.5,7725.0,7726.0,980
2026-08-28 14:13:00-04:00,7726.0,7726.25,7723.5,7723.75,1534
2026-08-28 14:14:00-04:00,7723.5,7724.25,7720.75,7721.0,1723
2026-08-28 14:15:00-04:00,7721.25,7723.75,7720.5,7723.5,1571
2026-08-28 14:16:00-04:00,7723.25,7724.25,7722.0,7722.0,1291
2026-08-28 14:17:00-04:00,7722.0,7722.5,7720.25,7722.25,1590
2026-08-28 14:18:00-04:00,7722.25,7724.25,7722.0,7723.0,1409
2026-08-28 14:19:00-04:00,7723.25,7723.75,7722.75,7723.0,811
2026-08-28 14:20:00-04:00,7723.0,7724.75,7722.75,7723.25,1137
2026-08-28 14:21:00-04:00,7723.0,7724.25,7722.5,7723.75,974
2026-08-28 14:22:00-04:00,7724.0,7724.25,7722.0,7722.5,851
2026-08-28 14:23:00-04:00,7722.5,7722.5,7718.0,7718.75,2074
2026-08-28 14:24:00-04:00,7718.75,7720.5,7718.75,7719.5,1303
2026-08-28 14:25:00-04:00,7719.5,7720.25,7717.75,7719.25,1775
2026-08-28 14:26:00-04:00,7719.25,7721.0,7718.75,7720.75,1850
2026-08-28 14:27:00-04:00,7721.0,7722.25,7720.5,7721.0,1674
2026-08-28 14:28:00-04:00,7720.75,7721.75,7720.0,7721.5,941
2026-08-28 14:29:00-04:00,7721.25,7721.75,7719.25,7719.5,1299
2026-08-28 14:30:00-04:00,7719.5,7720.75,7719.0,7719.25,1940
2026-08-28 14:31:00-04:00,7719.0,7721.75,7719.0,7721.25,1450
2026-08-28 14:32:00-04:00,7721.25,7721.5,7719.75,7720.0,743
2026-08-28 14:33:00-04:00,7719.75,7721.0,7719.5,7721.0,700
2026-08-28 14:34:00-04:00,7721.0,7724.0,7720.75,7722.75,1474
2026-08-28 14:35:00-04:00,7723.0,7724.75,7722.5,7723.5,1448
2026-08-28 14:36:00-04:00,7723.0,7723.75,7721.75,7722.25,1308
2026-08-28 14:37:00-04:00,7722.25,7723.0,7721.0,7721.0,808
2026-08-28 14:38:00-04:00,7721.25,7721.25,7719.75,7721.0,1552
2026-08-28 14:39:00-04:00,7721.25,7721.75,7720.0,7720.0,769
2026-08-28 14:40:00-04:00,7720.25,7723.0,7720.25,7723.0,1139
2026-08-28 14:41:00-04:00,7723.0,7723.0,7721.0,7721.25,835
2026-08-28 14:42:00-04:00,7721.5,7721.5,7719.5,7720.0,1014
2026-08-28 14:43:00-04:00,7720.25,7720.75,7719.5,7720.25,774
2026-08-28 14:44:00-04:00,7720.25,7722.25,7720.25,7722.0,1074
2026-08-28 14:45:00-04:00,7721.75,7722.25,7720.25,7721.0,1086
2026-08-28 14:46:00-04:00,7720.75,7721.25,7719.25,7719.75,944
2026-08-28 14:47:00-04:00,7719.5,7720.5,7719.25,7720.25,1116
2026-08-28 14:48:00-04:00,7720.0,7720.0,7716.5,7717.0,1875
2026-08-28 14:49:00-04:00,7717.0,7718.0,7716.5,7717.0,1440
2026-08-28 14:50:00-04:00,7717.0,7717.0,7713.5,7714.0,3336
2026-08-28 14:51:00-04:00,7714.0,7715.0,7712.75,7714.0,2289
2026-08-28 14:52:00-04:00,7714.25,7714.75,7712.25,7713.0,1773
2026-08-28 14:53:00-04:00,7713.25,7716.0,7712.25,7716.0,2382
2026-08-28 14:54:00-04:00,7715.75,7716.0,7714.5,7714.75,1055
2026-08-28 14:55:00-04:00,7714.75,7714.75,7712.75,7714.5,1680
2026-08-28 14:56:00-04:00,7714.75,7716.25,7714.0,7716.0,1735
2026-08-28 14:57:00-04:00,7716.0,7716.5,7715.25,7715.75,1694
2026-08-28 14:58:00-04:00,7716.0,7717.0,7714.75,7716.75,1431
2026-08-28 14:59:00-04:00,7717.0,7717.25,7715.75,7716.0,2168
2026-08-28 15:00:00-04:00,7716.0,7717.0,7713.75,7714.25,2722
2026-08-28 15:01:00-04:00,7714.25,7718.5,7714.0,7718.25,1965
2026-08-28 15:02:00-04:00,7718.25,7718.25,7716.0,7716.75,1496
2026-08-28 15:03:00-04:00,7717.0,7718.25,7716.25,7717.5,1365
2026-08-28 15:04:00-04:00,7717.75,7718.75,7716.75,7717.0,1094
2026-08-28 15:05:00-04:00,7717.0,7719.5,7716.5,7718.75,1721
2026-08-28 15:06:00-04:00,7718.5,7719.25,7717.0,7717.0,1300
2026-08-28 15:07:00-04:00,7717.0,7719.25,7716.75,7719.0,1589
2026-08-28 15:08:00-04:00,7719.25,7721.0,7718.5,7719.75,2321
2026-08-28 15:09:00-04:00,7719.75,7723.0,7719.75,7722.75,2780
2026-08-28 15:10:00-04:00,7722.75,7723.25,7719.5,7721.25,1921
2026-08-28 15:11:00-04:00,7721.5,7722.25,7720.5,7720.75,1316
2026-08-28 15:12:00-04:00,7720.75,7721.75,7720.0,7721.25,1061
2026-08-28 15:13:00-04:00,7721.0,7721.25,7719.75,7720.5,1104
2026-08-28 15:14:00-04:00,7720.5,7722.0,7719.0,7721.75,1255
2026-08-28 15:15:00-04:00,7721.75,7722.0,7720.25,7721.25,1385
2026-08-28 15:16:00-04:00,7721.25,7721.5,7720.25,7720.5,1090
2026-08-28 15:17:00-04:00,7720.25,7720.75,7719.25,7720.25,1176
2026-08-28 15:18:00-04:00,7720.25,7720.75,7719.25,7720.0,957
2026-08-28 15:19:00-04:00,7720.0,7722.25,7719.5,7721.5,1132
2026-08-28 15:20:00-04:00,7721.5,7723.75,7721.25,7723.25,2439
2026-08-28 15:21:00-04:00,7723.5,7724.75,7722.25,7723.0,2451
2026-08-28 15:22:00-04:00,7723.25,7724.0,7723.0,7723.25,1108
2026-08-28 15:23:00-04:00,7723.25,7723.25,7721.0,7721.25,2114
2026-08-28 15:24:00-04:00,7721.0,7722.75,7720.5,7722.25,1778
2026-08-28 15:25:00-04:00,7722.5,7724.25,7722.25,7724.0,1823
2026-08-28 15:26:00-04:00,7724.0,7724.5,7723.0,7724.25,1489
2026-08-28 15:27:00-04:00,7724.5,7725.25,7723.75,7724.75,1424
2026-08-28 15:28:00-04:00,7725.0,7725.25,7723.5,7723.75,1297
2026-08-28 15:29:00-04:00,7723.75,7724.75,7723.25,7724.5,1145
2026-08-28 15:30:00-04:00,7724.5,7724.75,7721.0,7722.75,3441
2026-08-28 15:31:00-04:00,7722.75,7723.75,7722.25,7722.5,1553
2026-08-28 15:32:00-04:00,7722.75,7723.75,7722.0,7723.5,1566
2026-08-28 15:33:00-04:00,7723.5,7724.0,7722.0,7723.0,1467
2026-08-28 15:34:00-04:00,7723.0,7723.5,7722.25,7723.0,1130
2026-08-28 15:35:00-04:00,7723.0,7723.25,7721.25,7721.75,1929
2026-08-28 15:36:00-04:00,7722.0,7722.5,7720.25,7721.75,2040
2026-08-28 15:37:00-04:00,7721.5,7722.25,7721.25,7722.0,1255
2026-08-28 15:38:00-04:00,7721.75,7723.75,7721.5,7723.25,1570
2026-08-28 15:39:00-04:00,7723.25,7725.0,7722.5,7724.75,1751
2026-08-28 15:40:00-04:00,7724.75,7727.0,7724.5,7725.75,2025
2026-08-28 15:41:00-04:00,7725.5,7726.5,7724.75,7726.0,1470
2026-08-28 15:42:00-04:00,7726.0,7726.25,7725.0,7725.75,1725
2026-08-28 15:43:00-04:00,7725.75,7726.75,7725.0,7726.75,1694
2026-08-28 15:44:00-04:00,7727.0,7727.25,7725.25,7725.5,1906
2026-08-28 15:45:00-04:00,7725.25,7726.25,7722.5,7723.25,3029
2026-08-28 15:46:00-04:00,7723.5,7724.5,7721.75,7722.5,2053
2026-08-28 15:47:00-04:00,7722.5,7723.0,7720.0,7720.75,1379
2026-08-28 15:48:00-04:00,7720.75,7720.75,7719.5,7720.0,1954
2026-08-28 15:49:00-04:00,7720.0,7722.25,7719.5,7721.75,1867
2026-08-28 15:50:00-04:00,7720.75,7727.25,7720.5,7726.5,6537
2026-08-28 15:51:00-04:00,7726.5,7727.0,7720.75,7722.5,3869
2026-08-28 15:52:00-04:00,7722.25,7723.5,7721.5,7722.0,2706
2026-08-28 15:53:00-04:00,7722.0,7722.5,7720.25,7720.75,2821
2026-08-28 15:54:00-04:00,7721.25,7723.75,7721.0,7723.0,7284
2026-08-28 15:55:00-04:00,7722.75,7726.25,7722.25,7725.75,7915
2026-08-28 15:56:00-04:00,7725.75,7727.0,7725.5,7727.0,3597
2026-08-28 15:57:00-04:00,7726.75,7728.25,7726.25,7727.0,6139
2026-08-28 15:58:00-04:00,7727.0,7727.5,7723.5,7725.75,9262
2026-08-28 15:59:00-04:00,7725.5,7726.75,7719.5,7722.75,59989
2026-08-28 16:00:00-04:00,7722.75,7724.0,7720.75,7722.25,11239
2026-08-28 16:01:00-04:00,7722.25,7723.25,7722.0,7722.0,1795
2026-08-28 16:02:00-04:00,7722.0,7722.75,7721.5,7722.0,1643
2026-08-28 16:03:00-04:00,7722.0,7722.5,7721.5,7722.0,1122
2026-08-28 16:04:00-04:00,7722.0,7723.0,7721.75,7722.25,1287
2026-08-28 16:05:00-04:00,7722.0,7722.25,7720.5,7721.0,1177
2026-08-28 16:06:00-04:00,7721.0,7721.5,7719.5,7719.75,801
2026-08-28 16:07:00-04:00,7720.0,7720.5,7719.25,7720.0,786
2026-08-28 16:08:00-04:00,7720.0,7721.5,7719.0,7719.75,1731
2026-08-28 16:09:00-04:00,7719.75,7720.5,7719.5,7720.25,565
2026-08-28 16:10:00-04:00,7720.25,7721.25,7719.75,7720.75,741
2026-08-28 16:11:00-04:00,7721.0,7721.5,7720.75,7721.0,692
2026-08-28 16:12:00-04:00,7721.25,7721.25,7720.5,7721.0,532
2026-08-28 16:13:00-04:00,7721.25,7721.75,7721.0,7721.25,594
2026-08-28 16:14:00-04:00,7721.0,7721.75,7720.25,7720.5,1060
2026-08-28 16:15:00-04:00,7720.75,7721.25,7720.5,7720.75,384
2026-08-28 16:16:00-04:00,7720.75,7720.75,7719.75,7720.0,347
2026-08-28 16:17:00-04:00,7720.25,7720.75,7720.25,7720.25,327
2026-08-28 16:18:00-04:00,7720.0,7720.0,7719.75,7719.75,205
2026-08-28 16:19:00-04:00,7720.0,7720.5,7719.75,7720.25,413
2026-08-28 16:20:00-04:00,7720.5,7720.5,7719.5,7719.5,389
2026-08-28 16:21:00-04:00,7719.5,7720.25,7719.5,7720.0,341
2026-08-28 16:22:00-04:00,7719.75,7720.5,7719.75,7720.5,237
2026-08-28 16:23:00-04:00,7720.25,7720.5,7720.0,7720.0,556
2026-08-28 16:24:00-04:00,7720.0,7720.75,7720.0,7720.75,296
2026-08-28 16:25:00-04:00,7720.75,7721.0,7720.5,7720.5,173
2026-08-28 16:26:00-04:00,7720.5,7720.75,7720.0,7720.25,319
2026-08-28 16:27:00-04:00,7720.25,7720.25,7720.0,7720.0,135
2026-08-28 16:28:00-04:00,7720.25,7720.5,7719.5,7719.75,321
2026-08-28 16:29:00-04:00,7719.75,7720.5,7719.75,7720.5,299
2026-08-28 16:30:00-04:00,7720.25,7720.5,7720.0,7720.25,427
2026-08-28 16:31:00-04:00,7720.5,7720.75,7720.0,7720.0,217
2026-08-28 16:32:00-04:00,7719.75,7720.5,7719.75,7720.25,541
2026-08-28 16:33:00-04:00,7720.25,7720.25,7719.5,7720.0,349
2026-08-28 16:34:00-04:00,7719.75,7719.75,7719.25,7719.75,608
2026-08-28 16:35:00-04:00,7719.5,7720.5,7719.5,7720.25,520
2026-08-28 16:36:00-04:00,7720.25,7721.25,7720.0,7721.0,425
2026-08-28 16:37:00-04:00,7721.25,7722.0,7721.25,7721.25,194
2026-08-28 16:38:00-04:00,7721.25,7721.75,7721.0,7721.5,242
2026-08-28 16:39:00-04:00,7721.75,7721.75,7721.0,7721.0,238
2026-08-28 16:40:00-04:00,7720.75,7721.75,7720.75,7721.75,129
2026-08-28 16:41:00-04:00,7721.75,7721.75,7721.25,7721.25,104
2026-08-28 16:42:00-04:00,7721.25,7723.0,7721.25,7722.75,498
2026-08-28 16:43:00-04:00,7722.5,7723.5,7722.5,7723.5,244
2026-08-28 16:44:00-04:00,7723.75,7724.0,7723.5,7723.75,326
2026-08-28 16:45:00-04:00,7723.75,7725.0,7723.5,7725.0,259
2026-08-28 16:46:00-04:00,7725.0,7725.5,7724.75,7725.0,340
2026-08-28 16:47:00-04:00,7725.25,7725.5,7724.75,7725.0,348
2026-08-28 16:48:00-04:00,7724.75,7725.0,7724.75,7725.0,101
2026-08-28 16:49:00-04:00,7724.75,7725.0,7724.25,7724.75,183
2026-08-28 16:50:00-04:00,7724.75,7725.0,7723.5,7723.5,306
2026-08-28 16:51:00-04:00,7723.75,7724.0,7723.25,7723.5,238
2026-08-28 16:52:00-04:00,7723.5,7723.75,7723.25,7723.25,229
2026-08-28 16:53:00-04:00,7723.25,7724.0,7723.0,7723.75,659
2026-08-28 16:54:00-04:00,7724.0,7724.75,7723.75,7724.75,261
2026-08-28 16:55:00-04:00,7724.75,7724.75,7724.25,7724.5,237
2026-08-28 16:56:00-04:00,7724.25,7725.25,7724.25,7724.5,397
2026-08-28 16:57:00-04:00,7724.25,7724.5,7724.25,7724.25,548
2026-08-28 16:58:00-04:00,7724.25,7724.5,7723.5,7724.25,600
2026-08-28 16:59:00-04:00,7722.0,7725.0,7722.0,7724.75,1456221
