time,open,high,low,close,volume
2026-07-07 00:00:00-04:00,4142.39990234375,4142.39990234375,4141.7001953125,4142.39990234375,0
2026-07-07 00:01:00-04:00,4141.7001953125,4142.7998046875,4141.7001953125,4142.7998046875,27
2026-07-07 00:02:00-04:00,4142.89990234375,4143.7001953125,4142.7998046875,4143.60009765625,31
2026-07-07 00:03:00-04:00,4143.5,4144.7001953125,4143.5,4144.7001953125,16
2026-07-07 00:04:00-04:00,4144.7001953125,4145.2001953125,4143.0,4144.2001953125,41
2026-07-07 00:05:00-04:00,4144.2001953125,4145.10009765625,4144.0,4145.10009765625,12
2026-07-07 00:06:00-04:00,4145.2998046875,4146.0,4144.7998046875,4144.7998046875,25
2026-07-07 00:07:00-04:00,4145.2998046875,4146.0,4145.2998046875,4146.0,9
2026-07-07 00:08:00-04:00,4146.0,4148.7001953125,4146.0,4148.60009765625,79
2026-07-07 00:09:00-04:00,4148.5,4151.2998046875,4148.5,4150.89990234375,172
2026-07-07 00:10:00-04:00,4150.60009765625,4150.60009765625,4149.5,4149.5,29
2026-07-07 00:11:00-04:00,4149.60009765625,4151.5,4149.2998046875,4151.39990234375,60
2026-07-07 00:12:00-04:00,4151.2001953125,4151.5,4149.89990234375,4151.5,44
2026-07-07 00:13:00-04:00,4151.89990234375,4152.39990234375,4149.5,4149.60009765625,80
2026-07-07 00:14:00-04:00,4149.10009765625,4150.0,4147.5,4147.60009765625,112
2026-07-07 00:15:00-04:00,4147.7001953125,4148.89990234375,4147.0,4147.89990234375,42
2026-07-07 00:16:00-04:00,4147.89990234375,4148.0,4144.5,4144.5,64
2026-07-07 00:17:00-04:00,4144.60009765625,4144.60009765625,4142.2998046875,4143.39990234375,80
2026-07-07 00:18:00-04:00,4143.0,4143.7001953125,4142.89990234375,4143.2998046875,11
2026-07-07 00:19:00-04:00,4143.2001953125,4143.5,4143.0,4143.5,11
2026-07-07 00:20:00-04:00,4143.5,4143.7001953125,4142.7001953125,4142.7998046875,26
2026-07-07 00:21:00-04:00,4142.89990234375,4143.39990234375,4142.5,4142.60009765625,17
2026-07-07 00:22:00-04:00,4142.7001953125,4142.7001953125,4142.0,4142.5,11
2026-07-07 00:23:00-04:00,4142.39990234375,4145.7001953125,4142.39990234375,4143.5,83
2026-07-07 00:24:00-04:00,4143.60009765625,4144.0,4143.10009765625,4144.0,7
2026-07-07 00:25:00-04:00,4144.39990234375,4145.5,4144.2998046875,4144.7998046875,27
2026-07-07 00:26:00-04:00,4145.10009765625,4145.5,4144.89990234375,4145.10009765625,9
2026-07-07 00:27:00-04:00,4145.10009765625,4145.10009765625,4144.60009765625,4144.89990234375,5
2026-07-07 00:28:00-04:00,4144.89990234375,4145.0,4143.7998046875,4143.7998046875,13
2026-07-07 00:29:00-04:00,4144.0,4144.0,4142.2998046875,4143.2001953125,18
2026-07-07 00:30:00-04:00,4143.2998046875,4143.2998046875,4140.2998046875,4141.7998046875,100
2026-07-07 00:31:00-04:00,4142.0,4142.7998046875,4142.0,4142.7998046875,21
2026-07-07 00:32:00-04:00,4141.60009765625,4142.7001953125,4141.60009765625,4141.7998046875,38
2026-07-07 00:33:00-04:00,4142.2001953125,4142.2001953125,4141.60009765625,4141.7001953125,37
2026-07-07 00:34:00-04:00,4141.7998046875,4141.89990234375,4140.89990234375,4141.60009765625,22
2026-07-07 00:35:00-04:00,4141.60009765625,4141.60009765625,4141.0,4141.5,11
2026-07-07 00:36:00-04:00,4141.5,4141.5,4140.5,4140.5,15
2026-07-07 00:37:00-04:00,4140.39990234375,4141.60009765625,4140.2998046875,4141.60009765625,14
2026-07-07 00:38:00-04:00,4141.2001953125,4142.0,4141.2001953125,4141.7001953125,21
2026-07-07 00:39:00-04:00,4142.0,4142.0,4141.2001953125,4141.7998046875,31
2026-07-07 00:40:00-04:00,4141.5,4142.10009765625,4140.89990234375,4141.7001953125,12
2026-07-07 00:41:00-04:00,4142.2001953125,4142.60009765625,4142.0,4142.0,14
2026-07-07 00:42:00-04:00,4141.60009765625,4142.7998046875,4141.2001953125,4141.89990234375,43
2026-07-07 00:43:00-04:00,4141.10009765625,4141.10009765625,4140.5,4140.89990234375,52
2026-07-07 00:44:00-04:00,4140.7998046875,4140.7998046875,4139.60009765625,4139.60009765625,11
2026-07-07 00:45:00-04:00,4139.89990234375,4142.10009765625,4139.89990234375,4142.0,26
2026-07-07 00:46:00-04:00,4141.89990234375,4142.0,4141.5,4142.0,7
2026-07-07 00:47:00-04:00,4141.89990234375,4141.89990234375,4141.10009765625,4141.10009765625,4
2026-07-07 00:48:00-04:00,4141.5,4142.10009765625,4141.39990234375,4142.10009765625,5
2026-07-07 00:49:00-04:00,4141.7001953125,4141.7001953125,4140.39990234375,4140.39990234375,7
2026-07-07 00:50:00-04:00,4139.89990234375,4140.0,4139.2001953125,4139.60009765625,24
2026-07-07 00:51:00-04:00,4140.10009765625,4140.89990234375,4139.89990234375,4140.89990234375,12
2026-07-07 00:52:00-04:00,4141.10009765625,4141.10009765625,4139.60009765625,4139.7998046875,16
2026-07-07 00:53:00-04:00,4139.2001953125,4139.7001953125,4138.5,4139.7001953125,14
2026-07-07 00:54:00-04:00,4139.7998046875,4139.7998046875,4138.7001953125,4138.89990234375,24
2026-07-07 00:55:00-04:00,4138.7001953125,4138.7001953125,4137.89990234375,4138.39990234375,42
2026-07-07 00:56:00-04:00,4138.60009765625,4138.7998046875,4138.5,4138.5,6
2026-07-07 00:57:00-04:00,4138.5,4138.5,4137.5,4137.89990234375,39
2026-07-07 00:58:00-04:00,4137.5,4137.5,4136.7998046875,4137.2998046875,34
2026-07-07 00:59:00-04:00,4137.0,4138.0,4136.89990234375,4137.60009765625,24
2026-07-07 01:00:00-04:00,4137.60009765625,4138.39990234375,4136.60009765625,4137.2001953125,57
2026-07-07 01:01:00-04:00,4136.89990234375,4137.2998046875,4133.89990234375,4133.89990234375,147
2026-07-07 01:02:00-04:00,4134.0,4135.89990234375,4133.39990234375,4135.89990234375,83
2026-07-07 01:03:00-04:00,4136.0,4138.7001953125,4136.0,4138.5,50
2026-07-07 01:04:00-04:00,4138.5,4139.2001953125,4138.10009765625,4139.2001953125,32
2026-07-07 01:05:00-04:00,4139.60009765625,4142.2001953125,4139.60009765625,4141.10009765625,148
2026-07-07 01:06:00-04:00,4141.2001953125,4141.7998046875,4140.7001953125,4140.7001953125,18
2026-07-07 01:07:00-04:00,4140.5,4140.7001953125,4137.7001953125,4138.10009765625,107
2026-07-07 01:08:00-04:00,4137.89990234375,4138.7998046875,4137.89990234375,4138.0,9
2026-07-07 01:09:00-04:00,4137.60009765625,4137.60009765625,4135.7998046875,4137.0,42
2026-07-07 01:10:00-04:00,4136.89990234375,4137.7001953125,4136.60009765625,4137.7001953125,38
2026-07-07 01:11:00-04:00,4137.7998046875,4138.2001953125,4137.5,4137.5,12
2026-07-07 01:12:00-04:00,4137.2998046875,4137.89990234375,4136.60009765625,4137.2998046875,9
2026-07-07 01:13:00-04:00,4137.60009765625,4137.60009765625,4134.7998046875,4135.2998046875,28
2026-07-07 01:14:00-04:00,4135.10009765625,4135.7998046875,4133.0,4133.10009765625,111
2026-07-07 01:15:00-04:00,4133.10009765625,4133.89990234375,4132.10009765625,4132.89990234375,79
2026-07-07 01:16:00-04:00,4132.7001953125,4134.7001953125,4132.7001953125,4134.2998046875,61
2026-07-07 01:17:00-04:00,4134.5,4136.2001953125,4134.5,4136.2001953125,51
2026-07-07 01:18:00-04:00,4136.2998046875,4137.0,4134.7001953125,4135.2001953125,45
2026-07-07 01:19:00-04:00,4134.89990234375,4135.5,4133.10009765625,4133.39990234375,47
2026-07-07 01:20:00-04:00,4133.7001953125,4133.89990234375,4131.89990234375,4132.2001953125,49
2026-07-07 01:21:00-04:00,4132.60009765625,4134.7001953125,4132.39990234375,4134.5,58
2026-07-07 01:22:00-04:00,4134.60009765625,4137.5,4134.60009765625,4135.60009765625,123
2026-07-07 01:23:00-04:00,4135.5,4136.7001953125,4134.39990234375,4136.0,99
2026-07-07 01:24:00-04:00,4136.39990234375,4137.89990234375,4136.2998046875,4137.2001953125,40
2026-07-07 01:25:00-04:00,4137.7998046875,4139.2998046875,4136.39990234375,4139.2998046875,48
2026-07-07 01:26:00-04:00,4139.2998046875,4139.7001953125,4138.5,4139.39990234375,47
2026-07-07 01:27:00-04:00,4138.5,4139.0,4138.0,4138.0,6
2026-07-07 01:28:00-04:00,4138.5,4138.7998046875,4137.7998046875,4138.7998046875,20
2026-07-07 01:29:00-04:00,4138.7998046875,4140.0,4138.7998046875,4139.5,16
2026-07-07 01:30:00-04:00,4139.7001953125,4140.0,4133.7998046875,4135.89990234375,177
2026-07-07 01:31:00-04:00,4136.2001953125,4138.0,4135.0,4135.60009765625,82
2026-07-07 01:32:00-04:00,4135.7998046875,4136.2001953125,4134.10009765625,4136.2001953125,45
2026-07-07 01:33:00-04:00,4135.0,4135.5,4131.2998046875,4132.5,129
2026-07-07 01:34:00-04:00,4132.2998046875,4134.2001953125,4132.0,4133.7998046875,50
2026-07-07 01:35:00-04:00,4133.7998046875,4135.2001953125,4133.2998046875,4135.2001953125,16
2026-07-07 01:36:00-04:00,4134.7998046875,4136.5,4133.7998046875,4136.5,31
2026-07-07 01:37:00-04:00,4136.5,4137.7998046875,4136.10009765625,4136.10009765625,26
2026-07-07 01:38:00-04:00,4135.39990234375,4135.7001953125,4132.0,4133.2001953125,76
2026-07-07 01:39:00-04:00,4132.89990234375,4132.89990234375,4130.39990234375,4131.2998046875,108
2026-07-07 01:40:00-04:00,4131.10009765625,4131.10009765625,4127.7001953125,4129.7998046875,253
2026-07-07 01:41:00-04:00,4130.2001953125,4130.2998046875,4128.60009765625,4129.89990234375,130
2026-07-07 01:42:00-04:00,4129.89990234375,4130.7001953125,4128.5,4128.7001953125,74
2026-07-07 01:43:00-04:00,4128.89990234375,4132.89990234375,4128.39990234375,4131.7998046875,153
2026-07-07 01:44:00-04:00,4131.89990234375,4133.5,4130.39990234375,4133.5,92
2026-07-07 01:45:00-04:00,4133.7001953125,4135.2001953125,4133.60009765625,4133.89990234375,62
2026-07-07 01:46:00-04:00,4134.2001953125,4134.39990234375,4132.89990234375,4133.60009765625,25
2026-07-07 01:47:00-04:00,4134.0,4134.0,4132.60009765625,4133.0,10
2026-07-07 01:48:00-04:00,4133.0,4133.0,4132.7998046875,4132.7998046875,2
2026-07-07 01:49:00-04:00,4132.2001953125,4133.10009765625,4131.60009765625,4133.0,76
2026-07-07 01:50:00-04:00,4133.2001953125,4136.0,4132.5,4136.0,33
2026-07-07 01:51:00-04:00,4136.10009765625,4136.10009765625,4135.0,4135.0,23
2026-07-07 01:52:00-04:00,4135.10009765625,4135.5,4133.7001953125,4133.7001953125,10
2026-07-07 01:53:00-04:00,4134.2001953125,4134.89990234375,4133.89990234375,4134.39990234375,21
2026-07-07 01:54:00-04:00,4135.10009765625,4137.10009765625,4135.10009765625,4136.2001953125,37
2026-07-07 01:55:00-04:00,4136.60009765625,4138.2001953125,4136.0,4138.10009765625,69
2026-07-07 01:56:00-04:00,4138.2001953125,4138.2001953125,4136.2001953125,4136.2001953125,82
2026-07-07 01:57:00-04:00,4136.0,4137.60009765625,4135.89990234375,4137.10009765625,36
2026-07-07 01:58:00-04:00,4136.0,4136.0,4134.7998046875,4135.5,45
2026-07-07 01:59:00-04:00,4135.89990234375,4136.7001953125,4134.60009765625,4135.2001953125,52
2026-07-07 02:00:00-04:00,4135.0,4138.0,4134.2998046875,4135.7998046875,101
2026-07-07 02:01:00-04:00,4135.60009765625,4137.0,4135.2001953125,4136.89990234375,52
2026-07-07 02:02:00-04:00,4137.0,4140.7998046875,4136.7001953125,4139.5,131
2026-07-07 02:03:00-04:00,4139.39990234375,4140.39990234375,4138.10009765625,4138.2998046875,96
2026-07-07 02:04:00-04:00,4137.89990234375,4139.0,4136.7998046875,4138.10009765625,15
2026-07-07 02:05:00-04:00,4137.2998046875,4137.60009765625,4136.2001953125,4136.7998046875,31
2026-07-07 02:06:00-04:00,4136.89990234375,4138.7998046875,4136.7998046875,4138.7998046875,31
2026-07-07 02:07:00-04:00,4138.39990234375,4139.7001953125,4137.5,4138.7998046875,38
2026-07-07 02:08:00-04:00,4138.0,4138.0,4136.39990234375,4137.39990234375,27
2026-07-07 02:09:00-04:00,4136.5,4136.5,4134.0,4134.7001953125,66
2026-07-07 02:10:00-04:00,4134.60009765625,4135.2001953125,4133.10009765625,4133.7001953125,50
2026-07-07 02:11:00-04:00,4133.60009765625,4133.60009765625,4132.7998046875,4133.2998046875,19
2026-07-07 02:12:00-04:00,4133.39990234375,4134.5,4132.5,4134.5,48
2026-07-07 02:13:00-04:00,4133.89990234375,4134.39990234375,4133.39990234375,4134.0,79
2026-07-07 02:14:00-04:00,4133.89990234375,4135.2998046875,4133.89990234375,4135.10009765625,32
2026-07-07 02:15:00-04:00,4135.0,4136.7998046875,4135.0,4136.2001953125,59
2026-07-07 02:16:00-04:00,4135.7998046875,4136.10009765625,4135.2998046875,4135.89990234375,20
2026-07-07 02:17:00-04:00,4135.7998046875,4136.7998046875,4135.7998046875,4136.7998046875,29
2026-07-07 02:18:00-04:00,4137.0,4137.0,4135.10009765625,4135.10009765625,7
2026-07-07 02:19:00-04:00,4134.7998046875,4135.5,4134.5,4134.60009765625,45
2026-07-07 02:20:00-04:00,4135.2998046875,4137.60009765625,4135.2998046875,4137.0,41
2026-07-07 02:21:00-04:00,4136.89990234375,4138.2998046875,4136.7998046875,4138.2998046875,41
2026-07-07 02:22:00-04:00,4138.0,4138.39990234375,4137.0,4137.0,26
2026-07-07 02:23:00-04:00,4137.2001953125,4138.2998046875,4137.0,4137.7998046875,20
2026-07-07 02:24:00-04:00,4137.89990234375,4139.5,4137.89990234375,4139.5,26
2026-07-07 02:25:00-04:00,4139.60009765625,4140.89990234375,4139.39990234375,4140.0,111
2026-07-07 02:26:00-04:00,4139.89990234375,4140.7001953125,4139.89990234375,4140.5,59
2026-07-07 02:27:00-04:00,4140.5,4140.5,4138.5,4138.7001953125,47
2026-07-07 02:28:00-04:00,4138.60009765625,4138.7998046875,4137.89990234375,4138.7998046875,43
2026-07-07 02:29:00-04:00,4138.60009765625,4139.89990234375,4137.89990234375,4138.10009765625,34
2026-07-07 02:30:00-04:00,4138.0,4138.2998046875,4136.2001953125,4137.7998046875,68
2026-07-07 02:31:00-04:00,4138.0,4139.5,4138.0,4138.89990234375,41
2026-07-07 02:32:00-04:00,4138.39990234375,4139.7998046875,4138.2998046875,4139.0,24
2026-07-07 02:33:00-04:00,4139.2998046875,4140.60009765625,4139.2998046875,4140.60009765625,26
2026-07-07 02:34:00-04:00,4140.5,4141.0,4139.7001953125,4139.7001953125,23
2026-07-07 02:35:00-04:00,4139.7998046875,4139.7998046875,4138.60009765625,4139.7001953125,22
2026-07-07 02:36:00-04:00,4140.10009765625,4140.10009765625,4139.2001953125,4139.5,11
2026-07-07 02:37:00-04:00,4139.7001953125,4140.5,4139.7001953125,4140.10009765625,10
2026-07-07 02:38:00-04:00,4140.2998046875,4140.2998046875,4139.2001953125,4139.39990234375,21
2026-07-07 02:39:00-04:00,4139.2001953125,4139.7998046875,4139.0,4139.7998046875,30
2026-07-07 02:40:00-04:00,4139.5,4143.89990234375,4139.5,4143.0,106
2026-07-07 02:41:00-04:00,4143.2001953125,4143.2001953125,4141.7998046875,4141.7998046875,6
2026-07-07 02:42:00-04:00,4142.10009765625,4142.60009765625,4141.5,4142.60009765625,13
2026-07-07 02:43:00-04:00,4142.89990234375,4143.39990234375,4142.5,4143.0,28
2026-07-07 02:44:00-04:00,4142.7998046875,4143.7998046875,4142.5,4143.7998046875,33
2026-07-07 02:45:00-04:00,4143.7998046875,4144.39990234375,4142.7998046875,4143.2998046875,87
2026-07-07 02:46:00-04:00,4143.10009765625,4143.10009765625,4140.39990234375,4141.0,31
2026-07-07 02:47:00-04:00,4140.7998046875,4141.2001953125,4139.7001953125,4140.7998046875,56
2026-07-07 02:48:00-04:00,4140.7998046875,4141.89990234375,4140.60009765625,4140.7998046875,21
2026-07-07 02:49:00-04:00,4141.2001953125,4141.89990234375,4141.10009765625,4141.10009765625,21
2026-07-07 02:50:00-04:00,4141.2001953125,4142.10009765625,4141.2001953125,4142.0,25
2026-07-07 02:51:00-04:00,4141.7998046875,4142.5,4141.7998046875,4142.10009765625,20
2026-07-07 02:52:00-04:00,4142.2001953125,4142.2001953125,4141.0,4141.0,23
2026-07-07 02:53:00-04:00,4140.5,4141.0,4140.5,4140.7998046875,15
2026-07-07 02:54:00-04:00,4141.0,4141.10009765625,4140.5,4140.5,14
2026-07-07 02:55:00-04:00,4140.2998046875,4141.5,4140.2001953125,4141.5,19
2026-07-07 02:56:00-04:00,4141.0,4142.2001953125,4141.0,4142.2001953125,28
2026-07-07 02:57:00-04:00,4141.7001953125,4142.5,4141.5,4142.2998046875,22
2026-07-07 02:58:00-04:00,4141.89990234375,4142.2998046875,4141.7998046875,4142.0,16
2026-07-07 02:59:00-04:00,4141.7998046875,4141.89990234375,4140.7998046875,4141.7001953125,60
2026-07-07 03:00:00-04:00,4141.89990234375,4142.60009765625,4139.2001953125,4139.2998046875,53
2026-07-07 03:01:00-04:00,4139.2001953125,4139.2001953125,4137.89990234375,4138.5,20
2026-07-07 03:02:00-04:00,4138.5,4138.5,4137.60009765625,4138.0,32
2026-07-07 03:03:00-04:00,4137.7001953125,4137.7001953125,4136.0,4136.39990234375,90
2026-07-07 03:04:00-04:00,4136.5,4138.7998046875,4135.89990234375,4138.39990234375,113
2026-07-07 03:05:00-04:00,4138.2001953125,4138.2001953125,4136.7001953125,4136.7001953125,28
2026-07-07 03:06:00-04:00,4136.60009765625,4137.5,4136.0,4136.60009765625,75
2026-07-07 03:07:00-04:00,4136.2998046875,4138.39990234375,4135.7998046875,4138.2001953125,75
2026-07-07 03:08:00-04:00,4138.2001953125,4138.60009765625,4137.39990234375,4137.39990234375,64
2026-07-07 03:09:00-04:00,4137.7001953125,4139.0,4137.5,4137.89990234375,48
2026-07-07 03:10:00-04:00,4137.60009765625,4138.39990234375,4137.5,4138.2001953125,27
2026-07-07 03:11:00-04:00,4137.89990234375,4137.89990234375,4136.5,4137.89990234375,81
2026-07-07 03:12:00-04:00,4137.7998046875,4140.2998046875,4137.7998046875,4140.2998046875,89
2026-07-07 03:13:00-04:00,4140.0,4141.2998046875,4140.0,4141.0,25
2026-07-07 03:14:00-04:00,4141.2998046875,4141.5,4140.60009765625,4140.7001953125,25
2026-07-07 03:15:00-04:00,4140.7001953125,4140.7998046875,4139.7998046875,4140.5,21
2026-07-07 03:16:00-04:00,4140.60009765625,4143.0,4140.60009765625,4142.5,80
2026-07-07 03:17:00-04:00,4142.39990234375,4142.89990234375,4142.0,4142.10009765625,26
2026-07-07 03:18:00-04:00,4142.0,4142.10009765625,4140.2998046875,4140.2998046875,23
2026-07-07 03:19:00-04:00,4140.5,4141.2001953125,4140.10009765625,4141.2001953125,18
2026-07-07 03:20:00-04:00,4142.2001953125,4143.39990234375,4142.2001953125,4142.60009765625,37
2026-07-07 03:21:00-04:00,4142.60009765625,4142.60009765625,4142.5,4142.5,2
2026-07-07 03:22:00-04:00,4142.7998046875,4142.7998046875,4140.89990234375,4141.2001953125,21
2026-07-07 03:23:00-04:00,4140.60009765625,4140.7001953125,4138.7001953125,4139.10009765625,23
2026-07-07 03:24:00-04:00,4138.7001953125,4139.2001953125,4137.2001953125,4138.0,34
2026-07-07 03:25:00-04:00,4138.5,4139.2998046875,4138.5,4138.60009765625,17
2026-07-07 03:26:00-04:00,4138.5,4139.10009765625,4138.2001953125,4138.7998046875,18
2026-07-07 03:27:00-04:00,4138.7998046875,4141.0,4138.7998046875,4141.0,35
2026-07-07 03:28:00-04:00,4140.39990234375,4140.39990234375,4139.39990234375,4139.39990234375,19
2026-07-07 03:29:00-04:00,4139.5,4139.5,4138.2998046875,4138.2998046875,12
2026-07-07 03:30:00-04:00,4138.2998046875,4139.7001953125,4138.2001953125,4139.2001953125,15
2026-07-07 03:31:00-04:00,4139.2001953125,4139.2001953125,4137.0,4137.39990234375,36
2026-07-07 03:32:00-04:00,4137.5,4138.0,4137.0,4137.7001953125,18
2026-07-07 03:33:00-04:00,4138.2998046875,4138.2998046875,4137.39990234375,4138.10009765625,26
2026-07-07 03:34:00-04:00,4137.7998046875,4139.0,4137.7001953125,4139.0,17
2026-07-07 03:35:00-04:00,4139.10009765625,4140.5,4138.39990234375,4140.5,20
2026-07-07 03:36:00-04:00,4140.89990234375,4141.0,4139.7001953125,4140.7001953125,18
2026-07-07 03:37:00-04:00,4140.89990234375,4141.10009765625,4140.2001953125,4140.39990234375,22
2026-07-07 03:38:00-04:00,4140.5,4141.2001953125,4140.5,4141.2001953125,30
2026-07-07 03:39:00-04:00,4140.89990234375,4140.89990234375,4139.2998046875,4140.10009765625,35
2026-07-07 03:40:00-04:00,4140.2001953125,4140.2001953125,4139.39990234375,4140.0,11
2026-07-07 03:41:00-04:00,4139.89990234375,4139.89990234375,4138.60009765625,4138.60009765625,8
2026-07-07 03:42:00-04:00,4138.5,4139.5,4138.5,4139.5,18
2026-07-07 03:43:00-04:00,4139.39990234375,4142.39990234375,4139.10009765625,4142.2001953125,79
2026-07-07 03:44:00-04:00,4142.0,4142.2998046875,4140.7998046875,4141.39990234375,35
2026-07-07 03:45:00-04:00,4141.10009765625,4142.0,4140.60009765625,4142.0,46
2026-07-07 03:46:00-04:00,4142.10009765625,4144.60009765625,4142.10009765625,4144.5,123
2026-07-07 03:47:00-04:00,4144.10009765625,4144.39990234375,4143.0,4143.2998046875,81
2026-07-07 03:48:00-04:00,4143.2998046875,4143.60009765625,4139.60009765625,4139.89990234375,169
2026-07-07 03:49:00-04:00,4140.10009765625,4140.10009765625,4137.89990234375,4139.0,45
2026-07-07 03:50:00-04:00,4138.2001953125,4138.7001953125,4137.2998046875,4138.10009765625,34
2026-07-07 03:51:00-04:00,4138.10009765625,4139.10009765625,4138.0,4139.10009765625,45
2026-07-07 03:52:00-04:00,4139.0,4139.39990234375,4137.39990234375,4137.7001953125,37
2026-07-07 03:53:00-04:00,4137.7001953125,4139.39990234375,4137.7001953125,4138.5,26
2026-07-07 03:54:00-04:00,4138.5,4139.2001953125,4137.60009765625,4138.10009765625,22
2026-07-07 03:55:00-04:00,4137.7001953125,4137.89990234375,4136.0,4136.0,82
2026-07-07 03:56:00-04:00,4135.7001953125,4136.7001953125,4135.60009765625,4136.10009765625,97
2026-07-07 03:57:00-04:00,4136.2001953125,4137.39990234375,4135.39990234375,4136.39990234375,65
2026-07-07 03:58:00-04:00,4136.2001953125,4137.5,4135.89990234375,4137.5,16
2026-07-07 03:59:00-04:00,4137.2998046875,4137.5,4135.7998046875,4135.7998046875,13
2026-07-07 04:00:00-04:00,4135.39990234375,4138.0,4135.39990234375,4138.0,59
2026-07-07 04:01:00-04:00,4137.7001953125,4138.5,4137.60009765625,4138.39990234375,47
2026-07-07 04:02:00-04:00,4138.39990234375,4139.7998046875,4138.0,4139.7998046875,43
2026-07-07 04:03:00-04:00,4139.7998046875,4141.60009765625,4139.7001953125,4140.2998046875,82
2026-07-07 04:04:00-04:00,4140.39990234375,4140.39990234375,4138.7001953125,4139.5,63
2026-07-07 04:05:00-04:00,4139.2001953125,4141.2001953125,4138.7001953125,4140.7001953125,47
2026-07-07 04:06:00-04:00,4140.60009765625,4142.0,4140.5,4140.7001953125,39
2026-07-07 04:07:00-04:00,4140.7001953125,4140.7001953125,4140.0,4140.5,16
2026-07-07 04:08:00-04:00,4140.5,4140.7998046875,4139.7998046875,4140.10009765625,25
2026-07-07 04:09:00-04:00,4140.7998046875,4141.7001953125,4140.7998046875,4141.2998046875,59
2026-07-07 04:10:00-04:00,4142.0,4143.2998046875,4141.39990234375,4143.10009765625,91
2026-07-07 04:11:00-04:00,4143.2001953125,4147.39990234375,4143.10009765625,4147.10009765625,177
2026-07-07 04:12:00-04:00,4147.5,4149.0,4146.39990234375,4148.5,103
2026-07-07 04:13:00-04:00,4148.5,4150.2001953125,4147.7998046875,4149.5,210
2026-07-07 04:14:00-04:00,4149.7001953125,4150.89990234375,4148.10009765625,4148.5,205
2026-07-07 04:15:00-04:00,4148.60009765625,4149.39990234375,4147.7001953125,4148.7001953125,99
2026-07-07 04:16:00-04:00,4147.89990234375,4149.2001953125,4147.2001953125,4148.7001953125,29
2026-07-07 04:17:00-04:00,4148.7001953125,4149.0,4147.7001953125,4147.7001953125,92
2026-07-07 04:18:00-04:00,4148.2001953125,4148.60009765625,4146.89990234375,4147.5,64
2026-07-07 04:19:00-04:00,4147.10009765625,4147.10009765625,4145.7998046875,4146.89990234375,54
2026-07-07 04:20:00-04:00,4147.10009765625,4147.7998046875,4146.2998046875,4147.7998046875,25
2026-07-07 04:21:00-04:00,4146.89990234375,4146.89990234375,4145.5,4146.39990234375,21
2026-07-07 04:22:00-04:00,4146.2998046875,4147.0,4145.60009765625,4146.7998046875,32
2026-07-07 04:23:00-04:00,4146.7998046875,4146.89990234375,4145.7001953125,4146.5,100
2026-07-07 04:24:00-04:00,4146.7001953125,4149.0,4146.7001953125,4147.7001953125,32
2026-07-07 04:25:00-04:00,4147.60009765625,4149.2998046875,4147.60009765625,4149.0,53
2026-07-07 04:26:00-04:00,4149.5,4149.5,4148.5,4148.60009765625,18
2026-07-07 04:27:00-04:00,4148.60009765625,4150.10009765625,4148.60009765625,4149.89990234375,54
2026-07-07 04:28:00-04:00,4150.10009765625,4150.2998046875,4149.10009765625,4149.39990234375,39
2026-07-07 04:29:00-04:00,4149.0,4150.0,4148.89990234375,4150.0,17
2026-07-07 04:30:00-04:00,4150.10009765625,4150.7001953125,4145.60009765625,4145.89990234375,168
2026-07-07 04:31:00-04:00,4145.60009765625,4146.2001953125,4144.7998046875,4145.7001953125,84
2026-07-07 04:32:00-04:00,4145.7001953125,4146.10009765625,4144.60009765625,4144.7998046875,60
2026-07-07 04:33:00-04:00,4144.5,4146.60009765625,4144.5,4146.0,45
2026-07-07 04:34:00-04:00,4145.89990234375,4146.10009765625,4145.5,4145.7998046875,16
2026-07-07 04:35:00-04:00,4145.89990234375,4146.39990234375,4144.7001953125,4144.7001953125,20
2026-07-07 04:36:00-04:00,4144.7001953125,4144.7001953125,4139.2001953125,4142.7998046875,340
2026-07-07 04:37:00-04:00,4142.7001953125,4143.10009765625,4142.5,4143.10009765625,21
2026-07-07 04:38:00-04:00,4143.0,4143.7998046875,4141.7001953125,4143.0,58
2026-07-07 04:39:00-04:00,4142.5,4143.39990234375,4142.5,4143.0,19
2026-07-07 04:40:00-04:00,4143.39990234375,4144.10009765625,4143.0,4143.5,41
2026-07-07 04:41:00-04:00,4143.5,4144.5,4143.39990234375,4144.0,17
2026-07-07 04:42:00-04:00,4144.39990234375,4144.39990234375,4142.7998046875,4143.10009765625,15
2026-07-07 04:43:00-04:00,4143.5,4144.5,4140.2001953125,4141.2001953125,295
2026-07-07 04:44:00-04:00,4140.89990234375,4142.5,4140.89990234375,4142.10009765625,93
2026-07-07 04:45:00-04:00,4142.10009765625,4142.2001953125,4140.7001953125,4140.7001953125,22
2026-07-07 04:46:00-04:00,4140.5,4141.7001953125,4139.7001953125,4140.7001953125,70
2026-07-07 04:47:00-04:00,4140.5,4140.5,4139.39990234375,4140.10009765625,39
2026-07-07 04:48:00-04:00,4140.39990234375,4140.7998046875,4139.39990234375,4139.60009765625,25
2026-07-07 04:49:00-04:00,4139.5,4139.60009765625,4138.89990234375,4139.10009765625,17
2026-07-07 04:50:00-04:00,4139.5,4139.7998046875,4138.2998046875,4139.0,27
2026-07-07 04:51:00-04:00,4139.2001953125,4139.2001953125,4138.0,4138.2001953125,33
2026-07-07 04:52:00-04:00,4137.7001953125,4138.10009765625,4136.7998046875,4137.0,67
2026-07-07 04:53:00-04:00,4136.2998046875,4137.0,4132.7001953125,4133.2001953125,200
2026-07-07 04:54:00-04:00,4133.39990234375,4135.7001953125,4133.2998046875,4135.2998046875,124
2026-07-07 04:55:00-04:00,4134.7998046875,4134.89990234375,4133.60009765625,4133.89990234375,55
2026-07-07 04:56:00-04:00,4133.7001953125,4136.5,4133.7001953125,4136.39990234375,132
2026-07-07 04:57:00-04:00,4136.0,4137.7001953125,4136.0,4137.2001953125,62
2026-07-07 04:58:00-04:00,4136.89990234375,4138.10009765625,4136.89990234375,4137.7998046875,68
2026-07-07 04:59:00-04:00,4138.10009765625,4138.10009765625,4136.60009765625,4137.10009765625,33
2026-07-07 05:00:00-04:00,4136.89990234375,4137.5,4135.5,4136.5,57
2026-07-07 05:01:00-04:00,4136.7001953125,4138.10009765625,4136.39990234375,4137.5,36
2026-07-07 05:02:00-04:00,4138.0,4138.0,4136.0,4136.5,33
2026-07-07 05:03:00-04:00,4136.39990234375,4138.39990234375,4135.39990234375,4138.0,53
2026-07-07 05:04:00-04:00,4137.5,4138.89990234375,4137.2998046875,4138.89990234375,27
2026-07-07 05:05:00-04:00,4138.7998046875,4138.7998046875,4137.0,4137.2998046875,37
2026-07-07 05:06:00-04:00,4137.5,4138.2998046875,4137.5,4138.2001953125,35
2026-07-07 05:07:00-04:00,4137.7001953125,4137.7998046875,4137.2001953125,4137.2998046875,20
2026-07-07 05:08:00-04:00,4137.60009765625,4139.39990234375,4137.60009765625,4139.2998046875,41
2026-07-07 05:09:00-04:00,4139.0,4139.5,4137.7001953125,4137.7998046875,47
2026-07-07 05:10:00-04:00,4137.39990234375,4138.7998046875,4137.2998046875,4138.2001953125,28
2026-07-07 05:11:00-04:00,4138.7001953125,4139.5,4138.7001953125,4139.5,16
2026-07-07 05:12:00-04:00,4139.39990234375,4140.10009765625,4139.2001953125,4139.2998046875,47
2026-07-07 05:13:00-04:00,4139.10009765625,4139.10009765625,4137.7001953125,4138.2998046875,49
2026-07-07 05:14:00-04:00,4138.10009765625,4139.39990234375,4138.0,4138.7001953125,54
2026-07-07 05:15:00-04:00,4138.5,4139.39990234375,4138.5,4138.89990234375,58
2026-07-07 05:16:00-04:00,4139.10009765625,4140.7001953125,4139.10009765625,4139.5,39
2026-07-07 05:17:00-04:00,4139.7001953125,4140.7001953125,4139.60009765625,4139.7001953125,51
2026-07-07 05:18:00-04:00,4139.7001953125,4142.2001953125,4139.2001953125,4141.2001953125,115
2026-07-07 05:19:00-04:00,4140.89990234375,4141.0,4140.0,4140.60009765625,35
2026-07-07 05:20:00-04:00,4140.10009765625,4140.10009765625,4137.7998046875,4137.7998046875,46
2026-07-07 05:21:00-04:00,4137.60009765625,4137.7001953125,4136.7998046875,4137.39990234375,23
2026-07-07 05:22:00-04:00,4137.2998046875,4138.10009765625,4136.7998046875,4137.60009765625,30
2026-07-07 05:23:00-04:00,4138.10009765625,4138.2001953125,4137.60009765625,4137.60009765625,27
2026-07-07 05:24:00-04:00,4137.5,4138.2998046875,4137.5,4138.10009765625,20
2026-07-07 05:25:00-04:00,4138.2001953125,4139.2998046875,4137.89990234375,4139.2998046875,51
2026-07-07 05:26:00-04:00,4139.5,4139.60009765625,4138.2998046875,4138.7998046875,58
2026-07-07 05:27:00-04:00,4138.89990234375,4138.89990234375,4134.39990234375,4135.10009765625,179
2026-07-07 05:28:00-04:00,4135.0,4135.0,4132.7998046875,4132.7998046875,158
2026-07-07 05:29:00-04:00,4133.39990234375,4133.39990234375,4130.60009765625,4132.5,304
2026-07-07 05:30:00-04:00,4132.60009765625,4136.2001953125,4132.39990234375,4135.5,271
2026-07-07 05:31:00-04:00,4135.7001953125,4137.2001953125,4134.89990234375,4135.60009765625,169
2026-07-07 05:32:00-04:00,4135.7998046875,4136.7998046875,4134.0,4136.10009765625,179
2026-07-07 05:33:00-04:00,4136.2001953125,4136.60009765625,4135.0,4136.0,107
2026-07-07 05:34:00-04:00,4136.2001953125,4139.10009765625,4136.2001953125,4138.2998046875,86
2026-07-07 05:35:00-04:00,4138.5,4142.5,4137.39990234375,4142.2001953125,221
2026-07-07 05:36:00-04:00,4142.0,4142.2998046875,4141.2998046875,4141.5,59
2026-07-07 05:37:00-04:00,4141.60009765625,4141.60009765625,4141.2001953125,4141.39990234375,10
2026-07-07 05:38:00-04:00,4141.60009765625,4141.89990234375,4140.39990234375,4140.7001953125,29
2026-07-07 05:39:00-04:00,4140.60009765625,4140.7998046875,4139.89990234375,4140.2001953125,16
2026-07-07 05:40:00-04:00,4140.39990234375,4141.5,4140.2001953125,4141.2998046875,42
2026-07-07 05:41:00-04:00,4141.7001953125,4142.2998046875,4141.7001953125,4142.0,24
2026-07-07 05:42:00-04:00,4142.2998046875,4143.2001953125,4141.7001953125,4141.7001953125,61
2026-07-07 05:43:00-04:00,4141.7998046875,4142.7001953125,4141.7001953125,4142.7001953125,23
2026-07-07 05:44:00-04:00,4142.89990234375,4144.60009765625,4142.89990234375,4143.7001953125,64
2026-07-07 05:45:00-04:00,4143.7001953125,4144.10009765625,4143.10009765625,4143.10009765625,33
2026-07-07 05:46:00-04:00,4143.0,4143.10009765625,4141.39990234375,4141.60009765625,30
2026-07-07 05:47:00-04:00,4141.2001953125,4141.2001953125,4139.2998046875,4139.7001953125,45
2026-07-07 05:48:00-04:00,4139.39990234375,4139.5,4138.7001953125,4139.39990234375,33
2026-07-07 05:49:00-04:00,4140.0,4140.0,4138.5,4138.7001953125,23
2026-07-07 05:50:00-04:00,4138.2998046875,4139.0,4136.7001953125,4137.2001953125,64
2026-07-07 05:51:00-04:00,4136.89990234375,4139.2998046875,4136.2998046875,4139.2998046875,68
2026-07-07 05:52:00-04:00,4139.2998046875,4139.5,4138.2998046875,4139.5,32
2026-07-07 05:53:00-04:00,4139.0,4140.5,4139.0,4140.5,39
2026-07-07 05:54:00-04:00,4140.60009765625,4141.2001953125,4140.2998046875,4141.2001953125,21
2026-07-07 05:55:00-04:00,4140.7001953125,4141.2001953125,4140.60009765625,4141.10009765625,15
2026-07-07 05:56:00-04:00,4141.2001953125,4143.5,4141.0,4141.89990234375,54
2026-07-07 05:57:00-04:00,4142.0,4143.0,4141.5,4142.7998046875,23
2026-07-07 05:58:00-04:00,4142.7001953125,4143.10009765625,4142.2998046875,4143.10009765625,19
2026-07-07 05:59:00-04:00,4143.0,4143.60009765625,4142.39990234375,4142.39990234375,42
2026-07-07 06:00:00-04:00,4142.39990234375,4145.10009765625,4142.39990234375,4144.5,59
2026-07-07 06:01:00-04:00,4144.5,4144.5,4143.2998046875,4143.2998046875,41
2026-07-07 06:02:00-04:00,4143.10009765625,4143.39990234375,4142.39990234375,4143.39990234375,25
2026-07-07 06:03:00-04:00,4143.89990234375,4144.60009765625,4143.89990234375,4143.89990234375,36
2026-07-07 06:04:00-04:00,4143.89990234375,4144.10009765625,4143.39990234375,4143.39990234375,5
2026-07-07 06:05:00-04:00,4143.89990234375,4144.39990234375,4143.2001953125,4143.7001953125,34
2026-07-07 06:06:00-04:00,4143.60009765625,4144.60009765625,4143.60009765625,4143.7001953125,43
2026-07-07 06:07:00-04:00,4144.0,4145.60009765625,4143.7001953125,4144.89990234375,58
2026-07-07 06:08:00-04:00,4144.60009765625,4145.10009765625,4144.5,4144.60009765625,15
2026-07-07 06:09:00-04:00,4144.0,4144.60009765625,4143.89990234375,4144.39990234375,15
2026-07-07 06:10:00-04:00,4144.7001953125,4144.7001953125,4144.39990234375,4144.7001953125,14
2026-07-07 06:11:00-04:00,4144.0,4144.7998046875,4143.89990234375,4144.7001953125,13
2026-07-07 06:12:00-04:00,4144.2001953125,4144.89990234375,4143.60009765625,4144.2998046875,55
2026-07-07 06:13:00-04:00,4144.10009765625,4146.2001953125,4144.10009765625,4145.89990234375,37
2026-07-07 06:14:00-04:00,4146.2998046875,4146.39990234375,4143.39990234375,4143.60009765625,72
2026-07-07 06:15:00-04:00,4144.0,4144.60009765625,4143.2001953125,4144.60009765625,57
2026-07-07 06:16:00-04:00,4144.60009765625,4145.0,4144.2998046875,4144.7998046875,14
2026-07-07 06:17:00-04:00,4145.2001953125,4146.5,4145.0,4146.5,27
2026-07-07 06:18:00-04:00,4146.7998046875,4148.39990234375,4146.10009765625,4148.2001953125,80
2026-07-07 06:19:00-04:00,4148.10009765625,4148.10009765625,4147.2001953125,4147.89990234375,30
2026-07-07 06:20:00-04:00,4147.60009765625,4148.39990234375,4147.0,4147.89990234375,71
2026-07-07 06:21:00-04:00,4147.5,4148.0,4147.2001953125,4147.7001953125,18
2026-07-07 06:22:00-04:00,4147.5,4147.7998046875,4146.7001953125,4147.7998046875,24
2026-07-07 06:23:00-04:00,4147.7998046875,4147.7998046875,4146.10009765625,4146.60009765625,46
2026-07-07 06:24:00-04:00,4146.89990234375,4148.89990234375,4146.89990234375,4148.89990234375,47
2026-07-07 06:25:00-04:00,4148.60009765625,4148.60009765625,4147.39990234375,4147.39990234375,15
2026-07-07 06:26:00-04:00,4148.10009765625,4149.2998046875,4147.5,4148.89990234375,29
2026-07-07 06:27:00-04:00,4148.7001953125,4150.5,4148.7001953125,4148.7001953125,112
2026-07-07 06:28:00-04:00,4148.7001953125,4149.39990234375,4148.7001953125,4149.2001953125,44
2026-07-07 06:29:00-04:00,4148.89990234375,4149.0,4148.60009765625,4148.89990234375,11
2026-07-07 06:30:00-04:00,4149.10009765625,4149.10009765625,4146.0,4147.2001953125,94
2026-07-07 06:31:00-04:00,4146.89990234375,4147.7998046875,4146.60009765625,4147.7998046875,30
2026-07-07 06:32:00-04:00,4148.0,4148.2001953125,4147.10009765625,4148.0,35
2026-07-07 06:33:00-04:00,4148.10009765625,4149.10009765625,4148.10009765625,4148.7998046875,12
2026-07-07 06:34:00-04:00,4149.0,4149.0,4146.89990234375,4147.2998046875,20
2026-07-07 06:35:00-04:00,4147.10009765625,4147.2998046875,4147.10009765625,4147.2998046875,4
2026-07-07 06:36:00-04:00,4147.2998046875,4147.2998046875,4146.7001953125,4147.2998046875,10
2026-07-07 06:37:00-04:00,4147.5,4147.5,4146.89990234375,4147.39990234375,19
2026-07-07 06:38:00-04:00,4147.5,4147.89990234375,4147.39990234375,4147.39990234375,13
2026-07-07 06:39:00-04:00,4147.39990234375,4148.0,4147.2998046875,4148.0,8
2026-07-07 06:40:00-04:00,4148.2001953125,4148.89990234375,4147.89990234375,4148.60009765625,18
2026-07-07 06:41:00-04:00,4148.7001953125,4148.7001953125,4147.7998046875,4147.7998046875,21
2026-07-07 06:42:00-04:00,4148.2998046875,4148.5,4148.0,4148.2998046875,33
2026-07-07 06:43:00-04:00,4147.7001953125,4148.2998046875,4146.7998046875,4148.10009765625,77
2026-07-07 06:44:00-04:00,4147.89990234375,4148.0,4147.2001953125,4147.2001953125,23
2026-07-07 06:45:00-04:00,4147.2001953125,4147.2001953125,4146.0,4146.7001953125,28
2026-07-07 06:46:00-04:00,4147.10009765625,4147.60009765625,4146.60009765625,4147.2001953125,17
2026-07-07 06:47:00-04:00,4147.0,4147.60009765625,4146.7998046875,4147.39990234375,12
2026-07-07 06:48:00-04:00,4147.0,4147.10009765625,4146.2001953125,4146.2001953125,15
2026-07-07 06:49:00-04:00,4145.7998046875,4145.7998046875,4145.0,4145.10009765625,43
2026-07-07 06:50:00-04:00,4145.2001953125,4146.2998046875,4145.2001953125,4146.10009765625,32
2026-07-07 06:51:00-04:00,4145.7998046875,4146.5,4145.7001953125,4146.5,19
2026-07-07 06:52:00-04:00,4146.5,4146.5,4145.60009765625,4145.89990234375,22
2026-07-07 06:53:00-04:00,4145.89990234375,4146.2001953125,4145.5,4146.0,32
2026-07-07 06:54:00-04:00,4146.0,4147.10009765625,4145.2001953125,4147.10009765625,49
2026-07-07 06:55:00-04:00,4146.89990234375,4148.7998046875,4146.5,4147.7001953125,34
2026-07-07 06:56:00-04:00,4147.7001953125,4147.7998046875,4146.7001953125,4147.0,19
2026-07-07 06:57:00-04:00,4147.5,4147.7998046875,4146.89990234375,4147.10009765625,12
2026-07-07 06:58:00-04:00,4147.2001953125,4147.2001953125,4146.2998046875,4147.0,27
2026-07-07 06:59:00-04:00,4146.7998046875,4147.2001953125,4145.5,4147.10009765625,87
2026-07-07 07:00:00-04:00,4147.10009765625,4147.2998046875,4144.89990234375,4146.2001953125,37
2026-07-07 07:01:00-04:00,4146.5,4147.2998046875,4145.89990234375,4146.7001953125,39
2026-07-07 07:02:00-04:00,4146.2001953125,4147.0,4145.7001953125,4146.7998046875,29
2026-07-07 07:03:00-04:00,4146.89990234375,4147.39990234375,4145.39990234375,4145.39990234375,37
2026-07-07 07:04:00-04:00,4146.0,4146.2001953125,4145.39990234375,4145.39990234375,26
2026-07-07 07:05:00-04:00,4145.39990234375,4146.60009765625,4144.7998046875,4144.89990234375,37
2026-07-07 07:06:00-04:00,4144.39990234375,4144.5,4143.0,4143.5,65
2026-07-07 07:07:00-04:00,4143.5,4144.39990234375,4143.39990234375,4144.10009765625,47
2026-07-07 07:08:00-04:00,4144.10009765625,4144.7998046875,4144.10009765625,4144.5,10
2026-07-07 07:09:00-04:00,4144.5,4144.5,4143.2001953125,4143.5,16
2026-07-07 07:10:00-04:00,4143.39990234375,4144.60009765625,4143.39990234375,4144.60009765625,142
2026-07-07 07:11:00-04:00,4144.7998046875,4144.7998046875,4143.89990234375,4144.39990234375,16
2026-07-07 07:12:00-04:00,4144.60009765625,4144.7001953125,4143.10009765625,4144.5,32
2026-07-07 07:13:00-04:00,4144.7001953125,4145.2998046875,4144.5,4144.5,67
2026-07-07 07:14:00-04:00,4144.7001953125,4144.7001953125,4143.2001953125,4144.10009765625,55
2026-07-07 07:15:00-04:00,4144.2998046875,4145.89990234375,4144.2998046875,4145.89990234375,14
2026-07-07 07:16:00-04:00,4145.39990234375,4147.89990234375,4145.39990234375,4147.5,58
2026-07-07 07:17:00-04:00,4147.2998046875,4148.0,4146.7998046875,4148.0,35
2026-07-07 07:18:00-04:00,4148.39990234375,4153.60009765625,4148.39990234375,4153.2998046875,364
2026-07-07 07:19:00-04:00,4152.89990234375,4154.0,4151.7001953125,4152.10009765625,107
2026-07-07 07:20:00-04:00,4152.0,4152.0,4150.89990234375,4151.89990234375,48
2026-07-07 07:21:00-04:00,4151.7001953125,4152.7001953125,4151.60009765625,4152.60009765625,53
2026-07-07 07:22:00-04:00,4152.2001953125,4155.0,4151.7998046875,4154.0,90
2026-07-07 07:23:00-04:00,4154.2998046875,4154.60009765625,4153.10009765625,4153.60009765625,55
2026-07-07 07:24:00-04:00,4153.5,4155.7001953125,4153.0,4155.7001953125,60
2026-07-07 07:25:00-04:00,4155.39990234375,4156.7998046875,4155.0,4155.39990234375,114
2026-07-07 07:26:00-04:00,4155.39990234375,4156.10009765625,4154.39990234375,4155.39990234375,29
2026-07-07 07:27:00-04:00,4155.2998046875,4156.10009765625,4155.2001953125,4155.2001953125,23
2026-07-07 07:28:00-04:00,4155.2001953125,4155.2001953125,4154.5,4154.5,16
2026-07-07 07:29:00-04:00,4154.5,4155.2998046875,4153.7998046875,4154.2001953125,36
2026-07-07 07:30:00-04:00,4154.10009765625,4154.7998046875,4153.5,4153.60009765625,50
2026-07-07 07:31:00-04:00,4153.60009765625,4153.7998046875,4150.89990234375,4150.89990234375,105
2026-07-07 07:32:00-04:00,4151.0,4152.0,4150.7998046875,4151.89990234375,70
2026-07-07 07:33:00-04:00,4151.7998046875,4152.0,4151.39990234375,4151.39990234375,27
2026-07-07 07:34:00-04:00,4151.5,4155.10009765625,4151.5,4154.2998046875,66
2026-07-07 07:35:00-04:00,4154.2998046875,4158.5,4153.7001953125,4158.10009765625,229
2026-07-07 07:36:00-04:00,4158.89990234375,4159.10009765625,4157.2001953125,4157.2001953125,113
2026-07-07 07:37:00-04:00,4157.2998046875,4158.0,4156.89990234375,4157.39990234375,52
2026-07-07 07:38:00-04:00,4157.2998046875,4157.39990234375,4156.7001953125,4157.2998046875,31
2026-07-07 07:39:00-04:00,4157.60009765625,4157.60009765625,4156.5,4156.5,38
2026-07-07 07:40:00-04:00,4156.7998046875,4157.0,4156.2001953125,4156.5,53
2026-07-07 07:41:00-04:00,4156.5,4157.2998046875,4156.2001953125,4156.5,33
2026-07-07 07:42:00-04:00,4156.39990234375,4156.89990234375,4156.39990234375,4156.5,126
2026-07-07 07:43:00-04:00,4156.5,4157.2001953125,4156.5,4157.10009765625,21
2026-07-07 07:44:00-04:00,4156.89990234375,4160.5,4156.89990234375,4159.60009765625,381
2026-07-07 07:45:00-04:00,4159.5,4162.89990234375,4158.39990234375,4161.5,393
2026-07-07 07:46:00-04:00,4161.89990234375,4162.89990234375,4161.10009765625,4161.2998046875,136
2026-07-07 07:47:00-04:00,4161.5,4161.7998046875,4160.7998046875,4161.2001953125,41
2026-07-07 07:48:00-04:00,4161.2001953125,4163.2998046875,4161.2001953125,4162.89990234375,87
2026-07-07 07:49:00-04:00,4162.7998046875,4163.10009765625,4161.2001953125,4161.39990234375,42
2026-07-07 07:50:00-04:00,4161.10009765625,4162.2001953125,4161.0,4161.89990234375,148
2026-07-07 07:51:00-04:00,4162.10009765625,4164.60009765625,4162.10009765625,4162.5,94
2026-07-07 07:52:00-04:00,4162.39990234375,4162.5,4161.60009765625,4161.60009765625,31
2026-07-07 07:53:00-04:00,4161.5,4161.7001953125,4158.60009765625,4160.2998046875,145
2026-07-07 07:54:00-04:00,4160.60009765625,4162.39990234375,4160.60009765625,4162.2001953125,54
2026-07-07 07:55:00-04:00,4162.60009765625,4164.0,4162.2998046875,4162.7998046875,40
2026-07-07 07:56:00-04:00,4162.89990234375,4163.2998046875,4162.7001953125,4163.10009765625,27
2026-07-07 07:57:00-04:00,4163.10009765625,4164.7998046875,4163.10009765625,4164.7001953125,71
2026-07-07 07:58:00-04:00,4164.7998046875,4166.5,4164.10009765625,4166.5,254
2026-07-07 07:59:00-04:00,4166.2998046875,4170.0,4165.7001953125,4168.60009765625,563
2026-07-07 08:00:00-04:00,4168.60009765625,4170.5,4167.7001953125,4167.89990234375,443
2026-07-07 08:01:00-04:00,4167.7001953125,4167.7998046875,4166.7001953125,4167.5,87
2026-07-07 08:02:00-04:00,4167.7998046875,4169.89990234375,4166.0,4168.2998046875,232
2026-07-07 08:03:00-04:00,4168.7001953125,4171.10009765625,4168.60009765625,4170.5,102
2026-07-07 08:04:00-04:00,4170.39990234375,4171.5,4170.10009765625,4170.7001953125,103
2026-07-07 08:05:00-04:00,4170.60009765625,4171.2998046875,4169.7001953125,4170.2998046875,152
2026-07-07 08:06:00-04:00,4170.60009765625,4174.39990234375,4169.7001953125,4174.10009765625,714
2026-07-07 08:07:00-04:00,4174.2001953125,4176.10009765625,4173.2001953125,4174.7998046875,298
2026-07-07 08:08:00-04:00,4174.7001953125,4176.39990234375,4174.39990234375,4176.10009765625,314
2026-07-07 08:09:00-04:00,4175.89990234375,4183.5,4174.39990234375,4182.0,603
2026-07-07 08:10:00-04:00,4180.89990234375,4182.0,4179.2001953125,4180.2001953125,319
2026-07-07 08:11:00-04:00,4180.2998046875,4180.5,4177.5,4178.0,357
2026-07-07 08:12:00-04:00,4178.39990234375,4182.60009765625,4178.2001953125,4181.7998046875,211
2026-07-07 08:13:00-04:00,4181.89990234375,4184.0,4181.0,4181.7001953125,241
2026-07-07 08:14:00-04:00,4181.7998046875,4186.7001953125,4181.39990234375,4185.2001953125,588
2026-07-07 08:15:00-04:00,4185.39990234375,4187.0,4184.39990234375,4186.10009765625,428
2026-07-07 08:16:00-04:00,4186.0,4186.0,4184.10009765625,4184.39990234375,231
2026-07-07 08:17:00-04:00,4184.5,4184.60009765625,4182.10009765625,4183.0,256
2026-07-07 08:18:00-04:00,4182.89990234375,4183.5,4180.2998046875,4181.5,223
2026-07-07 08:19:00-04:00,4181.2001953125,4182.89990234375,4180.39990234375,4180.7001953125,156
2026-07-07 08:20:00-04:00,4180.7001953125,4182.2998046875,4176.60009765625,4177.2001953125,426
2026-07-07 08:21:00-04:00,4177.7001953125,4179.39990234375,4177.2001953125,4177.7998046875,155
2026-07-07 08:22:00-04:00,4177.7998046875,4177.89990234375,4175.89990234375,4177.89990234375,159
2026-07-07 08:23:00-04:00,4177.7998046875,4177.89990234375,4175.10009765625,4175.7998046875,110
2026-07-07 08:24:00-04:00,4175.7001953125,4177.39990234375,4174.7001953125,4175.7001953125,136
2026-07-07 08:25:00-04:00,4175.5,4178.0,4175.2001953125,4176.60009765625,151
2026-07-07 08:26:00-04:00,4176.39990234375,4176.60009765625,4174.5,4174.7998046875,122
2026-07-07 08:27:00-04:00,4174.60009765625,4176.60009765625,4174.60009765625,4176.10009765625,94
2026-07-07 08:28:00-04:00,4176.10009765625,4181.10009765625,4175.89990234375,4180.60009765625,221
2026-07-07 08:29:00-04:00,4180.10009765625,4180.7001953125,4177.2998046875,4177.7998046875,79
2026-07-07 08:30:00-04:00,4177.2998046875,4179.2001953125,4175.7001953125,4178.2998046875,168
2026-07-07 08:31:00-04:00,4178.60009765625,4178.60009765625,4175.89990234375,4176.0,73
2026-07-07 08:32:00-04:00,4176.39990234375,4178.39990234375,4176.39990234375,4178.10009765625,90
2026-07-07 08:33:00-04:00,4177.7998046875,4180.0,4177.60009765625,4178.60009765625,129
2026-07-07 08:34:00-04:00,4178.5,4178.7001953125,4175.2998046875,4175.2998046875,78
2026-07-07 08:35:00-04:00,4175.60009765625,4176.5,4175.39990234375,4175.39990234375,65
2026-07-07 08:36:00-04:00,4175.7001953125,4176.0,4174.10009765625,4174.39990234375,99
2026-07-07 08:37:00-04:00,4175.10009765625,4175.7998046875,4173.7998046875,4175.7001953125,110
2026-07-07 08:38:00-04:00,4176.0,4176.7001953125,4174.2998046875,4175.7001953125,67
2026-07-07 08:39:00-04:00,4175.89990234375,4179.2001953125,4174.7001953125,4177.7001953125,405
2026-07-07 08:40:00-04:00,4177.7001953125,4179.0,4175.7001953125,4177.10009765625,222
2026-07-07 08:41:00-04:00,4177.39990234375,4177.39990234375,4173.2001953125,4173.39990234375,263
2026-07-07 08:42:00-04:00,4173.7001953125,4176.7998046875,4173.2998046875,4175.10009765625,182
2026-07-07 08:43:00-04:00,4174.89990234375,4178.7001953125,4174.7998046875,4177.39990234375,244
2026-07-07 08:44:00-04:00,4176.89990234375,4178.2998046875,4176.89990234375,4178.0,61
2026-07-07 08:45:00-04:00,4177.7998046875,4180.39990234375,4176.89990234375,4178.89990234375,187
2026-07-07 08:46:00-04:00,4179.2998046875,4180.39990234375,4178.0,4179.7998046875,104
2026-07-07 08:47:00-04:00,4179.39990234375,4179.60009765625,4178.2001953125,4178.5,34
2026-07-07 08:48:00-04:00,4178.60009765625,4179.0,4176.10009765625,4176.10009765625,54
2026-07-07 08:49:00-04:00,4175.89990234375,4177.89990234375,4175.89990234375,4177.10009765625,39
2026-07-07 08:50:00-04:00,4177.10009765625,4178.89990234375,4177.10009765625,4178.89990234375,44
2026-07-07 08:51:00-04:00,4179.0,4181.89990234375,4179.0,4181.2998046875,102
2026-07-07 08:52:00-04:00,4180.89990234375,4181.89990234375,4179.89990234375,4180.7998046875,205
2026-07-07 08:53:00-04:00,4180.89990234375,4180.89990234375,4178.5,4178.5,43
2026-07-07 08:54:00-04:00,4178.39990234375,4179.39990234375,4178.0,4178.60009765625,86
2026-07-07 08:55:00-04:00,4178.7001953125,4181.5,4178.5,4181.0,61
2026-07-07 08:56:00-04:00,4180.89990234375,4181.2001953125,4179.5,4180.60009765625,48
2026-07-07 08:57:00-04:00,4180.89990234375,4181.39990234375,4180.10009765625,4180.2001953125,51
2026-07-07 08:58:00-04:00,4180.60009765625,4183.0,4180.10009765625,4183.0,58
2026-07-07 08:59:00-04:00,4182.60009765625,4184.5,4181.5,4184.10009765625,441
2026-07-07 09:00:00-04:00,4184.10009765625,4190.60009765625,4182.7001953125,4183.2998046875,915
2026-07-07 09:01:00-04:00,4183.7998046875,4183.89990234375,4179.60009765625,4180.60009765625,290
2026-07-07 09:02:00-04:00,4180.7998046875,4181.2001953125,4177.7998046875,4179.5,196
2026-07-07 09:03:00-04:00,4179.89990234375,4182.2998046875,4179.2998046875,4179.7001953125,101
2026-07-07 09:04:00-04:00,4180.39990234375,4181.10009765625,4176.39990234375,4177.2001953125,210
2026-07-07 09:05:00-04:00,4177.5,4178.39990234375,4176.10009765625,4177.60009765625,110
2026-07-07 09:06:00-04:00,4177.7001953125,4178.2998046875,4174.39990234375,4174.89990234375,181
2026-07-07 09:07:00-04:00,4175.0,4178.2998046875,4174.60009765625,4177.7001953125,172
2026-07-07 09:08:00-04:00,4177.5,4177.5,4173.7001953125,4175.10009765625,104
2026-07-07 09:09:00-04:00,4174.7998046875,4175.10009765625,4173.0,4173.60009765625,106
2026-07-07 09:10:00-04:00,4174.0,4174.2998046875,4172.0,4172.7998046875,169
2026-07-07 09:11:00-04:00,4172.7001953125,4176.7998046875,4171.2998046875,4176.0,257
2026-07-07 09:12:00-04:00,4176.39990234375,4180.10009765625,4176.39990234375,4179.2001953125,303
2026-07-07 09:13:00-04:00,4179.2998046875,4179.5,4177.7001953125,4179.0,53
2026-07-07 09:14:00-04:00,4178.89990234375,4182.89990234375,4178.60009765625,4182.60009765625,145
2026-07-07 09:15:00-04:00,4182.5,4182.5,4179.2001953125,4179.7998046875,249
2026-07-07 09:16:00-04:00,4180.10009765625,4181.2001953125,4179.7001953125,4180.2998046875,35
2026-07-07 09:17:00-04:00,4180.7998046875,4182.2001953125,4180.2001953125,4181.7001953125,88
2026-07-07 09:18:00-04:00,4181.10009765625,4181.10009765625,4179.39990234375,4180.7001953125,51
2026-07-07 09:19:00-04:00,4180.2001953125,4180.2001953125,4179.2998046875,4180.2001953125,33
2026-07-07 09:20:00-04:00,4179.89990234375,4183.7998046875,4179.89990234375,4183.2998046875,108
2026-07-07 09:21:00-04:00,4183.89990234375,4183.89990234375,4181.89990234375,4182.7998046875,68
2026-07-07 09:22:00-04:00,4183.10009765625,4183.10009765625,4180.2998046875,4181.39990234375,88
2026-07-07 09:23:00-04:00,4181.10009765625,4182.39990234375,4180.10009765625,4180.2001953125,95
2026-07-07 09:24:00-04:00,4180.5,4181.0,4176.5,4177.2001953125,106
2026-07-07 09:25:00-04:00,4177.10009765625,4177.60009765625,4175.7001953125,4177.5,140
2026-07-07 09:26:00-04:00,4177.2001953125,4178.39990234375,4175.5,4176.89990234375,97
2026-07-07 09:27:00-04:00,4176.7998046875,4180.60009765625,4176.7998046875,4177.7001953125,212
2026-07-07 09:28:00-04:00,4177.89990234375,4178.89990234375,4177.89990234375,4178.7001953125,32
2026-07-07 09:29:00-04:00,4178.2998046875,4179.2001953125,4177.2998046875,4177.2998046875,64
2026-07-07 09:30:00-04:00,4177.60009765625,4178.39990234375,4174.7001953125,4177.60009765625,234
2026-07-07 09:31:00-04:00,4177.5,4182.60009765625,4177.39990234375,4181.5,228
2026-07-07 09:32:00-04:00,4181.10009765625,4182.5,4179.60009765625,4181.2998046875,172
2026-07-07 09:33:00-04:00,4181.2001953125,4181.89990234375,4180.10009765625,4180.60009765625,68
2026-07-07 09:34:00-04:00,4181.5,4182.0,4179.89990234375,4180.5,64
2026-07-07 09:35:00-04:00,4180.39990234375,4183.2998046875,4179.89990234375,4183.2998046875,215
2026-07-07 09:36:00-04:00,4183.2001953125,4191.39990234375,4183.0,4189.89990234375,717
2026-07-07 09:37:00-04:00,4190.0,4191.2001953125,4185.89990234375,4186.2998046875,307
2026-07-07 09:38:00-04:00,4186.2001953125,4186.5,4179.60009765625,4180.5,319
2026-07-07 09:39:00-04:00,4180.5,4182.60009765625,4179.89990234375,4182.0,172
2026-07-07 09:40:00-04:00,4182.0,4187.0,4180.0,4187.0,289
2026-07-07 09:41:00-04:00,4186.7998046875,4190.89990234375,4185.2001953125,4189.2001953125,459
2026-07-07 09:42:00-04:00,4189.0,4192.39990234375,4188.2998046875,4190.39990234375,428
2026-07-07 09:43:00-04:00,4190.2001953125,4192.10009765625,4188.7001953125,4189.2001953125,305
2026-07-07 09:44:00-04:00,4189.2998046875,4191.39990234375,4187.89990234375,4189.39990234375,164
2026-07-07 09:45:00-04:00,4189.39990234375,4191.10009765625,4188.60009765625,4190.0,170
2026-07-07 09:46:00-04:00,4189.89990234375,4192.0,4184.7001953125,4184.7001953125,279
2026-07-07 09:47:00-04:00,4184.7998046875,4185.0,4182.39990234375,4182.5,186
2026-07-07 09:48:00-04:00,4182.89990234375,4186.5,4182.60009765625,4184.2001953125,138
2026-07-07 09:49:00-04:00,4183.5,4186.0,4183.5,4185.0,81
2026-07-07 09:50:00-04:00,4184.7001953125,4186.0,4184.2001953125,4184.7001953125,78
2026-07-07 09:51:00-04:00,4184.2001953125,4184.7998046875,4180.39990234375,4181.7001953125,261
2026-07-07 09:52:00-04:00,4181.89990234375,4183.39990234375,4180.2998046875,4180.2998046875,110
2026-07-07 09:53:00-04:00,4180.0,4180.0,4177.10009765625,4177.7998046875,291
2026-07-07 09:54:00-04:00,4177.2998046875,4178.39990234375,4175.7001953125,4177.39990234375,320
2026-07-07 09:55:00-04:00,4177.10009765625,4179.10009765625,4174.7998046875,4175.0,411
2026-07-07 09:56:00-04:00,4175.2998046875,4177.10009765625,4172.7001953125,4173.2998046875,301
2026-07-07 09:57:00-04:00,4173.2001953125,4173.7998046875,4169.0,4170.89990234375,317
2026-07-07 09:58:00-04:00,4170.39990234375,4171.10009765625,4167.2998046875,4167.89990234375,200
2026-07-07 09:59:00-04:00,4168.10009765625,4170.60009765625,4167.2998046875,4170.0,249
2026-07-07 10:00:00-04:00,4169.7001953125,4173.60009765625,4167.89990234375,4173.39990234375,411
2026-07-07 10:01:00-04:00,4173.7001953125,4175.10009765625,4172.2001953125,4173.39990234375,271
2026-07-07 10:02:00-04:00,4173.0,4174.0,4170.7998046875,4172.60009765625,230
2026-07-07 10:03:00-04:00,4172.60009765625,4173.2998046875,4165.2001953125,4166.7001953125,398
2026-07-07 10:04:00-04:00,4166.60009765625,4167.7001953125,4164.2001953125,4165.7998046875,397
2026-07-07 10:05:00-04:00,4165.60009765625,4167.0,4164.60009765625,4165.60009765625,215
2026-07-07 10:06:00-04:00,4165.5,4167.7001953125,4165.0,4166.39990234375,177
2026-07-07 10:07:00-04:00,4166.10009765625,4167.2998046875,4164.7001953125,4166.7998046875,310
2026-07-07 10:08:00-04:00,4166.60009765625,4166.7998046875,4162.7998046875,4164.5,238
2026-07-07 10:09:00-04:00,4164.5,4169.10009765625,4164.2001953125,4166.89990234375,411
2026-07-07 10:10:00-04:00,4166.7998046875,4167.5,4163.0,4163.10009765625,342
2026-07-07 10:11:00-04:00,4163.7001953125,4167.0,4163.39990234375,4166.39990234375,138
2026-07-07 10:12:00-04:00,4166.2998046875,4167.7001953125,4165.10009765625,4165.10009765625,94
2026-07-07 10:13:00-04:00,4165.0,4168.0,4164.7001953125,4164.89990234375,185
2026-07-07 10:14:00-04:00,4165.0,4165.0,4161.89990234375,4163.2998046875,177
2026-07-07 10:15:00-04:00,4162.89990234375,4164.39990234375,4162.39990234375,4164.10009765625,154
2026-07-07 10:16:00-04:00,4163.5,4168.60009765625,4163.2998046875,4168.2001953125,323
2026-07-07 10:17:00-04:00,4168.10009765625,4168.7001953125,4166.2001953125,4167.60009765625,81
2026-07-07 10:18:00-04:00,4167.60009765625,4170.7998046875,4167.60009765625,4170.2001953125,204
2026-07-07 10:19:00-04:00,4169.89990234375,4170.0,4167.7998046875,4169.60009765625,77
2026-07-07 10:20:00-04:00,4169.60009765625,4170.0,4166.0,4167.0,114
2026-07-07 10:21:00-04:00,4166.89990234375,4167.39990234375,4165.39990234375,4167.10009765625,82
2026-07-07 10:22:00-04:00,4167.10009765625,4167.7998046875,4165.5,4165.7001953125,83
2026-07-07 10:23:00-04:00,4165.89990234375,4166.39990234375,4163.0,4165.7998046875,180
2026-07-07 10:24:00-04:00,4166.0,4166.39990234375,4163.2001953125,4163.2001953125,113
2026-07-07 10:25:00-04:00,4163.2001953125,4164.2001953125,4162.0,4162.39990234375,127
2026-07-07 10:26:00-04:00,4163.10009765625,4164.89990234375,4162.7001953125,4164.7001953125,81
2026-07-07 10:27:00-04:00,4164.2998046875,4167.5,4163.7001953125,4166.7998046875,156
2026-07-07 10:28:00-04:00,4167.10009765625,4168.2001953125,4166.2001953125,4167.7001953125,148
2026-07-07 10:29:00-04:00,4167.60009765625,4169.5,4166.5,4169.0,81
2026-07-07 10:30:00-04:00,4169.7998046875,4170.7998046875,4166.7001953125,4166.7998046875,182
2026-07-07 10:31:00-04:00,4167.10009765625,4168.2001953125,4167.0,4167.7998046875,33
2026-07-07 10:32:00-04:00,4168.0,4168.0,4163.89990234375,4165.60009765625,172
2026-07-07 10:33:00-04:00,4166.0,4166.39990234375,4163.2998046875,4164.10009765625,149
2026-07-07 10:34:00-04:00,4164.2998046875,4164.2998046875,4162.2001953125,4162.2001953125,172
2026-07-07 10:35:00-04:00,4162.2001953125,4162.5,4158.0,4158.7998046875,629
2026-07-07 10:36:00-04:00,4158.7001953125,4162.10009765625,4158.10009765625,4161.7998046875,318
2026-07-07 10:37:00-04:00,4161.7001953125,4161.7998046875,4159.60009765625,4161.0,124
2026-07-07 10:38:00-04:00,4161.89990234375,4162.39990234375,4160.7001953125,4160.7001953125,112
2026-07-07 10:39:00-04:00,4161.0,4162.10009765625,4159.5,4160.39990234375,77
2026-07-07 10:40:00-04:00,4160.2998046875,4161.7998046875,4158.7998046875,4158.89990234375,92
2026-07-07 10:41:00-04:00,4158.7998046875,4159.2998046875,4155.2998046875,4155.39990234375,297
2026-07-07 10:42:00-04:00,4155.60009765625,4160.0,4154.5,4159.89990234375,216
2026-07-07 10:43:00-04:00,4159.89990234375,4161.89990234375,4159.60009765625,4161.5,174
2026-07-07 10:44:00-04:00,4161.60009765625,4163.7998046875,4160.89990234375,4163.39990234375,111
2026-07-07 10:45:00-04:00,4163.2001953125,4166.2998046875,4163.0,4166.10009765625,190
2026-07-07 10:46:00-04:00,4166.0,4168.10009765625,4165.60009765625,4166.60009765625,385
2026-07-07 10:47:00-04:00,4167.0,4167.7001953125,4165.0,4167.2998046875,113
2026-07-07 10:48:00-04:00,4167.2001953125,4168.7998046875,4166.5,4166.5,106
2026-07-07 10:49:00-04:00,4167.10009765625,4167.7998046875,4166.2998046875,4167.39990234375,113
2026-07-07 10:50:00-04:00,4167.2001953125,4168.5,4166.89990234375,4167.5,70
2026-07-07 10:51:00-04:00,4167.7001953125,4168.5,4165.60009765625,4167.5,81
2026-07-07 10:52:00-04:00,4166.7001953125,4166.7998046875,4165.0,4165.5,39
2026-07-07 10:53:00-04:00,4165.7998046875,4166.7001953125,4165.2998046875,4165.89990234375,34
2026-07-07 10:54:00-04:00,4165.89990234375,4165.89990234375,4164.60009765625,4164.7998046875,59
2026-07-07 10:55:00-04:00,4164.7001953125,4167.7001953125,4164.7001953125,4166.7998046875,94
2026-07-07 10:56:00-04:00,4166.2998046875,4167.89990234375,4165.2998046875,4165.89990234375,62
2026-07-07 10:57:00-04:00,4166.10009765625,4166.89990234375,4165.0,4166.2998046875,54
2026-07-07 10:58:00-04:00,4166.39990234375,4167.39990234375,4165.39990234375,4166.2998046875,44
2026-07-07 10:59:00-04:00,4166.2001953125,4166.39990234375,4165.0,4165.0,47
2026-07-07 11:00:00-04:00,4165.0,4165.39990234375,4161.7001953125,4163.0,231
2026-07-07 11:01:00-04:00,4163.0,4165.39990234375,4163.0,4165.0,62
2026-07-07 11:02:00-04:00,4164.2998046875,4164.2998046875,4161.10009765625,4161.7001953125,84
2026-07-07 11:03:00-04:00,4161.39990234375,4163.0,4160.89990234375,4163.0,85
2026-07-07 11:04:00-04:00,4163.5,4163.5,4161.5,4162.2998046875,28
2026-07-07 11:05:00-04:00,4162.7001953125,4163.7001953125,4160.5,4161.5,163
2026-07-07 11:06:00-04:00,4161.39990234375,4163.0,4161.39990234375,4162.2001953125,54
2026-07-07 11:07:00-04:00,4162.60009765625,4165.2998046875,4161.39990234375,4165.2998046875,104
2026-07-07 11:08:00-04:00,4165.7001953125,4166.7001953125,4163.60009765625,4163.60009765625,119
2026-07-07 11:09:00-04:00,4163.0,4165.7001953125,4162.89990234375,4164.5,292
2026-07-07 11:10:00-04:00,4164.5,4166.5,4161.7998046875,4162.0,371
2026-07-07 11:11:00-04:00,4162.0,4163.39990234375,4161.0,4161.2998046875,104
2026-07-07 11:12:00-04:00,4161.2998046875,4161.7001953125,4160.2998046875,4161.5,268
2026-07-07 11:13:00-04:00,4161.7998046875,4162.2001953125,4159.2998046875,4160.2998046875,102
2026-07-07 11:14:00-04:00,4160.60009765625,4161.0,4159.39990234375,4159.60009765625,43
2026-07-07 11:15:00-04:00,4159.7001953125,4159.7001953125,4155.0,4157.10009765625,231
2026-07-07 11:16:00-04:00,4157.39990234375,4157.7001953125,4156.2001953125,4156.39990234375,119
2026-07-07 11:17:00-04:00,4156.89990234375,4157.39990234375,4155.0,4155.2998046875,89
2026-07-07 11:18:00-04:00,4155.2001953125,4155.7998046875,4152.60009765625,4154.60009765625,152
2026-07-07 11:19:00-04:00,4154.7001953125,4156.5,4154.60009765625,4155.7998046875,57
2026-07-07 11:20:00-04:00,4155.60009765625,4157.39990234375,4155.2001953125,4155.7001953125,111
2026-07-07 11:21:00-04:00,4155.5,4157.7998046875,4155.39990234375,4157.0,49
2026-07-07 11:22:00-04:00,4156.60009765625,4157.7001953125,4154.89990234375,4154.89990234375,52
2026-07-07 11:23:00-04:00,4155.2001953125,4156.2001953125,4154.7001953125,4156.10009765625,122
2026-07-07 11:24:00-04:00,4156.5,4157.2998046875,4155.10009765625,4156.2001953125,45
2026-07-07 11:25:00-04:00,4156.10009765625,4157.2001953125,4155.5,4156.7001953125,34
2026-07-07 11:26:00-04:00,4156.39990234375,4157.7001953125,4155.89990234375,4157.7001953125,44
2026-07-07 11:27:00-04:00,4157.7998046875,4157.7998046875,4153.7001953125,4153.7001953125,68
2026-07-07 11:28:00-04:00,4153.89990234375,4154.89990234375,4152.7001953125,4153.5,182
2026-07-07 11:29:00-04:00,4153.5,4155.0,4152.89990234375,4154.0,129
2026-07-07 11:30:00-04:00,4154.0,4156.0,4153.7998046875,4155.5,112
2026-07-07 11:31:00-04:00,4155.5,4156.2001953125,4155.0,4155.2998046875,71
2026-07-07 11:32:00-04:00,4155.39990234375,4156.0,4155.0,4155.60009765625,45
2026-07-07 11:33:00-04:00,4155.7998046875,4157.2998046875,4155.0,4155.39990234375,57
2026-07-07 11:34:00-04:00,4155.0,4156.60009765625,4154.89990234375,4154.89990234375,29
2026-07-07 11:35:00-04:00,4154.2001953125,4155.7001953125,4153.0,4155.2001953125,128
2026-07-07 11:36:00-04:00,4155.5,4155.7001953125,4154.10009765625,4154.5,88
2026-07-07 11:37:00-04:00,4154.5,4155.5,4154.10009765625,4155.5,71
2026-07-07 11:38:00-04:00,4155.39990234375,4156.0,4154.10009765625,4155.89990234375,71
2026-07-07 11:39:00-04:00,4155.89990234375,4157.2001953125,4155.89990234375,4156.60009765625,81
2026-07-07 11:40:00-04:00,4156.5,4158.39990234375,4155.2001953125,4157.7998046875,98
2026-07-07 11:41:00-04:00,4158.39990234375,4158.60009765625,4157.60009765625,4158.10009765625,68
2026-07-07 11:42:00-04:00,4158.0,4158.7998046875,4157.5,4158.7001953125,52
2026-07-07 11:43:00-04:00,4158.7998046875,4159.2998046875,4157.89990234375,4157.89990234375,69
2026-07-07 11:44:00-04:00,4157.7001953125,4158.10009765625,4156.89990234375,4157.5,91
2026-07-07 11:45:00-04:00,4157.2998046875,4159.0,4156.7998046875,4157.10009765625,123
2026-07-07 11:46:00-04:00,4157.7998046875,4157.7998046875,4155.7998046875,4156.39990234375,59
2026-07-07 11:47:00-04:00,4156.2998046875,4156.7001953125,4155.10009765625,4156.2998046875,46
2026-07-07 11:48:00-04:00,4156.2998046875,4157.39990234375,4156.10009765625,4156.7998046875,34
2026-07-07 11:49:00-04:00,4156.7998046875,4157.2998046875,4153.0,4153.0,96
2026-07-07 11:50:00-04:00,4152.7998046875,4153.89990234375,4152.2998046875,4153.39990234375,78
2026-07-07 11:51:00-04:00,4153.10009765625,4153.10009765625,4151.2998046875,4152.10009765625,99
2026-07-07 11:52:00-04:00,4152.0,4154.0,4152.0,4154.0,67
2026-07-07 11:53:00-04:00,4154.0,4154.2998046875,4151.2998046875,4152.10009765625,42
2026-07-07 11:54:00-04:00,4151.7001953125,4152.10009765625,4148.2998046875,4149.0,370
2026-07-07 11:55:00-04:00,4148.89990234375,4149.7001953125,4146.89990234375,4149.10009765625,134
2026-07-07 11:56:00-04:00,4149.2001953125,4149.39990234375,4147.60009765625,4147.7001953125,75
2026-07-07 11:57:00-04:00,4147.7998046875,4150.10009765625,4147.7001953125,4149.2998046875,89
2026-07-07 11:58:00-04:00,4149.2998046875,4149.5,4148.2998046875,4148.7998046875,39
2026-07-07 11:59:00-04:00,4148.7001953125,4150.2998046875,4148.39990234375,4150.10009765625,113
2026-07-07 12:00:00-04:00,4150.39990234375,4150.7998046875,4148.2001953125,4148.5,276
2026-07-07 12:01:00-04:00,4148.5,4150.10009765625,4148.2001953125,4149.7001953125,64
2026-07-07 12:02:00-04:00,4149.39990234375,4150.39990234375,4149.39990234375,4150.39990234375,55
2026-07-07 12:03:00-04:00,4150.89990234375,4152.2001953125,4150.2998046875,4150.39990234375,105
2026-07-07 12:04:00-04:00,4150.7001953125,4151.0,4150.39990234375,4150.39990234375,9
2026-07-07 12:05:00-04:00,4151.10009765625,4153.39990234375,4150.39990234375,4153.0,81
2026-07-07 12:06:00-04:00,4153.0,4155.0,4152.7998046875,4154.0,98
2026-07-07 12:07:00-04:00,4154.39990234375,4154.5,4152.60009765625,4152.60009765625,81
2026-07-07 12:08:00-04:00,4153.0,4153.0,4151.7001953125,4151.7001953125,53
2026-07-07 12:09:00-04:00,4151.7998046875,4151.89990234375,4150.7998046875,4151.2001953125,48
2026-07-07 12:10:00-04:00,4151.5,4152.10009765625,4150.60009765625,4151.39990234375,40
2026-07-07 12:11:00-04:00,4151.2998046875,4151.60009765625,4150.7998046875,4151.10009765625,29
2026-07-07 12:12:00-04:00,4151.39990234375,4152.0,4151.2001953125,4152.0,18
2026-07-07 12:13:00-04:00,4152.0,4153.89990234375,4152.0,4153.60009765625,54
2026-07-07 12:14:00-04:00,4153.5,4154.0,4152.2998046875,4152.39990234375,33
2026-07-07 12:15:00-04:00,4152.2001953125,4153.7998046875,4152.2001953125,4153.7998046875,17
2026-07-07 12:16:00-04:00,4153.7998046875,4154.2998046875,4153.2001953125,4153.39990234375,27
2026-07-07 12:17:00-04:00,4153.2001953125,4153.2001953125,4152.10009765625,4153.0,24
2026-07-07 12:18:00-04:00,4153.7001953125,4154.60009765625,4153.0,4154.5,42
2026-07-07 12:19:00-04:00,4154.0,4156.0,4153.7998046875,4155.10009765625,248
2026-07-07 12:20:00-04:00,4155.60009765625,4156.7998046875,4155.0,4155.2001953125,123
2026-07-07 12:21:00-04:00,4155.10009765625,4155.60009765625,4153.7998046875,4155.2998046875,58
2026-07-07 12:22:00-04:00,4155.2001953125,4156.89990234375,4155.2001953125,4156.60009765625,123
2026-07-07 12:23:00-04:00,4156.5,4157.60009765625,4156.10009765625,4156.10009765625,274
2026-07-07 12:24:00-04:00,4156.2998046875,4157.10009765625,4155.7998046875,4155.7998046875,74
2026-07-07 12:25:00-04:00,4156.0,4157.0,4155.7001953125,4155.7001953125,80
2026-07-07 12:26:00-04:00,4155.60009765625,4157.2001953125,4155.2001953125,4156.7001953125,57
2026-07-07 12:27:00-04:00,4156.60009765625,4158.60009765625,4156.60009765625,4158.10009765625,69
2026-07-07 12:28:00-04:00,4158.0,4158.10009765625,4157.5,4157.7998046875,19
2026-07-07 12:29:00-04:00,4157.60009765625,4158.7001953125,4157.5,4157.5,56
2026-07-07 12:30:00-04:00,4157.2998046875,4158.10009765625,4156.89990234375,4157.2998046875,53
2026-07-07 12:31:00-04:00,4157.39990234375,4157.5,4155.0,4156.39990234375,108
2026-07-07 12:32:00-04:00,4156.60009765625,4157.0,4155.7001953125,4156.39990234375,50
2026-07-07 12:33:00-04:00,4156.10009765625,4156.2001953125,4154.60009765625,4154.89990234375,46
2026-07-07 12:34:00-04:00,4154.7998046875,4155.0,4154.60009765625,4154.7998046875,24
2026-07-07 12:35:00-04:00,4154.5,4155.7001953125,4154.39990234375,4155.60009765625,22
2026-07-07 12:36:00-04:00,4155.10009765625,4155.89990234375,4153.7001953125,4155.89990234375,157
2026-07-07 12:37:00-04:00,4155.89990234375,4156.39990234375,4155.5,4155.5,24
2026-07-07 12:38:00-04:00,4155.5,4156.10009765625,4154.7998046875,4156.0,48
2026-07-07 12:39:00-04:00,4155.89990234375,4156.7001953125,4155.5,4156.0,67
2026-07-07 12:40:00-04:00,4155.89990234375,4156.7001953125,4155.39990234375,4155.5,34
2026-07-07 12:41:00-04:00,4155.5,4155.5,4154.2998046875,4155.2001953125,50
2026-07-07 12:42:00-04:00,4155.2998046875,4156.39990234375,4154.89990234375,4155.7001953125,44
2026-07-07 12:43:00-04:00,4155.2998046875,4156.7001953125,4155.2001953125,4155.7998046875,33
2026-07-07 12:44:00-04:00,4155.89990234375,4156.60009765625,4154.7001953125,4154.7001953125,68
2026-07-07 12:45:00-04:00,4154.89990234375,4155.5,4153.2001953125,4153.5,103
2026-07-07 12:46:00-04:00,4153.39990234375,4153.5,4152.2001953125,4153.2998046875,165
2026-07-07 12:47:00-04:00,4153.39990234375,4154.2001953125,4152.5,4153.2998046875,72
2026-07-07 12:48:00-04:00,4153.2001953125,4154.0,4152.7001953125,4154.0,97
2026-07-07 12:49:00-04:00,4154.0,4156.2998046875,4154.0,4156.2998046875,37
2026-07-07 12:50:00-04:00,4156.0,4156.89990234375,4156.0,4156.7001953125,43
2026-07-07 12:51:00-04:00,4156.7001953125,4157.39990234375,4156.0,4157.39990234375,89
2026-07-07 12:52:00-04:00,4157.0,4158.2998046875,4157.0,4157.10009765625,57
2026-07-07 12:53:00-04:00,4157.2001953125,4157.2998046875,4156.7998046875,4157.2998046875,19
2026-07-07 12:54:00-04:00,4157.2998046875,4157.2998046875,4155.7001953125,4156.2998046875,81
2026-07-07 12:55:00-04:00,4155.89990234375,4156.0,4154.5,4155.2001953125,44
2026-07-07 12:56:00-04:00,4155.2001953125,4155.2998046875,4154.60009765625,4155.10009765625,37
2026-07-07 12:57:00-04:00,4155.60009765625,4155.7001953125,4155.39990234375,4155.60009765625,19
2026-07-07 12:58:00-04:00,4155.2001953125,4155.7998046875,4154.7998046875,4155.0,25
2026-07-07 12:59:00-04:00,4155.39990234375,4156.7001953125,4155.39990234375,4156.60009765625,32
2026-07-07 13:00:00-04:00,4156.7001953125,4157.2998046875,4156.2998046875,4156.7998046875,71
2026-07-07 13:01:00-04:00,4157.5,4157.5,4155.60009765625,4155.60009765625,48
2026-07-07 13:02:00-04:00,4155.60009765625,4157.39990234375,4155.5,4156.7001953125,53
2026-07-07 13:03:00-04:00,4156.7998046875,4157.10009765625,4156.2001953125,4156.5,41
2026-07-07 13:04:00-04:00,4156.10009765625,4157.5,4156.10009765625,4157.39990234375,53
2026-07-07 13:05:00-04:00,4157.5,4158.5,4157.0,4157.10009765625,46
2026-07-07 13:06:00-04:00,4157.0,4158.0,4156.7001953125,4157.7001953125,33
2026-07-07 13:07:00-04:00,4157.7998046875,4158.0,4157.2998046875,4157.7998046875,31
2026-07-07 13:08:00-04:00,4158.0,4158.10009765625,4157.60009765625,4157.60009765625,10
2026-07-07 13:09:00-04:00,4157.5,4157.89990234375,4157.10009765625,4157.10009765625,10
2026-07-07 13:10:00-04:00,4157.0,4157.0,4155.60009765625,4155.60009765625,29
2026-07-07 13:11:00-04:00,4155.7001953125,4156.10009765625,4155.7001953125,4156.0,27
2026-07-07 13:12:00-04:00,4155.89990234375,4155.89990234375,4154.7001953125,4155.5,50
2026-07-07 13:13:00-04:00,4155.5,4155.5,4154.10009765625,4154.10009765625,17
2026-07-07 13:14:00-04:00,4154.5,4154.5,4153.60009765625,4154.39990234375,26
2026-07-07 13:15:00-04:00,4154.2001953125,4154.60009765625,4153.10009765625,4154.0,82
2026-07-07 13:16:00-04:00,4153.60009765625,4154.10009765625,4151.7998046875,4152.2998046875,130
2026-07-07 13:17:00-04:00,4152.60009765625,4153.7998046875,4152.39990234375,4153.39990234375,40
2026-07-07 13:18:00-04:00,4153.60009765625,4154.10009765625,4153.39990234375,4153.7001953125,31
2026-07-07 13:19:00-04:00,4153.89990234375,4154.60009765625,4153.39990234375,4154.2998046875,61
2026-07-07 13:20:00-04:00,4154.2998046875,4154.89990234375,4153.7998046875,4154.0,46
2026-07-07 13:21:00-04:00,4154.2001953125,4155.2001953125,4154.0,4154.0,43
2026-07-07 13:22:00-04:00,4154.2001953125,4154.60009765625,4153.39990234375,4153.60009765625,57
2026-07-07 13:23:00-04:00,4153.39990234375,4154.7001953125,4153.10009765625,4154.60009765625,45
2026-07-07 13:24:00-04:00,4154.89990234375,4157.5,4154.7001953125,4156.60009765625,75
2026-07-07 13:25:00-04:00,4156.89990234375,4156.89990234375,4155.2998046875,4156.7998046875,73
2026-07-07 13:26:00-04:00,4156.89990234375,4157.2001953125,4156.5,4156.5,44
2026-07-07 13:27:00-04:00,4156.5,4157.60009765625,4156.0,4157.60009765625,51
2026-07-07 13:28:00-04:00,4157.5,4158.2001953125,4155.7998046875,4156.2998046875,212
2026-07-07 13:29:00-04:00,4156.39990234375,4158.2998046875,4156.2001953125,4157.5,763
2026-07-07 13:30:00-04:00,4157.7001953125,4159.2001953125,4157.39990234375,4158.7001953125,664
2026-07-07 13:31:00-04:00,4158.7998046875,4159.7998046875,4158.5,4159.60009765625,93
2026-07-07 13:32:00-04:00,4159.5,4159.5,4157.10009765625,4157.39990234375,151
2026-07-07 13:33:00-04:00,4157.60009765625,4158.5,4157.5,4158.10009765625,186
2026-07-07 13:34:00-04:00,4158.10009765625,4158.10009765625,4157.2998046875,4157.60009765625,63
2026-07-07 13:35:00-04:00,4157.5,4157.89990234375,4156.7001953125,4157.10009765625,63
2026-07-07 13:36:00-04:00,4157.7001953125,4158.2998046875,4156.7001953125,4156.7001953125,146
2026-07-07 13:37:00-04:00,4157.2001953125,4157.2001953125,4156.5,4157.2001953125,12
2026-07-07 13:38:00-04:00,4157.2001953125,4157.2998046875,4156.10009765625,4156.7001953125,17
2026-07-07 13:39:00-04:00,4156.89990234375,4158.0,4156.89990234375,4157.7001953125,24
2026-07-07 13:40:00-04:00,4157.39990234375,4158.0,4157.39990234375,4158.0,5
2026-07-07 13:41:00-04:00,4158.0,4158.5,4158.0,4158.2998046875,16
2026-07-07 13:42:00-04:00,4158.39990234375,4158.39990234375,4157.7998046875,4157.89990234375,27
2026-07-07 13:43:00-04:00,4158.7001953125,4159.2998046875,4158.5,4158.7001953125,44
2026-07-07 13:44:00-04:00,4158.89990234375,4159.2001953125,4158.0,4158.0,20
2026-07-07 13:45:00-04:00,4158.7001953125,4158.7001953125,4158.10009765625,4158.60009765625,12
2026-07-07 13:46:00-04:00,4158.60009765625,4158.60009765625,4156.7001953125,4156.89990234375,29
2026-07-07 13:47:00-04:00,4157.2998046875,4157.5,4157.10009765625,4157.2001953125,10
2026-07-07 13:48:00-04:00,4157.2001953125,4157.89990234375,4157.0,4157.89990234375,15
2026-07-07 13:49:00-04:00,4157.89990234375,4157.89990234375,4156.7001953125,4156.7001953125,27
2026-07-07 13:50:00-04:00,4156.5,4156.5,4154.7998046875,4155.2998046875,52
2026-07-07 13:51:00-04:00,4155.39990234375,4155.7001953125,4155.2998046875,4155.2998046875,11
2026-07-07 13:52:00-04:00,4155.39990234375,4155.60009765625,4155.2001953125,4155.60009765625,19
2026-07-07 13:53:00-04:00,4155.5,4155.60009765625,4154.5,4154.5,26
2026-07-07 13:54:00-04:00,4154.2998046875,4155.39990234375,4154.2998046875,4154.89990234375,19
2026-07-07 13:55:00-04:00,4155.2998046875,4155.5,4155.0,4155.2998046875,13
2026-07-07 13:56:00-04:00,4155.10009765625,4156.2998046875,4155.10009765625,4155.7998046875,10
2026-07-07 13:57:00-04:00,4155.5,4156.0,4155.39990234375,4155.89990234375,7
2026-07-07 13:58:00-04:00,4156.10009765625,4156.10009765625,4155.7001953125,4156.10009765625,8
2026-07-07 13:59:00-04:00,4155.7998046875,4156.0,4155.2001953125,4155.89990234375,15
2026-07-07 14:00:00-04:00,4156.0,4156.5,4155.0,4155.0,28
2026-07-07 14:01:00-04:00,4155.10009765625,4155.2001953125,4153.7001953125,4154.0,36
2026-07-07 14:02:00-04:00,4154.10009765625,4154.10009765625,4152.60009765625,4153.10009765625,59
2026-07-07 14:03:00-04:00,4153.2998046875,4153.5,4152.7998046875,4153.2998046875,26
2026-07-07 14:04:00-04:00,4153.0,4153.60009765625,4153.0,4153.60009765625,10
2026-07-07 14:05:00-04:00,4153.89990234375,4154.0,4153.0,4153.5,21
2026-07-07 14:06:00-04:00,4153.89990234375,4154.0,4152.89990234375,4152.89990234375,18
2026-07-07 14:07:00-04:00,4152.89990234375,4153.5,4152.7001953125,4153.39990234375,23
2026-07-07 14:08:00-04:00,4153.39990234375,4153.89990234375,4153.39990234375,4153.7998046875,5
2026-07-07 14:09:00-04:00,4153.5,4153.5,4153.0,4153.0,7
2026-07-07 14:10:00-04:00,4152.89990234375,4153.60009765625,4152.2001953125,4153.60009765625,41
2026-07-07 14:11:00-04:00,4153.39990234375,4153.39990234375,4152.7001953125,4152.89990234375,29
2026-07-07 14:12:00-04:00,4153.2001953125,4154.2998046875,4152.2998046875,4153.7001953125,30
2026-07-07 14:13:00-04:00,4153.89990234375,4153.89990234375,4153.2998046875,4153.2998046875,10
2026-07-07 14:14:00-04:00,4153.60009765625,4154.10009765625,4153.60009765625,4153.7998046875,10
2026-07-07 14:15:00-04:00,4153.7001953125,4153.7001953125,4152.10009765625,4152.7001953125,47
2026-07-07 14:16:00-04:00,4152.5,4152.89990234375,4152.2998046875,4152.5,23
2026-07-07 14:17:00-04:00,4152.5,4152.60009765625,4151.5,4152.5,45
2026-07-07 14:18:00-04:00,4152.0,4152.10009765625,4151.2998046875,4152.0,48
2026-07-07 14:19:00-04:00,4152.2001953125,4153.2001953125,4151.5,4153.10009765625,60
2026-07-07 14:20:00-04:00,4153.0,4153.2998046875,4152.5,4152.5,15
2026-07-07 14:21:00-04:00,4152.10009765625,4152.60009765625,4152.10009765625,4152.5,9
2026-07-07 14:22:00-04:00,4153.0,4155.60009765625,4153.0,4155.2998046875,78
2026-07-07 14:23:00-04:00,4155.2001953125,4155.5,4155.0,4155.0,19
2026-07-07 14:24:00-04:00,4155.0,4155.7998046875,4154.39990234375,4154.39990234375,29
2026-07-07 14:25:00-04:00,4154.5,4154.7998046875,4154.5,4154.7001953125,5
2026-07-07 14:26:00-04:00,4155.2998046875,4155.60009765625,4152.89990234375,4153.2998046875,48
2026-07-07 14:27:00-04:00,4153.60009765625,4153.89990234375,4153.2998046875,4153.89990234375,23
2026-07-07 14:28:00-04:00,4153.7998046875,4153.7998046875,4153.60009765625,4153.60009765625,4
2026-07-07 14:29:00-04:00,4153.5,4154.2001953125,4153.10009765625,4153.10009765625,26
2026-07-07 14:30:00-04:00,4152.89990234375,4153.39990234375,4150.2998046875,4151.10009765625,214
2026-07-07 14:31:00-04:00,4151.89990234375,4151.89990234375,4151.10009765625,4151.2998046875,10
2026-07-07 14:32:00-04:00,4151.7001953125,4151.7001953125,4149.60009765625,4149.60009765625,36
2026-07-07 14:33:00-04:00,4149.89990234375,4150.0,4147.7001953125,4148.60009765625,104
2026-07-07 14:34:00-04:00,4148.7998046875,4150.5,4148.5,4150.5,54
2026-07-07 14:35:00-04:00,4150.5,4151.60009765625,4150.5,4151.60009765625,25
2026-07-07 14:36:00-04:00,4151.7998046875,4153.0,4151.2001953125,4153.0,35
2026-07-07 14:37:00-04:00,4153.10009765625,4153.7001953125,4152.7998046875,4153.2001953125,15
2026-07-07 14:38:00-04:00,4153.2998046875,4153.7998046875,4153.2998046875,4153.7998046875,8
2026-07-07 14:39:00-04:00,4153.5,4153.5,4152.7001953125,4152.89990234375,17
2026-07-07 14:40:00-04:00,4152.89990234375,4152.89990234375,4151.89990234375,4151.89990234375,52
2026-07-07 14:41:00-04:00,4151.7998046875,4152.39990234375,4151.5,4151.89990234375,17
2026-07-07 14:42:00-04:00,4152.10009765625,4152.2001953125,4151.2998046875,4151.7998046875,12
2026-07-07 14:43:00-04:00,4152.0,4152.0,4151.5,4152.0,19
2026-07-07 14:44:00-04:00,4152.7998046875,4153.2001953125,4152.7998046875,4153.0,18
2026-07-07 14:45:00-04:00,4153.7001953125,4154.0,4153.2001953125,4153.2001953125,22
2026-07-07 14:46:00-04:00,4153.5,4153.7001953125,4153.10009765625,4153.10009765625,14
2026-07-07 14:47:00-04:00,4153.5,4154.0,4152.5,4153.10009765625,66
2026-07-07 14:48:00-04:00,4152.89990234375,4153.10009765625,4149.2001953125,4149.2998046875,162
2026-07-07 14:49:00-04:00,4149.10009765625,4149.10009765625,4143.5,4146.60009765625,594
2026-07-07 14:50:00-04:00,4146.10009765625,4148.0,4143.2998046875,4143.60009765625,149
2026-07-07 14:51:00-04:00,4143.39990234375,4143.89990234375,4136.89990234375,4140.89990234375,586
2026-07-07 14:52:00-04:00,4140.0,4141.2001953125,4139.10009765625,4139.10009765625,113
2026-07-07 14:53:00-04:00,4139.10009765625,4140.5,4136.60009765625,4137.2001953125,479
2026-07-07 14:54:00-04:00,4138.2001953125,4139.10009765625,4136.10009765625,4138.10009765625,127
2026-07-07 14:55:00-04:00,4138.0,4139.60009765625,4136.89990234375,4138.7998046875,115
2026-07-07 14:56:00-04:00,4139.2001953125,4142.2001953125,4139.2001953125,4142.10009765625,74
2026-07-07 14:57:00-04:00,4141.60009765625,4141.7998046875,4138.89990234375,4139.7001953125,80
2026-07-07 14:58:00-04:00,4139.7001953125,4141.39990234375,4139.2998046875,4139.89990234375,61
2026-07-07 14:59:00-04:00,4139.60009765625,4140.2998046875,4136.7001953125,4138.0,92
2026-07-07 15:00:00-04:00,4137.89990234375,4138.7001953125,4134.0,4134.2998046875,213
2026-07-07 15:01:00-04:00,4134.10009765625,4134.10009765625,4128.89990234375,4129.2001953125,491
2026-07-07 15:02:00-04:00,4129.5,4132.0,4129.5,4131.7998046875,132
2026-07-07 15:03:00-04:00,4131.89990234375,4133.39990234375,4130.39990234375,4131.2001953125,145
2026-07-07 15:04:00-04:00,4131.2001953125,4132.39990234375,4129.89990234375,4132.0,89
2026-07-07 15:05:00-04:00,4132.5,4132.5,4129.89990234375,4130.5,74
2026-07-07 15:06:00-04:00,4130.39990234375,4131.10009765625,4127.7998046875,4128.2998046875,121
2026-07-07 15:07:00-04:00,4128.39990234375,4129.0,4118.5,4120.2998046875,1371
2026-07-07 15:08:00-04:00,4119.89990234375,4121.60009765625,4119.0,4120.10009765625,313
2026-07-07 15:09:00-04:00,4120.0,4124.39990234375,4119.89990234375,4122.0,221
2026-07-07 15:10:00-04:00,4121.89990234375,4122.39990234375,4117.89990234375,4118.5,275
2026-07-07 15:11:00-04:00,4118.60009765625,4119.2001953125,4114.2998046875,4115.7998046875,477
2026-07-07 15:12:00-04:00,4116.10009765625,4116.7001953125,4113.60009765625,4115.2998046875,529
2026-07-07 15:13:00-04:00,4115.5,4119.89990234375,4114.7998046875,4117.7998046875,273
2026-07-07 15:14:00-04:00,4117.7998046875,4118.0,4115.60009765625,4116.60009765625,81
2026-07-07 15:15:00-04:00,4116.10009765625,4116.2998046875,4107.2998046875,4108.7001953125,853
2026-07-07 15:16:00-04:00,4108.89990234375,4110.7998046875,4107.5,4109.2998046875,369
2026-07-07 15:17:00-04:00,4109.2998046875,4114.60009765625,4109.2001953125,4112.5,325
2026-07-07 15:18:00-04:00,4112.2001953125,4112.39990234375,4102.7001953125,4104.2001953125,570
2026-07-07 15:19:00-04:00,4104.2001953125,4110.2001953125,4104.0,4109.39990234375,317
2026-07-07 15:20:00-04:00,4109.2998046875,4110.7001953125,4104.2001953125,4107.89990234375,243
2026-07-07 15:21:00-04:00,4107.39990234375,4109.2001953125,4105.2001953125,4108.0,315
2026-07-07 15:22:00-04:00,4108.5,4112.0,4108.5,4110.7001953125,176
2026-07-07 15:23:00-04:00,4110.39990234375,4112.39990234375,4109.89990234375,4112.2001953125,258
2026-07-07 15:24:00-04:00,4112.39990234375,4113.60009765625,4111.2998046875,4112.2998046875,137
2026-07-07 15:25:00-04:00,4112.2001953125,4112.2998046875,4108.89990234375,4111.2001953125,94
2026-07-07 15:26:00-04:00,4111.2998046875,4112.5,4110.7998046875,4111.7001953125,64
2026-07-07 15:27:00-04:00,4112.0,4115.39990234375,4112.0,4115.10009765625,165
2026-07-07 15:28:00-04:00,4115.10009765625,4117.10009765625,4114.7001953125,4116.39990234375,314
2026-07-07 15:29:00-04:00,4116.39990234375,4117.7001953125,4113.89990234375,4114.2998046875,179
2026-07-07 15:30:00-04:00,4114.2998046875,4119.7998046875,4114.2998046875,4119.2001953125,172
2026-07-07 15:31:00-04:00,4119.2998046875,4121.7998046875,4119.0,4119.7001953125,247
2026-07-07 15:32:00-04:00,4119.7001953125,4120.10009765625,4118.7998046875,4120.0,89
2026-07-07 15:33:00-04:00,4120.39990234375,4121.7001953125,4120.2001953125,4121.10009765625,47
2026-07-07 15:34:00-04:00,4121.0,4124.2998046875,4120.39990234375,4123.2001953125,185
2026-07-07 15:35:00-04:00,4123.5,4125.89990234375,4123.0,4124.7001953125,261
2026-07-07 15:36:00-04:00,4124.7998046875,4125.10009765625,4122.2001953125,4122.7001953125,106
2026-07-07 15:37:00-04:00,4122.89990234375,4123.7001953125,4121.7001953125,4123.2998046875,70
2026-07-07 15:38:00-04:00,4123.2998046875,4124.60009765625,4122.89990234375,4123.60009765625,55
2026-07-07 15:39:00-04:00,4123.39990234375,4123.7001953125,4120.39990234375,4121.39990234375,182
2026-07-07 15:40:00-04:00,4121.2001953125,4122.7001953125,4120.7001953125,4121.39990234375,107
2026-07-07 15:41:00-04:00,4121.2998046875,4122.5,4120.0,4122.0,80
2026-07-07 15:42:00-04:00,4122.5,4122.7001953125,4119.2998046875,4119.39990234375,90
2026-07-07 15:43:00-04:00,4119.5,4120.2998046875,4118.89990234375,4119.60009765625,88
2026-07-07 15:44:00-04:00,4119.2998046875,4121.0,4119.2001953125,4120.0,46
2026-07-07 15:45:00-04:00,4120.2998046875,4123.10009765625,4119.2001953125,4122.7001953125,267
2026-07-07 15:46:00-04:00,4122.7998046875,4124.7998046875,4122.7998046875,4123.10009765625,86
2026-07-07 15:47:00-04:00,4122.89990234375,4122.89990234375,4120.7998046875,4121.10009765625,62
2026-07-07 15:48:00-04:00,4121.2001953125,4121.89990234375,4120.5,4120.7998046875,83
2026-07-07 15:49:00-04:00,4120.7001953125,4123.5,4120.60009765625,4123.10009765625,22
2026-07-07 15:50:00-04:00,4123.39990234375,4123.5,4121.39990234375,4122.39990234375,35
2026-07-07 15:51:00-04:00,4122.39990234375,4123.0,4121.5,4123.0,30
2026-07-07 15:52:00-04:00,4122.7001953125,4123.0,4122.0,4122.7001953125,29
2026-07-07 15:53:00-04:00,4122.89990234375,4123.7998046875,4121.5,4123.0,137
2026-07-07 15:54:00-04:00,4123.5,4126.7998046875,4123.5,4126.60009765625,92
2026-07-07 15:55:00-04:00,4126.39990234375,4128.89990234375,4125.5,4127.5,362
2026-07-07 15:56:00-04:00,4127.5,4127.7998046875,4126.0,4126.7001953125,420
2026-07-07 15:57:00-04:00,4127.0,4128.2001953125,4127.0,4127.10009765625,61
2026-07-07 15:58:00-04:00,4127.5,4128.2998046875,4125.2998046875,4126.0,240
2026-07-07 15:59:00-04:00,4126.0,4126.5,4124.60009765625,4125.10009765625,317
2026-07-07 16:00:00-04:00,4125.2998046875,4125.39990234375,4123.60009765625,4123.89990234375,119
2026-07-07 16:01:00-04:00,4124.39990234375,4125.5,4124.2001953125,4125.10009765625,45
2026-07-07 16:02:00-04:00,4125.60009765625,4126.5,4125.39990234375,4126.0,25
2026-07-07 16:03:00-04:00,4125.7998046875,4125.7998046875,4124.39990234375,4124.7001953125,26
2026-07-07 16:04:00-04:00,4124.89990234375,4126.10009765625,4124.89990234375,4126.10009765625,9
2026-07-07 16:05:00-04:00,4125.89990234375,4125.89990234375,4125.0,4125.60009765625,24
2026-07-07 16:06:00-04:00,4125.39990234375,4126.5,4125.0,4125.7001953125,18
2026-07-07 16:07:00-04:00,4125.5,4125.5,4124.7998046875,4125.2998046875,49
2026-07-07 16:08:00-04:00,4125.2001953125,4125.2001953125,4123.7998046875,4124.10009765625,34
2026-07-07 16:09:00-04:00,4124.39990234375,4125.2001953125,4123.7998046875,4124.89990234375,13
2026-07-07 16:10:00-04:00,4125.10009765625,4126.0,4125.0,4125.2001953125,31
2026-07-07 16:11:00-04:00,4125.2998046875,4126.7001953125,4125.2001953125,4126.0,38
2026-07-07 16:12:00-04:00,4125.89990234375,4126.0,4125.10009765625,4125.10009765625,5
2026-07-07 16:13:00-04:00,4125.10009765625,4125.10009765625,4124.7001953125,4124.7001953125,6
2026-07-07 16:14:00-04:00,4124.7998046875,4124.7998046875,4123.10009765625,4123.7001953125,112
2026-07-07 16:15:00-04:00,4124.0,4124.0,4123.0,4123.39990234375,65
2026-07-07 16:16:00-04:00,4123.2001953125,4123.2998046875,4122.0,4122.2998046875,123
2026-07-07 16:17:00-04:00,4122.2001953125,4122.2001953125,4120.10009765625,4120.5,94
2026-07-07 16:18:00-04:00,4120.7998046875,4121.10009765625,4118.39990234375,4119.0,217
2026-07-07 16:19:00-04:00,4119.10009765625,4120.10009765625,4118.7001953125,4120.10009765625,30
2026-07-07 16:20:00-04:00,4119.7998046875,4119.7998046875,4119.2998046875,4119.2998046875,26
2026-07-07 16:21:00-04:00,4119.7001953125,4119.7001953125,4118.0,4118.10009765625,42
2026-07-07 16:22:00-04:00,4117.7001953125,4117.7998046875,4117.39990234375,4117.60009765625,31
2026-07-07 16:23:00-04:00,4117.5,4118.60009765625,4117.2998046875,4118.2001953125,17
2026-07-07 16:24:00-04:00,4118.2998046875,4119.2998046875,4118.2998046875,4119.10009765625,16
2026-07-07 16:25:00-04:00,4119.7001953125,4120.60009765625,4119.5,4120.60009765625,29
2026-07-07 16:26:00-04:00,4120.60009765625,4121.7998046875,4120.60009765625,4121.60009765625,29
2026-07-07 16:27:00-04:00,4121.7998046875,4121.7998046875,4120.60009765625,4121.2998046875,42
2026-07-07 16:28:00-04:00,4121.2001953125,4121.2001953125,4120.39990234375,4120.39990234375,6
2026-07-07 16:29:00-04:00,4120.2001953125,4121.7998046875,4120.10009765625,4121.60009765625,30
2026-07-07 16:30:00-04:00,4121.5,4121.7998046875,4120.2001953125,4120.5,26
2026-07-07 16:31:00-04:00,4120.89990234375,4120.89990234375,4119.89990234375,4120.39990234375,16
2026-07-07 16:32:00-04:00,4120.2998046875,4120.2998046875,4120.0,4120.0,4
2026-07-07 16:33:00-04:00,4120.2001953125,4120.2001953125,4119.0,4119.0,28
2026-07-07 16:34:00-04:00,4118.7001953125,4119.0,4117.89990234375,4117.89990234375,61
2026-07-07 16:35:00-04:00,4118.0,4118.2998046875,4117.2001953125,4117.2998046875,106
2026-07-07 16:36:00-04:00,4117.7001953125,4117.7001953125,4116.7998046875,4116.7998046875,12
2026-07-07 16:37:00-04:00,4116.5,4116.5,4115.39990234375,4115.39990234375,37
2026-07-07 16:38:00-04:00,4115.39990234375,4117.0,4115.39990234375,4116.89990234375,23
2026-07-07 16:39:00-04:00,4116.7998046875,4117.0,4115.7001953125,4115.7001953125,12
2026-07-07 16:40:00-04:00,4115.5,4116.39990234375,4115.5,4115.7001953125,18
2026-07-07 16:41:00-04:00,4115.60009765625,4117.10009765625,4115.60009765625,4116.39990234375,16
2026-07-07 16:42:00-04:00,4116.10009765625,4116.10009765625,4115.7998046875,4116.0,7
2026-07-07 16:43:00-04:00,4116.2001953125,4117.89990234375,4116.10009765625,4117.7001953125,18
2026-07-07 16:44:00-04:00,4117.39990234375,4117.39990234375,4116.2001953125,4116.2998046875,62
2026-07-07 16:45:00-04:00,4116.39990234375,4117.5,4116.39990234375,4116.89990234375,17
2026-07-07 16:46:00-04:00,4116.89990234375,4117.0,4116.2001953125,4116.60009765625,12
2026-07-07 16:47:00-04:00,4116.7001953125,4116.7001953125,4115.7001953125,4116.0,17
2026-07-07 16:48:00-04:00,4115.89990234375,4116.60009765625,4115.60009765625,4116.60009765625,11
2026-07-07 16:49:00-04:00,4116.39990234375,4116.7001953125,4116.2001953125,4116.2001953125,6
2026-07-07 16:50:00-04:00,4116.0,4116.2998046875,4114.7998046875,4115.0,25
2026-07-07 16:51:00-04:00,4114.7998046875,4115.2001953125,4114.2001953125,4114.7001953125,39
2026-07-07 16:52:00-04:00,4114.7001953125,4115.7001953125,4114.7001953125,4115.7001953125,20
2026-07-07 16:53:00-04:00,4116.10009765625,4116.89990234375,4116.10009765625,4116.39990234375,8
2026-07-07 16:54:00-04:00,4116.0,4116.10009765625,4115.39990234375,4116.10009765625,11
2026-07-07 16:55:00-04:00,4116.0,4116.2998046875,4114.7998046875,4115.10009765625,37
2026-07-07 16:56:00-04:00,4115.10009765625,4116.5,4115.10009765625,4116.10009765625,41
2026-07-07 16:57:00-04:00,4115.89990234375,4117.7001953125,4115.89990234375,4117.7001953125,45
2026-07-07 16:58:00-04:00,4117.5,4117.7001953125,4116.60009765625,4117.0,25
2026-07-07 16:59:00-04:00,4117.0,4117.39990234375,4116.60009765625,4116.60009765625,42
2026-07-07 18:00:00-04:00,4106.5,4113.60009765625,4105.2001953125,4105.39990234375,0
2026-07-07 18:01:00-04:00,4105.2998046875,4113.7998046875,4104.0,4112.2001953125,106
2026-07-07 18:02:00-04:00,4111.89990234375,4112.5,4109.60009765625,4110.7998046875,54
2026-07-07 18:03:00-04:00,4110.7001953125,4116.5,4110.10009765625,4114.2001953125,155
2026-07-07 18:04:00-04:00,4114.2001953125,4116.0,4114.2001953125,4115.2998046875,73
2026-07-07 18:05:00-04:00,4115.89990234375,4116.89990234375,4113.5,4113.5,92
2026-07-07 18:06:00-04:00,4113.5,4113.7001953125,4112.60009765625,4113.5,121
2026-07-07 18:07:00-04:00,4113.2001953125,4113.2001953125,4111.5,4111.5,131
2026-07-07 18:08:00-04:00,4111.60009765625,4113.2998046875,4111.39990234375,4112.2998046875,171
2026-07-07 18:09:00-04:00,4112.2001953125,4112.5,4111.2998046875,4112.0,90
2026-07-07 18:10:00-04:00,4111.7001953125,4112.7998046875,4111.2001953125,4112.7998046875,22
2026-07-07 18:11:00-04:00,4113.10009765625,4114.89990234375,4113.10009765625,4114.39990234375,30
2026-07-07 18:12:00-04:00,4115.0,4115.10009765625,4114.0,4114.5,11
2026-07-07 18:13:00-04:00,4114.0,4114.39990234375,4113.7998046875,4114.10009765625,4
2026-07-07 18:14:00-04:00,4114.2998046875,4115.10009765625,4114.10009765625,4114.5,10
2026-07-07 18:15:00-04:00,4114.7001953125,4115.10009765625,4114.10009765625,4114.89990234375,10
2026-07-07 18:16:00-04:00,4114.2998046875,4114.60009765625,4114.0,4114.60009765625,25
2026-07-07 18:17:00-04:00,4114.5,4114.5,4113.7998046875,4114.0,33
2026-07-07 18:18:00-04:00,4113.7998046875,4114.0,4113.2998046875,4113.60009765625,36
2026-07-07 18:19:00-04:00,4113.2998046875,4113.60009765625,4112.0,4113.60009765625,67
2026-07-07 18:20:00-04:00,4113.60009765625,4113.60009765625,4113.2998046875,4113.60009765625,5
2026-07-07 18:21:00-04:00,4113.10009765625,4114.2001953125,4113.10009765625,4114.2001953125,8
2026-07-07 18:22:00-04:00,4113.7001953125,4114.10009765625,4113.7001953125,4113.7998046875,11
2026-07-07 18:23:00-04:00,4113.39990234375,4113.39990234375,4112.2001953125,4112.5,13
2026-07-07 18:24:00-04:00,4112.7001953125,4113.2998046875,4112.7001953125,4113.10009765625,16
2026-07-07 18:25:00-04:00,4113.10009765625,4113.2001953125,4112.5,4113.0,7
2026-07-07 18:26:00-04:00,4112.5,4112.5,4112.0,4112.2998046875,18
2026-07-07 18:27:00-04:00,4112.39990234375,4112.60009765625,4112.39990234375,4112.60009765625,3
2026-07-07 18:28:00-04:00,4112.39990234375,4112.60009765625,4112.0,4112.10009765625,11
2026-07-07 18:29:00-04:00,4112.2998046875,4112.2998046875,4110.39990234375,4110.5,37
2026-07-07 18:30:00-04:00,4110.2001953125,4111.5,4110.2001953125,4110.2001953125,29
2026-07-07 18:31:00-04:00,4110.39990234375,4110.60009765625,4110.10009765625,4110.10009765625,16
2026-07-07 18:32:00-04:00,4110.7998046875,4111.0,4110.39990234375,4110.39990234375,8
2026-07-07 18:33:00-04:00,4110.7998046875,4111.2001953125,4110.39990234375,4110.60009765625,22
2026-07-07 18:34:00-04:00,4110.60009765625,4110.7001953125,4109.39990234375,4110.39990234375,35
2026-07-07 18:35:00-04:00,4110.89990234375,4112.7001953125,4110.7998046875,4112.39990234375,30
2026-07-07 18:36:00-04:00,4112.60009765625,4112.89990234375,4112.10009765625,4112.39990234375,22
2026-07-07 18:37:00-04:00,4111.7001953125,4112.2998046875,4111.60009765625,4112.2998046875,6
2026-07-07 18:38:00-04:00,4111.5,4112.39990234375,4111.39990234375,4111.7998046875,24
2026-07-07 18:39:00-04:00,4112.10009765625,4113.2998046875,4111.39990234375,4113.2001953125,36
2026-07-07 18:40:00-04:00,4113.2001953125,4113.2001953125,4111.2998046875,4111.2998046875,47
2026-07-07 18:41:00-04:00,4111.60009765625,4112.5,4110.89990234375,4111.0,69
2026-07-07 18:42:00-04:00,4111.60009765625,4113.39990234375,4111.5,4112.7998046875,36
2026-07-07 18:43:00-04:00,4112.7998046875,4113.2998046875,4111.7001953125,4111.7998046875,32
2026-07-07 18:44:00-04:00,4111.7998046875,4113.0,4111.39990234375,4112.0,29
2026-07-07 18:45:00-04:00,4111.7998046875,4111.7998046875,4110.0,4110.5,21
2026-07-07 18:46:00-04:00,4110.0,4110.39990234375,4109.2001953125,4110.0,33
2026-07-07 18:47:00-04:00,4109.7001953125,4109.7001953125,4109.0,4109.2001953125,26
2026-07-07 18:48:00-04:00,4109.5,4110.0,4109.2001953125,4109.2998046875,16
2026-07-07 18:49:00-04:00,4109.2001953125,4109.60009765625,4108.0,4108.7998046875,61
2026-07-07 18:50:00-04:00,4108.7998046875,4109.0,4106.60009765625,4107.0,150
2026-07-07 18:51:00-04:00,4107.5,4110.60009765625,4107.5,4110.2001953125,44
2026-07-07 18:52:00-04:00,4109.89990234375,4111.2001953125,4109.60009765625,4109.7998046875,44
2026-07-07 18:53:00-04:00,4109.7998046875,4110.60009765625,4109.2998046875,4110.2998046875,51
2026-07-07 18:54:00-04:00,4110.0,4110.0,4108.10009765625,4108.60009765625,121
2026-07-07 18:55:00-04:00,4108.7001953125,4108.7001953125,4108.2001953125,4108.2998046875,13
2026-07-07 18:56:00-04:00,4108.60009765625,4110.2998046875,4108.2001953125,4109.2001953125,86
2026-07-07 18:57:00-04:00,4109.0,4109.0,4106.60009765625,4108.5,82
2026-07-07 18:58:00-04:00,4107.89990234375,4108.7001953125,4107.2998046875,4108.5,54
2026-07-07 18:59:00-04:00,4108.89990234375,4110.60009765625,4108.89990234375,4109.5,41
2026-07-07 19:00:00-04:00,4109.0,4109.39990234375,4107.7001953125,4109.2001953125,105
2026-07-07 19:01:00-04:00,4108.89990234375,4110.60009765625,4107.60009765625,4109.60009765625,70
2026-07-07 19:02:00-04:00,4109.7998046875,4111.0,4107.60009765625,4107.60009765625,54
2026-07-07 19:03:00-04:00,4107.7001953125,4109.10009765625,4107.2998046875,4109.10009765625,39
2026-07-07 19:04:00-04:00,4108.89990234375,4112.7998046875,4108.39990234375,4112.5,98
2026-07-07 19:05:00-04:00,4111.60009765625,4114.60009765625,4111.5,4114.10009765625,92
2026-07-07 19:06:00-04:00,4114.5,4116.5,4114.39990234375,4115.5,87
2026-07-07 19:07:00-04:00,4115.0,4116.5,4114.60009765625,4116.39990234375,131
2026-07-07 19:08:00-04:00,4116.0,4117.89990234375,4115.7001953125,4117.60009765625,67
2026-07-07 19:09:00-04:00,4117.60009765625,4118.0,4116.2998046875,4116.60009765625,93
2026-07-07 19:10:00-04:00,4116.2998046875,4118.89990234375,4115.60009765625,4117.5,106
2026-07-07 19:11:00-04:00,4117.60009765625,4118.10009765625,4116.7001953125,4117.7001953125,97
2026-07-07 19:12:00-04:00,4117.7001953125,4118.2998046875,4115.7998046875,4117.7001953125,81
2026-07-07 19:13:00-04:00,4117.2001953125,4118.10009765625,4116.60009765625,4117.10009765625,74
2026-07-07 19:14:00-04:00,4117.2001953125,4117.2001953125,4115.2001953125,4116.60009765625,49
2026-07-07 19:15:00-04:00,4116.39990234375,4116.39990234375,4115.10009765625,4115.39990234375,86
2026-07-07 19:16:00-04:00,4115.0,4116.2998046875,4113.7998046875,4114.0,56
2026-07-07 19:17:00-04:00,4113.7998046875,4114.5,4112.39990234375,4113.60009765625,74
2026-07-07 19:18:00-04:00,4113.2001953125,4114.60009765625,4112.39990234375,4113.60009765625,45
2026-07-07 19:19:00-04:00,4113.2998046875,4113.60009765625,4112.2001953125,4113.2001953125,32
2026-07-07 19:20:00-04:00,4113.5,4114.5,4112.10009765625,4112.10009765625,24
2026-07-07 19:21:00-04:00,4112.39990234375,4113.39990234375,4112.0,4112.2998046875,28
2026-07-07 19:22:00-04:00,4112.39990234375,4113.2998046875,4112.0,4112.2998046875,27
2026-07-07 19:23:00-04:00,4112.2001953125,4113.60009765625,4111.7998046875,4112.7998046875,68
2026-07-07 19:24:00-04:00,4113.10009765625,4115.2001953125,4112.7998046875,4114.89990234375,24
2026-07-07 19:25:00-04:00,4113.89990234375,4114.89990234375,4113.2998046875,4114.39990234375,38
2026-07-07 19:26:00-04:00,4114.5,4115.89990234375,4114.2998046875,4115.7001953125,16
2026-07-07 19:27:00-04:00,4115.5,4116.5,4115.5,4116.5,10
2026-07-07 19:28:00-04:00,4116.0,4117.7998046875,4115.89990234375,4116.39990234375,60
2026-07-07 19:29:00-04:00,4116.2001953125,4116.5,4115.7001953125,4116.0,23
2026-07-07 19:30:00-04:00,4115.89990234375,4116.2001953125,4115.60009765625,4116.10009765625,11
2026-07-07 19:31:00-04:00,4116.10009765625,4116.2998046875,4115.89990234375,4115.89990234375,7
2026-07-07 19:32:00-04:00,4115.2001953125,4115.2001953125,4113.2998046875,4113.2998046875,9
2026-07-07 19:33:00-04:00,4113.0,4113.0,4111.5,4111.7998046875,29
2026-07-07 19:34:00-04:00,4111.7998046875,4113.10009765625,4111.7998046875,4112.7001953125,10
2026-07-07 19:35:00-04:00,4112.2998046875,4113.5,4112.2998046875,4112.39990234375,7
2026-07-07 19:36:00-04:00,4111.7001953125,4112.60009765625,4111.7001953125,4111.89990234375,7
2026-07-07 19:37:00-04:00,4112.0,4112.0,4111.7998046875,4111.7998046875,2
2026-07-07 19:38:00-04:00,4112.39990234375,4113.10009765625,4112.39990234375,4112.60009765625,12
2026-07-07 19:39:00-04:00,4112.89990234375,4113.0,4112.7001953125,4112.7001953125,4
2026-07-07 19:40:00-04:00,4112.2998046875,4114.7001953125,4112.2998046875,4113.39990234375,50
2026-07-07 19:41:00-04:00,4113.2998046875,4113.89990234375,4113.2998046875,4113.39990234375,12
2026-07-07 19:42:00-04:00,4112.39990234375,4113.60009765625,4110.60009765625,4111.60009765625,133
2026-07-07 19:43:00-04:00,4111.5,4112.39990234375,4107.89990234375,4107.89990234375,200
2026-07-07 19:44:00-04:00,4108.2001953125,4110.0,4108.10009765625,4109.2001953125,116
2026-07-07 19:45:00-04:00,4108.7998046875,4109.7998046875,4106.2998046875,4107.10009765625,139
2026-07-07 19:46:00-04:00,4107.2001953125,4108.7998046875,4106.7001953125,4106.7001953125,77
2026-07-07 19:47:00-04:00,4106.60009765625,4109.2998046875,4106.60009765625,4109.10009765625,76
2026-07-07 19:48:00-04:00,4108.60009765625,4109.7001953125,4108.39990234375,4109.0,17
2026-07-07 19:49:00-04:00,4109.10009765625,4109.10009765625,4107.7001953125,4108.5,23
2026-07-07 19:50:00-04:00,4108.7001953125,4109.7001953125,4108.7001953125,4109.7001953125,9
2026-07-07 19:51:00-04:00,4110.10009765625,4110.2998046875,4110.0,4110.2998046875,6
2026-07-07 19:52:00-04:00,4110.39990234375,4112.0,4110.2998046875,4110.7001953125,38
2026-07-07 19:53:00-04:00,4111.2001953125,4111.7001953125,4109.10009765625,4109.5,32
2026-07-07 19:54:00-04:00,4108.89990234375,4108.89990234375,4108.5,4108.7998046875,9
2026-07-07 19:55:00-04:00,4108.60009765625,4108.60009765625,4107.89990234375,4108.2001953125,8
2026-07-07 19:56:00-04:00,4108.0,4108.2998046875,4107.60009765625,4108.0,10
2026-07-07 19:57:00-04:00,4108.0,4108.39990234375,4107.10009765625,4107.7001953125,11
2026-07-07 19:58:00-04:00,4107.7998046875,4108.0,4106.2998046875,4106.60009765625,43
2026-07-07 19:59:00-04:00,4106.7001953125,4109.10009765625,4106.5,4108.7998046875,22
2026-07-07 20:00:00-04:00,4108.5,4112.0,4107.39990234375,4107.60009765625,47
2026-07-07 20:01:00-04:00,4107.5,4111.0,4107.5,4110.10009765625,17
2026-07-07 20:02:00-04:00,4110.0,4110.2001953125,4108.2001953125,4110.2001953125,21
2026-07-07 20:03:00-04:00,4110.0,4110.60009765625,4108.39990234375,4109.10009765625,7
2026-07-07 20:04:00-04:00,4111.0,4112.7998046875,4110.7998046875,4112.7001953125,27
2026-07-07 20:05:00-04:00,4113.0,4113.0,4111.39990234375,4112.0,34
2026-07-07 20:06:00-04:00,4112.60009765625,4112.89990234375,4110.7998046875,4110.7998046875,24
2026-07-07 20:07:00-04:00,4111.10009765625,4111.39990234375,4109.7001953125,4109.7998046875,17
2026-07-07 20:08:00-04:00,4110.10009765625,4110.10009765625,4108.39990234375,4108.7001953125,21
2026-07-07 20:09:00-04:00,4109.10009765625,4110.0,4109.10009765625,4110.0,6
2026-07-07 20:10:00-04:00,4110.2998046875,4111.7998046875,4110.2001953125,4110.2001953125,27
2026-07-07 20:11:00-04:00,4111.2998046875,4111.2998046875,4109.60009765625,4110.2998046875,36
2026-07-07 20:12:00-04:00,4112.0,4113.7998046875,4112.0,4113.5,39
2026-07-07 20:13:00-04:00,4113.89990234375,4114.39990234375,4112.7998046875,4113.10009765625,48
2026-07-07 20:14:00-04:00,4113.0,4113.0,4109.7998046875,4110.2998046875,25
2026-07-07 20:15:00-04:00,4111.5,4113.39990234375,4111.5,4113.2998046875,19
2026-07-07 20:16:00-04:00,4111.89990234375,4112.89990234375,4111.60009765625,4111.7001953125,8
2026-07-07 20:17:00-04:00,4111.2001953125,4112.0,4109.10009765625,4109.7001953125,66
2026-07-07 20:18:00-04:00,4110.0,4111.0,4109.39990234375,4110.2998046875,55
2026-07-07 20:19:00-04:00,4109.5,4113.39990234375,4109.10009765625,4113.2001953125,59
2026-07-07 20:20:00-04:00,4114.0,4114.0,4111.0,4111.39990234375,40
2026-07-07 20:21:00-04:00,4111.60009765625,4114.0,4111.60009765625,4114.0,28
2026-07-07 20:22:00-04:00,4113.7998046875,4114.2998046875,4112.89990234375,4113.89990234375,17
2026-07-07 20:23:00-04:00,4114.0,4115.89990234375,4114.0,4115.5,32
2026-07-07 20:24:00-04:00,4115.7001953125,4116.39990234375,4115.39990234375,4116.39990234375,25
2026-07-07 20:25:00-04:00,4116.2001953125,4116.2998046875,4114.5,4115.39990234375,73
2026-07-07 20:26:00-04:00,4115.10009765625,4117.0,4114.89990234375,4116.89990234375,21
2026-07-07 20:27:00-04:00,4117.0,4118.5,4116.2001953125,4117.2001953125,86
2026-07-07 20:28:00-04:00,4116.89990234375,4118.2998046875,4116.5,4118.2001953125,31
2026-07-07 20:29:00-04:00,4118.60009765625,4118.60009765625,4115.0,4115.5,34
2026-07-07 20:30:00-04:00,4116.2998046875,4116.2998046875,4114.7998046875,4115.89990234375,15
2026-07-07 20:31:00-04:00,4115.2001953125,4117.60009765625,4114.7001953125,4117.60009765625,32
2026-07-07 20:32:00-04:00,4117.60009765625,4118.60009765625,4117.2001953125,4118.10009765625,33
2026-07-07 20:33:00-04:00,4118.2998046875,4118.5,4117.7998046875,4117.7998046875,21
2026-07-07 20:34:00-04:00,4118.39990234375,4120.39990234375,4118.39990234375,4120.2001953125,61
2026-07-07 20:35:00-04:00,4120.2998046875,4122.5,4118.2001953125,4118.39990234375,156
2026-07-07 20:36:00-04:00,4118.7998046875,4120.60009765625,4118.2998046875,4120.10009765625,63
2026-07-07 20:37:00-04:00,4119.89990234375,4124.89990234375,4119.5,4124.0,212
2026-07-07 20:38:00-04:00,4123.89990234375,4130.7001953125,4123.89990234375,4130.2998046875,305
2026-07-07 20:39:00-04:00,4130.2998046875,4134.10009765625,4129.5,4133.7001953125,266
2026-07-07 20:40:00-04:00,4133.39990234375,4136.5,4133.2001953125,4134.7001953125,155
2026-07-07 20:41:00-04:00,4134.7001953125,4135.7998046875,4131.7001953125,4135.2001953125,133
2026-07-07 20:42:00-04:00,4134.89990234375,4135.2998046875,4133.39990234375,4133.5,39
2026-07-07 20:43:00-04:00,4133.7998046875,4135.0,4132.0,4135.0,114
2026-07-07 20:44:00-04:00,4135.2001953125,4137.10009765625,4133.39990234375,4134.2001953125,59
2026-07-07 20:45:00-04:00,4134.5,4135.5,4134.5,4135.0,17
2026-07-07 20:46:00-04:00,4133.7001953125,4133.89990234375,4131.2998046875,4131.2998046875,49
2026-07-07 20:47:00-04:00,4131.60009765625,4133.2998046875,4130.89990234375,4132.89990234375,52
2026-07-07 20:48:00-04:00,4132.89990234375,4136.0,4132.2998046875,4132.7001953125,90
2026-07-07 20:49:00-04:00,4132.60009765625,4133.10009765625,4131.7998046875,4133.10009765625,28
2026-07-07 20:50:00-04:00,4132.7998046875,4132.7998046875,4130.60009765625,4131.0,63
2026-07-07 20:51:00-04:00,4130.89990234375,4131.2998046875,4128.2001953125,4128.2998046875,105
2026-07-07 20:52:00-04:00,4128.60009765625,4130.0,4128.60009765625,4129.89990234375,18
2026-07-07 20:53:00-04:00,4129.10009765625,4129.2998046875,4128.2998046875,4128.7001953125,15
2026-07-07 20:54:00-04:00,4128.0,4128.0,4125.89990234375,4126.5,56
2026-07-07 20:55:00-04:00,4126.2001953125,4126.60009765625,4125.60009765625,4125.60009765625,16
2026-07-07 20:56:00-04:00,4125.7001953125,4126.7001953125,4124.7001953125,4126.7001953125,46
2026-07-07 20:57:00-04:00,4126.7001953125,4128.2998046875,4125.7001953125,4127.89990234375,46
2026-07-07 20:58:00-04:00,4127.7998046875,4129.39990234375,4122.2001953125,4122.39990234375,209
2026-07-07 20:59:00-04:00,4122.5,4125.10009765625,4122.10009765625,4122.5,163
2026-07-07 21:00:00-04:00,4122.7998046875,4126.39990234375,4118.0,4126.39990234375,363
2026-07-07 21:01:00-04:00,4127.0,4129.0,4122.7001953125,4123.39990234375,112
2026-07-07 21:02:00-04:00,4124.10009765625,4125.2998046875,4120.2001953125,4124.7998046875,115
2026-07-07 21:03:00-04:00,4126.0,4126.39990234375,4123.39990234375,4123.39990234375,35
2026-07-07 21:04:00-04:00,4123.2001953125,4123.2001953125,4118.10009765625,4119.2001953125,68
2026-07-07 21:05:00-04:00,4118.89990234375,4118.89990234375,4110.10009765625,4113.2998046875,410
2026-07-07 21:06:00-04:00,4112.2998046875,4112.7001953125,4109.5,4111.89990234375,174
2026-07-07 21:07:00-04:00,4111.60009765625,4114.10009765625,4110.2998046875,4111.5,289
2026-07-07 21:08:00-04:00,4110.5,4116.60009765625,4110.39990234375,4116.2998046875,152
2026-07-07 21:09:00-04:00,4116.2001953125,4117.0,4112.7998046875,4115.0,225
2026-07-07 21:10:00-04:00,4114.89990234375,4118.10009765625,4114.7998046875,4115.89990234375,95
2026-07-07 21:11:00-04:00,4116.7001953125,4117.7001953125,4116.0,4117.7001953125,37
2026-07-07 21:12:00-04:00,4117.5,4121.2998046875,4117.5,4120.2001953125,165
2026-07-07 21:13:00-04:00,4120.39990234375,4122.39990234375,4119.39990234375,4121.89990234375,87
2026-07-07 21:14:00-04:00,4122.2001953125,4122.5,4119.39990234375,4119.39990234375,83
2026-07-07 21:15:00-04:00,4119.39990234375,4120.10009765625,4115.7998046875,4117.2998046875,109
2026-07-07 21:16:00-04:00,4117.2998046875,4119.60009765625,4117.2001953125,4119.2998046875,60
2026-07-07 21:17:00-04:00,4118.39990234375,4119.2998046875,4115.60009765625,4115.89990234375,55
2026-07-07 21:18:00-04:00,4115.7998046875,4117.2998046875,4115.10009765625,4116.89990234375,54
2026-07-07 21:19:00-04:00,4117.2998046875,4118.2001953125,4117.0,4118.10009765625,20
2026-07-07 21:20:00-04:00,4118.5,4121.0,4118.5,4120.2998046875,34
2026-07-07 21:21:00-04:00,4120.7001953125,4121.0,4119.60009765625,4120.0,70
2026-07-07 21:22:00-04:00,4119.0,4119.0,4117.2001953125,4118.89990234375,33
2026-07-07 21:23:00-04:00,4118.39990234375,4118.7998046875,4116.60009765625,4117.39990234375,40
2026-07-07 21:24:00-04:00,4118.0,4118.39990234375,4115.7001953125,4116.60009765625,43
2026-07-07 21:25:00-04:00,4117.2998046875,4120.0,4116.7001953125,4119.60009765625,56
2026-07-07 21:26:00-04:00,4119.89990234375,4121.10009765625,4119.0,4120.2001953125,46
2026-07-07 21:27:00-04:00,4119.89990234375,4120.39990234375,4118.39990234375,4118.39990234375,38
2026-07-07 21:28:00-04:00,4118.10009765625,4118.2998046875,4114.39990234375,4114.7001953125,113
2026-07-07 21:29:00-04:00,4114.7001953125,4115.7998046875,4113.0,4113.7998046875,43
2026-07-07 21:30:00-04:00,4113.39990234375,4116.60009765625,4112.39990234375,4116.0,81
2026-07-07 21:31:00-04:00,4116.2998046875,4116.5,4113.0,4114.7001953125,55
2026-07-07 21:32:00-04:00,4114.89990234375,4115.60009765625,4113.39990234375,4113.7001953125,32
2026-07-07 21:33:00-04:00,4113.0,4113.2001953125,4110.0,4110.2998046875,87
2026-07-07 21:34:00-04:00,4110.2998046875,4110.60009765625,4108.5,4109.2001953125,57
2026-07-07 21:35:00-04:00,4109.0,4111.2998046875,4109.0,4110.39990234375,69
2026-07-07 21:36:00-04:00,4109.89990234375,4110.7001953125,4108.0,4108.2998046875,46
2026-07-07 21:37:00-04:00,4107.7998046875,4109.2001953125,4106.7998046875,4108.89990234375,100
2026-07-07 21:38:00-04:00,4108.7998046875,4109.2998046875,4107.7001953125,4108.39990234375,64
2026-07-07 21:39:00-04:00,4109.10009765625,4111.5,4109.10009765625,4110.60009765625,89
2026-07-07 21:40:00-04:00,4111.60009765625,4112.2001953125,4109.7998046875,4111.5,59
2026-07-07 21:41:00-04:00,4111.89990234375,4115.0,4111.7998046875,4112.5,212
2026-07-07 21:42:00-04:00,4112.89990234375,4116.0,4112.7998046875,4115.39990234375,50
2026-07-07 21:43:00-04:00,4114.89990234375,4116.10009765625,4114.0,4114.60009765625,69
2026-07-07 21:44:00-04:00,4114.2998046875,4114.2998046875,4110.7998046875,4114.10009765625,63
2026-07-07 21:45:00-04:00,4113.5,4121.39990234375,4112.7998046875,4121.39990234375,183
2026-07-07 21:46:00-04:00,4121.2001953125,4123.39990234375,4119.0,4119.2001953125,124
2026-07-07 21:47:00-04:00,4119.0,4119.2001953125,4118.0,4118.7998046875,37
2026-07-07 21:48:00-04:00,4119.0,4120.0,4118.0,4118.89990234375,35
2026-07-07 21:49:00-04:00,4119.7001953125,4121.2998046875,4119.39990234375,4121.2998046875,36
2026-07-07 21:50:00-04:00,4121.10009765625,4123.7998046875,4121.10009765625,4123.2001953125,49
2026-07-07 21:51:00-04:00,4123.0,4123.0,4117.7001953125,4118.7001953125,67
2026-07-07 21:52:00-04:00,4118.7001953125,4119.10009765625,4115.2998046875,4115.2998046875,110
2026-07-07 21:53:00-04:00,4115.5,4120.2001953125,4115.5,4119.7001953125,119
2026-07-07 21:54:00-04:00,4119.10009765625,4120.10009765625,4118.89990234375,4120.10009765625,32
2026-07-07 21:55:00-04:00,4120.10009765625,4120.2998046875,4119.0,4119.0,30
2026-07-07 21:56:00-04:00,4118.7998046875,4119.0,4118.0,4118.10009765625,29
2026-07-07 21:57:00-04:00,4118.39990234375,4122.0,4118.39990234375,4121.60009765625,63
2026-07-07 21:58:00-04:00,4121.7001953125,4122.60009765625,4121.5,4121.7001953125,35
2026-07-07 21:59:00-04:00,4122.2001953125,4122.2998046875,4120.89990234375,4122.2998046875,27
2026-07-07 22:00:00-04:00,4122.2001953125,4122.2998046875,4118.7998046875,4119.60009765625,69
2026-07-07 22:01:00-04:00,4119.5,4121.60009765625,4119.5,4121.39990234375,17
2026-07-07 22:02:00-04:00,4121.89990234375,4121.89990234375,4117.2998046875,4117.7001953125,63
2026-07-07 22:03:00-04:00,4117.39990234375,4118.2001953125,4116.5,4118.10009765625,30
2026-07-07 22:04:00-04:00,4118.2998046875,4119.2998046875,4117.89990234375,4119.2998046875,11
2026-07-07 22:05:00-04:00,4119.2998046875,4119.7998046875,4119.0,4119.2001953125,8
2026-07-07 22:06:00-04:00,4119.7001953125,4123.5,4119.7001953125,4120.89990234375,314
2026-07-07 22:07:00-04:00,4121.10009765625,4126.0,4121.10009765625,4125.7998046875,125
2026-07-07 22:08:00-04:00,4126.5,4128.2001953125,4126.0,4126.60009765625,160
2026-07-07 22:09:00-04:00,4126.2001953125,4127.7998046875,4126.10009765625,4127.7001953125,74
2026-07-07 22:10:00-04:00,4128.0,4129.39990234375,4126.2001953125,4128.0,101
2026-07-07 22:11:00-04:00,4128.0,4129.0,4126.2001953125,4126.2998046875,68
2026-07-07 22:12:00-04:00,4126.0,4126.10009765625,4124.89990234375,4125.2998046875,44
2026-07-07 22:13:00-04:00,4125.39990234375,4126.0,4123.89990234375,4123.89990234375,39
2026-07-07 22:14:00-04:00,4123.89990234375,4124.5,4122.89990234375,4123.2998046875,54
2026-07-07 22:15:00-04:00,4123.7001953125,4126.0,4123.5,4125.7998046875,37
2026-07-07 22:16:00-04:00,4125.2998046875,4125.2998046875,4123.7998046875,4123.7998046875,7
2026-07-07 22:17:00-04:00,4124.7001953125,4126.2001953125,4124.7001953125,4126.2001953125,18
2026-07-07 22:18:00-04:00,4126.0,4127.39990234375,4125.89990234375,4126.7998046875,65
2026-07-07 22:19:00-04:00,4126.60009765625,4126.60009765625,4125.7998046875,4125.7998046875,9
2026-07-07 22:20:00-04:00,4126.0,4126.7001953125,4125.0,4125.2001953125,26
2026-07-07 22:21:00-04:00,4124.60009765625,4127.10009765625,4124.60009765625,4127.0,34
2026-07-07 22:22:00-04:00,4127.2001953125,4130.0,4126.7998046875,4130.0,94
2026-07-07 22:23:00-04:00,4129.89990234375,4132.7001953125,4129.89990234375,4132.2001953125,151
2026-07-07 22:24:00-04:00,4132.2998046875,4132.5,4130.7998046875,4130.7998046875,67
2026-07-07 22:25:00-04:00,4130.10009765625,4131.39990234375,4129.39990234375,4131.39990234375,30
2026-07-07 22:26:00-04:00,4131.7001953125,4134.39990234375,4131.39990234375,4133.7998046875,111
2026-07-07 22:27:00-04:00,4133.7001953125,4135.5,4132.60009765625,4132.60009765625,179
2026-07-07 22:28:00-04:00,4132.7001953125,4134.10009765625,4131.2998046875,4131.89990234375,90
2026-07-07 22:29:00-04:00,4132.2998046875,4132.2998046875,4129.5,4129.5,37
2026-07-07 22:30:00-04:00,4129.5,4131.7998046875,4128.0,4128.7001953125,151
2026-07-07 22:31:00-04:00,4128.60009765625,4129.10009765625,4127.7001953125,4128.0,42
2026-07-07 22:32:00-04:00,4128.0,4128.89990234375,4127.0,4128.89990234375,37
2026-07-07 22:33:00-04:00,4128.7001953125,4129.39990234375,4128.2001953125,4129.2001953125,44
2026-07-07 22:34:00-04:00,4127.5,4129.7998046875,4127.5,4129.7998046875,13
2026-07-07 22:35:00-04:00,4129.7001953125,4129.7998046875,4128.2001953125,4128.39990234375,25
2026-07-07 22:36:00-04:00,4128.10009765625,4128.60009765625,4127.7001953125,4128.2001953125,28
2026-07-07 22:37:00-04:00,4128.7998046875,4130.7998046875,4128.7998046875,4129.60009765625,44
2026-07-07 22:38:00-04:00,4129.7998046875,4131.2998046875,4129.7998046875,4131.2001953125,34
2026-07-07 22:39:00-04:00,4131.10009765625,4131.10009765625,4130.10009765625,4130.89990234375,49
2026-07-07 22:40:00-04:00,4130.60009765625,4130.60009765625,4129.5,4129.5,38
2026-07-07 22:41:00-04:00,4129.60009765625,4130.10009765625,4129.0,4129.60009765625,30
2026-07-07 22:42:00-04:00,4129.7998046875,4130.10009765625,4129.0,4129.60009765625,24
2026-07-07 22:43:00-04:00,4129.60009765625,4130.39990234375,4129.0,4130.0,16
2026-07-07 22:44:00-04:00,4130.5,4131.10009765625,4129.7001953125,4131.10009765625,13
2026-07-07 22:45:00-04:00,4131.10009765625,4131.2998046875,4129.7998046875,4129.7998046875,8
2026-07-07 22:46:00-04:00,4129.7998046875,4129.7998046875,4127.7001953125,4127.7001953125,29
2026-07-07 22:47:00-04:00,4127.7998046875,4128.7998046875,4127.60009765625,4128.7998046875,12
2026-07-07 22:48:00-04:00,4128.5,4129.89990234375,4128.10009765625,4129.89990234375,8
2026-07-07 22:49:00-04:00,4129.2001953125,4129.2001953125,4126.5,4127.60009765625,75
2026-07-07 22:50:00-04:00,4127.2998046875,4128.10009765625,4127.2998046875,4127.2998046875,18
2026-07-07 22:51:00-04:00,4127.60009765625,4127.60009765625,4125.2001953125,4125.7001953125,58
2026-07-07 22:52:00-04:00,4126.10009765625,4126.5,4125.89990234375,4126.5,8
2026-07-07 22:53:00-04:00,4126.7001953125,4127.5,4126.7001953125,4127.10009765625,12
2026-07-07 22:54:00-04:00,4127.7001953125,4127.89990234375,4126.7998046875,4126.7998046875,5
2026-07-07 22:56:00-04:00,4125.0,4126.5,4124.7998046875,4125.2001953125,25
2026-07-07 22:57:00-04:00,4125.5,4125.7998046875,4124.0,4124.7998046875,96
2026-07-07 22:58:00-04:00,4125.0,4126.0,4125.0,4125.7001953125,29
2026-07-07 22:59:00-04:00,4126.10009765625,4126.10009765625,4124.7001953125,4125.0,20
2026-07-07 23:00:00-04:00,4125.5,4130.60009765625,4125.5,4130.60009765625,62
2026-07-07 23:01:00-04:00,4131.5,4140.0,4130.7998046875,4139.2998046875,351
2026-07-07 23:02:00-04:00,4138.2001953125,4138.5,4134.60009765625,4136.5,72
2026-07-07 23:03:00-04:00,4136.39990234375,4136.5,4133.60009765625,4135.2001953125,87
2026-07-07 23:04:00-04:00,4135.2998046875,4137.0,4135.2998046875,4136.39990234375,27
2026-07-07 23:05:00-04:00,4136.7001953125,4138.60009765625,4136.10009765625,4136.10009765625,33
2026-07-07 23:06:00-04:00,4136.0,4136.0,4132.89990234375,4133.10009765625,65
2026-07-07 23:07:00-04:00,4133.2001953125,4135.2001953125,4133.0,4135.2001953125,16
2026-07-07 23:08:00-04:00,4135.89990234375,4138.2998046875,4135.2001953125,4138.2998046875,76
2026-07-07 23:09:00-04:00,4138.0,4140.5,4137.39990234375,4137.39990234375,77
2026-07-07 23:10:00-04:00,4137.5,4137.89990234375,4136.60009765625,4137.89990234375,22
2026-07-07 23:11:00-04:00,4138.2998046875,4139.7998046875,4137.7001953125,4139.5,63
2026-07-07 23:12:00-04:00,4139.39990234375,4140.89990234375,4139.0,4140.0,34
2026-07-07 23:13:00-04:00,4139.89990234375,4141.5,4138.2998046875,4138.7998046875,225
2026-07-07 23:14:00-04:00,4138.39990234375,4139.7998046875,4138.39990234375,4138.89990234375,65
2026-07-07 23:15:00-04:00,4138.7001953125,4139.5,4138.0,4138.7001953125,81
2026-07-07 23:16:00-04:00,4138.7998046875,4138.7998046875,4136.5,4136.89990234375,83
2026-07-07 23:17:00-04:00,4137.60009765625,4137.60009765625,4136.2001953125,4136.2001953125,37
2026-07-07 23:18:00-04:00,4136.2001953125,4136.89990234375,4135.7001953125,4136.89990234375,49
2026-07-07 23:19:00-04:00,4136.7998046875,4137.7998046875,4136.7998046875,4137.7998046875,21
2026-07-07 23:20:00-04:00,4138.0,4139.39990234375,4137.2998046875,4139.39990234375,47
2026-07-07 23:21:00-04:00,4139.10009765625,4139.10009765625,4138.5,4138.89990234375,20
2026-07-07 23:22:00-04:00,4138.39990234375,4139.39990234375,4138.39990234375,4138.5,20
2026-07-07 23:23:00-04:00,4138.5,4140.2998046875,4138.5,4139.5,65
2026-07-07 23:24:00-04:00,4139.39990234375,4139.7998046875,4139.10009765625,4139.7001953125,12
2026-07-07 23:25:00-04:00,4139.2001953125,4139.60009765625,4138.5,4139.39990234375,63
2026-07-07 23:26:00-04:00,4139.5,4141.39990234375,4139.5,4141.39990234375,61
2026-07-07 23:27:00-04:00,4141.39990234375,4141.60009765625,4140.39990234375,4141.39990234375,43
2026-07-07 23:28:00-04:00,4141.39990234375,4142.2998046875,4140.7998046875,4140.7998046875,46
2026-07-07 23:29:00-04:00,4140.89990234375,4141.2998046875,4140.2001953125,4141.2998046875,17
2026-07-07 23:30:00-04:00,4141.39990234375,4142.2998046875,4141.2998046875,4141.7001953125,25
2026-07-07 23:31:00-04:00,4141.7998046875,4142.2998046875,4140.0,4140.7001953125,26
2026-07-07 23:32:00-04:00,4140.60009765625,4140.7001953125,4138.7001953125,4139.7001953125,37
2026-07-07 23:33:00-04:00,4139.39990234375,4139.39990234375,4137.5,4138.7998046875,53
2026-07-07 23:34:00-04:00,4138.7998046875,4139.60009765625,4138.7998046875,4139.10009765625,19
2026-07-07 23:35:00-04:00,4139.10009765625,4139.5,4138.89990234375,4139.2998046875,15
2026-07-07 23:36:00-04:00,4139.39990234375,4139.39990234375,4138.5,4138.7998046875,6
2026-07-07 23:37:00-04:00,4138.2001953125,4138.7001953125,4137.7001953125,4138.60009765625,18
2026-07-07 23:38:00-04:00,4138.2998046875,4138.5,4137.7998046875,4137.7998046875,14
2026-07-07 23:39:00-04:00,4137.2998046875,4138.2998046875,4137.0,4138.10009765625,51
2026-07-07 23:40:00-04:00,4138.0,4138.2001953125,4137.2001953125,4137.60009765625,12
2026-07-07 23:41:00-04:00,4137.2998046875,4137.60009765625,4136.89990234375,4137.10009765625,11
2026-07-07 23:42:00-04:00,4136.89990234375,4136.89990234375,4136.7998046875,4136.89990234375,3
2026-07-07 23:43:00-04:00,4137.2001953125,4138.2001953125,4136.7998046875,4136.7998046875,14
2026-07-07 23:44:00-04:00,4137.0,4138.2001953125,4137.0,4138.2001953125,12
2026-07-07 23:45:00-04:00,4137.5,4137.7998046875,4137.2001953125,4137.5,12
2026-07-07 23:46:00-04:00,4137.7001953125,4138.2998046875,4137.7001953125,4138.2998046875,3
2026-07-07 23:47:00-04:00,4138.5,4139.7001953125,4138.39990234375,4139.39990234375,16
2026-07-07 23:48:00-04:00,4139.2001953125,4139.5,4139.2001953125,4139.39990234375,3
2026-07-07 23:49:00-04:00,4139.7001953125,4140.2001953125,4139.7001953125,4139.7001953125,8
2026-07-07 23:50:00-04:00,4139.7001953125,4139.7998046875,4139.10009765625,4139.10009765625,6
2026-07-07 23:51:00-04:00,4139.39990234375,4139.5,4138.60009765625,4138.7998046875,25
2026-07-07 23:52:00-04:00,4138.2998046875,4138.7998046875,4137.7998046875,4138.7998046875,13
2026-07-07 23:53:00-04:00,4139.0,4139.0,4138.39990234375,4138.39990234375,8
2026-07-07 23:54:00-04:00,4138.2998046875,4138.5,4138.10009765625,4138.5,5
2026-07-07 23:55:00-04:00,4137.5,4137.5,4136.2998046875,4136.5,22
2026-07-07 23:56:00-04:00,4136.2001953125,4136.2001953125,4134.39990234375,4134.7001953125,149
2026-07-07 23:57:00-04:00,4134.89990234375,4135.39990234375,4134.0,4135.39990234375,133
2026-07-07 23:58:00-04:00,4135.39990234375,4135.39990234375,4133.60009765625,4133.7001953125,131
2026-07-08 00:00:00-04:00,4134.2001953125,4135.89990234375,4134.10009765625,4134.5,87
2026-07-08 00:01:00-04:00,4134.7998046875,4135.39990234375,4133.39990234375,4133.5,57
2026-07-08 00:02:00-04:00,4133.7998046875,4133.7998046875,4132.7001953125,4133.0,29
2026-07-08 00:03:00-04:00,4132.7998046875,4134.89990234375,4132.5,4134.2001953125,32
2026-07-08 00:04:00-04:00,4134.10009765625,4134.10009765625,4133.60009765625,4133.7998046875,12
2026-07-08 00:05:00-04:00,4133.5,4134.10009765625,4133.5,4134.0,10
2026-07-08 00:06:00-04:00,4134.0,4135.89990234375,4133.7001953125,4135.5,32
2026-07-08 00:07:00-04:00,4135.39990234375,4137.10009765625,4135.39990234375,4137.0,63
2026-07-08 00:08:00-04:00,4136.60009765625,4138.7998046875,4136.60009765625,4138.7998046875,24
2026-07-08 00:09:00-04:00,4138.7001953125,4139.39990234375,4138.7001953125,4139.2001953125,17
2026-07-08 00:10:00-04:00,4138.7998046875,4138.7998046875,4135.89990234375,4136.39990234375,63
2026-07-08 00:11:00-04:00,4135.89990234375,4138.0,4135.39990234375,4137.60009765625,78
2026-07-08 00:12:00-04:00,4137.7001953125,4137.89990234375,4136.7998046875,4137.2001953125,24
2026-07-08 00:13:00-04:00,4137.0,4137.0,4135.0,4135.2998046875,38
2026-07-08 00:14:00-04:00,4135.60009765625,4135.7001953125,4135.10009765625,4135.2001953125,15
2026-07-08 00:15:00-04:00,4135.0,4135.0,4133.60009765625,4134.0,89
2026-07-08 00:16:00-04:00,4134.0,4134.5,4132.60009765625,4133.39990234375,35
2026-07-08 00:17:00-04:00,4133.2001953125,4133.2001953125,4131.39990234375,4131.39990234375,54
2026-07-08 00:18:00-04:00,4132.0,4134.7001953125,4131.60009765625,4133.89990234375,80
2026-07-08 00:19:00-04:00,4134.0,4134.2998046875,4132.2001953125,4133.60009765625,150
2026-07-08 00:20:00-04:00,4133.60009765625,4134.7001953125,4132.7001953125,4134.5,58
2026-07-08 00:21:00-04:00,4134.5,4136.39990234375,4132.10009765625,4136.2001953125,167
2026-07-08 00:22:00-04:00,4136.60009765625,4137.7998046875,4136.60009765625,4137.5,31
2026-07-08 00:23:00-04:00,4137.5,4137.7001953125,4137.2001953125,4137.2001953125,22
2026-07-08 00:24:00-04:00,4137.2998046875,4137.5,4136.39990234375,4136.39990234375,22
2026-07-08 00:25:00-04:00,4136.2001953125,4137.60009765625,4135.10009765625,4137.39990234375,106
2026-07-08 00:26:00-04:00,4137.7001953125,4137.7998046875,4136.7001953125,4136.89990234375,51
2026-07-08 00:27:00-04:00,4136.10009765625,4137.0,4135.7998046875,4136.89990234375,20
2026-07-08 00:28:00-04:00,4137.2001953125,4137.39990234375,4136.39990234375,4136.60009765625,70
2026-07-08 00:29:00-04:00,4136.2001953125,4137.10009765625,4136.2001953125,4136.60009765625,46
2026-07-08 00:30:00-04:00,4136.60009765625,4138.2001953125,4135.10009765625,4135.2998046875,70
2026-07-08 00:31:00-04:00,4135.7998046875,4138.5,4135.5,4138.39990234375,46
2026-07-08 00:32:00-04:00,4138.5,4139.10009765625,4136.60009765625,4137.7001953125,82
2026-07-08 00:33:00-04:00,4137.60009765625,4138.10009765625,4136.10009765625,4136.2001953125,30
2026-07-08 00:34:00-04:00,4136.5,4136.7001953125,4136.2998046875,4136.7001953125,7
2026-07-08 00:35:00-04:00,4137.2998046875,4137.7998046875,4137.2998046875,4137.7998046875,6
2026-07-08 00:36:00-04:00,4137.7001953125,4138.60009765625,4136.7998046875,4138.2001953125,16
2026-07-08 00:37:00-04:00,4138.2001953125,4138.60009765625,4137.39990234375,4137.7998046875,23
2026-07-08 00:38:00-04:00,4138.39990234375,4139.10009765625,4135.5,4136.0,49
2026-07-08 00:39:00-04:00,4136.10009765625,4136.39990234375,4135.7001953125,4136.2001953125,26
2026-07-08 00:40:00-04:00,4136.39990234375,4136.60009765625,4135.7001953125,4135.7001953125,14
2026-07-08 00:41:00-04:00,4135.5,4136.10009765625,4135.0,4135.10009765625,17
2026-07-08 00:42:00-04:00,4134.7001953125,4135.5,4134.7001953125,4135.10009765625,13
2026-07-08 00:43:00-04:00,4134.60009765625,4134.7998046875,4132.89990234375,4134.0,61
2026-07-08 00:44:00-04:00,4133.7001953125,4136.10009765625,4133.7001953125,4136.0,21
2026-07-08 00:45:00-04:00,4136.0,4137.2001953125,4136.0,4137.10009765625,23
2026-07-08 00:46:00-04:00,4137.39990234375,4137.60009765625,4135.89990234375,4136.7998046875,43
2026-07-08 00:47:00-04:00,4137.2001953125,4137.2998046875,4136.10009765625,4136.10009765625,9
2026-07-08 00:48:00-04:00,4135.7998046875,4137.2001953125,4135.7998046875,4137.2001953125,3
2026-07-08 00:49:00-04:00,4137.2001953125,4137.7001953125,4135.10009765625,4135.60009765625,30
2026-07-08 00:50:00-04:00,4135.5,4135.7998046875,4135.10009765625,4135.7001953125,15
2026-07-08 00:51:00-04:00,4135.10009765625,4136.7001953125,4135.0,4136.2001953125,22
2026-07-08 00:52:00-04:00,4136.5,4137.0,4135.7998046875,4136.10009765625,14
2026-07-08 00:53:00-04:00,4135.89990234375,4136.39990234375,4135.89990234375,4136.39990234375,5
2026-07-08 00:54:00-04:00,4136.60009765625,4136.60009765625,4134.7998046875,4134.7998046875,22
2026-07-08 00:55:00-04:00,4134.60009765625,4135.5,4134.2001953125,4135.5,22
2026-07-08 00:56:00-04:00,4135.5,4137.0,4135.5,4136.7998046875,14
2026-07-08 00:57:00-04:00,4136.7998046875,4137.60009765625,4135.5,4136.0,35
2026-07-08 00:58:00-04:00,4136.7001953125,4137.0,4136.5,4136.60009765625,7
2026-07-08 00:59:00-04:00,4136.2001953125,4136.5,4135.60009765625,4135.89990234375,23
2026-07-08 01:00:00-04:00,4135.89990234375,4138.0,4135.7001953125,4137.89990234375,21
2026-07-08 01:01:00-04:00,4138.10009765625,4138.2998046875,4136.7998046875,4137.0,26
2026-07-08 01:02:00-04:00,4137.2998046875,4138.10009765625,4137.2998046875,4137.5,7
2026-07-08 01:03:00-04:00,4137.0,4137.2998046875,4136.0,4137.2998046875,7
2026-07-08 01:04:00-04:00,4138.10009765625,4139.0,4137.39990234375,4138.89990234375,34
2026-07-08 01:05:00-04:00,4139.10009765625,4141.7998046875,4139.10009765625,4141.5,99
2026-07-08 01:06:00-04:00,4141.7001953125,4144.39990234375,4141.7001953125,4143.7998046875,145
2026-07-08 01:07:00-04:00,4143.89990234375,4144.60009765625,4143.10009765625,4143.5,40
2026-07-08 01:08:00-04:00,4143.60009765625,4143.60009765625,4141.2001953125,4141.5,55
2026-07-08 01:09:00-04:00,4141.7001953125,4141.7001953125,4138.60009765625,4139.2998046875,97
2026-07-08 01:10:00-04:00,4138.89990234375,4139.2998046875,4136.2001953125,4137.7001953125,47
2026-07-08 01:11:00-04:00,4137.7001953125,4137.7998046875,4136.60009765625,4137.60009765625,19
2026-07-08 01:12:00-04:00,4137.7998046875,4138.60009765625,4137.7001953125,4137.7001953125,21
2026-07-08 01:13:00-04:00,4137.60009765625,4138.2001953125,4136.89990234375,4137.0,18
2026-07-08 01:14:00-04:00,4136.39990234375,4137.5,4136.0,4136.39990234375,16
2026-07-08 01:15:00-04:00,4136.2998046875,4137.2001953125,4136.2998046875,4137.10009765625,6
2026-07-08 01:16:00-04:00,4136.7998046875,4139.2001953125,4136.7998046875,4139.2001953125,58
2026-07-08 01:17:00-04:00,4139.2998046875,4140.2998046875,4138.39990234375,4138.5,38
2026-07-08 01:18:00-04:00,4138.0,4139.7001953125,4137.60009765625,4138.89990234375,58
2026-07-08 01:19:00-04:00,4138.5,4139.39990234375,4138.0,4138.0,55
2026-07-08 01:20:00-04:00,4138.0,4138.2998046875,4137.0,4137.2001953125,10
2026-07-08 01:21:00-04:00,4136.5,4136.5,4134.7001953125,4134.7001953125,25
2026-07-08 01:22:00-04:00,4134.2001953125,4135.10009765625,4133.0,4135.0,111
2026-07-08 01:23:00-04:00,4135.10009765625,4135.2998046875,4134.0,4134.7998046875,40
2026-07-08 01:24:00-04:00,4134.39990234375,4134.7001953125,4133.7001953125,4134.7001953125,20
2026-07-08 01:25:00-04:00,4134.5,4136.10009765625,4134.2001953125,4135.5,19
2026-07-08 01:26:00-04:00,4135.89990234375,4136.60009765625,4135.89990234375,4135.89990234375,10
2026-07-08 01:27:00-04:00,4135.60009765625,4135.60009765625,4133.89990234375,4134.10009765625,5
2026-07-08 01:28:00-04:00,4134.39990234375,4134.7998046875,4134.10009765625,4134.2001953125,18
2026-07-08 01:29:00-04:00,4133.89990234375,4134.0,4132.39990234375,4132.5,48
2026-07-08 01:30:00-04:00,4132.2998046875,4136.60009765625,4131.2998046875,4133.2001953125,164
2026-07-08 01:31:00-04:00,4134.2998046875,4137.2001953125,4133.39990234375,4136.7998046875,50
2026-07-08 01:32:00-04:00,4136.60009765625,4138.60009765625,4136.10009765625,4137.2998046875,82
2026-07-08 01:33:00-04:00,4137.0,4137.0,4135.10009765625,4135.89990234375,20
2026-07-08 01:34:00-04:00,4135.7998046875,4138.7001953125,4135.7998046875,4138.60009765625,31
2026-07-08 01:35:00-04:00,4137.89990234375,4138.2001953125,4136.89990234375,4137.2001953125,30
2026-07-08 01:36:00-04:00,4137.2001953125,4137.7001953125,4136.5,4137.39990234375,30
2026-07-08 01:37:00-04:00,4138.2001953125,4139.10009765625,4137.5,4137.5,11
2026-07-08 01:38:00-04:00,4137.60009765625,4140.5,4137.60009765625,4140.2998046875,97
2026-07-08 01:39:00-04:00,4139.89990234375,4140.10009765625,4138.7001953125,4138.7001953125,21
2026-07-08 01:40:00-04:00,4138.10009765625,4139.2001953125,4137.2998046875,4139.2001953125,11
2026-07-08 01:41:00-04:00,4139.5,4140.5,4139.10009765625,4139.7001953125,45
2026-07-08 01:42:00-04:00,4140.0,4141.60009765625,4139.39990234375,4141.60009765625,37
2026-07-08 01:43:00-04:00,4142.0,4142.0,4139.60009765625,4140.39990234375,33
2026-07-08 01:44:00-04:00,4140.0,4140.5,4138.5,4138.5,16
2026-07-08 01:45:00-04:00,4139.2998046875,4139.39990234375,4138.7001953125,4139.2998046875,9
2026-07-08 01:46:00-04:00,4139.7998046875,4140.5,4139.7001953125,4139.7001953125,14
2026-07-08 01:47:00-04:00,4139.2998046875,4140.0,4137.89990234375,4138.2998046875,26
2026-07-08 01:48:00-04:00,4137.7998046875,4137.7998046875,4136.7001953125,4137.7998046875,19
2026-07-08 01:49:00-04:00,4137.39990234375,4137.39990234375,4135.89990234375,4135.89990234375,14
2026-07-08 01:50:00-04:00,4135.7998046875,4137.2001953125,4135.7998046875,4137.10009765625,33
2026-07-08 01:51:00-04:00,4136.7001953125,4136.7998046875,4135.39990234375,4135.60009765625,33
2026-07-08 01:52:00-04:00,4135.89990234375,4136.2998046875,4135.0,4136.0,51
2026-07-08 01:53:00-04:00,4136.60009765625,4137.39990234375,4135.89990234375,4135.89990234375,34
2026-07-08 01:54:00-04:00,4135.7001953125,4137.0,4135.5,4137.0,24
2026-07-08 01:55:00-04:00,4136.7998046875,4137.89990234375,4136.7998046875,4137.60009765625,29
2026-07-08 01:56:00-04:00,4137.7998046875,4138.7998046875,4137.60009765625,4138.5,40
2026-07-08 01:57:00-04:00,4138.2998046875,4140.0,4138.2998046875,4139.2001953125,33
2026-07-08 01:58:00-04:00,4139.0,4139.5,4138.10009765625,4138.89990234375,17
2026-07-08 01:59:00-04:00,4138.39990234375,4138.5,4137.39990234375,4138.5,23
2026-07-08 02:00:00-04:00,4138.7998046875,4139.89990234375,4137.10009765625,4137.10009765625,83
2026-07-08 02:01:00-04:00,4137.2998046875,4139.2998046875,4137.2998046875,4139.2998046875,31
2026-07-08 02:02:00-04:00,4138.7998046875,4138.7998046875,4135.0,4136.0,53
2026-07-08 02:03:00-04:00,4136.10009765625,4136.10009765625,4134.39990234375,4134.39990234375,63
2026-07-08 02:04:00-04:00,4134.5,4135.5,4134.0,4134.0,66
2026-07-08 02:05:00-04:00,4133.7001953125,4135.0,4133.7001953125,4134.60009765625,73
2026-07-08 02:06:00-04:00,4134.5,4136.0,4134.2001953125,4134.7001953125,43
2026-07-08 02:07:00-04:00,4134.2998046875,4134.2998046875,4132.89990234375,4134.0,36
2026-07-08 02:08:00-04:00,4134.2001953125,4135.2001953125,4134.2001953125,4134.5,10
2026-07-08 02:09:00-04:00,4133.89990234375,4136.2001953125,4133.7998046875,4136.2001953125,50
2026-07-08 02:10:00-04:00,4135.5,4136.0,4135.5,4135.5,8
2026-07-08 02:11:00-04:00,4135.60009765625,4136.5,4135.2998046875,4136.5,34
2026-07-08 02:12:00-04:00,4135.89990234375,4140.2001953125,4135.89990234375,4140.10009765625,107
2026-07-08 02:13:00-04:00,4140.10009765625,4140.7001953125,4138.5,4140.7001953125,29
2026-07-08 02:14:00-04:00,4140.7001953125,4142.10009765625,4140.5,4141.39990234375,94
2026-07-08 02:15:00-04:00,4141.7998046875,4142.2998046875,4139.7998046875,4140.7001953125,66
2026-07-08 02:16:00-04:00,4141.39990234375,4143.39990234375,4140.60009765625,4141.7998046875,84
2026-07-08 02:17:00-04:00,4142.5,4143.0,4140.39990234375,4140.7998046875,102
2026-07-08 02:18:00-04:00,4141.2001953125,4141.39990234375,4139.89990234375,4139.89990234375,69
2026-07-08 02:19:00-04:00,4140.2998046875,4141.2001953125,4139.5,4140.60009765625,58
2026-07-08 02:20:00-04:00,4140.89990234375,4140.89990234375,4139.60009765625,4140.60009765625,13
2026-07-08 02:21:00-04:00,4140.89990234375,4141.60009765625,4140.2001953125,4141.60009765625,15
2026-07-08 02:22:00-04:00,4141.39990234375,4142.5,4141.0,4142.10009765625,25
2026-07-08 02:23:00-04:00,4142.0,4142.2998046875,4140.89990234375,4141.39990234375,16
2026-07-08 02:24:00-04:00,4141.7001953125,4144.7001953125,4141.7001953125,4143.10009765625,92
2026-07-08 02:25:00-04:00,4142.89990234375,4143.5,4141.7998046875,4142.0,48
2026-07-08 02:26:00-04:00,4141.89990234375,4141.89990234375,4140.60009765625,4141.2001953125,19
2026-07-08 02:27:00-04:00,4141.2001953125,4141.5,4141.2001953125,4141.5,5
2026-07-08 02:28:00-04:00,4141.10009765625,4142.0,4140.5,4141.5,31
2026-07-08 02:29:00-04:00,4141.7998046875,4142.0,4140.60009765625,4140.89990234375,51
2026-07-08 02:30:00-04:00,4140.2998046875,4140.5,4139.0,4139.2998046875,47
2026-07-08 02:31:00-04:00,4139.89990234375,4140.5,4138.10009765625,4138.7001953125,56
2026-07-08 02:32:00-04:00,4138.7998046875,4138.7998046875,4136.7998046875,4137.39990234375,60
2026-07-08 02:33:00-04:00,4137.2001953125,4137.60009765625,4135.89990234375,4137.5,48
2026-07-08 02:34:00-04:00,4136.89990234375,4137.5,4136.2998046875,4137.0,12
2026-07-08 02:35:00-04:00,4137.10009765625,4138.0,4137.0,4137.60009765625,27
2026-07-08 02:36:00-04:00,4137.7001953125,4138.0,4136.89990234375,4137.2998046875,29
2026-07-08 02:37:00-04:00,4136.7001953125,4137.5,4135.2001953125,4135.7001953125,76
2026-07-08 02:38:00-04:00,4135.89990234375,4136.7001953125,4135.60009765625,4136.5,24
2026-07-08 02:39:00-04:00,4136.7998046875,4137.10009765625,4136.7001953125,4137.10009765625,10
2026-07-08 02:40:00-04:00,4137.2998046875,4138.39990234375,4136.89990234375,4137.7998046875,72
2026-07-08 02:41:00-04:00,4138.2001953125,4138.7998046875,4136.60009765625,4136.89990234375,166
2026-07-08 02:42:00-04:00,4136.7001953125,4138.0,4136.7001953125,4137.60009765625,29
2026-07-08 02:43:00-04:00,4137.5,4138.5,4137.5,4138.0,22
2026-07-08 02:44:00-04:00,4138.39990234375,4139.10009765625,4137.60009765625,4137.7001953125,53
2026-07-08 02:45:00-04:00,4137.39990234375,4138.10009765625,4136.89990234375,4136.89990234375,27
2026-07-08 02:46:00-04:00,4137.60009765625,4137.7998046875,4136.0,4136.0,30
2026-07-08 02:47:00-04:00,4135.39990234375,4136.5,4135.39990234375,4135.89990234375,37
2026-07-08 02:48:00-04:00,4135.7001953125,4136.0,4134.89990234375,4135.39990234375,19
2026-07-08 02:49:00-04:00,4135.5,4135.60009765625,4134.89990234375,4135.10009765625,25
2026-07-08 02:50:00-04:00,4135.7001953125,4137.2001953125,4135.7001953125,4137.10009765625,18
2026-07-08 02:51:00-04:00,4137.2001953125,4137.39990234375,4136.7998046875,4137.0,10
2026-07-08 02:52:00-04:00,4136.89990234375,4137.60009765625,4135.89990234375,4135.89990234375,27
2026-07-08 02:53:00-04:00,4136.0,4136.2001953125,4135.5,4135.5,15
2026-07-08 02:54:00-04:00,4135.60009765625,4136.2001953125,4135.10009765625,4136.0,35
2026-07-08 02:55:00-04:00,4136.10009765625,4136.10009765625,4135.5,4135.60009765625,7
2026-07-08 02:56:00-04:00,4135.5,4135.7998046875,4135.5,4135.5,12
2026-07-08 02:57:00-04:00,4136.10009765625,4136.39990234375,4134.7001953125,4135.5,61
2026-07-08 02:58:00-04:00,4135.5,4135.7001953125,4134.60009765625,4135.10009765625,39
2026-07-08 02:59:00-04:00,4135.2001953125,4135.39990234375,4133.89990234375,4134.0,48
2026-07-08 03:00:00-04:00,4134.39990234375,4135.60009765625,4132.89990234375,4134.7998046875,92
2026-07-08 03:01:00-04:00,4134.7998046875,4135.7998046875,4134.0,4134.89990234375,44
2026-07-08 03:02:00-04:00,4134.7998046875,4134.7998046875,4132.39990234375,4132.5,38
2026-07-08 03:03:00-04:00,4132.5,4133.7001953125,4132.2998046875,4132.60009765625,41
2026-07-08 03:04:00-04:00,4132.7001953125,4133.0,4131.2001953125,4131.2998046875,52
2026-07-08 03:05:00-04:00,4131.39990234375,4131.89990234375,4128.39990234375,4129.2998046875,184
2026-07-08 03:06:00-04:00,4129.2001953125,4130.60009765625,4128.89990234375,4130.2001953125,68
2026-07-08 03:07:00-04:00,4130.10009765625,4131.39990234375,4129.2998046875,4130.60009765625,109
2026-07-08 03:08:00-04:00,4130.5,4131.2998046875,4129.89990234375,4130.89990234375,46
2026-07-08 03:09:00-04:00,4131.2998046875,4131.89990234375,4130.39990234375,4131.60009765625,60
2026-07-08 03:10:00-04:00,4131.0,4131.5,4129.7001953125,4130.60009765625,28
2026-07-08 03:11:00-04:00,4130.39990234375,4131.2001953125,4129.10009765625,4129.2998046875,28
2026-07-08 03:12:00-04:00,4129.2001953125,4129.5,4128.2998046875,4128.2998046875,32
2026-07-08 03:13:00-04:00,4128.0,4130.2001953125,4126.7998046875,4130.2001953125,93
2026-07-08 03:14:00-04:00,4130.7001953125,4130.7001953125,4129.0,4129.0,48
2026-07-08 03:15:00-04:00,4128.89990234375,4129.10009765625,4127.39990234375,4127.60009765625,78
2026-07-08 03:16:00-04:00,4127.5,4129.39990234375,4127.2001953125,4128.89990234375,63
2026-07-08 03:17:00-04:00,4128.7998046875,4128.7998046875,4127.60009765625,4127.60009765625,22
2026-07-08 03:18:00-04:00,4127.39990234375,4127.5,4126.10009765625,4126.5,48
2026-07-08 03:19:00-04:00,4126.2998046875,4127.5,4125.39990234375,4126.89990234375,74
2026-07-08 03:20:00-04:00,4126.89990234375,4127.0,4126.5,4126.89990234375,20
2026-07-08 03:21:00-04:00,4127.0,4127.39990234375,4125.60009765625,4126.39990234375,126
2026-07-08 03:22:00-04:00,4126.2001953125,4126.60009765625,4126.0,4126.39990234375,44
2026-07-08 03:23:00-04:00,4126.5,4129.2998046875,4126.5,4129.2998046875,47
2026-07-08 03:24:00-04:00,4129.39990234375,4130.7001953125,4128.7998046875,4130.7001953125,71
2026-07-08 03:25:00-04:00,4130.5,4130.60009765625,4128.7001953125,4128.89990234375,28
2026-07-08 03:26:00-04:00,4129.5,4131.10009765625,4129.0,4130.7998046875,49
2026-07-08 03:27:00-04:00,4130.89990234375,4131.7998046875,4130.60009765625,4131.10009765625,70
2026-07-08 03:28:00-04:00,4131.39990234375,4132.60009765625,4131.0,4131.0,67
2026-07-08 03:29:00-04:00,4131.2001953125,4131.7001953125,4130.5,4131.5,39
2026-07-08 03:30:00-04:00,4131.89990234375,4135.2001953125,4131.2001953125,4135.10009765625,86
2026-07-08 03:31:00-04:00,4135.2001953125,4136.0,4134.7001953125,4136.0,66
2026-07-08 03:32:00-04:00,4135.89990234375,4137.5,4135.7998046875,4137.2001953125,163
2026-07-08 03:33:00-04:00,4137.10009765625,4137.39990234375,4135.5,4136.60009765625,75
2026-07-08 03:34:00-04:00,4136.2998046875,4136.5,4135.2998046875,4135.2998046875,54
2026-07-08 03:35:00-04:00,4135.0,4135.0,4132.7998046875,4132.7998046875,45
2026-07-08 03:36:00-04:00,4132.7001953125,4132.7998046875,4129.2998046875,4130.0,180
2026-07-08 03:37:00-04:00,4130.2998046875,4131.2001953125,4130.2001953125,4130.89990234375,53
2026-07-08 03:38:00-04:00,4130.60009765625,4130.60009765625,4129.0,4129.0,45
2026-07-08 03:39:00-04:00,4129.5,4131.0,4129.10009765625,4131.0,19
2026-07-08 03:40:00-04:00,4131.5,4132.39990234375,4131.39990234375,4132.2001953125,48
2026-07-08 03:41:00-04:00,4132.60009765625,4133.89990234375,4132.60009765625,4133.7998046875,102
2026-07-08 03:42:00-04:00,4133.7001953125,4133.89990234375,4133.0,4133.2001953125,29
2026-07-08 03:43:00-04:00,4133.7998046875,4136.60009765625,4133.60009765625,4136.39990234375,66
2026-07-08 03:44:00-04:00,4136.10009765625,4138.89990234375,4135.7998046875,4138.89990234375,172
2026-07-08 03:45:00-04:00,4138.89990234375,4139.0,4136.89990234375,4137.7001953125,138
2026-07-08 03:46:00-04:00,4137.7998046875,4138.10009765625,4136.5,4136.89990234375,34
2026-07-08 03:47:00-04:00,4136.7001953125,4136.7998046875,4135.89990234375,4136.7998046875,57
2026-07-08 03:48:00-04:00,4136.60009765625,4137.2001953125,4135.39990234375,4135.39990234375,29
2026-07-08 03:49:00-04:00,4135.5,4136.10009765625,4135.39990234375,4135.60009765625,20
2026-07-08 03:50:00-04:00,4135.5,4136.5,4134.39990234375,4134.7001953125,74
2026-07-08 03:51:00-04:00,4134.7998046875,4135.2001953125,4133.7001953125,4134.2001953125,70
2026-07-08 03:52:00-04:00,4133.89990234375,4134.5,4132.7001953125,4133.10009765625,127
2026-07-08 03:53:00-04:00,4132.60009765625,4132.89990234375,4131.60009765625,4132.2998046875,57
2026-07-08 03:54:00-04:00,4132.7001953125,4132.89990234375,4130.89990234375,4130.89990234375,41
2026-07-08 03:55:00-04:00,4131.10009765625,4131.7001953125,4130.2001953125,4130.5,40
2026-07-08 03:56:00-04:00,4130.2001953125,4132.5,4130.0,4132.5,27
2026-07-08 03:57:00-04:00,4132.39990234375,4132.39990234375,4132.0,4132.2998046875,30
2026-07-08 03:58:00-04:00,4132.2001953125,4132.2001953125,4131.5,4131.5,13
2026-07-08 03:59:00-04:00,4131.5,4132.5,4131.5,4132.0,25
2026-07-08 04:00:00-04:00,4132.0,4132.2998046875,4129.10009765625,4129.60009765625,48
2026-07-08 04:01:00-04:00,4129.7998046875,4130.2001953125,4127.5,4128.39990234375,34
2026-07-08 04:02:00-04:00,4128.7998046875,4129.10009765625,4128.2998046875,4129.10009765625,83
2026-07-08 04:03:00-04:00,4128.89990234375,4129.5,4128.89990234375,4128.89990234375,43
2026-07-08 04:04:00-04:00,4128.7001953125,4129.2998046875,4127.5,4127.89990234375,42
2026-07-08 04:05:00-04:00,4128.0,4130.60009765625,4127.89990234375,4130.2998046875,71
2026-07-08 04:06:00-04:00,4130.7001953125,4131.2001953125,4129.10009765625,4129.10009765625,94
2026-07-08 04:07:00-04:00,4129.2001953125,4130.7998046875,4129.10009765625,4130.0,76
2026-07-08 04:08:00-04:00,4129.89990234375,4130.60009765625,4129.10009765625,4130.60009765625,17
2026-07-08 04:09:00-04:00,4130.89990234375,4131.60009765625,4130.2998046875,4130.89990234375,44
2026-07-08 04:10:00-04:00,4130.7998046875,4131.60009765625,4130.10009765625,4131.60009765625,117
2026-07-08 04:11:00-04:00,4131.89990234375,4132.5,4130.10009765625,4130.2998046875,44
2026-07-08 04:12:00-04:00,4130.10009765625,4130.7998046875,4128.2998046875,4128.2998046875,48
2026-07-08 04:13:00-04:00,4128.5,4129.39990234375,4127.60009765625,4129.2998046875,49
2026-07-08 04:14:00-04:00,4129.0,4130.2001953125,4128.7001953125,4128.7001953125,87
2026-07-08 04:15:00-04:00,4129.0,4132.2001953125,4129.0,4131.60009765625,94
2026-07-08 04:16:00-04:00,4131.60009765625,4131.60009765625,4115.2001953125,4116.7998046875,702
2026-07-08 04:17:00-04:00,4116.7998046875,4117.7001953125,4096.2001953125,4097.7998046875,1710
2026-07-08 04:18:00-04:00,4096.89990234375,4101.60009765625,4091.300048828125,4097.7998046875,1252
2026-07-08 04:19:00-04:00,4097.60009765625,4104.2001953125,4094.60009765625,4099.2998046875,574
2026-07-08 04:20:00-04:00,4098.7998046875,4108.39990234375,4098.39990234375,4103.2001953125,443
2026-07-08 04:21:00-04:00,4102.39990234375,4102.39990234375,4099.0,4101.5,333
2026-07-08 04:22:00-04:00,4101.39990234375,4104.2001953125,4097.0,4100.0,257
2026-07-08 04:23:00-04:00,4099.7998046875,4101.10009765625,4095.0,4095.0,450
2026-07-08 04:24:00-04:00,4095.0,4098.0,4093.0,4095.60009765625,371
2026-07-08 04:25:00-04:00,4095.89990234375,4098.7998046875,4090.89990234375,4098.2998046875,479
2026-07-08 04:26:00-04:00,4098.2998046875,4101.5,4096.7001953125,4099.10009765625,285
2026-07-08 04:27:00-04:00,4098.7998046875,4102.2001953125,4097.60009765625,4100.0,181
2026-07-08 04:28:00-04:00,4101.0,4102.2998046875,4096.7998046875,4100.7998046875,259
2026-07-08 04:29:00-04:00,4101.5,4101.5,4098.5,4099.5,72
2026-07-08 04:30:00-04:00,4099.5,4102.7998046875,4096.39990234375,4098.89990234375,222
2026-07-08 04:31:00-04:00,4098.7998046875,4101.2998046875,4096.2998046875,4098.5,140
2026-07-08 04:32:00-04:00,4098.2001953125,4098.2998046875,4088.0,4090.800048828125,616
2026-07-08 04:33:00-04:00,4090.5,4094.89990234375,4090.5,4091.199951171875,256
2026-07-08 04:34:00-04:00,4090.5,4095.300048828125,4090.0,4093.699951171875,250
2026-07-08 04:35:00-04:00,4093.39990234375,4093.39990234375,4086.5,4086.89990234375,304
2026-07-08 04:36:00-04:00,4087.300048828125,4087.800048828125,4083.300048828125,4083.699951171875,473
2026-07-08 04:37:00-04:00,4084.0,4085.10009765625,4080.39990234375,4085.10009765625,437
2026-07-08 04:38:00-04:00,4083.89990234375,4084.89990234375,4080.5,4080.699951171875,478
2026-07-08 04:39:00-04:00,4080.800048828125,4082.199951171875,4077.5,4078.0,273
2026-07-08 04:40:00-04:00,4077.800048828125,4078.89990234375,4073.800048828125,4075.800048828125,1132
2026-07-08 04:41:00-04:00,4075.800048828125,4077.39990234375,4072.0,4072.60009765625,370
2026-07-08 04:42:00-04:00,4072.39990234375,4075.300048828125,4071.5,4074.699951171875,319
2026-07-08 04:43:00-04:00,4074.5,4076.39990234375,4073.5,4074.60009765625,219
2026-07-08 04:44:00-04:00,4074.60009765625,4078.300048828125,4072.5,4077.0,497
2026-07-08 04:45:00-04:00,4076.39990234375,4078.800048828125,4075.5,4078.0,275
2026-07-08 04:46:00-04:00,4077.60009765625,4080.199951171875,4077.60009765625,4080.199951171875,257
2026-07-08 04:47:00-04:00,4080.60009765625,4086.5,4080.0,4085.10009765625,318
2026-07-08 04:48:00-04:00,4085.800048828125,4087.0,4078.39990234375,4078.89990234375,386
2026-07-08 04:49:00-04:00,4078.699951171875,4080.199951171875,4076.0,4077.89990234375,243
2026-07-08 04:50:00-04:00,4077.10009765625,4077.199951171875,4073.0,4076.39990234375,472
2026-07-08 04:51:00-04:00,4074.699951171875,4077.199951171875,4072.5,4072.89990234375,205
2026-07-08 04:52:00-04:00,4072.800048828125,4079.0,4072.699951171875,4078.800048828125,169
2026-07-08 04:53:00-04:00,4078.199951171875,4079.699951171875,4077.60009765625,4078.89990234375,205
2026-07-08 04:54:00-04:00,4078.89990234375,4079.199951171875,4071.199951171875,4073.60009765625,387
2026-07-08 04:55:00-04:00,4074.0,4075.60009765625,4073.0,4073.300048828125,194
2026-07-08 04:56:00-04:00,4073.5,4073.5,4065.5,4067.0,916
2026-07-08 04:57:00-04:00,4067.10009765625,4068.300048828125,4064.699951171875,4066.699951171875,415
2026-07-08 04:58:00-04:00,4066.300048828125,4067.199951171875,4062.199951171875,4063.199951171875,362
2026-07-08 04:59:00-04:00,4063.39990234375,4067.5,4063.39990234375,4066.800048828125,131
2026-07-08 05:00:00-04:00,4066.60009765625,4067.0,4062.199951171875,4062.5,226
2026-07-08 05:01:00-04:00,4062.300048828125,4064.10009765625,4061.800048828125,4063.39990234375,207
2026-07-08 05:02:00-04:00,4064.10009765625,4065.199951171875,4062.0,4063.5,169
2026-07-08 05:03:00-04:00,4063.5,4064.10009765625,4061.300048828125,4061.89990234375,165
2026-07-08 05:04:00-04:00,4062.10009765625,4066.800048828125,4060.89990234375,4065.89990234375,350
2026-07-08 05:05:00-04:00,4066.10009765625,4066.39990234375,4063.300048828125,4065.0,173
2026-07-08 05:06:00-04:00,4065.199951171875,4065.800048828125,4063.39990234375,4063.39990234375,107
2026-07-08 05:07:00-04:00,4064.199951171875,4065.39990234375,4062.39990234375,4063.199951171875,75
2026-07-08 05:08:00-04:00,4063.39990234375,4065.89990234375,4062.89990234375,4063.0,126
2026-07-08 05:09:00-04:00,4063.0,4063.300048828125,4060.39990234375,4061.800048828125,153
2026-07-08 05:10:00-04:00,4062.39990234375,4064.199951171875,4061.39990234375,4063.699951171875,101
2026-07-08 05:11:00-04:00,4063.300048828125,4065.60009765625,4062.60009765625,4062.60009765625,64
2026-07-08 05:12:00-04:00,4063.300048828125,4063.39990234375,4061.199951171875,4063.0,53
2026-07-08 05:13:00-04:00,4062.800048828125,4066.39990234375,4062.39990234375,4066.0,82
2026-07-08 05:14:00-04:00,4066.10009765625,4066.60009765625,4063.89990234375,4066.300048828125,152
2026-07-08 05:15:00-04:00,4065.699951171875,4070.0,4065.699951171875,4068.60009765625,491
2026-07-08 05:16:00-04:00,4067.89990234375,4069.0,4066.0,4066.300048828125,186
2026-07-08 05:17:00-04:00,4065.89990234375,4067.199951171875,4064.10009765625,4066.699951171875,101
2026-07-08 05:18:00-04:00,4066.60009765625,4069.0,4065.39990234375,4068.5,130
2026-07-08 05:19:00-04:00,4068.60009765625,4071.300048828125,4068.5,4069.5,474
2026-07-08 05:20:00-04:00,4069.699951171875,4070.300048828125,4067.699951171875,4068.300048828125,146
2026-07-08 05:21:00-04:00,4067.89990234375,4068.800048828125,4064.60009765625,4065.39990234375,196
2026-07-08 05:22:00-04:00,4065.199951171875,4068.10009765625,4065.199951171875,4067.800048828125,133
2026-07-08 05:23:00-04:00,4067.699951171875,4070.39990234375,4067.0,4070.39990234375,143
2026-07-08 05:24:00-04:00,4070.39990234375,4070.60009765625,4066.699951171875,4066.699951171875,286
2026-07-08 05:25:00-04:00,4067.199951171875,4068.0,4065.10009765625,4067.39990234375,77
2026-07-08 05:26:00-04:00,4067.800048828125,4069.39990234375,4067.800048828125,4069.0,72
2026-07-08 05:27:00-04:00,4068.800048828125,4070.800048828125,4067.0,4067.5,231
2026-07-08 05:28:00-04:00,4067.60009765625,4068.0,4066.5,4067.699951171875,85
2026-07-08 05:29:00-04:00,4067.60009765625,4068.300048828125,4066.199951171875,4066.800048828125,61
2026-07-08 05:30:00-04:00,4067.0,4067.5,4062.699951171875,4063.300048828125,258
2026-07-08 05:31:00-04:00,4063.5,4063.699951171875,4061.5,4062.89990234375,201
2026-07-08 05:32:00-04:00,4063.300048828125,4066.10009765625,4063.300048828125,4065.39990234375,172
2026-07-08 05:33:00-04:00,4065.300048828125,4065.699951171875,4064.199951171875,4065.300048828125,133
2026-07-08 05:34:00-04:00,4065.89990234375,4067.800048828125,4065.60009765625,4067.199951171875,75
2026-07-08 05:35:00-04:00,4066.800048828125,4068.60009765625,4066.5,4066.800048828125,90
2026-07-08 05:36:00-04:00,4067.300048828125,4068.89990234375,4066.199951171875,4066.5,71
2026-07-08 05:37:00-04:00,4066.89990234375,4067.39990234375,4062.699951171875,4062.89990234375,113
2026-07-08 05:38:00-04:00,4063.0,4064.300048828125,4061.60009765625,4062.10009765625,83
2026-07-08 05:39:00-04:00,4061.5,4063.10009765625,4061.10009765625,4062.800048828125,130
2026-07-08 05:40:00-04:00,4063.10009765625,4064.0,4060.800048828125,4063.800048828125,210
2026-07-08 05:41:00-04:00,4063.699951171875,4064.60009765625,4062.5,4062.5,193
2026-07-08 05:42:00-04:00,4062.5,4062.800048828125,4060.5,4061.0,227
2026-07-08 05:43:00-04:00,4061.0,4061.0,4054.800048828125,4055.699951171875,689
2026-07-08 05:44:00-04:00,4055.699951171875,4059.0,4055.5,4058.800048828125,267
2026-07-08 05:45:00-04:00,4058.60009765625,4060.39990234375,4057.39990234375,4059.10009765625,194
2026-07-08 05:46:00-04:00,4058.800048828125,4063.199951171875,4058.39990234375,4062.800048828125,155
2026-07-08 05:47:00-04:00,4062.89990234375,4062.89990234375,4059.199951171875,4059.5,48
2026-07-08 05:48:00-04:00,4058.800048828125,4060.800048828125,4058.0,4060.5,38
2026-07-08 05:49:00-04:00,4061.0,4061.89990234375,4060.39990234375,4060.60009765625,90
2026-07-08 05:50:00-04:00,4060.5,4060.5,4056.39990234375,4056.39990234375,112
2026-07-08 05:51:00-04:00,4056.39990234375,4058.800048828125,4056.39990234375,4058.800048828125,60
2026-07-08 05:52:00-04:00,4058.800048828125,4060.0,4058.10009765625,4058.60009765625,49
2026-07-08 05:53:00-04:00,4059.0,4059.5,4058.10009765625,4059.5,81
2026-07-08 05:54:00-04:00,4058.89990234375,4059.300048828125,4057.699951171875,4058.199951171875,72
2026-07-08 05:55:00-04:00,4057.800048828125,4057.89990234375,4056.0,4056.39990234375,128
2026-07-08 05:56:00-04:00,4056.39990234375,4057.300048828125,4055.10009765625,4055.39990234375,146
2026-07-08 05:57:00-04:00,4055.5,4057.699951171875,4055.300048828125,4055.89990234375,70
2026-07-08 05:58:00-04:00,4056.300048828125,4056.60009765625,4051.60009765625,4052.300048828125,270
2026-07-08 05:59:00-04:00,4052.199951171875,4054.199951171875,4052.10009765625,4053.10009765625,168
2026-07-08 06:00:00-04:00,4053.5,4057.199951171875,4053.300048828125,4056.60009765625,400
2026-07-08 06:01:00-04:00,4056.699951171875,4056.699951171875,4053.5,4054.60009765625,153
2026-07-08 06:02:00-04:00,4055.0,4056.39990234375,4053.199951171875,4056.39990234375,95
2026-07-08 06:03:00-04:00,4056.39990234375,4058.300048828125,4055.89990234375,4056.699951171875,92
2026-07-08 06:04:00-04:00,4056.60009765625,4057.699951171875,4055.89990234375,4057.10009765625,61
2026-07-08 06:05:00-04:00,4056.60009765625,4056.60009765625,4054.800048828125,4055.699951171875,57
2026-07-08 06:06:00-04:00,4055.199951171875,4055.199951171875,4053.5,4054.800048828125,114
2026-07-08 06:07:00-04:00,4054.60009765625,4055.10009765625,4053.699951171875,4053.89990234375,52
2026-07-08 06:08:00-04:00,4054.300048828125,4055.5,4053.800048828125,4055.199951171875,71
2026-07-08 06:09:00-04:00,4055.300048828125,4055.699951171875,4050.0,4051.89990234375,331
2026-07-08 06:10:00-04:00,4052.10009765625,4053.39990234375,4051.39990234375,4053.0,84
2026-07-08 06:11:00-04:00,4053.10009765625,4053.699951171875,4051.60009765625,4052.199951171875,106
2026-07-08 06:12:00-04:00,4052.10009765625,4055.300048828125,4052.10009765625,4054.800048828125,95
2026-07-08 06:13:00-04:00,4054.89990234375,4054.89990234375,4051.60009765625,4051.89990234375,105
2026-07-08 06:14:00-04:00,4052.199951171875,4054.5,4052.199951171875,4054.5,50
2026-07-08 06:15:00-04:00,4054.60009765625,4054.89990234375,4053.39990234375,4054.10009765625,56
2026-07-08 06:16:00-04:00,4054.199951171875,4055.89990234375,4054.199951171875,4055.300048828125,87
2026-07-08 06:17:00-04:00,4055.10009765625,4057.0,4054.0,4056.5,59
2026-07-08 06:18:00-04:00,4055.60009765625,4057.199951171875,4053.800048828125,4057.10009765625,78
2026-07-08 06:19:00-04:00,4056.699951171875,4060.800048828125,4056.699951171875,4060.800048828125,206
2026-07-08 06:20:00-04:00,4061.0,4065.0,4060.5,4064.60009765625,297
2026-07-08 06:21:00-04:00,4064.5,4066.10009765625,4063.39990234375,4064.5,227
2026-07-08 06:22:00-04:00,4064.5,4065.39990234375,4062.699951171875,4064.10009765625,115
2026-07-08 06:23:00-04:00,4063.800048828125,4064.5,4063.39990234375,4064.0,51
2026-07-08 06:24:00-04:00,4064.10009765625,4065.10009765625,4062.800048828125,4062.800048828125,153
2026-07-08 06:25:00-04:00,4062.800048828125,4063.60009765625,4061.0,4061.39990234375,84
2026-07-08 06:26:00-04:00,4061.300048828125,4061.89990234375,4060.10009765625,4060.60009765625,92
2026-07-08 06:27:00-04:00,4059.89990234375,4060.699951171875,4059.800048828125,4060.10009765625,88
2026-07-08 06:28:00-04:00,4059.60009765625,4061.199951171875,4059.300048828125,4060.39990234375,63
2026-07-08 06:29:00-04:00,4060.5,4061.89990234375,4059.60009765625,4061.0,52
2026-07-08 06:30:00-04:00,4060.60009765625,4062.800048828125,4060.60009765625,4061.300048828125,53
2026-07-08 06:31:00-04:00,4060.5,4064.89990234375,4060.199951171875,4064.60009765625,39
2026-07-08 06:32:00-04:00,4064.60009765625,4065.10009765625,4063.89990234375,4064.5,28
2026-07-08 06:33:00-04:00,4064.800048828125,4067.10009765625,4064.800048828125,4065.199951171875,99
2026-07-08 06:34:00-04:00,4065.300048828125,4065.60009765625,4063.89990234375,4065.10009765625,65
2026-07-08 06:35:00-04:00,4064.800048828125,4066.300048828125,4063.699951171875,4066.10009765625,54
2026-07-08 06:36:00-04:00,4065.60009765625,4067.10009765625,4063.89990234375,4063.89990234375,214
2026-07-08 06:37:00-04:00,4063.699951171875,4064.89990234375,4062.5,4063.0,42
2026-07-08 06:38:00-04:00,4063.0,4063.39990234375,4062.0,4062.39990234375,60
2026-07-08 06:39:00-04:00,4062.800048828125,4065.39990234375,4062.800048828125,4065.0,46
2026-07-08 06:40:00-04:00,4065.0,4065.89990234375,4063.300048828125,4063.39990234375,81
2026-07-08 06:41:00-04:00,4063.5,4065.5,4062.89990234375,4064.89990234375,61
2026-07-08 06:42:00-04:00,4065.60009765625,4068.0,4065.5,4067.10009765625,198
2026-07-08 06:43:00-04:00,4067.10009765625,4068.699951171875,4067.10009765625,4068.0,100
2026-07-08 06:44:00-04:00,4067.89990234375,4068.300048828125,4066.5,4067.5,86
2026-07-08 06:45:00-04:00,4067.800048828125,4068.0,4066.39990234375,4067.0,49
2026-07-08 06:46:00-04:00,4066.89990234375,4068.0,4065.89990234375,4067.5,55
2026-07-08 06:47:00-04:00,4067.10009765625,4068.60009765625,4066.699951171875,4068.0,57
2026-07-08 06:48:00-04:00,4068.0,4069.0,4066.5,4066.5,109
2026-07-08 06:49:00-04:00,4066.10009765625,4066.10009765625,4064.10009765625,4065.800048828125,92
2026-07-08 06:50:00-04:00,4066.199951171875,4067.800048828125,4065.199951171875,4065.300048828125,51
2026-07-08 06:51:00-04:00,4065.300048828125,4065.800048828125,4063.300048828125,4064.0,48
2026-07-08 06:52:00-04:00,4064.0,4064.5,4063.300048828125,4064.0,40
2026-07-08 06:53:00-04:00,4064.0,4066.0,4064.0,4066.0,72
2026-07-08 06:54:00-04:00,4065.39990234375,4067.10009765625,4065.0,4066.800048828125,55
2026-07-08 06:55:00-04:00,4066.60009765625,4067.60009765625,4065.5,4065.5,30
2026-07-08 06:56:00-04:00,4065.39990234375,4066.39990234375,4064.60009765625,4065.199951171875,54
2026-07-08 06:57:00-04:00,4065.199951171875,4065.199951171875,4063.800048828125,4064.0,50
2026-07-08 06:58:00-04:00,4064.199951171875,4065.199951171875,4064.0,4064.199951171875,38
2026-07-08 06:59:00-04:00,4064.5,4064.5,4062.89990234375,4062.89990234375,46
2026-07-08 07:00:00-04:00,4062.89990234375,4065.300048828125,4060.60009765625,4060.800048828125,137
2026-07-08 07:01:00-04:00,4061.39990234375,4064.199951171875,4061.199951171875,4064.199951171875,69
2026-07-08 07:02:00-04:00,4063.60009765625,4067.199951171875,4063.60009765625,4067.199951171875,72
2026-07-08 07:03:00-04:00,4066.60009765625,4066.800048828125,4063.5,4063.800048828125,52
2026-07-08 07:04:00-04:00,4063.60009765625,4064.39990234375,4061.699951171875,4064.199951171875,141
2026-07-08 07:05:00-04:00,4063.699951171875,4065.10009765625,4062.10009765625,4062.699951171875,74
2026-07-08 07:06:00-04:00,4062.699951171875,4064.300048828125,4062.699951171875,4063.5,40
2026-07-08 07:07:00-04:00,4063.300048828125,4063.300048828125,4061.800048828125,4061.800048828125,26
2026-07-08 07:08:00-04:00,4061.5,4062.5,4059.699951171875,4059.89990234375,96
2026-07-08 07:09:00-04:00,4060.10009765625,4060.5,4059.0,4059.39990234375,71
2026-07-08 07:10:00-04:00,4059.800048828125,4062.39990234375,4059.699951171875,4060.0,88
2026-07-08 07:11:00-04:00,4060.10009765625,4060.10009765625,4058.10009765625,4059.300048828125,118
2026-07-08 07:12:00-04:00,4058.800048828125,4061.60009765625,4058.800048828125,4061.60009765625,58
2026-07-08 07:13:00-04:00,4061.39990234375,4061.39990234375,4059.0,4059.89990234375,54
2026-07-08 07:14:00-04:00,4059.60009765625,4060.800048828125,4059.199951171875,4060.800048828125,17
2026-07-08 07:15:00-04:00,4060.39990234375,4063.10009765625,4060.300048828125,4062.60009765625,78
2026-07-08 07:16:00-04:00,4062.0,4064.0,4061.60009765625,4063.60009765625,87
2026-07-08 07:17:00-04:00,4063.199951171875,4064.800048828125,4062.800048828125,4062.800048828125,82
2026-07-08 07:18:00-04:00,4061.89990234375,4063.10009765625,4061.5,4062.199951171875,16
2026-07-08 07:19:00-04:00,4062.199951171875,4062.800048828125,4061.60009765625,4062.5,61
2026-07-08 07:20:00-04:00,4062.0,4062.0,4060.89990234375,4061.60009765625,12
2026-07-08 07:21:00-04:00,4061.300048828125,4064.39990234375,4060.39990234375,4061.800048828125,199
2026-07-08 07:22:00-04:00,4062.300048828125,4062.699951171875,4057.5,4057.89990234375,189
2026-07-08 07:23:00-04:00,4057.89990234375,4060.800048828125,4057.60009765625,4060.800048828125,111
2026-07-08 07:24:00-04:00,4060.699951171875,4060.699951171875,4059.89990234375,4060.300048828125,14
2026-07-08 07:25:00-04:00,4060.199951171875,4060.5,4059.39990234375,4059.89990234375,34
2026-07-08 07:26:00-04:00,4059.699951171875,4061.89990234375,4058.89990234375,4061.5,43
2026-07-08 07:27:00-04:00,4061.699951171875,4062.10009765625,4061.199951171875,4061.699951171875,25
2026-07-08 07:28:00-04:00,4061.10009765625,4061.199951171875,4060.699951171875,4061.199951171875,19
2026-07-08 07:29:00-04:00,4060.300048828125,4061.10009765625,4059.800048828125,4060.5,25
2026-07-08 07:30:00-04:00,4060.0,4060.800048828125,4059.300048828125,4060.800048828125,45
2026-07-08 07:31:00-04:00,4060.89990234375,4060.89990234375,4058.199951171875,4058.699951171875,44
2026-07-08 07:32:00-04:00,4058.699951171875,4058.699951171875,4055.699951171875,4056.10009765625,130
2026-07-08 07:33:00-04:00,4056.300048828125,4058.39990234375,4056.0,4057.0,42
2026-07-08 07:34:00-04:00,4057.199951171875,4057.699951171875,4056.199951171875,4057.60009765625,64
2026-07-08 07:35:00-04:00,4057.89990234375,4058.199951171875,4056.5,4056.5,57
2026-07-08 07:36:00-04:00,4056.199951171875,4056.60009765625,4054.39990234375,4054.800048828125,166
2026-07-08 07:37:00-04:00,4054.60009765625,4056.0,4054.60009765625,4055.0,73
2026-07-08 07:38:00-04:00,4054.699951171875,4054.699951171875,4051.5,4052.0,150
2026-07-08 07:39:00-04:00,4052.60009765625,4053.10009765625,4052.199951171875,4052.300048828125,76
2026-07-08 07:40:00-04:00,4053.0,4054.800048828125,4052.699951171875,4054.5,58
2026-07-08 07:41:00-04:00,4054.60009765625,4055.39990234375,4053.699951171875,4055.10009765625,48
2026-07-08 07:42:00-04:00,4055.0,4055.0,4054.10009765625,4054.39990234375,24
2026-07-08 07:43:00-04:00,4054.800048828125,4069.0,4054.699951171875,4068.5,969
2026-07-08 07:44:00-04:00,4068.60009765625,4076.300048828125,4068.300048828125,4074.5,1043
2026-07-08 07:45:00-04:00,4074.5,4079.89990234375,4070.800048828125,4077.300048828125,649
2026-07-08 07:46:00-04:00,4076.699951171875,4083.0,4076.60009765625,4079.60009765625,418
2026-07-08 07:47:00-04:00,4079.39990234375,4082.60009765625,4078.0,4078.300048828125,240
2026-07-08 07:48:00-04:00,4077.699951171875,4082.199951171875,4075.10009765625,4076.39990234375,258
2026-07-08 07:49:00-04:00,4076.800048828125,4076.89990234375,4071.800048828125,4072.10009765625,352
2026-07-08 07:50:00-04:00,4071.89990234375,4072.89990234375,4069.39990234375,4071.0,222
2026-07-08 07:51:00-04:00,4071.0,4071.699951171875,4069.199951171875,4069.800048828125,78
2026-07-08 07:52:00-04:00,4069.699951171875,4071.300048828125,4069.39990234375,4070.5,137
2026-07-08 07:53:00-04:00,4070.199951171875,4072.699951171875,4070.0,4071.199951171875,112
2026-07-08 07:54:00-04:00,4071.60009765625,4074.0,4071.0,4072.800048828125,83
2026-07-08 07:55:00-04:00,4072.5,4074.199951171875,4071.5,4072.300048828125,64
2026-07-08 07:56:00-04:00,4072.300048828125,4074.699951171875,4071.10009765625,4073.0,244
2026-07-08 07:57:00-04:00,4072.89990234375,4072.89990234375,4069.699951171875,4071.60009765625,175
2026-07-08 07:58:00-04:00,4071.5,4072.300048828125,4070.89990234375,4071.800048828125,54
2026-07-08 07:59:00-04:00,4072.300048828125,4072.300048828125,4070.60009765625,4072.300048828125,41
2026-07-08 08:00:00-04:00,4071.89990234375,4074.199951171875,4068.5,4069.60009765625,318
2026-07-08 08:01:00-04:00,4069.0,4073.199951171875,4068.60009765625,4072.39990234375,89
2026-07-08 08:02:00-04:00,4072.300048828125,4073.5,4071.0,4073.0,63
2026-07-08 08:03:00-04:00,4073.0,4076.300048828125,4072.300048828125,4075.89990234375,127
2026-07-08 08:04:00-04:00,4075.10009765625,4075.10009765625,4072.60009765625,4075.10009765625,92
2026-07-08 08:05:00-04:00,4074.699951171875,4078.699951171875,4074.0,4078.199951171875,260
2026-07-08 08:06:00-04:00,4077.39990234375,4078.0,4076.5,4076.60009765625,114
2026-07-08 08:07:00-04:00,4076.699951171875,4079.199951171875,4076.10009765625,4077.10009765625,310
2026-07-08 08:08:00-04:00,4077.39990234375,4077.5,4075.0,4075.199951171875,89
2026-07-08 08:09:00-04:00,4075.5,4080.0,4075.5,4079.5,158
2026-07-08 08:10:00-04:00,4079.199951171875,4081.60009765625,4078.800048828125,4080.89990234375,247
2026-07-08 08:11:00-04:00,4080.89990234375,4083.300048828125,4080.800048828125,4082.699951171875,94
2026-07-08 08:12:00-04:00,4081.60009765625,4082.699951171875,4080.39990234375,4082.699951171875,125
2026-07-08 08:13:00-04:00,4082.10009765625,4083.60009765625,4080.800048828125,4081.199951171875,195
2026-07-08 08:14:00-04:00,4081.39990234375,4082.800048828125,4079.800048828125,4081.800048828125,111
2026-07-08 08:15:00-04:00,4082.199951171875,4082.60009765625,4078.699951171875,4080.5,146
2026-07-08 08:16:00-04:00,4080.60009765625,4082.5,4078.699951171875,4079.60009765625,263
2026-07-08 08:17:00-04:00,4080.0,4084.39990234375,4080.0,4084.0,128
2026-07-08 08:18:00-04:00,4083.89990234375,4087.10009765625,4083.0,4086.199951171875,165
2026-07-08 08:19:00-04:00,4086.10009765625,4087.60009765625,4085.0,4085.300048828125,171
2026-07-08 08:20:00-04:00,4085.39990234375,4086.60009765625,4081.10009765625,4081.10009765625,215
2026-07-08 08:21:00-04:00,4080.89990234375,4082.60009765625,4080.89990234375,4081.699951171875,80
2026-07-08 08:22:00-04:00,4082.0,4082.0,4078.800048828125,4079.699951171875,132
2026-07-08 08:23:00-04:00,4079.60009765625,4080.300048828125,4078.699951171875,4079.5,63
2026-07-08 08:24:00-04:00,4079.60009765625,4079.60009765625,4075.199951171875,4077.5,253
2026-07-08 08:25:00-04:00,4076.89990234375,4079.5,4076.89990234375,4079.39990234375,131
2026-07-08 08:26:00-04:00,4078.699951171875,4080.39990234375,4077.0,4080.199951171875,105
2026-07-08 08:27:00-04:00,4080.10009765625,4081.5,4079.89990234375,4080.89990234375,62
2026-07-08 08:28:00-04:00,4080.699951171875,4082.300048828125,4079.199951171875,4079.800048828125,93
2026-07-08 08:29:00-04:00,4080.10009765625,4082.10009765625,4079.89990234375,4081.0,81
2026-07-08 08:30:00-04:00,4080.89990234375,4084.199951171875,4078.39990234375,4080.0,305
2026-07-08 08:31:00-04:00,4080.199951171875,4082.699951171875,4079.800048828125,4082.199951171875,97
2026-07-08 08:32:00-04:00,4081.800048828125,4082.10009765625,4078.39990234375,4080.699951171875,160
2026-07-08 08:33:00-04:00,4080.89990234375,4081.800048828125,4080.199951171875,4080.800048828125,85
2026-07-08 08:34:00-04:00,4081.0,4083.60009765625,4079.699951171875,4083.60009765625,92
2026-07-08 08:35:00-04:00,4083.300048828125,4083.5,4077.89990234375,4078.39990234375,82
2026-07-08 08:36:00-04:00,4078.800048828125,4081.0,4078.60009765625,4079.199951171875,47
2026-07-08 08:37:00-04:00,4079.10009765625,4080.89990234375,4079.0,4080.0,71
2026-07-08 08:38:00-04:00,4079.5,4080.5,4079.0,4080.39990234375,54
2026-07-08 08:39:00-04:00,4080.5,4083.699951171875,4079.800048828125,4083.300048828125,103
2026-07-08 08:40:00-04:00,4083.0,4085.0,4083.0,4084.199951171875,75
2026-07-08 08:41:00-04:00,4084.10009765625,4084.89990234375,4081.5,4083.199951171875,151
2026-07-08 08:42:00-04:00,4083.199951171875,4086.800048828125,4083.199951171875,4086.800048828125,77
2026-07-08 08:43:00-04:00,4087.10009765625,4088.60009765625,4086.60009765625,4087.89990234375,149
2026-07-08 08:44:00-04:00,4087.800048828125,4088.699951171875,4086.300048828125,4088.39990234375,112
2026-07-08 08:45:00-04:00,4088.5,4089.60009765625,4087.60009765625,4088.800048828125,195
2026-07-08 08:46:00-04:00,4088.699951171875,4092.699951171875,4086.699951171875,4091.5,521
2026-07-08 08:47:00-04:00,4091.39990234375,4093.800048828125,4090.300048828125,4092.39990234375,288
2026-07-08 08:48:00-04:00,4092.10009765625,4093.199951171875,4090.800048828125,4091.5,150
2026-07-08 08:49:00-04:00,4091.5,4093.300048828125,4091.39990234375,4093.10009765625,93
2026-07-08 08:50:00-04:00,4093.0,4094.10009765625,4092.39990234375,4093.39990234375,320
2026-07-08 08:51:00-04:00,4093.39990234375,4096.7998046875,4093.39990234375,4095.60009765625,340
2026-07-08 08:52:00-04:00,4095.199951171875,4096.7001953125,4094.10009765625,4094.199951171875,191
2026-07-08 08:53:00-04:00,4094.10009765625,4095.10009765625,4092.699951171875,4092.800048828125,149
2026-07-08 08:54:00-04:00,4093.10009765625,4095.699951171875,4092.89990234375,4094.60009765625,94
2026-07-08 08:55:00-04:00,4094.199951171875,4096.2001953125,4093.60009765625,4095.5,152
2026-07-08 08:56:00-04:00,4095.39990234375,4096.2001953125,4085.39990234375,4086.800048828125,823
2026-07-08 08:57:00-04:00,4087.0,4090.5,4084.800048828125,4087.5,654
2026-07-08 08:58:00-04:00,4087.199951171875,4088.199951171875,4085.10009765625,4086.10009765625,159
2026-07-08 08:59:00-04:00,4085.699951171875,4086.39990234375,4081.10009765625,4082.89990234375,371
2026-07-08 09:00:00-04:00,4082.5,4087.39990234375,4080.699951171875,4081.199951171875,444
2026-07-08 09:01:00-04:00,4081.199951171875,4087.5,4080.800048828125,4087.199951171875,226
2026-07-08 09:02:00-04:00,4087.0,4087.199951171875,4084.39990234375,4085.0,128
2026-07-08 09:03:00-04:00,4085.10009765625,4087.300048828125,4084.0,4086.5,75
2026-07-08 09:04:00-04:00,4086.5,4090.5,4085.800048828125,4089.800048828125,227
2026-07-08 09:05:00-04:00,4089.89990234375,4093.800048828125,4088.5,4092.199951171875,292
2026-07-08 09:06:00-04:00,4092.199951171875,4093.199951171875,4088.0,4088.60009765625,378
2026-07-08 09:07:00-04:00,4088.300048828125,4090.300048828125,4083.300048828125,4083.89990234375,204
2026-07-08 09:08:00-04:00,4083.300048828125,4086.199951171875,4082.89990234375,4083.699951171875,265
2026-07-08 09:09:00-04:00,4083.5,4085.5,4083.199951171875,4085.39990234375,197
2026-07-08 09:10:00-04:00,4084.699951171875,4085.699951171875,4081.800048828125,4085.699951171875,162
2026-07-08 09:11:00-04:00,4085.39990234375,4086.89990234375,4082.5,4082.800048828125,255
2026-07-08 09:12:00-04:00,4082.89990234375,4086.0,4082.5,4085.0,229
2026-07-08 09:13:00-04:00,4085.10009765625,4086.199951171875,4082.300048828125,4082.89990234375,366
2026-07-08 09:14:00-04:00,4083.199951171875,4084.5,4080.39990234375,4082.89990234375,339
2026-07-08 09:15:00-04:00,4082.800048828125,4085.10009765625,4082.699951171875,4085.10009765625,108
2026-07-08 09:16:00-04:00,4085.199951171875,4085.5,4082.39990234375,4083.10009765625,313
2026-07-08 09:17:00-04:00,4084.0,4085.199951171875,4083.39990234375,4084.300048828125,61
2026-07-08 09:18:00-04:00,4084.300048828125,4086.89990234375,4083.699951171875,4084.199951171875,83
2026-07-08 09:19:00-04:00,4083.699951171875,4085.0,4082.800048828125,4083.5,53
2026-07-08 09:20:00-04:00,4082.800048828125,4085.89990234375,4081.60009765625,4085.199951171875,119
2026-07-08 09:21:00-04:00,4085.5,4086.89990234375,4082.5,4083.39990234375,107
2026-07-08 09:22:00-04:00,4083.300048828125,4083.89990234375,4082.5,4083.5,52
2026-07-08 09:23:00-04:00,4083.60009765625,4083.60009765625,4080.199951171875,4080.699951171875,378
2026-07-08 09:24:00-04:00,4081.10009765625,4082.39990234375,4078.699951171875,4082.199951171875,252
2026-07-08 09:25:00-04:00,4082.0,4082.199951171875,4079.39990234375,4082.0,139
2026-07-08 09:26:00-04:00,4082.39990234375,4085.39990234375,4081.800048828125,4083.199951171875,233
2026-07-08 09:27:00-04:00,4083.5,4085.10009765625,4083.5,4084.60009765625,102
2026-07-08 09:28:00-04:00,4084.0,4084.5,4081.199951171875,4082.199951171875,92
2026-07-08 09:29:00-04:00,4082.800048828125,4083.10009765625,4075.800048828125,4077.5,460
2026-07-08 09:30:00-04:00,4077.5,4081.89990234375,4077.39990234375,4081.10009765625,298
2026-07-08 09:31:00-04:00,4081.0,4085.5,4080.199951171875,4085.0,148
2026-07-08 09:32:00-04:00,4085.39990234375,4090.5,4084.199951171875,4089.5,545
2026-07-08 09:33:00-04:00,4089.60009765625,4090.39990234375,4087.699951171875,4088.0,187
2026-07-08 09:34:00-04:00,4088.89990234375,4090.89990234375,4086.5,4088.5,133
2026-07-08 09:35:00-04:00,4087.10009765625,4088.0,4083.60009765625,4085.300048828125,206
2026-07-08 09:36:00-04:00,4084.800048828125,4088.89990234375,4084.800048828125,4087.10009765625,107
2026-07-08 09:37:00-04:00,4087.0,4089.800048828125,4086.300048828125,4089.10009765625,135
2026-07-08 09:38:00-04:00,4088.89990234375,4088.89990234375,4085.800048828125,4086.0,80
2026-07-08 09:39:00-04:00,4086.199951171875,4091.5,4085.5,4090.199951171875,165
2026-07-08 09:40:00-04:00,4089.89990234375,4091.199951171875,4088.60009765625,4090.199951171875,209
2026-07-08 09:41:00-04:00,4090.199951171875,4090.800048828125,4088.199951171875,4089.10009765625,83
2026-07-08 09:42:00-04:00,4089.0,4089.10009765625,4081.300048828125,4083.0,220
2026-07-08 09:43:00-04:00,4082.5,4084.800048828125,4082.300048828125,4084.800048828125,192
2026-07-08 09:44:00-04:00,4084.699951171875,4085.0,4083.10009765625,4084.199951171875,102
2026-07-08 09:45:00-04:00,4083.89990234375,4086.10009765625,4082.699951171875,4085.199951171875,159
2026-07-08 09:46:00-04:00,4085.699951171875,4090.10009765625,4085.199951171875,4087.89990234375,160
2026-07-08 09:47:00-04:00,4088.0,4088.60009765625,4086.0,4086.300048828125,56
2026-07-08 09:48:00-04:00,4086.0,4087.39990234375,4084.699951171875,4084.89990234375,87
2026-07-08 09:49:00-04:00,4084.199951171875,4084.39990234375,4080.199951171875,4080.199951171875,171
2026-07-08 09:50:00-04:00,4080.300048828125,4082.199951171875,4079.39990234375,4080.89990234375,169
2026-07-08 09:51:00-04:00,4081.300048828125,4084.39990234375,4080.800048828125,4081.699951171875,148
2026-07-08 09:52:00-04:00,4082.199951171875,4083.0,4080.699951171875,4081.699951171875,48
2026-07-08 09:53:00-04:00,4081.800048828125,4082.699951171875,4079.0,4079.300048828125,226
2026-07-08 09:54:00-04:00,4079.699951171875,4081.60009765625,4079.60009765625,4080.60009765625,128
2026-07-08 09:55:00-04:00,4080.699951171875,4081.39990234375,4079.89990234375,4080.699951171875,748
2026-07-08 09:56:00-04:00,4081.300048828125,4082.5,4079.60009765625,4082.5,132
2026-07-08 09:57:00-04:00,4082.300048828125,4084.0,4082.10009765625,4083.699951171875,269
2026-07-08 09:58:00-04:00,4082.800048828125,4083.0,4080.5,4081.800048828125,296
2026-07-08 09:59:00-04:00,4081.60009765625,4083.10009765625,4079.699951171875,4081.60009765625,127
2026-07-08 10:00:00-04:00,4081.10009765625,4082.0,4073.89990234375,4079.699951171875,471
2026-07-08 10:01:00-04:00,4079.199951171875,4079.699951171875,4077.0,4079.10009765625,183
2026-07-08 10:02:00-04:00,4078.89990234375,4079.5,4076.10009765625,4079.0,240
2026-07-08 10:03:00-04:00,4079.300048828125,4080.10009765625,4075.199951171875,4077.39990234375,188
2026-07-08 10:04:00-04:00,4077.5,4079.300048828125,4076.199951171875,4077.0,372
2026-07-08 10:05:00-04:00,4077.10009765625,4079.699951171875,4075.60009765625,4076.60009765625,297
2026-07-08 10:06:00-04:00,4076.199951171875,4077.300048828125,4073.199951171875,4075.0,509
2026-07-08 10:07:00-04:00,4075.300048828125,4075.300048828125,4071.699951171875,4072.60009765625,523
2026-07-08 10:08:00-04:00,4072.699951171875,4076.10009765625,4072.699951171875,4075.699951171875,478
2026-07-08 10:09:00-04:00,4076.10009765625,4076.60009765625,4072.10009765625,4074.699951171875,269
2026-07-08 10:10:00-04:00,4074.300048828125,4075.60009765625,4072.0,4072.699951171875,92
2026-07-08 10:11:00-04:00,4072.300048828125,4074.300048828125,4069.60009765625,4073.800048828125,499
2026-07-08 10:12:00-04:00,4074.60009765625,4074.89990234375,4071.199951171875,4074.10009765625,136
2026-07-08 10:13:00-04:00,4073.699951171875,4075.10009765625,4071.5,4072.199951171875,305
2026-07-08 10:14:00-04:00,4072.199951171875,4072.39990234375,4067.699951171875,4068.300048828125,612
2026-07-08 10:15:00-04:00,4068.199951171875,4069.699951171875,4064.800048828125,4065.0,509
2026-07-08 10:16:00-04:00,4065.199951171875,4066.699951171875,4062.0,4063.89990234375,423
2026-07-08 10:17:00-04:00,4064.300048828125,4069.300048828125,4064.0,4069.199951171875,383
2026-07-08 10:18:00-04:00,4068.89990234375,4072.39990234375,4068.89990234375,4070.800048828125,227
2026-07-08 10:19:00-04:00,4070.800048828125,4071.300048828125,4064.5,4065.60009765625,187
2026-07-08 10:20:00-04:00,4065.39990234375,4068.10009765625,4063.60009765625,4067.699951171875,324
2026-07-08 10:21:00-04:00,4067.800048828125,4073.0,4067.39990234375,4072.199951171875,192
2026-07-08 10:22:00-04:00,4072.0,4072.699951171875,4070.300048828125,4071.5,246
2026-07-08 10:23:00-04:00,4071.199951171875,4072.0,4069.699951171875,4070.39990234375,146
2026-07-08 10:24:00-04:00,4070.60009765625,4071.39990234375,4068.0,4070.89990234375,204
2026-07-08 10:25:00-04:00,4071.5,4075.699951171875,4070.60009765625,4075.199951171875,250
2026-07-08 10:26:00-04:00,4075.300048828125,4076.39990234375,4072.89990234375,4073.800048828125,219
2026-07-08 10:27:00-04:00,4073.60009765625,4074.699951171875,4069.60009765625,4074.10009765625,320
2026-07-08 10:28:00-04:00,4074.39990234375,4075.0,4071.10009765625,4071.800048828125,124
2026-07-08 10:29:00-04:00,4071.89990234375,4072.800048828125,4071.300048828125,4071.5,70
2026-07-08 10:30:00-04:00,4071.0,4072.39990234375,4069.0,4070.0,124
2026-07-08 10:31:00-04:00,4069.89990234375,4070.0,4066.300048828125,4067.0,262
2026-07-08 10:32:00-04:00,4066.699951171875,4066.89990234375,4063.0,4063.89990234375,166
2026-07-08 10:33:00-04:00,4063.800048828125,4065.60009765625,4063.0,4065.39990234375,278
2026-07-08 10:34:00-04:00,4065.300048828125,4068.199951171875,4064.300048828125,4066.0,271
2026-07-08 10:35:00-04:00,4066.0,4066.5,4063.60009765625,4063.699951171875,177
2026-07-08 10:36:00-04:00,4063.60009765625,4063.89990234375,4060.0,4060.5,628
2026-07-08 10:37:00-04:00,4060.60009765625,4060.89990234375,4055.800048828125,4057.0,465
2026-07-08 10:38:00-04:00,4056.60009765625,4058.199951171875,4056.0,4056.10009765625,332
2026-07-08 10:39:00-04:00,4056.10009765625,4057.199951171875,4052.89990234375,4053.89990234375,527
2026-07-08 10:40:00-04:00,4054.0,4059.800048828125,4053.800048828125,4059.5,865
2026-07-08 10:41:00-04:00,4059.60009765625,4060.199951171875,4058.10009765625,4059.0,502
2026-07-08 10:42:00-04:00,4058.800048828125,4058.800048828125,4054.60009765625,4054.60009765625,182
2026-07-08 10:43:00-04:00,4054.39990234375,4055.10009765625,4047.699951171875,4051.699951171875,949
2026-07-08 10:44:00-04:00,4051.5,4052.300048828125,4045.10009765625,4046.800048828125,931
2026-07-08 10:45:00-04:00,4046.800048828125,4048.39990234375,4045.300048828125,4048.39990234375,291
2026-07-08 10:46:00-04:00,4048.300048828125,4050.699951171875,4046.300048828125,4046.699951171875,485
2026-07-08 10:47:00-04:00,4046.5,4049.89990234375,4044.0,4049.199951171875,367
2026-07-08 10:48:00-04:00,4049.0,4050.89990234375,4048.300048828125,4049.5,306
2026-07-08 10:49:00-04:00,4050.0,4050.300048828125,4046.199951171875,4046.300048828125,314
2026-07-08 10:50:00-04:00,4046.199951171875,4050.60009765625,4045.300048828125,4050.199951171875,231
2026-07-08 10:51:00-04:00,4050.10009765625,4053.60009765625,4050.10009765625,4053.60009765625,496
2026-07-08 10:52:00-04:00,4053.199951171875,4057.10009765625,4052.5,4056.5,217
2026-07-08 10:53:00-04:00,4056.10009765625,4056.60009765625,4053.300048828125,4055.300048828125,158
2026-07-08 10:54:00-04:00,4055.199951171875,4056.199951171875,4052.699951171875,4055.199951171875,149
2026-07-08 10:55:00-04:00,4055.0,4056.0,4053.699951171875,4055.300048828125,126
2026-07-08 10:56:00-04:00,4055.10009765625,4056.39990234375,4053.300048828125,4053.300048828125,128
2026-07-08 10:57:00-04:00,4053.60009765625,4054.39990234375,4051.0,4052.800048828125,193
2026-07-08 10:58:00-04:00,4053.199951171875,4053.39990234375,4051.89990234375,4052.699951171875,54
2026-07-08 10:59:00-04:00,4052.800048828125,4054.0,4051.300048828125,4051.800048828125,96
2026-07-08 11:00:00-04:00,4052.0,4052.5,4048.10009765625,4049.199951171875,279
2026-07-08 11:01:00-04:00,4048.89990234375,4052.0,4047.10009765625,4047.300048828125,202
2026-07-08 11:02:00-04:00,4047.60009765625,4050.0,4047.10009765625,4049.5,83
2026-07-08 11:03:00-04:00,4050.10009765625,4050.39990234375,4048.0,4049.800048828125,58
2026-07-08 11:04:00-04:00,4050.699951171875,4051.5,4046.300048828125,4048.199951171875,169
2026-07-08 11:05:00-04:00,4048.0,4054.300048828125,4047.800048828125,4053.800048828125,148
2026-07-08 11:06:00-04:00,4054.10009765625,4054.10009765625,4051.60009765625,4052.0,215
2026-07-08 11:07:00-04:00,4052.10009765625,4053.89990234375,4050.0,4051.0,77
2026-07-08 11:08:00-04:00,4051.0,4053.10009765625,4050.699951171875,4051.300048828125,58
2026-07-08 11:09:00-04:00,4051.0,4051.60009765625,4050.10009765625,4050.699951171875,45
2026-07-08 11:10:00-04:00,4050.300048828125,4053.10009765625,4050.300048828125,4053.0,58
2026-07-08 11:11:00-04:00,4052.300048828125,4052.699951171875,4048.300048828125,4048.699951171875,182
2026-07-08 11:12:00-04:00,4048.699951171875,4048.89990234375,4047.10009765625,4048.5,102
2026-07-08 11:13:00-04:00,4048.699951171875,4048.699951171875,4045.39990234375,4045.800048828125,236
2026-07-08 11:14:00-04:00,4045.89990234375,4046.60009765625,4044.199951171875,4044.60009765625,295
2026-07-08 11:15:00-04:00,4044.5,4045.60009765625,4040.5,4042.39990234375,1564
2026-07-08 11:16:00-04:00,4042.39990234375,4042.89990234375,4038.10009765625,4039.800048828125,383
2026-07-08 11:17:00-04:00,4039.39990234375,4042.60009765625,4039.300048828125,4041.699951171875,162
2026-07-08 11:18:00-04:00,4041.5,4043.199951171875,4040.800048828125,4041.39990234375,373
2026-07-08 11:19:00-04:00,4041.0,4044.0,4039.699951171875,4042.5,163
2026-07-08 11:20:00-04:00,4042.60009765625,4046.699951171875,4040.800048828125,4045.60009765625,158
2026-07-08 11:21:00-04:00,4045.199951171875,4045.5,4040.300048828125,4041.300048828125,147
2026-07-08 11:22:00-04:00,4041.5,4041.5,4038.60009765625,4039.300048828125,103
2026-07-08 11:23:00-04:00,4038.800048828125,4041.5,4038.39990234375,4039.0,158
2026-07-08 11:24:00-04:00,4038.800048828125,4039.800048828125,4036.699951171875,4037.0,200
2026-07-08 11:25:00-04:00,4037.10009765625,4039.800048828125,4036.89990234375,4039.300048828125,183
2026-07-08 11:26:00-04:00,4039.5,4040.199951171875,4038.10009765625,4039.5,118
2026-07-08 11:27:00-04:00,4039.699951171875,4041.89990234375,4038.39990234375,4040.89990234375,108
2026-07-08 11:28:00-04:00,4041.0,4042.199951171875,4040.5,4040.699951171875,138
2026-07-08 11:29:00-04:00,4041.10009765625,4042.89990234375,4041.10009765625,4041.5,136
2026-07-08 11:30:00-04:00,4042.0,4042.89990234375,4033.39990234375,4034.199951171875,476
2026-07-08 11:31:00-04:00,4034.10009765625,4035.89990234375,4033.39990234375,4035.5,232
2026-07-08 11:32:00-04:00,4035.60009765625,4035.89990234375,4032.5,4033.89990234375,480
2026-07-08 11:33:00-04:00,4033.199951171875,4036.5,4033.199951171875,4035.60009765625,127
2026-07-08 11:34:00-04:00,4035.60009765625,4037.300048828125,4035.10009765625,4035.800048828125,174
2026-07-08 11:35:00-04:00,4035.60009765625,4041.199951171875,4034.699951171875,4041.199951171875,333
2026-07-08 11:36:00-04:00,4040.39990234375,4040.89990234375,4038.800048828125,4040.5,138
2026-07-08 11:37:00-04:00,4040.699951171875,4041.5,4039.60009765625,4039.89990234375,102
2026-07-08 11:38:00-04:00,4039.5,4042.60009765625,4039.199951171875,4041.199951171875,139
2026-07-08 11:39:00-04:00,4041.5,4041.800048828125,4038.60009765625,4040.0,113
2026-07-08 11:40:00-04:00,4039.39990234375,4043.300048828125,4039.300048828125,4043.10009765625,158
2026-07-08 11:41:00-04:00,4042.800048828125,4043.300048828125,4040.800048828125,4041.39990234375,173
2026-07-08 11:42:00-04:00,4041.60009765625,4041.800048828125,4039.300048828125,4039.699951171875,119
2026-07-08 11:43:00-04:00,4039.39990234375,4042.39990234375,4039.300048828125,4041.60009765625,116
2026-07-08 11:44:00-04:00,4041.800048828125,4044.300048828125,4041.10009765625,4042.89990234375,180
2026-07-08 11:45:00-04:00,4042.800048828125,4043.199951171875,4041.60009765625,4043.199951171875,81
2026-07-08 11:46:00-04:00,4043.10009765625,4043.5,4040.800048828125,4042.0,97
2026-07-08 11:47:00-04:00,4042.300048828125,4042.699951171875,4039.800048828125,4042.39990234375,192
2026-07-08 11:48:00-04:00,4042.60009765625,4044.5,4042.39990234375,4043.5,202
2026-07-08 11:49:00-04:00,4043.10009765625,4044.60009765625,4042.0,4044.0,166
2026-07-08 11:50:00-04:00,4044.10009765625,4046.0,4043.800048828125,4045.39990234375,168
2026-07-08 11:51:00-04:00,4045.199951171875,4046.300048828125,4044.0,4046.300048828125,260
2026-07-08 11:52:00-04:00,4046.0,4047.199951171875,4045.39990234375,4046.699951171875,139
2026-07-08 11:53:00-04:00,4046.699951171875,4048.60009765625,4046.199951171875,4047.199951171875,159
2026-07-08 11:54:00-04:00,4046.800048828125,4047.10009765625,4043.60009765625,4044.89990234375,143
2026-07-08 11:55:00-04:00,4044.60009765625,4045.10009765625,4042.10009765625,4042.10009765625,111
2026-07-08 11:56:00-04:00,4042.10009765625,4042.300048828125,4040.60009765625,4041.60009765625,172
2026-07-08 11:57:00-04:00,4041.699951171875,4044.0,4041.699951171875,4043.5,59
2026-07-08 11:58:00-04:00,4043.60009765625,4044.89990234375,4043.0,4043.10009765625,39
2026-07-08 11:59:00-04:00,4042.800048828125,4045.0,4042.60009765625,4044.10009765625,86
2026-07-08 12:00:00-04:00,4044.5,4045.89990234375,4043.800048828125,4044.800048828125,109
2026-07-08 12:01:00-04:00,4044.39990234375,4045.39990234375,4043.800048828125,4043.800048828125,174
2026-07-08 12:02:00-04:00,4044.0,4045.10009765625,4043.5,4043.699951171875,95
2026-07-08 12:03:00-04:00,4044.199951171875,4047.39990234375,4043.39990234375,4047.10009765625,161
2026-07-08 12:04:00-04:00,4047.300048828125,4047.5,4046.199951171875,4046.39990234375,77
2026-07-08 12:05:00-04:00,4046.800048828125,4048.0,4046.39990234375,4046.800048828125,111
2026-07-08 12:06:00-04:00,4046.800048828125,4050.0,4046.800048828125,4050.0,248
2026-07-08 12:07:00-04:00,4050.0,4050.800048828125,4049.5,4049.800048828125,100
2026-07-08 12:08:00-04:00,4049.800048828125,4049.800048828125,4047.89990234375,4048.199951171875,53
2026-07-08 12:09:00-04:00,4048.5,4050.199951171875,4048.199951171875,4049.39990234375,87
2026-07-08 12:10:00-04:00,4049.60009765625,4052.39990234375,4049.60009765625,4052.199951171875,224
2026-07-08 12:11:00-04:00,4052.0,4052.800048828125,4050.60009765625,4050.699951171875,152
2026-07-08 12:12:00-04:00,4051.300048828125,4052.199951171875,4050.0,4051.699951171875,190
2026-07-08 12:13:00-04:00,4051.60009765625,4053.5,4049.800048828125,4049.800048828125,307
2026-07-08 12:14:00-04:00,4050.10009765625,4050.89990234375,4049.10009765625,4049.89990234375,56
2026-07-08 12:15:00-04:00,4050.0,4050.0,4048.699951171875,4049.5,58
2026-07-08 12:16:00-04:00,4049.300048828125,4049.60009765625,4048.0,4048.800048828125,84
2026-07-08 12:17:00-04:00,4048.800048828125,4050.800048828125,4048.699951171875,4050.39990234375,151
2026-07-08 12:18:00-04:00,4050.800048828125,4051.89990234375,4049.89990234375,4049.89990234375,49
2026-07-08 12:19:00-04:00,4049.89990234375,4050.800048828125,4049.800048828125,4050.800048828125,88
2026-07-08 12:20:00-04:00,4051.300048828125,4052.39990234375,4050.39990234375,4052.10009765625,50
2026-07-08 12:21:00-04:00,4051.800048828125,4051.89990234375,4050.800048828125,4051.10009765625,105
2026-07-08 12:22:00-04:00,4051.800048828125,4052.0,4050.5,4050.60009765625,67
2026-07-08 12:23:00-04:00,4050.60009765625,4050.800048828125,4049.5,4050.300048828125,158
2026-07-08 12:24:00-04:00,4050.0,4050.699951171875,4048.10009765625,4048.60009765625,87
2026-07-08 12:25:00-04:00,4048.60009765625,4050.199951171875,4048.60009765625,4050.199951171875,79
2026-07-08 12:26:00-04:00,4049.5,4051.5,4049.5,4051.0,54
2026-07-08 12:27:00-04:00,4051.0,4055.89990234375,4051.0,4054.0,247
2026-07-08 12:28:00-04:00,4053.60009765625,4053.89990234375,4052.60009765625,4052.800048828125,63
2026-07-08 12:29:00-04:00,4053.0,4054.0,4051.60009765625,4053.89990234375,92
2026-07-08 12:30:00-04:00,4053.60009765625,4055.39990234375,4052.699951171875,4055.0,60
2026-07-08 12:31:00-04:00,4054.800048828125,4057.5,4054.800048828125,4055.60009765625,211
2026-07-08 12:32:00-04:00,4055.800048828125,4056.39990234375,4053.89990234375,4054.10009765625,180
2026-07-08 12:33:00-04:00,4053.89990234375,4054.300048828125,4052.60009765625,4053.800048828125,63
2026-07-08 12:34:00-04:00,4054.0,4054.0,4051.39990234375,4052.0,268
2026-07-08 12:35:00-04:00,4051.699951171875,4056.39990234375,4051.699951171875,4052.39990234375,456
2026-07-08 12:36:00-04:00,4051.89990234375,4051.89990234375,4050.300048828125,4051.0,192
2026-07-08 12:37:00-04:00,4051.199951171875,4052.199951171875,4049.5,4051.0,125
2026-07-08 12:38:00-04:00,4051.199951171875,4051.800048828125,4049.5,4050.10009765625,76
2026-07-08 12:39:00-04:00,4050.199951171875,4057.0,4049.60009765625,4055.10009765625,301
2026-07-08 12:40:00-04:00,4054.699951171875,4061.10009765625,4052.89990234375,4058.60009765625,467
2026-07-08 12:41:00-04:00,4058.800048828125,4060.39990234375,4055.89990234375,4058.0,223
2026-07-08 12:42:00-04:00,4058.199951171875,4061.199951171875,4057.10009765625,4060.60009765625,169
2026-07-08 12:43:00-04:00,4060.60009765625,4064.0,4059.89990234375,4062.699951171875,240
2026-07-08 12:44:00-04:00,4062.699951171875,4068.300048828125,4062.5,4066.60009765625,584
2026-07-08 12:45:00-04:00,4066.39990234375,4068.0,4065.0,4066.60009765625,242
2026-07-08 12:46:00-04:00,4067.199951171875,4067.60009765625,4065.39990234375,4067.0,98
2026-07-08 12:47:00-04:00,4066.800048828125,4067.0,4063.300048828125,4064.5,158
2026-07-08 12:48:00-04:00,4064.699951171875,4067.39990234375,4064.5,4067.300048828125,162
2026-07-08 12:49:00-04:00,4067.199951171875,4069.199951171875,4067.10009765625,4068.0,286
2026-07-08 12:50:00-04:00,4068.39990234375,4069.89990234375,4067.699951171875,4069.5,202
2026-07-08 12:51:00-04:00,4069.0,4071.5,4067.5,4071.39990234375,188
2026-07-08 12:52:00-04:00,4071.300048828125,4073.0,4070.699951171875,4071.60009765625,186
2026-07-08 12:53:00-04:00,4071.60009765625,4072.300048828125,4069.10009765625,4071.199951171875,313
2026-07-08 12:54:00-04:00,4071.300048828125,4072.39990234375,4070.0,4072.199951171875,100
2026-07-08 12:55:00-04:00,4072.5,4075.0,4072.5,4073.60009765625,146
2026-07-08 12:56:00-04:00,4073.39990234375,4073.699951171875,4072.300048828125,4073.199951171875,178
2026-07-08 12:57:00-04:00,4073.39990234375,4073.60009765625,4071.300048828125,4072.5,72
2026-07-08 12:58:00-04:00,4072.699951171875,4073.800048828125,4072.699951171875,4073.300048828125,72
2026-07-08 12:59:00-04:00,4073.0,4074.39990234375,4072.199951171875,4073.89990234375,168
2026-07-08 13:00:00-04:00,4073.89990234375,4074.10009765625,4071.10009765625,4071.10009765625,92
2026-07-08 13:01:00-04:00,4071.300048828125,4071.300048828125,4069.699951171875,4071.10009765625,88
2026-07-08 13:02:00-04:00,4070.89990234375,4072.10009765625,4069.39990234375,4070.300048828125,107
2026-07-08 13:03:00-04:00,4070.199951171875,4073.0,4069.89990234375,4071.60009765625,83
2026-07-08 13:04:00-04:00,4071.199951171875,4071.60009765625,4069.89990234375,4071.0,93
2026-07-08 13:05:00-04:00,4070.89990234375,4072.60009765625,4070.699951171875,4071.800048828125,178
2026-07-08 13:06:00-04:00,4071.699951171875,4076.800048828125,4071.199951171875,4076.199951171875,327
2026-07-08 13:07:00-04:00,4075.89990234375,4079.199951171875,4075.89990234375,4078.699951171875,267
2026-07-08 13:08:00-04:00,4078.800048828125,4078.800048828125,4075.800048828125,4076.800048828125,111
2026-07-08 13:09:00-04:00,4076.39990234375,4076.60009765625,4075.10009765625,4075.800048828125,65
2026-07-08 13:10:00-04:00,4075.199951171875,4075.800048828125,4073.89990234375,4074.39990234375,73
2026-07-08 13:11:00-04:00,4074.39990234375,4076.300048828125,4073.800048828125,4076.300048828125,507
2026-07-08 13:12:00-04:00,4076.5,4077.699951171875,4075.5,4077.10009765625,92
2026-07-08 13:13:00-04:00,4077.39990234375,4079.699951171875,4077.300048828125,4078.699951171875,68
2026-07-08 13:14:00-04:00,4079.0,4080.699951171875,4074.89990234375,4075.0,359
2026-07-08 13:15:00-04:00,4075.199951171875,4077.199951171875,4074.89990234375,4077.0,310
2026-07-08 13:16:00-04:00,4076.89990234375,4077.39990234375,4075.89990234375,4076.300048828125,76
2026-07-08 13:17:00-04:00,4076.199951171875,4077.300048828125,4074.39990234375,4074.39990234375,143
2026-07-08 13:18:00-04:00,4074.5,4075.39990234375,4073.699951171875,4073.89990234375,112
2026-07-08 13:19:00-04:00,4073.699951171875,4076.60009765625,4073.5,4076.5,213
2026-07-08 13:20:00-04:00,4076.10009765625,4077.39990234375,4075.699951171875,4076.699951171875,307
2026-07-08 13:21:00-04:00,4076.39990234375,4079.0,4075.39990234375,4078.199951171875,582
2026-07-08 13:22:00-04:00,4078.39990234375,4081.0,4078.39990234375,4080.0,472
2026-07-08 13:23:00-04:00,4079.800048828125,4079.800048828125,4078.0,4078.699951171875,249
2026-07-08 13:24:00-04:00,4079.0,4080.0,4078.699951171875,4079.60009765625,548
2026-07-08 13:25:00-04:00,4079.60009765625,4083.0,4079.60009765625,4081.0,396
2026-07-08 13:26:00-04:00,4081.300048828125,4083.699951171875,4081.0,4082.89990234375,290
2026-07-08 13:27:00-04:00,4082.89990234375,4083.0,4080.800048828125,4082.300048828125,123
2026-07-08 13:28:00-04:00,4082.5,4084.699951171875,4082.300048828125,4083.0,277
2026-07-08 13:29:00-04:00,4082.89990234375,4083.39990234375,4080.800048828125,4083.39990234375,2523
2026-07-08 13:30:00-04:00,4083.5,4086.699951171875,4082.89990234375,4086.300048828125,1477
2026-07-08 13:31:00-04:00,4086.300048828125,4086.89990234375,4084.300048828125,4085.0,238
2026-07-08 13:32:00-04:00,4085.0,4085.0,4082.800048828125,4082.89990234375,127
2026-07-08 13:33:00-04:00,4083.300048828125,4084.199951171875,4082.60009765625,4082.60009765625,58
2026-07-08 13:34:00-04:00,4082.60009765625,4083.199951171875,4081.5,4083.0,90
2026-07-08 13:35:00-04:00,4082.89990234375,4083.0,4081.5,4081.89990234375,182
2026-07-08 13:36:00-04:00,4082.199951171875,4083.699951171875,4080.60009765625,4082.10009765625,85
2026-07-08 13:37:00-04:00,4082.300048828125,4082.60009765625,4080.5,4081.0,177
2026-07-08 13:38:00-04:00,4080.699951171875,4081.89990234375,4080.10009765625,4081.300048828125,74
2026-07-08 13:39:00-04:00,4081.300048828125,4081.89990234375,4081.10009765625,4081.300048828125,21
2026-07-08 13:40:00-04:00,4081.300048828125,4081.5,4079.39990234375,4079.60009765625,54
2026-07-08 13:41:00-04:00,4079.60009765625,4080.699951171875,4079.5,4080.0,64
2026-07-08 13:42:00-04:00,4080.0,4081.300048828125,4079.800048828125,4081.300048828125,45
2026-07-08 13:43:00-04:00,4081.199951171875,4081.800048828125,4079.800048828125,4080.10009765625,61
2026-07-08 13:44:00-04:00,4079.89990234375,4080.5,4079.699951171875,4080.5,22
2026-07-08 13:45:00-04:00,4080.300048828125,4080.300048828125,4078.39990234375,4080.0,74
2026-07-08 13:46:00-04:00,4080.300048828125,4081.0,4079.800048828125,4079.89990234375,51
2026-07-08 13:47:00-04:00,4080.300048828125,4080.300048828125,4079.5,4079.800048828125,12
2026-07-08 13:48:00-04:00,4079.300048828125,4079.300048828125,4077.800048828125,4078.10009765625,173
2026-07-08 13:49:00-04:00,4078.5,4079.0,4077.5,4078.0,51
2026-07-08 13:50:00-04:00,4078.199951171875,4078.800048828125,4077.10009765625,4078.800048828125,64
2026-07-08 13:51:00-04:00,4078.699951171875,4080.5,4078.60009765625,4080.5,57
2026-07-08 13:52:00-04:00,4080.199951171875,4080.300048828125,4079.300048828125,4079.89990234375,36
2026-07-08 13:53:00-04:00,4080.199951171875,4080.199951171875,4078.60009765625,4078.699951171875,38
2026-07-08 13:54:00-04:00,4078.60009765625,4078.60009765625,4077.5,4078.0,75
2026-07-08 13:55:00-04:00,4078.0,4078.0,4075.5,4076.800048828125,92
2026-07-08 13:56:00-04:00,4077.0,4077.0,4075.0,4075.699951171875,87
2026-07-08 13:57:00-04:00,4076.199951171875,4076.300048828125,4075.0,4075.60009765625,45
2026-07-08 13:58:00-04:00,4075.39990234375,4076.800048828125,4074.699951171875,4075.89990234375,50
2026-07-08 13:59:00-04:00,4076.199951171875,4076.800048828125,4076.10009765625,4076.39990234375,63
2026-07-08 14:00:00-04:00,4075.800048828125,4080.10009765625,4073.800048828125,4078.39990234375,344
2026-07-08 14:01:00-04:00,4078.800048828125,4083.5,4078.199951171875,4082.699951171875,255
2026-07-08 14:02:00-04:00,4082.39990234375,4085.5,4079.300048828125,4080.0,181
2026-07-08 14:03:00-04:00,4079.89990234375,4081.300048828125,4078.39990234375,4080.60009765625,156
2026-07-08 14:04:00-04:00,4080.60009765625,4081.60009765625,4079.10009765625,4079.60009765625,54
2026-07-08 14:05:00-04:00,4080.0,4081.10009765625,4078.5,4080.699951171875,53
2026-07-08 14:06:00-04:00,4080.0,4081.0,4078.199951171875,4078.300048828125,89
2026-07-08 14:07:00-04:00,4078.60009765625,4078.89990234375,4076.800048828125,4077.5,88
2026-07-08 14:08:00-04:00,4077.199951171875,4079.0,4077.199951171875,4078.89990234375,51
2026-07-08 14:09:00-04:00,4079.199951171875,4079.5,4077.699951171875,4078.5,22
2026-07-08 14:10:00-04:00,4078.199951171875,4082.10009765625,4077.5,4082.10009765625,129
2026-07-08 14:11:00-04:00,4081.89990234375,4084.5,4081.39990234375,4082.5,81
2026-07-08 14:12:00-04:00,4082.5,4083.60009765625,4081.39990234375,4083.60009765625,66
2026-07-08 14:13:00-04:00,4083.0,4085.800048828125,4083.0,4085.10009765625,154
2026-07-08 14:14:00-04:00,4085.39990234375,4086.39990234375,4085.0,4085.699951171875,55
2026-07-08 14:15:00-04:00,4086.0,4086.10009765625,4083.5,4085.10009765625,78
2026-07-08 14:16:00-04:00,4084.89990234375,4085.0,4081.10009765625,4081.699951171875,60
2026-07-08 14:17:00-04:00,4082.0,4082.300048828125,4081.39990234375,4082.300048828125,18
2026-07-08 14:18:00-04:00,4082.10009765625,4082.10009765625,4080.89990234375,4081.5,35
2026-07-08 14:19:00-04:00,4081.5,4082.5,4081.300048828125,4082.10009765625,19
2026-07-08 14:20:00-04:00,4082.10009765625,4082.10009765625,4078.800048828125,4080.60009765625,82
2026-07-08 14:21:00-04:00,4080.699951171875,4081.300048828125,4079.199951171875,4079.39990234375,60
2026-07-08 14:22:00-04:00,4079.800048828125,4081.89990234375,4079.800048828125,4081.699951171875,63
2026-07-08 14:23:00-04:00,4081.5,4081.699951171875,4081.199951171875,4081.199951171875,7
2026-07-08 14:24:00-04:00,4081.199951171875,4081.300048828125,4079.800048828125,4080.0,16
2026-07-08 14:25:00-04:00,4079.800048828125,4079.800048828125,4078.800048828125,4079.199951171875,42
2026-07-08 14:26:00-04:00,4079.10009765625,4079.5,4078.0,4079.5,77
2026-07-08 14:27:00-04:00,4080.0,4081.5,4080.0,4081.0,50
2026-07-08 14:28:00-04:00,4081.39990234375,4083.10009765625,4080.300048828125,4081.0,78
2026-07-08 14:29:00-04:00,4080.39990234375,4081.10009765625,4080.39990234375,4080.800048828125,22
2026-07-08 14:30:00-04:00,4080.5,4080.699951171875,4077.60009765625,4078.199951171875,95
2026-07-08 14:31:00-04:00,4078.39990234375,4079.5,4077.89990234375,4078.60009765625,27
2026-07-08 14:32:00-04:00,4078.800048828125,4082.0,4078.699951171875,4080.89990234375,81
2026-07-08 14:33:00-04:00,4080.800048828125,4080.800048828125,4078.699951171875,4079.39990234375,29
2026-07-08 14:34:00-04:00,4078.800048828125,4080.39990234375,4078.800048828125,4080.300048828125,355
2026-07-08 14:35:00-04:00,4080.39990234375,4081.60009765625,4079.60009765625,4081.39990234375,68
2026-07-08 14:36:00-04:00,4081.199951171875,4084.5,4081.199951171875,4083.800048828125,103
2026-07-08 14:37:00-04:00,4083.699951171875,4085.0,4083.39990234375,4084.60009765625,37
2026-07-08 14:38:00-04:00,4084.800048828125,4086.0,4084.800048828125,4085.199951171875,40
2026-07-08 14:39:00-04:00,4084.39990234375,4085.89990234375,4084.300048828125,4085.60009765625,18
2026-07-08 14:40:00-04:00,4085.5,4088.800048828125,4085.39990234375,4088.39990234375,183
2026-07-08 14:41:00-04:00,4087.89990234375,4088.699951171875,4086.199951171875,4086.60009765625,158
2026-07-08 14:42:00-04:00,4086.800048828125,4087.39990234375,4085.300048828125,4085.699951171875,30
2026-07-08 14:43:00-04:00,4086.0,4088.800048828125,4086.0,4088.60009765625,28
2026-07-08 14:44:00-04:00,4088.300048828125,4090.0,4088.0,4089.89990234375,100
2026-07-08 14:45:00-04:00,4089.800048828125,4091.39990234375,4089.0,4091.0,101
2026-07-08 14:46:00-04:00,4090.60009765625,4097.7998046875,4090.60009765625,4095.60009765625,386
2026-07-08 14:47:00-04:00,4095.39990234375,4098.39990234375,4094.39990234375,4097.89990234375,179
2026-07-08 14:48:00-04:00,4097.2001953125,4097.7998046875,4094.0,4097.2998046875,174
2026-07-08 14:49:00-04:00,4097.2998046875,4101.60009765625,4096.7998046875,4100.89990234375,147
2026-07-08 14:50:00-04:00,4100.2001953125,4101.5,4099.39990234375,4100.7001953125,108
2026-07-08 14:51:00-04:00,4101.0,4101.0,4097.89990234375,4098.0,223
2026-07-08 14:52:00-04:00,4097.7998046875,4099.7001953125,4095.0,4095.60009765625,151
2026-07-08 14:53:00-04:00,4095.699951171875,4096.10009765625,4094.39990234375,4094.39990234375,34
2026-07-08 14:54:00-04:00,4094.5,4096.5,4094.300048828125,4095.699951171875,37
2026-07-08 14:55:00-04:00,4095.699951171875,4095.699951171875,4093.199951171875,4093.800048828125,71
2026-07-08 14:56:00-04:00,4093.5,4094.199951171875,4092.60009765625,4092.699951171875,58
2026-07-08 14:57:00-04:00,4092.89990234375,4093.60009765625,4092.10009765625,4093.199951171875,78
2026-07-08 14:58:00-04:00,4093.300048828125,4094.300048828125,4092.699951171875,4094.199951171875,54
2026-07-08 14:59:00-04:00,4094.39990234375,4094.699951171875,4093.60009765625,4094.10009765625,51
2026-07-08 15:00:00-04:00,4095.0,4100.7998046875,4094.699951171875,4100.5,142
2026-07-08 15:01:00-04:00,4100.0,4101.0,4098.0,4098.2001953125,79
2026-07-08 15:02:00-04:00,4098.2998046875,4098.2998046875,4096.39990234375,4097.39990234375,70
2026-07-08 15:03:00-04:00,4097.5,4099.0,4096.5,4098.5,51
2026-07-08 15:04:00-04:00,4098.7001953125,4099.60009765625,4097.2001953125,4097.2001953125,42
2026-07-08 15:05:00-04:00,4097.60009765625,4097.7998046875,4096.7001953125,4097.2001953125,33
2026-07-08 15:06:00-04:00,4097.60009765625,4098.7998046875,4096.89990234375,4097.89990234375,49
2026-07-08 15:07:00-04:00,4098.2001953125,4099.10009765625,4097.89990234375,4098.2001953125,19
2026-07-08 15:08:00-04:00,4097.5,4100.2001953125,4097.2998046875,4099.89990234375,64
2026-07-08 15:09:00-04:00,4099.7998046875,4100.2001953125,4098.7998046875,4099.7001953125,50
2026-07-08 15:10:00-04:00,4099.2001953125,4100.5,4097.60009765625,4097.60009765625,80
2026-07-08 15:11:00-04:00,4097.2001953125,4097.39990234375,4095.89990234375,4096.0,27
2026-07-08 15:12:00-04:00,4096.60009765625,4097.2001953125,4095.5,4096.39990234375,51
2026-07-08 15:13:00-04:00,4096.10009765625,4097.7001953125,4096.10009765625,4096.89990234375,72
2026-07-08 15:14:00-04:00,4096.39990234375,4098.2001953125,4096.2998046875,4097.7998046875,27
2026-07-08 15:15:00-04:00,4097.2998046875,4098.0,4095.5,4095.699951171875,64
2026-07-08 15:16:00-04:00,4095.89990234375,4096.2998046875,4094.800048828125,4095.0,38
2026-07-08 15:17:00-04:00,4095.0,4096.0,4095.0,4096.0,393
2026-07-08 15:18:00-04:00,4096.39990234375,4097.60009765625,4096.39990234375,4096.5,71
2026-07-08 15:19:00-04:00,4096.2001953125,4097.10009765625,4096.0,4096.60009765625,25
2026-07-08 15:20:00-04:00,4096.5,4097.2998046875,4096.5,4096.60009765625,18
2026-07-08 15:21:00-04:00,4096.89990234375,4097.7001953125,4096.7998046875,4097.10009765625,20
2026-07-08 15:22:00-04:00,4097.0,4097.2001953125,4096.39990234375,4096.60009765625,13
2026-07-08 15:23:00-04:00,4096.0,4096.7998046875,4096.0,4096.7998046875,36
2026-07-08 15:24:00-04:00,4096.5,4097.7998046875,4096.5,4097.2001953125,29
2026-07-08 15:25:00-04:00,4097.2998046875,4097.2998046875,4095.10009765625,4095.5,41
2026-07-08 15:26:00-04:00,4095.5,4098.0,4095.10009765625,4097.10009765625,63
2026-07-08 15:27:00-04:00,4097.10009765625,4097.7998046875,4096.7001953125,4096.7001953125,20
2026-07-08 15:28:00-04:00,4097.0,4097.2001953125,4096.39990234375,4096.7001953125,15
2026-07-08 15:29:00-04:00,4097.10009765625,4098.60009765625,4096.5,4098.5,25
2026-07-08 15:30:00-04:00,4098.60009765625,4100.2998046875,4098.10009765625,4099.39990234375,322
2026-07-08 15:31:00-04:00,4099.5,4101.2001953125,4098.89990234375,4099.89990234375,118
2026-07-08 15:32:00-04:00,4099.60009765625,4099.60009765625,4098.5,4099.10009765625,50
2026-07-08 15:33:00-04:00,4099.39990234375,4101.39990234375,4099.39990234375,4100.39990234375,66
2026-07-08 15:34:00-04:00,4100.60009765625,4100.7001953125,4096.39990234375,4097.2001953125,103
2026-07-08 15:35:00-04:00,4096.7998046875,4097.2998046875,4096.5,4097.2998046875,27
2026-07-08 15:36:00-04:00,4097.5,4099.2998046875,4097.5,4099.2001953125,34
2026-07-08 15:37:00-04:00,4099.0,4099.0,4097.89990234375,4097.89990234375,15
2026-07-08 15:38:00-04:00,4098.0,4098.2998046875,4096.89990234375,4096.89990234375,24
2026-07-08 15:39:00-04:00,4096.89990234375,4097.89990234375,4096.89990234375,4097.2998046875,14
2026-07-08 15:40:00-04:00,4097.39990234375,4097.5,4096.60009765625,4096.7001953125,30
2026-07-08 15:41:00-04:00,4096.2998046875,4096.2998046875,4095.10009765625,4095.10009765625,37
2026-07-08 15:42:00-04:00,4095.39990234375,4095.60009765625,4093.39990234375,4094.10009765625,151
2026-07-08 15:43:00-04:00,4094.199951171875,4095.10009765625,4093.60009765625,4093.89990234375,66
2026-07-08 15:44:00-04:00,4094.10009765625,4094.10009765625,4093.5,4094.10009765625,25
2026-07-08 15:45:00-04:00,4093.89990234375,4094.39990234375,4089.800048828125,4090.89990234375,311
2026-07-08 15:46:00-04:00,4091.10009765625,4093.10009765625,4091.10009765625,4092.0,58
2026-07-08 15:47:00-04:00,4091.800048828125,4092.199951171875,4088.5,4089.699951171875,142
2026-07-08 15:48:00-04:00,4090.0,4091.0,4089.10009765625,4090.300048828125,82
2026-07-08 15:49:00-04:00,4090.0,4090.5,4088.89990234375,4089.300048828125,45
2026-07-08 15:50:00-04:00,4089.199951171875,4092.39990234375,4089.0,4091.199951171875,132
2026-07-08 15:51:00-04:00,4090.5,4091.800048828125,4090.10009765625,4090.699951171875,71
2026-07-08 15:52:00-04:00,4090.89990234375,4092.39990234375,4090.199951171875,4091.5,82
2026-07-08 15:53:00-04:00,4091.699951171875,4093.5,4091.39990234375,4092.0,88
2026-07-08 15:54:00-04:00,4092.199951171875,4093.0,4091.699951171875,4092.89990234375,68
2026-07-08 15:55:00-04:00,4093.300048828125,4093.300048828125,4091.39990234375,4092.0,119
2026-07-08 15:56:00-04:00,4092.300048828125,4092.300048828125,4091.199951171875,4091.699951171875,22
2026-07-08 15:57:00-04:00,4091.800048828125,4093.10009765625,4091.800048828125,4092.89990234375,47
2026-07-08 15:58:00-04:00,4092.60009765625,4092.60009765625,4090.800048828125,4091.0,66
2026-07-08 15:59:00-04:00,4090.89990234375,4091.800048828125,4090.0,4090.199951171875,158
2026-07-08 16:00:00-04:00,4090.5,4090.5,4088.800048828125,4089.199951171875,141
2026-07-08 16:01:00-04:00,4088.89990234375,4088.89990234375,4086.199951171875,4087.300048828125,174
2026-07-08 16:02:00-04:00,4087.89990234375,4089.300048828125,4087.89990234375,4088.89990234375,32
2026-07-08 16:03:00-04:00,4089.10009765625,4090.10009765625,4088.5,4090.10009765625,57
2026-07-08 16:04:00-04:00,4090.10009765625,4090.10009765625,4089.39990234375,4089.39990234375,8
2026-07-08 16:05:00-04:00,4089.39990234375,4091.60009765625,4088.699951171875,4091.5,109
2026-07-08 16:06:00-04:00,4091.300048828125,4093.5,4091.300048828125,4091.800048828125,50
2026-07-08 16:07:00-04:00,4091.39990234375,4091.39990234375,4089.39990234375,4089.60009765625,65
2026-07-08 16:08:00-04:00,4090.0,4091.199951171875,4089.5,4090.39990234375,61
2026-07-08 16:09:00-04:00,4090.199951171875,4092.0,4089.800048828125,4091.300048828125,32
2026-07-08 16:10:00-04:00,4090.89990234375,4091.699951171875,4090.800048828125,4090.89990234375,14
2026-07-08 16:11:00-04:00,4090.60009765625,4090.60009765625,4087.89990234375,4088.89990234375,137
2026-07-08 16:12:00-04:00,4089.199951171875,4089.39990234375,4087.89990234375,4087.89990234375,26
2026-07-08 16:13:00-04:00,4088.39990234375,4088.800048828125,4088.10009765625,4088.800048828125,7
2026-07-08 16:14:00-04:00,4088.699951171875,4089.199951171875,4088.0,4089.199951171875,30
2026-07-08 16:15:00-04:00,4089.0,4089.39990234375,4088.60009765625,4088.699951171875,19
2026-07-08 16:16:00-04:00,4087.60009765625,4087.89990234375,4086.0,4086.699951171875,59
2026-07-08 16:17:00-04:00,4086.800048828125,4087.5,4085.60009765625,4086.5,29
2026-07-08 16:18:00-04:00,4086.60009765625,4087.60009765625,4086.10009765625,4087.199951171875,28
2026-07-08 16:19:00-04:00,4087.0,4087.699951171875,4085.89990234375,4086.39990234375,45
2026-07-08 16:20:00-04:00,4086.5,4086.699951171875,4085.300048828125,4086.0,69
2026-07-08 16:21:00-04:00,4085.800048828125,4085.800048828125,4084.10009765625,4085.10009765625,102
2026-07-08 16:22:00-04:00,4084.89990234375,4086.300048828125,4084.89990234375,4085.60009765625,39
2026-07-08 16:23:00-04:00,4085.5,4086.0,4084.5,4085.800048828125,41
2026-07-08 16:24:00-04:00,4085.5,4085.5,4084.60009765625,4085.39990234375,29
2026-07-08 16:25:00-04:00,4085.5,4085.5,4085.10009765625,4085.10009765625,10
2026-07-08 16:26:00-04:00,4085.300048828125,4085.60009765625,4084.699951171875,4085.60009765625,30
2026-07-08 16:27:00-04:00,4085.800048828125,4085.800048828125,4084.800048828125,4085.0,31
2026-07-08 16:28:00-04:00,4084.89990234375,4085.39990234375,4084.5,4084.89990234375,83
2026-07-08 16:29:00-04:00,4085.0,4086.699951171875,4085.0,4086.60009765625,23
2026-07-08 16:30:00-04:00,4086.699951171875,4088.60009765625,4086.699951171875,4088.300048828125,75
2026-07-08 16:31:00-04:00,4088.10009765625,4088.10009765625,4086.10009765625,4086.199951171875,41
2026-07-08 16:32:00-04:00,4086.10009765625,4086.10009765625,4085.5,4085.60009765625,14
2026-07-08 16:33:00-04:00,4085.0,4085.5,4084.39990234375,4084.89990234375,31
2026-07-08 16:34:00-04:00,4084.89990234375,4084.89990234375,4083.199951171875,4083.800048828125,69
2026-07-08 16:35:00-04:00,4083.89990234375,4083.89990234375,4082.39990234375,4082.89990234375,33
2026-07-08 16:36:00-04:00,4083.0,4083.5,4081.39990234375,4081.89990234375,52
2026-07-08 16:37:00-04:00,4081.800048828125,4082.699951171875,4081.699951171875,4081.699951171875,27
2026-07-08 16:38:00-04:00,4081.699951171875,4083.5,4081.699951171875,4083.300048828125,20
2026-07-08 16:39:00-04:00,4083.300048828125,4084.199951171875,4082.10009765625,4084.199951171875,30
2026-07-08 16:40:00-04:00,4084.39990234375,4084.89990234375,4084.10009765625,4084.800048828125,21
2026-07-08 16:41:00-04:00,4084.800048828125,4085.199951171875,4084.800048828125,4085.199951171875,2
2026-07-08 16:42:00-04:00,4085.199951171875,4085.89990234375,4085.199951171875,4085.5,12
2026-07-08 16:43:00-04:00,4085.800048828125,4085.89990234375,4085.10009765625,4085.199951171875,16
2026-07-08 16:44:00-04:00,4085.10009765625,4085.5,4084.699951171875,4085.10009765625,15
2026-07-08 16:45:00-04:00,4084.699951171875,4084.89990234375,4084.199951171875,4084.60009765625,27
2026-07-08 16:46:00-04:00,4085.0,4085.39990234375,4084.89990234375,4084.89990234375,6
2026-07-08 16:47:00-04:00,4085.39990234375,4085.699951171875,4084.89990234375,4084.89990234375,11
2026-07-08 16:48:00-04:00,4085.39990234375,4086.0,4085.39990234375,4086.0,6
2026-07-08 16:49:00-04:00,4085.39990234375,4085.60009765625,4085.199951171875,4085.199951171875,9
2026-07-08 16:50:00-04:00,4085.60009765625,4087.199951171875,4085.60009765625,4087.199951171875,31
2026-07-08 16:51:00-04:00,4086.89990234375,4088.39990234375,4086.800048828125,4088.0,48
2026-07-08 16:52:00-04:00,4087.699951171875,4087.699951171875,4086.0,4086.10009765625,18
2026-07-08 16:53:00-04:00,4086.39990234375,4088.300048828125,4086.10009765625,4088.300048828125,40
2026-07-08 16:54:00-04:00,4088.5,4089.699951171875,4088.300048828125,4089.5,28
2026-07-08 16:55:00-04:00,4089.800048828125,4089.800048828125,4086.699951171875,4088.0,61
2026-07-08 16:56:00-04:00,4087.699951171875,4088.300048828125,4087.300048828125,4088.199951171875,13
2026-07-08 16:57:00-04:00,4088.10009765625,4088.199951171875,4087.5,4087.5,11
2026-07-08 16:58:00-04:00,4087.800048828125,4087.800048828125,4087.5,4087.60009765625,14
2026-07-08 16:59:00-04:00,4087.699951171875,4088.0,4082.39990234375,4086.60009765625,41
2026-07-08 18:00:00-04:00,4087.60009765625,4088.699951171875,4082.10009765625,4086.300048828125,0
2026-07-08 18:01:00-04:00,4086.800048828125,4089.199951171875,4086.5,4088.699951171875,21
2026-07-08 18:02:00-04:00,4087.60009765625,4087.699951171875,4086.89990234375,4087.699951171875,15
2026-07-08 18:03:00-04:00,4087.5,4087.699951171875,4082.800048828125,4083.10009765625,115
2026-07-08 18:04:00-04:00,4083.5,4084.39990234375,4081.199951171875,4082.89990234375,61
2026-07-08 18:05:00-04:00,4083.5,4085.5,4082.800048828125,4085.5,39
2026-07-08 18:06:00-04:00,4085.800048828125,4087.5,4085.699951171875,4086.699951171875,33
2026-07-08 18:07:00-04:00,4086.300048828125,4087.199951171875,4085.800048828125,4086.89990234375,21
2026-07-08 18:08:00-04:00,4086.60009765625,4088.89990234375,4086.60009765625,4087.60009765625,20
2026-07-08 18:09:00-04:00,4087.39990234375,4087.39990234375,4086.60009765625,4086.699951171875,8
2026-07-08 18:10:00-04:00,4087.5,4088.0,4086.699951171875,4087.89990234375,20
2026-07-08 18:11:00-04:00,4088.10009765625,4088.10009765625,4087.39990234375,4087.60009765625,4
2026-07-08 18:12:00-04:00,4087.800048828125,4088.39990234375,4087.300048828125,4087.300048828125,12
2026-07-08 18:13:00-04:00,4087.60009765625,4087.60009765625,4086.300048828125,4086.5,7
2026-07-08 18:14:00-04:00,4086.300048828125,4086.800048828125,4086.0,4086.300048828125,12
2026-07-08 18:15:00-04:00,4086.10009765625,4087.0,4085.800048828125,4087.0,5
2026-07-08 18:16:00-04:00,4087.0,4088.699951171875,4086.89990234375,4088.699951171875,39
2026-07-08 18:17:00-04:00,4087.60009765625,4087.60009765625,4086.5,4087.10009765625,10
2026-07-08 18:18:00-04:00,4086.39990234375,4086.699951171875,4084.699951171875,4084.699951171875,29
2026-07-08 18:19:00-04:00,4085.199951171875,4085.699951171875,4085.10009765625,4085.699951171875,12
2026-07-08 18:20:00-04:00,4085.60009765625,4085.60009765625,4084.89990234375,4084.89990234375,6
2026-07-08 18:21:00-04:00,4084.89990234375,4085.300048828125,4083.0,4084.5,35
2026-07-08 18:22:00-04:00,4084.199951171875,4084.5,4083.5,4084.300048828125,8
2026-07-08 18:23:00-04:00,4084.60009765625,4084.60009765625,4083.199951171875,4083.699951171875,14
2026-07-08 18:24:00-04:00,4084.5,4085.300048828125,4083.60009765625,4083.89990234375,26
2026-07-08 18:25:00-04:00,4084.699951171875,4085.39990234375,4084.0,4084.0,10
2026-07-08 18:26:00-04:00,4085.0,4085.199951171875,4084.199951171875,4084.199951171875,6
2026-07-08 18:27:00-04:00,4084.199951171875,4085.10009765625,4082.699951171875,4082.699951171875,43
2026-07-08 18:28:00-04:00,4082.800048828125,4083.60009765625,4082.800048828125,4083.60009765625,12
2026-07-08 18:29:00-04:00,4083.800048828125,4084.5,4083.39990234375,4083.800048828125,8
2026-07-08 18:30:00-04:00,4084.0,4085.199951171875,4083.0,4083.39990234375,48
2026-07-08 18:31:00-04:00,4083.10009765625,4086.89990234375,4083.10009765625,4086.60009765625,42
2026-07-08 18:32:00-04:00,4086.60009765625,4086.60009765625,4086.39990234375,4086.39990234375,4
2026-07-08 18:33:00-04:00,4086.89990234375,4087.0,4086.39990234375,4086.39990234375,11
2026-07-08 18:34:00-04:00,4086.10009765625,4086.60009765625,4086.10009765625,4086.39990234375,7
2026-07-08 18:35:00-04:00,4085.89990234375,4086.5,4085.800048828125,4086.0,14
2026-07-08 18:36:00-04:00,4086.10009765625,4087.5,4086.10009765625,4087.5,10
2026-07-08 18:37:00-04:00,4087.5,4087.5,4085.699951171875,4085.699951171875,26
2026-07-08 18:38:00-04:00,4086.0,4086.0,4084.60009765625,4084.699951171875,15
2026-07-08 18:39:00-04:00,4085.300048828125,4086.60009765625,4085.300048828125,4086.39990234375,9
2026-07-08 18:40:00-04:00,4087.199951171875,4087.60009765625,4086.5,4087.0,27
2026-07-08 18:41:00-04:00,4087.89990234375,4087.89990234375,4085.89990234375,4086.89990234375,30
2026-07-08 18:42:00-04:00,4086.5,4088.800048828125,4086.300048828125,4087.0,47
2026-07-08 18:43:00-04:00,4087.0,4087.0,4085.60009765625,4085.60009765625,62
2026-07-08 18:44:00-04:00,4086.199951171875,4086.89990234375,4086.0,4086.0,17
2026-07-08 18:45:00-04:00,4085.699951171875,4087.5,4085.5,4087.39990234375,26
2026-07-08 18:46:00-04:00,4087.699951171875,4088.300048828125,4087.699951171875,4088.300048828125,7
2026-07-08 18:47:00-04:00,4087.89990234375,4087.89990234375,4087.10009765625,4087.199951171875,11
2026-07-08 18:48:00-04:00,4087.60009765625,4089.199951171875,4087.199951171875,4088.199951171875,31
2026-07-08 18:49:00-04:00,4088.300048828125,4088.800048828125,4087.60009765625,4088.800048828125,28
2026-07-08 18:50:00-04:00,4088.60009765625,4088.800048828125,4088.10009765625,4088.300048828125,14
2026-07-08 18:51:00-04:00,4088.39990234375,4088.5,4088.39990234375,4088.5,2
2026-07-08 18:52:00-04:00,4089.0,4089.60009765625,4088.89990234375,4089.0,14
2026-07-08 18:53:00-04:00,4088.699951171875,4088.699951171875,4087.699951171875,4087.699951171875,22
2026-07-08 18:54:00-04:00,4088.10009765625,4088.10009765625,4087.699951171875,4087.800048828125,46
2026-07-08 18:55:00-04:00,4088.10009765625,4088.10009765625,4087.199951171875,4087.199951171875,428
2026-07-08 18:56:00-04:00,4087.199951171875,4087.60009765625,4086.60009765625,4086.60009765625,71
2026-07-08 18:57:00-04:00,4086.800048828125,4086.800048828125,4085.699951171875,4086.10009765625,19
2026-07-08 18:58:00-04:00,4086.39990234375,4086.800048828125,4086.39990234375,4086.60009765625,9
2026-07-08 18:59:00-04:00,4086.699951171875,4087.300048828125,4085.699951171875,4085.699951171875,20
2026-07-08 19:00:00-04:00,4086.300048828125,4086.300048828125,4084.5,4084.60009765625,76
2026-07-08 19:01:00-04:00,4084.60009765625,4085.0,4083.89990234375,4084.5,23
2026-07-08 19:02:00-04:00,4084.300048828125,4084.699951171875,4083.60009765625,4084.10009765625,133
2026-07-08 19:03:00-04:00,4084.39990234375,4085.39990234375,4084.39990234375,4084.5,8
2026-07-08 19:04:00-04:00,4085.300048828125,4085.300048828125,4084.300048828125,4084.300048828125,17
2026-07-08 19:05:00-04:00,4085.199951171875,4085.60009765625,4085.0,4085.60009765625,8
2026-07-08 19:06:00-04:00,4085.699951171875,4086.10009765625,4085.60009765625,4085.60009765625,7
2026-07-08 19:08:00-04:00,4085.800048828125,4085.800048828125,4085.199951171875,4085.199951171875,2
2026-07-08 19:09:00-04:00,4086.0,4086.800048828125,4086.0,4086.800048828125,6
2026-07-08 19:10:00-04:00,4086.0,4086.199951171875,4085.39990234375,4086.199951171875,8
2026-07-08 19:11:00-04:00,4086.300048828125,4086.39990234375,4085.699951171875,4085.699951171875,4
2026-07-08 19:12:00-04:00,4085.5,4086.300048828125,4085.5,4086.300048828125,4
2026-07-08 19:14:00-04:00,4086.800048828125,4086.800048828125,4086.5,4086.5,3
2026-07-08 19:15:00-04:00,4086.300048828125,4086.60009765625,4085.60009765625,4086.5,27
2026-07-08 19:16:00-04:00,4086.5,4086.5,4086.39990234375,4086.39990234375,4
2026-07-08 19:17:00-04:00,4085.0,4085.300048828125,4085.0,4085.10009765625,8
2026-07-08 19:18:00-04:00,4085.60009765625,4086.0,4085.60009765625,4086.0,5
2026-07-08 19:19:00-04:00,4085.699951171875,4085.800048828125,4085.39990234375,4085.39990234375,7
2026-07-08 19:20:00-04:00,4085.10009765625,4085.10009765625,4084.800048828125,4084.800048828125,2
2026-07-08 19:21:00-04:00,4085.0,4085.5,4085.0,4085.5,3
2026-07-08 19:22:00-04:00,4085.699951171875,4085.699951171875,4085.300048828125,4085.300048828125,5
2026-07-08 19:23:00-04:00,4085.39990234375,4085.60009765625,4084.89990234375,4084.89990234375,7
2026-07-08 19:24:00-04:00,4085.10009765625,4085.10009765625,4085.10009765625,4085.10009765625,2
2026-07-08 19:25:00-04:00,4085.5,4085.699951171875,4085.5,4085.699951171875,4
2026-07-08 19:26:00-04:00,4086.0,4086.300048828125,4086.0,4086.10009765625,5
2026-07-08 19:27:00-04:00,4086.800048828125,4086.800048828125,4086.800048828125,4086.800048828125,1
2026-07-08 19:28:00-04:00,4086.800048828125,4087.0,4086.800048828125,4087.0,6
2026-07-08 19:29:00-04:00,4086.89990234375,4087.5,4086.89990234375,4086.89990234375,10
2026-07-08 19:30:00-04:00,4086.800048828125,4086.800048828125,4085.199951171875,4085.199951171875,14
2026-07-08 19:31:00-04:00,4085.10009765625,4085.10009765625,4084.199951171875,4084.60009765625,12
2026-07-08 19:32:00-04:00,4085.0,4085.699951171875,4085.0,4085.699951171875,4
2026-07-08 19:33:00-04:00,4086.39990234375,4086.699951171875,4085.5,4085.5,7
2026-07-08 19:34:00-04:00,4085.699951171875,4085.699951171875,4084.5,4085.0,11
2026-07-08 19:35:00-04:00,4084.89990234375,4087.0,4084.89990234375,4086.60009765625,12
2026-07-08 19:36:00-04:00,4086.699951171875,4086.699951171875,4085.89990234375,4085.89990234375,2
2026-07-08 19:37:00-04:00,4085.89990234375,4085.89990234375,4085.89990234375,4085.89990234375,1
2026-07-08 19:38:00-04:00,4085.800048828125,4085.800048828125,4085.800048828125,4085.800048828125,2
2026-07-08 19:39:00-04:00,4085.800048828125,4085.89990234375,4085.699951171875,4085.89990234375,5
2026-07-08 19:40:00-04:00,4086.199951171875,4086.300048828125,4086.199951171875,4086.300048828125,2
2026-07-08 19:41:00-04:00,4085.89990234375,4085.89990234375,4084.60009765625,4084.800048828125,18
2026-07-08 19:42:00-04:00,4084.39990234375,4084.39990234375,4083.699951171875,4084.0,12
2026-07-08 19:43:00-04:00,4084.10009765625,4085.300048828125,4083.10009765625,4085.300048828125,44
2026-07-08 19:44:00-04:00,4085.0,4085.300048828125,4084.199951171875,4084.89990234375,39
2026-07-08 19:45:00-04:00,4084.89990234375,4086.199951171875,4084.300048828125,4085.699951171875,27
2026-07-08 19:46:00-04:00,4085.60009765625,4085.60009765625,4081.10009765625,4081.60009765625,125
2026-07-08 19:47:00-04:00,4082.0,4083.89990234375,4081.300048828125,4082.800048828125,85
2026-07-08 19:48:00-04:00,4083.199951171875,4083.300048828125,4081.800048828125,4082.10009765625,21
2026-07-08 19:49:00-04:00,4082.199951171875,4082.699951171875,4081.800048828125,4082.10009765625,29
2026-07-08 19:50:00-04:00,4082.39990234375,4083.10009765625,4082.0,4082.39990234375,16
2026-07-08 19:51:00-04:00,4083.0,4084.10009765625,4083.0,4083.5,15
2026-07-08 19:52:00-04:00,4083.699951171875,4085.10009765625,4083.10009765625,4085.0,31
2026-07-08 19:53:00-04:00,4084.800048828125,4086.800048828125,4084.800048828125,4086.39990234375,21
2026-07-08 19:54:00-04:00,4086.199951171875,4086.199951171875,4084.39990234375,4085.300048828125,39
2026-07-08 19:55:00-04:00,4085.0,4085.89990234375,4084.60009765625,4085.89990234375,8
2026-07-08 19:56:00-04:00,4086.60009765625,4086.699951171875,4086.0,4086.5,26
2026-07-08 19:57:00-04:00,4086.89990234375,4087.39990234375,4086.800048828125,4087.199951171875,16
2026-07-08 19:58:00-04:00,4086.60009765625,4086.60009765625,4086.0,4086.0,10
2026-07-08 19:59:00-04:00,4085.800048828125,4086.0,4085.60009765625,4085.60009765625,8
2026-07-08 20:00:00-04:00,4087.5,4090.39990234375,4086.39990234375,4089.39990234375,122
2026-07-08 20:01:00-04:00,4088.800048828125,4089.89990234375,4087.60009765625,4088.39990234375,41
2026-07-08 20:02:00-04:00,4088.60009765625,4091.0,4088.10009765625,4090.89990234375,40
2026-07-08 20:03:00-04:00,4090.0,4090.0,4088.0,4088.60009765625,33
2026-07-08 20:04:00-04:00,4088.60009765625,4090.60009765625,4088.5,4090.300048828125,16
2026-07-08 20:05:00-04:00,4090.10009765625,4092.39990234375,4088.60009765625,4092.39990234375,151
2026-07-08 20:06:00-04:00,4092.0,4092.0,4088.39990234375,4088.800048828125,81
2026-07-08 20:07:00-04:00,4088.699951171875,4089.800048828125,4087.800048828125,4089.5,52
2026-07-08 20:08:00-04:00,4089.5,4090.5,4087.89990234375,4090.199951171875,54
2026-07-08 20:09:00-04:00,4089.800048828125,4089.800048828125,4086.699951171875,4086.699951171875,49
2026-07-08 20:10:00-04:00,4087.5,4089.39990234375,4087.5,4089.39990234375,27
2026-07-08 20:11:00-04:00,4089.39990234375,4093.0,4089.39990234375,4092.89990234375,64
2026-07-08 20:12:00-04:00,4091.89990234375,4095.60009765625,4091.699951171875,4094.800048828125,122
2026-07-08 20:13:00-04:00,4094.300048828125,4094.699951171875,4093.5,4094.5,24
2026-07-08 20:14:00-04:00,4096.2001953125,4097.0,4095.800048828125,4096.7998046875,84
2026-07-08 20:15:00-04:00,4096.89990234375,4099.10009765625,4096.7001953125,4097.39990234375,143
2026-07-08 20:16:00-04:00,4097.2001953125,4097.2998046875,4093.89990234375,4094.39990234375,47
2026-07-08 20:17:00-04:00,4094.10009765625,4094.199951171875,4092.800048828125,4093.39990234375,26
2026-07-08 20:18:00-04:00,4093.5,4093.800048828125,4092.300048828125,4093.800048828125,31
2026-07-08 20:19:00-04:00,4093.60009765625,4094.300048828125,4092.800048828125,4093.199951171875,22
2026-07-08 20:20:00-04:00,4093.5,4094.60009765625,4093.10009765625,4093.39990234375,21
2026-07-08 20:21:00-04:00,4093.0,4094.199951171875,4091.800048828125,4091.800048828125,34
2026-07-08 20:22:00-04:00,4092.10009765625,4092.39990234375,4087.39990234375,4087.699951171875,141
2026-07-08 20:23:00-04:00,4087.60009765625,4088.0,4085.199951171875,4087.699951171875,129
2026-07-08 20:24:00-04:00,4087.89990234375,4088.0,4086.0,4087.0,39
2026-07-08 20:25:00-04:00,4087.300048828125,4087.300048828125,4084.0,4084.199951171875,73
2026-07-08 20:26:00-04:00,4084.39990234375,4085.60009765625,4083.800048828125,4085.60009765625,24
2026-07-08 20:27:00-04:00,4085.699951171875,4086.5,4084.60009765625,4085.800048828125,40
2026-07-08 20:28:00-04:00,4085.5,4085.60009765625,4083.60009765625,4085.10009765625,62
2026-07-08 20:29:00-04:00,4085.199951171875,4087.60009765625,4085.199951171875,4087.39990234375,29
2026-07-08 20:30:00-04:00,4087.89990234375,4089.10009765625,4087.5,4087.800048828125,41
2026-07-08 20:31:00-04:00,4088.699951171875,4088.89990234375,4087.0,4087.0,31
2026-07-08 20:32:00-04:00,4086.800048828125,4089.39990234375,4086.800048828125,4089.0,28
2026-07-08 20:33:00-04:00,4089.199951171875,4091.0,4087.10009765625,4087.60009765625,82
2026-07-08 20:34:00-04:00,4088.0,4088.89990234375,4087.60009765625,4088.10009765625,23
2026-07-08 20:35:00-04:00,4088.199951171875,4088.60009765625,4086.0,4086.199951171875,64
2026-07-08 20:36:00-04:00,4086.10009765625,4090.800048828125,4085.89990234375,4090.800048828125,42
2026-07-08 20:37:00-04:00,4090.699951171875,4091.10009765625,4088.89990234375,4089.5,61
2026-07-08 20:38:00-04:00,4089.800048828125,4090.39990234375,4087.300048828125,4089.60009765625,133
2026-07-08 20:39:00-04:00,4090.0,4090.39990234375,4088.0,4088.699951171875,60
2026-07-08 20:40:00-04:00,4088.800048828125,4089.199951171875,4087.89990234375,4089.10009765625,27
2026-07-08 20:41:00-04:00,4088.89990234375,4088.89990234375,4085.89990234375,4086.699951171875,56
2026-07-08 20:42:00-04:00,4086.300048828125,4086.699951171875,4085.5,4085.89990234375,20
2026-07-08 20:43:00-04:00,4085.699951171875,4085.699951171875,4084.699951171875,4084.89990234375,13
2026-07-08 20:44:00-04:00,4085.89990234375,4086.60009765625,4085.800048828125,4086.60009765625,5
2026-07-08 20:45:00-04:00,4086.10009765625,4086.10009765625,4084.5,4085.89990234375,136
2026-07-08 20:46:00-04:00,4085.89990234375,4086.89990234375,4085.89990234375,4086.300048828125,19
2026-07-08 20:47:00-04:00,4085.800048828125,4086.89990234375,4085.800048828125,4086.89990234375,7
2026-07-08 20:48:00-04:00,4087.60009765625,4088.10009765625,4086.199951171875,4086.199951171875,23
2026-07-08 20:49:00-04:00,4086.800048828125,4087.199951171875,4086.800048828125,4087.0,8
2026-07-08 20:50:00-04:00,4087.10009765625,4087.10009765625,4084.300048828125,4084.39990234375,32
2026-07-08 20:51:00-04:00,4084.5,4085.39990234375,4083.0,4083.5,49
2026-07-08 20:52:00-04:00,4083.199951171875,4083.300048828125,4081.699951171875,4083.300048828125,60
2026-07-08 20:53:00-04:00,4083.5,4083.699951171875,4082.699951171875,4082.800048828125,15
2026-07-08 20:54:00-04:00,4082.5,4082.5,4079.199951171875,4079.800048828125,111
2026-07-08 20:55:00-04:00,4079.800048828125,4082.39990234375,4079.800048828125,4081.60009765625,108
2026-07-08 20:56:00-04:00,4081.800048828125,4084.39990234375,4081.10009765625,4084.39990234375,51
2026-07-08 20:57:00-04:00,4084.10009765625,4084.10009765625,4082.10009765625,4082.10009765625,77
2026-07-08 20:58:00-04:00,4081.89990234375,4083.300048828125,4081.800048828125,4082.800048828125,49
2026-07-08 20:59:00-04:00,4082.5,4083.5,4082.0,4082.800048828125,37
2026-07-08 21:00:00-04:00,4083.199951171875,4085.5,4080.60009765625,4084.300048828125,200
2026-07-08 21:01:00-04:00,4085.5,4088.199951171875,4082.60009765625,4083.10009765625,184
2026-07-08 21:02:00-04:00,4083.10009765625,4084.5,4079.699951171875,4079.89990234375,135
2026-07-08 21:03:00-04:00,4080.0,4081.10009765625,4075.699951171875,4076.89990234375,222
2026-07-08 21:04:00-04:00,4077.60009765625,4077.60009765625,4074.10009765625,4076.60009765625,181
2026-07-08 21:05:00-04:00,4076.800048828125,4078.0,4076.60009765625,4076.800048828125,63
2026-07-08 21:06:00-04:00,4077.199951171875,4080.39990234375,4077.199951171875,4078.5,80
2026-07-08 21:07:00-04:00,4078.39990234375,4079.39990234375,4076.10009765625,4077.39990234375,59
2026-07-08 21:08:00-04:00,4076.5,4078.89990234375,4076.5,4078.89990234375,24
2026-07-08 21:09:00-04:00,4079.10009765625,4083.10009765625,4078.89990234375,4082.89990234375,84
2026-07-08 21:10:00-04:00,4082.300048828125,4083.0,4081.300048828125,4082.39990234375,44
2026-07-08 21:11:00-04:00,4081.89990234375,4084.60009765625,4081.89990234375,4084.5,67
2026-07-08 21:12:00-04:00,4084.300048828125,4085.699951171875,4083.199951171875,4083.60009765625,67
2026-07-08 21:13:00-04:00,4083.199951171875,4084.199951171875,4082.5,4082.699951171875,51
2026-07-08 21:14:00-04:00,4082.89990234375,4083.300048828125,4081.800048828125,4083.199951171875,37
2026-07-08 21:15:00-04:00,4083.5,4084.699951171875,4082.60009765625,4083.199951171875,82
2026-07-08 21:16:00-04:00,4083.60009765625,4084.0,4081.699951171875,4083.800048828125,85
2026-07-08 21:17:00-04:00,4082.60009765625,4083.300048828125,4082.5,4082.699951171875,10
2026-07-08 21:18:00-04:00,4084.800048828125,4085.39990234375,4084.0,4084.5,45
2026-07-08 21:19:00-04:00,4084.5,4086.0,4083.300048828125,4083.300048828125,65
2026-07-08 21:20:00-04:00,4083.39990234375,4085.10009765625,4080.60009765625,4081.300048828125,43
2026-07-08 21:21:00-04:00,4081.39990234375,4081.699951171875,4080.0,4080.89990234375,55
2026-07-08 21:22:00-04:00,4082.0,4082.39990234375,4081.60009765625,4081.89990234375,20
2026-07-08 21:23:00-04:00,4082.5,4083.10009765625,4081.699951171875,4082.89990234375,20
2026-07-08 21:24:00-04:00,4083.10009765625,4083.10009765625,4079.39990234375,4081.5,62
2026-07-08 21:25:00-04:00,4081.699951171875,4082.300048828125,4081.10009765625,4081.300048828125,20
2026-07-08 21:26:00-04:00,4081.5,4081.5,4079.60009765625,4079.89990234375,34
2026-07-08 21:27:00-04:00,4079.300048828125,4079.300048828125,4077.800048828125,4079.300048828125,56
2026-07-08 21:28:00-04:00,4078.89990234375,4079.5,4077.60009765625,4078.10009765625,63
2026-07-08 21:29:00-04:00,4078.39990234375,4078.39990234375,4075.89990234375,4075.89990234375,56
2026-07-08 21:30:00-04:00,4076.39990234375,4077.10009765625,4073.699951171875,4074.60009765625,128
2026-07-08 21:31:00-04:00,4074.0,4075.5,4071.39990234375,4074.5,276
2026-07-08 21:32:00-04:00,4074.800048828125,4080.60009765625,4074.699951171875,4078.699951171875,295
2026-07-08 21:33:00-04:00,4078.5,4081.60009765625,4077.60009765625,4080.89990234375,159
2026-07-08 21:34:00-04:00,4080.89990234375,4082.199951171875,4080.0,4080.5,89
2026-07-08 21:35:00-04:00,4080.699951171875,4081.800048828125,4080.300048828125,4080.60009765625,26
2026-07-08 21:36:00-04:00,4080.89990234375,4081.39990234375,4079.60009765625,4080.60009765625,29
2026-07-08 21:37:00-04:00,4080.39990234375,4082.800048828125,4080.39990234375,4082.0,46
2026-07-08 21:38:00-04:00,4082.0,4082.60009765625,4081.10009765625,4081.5,33
2026-07-08 21:39:00-04:00,4081.199951171875,4081.199951171875,4080.0,4081.199951171875,14
2026-07-08 21:40:00-04:00,4081.0,4081.0,4079.800048828125,4080.10009765625,21
2026-07-08 21:41:00-04:00,4080.300048828125,4082.699951171875,4079.39990234375,4082.699951171875,22
2026-07-08 21:42:00-04:00,4082.699951171875,4084.39990234375,4082.60009765625,4082.60009765625,73
2026-07-08 21:43:00-04:00,4081.5,4082.10009765625,4080.699951171875,4081.10009765625,10
2026-07-08 21:44:00-04:00,4081.39990234375,4082.60009765625,4081.39990234375,4082.199951171875,11
2026-07-08 21:45:00-04:00,4081.800048828125,4083.300048828125,4081.60009765625,4083.0,7
2026-07-08 21:46:00-04:00,4082.5,4084.60009765625,4082.5,4084.5,16
2026-07-08 21:47:00-04:00,4084.89990234375,4085.10009765625,4083.199951171875,4083.199951171875,48
2026-07-08 21:48:00-04:00,4084.10009765625,4085.199951171875,4082.199951171875,4082.199951171875,79
2026-07-08 21:49:00-04:00,4082.5,4083.0,4081.5,4083.0,19
2026-07-08 21:50:00-04:00,4082.60009765625,4083.39990234375,4082.10009765625,4082.5,34
2026-07-08 21:51:00-04:00,4082.0,4082.300048828125,4080.800048828125,4082.300048828125,16
2026-07-08 21:52:00-04:00,4082.199951171875,4082.5,4081.5,4081.800048828125,24
2026-07-08 21:53:00-04:00,4081.5,4081.699951171875,4079.0,4080.0,168
2026-07-08 21:54:00-04:00,4080.300048828125,4080.699951171875,4077.699951171875,4078.300048828125,311
2026-07-08 21:55:00-04:00,4078.199951171875,4079.89990234375,4077.89990234375,4079.89990234375,10
2026-07-08 21:56:00-04:00,4079.300048828125,4080.199951171875,4078.199951171875,4079.39990234375,27
2026-07-08 21:57:00-04:00,4079.60009765625,4079.800048828125,4078.89990234375,4079.800048828125,16
2026-07-08 21:58:00-04:00,4079.89990234375,4080.800048828125,4079.89990234375,4080.5,21
2026-07-08 21:59:00-04:00,4080.300048828125,4082.0,4080.0,4081.800048828125,17
2026-07-08 22:00:00-04:00,4081.89990234375,4083.0,4080.800048828125,4082.699951171875,56
2026-07-08 22:01:00-04:00,4082.699951171875,4084.800048828125,4082.699951171875,4083.0,76
2026-07-08 22:02:00-04:00,4083.10009765625,4084.60009765625,4082.5,4083.800048828125,39
2026-07-08 22:03:00-04:00,4084.199951171875,4085.10009765625,4083.300048828125,4084.60009765625,145
2026-07-08 22:04:00-04:00,4084.60009765625,4084.60009765625,4083.699951171875,4084.199951171875,93
2026-07-08 22:05:00-04:00,4083.199951171875,4084.60009765625,4082.800048828125,4084.0,125
2026-07-08 22:06:00-04:00,4083.800048828125,4084.699951171875,4083.199951171875,4083.199951171875,20
2026-07-08 22:07:00-04:00,4083.300048828125,4085.0,4082.89990234375,4083.89990234375,17
2026-07-08 22:08:00-04:00,4084.60009765625,4085.0,4084.199951171875,4084.300048828125,22
2026-07-08 22:09:00-04:00,4084.10009765625,4084.699951171875,4084.10009765625,4084.5,3
2026-07-08 22:10:00-04:00,4084.39990234375,4088.300048828125,4084.39990234375,4087.199951171875,183
2026-07-08 22:11:00-04:00,4087.10009765625,4088.199951171875,4086.300048828125,4086.89990234375,58
2026-07-08 22:12:00-04:00,4087.5,4087.5,4085.89990234375,4085.89990234375,52
2026-07-08 22:13:00-04:00,4086.199951171875,4087.10009765625,4085.5,4086.89990234375,11
2026-07-08 22:14:00-04:00,4087.0,4089.0,4087.0,4088.0,54
2026-07-08 22:15:00-04:00,4087.39990234375,4087.39990234375,4086.199951171875,4087.39990234375,14
2026-07-08 22:16:00-04:00,4087.60009765625,4088.10009765625,4087.0,4087.89990234375,76
2026-07-08 22:17:00-04:00,4088.199951171875,4088.5,4087.800048828125,4088.0,17
2026-07-08 22:18:00-04:00,4088.39990234375,4090.699951171875,4088.199951171875,4090.0,62
2026-07-08 22:19:00-04:00,4090.300048828125,4090.60009765625,4089.199951171875,4089.199951171875,29
2026-07-08 22:20:00-04:00,4089.199951171875,4089.5,4088.89990234375,4089.0,24
2026-07-08 22:21:00-04:00,4089.0,4089.0,4088.10009765625,4088.10009765625,28
2026-07-08 22:22:00-04:00,4088.199951171875,4088.300048828125,4086.800048828125,4088.0,20
2026-07-08 22:23:00-04:00,4087.800048828125,4088.199951171875,4087.800048828125,4088.199951171875,27
2026-07-08 22:24:00-04:00,4088.300048828125,4088.60009765625,4087.89990234375,4088.5,89
2026-07-08 22:25:00-04:00,4088.10009765625,4090.800048828125,4088.10009765625,4090.10009765625,80
2026-07-08 22:26:00-04:00,4090.39990234375,4091.89990234375,4089.60009765625,4091.300048828125,124
2026-07-08 22:27:00-04:00,4091.10009765625,4091.60009765625,4089.800048828125,4091.10009765625,62
2026-07-08 22:28:00-04:00,4090.800048828125,4091.699951171875,4090.300048828125,4090.300048828125,38
2026-07-08 22:29:00-04:00,4091.10009765625,4091.10009765625,4088.800048828125,4089.300048828125,103
2026-07-08 22:30:00-04:00,4089.300048828125,4090.60009765625,4085.89990234375,4086.800048828125,209
2026-07-08 22:31:00-04:00,4086.60009765625,4088.10009765625,4086.300048828125,4087.699951171875,69
2026-07-08 22:32:00-04:00,4087.5,4087.89990234375,4085.89990234375,4086.0,29
2026-07-08 22:33:00-04:00,4085.60009765625,4085.800048828125,4083.300048828125,4083.39990234375,92
2026-07-08 22:34:00-04:00,4083.60009765625,4084.5,4081.10009765625,4081.39990234375,124
2026-07-08 22:35:00-04:00,4081.5,4082.0,4079.199951171875,4079.89990234375,64
2026-07-08 22:36:00-04:00,4079.89990234375,4082.0,4079.89990234375,4082.0,114
2026-07-08 22:37:00-04:00,4081.89990234375,4082.89990234375,4081.199951171875,4082.0,31
2026-07-08 22:38:00-04:00,4082.300048828125,4082.89990234375,4081.5,4082.89990234375,16
2026-07-08 22:39:00-04:00,4083.199951171875,4083.300048828125,4081.699951171875,4081.699951171875,17
2026-07-08 22:40:00-04:00,4082.60009765625,4083.60009765625,4082.10009765625,4083.0,47
2026-07-08 22:41:00-04:00,4082.39990234375,4082.39990234375,4080.39990234375,4080.39990234375,46
2026-07-08 22:42:00-04:00,4080.800048828125,4081.199951171875,4079.800048828125,4080.0,22
2026-07-08 22:43:00-04:00,4080.5,4081.199951171875,4080.10009765625,4080.10009765625,17
2026-07-08 22:44:00-04:00,4080.300048828125,4080.39990234375,4078.699951171875,4079.699951171875,26
2026-07-08 22:45:00-04:00,4079.800048828125,4079.89990234375,4079.10009765625,4079.89990234375,32
2026-07-08 22:46:00-04:00,4079.39990234375,4079.89990234375,4079.10009765625,4079.10009765625,14
2026-07-08 22:47:00-04:00,4079.5,4080.800048828125,4079.300048828125,4080.0,36
2026-07-08 22:48:00-04:00,4079.699951171875,4079.800048828125,4077.199951171875,4077.89990234375,37
2026-07-08 22:49:00-04:00,4077.699951171875,4078.10009765625,4077.39990234375,4078.10009765625,32
2026-07-08 22:50:00-04:00,4077.10009765625,4077.10009765625,4075.60009765625,4077.0,68
2026-07-08 22:51:00-04:00,4077.0,4077.0,4075.300048828125,4075.800048828125,38
2026-07-08 22:52:00-04:00,4075.800048828125,4076.199951171875,4074.39990234375,4076.10009765625,37
2026-07-08 22:53:00-04:00,4076.10009765625,4077.199951171875,4075.199951171875,4076.10009765625,161
2026-07-08 22:54:00-04:00,4076.199951171875,4077.199951171875,4074.89990234375,4075.800048828125,113
2026-07-08 22:55:00-04:00,4076.699951171875,4077.699951171875,4076.699951171875,4077.199951171875,39
2026-07-08 22:56:00-04:00,4077.300048828125,4077.5,4077.10009765625,4077.39990234375,23
2026-07-08 22:57:00-04:00,4076.39990234375,4077.199951171875,4075.10009765625,4075.10009765625,56
2026-07-08 22:58:00-04:00,4074.699951171875,4075.800048828125,4073.60009765625,4074.39990234375,37
2026-07-08 22:59:00-04:00,4074.699951171875,4075.10009765625,4073.10009765625,4073.800048828125,41
2026-07-08 23:00:00-04:00,4073.39990234375,4075.0,4072.89990234375,4074.5,34
2026-07-08 23:01:00-04:00,4074.5,4075.0,4074.0,4075.0,20
2026-07-08 23:02:00-04:00,4075.60009765625,4076.0,4075.199951171875,4075.300048828125,21
2026-07-08 23:03:00-04:00,4075.0,4076.10009765625,4075.0,4075.699951171875,45
2026-07-08 23:04:00-04:00,4075.300048828125,4076.300048828125,4075.0,4075.60009765625,22
2026-07-08 23:05:00-04:00,4075.5,4075.5,4074.699951171875,4075.39990234375,33
2026-07-08 23:06:00-04:00,4075.699951171875,4075.699951171875,4071.800048828125,4072.199951171875,115
2026-07-08 23:07:00-04:00,4071.89990234375,4072.5,4071.0,4072.5,34
2026-07-08 23:08:00-04:00,4072.300048828125,4072.300048828125,4071.5,4071.5,19
2026-07-08 23:09:00-04:00,4071.39990234375,4071.800048828125,4068.199951171875,4069.10009765625,315
2026-07-08 23:10:00-04:00,4069.199951171875,4069.199951171875,4066.300048828125,4067.39990234375,126
2026-07-08 23:11:00-04:00,4067.300048828125,4069.0,4067.199951171875,4068.699951171875,60
2026-07-08 23:12:00-04:00,4068.699951171875,4069.89990234375,4066.199951171875,4066.800048828125,81
2026-07-08 23:13:00-04:00,4066.300048828125,4066.60009765625,4064.10009765625,4066.60009765625,116
2026-07-08 23:14:00-04:00,4066.5,4068.300048828125,4066.199951171875,4067.89990234375,50
2026-07-08 23:15:00-04:00,4067.60009765625,4067.89990234375,4066.10009765625,4067.800048828125,44
2026-07-08 23:16:00-04:00,4067.699951171875,4068.10009765625,4067.10009765625,4067.10009765625,15
2026-07-08 23:17:00-04:00,4067.199951171875,4067.699951171875,4065.800048828125,4066.199951171875,36
2026-07-08 23:18:00-04:00,4066.300048828125,4066.300048828125,4063.39990234375,4065.0,51
2026-07-08 23:19:00-04:00,4065.199951171875,4065.699951171875,4064.300048828125,4064.699951171875,34
2026-07-08 23:20:00-04:00,4064.5,4065.39990234375,4064.0,4064.60009765625,41
2026-07-08 23:21:00-04:00,4064.199951171875,4065.199951171875,4063.39990234375,4063.39990234375,56
2026-07-08 23:22:00-04:00,4063.5,4067.199951171875,4063.5,4067.199951171875,86
2026-07-08 23:23:00-04:00,4066.89990234375,4067.5,4066.199951171875,4067.5,25
2026-07-08 23:24:00-04:00,4067.39990234375,4068.39990234375,4067.0,4067.800048828125,46
2026-07-08 23:25:00-04:00,4068.39990234375,4068.5,4068.0,4068.5,17
2026-07-08 23:26:00-04:00,4068.5,4070.0,4068.199951171875,4069.89990234375,52
2026-07-08 23:27:00-04:00,4069.89990234375,4070.199951171875,4068.89990234375,4068.89990234375,25
2026-07-08 23:28:00-04:00,4068.60009765625,4068.60009765625,4066.60009765625,4067.10009765625,75
2026-07-08 23:29:00-04:00,4067.300048828125,4067.60009765625,4066.39990234375,4067.39990234375,33
2026-07-08 23:30:00-04:00,4067.0,4067.0,4065.60009765625,4066.39990234375,29
2026-07-08 23:31:00-04:00,4066.60009765625,4067.300048828125,4066.10009765625,4067.10009765625,25
2026-07-08 23:32:00-04:00,4067.5,4070.800048828125,4067.5,4070.699951171875,44
2026-07-08 23:33:00-04:00,4070.300048828125,4072.0,4070.300048828125,4071.10009765625,30
2026-07-08 23:34:00-04:00,4071.60009765625,4072.60009765625,4071.39990234375,4071.89990234375,49
2026-07-08 23:35:00-04:00,4071.89990234375,4072.0,4070.39990234375,4070.699951171875,27
2026-07-08 23:36:00-04:00,4071.0,4071.5,4070.60009765625,4070.60009765625,19
2026-07-08 23:37:00-04:00,4070.89990234375,4071.699951171875,4070.5,4070.89990234375,27
2026-07-08 23:38:00-04:00,4070.800048828125,4070.800048828125,4070.0,4070.199951171875,9
2026-07-08 23:39:00-04:00,4070.0,4070.0,4068.699951171875,4069.89990234375,14
2026-07-08 23:40:00-04:00,4069.89990234375,4069.89990234375,4068.300048828125,4068.300048828125,8
2026-07-08 23:41:00-04:00,4068.800048828125,4069.60009765625,4068.800048828125,4069.199951171875,19
2026-07-08 23:42:00-04:00,4069.800048828125,4069.800048828125,4069.5,4069.699951171875,4
2026-07-08 23:43:00-04:00,4070.10009765625,4070.300048828125,4070.0,4070.0,5
2026-07-08 23:44:00-04:00,4069.699951171875,4071.0,4069.60009765625,4071.0,8
2026-07-08 23:45:00-04:00,4071.300048828125,4071.5,4070.199951171875,4070.800048828125,23
2026-07-08 23:46:00-04:00,4070.800048828125,4071.199951171875,4070.800048828125,4071.10009765625,3
2026-07-08 23:47:00-04:00,4070.699951171875,4072.10009765625,4070.699951171875,4072.10009765625,10
2026-07-08 23:48:00-04:00,4072.10009765625,4072.10009765625,4071.0,4071.0,12
2026-07-08 23:49:00-04:00,4071.5,4071.5,4070.39990234375,4070.39990234375,15
2026-07-08 23:50:00-04:00,4070.300048828125,4071.60009765625,4070.300048828125,4071.60009765625,27
2026-07-08 23:51:00-04:00,4071.199951171875,4072.0,4071.0,4072.0,22
2026-07-08 23:52:00-04:00,4071.699951171875,4071.800048828125,4071.300048828125,4071.800048828125,32
2026-07-08 23:53:00-04:00,4072.0,4072.800048828125,4071.800048828125,4072.5,27
2026-07-08 23:54:00-04:00,4072.10009765625,4072.10009765625,4071.800048828125,4071.89990234375,15
2026-07-08 23:55:00-04:00,4072.10009765625,4072.300048828125,4071.39990234375,4071.699951171875,25
2026-07-08 23:56:00-04:00,4071.89990234375,4072.0,4071.199951171875,4071.60009765625,6
2026-07-08 23:57:00-04:00,4071.699951171875,4071.89990234375,4071.0,4071.0,4
2026-07-08 23:58:00-04:00,4070.89990234375,4072.10009765625,4070.89990234375,4072.10009765625,14
2026-07-09 00:00:00-04:00,4073.60009765625,4073.60009765625,4071.89990234375,4072.10009765625,31
2026-07-09 00:01:00-04:00,4072.10009765625,4072.10009765625,4070.699951171875,4070.699951171875,12
2026-07-09 00:02:00-04:00,4070.5,4070.5,4069.300048828125,4069.300048828125,36
2026-07-09 00:03:00-04:00,4068.699951171875,4069.699951171875,4068.39990234375,4069.699951171875,95
2026-07-09 00:04:00-04:00,4069.89990234375,4070.699951171875,4069.89990234375,4070.39990234375,47
2026-07-09 00:05:00-04:00,4070.60009765625,4071.10009765625,4070.60009765625,4071.0,12
2026-07-09 00:06:00-04:00,4071.60009765625,4072.0,4070.699951171875,4070.699951171875,6
2026-07-09 00:07:00-04:00,4071.0,4071.10009765625,4070.199951171875,4070.199951171875,8
2026-07-09 00:08:00-04:00,4070.199951171875,4070.39990234375,4070.10009765625,4070.39990234375,3
2026-07-09 00:09:00-04:00,4071.199951171875,4071.199951171875,4070.89990234375,4070.89990234375,4
2026-07-09 00:10:00-04:00,4070.89990234375,4071.10009765625,4070.60009765625,4071.10009765625,17
2026-07-09 00:11:00-04:00,4071.60009765625,4072.800048828125,4071.60009765625,4072.10009765625,17
2026-07-09 00:12:00-04:00,4072.300048828125,4072.300048828125,4071.60009765625,4071.699951171875,18
2026-07-09 00:13:00-04:00,4072.199951171875,4073.10009765625,4072.0,4073.10009765625,5
2026-07-09 00:14:00-04:00,4072.89990234375,4072.89990234375,4069.60009765625,4069.60009765625,30
2026-07-09 00:15:00-04:00,4069.60009765625,4069.60009765625,4068.0,4068.60009765625,57
2026-07-09 00:16:00-04:00,4068.699951171875,4069.199951171875,4068.300048828125,4068.89990234375,10
2026-07-09 00:17:00-04:00,4068.60009765625,4068.60009765625,4066.699951171875,4067.199951171875,30
2026-07-09 00:18:00-04:00,4066.800048828125,4067.60009765625,4066.5,4066.800048828125,32
2026-07-09 00:19:00-04:00,4066.89990234375,4067.5,4066.800048828125,4067.300048828125,49
2026-07-09 00:20:00-04:00,4067.10009765625,4068.800048828125,4066.89990234375,4068.800048828125,20
2026-07-09 00:21:00-04:00,4068.60009765625,4069.0,4068.300048828125,4069.0,9
2026-07-09 00:22:00-04:00,4069.10009765625,4070.199951171875,4068.89990234375,4069.89990234375,64
2026-07-09 00:23:00-04:00,4069.5,4070.0,4069.0,4069.699951171875,48
2026-07-09 00:24:00-04:00,4068.89990234375,4068.89990234375,4068.89990234375,4068.89990234375,1
2026-07-09 00:25:00-04:00,4069.199951171875,4069.300048828125,4068.5,4068.5,8
2026-07-09 00:26:00-04:00,4068.300048828125,4068.5,4067.5,4067.60009765625,13
2026-07-09 00:27:00-04:00,4067.5,4068.199951171875,4067.5,4068.199951171875,61
2026-07-09 00:28:00-04:00,4068.300048828125,4069.300048828125,4068.0,4068.39990234375,547
2026-07-09 00:29:00-04:00,4068.60009765625,4068.60009765625,4067.5,4067.5,10
2026-07-09 00:30:00-04:00,4068.0,4070.5,4068.0,4070.39990234375,40
2026-07-09 00:31:00-04:00,4070.800048828125,4071.800048828125,4070.5,4071.60009765625,42
2026-07-09 00:32:00-04:00,4072.0,4073.39990234375,4071.89990234375,4073.300048828125,137
2026-07-09 00:33:00-04:00,4073.5,4073.5,4072.699951171875,4073.39990234375,22
2026-07-09 00:34:00-04:00,4072.89990234375,4072.89990234375,4072.0,4072.699951171875,11
2026-07-09 00:35:00-04:00,4072.39990234375,4072.5,4071.300048828125,4071.300048828125,19
2026-07-09 00:36:00-04:00,4071.199951171875,4071.39990234375,4070.89990234375,4071.199951171875,7
2026-07-09 00:37:00-04:00,4071.10009765625,4071.800048828125,4070.800048828125,4071.800048828125,73
2026-07-09 00:38:00-04:00,4071.699951171875,4072.60009765625,4071.699951171875,4072.10009765625,18
2026-07-09 00:39:00-04:00,4072.39990234375,4073.60009765625,4072.39990234375,4073.10009765625,94
2026-07-09 00:40:00-04:00,4072.89990234375,4072.89990234375,4071.39990234375,4071.699951171875,60
2026-07-09 00:41:00-04:00,4071.800048828125,4071.800048828125,4069.89990234375,4070.5,101
2026-07-09 00:42:00-04:00,4070.199951171875,4070.199951171875,4068.10009765625,4068.10009765625,45
2026-07-09 00:43:00-04:00,4068.0,4068.199951171875,4066.0,4066.0,66
2026-07-09 00:44:00-04:00,4066.0,4067.800048828125,4065.89990234375,4067.39990234375,148
2026-07-09 00:45:00-04:00,4067.199951171875,4067.60009765625,4066.5,4066.5,67
2026-07-09 00:46:00-04:00,4066.10009765625,4067.10009765625,4065.89990234375,4066.5,60
2026-07-09 00:47:00-04:00,4066.10009765625,4068.699951171875,4066.10009765625,4068.39990234375,40
2026-07-09 00:48:00-04:00,4068.300048828125,4068.89990234375,4068.300048828125,4068.89990234375,9
2026-07-09 00:49:00-04:00,4069.10009765625,4070.39990234375,4068.89990234375,4070.39990234375,29
2026-07-09 00:50:00-04:00,4070.89990234375,4071.800048828125,4070.89990234375,4071.39990234375,8
2026-07-09 00:51:00-04:00,4071.800048828125,4071.800048828125,4070.39990234375,4070.39990234375,63
2026-07-09 00:52:00-04:00,4070.800048828125,4071.60009765625,4069.0,4070.699951171875,101
2026-07-09 00:53:00-04:00,4071.10009765625,4071.199951171875,4070.800048828125,4071.199951171875,8
2026-07-09 00:54:00-04:00,4071.5,4072.0,4071.5,4071.699951171875,8
2026-07-09 00:55:00-04:00,4072.199951171875,4072.89990234375,4071.300048828125,4071.60009765625,18
2026-07-09 00:56:00-04:00,4071.60009765625,4072.5,4071.60009765625,4072.10009765625,50
2026-07-09 00:57:00-04:00,4071.800048828125,4071.800048828125,4071.800048828125,4071.800048828125,17
2026-07-09 00:58:00-04:00,4071.800048828125,4073.10009765625,4071.800048828125,4072.699951171875,53
2026-07-09 00:59:00-04:00,4072.60009765625,4073.699951171875,4072.60009765625,4073.699951171875,13
2026-07-09 01:00:00-04:00,4073.699951171875,4074.800048828125,4073.0,4074.5,44
2026-07-09 01:01:00-04:00,4074.699951171875,4081.300048828125,4074.699951171875,4079.10009765625,620
2026-07-09 01:02:00-04:00,4078.89990234375,4079.60009765625,4076.10009765625,4076.60009765625,169
2026-07-09 01:03:00-04:00,4076.699951171875,4077.60009765625,4076.60009765625,4077.5,18
2026-07-09 01:04:00-04:00,4077.5,4077.5,4074.89990234375,4075.89990234375,70
2026-07-09 01:05:00-04:00,4076.0,4076.60009765625,4075.89990234375,4076.39990234375,16
2026-07-09 01:06:00-04:00,4076.10009765625,4077.0,4075.699951171875,4076.300048828125,20
2026-07-09 01:07:00-04:00,4076.39990234375,4077.0,4076.199951171875,4076.39990234375,36
2026-07-09 01:08:00-04:00,4076.39990234375,4077.39990234375,4076.0,4077.300048828125,43
2026-07-09 01:09:00-04:00,4077.10009765625,4078.60009765625,4077.10009765625,4077.5,24
2026-07-09 01:10:00-04:00,4077.800048828125,4079.0,4077.800048828125,4078.699951171875,52
2026-07-09 01:11:00-04:00,4077.89990234375,4085.300048828125,4077.60009765625,4083.300048828125,450
2026-07-09 01:12:00-04:00,4083.39990234375,4083.39990234375,4080.300048828125,4081.5,56
2026-07-09 01:13:00-04:00,4081.89990234375,4084.89990234375,4081.89990234375,4082.5,38
2026-07-09 01:14:00-04:00,4082.199951171875,4083.199951171875,4081.60009765625,4082.89990234375,83
2026-07-09 01:15:00-04:00,4083.10009765625,4083.39990234375,4081.0,4081.300048828125,77
2026-07-09 01:16:00-04:00,4081.699951171875,4082.300048828125,4079.199951171875,4079.39990234375,71
2026-07-09 01:17:00-04:00,4080.300048828125,4080.800048828125,4078.60009765625,4079.699951171875,53
2026-07-09 01:18:00-04:00,4079.199951171875,4079.199951171875,4077.5,4078.300048828125,41
2026-07-09 01:19:00-04:00,4077.89990234375,4078.5,4077.199951171875,4077.300048828125,81
2026-07-09 01:20:00-04:00,4077.39990234375,4078.5,4076.39990234375,4076.699951171875,39
2026-07-09 01:21:00-04:00,4076.39990234375,4078.39990234375,4076.199951171875,4078.10009765625,32
2026-07-09 01:22:00-04:00,4078.0,4079.0,4077.800048828125,4079.0,13
2026-07-09 01:23:00-04:00,4078.5,4078.5,4078.300048828125,4078.39990234375,7
2026-07-09 01:24:00-04:00,4078.300048828125,4078.300048828125,4077.699951171875,4078.199951171875,15
2026-07-09 01:25:00-04:00,4077.39990234375,4078.89990234375,4077.199951171875,4078.89990234375,15
2026-07-09 01:26:00-04:00,4078.0,4079.300048828125,4077.60009765625,4079.10009765625,8
2026-07-09 01:27:00-04:00,4078.89990234375,4080.0,4078.89990234375,4079.5,10
2026-07-09 01:28:00-04:00,4079.89990234375,4081.39990234375,4079.89990234375,4080.800048828125,45
2026-07-09 01:29:00-04:00,4080.60009765625,4081.800048828125,4080.300048828125,4081.39990234375,55
2026-07-09 01:30:00-04:00,4082.0,4083.0,4075.60009765625,4076.10009765625,279
2026-07-09 01:31:00-04:00,4075.5,4076.5,4074.199951171875,4074.699951171875,164
2026-07-09 01:32:00-04:00,4074.699951171875,4075.699951171875,4073.800048828125,4075.5,48
2026-07-09 01:33:00-04:00,4075.0,4077.89990234375,4075.0,4077.800048828125,26
2026-07-09 01:34:00-04:00,4078.5,4081.39990234375,4078.10009765625,4080.300048828125,61
2026-07-09 01:35:00-04:00,4080.800048828125,4081.699951171875,4078.699951171875,4080.699951171875,115
2026-07-09 01:36:00-04:00,4080.699951171875,4080.800048828125,4079.300048828125,4080.10009765625,38
2026-07-09 01:37:00-04:00,4080.199951171875,4081.5,4080.199951171875,4081.5,51
2026-07-09 01:38:00-04:00,4081.300048828125,4084.39990234375,4081.199951171875,4084.300048828125,117
2026-07-09 01:39:00-04:00,4084.39990234375,4086.300048828125,4083.60009765625,4085.300048828125,103
2026-07-09 01:40:00-04:00,4084.89990234375,4085.5,4083.5,4083.89990234375,77
2026-07-09 01:41:00-04:00,4084.10009765625,4085.89990234375,4082.89990234375,4083.39990234375,110
2026-07-09 01:42:00-04:00,4083.39990234375,4085.5,4083.300048828125,4083.800048828125,257
2026-07-09 01:43:00-04:00,4084.0,4084.199951171875,4083.5,4084.199951171875,23
2026-07-09 01:44:00-04:00,4083.699951171875,4085.800048828125,4083.699951171875,4085.0,49
2026-07-09 01:45:00-04:00,4085.300048828125,4086.300048828125,4084.39990234375,4085.699951171875,49
2026-07-09 01:46:00-04:00,4085.5,4085.5,4083.39990234375,4083.60009765625,35
2026-07-09 01:47:00-04:00,4083.89990234375,4085.800048828125,4083.800048828125,4085.800048828125,28
2026-07-09 01:48:00-04:00,4086.199951171875,4086.199951171875,4084.699951171875,4086.199951171875,72
2026-07-09 01:49:00-04:00,4085.800048828125,4089.10009765625,4085.800048828125,4089.0,68
2026-07-09 01:50:00-04:00,4089.199951171875,4089.800048828125,4087.89990234375,4089.699951171875,193
2026-07-09 01:51:00-04:00,4089.39990234375,4092.300048828125,4089.39990234375,4090.89990234375,176
2026-07-09 01:52:00-04:00,4090.800048828125,4091.10009765625,4087.89990234375,4087.89990234375,102
2026-07-09 01:53:00-04:00,4088.300048828125,4089.5,4088.10009765625,4089.39990234375,39
2026-07-09 01:54:00-04:00,4088.800048828125,4090.300048828125,4088.0,4088.89990234375,35
2026-07-09 01:55:00-04:00,4088.89990234375,4090.60009765625,4088.199951171875,4090.199951171875,29
2026-07-09 01:56:00-04:00,4090.39990234375,4091.199951171875,4090.0,4090.300048828125,38
2026-07-09 01:57:00-04:00,4090.300048828125,4093.60009765625,4090.300048828125,4093.10009765625,140
2026-07-09 01:58:00-04:00,4092.89990234375,4093.800048828125,4092.300048828125,4092.300048828125,47
2026-07-09 01:59:00-04:00,4092.800048828125,4092.800048828125,4090.199951171875,4091.39990234375,74
2026-07-09 02:00:00-04:00,4091.300048828125,4109.2998046875,4090.800048828125,4108.5,1164
2026-07-09 02:01:00-04:00,4108.2001953125,4108.39990234375,4103.2998046875,4103.60009765625,264
2026-07-09 02:02:00-04:00,4103.7001953125,4104.5,4101.7001953125,4103.39990234375,162
2026-07-09 02:03:00-04:00,4103.2998046875,4105.0,4099.7001953125,4100.7998046875,81
2026-07-09 02:04:00-04:00,4100.60009765625,4102.89990234375,4100.2998046875,4102.39990234375,95
2026-07-09 02:05:00-04:00,4102.5,4103.2998046875,4099.10009765625,4100.10009765625,392
2026-07-09 02:06:00-04:00,4099.60009765625,4101.2998046875,4098.5,4101.2998046875,78
2026-07-09 02:07:00-04:00,4101.2998046875,4102.0,4097.7998046875,4099.0,76
2026-07-09 02:08:00-04:00,4098.89990234375,4099.0,4097.7998046875,4098.2001953125,25
2026-07-09 02:09:00-04:00,4098.2001953125,4099.2998046875,4097.89990234375,4098.39990234375,25
2026-07-09 02:10:00-04:00,4098.7998046875,4100.5,4098.7998046875,4099.2998046875,32
2026-07-09 02:11:00-04:00,4098.60009765625,4099.89990234375,4098.2001953125,4098.7001953125,73
2026-07-09 02:12:00-04:00,4097.7998046875,4099.10009765625,4097.7998046875,4098.7998046875,18
2026-07-09 02:13:00-04:00,4099.2001953125,4102.10009765625,4099.2001953125,4101.60009765625,81
2026-07-09 02:14:00-04:00,4101.7998046875,4101.7998046875,4101.0,4101.5,14
2026-07-09 02:15:00-04:00,4101.2998046875,4104.5,4101.0,4103.2998046875,71
2026-07-09 02:16:00-04:00,4103.2001953125,4103.2001953125,4101.39990234375,4103.2001953125,35
2026-07-09 02:17:00-04:00,4103.60009765625,4105.0,4103.39990234375,4104.10009765625,140
2026-07-09 02:18:00-04:00,4104.39990234375,4104.5,4101.7998046875,4101.7998046875,68
2026-07-09 02:19:00-04:00,4102.2001953125,4103.60009765625,4102.2001953125,4102.7998046875,20
2026-07-09 02:20:00-04:00,4103.7998046875,4105.0,4102.7998046875,4104.7998046875,41
2026-07-09 02:21:00-04:00,4105.7998046875,4109.2998046875,4104.89990234375,4108.0,150
2026-07-09 02:22:00-04:00,4107.5,4110.7998046875,4106.2998046875,4109.2998046875,403
2026-07-09 02:23:00-04:00,4109.10009765625,4109.39990234375,4106.7998046875,4107.7001953125,138
2026-07-09 02:24:00-04:00,4107.2998046875,4108.89990234375,4107.10009765625,4107.7001953125,75
2026-07-09 02:25:00-04:00,4107.39990234375,4111.7001953125,4107.2998046875,4111.0,131
2026-07-09 02:26:00-04:00,4111.0,4111.7998046875,4108.0,4109.10009765625,141
2026-07-09 02:27:00-04:00,4109.10009765625,4112.2998046875,4109.10009765625,4111.2001953125,107
2026-07-09 02:28:00-04:00,4110.39990234375,4112.60009765625,4109.7001953125,4111.89990234375,163
2026-07-09 02:29:00-04:00,4111.89990234375,4111.89990234375,4110.7998046875,4111.2001953125,41
2026-07-09 02:30:00-04:00,4111.7998046875,4111.7998046875,4109.0,4110.2998046875,71
2026-07-09 02:31:00-04:00,4109.7998046875,4112.7001953125,4109.7998046875,4112.39990234375,60
2026-07-09 02:32:00-04:00,4112.10009765625,4113.89990234375,4112.10009765625,4113.7001953125,53
2026-07-09 02:33:00-04:00,4113.60009765625,4116.7001953125,4113.60009765625,4114.0,285
2026-07-09 02:34:00-04:00,4113.89990234375,4114.5,4113.0,4113.7001953125,45
2026-07-09 02:35:00-04:00,4113.7001953125,4115.2001953125,4112.5,4114.5,122
2026-07-09 02:36:00-04:00,4114.7001953125,4115.60009765625,4112.39990234375,4112.39990234375,92
2026-07-09 02:37:00-04:00,4112.60009765625,4113.2001953125,4111.5,4112.7001953125,81
2026-07-09 02:38:00-04:00,4112.5,4112.7001953125,4109.0,4110.10009765625,102
2026-07-09 02:39:00-04:00,4110.2998046875,4110.2998046875,4108.0,4108.0,135
2026-07-09 02:40:00-04:00,4108.10009765625,4109.10009765625,4106.0,4106.39990234375,373
2026-07-09 02:41:00-04:00,4106.2998046875,4107.7001953125,4105.60009765625,4106.5,83
2026-07-09 02:42:00-04:00,4107.2001953125,4109.89990234375,4106.7998046875,4108.7001953125,93
2026-07-09 02:43:00-04:00,4108.89990234375,4112.7001953125,4108.2998046875,4111.39990234375,134
2026-07-09 02:44:00-04:00,4110.7998046875,4112.60009765625,4110.0,4112.5,41
2026-07-09 02:45:00-04:00,4112.2998046875,4115.0,4112.0,4112.7998046875,221
2026-07-09 02:46:00-04:00,4112.7998046875,4114.0,4112.5,4113.7001953125,48
2026-07-09 02:47:00-04:00,4112.7998046875,4113.2998046875,4112.2001953125,4112.2998046875,24
2026-07-09 02:48:00-04:00,4112.60009765625,4113.39990234375,4112.60009765625,4113.2001953125,30
2026-07-09 02:49:00-04:00,4112.89990234375,4113.7998046875,4112.60009765625,4112.60009765625,59
2026-07-09 02:50:00-04:00,4113.0,4113.5,4112.7001953125,4112.7001953125,31
2026-07-09 02:51:00-04:00,4112.89990234375,4114.39990234375,4112.60009765625,4114.39990234375,22
2026-07-09 02:52:00-04:00,4114.2998046875,4114.89990234375,4112.7998046875,4113.2001953125,33
2026-07-09 02:53:00-04:00,4112.7001953125,4113.2998046875,4112.60009765625,4113.0,11
2026-07-09 02:54:00-04:00,4113.39990234375,4114.39990234375,4113.2001953125,4113.2998046875,37
2026-07-09 02:55:00-04:00,4113.10009765625,4115.5,4112.7001953125,4114.7001953125,54
2026-07-09 02:56:00-04:00,4114.5,4115.10009765625,4113.7001953125,4115.10009765625,30
2026-07-09 02:57:00-04:00,4114.89990234375,4115.89990234375,4114.5,4115.2998046875,59
2026-07-09 02:58:00-04:00,4115.2001953125,4116.89990234375,4115.10009765625,4115.7001953125,101
2026-07-09 02:59:00-04:00,4115.89990234375,4117.7001953125,4115.60009765625,4117.7001953125,82
2026-07-09 03:00:00-04:00,4117.2998046875,4118.7001953125,4115.7998046875,4117.2001953125,125
2026-07-09 03:01:00-04:00,4117.0,4118.7001953125,4116.10009765625,4118.2998046875,152
2026-07-09 03:02:00-04:00,4118.7001953125,4119.89990234375,4117.60009765625,4117.7001953125,83
2026-07-09 03:03:00-04:00,4117.7001953125,4118.2001953125,4116.89990234375,4117.7001953125,91
2026-07-09 03:04:00-04:00,4117.2001953125,4117.5,4115.60009765625,4115.7998046875,96
2026-07-09 03:05:00-04:00,4115.7001953125,4115.89990234375,4113.39990234375,4113.39990234375,41
2026-07-09 03:06:00-04:00,4113.89990234375,4114.2998046875,4112.60009765625,4113.10009765625,51
2026-07-09 03:07:00-04:00,4113.5,4115.60009765625,4112.89990234375,4115.0,116
2026-07-09 03:08:00-04:00,4115.0,4115.39990234375,4114.2001953125,4114.60009765625,40
2026-07-09 03:09:00-04:00,4114.60009765625,4116.39990234375,4114.5,4115.39990234375,48
2026-07-09 03:10:00-04:00,4115.10009765625,4116.10009765625,4114.39990234375,4115.89990234375,35
2026-07-09 03:11:00-04:00,4115.89990234375,4115.89990234375,4114.89990234375,4115.89990234375,38
2026-07-09 03:12:00-04:00,4115.2998046875,4115.7001953125,4113.5,4113.5,73
2026-07-09 03:13:00-04:00,4113.7998046875,4114.7998046875,4113.60009765625,4113.60009765625,42
2026-07-09 03:14:00-04:00,4113.60009765625,4113.60009765625,4111.2998046875,4111.2998046875,97
2026-07-09 03:15:00-04:00,4111.39990234375,4113.0,4111.39990234375,4112.2998046875,52
2026-07-09 03:16:00-04:00,4112.5,4113.5,4112.2998046875,4112.89990234375,27
2026-07-09 03:17:00-04:00,4113.10009765625,4113.2001953125,4111.5,4111.89990234375,61
2026-07-09 03:18:00-04:00,4112.2998046875,4114.10009765625,4111.89990234375,4114.0,27
2026-07-09 03:19:00-04:00,4113.7001953125,4115.0,4113.7001953125,4114.2998046875,35
2026-07-09 03:20:00-04:00,4114.2998046875,4114.2998046875,4113.0,4113.7998046875,36
2026-07-09 03:21:00-04:00,4114.2998046875,4115.60009765625,4113.7998046875,4113.7998046875,39
2026-07-09 03:22:00-04:00,4114.0,4114.7001953125,4113.39990234375,4114.2998046875,64
2026-07-09 03:23:00-04:00,4114.7001953125,4114.89990234375,4112.89990234375,4113.5,87
2026-07-09 03:24:00-04:00,4113.60009765625,4115.7001953125,4113.60009765625,4115.39990234375,160
2026-07-09 03:25:00-04:00,4115.60009765625,4117.5,4115.2998046875,4117.0,80
2026-07-09 03:26:00-04:00,4116.7001953125,4118.0,4116.5,4117.0,78
2026-07-09 03:27:00-04:00,4117.0,4117.10009765625,4114.7001953125,4114.7001953125,40
2026-07-09 03:28:00-04:00,4115.0,4117.7001953125,4114.5,4117.60009765625,103
2026-07-09 03:29:00-04:00,4118.0,4119.5,4117.7998046875,4118.60009765625,84
2026-07-09 03:30:00-04:00,4118.60009765625,4119.2001953125,4116.7001953125,4116.7998046875,89
2026-07-09 03:31:00-04:00,4116.60009765625,4116.60009765625,4113.2998046875,4114.10009765625,143
2026-07-09 03:32:00-04:00,4114.60009765625,4116.2998046875,4114.60009765625,4115.5,33
2026-07-09 03:33:00-04:00,4115.2001953125,4115.2998046875,4113.7998046875,4114.89990234375,60
2026-07-09 03:34:00-04:00,4114.60009765625,4116.89990234375,4114.60009765625,4116.60009765625,67
2026-07-09 03:35:00-04:00,4116.39990234375,4118.0,4115.7998046875,4117.5,30
2026-07-09 03:36:00-04:00,4117.39990234375,4118.7998046875,4117.0,4118.7998046875,40
2026-07-09 03:37:00-04:00,4118.5,4119.0,4117.5,4117.5,52
2026-07-09 03:38:00-04:00,4117.7001953125,4119.2001953125,4117.39990234375,4117.89990234375,39
2026-07-09 03:39:00-04:00,4117.89990234375,4118.2998046875,4117.39990234375,4117.7998046875,23
2026-07-09 03:40:00-04:00,4118.2998046875,4118.39990234375,4117.89990234375,4117.89990234375,9
2026-07-09 03:41:00-04:00,4118.0,4119.0,4117.7001953125,4118.0,41
2026-07-09 03:42:00-04:00,4118.2001953125,4120.89990234375,4118.2001953125,4119.39990234375,157
2026-07-09 03:43:00-04:00,4119.60009765625,4119.60009765625,4117.7001953125,4118.2998046875,94
2026-07-09 03:44:00-04:00,4118.5,4119.2001953125,4118.2998046875,4118.89990234375,33
2026-07-09 03:45:00-04:00,4118.60009765625,4118.60009765625,4117.5,4117.5,29
2026-07-09 03:46:00-04:00,4117.2998046875,4117.2998046875,4116.0,4116.2998046875,50
2026-07-09 03:47:00-04:00,4116.5,4116.7001953125,4116.0,4116.2998046875,24
2026-07-09 03:48:00-04:00,4116.60009765625,4120.0,4116.60009765625,4119.7001953125,53
2026-07-09 03:49:00-04:00,4119.60009765625,4120.89990234375,4119.2001953125,4120.2998046875,97
2026-07-09 03:50:00-04:00,4120.39990234375,4120.39990234375,4118.39990234375,4118.7998046875,27
2026-07-09 03:51:00-04:00,4118.7998046875,4119.2001953125,4118.2998046875,4118.89990234375,18
2026-07-09 03:52:00-04:00,4118.60009765625,4121.0,4118.60009765625,4119.7001953125,47
2026-07-09 03:53:00-04:00,4119.2001953125,4120.0,4118.2998046875,4120.0,47
2026-07-09 03:54:00-04:00,4119.60009765625,4119.60009765625,4118.2998046875,4118.2998046875,37
2026-07-09 03:55:00-04:00,4118.0,4118.0,4116.39990234375,4116.60009765625,49
2026-07-09 03:56:00-04:00,4116.60009765625,4116.7998046875,4115.7998046875,4115.7998046875,30
2026-07-09 03:57:00-04:00,4115.7998046875,4115.7998046875,4114.2001953125,4114.5,48
2026-07-09 03:58:00-04:00,4114.7998046875,4116.0,4114.39990234375,4115.60009765625,50
2026-07-09 03:59:00-04:00,4115.60009765625,4118.10009765625,4115.39990234375,4117.89990234375,98
2026-07-09 04:00:00-04:00,4117.89990234375,4119.2001953125,4117.2998046875,4117.2998046875,87
2026-07-09 04:01:00-04:00,4116.89990234375,4117.2001953125,4115.60009765625,4116.10009765625,38
2026-07-09 04:02:00-04:00,4115.5,4116.2998046875,4115.2998046875,4115.7998046875,20
2026-07-09 04:03:00-04:00,4115.2998046875,4116.7001953125,4115.0,4115.5,26
2026-07-09 04:04:00-04:00,4116.2998046875,4117.7998046875,4116.2998046875,4117.39990234375,31
2026-07-09 04:05:00-04:00,4117.10009765625,4118.0,4116.5,4116.7001953125,40
2026-07-09 04:06:00-04:00,4116.7998046875,4118.39990234375,4116.7998046875,4117.89990234375,46
2026-07-09 04:07:00-04:00,4118.60009765625,4119.89990234375,4117.5,4118.39990234375,54
2026-07-09 04:08:00-04:00,4118.60009765625,4120.39990234375,4118.60009765625,4119.89990234375,224
2026-07-09 04:09:00-04:00,4119.7001953125,4120.2001953125,4119.2001953125,4119.60009765625,22
2026-07-09 04:10:00-04:00,4119.10009765625,4119.60009765625,4118.0,4118.2001953125,21
2026-07-09 04:11:00-04:00,4118.7001953125,4119.2998046875,4117.0,4117.60009765625,33
2026-07-09 04:12:00-04:00,4117.39990234375,4117.7001953125,4116.60009765625,4117.5,15
2026-07-09 04:13:00-04:00,4117.2001953125,4117.39990234375,4115.39990234375,4115.39990234375,21
2026-07-09 04:14:00-04:00,4115.10009765625,4117.7998046875,4115.10009765625,4117.7998046875,67
2026-07-09 04:15:00-04:00,4118.0,4119.5,4117.7001953125,4118.89990234375,79
2026-07-09 04:16:00-04:00,4118.89990234375,4119.10009765625,4117.60009765625,4118.5,33
2026-07-09 04:17:00-04:00,4118.2001953125,4122.60009765625,4117.89990234375,4120.7998046875,166
2026-07-09 04:18:00-04:00,4121.0,4121.5,4118.60009765625,4120.2001953125,129
2026-07-09 04:19:00-04:00,4119.89990234375,4119.89990234375,4118.39990234375,4118.5,88
2026-07-09 04:20:00-04:00,4119.2001953125,4122.2998046875,4119.2001953125,4121.89990234375,61
2026-07-09 04:21:00-04:00,4122.2001953125,4125.60009765625,4121.89990234375,4124.10009765625,690
2026-07-09 04:22:00-04:00,4124.39990234375,4126.2001953125,4124.2998046875,4125.2998046875,170
2026-07-09 04:23:00-04:00,4125.10009765625,4127.39990234375,4124.2998046875,4125.39990234375,198
2026-07-09 04:24:00-04:00,4125.5,4126.2998046875,4124.7998046875,4125.2001953125,81
2026-07-09 04:25:00-04:00,4125.0,4125.10009765625,4123.7001953125,4124.2998046875,38
2026-07-09 04:26:00-04:00,4123.89990234375,4124.2998046875,4123.39990234375,4124.0,32
2026-07-09 04:27:00-04:00,4123.7998046875,4124.7001953125,4123.7998046875,4124.60009765625,24
2026-07-09 04:28:00-04:00,4124.2001953125,4124.2001953125,4123.7001953125,4124.2001953125,15
2026-07-09 04:29:00-04:00,4124.0,4124.7998046875,4123.60009765625,4124.39990234375,29
2026-07-09 04:30:00-04:00,4124.2001953125,4125.0,4123.2001953125,4125.0,46
2026-07-09 04:31:00-04:00,4125.2001953125,4126.0,4123.2001953125,4123.2001953125,101
2026-07-09 04:32:00-04:00,4123.2998046875,4124.0,4122.5,4122.89990234375,50
2026-07-09 04:33:00-04:00,4123.0,4123.10009765625,4121.0,4121.2001953125,43
2026-07-09 04:34:00-04:00,4121.2998046875,4121.39990234375,4119.2998046875,4119.89990234375,86
2026-07-09 04:35:00-04:00,4120.0,4121.7998046875,4120.0,4121.60009765625,76
2026-07-09 04:36:00-04:00,4121.60009765625,4122.7001953125,4121.60009765625,4122.5,22
2026-07-09 04:37:00-04:00,4122.7001953125,4123.2001953125,4122.0,4123.0,53
2026-07-09 04:38:00-04:00,4122.89990234375,4124.0,4122.60009765625,4123.2001953125,50
2026-07-09 04:39:00-04:00,4123.39990234375,4124.60009765625,4123.2001953125,4124.5,67
2026-07-09 04:40:00-04:00,4123.89990234375,4124.5,4122.5,4122.89990234375,101
2026-07-09 04:41:00-04:00,4122.89990234375,4124.2001953125,4122.60009765625,4123.89990234375,26
2026-07-09 04:42:00-04:00,4124.2001953125,4124.2001953125,4123.0,4123.5,43
2026-07-09 04:43:00-04:00,4123.60009765625,4123.60009765625,4122.39990234375,4123.10009765625,37
2026-07-09 04:44:00-04:00,4123.10009765625,4123.5,4122.7001953125,4122.89990234375,15
2026-07-09 04:45:00-04:00,4123.10009765625,4123.10009765625,4120.5,4120.5,57
2026-07-09 04:46:00-04:00,4120.2998046875,4120.7001953125,4118.89990234375,4119.0,53
2026-07-09 04:47:00-04:00,4118.89990234375,4119.10009765625,4116.7998046875,4118.7998046875,116
2026-07-09 04:48:00-04:00,4119.0,4120.0,4118.7001953125,4120.0,62
2026-07-09 04:49:00-04:00,4120.2998046875,4120.39990234375,4118.5,4118.7998046875,32
2026-07-09 04:50:00-04:00,4118.89990234375,4119.7998046875,4118.2001953125,4118.89990234375,38
2026-07-09 04:51:00-04:00,4118.89990234375,4119.89990234375,4118.7001953125,4118.7998046875,34
2026-07-09 04:52:00-04:00,4118.89990234375,4119.5,4118.39990234375,4119.39990234375,31
2026-07-09 04:53:00-04:00,4118.89990234375,4120.2001953125,4118.60009765625,4120.0,56
2026-07-09 04:54:00-04:00,4119.7001953125,4119.7001953125,4118.7001953125,4119.0,129
2026-07-09 04:55:00-04:00,4119.0,4119.5,4118.5,4119.10009765625,36
2026-07-09 04:56:00-04:00,4119.0,4120.10009765625,4119.0,4119.5,52
2026-07-09 04:57:00-04:00,4119.2001953125,4119.2001953125,4117.0,4117.60009765625,31
2026-07-09 04:58:00-04:00,4117.89990234375,4119.0,4117.7998046875,4118.7001953125,41
2026-07-09 04:59:00-04:00,4119.0,4119.0,4117.39990234375,4117.89990234375,35
2026-07-09 05:00:00-04:00,4118.0,4118.0,4115.60009765625,4116.0,85
2026-07-09 05:01:00-04:00,4116.2001953125,4117.39990234375,4116.2001953125,4116.7998046875,28
2026-07-09 05:02:00-04:00,4116.7998046875,4118.2998046875,4116.7998046875,4117.89990234375,26
2026-07-09 05:03:00-04:00,4117.7998046875,4117.7998046875,4117.0,4117.0,19
2026-07-09 05:04:00-04:00,4117.5,4117.7998046875,4116.39990234375,4117.7998046875,21
2026-07-09 05:05:00-04:00,4117.7001953125,4118.7998046875,4117.7001953125,4118.60009765625,14
2026-07-09 05:06:00-04:00,4118.2001953125,4118.2001953125,4117.2998046875,4117.2998046875,10
2026-07-09 05:07:00-04:00,4117.5,4117.5,4115.2998046875,4115.89990234375,62
2026-07-09 05:08:00-04:00,4115.7001953125,4115.7998046875,4115.2001953125,4115.7001953125,16
2026-07-09 05:09:00-04:00,4116.0,4116.7998046875,4115.60009765625,4115.7998046875,43
2026-07-09 05:10:00-04:00,4116.0,4118.10009765625,4115.7001953125,4117.10009765625,72
2026-07-09 05:11:00-04:00,4117.5,4117.60009765625,4116.5,4116.7998046875,40
2026-07-09 05:12:00-04:00,4117.2998046875,4118.5,4117.2998046875,4118.5,31
2026-07-09 05:13:00-04:00,4118.10009765625,4118.60009765625,4117.7998046875,4118.39990234375,23
2026-07-09 05:14:00-04:00,4118.2001953125,4118.2998046875,4117.2998046875,4117.5,33
2026-07-09 05:15:00-04:00,4117.7001953125,4118.2001953125,4117.10009765625,4118.0,62
2026-07-09 05:16:00-04:00,4118.0,4118.10009765625,4117.10009765625,4117.10009765625,20
2026-07-09 05:17:00-04:00,4116.89990234375,4118.7998046875,4116.89990234375,4118.5,33
2026-07-09 05:18:00-04:00,4118.39990234375,4121.0,4118.39990234375,4120.89990234375,112
2026-07-09 05:19:00-04:00,4120.5,4120.60009765625,4118.60009765625,4119.2998046875,32
2026-07-09 05:20:00-04:00,4119.0,4120.60009765625,4119.0,4120.60009765625,48
2026-07-09 05:21:00-04:00,4121.0,4121.39990234375,4119.89990234375,4120.2998046875,65
2026-07-09 05:22:00-04:00,4120.5,4120.7998046875,4117.39990234375,4117.7998046875,160
2026-07-09 05:23:00-04:00,4117.89990234375,4118.2998046875,4117.2998046875,4118.0,61
2026-07-09 05:24:00-04:00,4117.60009765625,4117.60009765625,4116.89990234375,4117.0,19
2026-07-09 05:25:00-04:00,4116.7998046875,4118.2001953125,4116.5,4117.39990234375,39
2026-07-09 05:26:00-04:00,4117.89990234375,4118.0,4117.39990234375,4118.0,23
2026-07-09 05:27:00-04:00,4117.7998046875,4117.7998046875,4116.60009765625,4116.89990234375,39
2026-07-09 05:28:00-04:00,4117.5,4118.0,4117.10009765625,4117.5,18
2026-07-09 05:29:00-04:00,4117.7001953125,4118.2001953125,4117.2001953125,4117.5,25
2026-07-09 05:30:00-04:00,4117.5,4119.5,4116.5,4117.39990234375,194
2026-07-09 05:31:00-04:00,4117.39990234375,4117.39990234375,4115.89990234375,4117.10009765625,98
2026-07-09 05:32:00-04:00,4116.89990234375,4117.5,4115.7998046875,4117.39990234375,118
2026-07-09 05:33:00-04:00,4117.2998046875,4118.89990234375,4117.0,4117.5,42
2026-07-09 05:34:00-04:00,4117.10009765625,4117.10009765625,4114.10009765625,4115.2998046875,102
2026-07-09 05:35:00-04:00,4115.7998046875,4117.10009765625,4115.7998046875,4116.7998046875,51
2026-07-09 05:36:00-04:00,4117.10009765625,4117.10009765625,4115.10009765625,4115.39990234375,35
2026-07-09 05:37:00-04:00,4115.2001953125,4115.2001953125,4115.0,4115.10009765625,12
2026-07-09 05:38:00-04:00,4115.2001953125,4116.0,4115.10009765625,4116.0,16
2026-07-09 05:39:00-04:00,4115.2998046875,4116.2998046875,4115.2998046875,4115.7001953125,14
2026-07-09 05:40:00-04:00,4115.7001953125,4115.7001953125,4114.39990234375,4114.39990234375,23
2026-07-09 05:41:00-04:00,4114.2001953125,4114.7998046875,4112.60009765625,4113.7998046875,93
2026-07-09 05:42:00-04:00,4113.89990234375,4114.39990234375,4113.0,4113.5,33
2026-07-09 05:43:00-04:00,4113.5,4114.39990234375,4113.2001953125,4114.10009765625,45
2026-07-09 05:44:00-04:00,4113.7001953125,4113.7001953125,4112.7998046875,4113.2998046875,21
2026-07-09 05:45:00-04:00,4113.10009765625,4114.2998046875,4113.10009765625,4113.39990234375,20
2026-07-09 05:46:00-04:00,4113.2998046875,4113.7001953125,4113.10009765625,4113.60009765625,38
2026-07-09 05:47:00-04:00,4113.2998046875,4113.2998046875,4112.60009765625,4112.89990234375,19
2026-07-09 05:48:00-04:00,4113.2998046875,4114.5,4113.2998046875,4114.2998046875,49
2026-07-09 05:49:00-04:00,4114.5,4114.5,4114.2001953125,4114.5,13
2026-07-09 05:50:00-04:00,4114.89990234375,4115.5,4114.39990234375,4114.39990234375,32
2026-07-09 05:51:00-04:00,4114.39990234375,4114.60009765625,4113.2001953125,4113.60009765625,36
2026-07-09 05:52:00-04:00,4113.89990234375,4114.7001953125,4113.5,4114.5,39
2026-07-09 05:53:00-04:00,4114.7998046875,4115.5,4114.7998046875,4115.0,29
2026-07-09 05:54:00-04:00,4115.10009765625,4115.7001953125,4114.89990234375,4115.10009765625,44
2026-07-09 05:55:00-04:00,4115.2998046875,4115.2998046875,4114.39990234375,4115.0,13
2026-07-09 05:56:00-04:00,4114.7998046875,4115.39990234375,4114.60009765625,4114.89990234375,18
2026-07-09 05:57:00-04:00,4114.7001953125,4116.7998046875,4114.39990234375,4116.60009765625,41
2026-07-09 05:58:00-04:00,4116.60009765625,4116.7001953125,4115.7998046875,4115.7998046875,12
2026-07-09 05:59:00-04:00,4115.60009765625,4115.7001953125,4114.7001953125,4115.7001953125,42
2026-07-09 06:00:00-04:00,4115.7998046875,4115.7998046875,4114.2001953125,4114.2998046875,19
2026-07-09 06:01:00-04:00,4114.2998046875,4117.2001953125,4113.39990234375,4117.10009765625,72
2026-07-09 06:02:00-04:00,4117.2998046875,4117.89990234375,4116.7001953125,4117.10009765625,56
2026-07-09 06:03:00-04:00,4116.7998046875,4118.10009765625,4115.89990234375,4117.5,108
2026-07-09 06:04:00-04:00,4117.2998046875,4119.2001953125,4117.2001953125,4119.10009765625,40
2026-07-09 06:05:00-04:00,4119.0,4119.0,4117.39990234375,4117.7998046875,22
2026-07-09 06:06:00-04:00,4117.39990234375,4117.39990234375,4116.5,4116.5,12
2026-07-09 06:07:00-04:00,4116.60009765625,4116.60009765625,4115.39990234375,4115.39990234375,17
2026-07-09 06:08:00-04:00,4115.5,4116.10009765625,4115.0,4115.10009765625,19
2026-07-09 06:09:00-04:00,4115.39990234375,4116.39990234375,4114.5,4116.10009765625,74
2026-07-09 06:10:00-04:00,4116.7001953125,4117.10009765625,4116.5,4117.10009765625,9
2026-07-09 06:11:00-04:00,4117.2001953125,4117.2001953125,4115.7998046875,4116.39990234375,24
2026-07-09 06:12:00-04:00,4116.39990234375,4116.7001953125,4115.7998046875,4115.7998046875,6
2026-07-09 06:13:00-04:00,4115.2998046875,4115.60009765625,4114.2998046875,4114.7998046875,29
2026-07-09 06:14:00-04:00,4114.60009765625,4115.0,4114.0,4114.5,304
2026-07-09 06:15:00-04:00,4114.60009765625,4116.10009765625,4114.2001953125,4116.10009765625,34
2026-07-09 06:16:00-04:00,4115.5,4115.5,4114.60009765625,4114.60009765625,24
2026-07-09 06:17:00-04:00,4115.10009765625,4115.2001953125,4115.0,4115.2001953125,9
2026-07-09 06:18:00-04:00,4114.5,4114.89990234375,4114.5,4114.89990234375,3
2026-07-09 06:19:00-04:00,4115.0,4115.0,4114.10009765625,4114.10009765625,10
2026-07-09 06:20:00-04:00,4114.2998046875,4115.10009765625,4114.2998046875,4115.0,9
2026-07-09 06:21:00-04:00,4114.7001953125,4115.2001953125,4114.7001953125,4115.0,12
2026-07-09 06:22:00-04:00,4115.0,4115.2998046875,4113.89990234375,4115.0,44
2026-07-09 06:23:00-04:00,4115.0,4115.10009765625,4114.5,4114.5,12
2026-07-09 06:24:00-04:00,4114.2998046875,4114.39990234375,4113.89990234375,4114.39990234375,14
2026-07-09 06:25:00-04:00,4114.10009765625,4114.2001953125,4113.5,4114.2001953125,68
2026-07-09 06:26:00-04:00,4114.2998046875,4114.5,4114.2998046875,4114.2998046875,10
2026-07-09 06:27:00-04:00,4113.7001953125,4114.39990234375,4113.7001953125,4114.39990234375,8
2026-07-09 06:28:00-04:00,4114.60009765625,4114.7001953125,4113.89990234375,4114.0,77
2026-07-09 06:29:00-04:00,4114.10009765625,4114.2001953125,4113.39990234375,4113.7998046875,38
2026-07-09 06:30:00-04:00,4113.2001953125,4113.89990234375,4112.7001953125,4113.2001953125,42
2026-07-09 06:31:00-04:00,4113.10009765625,4113.7001953125,4111.0,4112.10009765625,172
2026-07-09 06:32:00-04:00,4112.2998046875,4112.7001953125,4111.7001953125,4111.7001953125,42
2026-07-09 06:33:00-04:00,4112.10009765625,4113.7001953125,4112.10009765625,4113.7001953125,35
2026-07-09 06:34:00-04:00,4114.0,4114.60009765625,4113.39990234375,4113.7998046875,30
2026-07-09 06:35:00-04:00,4113.5,4114.0,4113.5,4113.60009765625,9
2026-07-09 06:36:00-04:00,4113.2998046875,4113.7001953125,4113.2998046875,4113.60009765625,7
2026-07-09 06:37:00-04:00,4113.60009765625,4113.60009765625,4112.7001953125,4112.7001953125,29
2026-07-09 06:38:00-04:00,4112.89990234375,4114.10009765625,4112.89990234375,4114.0,32
2026-07-09 06:39:00-04:00,4114.39990234375,4114.60009765625,4114.0,4114.0,32
2026-07-09 06:40:00-04:00,4113.60009765625,4113.7001953125,4112.2998046875,4112.89990234375,60
2026-07-09 06:41:00-04:00,4113.0,4113.7001953125,4112.39990234375,4113.5,17
2026-07-09 06:42:00-04:00,4113.5,4113.5,4112.7001953125,4113.2998046875,39
2026-07-09 06:43:00-04:00,4113.2001953125,4113.5,4112.7998046875,4113.39990234375,25
2026-07-09 06:44:00-04:00,4113.2001953125,4113.39990234375,4112.2001953125,4112.7998046875,47
2026-07-09 06:45:00-04:00,4112.7998046875,4112.89990234375,4111.5,4111.89990234375,146
2026-07-09 06:46:00-04:00,4112.10009765625,4113.2998046875,4110.7998046875,4112.2998046875,185
2026-07-09 06:47:00-04:00,4112.2998046875,4112.2998046875,4110.2001953125,4110.60009765625,114
2026-07-09 06:48:00-04:00,4110.60009765625,4110.7998046875,4108.7001953125,4109.2998046875,327
2026-07-09 06:49:00-04:00,4109.5,4110.2998046875,4108.7998046875,4110.2998046875,156
2026-07-09 06:50:00-04:00,4110.0,4110.2998046875,4108.7998046875,4109.5,104
2026-07-09 06:51:00-04:00,4109.60009765625,4109.60009765625,4107.7998046875,4108.2998046875,74
2026-07-09 06:52:00-04:00,4108.2998046875,4108.39990234375,4103.7001953125,4104.0,319
2026-07-09 06:53:00-04:00,4104.10009765625,4106.0,4103.7998046875,4105.7001953125,142
2026-07-09 06:54:00-04:00,4105.5,4106.60009765625,4104.2998046875,4106.5,78
2026-07-09 06:55:00-04:00,4106.39990234375,4106.39990234375,4104.2001953125,4104.89990234375,78
2026-07-09 06:56:00-04:00,4104.7998046875,4105.2998046875,4102.7998046875,4105.0,143
2026-07-09 06:57:00-04:00,4105.2001953125,4106.2001953125,4104.5,4105.7998046875,53
2026-07-09 06:58:00-04:00,4105.60009765625,4107.5,4105.2998046875,4107.5,123
2026-07-09 06:59:00-04:00,4107.2998046875,4108.5,4107.2998046875,4108.0,76
2026-07-09 07:00:00-04:00,4108.2001953125,4109.5,4106.89990234375,4108.39990234375,153
2026-07-09 07:01:00-04:00,4108.5,4111.2001953125,4108.5,4111.10009765625,113
2026-07-09 07:02:00-04:00,4111.39990234375,4112.2998046875,4110.7998046875,4110.89990234375,363
2026-07-09 07:03:00-04:00,4110.89990234375,4112.5,4110.89990234375,4112.2001953125,24
2026-07-09 07:04:00-04:00,4112.5,4113.2998046875,4111.89990234375,4112.2998046875,35
2026-07-09 07:05:00-04:00,4112.2998046875,4112.39990234375,4111.7001953125,4111.7001953125,18
2026-07-09 07:06:00-04:00,4111.39990234375,4111.60009765625,4109.7998046875,4110.7001953125,49
2026-07-09 07:07:00-04:00,4111.0,4111.10009765625,4110.60009765625,4110.60009765625,12
2026-07-09 07:08:00-04:00,4110.60009765625,4111.10009765625,4109.7001953125,4110.0,22
2026-07-09 07:09:00-04:00,4110.2001953125,4111.60009765625,4110.0,4111.60009765625,22
2026-07-09 07:10:00-04:00,4111.7998046875,4112.2001953125,4111.0,4111.0,24
2026-07-09 07:11:00-04:00,4111.60009765625,4113.10009765625,4111.2001953125,4112.10009765625,73
2026-07-09 07:12:00-04:00,4112.0,4113.39990234375,4111.7998046875,4113.10009765625,35
2026-07-09 07:13:00-04:00,4113.10009765625,4114.60009765625,4113.10009765625,4113.39990234375,77
2026-07-09 07:14:00-04:00,4113.2001953125,4113.60009765625,4112.89990234375,4113.60009765625,27
2026-07-09 07:15:00-04:00,4114.5,4115.39990234375,4113.5,4115.39990234375,74
2026-07-09 07:16:00-04:00,4115.2001953125,4116.7998046875,4114.39990234375,4116.2001953125,77
2026-07-09 07:17:00-04:00,4116.2998046875,4116.39990234375,4115.5,4116.0,34
2026-07-09 07:18:00-04:00,4115.5,4115.7001953125,4114.10009765625,4114.10009765625,25
2026-07-09 07:19:00-04:00,4114.0,4114.7001953125,4113.7998046875,4114.2001953125,22
2026-07-09 07:20:00-04:00,4114.10009765625,4114.7001953125,4113.60009765625,4114.2001953125,28
2026-07-09 07:21:00-04:00,4114.10009765625,4114.10009765625,4113.2001953125,4113.2998046875,10
2026-07-09 07:22:00-04:00,4113.2998046875,4113.2998046875,4112.39990234375,4112.5,25
2026-07-09 07:23:00-04:00,4112.39990234375,4112.5,4110.0,4110.0,92
2026-07-09 07:24:00-04:00,4110.39990234375,4110.5,4108.60009765625,4109.39990234375,296
2026-07-09 07:25:00-04:00,4109.5,4110.60009765625,4109.5,4110.2998046875,175
2026-07-09 07:26:00-04:00,4110.10009765625,4110.7001953125,4110.0,4110.5,21
2026-07-09 07:27:00-04:00,4110.2998046875,4110.5,4108.2998046875,4108.60009765625,77
2026-07-09 07:28:00-04:00,4108.89990234375,4110.10009765625,4108.39990234375,4110.10009765625,72
2026-07-09 07:29:00-04:00,4110.60009765625,4110.7998046875,4109.5,4109.5,33
2026-07-09 07:30:00-04:00,4109.7998046875,4111.2998046875,4109.5,4109.5,70
2026-07-09 07:31:00-04:00,4110.2001953125,4110.39990234375,4109.5,4110.0,33
2026-07-09 07:32:00-04:00,4109.7998046875,4112.0,4109.5,4111.7001953125,47
2026-07-09 07:33:00-04:00,4111.7998046875,4111.7998046875,4110.2001953125,4110.60009765625,38
2026-07-09 07:34:00-04:00,4110.7001953125,4111.5,4110.39990234375,4110.39990234375,21
2026-07-09 07:35:00-04:00,4110.60009765625,4111.39990234375,4108.89990234375,4108.89990234375,45
2026-07-09 07:36:00-04:00,4109.10009765625,4109.60009765625,4108.2001953125,4109.60009765625,37
2026-07-09 07:37:00-04:00,4109.7998046875,4110.7998046875,4109.7998046875,4110.2001953125,20
2026-07-09 07:38:00-04:00,4110.2998046875,4112.7001953125,4110.2001953125,4112.60009765625,41
2026-07-09 07:39:00-04:00,4112.89990234375,4115.0,4112.7998046875,4114.7998046875,251
2026-07-09 07:40:00-04:00,4114.60009765625,4116.0,4114.2001953125,4116.0,49
2026-07-09 07:41:00-04:00,4115.7998046875,4118.2001953125,4115.7001953125,4117.10009765625,289
2026-07-09 07:42:00-04:00,4117.39990234375,4119.39990234375,4117.0,4117.5,165
2026-07-09 07:43:00-04:00,4117.5,4117.5,4116.10009765625,4117.39990234375,122
2026-07-09 07:44:00-04:00,4117.2998046875,4117.39990234375,4115.2998046875,4116.0,62
2026-07-09 07:45:00-04:00,4116.0,4116.2998046875,4115.5,4115.5,39
2026-07-09 07:46:00-04:00,4115.2998046875,4116.89990234375,4115.0,4116.60009765625,74
2026-07-09 07:47:00-04:00,4116.60009765625,4117.5,4116.2998046875,4116.2998046875,50
2026-07-09 07:48:00-04:00,4116.7998046875,4117.7001953125,4116.7998046875,4116.89990234375,32
2026-07-09 07:49:00-04:00,4116.7001953125,4116.7998046875,4114.60009765625,4115.89990234375,191
2026-07-09 07:50:00-04:00,4115.60009765625,4115.7001953125,4114.39990234375,4115.39990234375,54
2026-07-09 07:51:00-04:00,4115.7998046875,4116.7998046875,4115.7001953125,4116.7001953125,25
2026-07-09 07:52:00-04:00,4116.60009765625,4116.60009765625,4115.2001953125,4115.7001953125,19
2026-07-09 07:53:00-04:00,4116.2001953125,4117.7998046875,4116.2001953125,4116.89990234375,46
2026-07-09 07:54:00-04:00,4116.60009765625,4117.10009765625,4116.0,4117.0,21
2026-07-09 07:55:00-04:00,4117.2001953125,4120.10009765625,4116.7001953125,4119.5,88
2026-07-09 07:56:00-04:00,4119.2001953125,4120.39990234375,4118.39990234375,4118.7998046875,94
2026-07-09 07:57:00-04:00,4118.7998046875,4119.0,4117.39990234375,4118.2001953125,56
2026-07-09 07:58:00-04:00,4118.2998046875,4118.39990234375,4117.60009765625,4117.89990234375,45
2026-07-09 07:59:00-04:00,4118.2001953125,4118.7001953125,4117.39990234375,4118.7001953125,40
2026-07-09 08:00:00-04:00,4118.7001953125,4119.39990234375,4117.7998046875,4119.2001953125,47
2026-07-09 08:01:00-04:00,4118.89990234375,4119.39990234375,4118.2001953125,4119.2001953125,31
2026-07-09 08:02:00-04:00,4119.5,4119.7998046875,4118.7001953125,4119.2001953125,31
2026-07-09 08:03:00-04:00,4119.7001953125,4119.7001953125,4115.7998046875,4116.2001953125,57
2026-07-09 08:04:00-04:00,4116.39990234375,4117.89990234375,4115.7001953125,4117.60009765625,41
2026-07-09 08:05:00-04:00,4117.5,4117.60009765625,4115.89990234375,4116.2001953125,14
2026-07-09 08:06:00-04:00,4116.39990234375,4119.10009765625,4116.10009765625,4118.89990234375,45
2026-07-09 08:07:00-04:00,4118.89990234375,4122.60009765625,4118.2001953125,4122.39990234375,240
2026-07-09 08:08:00-04:00,4122.2998046875,4129.0,4121.7998046875,4128.10009765625,613
2026-07-09 08:09:00-04:00,4128.10009765625,4130.2998046875,4125.10009765625,4125.2001953125,254
2026-07-09 08:10:00-04:00,4125.5,4125.89990234375,4123.60009765625,4124.2001953125,161
2026-07-09 08:11:00-04:00,4124.60009765625,4126.7998046875,4124.5,4125.10009765625,58
2026-07-09 08:12:00-04:00,4125.0,4127.0,4124.5,4126.2001953125,87
2026-07-09 08:13:00-04:00,4126.10009765625,4126.60009765625,4124.2998046875,4125.60009765625,140
2026-07-09 08:14:00-04:00,4125.39990234375,4125.39990234375,4122.2001953125,4122.60009765625,55
2026-07-09 08:15:00-04:00,4122.7998046875,4123.2998046875,4121.0,4121.0,184
2026-07-09 08:16:00-04:00,4121.2001953125,4121.7001953125,4120.2998046875,4120.2998046875,140
2026-07-09 08:17:00-04:00,4120.2998046875,4120.89990234375,4119.39990234375,4120.0,67
2026-07-09 08:18:00-04:00,4119.60009765625,4120.7001953125,4119.2001953125,4120.39990234375,24
2026-07-09 08:19:00-04:00,4120.0,4120.5,4117.2998046875,4117.7998046875,130
2026-07-09 08:20:00-04:00,4117.7001953125,4118.60009765625,4115.7001953125,4116.60009765625,201
2026-07-09 08:21:00-04:00,4116.39990234375,4117.5,4115.60009765625,4116.2001953125,130
2026-07-09 08:22:00-04:00,4116.10009765625,4117.39990234375,4115.0,4115.5,219
2026-07-09 08:23:00-04:00,4115.7001953125,4116.89990234375,4114.7998046875,4116.7998046875,107
2026-07-09 08:24:00-04:00,4117.0,4118.2001953125,4116.2001953125,4116.2998046875,237
2026-07-09 08:25:00-04:00,4116.2001953125,4119.2001953125,4116.10009765625,4116.10009765625,193
2026-07-09 08:26:00-04:00,4116.0,4116.7001953125,4114.89990234375,4115.2998046875,80
2026-07-09 08:27:00-04:00,4115.2998046875,4115.89990234375,4115.0,4115.39990234375,30
2026-07-09 08:28:00-04:00,4115.10009765625,4116.2001953125,4114.89990234375,4116.10009765625,45
2026-07-09 08:29:00-04:00,4115.89990234375,4117.2998046875,4115.5,4116.7001953125,42
2026-07-09 08:30:00-04:00,4117.0,4119.0,4116.2998046875,4117.7998046875,180
2026-07-09 08:31:00-04:00,4117.7001953125,4120.39990234375,4117.5,4120.39990234375,120
2026-07-09 08:32:00-04:00,4120.39990234375,4122.2998046875,4119.7998046875,4120.60009765625,142
2026-07-09 08:33:00-04:00,4120.60009765625,4123.7001953125,4120.39990234375,4123.7001953125,301
2026-07-09 08:34:00-04:00,4123.7001953125,4126.0,4121.7001953125,4125.7001953125,301
2026-07-09 08:35:00-04:00,4125.7001953125,4128.7001953125,4124.7998046875,4128.2001953125,448
2026-07-09 08:36:00-04:00,4128.10009765625,4128.7998046875,4126.89990234375,4127.10009765625,202
2026-07-09 08:37:00-04:00,4127.0,4129.39990234375,4126.5,4129.2998046875,299
2026-07-09 08:38:00-04:00,4129.10009765625,4131.39990234375,4126.5,4126.60009765625,1411
2026-07-09 08:39:00-04:00,4127.10009765625,4130.5,4126.7998046875,4130.5,210
2026-07-09 08:40:00-04:00,4130.5,4132.39990234375,4129.2998046875,4129.7001953125,250
2026-07-09 08:41:00-04:00,4129.7001953125,4129.7998046875,4124.39990234375,4124.7998046875,164
2026-07-09 08:42:00-04:00,4124.7998046875,4126.0,4124.10009765625,4125.2998046875,132
2026-07-09 08:43:00-04:00,4125.5,4126.2001953125,4123.5,4123.5,260
2026-07-09 08:44:00-04:00,4123.2998046875,4123.2998046875,4122.2998046875,4122.5,60
2026-07-09 08:45:00-04:00,4122.89990234375,4122.89990234375,4121.2001953125,4122.0,94
2026-07-09 08:46:00-04:00,4121.60009765625,4122.7001953125,4120.5,4120.60009765625,125
2026-07-09 08:47:00-04:00,4121.0,4123.0,4120.7001953125,4121.7998046875,134
2026-07-09 08:48:00-04:00,4121.7001953125,4122.5,4121.2998046875,4122.0,68
2026-07-09 08:49:00-04:00,4122.89990234375,4123.10009765625,4121.60009765625,4122.2001953125,66
2026-07-09 08:50:00-04:00,4122.60009765625,4124.5,4121.89990234375,4124.2001953125,102
2026-07-09 08:51:00-04:00,4124.2998046875,4124.2998046875,4122.60009765625,4122.60009765625,73
2026-07-09 08:52:00-04:00,4122.60009765625,4122.7001953125,4121.0,4121.2001953125,44
2026-07-09 08:53:00-04:00,4120.7998046875,4123.7998046875,4120.5,4123.2998046875,86
2026-07-09 08:54:00-04:00,4123.10009765625,4123.10009765625,4121.2001953125,4121.2001953125,113
2026-07-09 08:55:00-04:00,4121.39990234375,4122.2998046875,4120.2001953125,4120.39990234375,71
2026-07-09 08:56:00-04:00,4120.2998046875,4121.7001953125,4119.2998046875,4120.39990234375,72
2026-07-09 08:57:00-04:00,4120.39990234375,4120.7001953125,4119.7001953125,4120.7001953125,56
2026-07-09 08:58:00-04:00,4120.39990234375,4120.39990234375,4118.10009765625,4118.7001953125,118
2026-07-09 08:59:00-04:00,4118.7001953125,4118.89990234375,4116.7998046875,4117.7001953125,352
2026-07-09 09:00:00-04:00,4117.5,4121.60009765625,4116.60009765625,4121.5,258
2026-07-09 09:01:00-04:00,4121.10009765625,4124.39990234375,4119.5,4119.5,268
2026-07-09 09:02:00-04:00,4119.89990234375,4121.7001953125,4119.60009765625,4120.7998046875,71
2026-07-09 09:03:00-04:00,4120.7998046875,4122.7998046875,4120.7998046875,4121.2998046875,85
2026-07-09 09:04:00-04:00,4121.60009765625,4122.10009765625,4120.7998046875,4121.5,40
2026-07-09 09:05:00-04:00,4121.7998046875,4124.2998046875,4121.0,4122.60009765625,111
2026-07-09 09:06:00-04:00,4123.0,4124.39990234375,4122.39990234375,4123.7001953125,54
2026-07-09 09:07:00-04:00,4123.89990234375,4125.0,4122.2998046875,4122.60009765625,94
2026-07-09 09:08:00-04:00,4123.10009765625,4127.7998046875,4123.10009765625,4126.2001953125,151
2026-07-09 09:09:00-04:00,4126.2998046875,4126.89990234375,4125.2001953125,4126.10009765625,368
2026-07-09 09:10:00-04:00,4126.39990234375,4128.10009765625,4125.89990234375,4126.39990234375,166
2026-07-09 09:11:00-04:00,4126.89990234375,4127.7998046875,4125.89990234375,4127.5,79
2026-07-09 09:12:00-04:00,4127.7998046875,4128.10009765625,4126.0,4126.60009765625,124
2026-07-09 09:13:00-04:00,4126.7001953125,4130.39990234375,4125.7001953125,4129.89990234375,175
2026-07-09 09:14:00-04:00,4129.7001953125,4131.0,4129.5,4130.60009765625,344
2026-07-09 09:15:00-04:00,4130.7001953125,4134.2998046875,4129.60009765625,4131.7001953125,512
2026-07-09 09:16:00-04:00,4131.89990234375,4135.2998046875,4131.89990234375,4135.2998046875,381
2026-07-09 09:17:00-04:00,4135.2001953125,4136.89990234375,4134.10009765625,4135.89990234375,337
2026-07-09 09:18:00-04:00,4135.89990234375,4136.2998046875,4133.0,4133.5,236
2026-07-09 09:19:00-04:00,4133.2998046875,4134.10009765625,4129.10009765625,4130.2001953125,257
2026-07-09 09:20:00-04:00,4130.39990234375,4130.39990234375,4128.39990234375,4129.7998046875,107
2026-07-09 09:21:00-04:00,4129.60009765625,4131.5,4129.39990234375,4130.2998046875,102
2026-07-09 09:22:00-04:00,4130.2998046875,4130.89990234375,4129.60009765625,4130.7998046875,49
2026-07-09 09:23:00-04:00,4130.89990234375,4134.89990234375,4130.89990234375,4134.2998046875,385
2026-07-09 09:24:00-04:00,4134.60009765625,4135.39990234375,4133.5,4135.2998046875,97
2026-07-09 09:25:00-04:00,4135.39990234375,4137.2998046875,4134.89990234375,4134.89990234375,136
2026-07-09 09:26:00-04:00,4134.7001953125,4135.7001953125,4133.7998046875,4134.10009765625,157
2026-07-09 09:27:00-04:00,4134.2001953125,4135.0,4133.2001953125,4133.89990234375,83
2026-07-09 09:28:00-04:00,4133.89990234375,4137.10009765625,4133.89990234375,4136.7998046875,96
2026-07-09 09:29:00-04:00,4136.7998046875,4136.89990234375,4135.7001953125,4135.7001953125,74
2026-07-09 09:30:00-04:00,4136.10009765625,4136.7001953125,4129.39990234375,4131.60009765625,658
2026-07-09 09:31:00-04:00,4131.7001953125,4133.10009765625,4130.5,4131.7001953125,115
2026-07-09 09:32:00-04:00,4131.89990234375,4135.5,4131.89990234375,4135.2998046875,92
2026-07-09 09:33:00-04:00,4135.2001953125,4136.2001953125,4132.39990234375,4133.89990234375,121
2026-07-09 09:34:00-04:00,4135.0,4139.2001953125,4134.89990234375,4135.5,507
2026-07-09 09:35:00-04:00,4135.0,4135.0,4133.2001953125,4134.60009765625,103
2026-07-09 09:36:00-04:00,4134.2001953125,4134.60009765625,4132.10009765625,4133.39990234375,109
2026-07-09 09:37:00-04:00,4133.0,4135.39990234375,4132.7001953125,4133.5,79
2026-07-09 09:38:00-04:00,4133.5,4138.0,4133.2998046875,4136.89990234375,160
2026-07-09 09:39:00-04:00,4136.89990234375,4136.89990234375,4134.10009765625,4134.89990234375,144
2026-07-09 09:40:00-04:00,4135.2001953125,4135.5,4131.7998046875,4132.60009765625,301
2026-07-09 09:41:00-04:00,4133.10009765625,4133.7001953125,4131.7998046875,4132.0,147
2026-07-09 09:42:00-04:00,4132.10009765625,4136.60009765625,4131.89990234375,4135.10009765625,236
2026-07-09 09:43:00-04:00,4135.39990234375,4136.0,4133.39990234375,4134.5,553
2026-07-09 09:44:00-04:00,4135.39990234375,4139.60009765625,4135.0,4137.2998046875,645
2026-07-09 09:45:00-04:00,4137.2998046875,4137.7001953125,4133.2001953125,4135.60009765625,427
2026-07-09 09:46:00-04:00,4135.39990234375,4136.0,4131.2998046875,4132.5,155
2026-07-09 09:47:00-04:00,4132.7998046875,4133.89990234375,4131.89990234375,4132.7001953125,71
2026-07-09 09:48:00-04:00,4133.0,4135.0,4132.2001953125,4132.7001953125,442
2026-07-09 09:49:00-04:00,4132.5,4134.10009765625,4132.2001953125,4133.39990234375,61
2026-07-09 09:50:00-04:00,4133.5,4134.2998046875,4130.7998046875,4130.7998046875,95
2026-07-09 09:51:00-04:00,4130.7998046875,4136.10009765625,4130.7998046875,4135.0,334
2026-07-09 09:52:00-04:00,4135.60009765625,4136.7001953125,4134.7998046875,4134.89990234375,88
2026-07-09 09:53:00-04:00,4135.10009765625,4135.2001953125,4132.39990234375,4133.0,108
2026-07-09 09:54:00-04:00,4132.89990234375,4133.10009765625,4128.60009765625,4128.60009765625,188
2026-07-09 09:55:00-04:00,4128.7001953125,4130.7998046875,4128.2001953125,4129.60009765625,406
2026-07-09 09:56:00-04:00,4129.7001953125,4130.39990234375,4127.89990234375,4128.60009765625,180
2026-07-09 09:57:00-04:00,4128.5,4131.7001953125,4127.60009765625,4130.2998046875,166
2026-07-09 09:58:00-04:00,4130.5,4130.7998046875,4129.2998046875,4129.2998046875,105
2026-07-09 09:59:00-04:00,4129.60009765625,4132.7001953125,4129.60009765625,4131.7001953125,230
2026-07-09 10:00:00-04:00,4131.2998046875,4139.0,4131.10009765625,4137.39990234375,473
2026-07-09 10:01:00-04:00,4137.0,4142.0,4136.5,4138.60009765625,600
2026-07-09 10:02:00-04:00,4138.89990234375,4140.7001953125,4138.7998046875,4140.5,169
2026-07-09 10:03:00-04:00,4140.5,4142.7998046875,4139.0,4142.7001953125,200
2026-07-09 10:04:00-04:00,4142.89990234375,4145.0,4140.7001953125,4141.39990234375,651
2026-07-09 10:05:00-04:00,4141.2998046875,4147.39990234375,4140.89990234375,4144.10009765625,552
2026-07-09 10:06:00-04:00,4143.7998046875,4144.60009765625,4140.0,4140.60009765625,340
2026-07-09 10:07:00-04:00,4140.2001953125,4140.60009765625,4136.7998046875,4138.60009765625,256
2026-07-09 10:08:00-04:00,4138.89990234375,4138.89990234375,4136.89990234375,4137.7998046875,104
2026-07-09 10:09:00-04:00,4137.60009765625,4138.2998046875,4135.60009765625,4136.39990234375,138
2026-07-09 10:10:00-04:00,4136.2998046875,4136.89990234375,4131.10009765625,4131.7001953125,649
2026-07-09 10:11:00-04:00,4131.39990234375,4134.0,4131.2998046875,4133.7998046875,273
2026-07-09 10:12:00-04:00,4133.2998046875,4133.2998046875,4129.7998046875,4131.5,122
2026-07-09 10:13:00-04:00,4131.60009765625,4133.5,4131.0,4132.0,109
2026-07-09 10:14:00-04:00,4132.39990234375,4134.2001953125,4131.7998046875,4131.7998046875,94
2026-07-09 10:15:00-04:00,4132.10009765625,4132.10009765625,4126.2998046875,4126.60009765625,245
2026-07-09 10:16:00-04:00,4126.89990234375,4130.2998046875,4125.5,4129.89990234375,537
2026-07-09 10:17:00-04:00,4130.0,4131.2998046875,4128.2998046875,4128.7001953125,137
2026-07-09 10:18:00-04:00,4128.7998046875,4128.89990234375,4127.7001953125,4128.2998046875,58
2026-07-09 10:19:00-04:00,4128.60009765625,4128.89990234375,4126.5,4127.10009765625,58
2026-07-09 10:20:00-04:00,4126.89990234375,4127.39990234375,4123.7001953125,4124.89990234375,280
2026-07-09 10:21:00-04:00,4125.2001953125,4126.7998046875,4124.2998046875,4126.60009765625,455
2026-07-09 10:22:00-04:00,4126.5,4128.39990234375,4126.0,4128.10009765625,403
2026-07-09 10:23:00-04:00,4128.2998046875,4132.60009765625,4128.2998046875,4132.10009765625,205
2026-07-09 10:24:00-04:00,4131.7998046875,4133.2998046875,4130.7001953125,4132.89990234375,107
2026-07-09 10:25:00-04:00,4133.0,4135.7001953125,4132.5,4133.39990234375,221
2026-07-09 10:26:00-04:00,4133.39990234375,4133.5,4131.2001953125,4131.2998046875,261
2026-07-09 10:27:00-04:00,4131.7001953125,4134.60009765625,4131.7001953125,4133.10009765625,113
2026-07-09 10:28:00-04:00,4133.10009765625,4134.89990234375,4133.0,4134.89990234375,170
2026-07-09 10:29:00-04:00,4135.0,4135.2998046875,4133.7001953125,4134.2998046875,98
2026-07-09 10:30:00-04:00,4134.7001953125,4135.10009765625,4132.60009765625,4133.5,111
2026-07-09 10:31:00-04:00,4133.7001953125,4133.89990234375,4130.7998046875,4131.2001953125,109
2026-07-09 10:32:00-04:00,4131.7001953125,4133.0,4131.5,4132.7998046875,91
2026-07-09 10:33:00-04:00,4133.2001953125,4133.60009765625,4130.89990234375,4131.7001953125,106
2026-07-09 10:34:00-04:00,4131.7001953125,4134.5,4131.5,4134.5,92
2026-07-09 10:35:00-04:00,4134.5,4136.60009765625,4133.60009765625,4136.39990234375,225
2026-07-09 10:36:00-04:00,4136.2998046875,4136.5,4134.10009765625,4134.10009765625,99
2026-07-09 10:37:00-04:00,4134.39990234375,4134.39990234375,4132.2998046875,4133.5,49
2026-07-09 10:38:00-04:00,4133.0,4133.5,4131.60009765625,4132.89990234375,99
2026-07-09 10:39:00-04:00,4132.7998046875,4133.0,4131.10009765625,4133.0,65
2026-07-09 10:40:00-04:00,4132.7001953125,4133.0,4130.39990234375,4131.2998046875,187
2026-07-09 10:41:00-04:00,4131.5,4133.2001953125,4131.2998046875,4131.7998046875,86
2026-07-09 10:42:00-04:00,4131.39990234375,4133.2001953125,4131.39990234375,4133.10009765625,97
2026-07-09 10:43:00-04:00,4133.5,4134.60009765625,4132.7998046875,4132.7998046875,70
2026-07-09 10:44:00-04:00,4132.0,4133.89990234375,4132.0,4133.89990234375,127
2026-07-09 10:45:00-04:00,4134.10009765625,4134.10009765625,4132.5,4133.0,32
2026-07-09 10:46:00-04:00,4133.0,4135.10009765625,4133.0,4134.10009765625,285
2026-07-09 10:47:00-04:00,4133.7998046875,4134.0,4131.0,4131.60009765625,141
2026-07-09 10:48:00-04:00,4131.7001953125,4131.89990234375,4131.0,4131.7001953125,34
2026-07-09 10:49:00-04:00,4131.5,4131.5,4128.5,4129.2001953125,117
2026-07-09 10:50:00-04:00,4129.10009765625,4131.10009765625,4127.89990234375,4130.89990234375,107
2026-07-09 10:51:00-04:00,4131.0,4131.0,4128.7001953125,4129.60009765625,53
2026-07-09 10:52:00-04:00,4129.2998046875,4130.2998046875,4128.7998046875,4130.2998046875,44
2026-07-09 10:53:00-04:00,4129.89990234375,4132.89990234375,4129.5,4132.10009765625,92
2026-07-09 10:54:00-04:00,4131.89990234375,4134.0,4131.2998046875,4134.0,266
2026-07-09 10:55:00-04:00,4133.7001953125,4134.10009765625,4132.89990234375,4134.0,249
2026-07-09 10:56:00-04:00,4134.2001953125,4135.10009765625,4132.7001953125,4132.89990234375,61
2026-07-09 10:57:00-04:00,4133.0,4134.7998046875,4132.7001953125,4134.0,38
2026-07-09 10:58:00-04:00,4133.7998046875,4138.0,4133.7998046875,4136.7001953125,126
2026-07-09 10:59:00-04:00,4137.10009765625,4138.0,4136.5,4137.2998046875,134
2026-07-09 11:00:00-04:00,4137.7001953125,4138.39990234375,4136.5,4136.7001953125,160
2026-07-09 11:01:00-04:00,4137.0,4137.2001953125,4136.0,4136.5,113
2026-07-09 11:02:00-04:00,4136.2998046875,4138.39990234375,4134.89990234375,4134.89990234375,115
2026-07-09 11:03:00-04:00,4135.2001953125,4136.10009765625,4135.2001953125,4136.10009765625,83
2026-07-09 11:04:00-04:00,4136.10009765625,4136.60009765625,4135.2001953125,4136.2001953125,42
2026-07-09 11:05:00-04:00,4136.7001953125,4138.0,4135.10009765625,4135.7998046875,56
2026-07-09 11:06:00-04:00,4135.7998046875,4140.7001953125,4135.60009765625,4140.2998046875,223
2026-07-09 11:07:00-04:00,4140.2001953125,4140.7998046875,4137.7001953125,4138.10009765625,73
2026-07-09 11:08:00-04:00,4138.10009765625,4138.2998046875,4136.60009765625,4137.2001953125,71
2026-07-09 11:09:00-04:00,4137.10009765625,4137.7001953125,4136.39990234375,4136.60009765625,128
2026-07-09 11:10:00-04:00,4136.5,4137.2001953125,4135.60009765625,4135.7998046875,100
2026-07-09 11:11:00-04:00,4135.5,4135.7998046875,4134.60009765625,4135.2001953125,61
2026-07-09 11:12:00-04:00,4135.5,4136.60009765625,4135.10009765625,4135.7001953125,124
2026-07-09 11:13:00-04:00,4135.39990234375,4136.2998046875,4135.10009765625,4135.89990234375,44
2026-07-09 11:14:00-04:00,4135.60009765625,4135.60009765625,4134.7001953125,4135.2998046875,32
2026-07-09 11:15:00-04:00,4135.10009765625,4137.7001953125,4135.10009765625,4135.7001953125,109
2026-07-09 11:16:00-04:00,4135.7998046875,4137.5,4135.7001953125,4136.60009765625,209
2026-07-09 11:17:00-04:00,4136.39990234375,4136.39990234375,4134.7998046875,4136.0,144
2026-07-09 11:18:00-04:00,4136.0,4137.0,4135.2001953125,4137.0,94
2026-07-09 11:19:00-04:00,4136.89990234375,4137.39990234375,4136.60009765625,4137.0,62
2026-07-09 11:20:00-04:00,4137.0,4137.10009765625,4134.60009765625,4136.7001953125,71
2026-07-09 11:21:00-04:00,4136.5,4137.7998046875,4136.10009765625,4136.39990234375,59
2026-07-09 11:22:00-04:00,4136.10009765625,4137.5,4136.0,4137.10009765625,40
2026-07-09 11:23:00-04:00,4137.39990234375,4138.7998046875,4137.39990234375,4138.2001953125,125
2026-07-09 11:24:00-04:00,4138.2001953125,4140.5,4138.2001953125,4139.7001953125,130
2026-07-09 11:25:00-04:00,4139.2998046875,4139.5,4138.39990234375,4138.7998046875,70
2026-07-09 11:26:00-04:00,4138.7001953125,4140.2998046875,4138.7001953125,4139.2998046875,216
2026-07-09 11:27:00-04:00,4139.5,4140.60009765625,4138.39990234375,4139.7001953125,105
2026-07-09 11:28:00-04:00,4139.2998046875,4139.60009765625,4138.10009765625,4138.5,119
2026-07-09 11:29:00-04:00,4138.60009765625,4139.2001953125,4136.89990234375,4137.7001953125,108
2026-07-09 11:30:00-04:00,4137.5,4138.2998046875,4136.7998046875,4136.89990234375,53
2026-07-09 11:31:00-04:00,4136.7998046875,4138.5,4136.7998046875,4136.89990234375,133
2026-07-09 11:32:00-04:00,4136.89990234375,4137.7001953125,4136.10009765625,4137.60009765625,72
2026-07-09 11:33:00-04:00,4137.5,4137.5,4136.2998046875,4136.89990234375,69
2026-07-09 11:34:00-04:00,4137.0,4137.2001953125,4136.10009765625,4137.0,42
2026-07-09 11:35:00-04:00,4136.89990234375,4137.7001953125,4136.7001953125,4136.7001953125,53
2026-07-09 11:36:00-04:00,4136.7998046875,4137.60009765625,4136.7998046875,4137.10009765625,79
2026-07-09 11:37:00-04:00,4137.39990234375,4137.89990234375,4137.10009765625,4137.10009765625,119
2026-07-09 11:38:00-04:00,4136.60009765625,4140.0,4136.60009765625,4139.7998046875,778
2026-07-09 11:39:00-04:00,4139.7998046875,4140.39990234375,4138.7001953125,4140.39990234375,77
2026-07-09 11:40:00-04:00,4140.5,4140.5,4139.60009765625,4139.60009765625,46
2026-07-09 11:41:00-04:00,4139.7998046875,4140.7998046875,4139.10009765625,4139.89990234375,105
2026-07-09 11:42:00-04:00,4139.89990234375,4140.0,4138.39990234375,4138.89990234375,38
2026-07-09 11:43:00-04:00,4139.0,4141.2998046875,4139.0,4140.7998046875,80
2026-07-09 11:44:00-04:00,4140.2001953125,4140.89990234375,4139.39990234375,4139.89990234375,120
2026-07-09 11:45:00-04:00,4140.2001953125,4141.89990234375,4139.89990234375,4141.89990234375,87
2026-07-09 11:46:00-04:00,4141.89990234375,4143.0,4141.2001953125,4142.0,121
2026-07-09 11:47:00-04:00,4141.7001953125,4141.7001953125,4139.5,4140.0,75
2026-07-09 11:48:00-04:00,4139.7998046875,4140.2001953125,4139.5,4139.60009765625,46
2026-07-09 11:49:00-04:00,4139.89990234375,4140.7998046875,4138.5,4139.2001953125,57
2026-07-09 11:50:00-04:00,4139.2001953125,4140.0,4138.2998046875,4139.60009765625,98
2026-07-09 11:51:00-04:00,4139.60009765625,4141.5,4139.0,4140.89990234375,88
2026-07-09 11:52:00-04:00,4141.10009765625,4141.2998046875,4139.7998046875,4139.7998046875,40
2026-07-09 11:53:00-04:00,4139.60009765625,4139.60009765625,4138.0,4138.0,57
2026-07-09 11:54:00-04:00,4137.60009765625,4137.7001953125,4136.10009765625,4137.2001953125,373
2026-07-09 11:55:00-04:00,4137.2998046875,4137.60009765625,4136.60009765625,4136.60009765625,37
2026-07-09 11:56:00-04:00,4136.7001953125,4138.39990234375,4136.7001953125,4137.89990234375,168
2026-07-09 11:57:00-04:00,4137.7998046875,4137.89990234375,4137.2001953125,4137.5,164
2026-07-09 11:58:00-04:00,4137.5,4137.7001953125,4137.2998046875,4137.39990234375,16
2026-07-09 11:59:00-04:00,4137.2001953125,4137.2001953125,4136.2001953125,4136.39990234375,61
2026-07-09 12:00:00-04:00,4136.7998046875,4137.89990234375,4136.7001953125,4137.60009765625,55
2026-07-09 12:01:00-04:00,4137.2998046875,4139.2998046875,4137.2998046875,4139.2998046875,54
2026-07-09 12:02:00-04:00,4139.5,4139.5,4138.10009765625,4138.7001953125,40
2026-07-09 12:03:00-04:00,4138.60009765625,4138.60009765625,4137.5,4137.5,42
2026-07-09 12:04:00-04:00,4137.60009765625,4137.7001953125,4135.39990234375,4135.7998046875,67
2026-07-09 12:05:00-04:00,4135.89990234375,4136.7998046875,4135.60009765625,4136.2001953125,36
2026-07-09 12:06:00-04:00,4136.2001953125,4137.10009765625,4136.2001953125,4137.0,59
2026-07-09 12:07:00-04:00,4136.89990234375,4137.7001953125,4136.0,4137.7001953125,30
2026-07-09 12:08:00-04:00,4137.39990234375,4137.89990234375,4137.2001953125,4137.89990234375,27
2026-07-09 12:09:00-04:00,4138.10009765625,4138.89990234375,4138.0,4138.7001953125,44
2026-07-09 12:10:00-04:00,4138.7998046875,4140.0,4138.5,4140.0,28
2026-07-09 12:11:00-04:00,4140.2998046875,4140.7001953125,4139.39990234375,4139.7001953125,56
2026-07-09 12:12:00-04:00,4139.7001953125,4139.7001953125,4137.60009765625,4138.60009765625,139
2026-07-09 12:13:00-04:00,4138.7001953125,4141.39990234375,4138.2998046875,4140.89990234375,163
2026-07-09 12:14:00-04:00,4140.89990234375,4141.0,4139.39990234375,4140.2001953125,43
2026-07-09 12:15:00-04:00,4140.10009765625,4142.2998046875,4139.60009765625,4142.0,60
2026-07-09 12:16:00-04:00,4142.5,4143.60009765625,4141.89990234375,4141.89990234375,100
2026-07-09 12:17:00-04:00,4142.10009765625,4142.2001953125,4141.0,4142.0,105
2026-07-09 12:18:00-04:00,4141.89990234375,4142.10009765625,4140.0,4140.0,41
2026-07-09 12:19:00-04:00,4139.89990234375,4140.2998046875,4139.10009765625,4139.60009765625,60
2026-07-09 12:20:00-04:00,4139.5,4140.2001953125,4138.7998046875,4140.10009765625,83
2026-07-09 12:21:00-04:00,4139.7001953125,4141.39990234375,4139.60009765625,4141.10009765625,45
2026-07-09 12:22:00-04:00,4141.10009765625,4141.5,4139.7998046875,4140.39990234375,82
2026-07-09 12:23:00-04:00,4140.2001953125,4140.5,4139.2001953125,4139.2998046875,65
2026-07-09 12:24:00-04:00,4139.39990234375,4140.5,4139.2001953125,4140.5,50
2026-07-09 12:25:00-04:00,4140.5,4140.7001953125,4139.2998046875,4139.39990234375,70
2026-07-09 12:26:00-04:00,4138.7998046875,4139.7998046875,4138.7998046875,4139.2001953125,15
2026-07-09 12:27:00-04:00,4139.10009765625,4140.2001953125,4139.10009765625,4140.2001953125,68
2026-07-09 12:28:00-04:00,4140.2998046875,4141.0,4140.2001953125,4141.0,58
2026-07-09 12:29:00-04:00,4141.2001953125,4142.89990234375,4141.10009765625,4142.89990234375,87
2026-07-09 12:30:00-04:00,4142.2998046875,4144.39990234375,4142.10009765625,4143.89990234375,213
2026-07-09 12:31:00-04:00,4143.5,4145.7001953125,4143.5,4145.2998046875,366
2026-07-09 12:32:00-04:00,4145.60009765625,4148.39990234375,4144.60009765625,4147.7998046875,300
2026-07-09 12:33:00-04:00,4148.10009765625,4148.10009765625,4146.0,4146.0,62
2026-07-09 12:34:00-04:00,4146.2998046875,4146.2998046875,4144.5,4145.0,64
2026-07-09 12:35:00-04:00,4144.39990234375,4145.7001953125,4143.7001953125,4144.2001953125,81
2026-07-09 12:36:00-04:00,4144.2001953125,4145.0,4144.2001953125,4144.7001953125,81
2026-07-09 12:37:00-04:00,4144.5,4145.0,4143.7998046875,4144.2998046875,40
2026-07-09 12:38:00-04:00,4143.89990234375,4144.0,4142.2001953125,4142.2998046875,48
2026-07-09 12:39:00-04:00,4142.5,4142.89990234375,4141.2001953125,4142.7001953125,104
2026-07-09 12:40:00-04:00,4142.5,4142.7998046875,4142.10009765625,4142.39990234375,41
2026-07-09 12:41:00-04:00,4142.2001953125,4143.7001953125,4141.60009765625,4142.7001953125,127
2026-07-09 12:42:00-04:00,4142.7001953125,4143.5,4142.2998046875,4143.10009765625,27
2026-07-09 12:43:00-04:00,4142.7998046875,4143.89990234375,4142.7001953125,4143.60009765625,43
2026-07-09 12:44:00-04:00,4143.7001953125,4144.0,4143.2001953125,4143.7001953125,28
2026-07-09 12:45:00-04:00,4143.2998046875,4144.2001953125,4142.60009765625,4142.60009765625,65
2026-07-09 12:46:00-04:00,4142.5,4142.7998046875,4141.89990234375,4142.60009765625,35
2026-07-09 12:47:00-04:00,4142.7001953125,4143.2001953125,4141.89990234375,4141.89990234375,75
2026-07-09 12:48:00-04:00,4142.0,4142.7998046875,4142.0,4142.7998046875,35
2026-07-09 12:49:00-04:00,4142.89990234375,4143.0,4140.7001953125,4140.7001953125,71
2026-07-09 12:50:00-04:00,4141.0,4142.0,4140.60009765625,4142.0,75
2026-07-09 12:51:00-04:00,4142.2001953125,4142.2998046875,4141.10009765625,4141.7998046875,65
2026-07-09 12:52:00-04:00,4141.89990234375,4142.10009765625,4141.2998046875,4142.10009765625,37
2026-07-09 12:53:00-04:00,4142.10009765625,4142.10009765625,4141.0,4141.5,19
2026-07-09 12:54:00-04:00,4141.7998046875,4143.5,4141.7998046875,4143.2001953125,56
2026-07-09 12:55:00-04:00,4142.89990234375,4142.89990234375,4141.2998046875,4141.7001953125,129
2026-07-09 12:56:00-04:00,4141.7001953125,4142.2998046875,4141.7001953125,4141.89990234375,15
2026-07-09 12:57:00-04:00,4142.2001953125,4142.2001953125,4139.5,4139.89990234375,97
2026-07-09 12:58:00-04:00,4139.7001953125,4140.0,4138.7001953125,4139.2998046875,1280
2026-07-09 12:59:00-04:00,4139.39990234375,4139.7998046875,4137.7001953125,4137.7001953125,165
2026-07-09 13:00:00-04:00,4137.7998046875,4138.2001953125,4135.60009765625,4136.0,563
2026-07-09 13:01:00-04:00,4136.2998046875,4137.89990234375,4136.2998046875,4136.7001953125,164
2026-07-09 13:02:00-04:00,4137.0,4138.5,4136.7998046875,4138.2998046875,46
2026-07-09 13:03:00-04:00,4138.2998046875,4138.2998046875,4137.0,4137.89990234375,40
2026-07-09 13:04:00-04:00,4137.7001953125,4138.2998046875,4137.2998046875,4138.2001953125,44
2026-07-09 13:05:00-04:00,4138.0,4138.60009765625,4137.2001953125,4138.0,54
2026-07-09 13:06:00-04:00,4137.60009765625,4137.7001953125,4136.7001953125,4137.0,43
2026-07-09 13:07:00-04:00,4137.39990234375,4138.10009765625,4136.2998046875,4136.89990234375,597
2026-07-09 13:08:00-04:00,4136.7998046875,4137.60009765625,4136.5,4137.39990234375,63
2026-07-09 13:09:00-04:00,4137.5,4137.89990234375,4137.10009765625,4137.39990234375,39
2026-07-09 13:10:00-04:00,4137.60009765625,4137.60009765625,4135.7001953125,4135.7001953125,139
2026-07-09 13:11:00-04:00,4136.10009765625,4136.60009765625,4135.2998046875,4136.2001953125,37
2026-07-09 13:12:00-04:00,4136.2998046875,4136.89990234375,4136.2998046875,4136.89990234375,28
2026-07-09 13:13:00-04:00,4136.7001953125,4137.2998046875,4135.5,4137.10009765625,78
2026-07-09 13:14:00-04:00,4137.2998046875,4138.0,4136.7998046875,4137.2001953125,112
2026-07-09 13:15:00-04:00,4136.7998046875,4137.7998046875,4135.39990234375,4135.7001953125,134
2026-07-09 13:16:00-04:00,4135.7998046875,4136.2998046875,4135.2001953125,4135.5,126
2026-07-09 13:17:00-04:00,4135.5,4135.5,4134.5,4135.2998046875,147
2026-07-09 13:18:00-04:00,4135.39990234375,4136.2001953125,4135.39990234375,4135.89990234375,71
2026-07-09 13:19:00-04:00,4135.7998046875,4136.5,4135.7998046875,4136.5,210
2026-07-09 13:20:00-04:00,4136.2998046875,4136.89990234375,4135.7998046875,4136.60009765625,145
2026-07-09 13:21:00-04:00,4136.7998046875,4137.10009765625,4135.2998046875,4136.0,139
2026-07-09 13:22:00-04:00,4136.0,4136.0,4135.39990234375,4135.5,110
2026-07-09 13:23:00-04:00,4135.89990234375,4137.5,4135.89990234375,4137.2998046875,113
2026-07-09 13:24:00-04:00,4137.5,4138.5,4137.2998046875,4138.0,159
2026-07-09 13:25:00-04:00,4138.0,4138.0,4135.89990234375,4136.5,162
2026-07-09 13:26:00-04:00,4136.60009765625,4137.2998046875,4136.2001953125,4136.7998046875,122
2026-07-09 13:27:00-04:00,4136.89990234375,4138.0,4136.89990234375,4137.0,184
2026-07-09 13:28:00-04:00,4137.0,4138.89990234375,4137.0,4138.89990234375,145
2026-07-09 13:29:00-04:00,4138.89990234375,4141.89990234375,4138.2998046875,4141.60009765625,2765
2026-07-09 13:30:00-04:00,4141.7001953125,4144.0,4141.2998046875,4142.0,1533
2026-07-09 13:31:00-04:00,4142.0,4143.0,4141.5,4142.7998046875,82
2026-07-09 13:32:00-04:00,4142.89990234375,4142.89990234375,4139.39990234375,4139.39990234375,182
2026-07-09 13:33:00-04:00,4139.2998046875,4140.7998046875,4139.10009765625,4140.60009765625,67
2026-07-09 13:34:00-04:00,4140.5,4140.60009765625,4139.10009765625,4139.7998046875,55
2026-07-09 13:35:00-04:00,4139.7001953125,4141.39990234375,4139.5,4141.10009765625,77
2026-07-09 13:36:00-04:00,4141.0,4141.7001953125,4141.0,4141.0,42
2026-07-09 13:37:00-04:00,4140.89990234375,4143.0,4140.7998046875,4142.7998046875,100
2026-07-09 13:38:00-04:00,4142.7001953125,4144.10009765625,4142.39990234375,4143.89990234375,50
2026-07-09 13:39:00-04:00,4144.10009765625,4144.2998046875,4142.89990234375,4143.2001953125,58
2026-07-09 13:40:00-04:00,4143.2998046875,4143.2998046875,4142.2001953125,4142.39990234375,40
2026-07-09 13:41:00-04:00,4142.39990234375,4143.10009765625,4142.0,4142.7998046875,36
2026-07-09 13:42:00-04:00,4143.10009765625,4143.7998046875,4142.89990234375,4143.2998046875,49
2026-07-09 13:43:00-04:00,4143.2001953125,4143.5,4142.5,4142.7001953125,31
2026-07-09 13:44:00-04:00,4142.7998046875,4143.10009765625,4141.7001953125,4142.0,68
2026-07-09 13:45:00-04:00,4141.89990234375,4143.5,4141.7998046875,4143.10009765625,25
2026-07-09 13:46:00-04:00,4143.10009765625,4145.0,4143.10009765625,4144.5,1208
2026-07-09 13:47:00-04:00,4145.0,4147.39990234375,4145.0,4147.10009765625,140
2026-07-09 13:48:00-04:00,4147.39990234375,4148.2998046875,4146.60009765625,4147.2001953125,155
2026-07-09 13:49:00-04:00,4147.10009765625,4147.2001953125,4145.39990234375,4145.89990234375,55
2026-07-09 13:50:00-04:00,4146.2998046875,4146.7998046875,4144.89990234375,4146.7998046875,81
2026-07-09 13:51:00-04:00,4146.7998046875,4147.10009765625,4146.0,4146.60009765625,58
2026-07-09 13:52:00-04:00,4147.2001953125,4147.5,4145.39990234375,4145.89990234375,101
2026-07-09 13:53:00-04:00,4146.10009765625,4146.2001953125,4145.10009765625,4145.39990234375,49
2026-07-09 13:54:00-04:00,4145.60009765625,4145.89990234375,4145.10009765625,4145.2998046875,46
2026-07-09 13:55:00-04:00,4145.2001953125,4145.39990234375,4144.60009765625,4145.10009765625,37
2026-07-09 13:56:00-04:00,4144.89990234375,4146.0,4144.7998046875,4145.0,70
2026-07-09 13:57:00-04:00,4144.89990234375,4145.5,4144.60009765625,4145.2001953125,33
2026-07-09 13:58:00-04:00,4145.5,4146.2001953125,4144.0,4146.2001953125,116
2026-07-09 13:59:00-04:00,4146.2998046875,4146.89990234375,4146.0,4146.10009765625,41
2026-07-09 14:00:00-04:00,4145.89990234375,4146.5,4145.0,4145.0,191
2026-07-09 14:01:00-04:00,4144.89990234375,4145.39990234375,4144.10009765625,4144.2001953125,40
2026-07-09 14:02:00-04:00,4144.0,4144.0,4142.7998046875,4142.89990234375,116
2026-07-09 14:03:00-04:00,4142.7998046875,4142.7998046875,4142.0,4142.2998046875,50
2026-07-09 14:04:00-04:00,4142.10009765625,4142.10009765625,4140.7001953125,4141.2001953125,65
2026-07-09 14:05:00-04:00,4141.2001953125,4141.2001953125,4139.39990234375,4140.0,108
2026-07-09 14:06:00-04:00,4140.2001953125,4141.7001953125,4140.0,4141.10009765625,68
2026-07-09 14:07:00-04:00,4141.2001953125,4142.10009765625,4141.2001953125,4141.5,18
2026-07-09 14:08:00-04:00,4141.2998046875,4141.2998046875,4141.0,4141.2998046875,17
2026-07-09 14:09:00-04:00,4141.2998046875,4141.2998046875,4140.2998046875,4140.7001953125,30
2026-07-09 14:10:00-04:00,4140.5,4140.5,4137.60009765625,4137.89990234375,100
2026-07-09 14:11:00-04:00,4138.10009765625,4138.39990234375,4137.10009765625,4137.89990234375,86
2026-07-09 14:12:00-04:00,4138.10009765625,4138.7998046875,4137.60009765625,4137.60009765625,42
2026-07-09 14:13:00-04:00,4137.5,4138.2998046875,4137.39990234375,4138.2998046875,36
2026-07-09 14:14:00-04:00,4138.5,4139.2001953125,4138.2998046875,4138.7001953125,32
2026-07-09 14:15:00-04:00,4138.39990234375,4138.39990234375,4136.89990234375,4137.60009765625,99
2026-07-09 14:16:00-04:00,4137.2998046875,4137.7001953125,4136.7998046875,4137.2001953125,160
2026-07-09 14:17:00-04:00,4136.7998046875,4137.2001953125,4136.5,4137.2001953125,153
2026-07-09 14:18:00-04:00,4136.89990234375,4137.39990234375,4136.39990234375,4136.89990234375,18
2026-07-09 14:19:00-04:00,4137.5,4137.7001953125,4136.5,4137.2001953125,61
2026-07-09 14:20:00-04:00,4136.89990234375,4137.10009765625,4135.2998046875,4135.5,94
2026-07-09 14:21:00-04:00,4135.2001953125,4136.5,4135.2001953125,4136.10009765625,41
2026-07-09 14:22:00-04:00,4136.39990234375,4136.39990234375,4134.5,4134.5,33
2026-07-09 14:23:00-04:00,4134.60009765625,4134.7998046875,4133.5,4134.2998046875,114
2026-07-09 14:24:00-04:00,4134.2998046875,4135.39990234375,4134.2998046875,4134.5,34
2026-07-09 14:25:00-04:00,4134.39990234375,4134.60009765625,4132.7001953125,4133.39990234375,58
2026-07-09 14:26:00-04:00,4133.89990234375,4134.2001953125,4133.0,4134.0,68
2026-07-09 14:27:00-04:00,4134.0,4134.0,4133.39990234375,4133.7998046875,15
2026-07-09 14:28:00-04:00,4133.89990234375,4134.89990234375,4133.39990234375,4133.60009765625,40
2026-07-09 14:29:00-04:00,4133.7001953125,4134.39990234375,4133.5,4133.7998046875,34
2026-07-09 14:30:00-04:00,4133.7998046875,4134.2001953125,4132.60009765625,4132.89990234375,29
2026-07-09 14:31:00-04:00,4133.10009765625,4133.5,4132.5,4133.0,41
2026-07-09 14:32:00-04:00,4133.10009765625,4133.2998046875,4132.7001953125,4133.0,11
2026-07-09 14:33:00-04:00,4133.0,4134.2998046875,4133.0,4134.2998046875,40
2026-07-09 14:34:00-04:00,4134.2001953125,4134.7998046875,4133.60009765625,4133.60009765625,21
2026-07-09 14:35:00-04:00,4134.10009765625,4134.10009765625,4133.0,4133.2998046875,14
2026-07-09 14:36:00-04:00,4133.39990234375,4133.60009765625,4132.89990234375,4132.89990234375,7
2026-07-09 14:37:00-04:00,4132.89990234375,4132.89990234375,4131.10009765625,4131.60009765625,172
2026-07-09 14:38:00-04:00,4131.7998046875,4132.0,4131.2998046875,4131.89990234375,14
2026-07-09 14:39:00-04:00,4131.60009765625,4132.7001953125,4131.60009765625,4132.10009765625,20
2026-07-09 14:40:00-04:00,4132.0,4134.2001953125,4131.89990234375,4132.7998046875,58
2026-07-09 14:41:00-04:00,4132.89990234375,4134.7998046875,4132.89990234375,4134.0,75
2026-07-09 14:42:00-04:00,4134.0,4134.89990234375,4134.0,4134.7998046875,46
2026-07-09 14:43:00-04:00,4134.60009765625,4134.7001953125,4134.0,4134.2998046875,22
2026-07-09 14:44:00-04:00,4134.5,4135.2001953125,4134.2001953125,4135.2001953125,82
2026-07-09 14:45:00-04:00,4135.2001953125,4135.2998046875,4133.7998046875,4134.10009765625,18
2026-07-09 14:46:00-04:00,4134.10009765625,4134.2998046875,4133.5,4134.2998046875,17
2026-07-09 14:47:00-04:00,4134.2001953125,4134.60009765625,4134.2001953125,4134.39990234375,15
2026-07-09 14:48:00-04:00,4134.2001953125,4134.2001953125,4133.5,4134.10009765625,43
2026-07-09 14:49:00-04:00,4133.7998046875,4133.89990234375,4133.39990234375,4133.89990234375,17
2026-07-09 14:50:00-04:00,4134.2001953125,4134.2001953125,4133.39990234375,4133.5,19
2026-07-09 14:51:00-04:00,4133.7001953125,4134.10009765625,4132.10009765625,4133.0,102
2026-07-09 14:52:00-04:00,4133.10009765625,4133.10009765625,4132.7998046875,4133.0,11
2026-07-09 14:53:00-04:00,4132.89990234375,4133.0,4132.60009765625,4133.0,10
2026-07-09 14:54:00-04:00,4133.2001953125,4133.7001953125,4133.2001953125,4133.7001953125,13
2026-07-09 14:55:00-04:00,4133.7001953125,4133.7998046875,4132.60009765625,4133.0,34
2026-07-09 14:56:00-04:00,4133.10009765625,4134.7998046875,4133.10009765625,4134.7998046875,26
2026-07-09 14:57:00-04:00,4134.7001953125,4134.7998046875,4134.2001953125,4134.60009765625,24
2026-07-09 14:58:00-04:00,4134.2998046875,4135.0,4134.2998046875,4134.89990234375,14
2026-07-09 14:59:00-04:00,4134.7998046875,4134.89990234375,4134.2001953125,4134.5,19
2026-07-09 15:00:00-04:00,4134.10009765625,4136.2001953125,4134.10009765625,4135.7001953125,65
2026-07-09 15:01:00-04:00,4135.7001953125,4136.89990234375,4135.0,4135.0,68
2026-07-09 15:02:00-04:00,4134.7001953125,4134.7998046875,4134.0,4134.0,38
2026-07-09 15:03:00-04:00,4134.2998046875,4134.7998046875,4133.2998046875,4133.5,14
2026-07-09 15:04:00-04:00,4133.60009765625,4134.5,4133.10009765625,4134.5,33
2026-07-09 15:05:00-04:00,4134.39990234375,4134.5,4133.2998046875,4134.0,20
2026-07-09 15:06:00-04:00,4134.10009765625,4135.0,4134.10009765625,4134.39990234375,28
2026-07-09 15:07:00-04:00,4134.10009765625,4135.2001953125,4134.10009765625,4135.0,12
2026-07-09 15:08:00-04:00,4134.7001953125,4134.89990234375,4134.2998046875,4134.89990234375,14
2026-07-09 15:09:00-04:00,4134.2001953125,4134.2001953125,4133.0,4133.2001953125,23
2026-07-09 15:10:00-04:00,4133.0,4133.5,4133.0,4133.39990234375,22
2026-07-09 15:11:00-04:00,4133.39990234375,4134.10009765625,4133.39990234375,4133.89990234375,35
2026-07-09 15:12:00-04:00,4133.7001953125,4133.7998046875,4133.60009765625,4133.7001953125,6
2026-07-09 15:13:00-04:00,4133.39990234375,4133.5,4132.60009765625,4133.0,27
2026-07-09 15:14:00-04:00,4133.2998046875,4134.10009765625,4133.2998046875,4134.10009765625,15
2026-07-09 15:15:00-04:00,4134.2998046875,4134.60009765625,4133.89990234375,4134.60009765625,11
2026-07-09 15:16:00-04:00,4134.7998046875,4135.0,4133.5,4133.7998046875,32
2026-07-09 15:17:00-04:00,4133.7998046875,4133.7998046875,4133.10009765625,4133.5,12
2026-07-09 15:18:00-04:00,4133.7001953125,4134.2001953125,4133.7001953125,4133.89990234375,12
2026-07-09 15:19:00-04:00,4134.2998046875,4134.2998046875,4133.39990234375,4133.39990234375,10
2026-07-09 15:20:00-04:00,4133.7998046875,4133.7998046875,4133.2001953125,4133.2998046875,23
2026-07-09 15:21:00-04:00,4133.7001953125,4134.0,4133.2998046875,4133.60009765625,10
2026-07-09 15:22:00-04:00,4132.7998046875,4133.2001953125,4132.0,4133.0,143
2026-07-09 15:23:00-04:00,4132.89990234375,4133.39990234375,4132.7998046875,4133.39990234375,5
2026-07-09 15:24:00-04:00,4132.89990234375,4132.89990234375,4131.5,4131.60009765625,75
2026-07-09 15:25:00-04:00,4131.39990234375,4131.7998046875,4130.7001953125,4130.7001953125,37
2026-07-09 15:26:00-04:00,4130.7001953125,4131.2998046875,4130.39990234375,4130.60009765625,28
2026-07-09 15:27:00-04:00,4130.60009765625,4131.2998046875,4130.5,4130.7998046875,31
2026-07-09 15:28:00-04:00,4130.7001953125,4130.89990234375,4130.39990234375,4130.60009765625,25
2026-07-09 15:29:00-04:00,4130.60009765625,4130.7998046875,4130.2998046875,4130.60009765625,23
2026-07-09 15:30:00-04:00,4130.60009765625,4130.7998046875,4129.2001953125,4129.60009765625,111
2026-07-09 15:31:00-04:00,4129.7001953125,4130.7998046875,4129.7001953125,4130.2001953125,63
2026-07-09 15:32:00-04:00,4130.10009765625,4131.10009765625,4130.0,4130.89990234375,32
2026-07-09 15:33:00-04:00,4131.0,4131.39990234375,4130.10009765625,4130.39990234375,60
2026-07-09 15:34:00-04:00,4130.7001953125,4130.89990234375,4129.7998046875,4130.5,18
2026-07-09 15:35:00-04:00,4130.2998046875,4131.2998046875,4130.2998046875,4131.2001953125,33
2026-07-09 15:36:00-04:00,4131.2998046875,4132.2998046875,4131.0,4132.10009765625,72
2026-07-09 15:37:00-04:00,4131.89990234375,4131.89990234375,4130.10009765625,4130.39990234375,50
2026-07-09 15:38:00-04:00,4130.2001953125,4130.2001953125,4129.7998046875,4130.2001953125,25
2026-07-09 15:39:00-04:00,4130.2001953125,4130.2001953125,4129.7998046875,4130.2001953125,22
2026-07-09 15:40:00-04:00,4130.2001953125,4131.2001953125,4130.2001953125,4130.60009765625,32
2026-07-09 15:41:00-04:00,4130.7001953125,4130.7998046875,4129.7001953125,4129.89990234375,36
2026-07-09 15:42:00-04:00,4129.7998046875,4129.7998046875,4129.2001953125,4129.5,28
2026-07-09 15:43:00-04:00,4129.60009765625,4129.7998046875,4128.2998046875,4129.60009765625,88
2026-07-09 15:44:00-04:00,4129.7998046875,4130.39990234375,4129.7998046875,4130.0,36
2026-07-09 15:45:00-04:00,4130.2001953125,4130.39990234375,4129.7998046875,4130.2001953125,20
2026-07-09 15:46:00-04:00,4130.2998046875,4131.39990234375,4130.2001953125,4130.5,45
2026-07-09 15:47:00-04:00,4130.7001953125,4131.2001953125,4130.39990234375,4130.39990234375,19
2026-07-09 15:48:00-04:00,4130.7998046875,4131.39990234375,4130.7998046875,4131.2998046875,9
2026-07-09 15:49:00-04:00,4131.7998046875,4132.10009765625,4131.0,4132.0,37
2026-07-09 15:50:00-04:00,4131.7998046875,4131.89990234375,4130.2998046875,4131.7998046875,56
2026-07-09 15:51:00-04:00,4132.2001953125,4133.39990234375,4131.7001953125,4132.5,101
2026-07-09 15:52:00-04:00,4132.5,4132.7001953125,4132.10009765625,4132.2998046875,41
2026-07-09 15:53:00-04:00,4132.2998046875,4132.2998046875,4131.39990234375,4131.7001953125,17
2026-07-09 15:54:00-04:00,4131.89990234375,4132.0,4130.89990234375,4131.2998046875,68
2026-07-09 15:55:00-04:00,4131.7001953125,4132.2998046875,4130.2001953125,4131.7998046875,84
2026-07-09 15:56:00-04:00,4131.60009765625,4131.7001953125,4130.7998046875,4131.39990234375,69
2026-07-09 15:57:00-04:00,4131.2001953125,4131.7998046875,4131.0,4131.7998046875,32
2026-07-09 15:58:00-04:00,4131.60009765625,4132.2001953125,4131.60009765625,4132.0,25
2026-07-09 15:59:00-04:00,4132.2001953125,4132.60009765625,4131.2998046875,4132.39990234375,93
2026-07-09 16:00:00-04:00,4132.10009765625,4133.89990234375,4132.0,4133.0,98
2026-07-09 16:01:00-04:00,4133.10009765625,4133.10009765625,4131.60009765625,4132.10009765625,27
2026-07-09 16:02:00-04:00,4132.2001953125,4132.2001953125,4131.10009765625,4131.10009765625,10
2026-07-09 16:03:00-04:00,4131.39990234375,4131.7001953125,4131.2998046875,4131.60009765625,32
2026-07-09 16:04:00-04:00,4131.2998046875,4132.2001953125,4131.2001953125,4132.0,11
2026-07-09 16:05:00-04:00,4131.7998046875,4131.7998046875,4131.60009765625,4131.60009765625,2
2026-07-09 16:06:00-04:00,4131.60009765625,4131.60009765625,4131.2001953125,4131.2998046875,14
2026-07-09 16:07:00-04:00,4131.5,4132.2998046875,4131.5,4131.5,25
2026-07-09 16:08:00-04:00,4131.60009765625,4132.0,4131.60009765625,4132.0,4
2026-07-09 16:09:00-04:00,4132.10009765625,4132.2998046875,4131.5,4131.5,13
2026-07-09 16:10:00-04:00,4131.5,4131.5,4130.7001953125,4131.0,10
2026-07-09 16:11:00-04:00,4131.10009765625,4131.60009765625,4131.10009765625,4131.2001953125,9
2026-07-09 16:12:00-04:00,4131.2001953125,4131.2001953125,4131.2001953125,4131.2001953125,1
2026-07-09 16:13:00-04:00,4131.2998046875,4131.2998046875,4130.2998046875,4130.89990234375,15
2026-07-09 16:14:00-04:00,4131.2001953125,4131.2001953125,4131.2001953125,4131.2001953125,1
2026-07-09 16:15:00-04:00,4131.2001953125,4131.7001953125,4131.2001953125,4131.60009765625,7
2026-07-09 16:16:00-04:00,4130.89990234375,4131.10009765625,4130.7001953125,4131.10009765625,7
2026-07-09 16:17:00-04:00,4131.5,4131.5,4130.7998046875,4131.10009765625,5
2026-07-09 16:18:00-04:00,4130.89990234375,4131.2998046875,4130.89990234375,4131.10009765625,5
2026-07-09 16:19:00-04:00,4131.39990234375,4131.7001953125,4131.39990234375,4131.5,6
2026-07-09 16:20:00-04:00,4131.39990234375,4131.39990234375,4131.39990234375,4131.39990234375,3
2026-07-09 16:21:00-04:00,4132.0,4132.2998046875,4131.60009765625,4131.60009765625,14
2026-07-09 16:22:00-04:00,4131.5,4131.60009765625,4131.5,4131.60009765625,2
2026-07-09 16:23:00-04:00,4131.5,4131.5,4131.0,4131.0,11
2026-07-09 16:24:00-04:00,4131.10009765625,4131.2998046875,4131.0,4131.2998046875,5
2026-07-09 16:25:00-04:00,4131.39990234375,4131.60009765625,4131.39990234375,4131.60009765625,2
2026-07-09 16:26:00-04:00,4131.2001953125,4131.2001953125,4130.2998046875,4130.2998046875,18
2026-07-09 16:27:00-04:00,4130.5,4130.5,4130.0,4130.2998046875,11
2026-07-09 16:28:00-04:00,4130.10009765625,4130.60009765625,4130.10009765625,4130.60009765625,5
2026-07-09 16:29:00-04:00,4130.7001953125,4130.89990234375,4130.60009765625,4130.60009765625,4
2026-07-09 16:30:00-04:00,4130.39990234375,4131.10009765625,4130.2998046875,4131.10009765625,13
2026-07-09 16:31:00-04:00,4131.0,4131.10009765625,4130.60009765625,4130.60009765625,9
2026-07-09 16:32:00-04:00,4130.39990234375,4131.0,4130.2998046875,4130.89990234375,16
2026-07-09 16:33:00-04:00,4130.7998046875,4132.7998046875,4130.7998046875,4132.2998046875,180
2026-07-09 16:34:00-04:00,4132.2998046875,4133.60009765625,4132.2001953125,4133.2998046875,26
2026-07-09 16:35:00-04:00,4133.5,4133.7998046875,4133.2001953125,4133.7998046875,18
2026-07-09 16:36:00-04:00,4134.0,4135.10009765625,4134.0,4134.60009765625,23
2026-07-09 16:37:00-04:00,4134.39990234375,4134.7998046875,4134.10009765625,4134.10009765625,13
2026-07-09 16:38:00-04:00,4134.2001953125,4134.2001953125,4133.89990234375,4133.89990234375,6
2026-07-09 16:39:00-04:00,4133.7001953125,4133.7001953125,4133.10009765625,4133.2998046875,12
2026-07-09 16:40:00-04:00,4133.39990234375,4133.60009765625,4133.0,4133.60009765625,15
2026-07-09 16:41:00-04:00,4133.89990234375,4133.89990234375,4133.7001953125,4133.7001953125,18
2026-07-09 16:42:00-04:00,4134.10009765625,4134.2998046875,4133.60009765625,4133.60009765625,7
2026-07-09 16:43:00-04:00,4133.89990234375,4133.89990234375,4133.60009765625,4133.60009765625,2
2026-07-09 16:44:00-04:00,4133.7001953125,4134.39990234375,4133.5,4133.89990234375,31
2026-07-09 16:45:00-04:00,4133.5,4133.5,4133.0,4133.39990234375,15
2026-07-09 16:46:00-04:00,4133.39990234375,4133.39990234375,4132.89990234375,4132.89990234375,22
2026-07-09 16:47:00-04:00,4132.5,4133.10009765625,4132.2998046875,4132.7998046875,9
2026-07-09 16:48:00-04:00,4132.7998046875,4133.2001953125,4132.7998046875,4133.2001953125,5
2026-07-09 16:49:00-04:00,4132.7998046875,4132.89990234375,4132.7998046875,4132.89990234375,3
2026-07-09 16:50:00-04:00,4132.7001953125,4133.39990234375,4132.60009765625,4132.7998046875,12
2026-07-09 16:51:00-04:00,4132.89990234375,4133.2001953125,4132.89990234375,4133.10009765625,11
2026-07-09 16:52:00-04:00,4132.5,4132.7001953125,4132.5,4132.7001953125,2
2026-07-09 16:53:00-04:00,4133.10009765625,4133.39990234375,4133.0,4133.0,5
2026-07-09 16:54:00-04:00,4132.89990234375,4133.39990234375,4132.89990234375,4133.39990234375,5
2026-07-09 16:55:00-04:00,4133.0,4134.0,4133.0,4134.0,35
2026-07-09 16:56:00-04:00,4133.5,4133.5,4133.10009765625,4133.10009765625,5
2026-07-09 16:57:00-04:00,4133.0,4133.39990234375,4133.0,4133.0,23
2026-07-09 16:58:00-04:00,4133.10009765625,4133.2001953125,4132.39990234375,4132.39990234375,24
2026-07-09 16:59:00-04:00,4133.2001953125,4133.2001953125,4132.5,4132.60009765625,31
2026-07-09 18:00:00-04:00,4135.39990234375,4135.5,4133.60009765625,4133.7001953125,0
2026-07-09 18:01:00-04:00,4134.2001953125,4134.39990234375,4133.60009765625,4134.10009765625,10
2026-07-09 18:02:00-04:00,4134.5,4135.10009765625,4134.5,4134.60009765625,11
2026-07-09 18:03:00-04:00,4133.89990234375,4134.2001953125,4133.39990234375,4133.7998046875,15
2026-07-09 18:04:00-04:00,4133.5,4134.2001953125,4133.5,4134.2001953125,13
2026-07-09 18:05:00-04:00,4134.2001953125,4134.39990234375,4133.0,4134.0,14
2026-07-09 18:06:00-04:00,4134.39990234375,4135.60009765625,4134.2001953125,4135.0,12
2026-07-09 18:07:00-04:00,4135.5,4136.7998046875,4133.89990234375,4134.89990234375,109
2026-07-09 18:08:00-04:00,4134.2998046875,4134.7998046875,4133.2998046875,4133.7001953125,31
2026-07-09 18:09:00-04:00,4133.2001953125,4133.2001953125,4131.60009765625,4131.60009765625,53
2026-07-09 18:10:00-04:00,4131.89990234375,4133.0,4131.89990234375,4133.0,13
2026-07-09 18:11:00-04:00,4132.60009765625,4132.60009765625,4131.7001953125,4132.2001953125,19
2026-07-09 18:12:00-04:00,4132.10009765625,4132.10009765625,4130.7998046875,4131.5,36
2026-07-09 18:13:00-04:00,4131.60009765625,4132.60009765625,4131.2998046875,4132.60009765625,15
2026-07-09 18:14:00-04:00,4132.5,4132.7998046875,4132.5,4132.7998046875,4
2026-07-09 18:15:00-04:00,4132.5,4133.2998046875,4132.5,4132.7998046875,7
2026-07-09 18:16:00-04:00,4133.0,4134.0,4133.0,4133.60009765625,10
2026-07-09 18:17:00-04:00,4133.5,4133.7001953125,4133.0,4133.0,11
2026-07-09 18:19:00-04:00,4132.39990234375,4132.39990234375,4132.39990234375,4132.39990234375,1
2026-07-09 18:20:00-04:00,4132.10009765625,4132.10009765625,4131.5,4131.89990234375,9
2026-07-09 18:21:00-04:00,4132.10009765625,4132.2001953125,4132.0,4132.0,3
2026-07-09 18:22:00-04:00,4132.60009765625,4132.7001953125,4132.2998046875,4132.39990234375,5
2026-07-09 18:23:00-04:00,4132.2998046875,4132.2998046875,4132.10009765625,4132.2998046875,4
2026-07-09 18:24:00-04:00,4132.7998046875,4132.7998046875,4132.5,4132.7998046875,3
2026-07-09 18:25:00-04:00,4132.60009765625,4132.60009765625,4131.60009765625,4131.60009765625,11
2026-07-09 18:26:00-04:00,4132.0,4133.7001953125,4131.7001953125,4133.60009765625,29
2026-07-09 18:27:00-04:00,4133.0,4133.2998046875,4132.0,4132.60009765625,20
2026-07-09 18:28:00-04:00,4132.2998046875,4133.5,4131.89990234375,4131.89990234375,21
2026-07-09 18:29:00-04:00,4132.2998046875,4133.10009765625,4132.2998046875,4132.60009765625,14
2026-07-09 18:30:00-04:00,4132.10009765625,4132.2998046875,4132.10009765625,4132.2998046875,2
2026-07-09 18:31:00-04:00,4132.39990234375,4132.39990234375,4132.0,4132.0,3
2026-07-09 18:32:00-04:00,4132.60009765625,4132.7998046875,4132.39990234375,4132.7998046875,3
2026-07-09 18:33:00-04:00,4132.0,4132.39990234375,4131.5,4132.39990234375,15
2026-07-09 18:34:00-04:00,4132.7998046875,4133.10009765625,4131.7001953125,4132.2001953125,27
2026-07-09 18:35:00-04:00,4132.10009765625,4133.10009765625,4131.7998046875,4132.89990234375,23
2026-07-09 18:36:00-04:00,4132.7001953125,4133.5,4132.2001953125,4133.5,19
2026-07-09 18:37:00-04:00,4133.60009765625,4133.89990234375,4132.10009765625,4132.89990234375,23
2026-07-09 18:38:00-04:00,4133.2998046875,4133.39990234375,4132.39990234375,4133.10009765625,26
2026-07-09 18:39:00-04:00,4133.2001953125,4134.0,4132.7001953125,4133.0,34
2026-07-09 18:40:00-04:00,4132.7998046875,4132.7998046875,4131.89990234375,4132.0,18
2026-07-09 18:41:00-04:00,4132.2001953125,4133.2998046875,4131.7998046875,4131.7998046875,36
2026-07-09 18:42:00-04:00,4131.60009765625,4132.2001953125,4131.5,4132.2001953125,15
2026-07-09 18:43:00-04:00,4132.10009765625,4132.7001953125,4132.0,4132.5,15
2026-07-09 18:44:00-04:00,4132.2998046875,4132.7998046875,4131.89990234375,4132.7001953125,21
2026-07-09 18:45:00-04:00,4133.0,4133.10009765625,4132.39990234375,4133.10009765625,10
2026-07-09 18:46:00-04:00,4133.2001953125,4133.2001953125,4132.7001953125,4132.7001953125,5
2026-07-09 18:47:00-04:00,4132.60009765625,4132.60009765625,4132.10009765625,4132.2001953125,12
2026-07-09 18:48:00-04:00,4132.2001953125,4132.2001953125,4131.0,4131.0,47
2026-07-09 18:49:00-04:00,4131.2998046875,4131.5,4131.2998046875,4131.5,3
2026-07-09 18:50:00-04:00,4131.5,4131.5,4130.5,4130.89990234375,38
2026-07-09 18:51:00-04:00,4131.2001953125,4131.5,4130.7998046875,4130.7998046875,12
2026-07-09 18:52:00-04:00,4131.2998046875,4132.2001953125,4130.89990234375,4131.10009765625,80
2026-07-09 18:53:00-04:00,4131.60009765625,4132.10009765625,4131.60009765625,4131.7001953125,8
2026-07-09 18:54:00-04:00,4131.5,4132.0,4131.2998046875,4132.0,14
2026-07-09 18:55:00-04:00,4131.89990234375,4131.89990234375,4131.5,4131.5,6
2026-07-09 18:56:00-04:00,4132.10009765625,4133.0,4131.10009765625,4131.10009765625,30
2026-07-09 18:57:00-04:00,4131.5,4131.7001953125,4131.5,4131.7001953125,2
2026-07-09 18:58:00-04:00,4131.7998046875,4131.89990234375,4131.5,4131.5,4
2026-07-09 18:59:00-04:00,4131.5,4131.5,4130.7001953125,4130.7001953125,17
2026-07-09 19:00:00-04:00,4130.7998046875,4131.2001953125,4130.10009765625,4131.2001953125,28
2026-07-09 19:01:00-04:00,4131.7001953125,4132.0,4131.60009765625,4131.60009765625,6
2026-07-09 19:02:00-04:00,4130.89990234375,4130.89990234375,4130.89990234375,4130.89990234375,1
2026-07-09 19:03:00-04:00,4131.10009765625,4131.60009765625,4130.7998046875,4131.5,11
2026-07-09 19:04:00-04:00,4131.5,4132.2001953125,4131.5,4132.2001953125,9
2026-07-09 19:05:00-04:00,4132.2998046875,4132.2998046875,4131.89990234375,4132.10009765625,9
2026-07-09 19:06:00-04:00,4132.60009765625,4133.39990234375,4132.60009765625,4133.2001953125,31
2026-07-09 19:07:00-04:00,4133.10009765625,4133.2998046875,4133.10009765625,4133.10009765625,3
2026-07-09 19:09:00-04:00,4133.2998046875,4133.89990234375,4133.2001953125,4133.2001953125,10
2026-07-09 19:10:00-04:00,4133.10009765625,4133.10009765625,4132.0,4132.2998046875,12
2026-07-09 19:11:00-04:00,4133.0,4133.0,4132.2998046875,4132.89990234375,13
2026-07-09 19:12:00-04:00,4132.5,4132.89990234375,4132.5,4132.7998046875,3
2026-07-09 19:13:00-04:00,4133.60009765625,4133.60009765625,4133.60009765625,4133.60009765625,2
2026-07-09 19:14:00-04:00,4133.7001953125,4133.7001953125,4133.0,4133.0,7
2026-07-09 19:15:00-04:00,4133.2998046875,4133.5,4133.2998046875,4133.39990234375,5
2026-07-09 19:18:00-04:00,4133.60009765625,4133.60009765625,4133.60009765625,4133.60009765625,1
2026-07-09 19:20:00-04:00,4133.7001953125,4134.2001953125,4133.7001953125,4134.10009765625,13
2026-07-09 19:21:00-04:00,4134.0,4134.2001953125,4134.0,4134.2001953125,2
2026-07-09 19:22:00-04:00,4133.7998046875,4133.7998046875,4132.7001953125,4132.7001953125,17
2026-07-09 19:23:00-04:00,4133.10009765625,4133.10009765625,4131.60009765625,4131.7998046875,24
2026-07-09 19:24:00-04:00,4131.60009765625,4131.7001953125,4131.0,4131.39990234375,38
2026-07-09 19:25:00-04:00,4131.5,4131.5,4130.2998046875,4130.7998046875,28
2026-07-09 19:26:00-04:00,4131.10009765625,4132.2001953125,4130.39990234375,4132.10009765625,40
2026-07-09 19:27:00-04:00,4131.89990234375,4132.2998046875,4130.7998046875,4130.7998046875,48
2026-07-09 19:28:00-04:00,4131.39990234375,4132.39990234375,4131.39990234375,4131.89990234375,8
2026-07-09 19:29:00-04:00,4132.39990234375,4132.39990234375,4131.39990234375,4131.39990234375,14
2026-07-09 19:30:00-04:00,4131.2001953125,4131.2001953125,4131.2001953125,4131.2001953125,1
2026-07-09 19:31:00-04:00,4131.2998046875,4131.2998046875,4130.5,4130.7998046875,8
2026-07-09 19:32:00-04:00,4130.89990234375,4131.5,4130.89990234375,4131.39990234375,10
2026-07-09 19:33:00-04:00,4131.2001953125,4131.2001953125,4131.10009765625,4131.10009765625,2
2026-07-09 19:34:00-04:00,4131.5,4131.5,4130.10009765625,4131.0,10
2026-07-09 19:35:00-04:00,4131.2001953125,4132.10009765625,4131.2001953125,4131.89990234375,8
2026-07-09 19:38:00-04:00,4131.89990234375,4131.89990234375,4131.2998046875,4131.2998046875,9
2026-07-09 19:39:00-04:00,4132.0,4132.10009765625,4132.0,4132.10009765625,3
2026-07-09 19:40:00-04:00,4132.0,4132.0,4132.0,4132.0,1
2026-07-09 19:41:00-04:00,4131.89990234375,4132.2998046875,4131.89990234375,4132.2001953125,8
2026-07-09 19:43:00-04:00,4132.0,4132.0,4132.0,4132.0,1
2026-07-09 19:44:00-04:00,4132.0,4132.0,4132.0,4132.0,1
2026-07-09 19:45:00-04:00,4132.0,4132.0,4130.89990234375,4131.7001953125,13
2026-07-09 19:46:00-04:00,4132.0,4133.89990234375,4132.0,4133.2001953125,47
2026-07-09 19:47:00-04:00,4133.2998046875,4133.39990234375,4133.0,4133.2998046875,9
2026-07-09 19:48:00-04:00,4132.7998046875,4133.2001953125,4132.7001953125,4133.2001953125,8
2026-07-09 19:49:00-04:00,4133.2001953125,4133.39990234375,4133.0,4133.2001953125,12
2026-07-09 19:50:00-04:00,4133.5,4133.7001953125,4133.0,4133.7001953125,10
2026-07-09 19:51:00-04:00,4133.7001953125,4133.7001953125,4133.5,4133.5,2
2026-07-09 19:52:00-04:00,4133.60009765625,4133.60009765625,4133.2998046875,4133.2998046875,5
2026-07-09 19:53:00-04:00,4132.39990234375,4132.39990234375,4131.89990234375,4132.2001953125,11
2026-07-09 19:55:00-04:00,4132.10009765625,4132.10009765625,4132.10009765625,4132.10009765625,3
2026-07-09 19:56:00-04:00,4132.7998046875,4132.89990234375,4132.60009765625,4132.7001953125,4
2026-07-09 19:57:00-04:00,4132.60009765625,4133.10009765625,4132.60009765625,4132.7998046875,8
2026-07-09 19:58:00-04:00,4132.7001953125,4132.7001953125,4132.10009765625,4132.10009765625,3
2026-07-09 19:59:00-04:00,4132.10009765625,4132.60009765625,4132.10009765625,4132.60009765625,8
2026-07-09 20:00:00-04:00,4132.5,4133.39990234375,4129.7998046875,4129.89990234375,106
2026-07-09 20:01:00-04:00,4129.7001953125,4130.39990234375,4129.2998046875,4130.10009765625,16
2026-07-09 20:02:00-04:00,4130.10009765625,4130.2001953125,4129.0,4129.89990234375,55
2026-07-09 20:03:00-04:00,4129.7001953125,4132.60009765625,4129.7001953125,4132.60009765625,46
2026-07-09 20:04:00-04:00,4132.89990234375,4134.60009765625,4132.2001953125,4133.10009765625,58
2026-07-09 20:05:00-04:00,4133.0,4134.2001953125,4132.7001953125,4133.7001953125,37
2026-07-09 20:06:00-04:00,4133.39990234375,4134.0,4133.0,4133.39990234375,17
2026-07-09 20:07:00-04:00,4133.2998046875,4133.2998046875,4130.2998046875,4131.7001953125,47
2026-07-09 20:08:00-04:00,4131.2001953125,4131.2001953125,4130.39990234375,4130.89990234375,8
2026-07-09 20:09:00-04:00,4131.10009765625,4132.10009765625,4130.89990234375,4132.10009765625,16
2026-07-09 20:10:00-04:00,4132.5,4132.5,4131.10009765625,4131.10009765625,3
2026-07-09 20:11:00-04:00,4130.7998046875,4131.89990234375,4130.7001953125,4130.7001953125,22
2026-07-09 20:12:00-04:00,4130.60009765625,4131.5,4130.60009765625,4131.5,8
2026-07-09 20:13:00-04:00,4131.2998046875,4131.2998046875,4130.39990234375,4130.89990234375,5
2026-07-09 20:14:00-04:00,4131.10009765625,4131.89990234375,4131.10009765625,4131.89990234375,3
2026-07-09 20:15:00-04:00,4132.39990234375,4132.39990234375,4131.60009765625,4131.60009765625,12
2026-07-09 20:16:00-04:00,4131.7001953125,4131.7001953125,4130.39990234375,4130.39990234375,4
2026-07-09 20:17:00-04:00,4130.89990234375,4132.39990234375,4130.89990234375,4132.2001953125,10
2026-07-09 20:18:00-04:00,4132.60009765625,4132.89990234375,4130.0,4130.0,48
2026-07-09 20:19:00-04:00,4130.5,4130.60009765625,4130.2998046875,4130.2998046875,5
2026-07-09 20:20:00-04:00,4130.2001953125,4130.2001953125,4128.60009765625,4129.60009765625,38
2026-07-09 20:21:00-04:00,4130.10009765625,4131.2001953125,4130.0,4131.10009765625,35
2026-07-09 20:22:00-04:00,4130.89990234375,4131.0,4130.7001953125,4130.7998046875,12
2026-07-09 20:23:00-04:00,4130.7001953125,4131.5,4130.5,4130.5,36
2026-07-09 20:24:00-04:00,4130.2001953125,4130.2998046875,4128.0,4128.5,164
2026-07-09 20:25:00-04:00,4128.10009765625,4129.10009765625,4127.7998046875,4128.0,29
2026-07-09 20:26:00-04:00,4127.7998046875,4128.7001953125,4127.7998046875,4128.60009765625,15
2026-07-09 20:27:00-04:00,4128.7001953125,4128.7001953125,4127.2998046875,4127.60009765625,27
2026-07-09 20:28:00-04:00,4127.10009765625,4128.2001953125,4125.7998046875,4126.7998046875,120
2026-07-09 20:29:00-04:00,4126.60009765625,4128.89990234375,4126.5,4128.60009765625,42
2026-07-09 20:30:00-04:00,4128.39990234375,4128.39990234375,4127.5,4127.5,21
2026-07-09 20:31:00-04:00,4127.5,4127.5,4125.39990234375,4125.89990234375,27
2026-07-09 20:32:00-04:00,4126.39990234375,4126.5,4125.2998046875,4125.7998046875,35
2026-07-09 20:33:00-04:00,4125.89990234375,4126.2998046875,4124.2001953125,4124.60009765625,42
2026-07-09 20:34:00-04:00,4124.89990234375,4125.60009765625,4123.5,4124.7998046875,102
2026-07-09 20:35:00-04:00,4125.2001953125,4126.89990234375,4124.89990234375,4126.89990234375,42
2026-07-09 20:36:00-04:00,4126.7998046875,4128.39990234375,4126.7998046875,4128.39990234375,32
2026-07-09 20:37:00-04:00,4128.7998046875,4128.7998046875,4127.39990234375,4127.7001953125,16
2026-07-09 20:38:00-04:00,4127.89990234375,4129.0,4127.2001953125,4128.2998046875,33
2026-07-09 20:39:00-04:00,4128.2998046875,4128.39990234375,4128.0,4128.39990234375,6
2026-07-09 20:40:00-04:00,4127.7001953125,4128.10009765625,4127.39990234375,4127.39990234375,21
2026-07-09 20:41:00-04:00,4127.60009765625,4129.2001953125,4127.5,4128.89990234375,14
2026-07-09 20:42:00-04:00,4128.7001953125,4131.39990234375,4128.7001953125,4131.0,73
2026-07-09 20:43:00-04:00,4131.0,4132.7001953125,4131.0,4132.2001953125,62
2026-07-09 20:44:00-04:00,4132.2001953125,4133.0,4131.7998046875,4132.39990234375,33
2026-07-09 20:45:00-04:00,4132.0,4135.0,4132.0,4133.7998046875,75
2026-07-09 20:46:00-04:00,4134.10009765625,4134.10009765625,4131.2998046875,4131.39990234375,61
2026-07-09 20:47:00-04:00,4132.0,4132.89990234375,4131.39990234375,4132.7001953125,22
2026-07-09 20:48:00-04:00,4132.89990234375,4133.60009765625,4131.60009765625,4131.60009765625,38
2026-07-09 20:49:00-04:00,4131.7001953125,4133.60009765625,4131.7001953125,4133.60009765625,10
2026-07-09 20:50:00-04:00,4134.0,4136.39990234375,4133.5,4135.60009765625,130
2026-07-09 20:51:00-04:00,4135.10009765625,4135.10009765625,4133.2998046875,4133.5,27
2026-07-09 20:52:00-04:00,4133.2001953125,4133.5,4132.39990234375,4132.39990234375,29
2026-07-09 20:53:00-04:00,4132.2001953125,4132.2001953125,4130.2998046875,4131.2001953125,64
2026-07-09 20:54:00-04:00,4131.2001953125,4132.10009765625,4130.7998046875,4131.89990234375,14
2026-07-09 20:55:00-04:00,4132.0,4135.0,4132.0,4134.7998046875,25
2026-07-09 20:56:00-04:00,4135.10009765625,4135.39990234375,4134.2001953125,4134.5,27
2026-07-09 20:57:00-04:00,4135.0,4137.7998046875,4135.0,4136.0,88
2026-07-09 20:58:00-04:00,4135.7998046875,4136.89990234375,4134.89990234375,4136.39990234375,60
2026-07-09 20:59:00-04:00,4136.39990234375,4137.7001953125,4135.39990234375,4135.7998046875,179
2026-07-09 21:00:00-04:00,4136.2001953125,4140.7998046875,4135.60009765625,4138.0,402
2026-07-09 21:01:00-04:00,4137.2998046875,4138.60009765625,4135.7998046875,4136.39990234375,91
2026-07-09 21:02:00-04:00,4136.7998046875,4137.2001953125,4132.60009765625,4133.10009765625,85
2026-07-09 21:03:00-04:00,4133.39990234375,4133.39990234375,4129.39990234375,4130.10009765625,101
2026-07-09 21:04:00-04:00,4130.2001953125,4132.39990234375,4130.2001953125,4131.39990234375,57
2026-07-09 21:05:00-04:00,4131.39990234375,4132.39990234375,4129.10009765625,4129.2001953125,106
2026-07-09 21:06:00-04:00,4129.2001953125,4130.2001953125,4128.10009765625,4129.5,53
2026-07-09 21:07:00-04:00,4129.60009765625,4131.60009765625,4128.89990234375,4131.60009765625,48
2026-07-09 21:08:00-04:00,4131.2001953125,4133.10009765625,4131.2001953125,4133.10009765625,31
2026-07-09 21:09:00-04:00,4133.10009765625,4135.89990234375,4132.7001953125,4135.2001953125,81
2026-07-09 21:10:00-04:00,4134.5,4136.0,4133.7998046875,4134.5,33
2026-07-09 21:11:00-04:00,4134.10009765625,4134.5,4131.2001953125,4132.39990234375,25
2026-07-09 21:12:00-04:00,4132.7001953125,4135.2998046875,4132.7001953125,4134.5,15
2026-07-09 21:13:00-04:00,4134.5,4134.5,4133.7998046875,4134.10009765625,17
2026-07-09 21:14:00-04:00,4133.7001953125,4134.0,4133.60009765625,4134.0,23
2026-07-09 21:15:00-04:00,4134.5,4136.7998046875,4134.39990234375,4135.2001953125,62
2026-07-09 21:16:00-04:00,4135.89990234375,4136.7001953125,4133.60009765625,4133.7001953125,54
2026-07-09 21:17:00-04:00,4133.7001953125,4134.2001953125,4132.7998046875,4134.2001953125,9
2026-07-09 21:18:00-04:00,4134.5,4136.7001953125,4134.5,4135.7998046875,34
2026-07-09 21:19:00-04:00,4136.39990234375,4137.5,4135.2998046875,4135.39990234375,108
2026-07-09 21:20:00-04:00,4135.2001953125,4135.39990234375,4134.7998046875,4134.7998046875,5
2026-07-09 21:21:00-04:00,4134.89990234375,4135.2001953125,4132.0,4132.0,41
2026-07-09 21:22:00-04:00,4131.7998046875,4132.2998046875,4131.0,4132.10009765625,45
2026-07-09 21:23:00-04:00,4131.89990234375,4131.89990234375,4130.0,4131.39990234375,44
2026-07-09 21:24:00-04:00,4131.89990234375,4132.7001953125,4131.7001953125,4132.10009765625,10
2026-07-09 21:25:00-04:00,4132.2001953125,4132.39990234375,4129.89990234375,4130.10009765625,44
2026-07-09 21:26:00-04:00,4130.5,4132.5,4130.5,4131.2001953125,42
2026-07-09 21:27:00-04:00,4131.2998046875,4132.2001953125,4131.0,4131.2998046875,9
2026-07-09 21:28:00-04:00,4131.39990234375,4131.39990234375,4131.2998046875,4131.2998046875,8
2026-07-09 21:29:00-04:00,4130.89990234375,4130.89990234375,4130.5,4130.7998046875,8
2026-07-09 21:30:00-04:00,4131.7001953125,4133.2001953125,4131.7001953125,4132.10009765625,33
2026-07-09 21:31:00-04:00,4132.0,4132.0,4130.39990234375,4131.60009765625,14
2026-07-09 21:32:00-04:00,4132.0,4132.0,4129.10009765625,4129.10009765625,82
2026-07-09 21:33:00-04:00,4129.10009765625,4129.5,4128.2001953125,4128.7998046875,44
2026-07-09 21:34:00-04:00,4129.10009765625,4129.7001953125,4128.7998046875,4129.0,14
2026-07-09 21:35:00-04:00,4129.2001953125,4130.2998046875,4129.10009765625,4130.2998046875,30
2026-07-09 21:36:00-04:00,4129.2001953125,4129.2001953125,4127.60009765625,4129.0,47
2026-07-09 21:37:00-04:00,4129.39990234375,4129.7001953125,4128.7001953125,4129.39990234375,18
2026-07-09 21:38:00-04:00,4129.39990234375,4129.5,4125.39990234375,4126.10009765625,211
2026-07-09 21:39:00-04:00,4125.7998046875,4126.89990234375,4118.60009765625,4122.2998046875,668
2026-07-09 21:40:00-04:00,4122.2001953125,4123.60009765625,4121.5,4122.0,122
2026-07-09 21:41:00-04:00,4121.7998046875,4122.2001953125,4119.39990234375,4121.39990234375,215
2026-07-09 21:42:00-04:00,4121.10009765625,4123.0,4119.60009765625,4120.2998046875,68
2026-07-09 21:43:00-04:00,4120.0,4121.7001953125,4120.0,4121.39990234375,47
2026-07-09 21:44:00-04:00,4121.2001953125,4122.39990234375,4121.10009765625,4121.10009765625,32
2026-07-09 21:45:00-04:00,4121.39990234375,4121.39990234375,4118.2998046875,4119.0,79
2026-07-09 21:46:00-04:00,4119.89990234375,4120.5,4119.39990234375,4120.5,17
2026-07-09 21:47:00-04:00,4120.2998046875,4124.2998046875,4120.2998046875,4124.0,229
2026-07-09 21:48:00-04:00,4123.5,4123.7001953125,4121.39990234375,4121.39990234375,43
2026-07-09 21:49:00-04:00,4122.0,4123.10009765625,4121.7998046875,4122.7001953125,34
2026-07-09 21:50:00-04:00,4123.7998046875,4123.7998046875,4122.7998046875,4123.10009765625,32
2026-07-09 21:51:00-04:00,4123.0,4125.10009765625,4123.0,4123.89990234375,15
2026-07-09 21:52:00-04:00,4123.7001953125,4125.5,4123.7001953125,4125.2998046875,29
2026-07-09 21:53:00-04:00,4125.0,4126.0,4124.7001953125,4126.0,21
2026-07-09 21:54:00-04:00,4125.7998046875,4126.7998046875,4125.10009765625,4125.39990234375,47
2026-07-09 21:55:00-04:00,4125.7998046875,4127.2998046875,4125.0,4125.10009765625,24
2026-07-09 21:56:00-04:00,4126.2998046875,4128.0,4126.0,4127.7001953125,17
2026-07-09 21:57:00-04:00,4128.0,4130.7998046875,4128.0,4128.5,114
2026-07-09 21:58:00-04:00,4128.60009765625,4128.7001953125,4127.39990234375,4128.2998046875,30
2026-07-09 21:59:00-04:00,4127.7001953125,4127.7001953125,4126.60009765625,4127.10009765625,37
2026-07-09 22:00:00-04:00,4126.7001953125,4127.0,4125.89990234375,4126.0,43
2026-07-09 22:01:00-04:00,4127.0,4128.0,4126.7001953125,4126.89990234375,15
2026-07-09 22:02:00-04:00,4127.10009765625,4127.5,4126.7001953125,4126.7001953125,18
2026-07-09 22:03:00-04:00,4127.2001953125,4127.89990234375,4127.2001953125,4127.7998046875,21
2026-07-09 22:04:00-04:00,4127.5,4128.60009765625,4127.0,4128.39990234375,9
2026-07-09 22:05:00-04:00,4127.2001953125,4128.5,4127.2001953125,4128.5,12
2026-07-09 22:06:00-04:00,4128.5,4129.60009765625,4128.2998046875,4128.89990234375,49
2026-07-09 22:07:00-04:00,4128.89990234375,4130.60009765625,4128.89990234375,4130.10009765625,25
2026-07-09 22:08:00-04:00,4130.10009765625,4136.10009765625,4129.60009765625,4133.60009765625,206
2026-07-09 22:09:00-04:00,4134.2998046875,4134.89990234375,4133.2998046875,4134.5,69
2026-07-09 22:10:00-04:00,4134.0,4136.0,4133.89990234375,4135.7998046875,38
2026-07-09 22:11:00-04:00,4136.0,4138.60009765625,4135.89990234375,4137.7998046875,124
2026-07-09 22:12:00-04:00,4138.10009765625,4138.10009765625,4135.0,4135.7998046875,176
2026-07-09 22:13:00-04:00,4136.2001953125,4136.5,4134.39990234375,4135.0,41
2026-07-09 22:14:00-04:00,4134.2998046875,4135.10009765625,4133.7001953125,4134.7001953125,24
2026-07-09 22:15:00-04:00,4134.7998046875,4135.10009765625,4133.5,4135.10009765625,46
2026-07-09 22:16:00-04:00,4135.0,4136.2001953125,4135.0,4136.2001953125,29
2026-07-09 22:17:00-04:00,4135.7998046875,4137.5,4135.7998046875,4136.39990234375,52
2026-07-09 22:18:00-04:00,4136.5,4137.7998046875,4136.5,4137.2998046875,22
2026-07-09 22:19:00-04:00,4137.2001953125,4137.89990234375,4137.2001953125,4137.7001953125,22
2026-07-09 22:20:00-04:00,4137.39990234375,4137.60009765625,4136.0,4136.2998046875,25
2026-07-09 22:21:00-04:00,4135.89990234375,4136.5,4135.5,4136.0,25
2026-07-09 22:22:00-04:00,4136.10009765625,4136.10009765625,4133.39990234375,4133.60009765625,56
2026-07-09 22:23:00-04:00,4133.60009765625,4133.89990234375,4131.39990234375,4131.89990234375,84
2026-07-09 22:24:00-04:00,4131.7001953125,4133.7001953125,4131.39990234375,4133.7001953125,31
2026-07-09 22:25:00-04:00,4133.89990234375,4134.2998046875,4133.7998046875,4133.89990234375,47
2026-07-09 22:26:00-04:00,4134.2001953125,4134.7998046875,4133.89990234375,4134.7998046875,13
2026-07-09 22:27:00-04:00,4134.39990234375,4135.0,4134.0,4135.0,6
2026-07-09 22:28:00-04:00,4135.2001953125,4135.60009765625,4135.10009765625,4135.10009765625,19
2026-07-09 22:29:00-04:00,4134.7998046875,4135.7998046875,4134.7998046875,4135.7998046875,8
2026-07-09 22:30:00-04:00,4135.2998046875,4137.2998046875,4134.7998046875,4137.2998046875,42
2026-07-09 22:31:00-04:00,4137.2998046875,4138.39990234375,4136.5,4136.7001953125,50
2026-07-09 22:32:00-04:00,4136.60009765625,4136.60009765625,4134.7998046875,4135.2001953125,44
2026-07-09 22:33:00-04:00,4135.7001953125,4136.10009765625,4134.10009765625,4134.5,19
2026-07-09 22:34:00-04:00,4134.39990234375,4134.5,4132.7001953125,4132.7001953125,34
2026-07-09 22:35:00-04:00,4132.7001953125,4133.2998046875,4132.39990234375,4133.10009765625,12
2026-07-09 22:36:00-04:00,4133.10009765625,4133.7001953125,4132.7998046875,4133.7001953125,12
2026-07-09 22:37:00-04:00,4133.7001953125,4133.7001953125,4132.0,4132.0,34
2026-07-09 22:38:00-04:00,4131.89990234375,4132.2001953125,4131.2001953125,4132.0,38
2026-07-09 22:39:00-04:00,4132.89990234375,4133.7998046875,4132.39990234375,4133.10009765625,20
2026-07-09 22:40:00-04:00,4133.10009765625,4133.10009765625,4132.2998046875,4133.0,18
2026-07-09 22:41:00-04:00,4132.7001953125,4134.0,4132.7001953125,4133.39990234375,122
2026-07-09 22:42:00-04:00,4134.39990234375,4135.0,4134.0,4135.0,11
2026-07-09 22:43:00-04:00,4135.0,4135.5,4134.2998046875,4135.2998046875,36
2026-07-09 22:44:00-04:00,4135.7998046875,4136.2001953125,4134.60009765625,4135.2998046875,35
2026-07-09 22:45:00-04:00,4135.2001953125,4135.2001953125,4133.89990234375,4134.10009765625,11
2026-07-09 22:46:00-04:00,4133.5,4133.7001953125,4133.5,4133.7001953125,2
2026-07-09 22:47:00-04:00,4133.2998046875,4135.39990234375,4133.2998046875,4135.39990234375,7
2026-07-09 22:48:00-04:00,4135.10009765625,4135.10009765625,4133.7998046875,4133.7998046875,23
2026-07-09 22:49:00-04:00,4134.7998046875,4135.5,4134.60009765625,4135.5,27
2026-07-09 22:50:00-04:00,4135.2998046875,4136.7998046875,4135.2998046875,4136.7998046875,27
2026-07-09 22:51:00-04:00,4137.0,4138.10009765625,4136.2998046875,4137.89990234375,31
2026-07-09 22:52:00-04:00,4137.7001953125,4138.10009765625,4137.0,4137.5,23
2026-07-09 22:53:00-04:00,4137.60009765625,4138.89990234375,4137.60009765625,4138.5,57
2026-07-09 22:54:00-04:00,4137.89990234375,4138.7001953125,4137.10009765625,4137.7001953125,41
2026-07-09 22:55:00-04:00,4137.2998046875,4137.2998046875,4136.0,4136.7001953125,13
2026-07-09 22:56:00-04:00,4136.39990234375,4136.39990234375,4135.10009765625,4135.2998046875,16
2026-07-09 22:57:00-04:00,4135.60009765625,4136.60009765625,4135.39990234375,4136.60009765625,13
2026-07-09 22:58:00-04:00,4136.5,4136.5,4136.39990234375,4136.39990234375,2
2026-07-09 22:59:00-04:00,4136.2001953125,4137.60009765625,4136.2001953125,4137.60009765625,48
2026-07-09 23:00:00-04:00,4137.5,4141.89990234375,4136.89990234375,4140.10009765625,194
2026-07-09 23:01:00-04:00,4140.2998046875,4141.2001953125,4140.0,4140.2998046875,48
2026-07-09 23:02:00-04:00,4140.0,4140.0,4138.7998046875,4139.2998046875,23
2026-07-09 23:03:00-04:00,4138.89990234375,4139.89990234375,4138.89990234375,4139.39990234375,13
2026-07-09 23:04:00-04:00,4140.0,4140.0,4138.60009765625,4139.2998046875,10
2026-07-09 23:05:00-04:00,4139.39990234375,4139.7001953125,4138.10009765625,4138.7998046875,52
2026-07-09 23:06:00-04:00,4139.60009765625,4142.60009765625,4139.60009765625,4142.2001953125,69
2026-07-09 23:07:00-04:00,4142.2998046875,4143.7001953125,4142.10009765625,4143.2001953125,77
2026-07-09 23:08:00-04:00,4143.0,4144.60009765625,4141.60009765625,4143.5,179
2026-07-09 23:09:00-04:00,4143.10009765625,4144.0,4140.7998046875,4140.89990234375,103
2026-07-09 23:10:00-04:00,4141.39990234375,4141.60009765625,4138.7998046875,4139.0,116
2026-07-09 23:11:00-04:00,4138.60009765625,4139.2998046875,4138.2998046875,4138.89990234375,52
2026-07-09 23:12:00-04:00,4138.7001953125,4139.2998046875,4137.60009765625,4138.10009765625,82
2026-07-09 23:13:00-04:00,4138.0,4138.5,4137.5,4138.5,23
2026-07-09 23:14:00-04:00,4137.7998046875,4137.7998046875,4136.0,4136.39990234375,78
2026-07-09 23:15:00-04:00,4136.60009765625,4136.89990234375,4136.0,4136.10009765625,22
2026-07-09 23:16:00-04:00,4135.89990234375,4137.7001953125,4135.89990234375,4137.2001953125,42
2026-07-09 23:17:00-04:00,4137.10009765625,4138.2998046875,4136.2998046875,4136.39990234375,23
2026-07-09 23:18:00-04:00,4136.60009765625,4136.89990234375,4135.5,4135.7001953125,49
2026-07-09 23:19:00-04:00,4135.60009765625,4136.2001953125,4135.2998046875,4135.89990234375,26
2026-07-09 23:20:00-04:00,4135.89990234375,4135.89990234375,4133.7998046875,4134.39990234375,90
2026-07-09 23:21:00-04:00,4134.10009765625,4134.2001953125,4132.2001953125,4133.60009765625,94
2026-07-09 23:22:00-04:00,4133.7001953125,4133.7001953125,4133.0,4133.2998046875,19
2026-07-09 23:23:00-04:00,4133.10009765625,4133.39990234375,4131.60009765625,4133.2998046875,102
2026-07-09 23:24:00-04:00,4133.2001953125,4133.5,4130.39990234375,4131.7998046875,81
2026-07-09 23:25:00-04:00,4132.10009765625,4134.2998046875,4132.0,4134.2001953125,79
2026-07-09 23:26:00-04:00,4134.2998046875,4135.2001953125,4134.2001953125,4134.7998046875,42
2026-07-09 23:27:00-04:00,4134.89990234375,4135.60009765625,4134.7998046875,4135.0,45
2026-07-09 23:28:00-04:00,4134.60009765625,4135.60009765625,4134.39990234375,4134.7998046875,19
2026-07-09 23:29:00-04:00,4135.10009765625,4136.2001953125,4134.5,4135.10009765625,77
2026-07-09 23:30:00-04:00,4134.7001953125,4135.39990234375,4133.5,4135.39990234375,34
2026-07-09 23:31:00-04:00,4135.5,4135.7001953125,4133.39990234375,4133.39990234375,67
2026-07-09 23:32:00-04:00,4134.10009765625,4135.0,4134.10009765625,4134.7998046875,19
2026-07-09 23:33:00-04:00,4135.60009765625,4136.2998046875,4135.5,4135.7001953125,20
2026-07-09 23:34:00-04:00,4136.0,4137.5,4136.0,4137.0,44
2026-07-09 23:35:00-04:00,4137.2998046875,4137.2998046875,4135.60009765625,4135.7001953125,35
2026-07-09 23:36:00-04:00,4135.89990234375,4136.60009765625,4135.2998046875,4135.2998046875,29
2026-07-09 23:37:00-04:00,4135.39990234375,4135.89990234375,4133.5,4133.7998046875,42
2026-07-09 23:38:00-04:00,4133.60009765625,4134.60009765625,4132.5,4132.60009765625,67
2026-07-09 23:39:00-04:00,4132.60009765625,4133.7998046875,4132.10009765625,4132.5,89
2026-07-09 23:40:00-04:00,4132.5,4133.10009765625,4132.2001953125,4132.2001953125,19
2026-07-09 23:41:00-04:00,4132.0,4132.0,4131.0,4131.5,25
2026-07-09 23:42:00-04:00,4132.0,4132.2998046875,4132.0,4132.2998046875,2
2026-07-09 23:43:00-04:00,4132.60009765625,4132.60009765625,4131.7998046875,4131.7998046875,4
2026-07-09 23:44:00-04:00,4131.89990234375,4132.10009765625,4130.7001953125,4131.10009765625,36
2026-07-09 23:45:00-04:00,4130.7998046875,4131.7998046875,4130.7998046875,4131.2998046875,20
2026-07-09 23:46:00-04:00,4131.7998046875,4131.7998046875,4130.10009765625,4130.39990234375,22
2026-07-09 23:47:00-04:00,4130.2001953125,4131.0,4130.10009765625,4131.0,19
2026-07-09 23:48:00-04:00,4131.10009765625,4131.7998046875,4130.7001953125,4130.7001953125,24
2026-07-09 23:49:00-04:00,4130.7001953125,4131.0,4130.10009765625,4130.7998046875,25
2026-07-09 23:50:00-04:00,4130.7998046875,4130.7998046875,4128.89990234375,4129.39990234375,71
2026-07-09 23:51:00-04:00,4129.2001953125,4129.7998046875,4128.89990234375,4129.60009765625,21
2026-07-09 23:52:00-04:00,4129.60009765625,4130.39990234375,4129.5,4129.7001953125,11
2026-07-09 23:53:00-04:00,4130.2998046875,4131.5,4130.2998046875,4131.0,18
2026-07-09 23:54:00-04:00,4131.2001953125,4131.2001953125,4129.89990234375,4129.89990234375,50
2026-07-09 23:55:00-04:00,4130.2001953125,4131.2001953125,4130.2001953125,4130.5,19
2026-07-09 23:56:00-04:00,4130.2001953125,4130.7998046875,4129.89990234375,4130.0,14
2026-07-09 23:57:00-04:00,4129.5,4129.7001953125,4129.10009765625,4129.7001953125,6
2026-07-09 23:58:00-04:00,4129.60009765625,4129.60009765625,4129.0,4129.5,12
2026-07-10 00:00:00-04:00,4128.7998046875,4128.89990234375,4127.0,4127.2001953125,24
2026-07-10 00:01:00-04:00,4127.60009765625,4128.5,4127.2001953125,4128.0,131
2026-07-10 00:02:00-04:00,4128.2001953125,4128.2998046875,4127.7998046875,4128.10009765625,7
2026-07-10 00:03:00-04:00,4128.7998046875,4129.2001953125,4128.2998046875,4129.10009765625,11
2026-07-10 00:04:00-04:00,4128.7001953125,4129.10009765625,4128.39990234375,4129.10009765625,7
2026-07-10 00:05:00-04:00,4129.7998046875,4130.10009765625,4129.60009765625,4129.7998046875,9
2026-07-10 00:06:00-04:00,4129.89990234375,4130.0,4128.10009765625,4128.7001953125,25
2026-07-10 00:07:00-04:00,4128.7001953125,4128.7998046875,4128.39990234375,4128.60009765625,11
2026-07-10 00:08:00-04:00,4128.2001953125,4128.7998046875,4127.39990234375,4127.39990234375,26
2026-07-10 00:09:00-04:00,4127.60009765625,4127.60009765625,4127.10009765625,4127.39990234375,10
2026-07-10 00:10:00-04:00,4127.5,4127.5,4126.0,4126.89990234375,81
2026-07-10 00:11:00-04:00,4127.5,4128.60009765625,4127.5,4128.2001953125,18
2026-07-10 00:12:00-04:00,4127.7001953125,4128.60009765625,4127.7001953125,4128.60009765625,5
2026-07-10 00:13:00-04:00,4128.39990234375,4128.7998046875,4128.39990234375,4128.7998046875,11
2026-07-10 00:14:00-04:00,4128.10009765625,4130.39990234375,4128.0,4130.10009765625,68
2026-07-10 00:15:00-04:00,4130.0,4130.10009765625,4129.2998046875,4129.2998046875,30
2026-07-10 00:16:00-04:00,4129.0,4129.39990234375,4128.60009765625,4129.39990234375,10
2026-07-10 00:17:00-04:00,4129.2001953125,4130.2001953125,4129.2001953125,4130.2001953125,6
2026-07-10 00:18:00-04:00,4130.5,4130.5,4129.2001953125,4129.2001953125,14
2026-07-10 00:19:00-04:00,4129.5,4129.5,4128.7998046875,4129.10009765625,8
2026-07-10 00:20:00-04:00,4129.10009765625,4129.5,4127.0,4127.10009765625,29
2026-07-10 00:21:00-04:00,4126.7998046875,4126.7998046875,4124.60009765625,4125.0,144
2026-07-10 00:22:00-04:00,4125.0,4125.10009765625,4122.0,4122.5,146
2026-07-10 00:23:00-04:00,4122.39990234375,4122.39990234375,4121.2001953125,4121.60009765625,38
2026-07-10 00:24:00-04:00,4121.89990234375,4123.7001953125,4121.89990234375,4123.5,77
2026-07-10 00:25:00-04:00,4123.10009765625,4123.2001953125,4122.2998046875,4123.0,24
2026-07-10 00:26:00-04:00,4122.60009765625,4123.0,4121.60009765625,4123.0,39
2026-07-10 00:27:00-04:00,4122.39990234375,4124.0,4122.10009765625,4123.7001953125,31
2026-07-10 00:28:00-04:00,4123.10009765625,4124.2998046875,4122.7001953125,4123.0,81
2026-07-10 00:29:00-04:00,4123.2001953125,4127.0,4123.10009765625,4126.5,236
2026-07-10 00:30:00-04:00,4126.2001953125,4126.7001953125,4125.89990234375,4126.7001953125,28
2026-07-10 00:31:00-04:00,4126.39990234375,4127.39990234375,4126.2998046875,4127.10009765625,11
2026-07-10 00:32:00-04:00,4126.89990234375,4126.89990234375,4126.2998046875,4126.2998046875,15
2026-07-10 00:33:00-04:00,4126.60009765625,4127.10009765625,4126.60009765625,4127.10009765625,4
2026-07-10 00:34:00-04:00,4127.0,4127.2001953125,4127.0,4127.0,11
2026-07-10 00:35:00-04:00,4126.89990234375,4127.2998046875,4126.89990234375,4127.2998046875,6
2026-07-10 00:36:00-04:00,4127.2001953125,4128.0,4127.2001953125,4127.7001953125,18
2026-07-10 00:37:00-04:00,4127.89990234375,4127.89990234375,4127.60009765625,4127.60009765625,5
2026-07-10 00:38:00-04:00,4127.89990234375,4128.60009765625,4127.89990234375,4128.5,12
2026-07-10 00:39:00-04:00,4128.39990234375,4128.7001953125,4128.10009765625,4128.2998046875,10
2026-07-10 00:40:00-04:00,4128.5,4128.7998046875,4127.7998046875,4127.89990234375,18
2026-07-10 00:41:00-04:00,4127.7001953125,4127.7998046875,4127.39990234375,4127.7998046875,11
2026-07-10 00:42:00-04:00,4127.5,4127.7001953125,4127.5,4127.60009765625,4
2026-07-10 00:43:00-04:00,4127.2998046875,4128.60009765625,4127.2998046875,4128.60009765625,7
2026-07-10 00:44:00-04:00,4128.2998046875,4128.39990234375,4127.7998046875,4128.2001953125,10
2026-07-10 00:45:00-04:00,4128.2001953125,4128.2001953125,4125.7001953125,4125.89990234375,29
2026-07-10 00:46:00-04:00,4126.2001953125,4127.2001953125,4126.10009765625,4126.7998046875,11
2026-07-10 00:47:00-04:00,4126.7001953125,4127.2001953125,4126.7001953125,4127.2001953125,5
2026-07-10 00:48:00-04:00,4127.10009765625,4128.0,4127.10009765625,4127.2998046875,26
2026-07-10 00:49:00-04:00,4126.7001953125,4126.7001953125,4125.7998046875,4126.0,5
2026-07-10 00:50:00-04:00,4126.0,4126.2001953125,4124.89990234375,4125.2998046875,15
2026-07-10 00:51:00-04:00,4125.2998046875,4126.0,4124.39990234375,4126.0,18
2026-07-10 00:52:00-04:00,4125.7001953125,4126.2998046875,4125.5,4126.2998046875,13
2026-07-10 00:53:00-04:00,4126.2998046875,4126.2998046875,4125.7001953125,4125.7001953125,8
2026-07-10 00:54:00-04:00,4125.7998046875,4126.0,4125.0,4126.0,12
2026-07-10 00:55:00-04:00,4125.7998046875,4126.7001953125,4125.7998046875,4126.2998046875,6
2026-07-10 00:56:00-04:00,4126.2001953125,4126.2001953125,4124.89990234375,4125.2001953125,18
2026-07-10 00:57:00-04:00,4124.7001953125,4124.7001953125,4123.60009765625,4124.39990234375,45
2026-07-10 00:58:00-04:00,4124.10009765625,4124.39990234375,4124.10009765625,4124.2998046875,3
2026-07-10 00:59:00-04:00,4124.10009765625,4124.7998046875,4123.89990234375,4123.89990234375,25
2026-07-10 01:00:00-04:00,4124.10009765625,4124.10009765625,4122.7998046875,4122.7998046875,16
2026-07-10 01:01:00-04:00,4123.0,4124.2998046875,4123.0,4123.39990234375,21
2026-07-10 01:02:00-04:00,4124.0,4124.5,4123.89990234375,4124.2001953125,10
2026-07-10 01:03:00-04:00,4123.60009765625,4123.60009765625,4122.10009765625,4122.7001953125,10
2026-07-10 01:04:00-04:00,4122.60009765625,4123.7001953125,4122.60009765625,4123.60009765625,17
2026-07-10 01:05:00-04:00,4123.60009765625,4123.60009765625,4122.10009765625,4123.0,17
2026-07-10 01:06:00-04:00,4123.5,4124.7001953125,4123.5,4123.7998046875,19
2026-07-10 01:07:00-04:00,4123.89990234375,4125.2001953125,4123.5,4124.7001953125,25
2026-07-10 01:08:00-04:00,4125.0,4125.0,4122.7001953125,4122.89990234375,25
2026-07-10 01:09:00-04:00,4122.7001953125,4123.10009765625,4122.39990234375,4122.7001953125,11
2026-07-10 01:10:00-04:00,4122.7001953125,4123.2001953125,4122.7001953125,4122.89990234375,9
2026-07-10 01:11:00-04:00,4123.0,4123.0,4122.7998046875,4122.7998046875,2
2026-07-10 01:12:00-04:00,4122.0,4123.5,4122.0,4122.7998046875,11
2026-07-10 01:13:00-04:00,4122.60009765625,4123.39990234375,4122.60009765625,4123.39990234375,4
2026-07-10 01:14:00-04:00,4123.10009765625,4123.39990234375,4122.7998046875,4122.7998046875,7
2026-07-10 01:15:00-04:00,4123.10009765625,4124.89990234375,4123.10009765625,4123.89990234375,32
2026-07-10 01:16:00-04:00,4123.60009765625,4124.89990234375,4123.5,4124.7001953125,28
2026-07-10 01:17:00-04:00,4124.7001953125,4125.7998046875,4124.7001953125,4125.2001953125,48
2026-07-10 01:18:00-04:00,4125.0,4125.60009765625,4124.2998046875,4125.39990234375,24
2026-07-10 01:19:00-04:00,4125.2998046875,4126.0,4125.10009765625,4125.89990234375,38
2026-07-10 01:20:00-04:00,4125.60009765625,4125.60009765625,4123.7001953125,4124.89990234375,44
2026-07-10 01:21:00-04:00,4124.7998046875,4125.7998046875,4124.39990234375,4124.39990234375,19
2026-07-10 01:22:00-04:00,4124.2998046875,4125.7998046875,4124.0,4124.2998046875,41
2026-07-10 01:23:00-04:00,4124.2998046875,4124.7998046875,4122.0,4122.39990234375,95
2026-07-10 01:24:00-04:00,4122.0,4123.2001953125,4121.7001953125,4123.2001953125,36
2026-07-10 01:25:00-04:00,4123.39990234375,4124.60009765625,4123.39990234375,4124.60009765625,24
2026-07-10 01:26:00-04:00,4124.5,4124.60009765625,4123.39990234375,4123.39990234375,34
2026-07-10 01:27:00-04:00,4123.0,4123.2998046875,4122.5,4122.5,14
2026-07-10 01:28:00-04:00,4122.39990234375,4123.89990234375,4122.2998046875,4123.2998046875,31
2026-07-10 01:29:00-04:00,4123.60009765625,4123.60009765625,4123.0,4123.0,15
2026-07-10 01:30:00-04:00,4122.7998046875,4124.10009765625,4119.2998046875,4119.5,260
2026-07-10 01:31:00-04:00,4119.2001953125,4122.0,4118.60009765625,4120.39990234375,136
2026-07-10 01:32:00-04:00,4120.39990234375,4122.39990234375,4120.2998046875,4122.2998046875,47
2026-07-10 01:33:00-04:00,4122.2998046875,4122.7001953125,4121.7998046875,4121.7998046875,42
2026-07-10 01:34:00-04:00,4122.2998046875,4123.0,4121.0,4121.7998046875,31
2026-07-10 01:35:00-04:00,4121.89990234375,4123.10009765625,4121.2998046875,4122.5,46
2026-07-10 01:36:00-04:00,4122.7001953125,4122.7001953125,4121.10009765625,4121.10009765625,10
2026-07-10 01:37:00-04:00,4121.10009765625,4121.10009765625,4118.5,4119.0,40
2026-07-10 01:38:00-04:00,4118.89990234375,4119.39990234375,4117.7001953125,4119.39990234375,109
2026-07-10 01:39:00-04:00,4119.60009765625,4119.7998046875,4118.10009765625,4118.2998046875,26
2026-07-10 01:40:00-04:00,4118.0,4120.2001953125,4117.7001953125,4120.0,42
2026-07-10 01:41:00-04:00,4119.60009765625,4119.7001953125,4118.7001953125,4119.60009765625,12
2026-07-10 01:42:00-04:00,4118.60009765625,4120.89990234375,4118.39990234375,4120.89990234375,31
2026-07-10 01:43:00-04:00,4120.10009765625,4120.60009765625,4119.7001953125,4120.60009765625,24
2026-07-10 01:44:00-04:00,4120.7001953125,4123.0,4120.2001953125,4122.7998046875,44
2026-07-10 01:45:00-04:00,4122.2998046875,4122.7998046875,4119.5,4120.7001953125,97
2026-07-10 01:46:00-04:00,4120.60009765625,4121.2001953125,4119.5,4119.5,21
2026-07-10 01:47:00-04:00,4119.60009765625,4119.7001953125,4117.0,4118.39990234375,72
2026-07-10 01:48:00-04:00,4118.7001953125,4120.2998046875,4118.5,4119.2001953125,53
2026-07-10 01:49:00-04:00,4119.60009765625,4121.7001953125,4119.2998046875,4120.7998046875,30
2026-07-10 01:50:00-04:00,4121.10009765625,4122.2001953125,4121.10009765625,4121.2998046875,16
2026-07-10 01:51:00-04:00,4121.89990234375,4122.10009765625,4121.2998046875,4121.60009765625,15
2026-07-10 01:52:00-04:00,4122.60009765625,4123.7998046875,4122.2998046875,4123.0,54
2026-07-10 01:53:00-04:00,4122.60009765625,4123.0,4122.10009765625,4123.0,6
2026-07-10 01:54:00-04:00,4123.2001953125,4123.89990234375,4122.7998046875,4123.60009765625,31
2026-07-10 01:55:00-04:00,4123.39990234375,4124.39990234375,4122.39990234375,4123.39990234375,36
2026-07-10 01:56:00-04:00,4122.60009765625,4122.7998046875,4122.2001953125,4122.7998046875,16
2026-07-10 01:57:00-04:00,4122.7998046875,4124.2001953125,4122.7998046875,4124.0,16
2026-07-10 01:58:00-04:00,4124.2998046875,4125.60009765625,4124.2998046875,4124.89990234375,83
2026-07-10 01:59:00-04:00,4124.60009765625,4126.0,4124.60009765625,4125.5,48
2026-07-10 02:00:00-04:00,4125.5,4128.10009765625,4124.39990234375,4124.7998046875,155
2026-07-10 02:01:00-04:00,4124.7998046875,4126.10009765625,4124.5,4125.5,32
2026-07-10 02:02:00-04:00,4125.7998046875,4125.7998046875,4125.0,4125.0,20
2026-07-10 02:03:00-04:00,4125.39990234375,4127.60009765625,4125.10009765625,4127.0,78
2026-07-10 02:04:00-04:00,4127.10009765625,4127.60009765625,4124.89990234375,4126.60009765625,46
2026-07-10 02:05:00-04:00,4126.60009765625,4127.7001953125,4126.60009765625,4127.5,37
2026-07-10 02:06:00-04:00,4127.10009765625,4127.10009765625,4126.39990234375,4126.39990234375,43
2026-07-10 02:07:00-04:00,4126.2998046875,4127.7998046875,4125.7001953125,4126.2001953125,29
2026-07-10 02:08:00-04:00,4126.10009765625,4126.2001953125,4125.2001953125,4125.89990234375,17
2026-07-10 02:09:00-04:00,4126.2998046875,4126.2998046875,4125.89990234375,4126.0,8
2026-07-10 02:10:00-04:00,4127.10009765625,4127.2001953125,4126.0,4126.0,12
2026-07-10 02:11:00-04:00,4126.2998046875,4126.2998046875,4125.60009765625,4125.60009765625,15
2026-07-10 02:12:00-04:00,4125.39990234375,4125.89990234375,4123.7998046875,4124.7998046875,44
2026-07-10 02:13:00-04:00,4124.89990234375,4125.2998046875,4124.5,4124.5,11
2026-07-10 02:14:00-04:00,4124.60009765625,4125.10009765625,4123.39990234375,4123.7998046875,14
2026-07-10 02:15:00-04:00,4123.7001953125,4123.7001953125,4122.5,4123.2001953125,62
2026-07-10 02:16:00-04:00,4123.60009765625,4124.7998046875,4123.60009765625,4124.60009765625,14
2026-07-10 02:17:00-04:00,4124.7998046875,4128.0,4124.7998046875,4126.7001953125,43
2026-07-10 02:18:00-04:00,4126.60009765625,4128.10009765625,4126.5,4128.10009765625,32
2026-07-10 02:19:00-04:00,4127.7998046875,4129.0,4127.60009765625,4129.0,25
2026-07-10 02:20:00-04:00,4128.5,4128.5,4125.89990234375,4126.7001953125,45
2026-07-10 02:21:00-04:00,4126.60009765625,4126.60009765625,4125.2001953125,4125.7998046875,13
2026-07-10 02:22:00-04:00,4125.5,4126.5,4125.39990234375,4126.2998046875,23
2026-07-10 02:23:00-04:00,4126.2998046875,4126.39990234375,4125.60009765625,4126.2001953125,28
2026-07-10 02:24:00-04:00,4126.2001953125,4127.60009765625,4126.2001953125,4126.7998046875,52
2026-07-10 02:25:00-04:00,4127.0,4127.0,4125.7998046875,4126.0,32
2026-07-10 02:26:00-04:00,4126.39990234375,4127.2001953125,4125.89990234375,4125.89990234375,22
2026-07-10 02:27:00-04:00,4125.7001953125,4125.7001953125,4125.0,4125.10009765625,22
2026-07-10 02:28:00-04:00,4125.10009765625,4125.2001953125,4123.89990234375,4124.2001953125,49
2026-07-10 02:29:00-04:00,4124.0,4125.10009765625,4123.2998046875,4123.39990234375,88
2026-07-10 02:30:00-04:00,4123.2998046875,4125.10009765625,4123.2998046875,4124.7998046875,23
2026-07-10 02:31:00-04:00,4125.0,4125.0,4123.2001953125,4124.2998046875,60
2026-07-10 02:32:00-04:00,4124.2001953125,4124.2001953125,4121.7001953125,4122.10009765625,25
2026-07-10 02:33:00-04:00,4122.0,4122.60009765625,4121.7001953125,4122.0,22
2026-07-10 02:34:00-04:00,4122.10009765625,4123.0,4121.5,4123.0,38
2026-07-10 02:35:00-04:00,4122.89990234375,4123.2998046875,4122.60009765625,4122.7998046875,36
2026-07-10 02:36:00-04:00,4123.0,4124.2001953125,4122.89990234375,4124.2001953125,38
2026-07-10 02:37:00-04:00,4123.89990234375,4124.39990234375,4123.7998046875,4123.89990234375,23
2026-07-10 02:38:00-04:00,4123.7998046875,4124.60009765625,4123.10009765625,4124.39990234375,25
2026-07-10 02:39:00-04:00,4124.2998046875,4124.7998046875,4123.2998046875,4124.2001953125,34
2026-07-10 02:40:00-04:00,4124.2998046875,4124.2998046875,4120.5,4122.2998046875,46
2026-07-10 02:41:00-04:00,4122.2001953125,4122.5,4121.2998046875,4122.10009765625,46
2026-07-10 02:42:00-04:00,4121.7001953125,4121.89990234375,4120.89990234375,4121.2998046875,64
2026-07-10 02:43:00-04:00,4121.10009765625,4122.2001953125,4120.0,4120.2001953125,71
2026-07-10 02:44:00-04:00,4120.39990234375,4121.2001953125,4120.0,4120.60009765625,48
2026-07-10 02:45:00-04:00,4120.2001953125,4121.39990234375,4120.10009765625,4120.7998046875,43
2026-07-10 02:46:00-04:00,4120.7998046875,4122.2001953125,4120.7998046875,4121.2001953125,46
2026-07-10 02:47:00-04:00,4121.2998046875,4123.2001953125,4120.7998046875,4123.10009765625,54
2026-07-10 02:48:00-04:00,4122.89990234375,4123.10009765625,4121.7001953125,4122.2998046875,25
2026-07-10 02:49:00-04:00,4122.2998046875,4122.2998046875,4121.7998046875,4121.7998046875,13
2026-07-10 02:50:00-04:00,4122.5,4122.5,4120.7998046875,4121.60009765625,31
2026-07-10 02:51:00-04:00,4121.7998046875,4122.10009765625,4121.5,4122.0,14
2026-07-10 02:52:00-04:00,4122.2001953125,4123.10009765625,4122.2001953125,4123.10009765625,8
2026-07-10 02:53:00-04:00,4122.7001953125,4122.7001953125,4122.5,4122.7001953125,11
2026-07-10 02:54:00-04:00,4123.0,4123.2001953125,4121.7001953125,4122.7001953125,39
2026-07-10 02:55:00-04:00,4122.5,4122.5,4121.10009765625,4121.5,28
2026-07-10 02:56:00-04:00,4121.0,4122.2001953125,4120.2001953125,4122.2001953125,109
2026-07-10 02:57:00-04:00,4122.2998046875,4122.7001953125,4122.2998046875,4122.2998046875,19
2026-07-10 02:58:00-04:00,4122.10009765625,4122.10009765625,4120.89990234375,4120.89990234375,25
2026-07-10 02:59:00-04:00,4121.10009765625,4121.10009765625,4120.5,4120.60009765625,22
2026-07-10 03:00:00-04:00,4120.2998046875,4121.7001953125,4119.39990234375,4120.10009765625,84
2026-07-10 03:01:00-04:00,4120.39990234375,4121.10009765625,4120.0,4121.10009765625,29
2026-07-10 03:02:00-04:00,4121.0,4121.2001953125,4119.7998046875,4119.7998046875,26
2026-07-10 03:03:00-04:00,4120.10009765625,4121.89990234375,4120.10009765625,4121.39990234375,29
2026-07-10 03:04:00-04:00,4121.7998046875,4121.7998046875,4121.2001953125,4121.2998046875,252
2026-07-10 03:05:00-04:00,4121.2998046875,4122.5,4121.10009765625,4121.7998046875,33
2026-07-10 03:06:00-04:00,4121.7998046875,4122.39990234375,4120.89990234375,4121.89990234375,31
2026-07-10 03:07:00-04:00,4122.2001953125,4122.2001953125,4120.39990234375,4120.7001953125,289
2026-07-10 03:08:00-04:00,4120.89990234375,4120.89990234375,4118.2998046875,4118.89990234375,57
2026-07-10 03:09:00-04:00,4119.2001953125,4119.7998046875,4119.2001953125,4119.7998046875,12
2026-07-10 03:10:00-04:00,4120.2998046875,4120.2998046875,4119.10009765625,4120.2001953125,20
2026-07-10 03:11:00-04:00,4119.89990234375,4119.89990234375,4118.7001953125,4119.10009765625,39
2026-07-10 03:12:00-04:00,4119.39990234375,4119.39990234375,4117.7001953125,4118.39990234375,28
2026-07-10 03:13:00-04:00,4118.10009765625,4121.5,4118.10009765625,4121.10009765625,100
2026-07-10 03:14:00-04:00,4120.89990234375,4120.89990234375,4119.89990234375,4120.2001953125,49
2026-07-10 03:15:00-04:00,4120.39990234375,4120.7001953125,4117.7001953125,4117.7998046875,94
2026-07-10 03:16:00-04:00,4117.7001953125,4119.5,4117.5,4118.7998046875,79
2026-07-10 03:17:00-04:00,4118.10009765625,4119.7998046875,4117.7001953125,4119.5,111
2026-07-10 03:18:00-04:00,4119.5,4122.60009765625,4119.0,4122.10009765625,87
2026-07-10 03:19:00-04:00,4122.0,4123.10009765625,4122.0,4123.10009765625,39
2026-07-10 03:20:00-04:00,4123.2998046875,4124.0,4122.60009765625,4123.7001953125,54
2026-07-10 03:21:00-04:00,4123.7998046875,4124.39990234375,4123.60009765625,4124.10009765625,43
2026-07-10 03:22:00-04:00,4124.10009765625,4124.10009765625,4121.60009765625,4121.60009765625,46
2026-07-10 03:23:00-04:00,4122.10009765625,4122.10009765625,4121.5,4122.0,18
2026-07-10 03:24:00-04:00,4122.2001953125,4123.0,4122.10009765625,4123.0,6
2026-07-10 03:25:00-04:00,4122.7998046875,4122.7998046875,4122.2998046875,4122.2998046875,8
2026-07-10 03:26:00-04:00,4122.2001953125,4123.2001953125,4121.39990234375,4121.89990234375,53
2026-07-10 03:27:00-04:00,4122.10009765625,4122.10009765625,4121.39990234375,4121.5,12
2026-07-10 03:28:00-04:00,4121.7001953125,4122.2001953125,4121.39990234375,4121.39990234375,24
2026-07-10 03:29:00-04:00,4121.7001953125,4122.0,4121.0,4121.5,13
2026-07-10 03:30:00-04:00,4121.7001953125,4122.7998046875,4121.7001953125,4122.7998046875,18
2026-07-10 03:31:00-04:00,4122.7998046875,4123.2001953125,4121.7998046875,4123.10009765625,34
2026-07-10 03:32:00-04:00,4123.2001953125,4123.5,4123.2001953125,4123.2001953125,8
2026-07-10 03:33:00-04:00,4122.7998046875,4123.10009765625,4121.39990234375,4121.60009765625,47
2026-07-10 03:34:00-04:00,4121.39990234375,4122.39990234375,4120.39990234375,4121.7001953125,87
2026-07-10 03:35:00-04:00,4122.5,4122.7998046875,4121.7001953125,4122.2998046875,26
2026-07-10 03:36:00-04:00,4122.2998046875,4122.2998046875,4120.7001953125,4121.0,31
2026-07-10 03:37:00-04:00,4120.7001953125,4120.89990234375,4119.10009765625,4120.7998046875,49
2026-07-10 03:38:00-04:00,4120.60009765625,4120.60009765625,4119.7998046875,4120.5,42
2026-07-10 03:39:00-04:00,4120.39990234375,4120.7001953125,4119.7001953125,4120.7001953125,16
2026-07-10 03:40:00-04:00,4120.39990234375,4120.39990234375,4119.2998046875,4119.7998046875,23
2026-07-10 03:41:00-04:00,4119.60009765625,4119.60009765625,4118.7001953125,4119.60009765625,24
2026-07-10 03:42:00-04:00,4119.5,4119.89990234375,4119.0,4119.10009765625,9
2026-07-10 03:43:00-04:00,4118.7001953125,4119.0,4115.7998046875,4116.2998046875,105
2026-07-10 03:44:00-04:00,4115.7998046875,4116.0,4114.2001953125,4115.60009765625,193
2026-07-10 03:45:00-04:00,4116.0,4116.39990234375,4114.2998046875,4115.5,58
2026-07-10 03:46:00-04:00,4115.7001953125,4116.2998046875,4114.60009765625,4114.89990234375,52
2026-07-10 03:47:00-04:00,4114.89990234375,4114.89990234375,4113.0,4113.2001953125,90
2026-07-10 03:48:00-04:00,4113.0,4114.5,4113.0,4114.5,53
2026-07-10 03:49:00-04:00,4114.60009765625,4114.7998046875,4113.2998046875,4113.89990234375,47
2026-07-10 03:50:00-04:00,4114.10009765625,4116.39990234375,4113.7001953125,4116.2001953125,223
2026-07-10 03:51:00-04:00,4116.39990234375,4116.5,4115.39990234375,4115.7998046875,34
2026-07-10 03:52:00-04:00,4116.0,4116.2001953125,4115.2001953125,4115.2001953125,134
2026-07-10 03:53:00-04:00,4115.60009765625,4116.89990234375,4115.60009765625,4116.2998046875,38
2026-07-10 03:54:00-04:00,4116.60009765625,4117.2001953125,4116.5,4116.5,40
2026-07-10 03:55:00-04:00,4116.89990234375,4118.7001953125,4115.60009765625,4115.60009765625,106
2026-07-10 03:56:00-04:00,4115.89990234375,4115.89990234375,4115.2998046875,4115.2998046875,10
2026-07-10 03:57:00-04:00,4115.2001953125,4115.60009765625,4114.5,4114.7998046875,46
2026-07-10 03:58:00-04:00,4115.5,4117.39990234375,4114.89990234375,4117.2001953125,60
2026-07-10 03:59:00-04:00,4117.2998046875,4117.89990234375,4117.0,4117.89990234375,72
2026-07-10 04:00:00-04:00,4117.60009765625,4118.2998046875,4114.60009765625,4116.39990234375,97
2026-07-10 04:01:00-04:00,4116.39990234375,4116.7001953125,4113.60009765625,4114.2998046875,186
2026-07-10 04:02:00-04:00,4114.2998046875,4115.89990234375,4113.7998046875,4113.7998046875,33
2026-07-10 04:03:00-04:00,4113.7998046875,4114.7998046875,4112.7998046875,4114.2001953125,311
2026-07-10 04:04:00-04:00,4114.2001953125,4115.0,4113.5,4114.0,51
2026-07-10 04:05:00-04:00,4113.89990234375,4114.60009765625,4113.60009765625,4114.39990234375,36
2026-07-10 04:06:00-04:00,4114.5,4116.60009765625,4114.39990234375,4116.2998046875,85
2026-07-10 04:07:00-04:00,4116.5,4116.7998046875,4115.7998046875,4115.7998046875,36
2026-07-10 04:08:00-04:00,4115.39990234375,4115.60009765625,4114.60009765625,4114.60009765625,23
2026-07-10 04:09:00-04:00,4114.7001953125,4116.39990234375,4114.60009765625,4115.89990234375,26
2026-07-10 04:10:00-04:00,4115.89990234375,4116.10009765625,4114.60009765625,4114.60009765625,9
2026-07-10 04:11:00-04:00,4115.39990234375,4115.60009765625,4115.0,4115.2001953125,23
2026-07-10 04:12:00-04:00,4115.2998046875,4115.7001953125,4114.7001953125,4115.2998046875,11
2026-07-10 04:13:00-04:00,4114.60009765625,4115.0,4114.10009765625,4115.0,10
2026-07-10 04:14:00-04:00,4115.2998046875,4116.2998046875,4114.7998046875,4116.2998046875,36
2026-07-10 04:15:00-04:00,4116.39990234375,4116.39990234375,4115.2998046875,4115.39990234375,13
2026-07-10 04:16:00-04:00,4115.7998046875,4116.10009765625,4115.7998046875,4116.10009765625,4
2026-07-10 04:17:00-04:00,4115.7998046875,4116.0,4115.39990234375,4115.39990234375,7
2026-07-10 04:18:00-04:00,4115.2998046875,4117.39990234375,4115.0,4116.39990234375,55
2026-07-10 04:19:00-04:00,4116.10009765625,4116.60009765625,4116.10009765625,4116.39990234375,16
2026-07-10 04:20:00-04:00,4116.10009765625,4117.7998046875,4115.7998046875,4116.60009765625,41
2026-07-10 04:21:00-04:00,4116.2998046875,4116.39990234375,4115.89990234375,4116.10009765625,16
2026-07-10 04:22:00-04:00,4116.0,4116.10009765625,4115.2001953125,4115.7001953125,20
2026-07-10 04:23:00-04:00,4115.10009765625,4115.7001953125,4115.10009765625,4115.2998046875,9
2026-07-10 04:24:00-04:00,4115.0,4115.10009765625,4113.7001953125,4114.0,47
2026-07-10 04:25:00-04:00,4114.0,4114.60009765625,4113.10009765625,4113.2998046875,70
2026-07-10 04:26:00-04:00,4113.7001953125,4113.7001953125,4112.2001953125,4113.2001953125,45
2026-07-10 04:27:00-04:00,4113.2998046875,4113.89990234375,4111.7998046875,4112.89990234375,116
2026-07-10 04:28:00-04:00,4112.7001953125,4114.2001953125,4112.39990234375,4114.0,45
2026-07-10 04:29:00-04:00,4114.0,4114.10009765625,4112.39990234375,4113.10009765625,96
2026-07-10 04:30:00-04:00,4112.7001953125,4114.2998046875,4112.5,4113.7998046875,85
2026-07-10 04:31:00-04:00,4113.89990234375,4113.89990234375,4112.39990234375,4113.39990234375,52
2026-07-10 04:32:00-04:00,4113.5,4113.5,4112.5,4112.89990234375,41
2026-07-10 04:33:00-04:00,4112.60009765625,4112.7001953125,4111.5,4111.5,49
2026-07-10 04:34:00-04:00,4111.7998046875,4111.7998046875,4110.5,4110.7001953125,89
2026-07-10 04:35:00-04:00,4111.0,4111.2998046875,4110.10009765625,4111.0,78
2026-07-10 04:36:00-04:00,4111.0,4111.0,4109.7001953125,4110.10009765625,42
2026-07-10 04:37:00-04:00,4110.0,4110.2001953125,4108.2001953125,4109.89990234375,127
2026-07-10 04:38:00-04:00,4109.7998046875,4111.2998046875,4109.7001953125,4110.0,67
2026-07-10 04:39:00-04:00,4110.2001953125,4111.7998046875,4110.2001953125,4111.7001953125,40
2026-07-10 04:40:00-04:00,4111.5,4111.5,4110.2998046875,4110.5,24
2026-07-10 04:41:00-04:00,4110.5,4110.5,4109.7001953125,4110.39990234375,22
2026-07-10 04:42:00-04:00,4110.0,4110.39990234375,4108.7998046875,4109.0,45
2026-07-10 04:43:00-04:00,4109.0,4111.10009765625,4109.0,4110.39990234375,86
2026-07-10 04:44:00-04:00,4110.60009765625,4111.2001953125,4110.2998046875,4110.60009765625,52
2026-07-10 04:45:00-04:00,4110.39990234375,4110.39990234375,4108.2001953125,4108.2998046875,38
2026-07-10 04:46:00-04:00,4108.39990234375,4108.89990234375,4108.0,4108.60009765625,43
2026-07-10 04:47:00-04:00,4108.10009765625,4108.2001953125,4106.89990234375,4107.2998046875,147
2026-07-10 04:48:00-04:00,4107.39990234375,4107.39990234375,4105.5,4106.0,111
2026-07-10 04:49:00-04:00,4105.89990234375,4105.89990234375,4103.2998046875,4104.60009765625,255
2026-07-10 04:50:00-04:00,4104.7001953125,4107.5,4104.0,4107.0,144
2026-07-10 04:51:00-04:00,4106.89990234375,4107.2001953125,4105.7001953125,4106.39990234375,223
2026-07-10 04:52:00-04:00,4106.10009765625,4106.5,4104.39990234375,4105.5,294
2026-07-10 04:53:00-04:00,4105.39990234375,4107.2001953125,4105.39990234375,4106.0,58
2026-07-10 04:54:00-04:00,4105.89990234375,4106.39990234375,4105.7998046875,4105.89990234375,140
2026-07-10 04:55:00-04:00,4105.7001953125,4106.5,4105.2001953125,4106.0,55
2026-07-10 04:56:00-04:00,4106.0,4107.2998046875,4106.0,4107.2998046875,31
2026-07-10 04:57:00-04:00,4106.7001953125,4106.7001953125,4104.60009765625,4106.0,76
2026-07-10 04:58:00-04:00,4106.10009765625,4106.5,4104.7001953125,4104.7001953125,49
2026-07-10 04:59:00-04:00,4105.10009765625,4107.0,4105.10009765625,4106.5,131
2026-07-10 05:00:00-04:00,4106.5,4108.2001953125,4106.5,4106.7001953125,68
2026-07-10 05:01:00-04:00,4106.89990234375,4106.89990234375,4103.0,4103.7998046875,267
2026-07-10 05:02:00-04:00,4103.89990234375,4105.60009765625,4103.89990234375,4105.2998046875,63
2026-07-10 05:03:00-04:00,4105.2001953125,4107.39990234375,4105.2001953125,4107.2998046875,52
2026-07-10 05:04:00-04:00,4107.0,4109.2001953125,4106.60009765625,4107.2001953125,104
2026-07-10 05:05:00-04:00,4107.2001953125,4108.5,4107.2001953125,4108.5,15
2026-07-10 05:06:00-04:00,4108.0,4108.10009765625,4107.7001953125,4107.7001953125,31
2026-07-10 05:07:00-04:00,4107.60009765625,4108.2998046875,4107.10009765625,4108.2998046875,28
2026-07-10 05:08:00-04:00,4108.0,4108.7998046875,4107.7998046875,4108.10009765625,53
2026-07-10 05:09:00-04:00,4108.2998046875,4108.7998046875,4107.89990234375,4108.10009765625,60
2026-07-10 05:10:00-04:00,4107.89990234375,4107.89990234375,4106.2001953125,4106.60009765625,52
2026-07-10 05:11:00-04:00,4106.89990234375,4107.2001953125,4105.89990234375,4106.0,48
2026-07-10 05:12:00-04:00,4106.2001953125,4107.39990234375,4106.2001953125,4107.2998046875,62
2026-07-10 05:13:00-04:00,4107.5,4108.89990234375,4107.2001953125,4108.89990234375,45
2026-07-10 05:14:00-04:00,4108.2998046875,4110.0,4108.2998046875,4109.60009765625,121
2026-07-10 05:15:00-04:00,4109.5,4109.7998046875,4109.10009765625,4109.39990234375,38
2026-07-10 05:16:00-04:00,4109.5,4110.7998046875,4109.2001953125,4109.7998046875,98
2026-07-10 05:17:00-04:00,4109.7001953125,4111.2001953125,4109.39990234375,4110.2998046875,32
2026-07-10 05:18:00-04:00,4110.39990234375,4111.10009765625,4110.39990234375,4110.7998046875,51
2026-07-10 05:19:00-04:00,4110.7998046875,4111.60009765625,4110.0,4110.10009765625,257
2026-07-10 05:20:00-04:00,4110.60009765625,4111.10009765625,4108.7998046875,4109.10009765625,153
2026-07-10 05:21:00-04:00,4109.10009765625,4111.2001953125,4109.0,4109.5,93
2026-07-10 05:22:00-04:00,4109.7998046875,4110.7001953125,4109.7998046875,4110.5,52
2026-07-10 05:23:00-04:00,4110.2998046875,4110.60009765625,4110.0,4110.39990234375,30
2026-07-10 05:24:00-04:00,4110.60009765625,4111.2001953125,4110.60009765625,4111.2001953125,23
2026-07-10 05:25:00-04:00,4111.2001953125,4111.60009765625,4110.89990234375,4111.60009765625,89
2026-07-10 05:26:00-04:00,4111.89990234375,4112.5,4110.7998046875,4112.2998046875,155
2026-07-10 05:27:00-04:00,4112.39990234375,4112.7001953125,4111.10009765625,4111.7001953125,33
2026-07-10 05:28:00-04:00,4111.89990234375,4111.89990234375,4110.10009765625,4110.10009765625,62
2026-07-10 05:29:00-04:00,4110.10009765625,4112.0,4109.5,4111.7001953125,79
2026-07-10 05:30:00-04:00,4111.5,4111.89990234375,4109.5,4110.5,131
2026-07-10 05:31:00-04:00,4110.7998046875,4111.39990234375,4110.7998046875,4111.2001953125,44
2026-07-10 05:32:00-04:00,4111.39990234375,4111.5,4110.7998046875,4111.2998046875,47
2026-07-10 05:33:00-04:00,4111.10009765625,4111.7998046875,4110.7001953125,4111.0,68
2026-07-10 05:34:00-04:00,4110.7001953125,4111.10009765625,4110.2998046875,4111.0,66
2026-07-10 05:35:00-04:00,4110.89990234375,4111.39990234375,4110.10009765625,4110.2001953125,64
2026-07-10 05:36:00-04:00,4110.0,4110.0,4108.2998046875,4108.60009765625,42
2026-07-10 05:37:00-04:00,4108.60009765625,4109.39990234375,4108.5,4108.7998046875,36
2026-07-10 05:38:00-04:00,4108.60009765625,4109.10009765625,4108.2998046875,4108.7998046875,26
2026-07-10 05:39:00-04:00,4108.39990234375,4110.60009765625,4107.60009765625,4110.60009765625,91
2026-07-10 05:40:00-04:00,4110.5,4111.0,4110.2001953125,4110.2001953125,30
2026-07-10 05:41:00-04:00,4110.39990234375,4111.7998046875,4110.39990234375,4111.60009765625,66
2026-07-10 05:42:00-04:00,4111.5,4112.60009765625,4111.5,4112.39990234375,33
2026-07-10 05:43:00-04:00,4112.2998046875,4113.2001953125,4111.7998046875,4111.7998046875,39
2026-07-10 05:44:00-04:00,4111.7998046875,4112.10009765625,4111.2998046875,4112.0,23
2026-07-10 05:45:00-04:00,4112.10009765625,4112.89990234375,4112.0,4112.89990234375,21
2026-07-10 05:46:00-04:00,4112.7001953125,4112.89990234375,4111.5,4111.7001953125,18
2026-07-10 05:47:00-04:00,4111.5,4112.2998046875,4111.5,4112.2998046875,7
2026-07-10 05:48:00-04:00,4112.7001953125,4113.39990234375,4112.7001953125,4113.0,40
2026-07-10 05:49:00-04:00,4112.5,4112.89990234375,4112.5,4112.60009765625,10
2026-07-10 05:50:00-04:00,4112.7998046875,4112.7998046875,4111.2001953125,4111.60009765625,56
2026-07-10 05:51:00-04:00,4111.5,4112.7001953125,4111.39990234375,4112.39990234375,40
2026-07-10 05:52:00-04:00,4112.2998046875,4112.5,4111.5,4111.89990234375,35
2026-07-10 05:53:00-04:00,4111.7998046875,4112.2998046875,4111.7998046875,4112.10009765625,10
2026-07-10 05:54:00-04:00,4112.39990234375,4113.7998046875,4112.0,4113.7001953125,34
2026-07-10 05:55:00-04:00,4113.7001953125,4113.7001953125,4112.7001953125,4112.7001953125,47
2026-07-10 05:56:00-04:00,4112.39990234375,4113.2001953125,4112.39990234375,4112.7998046875,15
2026-07-10 05:57:00-04:00,4113.10009765625,4114.5,4113.10009765625,4114.39990234375,56
2026-07-10 05:58:00-04:00,4114.39990234375,4114.5,4113.7001953125,4113.7001953125,31
2026-07-10 05:59:00-04:00,4113.7001953125,4113.89990234375,4113.2998046875,4113.7001953125,19
2026-07-10 06:00:00-04:00,4113.7998046875,4115.7998046875,4113.10009765625,4115.7001953125,48
2026-07-10 06:01:00-04:00,4115.39990234375,4115.7001953125,4114.89990234375,4115.39990234375,35
2026-07-10 06:02:00-04:00,4115.10009765625,4115.7998046875,4115.10009765625,4115.7001953125,18
2026-07-10 06:03:00-04:00,4116.0,4116.5,4115.7998046875,4116.2001953125,30
2026-07-10 06:04:00-04:00,4116.2001953125,4117.60009765625,4116.2001953125,4117.60009765625,36
2026-07-10 06:05:00-04:00,4117.39990234375,4117.60009765625,4116.7001953125,4116.89990234375,39
2026-07-10 06:06:00-04:00,4117.2001953125,4117.2001953125,4115.39990234375,4115.5,55
2026-07-10 06:07:00-04:00,4115.60009765625,4116.10009765625,4115.60009765625,4116.0,20
2026-07-10 06:08:00-04:00,4115.89990234375,4116.10009765625,4114.7001953125,4115.5,45
2026-07-10 06:09:00-04:00,4115.2998046875,4115.7001953125,4115.10009765625,4115.10009765625,24
2026-07-10 06:10:00-04:00,4115.0,4116.2001953125,4115.0,4115.39990234375,55
2026-07-10 06:11:00-04:00,4115.5,4116.0,4114.89990234375,4115.2001953125,24
2026-07-10 06:12:00-04:00,4115.5,4117.10009765625,4115.5,4115.60009765625,45
2026-07-10 06:13:00-04:00,4115.2001953125,4116.39990234375,4115.2001953125,4115.7001953125,65
2026-07-10 06:14:00-04:00,4115.7001953125,4115.7001953125,4115.2998046875,4115.5,10
2026-07-10 06:15:00-04:00,4115.60009765625,4115.7998046875,4115.2998046875,4115.7998046875,12
2026-07-10 06:16:00-04:00,4115.5,4116.5,4115.5,4115.60009765625,33
2026-07-10 06:17:00-04:00,4115.60009765625,4116.10009765625,4115.60009765625,4116.10009765625,4
2026-07-10 06:18:00-04:00,4116.0,4117.0,4115.60009765625,4115.60009765625,48
2026-07-10 06:19:00-04:00,4115.5,4116.2001953125,4115.2998046875,4116.10009765625,17
2026-07-10 06:20:00-04:00,4116.2998046875,4116.89990234375,4116.2998046875,4116.39990234375,20
2026-07-10 06:21:00-04:00,4116.60009765625,4116.60009765625,4116.10009765625,4116.2998046875,11
2026-07-10 06:22:00-04:00,4116.39990234375,4118.60009765625,4116.39990234375,4118.5,328
2026-07-10 06:23:00-04:00,4118.2998046875,4120.0,4118.2998046875,4119.0,61
2026-07-10 06:24:00-04:00,4119.2998046875,4121.7998046875,4119.2998046875,4120.10009765625,234
2026-07-10 06:25:00-04:00,4120.2998046875,4120.7001953125,4116.7998046875,4117.39990234375,253
2026-07-10 06:26:00-04:00,4117.39990234375,4118.2998046875,4117.2001953125,4117.7998046875,41
2026-07-10 06:27:00-04:00,4117.7998046875,4118.39990234375,4117.2001953125,4118.39990234375,26
2026-07-10 06:28:00-04:00,4118.0,4118.39990234375,4117.39990234375,4118.2998046875,25
2026-07-10 06:29:00-04:00,4118.2998046875,4119.0,4117.89990234375,4118.5,38
2026-07-10 06:30:00-04:00,4118.7001953125,4119.7001953125,4118.5,4119.10009765625,45
2026-07-10 06:31:00-04:00,4119.2001953125,4119.2001953125,4118.0,4118.0,30
2026-07-10 06:32:00-04:00,4118.39990234375,4118.39990234375,4117.0,4117.0,39
2026-07-10 06:33:00-04:00,4116.89990234375,4117.2001953125,4115.39990234375,4115.7998046875,41
2026-07-10 06:34:00-04:00,4116.0,4116.10009765625,4115.5,4115.7001953125,18
2026-07-10 06:35:00-04:00,4115.7001953125,4117.0,4115.5,4116.7001953125,51
2026-07-10 06:36:00-04:00,4116.7998046875,4117.7998046875,4116.7998046875,4117.7998046875,24
2026-07-10 06:37:00-04:00,4117.7001953125,4118.0,4117.2998046875,4117.7001953125,28
2026-07-10 06:38:00-04:00,4118.0,4118.0,4117.5,4117.5,22
2026-07-10 06:39:00-04:00,4117.39990234375,4118.0,4117.0,4117.0,35
2026-07-10 06:40:00-04:00,4117.0,4117.39990234375,4116.2998046875,4116.2998046875,32
2026-07-10 06:41:00-04:00,4116.7001953125,4116.89990234375,4116.2998046875,4116.89990234375,15
2026-07-10 06:42:00-04:00,4117.10009765625,4118.10009765625,4116.89990234375,4118.0,15
2026-07-10 06:43:00-04:00,4117.5,4117.5,4117.2001953125,4117.2998046875,7
2026-07-10 06:44:00-04:00,4117.5,4118.2998046875,4117.2998046875,4118.2998046875,22
2026-07-10 06:45:00-04:00,4118.39990234375,4118.39990234375,4117.0,4117.10009765625,24
2026-07-10 06:46:00-04:00,4117.10009765625,4117.2001953125,4116.10009765625,4116.10009765625,27
2026-07-10 06:47:00-04:00,4116.39990234375,4117.10009765625,4116.0,4116.39990234375,24
2026-07-10 06:48:00-04:00,4116.5,4117.7001953125,4116.2001953125,4117.39990234375,44
2026-07-10 06:49:00-04:00,4117.5,4117.89990234375,4116.10009765625,4116.2001953125,45
2026-07-10 06:50:00-04:00,4116.2998046875,4117.0,4115.39990234375,4117.0,49
2026-07-10 06:51:00-04:00,4116.60009765625,4117.2001953125,4115.7001953125,4117.10009765625,61
2026-07-10 06:52:00-04:00,4117.2001953125,4117.2998046875,4116.0,4116.89990234375,26
2026-07-10 06:53:00-04:00,4116.60009765625,4117.7001953125,4116.60009765625,4117.39990234375,37
2026-07-10 06:54:00-04:00,4117.60009765625,4117.7998046875,4117.10009765625,4117.5,556
2026-07-10 06:55:00-04:00,4117.2998046875,4117.5,4116.60009765625,4116.7001953125,43
2026-07-10 06:56:00-04:00,4116.7998046875,4117.0,4115.89990234375,4115.89990234375,59
2026-07-10 06:57:00-04:00,4115.7001953125,4115.89990234375,4114.7001953125,4114.7998046875,90
2026-07-10 06:58:00-04:00,4115.0,4115.7998046875,4114.89990234375,4114.89990234375,71
2026-07-10 06:59:00-04:00,4114.7001953125,4115.2998046875,4113.2001953125,4113.5,80
2026-07-10 07:00:00-04:00,4113.2998046875,4116.10009765625,4113.2998046875,4116.10009765625,102
2026-07-10 07:01:00-04:00,4116.10009765625,4116.10009765625,4114.5,4114.7001953125,26
2026-07-10 07:02:00-04:00,4114.89990234375,4116.60009765625,4114.89990234375,4116.2998046875,41
2026-07-10 07:03:00-04:00,4116.2998046875,4116.7001953125,4116.2001953125,4116.7001953125,10
2026-07-10 07:04:00-04:00,4117.10009765625,4117.10009765625,4115.89990234375,4115.89990234375,15
2026-07-10 07:05:00-04:00,4115.7998046875,4115.89990234375,4114.7001953125,4115.0,27
2026-07-10 07:06:00-04:00,4114.89990234375,4116.0,4114.7998046875,4114.7998046875,22
2026-07-10 07:07:00-04:00,4115.0,4115.5,4114.60009765625,4114.7001953125,56
2026-07-10 07:08:00-04:00,4114.7998046875,4114.7998046875,4113.7001953125,4113.7998046875,273
2026-07-10 07:09:00-04:00,4114.2001953125,4114.60009765625,4113.39990234375,4114.60009765625,32
2026-07-10 07:10:00-04:00,4114.7001953125,4115.89990234375,4114.7001953125,4115.89990234375,56
2026-07-10 07:11:00-04:00,4116.0,4116.7998046875,4115.39990234375,4116.7001953125,83
2026-07-10 07:12:00-04:00,4116.5,4116.60009765625,4116.0,4116.10009765625,26
2026-07-10 07:13:00-04:00,4116.2001953125,4116.2001953125,4115.39990234375,4115.89990234375,13
2026-07-10 07:14:00-04:00,4116.0,4116.0,4114.7998046875,4115.10009765625,33
2026-07-10 07:15:00-04:00,4115.60009765625,4115.7998046875,4115.60009765625,4115.7998046875,11
2026-07-10 07:16:00-04:00,4115.5,4116.7998046875,4115.5,4116.0,46
2026-07-10 07:17:00-04:00,4116.2001953125,4116.2001953125,4115.2998046875,4115.2998046875,18
2026-07-10 07:18:00-04:00,4115.7998046875,4116.2001953125,4115.5,4116.2001953125,23
2026-07-10 07:19:00-04:00,4116.2001953125,4116.2998046875,4115.7001953125,4116.2001953125,7
2026-07-10 07:20:00-04:00,4116.0,4116.89990234375,4115.39990234375,4115.7998046875,27
2026-07-10 07:21:00-04:00,4115.5,4115.89990234375,4115.2998046875,4115.5,25
2026-07-10 07:22:00-04:00,4115.39990234375,4115.7998046875,4114.5,4114.5,36
2026-07-10 07:23:00-04:00,4114.39990234375,4115.7998046875,4114.39990234375,4115.60009765625,24
2026-07-10 07:24:00-04:00,4116.0,4116.5,4116.0,4116.39990234375,67
2026-07-10 07:25:00-04:00,4116.7998046875,4117.10009765625,4114.0,4114.2001953125,43
2026-07-10 07:26:00-04:00,4114.2001953125,4114.39990234375,4113.2001953125,4113.39990234375,37
2026-07-10 07:27:00-04:00,4113.10009765625,4113.10009765625,4111.60009765625,4111.89990234375,124
2026-07-10 07:28:00-04:00,4112.0,4112.10009765625,4111.10009765625,4111.60009765625,89
2026-07-10 07:29:00-04:00,4111.89990234375,4111.89990234375,4108.60009765625,4108.60009765625,138
2026-07-10 07:30:00-04:00,4108.7998046875,4110.5,4107.60009765625,4110.5,131
2026-07-10 07:31:00-04:00,4111.0,4111.7998046875,4110.5,4111.10009765625,43
2026-07-10 07:32:00-04:00,4110.7998046875,4112.0,4110.5,4111.2998046875,40
2026-07-10 07:33:00-04:00,4111.7998046875,4111.7998046875,4108.7998046875,4108.7998046875,110
2026-07-10 07:34:00-04:00,4108.7998046875,4108.7998046875,4107.2998046875,4108.10009765625,36
2026-07-10 07:35:00-04:00,4108.0,4108.60009765625,4107.2001953125,4108.10009765625,36
2026-07-10 07:36:00-04:00,4107.60009765625,4107.89990234375,4106.0,4106.5,50
2026-07-10 07:37:00-04:00,4106.89990234375,4107.5,4106.5,4107.5,97
2026-07-10 07:38:00-04:00,4107.2998046875,4107.2998046875,4104.5,4105.39990234375,106
2026-07-10 07:39:00-04:00,4106.0,4107.60009765625,4106.0,4106.39990234375,50
2026-07-10 07:40:00-04:00,4106.7998046875,4108.5,4106.7001953125,4108.2001953125,56
2026-07-10 07:41:00-04:00,4108.60009765625,4109.7998046875,4108.0,4109.7998046875,84
2026-07-10 07:42:00-04:00,4109.89990234375,4113.39990234375,4109.7998046875,4113.39990234375,97
2026-07-10 07:43:00-04:00,4113.2998046875,4114.2998046875,4113.2001953125,4113.89990234375,154
2026-07-10 07:44:00-04:00,4114.0,4116.10009765625,4113.89990234375,4115.5,91
2026-07-10 07:45:00-04:00,4115.2001953125,4116.10009765625,4114.7001953125,4116.10009765625,26
2026-07-10 07:46:00-04:00,4116.0,4116.0,4114.89990234375,4115.7001953125,34
2026-07-10 07:47:00-04:00,4115.10009765625,4116.7998046875,4115.0,4115.7001953125,59
2026-07-10 07:48:00-04:00,4115.7998046875,4116.5,4115.10009765625,4116.2998046875,28
2026-07-10 07:49:00-04:00,4116.10009765625,4116.2001953125,4114.5,4114.5,24
2026-07-10 07:50:00-04:00,4114.60009765625,4115.7001953125,4114.60009765625,4115.5,27
2026-07-10 07:51:00-04:00,4115.89990234375,4116.7998046875,4115.39990234375,4116.7998046875,36
2026-07-10 07:52:00-04:00,4116.39990234375,4116.89990234375,4115.2001953125,4115.2998046875,34
2026-07-10 07:53:00-04:00,4115.2998046875,4115.7998046875,4115.2001953125,4115.2001953125,14
2026-07-10 07:54:00-04:00,4115.0,4115.5,4114.0,4114.0,41
2026-07-10 07:55:00-04:00,4114.0,4114.0,4113.2001953125,4113.89990234375,44
2026-07-10 07:56:00-04:00,4114.0,4114.0,4111.7998046875,4112.39990234375,119
2026-07-10 07:57:00-04:00,4112.10009765625,4112.2998046875,4111.60009765625,4111.7001953125,16
2026-07-10 07:58:00-04:00,4111.60009765625,4111.60009765625,4110.89990234375,4111.0,18
2026-07-10 07:59:00-04:00,4111.10009765625,4111.2998046875,4110.7998046875,4111.0,32
2026-07-10 08:00:00-04:00,4111.39990234375,4112.10009765625,4110.39990234375,4111.0,73
2026-07-10 08:01:00-04:00,4111.0,4112.7998046875,4110.2998046875,4112.10009765625,38
2026-07-10 08:02:00-04:00,4112.2001953125,4112.39990234375,4111.2001953125,4111.2998046875,26
2026-07-10 08:03:00-04:00,4111.0,4112.2001953125,4110.7998046875,4111.7001953125,14
2026-07-10 08:04:00-04:00,4111.2998046875,4112.10009765625,4111.2998046875,4111.60009765625,17
2026-07-10 08:05:00-04:00,4110.7998046875,4111.60009765625,4109.7998046875,4111.5,21
2026-07-10 08:06:00-04:00,4112.10009765625,4112.10009765625,4110.89990234375,4110.89990234375,13
2026-07-10 08:07:00-04:00,4111.2001953125,4111.2998046875,4110.2998046875,4111.0,19
2026-07-10 08:08:00-04:00,4110.7998046875,4110.7998046875,4110.0,4110.39990234375,13
2026-07-10 08:09:00-04:00,4110.7001953125,4112.7001953125,4110.7001953125,4112.7001953125,29
2026-07-10 08:10:00-04:00,4112.7998046875,4113.10009765625,4112.2998046875,4112.7998046875,18
2026-07-10 08:11:00-04:00,4112.89990234375,4113.2001953125,4112.2998046875,4112.2998046875,55
2026-07-10 08:12:00-04:00,4112.39990234375,4113.7001953125,4112.39990234375,4113.2001953125,33
2026-07-10 08:13:00-04:00,4112.7001953125,4127.0,4111.5,4124.60009765625,1122
2026-07-10 08:14:00-04:00,4124.10009765625,4125.2998046875,4119.7998046875,4123.60009765625,973
2026-07-10 08:15:00-04:00,4123.89990234375,4125.10009765625,4119.5,4120.0,199
2026-07-10 08:16:00-04:00,4120.10009765625,4121.60009765625,4116.7001953125,4117.2001953125,164
2026-07-10 08:17:00-04:00,4116.7998046875,4121.0,4116.7998046875,4120.60009765625,171
2026-07-10 08:18:00-04:00,4120.7001953125,4121.2998046875,4119.5,4121.2998046875,76
2026-07-10 08:19:00-04:00,4121.2001953125,4121.2001953125,4117.2001953125,4117.7001953125,92
2026-07-10 08:20:00-04:00,4117.5,4118.39990234375,4116.10009765625,4118.2001953125,112
2026-07-10 08:21:00-04:00,4118.2001953125,4119.39990234375,4115.5,4115.89990234375,139
2026-07-10 08:22:00-04:00,4116.2998046875,4117.0,4115.2001953125,4116.2001953125,76
2026-07-10 08:23:00-04:00,4115.89990234375,4116.10009765625,4114.0,4114.89990234375,86
2026-07-10 08:24:00-04:00,4115.2998046875,4116.89990234375,4115.2998046875,4115.7001953125,67
2026-07-10 08:25:00-04:00,4115.5,4115.89990234375,4114.10009765625,4115.10009765625,83
2026-07-10 08:26:00-04:00,4114.7998046875,4115.89990234375,4113.39990234375,4115.2001953125,66
2026-07-10 08:27:00-04:00,4115.39990234375,4115.39990234375,4111.5,4112.0,112
2026-07-10 08:28:00-04:00,4112.2998046875,4113.2998046875,4112.0,4112.89990234375,113
2026-07-10 08:29:00-04:00,4113.2001953125,4114.89990234375,4113.0,4114.7998046875,45
2026-07-10 08:30:00-04:00,4114.7998046875,4115.5,4113.5,4114.10009765625,102
2026-07-10 08:31:00-04:00,4113.89990234375,4114.0,4111.7998046875,4113.2001953125,66
2026-07-10 08:32:00-04:00,4113.7001953125,4115.60009765625,4112.39990234375,4112.60009765625,115
2026-07-10 08:33:00-04:00,4113.0,4113.5,4111.5,4111.60009765625,117
2026-07-10 08:34:00-04:00,4111.5,4112.39990234375,4110.2998046875,4110.60009765625,95
2026-07-10 08:35:00-04:00,4110.7998046875,4111.39990234375,4108.7001953125,4109.2998046875,172
2026-07-10 08:36:00-04:00,4109.0,4109.10009765625,4106.2998046875,4107.39990234375,221
2026-07-10 08:37:00-04:00,4107.2998046875,4108.0,4106.0,4107.2001953125,108
2026-07-10 08:38:00-04:00,4107.39990234375,4109.60009765625,4107.39990234375,4109.2998046875,102
2026-07-10 08:39:00-04:00,4109.39990234375,4111.2001953125,4109.2001953125,4110.2998046875,74
2026-07-10 08:40:00-04:00,4110.0,4111.10009765625,4109.60009765625,4109.60009765625,65
2026-07-10 08:41:00-04:00,4109.10009765625,4109.7001953125,4108.0,4108.7001953125,62
2026-07-10 08:42:00-04:00,4108.39990234375,4109.5,4107.2998046875,4108.0,109
2026-07-10 08:43:00-04:00,4108.10009765625,4108.60009765625,4107.2998046875,4107.89990234375,119
2026-07-10 08:44:00-04:00,4108.2001953125,4108.7998046875,4106.60009765625,4106.7001953125,73
2026-07-10 08:45:00-04:00,4106.7001953125,4109.60009765625,4106.39990234375,4109.60009765625,126
2026-07-10 08:46:00-04:00,4109.5,4109.5,4108.2998046875,4108.39990234375,50
2026-07-10 08:47:00-04:00,4108.60009765625,4110.7001953125,4107.89990234375,4110.5,84
2026-07-10 08:48:00-04:00,4110.5,4111.39990234375,4110.2998046875,4110.39990234375,137
2026-07-10 08:49:00-04:00,4110.10009765625,4111.60009765625,4110.0,4110.2998046875,121
2026-07-10 08:50:00-04:00,4110.39990234375,4111.89990234375,4110.39990234375,4111.7998046875,142
2026-07-10 08:51:00-04:00,4112.0,4113.0,4111.7001953125,4113.0,92
2026-07-10 08:52:00-04:00,4113.10009765625,4113.60009765625,4110.5,4110.89990234375,129
2026-07-10 08:53:00-04:00,4111.0,4111.0,4109.39990234375,4109.7001953125,68
2026-07-10 08:54:00-04:00,4109.5,4109.7998046875,4108.5,4109.0,119
2026-07-10 08:55:00-04:00,4109.0,4109.60009765625,4108.60009765625,4108.7998046875,46
2026-07-10 08:56:00-04:00,4108.7001953125,4108.7001953125,4107.7001953125,4108.2998046875,59
2026-07-10 08:57:00-04:00,4107.7998046875,4108.7001953125,4107.7001953125,4108.39990234375,53
2026-07-10 08:58:00-04:00,4108.39990234375,4110.39990234375,4108.39990234375,4110.39990234375,299
2026-07-10 08:59:00-04:00,4110.2998046875,4110.7001953125,4109.2998046875,4109.2998046875,84
2026-07-10 09:00:00-04:00,4109.7001953125,4112.39990234375,4107.5,4111.0,413
2026-07-10 09:01:00-04:00,4111.2001953125,4114.0,4111.0,4113.2998046875,125
2026-07-10 09:02:00-04:00,4113.60009765625,4113.7998046875,4112.10009765625,4112.7998046875,42
2026-07-10 09:03:00-04:00,4112.0,4112.2998046875,4108.60009765625,4108.60009765625,86
2026-07-10 09:04:00-04:00,4108.7001953125,4109.7001953125,4107.39990234375,4109.2998046875,113
2026-07-10 09:05:00-04:00,4109.2998046875,4110.2998046875,4108.7001953125,4110.2998046875,58
2026-07-10 09:06:00-04:00,4110.39990234375,4112.39990234375,4109.0,4112.39990234375,115
2026-07-10 09:07:00-04:00,4112.2998046875,4112.7001953125,4110.60009765625,4112.0,120
2026-07-10 09:08:00-04:00,4112.5,4113.2001953125,4111.7998046875,4112.7001953125,87
2026-07-10 09:09:00-04:00,4112.39990234375,4114.7998046875,4112.0,4114.39990234375,94
2026-07-10 09:10:00-04:00,4113.89990234375,4113.89990234375,4111.39990234375,4111.39990234375,92
2026-07-10 09:11:00-04:00,4111.0,4111.39990234375,4110.10009765625,4111.10009765625,73
2026-07-10 09:12:00-04:00,4111.0,4112.2998046875,4111.0,4111.7001953125,25
2026-07-10 09:13:00-04:00,4111.7998046875,4114.10009765625,4111.5,4114.0,56
2026-07-10 09:14:00-04:00,4114.2001953125,4114.2001953125,4112.7998046875,4113.0,37
2026-07-10 09:15:00-04:00,4113.2001953125,4115.2001953125,4112.7001953125,4115.2001953125,88
2026-07-10 09:16:00-04:00,4115.0,4115.5,4113.5,4114.2001953125,73
2026-07-10 09:17:00-04:00,4113.89990234375,4113.89990234375,4111.2001953125,4111.2998046875,69
2026-07-10 09:18:00-04:00,4111.60009765625,4111.89990234375,4109.10009765625,4109.7998046875,94
2026-07-10 09:19:00-04:00,4109.60009765625,4111.5,4109.5,4111.2998046875,131
2026-07-10 09:20:00-04:00,4111.0,4111.7001953125,4110.10009765625,4110.7001953125,41
2026-07-10 09:21:00-04:00,4110.39990234375,4111.2001953125,4109.60009765625,4110.0,34
2026-07-10 09:22:00-04:00,4110.0,4110.0,4108.39990234375,4108.5,33
2026-07-10 09:23:00-04:00,4108.2998046875,4108.39990234375,4106.7001953125,4107.89990234375,111
2026-07-10 09:24:00-04:00,4107.5,4107.5,4104.5,4105.2998046875,150
2026-07-10 09:25:00-04:00,4105.5,4106.7001953125,4104.5,4106.10009765625,304
2026-07-10 09:26:00-04:00,4106.2001953125,4106.5,4103.7001953125,4104.10009765625,143
2026-07-10 09:27:00-04:00,4104.2998046875,4104.5,4094.0,4097.0,1129
2026-07-10 09:28:00-04:00,4097.5,4099.2998046875,4096.5,4098.7998046875,344
2026-07-10 09:29:00-04:00,4098.89990234375,4099.60009765625,4093.699951171875,4095.89990234375,407
2026-07-10 09:30:00-04:00,4096.0,4100.0,4095.300048828125,4098.2998046875,358
2026-07-10 09:31:00-04:00,4098.10009765625,4105.5,4098.10009765625,4105.0,381
2026-07-10 09:32:00-04:00,4105.10009765625,4105.39990234375,4100.2001953125,4100.2001953125,218
2026-07-10 09:33:00-04:00,4100.60009765625,4100.7998046875,4097.0,4097.89990234375,124
2026-07-10 09:34:00-04:00,4097.89990234375,4098.89990234375,4096.89990234375,4098.60009765625,101
2026-07-10 09:35:00-04:00,4098.39990234375,4100.10009765625,4096.2001953125,4096.7001953125,92
2026-07-10 09:36:00-04:00,4096.60009765625,4099.2001953125,4096.10009765625,4098.7998046875,76
2026-07-10 09:37:00-04:00,4099.7001953125,4102.7001953125,4099.7001953125,4101.89990234375,122
2026-07-10 09:38:00-04:00,4101.7998046875,4104.2001953125,4101.7998046875,4103.5,66
2026-07-10 09:39:00-04:00,4103.89990234375,4106.0,4103.0,4105.89990234375,213
2026-07-10 09:40:00-04:00,4106.10009765625,4106.7001953125,4103.89990234375,4106.39990234375,228
2026-07-10 09:41:00-04:00,4106.5,4108.5,4106.2001953125,4107.0,259
2026-07-10 09:42:00-04:00,4108.60009765625,4110.0,4108.2001953125,4108.7001953125,101
2026-07-10 09:43:00-04:00,4108.7001953125,4111.2001953125,4107.39990234375,4111.0,229
2026-07-10 09:44:00-04:00,4110.7998046875,4110.7998046875,4106.89990234375,4107.2001953125,225
2026-07-10 09:45:00-04:00,4107.2001953125,4108.89990234375,4105.89990234375,4106.2001953125,218
2026-07-10 09:46:00-04:00,4106.7001953125,4110.2001953125,4106.60009765625,4108.7001953125,94
2026-07-10 09:47:00-04:00,4108.60009765625,4110.7001953125,4108.5,4108.60009765625,77
2026-07-10 09:48:00-04:00,4109.10009765625,4109.2001953125,4107.2001953125,4108.2001953125,56
2026-07-10 09:49:00-04:00,4108.2998046875,4110.7998046875,4108.2001953125,4109.89990234375,65
2026-07-10 09:50:00-04:00,4109.7001953125,4111.7001953125,4108.60009765625,4110.7001953125,70
2026-07-10 09:51:00-04:00,4110.7998046875,4111.5,4110.39990234375,4111.2001953125,76
2026-07-10 09:52:00-04:00,4111.2998046875,4113.89990234375,4111.2998046875,4112.2998046875,92
2026-07-10 09:53:00-04:00,4112.60009765625,4114.2998046875,4112.0,4113.10009765625,107
2026-07-10 09:54:00-04:00,4113.2001953125,4113.39990234375,4110.7998046875,4111.5,93
2026-07-10 09:55:00-04:00,4111.2001953125,4111.2001953125,4109.0,4109.2998046875,137
2026-07-10 09:56:00-04:00,4109.60009765625,4110.0,4108.0,4108.0,80
2026-07-10 09:57:00-04:00,4108.0,4108.5,4106.5,4107.7001953125,107
2026-07-10 09:58:00-04:00,4108.0,4108.7001953125,4107.39990234375,4107.39990234375,150
2026-07-10 09:59:00-04:00,4107.2001953125,4109.0,4107.2001953125,4108.7001953125,59
2026-07-10 10:00:00-04:00,4108.2998046875,4108.89990234375,4106.2001953125,4106.89990234375,242
2026-07-10 10:01:00-04:00,4106.7001953125,4108.89990234375,4106.10009765625,4107.2998046875,212
2026-07-10 10:02:00-04:00,4107.7001953125,4110.7001953125,4107.7001953125,4108.7001953125,172
2026-07-10 10:03:00-04:00,4108.5,4110.2001953125,4107.60009765625,4109.5,99
2026-07-10 10:04:00-04:00,4109.60009765625,4110.2001953125,4109.0,4109.5,57
2026-07-10 10:05:00-04:00,4109.7998046875,4111.7001953125,4108.7998046875,4111.10009765625,129
2026-07-10 10:06:00-04:00,4111.10009765625,4111.5,4108.89990234375,4109.7001953125,108
2026-07-10 10:07:00-04:00,4110.0,4111.7998046875,4109.39990234375,4111.10009765625,54
2026-07-10 10:08:00-04:00,4111.0,4111.7998046875,4108.2001953125,4109.60009765625,116
2026-07-10 10:09:00-04:00,4109.39990234375,4110.10009765625,4108.7998046875,4109.2001953125,97
2026-07-10 10:10:00-04:00,4109.2998046875,4111.2998046875,4109.2998046875,4110.5,78
2026-07-10 10:11:00-04:00,4110.7998046875,4110.7998046875,4107.60009765625,4108.0,97
2026-07-10 10:12:00-04:00,4108.0,4110.5,4106.60009765625,4110.2001953125,286
2026-07-10 10:13:00-04:00,4110.39990234375,4112.2001953125,4109.2998046875,4111.7001953125,74
2026-07-10 10:14:00-04:00,4111.89990234375,4112.0,4107.60009765625,4108.7998046875,102
2026-07-10 10:15:00-04:00,4108.7998046875,4109.39990234375,4107.2001953125,4108.7998046875,93
2026-07-10 10:16:00-04:00,4108.89990234375,4109.5,4107.10009765625,4107.7001953125,59
2026-07-10 10:17:00-04:00,4107.7998046875,4109.10009765625,4106.10009765625,4108.2998046875,118
2026-07-10 10:18:00-04:00,4108.39990234375,4111.60009765625,4108.39990234375,4110.60009765625,92
2026-07-10 10:19:00-04:00,4110.2998046875,4114.2998046875,4109.5,4113.10009765625,136
2026-07-10 10:20:00-04:00,4113.7001953125,4114.39990234375,4112.7998046875,4113.89990234375,97
2026-07-10 10:21:00-04:00,4113.7998046875,4116.60009765625,4113.5,4115.2998046875,540
2026-07-10 10:22:00-04:00,4115.0,4115.89990234375,4113.60009765625,4115.89990234375,126
2026-07-10 10:23:00-04:00,4115.7001953125,4116.10009765625,4113.10009765625,4113.60009765625,50
2026-07-10 10:24:00-04:00,4113.5,4113.5,4111.5,4111.89990234375,54
2026-07-10 10:25:00-04:00,4111.5,4111.5,4109.2998046875,4110.5,175
2026-07-10 10:26:00-04:00,4111.10009765625,4116.0,4111.0,4115.5,338
2026-07-10 10:27:00-04:00,4115.2001953125,4115.2001953125,4113.2001953125,4115.0,108
2026-07-10 10:28:00-04:00,4115.0,4117.60009765625,4114.10009765625,4116.5,93
2026-07-10 10:29:00-04:00,4116.5,4118.60009765625,4114.0,4114.2998046875,153
2026-07-10 10:30:00-04:00,4114.7001953125,4115.89990234375,4113.7998046875,4114.2001953125,92
2026-07-10 10:31:00-04:00,4113.7998046875,4115.10009765625,4113.7998046875,4114.2998046875,22
2026-07-10 10:32:00-04:00,4114.7998046875,4116.7998046875,4095.699951171875,4096.89990234375,1200
2026-07-10 10:33:00-04:00,4096.89990234375,4099.10009765625,4081.699951171875,4096.2001953125,2544
2026-07-10 10:34:00-04:00,4096.10009765625,4102.60009765625,4094.5,4098.7998046875,641
2026-07-10 10:35:00-04:00,4099.39990234375,4102.10009765625,4097.0,4098.2001953125,337
2026-07-10 10:36:00-04:00,4098.5,4104.39990234375,4097.0,4103.7001953125,534
2026-07-10 10:37:00-04:00,4103.5,4103.5,4099.7998046875,4102.2998046875,174
2026-07-10 10:38:00-04:00,4102.60009765625,4107.2001953125,4101.10009765625,4103.7001953125,269
2026-07-10 10:39:00-04:00,4103.5,4105.2001953125,4102.0,4104.5,338
2026-07-10 10:40:00-04:00,4104.89990234375,4108.0,4104.2998046875,4106.39990234375,133
2026-07-10 10:41:00-04:00,4106.2998046875,4106.7001953125,4104.60009765625,4105.10009765625,87
2026-07-10 10:42:00-04:00,4105.39990234375,4109.7998046875,4105.39990234375,4108.0,261
2026-07-10 10:43:00-04:00,4108.10009765625,4110.0,4106.60009765625,4109.39990234375,145
2026-07-10 10:44:00-04:00,4109.2998046875,4111.0,4107.7001953125,4108.5,223
2026-07-10 10:45:00-04:00,4108.2001953125,4110.10009765625,4107.7998046875,4109.7001953125,80
2026-07-10 10:46:00-04:00,4109.89990234375,4112.7001953125,4109.2001953125,4110.7001953125,181
2026-07-10 10:47:00-04:00,4110.5,4111.7998046875,4109.0,4111.10009765625,102
2026-07-10 10:48:00-04:00,4111.10009765625,4114.89990234375,4111.10009765625,4112.60009765625,328
2026-07-10 10:49:00-04:00,4112.89990234375,4117.10009765625,4112.7001953125,4116.60009765625,244
2026-07-10 10:50:00-04:00,4116.10009765625,4116.39990234375,4114.2001953125,4114.2001953125,135
2026-07-10 10:51:00-04:00,4114.39990234375,4114.7998046875,4112.2998046875,4112.2998046875,108
2026-07-10 10:52:00-04:00,4112.2001953125,4112.2001953125,4110.2001953125,4110.2001953125,91
2026-07-10 10:53:00-04:00,4110.5,4111.0,4109.2998046875,4110.0,134
2026-07-10 10:54:00-04:00,4110.10009765625,4110.7998046875,4109.60009765625,4110.5,73
2026-07-10 10:55:00-04:00,4110.5,4110.89990234375,4107.2001953125,4107.7998046875,146
2026-07-10 10:56:00-04:00,4107.39990234375,4107.5,4103.7998046875,4104.60009765625,391
2026-07-10 10:57:00-04:00,4103.89990234375,4104.7998046875,4100.7001953125,4101.7998046875,256
2026-07-10 10:58:00-04:00,4101.5,4103.0,4100.7998046875,4102.7001953125,192
2026-07-10 10:59:00-04:00,4102.2998046875,4102.2998046875,4100.7998046875,4101.7001953125,44
2026-07-10 11:00:00-04:00,4101.89990234375,4106.39990234375,4100.10009765625,4105.39990234375,176
2026-07-10 11:01:00-04:00,4105.60009765625,4106.7998046875,4104.89990234375,4105.7001953125,119
2026-07-10 11:02:00-04:00,4105.89990234375,4107.7998046875,4103.89990234375,4106.0,112
2026-07-10 11:03:00-04:00,4106.5,4108.10009765625,4106.5,4108.10009765625,121
2026-07-10 11:04:00-04:00,4107.60009765625,4107.60009765625,4105.10009765625,4106.0,65
2026-07-10 11:05:00-04:00,4106.5,4107.2998046875,4105.2998046875,4105.7001953125,85
2026-07-10 11:06:00-04:00,4105.5,4108.60009765625,4105.10009765625,4107.7001953125,63
2026-07-10 11:07:00-04:00,4107.7998046875,4108.10009765625,4107.60009765625,4107.7998046875,39
2026-07-10 11:08:00-04:00,4107.60009765625,4108.2001953125,4105.5,4108.10009765625,63
2026-07-10 11:09:00-04:00,4108.2001953125,4109.60009765625,4107.2001953125,4107.7001953125,139
2026-07-10 11:10:00-04:00,4107.7001953125,4109.10009765625,4107.7001953125,4107.7998046875,69
2026-07-10 11:11:00-04:00,4108.0,4108.0,4106.60009765625,4107.7001953125,49
2026-07-10 11:12:00-04:00,4107.5,4108.89990234375,4107.10009765625,4108.5,142
2026-07-10 11:13:00-04:00,4108.2998046875,4110.0,4108.2998046875,4109.2001953125,36
2026-07-10 11:14:00-04:00,4108.89990234375,4109.10009765625,4106.0,4106.10009765625,87
2026-07-10 11:15:00-04:00,4106.89990234375,4109.2001953125,4106.89990234375,4109.2001953125,58
2026-07-10 11:16:00-04:00,4109.39990234375,4112.2998046875,4109.10009765625,4111.10009765625,187
2026-07-10 11:17:00-04:00,4111.7998046875,4112.2998046875,4109.39990234375,4109.7001953125,90
2026-07-10 11:18:00-04:00,4109.5,4109.7998046875,4107.2001953125,4108.0,96
2026-07-10 11:19:00-04:00,4107.39990234375,4108.7001953125,4106.89990234375,4108.7001953125,64
2026-07-10 11:20:00-04:00,4108.7001953125,4109.7001953125,4107.89990234375,4109.5,50
2026-07-10 11:21:00-04:00,4109.89990234375,4112.0,4109.7001953125,4109.7998046875,82
2026-07-10 11:22:00-04:00,4110.0,4111.5,4109.89990234375,4111.0,50
2026-07-10 11:23:00-04:00,4110.7998046875,4116.0,4110.7998046875,4115.2001953125,267
2026-07-10 11:24:00-04:00,4115.2998046875,4115.7001953125,4114.10009765625,4114.60009765625,73
2026-07-10 11:25:00-04:00,4114.2998046875,4117.0,4114.10009765625,4115.60009765625,125
2026-07-10 11:26:00-04:00,4115.89990234375,4116.7998046875,4114.5,4114.5,82
2026-07-10 11:27:00-04:00,4114.2998046875,4114.2998046875,4111.7998046875,4112.10009765625,117
2026-07-10 11:28:00-04:00,4112.0,4112.2998046875,4110.2001953125,4110.2998046875,165
2026-07-10 11:29:00-04:00,4110.5,4111.39990234375,4109.5,4111.39990234375,337
2026-07-10 11:30:00-04:00,4111.5,4112.7001953125,4111.2001953125,4112.10009765625,64
2026-07-10 11:31:00-04:00,4112.0,4112.60009765625,4110.89990234375,4111.7998046875,68
2026-07-10 11:32:00-04:00,4112.0,4113.0,4111.89990234375,4111.89990234375,56
2026-07-10 11:33:00-04:00,4111.5,4112.2998046875,4110.60009765625,4111.39990234375,105
2026-07-10 11:34:00-04:00,4111.5,4112.7001953125,4110.7998046875,4112.5,52
2026-07-10 11:35:00-04:00,4112.7001953125,4112.7998046875,4110.7001953125,4111.89990234375,30
2026-07-10 11:36:00-04:00,4111.7001953125,4112.5,4111.39990234375,4112.2001953125,23
2026-07-10 11:37:00-04:00,4112.10009765625,4114.60009765625,4112.0,4114.5,64
2026-07-10 11:38:00-04:00,4114.0,4114.7998046875,4113.89990234375,4114.2001953125,48
2026-07-10 11:39:00-04:00,4114.10009765625,4115.5,4112.5,4115.2001953125,80
2026-07-10 11:40:00-04:00,4115.0,4115.2001953125,4113.89990234375,4115.2001953125,87
2026-07-10 11:41:00-04:00,4115.2001953125,4115.5,4114.2001953125,4114.39990234375,54
2026-07-10 11:42:00-04:00,4114.10009765625,4114.10009765625,4113.10009765625,4113.39990234375,24
2026-07-10 11:43:00-04:00,4113.60009765625,4114.39990234375,4112.89990234375,4113.89990234375,53
2026-07-10 11:44:00-04:00,4113.7998046875,4116.10009765625,4113.5,4115.2998046875,77
2026-07-10 11:45:00-04:00,4115.60009765625,4116.0,4115.0,4115.7001953125,58
2026-07-10 11:46:00-04:00,4115.7001953125,4117.2001953125,4115.39990234375,4115.39990234375,178
2026-07-10 11:47:00-04:00,4115.39990234375,4117.10009765625,4115.2998046875,4117.10009765625,17
2026-07-10 11:48:00-04:00,4117.2001953125,4118.7998046875,4116.7001953125,4118.60009765625,248
2026-07-10 11:49:00-04:00,4118.7998046875,4119.7001953125,4118.60009765625,4119.0,111
2026-07-10 11:50:00-04:00,4119.2001953125,4119.39990234375,4117.5,4117.89990234375,53
2026-07-10 11:51:00-04:00,4118.89990234375,4119.2998046875,4117.5,4118.2998046875,79
2026-07-10 11:52:00-04:00,4118.2998046875,4120.39990234375,4118.2001953125,4120.2998046875,54
2026-07-10 11:53:00-04:00,4120.2998046875,4121.2001953125,4119.2998046875,4120.60009765625,81
2026-07-10 11:54:00-04:00,4120.39990234375,4121.0,4119.39990234375,4119.60009765625,61
2026-07-10 11:55:00-04:00,4119.7998046875,4120.0,4118.60009765625,4119.60009765625,75
2026-07-10 11:56:00-04:00,4119.60009765625,4120.7001953125,4119.5,4119.7998046875,71
2026-07-10 11:57:00-04:00,4119.89990234375,4120.7998046875,4119.39990234375,4120.7998046875,132
2026-07-10 11:58:00-04:00,4121.0,4121.7001953125,4119.89990234375,4121.7001953125,50
2026-07-10 11:59:00-04:00,4121.60009765625,4122.7001953125,4121.5,4122.10009765625,414
2026-07-10 12:00:00-04:00,4122.39990234375,4122.7001953125,4120.89990234375,4121.0,132
2026-07-10 12:01:00-04:00,4121.2001953125,4124.0,4121.10009765625,4122.89990234375,212
2026-07-10 12:02:00-04:00,4122.7001953125,4122.89990234375,4120.60009765625,4120.7998046875,81
2026-07-10 12:03:00-04:00,4121.0,4121.39990234375,4120.7001953125,4120.89990234375,89
2026-07-10 12:04:00-04:00,4120.89990234375,4121.60009765625,4120.39990234375,4120.39990234375,80
2026-07-10 12:05:00-04:00,4120.5,4120.5,4119.2001953125,4119.2001953125,90
2026-07-10 12:06:00-04:00,4119.2998046875,4120.60009765625,4118.7001953125,4120.0,74
2026-07-10 12:07:00-04:00,4120.0,4121.5,4119.0,4119.2001953125,132
2026-07-10 12:08:00-04:00,4119.0,4120.2998046875,4118.2001953125,4119.89990234375,57
2026-07-10 12:09:00-04:00,4120.0,4121.39990234375,4119.89990234375,4120.60009765625,63
2026-07-10 12:10:00-04:00,4120.7001953125,4120.7001953125,4119.2998046875,4120.39990234375,65
2026-07-10 12:11:00-04:00,4120.7001953125,4121.89990234375,4116.89990234375,4118.0,190
2026-07-10 12:12:00-04:00,4118.10009765625,4118.60009765625,4117.7001953125,4118.39990234375,73
2026-07-10 12:13:00-04:00,4118.7998046875,4119.60009765625,4118.60009765625,4119.5,46
2026-07-10 12:14:00-04:00,4119.39990234375,4119.60009765625,4118.2998046875,4119.39990234375,58
2026-07-10 12:15:00-04:00,4119.5,4121.39990234375,4119.5,4121.2001953125,91
2026-07-10 12:16:00-04:00,4121.0,4122.5,4120.7001953125,4122.2001953125,106
2026-07-10 12:17:00-04:00,4122.2998046875,4122.2998046875,4119.89990234375,4120.60009765625,105
2026-07-10 12:18:00-04:00,4120.7998046875,4121.10009765625,4119.7001953125,4119.7998046875,71
2026-07-10 12:19:00-04:00,4119.89990234375,4120.5,4119.60009765625,4120.2001953125,54
2026-07-10 12:20:00-04:00,4119.7998046875,4119.7998046875,4117.7001953125,4117.7001953125,88
2026-07-10 12:21:00-04:00,4117.5,4118.2998046875,4117.39990234375,4117.7998046875,64
2026-07-10 12:22:00-04:00,4117.60009765625,4118.2998046875,4116.2001953125,4117.7998046875,152
2026-07-10 12:23:00-04:00,4117.7001953125,4118.89990234375,4117.7001953125,4118.89990234375,44
2026-07-10 12:24:00-04:00,4118.89990234375,4120.39990234375,4118.7998046875,4120.0,113
2026-07-10 12:25:00-04:00,4120.10009765625,4121.60009765625,4120.0,4120.89990234375,85
2026-07-10 12:26:00-04:00,4121.0,4122.5,4120.89990234375,4122.39990234375,49
2026-07-10 12:27:00-04:00,4122.39990234375,4123.5,4121.89990234375,4123.10009765625,38
2026-07-10 12:28:00-04:00,4123.0,4123.2001953125,4122.0,4122.2998046875,47
2026-07-10 12:29:00-04:00,4122.39990234375,4123.60009765625,4122.10009765625,4123.60009765625,75
2026-07-10 12:30:00-04:00,4123.5,4124.7998046875,4122.7001953125,4124.2001953125,68
2026-07-10 12:31:00-04:00,4124.2998046875,4124.60009765625,4123.5,4123.5,57
2026-07-10 12:32:00-04:00,4123.7001953125,4124.10009765625,4123.2001953125,4123.60009765625,35
2026-07-10 12:33:00-04:00,4123.7998046875,4123.7998046875,4122.10009765625,4122.7998046875,56
2026-07-10 12:34:00-04:00,4123.10009765625,4123.5,4121.89990234375,4121.89990234375,34
2026-07-10 12:35:00-04:00,4122.10009765625,4122.89990234375,4121.7998046875,4122.89990234375,56
2026-07-10 12:36:00-04:00,4122.7001953125,4122.7001953125,4121.39990234375,4121.7001953125,107
2026-07-10 12:37:00-04:00,4121.39990234375,4122.5,4121.10009765625,4122.2001953125,142
2026-07-10 12:38:00-04:00,4122.5,4123.60009765625,4122.39990234375,4122.7001953125,38
2026-07-10 12:39:00-04:00,4122.7998046875,4123.0,4121.60009765625,4121.60009765625,35
2026-07-10 12:40:00-04:00,4121.60009765625,4122.89990234375,4121.2998046875,4122.10009765625,56
2026-07-10 12:41:00-04:00,4122.10009765625,4122.2001953125,4121.10009765625,4121.60009765625,49
2026-07-10 12:42:00-04:00,4121.39990234375,4121.7001953125,4120.2001953125,4120.2998046875,87
2026-07-10 12:43:00-04:00,4120.39990234375,4121.2001953125,4120.2001953125,4120.5,55
2026-07-10 12:44:00-04:00,4120.39990234375,4120.39990234375,4118.0,4118.2998046875,121
2026-07-10 12:45:00-04:00,4118.60009765625,4119.10009765625,4118.0,4118.0,52
2026-07-10 12:46:00-04:00,4117.89990234375,4118.5,4117.60009765625,4118.10009765625,60
2026-07-10 12:47:00-04:00,4118.2001953125,4118.2001953125,4117.0,4117.2001953125,72
2026-07-10 12:48:00-04:00,4117.2001953125,4118.0,4116.89990234375,4117.39990234375,61
2026-07-10 12:49:00-04:00,4117.2998046875,4117.5,4116.7001953125,4116.89990234375,65
2026-07-10 12:50:00-04:00,4116.89990234375,4118.2998046875,4116.60009765625,4117.60009765625,110
2026-07-10 12:51:00-04:00,4117.5,4118.39990234375,4117.5,4117.7998046875,62
2026-07-10 12:52:00-04:00,4117.7001953125,4117.7998046875,4115.7998046875,4116.0,59
2026-07-10 12:53:00-04:00,4115.7001953125,4116.5,4115.2998046875,4116.2998046875,551
2026-07-10 12:54:00-04:00,4116.2001953125,4116.2001953125,4115.0,4115.2998046875,45
2026-07-10 12:55:00-04:00,4115.39990234375,4116.0,4114.10009765625,4114.89990234375,100
2026-07-10 12:56:00-04:00,4115.10009765625,4115.7998046875,4115.10009765625,4115.5,31
2026-07-10 12:57:00-04:00,4115.7998046875,4116.0,4115.2998046875,4116.0,22
2026-07-10 12:58:00-04:00,4115.89990234375,4115.89990234375,4114.5,4114.7001953125,36
2026-07-10 12:59:00-04:00,4114.5,4114.60009765625,4113.2998046875,4113.60009765625,90
2026-07-10 13:00:00-04:00,4113.39990234375,4114.39990234375,4112.7998046875,4113.2998046875,72
2026-07-10 13:01:00-04:00,4113.2998046875,4114.0,4112.5,4113.2001953125,72
2026-07-10 13:02:00-04:00,4112.7998046875,4114.10009765625,4112.10009765625,4113.60009765625,141
2026-07-10 13:03:00-04:00,4112.89990234375,4113.2001953125,4112.5,4112.7998046875,41
2026-07-10 13:04:00-04:00,4112.39990234375,4112.60009765625,4111.7998046875,4112.2001953125,47
2026-07-10 13:05:00-04:00,4111.7998046875,4112.7001953125,4111.39990234375,4112.7001953125,51
2026-07-10 13:06:00-04:00,4112.7001953125,4113.2998046875,4112.60009765625,4113.2998046875,47
2026-07-10 13:07:00-04:00,4113.39990234375,4113.5,4111.2998046875,4111.89990234375,54
2026-07-10 13:08:00-04:00,4112.0,4114.60009765625,4112.0,4114.2998046875,81
2026-07-10 13:09:00-04:00,4114.39990234375,4114.39990234375,4112.7001953125,4112.89990234375,48
2026-07-10 13:10:00-04:00,4113.0,4114.10009765625,4112.60009765625,4114.10009765625,46
2026-07-10 13:11:00-04:00,4114.2998046875,4114.5,4114.0,4114.39990234375,18
2026-07-10 13:12:00-04:00,4114.39990234375,4114.5,4112.2001953125,4113.7001953125,243
2026-07-10 13:13:00-04:00,4113.5,4113.5,4111.60009765625,4111.60009765625,43
2026-07-10 13:14:00-04:00,4112.2998046875,4113.2001953125,4112.2998046875,4112.7001953125,25
2026-07-10 13:15:00-04:00,4113.0,4114.39990234375,4112.89990234375,4113.7998046875,72
2026-07-10 13:16:00-04:00,4114.2998046875,4115.2001953125,4114.2001953125,4114.60009765625,92
2026-07-10 13:17:00-04:00,4114.7001953125,4115.39990234375,4114.7001953125,4114.89990234375,92
2026-07-10 13:18:00-04:00,4114.7001953125,4115.2001953125,4114.0,4114.2001953125,65
2026-07-10 13:19:00-04:00,4114.60009765625,4114.7001953125,4113.2001953125,4113.5,80
2026-07-10 13:20:00-04:00,4114.0,4115.2001953125,4113.7998046875,4115.2001953125,82
2026-07-10 13:21:00-04:00,4115.39990234375,4115.7998046875,4115.10009765625,4115.39990234375,89
2026-07-10 13:22:00-04:00,4115.39990234375,4115.7001953125,4115.0,4115.0,94
2026-07-10 13:23:00-04:00,4114.7998046875,4115.39990234375,4114.7001953125,4115.0,64
2026-07-10 13:24:00-04:00,4115.2001953125,4115.39990234375,4114.5,4114.60009765625,64
2026-07-10 13:25:00-04:00,4114.39990234375,4114.60009765625,4112.7998046875,4113.60009765625,99
2026-07-10 13:26:00-04:00,4113.7998046875,4114.60009765625,4113.7998046875,4114.10009765625,68
2026-07-10 13:27:00-04:00,4114.5,4114.60009765625,4114.0,4114.5,111
2026-07-10 13:28:00-04:00,4114.5,4115.0,4114.39990234375,4114.60009765625,152
2026-07-10 13:29:00-04:00,4114.7001953125,4114.7998046875,4112.89990234375,4114.39990234375,1930
2026-07-10 13:30:00-04:00,4114.39990234375,4115.5,4114.2001953125,4114.7998046875,238
2026-07-10 13:31:00-04:00,4114.7001953125,4115.60009765625,4114.7001953125,4115.60009765625,18
2026-07-10 13:32:00-04:00,4115.7001953125,4115.7998046875,4114.7001953125,4114.89990234375,52
2026-07-10 13:33:00-04:00,4114.60009765625,4114.89990234375,4114.0,4114.60009765625,58
2026-07-10 13:34:00-04:00,4114.2998046875,4114.5,4113.60009765625,4114.2001953125,29
2026-07-10 13:35:00-04:00,4114.0,4114.2998046875,4113.7001953125,4113.7001953125,349
2026-07-10 13:36:00-04:00,4113.7001953125,4113.89990234375,4112.89990234375,4113.7001953125,41
2026-07-10 13:37:00-04:00,4113.5,4113.7998046875,4112.89990234375,4113.60009765625,53
2026-07-10 13:38:00-04:00,4113.7001953125,4114.10009765625,4112.60009765625,4113.2001953125,69
2026-07-10 13:39:00-04:00,4113.0,4113.60009765625,4112.39990234375,4112.7001953125,95
2026-07-10 13:40:00-04:00,4113.0,4113.7001953125,4113.0,4113.10009765625,20
2026-07-10 13:41:00-04:00,4113.2001953125,4113.2001953125,4112.39990234375,4112.7998046875,51
2026-07-10 13:42:00-04:00,4112.89990234375,4113.2998046875,4112.10009765625,4112.7998046875,47
2026-07-10 13:43:00-04:00,4112.60009765625,4114.2001953125,4112.60009765625,4113.60009765625,39
2026-07-10 13:44:00-04:00,4113.2998046875,4113.39990234375,4112.7998046875,4112.7998046875,28
2026-07-10 13:45:00-04:00,4112.7001953125,4113.5,4112.2998046875,4113.0,41
2026-07-10 13:46:00-04:00,4113.5,4113.5,4112.0,4112.0,30
2026-07-10 13:47:00-04:00,4112.10009765625,4112.39990234375,4111.7998046875,4112.39990234375,35
2026-07-10 13:48:00-04:00,4112.5,4113.10009765625,4112.5,4112.7998046875,14
2026-07-10 13:49:00-04:00,4112.60009765625,4112.89990234375,4111.7001953125,4112.2998046875,43
2026-07-10 13:50:00-04:00,4112.2998046875,4113.5,4112.2998046875,4113.5,28
2026-07-10 13:51:00-04:00,4113.39990234375,4113.39990234375,4112.89990234375,4112.89990234375,20
2026-07-10 13:52:00-04:00,4113.0,4114.10009765625,4113.0,4113.7001953125,29
2026-07-10 13:53:00-04:00,4113.7001953125,4113.7001953125,4112.39990234375,4112.39990234375,57
2026-07-10 13:54:00-04:00,4112.2001953125,4112.7001953125,4112.2001953125,4112.7001953125,20
2026-07-10 13:55:00-04:00,4112.7001953125,4112.7001953125,4111.39990234375,4111.89990234375,53
2026-07-10 13:56:00-04:00,4111.7998046875,4111.89990234375,4110.7998046875,4111.10009765625,77
2026-07-10 13:57:00-04:00,4111.5,4111.5,4109.89990234375,4110.5,134
2026-07-10 13:58:00-04:00,4110.39990234375,4110.7998046875,4109.89990234375,4110.2001953125,84
2026-07-10 13:59:00-04:00,4110.2001953125,4110.2998046875,4109.39990234375,4109.60009765625,62
2026-07-10 14:00:00-04:00,4109.7998046875,4110.2998046875,4109.2001953125,4109.7001953125,88
2026-07-10 14:01:00-04:00,4110.0,4110.10009765625,4108.89990234375,4109.5,219
2026-07-10 14:02:00-04:00,4109.60009765625,4110.7998046875,4109.60009765625,4110.7998046875,27
2026-07-10 14:03:00-04:00,4110.89990234375,4111.60009765625,4110.60009765625,4110.7998046875,68
2026-07-10 14:04:00-04:00,4110.7001953125,4111.7998046875,4110.60009765625,4111.7998046875,42
2026-07-10 14:05:00-04:00,4111.7998046875,4111.7998046875,4111.0,4111.39990234375,41
2026-07-10 14:06:00-04:00,4111.2001953125,4111.60009765625,4110.89990234375,4111.0,82
2026-07-10 14:07:00-04:00,4110.7998046875,4111.5,4110.7998046875,4111.5,68
2026-07-10 14:08:00-04:00,4111.5,4112.2001953125,4111.2998046875,4112.2001953125,32
2026-07-10 14:09:00-04:00,4112.39990234375,4112.89990234375,4112.2998046875,4112.2998046875,33
2026-07-10 14:10:00-04:00,4112.60009765625,4114.2998046875,4112.10009765625,4113.5,152
2026-07-10 14:11:00-04:00,4113.5,4113.7998046875,4112.7998046875,4113.0,41
2026-07-10 14:12:00-04:00,4113.2001953125,4114.0,4112.89990234375,4112.89990234375,30
2026-07-10 14:13:00-04:00,4113.0,4113.60009765625,4112.89990234375,4113.2001953125,39
2026-07-10 14:14:00-04:00,4113.10009765625,4114.2001953125,4113.10009765625,4113.7998046875,37
2026-07-10 14:15:00-04:00,4113.89990234375,4113.89990234375,4112.7998046875,4112.7998046875,16
2026-07-10 14:16:00-04:00,4112.5,4113.0,4112.10009765625,4113.0,40
2026-07-10 14:17:00-04:00,4112.89990234375,4113.2001953125,4112.7998046875,4113.10009765625,22
2026-07-10 14:18:00-04:00,4112.5,4112.7998046875,4111.0,4111.2001953125,80
2026-07-10 14:19:00-04:00,4111.2001953125,4112.2998046875,4111.10009765625,4112.2998046875,37
2026-07-10 14:20:00-04:00,4112.0,4112.39990234375,4111.7998046875,4112.39990234375,25
2026-07-10 14:21:00-04:00,4113.0,4113.39990234375,4112.7998046875,4113.0,37
2026-07-10 14:22:00-04:00,4113.2001953125,4113.2001953125,4111.7001953125,4112.2001953125,43
2026-07-10 14:23:00-04:00,4111.7998046875,4111.89990234375,4111.5,4111.5,21
2026-07-10 14:24:00-04:00,4111.89990234375,4112.60009765625,4111.39990234375,4111.39990234375,67
2026-07-10 14:25:00-04:00,4111.60009765625,4114.7998046875,4111.60009765625,4112.7001953125,151
2026-07-10 14:26:00-04:00,4112.5,4112.5,4112.2998046875,4112.2998046875,4
2026-07-10 14:27:00-04:00,4112.2001953125,4112.7998046875,4112.10009765625,4112.39990234375,40
2026-07-10 14:28:00-04:00,4112.5,4113.10009765625,4112.0,4112.7998046875,34
2026-07-10 14:29:00-04:00,4112.60009765625,4112.60009765625,4111.39990234375,4111.7998046875,57
2026-07-10 14:30:00-04:00,4112.0,4112.0,4110.7001953125,4110.89990234375,59
2026-07-10 14:31:00-04:00,4111.10009765625,4111.10009765625,4110.10009765625,4110.60009765625,63
2026-07-10 14:32:00-04:00,4110.7998046875,4112.5,4110.5,4111.2998046875,67
2026-07-10 14:33:00-04:00,4111.2998046875,4111.89990234375,4111.10009765625,4111.7998046875,11
2026-07-10 14:34:00-04:00,4111.60009765625,4112.2001953125,4111.2001953125,4112.2001953125,63
2026-07-10 14:35:00-04:00,4111.89990234375,4112.0,4111.5,4112.0,18
2026-07-10 14:36:00-04:00,4112.10009765625,4112.2001953125,4111.5,4111.60009765625,14
2026-07-10 14:37:00-04:00,4111.39990234375,4111.7001953125,4110.7998046875,4110.89990234375,28
2026-07-10 14:38:00-04:00,4110.7001953125,4110.7998046875,4109.7001953125,4109.7998046875,57
2026-07-10 14:39:00-04:00,4109.7001953125,4109.89990234375,4108.2998046875,4108.60009765625,224
2026-07-10 14:40:00-04:00,4108.5,4109.39990234375,4108.10009765625,4109.2001953125,35
2026-07-10 14:41:00-04:00,4109.2001953125,4109.2001953125,4108.0,4108.60009765625,66
2026-07-10 14:42:00-04:00,4108.2001953125,4108.2001953125,4107.2001953125,4107.2001953125,57
2026-07-10 14:43:00-04:00,4107.7001953125,4108.0,4107.10009765625,4107.7001953125,58
2026-07-10 14:44:00-04:00,4107.60009765625,4108.2001953125,4107.5,4107.7001953125,41
2026-07-10 14:45:00-04:00,4107.7001953125,4107.7001953125,4106.7998046875,4107.5,60
2026-07-10 14:46:00-04:00,4107.7001953125,4108.2001953125,4107.39990234375,4108.0,42
2026-07-10 14:47:00-04:00,4107.7001953125,4107.7998046875,4107.39990234375,4107.60009765625,16
2026-07-10 14:48:00-04:00,4107.7998046875,4108.7998046875,4107.7998046875,4108.2001953125,37
2026-07-10 14:49:00-04:00,4108.0,4108.7998046875,4107.89990234375,4108.7998046875,47
2026-07-10 14:50:00-04:00,4109.0,4109.39990234375,4108.7998046875,4109.2001953125,37
2026-07-10 14:51:00-04:00,4109.0,4109.39990234375,4108.89990234375,4109.2001953125,16
2026-07-10 14:52:00-04:00,4109.0,4109.10009765625,4108.7001953125,4109.10009765625,31
2026-07-10 14:53:00-04:00,4109.10009765625,4109.10009765625,4108.2998046875,4108.39990234375,33
2026-07-10 14:54:00-04:00,4108.89990234375,4110.0,4108.60009765625,4110.0,62
2026-07-10 14:55:00-04:00,4109.7998046875,4110.2001953125,4109.7001953125,4110.0,12
2026-07-10 14:56:00-04:00,4110.0,4110.2001953125,4109.5,4109.7998046875,109
2026-07-10 14:57:00-04:00,4109.7998046875,4109.89990234375,4109.5,4109.5,28
2026-07-10 14:58:00-04:00,4109.2998046875,4109.60009765625,4108.89990234375,4109.60009765625,47
2026-07-10 14:59:00-04:00,4109.2998046875,4110.10009765625,4109.2001953125,4109.7001953125,36
2026-07-10 15:00:00-04:00,4109.7001953125,4109.7001953125,4108.2998046875,4108.7001953125,128
2026-07-10 15:01:00-04:00,4108.5,4108.5,4106.7998046875,4106.7998046875,72
2026-07-10 15:02:00-04:00,4107.0,4107.2001953125,4106.2998046875,4106.60009765625,42
2026-07-10 15:03:00-04:00,4106.7001953125,4107.2001953125,4106.7001953125,4107.10009765625,42
2026-07-10 15:04:00-04:00,4107.0,4107.0,4106.39990234375,4106.39990234375,9
2026-07-10 15:05:00-04:00,4106.7001953125,4107.7001953125,4106.2998046875,4107.7001953125,159
2026-07-10 15:06:00-04:00,4107.89990234375,4108.0,4107.2001953125,4107.7998046875,26
2026-07-10 15:07:00-04:00,4107.7998046875,4111.0,4107.7998046875,4110.5,122
2026-07-10 15:08:00-04:00,4110.10009765625,4111.10009765625,4110.0,4110.39990234375,118
2026-07-10 15:09:00-04:00,4110.2998046875,4110.5,4109.5,4109.89990234375,47
2026-07-10 15:10:00-04:00,4109.7001953125,4109.89990234375,4108.60009765625,4108.60009765625,48
2026-07-10 15:11:00-04:00,4108.7001953125,4108.7001953125,4107.39990234375,4107.89990234375,42
2026-07-10 15:12:00-04:00,4108.10009765625,4108.10009765625,4107.5,4107.7998046875,23
2026-07-10 15:13:00-04:00,4108.0,4109.5,4107.7998046875,4109.5,24
2026-07-10 15:14:00-04:00,4109.60009765625,4110.39990234375,4109.39990234375,4110.2001953125,45
2026-07-10 15:15:00-04:00,4110.2001953125,4110.5,4109.7998046875,4109.7998046875,25
2026-07-10 15:16:00-04:00,4110.10009765625,4111.39990234375,4110.0,4111.10009765625,48
2026-07-10 15:17:00-04:00,4111.2998046875,4111.5,4110.0,4110.0,32
2026-07-10 15:18:00-04:00,4110.2998046875,4111.0,4110.2998046875,4111.0,24
2026-07-10 15:19:00-04:00,4111.2001953125,4111.5,4111.10009765625,4111.39990234375,8
2026-07-10 15:20:00-04:00,4111.2998046875,4111.39990234375,4110.89990234375,4111.2998046875,15
2026-07-10 15:21:00-04:00,4111.0,4111.5,4110.89990234375,4111.0,32
2026-07-10 15:22:00-04:00,4111.0,4111.2001953125,4111.0,4111.0,8
2026-07-10 15:23:00-04:00,4111.2001953125,4111.89990234375,4111.2001953125,4111.7998046875,13
2026-07-10 15:24:00-04:00,4111.0,4111.0,4110.2998046875,4110.2998046875,20
2026-07-10 15:25:00-04:00,4110.39990234375,4111.2001953125,4110.39990234375,4110.39990234375,31
2026-07-10 15:26:00-04:00,4110.39990234375,4110.5,4110.2998046875,4110.5,18
2026-07-10 15:27:00-04:00,4110.7001953125,4110.89990234375,4110.2998046875,4110.5,17
2026-07-10 15:28:00-04:00,4110.2998046875,4111.0,4110.2998046875,4111.0,23
2026-07-10 15:29:00-04:00,4110.7998046875,4111.0,4110.2998046875,4110.2998046875,54
2026-07-10 15:30:00-04:00,4110.10009765625,4110.5,4109.2001953125,4109.89990234375,36
2026-07-10 15:31:00-04:00,4109.39990234375,4109.7001953125,4109.10009765625,4109.7001953125,40
2026-07-10 15:32:00-04:00,4109.5,4111.2001953125,4109.0,4110.5,156
2026-07-10 15:33:00-04:00,4110.39990234375,4110.39990234375,4109.60009765625,4110.2001953125,17
2026-07-10 15:34:00-04:00,4110.2998046875,4110.2998046875,4109.7001953125,4109.7998046875,32
2026-07-10 15:35:00-04:00,4109.89990234375,4110.0,4109.39990234375,4109.7998046875,44
2026-07-10 15:36:00-04:00,4109.39990234375,4110.60009765625,4109.39990234375,4109.89990234375,48
2026-07-10 15:37:00-04:00,4109.7001953125,4110.2001953125,4109.60009765625,4109.89990234375,27
2026-07-10 15:38:00-04:00,4109.7998046875,4111.39990234375,4109.60009765625,4111.10009765625,42
2026-07-10 15:39:00-04:00,4111.0,4111.0,4110.60009765625,4110.60009765625,9
2026-07-10 15:40:00-04:00,4110.60009765625,4110.7001953125,4110.2998046875,4110.2998046875,13
2026-07-10 15:41:00-04:00,4110.2001953125,4111.0,4110.2001953125,4110.2998046875,47
2026-07-10 15:42:00-04:00,4110.39990234375,4112.0,4110.2001953125,4111.89990234375,40
2026-07-10 15:43:00-04:00,4111.7998046875,4112.0,4111.2998046875,4111.2998046875,42
2026-07-10 15:44:00-04:00,4111.2001953125,4111.2001953125,4110.7001953125,4110.89990234375,37
2026-07-10 15:45:00-04:00,4111.10009765625,4111.7001953125,4111.10009765625,4111.2001953125,21
2026-07-10 15:46:00-04:00,4111.2998046875,4111.89990234375,4111.2001953125,4111.7001953125,37
2026-07-10 15:47:00-04:00,4111.7001953125,4111.89990234375,4111.5,4111.5,23
2026-07-10 15:48:00-04:00,4111.39990234375,4113.2998046875,4110.7998046875,4113.2001953125,99
2026-07-10 15:49:00-04:00,4113.39990234375,4113.60009765625,4113.2998046875,4113.2998046875,13
2026-07-10 15:50:00-04:00,4113.39990234375,4113.7998046875,4112.89990234375,4113.39990234375,33
2026-07-10 15:51:00-04:00,4113.39990234375,4114.0,4113.0,4113.39990234375,38
2026-07-10 15:52:00-04:00,4113.5,4113.89990234375,4113.2998046875,4113.60009765625,43
2026-07-10 15:53:00-04:00,4113.2001953125,4113.60009765625,4112.7001953125,4113.2998046875,73
2026-07-10 15:54:00-04:00,4113.10009765625,4114.2998046875,4113.10009765625,4114.0,74
2026-07-10 15:55:00-04:00,4114.0,4115.5,4113.60009765625,4115.2998046875,82
2026-07-10 15:56:00-04:00,4115.2001953125,4115.7998046875,4114.7998046875,4115.60009765625,50
2026-07-10 15:57:00-04:00,4115.5,4116.10009765625,4115.10009765625,4115.2001953125,62
2026-07-10 15:58:00-04:00,4115.2001953125,4116.89990234375,4115.10009765625,4116.5,114
2026-07-10 15:59:00-04:00,4116.60009765625,4117.0,4116.2001953125,4116.60009765625,138
2026-07-10 16:00:00-04:00,4116.39990234375,4120.89990234375,4116.2998046875,4120.7998046875,148
2026-07-10 16:01:00-04:00,4120.7998046875,4122.39990234375,4120.2998046875,4122.0,53
2026-07-10 16:02:00-04:00,4121.60009765625,4123.39990234375,4120.60009765625,4121.10009765625,131
2026-07-10 16:03:00-04:00,4121.2001953125,4121.2001953125,4120.10009765625,4120.10009765625,16
2026-07-10 16:04:00-04:00,4120.2998046875,4122.0,4120.2001953125,4122.0,22
2026-07-10 16:05:00-04:00,4121.7001953125,4121.7001953125,4121.10009765625,4121.10009765625,16
2026-07-10 16:06:00-04:00,4121.0,4121.5,4120.0,4120.39990234375,38
2026-07-10 16:07:00-04:00,4120.2998046875,4120.2998046875,4119.10009765625,4119.39990234375,31
2026-07-10 16:08:00-04:00,4119.2998046875,4120.2001953125,4119.2998046875,4120.0,36
2026-07-10 16:09:00-04:00,4120.0,4120.10009765625,4119.7998046875,4119.7998046875,6
2026-07-10 16:10:00-04:00,4120.10009765625,4120.5,4119.5,4119.5,49
2026-07-10 16:11:00-04:00,4119.5,4119.5,4119.2998046875,4119.39990234375,4
2026-07-10 16:12:00-04:00,4119.60009765625,4120.0,4119.2998046875,4120.0,21
2026-07-10 16:13:00-04:00,4120.2001953125,4120.7998046875,4120.2001953125,4120.2998046875,9
2026-07-10 16:14:00-04:00,4120.39990234375,4120.39990234375,4120.39990234375,4120.39990234375,1
2026-07-10 16:15:00-04:00,4120.2001953125,4120.2001953125,4119.0,4119.5,40
2026-07-10 16:16:00-04:00,4119.5,4119.5,4119.5,4119.5,1
2026-07-10 16:17:00-04:00,4119.2001953125,4119.7998046875,4119.2001953125,4119.39990234375,19
2026-07-10 16:18:00-04:00,4119.39990234375,4120.7001953125,4119.2998046875,4120.39990234375,24
2026-07-10 16:19:00-04:00,4120.39990234375,4120.5,4120.10009765625,4120.5,8
2026-07-10 16:20:00-04:00,4120.5,4120.7001953125,4120.2001953125,4120.60009765625,5
2026-07-10 16:21:00-04:00,4120.7998046875,4121.2001953125,4120.7998046875,4120.89990234375,8
2026-07-10 16:22:00-04:00,4120.5,4120.7001953125,4120.39990234375,4120.5,43
2026-07-10 16:23:00-04:00,4120.60009765625,4120.60009765625,4120.5,4120.5,3
2026-07-10 16:24:00-04:00,4120.39990234375,4120.89990234375,4120.10009765625,4120.60009765625,13
2026-07-10 16:25:00-04:00,4120.2998046875,4120.2998046875,4119.7998046875,4119.7998046875,10
2026-07-10 16:26:00-04:00,4120.10009765625,4120.10009765625,4119.5,4120.0,18
2026-07-10 16:27:00-04:00,4120.0,4120.60009765625,4119.5,4119.89990234375,20
2026-07-10 16:28:00-04:00,4119.5,4119.60009765625,4119.0,4119.2001953125,15
2026-07-10 16:29:00-04:00,4119.5,4119.7998046875,4119.2998046875,4119.60009765625,9
2026-07-10 16:30:00-04:00,4119.7001953125,4119.7998046875,4118.7998046875,4119.10009765625,20
2026-07-10 16:31:00-04:00,4119.10009765625,4120.10009765625,4119.0,4120.0,25
2026-07-10 16:32:00-04:00,4119.7001953125,4119.7001953125,4119.7001953125,4119.7001953125,1
2026-07-10 16:33:00-04:00,4119.7998046875,4120.2998046875,4119.7998046875,4120.0,15
2026-07-10 16:34:00-04:00,4120.0,4120.2001953125,4119.89990234375,4120.2001953125,3
2026-07-10 16:35:00-04:00,4120.2998046875,4120.2998046875,4120.2998046875,4120.2998046875,2
2026-07-10 16:36:00-04:00,4119.7001953125,4119.7998046875,4119.7001953125,4119.7001953125,5
2026-07-10 16:37:00-04:00,4119.5,4119.5,4119.5,4119.5,3
2026-07-10 16:38:00-04:00,4119.2998046875,4119.5,4119.2001953125,4119.2998046875,11
2026-07-10 16:39:00-04:00,4119.7001953125,4120.2001953125,4119.5,4119.89990234375,10
2026-07-10 16:40:00-04:00,4120.0,4120.2998046875,4119.89990234375,4119.89990234375,10
2026-07-10 16:41:00-04:00,4120.39990234375,4120.7001953125,4120.2998046875,4120.7001953125,6
2026-07-10 16:42:00-04:00,4120.89990234375,4120.89990234375,4120.2998046875,4120.2998046875,9
2026-07-10 16:43:00-04:00,4120.2998046875,4120.2998046875,4119.5,4119.5,3
2026-07-10 16:44:00-04:00,4119.60009765625,4120.2998046875,4119.60009765625,4120.2998046875,10
2026-07-10 16:45:00-04:00,4120.0,4120.60009765625,4120.0,4120.60009765625,16
2026-07-10 16:46:00-04:00,4120.89990234375,4121.10009765625,4120.5,4120.7998046875,12
2026-07-10 16:47:00-04:00,4120.7998046875,4121.2998046875,4120.7001953125,4120.7001953125,25
2026-07-10 16:48:00-04:00,4120.7998046875,4121.2998046875,4120.7998046875,4120.7998046875,7
2026-07-10 16:49:00-04:00,4120.5,4122.10009765625,4120.5,4122.0,32
2026-07-10 16:50:00-04:00,4121.89990234375,4122.2998046875,4121.39990234375,4122.2998046875,10
2026-07-10 16:51:00-04:00,4122.0,4122.2998046875,4121.39990234375,4122.10009765625,25
2026-07-10 16:52:00-04:00,4122.2001953125,4122.39990234375,4122.10009765625,4122.39990234375,5
2026-07-10 16:53:00-04:00,4122.5,4128.2001953125,4122.5,4127.2001953125,185
2026-07-10 16:54:00-04:00,4127.5,4127.5,4126.0,4127.39990234375,49
2026-07-10 16:55:00-04:00,4127.2998046875,4128.89990234375,4127.2998046875,4128.39990234375,51
2026-07-10 16:56:00-04:00,4128.0,4128.2001953125,4127.0,4128.2001953125,19
2026-07-10 16:57:00-04:00,4128.2001953125,4128.7998046875,4127.60009765625,4127.7998046875,24
2026-07-10 16:58:00-04:00,4127.60009765625,4128.5,4126.7998046875,4127.60009765625,55
2026-07-10 16:59:00-04:00,4127.7001953125,4129.0,4113.7001953125,4113.7001953125,98
2026-07-12 18:10:00-04:00,4097.89990234375,4102.2001953125,4096.2001953125,4099.5,0
2026-07-12 18:11:00-04:00,4099.2001953125,4099.60009765625,4089.0,4092.0,188
2026-07-12 18:12:00-04:00,4092.300048828125,4095.300048828125,4088.39990234375,4089.89990234375,102
2026-07-12 18:13:00-04:00,4090.0,4092.5,4088.5,4091.39990234375,105
2026-07-12 18:14:00-04:00,4090.800048828125,4090.800048828125,4088.800048828125,4089.0,47
2026-07-12 18:15:00-04:00,4089.39990234375,4094.10009765625,4088.800048828125,4093.699951171875,68
2026-07-12 18:16:00-04:00,4093.0,4095.0,4092.5,4094.800048828125,46
2026-07-12 18:17:00-04:00,4093.800048828125,4094.89990234375,4093.5,4093.699951171875,12
2026-07-12 18:18:00-04:00,4093.300048828125,4094.5,4091.89990234375,4094.10009765625,32
2026-07-12 18:19:00-04:00,4093.800048828125,4096.0,4093.699951171875,4093.89990234375,115
2026-07-12 18:20:00-04:00,4093.199951171875,4095.0,4092.300048828125,4094.800048828125,34
2026-07-12 18:21:00-04:00,4095.0,4095.5,4093.699951171875,4093.699951171875,9
2026-07-12 18:22:00-04:00,4093.60009765625,4093.60009765625,4091.39990234375,4092.199951171875,65
2026-07-12 18:23:00-04:00,4091.699951171875,4091.699951171875,4090.5,4091.10009765625,18
2026-07-12 18:24:00-04:00,4091.5,4092.0,4089.89990234375,4089.89990234375,24
2026-07-12 18:25:00-04:00,4090.0,4090.10009765625,4087.39990234375,4088.60009765625,66
2026-07-12 18:26:00-04:00,4089.10009765625,4091.60009765625,4089.0,4091.0,77
2026-07-12 18:27:00-04:00,4090.89990234375,4093.300048828125,4090.300048828125,4091.699951171875,33
2026-07-12 18:28:00-04:00,4091.800048828125,4093.60009765625,4091.800048828125,4093.10009765625,25
2026-07-12 18:29:00-04:00,4092.800048828125,4093.0,4091.5,4091.5,14
2026-07-12 18:30:00-04:00,4091.60009765625,4094.199951171875,4091.199951171875,4093.60009765625,87
2026-07-12 18:31:00-04:00,4092.89990234375,4093.0,4090.199951171875,4090.199951171875,30
2026-07-12 18:32:00-04:00,4090.60009765625,4091.60009765625,4090.39990234375,4091.10009765625,8
2026-07-12 18:33:00-04:00,4091.699951171875,4092.300048828125,4091.699951171875,4091.800048828125,5
2026-07-12 18:34:00-04:00,4091.199951171875,4091.199951171875,4090.300048828125,4090.699951171875,5
2026-07-12 18:35:00-04:00,4090.89990234375,4092.0,4090.89990234375,4092.0,4
2026-07-12 18:36:00-04:00,4091.5,4091.800048828125,4091.5,4091.60009765625,4
2026-07-12 18:37:00-04:00,4091.699951171875,4092.0,4089.0,4089.10009765625,38
2026-07-12 18:38:00-04:00,4089.800048828125,4090.10009765625,4088.199951171875,4089.60009765625,23
2026-07-12 18:39:00-04:00,4089.199951171875,4090.800048828125,4089.0,4089.699951171875,15
2026-07-12 18:40:00-04:00,4089.699951171875,4090.0,4085.39990234375,4086.699951171875,141
2026-07-12 18:41:00-04:00,4086.0,4088.39990234375,4085.5,4086.39990234375,82
2026-07-12 18:42:00-04:00,4086.5,4086.800048828125,4085.89990234375,4085.89990234375,12
2026-07-12 18:43:00-04:00,4085.800048828125,4086.800048828125,4085.60009765625,4086.10009765625,21
2026-07-12 18:44:00-04:00,4086.10009765625,4087.199951171875,4085.60009765625,4085.60009765625,28
2026-07-12 18:45:00-04:00,4086.39990234375,4086.5,4084.60009765625,4085.39990234375,44
2026-07-12 18:46:00-04:00,4085.10009765625,4086.10009765625,4084.60009765625,4086.10009765625,36
2026-07-12 18:47:00-04:00,4086.199951171875,4086.800048828125,4083.60009765625,4083.60009765625,47
2026-07-12 18:48:00-04:00,4084.0,4084.699951171875,4076.800048828125,4082.0,359
2026-07-12 18:49:00-04:00,4082.5,4087.10009765625,4082.39990234375,4085.89990234375,136
2026-07-12 18:50:00-04:00,4085.60009765625,4086.89990234375,4085.39990234375,4085.800048828125,42
2026-07-12 18:51:00-04:00,4086.5,4088.300048828125,4085.699951171875,4088.0,49
2026-07-12 18:52:00-04:00,4088.60009765625,4088.800048828125,4086.800048828125,4086.800048828125,20
2026-07-12 18:53:00-04:00,4087.199951171875,4087.199951171875,4084.199951171875,4084.800048828125,38
2026-07-12 18:54:00-04:00,4085.10009765625,4086.5,4084.300048828125,4085.10009765625,21
2026-07-12 18:55:00-04:00,4084.699951171875,4085.199951171875,4082.699951171875,4083.800048828125,95
2026-07-12 18:56:00-04:00,4084.5,4087.10009765625,4084.39990234375,4085.5,92
2026-07-12 18:57:00-04:00,4085.39990234375,4085.89990234375,4084.60009765625,4085.89990234375,19
2026-07-12 18:58:00-04:00,4085.10009765625,4085.60009765625,4084.60009765625,4084.60009765625,24
2026-07-12 18:59:00-04:00,4084.89990234375,4085.5,4084.300048828125,4084.300048828125,40
2026-07-12 19:00:00-04:00,4084.0,4084.10009765625,4080.10009765625,4080.5,110
2026-07-12 19:01:00-04:00,4080.10009765625,4081.89990234375,4078.800048828125,4079.60009765625,113
2026-07-12 19:02:00-04:00,4080.60009765625,4080.60009765625,4078.300048828125,4079.89990234375,62
2026-07-12 19:03:00-04:00,4080.10009765625,4080.699951171875,4079.0,4079.199951171875,72
2026-07-12 19:04:00-04:00,4079.0,4079.0,4075.800048828125,4077.699951171875,142
2026-07-12 19:05:00-04:00,4078.39990234375,4080.300048828125,4078.39990234375,4079.39990234375,40
2026-07-12 19:06:00-04:00,4079.300048828125,4079.300048828125,4077.699951171875,4078.800048828125,26
2026-07-12 19:07:00-04:00,4079.300048828125,4080.89990234375,4078.199951171875,4079.39990234375,35
2026-07-12 19:08:00-04:00,4079.39990234375,4079.5,4078.10009765625,4078.60009765625,16
2026-07-12 19:09:00-04:00,4079.10009765625,4079.5,4078.199951171875,4078.199951171875,9
2026-07-12 19:10:00-04:00,4079.60009765625,4080.0,4076.800048828125,4076.800048828125,45
2026-07-12 19:11:00-04:00,4077.10009765625,4078.5,4076.800048828125,4078.5,51
2026-07-12 19:12:00-04:00,4079.10009765625,4079.10009765625,4077.5,4078.300048828125,16
2026-07-12 19:14:00-04:00,4078.60009765625,4078.60009765625,4077.199951171875,4078.199951171875,31
2026-07-12 19:15:00-04:00,4078.199951171875,4078.199951171875,4077.39990234375,4077.60009765625,18
2026-07-12 19:16:00-04:00,4078.0,4079.199951171875,4077.89990234375,4079.199951171875,14
2026-07-12 19:17:00-04:00,4078.5,4079.199951171875,4077.5,4077.60009765625,35
2026-07-12 19:18:00-04:00,4077.699951171875,4079.199951171875,4077.699951171875,4078.60009765625,19
2026-07-12 19:19:00-04:00,4079.5,4079.699951171875,4077.5,4077.5,29
2026-07-12 19:20:00-04:00,4077.39990234375,4078.800048828125,4076.60009765625,4078.800048828125,57
2026-07-12 19:21:00-04:00,4078.699951171875,4079.60009765625,4078.699951171875,4079.60009765625,15
2026-07-12 19:22:00-04:00,4079.300048828125,4080.39990234375,4077.60009765625,4078.0,44
2026-07-12 19:23:00-04:00,4078.39990234375,4078.5,4077.800048828125,4078.5,6
2026-07-12 19:24:00-04:00,4078.89990234375,4080.5,4078.89990234375,4080.0,18
2026-07-12 19:25:00-04:00,4080.0,4080.39990234375,4079.89990234375,4080.39990234375,5
2026-07-12 19:26:00-04:00,4079.699951171875,4080.300048828125,4079.199951171875,4079.199951171875,11
2026-07-12 19:27:00-04:00,4079.699951171875,4080.89990234375,4079.699951171875,4080.89990234375,15
2026-07-12 19:28:00-04:00,4080.89990234375,4082.10009765625,4080.89990234375,4082.10009765625,41
2026-07-12 19:29:00-04:00,4082.10009765625,4083.39990234375,4082.10009765625,4082.300048828125,32
2026-07-12 19:30:00-04:00,4082.300048828125,4082.5,4082.0,4082.5,21
2026-07-12 19:31:00-04:00,4081.89990234375,4082.300048828125,4080.60009765625,4080.60009765625,19
2026-07-12 19:32:00-04:00,4080.60009765625,4081.39990234375,4080.60009765625,4081.39990234375,5
2026-07-12 19:33:00-04:00,4081.300048828125,4081.300048828125,4080.300048828125,4080.300048828125,4
2026-07-12 19:34:00-04:00,4080.60009765625,4080.60009765625,4080.199951171875,4080.199951171875,3
2026-07-12 19:35:00-04:00,4080.800048828125,4081.10009765625,4080.60009765625,4081.10009765625,18
2026-07-12 19:36:00-04:00,4080.199951171875,4080.800048828125,4079.300048828125,4080.0,26
2026-07-12 19:37:00-04:00,4080.0,4081.0,4080.0,4080.800048828125,12
2026-07-12 19:38:00-04:00,4080.60009765625,4082.60009765625,4080.5,4081.10009765625,51
2026-07-12 19:39:00-04:00,4081.5,4085.300048828125,4081.5,4085.199951171875,87
2026-07-12 19:40:00-04:00,4085.39990234375,4086.300048828125,4084.39990234375,4086.300048828125,74
2026-07-12 19:41:00-04:00,4085.800048828125,4087.300048828125,4084.800048828125,4085.89990234375,81
2026-07-12 19:42:00-04:00,4085.39990234375,4085.39990234375,4085.39990234375,4085.39990234375,4
2026-07-12 19:43:00-04:00,4084.89990234375,4085.800048828125,4084.89990234375,4085.5,15
2026-07-12 19:44:00-04:00,4085.60009765625,4086.300048828125,4085.60009765625,4085.800048828125,8
2026-07-12 19:45:00-04:00,4085.699951171875,4086.199951171875,4083.699951171875,4084.699951171875,25
2026-07-12 19:46:00-04:00,4084.10009765625,4087.10009765625,4084.10009765625,4085.699951171875,30
2026-07-12 19:47:00-04:00,4085.89990234375,4086.89990234375,4084.300048828125,4084.300048828125,35
2026-07-12 19:48:00-04:00,4084.699951171875,4084.699951171875,4084.10009765625,4084.39990234375,17
2026-07-12 19:49:00-04:00,4084.89990234375,4086.39990234375,4084.60009765625,4086.199951171875,25
2026-07-12 19:50:00-04:00,4086.5,4090.39990234375,4086.0,4089.10009765625,107
2026-07-12 19:51:00-04:00,4089.39990234375,4090.5,4088.89990234375,4090.10009765625,44
2026-07-12 19:52:00-04:00,4090.0,4091.39990234375,4089.300048828125,4089.300048828125,39
2026-07-12 19:53:00-04:00,4089.5,4089.699951171875,4088.300048828125,4088.699951171875,35
2026-07-12 19:54:00-04:00,4088.5,4090.199951171875,4088.5,4088.699951171875,22
2026-07-12 19:55:00-04:00,4088.60009765625,4089.39990234375,4088.10009765625,4088.10009765625,15
2026-07-12 19:56:00-04:00,4088.699951171875,4089.0,4088.0,4088.800048828125,24
2026-07-12 19:57:00-04:00,4088.800048828125,4093.0,4088.699951171875,4091.5,119
2026-07-12 19:58:00-04:00,4091.60009765625,4092.800048828125,4090.89990234375,4092.0,42
2026-07-12 19:59:00-04:00,4092.300048828125,4093.300048828125,4091.0,4092.89990234375,51
2026-07-12 20:00:00-04:00,4093.10009765625,4095.0,4089.0,4091.0,127
2026-07-12 20:01:00-04:00,4090.89990234375,4092.89990234375,4090.89990234375,4091.199951171875,46
2026-07-12 20:02:00-04:00,4090.89990234375,4094.39990234375,4090.800048828125,4092.89990234375,119
2026-07-12 20:03:00-04:00,4093.60009765625,4094.0,4092.800048828125,4093.5,33
2026-07-12 20:04:00-04:00,4092.89990234375,4094.800048828125,4092.199951171875,4092.300048828125,26
2026-07-12 20:05:00-04:00,4092.60009765625,4098.0,4091.89990234375,4096.10009765625,126
2026-07-12 20:06:00-04:00,4096.2998046875,4097.39990234375,4095.39990234375,4096.89990234375,71
2026-07-12 20:07:00-04:00,4097.0,4097.0,4095.199951171875,4096.2001953125,41
2026-07-12 20:08:00-04:00,4095.89990234375,4096.2998046875,4094.199951171875,4094.89990234375,86
2026-07-12 20:09:00-04:00,4094.800048828125,4099.0,4094.800048828125,4096.7998046875,113
2026-07-12 20:10:00-04:00,4097.5,4099.7001953125,4097.5,4098.7001953125,41
2026-07-12 20:11:00-04:00,4098.0,4098.39990234375,4096.0,4096.5,41
2026-07-12 20:12:00-04:00,4096.89990234375,4097.10009765625,4096.0,4096.0,17
2026-07-12 20:13:00-04:00,4096.2001953125,4096.2998046875,4094.199951171875,4094.5,48
2026-07-12 20:14:00-04:00,4095.10009765625,4095.39990234375,4094.39990234375,4095.39990234375,11
2026-07-12 20:15:00-04:00,4095.800048828125,4096.10009765625,4092.89990234375,4093.199951171875,36
2026-07-12 20:16:00-04:00,4093.300048828125,4093.39990234375,4090.300048828125,4090.39990234375,95
2026-07-12 20:17:00-04:00,4090.60009765625,4090.699951171875,4089.800048828125,4089.800048828125,47
2026-07-12 20:18:00-04:00,4089.89990234375,4089.89990234375,4088.199951171875,4088.800048828125,28
2026-07-12 20:19:00-04:00,4088.39990234375,4090.699951171875,4088.300048828125,4090.300048828125,28
2026-07-12 20:20:00-04:00,4090.60009765625,4091.89990234375,4088.699951171875,4089.800048828125,97
2026-07-12 20:21:00-04:00,4090.10009765625,4090.39990234375,4088.39990234375,4090.39990234375,25
2026-07-12 20:22:00-04:00,4090.0,4090.199951171875,4089.10009765625,4089.699951171875,21
2026-07-12 20:23:00-04:00,4090.5,4091.800048828125,4089.699951171875,4091.10009765625,14
2026-07-12 20:24:00-04:00,4090.800048828125,4091.199951171875,4090.5,4090.89990234375,17
2026-07-12 20:25:00-04:00,4090.60009765625,4090.89990234375,4086.89990234375,4087.10009765625,81
2026-07-12 20:26:00-04:00,4088.0,4088.0,4084.300048828125,4084.800048828125,111
2026-07-12 20:27:00-04:00,4084.89990234375,4085.699951171875,4083.5,4085.0,120
2026-07-12 20:28:00-04:00,4085.0,4085.5,4083.300048828125,4084.10009765625,76
2026-07-12 20:29:00-04:00,4084.199951171875,4084.39990234375,4082.800048828125,4083.10009765625,53
2026-07-12 20:30:00-04:00,4082.800048828125,4083.60009765625,4081.199951171875,4083.300048828125,110
2026-07-12 20:31:00-04:00,4082.800048828125,4082.800048828125,4079.800048828125,4080.699951171875,113
2026-07-12 20:32:00-04:00,4080.800048828125,4081.0,4078.800048828125,4078.800048828125,97
2026-07-12 20:33:00-04:00,4079.199951171875,4080.0,4077.699951171875,4077.800048828125,127
2026-07-12 20:34:00-04:00,4077.699951171875,4078.10009765625,4069.39990234375,4071.0,581
2026-07-12 20:35:00-04:00,4070.39990234375,4077.199951171875,4070.199951171875,4077.0,204
2026-07-12 20:36:00-04:00,4076.5,4078.199951171875,4076.300048828125,4077.699951171875,109
2026-07-12 20:37:00-04:00,4078.199951171875,4078.39990234375,4077.60009765625,4077.800048828125,35
2026-07-12 20:38:00-04:00,4077.60009765625,4078.5,4076.300048828125,4077.5,58
2026-07-12 20:39:00-04:00,4077.5,4077.89990234375,4075.60009765625,4077.89990234375,40
2026-07-12 20:40:00-04:00,4077.39990234375,4077.39990234375,4076.5,4077.300048828125,13
2026-07-12 20:41:00-04:00,4077.0,4078.5,4076.39990234375,4078.300048828125,36
2026-07-12 20:42:00-04:00,4079.0,4082.0,4079.0,4081.699951171875,82
2026-07-12 20:43:00-04:00,4081.800048828125,4081.800048828125,4079.300048828125,4079.60009765625,79
2026-07-12 20:44:00-04:00,4079.5,4081.89990234375,4078.300048828125,4081.89990234375,82
2026-07-12 20:45:00-04:00,4082.0,4084.699951171875,4081.5,4083.800048828125,140
2026-07-12 20:46:00-04:00,4084.300048828125,4085.39990234375,4083.199951171875,4083.699951171875,101
2026-07-12 20:47:00-04:00,4084.0,4084.0,4082.10009765625,4082.10009765625,29
2026-07-12 20:48:00-04:00,4082.800048828125,4082.800048828125,4080.800048828125,4082.39990234375,27
2026-07-12 20:49:00-04:00,4081.699951171875,4081.699951171875,4077.199951171875,4077.699951171875,75
2026-07-12 20:50:00-04:00,4077.39990234375,4081.60009765625,4077.39990234375,4081.199951171875,96
2026-07-12 20:51:00-04:00,4081.60009765625,4082.800048828125,4080.199951171875,4080.89990234375,161
2026-07-12 20:52:00-04:00,4080.60009765625,4082.10009765625,4079.10009765625,4082.10009765625,42
2026-07-12 20:53:00-04:00,4082.5,4082.5,4079.5,4081.39990234375,92
2026-07-12 20:54:00-04:00,4081.39990234375,4083.199951171875,4081.39990234375,4083.199951171875,13
2026-07-12 20:55:00-04:00,4082.10009765625,4083.60009765625,4081.800048828125,4083.60009765625,18
2026-07-12 20:56:00-04:00,4084.0,4084.60009765625,4083.800048828125,4083.800048828125,27
2026-07-12 20:57:00-04:00,4084.199951171875,4085.60009765625,4083.699951171875,4084.699951171875,53
2026-07-12 20:58:00-04:00,4084.300048828125,4086.199951171875,4083.60009765625,4085.39990234375,65
2026-07-12 20:59:00-04:00,4085.10009765625,4085.300048828125,4081.300048828125,4082.10009765625,101
2026-07-12 21:00:00-04:00,4082.89990234375,4083.60009765625,4074.199951171875,4076.800048828125,477
2026-07-12 21:01:00-04:00,4076.89990234375,4077.300048828125,4074.0,4075.199951171875,133
2026-07-12 21:02:00-04:00,4075.0,4080.0,4074.39990234375,4079.300048828125,90
2026-07-12 21:03:00-04:00,4078.89990234375,4084.89990234375,4077.800048828125,4084.199951171875,135
2026-07-12 21:04:00-04:00,4083.199951171875,4083.199951171875,4078.800048828125,4080.0,138
2026-07-12 21:05:00-04:00,4080.0,4082.10009765625,4079.0,4081.5,66
2026-07-12 21:06:00-04:00,4080.5,4082.60009765625,4080.10009765625,4082.10009765625,74
2026-07-12 21:07:00-04:00,4081.89990234375,4089.300048828125,4081.89990234375,4088.10009765625,153
2026-07-12 21:08:00-04:00,4088.39990234375,4088.39990234375,4086.800048828125,4088.39990234375,81
2026-07-12 21:09:00-04:00,4088.0,4089.89990234375,4085.5,4086.5,64
2026-07-12 21:10:00-04:00,4086.0,4088.199951171875,4085.300048828125,4087.300048828125,41
2026-07-12 21:11:00-04:00,4087.0,4089.300048828125,4087.0,4088.89990234375,10
2026-07-12 21:12:00-04:00,4088.60009765625,4088.699951171875,4087.39990234375,4087.60009765625,26
2026-07-12 21:13:00-04:00,4088.199951171875,4088.199951171875,4086.800048828125,4087.5,36
2026-07-12 21:14:00-04:00,4087.89990234375,4089.199951171875,4087.10009765625,4088.5,19
2026-07-12 21:15:00-04:00,4088.199951171875,4091.10009765625,4087.89990234375,4089.0,114
2026-07-12 21:16:00-04:00,4089.0,4089.800048828125,4085.5,4085.60009765625,53
2026-07-12 21:17:00-04:00,4086.10009765625,4086.10009765625,4081.39990234375,4081.39990234375,89
2026-07-12 21:18:00-04:00,4081.699951171875,4083.10009765625,4081.300048828125,4083.10009765625,44
2026-07-12 21:19:00-04:00,4082.800048828125,4084.199951171875,4081.300048828125,4082.10009765625,68
2026-07-12 21:20:00-04:00,4082.300048828125,4084.5,4081.699951171875,4084.5,36
2026-07-12 21:21:00-04:00,4084.199951171875,4084.60009765625,4079.89990234375,4080.300048828125,125
2026-07-12 21:22:00-04:00,4080.699951171875,4081.0,4079.39990234375,4080.699951171875,48
2026-07-12 21:23:00-04:00,4081.5,4083.0,4081.199951171875,4082.10009765625,64
2026-07-12 21:24:00-04:00,4082.199951171875,4083.39990234375,4080.0,4082.60009765625,112
2026-07-12 21:25:00-04:00,4083.10009765625,4086.60009765625,4082.89990234375,4086.39990234375,109
2026-07-12 21:26:00-04:00,4085.699951171875,4086.300048828125,4084.0,4085.0,30
2026-07-12 21:27:00-04:00,4084.39990234375,4087.5,4084.39990234375,4086.39990234375,94
2026-07-12 21:28:00-04:00,4086.0,4086.89990234375,4084.800048828125,4086.199951171875,33
2026-07-12 21:29:00-04:00,4087.10009765625,4088.89990234375,4086.300048828125,4087.699951171875,43
2026-07-12 21:30:00-04:00,4087.699951171875,4090.0,4086.0,4089.5,88
2026-07-12 21:31:00-04:00,4089.89990234375,4092.60009765625,4089.89990234375,4091.89990234375,81
2026-07-12 21:32:00-04:00,4092.300048828125,4098.2998046875,4091.699951171875,4097.2001953125,282
2026-07-12 21:33:00-04:00,4097.2998046875,4097.60009765625,4092.89990234375,4093.199951171875,171
2026-07-12 21:34:00-04:00,4093.199951171875,4095.10009765625,4092.199951171875,4093.5,137
2026-07-12 21:35:00-04:00,4092.699951171875,4092.89990234375,4090.60009765625,4092.89990234375,37
2026-07-12 21:36:00-04:00,4092.5,4093.699951171875,4092.0,4093.39990234375,49
2026-07-12 21:37:00-04:00,4094.0,4095.10009765625,4092.5,4092.5,43
2026-07-12 21:38:00-04:00,4092.5,4096.2001953125,4092.5,4095.10009765625,30
2026-07-12 21:39:00-04:00,4095.89990234375,4097.2001953125,4095.60009765625,4096.60009765625,46
2026-07-12 21:40:00-04:00,4096.2001953125,4096.2001953125,4092.10009765625,4093.0,82
2026-07-12 21:41:00-04:00,4092.89990234375,4093.89990234375,4092.89990234375,4093.89990234375,17
2026-07-12 21:42:00-04:00,4093.699951171875,4095.0,4092.5,4092.60009765625,20
2026-07-12 21:43:00-04:00,4092.89990234375,4093.39990234375,4092.10009765625,4092.10009765625,11
2026-07-12 21:44:00-04:00,4092.10009765625,4092.800048828125,4091.39990234375,4092.5,43
2026-07-12 21:45:00-04:00,4093.89990234375,4094.199951171875,4092.89990234375,4094.0,27
2026-07-12 21:46:00-04:00,4093.89990234375,4095.39990234375,4091.199951171875,4092.60009765625,61
2026-07-12 21:47:00-04:00,4092.699951171875,4093.800048828125,4092.300048828125,4092.39990234375,34
2026-07-12 21:48:00-04:00,4092.39990234375,4095.5,4092.39990234375,4094.60009765625,59
2026-07-12 21:49:00-04:00,4094.699951171875,4095.699951171875,4094.300048828125,4094.39990234375,18
2026-07-12 21:50:00-04:00,4094.89990234375,4096.0,4094.0,4096.0,90
2026-07-12 21:51:00-04:00,4095.10009765625,4096.7998046875,4091.5,4091.800048828125,229
2026-07-12 21:52:00-04:00,4092.39990234375,4092.800048828125,4090.60009765625,4091.800048828125,61
2026-07-12 21:53:00-04:00,4091.300048828125,4091.300048828125,4087.0,4088.0,166
2026-07-12 21:54:00-04:00,4087.699951171875,4087.89990234375,4082.60009765625,4082.60009765625,198
2026-07-12 21:55:00-04:00,4082.60009765625,4084.199951171875,4075.300048828125,4078.60009765625,478
2026-07-12 21:56:00-04:00,4078.5,4080.39990234375,4076.699951171875,4079.10009765625,264
2026-07-12 21:57:00-04:00,4078.300048828125,4082.800048828125,4078.10009765625,4081.89990234375,228
2026-07-12 21:58:00-04:00,4082.0,4082.60009765625,4079.89990234375,4081.800048828125,124
2026-07-12 21:59:00-04:00,4082.60009765625,4082.89990234375,4079.89990234375,4080.199951171875,105
2026-07-12 22:00:00-04:00,4080.5,4082.10009765625,4078.0,4081.89990234375,145
2026-07-12 22:01:00-04:00,4081.89990234375,4082.5,4079.800048828125,4081.699951171875,53
2026-07-12 22:02:00-04:00,4081.199951171875,4081.199951171875,4078.199951171875,4079.800048828125,64
2026-07-12 22:03:00-04:00,4079.39990234375,4082.39990234375,4079.39990234375,4080.300048828125,77
2026-07-12 22:04:00-04:00,4079.699951171875,4080.5,4077.89990234375,4078.5,49
2026-07-12 22:05:00-04:00,4078.89990234375,4081.199951171875,4078.0,4078.0,30
2026-07-12 22:06:00-04:00,4078.60009765625,4081.5,4078.39990234375,4081.300048828125,27
2026-07-12 22:07:00-04:00,4081.39990234375,4081.39990234375,4080.199951171875,4080.199951171875,31
2026-07-12 22:08:00-04:00,4080.199951171875,4081.0,4078.10009765625,4079.199951171875,46
2026-07-12 22:09:00-04:00,4079.300048828125,4081.800048828125,4079.199951171875,4081.10009765625,51
2026-07-12 22:10:00-04:00,4081.5,4082.60009765625,4081.0,4081.5,63
2026-07-12 22:11:00-04:00,4080.89990234375,4081.199951171875,4078.699951171875,4080.300048828125,168
2026-07-12 22:12:00-04:00,4080.5,4083.0,4080.5,4081.39990234375,47
2026-07-12 22:13:00-04:00,4081.60009765625,4081.60009765625,4080.10009765625,4081.0,16
2026-07-12 22:14:00-04:00,4080.60009765625,4080.60009765625,4078.300048828125,4080.5,77
2026-07-12 22:15:00-04:00,4080.0,4082.300048828125,4079.800048828125,4082.300048828125,61
2026-07-12 22:16:00-04:00,4082.10009765625,4082.10009765625,4079.89990234375,4079.89990234375,23
2026-07-12 22:17:00-04:00,4080.39990234375,4081.300048828125,4078.800048828125,4079.300048828125,44
2026-07-12 22:18:00-04:00,4079.699951171875,4081.300048828125,4079.699951171875,4080.89990234375,8
2026-07-12 22:19:00-04:00,4080.89990234375,4081.5,4080.300048828125,4081.0,16
2026-07-12 22:20:00-04:00,4081.5,4082.300048828125,4079.199951171875,4079.39990234375,81
2026-07-12 22:21:00-04:00,4079.39990234375,4080.800048828125,4078.300048828125,4080.800048828125,57
2026-07-12 22:22:00-04:00,4080.89990234375,4081.0,4079.800048828125,4081.0,21
2026-07-12 22:23:00-04:00,4081.10009765625,4081.39990234375,4078.39990234375,4078.5,30
2026-07-12 22:24:00-04:00,4078.5,4079.199951171875,4077.0,4078.60009765625,107
2026-07-12 22:25:00-04:00,4078.60009765625,4079.300048828125,4077.10009765625,4077.800048828125,63
2026-07-12 22:26:00-04:00,4077.5,4078.0,4075.5,4075.699951171875,92
2026-07-12 22:27:00-04:00,4075.89990234375,4076.699951171875,4075.0,4076.10009765625,92
2026-07-12 22:28:00-04:00,4076.60009765625,4076.60009765625,4074.60009765625,4075.10009765625,72
2026-07-12 22:29:00-04:00,4075.0,4076.10009765625,4074.699951171875,4075.5,52
2026-07-12 22:30:00-04:00,4075.39990234375,4078.300048828125,4072.60009765625,4074.199951171875,137
2026-07-12 22:31:00-04:00,4073.800048828125,4077.39990234375,4073.699951171875,4077.199951171875,151
2026-07-12 22:32:00-04:00,4076.199951171875,4078.199951171875,4074.89990234375,4078.199951171875,109
2026-07-12 22:33:00-04:00,4078.0,4080.5,4077.89990234375,4079.699951171875,100
2026-07-12 22:34:00-04:00,4080.0,4082.0,4079.60009765625,4081.699951171875,108
2026-07-12 22:35:00-04:00,4082.0,4085.5,4082.0,4084.39990234375,157
2026-07-12 22:36:00-04:00,4084.199951171875,4085.10009765625,4083.39990234375,4083.800048828125,103
2026-07-12 22:37:00-04:00,4083.39990234375,4083.60009765625,4082.5,4083.39990234375,31
2026-07-12 22:38:00-04:00,4083.60009765625,4085.5,4082.800048828125,4085.0,42
2026-07-12 22:39:00-04:00,4085.300048828125,4085.5,4083.300048828125,4083.39990234375,12
2026-07-12 22:40:00-04:00,4083.0,4083.0,4079.5,4079.5,217
2026-07-12 22:41:00-04:00,4080.0,4081.10009765625,4079.699951171875,4081.10009765625,55
2026-07-12 22:42:00-04:00,4081.199951171875,4081.699951171875,4079.89990234375,4080.10009765625,42
2026-07-12 22:43:00-04:00,4080.10009765625,4080.39990234375,4079.199951171875,4080.0,42
2026-07-12 22:44:00-04:00,4080.10009765625,4080.699951171875,4079.199951171875,4080.699951171875,25
2026-07-12 22:45:00-04:00,4080.10009765625,4080.89990234375,4079.89990234375,4080.39990234375,24
2026-07-12 22:46:00-04:00,4079.60009765625,4080.10009765625,4078.699951171875,4080.10009765625,37
2026-07-12 22:47:00-04:00,4079.60009765625,4079.60009765625,4077.199951171875,4077.199951171875,43
2026-07-12 22:48:00-04:00,4077.10009765625,4078.300048828125,4077.0,4078.10009765625,48
2026-07-12 22:49:00-04:00,4077.89990234375,4077.89990234375,4076.199951171875,4077.300048828125,51
2026-07-12 22:50:00-04:00,4077.89990234375,4078.300048828125,4077.0,4078.300048828125,18
2026-07-12 22:51:00-04:00,4077.60009765625,4078.10009765625,4077.0,4077.800048828125,18
2026-07-12 22:52:00-04:00,4078.10009765625,4078.89990234375,4077.0,4077.800048828125,38
2026-07-12 22:53:00-04:00,4078.199951171875,4079.0,4077.39990234375,4079.0,41
2026-07-12 22:54:00-04:00,4079.0,4079.0,4078.699951171875,4078.800048828125,4
2026-07-12 22:55:00-04:00,4078.89990234375,4080.0,4078.89990234375,4079.89990234375,7
2026-07-12 22:56:00-04:00,4079.5,4079.60009765625,4077.699951171875,4077.699951171875,19
2026-07-12 22:57:00-04:00,4077.10009765625,4078.60009765625,4076.89990234375,4078.0,20
2026-07-12 22:58:00-04:00,4077.89990234375,4078.800048828125,4077.39990234375,4078.5,20
2026-07-12 22:59:00-04:00,4078.89990234375,4079.0,4076.800048828125,4076.800048828125,14
2026-07-12 23:00:00-04:00,4076.5,4077.199951171875,4074.300048828125,4074.60009765625,183
2026-07-12 23:01:00-04:00,4074.800048828125,4075.300048828125,4073.5,4074.199951171875,44
2026-07-12 23:02:00-04:00,4074.39990234375,4074.60009765625,4073.5,4073.800048828125,19
2026-07-12 23:03:00-04:00,4073.300048828125,4074.199951171875,4073.0,4073.10009765625,46
2026-07-12 23:04:00-04:00,4073.10009765625,4073.5,4071.5,4072.10009765625,91
2026-07-12 23:05:00-04:00,4071.89990234375,4072.699951171875,4069.800048828125,4071.39990234375,346
2026-07-12 23:06:00-04:00,4071.199951171875,4071.199951171875,4067.699951171875,4068.5,339
2026-07-12 23:07:00-04:00,4068.199951171875,4069.39990234375,4066.300048828125,4068.199951171875,181
2026-07-12 23:08:00-04:00,4068.89990234375,4069.39990234375,4067.39990234375,4068.699951171875,72
2026-07-12 23:09:00-04:00,4068.39990234375,4069.300048828125,4067.199951171875,4069.300048828125,48
2026-07-12 23:10:00-04:00,4069.10009765625,4069.60009765625,4066.699951171875,4067.10009765625,56
2026-07-12 23:11:00-04:00,4066.800048828125,4067.89990234375,4061.39990234375,4063.0,414
2026-07-12 23:12:00-04:00,4062.699951171875,4063.800048828125,4060.699951171875,4062.60009765625,274
2026-07-12 23:13:00-04:00,4062.10009765625,4064.300048828125,4062.10009765625,4063.89990234375,142
2026-07-12 23:14:00-04:00,4064.10009765625,4066.10009765625,4063.699951171875,4065.800048828125,68
2026-07-12 23:15:00-04:00,4066.199951171875,4067.10009765625,4065.800048828125,4067.10009765625,51
2026-07-12 23:16:00-04:00,4067.300048828125,4067.699951171875,4066.39990234375,4067.39990234375,23
2026-07-12 23:17:00-04:00,4066.699951171875,4068.10009765625,4066.60009765625,4066.89990234375,36
2026-07-12 23:18:00-04:00,4067.300048828125,4068.800048828125,4066.89990234375,4067.199951171875,38
2026-07-12 23:19:00-04:00,4067.300048828125,4067.60009765625,4066.800048828125,4067.5,18
2026-07-12 23:20:00-04:00,4067.699951171875,4068.699951171875,4066.89990234375,4067.800048828125,39
2026-07-12 23:21:00-04:00,4068.0,4068.300048828125,4066.199951171875,4068.0,45
2026-07-12 23:22:00-04:00,4067.5,4069.39990234375,4067.0,4069.199951171875,98
2026-07-12 23:23:00-04:00,4069.0,4069.800048828125,4067.300048828125,4068.800048828125,106
2026-07-12 23:24:00-04:00,4068.60009765625,4069.300048828125,4068.300048828125,4069.300048828125,40
2026-07-12 23:25:00-04:00,4069.10009765625,4069.300048828125,4068.0,4068.5,48
2026-07-12 23:26:00-04:00,4068.199951171875,4069.0,4066.89990234375,4067.5,82
2026-07-12 23:27:00-04:00,4067.10009765625,4068.199951171875,4066.60009765625,4068.10009765625,41
2026-07-12 23:28:00-04:00,4067.60009765625,4069.60009765625,4067.5,4069.199951171875,33
2026-07-12 23:29:00-04:00,4069.60009765625,4070.300048828125,4069.5,4069.89990234375,39
2026-07-12 23:30:00-04:00,4069.5,4070.300048828125,4067.60009765625,4067.60009765625,41
2026-07-12 23:31:00-04:00,4067.5,4067.800048828125,4066.39990234375,4067.300048828125,84
2026-07-12 23:32:00-04:00,4067.5,4068.10009765625,4066.39990234375,4066.39990234375,24
2026-07-12 23:33:00-04:00,4066.5,4066.800048828125,4066.0,4066.300048828125,33
2026-07-12 23:34:00-04:00,4065.89990234375,4066.10009765625,4065.60009765625,4065.60009765625,23
2026-07-12 23:35:00-04:00,4065.60009765625,4066.300048828125,4065.10009765625,4065.300048828125,14
2026-07-12 23:36:00-04:00,4065.0,4065.39990234375,4064.800048828125,4065.199951171875,45
2026-07-12 23:37:00-04:00,4064.89990234375,4065.60009765625,4064.5,4065.300048828125,37
2026-07-12 23:38:00-04:00,4065.5,4067.39990234375,4065.39990234375,4066.60009765625,32
2026-07-12 23:39:00-04:00,4066.60009765625,4068.199951171875,4066.60009765625,4067.39990234375,28
2026-07-12 23:40:00-04:00,4067.199951171875,4067.199951171875,4066.0,4066.199951171875,12
2026-07-12 23:41:00-04:00,4066.5,4068.0,4066.5,4067.0,10
2026-07-12 23:42:00-04:00,4066.199951171875,4067.300048828125,4066.10009765625,4066.199951171875,32
2026-07-12 23:43:00-04:00,4066.300048828125,4066.39990234375,4065.39990234375,4066.10009765625,12
2026-07-12 23:44:00-04:00,4065.5,4065.5,4065.10009765625,4065.10009765625,8
2026-07-12 23:45:00-04:00,4065.39990234375,4065.5,4065.300048828125,4065.39990234375,7
2026-07-12 23:46:00-04:00,4066.0,4067.10009765625,4066.0,4066.89990234375,7
2026-07-12 23:47:00-04:00,4067.10009765625,4067.199951171875,4066.800048828125,4067.0,14
2026-07-12 23:48:00-04:00,4066.60009765625,4068.60009765625,4066.60009765625,4068.199951171875,33
2026-07-12 23:49:00-04:00,4068.199951171875,4068.199951171875,4067.0,4067.800048828125,8
2026-07-12 23:50:00-04:00,4068.10009765625,4068.800048828125,4067.60009765625,4068.60009765625,27
2026-07-12 23:51:00-04:00,4068.5,4068.5,4067.0,4067.300048828125,7
2026-07-12 23:52:00-04:00,4066.39990234375,4066.5,4066.300048828125,4066.39990234375,7
2026-07-12 23:53:00-04:00,4066.39990234375,4067.0,4066.199951171875,4067.0,8
2026-07-12 23:54:00-04:00,4067.0,4067.39990234375,4067.0,4067.199951171875,11
2026-07-12 23:55:00-04:00,4067.5,4067.5,4066.0,4066.699951171875,12
2026-07-12 23:56:00-04:00,4066.39990234375,4067.60009765625,4066.39990234375,4067.60009765625,10
2026-07-12 23:57:00-04:00,4067.5,4067.89990234375,4067.5,4067.89990234375,5
2026-07-12 23:58:00-04:00,4067.39990234375,4067.699951171875,4067.39990234375,4067.39990234375,5
2026-07-13 00:00:00-04:00,4068.10009765625,4068.10009765625,4066.199951171875,4066.199951171875,21
2026-07-13 00:01:00-04:00,4067.10009765625,4067.10009765625,4064.39990234375,4064.39990234375,39
2026-07-13 00:02:00-04:00,4064.5,4065.0,4064.0,4064.89990234375,45
2026-07-13 00:03:00-04:00,4065.10009765625,4065.199951171875,4064.5,4064.800048828125,18
2026-07-13 00:04:00-04:00,4065.10009765625,4065.699951171875,4064.60009765625,4064.60009765625,16
2026-07-13 00:05:00-04:00,4065.39990234375,4066.199951171875,4064.39990234375,4065.199951171875,28
2026-07-13 00:06:00-04:00,4065.199951171875,4066.0,4065.199951171875,4065.800048828125,7
2026-07-13 00:07:00-04:00,4065.300048828125,4066.10009765625,4064.89990234375,4064.89990234375,37
2026-07-13 00:08:00-04:00,4065.10009765625,4065.300048828125,4063.60009765625,4064.0,28
2026-07-13 00:09:00-04:00,4063.800048828125,4064.199951171875,4063.0,4064.0,16
2026-07-13 00:10:00-04:00,4063.60009765625,4064.800048828125,4062.300048828125,4062.300048828125,32
2026-07-13 00:11:00-04:00,4062.699951171875,4063.89990234375,4062.60009765625,4062.699951171875,27
2026-07-13 00:12:00-04:00,4062.699951171875,4063.60009765625,4062.699951171875,4063.300048828125,19
2026-07-13 00:13:00-04:00,4063.699951171875,4064.10009765625,4062.10009765625,4062.10009765625,43
2026-07-13 00:14:00-04:00,4062.10009765625,4062.300048828125,4060.0,4061.699951171875,110
2026-07-13 00:15:00-04:00,4062.199951171875,4062.199951171875,4057.800048828125,4059.10009765625,259
2026-07-13 00:16:00-04:00,4059.0,4062.39990234375,4058.60009765625,4062.300048828125,119
2026-07-13 00:17:00-04:00,4062.5,4064.60009765625,4061.800048828125,4064.0,64
2026-07-13 00:18:00-04:00,4064.10009765625,4065.0,4064.10009765625,4064.300048828125,43
2026-07-13 00:19:00-04:00,4064.39990234375,4065.60009765625,4064.39990234375,4065.10009765625,64
2026-07-13 00:20:00-04:00,4065.0,4065.199951171875,4064.199951171875,4065.0,19
2026-07-13 00:21:00-04:00,4064.60009765625,4065.10009765625,4063.699951171875,4064.800048828125,78
2026-07-13 00:22:00-04:00,4064.699951171875,4065.0,4064.300048828125,4064.60009765625,23
2026-07-13 00:23:00-04:00,4065.0,4065.0,4064.0,4064.39990234375,16
2026-07-13 00:24:00-04:00,4064.39990234375,4065.300048828125,4064.199951171875,4065.0,77
2026-07-13 00:25:00-04:00,4064.800048828125,4065.0,4063.5,4063.89990234375,41
2026-07-13 00:26:00-04:00,4063.699951171875,4063.699951171875,4063.0,4063.199951171875,18
2026-07-13 00:27:00-04:00,4063.10009765625,4063.300048828125,4062.39990234375,4063.0,23
2026-07-13 00:28:00-04:00,4063.0,4063.199951171875,4061.199951171875,4061.60009765625,58
2026-07-13 00:29:00-04:00,4061.300048828125,4063.10009765625,4061.300048828125,4063.10009765625,31
2026-07-13 00:30:00-04:00,4063.10009765625,4063.300048828125,4062.60009765625,4062.60009765625,36
2026-07-13 00:31:00-04:00,4062.800048828125,4062.800048828125,4061.60009765625,4062.699951171875,31
2026-07-13 00:32:00-04:00,4063.699951171875,4064.10009765625,4063.39990234375,4063.60009765625,27
2026-07-13 00:33:00-04:00,4064.39990234375,4065.300048828125,4063.699951171875,4064.10009765625,80
2026-07-13 00:34:00-04:00,4064.199951171875,4064.800048828125,4063.300048828125,4063.699951171875,16
2026-07-13 00:35:00-04:00,4063.5,4063.89990234375,4063.199951171875,4063.699951171875,18
2026-07-13 00:36:00-04:00,4064.199951171875,4064.199951171875,4063.699951171875,4063.89990234375,7
2026-07-13 00:37:00-04:00,4063.89990234375,4063.89990234375,4063.10009765625,4063.10009765625,3
2026-07-13 00:38:00-04:00,4063.39990234375,4063.89990234375,4062.699951171875,4063.89990234375,22
2026-07-13 00:39:00-04:00,4064.699951171875,4065.0,4064.300048828125,4064.300048828125,17
2026-07-13 00:40:00-04:00,4064.39990234375,4064.39990234375,4063.199951171875,4063.199951171875,15
2026-07-13 00:41:00-04:00,4063.10009765625,4063.10009765625,4061.800048828125,4061.800048828125,6
2026-07-13 00:42:00-04:00,4061.60009765625,4062.699951171875,4060.89990234375,4062.10009765625,46
2026-07-13 00:43:00-04:00,4062.39990234375,4063.0,4061.199951171875,4061.199951171875,22
2026-07-13 00:44:00-04:00,4060.89990234375,4062.300048828125,4060.800048828125,4062.0,30
2026-07-13 00:45:00-04:00,4062.10009765625,4062.5,4061.89990234375,4062.39990234375,19
2026-07-13 00:46:00-04:00,4062.800048828125,4062.800048828125,4062.5,4062.5,3
2026-07-13 00:47:00-04:00,4062.699951171875,4062.800048828125,4061.39990234375,4061.699951171875,22
2026-07-13 00:48:00-04:00,4062.300048828125,4062.300048828125,4061.300048828125,4061.699951171875,12
2026-07-13 00:49:00-04:00,4061.199951171875,4061.300048828125,4060.10009765625,4060.89990234375,25
2026-07-13 00:50:00-04:00,4060.699951171875,4061.5,4060.5,4061.300048828125,14
2026-07-13 00:51:00-04:00,4061.0,4061.5,4060.39990234375,4061.0,21
2026-07-13 00:52:00-04:00,4061.5,4062.800048828125,4061.5,4062.800048828125,16
2026-07-13 00:54:00-04:00,4062.0,4062.39990234375,4062.0,4062.39990234375,2
2026-07-13 00:55:00-04:00,4062.39990234375,4064.10009765625,4062.39990234375,4063.800048828125,18
2026-07-13 00:56:00-04:00,4064.199951171875,4065.0,4064.199951171875,4064.89990234375,18
2026-07-13 00:57:00-04:00,4065.300048828125,4066.0,4064.5,4065.0,131
2026-07-13 00:58:00-04:00,4065.199951171875,4067.10009765625,4064.60009765625,4066.89990234375,81
2026-07-13 00:59:00-04:00,4066.699951171875,4066.800048828125,4065.89990234375,4066.300048828125,36
2026-07-13 01:00:00-04:00,4066.39990234375,4066.39990234375,4062.60009765625,4063.199951171875,58
2026-07-13 01:01:00-04:00,4062.89990234375,4064.199951171875,4062.89990234375,4064.0,22
2026-07-13 01:02:00-04:00,4064.5,4065.5,4064.5,4065.5,12
2026-07-13 01:03:00-04:00,4065.5,4067.0,4065.0,4066.800048828125,18
2026-07-13 01:04:00-04:00,4066.5,4068.10009765625,4066.5,4068.0,63
2026-07-13 01:05:00-04:00,4067.199951171875,4070.60009765625,4067.0,4069.60009765625,126
2026-07-13 01:06:00-04:00,4069.60009765625,4071.5,4069.5,4070.800048828125,38
2026-07-13 01:07:00-04:00,4071.0,4074.39990234375,4070.699951171875,4073.89990234375,280
2026-07-13 01:08:00-04:00,4073.60009765625,4077.10009765625,4073.60009765625,4077.0,183
2026-07-13 01:09:00-04:00,4077.199951171875,4078.800048828125,4076.699951171875,4078.39990234375,74
2026-07-13 01:10:00-04:00,4078.300048828125,4079.89990234375,4076.199951171875,4078.39990234375,148
2026-07-13 01:11:00-04:00,4078.199951171875,4080.89990234375,4076.39990234375,4076.5,166
2026-07-13 01:12:00-04:00,4076.89990234375,4078.60009765625,4076.89990234375,4077.699951171875,74
2026-07-13 01:13:00-04:00,4077.39990234375,4078.89990234375,4077.300048828125,4077.89990234375,62
2026-07-13 01:14:00-04:00,4078.10009765625,4078.10009765625,4075.89990234375,4077.300048828125,39
2026-07-13 01:15:00-04:00,4077.60009765625,4077.699951171875,4073.10009765625,4073.800048828125,109
2026-07-13 01:16:00-04:00,4073.699951171875,4075.10009765625,4073.699951171875,4074.199951171875,30
2026-07-13 01:17:00-04:00,4074.199951171875,4074.39990234375,4073.699951171875,4073.800048828125,21
2026-07-13 01:18:00-04:00,4074.0,4074.0,4071.699951171875,4072.5,79
2026-07-13 01:19:00-04:00,4072.5,4073.800048828125,4072.5,4073.39990234375,34
2026-07-13 01:20:00-04:00,4073.39990234375,4074.199951171875,4071.60009765625,4071.60009765625,62
2026-07-13 01:21:00-04:00,4071.5,4071.89990234375,4070.5,4071.300048828125,35
2026-07-13 01:22:00-04:00,4071.199951171875,4071.5,4069.699951171875,4069.699951171875,23
2026-07-13 01:23:00-04:00,4069.0,4069.39990234375,4068.0,4068.60009765625,53
2026-07-13 01:24:00-04:00,4069.300048828125,4069.800048828125,4068.10009765625,4068.89990234375,49
2026-07-13 01:25:00-04:00,4069.10009765625,4071.39990234375,4069.10009765625,4071.10009765625,78
2026-07-13 01:26:00-04:00,4070.89990234375,4071.0,4068.0,4069.10009765625,50
2026-07-13 01:27:00-04:00,4069.39990234375,4069.5,4068.10009765625,4069.199951171875,25
2026-07-13 01:28:00-04:00,4068.800048828125,4070.0,4067.0,4067.199951171875,114
2026-07-13 01:29:00-04:00,4066.89990234375,4066.89990234375,4065.10009765625,4065.800048828125,54
2026-07-13 01:30:00-04:00,4065.699951171875,4066.300048828125,4059.5,4063.5,286
2026-07-13 01:31:00-04:00,4063.199951171875,4065.89990234375,4063.10009765625,4064.699951171875,92
2026-07-13 01:32:00-04:00,4064.5,4066.60009765625,4064.10009765625,4066.60009765625,98
2026-07-13 01:33:00-04:00,4066.39990234375,4067.800048828125,4065.199951171875,4067.5,68
2026-07-13 01:34:00-04:00,4067.800048828125,4070.39990234375,4067.800048828125,4070.10009765625,167
2026-07-13 01:35:00-04:00,4069.699951171875,4071.800048828125,4069.5,4071.199951171875,113
2026-07-13 01:36:00-04:00,4071.0,4072.699951171875,4069.89990234375,4071.800048828125,60
2026-07-13 01:37:00-04:00,4071.39990234375,4073.300048828125,4070.800048828125,4072.39990234375,116
2026-07-13 01:38:00-04:00,4072.300048828125,4072.60009765625,4071.0,4071.39990234375,33
2026-07-13 01:39:00-04:00,4071.60009765625,4073.0,4070.800048828125,4071.0,45
2026-07-13 01:40:00-04:00,4070.89990234375,4071.0,4068.89990234375,4069.5,106
2026-07-13 01:41:00-04:00,4069.5,4070.5,4068.10009765625,4070.5,41
2026-07-13 01:42:00-04:00,4070.199951171875,4072.5,4069.5,4071.699951171875,107
2026-07-13 01:43:00-04:00,4071.300048828125,4071.60009765625,4069.60009765625,4070.39990234375,14
2026-07-13 01:44:00-04:00,4070.60009765625,4073.10009765625,4070.60009765625,4070.89990234375,89
2026-07-13 01:45:00-04:00,4070.5,4070.699951171875,4069.89990234375,4070.300048828125,19
2026-07-13 01:46:00-04:00,4069.39990234375,4069.39990234375,4066.800048828125,4067.800048828125,74
2026-07-13 01:47:00-04:00,4067.5,4069.89990234375,4066.89990234375,4069.89990234375,62
2026-07-13 01:48:00-04:00,4069.5,4070.60009765625,4066.800048828125,4066.89990234375,84
2026-07-13 01:49:00-04:00,4067.300048828125,4070.60009765625,4067.300048828125,4070.60009765625,49
2026-07-13 01:50:00-04:00,4070.60009765625,4072.199951171875,4069.800048828125,4071.89990234375,53
2026-07-13 01:51:00-04:00,4071.89990234375,4072.10009765625,4069.0,4069.5,49
2026-07-13 01:52:00-04:00,4069.60009765625,4069.800048828125,4068.300048828125,4068.5,24
2026-07-13 01:53:00-04:00,4068.800048828125,4069.300048828125,4066.10009765625,4066.10009765625,78
2026-07-13 01:54:00-04:00,4066.10009765625,4067.0,4065.300048828125,4066.39990234375,36
2026-07-13 01:55:00-04:00,4065.89990234375,4066.89990234375,4064.699951171875,4065.39990234375,37
2026-07-13 01:56:00-04:00,4064.89990234375,4065.89990234375,4063.5,4065.10009765625,83
2026-07-13 01:57:00-04:00,4064.800048828125,4065.0,4062.800048828125,4063.5,49
2026-07-13 01:58:00-04:00,4063.60009765625,4064.10009765625,4062.60009765625,4062.89990234375,53
2026-07-13 01:59:00-04:00,4062.699951171875,4063.0,4060.699951171875,4061.800048828125,125
2026-07-13 02:00:00-04:00,4061.89990234375,4064.300048828125,4061.5,4062.39990234375,102
2026-07-13 02:01:00-04:00,4061.699951171875,4062.199951171875,4060.60009765625,4061.0,42
2026-07-13 02:02:00-04:00,4061.0,4063.60009765625,4060.60009765625,4062.699951171875,138
2026-07-13 02:03:00-04:00,4062.39990234375,4062.39990234375,4060.199951171875,4060.300048828125,43
2026-07-13 02:04:00-04:00,4060.300048828125,4060.300048828125,4056.60009765625,4058.800048828125,428
2026-07-13 02:05:00-04:00,4059.39990234375,4059.60009765625,4055.300048828125,4056.199951171875,166
2026-07-13 02:06:00-04:00,4055.89990234375,4056.699951171875,4052.0,4052.60009765625,505
2026-07-13 02:07:00-04:00,4052.199951171875,4057.60009765625,4052.199951171875,4057.199951171875,209
2026-07-13 02:08:00-04:00,4057.10009765625,4058.699951171875,4056.39990234375,4058.199951171875,255
2026-07-13 02:09:00-04:00,4057.800048828125,4062.0,4057.0,4060.800048828125,204
2026-07-13 02:10:00-04:00,4060.699951171875,4060.89990234375,4059.10009765625,4059.10009765625,48
2026-07-13 02:11:00-04:00,4058.89990234375,4059.60009765625,4058.39990234375,4058.699951171875,45
2026-07-13 02:12:00-04:00,4058.800048828125,4058.89990234375,4056.800048828125,4057.10009765625,33
2026-07-13 02:13:00-04:00,4057.60009765625,4059.800048828125,4057.60009765625,4059.300048828125,53
2026-07-13 02:14:00-04:00,4059.199951171875,4060.300048828125,4058.199951171875,4058.60009765625,32
2026-07-13 02:15:00-04:00,4058.699951171875,4060.0,4058.60009765625,4059.39990234375,27
2026-07-13 02:16:00-04:00,4058.800048828125,4060.800048828125,4058.699951171875,4060.0,100
2026-07-13 02:17:00-04:00,4059.39990234375,4060.800048828125,4058.800048828125,4060.39990234375,29
2026-07-13 02:18:00-04:00,4060.60009765625,4062.0,4060.39990234375,4061.199951171875,44
2026-07-13 02:19:00-04:00,4061.300048828125,4061.60009765625,4060.800048828125,4061.10009765625,20
2026-07-13 02:20:00-04:00,4061.60009765625,4062.89990234375,4061.199951171875,4061.699951171875,33
2026-07-13 02:21:00-04:00,4062.0,4064.699951171875,4061.89990234375,4064.300048828125,100
2026-07-13 02:22:00-04:00,4064.0,4064.60009765625,4063.300048828125,4063.800048828125,51
2026-07-13 02:23:00-04:00,4063.800048828125,4063.800048828125,4061.300048828125,4061.699951171875,44
2026-07-13 02:24:00-04:00,4061.89990234375,4063.800048828125,4061.800048828125,4063.10009765625,44
2026-07-13 02:25:00-04:00,4062.699951171875,4066.300048828125,4062.699951171875,4066.300048828125,119
2026-07-13 02:26:00-04:00,4066.300048828125,4066.60009765625,4065.39990234375,4066.39990234375,36
2026-07-13 02:27:00-04:00,4066.39990234375,4067.10009765625,4064.89990234375,4064.89990234375,126
2026-07-13 02:28:00-04:00,4065.10009765625,4067.0,4064.699951171875,4066.199951171875,92
2026-07-13 02:29:00-04:00,4066.300048828125,4069.10009765625,4066.300048828125,4068.89990234375,91
2026-07-13 02:30:00-04:00,4069.0,4069.0,4066.800048828125,4067.10009765625,84
2026-07-13 02:31:00-04:00,4067.5,4069.39990234375,4067.0,4069.39990234375,42
2026-07-13 02:32:00-04:00,4069.5,4070.0,4066.5,4066.800048828125,62
2026-07-13 02:33:00-04:00,4066.89990234375,4067.800048828125,4066.39990234375,4067.199951171875,46
2026-07-13 02:34:00-04:00,4067.0,4067.5,4066.5,4067.39990234375,33
2026-07-13 02:35:00-04:00,4067.300048828125,4068.10009765625,4066.89990234375,4067.60009765625,28
2026-07-13 02:36:00-04:00,4067.5,4069.199951171875,4067.199951171875,4069.0,35
2026-07-13 02:37:00-04:00,4068.89990234375,4070.5,4068.60009765625,4070.39990234375,68
2026-07-13 02:38:00-04:00,4070.39990234375,4071.39990234375,4069.89990234375,4070.60009765625,60
2026-07-13 02:39:00-04:00,4070.39990234375,4071.0,4069.60009765625,4069.800048828125,53
2026-07-13 02:40:00-04:00,4070.60009765625,4071.0,4069.0,4069.10009765625,40
2026-07-13 02:41:00-04:00,4069.0,4069.0,4067.800048828125,4067.800048828125,93
2026-07-13 02:42:00-04:00,4067.800048828125,4068.5,4067.10009765625,4067.699951171875,32
2026-07-13 02:43:00-04:00,4067.800048828125,4069.199951171875,4067.800048828125,4068.89990234375,34
2026-07-13 02:44:00-04:00,4069.39990234375,4069.699951171875,4068.0,4068.0,94
2026-07-13 02:45:00-04:00,4067.89990234375,4068.5,4067.300048828125,4067.39990234375,64
2026-07-13 02:46:00-04:00,4067.199951171875,4067.60009765625,4065.10009765625,4065.60009765625,87
2026-07-13 02:47:00-04:00,4066.300048828125,4066.5,4065.39990234375,4065.89990234375,41
2026-07-13 02:48:00-04:00,4066.10009765625,4066.10009765625,4064.10009765625,4064.300048828125,71
2026-07-13 02:49:00-04:00,4064.89990234375,4066.0,4064.39990234375,4064.39990234375,109
2026-07-13 02:50:00-04:00,4064.699951171875,4065.60009765625,4063.800048828125,4064.60009765625,58
2026-07-13 02:51:00-04:00,4064.89990234375,4065.39990234375,4063.199951171875,4063.199951171875,32
2026-07-13 02:52:00-04:00,4063.5,4064.300048828125,4062.800048828125,4063.800048828125,155
2026-07-13 02:53:00-04:00,4063.5,4063.5,4061.39990234375,4061.699951171875,47
2026-07-13 02:54:00-04:00,4061.300048828125,4062.300048828125,4060.5,4061.89990234375,43
2026-07-13 02:55:00-04:00,4061.699951171875,4062.199951171875,4061.10009765625,4061.800048828125,77
2026-07-13 02:56:00-04:00,4061.5,4062.199951171875,4060.300048828125,4062.199951171875,49
2026-07-13 02:57:00-04:00,4061.800048828125,4061.800048828125,4059.699951171875,4060.0,66
2026-07-13 02:58:00-04:00,4060.60009765625,4061.199951171875,4060.10009765625,4061.199951171875,26
2026-07-13 02:59:00-04:00,4060.89990234375,4063.699951171875,4060.89990234375,4063.0,199
2026-07-13 03:00:00-04:00,4063.39990234375,4064.39990234375,4062.60009765625,4062.60009765625,132
2026-07-13 03:01:00-04:00,4062.39990234375,4062.699951171875,4056.89990234375,4057.199951171875,251
2026-07-13 03:02:00-04:00,4057.5,4059.800048828125,4056.5,4059.800048828125,81
2026-07-13 03:03:00-04:00,4059.60009765625,4061.10009765625,4059.0,4061.10009765625,76
2026-07-13 03:04:00-04:00,4060.89990234375,4063.699951171875,4060.89990234375,4061.800048828125,65
2026-07-13 03:05:00-04:00,4061.300048828125,4061.300048828125,4060.0,4061.10009765625,27
2026-07-13 03:06:00-04:00,4061.10009765625,4062.10009765625,4060.199951171875,4060.199951171875,56
2026-07-13 03:07:00-04:00,4059.800048828125,4062.800048828125,4059.199951171875,4062.300048828125,152
2026-07-13 03:08:00-04:00,4062.199951171875,4067.5,4062.199951171875,4066.800048828125,104
2026-07-13 03:09:00-04:00,4066.60009765625,4068.300048828125,4066.10009765625,4066.10009765625,130
2026-07-13 03:10:00-04:00,4066.300048828125,4069.300048828125,4065.89990234375,4067.5,129
2026-07-13 03:11:00-04:00,4067.300048828125,4067.300048828125,4065.39990234375,4065.39990234375,24
2026-07-13 03:12:00-04:00,4065.199951171875,4065.199951171875,4064.300048828125,4064.300048828125,25
2026-07-13 03:13:00-04:00,4064.5,4064.699951171875,4062.800048828125,4063.300048828125,38
2026-07-13 03:14:00-04:00,4062.5,4064.39990234375,4062.300048828125,4063.39990234375,37
2026-07-13 03:15:00-04:00,4063.699951171875,4065.39990234375,4063.699951171875,4065.0,129
2026-07-13 03:16:00-04:00,4065.10009765625,4065.300048828125,4064.60009765625,4065.199951171875,20
2026-07-13 03:17:00-04:00,4065.5,4065.89990234375,4063.89990234375,4064.699951171875,30
2026-07-13 03:18:00-04:00,4064.800048828125,4065.699951171875,4064.300048828125,4065.300048828125,51
2026-07-13 03:19:00-04:00,4065.699951171875,4065.699951171875,4064.800048828125,4065.60009765625,21
2026-07-13 03:20:00-04:00,4064.89990234375,4064.89990234375,4063.699951171875,4064.300048828125,28
2026-07-13 03:21:00-04:00,4064.699951171875,4065.60009765625,4063.800048828125,4065.5,23
2026-07-13 03:22:00-04:00,4065.5,4066.199951171875,4065.199951171875,4066.199951171875,75
2026-07-13 03:23:00-04:00,4066.699951171875,4066.89990234375,4066.10009765625,4066.10009765625,12
2026-07-13 03:24:00-04:00,4066.10009765625,4066.10009765625,4064.89990234375,4065.0,20
2026-07-13 03:25:00-04:00,4064.89990234375,4065.300048828125,4064.60009765625,4065.0,18
2026-07-13 03:26:00-04:00,4064.800048828125,4065.60009765625,4064.199951171875,4065.60009765625,24
2026-07-13 03:27:00-04:00,4065.800048828125,4066.199951171875,4065.0,4065.300048828125,25
2026-07-13 03:28:00-04:00,4065.199951171875,4065.800048828125,4064.39990234375,4065.800048828125,64
2026-07-13 03:29:00-04:00,4065.699951171875,4067.10009765625,4065.699951171875,4067.10009765625,15
2026-07-13 03:30:00-04:00,4066.60009765625,4066.60009765625,4064.10009765625,4064.199951171875,17
2026-07-13 03:31:00-04:00,4064.10009765625,4064.60009765625,4063.800048828125,4064.39990234375,14
2026-07-13 03:32:00-04:00,4064.800048828125,4066.39990234375,4064.800048828125,4066.10009765625,18
2026-07-13 03:33:00-04:00,4066.5,4066.89990234375,4065.5,4065.800048828125,73
2026-07-13 03:34:00-04:00,4066.300048828125,4068.300048828125,4066.300048828125,4067.800048828125,37
2026-07-13 03:35:00-04:00,4067.60009765625,4071.0,4067.5,4069.5,225
2026-07-13 03:36:00-04:00,4069.10009765625,4069.5,4067.699951171875,4068.199951171875,79
2026-07-13 03:37:00-04:00,4067.800048828125,4069.699951171875,4067.199951171875,4069.300048828125,69
2026-07-13 03:38:00-04:00,4069.10009765625,4069.699951171875,4067.60009765625,4067.60009765625,18
2026-07-13 03:39:00-04:00,4067.800048828125,4068.39990234375,4067.699951171875,4068.39990234375,45
2026-07-13 03:40:00-04:00,4068.300048828125,4069.699951171875,4068.300048828125,4069.0,15
2026-07-13 03:41:00-04:00,4069.300048828125,4069.60009765625,4068.89990234375,4069.10009765625,11
2026-07-13 03:42:00-04:00,4068.5,4068.800048828125,4067.89990234375,4068.300048828125,12
2026-07-13 03:43:00-04:00,4068.60009765625,4068.60009765625,4068.0,4068.199951171875,6
2026-07-13 03:44:00-04:00,4067.699951171875,4067.699951171875,4065.0,4065.0,56
2026-07-13 03:45:00-04:00,4065.699951171875,4066.5,4064.89990234375,4066.199951171875,19
2026-07-13 03:46:00-04:00,4066.5,4066.60009765625,4065.89990234375,4065.89990234375,5
2026-07-13 03:47:00-04:00,4066.300048828125,4066.5,4066.10009765625,4066.199951171875,6
2026-07-13 03:48:00-04:00,4065.89990234375,4066.39990234375,4065.699951171875,4066.300048828125,24
2026-07-13 03:49:00-04:00,4067.10009765625,4067.5,4064.800048828125,4065.199951171875,75
2026-07-13 03:50:00-04:00,4065.10009765625,4065.5,4064.0,4064.39990234375,92
2026-07-13 03:51:00-04:00,4064.39990234375,4066.300048828125,4064.199951171875,4066.199951171875,37
2026-07-13 03:52:00-04:00,4066.5,4067.0,4065.89990234375,4066.39990234375,36
2026-07-13 03:53:00-04:00,4066.39990234375,4067.0,4066.300048828125,4066.39990234375,26
2026-07-13 03:54:00-04:00,4067.199951171875,4069.89990234375,4067.199951171875,4069.300048828125,55
2026-07-13 03:55:00-04:00,4069.5,4070.5,4068.699951171875,4069.60009765625,117
2026-07-13 03:56:00-04:00,4069.300048828125,4069.800048828125,4068.699951171875,4068.89990234375,52
2026-07-13 03:57:00-04:00,4069.300048828125,4070.89990234375,4069.300048828125,4070.199951171875,35
2026-07-13 03:58:00-04:00,4069.800048828125,4072.800048828125,4069.800048828125,4072.0,192
2026-07-13 03:59:00-04:00,4071.800048828125,4073.199951171875,4071.199951171875,4072.800048828125,48
2026-07-13 04:00:00-04:00,4072.800048828125,4075.699951171875,4072.60009765625,4074.10009765625,117
2026-07-13 04:01:00-04:00,4073.89990234375,4074.800048828125,4073.0,4074.199951171875,33
2026-07-13 04:02:00-04:00,4074.5,4075.60009765625,4073.39990234375,4074.5,76
2026-07-13 04:03:00-04:00,4074.800048828125,4074.800048828125,4071.39990234375,4073.10009765625,74
2026-07-13 04:04:00-04:00,4072.699951171875,4073.39990234375,4072.0,4073.199951171875,45
2026-07-13 04:05:00-04:00,4073.60009765625,4076.0,4072.89990234375,4075.199951171875,107
2026-07-13 04:06:00-04:00,4075.10009765625,4077.800048828125,4075.10009765625,4076.5,208
2026-07-13 04:07:00-04:00,4076.300048828125,4078.10009765625,4076.300048828125,4077.0,51
2026-07-13 04:08:00-04:00,4077.300048828125,4079.10009765625,4076.800048828125,4077.0,124
2026-07-13 04:09:00-04:00,4077.10009765625,4079.699951171875,4076.699951171875,4079.300048828125,38
2026-07-13 04:10:00-04:00,4079.39990234375,4080.199951171875,4077.89990234375,4080.199951171875,83
2026-07-13 04:11:00-04:00,4080.0,4081.5,4079.10009765625,4080.10009765625,218
2026-07-13 04:12:00-04:00,4080.5,4083.300048828125,4079.89990234375,4082.60009765625,211
2026-07-13 04:13:00-04:00,4082.699951171875,4083.10009765625,4079.89990234375,4080.0,86
2026-07-13 04:14:00-04:00,4080.0,4083.60009765625,4079.89990234375,4082.300048828125,93
2026-07-13 04:15:00-04:00,4082.199951171875,4086.800048828125,4082.199951171875,4083.300048828125,502
2026-07-13 04:16:00-04:00,4083.10009765625,4083.60009765625,4081.800048828125,4082.699951171875,62
2026-07-13 04:17:00-04:00,4083.60009765625,4084.89990234375,4083.300048828125,4084.0,95
2026-07-13 04:18:00-04:00,4083.60009765625,4085.300048828125,4083.60009765625,4085.300048828125,45
2026-07-13 04:19:00-04:00,4084.800048828125,4085.699951171875,4083.60009765625,4083.60009765625,66
2026-07-13 04:20:00-04:00,4083.60009765625,4086.0,4083.300048828125,4084.0,82
2026-07-13 04:21:00-04:00,4084.0,4087.0,4083.89990234375,4086.699951171875,97
2026-07-13 04:22:00-04:00,4086.300048828125,4088.0,4086.199951171875,4087.300048828125,290
2026-07-13 04:23:00-04:00,4087.300048828125,4089.10009765625,4086.5,4087.0,146
2026-07-13 04:24:00-04:00,4086.699951171875,4088.0,4086.39990234375,4087.0,94
2026-07-13 04:25:00-04:00,4086.60009765625,4087.800048828125,4084.39990234375,4084.60009765625,172
2026-07-13 04:26:00-04:00,4084.5,4085.0,4082.300048828125,4082.800048828125,169
2026-07-13 04:27:00-04:00,4083.0,4084.10009765625,4082.699951171875,4083.5,73
2026-07-13 04:28:00-04:00,4083.39990234375,4083.800048828125,4082.60009765625,4082.699951171875,61
2026-07-13 04:29:00-04:00,4083.300048828125,4083.39990234375,4082.39990234375,4082.60009765625,80
2026-07-13 04:30:00-04:00,4082.300048828125,4082.5,4081.199951171875,4081.800048828125,69
2026-07-13 04:31:00-04:00,4081.699951171875,4083.199951171875,4081.699951171875,4082.89990234375,29
2026-07-13 04:32:00-04:00,4082.5,4083.199951171875,4081.60009765625,4082.800048828125,36
2026-07-13 04:33:00-04:00,4083.199951171875,4084.0,4082.89990234375,4083.699951171875,38
2026-07-13 04:34:00-04:00,4083.800048828125,4083.800048828125,4079.5,4081.0,159
2026-07-13 04:35:00-04:00,4080.800048828125,4082.39990234375,4079.89990234375,4082.39990234375,57
2026-07-13 04:36:00-04:00,4082.199951171875,4082.300048828125,4081.5,4081.5,19
2026-07-13 04:37:00-04:00,4081.199951171875,4081.699951171875,4080.89990234375,4081.39990234375,38
2026-07-13 04:38:00-04:00,4081.60009765625,4082.5,4081.60009765625,4082.0,27
2026-07-13 04:39:00-04:00,4082.5,4083.39990234375,4082.5,4083.300048828125,26
2026-07-13 04:40:00-04:00,4082.89990234375,4084.199951171875,4081.39990234375,4084.199951171875,89
2026-07-13 04:41:00-04:00,4083.89990234375,4083.89990234375,4082.800048828125,4083.0,13
2026-07-13 04:42:00-04:00,4083.10009765625,4084.0,4083.0,4083.10009765625,27
2026-07-13 04:43:00-04:00,4083.300048828125,4084.5,4083.199951171875,4084.10009765625,27
2026-07-13 04:44:00-04:00,4083.89990234375,4084.800048828125,4083.89990234375,4084.60009765625,26
2026-07-13 04:45:00-04:00,4084.0,4084.39990234375,4083.300048828125,4083.300048828125,19
2026-07-13 04:46:00-04:00,4083.60009765625,4083.699951171875,4080.89990234375,4080.89990234375,86
2026-07-13 04:47:00-04:00,4081.0,4082.60009765625,4080.89990234375,4082.60009765625,24
2026-07-13 04:48:00-04:00,4082.39990234375,4083.699951171875,4082.199951171875,4083.199951171875,16
2026-07-13 04:49:00-04:00,4083.800048828125,4085.0,4083.800048828125,4084.5,17
2026-07-13 04:50:00-04:00,4084.89990234375,4086.0,4084.10009765625,4085.199951171875,38
2026-07-13 04:51:00-04:00,4085.199951171875,4086.0,4085.0,4086.0,81
2026-07-13 04:52:00-04:00,4085.800048828125,4086.300048828125,4085.0,4085.89990234375,42
2026-07-13 04:53:00-04:00,4086.0,4086.5,4085.60009765625,4086.39990234375,74
2026-07-13 04:54:00-04:00,4086.60009765625,4087.199951171875,4086.0,4086.39990234375,51
2026-07-13 04:55:00-04:00,4086.5,4086.60009765625,4084.60009765625,4084.699951171875,47
2026-07-13 04:56:00-04:00,4084.199951171875,4084.800048828125,4083.300048828125,4084.10009765625,51
2026-07-13 04:57:00-04:00,4084.0,4084.199951171875,4083.0,4083.60009765625,18
2026-07-13 04:58:00-04:00,4083.5,4083.5,4082.5,4082.60009765625,25
2026-07-13 04:59:00-04:00,4082.800048828125,4083.10009765625,4082.800048828125,4083.10009765625,5
2026-07-13 05:00:00-04:00,4082.800048828125,4083.39990234375,4082.10009765625,4082.5,26
2026-07-13 05:01:00-04:00,4083.10009765625,4084.39990234375,4083.10009765625,4084.39990234375,47
2026-07-13 05:02:00-04:00,4084.199951171875,4084.199951171875,4083.5,4083.5,3
2026-07-13 05:03:00-04:00,4083.10009765625,4083.10009765625,4081.0,4081.300048828125,34
2026-07-13 05:04:00-04:00,4081.5,4082.800048828125,4081.5,4082.800048828125,24
2026-07-13 05:05:00-04:00,4083.39990234375,4083.89990234375,4082.699951171875,4083.10009765625,21
2026-07-13 05:06:00-04:00,4082.89990234375,4084.0,4082.89990234375,4083.89990234375,27
2026-07-13 05:07:00-04:00,4083.39990234375,4083.60009765625,4082.89990234375,4082.89990234375,21
2026-07-13 05:08:00-04:00,4082.699951171875,4083.5,4082.300048828125,4083.5,98
2026-07-13 05:09:00-04:00,4082.699951171875,4082.699951171875,4082.300048828125,4082.300048828125,4
2026-07-13 05:10:00-04:00,4082.0,4082.10009765625,4081.60009765625,4082.10009765625,8
2026-07-13 05:11:00-04:00,4082.60009765625,4082.800048828125,4082.5,4082.699951171875,8
2026-07-13 05:12:00-04:00,4083.10009765625,4083.199951171875,4081.60009765625,4081.60009765625,63
2026-07-13 05:13:00-04:00,4081.60009765625,4081.60009765625,4081.0,4081.199951171875,21
2026-07-13 05:14:00-04:00,4081.10009765625,4083.10009765625,4081.10009765625,4082.89990234375,49
2026-07-13 05:15:00-04:00,4082.89990234375,4082.89990234375,4081.699951171875,4082.0,18
2026-07-13 05:16:00-04:00,4082.39990234375,4082.39990234375,4081.39990234375,4081.5,29
2026-07-13 05:17:00-04:00,4081.60009765625,4082.5,4081.60009765625,4081.89990234375,58
2026-07-13 05:18:00-04:00,4081.699951171875,4082.300048828125,4080.0,4080.5,98
2026-07-13 05:19:00-04:00,4080.300048828125,4081.699951171875,4080.300048828125,4081.60009765625,106
2026-07-13 05:20:00-04:00,4081.199951171875,4083.10009765625,4081.199951171875,4083.10009765625,32
2026-07-13 05:21:00-04:00,4083.300048828125,4083.39990234375,4082.0,4082.0,25
2026-07-13 05:22:00-04:00,4081.89990234375,4082.300048828125,4081.699951171875,4082.10009765625,11
2026-07-13 05:23:00-04:00,4081.60009765625,4082.5,4081.5,4082.199951171875,26
2026-07-13 05:24:00-04:00,4082.10009765625,4082.699951171875,4081.10009765625,4082.699951171875,82
2026-07-13 05:25:00-04:00,4082.89990234375,4085.0,4082.699951171875,4084.60009765625,37
2026-07-13 05:26:00-04:00,4084.199951171875,4084.199951171875,4082.5,4082.699951171875,34
2026-07-13 05:27:00-04:00,4082.800048828125,4083.39990234375,4082.10009765625,4082.10009765625,28
2026-07-13 05:28:00-04:00,4082.0,4082.199951171875,4081.300048828125,4081.60009765625,91
2026-07-13 05:29:00-04:00,4081.39990234375,4081.60009765625,4079.199951171875,4081.0,71
2026-07-13 05:30:00-04:00,4080.699951171875,4082.0,4079.5,4080.10009765625,181
2026-07-13 05:31:00-04:00,4080.60009765625,4081.0,4079.199951171875,4079.800048828125,186
2026-07-13 05:32:00-04:00,4080.0,4081.5,4079.699951171875,4080.60009765625,77
2026-07-13 05:33:00-04:00,4081.0,4081.5,4080.39990234375,4081.0,84
2026-07-13 05:34:00-04:00,4080.699951171875,4081.0,4078.39990234375,4080.0,68
2026-07-13 05:35:00-04:00,4080.0,4080.0,4078.89990234375,4079.199951171875,29
2026-07-13 05:36:00-04:00,4079.199951171875,4079.60009765625,4079.0,4079.0,15
2026-07-13 05:37:00-04:00,4079.0,4079.5,4078.5,4079.39990234375,14
2026-07-13 05:38:00-04:00,4079.39990234375,4080.0,4079.0,4079.10009765625,27
2026-07-13 05:39:00-04:00,4078.5,4078.800048828125,4077.699951171875,4078.0,13
2026-07-13 05:40:00-04:00,4078.10009765625,4080.800048828125,4077.800048828125,4079.39990234375,52
2026-07-13 05:41:00-04:00,4079.39990234375,4080.10009765625,4078.5,4079.5,38
2026-07-13 05:42:00-04:00,4079.10009765625,4079.199951171875,4078.89990234375,4079.199951171875,27
2026-07-13 05:43:00-04:00,4079.199951171875,4079.89990234375,4079.199951171875,4079.300048828125,13
2026-07-13 05:44:00-04:00,4079.0,4081.699951171875,4078.89990234375,4080.800048828125,96
2026-07-13 05:45:00-04:00,4080.800048828125,4081.39990234375,4079.89990234375,4081.39990234375,16
2026-07-13 05:46:00-04:00,4081.5,4082.0,4080.5,4080.5,28
2026-07-13 05:47:00-04:00,4080.89990234375,4080.89990234375,4079.800048828125,4080.300048828125,41
2026-07-13 05:48:00-04:00,4080.800048828125,4081.300048828125,4080.39990234375,4080.800048828125,88
2026-07-13 05:49:00-04:00,4081.0,4081.39990234375,4080.800048828125,4081.0,12
2026-07-13 05:50:00-04:00,4081.199951171875,4081.199951171875,4078.10009765625,4078.10009765625,33
2026-07-13 05:51:00-04:00,4078.5,4079.0,4078.10009765625,4078.199951171875,26
2026-07-13 05:52:00-04:00,4078.300048828125,4079.39990234375,4078.199951171875,4078.89990234375,22
2026-07-13 05:53:00-04:00,4078.699951171875,4079.10009765625,4078.60009765625,4079.0,9
2026-07-13 05:54:00-04:00,4079.10009765625,4079.699951171875,4078.60009765625,4079.300048828125,42
2026-07-13 05:55:00-04:00,4079.39990234375,4080.10009765625,4079.0,4080.10009765625,27
2026-07-13 05:56:00-04:00,4079.5,4079.5,4077.199951171875,4077.199951171875,31
2026-07-13 05:57:00-04:00,4077.10009765625,4077.699951171875,4076.89990234375,4077.199951171875,18
2026-07-13 05:58:00-04:00,4077.5,4078.10009765625,4076.89990234375,4077.199951171875,66
2026-07-13 05:59:00-04:00,4077.0,4077.10009765625,4076.0,4076.300048828125,47
2026-07-13 06:00:00-04:00,4076.199951171875,4077.39990234375,4075.800048828125,4076.800048828125,54
2026-07-13 06:01:00-04:00,4076.60009765625,4077.0,4076.199951171875,4076.5,26
2026-07-13 06:02:00-04:00,4076.699951171875,4078.39990234375,4076.39990234375,4078.39990234375,26
2026-07-13 06:03:00-04:00,4078.10009765625,4078.199951171875,4076.800048828125,4077.39990234375,73
2026-07-13 06:04:00-04:00,4077.199951171875,4078.300048828125,4077.199951171875,4078.300048828125,5
2026-07-13 06:05:00-04:00,4078.10009765625,4078.10009765625,4076.300048828125,4077.60009765625,73
2026-07-13 06:06:00-04:00,4077.699951171875,4078.199951171875,4077.5,4077.5,116
2026-07-13 06:07:00-04:00,4077.300048828125,4078.199951171875,4076.800048828125,4078.0,23
2026-07-13 06:08:00-04:00,4077.699951171875,4077.699951171875,4077.199951171875,4077.199951171875,6
2026-07-13 06:09:00-04:00,4077.199951171875,4078.39990234375,4077.10009765625,4077.10009765625,17
2026-07-13 06:10:00-04:00,4077.10009765625,4077.39990234375,4076.39990234375,4076.39990234375,17
2026-07-13 06:11:00-04:00,4076.0,4076.39990234375,4075.199951171875,4075.300048828125,29
2026-07-13 06:12:00-04:00,4075.300048828125,4076.199951171875,4075.0,4075.800048828125,25
2026-07-13 06:13:00-04:00,4075.300048828125,4075.300048828125,4074.699951171875,4075.10009765625,11
2026-07-13 06:14:00-04:00,4075.300048828125,4075.699951171875,4075.300048828125,4075.60009765625,4
2026-07-13 06:15:00-04:00,4075.5,4076.5,4074.199951171875,4074.199951171875,77
2026-07-13 06:16:00-04:00,4074.39990234375,4075.699951171875,4074.0,4075.699951171875,76
2026-07-13 06:17:00-04:00,4076.0,4076.60009765625,4076.0,4076.300048828125,47
2026-07-13 06:18:00-04:00,4076.699951171875,4077.199951171875,4076.5,4076.699951171875,10
2026-07-13 06:19:00-04:00,4075.89990234375,4076.10009765625,4075.699951171875,4076.10009765625,5
2026-07-13 06:20:00-04:00,4076.5,4076.699951171875,4075.10009765625,4076.699951171875,17
2026-07-13 06:21:00-04:00,4076.39990234375,4076.89990234375,4075.800048828125,4076.10009765625,21
2026-07-13 06:22:00-04:00,4075.60009765625,4075.60009765625,4074.39990234375,4074.800048828125,22
2026-07-13 06:23:00-04:00,4074.5,4076.10009765625,4074.300048828125,4076.10009765625,59
2026-07-13 06:24:00-04:00,4076.300048828125,4076.5,4075.60009765625,4075.60009765625,33
2026-07-13 06:25:00-04:00,4075.199951171875,4075.60009765625,4074.800048828125,4075.199951171875,16
2026-07-13 06:26:00-04:00,4075.199951171875,4075.199951171875,4071.5,4073.0,146
2026-07-13 06:27:00-04:00,4073.0,4073.89990234375,4073.0,4073.89990234375,24
2026-07-13 06:28:00-04:00,4073.699951171875,4073.699951171875,4072.800048828125,4073.10009765625,33
2026-07-13 06:29:00-04:00,4072.89990234375,4073.300048828125,4072.39990234375,4073.0,30
2026-07-13 06:30:00-04:00,4072.89990234375,4074.0,4072.800048828125,4072.89990234375,26
2026-07-13 06:31:00-04:00,4073.0,4073.800048828125,4072.800048828125,4073.60009765625,18
2026-07-13 06:32:00-04:00,4073.60009765625,4074.699951171875,4073.5,4074.699951171875,11
2026-07-13 06:33:00-04:00,4074.699951171875,4075.5,4074.5,4074.5,26
2026-07-13 06:34:00-04:00,4074.60009765625,4074.89990234375,4074.0,4074.300048828125,13
2026-07-13 06:35:00-04:00,4074.5,4075.199951171875,4074.300048828125,4075.0,9
2026-07-13 06:36:00-04:00,4074.89990234375,4074.89990234375,4074.5,4074.89990234375,11
2026-07-13 06:37:00-04:00,4074.60009765625,4075.699951171875,4074.0,4075.699951171875,89
2026-07-13 06:38:00-04:00,4075.60009765625,4076.300048828125,4074.5,4074.5,48
2026-07-13 06:39:00-04:00,4075.10009765625,4075.199951171875,4074.300048828125,4074.60009765625,13
2026-07-13 06:40:00-04:00,4074.60009765625,4074.60009765625,4072.300048828125,4073.39990234375,94
2026-07-13 06:41:00-04:00,4073.39990234375,4073.5,4061.5,4061.5,1048
2026-07-13 06:42:00-04:00,4061.0,4063.5,4055.0,4063.5,467
2026-07-13 06:43:00-04:00,4062.60009765625,4064.10009765625,4061.39990234375,4062.60009765625,107
2026-07-13 06:44:00-04:00,4061.89990234375,4062.39990234375,4059.39990234375,4060.699951171875,79
2026-07-13 06:45:00-04:00,4060.39990234375,4061.800048828125,4059.800048828125,4061.10009765625,69
2026-07-13 06:46:00-04:00,4061.10009765625,4061.199951171875,4058.800048828125,4059.10009765625,123
2026-07-13 06:47:00-04:00,4058.89990234375,4059.699951171875,4056.39990234375,4059.199951171875,146
2026-07-13 06:48:00-04:00,4059.199951171875,4060.89990234375,4058.199951171875,4060.10009765625,93
2026-07-13 06:49:00-04:00,4059.800048828125,4062.800048828125,4059.800048828125,4062.800048828125,206
2026-07-13 06:50:00-04:00,4062.300048828125,4063.5,4060.0,4063.5,180
2026-07-13 06:51:00-04:00,4063.199951171875,4065.199951171875,4063.0,4065.0,108
2026-07-13 06:52:00-04:00,4065.39990234375,4065.800048828125,4063.199951171875,4064.800048828125,92
2026-07-13 06:53:00-04:00,4065.199951171875,4065.800048828125,4064.5,4065.199951171875,40
2026-07-13 06:54:00-04:00,4065.199951171875,4066.60009765625,4064.5,4066.39990234375,83
2026-07-13 06:55:00-04:00,4066.5,4067.89990234375,4066.39990234375,4067.10009765625,130
2026-07-13 06:56:00-04:00,4067.300048828125,4068.39990234375,4067.0,4068.0,210
2026-07-13 06:57:00-04:00,4067.800048828125,4067.800048828125,4066.39990234375,4067.60009765625,105
2026-07-13 06:58:00-04:00,4068.0,4069.0,4068.0,4068.800048828125,162
2026-07-13 06:59:00-04:00,4068.89990234375,4069.60009765625,4068.199951171875,4068.39990234375,75
2026-07-13 07:00:00-04:00,4068.39990234375,4070.89990234375,4066.39990234375,4066.60009765625,199
2026-07-13 07:01:00-04:00,4066.60009765625,4069.199951171875,4066.0,4069.199951171875,130
2026-07-13 07:02:00-04:00,4069.0,4069.10009765625,4067.60009765625,4069.0,50
2026-07-13 07:03:00-04:00,4068.89990234375,4072.10009765625,4068.89990234375,4071.10009765625,225
2026-07-13 07:04:00-04:00,4071.10009765625,4072.0,4070.800048828125,4071.10009765625,126
2026-07-13 07:05:00-04:00,4071.300048828125,4074.699951171875,4071.300048828125,4074.699951171875,436
2026-07-13 07:06:00-04:00,4074.699951171875,4075.800048828125,4071.0,4071.800048828125,356
2026-07-13 07:07:00-04:00,4071.800048828125,4074.0,4071.60009765625,4073.199951171875,196
2026-07-13 07:08:00-04:00,4072.800048828125,4074.10009765625,4072.699951171875,4074.10009765625,48
2026-07-13 07:09:00-04:00,4073.800048828125,4074.199951171875,4071.89990234375,4073.10009765625,95
2026-07-13 07:10:00-04:00,4072.699951171875,4073.699951171875,4071.199951171875,4071.60009765625,91
2026-07-13 07:11:00-04:00,4071.300048828125,4072.89990234375,4070.300048828125,4072.800048828125,47
2026-07-13 07:12:00-04:00,4072.5,4073.5,4072.300048828125,4072.300048828125,96
2026-07-13 07:13:00-04:00,4072.199951171875,4073.300048828125,4071.800048828125,4072.39990234375,46
2026-07-13 07:14:00-04:00,4072.10009765625,4072.5,4070.39990234375,4071.699951171875,92
2026-07-13 07:15:00-04:00,4071.89990234375,4072.10009765625,4070.699951171875,4071.5,46
2026-07-13 07:16:00-04:00,4071.699951171875,4072.89990234375,4071.39990234375,4072.89990234375,34
2026-07-13 07:17:00-04:00,4072.10009765625,4072.5,4070.0,4070.699951171875,68
2026-07-13 07:18:00-04:00,4070.300048828125,4070.60009765625,4069.89990234375,4069.89990234375,39
2026-07-13 07:19:00-04:00,4069.699951171875,4070.89990234375,4068.89990234375,4069.300048828125,47
2026-07-13 07:20:00-04:00,4069.39990234375,4069.60009765625,4067.0,4067.300048828125,104
2026-07-13 07:21:00-04:00,4067.199951171875,4069.60009765625,4067.10009765625,4069.0,39
2026-07-13 07:22:00-04:00,4068.60009765625,4069.10009765625,4067.300048828125,4067.39990234375,32
2026-07-13 07:23:00-04:00,4067.199951171875,4067.699951171875,4066.300048828125,4066.800048828125,50
2026-07-13 07:24:00-04:00,4066.39990234375,4066.89990234375,4066.10009765625,4066.800048828125,31
2026-07-13 07:25:00-04:00,4066.60009765625,4069.10009765625,4066.199951171875,4069.10009765625,64
2026-07-13 07:26:00-04:00,4068.800048828125,4071.39990234375,4068.800048828125,4070.10009765625,174
2026-07-13 07:27:00-04:00,4070.0,4070.699951171875,4069.10009765625,4070.699951171875,45
2026-07-13 07:28:00-04:00,4070.39990234375,4071.5,4070.39990234375,4070.699951171875,45
2026-07-13 07:29:00-04:00,4070.5,4071.39990234375,4070.5,4070.60009765625,48
2026-07-13 07:30:00-04:00,4070.300048828125,4070.699951171875,4069.699951171875,4070.199951171875,55
2026-07-13 07:31:00-04:00,4070.5,4072.39990234375,4070.199951171875,4072.199951171875,70
2026-07-13 07:32:00-04:00,4072.300048828125,4072.699951171875,4071.300048828125,4071.300048828125,40
2026-07-13 07:33:00-04:00,4071.5,4074.39990234375,4071.300048828125,4072.699951171875,86
2026-07-13 07:34:00-04:00,4073.199951171875,4075.800048828125,4073.0,4075.60009765625,72
2026-07-13 07:35:00-04:00,4075.800048828125,4076.699951171875,4074.300048828125,4074.800048828125,220
2026-07-13 07:36:00-04:00,4075.0,4075.300048828125,4071.699951171875,4071.699951171875,92
2026-07-13 07:37:00-04:00,4072.10009765625,4072.60009765625,4071.5,4072.0,17
2026-07-13 07:38:00-04:00,4071.60009765625,4071.89990234375,4071.0,4071.699951171875,42
2026-07-13 07:39:00-04:00,4072.10009765625,4073.300048828125,4071.5,4071.699951171875,50
2026-07-13 07:40:00-04:00,4072.10009765625,4073.800048828125,4072.10009765625,4073.199951171875,67
2026-07-13 07:41:00-04:00,4073.5,4074.39990234375,4073.5,4073.89990234375,39
2026-07-13 07:42:00-04:00,4073.800048828125,4073.800048828125,4072.800048828125,4073.699951171875,32
2026-07-13 07:43:00-04:00,4074.10009765625,4075.0,4073.10009765625,4073.300048828125,29
2026-07-13 07:44:00-04:00,4073.10009765625,4073.10009765625,4072.300048828125,4072.800048828125,9
2026-07-13 07:45:00-04:00,4073.199951171875,4073.199951171875,4072.60009765625,4072.800048828125,11
2026-07-13 07:46:00-04:00,4073.0,4073.39990234375,4071.199951171875,4071.199951171875,24
2026-07-13 07:47:00-04:00,4071.10009765625,4072.0,4070.0,4070.10009765625,66
2026-07-13 07:48:00-04:00,4069.800048828125,4069.89990234375,4068.39990234375,4069.199951171875,27
2026-07-13 07:49:00-04:00,4069.300048828125,4071.39990234375,4069.300048828125,4070.800048828125,40
2026-07-13 07:50:00-04:00,4070.60009765625,4070.800048828125,4069.5,4069.5,25
2026-07-13 07:51:00-04:00,4069.199951171875,4069.60009765625,4067.300048828125,4067.89990234375,59
2026-07-13 07:52:00-04:00,4067.60009765625,4067.699951171875,4065.0,4065.10009765625,74
2026-07-13 07:53:00-04:00,4065.5,4066.39990234375,4063.89990234375,4063.89990234375,117
2026-07-13 07:54:00-04:00,4063.800048828125,4064.5,4062.60009765625,4064.199951171875,270
2026-07-13 07:55:00-04:00,4064.199951171875,4065.60009765625,4063.10009765625,4065.39990234375,107
2026-07-13 07:56:00-04:00,4065.0,4065.0,4064.0,4064.300048828125,58
2026-07-13 07:57:00-04:00,4064.0,4065.39990234375,4064.0,4064.5,52
2026-07-13 07:58:00-04:00,4064.699951171875,4064.89990234375,4064.0,4064.60009765625,26
2026-07-13 07:59:00-04:00,4065.0,4065.300048828125,4064.0,4064.0,39
2026-07-13 08:00:00-04:00,4064.0,4067.0,4064.0,4066.89990234375,133
2026-07-13 08:01:00-04:00,4066.699951171875,4067.699951171875,4064.60009765625,4067.0,141
2026-07-13 08:02:00-04:00,4067.10009765625,4068.0,4067.0,4067.10009765625,313
2026-07-13 08:03:00-04:00,4067.0,4068.5,4066.0,4067.39990234375,227
2026-07-13 08:04:00-04:00,4066.699951171875,4067.800048828125,4065.39990234375,4065.699951171875,28
2026-07-13 08:05:00-04:00,4066.300048828125,4067.60009765625,4066.300048828125,4067.199951171875,30
2026-07-13 08:06:00-04:00,4067.199951171875,4067.199951171875,4065.300048828125,4066.39990234375,44
2026-07-13 08:07:00-04:00,4066.5,4067.0,4063.699951171875,4064.10009765625,69
2026-07-13 08:08:00-04:00,4064.199951171875,4064.699951171875,4062.60009765625,4063.60009765625,108
2026-07-13 08:09:00-04:00,4063.699951171875,4064.5,4063.699951171875,4063.800048828125,32
2026-07-13 08:10:00-04:00,4063.800048828125,4066.39990234375,4063.10009765625,4065.699951171875,114
2026-07-13 08:11:00-04:00,4065.800048828125,4068.10009765625,4063.60009765625,4064.0,192
2026-07-13 08:12:00-04:00,4064.0,4064.800048828125,4061.10009765625,4063.199951171875,201
2026-07-13 08:13:00-04:00,4063.300048828125,4065.5,4063.300048828125,4064.60009765625,59
2026-07-13 08:14:00-04:00,4064.800048828125,4065.699951171875,4063.699951171875,4064.0,46
2026-07-13 08:15:00-04:00,4063.60009765625,4067.300048828125,4063.60009765625,4066.39990234375,83
2026-07-13 08:16:00-04:00,4066.5,4066.89990234375,4065.699951171875,4066.39990234375,53
2026-07-13 08:17:00-04:00,4066.699951171875,4068.699951171875,4066.699951171875,4068.10009765625,124
2026-07-13 08:18:00-04:00,4067.699951171875,4068.5,4067.5,4068.300048828125,40
2026-07-13 08:19:00-04:00,4068.0,4068.0,4067.10009765625,4067.10009765625,17
2026-07-13 08:20:00-04:00,4067.10009765625,4067.300048828125,4063.0,4065.89990234375,179
2026-07-13 08:21:00-04:00,4065.800048828125,4066.199951171875,4065.0,4065.699951171875,71
2026-07-13 08:22:00-04:00,4065.800048828125,4068.10009765625,4065.800048828125,4068.0,53
2026-07-13 08:23:00-04:00,4068.10009765625,4068.699951171875,4067.199951171875,4068.39990234375,66
2026-07-13 08:24:00-04:00,4068.699951171875,4070.0,4068.199951171875,4069.89990234375,228
2026-07-13 08:25:00-04:00,4069.800048828125,4071.300048828125,4069.39990234375,4069.60009765625,207
2026-07-13 08:26:00-04:00,4069.60009765625,4070.300048828125,4068.60009765625,4069.60009765625,82
2026-07-13 08:27:00-04:00,4069.60009765625,4069.699951171875,4067.199951171875,4068.199951171875,58
2026-07-13 08:28:00-04:00,4068.300048828125,4069.300048828125,4068.199951171875,4068.39990234375,33
2026-07-13 08:29:00-04:00,4068.5,4070.0,4066.300048828125,4066.89990234375,106
2026-07-13 08:30:00-04:00,4066.699951171875,4068.5,4066.39990234375,4067.199951171875,72
2026-07-13 08:31:00-04:00,4067.300048828125,4067.800048828125,4066.5,4067.800048828125,45
2026-07-13 08:32:00-04:00,4067.800048828125,4070.5,4067.60009765625,4070.0,83
2026-07-13 08:33:00-04:00,4069.800048828125,4070.5,4067.699951171875,4069.800048828125,61
2026-07-13 08:34:00-04:00,4069.800048828125,4070.800048828125,4069.800048828125,4070.800048828125,52
2026-07-13 08:35:00-04:00,4070.5,4071.300048828125,4070.10009765625,4070.300048828125,145
2026-07-13 08:36:00-04:00,4070.300048828125,4070.39990234375,4068.699951171875,4069.0,43
2026-07-13 08:37:00-04:00,4069.0,4069.300048828125,4067.39990234375,4068.699951171875,71
2026-07-13 08:38:00-04:00,4068.39990234375,4069.60009765625,4067.699951171875,4069.39990234375,27
2026-07-13 08:39:00-04:00,4069.300048828125,4069.5,4067.60009765625,4068.800048828125,34
2026-07-13 08:40:00-04:00,4068.39990234375,4070.89990234375,4068.39990234375,4070.800048828125,171
2026-07-13 08:41:00-04:00,4070.89990234375,4071.0,4070.10009765625,4070.300048828125,70
2026-07-13 08:42:00-04:00,4069.89990234375,4070.5,4068.199951171875,4069.199951171875,86
2026-07-13 08:43:00-04:00,4068.800048828125,4071.699951171875,4068.800048828125,4071.5,113
2026-07-13 08:44:00-04:00,4071.5,4071.800048828125,4070.199951171875,4070.5,247
2026-07-13 08:45:00-04:00,4070.699951171875,4072.300048828125,4070.699951171875,4071.10009765625,124
2026-07-13 08:46:00-04:00,4071.300048828125,4071.89990234375,4070.699951171875,4071.199951171875,37
2026-07-13 08:47:00-04:00,4071.300048828125,4073.39990234375,4070.800048828125,4073.39990234375,149
2026-07-13 08:48:00-04:00,4073.39990234375,4074.0,4072.300048828125,4073.199951171875,202
2026-07-13 08:49:00-04:00,4073.39990234375,4074.5,4073.39990234375,4073.39990234375,146
2026-07-13 08:50:00-04:00,4073.10009765625,4073.699951171875,4072.5,4073.10009765625,61
2026-07-13 08:51:00-04:00,4073.39990234375,4073.5,4072.60009765625,4073.300048828125,77
2026-07-13 08:52:00-04:00,4073.5,4073.89990234375,4072.89990234375,4073.0,49
2026-07-13 08:53:00-04:00,4072.800048828125,4074.800048828125,4072.199951171875,4073.89990234375,74
2026-07-13 08:54:00-04:00,4074.0,4074.5,4073.5,4073.699951171875,72
2026-07-13 08:55:00-04:00,4073.89990234375,4074.39990234375,4073.699951171875,4074.10009765625,27
2026-07-13 08:56:00-04:00,4074.5,4075.0,4073.199951171875,4073.300048828125,89
2026-07-13 08:57:00-04:00,4073.300048828125,4073.300048828125,4071.39990234375,4072.10009765625,79
2026-07-13 08:58:00-04:00,4071.89990234375,4073.800048828125,4071.89990234375,4073.800048828125,139
2026-07-13 08:59:00-04:00,4073.60009765625,4075.199951171875,4073.60009765625,4075.199951171875,228
2026-07-13 09:00:00-04:00,4075.300048828125,4075.5,4072.199951171875,4073.199951171875,313
2026-07-13 09:01:00-04:00,4073.300048828125,4074.0,4071.699951171875,4072.10009765625,52
2026-07-13 09:02:00-04:00,4072.10009765625,4073.5,4071.10009765625,4072.39990234375,44
2026-07-13 09:03:00-04:00,4072.0,4072.0,4067.10009765625,4069.60009765625,250
2026-07-13 09:04:00-04:00,4069.5,4070.89990234375,4069.0,4070.89990234375,64
2026-07-13 09:05:00-04:00,4070.5,4071.60009765625,4069.5,4070.699951171875,83
2026-07-13 09:06:00-04:00,4071.0,4071.10009765625,4068.5,4070.10009765625,40
2026-07-13 09:07:00-04:00,4070.300048828125,4070.699951171875,4068.60009765625,4069.0,191
2026-07-13 09:08:00-04:00,4069.5,4072.800048828125,4069.199951171875,4072.39990234375,161
2026-07-13 09:09:00-04:00,4072.199951171875,4072.199951171875,4071.199951171875,4071.199951171875,24
2026-07-13 09:10:00-04:00,4071.199951171875,4071.199951171875,4066.699951171875,4067.800048828125,84
2026-07-13 09:11:00-04:00,4068.10009765625,4068.5,4067.5,4067.800048828125,64
2026-07-13 09:12:00-04:00,4067.5,4068.699951171875,4066.699951171875,4068.699951171875,46
2026-07-13 09:13:00-04:00,4068.60009765625,4070.0,4068.60009765625,4069.0,55
2026-07-13 09:14:00-04:00,4069.300048828125,4070.39990234375,4069.300048828125,4069.60009765625,50
2026-07-13 09:15:00-04:00,4069.60009765625,4069.60009765625,4066.199951171875,4067.60009765625,110
2026-07-13 09:16:00-04:00,4067.800048828125,4068.199951171875,4067.39990234375,4067.89990234375,14
2026-07-13 09:17:00-04:00,4068.10009765625,4068.10009765625,4066.300048828125,4067.300048828125,295
2026-07-13 09:18:00-04:00,4067.199951171875,4069.39990234375,4067.199951171875,4068.699951171875,35
2026-07-13 09:19:00-04:00,4069.10009765625,4069.300048828125,4068.300048828125,4068.5,28
2026-07-13 09:20:00-04:00,4068.800048828125,4070.0,4068.199951171875,4069.39990234375,110
2026-07-13 09:21:00-04:00,4069.10009765625,4070.199951171875,4068.39990234375,4069.60009765625,58
2026-07-13 09:22:00-04:00,4069.10009765625,4070.60009765625,4069.0,4070.39990234375,59
2026-07-13 09:23:00-04:00,4070.300048828125,4070.300048828125,4069.300048828125,4069.300048828125,41
2026-07-13 09:24:00-04:00,4069.5,4070.5,4069.5,4069.800048828125,55
2026-07-13 09:25:00-04:00,4069.800048828125,4070.199951171875,4069.0,4069.0,37
2026-07-13 09:26:00-04:00,4069.699951171875,4070.0,4069.199951171875,4069.800048828125,24
2026-07-13 09:27:00-04:00,4070.199951171875,4071.800048828125,4070.199951171875,4070.89990234375,239
2026-07-13 09:28:00-04:00,4071.0,4073.60009765625,4071.0,4072.60009765625,398
2026-07-13 09:29:00-04:00,4072.5,4072.89990234375,4069.699951171875,4069.699951171875,99
2026-07-13 09:30:00-04:00,4070.199951171875,4071.800048828125,4069.199951171875,4071.10009765625,183
2026-07-13 09:31:00-04:00,4071.5,4071.699951171875,4069.60009765625,4069.699951171875,248
2026-07-13 09:32:00-04:00,4069.39990234375,4070.199951171875,4068.5,4069.39990234375,68
2026-07-13 09:33:00-04:00,4069.39990234375,4069.800048828125,4064.199951171875,4065.5,256
2026-07-13 09:34:00-04:00,4065.300048828125,4066.699951171875,4064.699951171875,4066.0,254
2026-07-13 09:35:00-04:00,4066.199951171875,4067.699951171875,4065.0,4067.699951171875,77
2026-07-13 09:36:00-04:00,4067.699951171875,4069.0,4065.10009765625,4065.5,102
2026-07-13 09:37:00-04:00,4065.39990234375,4067.60009765625,4065.300048828125,4066.5,58
2026-07-13 09:38:00-04:00,4065.199951171875,4066.699951171875,4064.0,4065.5,97
2026-07-13 09:39:00-04:00,4065.800048828125,4065.89990234375,4061.5,4062.199951171875,220
2026-07-13 09:40:00-04:00,4061.89990234375,4063.39990234375,4059.39990234375,4063.39990234375,502
2026-07-13 09:41:00-04:00,4063.39990234375,4066.300048828125,4063.0,4064.5,286
2026-07-13 09:42:00-04:00,4064.300048828125,4064.699951171875,4061.699951171875,4062.800048828125,199
2026-07-13 09:43:00-04:00,4062.5,4063.10009765625,4059.0,4059.800048828125,288
2026-07-13 09:44:00-04:00,4059.199951171875,4062.89990234375,4059.199951171875,4062.60009765625,146
2026-07-13 09:45:00-04:00,4062.10009765625,4063.199951171875,4060.699951171875,4061.10009765625,146
2026-07-13 09:46:00-04:00,4061.10009765625,4065.800048828125,4061.10009765625,4064.89990234375,158
2026-07-13 09:47:00-04:00,4064.699951171875,4064.800048828125,4062.800048828125,4063.5,80
2026-07-13 09:48:00-04:00,4063.199951171875,4065.0,4061.300048828125,4061.5,78
2026-07-13 09:49:00-04:00,4061.10009765625,4061.10009765625,4057.39990234375,4058.300048828125,271
2026-07-13 09:50:00-04:00,4058.5,4058.5,4056.0,4056.60009765625,226
2026-07-13 09:51:00-04:00,4056.699951171875,4057.39990234375,4049.89990234375,4051.699951171875,729
2026-07-13 09:52:00-04:00,4051.60009765625,4057.89990234375,4050.800048828125,4057.5,595
2026-07-13 09:53:00-04:00,4057.39990234375,4057.89990234375,4054.5,4056.10009765625,259
2026-07-13 09:54:00-04:00,4055.800048828125,4060.10009765625,4055.800048828125,4059.39990234375,406
2026-07-13 09:55:00-04:00,4058.39990234375,4059.800048828125,4057.699951171875,4058.699951171875,131
2026-07-13 09:56:00-04:00,4058.60009765625,4060.699951171875,4058.60009765625,4059.89990234375,131
2026-07-13 09:57:00-04:00,4060.0,4060.300048828125,4057.0,4057.89990234375,147
2026-07-13 09:58:00-04:00,4057.60009765625,4058.60009765625,4056.39990234375,4057.10009765625,414
2026-07-13 09:59:00-04:00,4057.199951171875,4057.5,4049.0,4050.89990234375,651
2026-07-13 10:00:00-04:00,4050.5,4054.5,4046.10009765625,4049.300048828125,712
2026-07-13 10:01:00-04:00,4049.39990234375,4051.39990234375,4048.10009765625,4049.10009765625,338
2026-07-13 10:02:00-04:00,4048.89990234375,4051.699951171875,4047.199951171875,4049.39990234375,473
2026-07-13 10:03:00-04:00,4049.10009765625,4049.199951171875,4045.300048828125,4048.5,435
2026-07-13 10:04:00-04:00,4048.5,4048.5,4045.300048828125,4047.300048828125,185
2026-07-13 10:05:00-04:00,4047.800048828125,4048.5,4044.199951171875,4046.10009765625,430
2026-07-13 10:06:00-04:00,4045.800048828125,4046.10009765625,4040.39990234375,4040.699951171875,605
2026-07-13 10:07:00-04:00,4040.89990234375,4043.39990234375,4036.0,4039.199951171875,916
2026-07-13 10:08:00-04:00,4038.699951171875,4043.5,4038.5,4042.89990234375,649
2026-07-13 10:09:00-04:00,4042.5,4045.300048828125,4041.699951171875,4045.300048828125,209
2026-07-13 10:10:00-04:00,4045.10009765625,4045.10009765625,4042.0,4044.800048828125,263
2026-07-13 10:11:00-04:00,4044.39990234375,4046.89990234375,4043.699951171875,4046.89990234375,315
2026-07-13 10:12:00-04:00,4046.89990234375,4047.199951171875,4043.10009765625,4043.699951171875,465
2026-07-13 10:13:00-04:00,4043.800048828125,4044.5,4042.699951171875,4044.0,316
2026-07-13 10:14:00-04:00,4043.60009765625,4043.89990234375,4041.300048828125,4043.39990234375,213
2026-07-13 10:15:00-04:00,4043.199951171875,4044.800048828125,4040.60009765625,4041.199951171875,294
2026-07-13 10:16:00-04:00,4041.0,4042.199951171875,4016.89990234375,4020.60009765625,1939
2026-07-13 10:17:00-04:00,4021.699951171875,4024.800048828125,4014.60009765625,4021.699951171875,1972
2026-07-13 10:18:00-04:00,4021.60009765625,4027.699951171875,4020.10009765625,4027.60009765625,873
2026-07-13 10:19:00-04:00,4027.60009765625,4032.89990234375,4026.199951171875,4028.800048828125,730
2026-07-13 10:20:00-04:00,4029.300048828125,4029.5,4019.5,4021.10009765625,1069
2026-07-13 10:21:00-04:00,4021.10009765625,4021.800048828125,4009.0,4015.800048828125,1254
2026-07-13 10:22:00-04:00,4015.300048828125,4021.60009765625,4012.5,4019.699951171875,730
2026-07-13 10:23:00-04:00,4019.0,4024.699951171875,4018.60009765625,4023.89990234375,528
2026-07-13 10:24:00-04:00,4023.89990234375,4029.0,4023.300048828125,4028.39990234375,694
2026-07-13 10:25:00-04:00,4028.199951171875,4034.0,4026.800048828125,4032.300048828125,487
2026-07-13 10:26:00-04:00,4032.199951171875,4036.199951171875,4031.39990234375,4032.39990234375,465
2026-07-13 10:27:00-04:00,4032.5,4032.60009765625,4022.199951171875,4023.699951171875,579
2026-07-13 10:28:00-04:00,4023.60009765625,4025.60009765625,4023.10009765625,4025.0,247
2026-07-13 10:29:00-04:00,4025.5,4027.10009765625,4023.10009765625,4024.300048828125,229
2026-07-13 10:30:00-04:00,4023.89990234375,4024.5,4021.39990234375,4023.10009765625,313
2026-07-13 10:31:00-04:00,4022.60009765625,4023.39990234375,4013.0,4013.5,605
2026-07-13 10:32:00-04:00,4013.699951171875,4018.199951171875,4012.60009765625,4017.0,840
2026-07-13 10:33:00-04:00,4017.199951171875,4017.199951171875,4012.0,4016.5,497
2026-07-13 10:34:00-04:00,4015.89990234375,4018.0,4015.10009765625,4017.300048828125,522
2026-07-13 10:35:00-04:00,4017.39990234375,4017.5,4012.0,4014.60009765625,492
2026-07-13 10:36:00-04:00,4014.89990234375,4015.89990234375,4013.60009765625,4015.300048828125,219
2026-07-13 10:37:00-04:00,4015.60009765625,4015.60009765625,4010.800048828125,4012.10009765625,320
2026-07-13 10:38:00-04:00,4012.300048828125,4015.800048828125,4010.699951171875,4015.300048828125,269
2026-07-13 10:39:00-04:00,4015.5,4016.300048828125,4013.5,4015.10009765625,247
2026-07-13 10:40:00-04:00,4014.800048828125,4015.10009765625,4005.800048828125,4010.0,826
2026-07-13 10:41:00-04:00,4010.300048828125,4012.199951171875,4009.199951171875,4009.5,354
2026-07-13 10:42:00-04:00,4009.699951171875,4012.300048828125,4009.699951171875,4012.300048828125,154
2026-07-13 10:43:00-04:00,4011.800048828125,4012.199951171875,4009.60009765625,4011.300048828125,116
2026-07-13 10:44:00-04:00,4011.0,4013.300048828125,4010.39990234375,4012.5,322
2026-07-13 10:45:00-04:00,4012.39990234375,4012.89990234375,4010.0,4012.5,218
2026-07-13 10:46:00-04:00,4012.60009765625,4013.800048828125,4008.39990234375,4013.60009765625,823
2026-07-13 10:47:00-04:00,4013.10009765625,4014.0,4009.300048828125,4010.39990234375,210
2026-07-13 10:48:00-04:00,4010.0,4014.5,4009.89990234375,4014.39990234375,313
2026-07-13 10:49:00-04:00,4014.199951171875,4016.5,4012.5,4013.5,569
2026-07-13 10:50:00-04:00,4013.60009765625,4014.39990234375,4012.0,4012.89990234375,185
2026-07-13 10:51:00-04:00,4012.39990234375,4017.0,4011.699951171875,4016.10009765625,268
2026-07-13 10:52:00-04:00,4015.39990234375,4016.300048828125,4013.800048828125,4014.0,227
2026-07-13 10:53:00-04:00,4013.89990234375,4015.5,4011.199951171875,4014.10009765625,218
2026-07-13 10:54:00-04:00,4014.39990234375,4018.0,4014.39990234375,4016.5,514
2026-07-13 10:55:00-04:00,4016.300048828125,4017.5,4015.89990234375,4016.699951171875,138
2026-07-13 10:56:00-04:00,4016.89990234375,4019.800048828125,4016.0,4018.60009765625,325
2026-07-13 10:57:00-04:00,4018.699951171875,4019.60009765625,4017.699951171875,4019.60009765625,127
2026-07-13 10:58:00-04:00,4019.60009765625,4020.0,4018.699951171875,4019.699951171875,172
2026-07-13 10:59:00-04:00,4019.699951171875,4022.60009765625,4019.699951171875,4022.39990234375,543
2026-07-13 11:00:00-04:00,4022.39990234375,4024.89990234375,4021.0,4023.199951171875,475
2026-07-13 11:01:00-04:00,4022.89990234375,4024.10009765625,4020.60009765625,4020.60009765625,137
2026-07-13 11:02:00-04:00,4020.60009765625,4022.39990234375,4020.60009765625,4021.199951171875,97
2026-07-13 11:03:00-04:00,4022.0,4023.60009765625,4021.199951171875,4023.0,67
2026-07-13 11:04:00-04:00,4023.5,4023.5,4018.5,4018.89990234375,133
2026-07-13 11:05:00-04:00,4019.300048828125,4020.0,4017.699951171875,4018.10009765625,115
2026-07-13 11:06:00-04:00,4018.199951171875,4019.800048828125,4018.0,4019.699951171875,84
2026-07-13 11:07:00-04:00,4019.60009765625,4020.800048828125,4019.300048828125,4020.5,144
2026-07-13 11:08:00-04:00,4020.0,4021.0,4019.199951171875,4019.5,135
2026-07-13 11:09:00-04:00,4019.800048828125,4021.39990234375,4019.300048828125,4021.39990234375,92
2026-07-13 11:10:00-04:00,4021.39990234375,4022.800048828125,4020.89990234375,4022.800048828125,170
2026-07-13 11:11:00-04:00,4023.0,4023.89990234375,4022.60009765625,4022.89990234375,83
2026-07-13 11:12:00-04:00,4023.0,4024.0,4022.199951171875,4023.10009765625,101
2026-07-13 11:13:00-04:00,4022.800048828125,4023.699951171875,4021.300048828125,4021.5,136
2026-07-13 11:14:00-04:00,4021.699951171875,4022.300048828125,4021.0,4021.60009765625,62
2026-07-13 11:15:00-04:00,4022.10009765625,4023.39990234375,4021.199951171875,4022.60009765625,92
2026-07-13 11:16:00-04:00,4022.5,4022.699951171875,4020.39990234375,4021.39990234375,62
2026-07-13 11:17:00-04:00,4021.39990234375,4022.0,4020.5,4021.0,61
2026-07-13 11:18:00-04:00,4021.39990234375,4023.10009765625,4021.300048828125,4022.699951171875,44
2026-07-13 11:19:00-04:00,4022.39990234375,4026.800048828125,4021.800048828125,4026.300048828125,530
2026-07-13 11:20:00-04:00,4026.10009765625,4026.300048828125,4024.60009765625,4025.800048828125,110
2026-07-13 11:21:00-04:00,4025.300048828125,4025.5,4023.800048828125,4025.39990234375,57
2026-07-13 11:22:00-04:00,4025.5,4027.5,4024.199951171875,4024.199951171875,130
2026-07-13 11:23:00-04:00,4024.199951171875,4024.39990234375,4022.60009765625,4023.300048828125,104
2026-07-13 11:24:00-04:00,4023.10009765625,4023.800048828125,4022.699951171875,4023.800048828125,49
2026-07-13 11:25:00-04:00,4023.199951171875,4023.300048828125,4020.300048828125,4021.300048828125,168
2026-07-13 11:26:00-04:00,4021.199951171875,4023.800048828125,4021.199951171875,4022.60009765625,55
2026-07-13 11:27:00-04:00,4022.5,4022.800048828125,4022.300048828125,4022.39990234375,19
2026-07-13 11:28:00-04:00,4023.0,4024.800048828125,4022.89990234375,4024.39990234375,90
2026-07-13 11:29:00-04:00,4024.300048828125,4025.800048828125,4023.39990234375,4023.5,122
2026-07-13 11:30:00-04:00,4024.10009765625,4024.300048828125,4021.5,4022.199951171875,147
2026-07-13 11:31:00-04:00,4022.199951171875,4023.199951171875,4021.89990234375,4023.199951171875,127
2026-07-13 11:32:00-04:00,4023.5,4025.0,4022.89990234375,4024.5,64
2026-07-13 11:33:00-04:00,4024.699951171875,4025.0,4022.60009765625,4023.0,139
2026-07-13 11:34:00-04:00,4023.300048828125,4024.10009765625,4021.300048828125,4022.199951171875,75
2026-07-13 11:35:00-04:00,4022.39990234375,4023.699951171875,4022.39990234375,4022.5,58
2026-07-13 11:36:00-04:00,4022.10009765625,4023.0,4021.60009765625,4021.699951171875,42
2026-07-13 11:37:00-04:00,4021.60009765625,4024.10009765625,4020.5,4023.89990234375,79
2026-07-13 11:38:00-04:00,4023.800048828125,4023.800048828125,4022.39990234375,4023.0,37
2026-07-13 11:39:00-04:00,4022.89990234375,4023.5,4022.199951171875,4023.0,83
2026-07-13 11:40:00-04:00,4022.60009765625,4023.5,4021.89990234375,4022.300048828125,38
2026-07-13 11:41:00-04:00,4022.199951171875,4022.39990234375,4020.5,4021.199951171875,67
2026-07-13 11:42:00-04:00,4021.60009765625,4022.10009765625,4021.199951171875,4021.39990234375,31
2026-07-13 11:43:00-04:00,4021.300048828125,4021.800048828125,4021.10009765625,4021.60009765625,77
2026-07-13 11:44:00-04:00,4021.10009765625,4021.300048828125,4019.60009765625,4020.5,119
2026-07-13 11:45:00-04:00,4020.60009765625,4020.89990234375,4019.199951171875,4020.5,103
2026-07-13 11:46:00-04:00,4020.5,4020.60009765625,4018.10009765625,4020.300048828125,149
2026-07-13 11:47:00-04:00,4020.60009765625,4020.800048828125,4018.89990234375,4019.89990234375,66
2026-07-13 11:48:00-04:00,4020.10009765625,4022.39990234375,4020.0,4021.199951171875,78
2026-07-13 11:49:00-04:00,4021.300048828125,4021.5,4020.10009765625,4020.800048828125,31
2026-07-13 11:50:00-04:00,4021.39990234375,4021.5,4019.699951171875,4020.39990234375,29
2026-07-13 11:51:00-04:00,4019.89990234375,4020.39990234375,4017.60009765625,4017.60009765625,54
2026-07-13 11:52:00-04:00,4017.5,4018.800048828125,4017.5,4018.699951171875,110
2026-07-13 11:53:00-04:00,4018.800048828125,4021.0,4018.5,4021.0,114
2026-07-13 11:54:00-04:00,4021.0,4021.89990234375,4019.699951171875,4020.699951171875,100
2026-07-13 11:55:00-04:00,4020.60009765625,4022.0,4020.300048828125,4021.10009765625,50
2026-07-13 11:56:00-04:00,4021.199951171875,4021.5,4020.199951171875,4021.300048828125,59
2026-07-13 11:57:00-04:00,4021.300048828125,4021.5,4019.89990234375,4020.5,52
2026-07-13 11:58:00-04:00,4020.300048828125,4021.199951171875,4020.0,4021.199951171875,35
2026-07-13 11:59:00-04:00,4021.10009765625,4023.5,4020.800048828125,4023.300048828125,177
2026-07-13 12:00:00-04:00,4023.10009765625,4023.699951171875,4021.199951171875,4021.60009765625,117
2026-07-13 12:01:00-04:00,4021.89990234375,4023.199951171875,4021.0,4023.199951171875,71
2026-07-13 12:02:00-04:00,4022.89990234375,4025.5,4022.89990234375,4024.39990234375,438
2026-07-13 12:03:00-04:00,4024.300048828125,4024.60009765625,4023.300048828125,4023.5,31
2026-07-13 12:04:00-04:00,4023.39990234375,4024.199951171875,4023.199951171875,4023.300048828125,27
2026-07-13 12:05:00-04:00,4023.39990234375,4024.0,4023.199951171875,4023.800048828125,65
2026-07-13 12:06:00-04:00,4023.89990234375,4024.10009765625,4022.5,4022.5,27
2026-07-13 12:07:00-04:00,4022.800048828125,4023.0,4020.699951171875,4021.39990234375,49
2026-07-13 12:08:00-04:00,4021.800048828125,4022.39990234375,4021.5,4022.0,42
2026-07-13 12:09:00-04:00,4021.89990234375,4022.800048828125,4021.699951171875,4022.60009765625,86
2026-07-13 12:10:00-04:00,4022.60009765625,4023.39990234375,4022.10009765625,4023.39990234375,60
2026-07-13 12:11:00-04:00,4023.699951171875,4023.699951171875,4022.60009765625,4022.60009765625,22
2026-07-13 12:12:00-04:00,4023.5,4023.5,4021.60009765625,4021.699951171875,641
2026-07-13 12:13:00-04:00,4022.0,4022.5,4020.60009765625,4020.89990234375,74
2026-07-13 12:14:00-04:00,4021.300048828125,4021.300048828125,4019.89990234375,4021.300048828125,43
2026-07-13 12:15:00-04:00,4021.10009765625,4021.10009765625,4019.10009765625,4019.699951171875,70
2026-07-13 12:16:00-04:00,4020.0,4021.39990234375,4018.39990234375,4021.0,434
2026-07-13 12:17:00-04:00,4020.699951171875,4020.699951171875,4019.300048828125,4019.5,98
2026-07-13 12:18:00-04:00,4019.5,4019.800048828125,4018.199951171875,4018.699951171875,345
2026-07-13 12:19:00-04:00,4018.800048828125,4019.60009765625,4018.199951171875,4019.10009765625,50
2026-07-13 12:20:00-04:00,4018.89990234375,4020.10009765625,4018.699951171875,4019.699951171875,33
2026-07-13 12:21:00-04:00,4019.60009765625,4019.89990234375,4018.800048828125,4019.39990234375,118
2026-07-13 12:22:00-04:00,4019.5,4019.5,4018.39990234375,4018.800048828125,90
2026-07-13 12:23:00-04:00,4019.199951171875,4019.800048828125,4018.699951171875,4019.199951171875,348
2026-07-13 12:24:00-04:00,4019.199951171875,4019.699951171875,4016.800048828125,4016.89990234375,209
2026-07-13 12:25:00-04:00,4016.89990234375,4018.0,4016.800048828125,4017.39990234375,139
2026-07-13 12:26:00-04:00,4017.5,4017.5,4015.5,4016.300048828125,110
2026-07-13 12:27:00-04:00,4016.199951171875,4016.300048828125,4013.10009765625,4013.699951171875,205
2026-07-13 12:28:00-04:00,4014.0,4014.60009765625,4012.800048828125,4013.60009765625,84
2026-07-13 12:29:00-04:00,4013.800048828125,4013.89990234375,4007.60009765625,4011.39990234375,489
2026-07-13 12:30:00-04:00,4011.39990234375,4012.0,4008.699951171875,4009.89990234375,200
2026-07-13 12:31:00-04:00,4009.10009765625,4011.39990234375,4007.699951171875,4009.10009765625,238
2026-07-13 12:32:00-04:00,4009.300048828125,4009.60009765625,4007.300048828125,4008.10009765625,222
2026-07-13 12:33:00-04:00,4008.0,4008.39990234375,4000.199951171875,4002.60009765625,1082
2026-07-13 12:34:00-04:00,4002.60009765625,4002.800048828125,3999.0,4002.0,487
2026-07-13 12:35:00-04:00,4002.199951171875,4003.800048828125,3997.60009765625,3999.699951171875,468
2026-07-13 12:36:00-04:00,3999.5,4002.699951171875,3998.300048828125,4000.39990234375,1290
2026-07-13 12:37:00-04:00,4000.39990234375,4003.0,3997.39990234375,3999.0,590
2026-07-13 12:38:00-04:00,3998.800048828125,4002.60009765625,3998.800048828125,4002.60009765625,223
2026-07-13 12:39:00-04:00,4002.60009765625,4004.60009765625,4002.199951171875,4003.699951171875,458
2026-07-13 12:40:00-04:00,4003.60009765625,4004.89990234375,4002.0,4004.199951171875,260
2026-07-13 12:41:00-04:00,4004.0,4006.699951171875,4003.60009765625,4006.199951171875,159
2026-07-13 12:42:00-04:00,4006.199951171875,4007.0,4005.199951171875,4006.199951171875,114
2026-07-13 12:43:00-04:00,4005.89990234375,4007.10009765625,4005.0,4007.10009765625,104
2026-07-13 12:44:00-04:00,4006.89990234375,4007.89990234375,4006.0,4007.60009765625,309
2026-07-13 12:45:00-04:00,4007.5,4010.39990234375,4007.199951171875,4008.89990234375,385
2026-07-13 12:46:00-04:00,4008.60009765625,4008.89990234375,4006.800048828125,4008.0,126
2026-07-13 12:47:00-04:00,4008.10009765625,4008.10009765625,4004.699951171875,4005.0,114
2026-07-13 12:48:00-04:00,4005.39990234375,4006.300048828125,4004.199951171875,4006.0,65
2026-07-13 12:49:00-04:00,4006.0,4006.60009765625,4005.0,4005.5,405
2026-07-13 12:50:00-04:00,4005.5,4006.0,4000.10009765625,4001.0,319
2026-07-13 12:51:00-04:00,4001.199951171875,4002.0,3999.10009765625,4000.199951171875,688
2026-07-13 12:52:00-04:00,4000.10009765625,4001.39990234375,3999.800048828125,4000.0,603
2026-07-13 12:53:00-04:00,3999.699951171875,4001.5,3998.89990234375,4000.89990234375,163
2026-07-13 12:54:00-04:00,4000.39990234375,4001.0,3998.60009765625,3999.0,261
2026-07-13 12:55:00-04:00,3998.300048828125,3998.60009765625,3992.89990234375,3995.39990234375,764
2026-07-13 12:56:00-04:00,3995.89990234375,3997.89990234375,3994.800048828125,3997.5,224
2026-07-13 12:57:00-04:00,3997.699951171875,3999.89990234375,3996.199951171875,3999.699951171875,230
2026-07-13 12:58:00-04:00,3999.699951171875,4000.5,3997.800048828125,3998.300048828125,167
2026-07-13 12:59:00-04:00,3998.39990234375,4000.300048828125,3997.89990234375,4000.300048828125,193
2026-07-13 13:00:00-04:00,4000.5,4002.699951171875,3999.199951171875,4002.199951171875,136
2026-07-13 13:01:00-04:00,4002.5,4003.300048828125,4001.60009765625,4002.199951171875,177
2026-07-13 13:02:00-04:00,4002.10009765625,4004.300048828125,4001.699951171875,4002.199951171875,181
2026-07-13 13:03:00-04:00,4002.39990234375,4002.39990234375,4000.5,4001.199951171875,152
2026-07-13 13:04:00-04:00,4001.60009765625,4002.10009765625,4000.89990234375,4001.699951171875,39
2026-07-13 13:05:00-04:00,4001.699951171875,4003.60009765625,4000.300048828125,4003.0,90
2026-07-13 13:06:00-04:00,4003.0,4003.699951171875,4001.699951171875,4002.10009765625,95
2026-07-13 13:07:00-04:00,4002.199951171875,4004.10009765625,4001.89990234375,4003.60009765625,49
2026-07-13 13:08:00-04:00,4003.5,4004.39990234375,4003.5,4003.60009765625,109
2026-07-13 13:09:00-04:00,4003.89990234375,4006.199951171875,4003.39990234375,4005.5,135
2026-07-13 13:10:00-04:00,4005.300048828125,4006.0,4004.800048828125,4005.10009765625,84
2026-07-13 13:11:00-04:00,4005.10009765625,4005.699951171875,4004.300048828125,4004.60009765625,62
2026-07-13 13:12:00-04:00,4004.5,4005.300048828125,4004.300048828125,4005.10009765625,73
2026-07-13 13:13:00-04:00,4005.5,4005.89990234375,4004.5,4004.699951171875,62
2026-07-13 13:14:00-04:00,4004.5,4005.10009765625,4003.89990234375,4004.89990234375,260
2026-07-13 13:15:00-04:00,4004.89990234375,4005.89990234375,4004.199951171875,4004.699951171875,129
2026-07-13 13:16:00-04:00,4004.5,4006.5,4004.10009765625,4006.10009765625,134
2026-07-13 13:17:00-04:00,4006.0,4007.5,4005.5,4007.199951171875,167
2026-07-13 13:18:00-04:00,4007.39990234375,4008.39990234375,4006.5,4008.39990234375,412
2026-07-13 13:19:00-04:00,4008.300048828125,4008.89990234375,4007.300048828125,4008.5,267
2026-07-13 13:20:00-04:00,4008.10009765625,4008.39990234375,4006.89990234375,4007.699951171875,189
2026-07-13 13:21:00-04:00,4007.300048828125,4008.39990234375,4007.199951171875,4008.0,70
2026-07-13 13:22:00-04:00,4007.89990234375,4008.39990234375,4007.39990234375,4007.800048828125,92
2026-07-13 13:23:00-04:00,4007.89990234375,4009.300048828125,4007.39990234375,4008.199951171875,104
2026-07-13 13:24:00-04:00,4008.0,4008.0,4004.89990234375,4005.89990234375,112
2026-07-13 13:25:00-04:00,4006.10009765625,4006.699951171875,4004.0,4004.10009765625,519
2026-07-13 13:26:00-04:00,4004.60009765625,4005.0,4003.89990234375,4004.800048828125,136
2026-07-13 13:27:00-04:00,4004.699951171875,4006.5,4004.60009765625,4006.300048828125,167
2026-07-13 13:28:00-04:00,4005.89990234375,4006.89990234375,4005.10009765625,4005.60009765625,246
2026-07-13 13:29:00-04:00,4005.60009765625,4007.10009765625,4004.199951171875,4006.300048828125,1941
2026-07-13 13:30:00-04:00,4006.39990234375,4008.10009765625,4006.10009765625,4007.10009765625,330
2026-07-13 13:31:00-04:00,4007.39990234375,4007.39990234375,4005.199951171875,4005.800048828125,73
2026-07-13 13:32:00-04:00,4006.10009765625,4007.10009765625,4005.5,4006.60009765625,147
2026-07-13 13:33:00-04:00,4007.0,4008.5,4006.699951171875,4007.10009765625,328
2026-07-13 13:34:00-04:00,4006.60009765625,4007.699951171875,4006.60009765625,4007.10009765625,104
2026-07-13 13:35:00-04:00,4007.5,4007.5,4005.5,4006.199951171875,99
2026-07-13 13:36:00-04:00,4006.5,4006.89990234375,4005.5,4006.300048828125,61
2026-07-13 13:37:00-04:00,4005.800048828125,4006.199951171875,4004.39990234375,4005.800048828125,114
2026-07-13 13:38:00-04:00,4005.699951171875,4006.0,4004.5,4005.10009765625,72
2026-07-13 13:39:00-04:00,4005.10009765625,4006.10009765625,4004.5,4005.10009765625,89
2026-07-13 13:40:00-04:00,4004.800048828125,4004.800048828125,4003.5,4004.199951171875,122
2026-07-13 13:41:00-04:00,4004.60009765625,4006.0,4004.5,4005.699951171875,44
2026-07-13 13:42:00-04:00,4005.300048828125,4006.199951171875,4004.89990234375,4004.89990234375,33
2026-07-13 13:43:00-04:00,4004.60009765625,4005.5,4004.60009765625,4005.0,44
2026-07-13 13:44:00-04:00,4005.0,4005.0,4004.300048828125,4004.300048828125,32
2026-07-13 13:45:00-04:00,4005.300048828125,4006.699951171875,4005.300048828125,4006.699951171875,62
2026-07-13 13:46:00-04:00,4006.199951171875,4006.39990234375,4004.10009765625,4004.60009765625,43
2026-07-13 13:47:00-04:00,4005.0,4005.60009765625,4004.60009765625,4004.800048828125,71
2026-07-13 13:48:00-04:00,4004.699951171875,4004.800048828125,4001.5,4001.800048828125,164
2026-07-13 13:49:00-04:00,4001.89990234375,4003.10009765625,4001.5,4002.89990234375,117
2026-07-13 13:50:00-04:00,4003.10009765625,4003.699951171875,4001.199951171875,4001.60009765625,59
2026-07-13 13:51:00-04:00,4001.39990234375,4002.10009765625,4000.800048828125,4001.699951171875,102
2026-07-13 13:52:00-04:00,4001.300048828125,4002.0,4000.300048828125,4002.0,71
2026-07-13 13:53:00-04:00,4001.699951171875,4003.10009765625,4001.60009765625,4001.60009765625,69
2026-07-13 13:54:00-04:00,4002.0,4002.699951171875,4001.300048828125,4001.60009765625,39
2026-07-13 13:55:00-04:00,4002.0,4002.699951171875,4001.699951171875,4002.0,37
2026-07-13 13:56:00-04:00,4002.199951171875,4002.300048828125,3999.5,4000.5,114
2026-07-13 13:57:00-04:00,4000.10009765625,4002.300048828125,4000.10009765625,4000.699951171875,70
2026-07-13 13:58:00-04:00,4000.5,4001.60009765625,4000.300048828125,4001.199951171875,41
2026-07-13 13:59:00-04:00,4001.199951171875,4001.199951171875,3999.39990234375,4000.60009765625,133
2026-07-13 14:00:00-04:00,4000.699951171875,4001.5,3999.5,4001.300048828125,211
2026-07-13 14:01:00-04:00,4001.5,4002.39990234375,3999.5,3999.5,50
2026-07-13 14:02:00-04:00,4000.0,4000.800048828125,3999.199951171875,3999.199951171875,39
2026-07-13 14:03:00-04:00,3999.199951171875,4000.10009765625,3997.800048828125,3998.39990234375,103
2026-07-13 14:04:00-04:00,3998.699951171875,3999.199951171875,3997.60009765625,3997.89990234375,68
2026-07-13 14:05:00-04:00,3997.699951171875,4000.60009765625,3997.699951171875,4000.39990234375,120
2026-07-13 14:06:00-04:00,4000.39990234375,4001.800048828125,3999.0,4001.699951171875,82
2026-07-13 14:07:00-04:00,4001.5,4001.89990234375,4000.39990234375,4000.800048828125,41
2026-07-13 14:08:00-04:00,4001.5,4001.800048828125,4000.39990234375,4000.39990234375,33
2026-07-13 14:09:00-04:00,4000.89990234375,4000.89990234375,3998.0,3998.60009765625,60
2026-07-13 14:10:00-04:00,3998.89990234375,3999.60009765625,3997.60009765625,3997.60009765625,91
2026-07-13 14:11:00-04:00,3998.10009765625,3998.300048828125,3997.199951171875,3997.5,58
2026-07-13 14:12:00-04:00,3997.800048828125,3998.300048828125,3997.5,3998.0,32
2026-07-13 14:13:00-04:00,3998.60009765625,3999.800048828125,3996.300048828125,3999.60009765625,151
2026-07-13 14:14:00-04:00,3999.800048828125,4001.199951171875,3999.5,4000.800048828125,79
2026-07-13 14:15:00-04:00,4001.0,4001.60009765625,3998.89990234375,3998.89990234375,88
2026-07-13 14:16:00-04:00,3999.39990234375,3999.800048828125,3998.800048828125,3999.300048828125,38
2026-07-13 14:17:00-04:00,3999.199951171875,3999.300048828125,3997.5,3997.60009765625,109
2026-07-13 14:18:00-04:00,3997.800048828125,3997.800048828125,3994.89990234375,3995.10009765625,148
2026-07-13 14:19:00-04:00,3995.39990234375,3995.800048828125,3993.60009765625,3995.39990234375,218
2026-07-13 14:20:00-04:00,3995.39990234375,3996.89990234375,3993.60009765625,3996.0,167
2026-07-13 14:21:00-04:00,3996.199951171875,3997.300048828125,3996.0,3996.89990234375,109
2026-07-13 14:22:00-04:00,3997.5,3998.10009765625,3996.800048828125,3997.199951171875,111
2026-07-13 14:23:00-04:00,3997.199951171875,4001.10009765625,3997.199951171875,4001.10009765625,115
2026-07-13 14:24:00-04:00,4000.39990234375,4002.0,3999.5,4001.89990234375,58
2026-07-13 14:25:00-04:00,4001.60009765625,4003.300048828125,4001.60009765625,4002.89990234375,136
2026-07-13 14:26:00-04:00,4003.0,4003.39990234375,4002.0,4002.60009765625,88
2026-07-13 14:27:00-04:00,4002.89990234375,4003.89990234375,4002.60009765625,4002.60009765625,70
2026-07-13 14:28:00-04:00,4003.10009765625,4003.39990234375,4002.60009765625,4002.60009765625,47
2026-07-13 14:29:00-04:00,4002.5,4002.699951171875,4001.300048828125,4002.300048828125,70
2026-07-13 14:30:00-04:00,4002.5,4002.5,4000.89990234375,4000.89990234375,48
2026-07-13 14:31:00-04:00,4001.699951171875,4003.699951171875,4001.5,4003.5,86
2026-07-13 14:32:00-04:00,4003.60009765625,4004.89990234375,4003.5,4004.199951171875,134
2026-07-13 14:33:00-04:00,4003.89990234375,4005.60009765625,4003.89990234375,4005.0,106
2026-07-13 14:34:00-04:00,4005.0,4005.10009765625,4003.800048828125,4003.800048828125,45
2026-07-13 14:35:00-04:00,4004.10009765625,4007.300048828125,4004.0,4007.300048828125,63
2026-07-13 14:36:00-04:00,4007.300048828125,4007.300048828125,4005.39990234375,4006.699951171875,96
2026-07-13 14:37:00-04:00,4007.0,4007.10009765625,4006.300048828125,4006.699951171875,49
2026-07-13 14:38:00-04:00,4006.800048828125,4007.10009765625,4006.0,4006.0,48
2026-07-13 14:39:00-04:00,4005.89990234375,4006.60009765625,4005.699951171875,4006.10009765625,40
2026-07-13 14:40:00-04:00,4006.10009765625,4006.300048828125,4005.10009765625,4005.60009765625,38
2026-07-13 14:41:00-04:00,4005.89990234375,4007.10009765625,4005.60009765625,4007.10009765625,78
2026-07-13 14:42:00-04:00,4007.699951171875,4007.699951171875,4006.5,4006.5,28
2026-07-13 14:43:00-04:00,4006.89990234375,4007.699951171875,4006.39990234375,4007.699951171875,51
2026-07-13 14:44:00-04:00,4007.60009765625,4008.0,4007.10009765625,4007.39990234375,40
2026-07-13 14:45:00-04:00,4007.39990234375,4007.699951171875,4005.300048828125,4006.0,61
2026-07-13 14:46:00-04:00,4006.300048828125,4007.800048828125,4006.300048828125,4007.300048828125,60
2026-07-13 14:47:00-04:00,4007.39990234375,4007.39990234375,4006.300048828125,4006.89990234375,23
2026-07-13 14:48:00-04:00,4006.89990234375,4007.800048828125,4006.89990234375,4007.300048828125,32
2026-07-13 14:49:00-04:00,4007.800048828125,4009.39990234375,4007.5,4009.199951171875,79
2026-07-13 14:50:00-04:00,4008.89990234375,4008.89990234375,4007.800048828125,4008.699951171875,77
2026-07-13 14:51:00-04:00,4008.800048828125,4010.300048828125,4008.60009765625,4010.300048828125,57
2026-07-13 14:52:00-04:00,4010.0,4010.199951171875,4009.39990234375,4009.5,45
2026-07-13 14:53:00-04:00,4010.10009765625,4012.699951171875,4009.60009765625,4012.0,184
2026-07-13 14:54:00-04:00,4011.89990234375,4012.5,4010.89990234375,4011.0,91
2026-07-13 14:55:00-04:00,4010.89990234375,4012.0,4010.5,4011.5,71
2026-07-13 14:56:00-04:00,4011.800048828125,4012.199951171875,4008.89990234375,4009.5,117
2026-07-13 14:57:00-04:00,4009.300048828125,4010.0,4007.39990234375,4007.39990234375,83
2026-07-13 14:58:00-04:00,4007.199951171875,4007.800048828125,4005.39990234375,4005.800048828125,151
2026-07-13 14:59:00-04:00,4006.0,4008.699951171875,4005.39990234375,4008.5,135
2026-07-13 15:00:00-04:00,4008.800048828125,4009.5,4005.800048828125,4006.5,100
2026-07-13 15:01:00-04:00,4006.60009765625,4007.800048828125,4005.300048828125,4007.800048828125,53
2026-07-13 15:02:00-04:00,4008.5,4010.199951171875,4008.5,4009.60009765625,63
2026-07-13 15:03:00-04:00,4009.60009765625,4010.800048828125,4009.0,4009.5,69
2026-07-13 15:04:00-04:00,4009.39990234375,4011.60009765625,4009.39990234375,4011.60009765625,43
2026-07-13 15:05:00-04:00,4011.10009765625,4011.5,4010.199951171875,4010.300048828125,49
2026-07-13 15:06:00-04:00,4010.39990234375,4011.39990234375,4010.10009765625,4010.10009765625,189
2026-07-13 15:07:00-04:00,4009.89990234375,4010.60009765625,4006.300048828125,4006.39990234375,150
2026-07-13 15:08:00-04:00,4006.5,4007.800048828125,4006.5,4007.800048828125,21
2026-07-13 15:09:00-04:00,4007.5,4008.39990234375,4007.300048828125,4007.699951171875,28
2026-07-13 15:10:00-04:00,4007.199951171875,4007.199951171875,4005.39990234375,4005.699951171875,84
2026-07-13 15:11:00-04:00,4005.60009765625,4006.199951171875,4005.10009765625,4005.60009765625,187
2026-07-13 15:12:00-04:00,4005.800048828125,4006.60009765625,4005.800048828125,4006.39990234375,12
2026-07-13 15:13:00-04:00,4006.10009765625,4006.300048828125,4005.39990234375,4005.60009765625,53
2026-07-13 15:14:00-04:00,4005.39990234375,4006.300048828125,4004.800048828125,4005.5,30
2026-07-13 15:15:00-04:00,4005.39990234375,4005.800048828125,4004.89990234375,4005.300048828125,26
2026-07-13 15:16:00-04:00,4005.300048828125,4006.300048828125,4005.300048828125,4006.0,46
2026-07-13 15:17:00-04:00,4006.0,4006.300048828125,4004.89990234375,4005.800048828125,26
2026-07-13 15:18:00-04:00,4005.800048828125,4006.199951171875,4005.5,4005.800048828125,29
2026-07-13 15:19:00-04:00,4006.5,4006.800048828125,4006.199951171875,4006.39990234375,27
2026-07-13 15:20:00-04:00,4006.10009765625,4006.10009765625,4004.300048828125,4005.0,70
2026-07-13 15:21:00-04:00,4004.89990234375,4005.300048828125,4004.800048828125,4005.10009765625,17
2026-07-13 15:22:00-04:00,4005.5,4005.5,4004.60009765625,4005.10009765625,23
2026-07-13 15:23:00-04:00,4005.10009765625,4006.10009765625,4003.89990234375,4005.5,167
2026-07-13 15:24:00-04:00,4005.800048828125,4007.39990234375,4005.199951171875,4007.199951171875,80
2026-07-13 15:25:00-04:00,4007.39990234375,4007.800048828125,4006.199951171875,4006.800048828125,53
2026-07-13 15:26:00-04:00,4006.60009765625,4007.10009765625,4005.39990234375,4005.60009765625,19
2026-07-13 15:27:00-04:00,4005.5,4007.10009765625,4005.5,4006.300048828125,123
2026-07-13 15:28:00-04:00,4006.199951171875,4006.5,4005.300048828125,4006.300048828125,14
2026-07-13 15:29:00-04:00,4006.39990234375,4006.39990234375,4005.10009765625,4005.39990234375,38
2026-07-13 15:30:00-04:00,4005.199951171875,4007.5,4005.199951171875,4006.800048828125,35
2026-07-13 15:31:00-04:00,4007.300048828125,4007.300048828125,4007.0,4007.300048828125,7
2026-07-13 15:33:00-04:00,4006.699951171875,4006.699951171875,4006.199951171875,4006.199951171875,64
2026-07-13 15:34:00-04:00,4006.5,4007.300048828125,4004.89990234375,4006.10009765625,42
2026-07-13 15:35:00-04:00,4006.300048828125,4006.300048828125,4003.0,4003.60009765625,60
2026-07-13 15:36:00-04:00,4003.89990234375,4004.199951171875,4002.89990234375,4003.39990234375,70
2026-07-13 15:37:00-04:00,4003.0,4003.60009765625,4001.60009765625,4003.0,122
2026-07-13 15:38:00-04:00,4003.199951171875,4003.199951171875,4001.0,4001.39990234375,102
2026-07-13 15:39:00-04:00,4002.0,4002.39990234375,4000.5,4002.300048828125,106
2026-07-13 15:40:00-04:00,4002.300048828125,4003.699951171875,4002.199951171875,4003.39990234375,46
2026-07-13 15:41:00-04:00,4003.199951171875,4004.199951171875,4003.199951171875,4003.89990234375,26
2026-07-13 15:42:00-04:00,4004.10009765625,4004.60009765625,4003.39990234375,4004.10009765625,31
2026-07-13 15:43:00-04:00,4003.800048828125,4005.800048828125,4003.800048828125,4005.699951171875,64
2026-07-13 15:44:00-04:00,4005.60009765625,4006.699951171875,4005.300048828125,4006.699951171875,62
2026-07-13 15:45:00-04:00,4006.199951171875,4006.699951171875,4005.300048828125,4006.300048828125,38
2026-07-13 15:46:00-04:00,4005.89990234375,4006.5,4005.699951171875,4006.199951171875,14
2026-07-13 15:47:00-04:00,4006.0,4006.0,4004.699951171875,4004.699951171875,49
2026-07-13 15:48:00-04:00,4004.800048828125,4005.199951171875,4004.60009765625,4004.800048828125,35
2026-07-13 15:49:00-04:00,4004.199951171875,4005.0,4004.199951171875,4004.699951171875,35
2026-07-13 15:50:00-04:00,4004.39990234375,4006.300048828125,4004.300048828125,4006.0,87
2026-07-13 15:51:00-04:00,4005.89990234375,4007.300048828125,4005.5,4005.800048828125,109
2026-07-13 15:52:00-04:00,4005.89990234375,4006.800048828125,4005.89990234375,4006.800048828125,38
2026-07-13 15:53:00-04:00,4006.800048828125,4007.60009765625,4006.39990234375,4007.300048828125,99
2026-07-13 15:54:00-04:00,4007.0,4008.60009765625,4007.0,4007.60009765625,57
2026-07-13 15:55:00-04:00,4007.60009765625,4008.800048828125,4007.199951171875,4008.199951171875,147
2026-07-13 15:56:00-04:00,4008.10009765625,4008.39990234375,4007.300048828125,4007.60009765625,48
2026-07-13 15:57:00-04:00,4007.89990234375,4009.60009765625,4007.699951171875,4008.699951171875,126
2026-07-13 15:58:00-04:00,4008.699951171875,4009.39990234375,4008.5,4008.800048828125,42
2026-07-13 15:59:00-04:00,4008.60009765625,4009.89990234375,4008.60009765625,4009.300048828125,139
2026-07-13 16:00:00-04:00,4009.39990234375,4010.39990234375,4008.199951171875,4009.89990234375,103
2026-07-13 16:01:00-04:00,4010.10009765625,4010.699951171875,4009.800048828125,4010.0,82
2026-07-13 16:02:00-04:00,4010.10009765625,4010.89990234375,4009.89990234375,4010.300048828125,32
2026-07-13 16:03:00-04:00,4010.5,4011.800048828125,4010.5,4011.39990234375,31
2026-07-13 16:04:00-04:00,4011.39990234375,4012.0,4011.39990234375,4012.0,33
2026-07-13 16:05:00-04:00,4011.699951171875,4012.199951171875,4011.300048828125,4012.199951171875,10
2026-07-13 16:06:00-04:00,4012.300048828125,4013.60009765625,4012.0,4012.0,58
2026-07-13 16:07:00-04:00,4012.10009765625,4012.199951171875,4012.10009765625,4012.10009765625,10
2026-07-13 16:08:00-04:00,4011.89990234375,4011.89990234375,4010.800048828125,4011.0,38
2026-07-13 16:09:00-04:00,4011.10009765625,4012.300048828125,4009.0,4009.699951171875,112
2026-07-13 16:10:00-04:00,4010.10009765625,4010.300048828125,4009.10009765625,4009.5,68
2026-07-13 16:11:00-04:00,4009.199951171875,4009.199951171875,4006.699951171875,4008.5,95
2026-07-13 16:12:00-04:00,4008.5,4008.60009765625,4007.199951171875,4007.699951171875,51
2026-07-13 16:13:00-04:00,4007.60009765625,4007.800048828125,4006.60009765625,4007.10009765625,58
2026-07-13 16:14:00-04:00,4007.0,4007.0,4005.800048828125,4005.800048828125,55
2026-07-13 16:15:00-04:00,4006.300048828125,4007.300048828125,4005.199951171875,4005.300048828125,29
2026-07-13 16:16:00-04:00,4005.5,4006.0,4005.5,4006.0,8
2026-07-13 16:17:00-04:00,4005.800048828125,4006.10009765625,4002.800048828125,4005.300048828125,213
2026-07-13 16:18:00-04:00,4005.300048828125,4005.60009765625,4005.10009765625,4005.60009765625,10
2026-07-13 16:19:00-04:00,4006.10009765625,4007.199951171875,4006.10009765625,4006.800048828125,28
2026-07-13 16:20:00-04:00,4006.699951171875,4007.0,4006.5,4006.699951171875,13
2026-07-13 16:21:00-04:00,4006.300048828125,4006.39990234375,4006.10009765625,4006.300048828125,12
2026-07-13 16:22:00-04:00,4006.199951171875,4006.199951171875,4005.199951171875,4005.60009765625,74
2026-07-13 16:23:00-04:00,4005.89990234375,4006.199951171875,4005.89990234375,4006.0,5
2026-07-13 16:24:00-04:00,4005.89990234375,4006.10009765625,4005.699951171875,4005.699951171875,7
2026-07-13 16:25:00-04:00,4005.5,4006.5,4005.5,4006.5,5
2026-07-13 16:26:00-04:00,4006.300048828125,4006.699951171875,4005.60009765625,4006.60009765625,12
2026-07-13 16:27:00-04:00,4006.199951171875,4006.39990234375,4005.89990234375,4006.300048828125,5
2026-07-13 16:28:00-04:00,4006.10009765625,4006.60009765625,4006.10009765625,4006.60009765625,2
2026-07-13 16:29:00-04:00,4006.89990234375,4007.60009765625,4006.5,4007.60009765625,13
2026-07-13 16:30:00-04:00,4007.300048828125,4007.300048828125,4006.5,4006.5,8
2026-07-13 16:31:00-04:00,4007.199951171875,4007.60009765625,4007.0,4007.0,5
2026-07-13 16:32:00-04:00,4007.60009765625,4007.60009765625,4006.800048828125,4006.89990234375,16
2026-07-13 16:33:00-04:00,4007.0,4007.300048828125,4004.300048828125,4006.10009765625,152
2026-07-13 16:34:00-04:00,4006.300048828125,4006.300048828125,4005.5,4005.699951171875,11
2026-07-13 16:35:00-04:00,4006.300048828125,4006.300048828125,4006.10009765625,4006.10009765625,3
2026-07-13 16:36:00-04:00,4005.89990234375,4005.89990234375,4004.10009765625,4005.10009765625,38
2026-07-13 16:37:00-04:00,4005.39990234375,4005.39990234375,4004.800048828125,4005.300048828125,12
2026-07-13 16:38:00-04:00,4005.5,4005.5,4005.199951171875,4005.199951171875,2
2026-07-13 16:39:00-04:00,4005.60009765625,4006.10009765625,4005.60009765625,4006.10009765625,6
2026-07-13 16:40:00-04:00,4006.39990234375,4006.60009765625,4006.39990234375,4006.60009765625,6
2026-07-13 16:41:00-04:00,4006.199951171875,4006.199951171875,4005.800048828125,4005.89990234375,4
2026-07-13 16:42:00-04:00,4006.199951171875,4006.39990234375,4005.89990234375,4006.39990234375,3
2026-07-13 16:43:00-04:00,4006.60009765625,4006.89990234375,4006.5,4006.5,13
2026-07-13 16:44:00-04:00,4006.39990234375,4007.699951171875,4006.39990234375,4007.0,17
2026-07-13 16:45:00-04:00,4007.0,4007.5,4005.89990234375,4006.5,32
2026-07-13 16:46:00-04:00,4005.89990234375,4007.300048828125,4005.800048828125,4006.800048828125,18
2026-07-13 16:47:00-04:00,4006.89990234375,4007.800048828125,4006.89990234375,4007.300048828125,12
2026-07-13 16:48:00-04:00,4007.10009765625,4007.10009765625,4007.0,4007.0,2
2026-07-13 16:49:00-04:00,4006.60009765625,4006.60009765625,4005.800048828125,4006.39990234375,25
2026-07-13 16:50:00-04:00,4006.39990234375,4006.60009765625,4005.89990234375,4006.5,14
2026-07-13 16:51:00-04:00,4006.699951171875,4007.10009765625,4006.10009765625,4006.300048828125,23
2026-07-13 16:52:00-04:00,4005.5,4005.699951171875,4005.0,4005.0,25
2026-07-13 16:53:00-04:00,4005.60009765625,4006.800048828125,4005.60009765625,4006.60009765625,12
2026-07-13 16:54:00-04:00,4007.60009765625,4008.0,4007.10009765625,4008.0,15
2026-07-13 16:55:00-04:00,4008.199951171875,4009.199951171875,4007.60009765625,4009.199951171875,32
2026-07-13 16:56:00-04:00,4008.5,4008.89990234375,4008.300048828125,4008.89990234375,119
2026-07-13 16:57:00-04:00,4008.60009765625,4009.39990234375,4008.60009765625,4009.0,61
2026-07-13 16:58:00-04:00,4008.60009765625,4008.60009765625,4007.89990234375,4008.300048828125,46
2026-07-13 16:59:00-04:00,4008.199951171875,4009.39990234375,4008.199951171875,4008.699951171875,46
2026-07-13 18:00:00-04:00,4005.89990234375,4015.5,4005.800048828125,4012.800048828125,0
2026-07-13 18:01:00-04:00,4012.199951171875,4012.39990234375,4009.5,4010.89990234375,39
2026-07-13 18:02:00-04:00,4011.10009765625,4011.89990234375,4009.89990234375,4009.89990234375,22
2026-07-13 18:03:00-04:00,4010.199951171875,4012.5,4009.5,4009.5,41
2026-07-13 18:04:00-04:00,4009.60009765625,4009.699951171875,4008.199951171875,4008.199951171875,26
2026-07-13 18:05:00-04:00,4008.5,4010.800048828125,4008.5,4010.0,27
2026-07-13 18:06:00-04:00,4010.60009765625,4012.5,4009.89990234375,4009.89990234375,58
2026-07-13 18:07:00-04:00,4010.0,4010.60009765625,4008.300048828125,4010.60009765625,42
2026-07-13 18:08:00-04:00,4009.89990234375,4009.89990234375,4009.10009765625,4009.60009765625,18
2026-07-13 18:09:00-04:00,4009.0,4009.10009765625,4008.699951171875,4008.699951171875,7
2026-07-13 18:10:00-04:00,4009.0,4009.300048828125,4008.699951171875,4009.300048828125,11
2026-07-13 18:11:00-04:00,4009.89990234375,4010.5,4009.60009765625,4009.60009765625,13
2026-07-13 18:12:00-04:00,4009.800048828125,4010.199951171875,4009.800048828125,4010.199951171875,21
2026-07-13 18:13:00-04:00,4010.0,4011.300048828125,4010.0,4010.89990234375,11
2026-07-13 18:14:00-04:00,4010.89990234375,4011.0,4010.89990234375,4011.0,2
2026-07-13 18:16:00-04:00,4011.0,4011.699951171875,4010.800048828125,4011.39990234375,16
2026-07-13 18:17:00-04:00,4011.0,4011.0,4011.0,4011.0,1
2026-07-13 18:18:00-04:00,4011.10009765625,4012.699951171875,4011.10009765625,4012.39990234375,35
2026-07-13 18:19:00-04:00,4012.39990234375,4012.800048828125,4012.0,4012.0,23
2026-07-13 18:20:00-04:00,4011.5,4012.0,4011.39990234375,4011.60009765625,99
2026-07-13 18:21:00-04:00,4010.89990234375,4011.5,4010.89990234375,4011.5,3
2026-07-13 18:22:00-04:00,4011.199951171875,4011.800048828125,4011.199951171875,4011.39990234375,28
2026-07-13 18:23:00-04:00,4011.699951171875,4011.89990234375,4011.699951171875,4011.89990234375,10
2026-07-13 18:24:00-04:00,4011.800048828125,4011.89990234375,4010.89990234375,4010.89990234375,17
2026-07-13 18:25:00-04:00,4011.39990234375,4011.60009765625,4011.39990234375,4011.60009765625,5
2026-07-13 18:26:00-04:00,4011.300048828125,4011.300048828125,4011.300048828125,4011.300048828125,3
2026-07-13 18:27:00-04:00,4011.39990234375,4011.39990234375,4011.39990234375,4011.39990234375,1
2026-07-13 18:28:00-04:00,4010.89990234375,4010.89990234375,4010.89990234375,4010.89990234375,3
2026-07-13 18:29:00-04:00,4011.0,4011.199951171875,4010.89990234375,4011.10009765625,12
2026-07-13 18:30:00-04:00,4011.0,4011.199951171875,4010.39990234375,4010.39990234375,35
2026-07-13 18:31:00-04:00,4010.39990234375,4010.39990234375,4010.0,4010.300048828125,33
2026-07-13 18:32:00-04:00,4011.0,4011.0,4010.39990234375,4010.39990234375,8
2026-07-13 18:33:00-04:00,4010.699951171875,4010.699951171875,4010.60009765625,4010.60009765625,3
2026-07-13 18:34:00-04:00,4010.199951171875,4010.800048828125,4010.199951171875,4010.800048828125,7
2026-07-13 18:35:00-04:00,4011.300048828125,4012.199951171875,4010.10009765625,4012.199951171875,36
2026-07-13 18:36:00-04:00,4012.5,4012.5,4009.699951171875,4010.300048828125,45
2026-07-13 18:37:00-04:00,4010.60009765625,4010.60009765625,4010.10009765625,4010.199951171875,11
2026-07-13 18:38:00-04:00,4010.10009765625,4010.699951171875,4009.60009765625,4010.5,7
2026-07-13 18:39:00-04:00,4010.89990234375,4010.89990234375,4010.199951171875,4010.199951171875,3
2026-07-13 18:40:00-04:00,4010.0,4010.60009765625,4009.89990234375,4010.60009765625,17
2026-07-13 18:41:00-04:00,4010.199951171875,4010.89990234375,4010.199951171875,4010.60009765625,22
2026-07-13 18:42:00-04:00,4010.699951171875,4011.10009765625,4010.10009765625,4010.10009765625,7
2026-07-13 18:43:00-04:00,4010.199951171875,4010.89990234375,4010.199951171875,4010.89990234375,7
2026-07-13 18:44:00-04:00,4010.699951171875,4010.89990234375,4010.39990234375,4010.89990234375,10
2026-07-13 18:45:00-04:00,4010.300048828125,4011.60009765625,4010.300048828125,4010.800048828125,36
2026-07-13 18:46:00-04:00,4010.199951171875,4010.60009765625,4009.89990234375,4010.60009765625,16
2026-07-13 18:47:00-04:00,4011.0,4012.5,4011.0,4011.800048828125,16
2026-07-13 18:48:00-04:00,4011.5,4011.699951171875,4011.0,4011.60009765625,26
2026-07-13 18:49:00-04:00,4011.699951171875,4011.699951171875,4010.60009765625,4010.60009765625,19
2026-07-13 18:50:00-04:00,4010.39990234375,4010.89990234375,4009.800048828125,4010.10009765625,11
2026-07-13 18:51:00-04:00,4009.89990234375,4010.5,4009.89990234375,4010.0,12
2026-07-13 18:52:00-04:00,4009.800048828125,4009.800048828125,4008.60009765625,4009.10009765625,29
2026-07-13 18:53:00-04:00,4009.89990234375,4009.89990234375,4008.699951171875,4008.699951171875,18
2026-07-13 18:54:00-04:00,4009.60009765625,4009.89990234375,4009.199951171875,4009.89990234375,4
2026-07-13 18:55:00-04:00,4009.60009765625,4009.60009765625,4008.300048828125,4008.300048828125,16
2026-07-13 18:56:00-04:00,4008.5,4009.300048828125,4008.0,4009.300048828125,28
2026-07-13 18:57:00-04:00,4009.39990234375,4009.39990234375,4007.89990234375,4008.699951171875,29
2026-07-13 18:58:00-04:00,4008.699951171875,4008.800048828125,4008.39990234375,4008.39990234375,7
2026-07-13 18:59:00-04:00,4008.300048828125,4009.300048828125,4007.39990234375,4007.39990234375,40
2026-07-13 19:00:00-04:00,4007.699951171875,4008.39990234375,4007.0,4007.699951171875,32
2026-07-13 19:01:00-04:00,4007.39990234375,4007.699951171875,4007.0,4007.0,40
2026-07-13 19:02:00-04:00,4008.0,4009.800048828125,4008.0,4009.699951171875,15
2026-07-13 19:03:00-04:00,4009.89990234375,4009.89990234375,4009.39990234375,4009.39990234375,8
2026-07-13 19:04:00-04:00,4008.89990234375,4008.89990234375,4008.0,4008.0,7
2026-07-13 19:05:00-04:00,4007.89990234375,4008.800048828125,4007.300048828125,4008.0,45
2026-07-13 19:06:00-04:00,4008.800048828125,4009.699951171875,4008.60009765625,4009.5,10
2026-07-13 19:07:00-04:00,4009.800048828125,4009.89990234375,4008.800048828125,4009.10009765625,15
2026-07-13 19:08:00-04:00,4008.60009765625,4009.10009765625,4008.60009765625,4009.10009765625,3
2026-07-13 19:11:00-04:00,4008.300048828125,4008.39990234375,4008.199951171875,4008.39990234375,6
2026-07-13 19:13:00-04:00,4008.199951171875,4008.199951171875,4006.89990234375,4006.89990234375,15
2026-07-13 19:14:00-04:00,4006.89990234375,4007.39990234375,4006.199951171875,4007.300048828125,28
2026-07-13 19:15:00-04:00,4007.300048828125,4007.300048828125,4006.0,4006.300048828125,29
2026-07-13 19:16:00-04:00,4006.5,4007.10009765625,4006.300048828125,4007.10009765625,13
2026-07-13 19:17:00-04:00,4007.10009765625,4007.10009765625,4005.5,4005.89990234375,34
2026-07-13 19:18:00-04:00,4005.800048828125,4006.10009765625,4005.5,4006.10009765625,6
2026-07-13 19:19:00-04:00,4005.89990234375,4006.199951171875,4005.0,4006.199951171875,25
2026-07-13 19:20:00-04:00,4006.39990234375,4006.39990234375,4004.39990234375,4004.89990234375,186
2026-07-13 19:21:00-04:00,4005.60009765625,4006.199951171875,4005.60009765625,4006.10009765625,14
2026-07-13 19:22:00-04:00,4006.60009765625,4007.5,4005.199951171875,4005.199951171875,30
2026-07-13 19:23:00-04:00,4005.10009765625,4005.5,4004.300048828125,4005.5,24
2026-07-13 19:24:00-04:00,4005.60009765625,4006.10009765625,4005.5,4006.10009765625,11
2026-07-13 19:25:00-04:00,4006.39990234375,4007.0,4006.0,4006.0,9
2026-07-13 19:26:00-04:00,4006.300048828125,4006.39990234375,4006.10009765625,4006.39990234375,3
2026-07-13 19:27:00-04:00,4006.39990234375,4006.89990234375,4005.300048828125,4005.300048828125,21
2026-07-13 19:28:00-04:00,4005.39990234375,4005.5,4005.300048828125,4005.300048828125,5
2026-07-13 19:29:00-04:00,4004.800048828125,4004.89990234375,4003.89990234375,4004.300048828125,14
2026-07-13 19:30:00-04:00,4004.0,4004.199951171875,4002.300048828125,4002.39990234375,66
2026-07-13 19:31:00-04:00,4002.60009765625,4003.199951171875,4001.699951171875,4002.39990234375,87
2026-07-13 19:32:00-04:00,4002.5,4002.89990234375,4002.5,4002.60009765625,7
2026-07-13 19:33:00-04:00,4002.89990234375,4003.0,4000.800048828125,4001.10009765625,97
2026-07-13 19:34:00-04:00,4001.10009765625,4001.89990234375,4000.0,4001.5,56
2026-07-13 19:35:00-04:00,4001.89990234375,4002.0,4000.60009765625,4001.5,35
2026-07-13 19:36:00-04:00,4001.5,4001.89990234375,4001.5,4001.89990234375,4
2026-07-13 19:37:00-04:00,4001.699951171875,4002.0,4001.699951171875,4001.800048828125,13
2026-07-13 19:38:00-04:00,4002.300048828125,4003.0,4002.10009765625,4002.699951171875,10
2026-07-13 19:39:00-04:00,4002.39990234375,4002.89990234375,4002.300048828125,4002.800048828125,10
2026-07-13 19:40:00-04:00,4003.0,4003.300048828125,4002.0,4003.300048828125,19
2026-07-13 19:41:00-04:00,4003.199951171875,4003.199951171875,4002.199951171875,4002.199951171875,5
2026-07-13 19:42:00-04:00,4002.699951171875,4003.800048828125,4002.699951171875,4003.10009765625,21
2026-07-13 19:43:00-04:00,4002.89990234375,4003.699951171875,4002.199951171875,4003.699951171875,38
2026-07-13 19:44:00-04:00,4003.89990234375,4004.10009765625,4002.10009765625,4002.5,36
2026-07-13 19:45:00-04:00,4001.699951171875,4004.199951171875,4001.699951171875,4002.10009765625,17
2026-07-13 19:46:00-04:00,4002.10009765625,4002.199951171875,3999.10009765625,4000.39990234375,270
2026-07-13 19:47:00-04:00,4001.10009765625,4003.39990234375,4001.10009765625,4002.300048828125,32
2026-07-13 19:48:00-04:00,4002.89990234375,4005.39990234375,4002.89990234375,4005.39990234375,37
2026-07-13 19:49:00-04:00,4005.5,4005.89990234375,4003.89990234375,4004.39990234375,29
2026-07-13 19:50:00-04:00,4004.39990234375,4004.39990234375,4003.199951171875,4003.199951171875,22
2026-07-13 19:51:00-04:00,4003.0,4003.10009765625,4002.60009765625,4002.60009765625,8
2026-07-13 19:52:00-04:00,4003.39990234375,4005.10009765625,4003.39990234375,4004.5,26
2026-07-13 19:53:00-04:00,4004.10009765625,4006.89990234375,4004.0,4006.199951171875,34
2026-07-13 19:54:00-04:00,4006.0,4007.5,4005.699951171875,4006.199951171875,31
2026-07-13 19:55:00-04:00,4005.60009765625,4006.89990234375,4005.39990234375,4006.300048828125,27
2026-07-13 19:56:00-04:00,4006.60009765625,4007.0,4006.199951171875,4006.39990234375,14
2026-07-13 19:57:00-04:00,4006.199951171875,4006.800048828125,4005.800048828125,4006.300048828125,29
2026-07-13 19:58:00-04:00,4006.89990234375,4007.5,4006.89990234375,4007.10009765625,22
2026-07-13 19:59:00-04:00,4006.800048828125,4008.89990234375,4006.800048828125,4007.89990234375,38
2026-07-13 20:00:00-04:00,4008.60009765625,4010.0,4006.800048828125,4010.0,122
2026-07-13 20:01:00-04:00,4010.199951171875,4011.800048828125,4008.0,4008.0,99
2026-07-13 20:02:00-04:00,4006.89990234375,4007.39990234375,4003.300048828125,4003.89990234375,75
2026-07-13 20:03:00-04:00,4004.39990234375,4004.699951171875,4002.800048828125,4003.800048828125,55
2026-07-13 20:04:00-04:00,4003.39990234375,4003.39990234375,4000.0,4001.300048828125,162
2026-07-13 20:05:00-04:00,4001.0,4001.300048828125,3998.699951171875,3999.199951171875,277
2026-07-13 20:06:00-04:00,3999.10009765625,4000.300048828125,3997.0,3997.60009765625,138
2026-07-13 20:07:00-04:00,3998.89990234375,3999.10009765625,3990.39990234375,3997.39990234375,591
2026-07-13 20:08:00-04:00,3997.10009765625,3998.60009765625,3996.5,3998.199951171875,58
2026-07-13 20:09:00-04:00,3998.60009765625,4002.0,3998.300048828125,4001.800048828125,64
2026-07-13 20:10:00-04:00,4002.0,4005.5,4001.5,4005.199951171875,99
2026-07-13 20:11:00-04:00,4005.300048828125,4005.60009765625,4002.800048828125,4005.300048828125,72
2026-07-13 20:12:00-04:00,4004.800048828125,4005.699951171875,4002.800048828125,4003.199951171875,59
2026-07-13 20:13:00-04:00,4001.300048828125,4001.300048828125,3997.89990234375,4000.0,135
2026-07-13 20:14:00-04:00,4000.39990234375,4002.699951171875,4000.39990234375,4002.699951171875,65
2026-07-13 20:15:00-04:00,4002.0,4002.699951171875,3998.60009765625,3999.5,57
2026-07-13 20:16:00-04:00,3998.800048828125,4000.199951171875,3997.800048828125,3998.199951171875,62
2026-07-13 20:17:00-04:00,3998.39990234375,3998.60009765625,3997.0,3997.699951171875,92
2026-07-13 20:18:00-04:00,3998.10009765625,3998.60009765625,3997.5,3998.60009765625,73
2026-07-13 20:19:00-04:00,3998.699951171875,3999.10009765625,3994.300048828125,3994.89990234375,45
2026-07-13 20:20:00-04:00,3994.39990234375,3995.199951171875,3992.699951171875,3994.699951171875,172
2026-07-13 20:21:00-04:00,3995.0,3997.0,3994.60009765625,3996.39990234375,59
2026-07-13 20:22:00-04:00,3995.800048828125,3996.199951171875,3995.199951171875,3995.800048828125,14
2026-07-13 20:23:00-04:00,3995.60009765625,3995.60009765625,3992.60009765625,3993.5,90
2026-07-13 20:24:00-04:00,3993.300048828125,3997.0,3993.10009765625,3997.0,29
2026-07-13 20:25:00-04:00,3997.0,3997.300048828125,3996.10009765625,3997.300048828125,42
2026-07-13 20:26:00-04:00,3997.39990234375,3997.699951171875,3996.199951171875,3997.0,22
2026-07-13 20:27:00-04:00,3995.800048828125,3999.5,3995.699951171875,3999.5,37
2026-07-13 20:28:00-04:00,3999.5,4003.39990234375,3998.89990234375,4002.0,151
2026-07-13 20:29:00-04:00,4002.699951171875,4003.800048828125,4001.800048828125,4001.800048828125,31
2026-07-13 20:30:00-04:00,4002.5,4004.10009765625,4001.60009765625,4001.60009765625,67
2026-07-13 20:31:00-04:00,4001.60009765625,4004.10009765625,4001.39990234375,4004.10009765625,73
2026-07-13 20:32:00-04:00,4003.300048828125,4006.60009765625,4003.0,4006.60009765625,123
2026-07-13 20:33:00-04:00,4006.89990234375,4008.800048828125,4005.5,4008.800048828125,157
2026-07-13 20:34:00-04:00,4008.5,4013.300048828125,4008.5,4012.199951171875,134
2026-07-13 20:35:00-04:00,4011.699951171875,4014.300048828125,4010.89990234375,4013.39990234375,104
2026-07-13 20:36:00-04:00,4012.89990234375,4012.89990234375,4009.300048828125,4010.199951171875,107
2026-07-13 20:37:00-04:00,4009.800048828125,4011.699951171875,4009.699951171875,4011.5,25
2026-07-13 20:38:00-04:00,4011.5,4012.0,4010.10009765625,4011.89990234375,37
2026-07-13 20:39:00-04:00,4011.5,4011.5,4009.0,4009.0,23
2026-07-13 20:40:00-04:00,4010.39990234375,4013.0,4009.60009765625,4010.89990234375,80
2026-07-13 20:41:00-04:00,4010.699951171875,4010.699951171875,4006.89990234375,4007.39990234375,161
2026-07-13 20:42:00-04:00,4007.60009765625,4008.60009765625,4007.199951171875,4008.300048828125,85
2026-07-13 20:43:00-04:00,4008.300048828125,4008.300048828125,4007.5,4007.5,27
2026-07-13 20:44:00-04:00,4007.39990234375,4009.89990234375,4006.0,4009.800048828125,167
2026-07-13 20:45:00-04:00,4010.39990234375,4013.89990234375,4009.60009765625,4012.89990234375,116
2026-07-13 20:46:00-04:00,4012.39990234375,4012.5,4009.699951171875,4010.0,34
2026-07-13 20:47:00-04:00,4009.5,4009.60009765625,4007.800048828125,4009.199951171875,37
2026-07-13 20:48:00-04:00,4009.60009765625,4009.699951171875,4008.300048828125,4009.699951171875,15
2026-07-13 20:49:00-04:00,4010.39990234375,4011.10009765625,4009.5,4009.5,18
2026-07-13 20:50:00-04:00,4009.60009765625,4012.89990234375,4009.60009765625,4011.300048828125,55
2026-07-13 20:51:00-04:00,4011.39990234375,4012.10009765625,4010.39990234375,4012.10009765625,22
2026-07-13 20:52:00-04:00,4011.699951171875,4012.10009765625,4010.699951171875,4010.699951171875,13
2026-07-13 20:53:00-04:00,4010.0,4011.300048828125,4009.699951171875,4010.0,41
2026-07-13 20:54:00-04:00,4009.89990234375,4012.10009765625,4009.89990234375,4011.5,53
2026-07-13 20:55:00-04:00,4011.10009765625,4014.10009765625,4010.800048828125,4013.699951171875,100
2026-07-13 20:56:00-04:00,4013.60009765625,4014.0,4010.10009765625,4011.60009765625,72
2026-07-13 20:57:00-04:00,4011.89990234375,4013.300048828125,4011.300048828125,4013.0,16
2026-07-13 20:58:00-04:00,4013.0,4014.10009765625,4012.5,4012.800048828125,40
2026-07-13 20:59:00-04:00,4013.0,4013.300048828125,4010.89990234375,4011.60009765625,44
2026-07-13 21:00:00-04:00,4010.800048828125,4010.89990234375,4003.5,4005.800048828125,320
2026-07-13 21:01:00-04:00,4005.89990234375,4006.10009765625,4000.89990234375,4001.10009765625,161
2026-07-13 21:02:00-04:00,4002.199951171875,4002.39990234375,3998.60009765625,4000.300048828125,210
2026-07-13 21:03:00-04:00,4000.199951171875,4004.199951171875,4000.0,4003.89990234375,164
2026-07-13 21:04:00-04:00,4004.39990234375,4005.5,4003.300048828125,4005.10009765625,106
2026-07-13 21:05:00-04:00,4005.699951171875,4006.39990234375,4002.89990234375,4003.300048828125,44
2026-07-13 21:06:00-04:00,4003.60009765625,4004.300048828125,4000.0,4000.60009765625,72
2026-07-13 21:07:00-04:00,4001.0,4003.60009765625,3999.10009765625,3999.699951171875,103
2026-07-13 21:08:00-04:00,3999.5,4001.800048828125,3998.800048828125,4001.800048828125,91
2026-07-13 21:09:00-04:00,4001.60009765625,4002.0,4000.5,4001.10009765625,91
2026-07-13 21:10:00-04:00,4001.39990234375,4002.199951171875,4000.0,4001.39990234375,40
2026-07-13 21:11:00-04:00,4000.89990234375,4002.699951171875,4000.0,4001.5,46
2026-07-13 21:12:00-04:00,4001.60009765625,4003.0,3999.699951171875,4002.89990234375,80
2026-07-13 21:13:00-04:00,4003.300048828125,4005.60009765625,4002.199951171875,4002.89990234375,61
2026-07-13 21:14:00-04:00,4002.5,4004.199951171875,4001.800048828125,4001.800048828125,104
2026-07-13 21:15:00-04:00,4001.89990234375,4005.89990234375,4001.800048828125,4005.10009765625,35
2026-07-13 21:16:00-04:00,4004.699951171875,4006.60009765625,4004.39990234375,4005.89990234375,123
2026-07-13 21:17:00-04:00,4005.60009765625,4009.300048828125,4005.10009765625,4009.300048828125,75
2026-07-13 21:18:00-04:00,4010.0,4010.10009765625,4007.800048828125,4009.300048828125,117
2026-07-13 21:19:00-04:00,4009.300048828125,4011.60009765625,4009.300048828125,4009.800048828125,41
2026-07-13 21:20:00-04:00,4009.39990234375,4010.0,4007.10009765625,4007.60009765625,16
2026-07-13 21:21:00-04:00,4007.89990234375,4008.39990234375,4004.800048828125,4004.800048828125,50
2026-07-13 21:22:00-04:00,4005.300048828125,4007.10009765625,4005.0,4005.0,46
2026-07-13 21:23:00-04:00,4004.89990234375,4005.699951171875,4003.800048828125,4004.199951171875,348
2026-07-13 21:24:00-04:00,4004.300048828125,4004.800048828125,4003.89990234375,4004.10009765625,32
2026-07-13 21:25:00-04:00,4003.89990234375,4005.300048828125,4002.5,4004.300048828125,69
2026-07-13 21:26:00-04:00,4003.800048828125,4005.199951171875,4003.10009765625,4004.89990234375,36
2026-07-13 21:27:00-04:00,4004.699951171875,4006.199951171875,4003.89990234375,4003.89990234375,42
2026-07-13 21:28:00-04:00,4003.10009765625,4004.5,4003.0,4004.10009765625,24
2026-07-13 21:29:00-04:00,4003.300048828125,4004.5,4002.699951171875,4004.39990234375,47
2026-07-13 21:30:00-04:00,4004.10009765625,4006.60009765625,4003.0,4006.60009765625,45
2026-07-13 21:31:00-04:00,4006.199951171875,4008.0,4005.5,4007.199951171875,41
2026-07-13 21:32:00-04:00,4008.10009765625,4010.39990234375,4007.800048828125,4008.300048828125,45
2026-07-13 21:33:00-04:00,4008.39990234375,4008.89990234375,4007.199951171875,4007.5,143
2026-07-13 21:34:00-04:00,4007.300048828125,4007.800048828125,4005.300048828125,4005.300048828125,31
2026-07-13 21:35:00-04:00,4005.0,4005.300048828125,3999.800048828125,4001.89990234375,219
2026-07-13 21:36:00-04:00,4001.699951171875,4003.800048828125,4001.699951171875,4003.800048828125,48
2026-07-13 21:37:00-04:00,4003.60009765625,4004.300048828125,4003.60009765625,4004.0,3
2026-07-13 21:38:00-04:00,4004.60009765625,4005.0,4003.300048828125,4004.699951171875,17
2026-07-13 21:39:00-04:00,4004.199951171875,4004.39990234375,4003.0,4004.10009765625,15
2026-07-13 21:40:00-04:00,4004.10009765625,4005.199951171875,4001.699951171875,4002.0,168
2026-07-13 21:41:00-04:00,4002.39990234375,4007.199951171875,4002.39990234375,4006.89990234375,146
2026-07-13 21:42:00-04:00,4007.199951171875,4007.39990234375,4005.89990234375,4007.39990234375,24
2026-07-13 21:43:00-04:00,4007.5,4009.10009765625,4006.60009765625,4007.5,91
2026-07-13 21:44:00-04:00,4007.89990234375,4008.60009765625,4007.300048828125,4008.60009765625,29
2026-07-13 21:45:00-04:00,4008.5,4010.39990234375,4006.60009765625,4006.60009765625,68
2026-07-13 21:46:00-04:00,4006.89990234375,4007.0,4005.800048828125,4007.0,17
2026-07-13 21:47:00-04:00,4006.800048828125,4008.0,4005.699951171875,4007.800048828125,32
2026-07-13 21:48:00-04:00,4007.60009765625,4008.800048828125,4007.60009765625,4008.0,24
2026-07-13 21:49:00-04:00,4007.89990234375,4009.800048828125,4007.199951171875,4009.39990234375,36
2026-07-13 21:50:00-04:00,4009.5,4010.199951171875,4007.699951171875,4008.300048828125,56
2026-07-13 21:51:00-04:00,4007.300048828125,4009.199951171875,4006.5,4009.0,70
2026-07-13 21:52:00-04:00,4010.10009765625,4012.199951171875,4010.0,4011.10009765625,45
2026-07-13 21:53:00-04:00,4011.0,4011.10009765625,4009.39990234375,4010.89990234375,28
2026-07-13 21:54:00-04:00,4010.800048828125,4011.39990234375,4010.5,4010.699951171875,19
2026-07-13 21:55:00-04:00,4011.199951171875,4011.300048828125,4009.300048828125,4010.0,23
2026-07-13 21:56:00-04:00,4009.800048828125,4010.199951171875,4009.0,4009.699951171875,17
2026-07-13 21:57:00-04:00,4009.60009765625,4014.300048828125,4009.39990234375,4013.89990234375,210
2026-07-13 21:58:00-04:00,4014.199951171875,4019.0,4013.5,4017.699951171875,304
2026-07-13 21:59:00-04:00,4017.699951171875,4018.89990234375,4016.60009765625,4017.0,102
2026-07-13 22:00:00-04:00,4017.5,4017.800048828125,4014.60009765625,4014.89990234375,185
2026-07-13 22:01:00-04:00,4014.699951171875,4015.39990234375,4013.89990234375,4014.60009765625,56
2026-07-13 22:02:00-04:00,4013.60009765625,4015.0,4012.699951171875,4015.0,76
2026-07-13 22:03:00-04:00,4014.699951171875,4016.5,4014.699951171875,4015.5,36
2026-07-13 22:04:00-04:00,4015.39990234375,4016.39990234375,4015.39990234375,4016.0,35
2026-07-13 22:05:00-04:00,4016.5,4017.300048828125,4016.39990234375,4017.300048828125,71
2026-07-13 22:06:00-04:00,4016.699951171875,4017.5,4014.800048828125,4015.0,51
2026-07-13 22:07:00-04:00,4015.0,4016.39990234375,4015.0,4016.39990234375,13
2026-07-13 22:08:00-04:00,4016.300048828125,4017.89990234375,4016.300048828125,4017.60009765625,37
2026-07-13 22:09:00-04:00,4017.39990234375,4020.199951171875,4017.39990234375,4018.300048828125,167
2026-07-13 22:10:00-04:00,4018.300048828125,4020.800048828125,4018.300048828125,4020.10009765625,151
2026-07-13 22:11:00-04:00,4020.300048828125,4022.699951171875,4019.5,4019.5,291
2026-07-13 22:12:00-04:00,4019.39990234375,4020.300048828125,4017.89990234375,4019.800048828125,82
2026-07-13 22:13:00-04:00,4020.0,4021.800048828125,4020.0,4021.699951171875,134
2026-07-13 22:14:00-04:00,4021.199951171875,4024.300048828125,4020.5,4023.5,201
2026-07-13 22:15:00-04:00,4022.800048828125,4025.39990234375,4021.699951171875,4025.39990234375,229
2026-07-13 22:16:00-04:00,4025.10009765625,4025.5,4023.699951171875,4024.300048828125,140
2026-07-13 22:17:00-04:00,4023.699951171875,4023.800048828125,4022.0,4022.5,41
2026-07-13 22:18:00-04:00,4022.0,4023.39990234375,4022.0,4022.39990234375,34
2026-07-13 22:19:00-04:00,4022.10009765625,4024.699951171875,4021.60009765625,4024.300048828125,200
2026-07-13 22:20:00-04:00,4024.5,4024.699951171875,4022.60009765625,4023.60009765625,47
2026-07-13 22:21:00-04:00,4023.5,4023.699951171875,4021.800048828125,4023.300048828125,34
2026-07-13 22:22:00-04:00,4023.199951171875,4024.0,4022.199951171875,4022.199951171875,56
2026-07-13 22:23:00-04:00,4022.199951171875,4023.10009765625,4021.800048828125,4022.39990234375,54
2026-07-13 22:24:00-04:00,4022.699951171875,4022.699951171875,4020.5,4021.300048828125,64
2026-07-13 22:25:00-04:00,4021.199951171875,4021.60009765625,4020.199951171875,4021.5,53
2026-07-13 22:26:00-04:00,4021.300048828125,4022.0,4020.699951171875,4021.300048828125,143
2026-07-13 22:27:00-04:00,4021.800048828125,4023.39990234375,4021.10009765625,4023.39990234375,81
2026-07-13 22:28:00-04:00,4023.10009765625,4024.5,4022.39990234375,4024.199951171875,41
2026-07-13 22:29:00-04:00,4024.300048828125,4024.5,4023.39990234375,4024.199951171875,44
2026-07-13 22:30:00-04:00,4024.39990234375,4025.699951171875,4022.60009765625,4022.699951171875,94
2026-07-13 22:31:00-04:00,4023.39990234375,4023.60009765625,4022.0,4023.60009765625,42
2026-07-13 22:32:00-04:00,4023.89990234375,4024.800048828125,4023.5,4023.800048828125,33
2026-07-13 22:33:00-04:00,4024.0,4024.5,4021.39990234375,4021.5,108
2026-07-13 22:34:00-04:00,4021.5,4022.0,4019.800048828125,4020.60009765625,43
2026-07-13 22:35:00-04:00,4020.800048828125,4021.60009765625,4019.60009765625,4021.0,59
2026-07-13 22:36:00-04:00,4021.39990234375,4022.0,4021.10009765625,4021.60009765625,48
2026-07-13 22:37:00-04:00,4021.5,4021.5,4020.39990234375,4020.699951171875,14
2026-07-13 22:38:00-04:00,4020.60009765625,4021.39990234375,4019.199951171875,4019.5,55
2026-07-13 22:39:00-04:00,4019.89990234375,4021.0,4019.699951171875,4020.5,15
2026-07-13 22:40:00-04:00,4020.60009765625,4022.39990234375,4020.60009765625,4022.0,61
2026-07-13 22:41:00-04:00,4022.0,4023.0,4021.39990234375,4021.60009765625,131
2026-07-13 22:42:00-04:00,4021.60009765625,4021.60009765625,4018.800048828125,4019.199951171875,66
2026-07-13 22:43:00-04:00,4019.0,4019.199951171875,4017.39990234375,4018.300048828125,94
2026-07-13 22:44:00-04:00,4018.0,4018.300048828125,4017.60009765625,4017.800048828125,20
2026-07-13 22:45:00-04:00,4017.699951171875,4018.5,4017.199951171875,4017.89990234375,40
2026-07-13 22:46:00-04:00,4018.0,4018.39990234375,4017.5,4018.39990234375,67
2026-07-13 22:47:00-04:00,4018.39990234375,4019.60009765625,4018.0,4018.800048828125,34
2026-07-13 22:48:00-04:00,4018.300048828125,4018.300048828125,4016.800048828125,4017.10009765625,74
2026-07-13 22:49:00-04:00,4016.800048828125,4017.300048828125,4016.60009765625,4016.800048828125,19
2026-07-13 22:50:00-04:00,4016.5,4017.300048828125,4016.300048828125,4016.89990234375,23
2026-07-13 22:51:00-04:00,4016.89990234375,4016.89990234375,4016.10009765625,4016.300048828125,15
2026-07-13 22:52:00-04:00,4015.89990234375,4017.199951171875,4015.89990234375,4016.800048828125,38
2026-07-13 22:53:00-04:00,4017.800048828125,4018.10009765625,4017.60009765625,4017.800048828125,32
2026-07-13 22:54:00-04:00,4017.800048828125,4018.10009765625,4017.800048828125,4017.800048828125,8
2026-07-13 22:55:00-04:00,4017.300048828125,4017.699951171875,4017.300048828125,4017.5,7
2026-07-13 22:56:00-04:00,4018.39990234375,4018.5,4017.5,4017.89990234375,6
2026-07-13 22:57:00-04:00,4018.199951171875,4019.0,4017.89990234375,4019.0,9
2026-07-13 22:58:00-04:00,4019.39990234375,4020.800048828125,4019.300048828125,4020.800048828125,46
2026-07-13 22:59:00-04:00,4020.699951171875,4020.699951171875,4019.0,4019.199951171875,28
2026-07-13 23:00:00-04:00,4019.10009765625,4023.39990234375,4018.89990234375,4020.5,117
2026-07-13 23:01:00-04:00,4021.5,4022.0,4020.300048828125,4020.699951171875,49
2026-07-13 23:02:00-04:00,4021.10009765625,4021.39990234375,4019.800048828125,4020.699951171875,34
2026-07-13 23:03:00-04:00,4020.300048828125,4020.300048828125,4018.60009765625,4019.199951171875,20
2026-07-13 23:04:00-04:00,4019.5,4021.199951171875,4019.39990234375,4021.10009765625,50
2026-07-13 23:05:00-04:00,4021.39990234375,4021.5,4019.89990234375,4020.699951171875,43
2026-07-13 23:06:00-04:00,4021.800048828125,4022.800048828125,4021.699951171875,4022.699951171875,41
2026-07-13 23:07:00-04:00,4022.5,4023.5,4022.300048828125,4023.0,51
2026-07-13 23:08:00-04:00,4021.300048828125,4021.39990234375,4020.699951171875,4021.10009765625,7
2026-07-13 23:09:00-04:00,4021.199951171875,4021.199951171875,4020.5,4020.5,7
2026-07-13 23:10:00-04:00,4020.0,4021.300048828125,4019.60009765625,4021.300048828125,20
2026-07-13 23:11:00-04:00,4021.5,4022.199951171875,4021.199951171875,4021.199951171875,13
2026-07-13 23:12:00-04:00,4021.0,4021.10009765625,4020.800048828125,4021.0,15
2026-07-13 23:13:00-04:00,4021.10009765625,4021.10009765625,4019.89990234375,4020.0,63
2026-07-13 23:14:00-04:00,4019.5,4020.89990234375,4018.5,4020.89990234375,73
2026-07-13 23:15:00-04:00,4020.199951171875,4021.300048828125,4019.699951171875,4020.89990234375,20
2026-07-13 23:16:00-04:00,4020.89990234375,4022.10009765625,4020.89990234375,4021.300048828125,27
2026-07-13 23:17:00-04:00,4021.199951171875,4021.300048828125,4019.0,4019.0,32
2026-07-13 23:18:00-04:00,4018.800048828125,4020.199951171875,4018.699951171875,4019.5,34
2026-07-13 23:19:00-04:00,4019.10009765625,4020.10009765625,4018.5,4019.800048828125,38
2026-07-13 23:20:00-04:00,4019.699951171875,4019.699951171875,4018.5,4018.5,17
2026-07-13 23:21:00-04:00,4018.5,4019.10009765625,4017.5,4018.300048828125,118
2026-07-13 23:22:00-04:00,4018.300048828125,4018.5,4017.60009765625,4018.5,22
2026-07-13 23:23:00-04:00,4018.699951171875,4022.10009765625,4018.699951171875,4022.10009765625,41
2026-07-13 23:24:00-04:00,4021.5,4023.10009765625,4021.5,4022.89990234375,33
2026-07-13 23:25:00-04:00,4022.199951171875,4024.0,4022.0,4023.300048828125,112
2026-07-13 23:26:00-04:00,4023.199951171875,4023.5,4021.60009765625,4022.10009765625,22
2026-07-13 23:27:00-04:00,4022.5,4025.300048828125,4022.300048828125,4025.199951171875,145
2026-07-13 23:28:00-04:00,4024.89990234375,4024.89990234375,4023.0,4023.89990234375,63
2026-07-13 23:29:00-04:00,4024.0,4024.199951171875,4023.699951171875,4024.0,19
2026-07-13 23:30:00-04:00,4024.60009765625,4025.699951171875,4023.60009765625,4024.199951171875,106
2026-07-13 23:31:00-04:00,4024.300048828125,4025.10009765625,4023.10009765625,4024.39990234375,34
2026-07-13 23:32:00-04:00,4024.699951171875,4025.5,4023.39990234375,4023.39990234375,44
2026-07-13 23:33:00-04:00,4023.60009765625,4023.60009765625,4022.5,4023.39990234375,8
2026-07-13 23:34:00-04:00,4022.199951171875,4022.199951171875,4021.10009765625,4021.60009765625,9
2026-07-13 23:35:00-04:00,4021.39990234375,4022.0,4021.10009765625,4021.89990234375,13
2026-07-13 23:36:00-04:00,4022.10009765625,4022.199951171875,4021.300048828125,4021.5,51
2026-07-13 23:37:00-04:00,4022.60009765625,4024.0,4022.300048828125,4024.0,38
2026-07-13 23:38:00-04:00,4023.699951171875,4024.300048828125,4021.800048828125,4021.800048828125,38
2026-07-13 23:39:00-04:00,4021.699951171875,4022.10009765625,4021.39990234375,4022.10009765625,7
2026-07-13 23:40:00-04:00,4021.800048828125,4022.60009765625,4021.300048828125,4021.699951171875,37
2026-07-13 23:41:00-04:00,4021.60009765625,4022.5,4021.300048828125,4021.300048828125,14
2026-07-13 23:42:00-04:00,4021.0,4021.39990234375,4020.199951171875,4021.39990234375,45
2026-07-13 23:43:00-04:00,4021.800048828125,4022.0,4021.199951171875,4021.300048828125,14
2026-07-13 23:44:00-04:00,4021.800048828125,4022.39990234375,4021.699951171875,4021.89990234375,11
2026-07-13 23:45:00-04:00,4022.10009765625,4022.60009765625,4021.5,4022.5,18
2026-07-13 23:46:00-04:00,4022.300048828125,4022.300048828125,4021.60009765625,4022.10009765625,12
2026-07-13 23:48:00-04:00,4022.699951171875,4023.300048828125,4021.5,4022.39990234375,51
2026-07-13 23:49:00-04:00,4023.10009765625,4023.10009765625,4023.10009765625,4023.10009765625,1
2026-07-13 23:50:00-04:00,4022.10009765625,4022.5,4021.89990234375,4022.10009765625,11
2026-07-13 23:51:00-04:00,4022.10009765625,4024.0,4021.800048828125,4023.699951171875,29
2026-07-13 23:52:00-04:00,4023.5,4023.699951171875,4022.89990234375,4023.300048828125,15
2026-07-13 23:53:00-04:00,4023.699951171875,4024.60009765625,4023.699951171875,4023.89990234375,10
2026-07-13 23:54:00-04:00,4023.800048828125,4024.39990234375,4023.800048828125,4024.199951171875,7
2026-07-13 23:55:00-04:00,4024.300048828125,4024.300048828125,4023.5,4023.5,5
2026-07-13 23:56:00-04:00,4023.800048828125,4024.199951171875,4023.10009765625,4023.10009765625,8
2026-07-13 23:57:00-04:00,4022.800048828125,4023.10009765625,4021.800048828125,4021.89990234375,35
2026-07-13 23:58:00-04:00,4021.39990234375,4022.800048828125,4021.10009765625,4022.60009765625,19
2026-07-14 00:00:00-04:00,4023.699951171875,4025.199951171875,4023.5,4025.199951171875,22
2026-07-14 00:01:00-04:00,4025.199951171875,4025.39990234375,4023.60009765625,4023.60009765625,25
2026-07-14 00:02:00-04:00,4022.699951171875,4023.89990234375,4022.5,4023.60009765625,14
2026-07-14 00:03:00-04:00,4023.5,4024.199951171875,4023.199951171875,4024.199951171875,15
2026-07-14 00:04:00-04:00,4024.39990234375,4024.89990234375,4023.300048828125,4023.300048828125,33
2026-07-14 00:05:00-04:00,4023.800048828125,4024.0,4023.39990234375,4023.39990234375,5
2026-07-14 00:06:00-04:00,4023.10009765625,4023.60009765625,4023.10009765625,4023.39990234375,5
2026-07-14 00:07:00-04:00,4023.10009765625,4023.10009765625,4023.10009765625,4023.10009765625,1
2026-07-14 00:08:00-04:00,4023.300048828125,4023.39990234375,4022.5,4022.5,13
2026-07-14 00:09:00-04:00,4022.300048828125,4022.89990234375,4021.60009765625,4021.60009765625,10
2026-07-14 00:10:00-04:00,4021.89990234375,4022.10009765625,4020.89990234375,4021.10009765625,12
2026-07-14 00:11:00-04:00,4021.0,4021.60009765625,4019.89990234375,4020.39990234375,91
2026-07-14 00:12:00-04:00,4020.60009765625,4021.0,4019.89990234375,4020.0,26
2026-07-14 00:13:00-04:00,4020.60009765625,4021.5,4019.89990234375,4021.300048828125,41
2026-07-14 00:14:00-04:00,4021.300048828125,4022.699951171875,4021.300048828125,4022.199951171875,48
2026-07-14 00:15:00-04:00,4022.300048828125,4022.89990234375,4021.5,4022.89990234375,77
2026-07-14 00:16:00-04:00,4022.39990234375,4022.699951171875,4021.800048828125,4022.199951171875,40
2026-07-14 00:17:00-04:00,4022.199951171875,4022.39990234375,4020.800048828125,4020.89990234375,49
2026-07-14 00:18:00-04:00,4021.199951171875,4021.800048828125,4020.800048828125,4021.800048828125,15
2026-07-14 00:19:00-04:00,4022.10009765625,4022.10009765625,4021.699951171875,4021.89990234375,17
2026-07-14 00:20:00-04:00,4021.60009765625,4022.699951171875,4021.5,4022.699951171875,21
2026-07-14 00:21:00-04:00,4022.10009765625,4022.10009765625,4020.300048828125,4021.300048828125,15
2026-07-14 00:22:00-04:00,4021.5,4021.89990234375,4021.39990234375,4021.699951171875,8
2026-07-14 00:23:00-04:00,4022.300048828125,4022.39990234375,4021.300048828125,4021.300048828125,7
2026-07-14 00:24:00-04:00,4021.199951171875,4022.39990234375,4020.89990234375,4022.0,14
2026-07-14 00:25:00-04:00,4022.10009765625,4023.0,4021.89990234375,4022.300048828125,32
2026-07-14 00:26:00-04:00,4022.800048828125,4023.699951171875,4022.5,4022.800048828125,62
2026-07-14 00:27:00-04:00,4023.60009765625,4023.800048828125,4022.89990234375,4022.89990234375,11
2026-07-14 00:28:00-04:00,4022.699951171875,4022.89990234375,4022.300048828125,4022.300048828125,6
2026-07-14 00:29:00-04:00,4022.800048828125,4023.199951171875,4022.10009765625,4022.199951171875,24
2026-07-14 00:30:00-04:00,4022.300048828125,4022.60009765625,4022.10009765625,4022.60009765625,14
2026-07-14 00:31:00-04:00,4023.5,4025.699951171875,4023.0,4025.5,54
2026-07-14 00:32:00-04:00,4025.699951171875,4029.39990234375,4025.39990234375,4029.199951171875,225
2026-07-14 00:33:00-04:00,4029.300048828125,4029.300048828125,4027.10009765625,4028.5,157
2026-07-14 00:34:00-04:00,4028.300048828125,4028.300048828125,4027.39990234375,4028.0,24
2026-07-14 00:35:00-04:00,4028.39990234375,4028.89990234375,4027.60009765625,4028.699951171875,72
2026-07-14 00:36:00-04:00,4028.60009765625,4029.699951171875,4028.60009765625,4029.39990234375,87
2026-07-14 00:37:00-04:00,4029.699951171875,4029.699951171875,4028.5,4028.5,74
2026-07-14 00:38:00-04:00,4028.5,4028.699951171875,4027.60009765625,4028.300048828125,47
2026-07-14 00:39:00-04:00,4028.300048828125,4028.5,4027.5,4027.89990234375,20
2026-07-14 00:40:00-04:00,4028.300048828125,4028.800048828125,4027.800048828125,4027.89990234375,14
2026-07-14 00:41:00-04:00,4028.10009765625,4028.60009765625,4027.199951171875,4027.5,25
2026-07-14 00:42:00-04:00,4027.5,4028.60009765625,4026.89990234375,4027.199951171875,68
2026-07-14 00:43:00-04:00,4027.199951171875,4027.699951171875,4027.0,4027.699951171875,10
2026-07-14 00:44:00-04:00,4027.89990234375,4027.89990234375,4027.0,4027.0,9
2026-07-14 00:45:00-04:00,4026.89990234375,4027.300048828125,4026.5,4027.199951171875,20
2026-07-14 00:46:00-04:00,4027.199951171875,4027.199951171875,4026.60009765625,4026.699951171875,6
2026-07-14 00:47:00-04:00,4026.39990234375,4026.60009765625,4025.89990234375,4025.89990234375,18
2026-07-14 00:48:00-04:00,4026.39990234375,4026.39990234375,4025.5,4026.0,35
2026-07-14 00:49:00-04:00,4025.800048828125,4025.800048828125,4024.39990234375,4024.39990234375,89
2026-07-14 00:50:00-04:00,4024.199951171875,4024.39990234375,4022.39990234375,4023.300048828125,63
2026-07-14 00:51:00-04:00,4022.89990234375,4026.0,4022.800048828125,4024.89990234375,128
2026-07-14 00:52:00-04:00,4024.800048828125,4026.0,4024.60009765625,4026.0,22
2026-07-14 00:53:00-04:00,4025.60009765625,4026.39990234375,4025.300048828125,4026.300048828125,24
2026-07-14 00:54:00-04:00,4026.0,4026.0,4026.0,4026.0,1
2026-07-14 00:55:00-04:00,4026.300048828125,4026.300048828125,4024.89990234375,4024.89990234375,13
2026-07-14 00:56:00-04:00,4025.199951171875,4025.39990234375,4024.10009765625,4025.0,24
2026-07-14 00:57:00-04:00,4024.89990234375,4026.39990234375,4024.800048828125,4026.39990234375,13
2026-07-14 00:58:00-04:00,4026.0,4027.89990234375,4025.89990234375,4027.199951171875,88
2026-07-14 00:59:00-04:00,4027.199951171875,4027.89990234375,4026.699951171875,4026.699951171875,57
2026-07-14 01:00:00-04:00,4027.199951171875,4028.800048828125,4027.199951171875,4028.39990234375,26
2026-07-14 01:01:00-04:00,4028.800048828125,4029.39990234375,4027.300048828125,4028.300048828125,80
2026-07-14 01:02:00-04:00,4027.699951171875,4028.199951171875,4026.89990234375,4026.89990234375,27
2026-07-14 01:03:00-04:00,4026.699951171875,4027.89990234375,4026.699951171875,4027.89990234375,18
2026-07-14 01:04:00-04:00,4027.89990234375,4027.89990234375,4026.39990234375,4026.39990234375,16
2026-07-14 01:05:00-04:00,4026.60009765625,4028.199951171875,4026.199951171875,4028.0,84
2026-07-14 01:06:00-04:00,4028.699951171875,4028.800048828125,4028.0,4028.0,91
2026-07-14 01:07:00-04:00,4028.39990234375,4029.39990234375,4028.199951171875,4028.89990234375,17
2026-07-14 01:08:00-04:00,4029.39990234375,4029.39990234375,4028.699951171875,4029.39990234375,25
2026-07-14 01:09:00-04:00,4029.10009765625,4029.89990234375,4029.10009765625,4029.5,44
2026-07-14 01:10:00-04:00,4029.300048828125,4030.300048828125,4029.300048828125,4030.10009765625,64
2026-07-14 01:11:00-04:00,4030.10009765625,4030.60009765625,4029.199951171875,4030.0,42
2026-07-14 01:12:00-04:00,4030.0,4030.0,4029.39990234375,4029.39990234375,12
2026-07-14 01:13:00-04:00,4029.800048828125,4029.800048828125,4029.10009765625,4029.39990234375,18
2026-07-14 01:14:00-04:00,4029.10009765625,4029.89990234375,4029.10009765625,4029.699951171875,9
2026-07-14 01:15:00-04:00,4029.800048828125,4030.60009765625,4029.800048828125,4030.60009765625,27
2026-07-14 01:16:00-04:00,4030.60009765625,4030.60009765625,4027.39990234375,4027.39990234375,67
2026-07-14 01:17:00-04:00,4027.39990234375,4027.39990234375,4026.60009765625,4027.10009765625,36
2026-07-14 01:18:00-04:00,4027.0,4027.800048828125,4026.699951171875,4026.699951171875,25
2026-07-14 01:19:00-04:00,4026.60009765625,4027.800048828125,4026.60009765625,4027.800048828125,9
2026-07-14 01:20:00-04:00,4027.699951171875,4028.10009765625,4027.699951171875,4027.699951171875,11
2026-07-14 01:21:00-04:00,4027.800048828125,4028.699951171875,4027.5,4028.699951171875,12
2026-07-14 01:22:00-04:00,4028.89990234375,4028.89990234375,4028.0,4028.0,15
2026-07-14 01:23:00-04:00,4028.0,4028.699951171875,4027.10009765625,4027.10009765625,34
2026-07-14 01:24:00-04:00,4027.5,4027.699951171875,4027.0,4027.39990234375,12
2026-07-14 01:25:00-04:00,4027.10009765625,4028.89990234375,4026.5,4028.5,35
2026-07-14 01:26:00-04:00,4028.60009765625,4029.300048828125,4028.5,4029.300048828125,15
2026-07-14 01:27:00-04:00,4029.199951171875,4029.199951171875,4028.699951171875,4029.10009765625,12
2026-07-14 01:28:00-04:00,4028.89990234375,4029.800048828125,4028.39990234375,4029.699951171875,34
2026-07-14 01:29:00-04:00,4029.5,4029.89990234375,4028.60009765625,4029.199951171875,40
2026-07-14 01:30:00-04:00,4029.300048828125,4033.800048828125,4029.0,4031.0,331
2026-07-14 01:31:00-04:00,4030.89990234375,4033.300048828125,4030.89990234375,4032.5,56
2026-07-14 01:32:00-04:00,4033.10009765625,4035.199951171875,4032.60009765625,4035.0,292
2026-07-14 01:33:00-04:00,4035.0,4036.5,4034.199951171875,4036.5,294
2026-07-14 01:34:00-04:00,4036.5,4036.699951171875,4034.300048828125,4034.800048828125,101
2026-07-14 01:35:00-04:00,4035.199951171875,4036.89990234375,4034.300048828125,4035.699951171875,104
2026-07-14 01:36:00-04:00,4035.699951171875,4036.800048828125,4035.5,4036.5,76
2026-07-14 01:37:00-04:00,4036.60009765625,4036.800048828125,4035.300048828125,4035.300048828125,19
2026-07-14 01:38:00-04:00,4035.300048828125,4037.39990234375,4035.300048828125,4035.39990234375,115
2026-07-14 01:39:00-04:00,4035.60009765625,4035.800048828125,4033.60009765625,4034.300048828125,44
2026-07-14 01:40:00-04:00,4034.0,4035.5,4034.0,4035.5,24
2026-07-14 01:41:00-04:00,4035.0,4037.5,4034.89990234375,4037.0,62
2026-07-14 01:42:00-04:00,4037.199951171875,4038.800048828125,4037.10009765625,4038.199951171875,153
2026-07-14 01:43:00-04:00,4037.5,4039.699951171875,4036.39990234375,4039.39990234375,242
2026-07-14 01:44:00-04:00,4039.300048828125,4040.39990234375,4037.699951171875,4038.39990234375,318
2026-07-14 01:45:00-04:00,4038.5,4039.300048828125,4037.60009765625,4038.5,124
2026-07-14 01:46:00-04:00,4037.699951171875,4038.10009765625,4035.89990234375,4035.89990234375,76
2026-07-14 01:47:00-04:00,4036.199951171875,4037.0,4036.0,4036.5,33
2026-07-14 01:48:00-04:00,4036.699951171875,4038.10009765625,4036.699951171875,4037.300048828125,55
2026-07-14 01:49:00-04:00,4037.300048828125,4037.89990234375,4036.699951171875,4037.699951171875,34
2026-07-14 01:50:00-04:00,4036.699951171875,4037.300048828125,4036.0,4036.800048828125,38
2026-07-14 01:51:00-04:00,4036.5,4036.699951171875,4035.300048828125,4035.89990234375,33
2026-07-14 01:52:00-04:00,4036.0,4037.0,4035.89990234375,4036.699951171875,72
2026-07-14 01:53:00-04:00,4036.300048828125,4037.39990234375,4035.89990234375,4037.199951171875,42
2026-07-14 01:54:00-04:00,4037.10009765625,4037.60009765625,4036.800048828125,4037.199951171875,50
2026-07-14 01:55:00-04:00,4037.199951171875,4037.699951171875,4036.60009765625,4037.39990234375,74
2026-07-14 01:56:00-04:00,4037.699951171875,4038.300048828125,4037.5,4037.800048828125,85
2026-07-14 01:57:00-04:00,4037.699951171875,4037.800048828125,4036.699951171875,4037.39990234375,52
2026-07-14 01:58:00-04:00,4037.39990234375,4038.5,4037.300048828125,4037.300048828125,108
2026-07-14 01:59:00-04:00,4037.199951171875,4038.199951171875,4037.0,4037.800048828125,76
2026-07-14 02:00:00-04:00,4037.699951171875,4038.300048828125,4036.5,4037.0,80
2026-07-14 02:01:00-04:00,4036.699951171875,4037.699951171875,4036.39990234375,4036.699951171875,55
2026-07-14 02:02:00-04:00,4036.300048828125,4037.60009765625,4036.300048828125,4037.0,38
2026-07-14 02:03:00-04:00,4036.89990234375,4037.10009765625,4035.60009765625,4035.699951171875,39
2026-07-14 02:04:00-04:00,4035.60009765625,4036.5,4035.39990234375,4036.10009765625,58
2026-07-14 02:05:00-04:00,4036.199951171875,4037.0,4036.0,4036.0,43
2026-07-14 02:06:00-04:00,4036.300048828125,4036.39990234375,4034.699951171875,4036.0,46
2026-07-14 02:07:00-04:00,4036.0,4037.699951171875,4035.699951171875,4037.699951171875,42
2026-07-14 02:08:00-04:00,4038.10009765625,4038.10009765625,4036.800048828125,4037.300048828125,25
2026-07-14 02:09:00-04:00,4036.800048828125,4038.39990234375,4036.800048828125,4038.39990234375,26
2026-07-14 02:10:00-04:00,4038.10009765625,4039.5,4037.60009765625,4038.699951171875,69
2026-07-14 02:11:00-04:00,4038.5,4038.800048828125,4037.699951171875,4038.10009765625,43
2026-07-14 02:12:00-04:00,4038.10009765625,4038.60009765625,4036.89990234375,4037.699951171875,117
2026-07-14 02:13:00-04:00,4037.39990234375,4038.199951171875,4037.10009765625,4037.39990234375,61
2026-07-14 02:14:00-04:00,4037.5,4037.60009765625,4036.699951171875,4037.300048828125,45
2026-07-14 02:15:00-04:00,4036.60009765625,4037.0,4036.0,4037.0,18
2026-07-14 02:16:00-04:00,4037.0,4037.300048828125,4035.89990234375,4035.89990234375,56
2026-07-14 02:17:00-04:00,4036.0,4036.699951171875,4035.699951171875,4036.699951171875,47
2026-07-14 02:18:00-04:00,4036.39990234375,4036.39990234375,4035.39990234375,4035.89990234375,29
2026-07-14 02:19:00-04:00,4036.0,4036.5,4034.39990234375,4034.800048828125,59
2026-07-14 02:20:00-04:00,4034.10009765625,4035.10009765625,4033.89990234375,4034.10009765625,99
2026-07-14 02:21:00-04:00,4034.10009765625,4034.800048828125,4033.800048828125,4034.800048828125,40
2026-07-14 02:22:00-04:00,4034.5,4034.5,4032.60009765625,4032.800048828125,65
2026-07-14 02:23:00-04:00,4032.800048828125,4033.60009765625,4032.60009765625,4033.199951171875,31
2026-07-14 02:24:00-04:00,4033.300048828125,4034.0,4032.800048828125,4033.800048828125,35
2026-07-14 02:25:00-04:00,4033.89990234375,4033.89990234375,4032.199951171875,4032.39990234375,36
2026-07-14 02:26:00-04:00,4032.5,4032.89990234375,4031.5,4031.5,38
2026-07-14 02:27:00-04:00,4031.699951171875,4032.5,4030.89990234375,4032.39990234375,100
2026-07-14 02:28:00-04:00,4032.199951171875,4032.5,4030.89990234375,4031.0,49
2026-07-14 02:29:00-04:00,4030.800048828125,4031.300048828125,4029.10009765625,4029.39990234375,123
2026-07-14 02:30:00-04:00,4029.39990234375,4031.199951171875,4029.0,4031.199951171875,97
2026-07-14 02:31:00-04:00,4030.89990234375,4031.5,4030.39990234375,4030.89990234375,56
2026-07-14 02:32:00-04:00,4030.89990234375,4032.5,4030.800048828125,4032.300048828125,25
2026-07-14 02:33:00-04:00,4032.10009765625,4032.10009765625,4031.10009765625,4031.10009765625,19
2026-07-14 02:34:00-04:00,4031.199951171875,4031.89990234375,4031.0,4031.60009765625,16
2026-07-14 02:35:00-04:00,4032.10009765625,4032.60009765625,4031.39990234375,4031.89990234375,27
2026-07-14 02:36:00-04:00,4031.699951171875,4032.300048828125,4031.39990234375,4031.39990234375,26
2026-07-14 02:37:00-04:00,4031.10009765625,4031.300048828125,4029.89990234375,4030.10009765625,65
2026-07-14 02:38:00-04:00,4030.300048828125,4031.199951171875,4029.300048828125,4029.5,67
2026-07-14 02:39:00-04:00,4029.10009765625,4030.39990234375,4029.10009765625,4030.39990234375,17
2026-07-14 02:40:00-04:00,4030.39990234375,4030.39990234375,4028.0,4028.60009765625,90
2026-07-14 02:41:00-04:00,4028.10009765625,4030.0,4028.10009765625,4030.0,43
2026-07-14 02:42:00-04:00,4029.699951171875,4030.39990234375,4029.39990234375,4029.699951171875,30
2026-07-14 02:43:00-04:00,4029.199951171875,4030.300048828125,4029.199951171875,4030.300048828125,53
2026-07-14 02:44:00-04:00,4030.39990234375,4031.89990234375,4030.300048828125,4031.5,32
2026-07-14 02:45:00-04:00,4031.89990234375,4032.300048828125,4031.39990234375,4031.800048828125,52
2026-07-14 02:46:00-04:00,4031.699951171875,4032.39990234375,4030.60009765625,4032.10009765625,73
2026-07-14 02:47:00-04:00,4032.39990234375,4032.60009765625,4030.89990234375,4032.300048828125,63
2026-07-14 02:48:00-04:00,4031.39990234375,4031.699951171875,4029.800048828125,4029.800048828125,51
2026-07-14 02:49:00-04:00,4030.10009765625,4031.60009765625,4030.10009765625,4030.800048828125,46
2026-07-14 02:50:00-04:00,4030.89990234375,4031.89990234375,4030.89990234375,4031.60009765625,17
2026-07-14 02:51:00-04:00,4032.10009765625,4033.5,4031.699951171875,4032.699951171875,50
2026-07-14 02:52:00-04:00,4032.5,4032.699951171875,4031.39990234375,4031.5,62
2026-07-14 02:53:00-04:00,4031.60009765625,4031.699951171875,4030.699951171875,4030.89990234375,23
2026-07-14 02:54:00-04:00,4030.89990234375,4030.89990234375,4029.800048828125,4030.10009765625,18
2026-07-14 02:55:00-04:00,4030.199951171875,4031.10009765625,4029.800048828125,4030.5,53
2026-07-14 02:56:00-04:00,4030.60009765625,4030.699951171875,4029.60009765625,4030.0,27
2026-07-14 02:57:00-04:00,4030.0,4030.89990234375,4029.800048828125,4030.5,40
2026-07-14 02:58:00-04:00,4030.5,4031.800048828125,4030.0,4030.199951171875,51
2026-07-14 02:59:00-04:00,4030.10009765625,4030.800048828125,4030.10009765625,4030.39990234375,10
2026-07-14 03:00:00-04:00,4030.60009765625,4030.60009765625,4027.199951171875,4027.89990234375,128
2026-07-14 03:01:00-04:00,4028.0,4029.39990234375,4027.89990234375,4028.89990234375,38
2026-07-14 03:02:00-04:00,4028.699951171875,4029.800048828125,4028.39990234375,4029.800048828125,40
2026-07-14 03:03:00-04:00,4029.89990234375,4030.699951171875,4029.199951171875,4029.199951171875,46
2026-07-14 03:04:00-04:00,4029.5,4032.199951171875,4029.39990234375,4032.0,57
2026-07-14 03:05:00-04:00,4032.199951171875,4034.699951171875,4032.199951171875,4034.300048828125,132
2026-07-14 03:06:00-04:00,4034.0,4034.5,4033.5,4034.10009765625,43
2026-07-14 03:07:00-04:00,4033.89990234375,4034.60009765625,4033.300048828125,4033.300048828125,32
2026-07-14 03:08:00-04:00,4034.10009765625,4035.199951171875,4034.0,4034.699951171875,63
2026-07-14 03:09:00-04:00,4034.60009765625,4035.10009765625,4034.0,4035.10009765625,22
2026-07-14 03:10:00-04:00,4035.199951171875,4035.199951171875,4033.5,4033.5,39
2026-07-14 03:11:00-04:00,4033.39990234375,4033.699951171875,4032.5,4032.5,97
2026-07-14 03:12:00-04:00,4032.699951171875,4034.0,4032.699951171875,4033.60009765625,18
2026-07-14 03:13:00-04:00,4033.699951171875,4034.199951171875,4031.199951171875,4031.5,143
2026-07-14 03:14:00-04:00,4031.60009765625,4032.0,4030.800048828125,4031.10009765625,29
2026-07-14 03:15:00-04:00,4031.10009765625,4033.10009765625,4031.10009765625,4032.300048828125,48
2026-07-14 03:16:00-04:00,4032.60009765625,4033.39990234375,4032.60009765625,4032.60009765625,14
2026-07-14 03:17:00-04:00,4033.10009765625,4033.39990234375,4031.89990234375,4033.39990234375,35
2026-07-14 03:18:00-04:00,4033.5,4033.800048828125,4033.39990234375,4033.39990234375,12
2026-07-14 03:19:00-04:00,4034.0,4034.300048828125,4033.10009765625,4033.10009765625,22
2026-07-14 03:20:00-04:00,4033.5,4034.199951171875,4032.60009765625,4033.800048828125,21
2026-07-14 03:21:00-04:00,4034.10009765625,4034.39990234375,4033.699951171875,4034.10009765625,16
2026-07-14 03:22:00-04:00,4033.5,4035.10009765625,4032.699951171875,4034.800048828125,24
2026-07-14 03:23:00-04:00,4034.60009765625,4035.699951171875,4034.300048828125,4035.699951171875,25
2026-07-14 03:24:00-04:00,4035.300048828125,4036.39990234375,4034.89990234375,4034.89990234375,52
2026-07-14 03:25:00-04:00,4035.199951171875,4036.0,4034.39990234375,4034.39990234375,17
2026-07-14 03:26:00-04:00,4034.300048828125,4035.0,4034.10009765625,4034.5,45
2026-07-14 03:27:00-04:00,4034.10009765625,4035.199951171875,4033.5,4034.699951171875,57
2026-07-14 03:28:00-04:00,4034.60009765625,4035.199951171875,4034.300048828125,4035.199951171875,66
2026-07-14 03:29:00-04:00,4034.89990234375,4035.60009765625,4032.60009765625,4033.10009765625,61
2026-07-14 03:30:00-04:00,4033.10009765625,4033.10009765625,4031.300048828125,4031.60009765625,46
2026-07-14 03:31:00-04:00,4032.0,4032.699951171875,4031.60009765625,4032.0,60
2026-07-14 03:32:00-04:00,4032.0,4032.0,4030.300048828125,4030.300048828125,52
2026-07-14 03:33:00-04:00,4030.39990234375,4031.300048828125,4029.39990234375,4031.300048828125,52
2026-07-14 03:34:00-04:00,4031.10009765625,4032.5,4031.0,4032.39990234375,31
2026-07-14 03:35:00-04:00,4032.39990234375,4032.39990234375,4031.60009765625,4031.60009765625,29
2026-07-14 03:36:00-04:00,4031.89990234375,4033.39990234375,4031.89990234375,4033.39990234375,14
2026-07-14 03:37:00-04:00,4033.0,4033.300048828125,4031.800048828125,4033.300048828125,36
2026-07-14 03:38:00-04:00,4033.199951171875,4036.10009765625,4033.199951171875,4035.5,90
2026-07-14 03:39:00-04:00,4035.800048828125,4035.800048828125,4033.0,4033.0,61
2026-07-14 03:40:00-04:00,4033.199951171875,4033.199951171875,4032.300048828125,4032.39990234375,27
2026-07-14 03:41:00-04:00,4032.0,4032.300048828125,4031.10009765625,4031.5,19
2026-07-14 03:42:00-04:00,4031.39990234375,4032.0,4030.0,4030.300048828125,38
2026-07-14 03:43:00-04:00,4030.5,4030.60009765625,4029.5,4029.89990234375,41
2026-07-14 03:44:00-04:00,4030.39990234375,4030.89990234375,4029.89990234375,4029.89990234375,37
2026-07-14 03:45:00-04:00,4030.10009765625,4030.5,4029.699951171875,4029.699951171875,31
2026-07-14 03:46:00-04:00,4029.60009765625,4029.60009765625,4028.800048828125,4029.0,51
2026-07-14 03:47:00-04:00,4029.199951171875,4030.699951171875,4028.89990234375,4029.699951171875,59
2026-07-14 03:48:00-04:00,4030.0,4030.0,4028.800048828125,4029.199951171875,27
2026-07-14 03:49:00-04:00,4029.39990234375,4029.89990234375,4028.60009765625,4029.699951171875,26
2026-07-14 03:50:00-04:00,4030.10009765625,4030.39990234375,4029.39990234375,4030.10009765625,20
2026-07-14 03:51:00-04:00,4030.10009765625,4030.300048828125,4029.300048828125,4029.800048828125,43
2026-07-14 03:52:00-04:00,4029.39990234375,4030.60009765625,4028.300048828125,4030.60009765625,65
2026-07-14 03:53:00-04:00,4030.800048828125,4032.300048828125,4030.300048828125,4031.699951171875,71
2026-07-14 03:54:00-04:00,4031.699951171875,4033.0,4031.60009765625,4031.89990234375,17
2026-07-14 03:55:00-04:00,4031.699951171875,4032.39990234375,4029.89990234375,4030.300048828125,31
2026-07-14 03:56:00-04:00,4030.0,4030.10009765625,4027.89990234375,4029.10009765625,81
2026-07-14 03:57:00-04:00,4028.89990234375,4029.10009765625,4028.0,4028.0,12
2026-07-14 03:58:00-04:00,4028.0,4028.39990234375,4026.800048828125,4027.0,68
2026-07-14 03:59:00-04:00,4026.89990234375,4027.5,4026.5,4027.300048828125,82
2026-07-14 04:00:00-04:00,4027.300048828125,4028.0,4026.39990234375,4027.300048828125,111
2026-07-14 04:01:00-04:00,4027.300048828125,4028.89990234375,4026.5,4028.300048828125,107
2026-07-14 04:02:00-04:00,4028.199951171875,4029.10009765625,4025.800048828125,4026.300048828125,81
2026-07-14 04:03:00-04:00,4026.10009765625,4026.5,4023.5,4024.60009765625,89
2026-07-14 04:04:00-04:00,4025.0,4025.60009765625,4024.5,4025.39990234375,63
2026-07-14 04:05:00-04:00,4025.5,4026.5,4025.300048828125,4025.39990234375,54
2026-07-14 04:06:00-04:00,4025.699951171875,4026.300048828125,4024.300048828125,4024.5,57
2026-07-14 04:07:00-04:00,4024.60009765625,4025.60009765625,4024.199951171875,4024.800048828125,109
2026-07-14 04:08:00-04:00,4024.800048828125,4026.5,4023.699951171875,4024.199951171875,134
2026-07-14 04:09:00-04:00,4024.39990234375,4024.39990234375,4020.800048828125,4022.699951171875,401
2026-07-14 04:10:00-04:00,4022.800048828125,4024.300048828125,4022.800048828125,4024.300048828125,64
2026-07-14 04:11:00-04:00,4024.199951171875,4024.199951171875,4023.0,4023.199951171875,23
2026-07-14 04:12:00-04:00,4023.10009765625,4023.800048828125,4022.800048828125,4023.800048828125,17
2026-07-14 04:13:00-04:00,4024.0,4024.60009765625,4023.800048828125,4024.60009765625,16
2026-07-14 04:14:00-04:00,4024.300048828125,4024.5,4022.89990234375,4023.800048828125,61
2026-07-14 04:15:00-04:00,4024.300048828125,4025.5,4024.0,4025.0,50
2026-07-14 04:16:00-04:00,4025.39990234375,4027.0,4025.39990234375,4027.0,130
2026-07-14 04:17:00-04:00,4027.199951171875,4027.39990234375,4026.699951171875,4027.0,47
2026-07-14 04:18:00-04:00,4027.0,4027.300048828125,4025.60009765625,4026.5,37
2026-07-14 04:19:00-04:00,4026.199951171875,4026.199951171875,4024.60009765625,4025.89990234375,87
2026-07-14 04:20:00-04:00,4025.60009765625,4026.800048828125,4024.89990234375,4026.300048828125,72
2026-07-14 04:21:00-04:00,4026.5,4026.800048828125,4025.800048828125,4026.699951171875,67
2026-07-14 04:22:00-04:00,4026.300048828125,4027.39990234375,4026.300048828125,4027.10009765625,71
2026-07-14 04:23:00-04:00,4026.699951171875,4027.300048828125,4026.60009765625,4026.89990234375,13
2026-07-14 04:24:00-04:00,4027.10009765625,4027.5,4025.800048828125,4025.89990234375,69
2026-07-14 04:25:00-04:00,4026.300048828125,4027.800048828125,4025.89990234375,4027.300048828125,34
2026-07-14 04:26:00-04:00,4028.0,4029.39990234375,4028.0,4029.199951171875,95
2026-07-14 04:27:00-04:00,4028.800048828125,4029.60009765625,4028.0,4029.300048828125,48
2026-07-14 04:28:00-04:00,4029.10009765625,4030.10009765625,4029.0,4029.5,28
2026-07-14 04:29:00-04:00,4029.199951171875,4029.800048828125,4028.0,4028.5,170
2026-07-14 04:30:00-04:00,4028.300048828125,4031.10009765625,4027.0,4031.10009765625,96
2026-07-14 04:31:00-04:00,4030.39990234375,4030.39990234375,4028.699951171875,4029.0,32
2026-07-14 04:32:00-04:00,4028.60009765625,4029.60009765625,4027.39990234375,4027.39990234375,24
2026-07-14 04:33:00-04:00,4027.39990234375,4027.39990234375,4025.39990234375,4025.800048828125,36
2026-07-14 04:34:00-04:00,4026.199951171875,4026.699951171875,4025.89990234375,4026.60009765625,33
2026-07-14 04:35:00-04:00,4026.39990234375,4026.699951171875,4025.60009765625,4026.199951171875,11
2026-07-14 04:36:00-04:00,4026.699951171875,4027.5,4026.39990234375,4026.699951171875,20
2026-07-14 04:37:00-04:00,4026.10009765625,4026.39990234375,4025.5,4026.39990234375,22
2026-07-14 04:38:00-04:00,4026.5,4027.0,4026.39990234375,4027.0,11
2026-07-14 04:39:00-04:00,4026.39990234375,4026.39990234375,4025.39990234375,4025.800048828125,45
2026-07-14 04:40:00-04:00,4025.5,4029.0,4025.300048828125,4027.39990234375,266
2026-07-14 04:41:00-04:00,4028.0,4029.199951171875,4027.5,4027.800048828125,44
2026-07-14 04:42:00-04:00,4027.5,4027.800048828125,4026.800048828125,4026.800048828125,57
2026-07-14 04:43:00-04:00,4027.300048828125,4027.300048828125,4026.0,4026.39990234375,115
2026-07-14 04:44:00-04:00,4026.60009765625,4027.0,4025.89990234375,4025.89990234375,33
2026-07-14 04:45:00-04:00,4026.199951171875,4027.300048828125,4025.89990234375,4027.199951171875,80
2026-07-14 04:46:00-04:00,4027.10009765625,4027.60009765625,4025.89990234375,4026.0,28
2026-07-14 04:47:00-04:00,4026.39990234375,4027.199951171875,4026.199951171875,4027.199951171875,44
2026-07-14 04:48:00-04:00,4026.699951171875,4026.699951171875,4025.10009765625,4025.5,41
2026-07-14 04:49:00-04:00,4025.5,4025.89990234375,4025.39990234375,4025.89990234375,16
2026-07-14 04:50:00-04:00,4026.10009765625,4027.10009765625,4025.699951171875,4025.699951171875,38
2026-07-14 04:51:00-04:00,4025.699951171875,4025.800048828125,4024.199951171875,4024.39990234375,65
2026-07-14 04:52:00-04:00,4024.300048828125,4025.300048828125,4024.0,4025.0,32
2026-07-14 04:53:00-04:00,4025.300048828125,4025.699951171875,4024.89990234375,4025.39990234375,16
2026-07-14 04:54:00-04:00,4025.699951171875,4027.199951171875,4025.199951171875,4026.10009765625,28
2026-07-14 04:55:00-04:00,4026.199951171875,4026.60009765625,4025.199951171875,4025.199951171875,32
2026-07-14 04:56:00-04:00,4024.800048828125,4024.800048828125,4024.10009765625,4024.39990234375,20
2026-07-14 04:57:00-04:00,4024.199951171875,4024.60009765625,4022.800048828125,4022.800048828125,25
2026-07-14 04:58:00-04:00,4023.10009765625,4023.60009765625,4022.60009765625,4022.89990234375,66
2026-07-14 04:59:00-04:00,4023.0,4023.89990234375,4022.39990234375,4022.60009765625,80
2026-07-14 05:00:00-04:00,4022.39990234375,4023.0,4020.39990234375,4023.0,77
2026-07-14 05:01:00-04:00,4023.0,4024.199951171875,4022.699951171875,4023.89990234375,42
2026-07-14 05:02:00-04:00,4023.800048828125,4025.0,4023.199951171875,4025.0,45
2026-07-14 05:03:00-04:00,4024.800048828125,4025.300048828125,4024.300048828125,4024.300048828125,67
2026-07-14 05:04:00-04:00,4024.60009765625,4027.0,4024.199951171875,4026.39990234375,72
2026-07-14 05:05:00-04:00,4026.89990234375,4026.89990234375,4025.89990234375,4026.89990234375,42
2026-07-14 05:06:00-04:00,4026.89990234375,4027.10009765625,4025.0,4025.5,85
2026-07-14 05:07:00-04:00,4025.39990234375,4026.800048828125,4025.39990234375,4026.800048828125,30
2026-07-14 05:08:00-04:00,4026.89990234375,4028.39990234375,4026.699951171875,4028.39990234375,35
2026-07-14 05:09:00-04:00,4028.5,4028.89990234375,4027.699951171875,4027.89990234375,33
2026-07-14 05:10:00-04:00,4028.0,4028.39990234375,4027.300048828125,4028.39990234375,43
2026-07-14 05:11:00-04:00,4028.699951171875,4031.199951171875,4028.699951171875,4030.10009765625,68
2026-07-14 05:12:00-04:00,4030.199951171875,4030.800048828125,4028.60009765625,4029.10009765625,44
2026-07-14 05:13:00-04:00,4028.699951171875,4028.699951171875,4026.60009765625,4027.10009765625,66
2026-07-14 05:14:00-04:00,4027.199951171875,4027.699951171875,4026.5,4027.699951171875,29
2026-07-14 05:15:00-04:00,4027.60009765625,4027.60009765625,4025.39990234375,4025.89990234375,36
2026-07-14 05:16:00-04:00,4026.0,4026.5,4025.60009765625,4025.699951171875,29
2026-07-14 05:17:00-04:00,4025.5,4026.800048828125,4025.0,4026.0,106
2026-07-14 05:18:00-04:00,4025.699951171875,4026.10009765625,4024.89990234375,4025.5,31
2026-07-14 05:19:00-04:00,4025.800048828125,4027.300048828125,4025.800048828125,4026.89990234375,38
2026-07-14 05:20:00-04:00,4026.89990234375,4028.10009765625,4026.89990234375,4027.699951171875,34
2026-07-14 05:21:00-04:00,4027.60009765625,4027.800048828125,4026.300048828125,4026.800048828125,23
2026-07-14 05:22:00-04:00,4026.39990234375,4027.39990234375,4026.300048828125,4026.39990234375,33
2026-07-14 05:23:00-04:00,4026.39990234375,4028.5,4025.39990234375,4025.5,136
2026-07-14 05:24:00-04:00,4025.39990234375,4025.60009765625,4023.800048828125,4025.0,89
2026-07-14 05:25:00-04:00,4025.10009765625,4025.10009765625,4024.5,4024.699951171875,13
2026-07-14 05:26:00-04:00,4024.699951171875,4025.699951171875,4024.199951171875,4024.199951171875,34
2026-07-14 05:27:00-04:00,4024.5,4025.39990234375,4024.199951171875,4024.699951171875,22
2026-07-14 05:28:00-04:00,4024.60009765625,4025.39990234375,4023.800048828125,4023.89990234375,45
2026-07-14 05:29:00-04:00,4023.800048828125,4024.10009765625,4021.5,4022.39990234375,89
2026-07-14 05:30:00-04:00,4022.199951171875,4024.0,4021.0,4021.199951171875,114
2026-07-14 05:31:00-04:00,4021.300048828125,4022.89990234375,4021.0,4022.89990234375,108
2026-07-14 05:32:00-04:00,4022.39990234375,4023.60009765625,4022.0,4022.39990234375,57
2026-07-14 05:33:00-04:00,4022.39990234375,4022.800048828125,4020.699951171875,4021.699951171875,56
2026-07-14 05:34:00-04:00,4021.800048828125,4021.800048828125,4020.10009765625,4020.89990234375,113
2026-07-14 05:35:00-04:00,4020.5,4022.5,4020.39990234375,4022.0,71
2026-07-14 05:36:00-04:00,4022.300048828125,4023.199951171875,4021.39990234375,4021.39990234375,62
2026-07-14 05:37:00-04:00,4021.5,4022.5,4021.5,4022.39990234375,26
2026-07-14 05:38:00-04:00,4022.5,4022.60009765625,4021.699951171875,4021.699951171875,25
2026-07-14 05:39:00-04:00,4021.60009765625,4023.0,4021.60009765625,4022.800048828125,39
2026-07-14 05:40:00-04:00,4022.699951171875,4024.10009765625,4022.699951171875,4024.10009765625,87
2026-07-14 05:41:00-04:00,4024.0,4024.5,4022.89990234375,4023.39990234375,76
2026-07-14 05:42:00-04:00,4023.800048828125,4024.199951171875,4023.0,4024.0,34
2026-07-14 05:43:00-04:00,4024.199951171875,4024.89990234375,4023.0,4024.0,65
2026-07-14 05:44:00-04:00,4023.89990234375,4024.300048828125,4023.800048828125,4024.300048828125,30
2026-07-14 05:45:00-04:00,4023.699951171875,4025.10009765625,4023.300048828125,4025.0,84
2026-07-14 05:46:00-04:00,4025.10009765625,4026.199951171875,4025.0,4025.800048828125,56
2026-07-14 05:47:00-04:00,4025.800048828125,4026.800048828125,4025.199951171875,4026.800048828125,35
2026-07-14 05:48:00-04:00,4027.10009765625,4028.800048828125,4027.0,4028.300048828125,152
2026-07-14 05:49:00-04:00,4028.300048828125,4030.89990234375,4027.39990234375,4029.89990234375,107
2026-07-14 05:50:00-04:00,4030.199951171875,4030.199951171875,4028.5,4029.89990234375,86
2026-07-14 05:51:00-04:00,4029.800048828125,4030.800048828125,4028.800048828125,4029.60009765625,74
2026-07-14 05:52:00-04:00,4029.5,4030.0,4028.199951171875,4028.199951171875,72
2026-07-14 05:53:00-04:00,4028.5,4029.300048828125,4028.0,4028.10009765625,75
2026-07-14 05:54:00-04:00,4028.0,4029.10009765625,4027.5,4027.800048828125,120
2026-07-14 05:55:00-04:00,4028.10009765625,4028.39990234375,4027.199951171875,4027.199951171875,52
2026-07-14 05:56:00-04:00,4027.60009765625,4027.60009765625,4026.300048828125,4026.800048828125,76
2026-07-14 05:57:00-04:00,4026.89990234375,4028.199951171875,4026.89990234375,4028.10009765625,45
2026-07-14 05:58:00-04:00,4027.89990234375,4028.699951171875,4027.89990234375,4028.5,30
2026-07-14 05:59:00-04:00,4028.0,4028.800048828125,4028.0,4028.699951171875,47
2026-07-14 06:00:00-04:00,4028.60009765625,4029.5,4027.39990234375,4029.10009765625,50
2026-07-14 06:01:00-04:00,4028.5,4028.5,4027.10009765625,4027.800048828125,82
2026-07-14 06:02:00-04:00,4028.0,4028.0,4025.800048828125,4026.199951171875,111
2026-07-14 06:03:00-04:00,4026.199951171875,4026.199951171875,4025.10009765625,4026.0,107
2026-07-14 06:04:00-04:00,4025.89990234375,4026.800048828125,4025.89990234375,4026.60009765625,13
2026-07-14 06:05:00-04:00,4026.39990234375,4027.10009765625,4025.199951171875,4025.300048828125,48
2026-07-14 06:06:00-04:00,4025.199951171875,4025.699951171875,4024.60009765625,4025.300048828125,27
2026-07-14 06:07:00-04:00,4025.60009765625,4026.5,4025.39990234375,4026.10009765625,51
2026-07-14 06:08:00-04:00,4025.699951171875,4025.699951171875,4024.89990234375,4025.300048828125,70
2026-07-14 06:09:00-04:00,4025.300048828125,4025.39990234375,4024.5,4025.10009765625,34
2026-07-14 06:10:00-04:00,4025.10009765625,4026.39990234375,4025.10009765625,4026.300048828125,22
2026-07-14 06:11:00-04:00,4026.199951171875,4026.199951171875,4025.89990234375,4025.89990234375,14
2026-07-14 06:12:00-04:00,4026.0,4026.199951171875,4024.699951171875,4025.0,20
2026-07-14 06:13:00-04:00,4024.60009765625,4025.199951171875,4023.699951171875,4025.199951171875,45
2026-07-14 06:14:00-04:00,4025.300048828125,4025.300048828125,4024.60009765625,4025.0,19
2026-07-14 06:15:00-04:00,4025.10009765625,4025.5,4024.10009765625,4025.5,43
2026-07-14 06:16:00-04:00,4025.300048828125,4026.199951171875,4024.60009765625,4025.300048828125,62
2026-07-14 06:17:00-04:00,4025.39990234375,4025.800048828125,4024.5,4025.699951171875,31
2026-07-14 06:18:00-04:00,4025.800048828125,4026.699951171875,4025.0,4026.0,35
2026-07-14 06:19:00-04:00,4026.300048828125,4027.10009765625,4025.800048828125,4025.89990234375,44
2026-07-14 06:20:00-04:00,4025.699951171875,4025.89990234375,4025.39990234375,4025.39990234375,9
2026-07-14 06:21:00-04:00,4024.800048828125,4025.89990234375,4024.199951171875,4024.39990234375,42
2026-07-14 06:22:00-04:00,4024.199951171875,4024.5,4024.0,4024.0,21
2026-07-14 06:23:00-04:00,4023.60009765625,4024.699951171875,4023.39990234375,4024.5,16
2026-07-14 06:24:00-04:00,4024.39990234375,4025.0,4023.800048828125,4024.89990234375,24
2026-07-14 06:25:00-04:00,4024.39990234375,4024.39990234375,4022.60009765625,4023.10009765625,46
2026-07-14 06:26:00-04:00,4022.699951171875,4023.199951171875,4022.199951171875,4022.699951171875,56
2026-07-14 06:27:00-04:00,4022.89990234375,4024.0,4022.89990234375,4023.800048828125,34
2026-07-14 06:28:00-04:00,4023.89990234375,4023.89990234375,4023.10009765625,4023.39990234375,27
2026-07-14 06:29:00-04:00,4023.60009765625,4025.10009765625,4023.60009765625,4025.10009765625,40
2026-07-14 06:30:00-04:00,4024.800048828125,4025.800048828125,4024.39990234375,4025.300048828125,46
2026-07-14 06:31:00-04:00,4025.0,4026.0,4022.10009765625,4022.300048828125,54
2026-07-14 06:32:00-04:00,4022.39990234375,4023.10009765625,4022.0,4022.800048828125,40
2026-07-14 06:33:00-04:00,4022.89990234375,4024.699951171875,4022.89990234375,4024.39990234375,45
2026-07-14 06:34:00-04:00,4023.699951171875,4023.699951171875,4022.699951171875,4022.699951171875,13
2026-07-14 06:35:00-04:00,4022.699951171875,4023.699951171875,4021.89990234375,4023.699951171875,16
2026-07-14 06:36:00-04:00,4023.5,4024.5,4023.199951171875,4024.39990234375,21
2026-07-14 06:37:00-04:00,4024.89990234375,4026.199951171875,4024.199951171875,4025.699951171875,58
2026-07-14 06:38:00-04:00,4025.39990234375,4025.699951171875,4024.0,4024.5,14
2026-07-14 06:39:00-04:00,4024.39990234375,4025.699951171875,4024.39990234375,4025.60009765625,34
2026-07-14 06:40:00-04:00,4025.800048828125,4026.699951171875,4025.800048828125,4026.300048828125,35
2026-07-14 06:41:00-04:00,4025.800048828125,4026.300048828125,4025.800048828125,4025.89990234375,19
2026-07-14 06:42:00-04:00,4025.5,4025.699951171875,4025.199951171875,4025.5,16
2026-07-14 06:43:00-04:00,4025.39990234375,4025.39990234375,4025.0,4025.0,8
2026-07-14 06:44:00-04:00,4024.800048828125,4026.60009765625,4024.800048828125,4025.89990234375,22
2026-07-14 06:45:00-04:00,4025.5,4026.60009765625,4024.699951171875,4026.10009765625,44
2026-07-14 06:46:00-04:00,4025.89990234375,4026.39990234375,4025.60009765625,4026.39990234375,19
2026-07-14 06:47:00-04:00,4026.800048828125,4027.5,4026.60009765625,4027.39990234375,120
2026-07-14 06:48:00-04:00,4027.699951171875,4028.39990234375,4027.39990234375,4028.199951171875,41
2026-07-14 06:49:00-04:00,4028.300048828125,4028.800048828125,4028.0,4028.300048828125,25
2026-07-14 06:50:00-04:00,4028.39990234375,4028.39990234375,4027.60009765625,4027.89990234375,8
2026-07-14 06:51:00-04:00,4027.699951171875,4027.699951171875,4026.60009765625,4027.199951171875,18
2026-07-14 06:52:00-04:00,4027.10009765625,4027.39990234375,4025.800048828125,4026.0,70
2026-07-14 06:53:00-04:00,4025.800048828125,4026.89990234375,4025.800048828125,4026.699951171875,12
2026-07-14 06:54:00-04:00,4026.800048828125,4027.300048828125,4026.699951171875,4026.699951171875,7
2026-07-14 06:55:00-04:00,4026.699951171875,4026.800048828125,4026.300048828125,4026.39990234375,21
2026-07-14 06:56:00-04:00,4026.699951171875,4026.800048828125,4026.300048828125,4026.39990234375,28
2026-07-14 06:57:00-04:00,4026.89990234375,4027.60009765625,4026.89990234375,4027.60009765625,16
2026-07-14 06:58:00-04:00,4027.39990234375,4028.800048828125,4027.300048828125,4028.60009765625,11
2026-07-14 06:59:00-04:00,4028.699951171875,4029.60009765625,4028.199951171875,4028.199951171875,97
2026-07-14 07:00:00-04:00,4028.199951171875,4029.300048828125,4026.300048828125,4026.60009765625,46
2026-07-14 07:01:00-04:00,4026.89990234375,4027.60009765625,4026.199951171875,4027.300048828125,57
2026-07-14 07:02:00-04:00,4027.699951171875,4027.699951171875,4026.5,4027.60009765625,31
2026-07-14 07:03:00-04:00,4027.300048828125,4028.0,4026.89990234375,4027.89990234375,10
2026-07-14 07:04:00-04:00,4027.699951171875,4027.699951171875,4026.5,4026.89990234375,32
2026-07-14 07:05:00-04:00,4027.39990234375,4027.39990234375,4026.60009765625,4027.39990234375,20
2026-07-14 07:06:00-04:00,4027.10009765625,4028.10009765625,4026.800048828125,4027.300048828125,23
2026-07-14 07:07:00-04:00,4027.10009765625,4027.39990234375,4025.0,4025.699951171875,23
2026-07-14 07:08:00-04:00,4026.199951171875,4026.199951171875,4023.0,4023.0,76
2026-07-14 07:09:00-04:00,4022.89990234375,4023.39990234375,4022.10009765625,4023.0,92
2026-07-14 07:10:00-04:00,4023.199951171875,4025.5,4023.10009765625,4025.10009765625,54
2026-07-14 07:11:00-04:00,4024.800048828125,4026.0,4024.39990234375,4024.5,51
2026-07-14 07:12:00-04:00,4024.800048828125,4027.0,4024.10009765625,4027.0,59
2026-07-14 07:13:00-04:00,4026.89990234375,4027.89990234375,4026.5,4027.89990234375,149
2026-07-14 07:14:00-04:00,4027.800048828125,4030.699951171875,4027.10009765625,4030.10009765625,124
2026-07-14 07:15:00-04:00,4029.39990234375,4029.60009765625,4028.39990234375,4028.89990234375,64
2026-07-14 07:16:00-04:00,4028.699951171875,4029.39990234375,4028.0,4028.10009765625,30
2026-07-14 07:17:00-04:00,4028.5,4029.10009765625,4027.5,4029.0,52
2026-07-14 07:18:00-04:00,4029.0,4030.0,4029.0,4029.39990234375,52
2026-07-14 07:19:00-04:00,4029.60009765625,4030.89990234375,4029.39990234375,4029.699951171875,57
2026-07-14 07:20:00-04:00,4029.39990234375,4032.800048828125,4029.39990234375,4031.199951171875,245
2026-07-14 07:21:00-04:00,4031.699951171875,4032.39990234375,4029.60009765625,4029.60009765625,64
2026-07-14 07:22:00-04:00,4030.300048828125,4031.39990234375,4029.89990234375,4030.89990234375,32
2026-07-14 07:23:00-04:00,4030.60009765625,4032.300048828125,4030.5,4032.300048828125,69
2026-07-14 07:24:00-04:00,4032.39990234375,4035.300048828125,4032.10009765625,4035.10009765625,408
2026-07-14 07:25:00-04:00,4035.10009765625,4035.300048828125,4032.89990234375,4035.199951171875,137
2026-07-14 07:26:00-04:00,4035.0,4035.0,4033.199951171875,4033.39990234375,39
2026-07-14 07:27:00-04:00,4033.60009765625,4033.60009765625,4032.800048828125,4033.300048828125,68
2026-07-14 07:28:00-04:00,4033.199951171875,4033.199951171875,4031.89990234375,4032.10009765625,15
2026-07-14 07:29:00-04:00,4032.39990234375,4032.60009765625,4032.199951171875,4032.300048828125,12
2026-07-14 07:30:00-04:00,4032.0,4033.5,4031.60009765625,4032.60009765625,93
2026-07-14 07:31:00-04:00,4032.39990234375,4033.800048828125,4032.10009765625,4033.800048828125,165
2026-07-14 07:32:00-04:00,4034.0,4035.39990234375,4033.39990234375,4035.39990234375,54
2026-07-14 07:33:00-04:00,4035.60009765625,4036.300048828125,4034.39990234375,4035.199951171875,137
2026-07-14 07:34:00-04:00,4035.10009765625,4035.699951171875,4034.800048828125,4034.89990234375,54
2026-07-14 07:35:00-04:00,4035.10009765625,4037.699951171875,4035.10009765625,4037.199951171875,63
2026-07-14 07:36:00-04:00,4037.10009765625,4037.10009765625,4035.60009765625,4036.800048828125,48
2026-07-14 07:37:00-04:00,4036.89990234375,4036.89990234375,4034.800048828125,4035.300048828125,30
2026-07-14 07:38:00-04:00,4035.60009765625,4035.89990234375,4034.39990234375,4035.39990234375,44
2026-07-14 07:39:00-04:00,4035.60009765625,4036.0,4034.89990234375,4035.800048828125,43
2026-07-14 07:40:00-04:00,4035.699951171875,4035.800048828125,4034.89990234375,4034.89990234375,54
2026-07-14 07:41:00-04:00,4034.800048828125,4036.5,4034.699951171875,4035.89990234375,71
2026-07-14 07:42:00-04:00,4036.10009765625,4036.89990234375,4035.699951171875,4036.699951171875,41
2026-07-14 07:43:00-04:00,4037.0,4037.10009765625,4035.89990234375,4036.60009765625,51
2026-07-14 07:44:00-04:00,4036.300048828125,4036.300048828125,4034.199951171875,4035.199951171875,32
2026-07-14 07:45:00-04:00,4035.199951171875,4035.199951171875,4033.39990234375,4033.39990234375,75
2026-07-14 07:46:00-04:00,4033.0,4034.0,4032.89990234375,4034.0,57
2026-07-14 07:47:00-04:00,4033.89990234375,4035.300048828125,4033.699951171875,4035.199951171875,27
2026-07-14 07:48:00-04:00,4035.10009765625,4037.800048828125,4034.199951171875,4036.60009765625,106
2026-07-14 07:49:00-04:00,4036.699951171875,4036.699951171875,4035.5,4035.89990234375,28
2026-07-14 07:50:00-04:00,4035.39990234375,4035.39990234375,4034.10009765625,4034.39990234375,16
2026-07-14 07:51:00-04:00,4034.0,4034.699951171875,4033.89990234375,4034.199951171875,10
2026-07-14 07:52:00-04:00,4034.5,4035.800048828125,4033.60009765625,4035.300048828125,38
2026-07-14 07:53:00-04:00,4035.0,4036.60009765625,4035.0,4036.300048828125,44
2026-07-14 07:54:00-04:00,4036.60009765625,4036.699951171875,4035.800048828125,4036.10009765625,32
2026-07-14 07:55:00-04:00,4037.0,4037.199951171875,4035.60009765625,4037.10009765625,59
2026-07-14 07:56:00-04:00,4037.10009765625,4039.0,4037.10009765625,4038.10009765625,64
2026-07-14 07:57:00-04:00,4037.699951171875,4038.0,4036.89990234375,4037.5,42
2026-07-14 07:58:00-04:00,4037.699951171875,4038.5,4037.699951171875,4038.39990234375,43
2026-07-14 07:59:00-04:00,4038.39990234375,4039.0,4038.10009765625,4038.10009765625,18
2026-07-14 08:00:00-04:00,4038.5,4038.699951171875,4037.199951171875,4037.60009765625,62
2026-07-14 08:01:00-04:00,4037.5,4039.10009765625,4036.60009765625,4038.300048828125,111
2026-07-14 08:02:00-04:00,4038.199951171875,4040.0,4037.300048828125,4039.39990234375,212
2026-07-14 08:03:00-04:00,4039.39990234375,4042.89990234375,4039.300048828125,4041.199951171875,508
2026-07-14 08:04:00-04:00,4041.10009765625,4041.10009765625,4035.800048828125,4036.60009765625,250
2026-07-14 08:05:00-04:00,4036.60009765625,4036.800048828125,4034.699951171875,4036.0,159
2026-07-14 08:06:00-04:00,4035.699951171875,4037.699951171875,4035.10009765625,4035.10009765625,130
2026-07-14 08:07:00-04:00,4035.300048828125,4036.10009765625,4033.800048828125,4034.10009765625,252
2026-07-14 08:08:00-04:00,4034.10009765625,4034.199951171875,4032.199951171875,4032.5,86
2026-07-14 08:09:00-04:00,4032.199951171875,4033.199951171875,4031.89990234375,4032.5,58
2026-07-14 08:10:00-04:00,4033.0,4034.5,4032.800048828125,4034.199951171875,55
2026-07-14 08:11:00-04:00,4034.39990234375,4035.0,4032.39990234375,4033.60009765625,44
2026-07-14 08:12:00-04:00,4033.5,4034.39990234375,4033.0,4034.39990234375,33
2026-07-14 08:13:00-04:00,4034.5,4035.0,4033.300048828125,4034.10009765625,42
2026-07-14 08:14:00-04:00,4033.89990234375,4034.0,4031.699951171875,4032.39990234375,110
2026-07-14 08:15:00-04:00,4032.60009765625,4033.199951171875,4031.5,4032.699951171875,29
2026-07-14 08:16:00-04:00,4032.5,4033.89990234375,4031.800048828125,4033.800048828125,33
2026-07-14 08:17:00-04:00,4034.39990234375,4035.5,4034.199951171875,4034.800048828125,66
2026-07-14 08:18:00-04:00,4033.5,4034.199951171875,4032.5,4033.699951171875,45
2026-07-14 08:19:00-04:00,4033.699951171875,4034.199951171875,4033.39990234375,4033.89990234375,18
2026-07-14 08:20:00-04:00,4033.699951171875,4034.699951171875,4029.800048828125,4030.60009765625,192
2026-07-14 08:21:00-04:00,4030.39990234375,4033.60009765625,4030.300048828125,4033.199951171875,112
2026-07-14 08:22:00-04:00,4033.10009765625,4033.60009765625,4031.800048828125,4031.800048828125,53
2026-07-14 08:23:00-04:00,4031.5,4032.699951171875,4031.199951171875,4031.300048828125,78
2026-07-14 08:24:00-04:00,4031.699951171875,4035.39990234375,4031.300048828125,4035.39990234375,86
2026-07-14 08:25:00-04:00,4035.10009765625,4036.699951171875,4033.800048828125,4035.0,137
2026-07-14 08:26:00-04:00,4035.0,4035.0,4033.300048828125,4034.39990234375,155
2026-07-14 08:27:00-04:00,4034.39990234375,4036.0,4033.89990234375,4035.39990234375,230
2026-07-14 08:28:00-04:00,4034.89990234375,4037.5,4034.89990234375,4037.0,225
2026-07-14 08:29:00-04:00,4036.89990234375,4037.60009765625,4031.300048828125,4036.0,205
2026-07-14 08:30:00-04:00,4036.10009765625,4098.39990234375,4036.0,4096.2998046875,6085
2026-07-14 08:31:00-04:00,4096.39990234375,4104.7001953125,4094.800048828125,4101.0,3719
2026-07-14 08:32:00-04:00,4100.89990234375,4110.7001953125,4099.10009765625,4102.2998046875,2460
2026-07-14 08:33:00-04:00,4101.89990234375,4112.5,4101.2001953125,4104.5,1611
2026-07-14 08:34:00-04:00,4104.2001953125,4108.89990234375,4103.0,4104.2001953125,1156
2026-07-14 08:35:00-04:00,4104.0,4108.89990234375,4101.2001953125,4101.2001953125,977
2026-07-14 08:36:00-04:00,4101.5,4102.10009765625,4094.39990234375,4096.7001953125,1097
2026-07-14 08:37:00-04:00,4096.60009765625,4096.7998046875,4089.89990234375,4092.39990234375,873
2026-07-14 08:38:00-04:00,4092.60009765625,4096.0,4089.89990234375,4095.39990234375,652
2026-07-14 08:39:00-04:00,4094.699951171875,4097.2001953125,4092.10009765625,4095.199951171875,487
2026-07-14 08:40:00-04:00,4095.60009765625,4099.2001953125,4092.199951171875,4096.2001953125,586
2026-07-14 08:41:00-04:00,4096.39990234375,4100.0,4093.0,4099.10009765625,642
2026-07-14 08:42:00-04:00,4099.10009765625,4100.60009765625,4095.60009765625,4100.39990234375,354
2026-07-14 08:43:00-04:00,4100.60009765625,4102.7001953125,4095.699951171875,4097.7998046875,744
2026-07-14 08:44:00-04:00,4097.7001953125,4101.39990234375,4096.60009765625,4101.10009765625,359
2026-07-14 08:45:00-04:00,4101.2998046875,4103.2998046875,4096.7998046875,4101.89990234375,720
2026-07-14 08:46:00-04:00,4101.7998046875,4101.7998046875,4094.199951171875,4094.39990234375,440
2026-07-14 08:47:00-04:00,4094.800048828125,4094.89990234375,4090.10009765625,4090.199951171875,471
2026-07-14 08:48:00-04:00,4090.5,4093.89990234375,4090.199951171875,4092.10009765625,222
2026-07-14 08:49:00-04:00,4091.300048828125,4094.5,4091.0,4092.89990234375,342
2026-07-14 08:50:00-04:00,4092.60009765625,4092.800048828125,4089.199951171875,4090.89990234375,398
2026-07-14 08:51:00-04:00,4090.39990234375,4090.5,4084.800048828125,4087.699951171875,923
2026-07-14 08:52:00-04:00,4088.0,4089.199951171875,4084.699951171875,4085.199951171875,245
2026-07-14 08:53:00-04:00,4085.199951171875,4087.0,4083.5,4084.10009765625,339
2026-07-14 08:54:00-04:00,4083.800048828125,4084.60009765625,4080.0,4081.0,427
2026-07-14 08:55:00-04:00,4081.199951171875,4084.199951171875,4080.5,4081.199951171875,407
2026-07-14 08:56:00-04:00,4081.300048828125,4082.89990234375,4076.199951171875,4077.60009765625,286
2026-07-14 08:57:00-04:00,4077.5,4080.5,4077.0,4079.60009765625,477
2026-07-14 08:58:00-04:00,4079.39990234375,4080.60009765625,4076.39990234375,4077.5,242
2026-07-14 08:59:00-04:00,4077.300048828125,4084.89990234375,4077.300048828125,4083.89990234375,522
2026-07-14 09:00:00-04:00,4084.0,4085.89990234375,4080.199951171875,4083.89990234375,683
2026-07-14 09:01:00-04:00,4084.0,4091.39990234375,4084.0,4090.89990234375,595
2026-07-14 09:02:00-04:00,4089.800048828125,4091.0,4086.5,4086.800048828125,381
2026-07-14 09:03:00-04:00,4086.699951171875,4087.0,4083.0,4083.199951171875,538
2026-07-14 09:04:00-04:00,4083.39990234375,4084.39990234375,4079.60009765625,4080.199951171875,561
2026-07-14 09:05:00-04:00,4080.10009765625,4082.89990234375,4078.199951171875,4082.699951171875,296
2026-07-14 09:06:00-04:00,4082.60009765625,4084.10009765625,4080.800048828125,4082.10009765625,119
2026-07-14 09:07:00-04:00,4083.0,4084.89990234375,4081.699951171875,4084.39990234375,150
2026-07-14 09:08:00-04:00,4084.39990234375,4087.60009765625,4084.39990234375,4087.0,311
2026-07-14 09:09:00-04:00,4087.10009765625,4087.800048828125,4084.39990234375,4084.60009765625,141
2026-07-14 09:10:00-04:00,4085.10009765625,4087.800048828125,4084.300048828125,4085.5,126
2026-07-14 09:11:00-04:00,4085.0,4086.199951171875,4083.0,4085.199951171875,196
2026-07-14 09:12:00-04:00,4084.800048828125,4086.39990234375,4082.699951171875,4082.699951171875,196
2026-07-14 09:13:00-04:00,4082.699951171875,4083.800048828125,4079.5,4081.699951171875,533
2026-07-14 09:14:00-04:00,4081.800048828125,4082.39990234375,4079.5,4082.199951171875,96
2026-07-14 09:15:00-04:00,4082.199951171875,4084.300048828125,4081.5,4084.199951171875,145
2026-07-14 09:16:00-04:00,4084.5,4087.800048828125,4084.0,4085.60009765625,168
2026-07-14 09:17:00-04:00,4085.60009765625,4086.300048828125,4082.39990234375,4084.10009765625,137
2026-07-14 09:18:00-04:00,4084.5,4087.39990234375,4083.300048828125,4085.300048828125,116
2026-07-14 09:19:00-04:00,4084.699951171875,4085.60009765625,4083.10009765625,4083.699951171875,53
2026-07-14 09:20:00-04:00,4083.10009765625,4083.89990234375,4079.10009765625,4083.39990234375,203
2026-07-14 09:21:00-04:00,4083.199951171875,4088.300048828125,4082.60009765625,4088.0,357
2026-07-14 09:22:00-04:00,4087.60009765625,4088.300048828125,4086.5,4088.199951171875,270
2026-07-14 09:23:00-04:00,4088.199951171875,4093.60009765625,4088.199951171875,4090.60009765625,439
2026-07-14 09:24:00-04:00,4090.5,4092.60009765625,4089.89990234375,4091.10009765625,410
2026-07-14 09:25:00-04:00,4091.199951171875,4092.0,4090.0,4091.10009765625,122
2026-07-14 09:26:00-04:00,4090.5,4092.10009765625,4089.39990234375,4091.800048828125,192
2026-07-14 09:27:00-04:00,4091.5,4092.5,4090.5,4092.199951171875,108
2026-07-14 09:28:00-04:00,4092.199951171875,4093.199951171875,4090.89990234375,4091.800048828125,126
2026-07-14 09:29:00-04:00,4091.5,4092.10009765625,4088.0,4089.10009765625,235
2026-07-14 09:30:00-04:00,4089.199951171875,4092.199951171875,4088.60009765625,4091.60009765625,271
2026-07-14 09:31:00-04:00,4091.39990234375,4092.39990234375,4084.60009765625,4085.39990234375,372
2026-07-14 09:32:00-04:00,4085.699951171875,4086.60009765625,4083.300048828125,4083.800048828125,187
2026-07-14 09:33:00-04:00,4084.0,4085.89990234375,4083.89990234375,4084.60009765625,162
2026-07-14 09:34:00-04:00,4084.199951171875,4089.0,4084.10009765625,4088.199951171875,138
2026-07-14 09:35:00-04:00,4088.0,4088.0,4086.0,4087.300048828125,155
2026-07-14 09:36:00-04:00,4087.300048828125,4089.5,4086.800048828125,4088.60009765625,230
2026-07-14 09:37:00-04:00,4088.60009765625,4092.39990234375,4088.60009765625,4091.800048828125,137
2026-07-14 09:38:00-04:00,4091.89990234375,4094.39990234375,4089.10009765625,4093.39990234375,218
2026-07-14 09:39:00-04:00,4093.300048828125,4096.39990234375,4092.89990234375,4093.89990234375,455
2026-07-14 09:40:00-04:00,4094.39990234375,4095.89990234375,4092.0,4093.10009765625,198
2026-07-14 09:41:00-04:00,4093.10009765625,4093.5,4091.300048828125,4092.5,124
2026-07-14 09:42:00-04:00,4092.699951171875,4094.199951171875,4090.800048828125,4091.0,106
2026-07-14 09:43:00-04:00,4091.199951171875,4094.60009765625,4090.199951171875,4093.699951171875,218
2026-07-14 09:44:00-04:00,4093.699951171875,4096.2998046875,4093.0,4095.39990234375,194
2026-07-14 09:45:00-04:00,4095.10009765625,4095.10009765625,4092.0,4093.60009765625,176
2026-07-14 09:46:00-04:00,4093.800048828125,4093.800048828125,4087.699951171875,4088.89990234375,180
2026-07-14 09:47:00-04:00,4089.300048828125,4092.10009765625,4089.10009765625,4091.800048828125,100
2026-07-14 09:48:00-04:00,4091.60009765625,4093.0,4088.89990234375,4089.199951171875,103
2026-07-14 09:49:00-04:00,4089.60009765625,4090.5,4088.199951171875,4090.5,57
2026-07-14 09:50:00-04:00,4090.60009765625,4092.699951171875,4090.39990234375,4091.300048828125,80
2026-07-14 09:51:00-04:00,4091.5,4092.60009765625,4089.39990234375,4089.800048828125,79
2026-07-14 09:52:00-04:00,4089.800048828125,4089.89990234375,4081.60009765625,4082.699951171875,283
2026-07-14 09:53:00-04:00,4082.89990234375,4086.0,4081.60009765625,4085.60009765625,211
2026-07-14 09:54:00-04:00,4085.10009765625,4086.199951171875,4083.5,4084.199951171875,114
2026-07-14 09:55:00-04:00,4084.199951171875,4084.60009765625,4082.10009765625,4082.5,78
2026-07-14 09:56:00-04:00,4082.5,4085.199951171875,4082.300048828125,4084.800048828125,77
2026-07-14 09:57:00-04:00,4084.89990234375,4085.89990234375,4084.60009765625,4084.89990234375,140
2026-07-14 09:58:00-04:00,4085.10009765625,4086.39990234375,4083.10009765625,4083.800048828125,178
2026-07-14 09:59:00-04:00,4083.800048828125,4085.5,4082.0,4084.0,345
2026-07-14 10:00:00-04:00,4084.0,4085.300048828125,4082.0,4082.60009765625,431
2026-07-14 10:01:00-04:00,4082.60009765625,4087.800048828125,4082.60009765625,4087.199951171875,213
2026-07-14 10:02:00-04:00,4086.89990234375,4087.199951171875,4080.699951171875,4082.5,419
2026-07-14 10:03:00-04:00,4082.199951171875,4084.199951171875,4081.5,4083.800048828125,111
2026-07-14 10:04:00-04:00,4083.699951171875,4084.199951171875,4081.300048828125,4081.300048828125,173
2026-07-14 10:05:00-04:00,4081.60009765625,4084.0,4080.0,4083.699951171875,176
2026-07-14 10:06:00-04:00,4084.0,4084.199951171875,4081.5,4084.0,108
2026-07-14 10:07:00-04:00,4084.39990234375,4088.89990234375,4083.60009765625,4087.0,220
2026-07-14 10:08:00-04:00,4087.300048828125,4087.89990234375,4086.0,4087.199951171875,57
2026-07-14 10:09:00-04:00,4087.300048828125,4087.800048828125,4085.0,4087.300048828125,115
2026-07-14 10:10:00-04:00,4087.60009765625,4088.39990234375,4085.10009765625,4086.300048828125,154
2026-07-14 10:11:00-04:00,4086.199951171875,4087.699951171875,4084.800048828125,4087.0,93
2026-07-14 10:12:00-04:00,4086.89990234375,4088.699951171875,4086.300048828125,4088.0,206
2026-07-14 10:13:00-04:00,4088.199951171875,4092.699951171875,4088.199951171875,4090.699951171875,249
2026-07-14 10:14:00-04:00,4091.10009765625,4091.199951171875,4088.699951171875,4089.800048828125,198
2026-07-14 10:15:00-04:00,4089.60009765625,4089.60009765625,4081.89990234375,4082.0,286
2026-07-14 10:16:00-04:00,4081.89990234375,4083.0,4078.89990234375,4082.199951171875,237
2026-07-14 10:17:00-04:00,4082.10009765625,4083.10009765625,4079.300048828125,4079.60009765625,108
2026-07-14 10:18:00-04:00,4079.300048828125,4080.89990234375,4077.89990234375,4079.39990234375,334
2026-07-14 10:19:00-04:00,4079.60009765625,4081.60009765625,4079.0,4080.699951171875,121
2026-07-14 10:20:00-04:00,4080.39990234375,4082.300048828125,4080.300048828125,4082.199951171875,153
2026-07-14 10:21:00-04:00,4081.89990234375,4084.800048828125,4080.800048828125,4084.800048828125,147
2026-07-14 10:22:00-04:00,4084.60009765625,4092.5,4084.5,4092.5,521
2026-07-14 10:23:00-04:00,4091.800048828125,4092.10009765625,4086.5,4087.5,259
2026-07-14 10:24:00-04:00,4087.89990234375,4088.699951171875,4085.39990234375,4086.300048828125,190
2026-07-14 10:25:00-04:00,4086.39990234375,4086.39990234375,4081.5,4082.300048828125,455
2026-07-14 10:26:00-04:00,4082.199951171875,4087.199951171875,4081.199951171875,4085.300048828125,264
2026-07-14 10:27:00-04:00,4084.800048828125,4084.800048828125,4082.300048828125,4083.89990234375,133
2026-07-14 10:28:00-04:00,4084.0,4084.699951171875,4081.60009765625,4083.39990234375,155
2026-07-14 10:29:00-04:00,4083.199951171875,4084.800048828125,4081.5,4084.199951171875,120
2026-07-14 10:30:00-04:00,4084.5,4084.5,4081.300048828125,4082.89990234375,101
2026-07-14 10:31:00-04:00,4082.699951171875,4083.800048828125,4080.39990234375,4081.10009765625,146
2026-07-14 10:32:00-04:00,4081.0,4086.300048828125,4080.60009765625,4085.60009765625,127
2026-07-14 10:33:00-04:00,4085.800048828125,4086.199951171875,4083.199951171875,4083.300048828125,75
2026-07-14 10:34:00-04:00,4083.800048828125,4098.39990234375,4083.800048828125,4087.60009765625,1632
2026-07-14 10:35:00-04:00,4088.10009765625,4089.0,4085.199951171875,4087.39990234375,171
2026-07-14 10:36:00-04:00,4087.89990234375,4088.39990234375,4085.0,4086.199951171875,125
2026-07-14 10:37:00-04:00,4085.89990234375,4086.199951171875,4082.199951171875,4084.300048828125,198
2026-07-14 10:38:00-04:00,4084.699951171875,4088.800048828125,4084.0,4088.10009765625,141
2026-07-14 10:39:00-04:00,4087.0,4088.0,4086.60009765625,4087.10009765625,44
2026-07-14 10:40:00-04:00,4087.0,4090.300048828125,4087.0,4088.60009765625,164
2026-07-14 10:41:00-04:00,4088.199951171875,4088.5,4086.10009765625,4088.0,86
2026-07-14 10:42:00-04:00,4088.89990234375,4088.89990234375,4086.5,4087.300048828125,480
2026-07-14 10:43:00-04:00,4087.0,4087.89990234375,4086.60009765625,4087.89990234375,41
2026-07-14 10:44:00-04:00,4088.0,4090.39990234375,4086.699951171875,4086.699951171875,97
2026-07-14 10:45:00-04:00,4087.39990234375,4090.39990234375,4087.10009765625,4089.60009765625,105
2026-07-14 10:46:00-04:00,4089.800048828125,4089.89990234375,4087.300048828125,4087.300048828125,96
2026-07-14 10:47:00-04:00,4087.0,4089.0,4086.699951171875,4088.699951171875,132
2026-07-14 10:48:00-04:00,4088.89990234375,4090.10009765625,4087.199951171875,4090.0,124
2026-07-14 10:49:00-04:00,4089.699951171875,4089.800048828125,4086.699951171875,4086.699951171875,74
2026-07-14 10:50:00-04:00,4086.60009765625,4087.10009765625,4085.5,4087.0,94
2026-07-14 10:51:00-04:00,4086.5,4090.0,4086.300048828125,4089.800048828125,74
2026-07-14 10:52:00-04:00,4090.0,4090.89990234375,4088.89990234375,4089.89990234375,65
2026-07-14 10:53:00-04:00,4089.39990234375,4089.800048828125,4087.39990234375,4088.199951171875,58
2026-07-14 10:54:00-04:00,4089.0,4091.5,4089.0,4090.39990234375,166
2026-07-14 10:55:00-04:00,4090.5,4092.10009765625,4089.800048828125,4092.10009765625,106
2026-07-14 10:56:00-04:00,4091.60009765625,4091.800048828125,4089.0,4090.0,160
2026-07-14 10:57:00-04:00,4090.0,4093.300048828125,4089.60009765625,4093.300048828125,138
2026-07-14 10:58:00-04:00,4093.39990234375,4095.199951171875,4092.39990234375,4092.5,189
2026-07-14 10:59:00-04:00,4092.60009765625,4093.699951171875,4091.800048828125,4093.0,427
2026-07-14 11:00:00-04:00,4093.0,4093.199951171875,4089.199951171875,4089.199951171875,128
2026-07-14 11:01:00-04:00,4089.199951171875,4089.5,4087.699951171875,4088.199951171875,141
2026-07-14 11:02:00-04:00,4087.60009765625,4089.10009765625,4086.699951171875,4087.800048828125,169
2026-07-14 11:03:00-04:00,4087.10009765625,4088.0,4086.199951171875,4087.800048828125,144
2026-07-14 11:04:00-04:00,4087.39990234375,4100.89990234375,4086.10009765625,4096.0,1318
2026-07-14 11:05:00-04:00,4096.2998046875,4096.60009765625,4093.800048828125,4095.699951171875,486
2026-07-14 11:06:00-04:00,4096.0,4101.2998046875,4095.199951171875,4101.10009765625,254
2026-07-14 11:07:00-04:00,4100.89990234375,4104.10009765625,4100.2001953125,4102.89990234375,715
2026-07-14 11:08:00-04:00,4102.60009765625,4108.7001953125,4102.2001953125,4106.5,698
2026-07-14 11:09:00-04:00,4106.89990234375,4106.89990234375,4102.0,4103.7998046875,333
2026-07-14 11:10:00-04:00,4104.2998046875,4105.2998046875,4100.89990234375,4102.5,377
2026-07-14 11:11:00-04:00,4101.5,4102.7001953125,4098.5,4100.7998046875,360
2026-07-14 11:12:00-04:00,4100.60009765625,4101.2001953125,4098.7001953125,4099.7998046875,133
2026-07-14 11:13:00-04:00,4100.0,4101.7001953125,4098.89990234375,4099.7001953125,135
2026-07-14 11:14:00-04:00,4099.0,4099.0,4096.89990234375,4097.89990234375,139
2026-07-14 11:15:00-04:00,4097.7001953125,4098.7998046875,4096.0,4096.5,241
2026-07-14 11:16:00-04:00,4096.2001953125,4098.2998046875,4095.199951171875,4095.699951171875,157
2026-07-14 11:17:00-04:00,4095.89990234375,4096.7001953125,4095.0,4095.199951171875,187
2026-07-14 11:18:00-04:00,4095.10009765625,4095.39990234375,4093.199951171875,4094.5,191
2026-07-14 11:19:00-04:00,4094.60009765625,4095.10009765625,4093.39990234375,4094.39990234375,85
2026-07-14 11:20:00-04:00,4094.10009765625,4094.5,4092.60009765625,4094.5,154
2026-07-14 11:21:00-04:00,4094.39990234375,4098.7001953125,4094.39990234375,4097.10009765625,442
2026-07-14 11:22:00-04:00,4096.7001953125,4097.10009765625,4095.300048828125,4095.300048828125,173
2026-07-14 11:23:00-04:00,4095.0,4096.0,4094.10009765625,4095.199951171875,67
2026-07-14 11:24:00-04:00,4095.300048828125,4096.60009765625,4093.699951171875,4094.699951171875,75
2026-07-14 11:25:00-04:00,4094.39990234375,4094.39990234375,4092.0,4092.300048828125,149
2026-07-14 11:26:00-04:00,4092.699951171875,4092.699951171875,4090.300048828125,4091.5,525
2026-07-14 11:27:00-04:00,4091.60009765625,4092.10009765625,4089.60009765625,4091.5,116
2026-07-14 11:28:00-04:00,4091.699951171875,4092.800048828125,4091.300048828125,4091.699951171875,423
2026-07-14 11:29:00-04:00,4092.199951171875,4092.39990234375,4090.800048828125,4092.199951171875,66
2026-07-14 11:30:00-04:00,4092.0,4092.800048828125,4090.5,4092.300048828125,158
2026-07-14 11:31:00-04:00,4092.10009765625,4093.39990234375,4091.39990234375,4093.0,82
2026-07-14 11:32:00-04:00,4092.89990234375,4094.300048828125,4092.10009765625,4092.10009765625,93
2026-07-14 11:33:00-04:00,4091.699951171875,4092.0,4089.199951171875,4089.39990234375,107
2026-07-14 11:34:00-04:00,4089.300048828125,4090.199951171875,4087.5,4088.699951171875,216
2026-07-14 11:35:00-04:00,4088.39990234375,4089.60009765625,4084.300048828125,4086.10009765625,195
2026-07-14 11:36:00-04:00,4085.800048828125,4086.199951171875,4083.5,4084.10009765625,230
2026-07-14 11:37:00-04:00,4083.89990234375,4085.199951171875,4083.5,4084.5,159
2026-07-14 11:38:00-04:00,4084.60009765625,4086.699951171875,4083.89990234375,4086.699951171875,195
2026-07-14 11:39:00-04:00,4086.39990234375,4086.699951171875,4083.0,4083.300048828125,94
2026-07-14 11:40:00-04:00,4083.300048828125,4084.39990234375,4082.0,4082.89990234375,257
2026-07-14 11:41:00-04:00,4082.699951171875,4083.10009765625,4077.89990234375,4079.10009765625,383
2026-07-14 11:42:00-04:00,4079.89990234375,4080.0,4073.5,4076.60009765625,707
2026-07-14 11:43:00-04:00,4076.800048828125,4079.5,4076.0,4078.800048828125,151
2026-07-14 11:44:00-04:00,4078.800048828125,4081.699951171875,4078.800048828125,4081.0,237
2026-07-14 11:45:00-04:00,4080.699951171875,4082.5,4080.199951171875,4080.800048828125,112
2026-07-14 11:46:00-04:00,4080.800048828125,4082.0,4079.800048828125,4079.800048828125,100
2026-07-14 11:47:00-04:00,4080.699951171875,4083.5,4080.699951171875,4082.699951171875,87
2026-07-14 11:48:00-04:00,4082.800048828125,4082.800048828125,4079.199951171875,4079.39990234375,127
2026-07-14 11:49:00-04:00,4080.199951171875,4080.60009765625,4077.800048828125,4078.300048828125,125
2026-07-14 11:50:00-04:00,4078.39990234375,4079.199951171875,4075.89990234375,4076.60009765625,167
2026-07-14 11:51:00-04:00,4076.39990234375,4077.0,4073.89990234375,4074.89990234375,359
2026-07-14 11:52:00-04:00,4075.10009765625,4075.60009765625,4073.89990234375,4075.5,118
2026-07-14 11:53:00-04:00,4075.60009765625,4076.199951171875,4073.699951171875,4075.89990234375,199
2026-07-14 11:54:00-04:00,4076.300048828125,4076.300048828125,4072.60009765625,4073.699951171875,110
2026-07-14 11:55:00-04:00,4073.5,4074.60009765625,4072.199951171875,4073.800048828125,155
2026-07-14 11:56:00-04:00,4073.699951171875,4075.0,4072.5,4073.300048828125,134
2026-07-14 11:57:00-04:00,4073.60009765625,4074.10009765625,4072.39990234375,4073.89990234375,127
2026-07-14 11:58:00-04:00,4073.300048828125,4075.0,4072.89990234375,4074.0,46
2026-07-14 11:59:00-04:00,4073.5,4073.5,4071.300048828125,4073.10009765625,131
2026-07-14 12:00:00-04:00,4073.199951171875,4073.800048828125,4069.39990234375,4069.800048828125,195
2026-07-14 12:01:00-04:00,4069.60009765625,4071.300048828125,4069.199951171875,4069.5,151
2026-07-14 12:02:00-04:00,4069.800048828125,4071.10009765625,4069.199951171875,4070.699951171875,180
2026-07-14 12:03:00-04:00,4070.60009765625,4071.10009765625,4069.0,4070.300048828125,74
2026-07-14 12:04:00-04:00,4070.5,4071.39990234375,4068.89990234375,4070.199951171875,124
2026-07-14 12:05:00-04:00,4070.800048828125,4070.800048828125,4066.10009765625,4066.89990234375,316
2026-07-14 12:06:00-04:00,4066.699951171875,4068.300048828125,4066.199951171875,4068.10009765625,85
2026-07-14 12:07:00-04:00,4068.199951171875,4068.60009765625,4063.39990234375,4065.39990234375,359
2026-07-14 12:08:00-04:00,4066.0,4068.199951171875,4065.300048828125,4067.800048828125,121
2026-07-14 12:09:00-04:00,4067.5,4069.800048828125,4066.800048828125,4067.10009765625,171
2026-07-14 12:10:00-04:00,4068.199951171875,4070.10009765625,4068.199951171875,4069.0,90
2026-07-14 12:11:00-04:00,4069.39990234375,4070.5,4068.89990234375,4070.5,89
2026-07-14 12:12:00-04:00,4070.60009765625,4070.60009765625,4069.300048828125,4069.60009765625,80
2026-07-14 12:13:00-04:00,4070.10009765625,4071.89990234375,4069.699951171875,4070.89990234375,86
2026-07-14 12:14:00-04:00,4071.0,4071.300048828125,4069.60009765625,4070.10009765625,123
2026-07-14 12:15:00-04:00,4069.699951171875,4070.60009765625,4067.699951171875,4069.0,91
2026-07-14 12:16:00-04:00,4069.10009765625,4072.300048828125,4069.0,4072.10009765625,81
2026-07-14 12:17:00-04:00,4071.699951171875,4071.89990234375,4070.60009765625,4070.60009765625,93
2026-07-14 12:18:00-04:00,4070.89990234375,4071.199951171875,4070.199951171875,4071.10009765625,26
2026-07-14 12:19:00-04:00,4070.300048828125,4070.699951171875,4069.5,4069.800048828125,43
2026-07-14 12:20:00-04:00,4070.199951171875,4070.89990234375,4068.800048828125,4068.800048828125,66
2026-07-14 12:21:00-04:00,4068.89990234375,4068.89990234375,4067.60009765625,4068.800048828125,69
2026-07-14 12:22:00-04:00,4068.800048828125,4069.10009765625,4066.300048828125,4066.300048828125,366
2026-07-14 12:23:00-04:00,4066.699951171875,4067.199951171875,4064.89990234375,4066.800048828125,349
2026-07-14 12:24:00-04:00,4067.39990234375,4068.60009765625,4067.10009765625,4067.800048828125,51
2026-07-14 12:25:00-04:00,4067.60009765625,4069.39990234375,4065.39990234375,4066.800048828125,109
2026-07-14 12:26:00-04:00,4066.60009765625,4068.0,4066.60009765625,4067.5,35
2026-07-14 12:27:00-04:00,4067.60009765625,4068.199951171875,4067.0,4067.39990234375,65
2026-07-14 12:28:00-04:00,4067.199951171875,4068.300048828125,4066.89990234375,4067.199951171875,40
2026-07-14 12:29:00-04:00,4067.39990234375,4067.699951171875,4066.0,4066.10009765625,62
2026-07-14 12:30:00-04:00,4066.199951171875,4068.5,4066.0,4068.199951171875,138
2026-07-14 12:31:00-04:00,4068.300048828125,4068.60009765625,4065.800048828125,4067.60009765625,100
2026-07-14 12:32:00-04:00,4067.800048828125,4069.89990234375,4067.39990234375,4069.10009765625,106
2026-07-14 12:33:00-04:00,4068.89990234375,4068.89990234375,4066.199951171875,4066.39990234375,183
2026-07-14 12:34:00-04:00,4066.60009765625,4067.0,4065.60009765625,4066.89990234375,91
2026-07-14 12:35:00-04:00,4067.300048828125,4068.5,4066.89990234375,4066.89990234375,56
2026-07-14 12:36:00-04:00,4067.300048828125,4068.10009765625,4065.800048828125,4066.10009765625,40
2026-07-14 12:37:00-04:00,4065.800048828125,4065.89990234375,4064.10009765625,4065.0,123
2026-07-14 12:38:00-04:00,4065.199951171875,4066.89990234375,4064.300048828125,4066.89990234375,67
2026-07-14 12:39:00-04:00,4066.800048828125,4067.199951171875,4066.10009765625,4067.0,82
2026-07-14 12:40:00-04:00,4067.10009765625,4068.5,4066.60009765625,4067.39990234375,534
2026-07-14 12:41:00-04:00,4067.60009765625,4067.89990234375,4066.0,4066.89990234375,49
2026-07-14 12:42:00-04:00,4066.699951171875,4068.699951171875,4066.5,4068.199951171875,44
2026-07-14 12:43:00-04:00,4068.199951171875,4069.89990234375,4068.199951171875,4069.0,360
2026-07-14 12:44:00-04:00,4069.0,4069.199951171875,4067.699951171875,4067.800048828125,58
2026-07-14 12:45:00-04:00,4067.699951171875,4069.10009765625,4067.300048828125,4067.5,61
2026-07-14 12:46:00-04:00,4067.199951171875,4067.5,4065.39990234375,4065.89990234375,49
2026-07-14 12:47:00-04:00,4066.0,4066.10009765625,4065.300048828125,4066.10009765625,70
2026-07-14 12:48:00-04:00,4065.5,4065.800048828125,4064.5,4065.300048828125,68
2026-07-14 12:49:00-04:00,4065.0,4066.89990234375,4064.39990234375,4066.89990234375,45
2026-07-14 12:50:00-04:00,4066.300048828125,4067.300048828125,4066.199951171875,4066.800048828125,39
2026-07-14 12:51:00-04:00,4066.89990234375,4067.199951171875,4065.199951171875,4067.199951171875,40
2026-07-14 12:52:00-04:00,4067.300048828125,4067.89990234375,4067.10009765625,4067.800048828125,45
2026-07-14 12:53:00-04:00,4067.800048828125,4068.199951171875,4066.800048828125,4067.60009765625,37
2026-07-14 12:54:00-04:00,4067.199951171875,4067.5,4066.89990234375,4067.0,20
2026-07-14 12:55:00-04:00,4067.39990234375,4069.199951171875,4067.39990234375,4067.699951171875,67
2026-07-14 12:56:00-04:00,4067.89990234375,4068.199951171875,4067.300048828125,4068.10009765625,35
2026-07-14 12:57:00-04:00,4067.89990234375,4067.89990234375,4066.60009765625,4067.60009765625,32
2026-07-14 12:58:00-04:00,4067.5,4068.699951171875,4067.5,4068.699951171875,32
2026-07-14 12:59:00-04:00,4068.60009765625,4068.89990234375,4068.10009765625,4068.300048828125,97
2026-07-14 13:00:00-04:00,4068.800048828125,4070.10009765625,4068.199951171875,4069.199951171875,83
2026-07-14 13:01:00-04:00,4069.10009765625,4071.699951171875,4069.0,4070.89990234375,175
2026-07-14 13:02:00-04:00,4070.800048828125,4070.89990234375,4069.800048828125,4070.300048828125,535
2026-07-14 13:03:00-04:00,4070.5,4071.199951171875,4068.10009765625,4068.10009765625,88
2026-07-14 13:04:00-04:00,4068.300048828125,4068.39990234375,4066.60009765625,4067.199951171875,68
2026-07-14 13:05:00-04:00,4067.5,4067.89990234375,4066.199951171875,4067.0,78
2026-07-14 13:06:00-04:00,4067.10009765625,4067.10009765625,4064.0,4064.800048828125,96
2026-07-14 13:07:00-04:00,4064.60009765625,4065.10009765625,4063.5,4064.699951171875,231
2026-07-14 13:08:00-04:00,4064.5,4065.89990234375,4064.5,4065.39990234375,36
2026-07-14 13:09:00-04:00,4065.39990234375,4066.60009765625,4064.699951171875,4066.60009765625,68
2026-07-14 13:10:00-04:00,4066.300048828125,4066.800048828125,4065.5,4065.5,65
2026-07-14 13:11:00-04:00,4065.39990234375,4066.0,4064.60009765625,4065.199951171875,75
2026-07-14 13:12:00-04:00,4064.89990234375,4065.0,4064.300048828125,4064.89990234375,25
2026-07-14 13:13:00-04:00,4064.89990234375,4066.0,4063.699951171875,4064.60009765625,102
2026-07-14 13:14:00-04:00,4064.199951171875,4064.5,4061.800048828125,4063.5,250
2026-07-14 13:15:00-04:00,4063.199951171875,4063.60009765625,4061.10009765625,4061.5,372
2026-07-14 13:16:00-04:00,4061.39990234375,4063.699951171875,4061.39990234375,4062.89990234375,633
2026-07-14 13:17:00-04:00,4063.10009765625,4063.39990234375,4062.0,4062.89990234375,119
2026-07-14 13:18:00-04:00,4063.0,4063.800048828125,4062.300048828125,4063.0,135
2026-07-14 13:19:00-04:00,4062.89990234375,4064.0,4061.89990234375,4063.89990234375,157
2026-07-14 13:20:00-04:00,4063.699951171875,4065.60009765625,4063.199951171875,4064.5,151
2026-07-14 13:21:00-04:00,4064.699951171875,4066.0,4064.699951171875,4065.199951171875,309
2026-07-14 13:22:00-04:00,4065.300048828125,4066.39990234375,4065.0,4065.39990234375,165
2026-07-14 13:23:00-04:00,4066.10009765625,4068.0,4066.0,4067.60009765625,172
2026-07-14 13:24:00-04:00,4067.199951171875,4068.300048828125,4067.199951171875,4067.699951171875,650
2026-07-14 13:25:00-04:00,4067.699951171875,4068.800048828125,4067.10009765625,4067.10009765625,198
2026-07-14 13:26:00-04:00,4067.800048828125,4069.39990234375,4067.39990234375,4069.39990234375,147
2026-07-14 13:27:00-04:00,4069.5,4070.0,4069.10009765625,4069.39990234375,159
2026-07-14 13:28:00-04:00,4069.699951171875,4070.10009765625,4069.39990234375,4069.699951171875,517
2026-07-14 13:29:00-04:00,4069.699951171875,4071.0,4069.10009765625,4069.699951171875,2757
2026-07-14 13:30:00-04:00,4069.60009765625,4071.5,4069.60009765625,4070.800048828125,236
2026-07-14 13:31:00-04:00,4070.699951171875,4071.60009765625,4070.0,4071.39990234375,110
2026-07-14 13:32:00-04:00,4071.39990234375,4072.199951171875,4069.10009765625,4069.199951171875,444
2026-07-14 13:33:00-04:00,4069.199951171875,4070.0,4068.5,4068.5,107
2026-07-14 13:34:00-04:00,4068.60009765625,4069.60009765625,4068.60009765625,4068.89990234375,84
2026-07-14 13:35:00-04:00,4068.60009765625,4069.199951171875,4067.60009765625,4068.5,387
2026-07-14 13:36:00-04:00,4068.89990234375,4069.39990234375,4068.5,4068.5,176
2026-07-14 13:37:00-04:00,4068.89990234375,4069.39990234375,4067.800048828125,4068.300048828125,48
2026-07-14 13:38:00-04:00,4068.300048828125,4069.300048828125,4068.300048828125,4069.10009765625,36
2026-07-14 13:39:00-04:00,4069.10009765625,4069.699951171875,4068.89990234375,4068.89990234375,22
2026-07-14 13:40:00-04:00,4068.60009765625,4069.60009765625,4068.5,4069.10009765625,34
2026-07-14 13:41:00-04:00,4068.699951171875,4068.89990234375,4067.199951171875,4067.89990234375,41
2026-07-14 13:42:00-04:00,4068.199951171875,4068.300048828125,4066.5,4066.89990234375,33
2026-07-14 13:43:00-04:00,4067.0,4067.0,4066.5,4066.89990234375,27
2026-07-14 13:44:00-04:00,4067.0,4067.699951171875,4066.300048828125,4066.699951171875,41
2026-07-14 13:45:00-04:00,4066.800048828125,4066.800048828125,4065.5,4065.699951171875,49
2026-07-14 13:46:00-04:00,4065.5,4066.10009765625,4065.0,4065.89990234375,270
2026-07-14 13:47:00-04:00,4066.0,4067.300048828125,4066.0,4067.300048828125,39
2026-07-14 13:48:00-04:00,4067.10009765625,4068.89990234375,4067.10009765625,4068.699951171875,52
2026-07-14 13:49:00-04:00,4068.300048828125,4068.699951171875,4068.0,4068.5,25
2026-07-14 13:50:00-04:00,4068.60009765625,4069.39990234375,4068.60009765625,4069.199951171875,40
2026-07-14 13:51:00-04:00,4069.300048828125,4070.300048828125,4068.89990234375,4069.89990234375,39
2026-07-14 13:52:00-04:00,4070.0,4070.300048828125,4069.5,4069.699951171875,27
2026-07-14 13:53:00-04:00,4069.89990234375,4070.10009765625,4069.0,4069.39990234375,39
2026-07-14 13:54:00-04:00,4069.300048828125,4070.10009765625,4069.300048828125,4070.10009765625,12
2026-07-14 13:55:00-04:00,4069.800048828125,4070.199951171875,4069.199951171875,4069.5,43
2026-07-14 13:56:00-04:00,4069.89990234375,4070.60009765625,4069.60009765625,4070.199951171875,26
2026-07-14 13:57:00-04:00,4070.5,4070.5,4069.800048828125,4069.800048828125,20
2026-07-14 13:58:00-04:00,4069.5,4069.800048828125,4069.39990234375,4069.5,19
2026-07-14 13:59:00-04:00,4069.5,4070.5,4069.5,4070.10009765625,21
2026-07-14 14:00:00-04:00,4069.5,4069.60009765625,4068.199951171875,4068.199951171875,56
2026-07-14 14:01:00-04:00,4068.0,4068.0,4066.5,4067.300048828125,64
2026-07-14 14:02:00-04:00,4067.60009765625,4068.39990234375,4067.199951171875,4067.699951171875,121
2026-07-14 14:03:00-04:00,4067.60009765625,4068.199951171875,4067.199951171875,4067.800048828125,29
2026-07-14 14:04:00-04:00,4067.800048828125,4068.89990234375,4067.699951171875,4068.89990234375,22
2026-07-14 14:05:00-04:00,4068.300048828125,4069.10009765625,4067.699951171875,4068.0,41
2026-07-14 14:06:00-04:00,4068.0,4068.0,4067.5,4067.89990234375,10
2026-07-14 14:07:00-04:00,4067.39990234375,4068.0,4067.199951171875,4067.89990234375,27
2026-07-14 14:08:00-04:00,4068.39990234375,4068.699951171875,4067.89990234375,4067.89990234375,33
2026-07-14 14:09:00-04:00,4067.800048828125,4067.800048828125,4067.0,4067.300048828125,56
2026-07-14 14:10:00-04:00,4067.300048828125,4067.800048828125,4067.10009765625,4067.300048828125,27
2026-07-14 14:11:00-04:00,4067.39990234375,4067.60009765625,4066.699951171875,4067.60009765625,19
2026-07-14 14:12:00-04:00,4067.39990234375,4068.0,4067.199951171875,4067.699951171875,26
2026-07-14 14:13:00-04:00,4067.800048828125,4067.800048828125,4067.5,4067.5,10
2026-07-14 14:14:00-04:00,4067.800048828125,4068.60009765625,4067.39990234375,4068.5,35
2026-07-14 14:15:00-04:00,4068.39990234375,4069.89990234375,4068.39990234375,4069.0,78
2026-07-14 14:16:00-04:00,4068.699951171875,4068.800048828125,4068.0,4068.0,29
2026-07-14 14:17:00-04:00,4067.800048828125,4068.60009765625,4067.699951171875,4068.60009765625,24
2026-07-14 14:18:00-04:00,4068.39990234375,4068.800048828125,4068.39990234375,4068.699951171875,8
2026-07-14 14:19:00-04:00,4069.300048828125,4070.199951171875,4069.199951171875,4069.699951171875,43
2026-07-14 14:20:00-04:00,4069.5,4069.5,4067.10009765625,4067.300048828125,40
2026-07-14 14:21:00-04:00,4067.60009765625,4067.60009765625,4067.0,4067.300048828125,37
2026-07-14 14:22:00-04:00,4067.39990234375,4067.5,4065.800048828125,4066.39990234375,78
2026-07-14 14:23:00-04:00,4066.5,4067.0,4066.199951171875,4066.5,55
2026-07-14 14:24:00-04:00,4066.699951171875,4066.699951171875,4063.800048828125,4064.10009765625,126
2026-07-14 14:25:00-04:00,4063.800048828125,4064.60009765625,4063.5,4064.60009765625,233
2026-07-14 14:26:00-04:00,4064.5,4065.60009765625,4064.199951171875,4065.10009765625,43
2026-07-14 14:27:00-04:00,4065.39990234375,4066.0,4064.89990234375,4065.0,40
2026-07-14 14:28:00-04:00,4065.199951171875,4065.39990234375,4064.699951171875,4064.89990234375,48
2026-07-14 14:29:00-04:00,4064.89990234375,4065.89990234375,4064.699951171875,4065.39990234375,47
2026-07-14 14:30:00-04:00,4065.10009765625,4066.5,4063.60009765625,4063.60009765625,101
2026-07-14 14:31:00-04:00,4063.800048828125,4064.39990234375,4063.39990234375,4064.300048828125,44
2026-07-14 14:32:00-04:00,4064.0,4064.300048828125,4061.800048828125,4062.5,166
2026-07-14 14:33:00-04:00,4062.5,4062.699951171875,4062.10009765625,4062.5,91
2026-07-14 14:34:00-04:00,4062.699951171875,4063.5,4062.39990234375,4063.39990234375,123
2026-07-14 14:35:00-04:00,4063.199951171875,4063.5,4063.0,4063.199951171875,30
2026-07-14 14:36:00-04:00,4063.0,4063.0,4061.699951171875,4062.199951171875,69
2026-07-14 14:37:00-04:00,4062.0,4062.0,4058.300048828125,4059.0,434
2026-07-14 14:38:00-04:00,4059.199951171875,4059.800048828125,4058.5,4059.800048828125,116
2026-07-14 14:39:00-04:00,4059.699951171875,4060.0,4059.300048828125,4059.5,35
2026-07-14 14:40:00-04:00,4059.10009765625,4061.10009765625,4058.300048828125,4059.300048828125,125
2026-07-14 14:41:00-04:00,4058.89990234375,4058.89990234375,4051.300048828125,4053.60009765625,1269
2026-07-14 14:42:00-04:00,4054.0,4055.0,4050.60009765625,4053.5,349
2026-07-14 14:43:00-04:00,4053.699951171875,4054.10009765625,4049.199951171875,4050.199951171875,368
2026-07-14 14:44:00-04:00,4050.0,4053.10009765625,4049.60009765625,4053.10009765625,199
2026-07-14 14:45:00-04:00,4052.699951171875,4053.800048828125,4051.10009765625,4053.800048828125,95
2026-07-14 14:46:00-04:00,4054.0,4055.5,4053.89990234375,4055.0,80
2026-07-14 14:47:00-04:00,4054.800048828125,4055.60009765625,4054.699951171875,4055.300048828125,35
2026-07-14 14:48:00-04:00,4055.10009765625,4056.89990234375,4054.800048828125,4056.5,68
2026-07-14 14:49:00-04:00,4056.10009765625,4057.199951171875,4055.39990234375,4056.0,45
2026-07-14 14:50:00-04:00,4056.10009765625,4056.10009765625,4053.199951171875,4055.199951171875,54
2026-07-14 14:51:00-04:00,4055.39990234375,4057.60009765625,4055.39990234375,4056.60009765625,44
2026-07-14 14:52:00-04:00,4056.39990234375,4058.10009765625,4056.39990234375,4057.300048828125,44
2026-07-14 14:53:00-04:00,4057.5,4057.89990234375,4057.10009765625,4057.800048828125,16
2026-07-14 14:54:00-04:00,4057.5,4058.39990234375,4057.5,4058.300048828125,36
2026-07-14 14:55:00-04:00,4058.699951171875,4059.10009765625,4057.800048828125,4059.0,46
2026-07-14 14:56:00-04:00,4059.0,4059.10009765625,4058.0,4058.699951171875,33
2026-07-14 14:57:00-04:00,4058.5,4059.199951171875,4058.5,4058.699951171875,22
2026-07-14 14:58:00-04:00,4058.39990234375,4061.300048828125,4058.10009765625,4061.300048828125,63
2026-07-14 14:59:00-04:00,4061.300048828125,4061.300048828125,4060.300048828125,4060.699951171875,149
2026-07-14 15:00:00-04:00,4060.300048828125,4061.5,4060.199951171875,4060.800048828125,239
2026-07-14 15:01:00-04:00,4060.89990234375,4061.10009765625,4059.89990234375,4059.89990234375,23
2026-07-14 15:02:00-04:00,4059.89990234375,4061.0,4059.800048828125,4060.39990234375,41
2026-07-14 15:03:00-04:00,4060.199951171875,4061.300048828125,4059.60009765625,4061.300048828125,56
2026-07-14 15:04:00-04:00,4060.800048828125,4060.800048828125,4059.10009765625,4059.39990234375,38
2026-07-14 15:05:00-04:00,4059.60009765625,4059.60009765625,4059.10009765625,4059.39990234375,17
2026-07-14 15:06:00-04:00,4059.39990234375,4060.39990234375,4059.39990234375,4060.0,23
2026-07-14 15:07:00-04:00,4060.10009765625,4060.5,4059.699951171875,4060.0,19
2026-07-14 15:08:00-04:00,4060.0,4060.300048828125,4059.300048828125,4060.10009765625,15
2026-07-14 15:09:00-04:00,4060.60009765625,4061.800048828125,4060.60009765625,4061.199951171875,28
2026-07-14 15:10:00-04:00,4061.199951171875,4061.199951171875,4060.699951171875,4061.199951171875,19
2026-07-14 15:11:00-04:00,4060.89990234375,4060.89990234375,4059.89990234375,4060.39990234375,11
2026-07-14 15:12:00-04:00,4061.39990234375,4063.60009765625,4061.39990234375,4063.39990234375,43
2026-07-14 15:13:00-04:00,4063.10009765625,4064.0,4063.10009765625,4063.800048828125,29
2026-07-14 15:14:00-04:00,4063.800048828125,4064.10009765625,4063.300048828125,4063.300048828125,27
2026-07-14 15:15:00-04:00,4063.199951171875,4063.89990234375,4062.89990234375,4063.699951171875,36
2026-07-14 15:16:00-04:00,4063.60009765625,4063.60009765625,4062.300048828125,4063.0,34
2026-07-14 15:17:00-04:00,4062.800048828125,4063.0,4062.10009765625,4062.800048828125,23
2026-07-14 15:18:00-04:00,4062.699951171875,4063.5,4061.800048828125,4062.60009765625,144
2026-07-14 15:19:00-04:00,4062.800048828125,4063.199951171875,4062.5,4063.0,44
2026-07-14 15:20:00-04:00,4063.0,4063.0,4062.0,4062.10009765625,12
2026-07-14 15:21:00-04:00,4062.0,4062.0,4061.0,4061.0,30
2026-07-14 15:22:00-04:00,4061.199951171875,4061.800048828125,4060.699951171875,4061.300048828125,25
2026-07-14 15:23:00-04:00,4061.10009765625,4061.300048828125,4059.300048828125,4059.300048828125,90
2026-07-14 15:24:00-04:00,4059.39990234375,4059.89990234375,4058.800048828125,4059.300048828125,61
2026-07-14 15:25:00-04:00,4059.0,4060.0,4058.60009765625,4059.699951171875,106
2026-07-14 15:26:00-04:00,4059.699951171875,4059.699951171875,4058.699951171875,4059.0,54
2026-07-14 15:27:00-04:00,4059.10009765625,4059.60009765625,4058.800048828125,4058.800048828125,38
2026-07-14 15:28:00-04:00,4058.800048828125,4058.89990234375,4058.199951171875,4058.5,36
2026-07-14 15:29:00-04:00,4058.5,4058.89990234375,4057.800048828125,4058.10009765625,21
2026-07-14 15:30:00-04:00,4058.300048828125,4058.300048828125,4055.199951171875,4055.60009765625,343
2026-07-14 15:31:00-04:00,4055.39990234375,4057.800048828125,4054.800048828125,4057.300048828125,93
2026-07-14 15:32:00-04:00,4057.300048828125,4057.300048828125,4054.199951171875,4055.800048828125,45
2026-07-14 15:33:00-04:00,4056.199951171875,4057.10009765625,4055.5,4057.10009765625,18
2026-07-14 15:34:00-04:00,4056.800048828125,4057.199951171875,4056.0,4057.0,38
2026-07-14 15:35:00-04:00,4056.89990234375,4057.0,4056.39990234375,4056.39990234375,11
2026-07-14 15:36:00-04:00,4056.800048828125,4058.5,4056.800048828125,4058.39990234375,31
2026-07-14 15:37:00-04:00,4058.39990234375,4058.699951171875,4057.800048828125,4057.800048828125,18
2026-07-14 15:38:00-04:00,4058.300048828125,4058.800048828125,4057.5,4057.5,59
2026-07-14 15:39:00-04:00,4057.699951171875,4057.699951171875,4057.39990234375,4057.5,8
2026-07-14 15:40:00-04:00,4057.5,4057.800048828125,4057.300048828125,4057.5,14
2026-07-14 15:41:00-04:00,4057.89990234375,4058.10009765625,4056.89990234375,4057.199951171875,9
2026-07-14 15:42:00-04:00,4057.199951171875,4057.39990234375,4056.800048828125,4056.800048828125,16
2026-07-14 15:43:00-04:00,4057.0,4058.800048828125,4057.0,4058.800048828125,32
2026-07-14 15:44:00-04:00,4059.10009765625,4059.60009765625,4058.699951171875,4059.0,27
2026-07-14 15:45:00-04:00,4059.5,4060.39990234375,4059.5,4060.39990234375,31
2026-07-14 15:46:00-04:00,4060.199951171875,4061.199951171875,4060.199951171875,4060.60009765625,32
2026-07-14 15:47:00-04:00,4060.60009765625,4060.699951171875,4060.300048828125,4060.5,10
2026-07-14 15:48:00-04:00,4060.10009765625,4060.10009765625,4059.199951171875,4059.800048828125,17
2026-07-14 15:49:00-04:00,4059.89990234375,4059.89990234375,4058.39990234375,4058.89990234375,26
2026-07-14 15:50:00-04:00,4058.699951171875,4059.800048828125,4058.60009765625,4058.89990234375,41
2026-07-14 15:51:00-04:00,4059.10009765625,4059.10009765625,4058.0,4058.199951171875,17
2026-07-14 15:52:00-04:00,4058.699951171875,4059.800048828125,4058.699951171875,4059.199951171875,34
2026-07-14 15:53:00-04:00,4059.199951171875,4062.39990234375,4059.10009765625,4062.0,182
2026-07-14 15:54:00-04:00,4062.10009765625,4063.5,4061.39990234375,4062.0,319
2026-07-14 15:55:00-04:00,4062.199951171875,4062.39990234375,4060.800048828125,4061.300048828125,83
2026-07-14 15:56:00-04:00,4061.39990234375,4063.10009765625,4061.300048828125,4062.800048828125,77
2026-07-14 15:57:00-04:00,4063.0,4063.5,4062.39990234375,4062.699951171875,165
2026-07-14 15:58:00-04:00,4062.39990234375,4062.800048828125,4061.699951171875,4062.5,58
2026-07-14 15:59:00-04:00,4062.60009765625,4063.199951171875,4061.89990234375,4062.10009765625,118
2026-07-14 16:00:00-04:00,4062.10009765625,4063.10009765625,4060.5,4061.60009765625,71
2026-07-14 16:01:00-04:00,4061.60009765625,4062.300048828125,4061.300048828125,4062.10009765625,38
2026-07-14 16:02:00-04:00,4061.699951171875,4062.10009765625,4061.300048828125,4061.60009765625,20
2026-07-14 16:03:00-04:00,4061.199951171875,4061.5,4061.10009765625,4061.199951171875,60
2026-07-14 16:04:00-04:00,4061.0,4061.89990234375,4061.0,4061.199951171875,11
2026-07-14 16:05:00-04:00,4061.199951171875,4062.199951171875,4061.199951171875,4062.0,8
2026-07-14 16:06:00-04:00,4061.89990234375,4061.89990234375,4061.5,4061.5,4
2026-07-14 16:07:00-04:00,4061.60009765625,4061.60009765625,4061.60009765625,4061.60009765625,1
2026-07-14 16:08:00-04:00,4061.800048828125,4062.0,4061.39990234375,4061.39990234375,6
2026-07-14 16:09:00-04:00,4061.10009765625,4061.199951171875,4061.10009765625,4061.199951171875,2
2026-07-14 16:10:00-04:00,4061.10009765625,4061.39990234375,4061.0,4061.199951171875,15
2026-07-14 16:11:00-04:00,4061.0,4061.199951171875,4060.39990234375,4060.39990234375,45
2026-07-14 16:12:00-04:00,4060.89990234375,4062.199951171875,4060.89990234375,4061.60009765625,15
2026-07-14 16:13:00-04:00,4061.10009765625,4061.300048828125,4060.89990234375,4061.199951171875,7
2026-07-14 16:14:00-04:00,4061.10009765625,4061.199951171875,4060.5,4060.5,11
2026-07-14 16:15:00-04:00,4060.5,4060.800048828125,4060.5,4060.800048828125,10
2026-07-14 16:16:00-04:00,4060.800048828125,4060.89990234375,4060.5,4060.5,3
2026-07-14 16:17:00-04:00,4060.39990234375,4060.800048828125,4060.39990234375,4060.60009765625,8
2026-07-14 16:18:00-04:00,4060.39990234375,4060.5,4060.10009765625,4060.5,7
2026-07-14 16:19:00-04:00,4060.10009765625,4060.10009765625,4059.10009765625,4059.10009765625,40
2026-07-14 16:20:00-04:00,4059.199951171875,4059.39990234375,4059.0,4059.0,13
2026-07-14 16:21:00-04:00,4059.0,4059.5,4058.699951171875,4059.5,64
2026-07-14 16:22:00-04:00,4059.5,4060.60009765625,4059.5,4060.0,44
2026-07-14 16:23:00-04:00,4060.300048828125,4060.5,4060.10009765625,4060.10009765625,8
2026-07-14 16:24:00-04:00,4059.89990234375,4060.39990234375,4059.89990234375,4060.39990234375,6
2026-07-14 16:25:00-04:00,4059.800048828125,4060.60009765625,4059.800048828125,4060.60009765625,10
2026-07-14 16:26:00-04:00,4059.89990234375,4060.60009765625,4059.800048828125,4060.300048828125,13
2026-07-14 16:27:00-04:00,4060.300048828125,4060.300048828125,4059.300048828125,4059.699951171875,35
2026-07-14 16:28:00-04:00,4059.39990234375,4059.60009765625,4059.39990234375,4059.60009765625,3
2026-07-14 16:29:00-04:00,4059.60009765625,4059.60009765625,4059.300048828125,4059.39990234375,6
2026-07-14 16:30:00-04:00,4059.800048828125,4060.0,4059.300048828125,4059.39990234375,36
2026-07-14 16:31:00-04:00,4059.89990234375,4060.0,4059.199951171875,4059.60009765625,22
2026-07-14 16:32:00-04:00,4059.39990234375,4059.5,4058.800048828125,4058.800048828125,18
2026-07-14 16:33:00-04:00,4058.699951171875,4058.699951171875,4057.699951171875,4057.89990234375,42
2026-07-14 16:34:00-04:00,4057.89990234375,4058.60009765625,4057.60009765625,4057.89990234375,17
2026-07-14 16:35:00-04:00,4057.699951171875,4058.5,4056.39990234375,4057.10009765625,123
2026-07-14 16:36:00-04:00,4057.0,4057.5,4056.199951171875,4056.800048828125,69
2026-07-14 16:37:00-04:00,4056.800048828125,4057.10009765625,4056.800048828125,4057.10009765625,16
2026-07-14 16:38:00-04:00,4057.10009765625,4057.10009765625,4056.699951171875,4057.0,6
2026-07-14 16:39:00-04:00,4057.199951171875,4057.5,4056.39990234375,4056.60009765625,14
2026-07-14 16:40:00-04:00,4056.60009765625,4057.5,4056.60009765625,4057.5,32
2026-07-14 16:41:00-04:00,4057.699951171875,4057.800048828125,4057.300048828125,4057.300048828125,22
2026-07-14 16:42:00-04:00,4057.60009765625,4057.89990234375,4057.39990234375,4057.89990234375,5
2026-07-14 16:43:00-04:00,4058.0,4058.0,4056.89990234375,4057.0,58
2026-07-14 16:44:00-04:00,4057.10009765625,4057.10009765625,4056.0,4057.10009765625,69
2026-07-14 16:45:00-04:00,4056.699951171875,4056.699951171875,4055.5,4056.39990234375,36
2026-07-14 16:51:00-04:00,4056.699951171875,4057.5,4056.699951171875,4057.5,364
2026-07-14 16:52:00-04:00,4057.5,4058.39990234375,4057.0,4058.39990234375,51
2026-07-14 16:53:00-04:00,4058.5,4059.300048828125,4058.5,4058.800048828125,11
2026-07-14 16:54:00-04:00,4059.300048828125,4059.300048828125,4058.5,4058.5,9
2026-07-14 16:55:00-04:00,4058.39990234375,4059.300048828125,4058.39990234375,4058.89990234375,38
2026-07-14 16:56:00-04:00,4059.10009765625,4059.199951171875,4058.60009765625,4059.199951171875,12
2026-07-14 16:57:00-04:00,4059.199951171875,4059.5,4059.0,4059.0,12
2026-07-14 16:58:00-04:00,4059.300048828125,4059.5,4059.0,4059.300048828125,24
2026-07-14 16:59:00-04:00,4059.10009765625,4059.5,4057.699951171875,4058.300048828125,0
2026-07-14 18:00:00-04:00,4059.800048828125,4060.0,4057.89990234375,4058.199951171875,53
2026-07-14 18:01:00-04:00,4058.5,4058.60009765625,4057.699951171875,4058.199951171875,11
2026-07-14 18:02:00-04:00,4058.800048828125,4058.89990234375,4058.800048828125,4058.800048828125,7
2026-07-14 18:03:00-04:00,4058.800048828125,4059.10009765625,4057.300048828125,4058.0,19
2026-07-14 18:04:00-04:00,4058.5,4059.300048828125,4058.0,4058.60009765625,30
2026-07-14 18:05:00-04:00,4058.60009765625,4058.60009765625,4058.60009765625,4058.60009765625,16
2026-07-14 18:06:00-04:00,4058.800048828125,4058.89990234375,4058.0,4058.60009765625,14
2026-07-14 18:07:00-04:00,4058.0,4058.5,4058.0,4058.300048828125,4
2026-07-14 18:08:00-04:00,4058.0,4058.0,4057.300048828125,4057.39990234375,11
2026-07-14 18:09:00-04:00,4057.199951171875,4057.5,4057.10009765625,4057.5,5
2026-07-14 18:10:00-04:00,4057.60009765625,4057.60009765625,4055.300048828125,4055.89990234375,48
2026-07-14 18:11:00-04:00,4056.800048828125,4057.0,4056.0,4057.0,14
2026-07-14 18:12:00-04:00,4056.800048828125,4056.89990234375,4054.800048828125,4054.89990234375,24
2026-07-14 18:13:00-04:00,4055.39990234375,4056.0,4055.39990234375,4056.0,23
2026-07-14 18:14:00-04:00,4056.60009765625,4057.199951171875,4056.0,4056.89990234375,30
2026-07-14 18:15:00-04:00,4056.60009765625,4056.60009765625,4055.300048828125,4056.10009765625,26
2026-07-14 18:16:00-04:00,4056.10009765625,4056.10009765625,4054.800048828125,4055.39990234375,32
2026-07-14 18:17:00-04:00,4055.39990234375,4056.699951171875,4055.0,4056.39990234375,24
2026-07-14 18:18:00-04:00,4056.699951171875,4056.89990234375,4055.5,4056.199951171875,23
2026-07-14 18:19:00-04:00,4056.60009765625,4057.10009765625,4056.10009765625,4056.10009765625,26
2026-07-14 18:20:00-04:00,4056.10009765625,4057.5,4055.89990234375,4057.5,21
2026-07-14 18:21:00-04:00,4057.5,4058.0,4057.199951171875,4057.199951171875,14
2026-07-14 18:22:00-04:00,4057.89990234375,4057.89990234375,4057.199951171875,4057.199951171875,8
2026-07-14 18:23:00-04:00,4057.10009765625,4057.10009765625,4055.5,4055.800048828125,47
2026-07-14 18:24:00-04:00,4055.800048828125,4056.5,4055.60009765625,4056.300048828125,100
2026-07-14 18:25:00-04:00,4056.300048828125,4057.199951171875,4055.89990234375,4057.199951171875,23
2026-07-14 18:26:00-04:00,4056.5,4056.5,4056.0,4056.5,104
2026-07-14 18:27:00-04:00,4055.89990234375,4056.300048828125,4055.60009765625,4056.300048828125,98
2026-07-14 18:28:00-04:00,4055.89990234375,4057.199951171875,4055.699951171875,4057.10009765625,24
2026-07-14 18:29:00-04:00,4057.300048828125,4058.0,4056.300048828125,4058.0,24
2026-07-14 18:30:00-04:00,4057.5,4058.10009765625,4057.5,4058.10009765625,16
2026-07-14 18:31:00-04:00,4058.0,4058.0,4058.0,4058.0,2
2026-07-14 18:32:00-04:00,4057.60009765625,4058.0,4057.60009765625,4058.0,3
2026-07-14 18:33:00-04:00,4058.0,4058.89990234375,4057.5,4058.89990234375,200
2026-07-14 18:34:00-04:00,4058.5,4058.5,4058.5,4058.5,4
2026-07-14 18:35:00-04:00,4058.39990234375,4058.89990234375,4057.39990234375,4057.39990234375,203
2026-07-14 18:36:00-04:00,4057.199951171875,4057.300048828125,4056.300048828125,4056.5,237
2026-07-14 18:37:00-04:00,4056.60009765625,4057.199951171875,4056.60009765625,4057.0,8
2026-07-14 18:38:00-04:00,4057.10009765625,4057.10009765625,4056.0,4057.10009765625,35
2026-07-14 18:39:00-04:00,4057.300048828125,4057.300048828125,4056.300048828125,4056.60009765625,26
2026-07-14 18:40:00-04:00,4057.10009765625,4058.199951171875,4056.199951171875,4056.5,49
2026-07-14 18:41:00-04:00,4056.699951171875,4056.800048828125,4056.39990234375,4056.800048828125,7
2026-07-14 18:42:00-04:00,4056.89990234375,4057.199951171875,4056.199951171875,4056.199951171875,31
2026-07-14 18:43:00-04:00,4056.10009765625,4056.10009765625,4054.800048828125,4056.0,64
2026-07-14 18:44:00-04:00,4056.0,4057.199951171875,4056.0,4056.60009765625,32
2026-07-14 18:45:00-04:00,4056.800048828125,4056.89990234375,4055.800048828125,4056.0,30
2026-07-14 18:46:00-04:00,4055.800048828125,4056.10009765625,4054.5,4054.5,15
2026-07-14 18:47:00-04:00,4054.5,4055.60009765625,4054.39990234375,4055.60009765625,46
2026-07-14 18:48:00-04:00,4055.800048828125,4056.0,4055.10009765625,4055.800048828125,23
2026-07-14 18:49:00-04:00,4055.300048828125,4055.300048828125,4055.300048828125,4055.300048828125,1
2026-07-14 18:50:00-04:00,4055.60009765625,4055.60009765625,4054.60009765625,4055.300048828125,18
2026-07-14 18:51:00-04:00,4055.10009765625,4055.800048828125,4055.10009765625,4055.699951171875,18
2026-07-14 18:52:00-04:00,4055.39990234375,4056.10009765625,4055.39990234375,4056.10009765625,11
2026-07-14 18:53:00-04:00,4056.199951171875,4056.39990234375,4056.199951171875,4056.39990234375,12
2026-07-14 18:54:00-04:00,4056.0,4056.0,4055.5,4055.5,6
2026-07-14 18:55:00-04:00,4055.199951171875,4055.199951171875,4055.10009765625,4055.10009765625,5
2026-07-14 18:56:00-04:00,4055.300048828125,4055.699951171875,4055.300048828125,4055.699951171875,6
2026-07-14 18:57:00-04:00,4055.39990234375,4055.39990234375,4055.39990234375,4055.39990234375,1
2026-07-14 18:58:00-04:00,4055.300048828125,4055.39990234375,4054.300048828125,4055.300048828125,56
2026-07-14 18:59:00-04:00,4055.0,4055.10009765625,4054.699951171875,4055.10009765625,13
2026-07-14 19:00:00-04:00,4054.800048828125,4056.5,4054.199951171875,4055.300048828125,35
2026-07-14 19:01:00-04:00,4055.300048828125,4055.800048828125,4054.300048828125,4054.300048828125,27
2026-07-14 19:02:00-04:00,4054.800048828125,4054.89990234375,4054.800048828125,4054.89990234375,2
2026-07-14 19:03:00-04:00,4054.60009765625,4055.0,4054.0,4054.60009765625,31
2026-07-14 19:04:00-04:00,4055.0,4055.0,4055.0,4055.0,2
2026-07-14 19:05:00-04:00,4055.10009765625,4055.60009765625,4055.0,4055.60009765625,11
2026-07-14 19:06:00-04:00,4055.60009765625,4055.60009765625,4054.60009765625,4054.60009765625,6
2026-07-14 19:07:00-04:00,4054.39990234375,4055.300048828125,4054.39990234375,4054.5,15
2026-07-14 19:08:00-04:00,4055.10009765625,4055.10009765625,4055.10009765625,4055.10009765625,2
2026-07-14 19:09:00-04:00,4055.10009765625,4055.800048828125,4055.10009765625,4055.60009765625,10
2026-07-14 19:10:00-04:00,4055.300048828125,4055.300048828125,4053.10009765625,4054.60009765625,125
2026-07-14 19:11:00-04:00,4054.60009765625,4054.800048828125,4054.199951171875,4054.199951171875,7
2026-07-14 19:12:00-04:00,4054.10009765625,4054.10009765625,4053.199951171875,4053.800048828125,13
2026-07-14 19:13:00-04:00,4053.89990234375,4054.0,4053.300048828125,4053.300048828125,8
2026-07-14 19:14:00-04:00,4053.699951171875,4053.800048828125,4053.699951171875,4053.800048828125,2
2026-07-14 19:15:00-04:00,4054.199951171875,4054.300048828125,4054.0,4054.199951171875,9
2026-07-14 19:16:00-04:00,4054.5,4054.60009765625,4054.199951171875,4054.199951171875,5
2026-07-14 19:17:00-04:00,4053.800048828125,4053.800048828125,4052.699951171875,4052.699951171875,10
2026-07-14 19:18:00-04:00,4053.300048828125,4053.89990234375,4053.300048828125,4053.89990234375,9
2026-07-14 19:19:00-04:00,4053.699951171875,4054.5,4053.699951171875,4054.199951171875,13
2026-07-14 19:20:00-04:00,4054.199951171875,4054.5,4054.10009765625,4054.5,4
2026-07-14 19:21:00-04:00,4054.60009765625,4054.699951171875,4054.60009765625,4054.699951171875,2
2026-07-14 19:22:00-04:00,4054.89990234375,4055.300048828125,4054.800048828125,4055.10009765625,19
2026-07-14 19:23:00-04:00,4055.60009765625,4056.5,4055.60009765625,4056.5,48
2026-07-14 19:24:00-04:00,4055.89990234375,4056.300048828125,4055.800048828125,4056.0,17
2026-07-14 19:25:00-04:00,4055.60009765625,4058.300048828125,4055.199951171875,4058.300048828125,26
2026-07-14 19:26:00-04:00,4057.89990234375,4058.10009765625,4057.800048828125,4057.800048828125,6
2026-07-14 19:27:00-04:00,4057.5,4057.60009765625,4056.5,4056.5,11
2026-07-14 19:28:00-04:00,4056.89990234375,4057.5,4056.89990234375,4057.5,3
2026-07-14 19:29:00-04:00,4057.800048828125,4060.0,4057.300048828125,4059.89990234375,69
2026-07-14 19:30:00-04:00,4060.0,4060.0,4058.0,4058.89990234375,64
2026-07-14 19:31:00-04:00,4059.0,4059.0,4057.5,4058.0,35
2026-07-14 19:32:00-04:00,4057.800048828125,4059.10009765625,4057.800048828125,4058.800048828125,21
2026-07-14 19:33:00-04:00,4058.60009765625,4060.0,4058.5,4060.0,28
2026-07-14 19:34:00-04:00,4059.5,4061.10009765625,4059.5,4060.800048828125,41
2026-07-14 19:35:00-04:00,4061.0,4062.39990234375,4060.300048828125,4061.10009765625,115
2026-07-14 19:36:00-04:00,4060.89990234375,4061.699951171875,4059.800048828125,4060.60009765625,147
2026-07-14 19:37:00-04:00,4060.300048828125,4060.39990234375,4059.5,4060.39990234375,35
2026-07-14 19:38:00-04:00,4060.0,4060.0,4059.10009765625,4059.89990234375,27
2026-07-14 19:39:00-04:00,4059.60009765625,4060.10009765625,4059.0,4059.699951171875,17
2026-07-14 19:40:00-04:00,4059.699951171875,4059.699951171875,4059.699951171875,4059.699951171875,1
2026-07-14 19:41:00-04:00,4060.60009765625,4060.800048828125,4060.5,4060.5,8
2026-07-14 19:42:00-04:00,4060.199951171875,4061.5,4060.10009765625,4060.5,34
2026-07-14 19:43:00-04:00,4060.60009765625,4060.60009765625,4060.5,4060.60009765625,3
2026-07-14 19:44:00-04:00,4061.0,4061.0,4061.0,4061.0,2
2026-07-14 19:45:00-04:00,4061.0,4061.5,4060.0,4060.0,39
2026-07-14 19:46:00-04:00,4059.39990234375,4059.699951171875,4058.89990234375,4059.5,25
2026-07-14 19:47:00-04:00,4059.5,4059.5,4058.89990234375,4059.5,22
2026-07-14 19:48:00-04:00,4059.699951171875,4060.300048828125,4059.60009765625,4059.60009765625,9
2026-07-14 19:49:00-04:00,4058.699951171875,4059.0,4058.5,4058.699951171875,5
2026-07-14 19:50:00-04:00,4058.89990234375,4059.0,4058.5,4059.0,12
2026-07-14 19:51:00-04:00,4058.800048828125,4058.800048828125,4058.800048828125,4058.800048828125,5
2026-07-14 19:52:00-04:00,4059.10009765625,4059.10009765625,4058.699951171875,4058.89990234375,3
2026-07-14 19:53:00-04:00,4059.60009765625,4059.60009765625,4059.60009765625,4059.60009765625,1
2026-07-14 19:54:00-04:00,4060.0,4060.0,4059.5,4059.800048828125,7
2026-07-14 19:55:00-04:00,4060.5,4060.5,4060.0,4060.199951171875,11
2026-07-14 19:56:00-04:00,4059.800048828125,4059.800048828125,4059.5,4059.5,2
2026-07-14 19:57:00-04:00,4059.800048828125,4059.800048828125,4059.800048828125,4059.800048828125,1
2026-07-14 19:58:00-04:00,4059.60009765625,4059.60009765625,4058.800048828125,4059.10009765625,10
2026-07-14 19:59:00-04:00,4058.800048828125,4058.800048828125,4058.199951171875,4058.800048828125,9
2026-07-14 20:00:00-04:00,4059.0,4059.699951171875,4057.10009765625,4059.0,46
2026-07-14 20:01:00-04:00,4059.10009765625,4059.199951171875,4057.699951171875,4058.800048828125,26
2026-07-14 20:02:00-04:00,4058.10009765625,4060.800048828125,4058.0,4059.5,21
2026-07-14 20:03:00-04:00,4059.699951171875,4061.199951171875,4058.60009765625,4061.199951171875,8
2026-07-14 20:04:00-04:00,4061.0,4062.60009765625,4060.800048828125,4060.800048828125,18
2026-07-14 20:05:00-04:00,4061.10009765625,4061.39990234375,4059.699951171875,4059.699951171875,7
2026-07-14 20:06:00-04:00,4059.699951171875,4061.800048828125,4058.800048828125,4061.800048828125,24
2026-07-14 20:07:00-04:00,4061.0,4061.699951171875,4060.5,4061.699951171875,9
2026-07-14 20:08:00-04:00,4061.800048828125,4061.800048828125,4060.199951171875,4060.60009765625,19
2026-07-14 20:09:00-04:00,4060.300048828125,4060.300048828125,4059.0,4060.0,24
2026-07-14 20:10:00-04:00,4060.0,4060.0,4059.800048828125,4059.800048828125,10
2026-07-14 20:11:00-04:00,4059.699951171875,4061.39990234375,4059.0,4060.800048828125,28
2026-07-14 20:12:00-04:00,4060.5,4060.800048828125,4059.0,4059.0,8
2026-07-14 20:13:00-04:00,4058.699951171875,4059.39990234375,4058.300048828125,4058.60009765625,12
2026-07-14 20:14:00-04:00,4057.39990234375,4057.39990234375,4057.300048828125,4057.300048828125,2
2026-07-14 20:15:00-04:00,4057.699951171875,4059.699951171875,4057.5,4059.300048828125,54
2026-07-14 20:16:00-04:00,4058.800048828125,4059.300048828125,4058.60009765625,4059.300048828125,11
2026-07-14 20:17:00-04:00,4059.10009765625,4059.39990234375,4058.300048828125,4059.10009765625,11
2026-07-14 20:18:00-04:00,4059.300048828125,4062.199951171875,4058.89990234375,4060.60009765625,56
2026-07-14 20:19:00-04:00,4060.39990234375,4060.5,4058.199951171875,4058.60009765625,32
2026-07-14 20:20:00-04:00,4058.199951171875,4059.5,4058.0,4058.89990234375,66
2026-07-14 20:21:00-04:00,4059.0,4060.39990234375,4058.10009765625,4059.39990234375,71
2026-07-14 20:22:00-04:00,4059.699951171875,4059.89990234375,4058.39990234375,4059.300048828125,47
2026-07-14 20:23:00-04:00,4059.60009765625,4062.89990234375,4059.199951171875,4062.39990234375,65
2026-07-14 20:24:00-04:00,4061.699951171875,4062.39990234375,4061.699951171875,4062.10009765625,10
2026-07-14 20:25:00-04:00,4062.0,4063.199951171875,4061.699951171875,4062.300048828125,39
2026-07-14 20:26:00-04:00,4062.199951171875,4063.60009765625,4061.300048828125,4063.10009765625,57
2026-07-14 20:27:00-04:00,4063.10009765625,4063.699951171875,4062.89990234375,4063.39990234375,22
2026-07-14 20:28:00-04:00,4063.10009765625,4063.800048828125,4062.60009765625,4063.60009765625,41
2026-07-14 20:29:00-04:00,4063.800048828125,4064.89990234375,4063.800048828125,4064.699951171875,64
2026-07-14 20:30:00-04:00,4065.0,4065.199951171875,4062.800048828125,4063.300048828125,48
2026-07-14 20:31:00-04:00,4063.10009765625,4063.199951171875,4061.699951171875,4062.199951171875,24
2026-07-14 20:32:00-04:00,4062.5,4063.699951171875,4062.5,4062.699951171875,93
2026-07-14 20:33:00-04:00,4062.5,4062.5,4061.89990234375,4062.10009765625,18
2026-07-14 20:34:00-04:00,4062.199951171875,4062.89990234375,4062.199951171875,4062.89990234375,3
2026-07-14 20:35:00-04:00,4062.5,4062.5,4060.800048828125,4061.39990234375,47
2026-07-14 20:36:00-04:00,4061.10009765625,4061.300048828125,4060.0,4060.300048828125,42
2026-07-14 20:37:00-04:00,4059.89990234375,4060.300048828125,4058.699951171875,4060.10009765625,27
2026-07-14 20:38:00-04:00,4060.39990234375,4062.0,4060.39990234375,4061.60009765625,130
2026-07-14 20:39:00-04:00,4061.5,4061.5,4059.300048828125,4060.5,31
2026-07-14 20:40:00-04:00,4060.800048828125,4061.0,4060.800048828125,4061.0,2
2026-07-14 20:41:00-04:00,4060.10009765625,4060.60009765625,4059.39990234375,4059.39990234375,11
2026-07-14 20:42:00-04:00,4059.60009765625,4060.699951171875,4059.300048828125,4060.0,27
2026-07-14 20:43:00-04:00,4060.699951171875,4060.699951171875,4059.5,4059.699951171875,22
2026-07-14 20:44:00-04:00,4060.199951171875,4061.0,4060.199951171875,4060.89990234375,19
2026-07-14 20:45:00-04:00,4060.699951171875,4062.199951171875,4060.5,4062.199951171875,63
2026-07-14 20:46:00-04:00,4061.800048828125,4062.60009765625,4061.60009765625,4062.5,19
2026-07-14 20:47:00-04:00,4062.39990234375,4063.199951171875,4062.0,4063.199951171875,13
2026-07-14 20:48:00-04:00,4063.199951171875,4063.300048828125,4061.39990234375,4061.60009765625,18
2026-07-14 20:49:00-04:00,4061.800048828125,4061.800048828125,4060.699951171875,4061.5,36
2026-07-14 20:50:00-04:00,4061.10009765625,4062.5,4061.0,4062.5,13
2026-07-14 20:51:00-04:00,4061.5,4062.5,4061.5,4061.60009765625,10
2026-07-14 20:52:00-04:00,4062.89990234375,4063.60009765625,4062.800048828125,4063.300048828125,30
2026-07-14 20:53:00-04:00,4063.300048828125,4063.300048828125,4062.800048828125,4063.300048828125,10
2026-07-14 20:54:00-04:00,4063.39990234375,4064.300048828125,4062.800048828125,4064.199951171875,22
2026-07-14 20:55:00-04:00,4064.39990234375,4065.89990234375,4064.39990234375,4065.0,31
2026-07-14 20:56:00-04:00,4064.5,4064.699951171875,4063.60009765625,4064.699951171875,90
2026-07-14 20:57:00-04:00,4064.5,4065.60009765625,4064.300048828125,4065.60009765625,18
2026-07-14 20:58:00-04:00,4065.89990234375,4066.199951171875,4065.10009765625,4065.60009765625,25
2026-07-14 20:59:00-04:00,4065.89990234375,4067.199951171875,4064.89990234375,4065.10009765625,72
2026-07-14 21:00:00-04:00,4066.300048828125,4068.60009765625,4065.39990234375,4068.300048828125,131
2026-07-14 21:01:00-04:00,4068.10009765625,4068.10009765625,4065.199951171875,4066.10009765625,44
2026-07-14 21:02:00-04:00,4066.0,4066.0,4064.0,4064.39990234375,30
2026-07-14 21:03:00-04:00,4064.800048828125,4065.39990234375,4061.89990234375,4062.39990234375,110
2026-07-14 21:04:00-04:00,4062.39990234375,4064.5,4062.39990234375,4064.5,25
2026-07-14 21:05:00-04:00,4064.10009765625,4064.10009765625,4062.60009765625,4062.699951171875,21
2026-07-14 21:06:00-04:00,4062.699951171875,4068.199951171875,4061.300048828125,4066.0,256
2026-07-14 21:07:00-04:00,4065.300048828125,4065.300048828125,4063.199951171875,4064.10009765625,74
2026-07-14 21:08:00-04:00,4064.300048828125,4064.800048828125,4063.60009765625,4064.300048828125,22
2026-07-14 21:09:00-04:00,4064.5,4064.699951171875,4063.0,4063.10009765625,28
2026-07-14 21:10:00-04:00,4063.10009765625,4066.0,4063.10009765625,4065.10009765625,77
2026-07-14 21:11:00-04:00,4064.39990234375,4065.0,4062.39990234375,4063.5,27
2026-07-14 21:12:00-04:00,4063.800048828125,4065.199951171875,4063.800048828125,4064.800048828125,9
2026-07-14 21:13:00-04:00,4064.699951171875,4065.300048828125,4063.89990234375,4065.10009765625,30
2026-07-14 21:14:00-04:00,4063.60009765625,4063.60009765625,4061.5,4062.300048828125,39
2026-07-14 21:15:00-04:00,4062.0,4063.5,4061.5,4063.199951171875,20
2026-07-14 21:16:00-04:00,4062.699951171875,4062.699951171875,4060.800048828125,4060.800048828125,46
2026-07-14 21:17:00-04:00,4061.10009765625,4061.800048828125,4060.0,4061.699951171875,47
2026-07-14 21:18:00-04:00,4062.0,4062.39990234375,4061.300048828125,4061.800048828125,22
2026-07-14 21:19:00-04:00,4062.199951171875,4063.0,4061.199951171875,4061.89990234375,28
2026-07-14 21:20:00-04:00,4061.89990234375,4062.199951171875,4059.0,4060.60009765625,90
2026-07-14 21:21:00-04:00,4060.300048828125,4061.5,4059.5,4059.5,30
2026-07-14 21:22:00-04:00,4059.89990234375,4060.39990234375,4059.199951171875,4059.89990234375,29
2026-07-14 21:23:00-04:00,4060.199951171875,4060.699951171875,4059.89990234375,4060.199951171875,31
2026-07-14 21:24:00-04:00,4060.60009765625,4062.199951171875,4060.300048828125,4060.39990234375,27
2026-07-14 21:25:00-04:00,4060.60009765625,4061.199951171875,4060.39990234375,4060.89990234375,19
2026-07-14 21:26:00-04:00,4060.60009765625,4062.5,4060.60009765625,4062.5,20
2026-07-14 21:27:00-04:00,4062.5,4062.699951171875,4061.60009765625,4062.699951171875,24
2026-07-14 21:28:00-04:00,4062.800048828125,4063.0,4061.89990234375,4062.89990234375,18
2026-07-14 21:29:00-04:00,4062.699951171875,4063.10009765625,4060.300048828125,4061.0,27
2026-07-14 21:30:00-04:00,4061.0,4061.199951171875,4058.300048828125,4059.0,56
2026-07-14 21:31:00-04:00,4058.199951171875,4058.39990234375,4056.10009765625,4057.5,124
2026-07-14 21:32:00-04:00,4057.60009765625,4057.800048828125,4055.89990234375,4057.699951171875,52
2026-07-14 21:33:00-04:00,4056.89990234375,4056.89990234375,4053.199951171875,4053.199951171875,186
2026-07-14 21:34:00-04:00,4053.60009765625,4057.0,4053.60009765625,4057.0,65
2026-07-14 21:35:00-04:00,4056.89990234375,4056.89990234375,4051.39990234375,4052.60009765625,114
2026-07-14 21:36:00-04:00,4052.5,4053.5,4052.199951171875,4053.5,23
2026-07-14 21:37:00-04:00,4053.199951171875,4053.39990234375,4052.60009765625,4053.199951171875,19
2026-07-14 21:38:00-04:00,4052.89990234375,4053.10009765625,4052.0,4052.10009765625,17
2026-07-14 21:39:00-04:00,4052.199951171875,4053.39990234375,4052.199951171875,4052.39990234375,30
2026-07-14 21:40:00-04:00,4052.60009765625,4052.60009765625,4045.10009765625,4045.89990234375,359
2026-07-14 21:41:00-04:00,4045.89990234375,4047.300048828125,4044.0,4046.10009765625,213
2026-07-14 21:42:00-04:00,4045.39990234375,4046.89990234375,4043.199951171875,4043.60009765625,131
2026-07-14 21:43:00-04:00,4043.300048828125,4045.89990234375,4042.5,4044.5,105
2026-07-14 21:44:00-04:00,4042.800048828125,4044.89990234375,4042.800048828125,4044.800048828125,36
2026-07-14 21:45:00-04:00,4045.39990234375,4046.60009765625,4044.39990234375,4045.300048828125,58
2026-07-14 21:46:00-04:00,4045.10009765625,4048.199951171875,4043.800048828125,4047.89990234375,168
2026-07-14 21:47:00-04:00,4048.0,4048.60009765625,4046.699951171875,4046.89990234375,48
2026-07-14 21:48:00-04:00,4047.300048828125,4047.300048828125,4045.0,4045.800048828125,60
2026-07-14 21:49:00-04:00,4046.5,4048.10009765625,4046.199951171875,4048.0,25
2026-07-14 21:50:00-04:00,4047.300048828125,4047.5,4045.5,4046.60009765625,43
2026-07-14 21:51:00-04:00,4046.300048828125,4046.39990234375,4045.0,4045.5,19
2026-07-14 21:52:00-04:00,4045.5,4045.60009765625,4043.800048828125,4043.800048828125,83
2026-07-14 21:53:00-04:00,4044.300048828125,4046.5,4044.300048828125,4046.199951171875,47
2026-07-14 21:54:00-04:00,4045.800048828125,4047.39990234375,4045.0,4046.89990234375,26
2026-07-14 21:55:00-04:00,4047.10009765625,4047.10009765625,4045.0,4045.5,34
2026-07-14 21:56:00-04:00,4045.699951171875,4046.0,4044.300048828125,4044.699951171875,28
2026-07-14 21:57:00-04:00,4044.60009765625,4044.89990234375,4042.5,4043.10009765625,45
2026-07-14 21:58:00-04:00,4043.800048828125,4043.800048828125,4041.199951171875,4043.39990234375,91
2026-07-14 21:59:00-04:00,4043.39990234375,4043.800048828125,4042.60009765625,4042.89990234375,45
2026-07-14 22:00:00-04:00,4043.0,4043.800048828125,4041.0,4041.800048828125,64
2026-07-14 22:01:00-04:00,4041.800048828125,4043.10009765625,4039.60009765625,4040.800048828125,252
2026-07-14 22:02:00-04:00,4040.89990234375,4043.89990234375,4040.89990234375,4043.10009765625,0
