time,open,high,low,close,volume
2026-07-06 00:00:00-04:00,7542.5,7542.5,7539.75,7540.75,0
2026-07-06 00:01:00-04:00,7541.0,7541.5,7540.5,7541.0,98
2026-07-06 00:02:00-04:00,7541.25,7541.25,7540.25,7540.75,92
2026-07-06 00:03:00-04:00,7540.75,7542.25,7539.75,7542.25,138
2026-07-06 00:04:00-04:00,7542.0,7543.5,7542.0,7543.25,267
2026-07-06 00:05:00-04:00,7543.25,7544.0,7542.75,7542.75,304
2026-07-06 00:06:00-04:00,7542.75,7543.25,7541.5,7542.5,132
2026-07-06 00:07:00-04:00,7542.25,7542.5,7541.5,7542.0,77
2026-07-06 00:08:00-04:00,7542.25,7543.0,7542.0,7542.0,96
2026-07-06 00:09:00-04:00,7542.0,7542.0,7540.5,7541.5,116
2026-07-06 00:10:00-04:00,7541.5,7543.75,7541.5,7543.5,169
2026-07-06 00:11:00-04:00,7543.5,7545.0,7543.5,7545.0,237
2026-07-06 00:12:00-04:00,7544.75,7545.75,7544.5,7545.5,188
2026-07-06 00:13:00-04:00,7545.5,7546.25,7545.5,7546.25,224
2026-07-06 00:14:00-04:00,7546.0,7547.0,7545.75,7546.5,194
2026-07-06 00:15:00-04:00,7546.5,7547.25,7546.0,7546.75,215
2026-07-06 00:16:00-04:00,7546.75,7547.5,7546.25,7547.25,187
2026-07-06 00:17:00-04:00,7547.25,7547.25,7545.5,7545.5,173
2026-07-06 00:18:00-04:00,7546.0,7547.25,7545.75,7547.0,148
2026-07-06 00:19:00-04:00,7547.25,7547.5,7546.75,7547.0,129
2026-07-06 00:20:00-04:00,7547.0,7547.5,7546.75,7547.25,137
2026-07-06 00:21:00-04:00,7546.75,7547.0,7546.0,7546.75,105
2026-07-06 00:22:00-04:00,7546.75,7547.5,7546.0,7546.25,137
2026-07-06 00:23:00-04:00,7546.25,7547.75,7546.0,7546.75,196
2026-07-06 00:24:00-04:00,7547.0,7547.75,7547.0,7547.5,68
2026-07-06 00:25:00-04:00,7547.75,7547.75,7546.75,7547.25,106
2026-07-06 00:26:00-04:00,7547.25,7547.75,7546.5,7546.75,102
2026-07-06 00:27:00-04:00,7547.0,7548.75,7547.0,7547.75,225
2026-07-06 00:28:00-04:00,7547.5,7548.0,7546.75,7548.0,81
2026-07-06 00:29:00-04:00,7547.75,7548.25,7547.75,7547.75,80
2026-07-06 00:30:00-04:00,7547.75,7549.25,7547.5,7549.0,242
2026-07-06 00:31:00-04:00,7548.75,7550.0,7548.0,7548.5,432
2026-07-06 00:32:00-04:00,7548.5,7548.5,7547.5,7548.25,118
2026-07-06 00:33:00-04:00,7548.5,7549.25,7548.25,7549.0,198
2026-07-06 00:34:00-04:00,7548.75,7548.75,7547.0,7547.25,225
2026-07-06 00:35:00-04:00,7547.25,7548.5,7547.0,7548.25,159
2026-07-06 00:36:00-04:00,7548.0,7548.5,7547.5,7547.75,94
2026-07-06 00:37:00-04:00,7547.75,7549.75,7547.5,7549.25,273
2026-07-06 00:38:00-04:00,7549.25,7549.75,7549.0,7549.25,142
2026-07-06 00:39:00-04:00,7549.25,7549.75,7549.0,7549.5,114
2026-07-06 00:40:00-04:00,7549.5,7549.5,7548.5,7548.75,106
2026-07-06 00:41:00-04:00,7549.0,7550.0,7549.0,7549.25,180
2026-07-06 00:42:00-04:00,7549.25,7551.25,7549.0,7551.0,249
2026-07-06 00:43:00-04:00,7551.0,7551.5,7550.75,7551.25,159
2026-07-06 00:44:00-04:00,7551.25,7551.75,7550.5,7551.0,158
2026-07-06 00:45:00-04:00,7550.75,7551.5,7550.0,7551.0,140
2026-07-06 00:46:00-04:00,7550.75,7551.5,7550.25,7550.5,94
2026-07-06 00:47:00-04:00,7550.5,7550.75,7549.5,7549.75,146
2026-07-06 00:48:00-04:00,7550.0,7550.5,7549.25,7550.25,101
2026-07-06 00:49:00-04:00,7550.5,7551.5,7550.0,7550.25,101
2026-07-06 00:50:00-04:00,7550.0,7551.25,7549.5,7550.5,141
2026-07-06 00:51:00-04:00,7550.5,7550.75,7549.75,7549.75,76
2026-07-06 00:52:00-04:00,7550.0,7551.0,7550.0,7550.75,32
2026-07-06 00:53:00-04:00,7550.75,7551.0,7550.25,7550.5,104
2026-07-06 00:54:00-04:00,7550.5,7551.25,7549.5,7551.25,100
2026-07-06 00:55:00-04:00,7551.25,7552.0,7551.0,7551.5,103
2026-07-06 00:56:00-04:00,7551.25,7553.0,7551.25,7552.25,275
2026-07-06 00:57:00-04:00,7552.5,7552.5,7551.75,7552.0,198
2026-07-06 00:58:00-04:00,7552.25,7552.5,7551.75,7552.0,178
2026-07-06 00:59:00-04:00,7552.0,7552.5,7551.5,7552.0,91
2026-07-06 01:00:00-04:00,7552.5,7552.75,7551.5,7551.75,125
2026-07-06 01:01:00-04:00,7551.75,7551.75,7550.75,7551.5,121
2026-07-06 01:02:00-04:00,7551.0,7551.25,7550.5,7550.5,157
2026-07-06 01:03:00-04:00,7551.0,7551.25,7550.0,7550.5,208
2026-07-06 01:04:00-04:00,7550.25,7550.5,7549.25,7549.75,202
2026-07-06 01:05:00-04:00,7549.5,7551.5,7549.5,7551.0,172
2026-07-06 01:06:00-04:00,7551.0,7552.0,7550.75,7551.75,106
2026-07-06 01:07:00-04:00,7551.75,7553.75,7551.25,7553.5,289
2026-07-06 01:08:00-04:00,7553.75,7554.0,7551.5,7551.5,265
2026-07-06 01:09:00-04:00,7551.5,7552.0,7551.25,7551.25,89
2026-07-06 01:10:00-04:00,7551.5,7553.0,7551.0,7553.0,143
2026-07-06 01:11:00-04:00,7552.75,7554.0,7552.75,7553.75,170
2026-07-06 01:12:00-04:00,7553.5,7553.5,7552.5,7552.75,65
2026-07-06 01:13:00-04:00,7552.5,7553.0,7552.0,7552.5,52
2026-07-06 01:14:00-04:00,7552.25,7553.0,7552.25,7552.75,61
2026-07-06 01:15:00-04:00,7552.75,7553.5,7552.5,7553.5,129
2026-07-06 01:16:00-04:00,7553.75,7554.5,7553.25,7553.5,107
2026-07-06 01:17:00-04:00,7553.5,7553.75,7553.0,7553.75,52
2026-07-06 01:18:00-04:00,7553.75,7554.25,7553.0,7554.25,39
2026-07-06 01:19:00-04:00,7554.5,7554.5,7554.0,7554.25,86
2026-07-06 01:20:00-04:00,7554.25,7554.75,7552.5,7552.5,133
2026-07-06 01:21:00-04:00,7552.5,7552.5,7549.5,7550.0,340
2026-07-06 01:22:00-04:00,7549.75,7550.5,7549.25,7550.0,271
2026-07-06 01:23:00-04:00,7550.0,7551.25,7549.75,7550.75,207
2026-07-06 01:24:00-04:00,7550.5,7551.25,7550.0,7550.5,173
2026-07-06 01:25:00-04:00,7550.0,7551.0,7549.25,7550.5,218
2026-07-06 01:26:00-04:00,7551.0,7551.75,7550.5,7550.5,110
2026-07-06 01:27:00-04:00,7550.5,7551.25,7548.75,7549.5,231
2026-07-06 01:28:00-04:00,7550.0,7550.5,7549.5,7550.25,86
2026-07-06 01:29:00-04:00,7550.5,7550.5,7548.5,7549.0,200
2026-07-06 01:30:00-04:00,7549.0,7549.0,7546.75,7547.25,419
2026-07-06 01:31:00-04:00,7547.5,7547.75,7545.5,7546.5,198
2026-07-06 01:32:00-04:00,7546.75,7547.5,7546.5,7547.0,144
2026-07-06 01:33:00-04:00,7546.5,7547.0,7545.5,7546.0,115
2026-07-06 01:34:00-04:00,7546.0,7546.25,7544.75,7545.75,145
2026-07-06 01:35:00-04:00,7545.5,7546.75,7545.5,7546.5,139
2026-07-06 01:36:00-04:00,7547.0,7548.0,7546.5,7547.75,245
2026-07-06 01:37:00-04:00,7547.75,7548.5,7547.5,7548.25,172
2026-07-06 01:38:00-04:00,7547.75,7548.5,7547.25,7548.0,94
2026-07-06 01:39:00-04:00,7548.25,7548.25,7547.5,7547.75,67
2026-07-06 01:40:00-04:00,7547.5,7550.25,7547.5,7550.25,368
2026-07-06 01:41:00-04:00,7550.0,7550.5,7549.5,7549.75,166
2026-07-06 01:42:00-04:00,7550.0,7550.5,7549.75,7550.5,216
2026-07-06 01:43:00-04:00,7550.75,7552.0,7550.5,7551.0,237
2026-07-06 01:44:00-04:00,7551.25,7552.0,7550.25,7550.5,63
2026-07-06 01:45:00-04:00,7550.5,7551.0,7549.75,7550.0,110
2026-07-06 01:46:00-04:00,7549.75,7550.0,7549.25,7549.5,182
2026-07-06 01:47:00-04:00,7549.25,7549.75,7548.25,7548.75,147
2026-07-06 01:48:00-04:00,7548.75,7549.0,7548.25,7548.5,102
2026-07-06 01:49:00-04:00,7548.25,7548.75,7548.25,7548.5,70
2026-07-06 01:50:00-04:00,7548.75,7549.75,7548.25,7548.75,120
2026-07-06 01:51:00-04:00,7549.0,7549.75,7549.0,7549.0,44
2026-07-06 01:52:00-04:00,7549.25,7550.5,7549.25,7550.5,114
2026-07-06 01:53:00-04:00,7550.5,7551.0,7550.25,7551.0,100
2026-07-06 01:54:00-04:00,7551.0,7552.5,7550.75,7551.75,199
2026-07-06 01:55:00-04:00,7551.75,7552.25,7551.25,7551.5,117
2026-07-06 01:56:00-04:00,7551.5,7551.75,7551.0,7551.0,65
2026-07-06 01:57:00-04:00,7551.25,7551.25,7550.75,7550.75,43
2026-07-06 01:58:00-04:00,7551.0,7551.0,7550.25,7550.5,63
2026-07-06 01:59:00-04:00,7550.5,7551.0,7549.5,7549.75,96
2026-07-06 02:00:00-04:00,7550.0,7552.0,7550.0,7551.25,164
2026-07-06 02:01:00-04:00,7551.0,7552.25,7551.0,7551.25,89
2026-07-06 02:02:00-04:00,7551.0,7551.5,7550.5,7551.0,66
2026-07-06 02:03:00-04:00,7551.25,7551.25,7549.25,7551.25,166
2026-07-06 02:04:00-04:00,7550.75,7551.0,7550.0,7550.5,48
2026-07-06 02:05:00-04:00,7551.0,7551.5,7550.0,7550.25,67
2026-07-06 02:06:00-04:00,7550.25,7550.5,7548.5,7550.25,174
2026-07-06 02:07:00-04:00,7550.0,7550.25,7549.25,7549.75,85
2026-07-06 02:08:00-04:00,7549.5,7550.25,7549.25,7550.25,44
2026-07-06 02:09:00-04:00,7549.25,7549.75,7548.75,7549.0,109
2026-07-06 02:10:00-04:00,7548.75,7549.25,7547.5,7548.25,144
2026-07-06 02:11:00-04:00,7548.25,7548.5,7547.5,7547.5,119
2026-07-06 02:12:00-04:00,7547.5,7547.75,7546.75,7547.75,196
2026-07-06 02:13:00-04:00,7547.5,7547.5,7546.25,7546.5,77
2026-07-06 02:14:00-04:00,7546.75,7547.0,7546.25,7547.0,41
2026-07-06 02:15:00-04:00,7546.75,7547.75,7546.25,7547.25,125
2026-07-06 02:16:00-04:00,7547.25,7548.0,7547.0,7547.75,79
2026-07-06 02:17:00-04:00,7547.75,7549.0,7547.5,7548.0,87
2026-07-06 02:18:00-04:00,7548.25,7548.5,7547.25,7548.25,88
2026-07-06 02:19:00-04:00,7548.25,7548.25,7547.25,7547.75,45
2026-07-06 02:20:00-04:00,7547.5,7547.5,7547.0,7547.5,51
2026-07-06 02:21:00-04:00,7547.5,7548.5,7547.5,7548.5,60
2026-07-06 02:22:00-04:00,7548.25,7548.75,7547.0,7547.5,110
2026-07-06 02:23:00-04:00,7547.5,7548.75,7547.5,7548.25,74
2026-07-06 02:24:00-04:00,7548.25,7549.75,7547.75,7549.0,111
2026-07-06 02:25:00-04:00,7549.25,7551.5,7548.5,7551.5,193
2026-07-06 02:26:00-04:00,7551.5,7551.5,7550.75,7551.25,167
2026-07-06 02:27:00-04:00,7551.25,7551.75,7551.25,7551.75,49
2026-07-06 02:28:00-04:00,7551.5,7551.75,7551.0,7551.75,54
2026-07-06 02:29:00-04:00,7551.5,7551.5,7550.75,7551.0,59
2026-07-06 02:30:00-04:00,7550.75,7552.5,7550.0,7550.5,323
2026-07-06 02:31:00-04:00,7550.75,7551.25,7550.25,7550.25,85
2026-07-06 02:32:00-04:00,7550.75,7551.5,7550.75,7551.5,49
2026-07-06 02:33:00-04:00,7551.75,7553.75,7551.5,7552.5,203
2026-07-06 02:34:00-04:00,7552.75,7553.5,7552.25,7553.0,127
2026-07-06 02:35:00-04:00,7553.25,7554.0,7553.0,7553.75,232
2026-07-06 02:36:00-04:00,7554.0,7554.0,7553.0,7553.0,141
2026-07-06 02:37:00-04:00,7553.25,7554.25,7553.0,7554.0,193
2026-07-06 02:38:00-04:00,7553.75,7554.25,7553.5,7554.25,116
2026-07-06 02:39:00-04:00,7554.25,7554.5,7553.5,7553.75,110
2026-07-06 02:40:00-04:00,7554.0,7555.0,7553.75,7554.5,397
2026-07-06 02:41:00-04:00,7554.5,7555.75,7554.5,7555.0,300
2026-07-06 02:42:00-04:00,7554.75,7555.25,7554.0,7554.5,172
2026-07-06 02:43:00-04:00,7554.75,7555.5,7554.75,7555.25,53
2026-07-06 02:44:00-04:00,7555.0,7555.5,7554.5,7555.0,79
2026-07-06 02:45:00-04:00,7554.75,7555.0,7553.25,7554.0,164
2026-07-06 02:46:00-04:00,7553.75,7554.25,7552.5,7553.25,258
2026-07-06 02:47:00-04:00,7553.0,7553.5,7552.75,7553.5,52
2026-07-06 02:48:00-04:00,7553.5,7554.0,7553.5,7553.5,106
2026-07-06 02:49:00-04:00,7553.5,7554.0,7553.25,7553.75,47
2026-07-06 02:50:00-04:00,7553.75,7554.25,7553.25,7554.0,44
2026-07-06 02:51:00-04:00,7554.0,7555.0,7554.0,7554.5,128
2026-07-06 02:52:00-04:00,7554.25,7554.5,7554.0,7554.25,40
2026-07-06 02:53:00-04:00,7554.25,7554.25,7552.75,7552.75,92
2026-07-06 02:54:00-04:00,7553.0,7553.75,7552.75,7553.75,46
2026-07-06 02:55:00-04:00,7553.5,7554.25,7553.0,7553.75,86
2026-07-06 02:56:00-04:00,7553.75,7554.25,7553.25,7553.25,38
2026-07-06 02:57:00-04:00,7553.25,7553.5,7553.0,7553.25,56
2026-07-06 02:58:00-04:00,7553.5,7554.0,7553.5,7554.0,45
2026-07-06 02:59:00-04:00,7554.0,7554.75,7553.25,7554.5,104
2026-07-06 03:00:00-04:00,7554.25,7555.0,7553.5,7554.0,294
2026-07-06 03:01:00-04:00,7554.25,7554.5,7552.5,7552.75,126
2026-07-06 03:02:00-04:00,7553.0,7553.25,7552.5,7553.0,126
2026-07-06 03:03:00-04:00,7553.0,7554.25,7552.75,7553.75,101
2026-07-06 03:04:00-04:00,7553.75,7555.75,7553.75,7555.5,132
2026-07-06 03:05:00-04:00,7555.75,7558.0,7555.75,7556.75,642
2026-07-06 03:06:00-04:00,7556.75,7557.5,7556.5,7556.75,186
2026-07-06 03:07:00-04:00,7556.5,7557.0,7555.5,7557.0,159
2026-07-06 03:08:00-04:00,7557.0,7557.25,7556.5,7557.25,83
2026-07-06 03:09:00-04:00,7557.5,7557.75,7556.25,7556.25,151
2026-07-06 03:10:00-04:00,7556.5,7557.75,7556.25,7557.5,131
2026-07-06 03:11:00-04:00,7557.5,7557.5,7556.75,7557.25,93
2026-07-06 03:12:00-04:00,7557.5,7557.75,7557.0,7557.0,59
2026-07-06 03:13:00-04:00,7556.75,7556.75,7555.25,7555.5,327
2026-07-06 03:14:00-04:00,7555.5,7556.25,7555.5,7556.25,67
2026-07-06 03:15:00-04:00,7556.5,7557.75,7556.5,7557.25,112
2026-07-06 03:16:00-04:00,7557.25,7557.5,7556.75,7556.75,74
2026-07-06 03:17:00-04:00,7556.75,7557.75,7556.5,7557.25,71
2026-07-06 03:18:00-04:00,7557.5,7557.75,7556.75,7556.75,79
2026-07-06 03:19:00-04:00,7557.0,7558.75,7556.75,7558.5,345
2026-07-06 03:20:00-04:00,7558.75,7558.75,7558.0,7558.25,181
2026-07-06 03:21:00-04:00,7558.0,7558.25,7557.0,7557.0,82
2026-07-06 03:22:00-04:00,7557.25,7557.25,7556.0,7556.75,86
2026-07-06 03:23:00-04:00,7556.5,7557.0,7556.0,7556.5,125
2026-07-06 03:24:00-04:00,7556.75,7557.0,7555.75,7556.75,66
2026-07-06 03:25:00-04:00,7556.75,7556.75,7555.5,7555.75,75
2026-07-06 03:26:00-04:00,7556.0,7556.5,7555.75,7555.75,93
2026-07-06 03:27:00-04:00,7555.5,7556.5,7555.5,7556.0,59
2026-07-06 03:28:00-04:00,7555.75,7556.25,7555.0,7555.0,125
2026-07-06 03:29:00-04:00,7555.0,7556.0,7554.5,7555.25,232
2026-07-06 03:30:00-04:00,7555.5,7556.0,7554.5,7555.5,114
2026-07-06 03:31:00-04:00,7555.5,7557.25,7555.5,7557.0,82
2026-07-06 03:32:00-04:00,7557.0,7558.0,7557.0,7558.0,108
2026-07-06 03:33:00-04:00,7558.0,7558.0,7557.5,7557.75,135
2026-07-06 03:34:00-04:00,7557.75,7558.5,7557.75,7558.0,144
2026-07-06 03:35:00-04:00,7558.0,7559.0,7557.75,7558.25,98
2026-07-06 03:36:00-04:00,7558.25,7558.5,7557.25,7557.75,61
2026-07-06 03:37:00-04:00,7557.75,7557.75,7556.75,7557.25,100
2026-07-06 03:38:00-04:00,7557.0,7557.25,7556.5,7556.5,48
2026-07-06 03:39:00-04:00,7556.75,7557.5,7556.5,7557.25,41
2026-07-06 03:40:00-04:00,7558.0,7559.0,7558.0,7558.5,105
2026-07-06 03:41:00-04:00,7559.0,7559.5,7558.5,7558.75,138
2026-07-06 03:42:00-04:00,7559.0,7559.5,7559.0,7559.25,32
2026-07-06 03:43:00-04:00,7559.5,7561.5,7559.25,7561.25,397
2026-07-06 03:44:00-04:00,7561.5,7563.0,7561.5,7562.5,324
2026-07-06 03:45:00-04:00,7562.5,7562.75,7561.5,7561.5,140
2026-07-06 03:46:00-04:00,7561.5,7562.0,7561.25,7561.5,121
2026-07-06 03:47:00-04:00,7561.5,7562.25,7561.5,7562.0,98
2026-07-06 03:48:00-04:00,7562.0,7562.25,7561.5,7561.75,119
2026-07-06 03:49:00-04:00,7561.5,7562.75,7561.5,7562.25,171
2026-07-06 03:50:00-04:00,7562.25,7563.0,7561.75,7562.0,160
2026-07-06 03:51:00-04:00,7562.25,7562.25,7561.75,7562.0,55
2026-07-06 03:52:00-04:00,7562.25,7562.75,7562.0,7562.0,50
2026-07-06 03:53:00-04:00,7562.0,7562.25,7561.5,7562.0,71
2026-07-06 03:54:00-04:00,7562.0,7562.5,7562.0,7562.25,60
2026-07-06 03:55:00-04:00,7562.25,7562.5,7561.5,7561.5,42
2026-07-06 03:56:00-04:00,7561.5,7562.75,7561.5,7562.25,101
2026-07-06 03:57:00-04:00,7562.25,7562.75,7561.75,7562.75,70
2026-07-06 03:58:00-04:00,7562.75,7563.5,7562.5,7563.5,145
2026-07-06 03:59:00-04:00,7563.25,7563.5,7562.75,7563.0,117
2026-07-06 04:00:00-04:00,7563.0,7564.5,7562.0,7564.0,446
2026-07-06 04:01:00-04:00,7564.25,7564.5,7563.5,7564.25,117
2026-07-06 04:02:00-04:00,7564.25,7566.0,7563.75,7564.25,423
2026-07-06 04:03:00-04:00,7564.25,7564.75,7563.25,7564.0,206
2026-07-06 04:04:00-04:00,7564.25,7564.75,7564.0,7564.25,103
2026-07-06 04:05:00-04:00,7564.25,7565.0,7563.75,7564.75,207
2026-07-06 04:06:00-04:00,7564.75,7565.75,7564.25,7565.25,149
2026-07-06 04:07:00-04:00,7565.0,7565.5,7564.5,7564.5,97
2026-07-06 04:08:00-04:00,7564.5,7565.5,7564.25,7565.25,102
2026-07-06 04:09:00-04:00,7565.5,7566.75,7565.25,7565.5,295
2026-07-06 04:10:00-04:00,7565.25,7565.75,7564.0,7564.25,236
2026-07-06 04:11:00-04:00,7564.75,7564.75,7562.0,7562.0,410
2026-07-06 04:12:00-04:00,7561.75,7562.0,7559.0,7559.5,453
2026-07-06 04:13:00-04:00,7559.5,7559.75,7558.5,7559.25,291
2026-07-06 04:14:00-04:00,7559.0,7560.75,7559.0,7560.5,181
2026-07-06 04:15:00-04:00,7560.75,7561.0,7558.25,7558.75,382
2026-07-06 04:16:00-04:00,7558.75,7559.25,7556.5,7557.25,287
2026-07-06 04:17:00-04:00,7557.75,7559.25,7557.5,7558.5,233
2026-07-06 04:18:00-04:00,7558.5,7559.25,7558.25,7559.0,87
2026-07-06 04:19:00-04:00,7558.75,7561.0,7558.75,7561.0,177
2026-07-06 04:20:00-04:00,7561.0,7561.5,7559.75,7561.25,172
2026-07-06 04:21:00-04:00,7561.5,7561.75,7560.5,7561.0,79
2026-07-06 04:22:00-04:00,7561.0,7562.0,7560.25,7561.0,77
2026-07-06 04:23:00-04:00,7561.0,7561.5,7560.0,7560.75,97
2026-07-06 04:24:00-04:00,7560.5,7562.0,7560.5,7561.5,81
2026-07-06 04:25:00-04:00,7561.75,7562.5,7561.5,7562.25,105
2026-07-06 04:26:00-04:00,7562.5,7562.5,7561.5,7562.0,138
2026-07-06 04:27:00-04:00,7562.25,7562.25,7561.5,7562.25,78
2026-07-06 04:28:00-04:00,7562.25,7562.25,7561.25,7561.25,44
2026-07-06 04:29:00-04:00,7561.25,7562.25,7561.0,7562.25,87
2026-07-06 04:30:00-04:00,7562.0,7562.25,7561.0,7561.5,108
2026-07-06 04:31:00-04:00,7561.75,7562.0,7560.5,7560.5,88
2026-07-06 04:32:00-04:00,7560.75,7561.75,7559.5,7560.5,381
2026-07-06 04:33:00-04:00,7561.25,7562.0,7560.25,7560.25,125
2026-07-06 04:34:00-04:00,7560.5,7560.5,7559.25,7559.25,96
2026-07-06 04:35:00-04:00,7559.5,7560.25,7559.0,7560.0,101
2026-07-06 04:36:00-04:00,7559.5,7559.5,7559.25,7559.5,36
2026-07-06 04:37:00-04:00,7559.0,7559.25,7557.75,7558.5,171
2026-07-06 04:38:00-04:00,7558.75,7559.5,7558.5,7558.75,149
2026-07-06 04:39:00-04:00,7559.0,7559.75,7558.75,7559.5,59
2026-07-06 04:40:00-04:00,7559.5,7562.25,7559.5,7562.0,186
2026-07-06 04:41:00-04:00,7561.75,7562.0,7561.25,7561.5,137
2026-07-06 04:42:00-04:00,7561.5,7561.75,7561.25,7561.75,34
2026-07-06 04:43:00-04:00,7561.5,7562.25,7561.25,7561.75,31
2026-07-06 04:44:00-04:00,7562.0,7562.5,7561.25,7561.5,117
2026-07-06 04:45:00-04:00,7561.75,7561.75,7560.5,7560.5,94
2026-07-06 04:46:00-04:00,7560.5,7560.75,7560.0,7560.25,66
2026-07-06 04:47:00-04:00,7560.25,7561.25,7560.0,7560.25,70
2026-07-06 04:48:00-04:00,7560.25,7561.25,7560.0,7561.25,38
2026-07-06 04:49:00-04:00,7561.5,7561.5,7560.75,7561.25,138
2026-07-06 04:50:00-04:00,7561.5,7561.75,7560.75,7561.0,87
2026-07-06 04:51:00-04:00,7561.0,7561.75,7561.0,7561.75,43
2026-07-06 04:52:00-04:00,7562.0,7562.25,7561.5,7561.5,44
2026-07-06 04:53:00-04:00,7561.75,7562.0,7560.5,7561.5,94
2026-07-06 04:54:00-04:00,7561.5,7561.5,7561.25,7561.25,31
2026-07-06 04:55:00-04:00,7561.25,7561.5,7560.75,7561.5,60
2026-07-06 04:56:00-04:00,7561.5,7562.25,7561.25,7561.5,54
2026-07-06 04:57:00-04:00,7561.5,7561.75,7561.25,7561.5,48
2026-07-06 04:58:00-04:00,7561.75,7563.25,7561.75,7563.0,149
2026-07-06 04:59:00-04:00,7563.25,7563.5,7562.0,7562.75,136
2026-07-06 05:00:00-04:00,7562.75,7563.0,7560.75,7561.0,131
2026-07-06 05:01:00-04:00,7561.25,7562.75,7561.0,7562.25,189
2026-07-06 05:02:00-04:00,7562.5,7562.5,7561.75,7561.75,50
2026-07-06 05:03:00-04:00,7561.5,7562.0,7560.25,7561.5,133
2026-07-06 05:04:00-04:00,7561.75,7562.0,7560.25,7561.25,49
2026-07-06 05:05:00-04:00,7561.0,7561.25,7560.5,7561.0,28
2026-07-06 05:06:00-04:00,7561.25,7563.0,7560.75,7562.25,108
2026-07-06 05:07:00-04:00,7562.25,7562.25,7561.5,7561.5,45
2026-07-06 05:08:00-04:00,7561.5,7561.5,7561.0,7561.0,55
2026-07-06 05:09:00-04:00,7561.0,7561.5,7560.5,7561.5,40
2026-07-06 05:10:00-04:00,7561.5,7561.5,7560.5,7560.75,56
2026-07-06 05:11:00-04:00,7560.25,7560.5,7559.5,7560.0,127
2026-07-06 05:12:00-04:00,7560.0,7560.5,7559.0,7559.75,177
2026-07-06 05:13:00-04:00,7559.75,7560.0,7559.0,7559.0,128
2026-07-06 05:14:00-04:00,7559.0,7560.0,7558.75,7560.0,94
2026-07-06 05:15:00-04:00,7560.25,7561.0,7559.75,7560.0,89
2026-07-06 05:16:00-04:00,7560.25,7561.0,7560.25,7560.25,73
2026-07-06 05:17:00-04:00,7560.5,7561.25,7560.5,7561.25,56
2026-07-06 05:18:00-04:00,7561.0,7561.5,7560.5,7561.0,72
2026-07-06 05:19:00-04:00,7560.75,7560.75,7559.5,7559.75,71
2026-07-06 05:20:00-04:00,7559.75,7559.75,7558.75,7559.0,55
2026-07-06 05:21:00-04:00,7559.25,7560.0,7558.75,7559.25,50
2026-07-06 05:22:00-04:00,7559.0,7560.75,7559.0,7560.75,70
2026-07-06 05:23:00-04:00,7561.0,7562.0,7560.75,7561.25,128
2026-07-06 05:24:00-04:00,7561.25,7561.5,7561.0,7561.25,23
2026-07-06 05:25:00-04:00,7561.0,7562.25,7561.0,7562.25,138
2026-07-06 05:26:00-04:00,7562.0,7562.75,7561.25,7561.5,91
2026-07-06 05:27:00-04:00,7561.75,7562.25,7561.25,7562.0,102
2026-07-06 05:28:00-04:00,7562.0,7562.25,7561.75,7561.75,31
2026-07-06 05:29:00-04:00,7561.75,7562.5,7561.0,7562.25,86
2026-07-06 05:30:00-04:00,7562.5,7562.5,7561.5,7562.0,77
2026-07-06 05:31:00-04:00,7562.25,7562.25,7559.75,7560.5,118
2026-07-06 05:32:00-04:00,7560.5,7560.5,7559.25,7559.5,56
2026-07-06 05:33:00-04:00,7559.75,7560.25,7559.0,7560.0,73
2026-07-06 05:34:00-04:00,7559.5,7560.25,7559.0,7560.25,84
2026-07-06 05:35:00-04:00,7560.25,7561.75,7560.25,7561.25,135
2026-07-06 05:36:00-04:00,7561.5,7562.25,7561.5,7562.25,58
2026-07-06 05:37:00-04:00,7562.25,7562.5,7562.0,7562.25,68
2026-07-06 05:38:00-04:00,7562.0,7562.25,7561.75,7562.25,37
2026-07-06 05:39:00-04:00,7562.0,7562.25,7561.25,7561.75,41
2026-07-06 05:40:00-04:00,7561.75,7562.5,7561.75,7561.75,82
2026-07-06 05:41:00-04:00,7562.0,7562.25,7561.25,7561.75,107
2026-07-06 05:42:00-04:00,7561.75,7561.75,7561.25,7561.75,42
2026-07-06 05:43:00-04:00,7561.75,7561.75,7561.25,7561.5,38
2026-07-06 05:44:00-04:00,7561.25,7561.25,7560.0,7560.0,99
2026-07-06 05:45:00-04:00,7560.0,7560.5,7559.5,7559.5,101
2026-07-06 05:46:00-04:00,7559.75,7560.0,7558.5,7558.5,121
2026-07-06 05:47:00-04:00,7559.0,7559.25,7558.75,7558.75,105
2026-07-06 05:48:00-04:00,7558.75,7559.25,7557.5,7557.75,213
2026-07-06 05:49:00-04:00,7557.75,7558.25,7557.0,7557.75,146
2026-07-06 05:50:00-04:00,7557.75,7560.0,7557.75,7560.0,185
2026-07-06 05:51:00-04:00,7560.0,7563.0,7560.0,7562.5,323
2026-07-06 05:52:00-04:00,7562.5,7563.25,7562.25,7562.75,205
2026-07-06 05:53:00-04:00,7562.75,7564.5,7562.75,7564.25,325
2026-07-06 05:54:00-04:00,7564.25,7565.0,7564.25,7564.75,213
2026-07-06 05:55:00-04:00,7564.75,7565.0,7564.5,7564.75,107
2026-07-06 05:56:00-04:00,7564.5,7565.25,7564.25,7564.5,169
2026-07-06 05:57:00-04:00,7564.5,7564.5,7563.75,7564.25,81
2026-07-06 05:58:00-04:00,7564.5,7565.5,7564.25,7565.25,98
2026-07-06 05:59:00-04:00,7565.0,7565.25,7564.5,7565.0,100
2026-07-06 06:00:00-04:00,7565.0,7565.5,7564.5,7565.5,209
2026-07-06 06:01:00-04:00,7565.75,7566.5,7564.25,7564.25,329
2026-07-06 06:02:00-04:00,7564.5,7564.5,7562.25,7562.75,323
2026-07-06 06:03:00-04:00,7562.75,7563.0,7562.25,7562.75,99
2026-07-06 06:04:00-04:00,7562.5,7563.75,7562.0,7562.5,164
2026-07-06 06:05:00-04:00,7562.25,7562.5,7561.5,7562.0,140
2026-07-06 06:06:00-04:00,7562.25,7562.25,7561.0,7561.5,155
2026-07-06 06:07:00-04:00,7561.75,7561.75,7561.0,7561.5,129
2026-07-06 06:08:00-04:00,7561.5,7561.5,7560.5,7560.75,75
2026-07-06 06:09:00-04:00,7560.75,7561.5,7560.75,7560.75,103
2026-07-06 06:10:00-04:00,7561.0,7562.5,7560.5,7562.5,146
2026-07-06 06:11:00-04:00,7562.5,7563.25,7562.0,7562.5,66
2026-07-06 06:12:00-04:00,7562.5,7563.5,7562.25,7563.5,90
2026-07-06 06:13:00-04:00,7563.5,7563.75,7563.25,7563.75,54
2026-07-06 06:14:00-04:00,7564.0,7565.0,7563.5,7564.75,182
2026-07-06 06:15:00-04:00,7564.75,7564.75,7564.0,7564.5,115
2026-07-06 06:16:00-04:00,7564.5,7565.0,7564.25,7564.25,111
2026-07-06 06:17:00-04:00,7564.5,7565.0,7564.25,7564.5,67
2026-07-06 06:18:00-04:00,7564.75,7565.5,7564.75,7565.0,85
2026-07-06 06:19:00-04:00,7565.0,7565.75,7565.0,7565.0,161
2026-07-06 06:20:00-04:00,7565.0,7565.75,7564.75,7565.0,122
2026-07-06 06:21:00-04:00,7565.0,7565.5,7564.25,7564.25,85
2026-07-06 06:22:00-04:00,7564.25,7564.5,7564.0,7564.5,82
2026-07-06 06:23:00-04:00,7564.25,7564.25,7563.75,7564.0,48
2026-07-06 06:24:00-04:00,7563.75,7564.0,7563.25,7563.25,30
2026-07-06 06:25:00-04:00,7563.25,7563.75,7563.25,7563.5,72
2026-07-06 06:26:00-04:00,7563.75,7564.0,7562.75,7563.25,138
2026-07-06 06:27:00-04:00,7563.25,7563.25,7562.5,7562.75,69
2026-07-06 06:28:00-04:00,7562.5,7562.75,7562.25,7562.75,61
2026-07-06 06:29:00-04:00,7562.75,7563.0,7562.5,7562.5,58
2026-07-06 06:30:00-04:00,7562.75,7563.25,7562.5,7563.0,64
2026-07-06 06:31:00-04:00,7562.75,7563.5,7562.5,7562.75,73
2026-07-06 06:32:00-04:00,7562.75,7563.25,7562.75,7563.0,61
2026-07-06 06:33:00-04:00,7563.0,7565.0,7563.0,7565.0,132
2026-07-06 06:34:00-04:00,7565.0,7565.5,7564.75,7565.25,93
2026-07-06 06:35:00-04:00,7564.75,7564.75,7563.75,7564.25,106
2026-07-06 06:36:00-04:00,7564.25,7565.0,7564.0,7565.0,74
2026-07-06 06:37:00-04:00,7565.25,7565.75,7565.0,7565.25,71
2026-07-06 06:38:00-04:00,7565.25,7565.25,7564.75,7564.75,53
2026-07-06 06:39:00-04:00,7564.75,7565.0,7564.5,7564.75,21
2026-07-06 06:40:00-04:00,7564.75,7564.75,7564.0,7564.25,103
2026-07-06 06:41:00-04:00,7564.0,7565.0,7564.0,7564.0,77
2026-07-06 06:42:00-04:00,7564.0,7564.0,7562.75,7563.0,107
2026-07-06 06:43:00-04:00,7563.25,7563.5,7562.0,7562.0,122
2026-07-06 06:44:00-04:00,7562.0,7562.25,7561.0,7561.0,174
2026-07-06 06:45:00-04:00,7560.75,7560.75,7559.25,7560.5,233
2026-07-06 06:46:00-04:00,7560.5,7561.0,7560.5,7560.75,73
2026-07-06 06:47:00-04:00,7560.75,7561.75,7560.75,7561.25,96
2026-07-06 06:48:00-04:00,7561.5,7561.5,7560.5,7560.75,67
2026-07-06 06:49:00-04:00,7561.0,7561.75,7560.75,7561.0,65
2026-07-06 06:50:00-04:00,7561.0,7561.5,7560.5,7561.5,66
2026-07-06 06:51:00-04:00,7561.75,7561.75,7560.75,7561.0,37
2026-07-06 06:52:00-04:00,7561.0,7562.25,7561.0,7561.75,67
2026-07-06 06:53:00-04:00,7561.75,7561.75,7560.75,7561.0,93
2026-07-06 06:54:00-04:00,7561.25,7562.0,7561.25,7561.5,152
2026-07-06 06:55:00-04:00,7562.0,7562.5,7561.5,7562.25,72
2026-07-06 06:56:00-04:00,7562.5,7562.5,7561.5,7562.0,238
2026-07-06 06:57:00-04:00,7562.0,7562.25,7561.75,7562.0,39
2026-07-06 06:58:00-04:00,7562.0,7563.0,7562.0,7562.25,113
2026-07-06 06:59:00-04:00,7562.5,7563.25,7562.25,7563.0,72
2026-07-06 07:00:00-04:00,7563.25,7565.25,7562.5,7564.75,423
2026-07-06 07:01:00-04:00,7564.75,7564.75,7562.25,7562.25,246
2026-07-06 07:02:00-04:00,7562.5,7562.5,7560.5,7560.75,139
2026-07-06 07:03:00-04:00,7560.5,7561.25,7559.75,7560.5,119
2026-07-06 07:04:00-04:00,7560.75,7561.0,7559.75,7560.0,104
2026-07-06 07:05:00-04:00,7560.0,7560.5,7559.0,7559.5,157
2026-07-06 07:06:00-04:00,7559.25,7559.75,7558.75,7559.0,241
2026-07-06 07:07:00-04:00,7559.0,7559.5,7558.25,7559.0,161
2026-07-06 07:08:00-04:00,7559.0,7559.5,7558.25,7559.5,96
2026-07-06 07:09:00-04:00,7559.5,7560.75,7558.5,7558.5,283
2026-07-06 07:10:00-04:00,7559.0,7559.25,7558.75,7558.75,60
2026-07-06 07:11:00-04:00,7559.0,7559.5,7558.5,7559.25,140
2026-07-06 07:12:00-04:00,7559.5,7559.5,7558.5,7559.25,55
2026-07-06 07:13:00-04:00,7559.25,7559.75,7558.75,7559.75,110
2026-07-06 07:14:00-04:00,7559.75,7560.25,7559.5,7559.75,255
2026-07-06 07:15:00-04:00,7560.25,7560.75,7559.5,7560.25,63
2026-07-06 07:16:00-04:00,7560.0,7560.5,7559.75,7560.0,55
2026-07-06 07:17:00-04:00,7560.0,7560.75,7559.5,7560.75,76
2026-07-06 07:18:00-04:00,7560.5,7561.0,7559.5,7560.75,112
2026-07-06 07:19:00-04:00,7560.75,7561.25,7560.25,7560.75,151
2026-07-06 07:20:00-04:00,7561.25,7561.25,7560.5,7561.25,56
2026-07-06 07:21:00-04:00,7561.0,7562.0,7561.0,7561.5,233
2026-07-06 07:22:00-04:00,7561.25,7562.25,7561.0,7562.0,91
2026-07-06 07:23:00-04:00,7562.0,7562.5,7561.25,7562.25,137
2026-07-06 07:24:00-04:00,7562.5,7563.25,7559.75,7560.25,222
2026-07-06 07:25:00-04:00,7560.0,7561.0,7560.0,7560.75,99
2026-07-06 07:26:00-04:00,7560.75,7562.0,7560.75,7561.75,121
2026-07-06 07:27:00-04:00,7561.75,7561.75,7560.0,7560.75,134
2026-07-06 07:28:00-04:00,7560.25,7561.0,7560.25,7560.75,111
2026-07-06 07:29:00-04:00,7560.75,7561.0,7559.5,7560.0,151
2026-07-06 07:30:00-04:00,7559.5,7560.0,7559.5,7560.0,147
2026-07-06 07:31:00-04:00,7560.0,7560.75,7559.75,7560.75,63
2026-07-06 07:32:00-04:00,7560.75,7562.0,7560.25,7561.75,143
2026-07-06 07:33:00-04:00,7561.75,7562.0,7560.75,7561.25,62
2026-07-06 07:34:00-04:00,7561.25,7562.5,7560.75,7562.25,109
2026-07-06 07:35:00-04:00,7562.5,7562.5,7561.5,7561.75,115
2026-07-06 07:36:00-04:00,7561.75,7561.75,7561.25,7561.5,95
2026-07-06 07:37:00-04:00,7561.5,7561.75,7561.0,7561.25,97
2026-07-06 07:38:00-04:00,7561.25,7561.25,7560.25,7560.25,105
2026-07-06 07:39:00-04:00,7560.5,7560.75,7560.0,7560.5,59
2026-07-06 07:40:00-04:00,7560.75,7561.0,7560.25,7560.5,46
2026-07-06 07:41:00-04:00,7560.75,7561.0,7560.25,7560.5,24
2026-07-06 07:42:00-04:00,7560.5,7560.5,7559.5,7560.25,93
2026-07-06 07:43:00-04:00,7560.5,7560.75,7559.75,7560.5,86
2026-07-06 07:44:00-04:00,7560.25,7561.0,7559.75,7561.0,254
2026-07-06 07:45:00-04:00,7561.0,7561.5,7560.5,7561.25,168
2026-07-06 07:46:00-04:00,7561.5,7561.75,7561.0,7561.25,106
2026-07-06 07:47:00-04:00,7561.25,7563.0,7561.0,7562.75,221
2026-07-06 07:48:00-04:00,7562.75,7562.75,7560.25,7560.75,184
2026-07-06 07:49:00-04:00,7560.75,7561.75,7560.5,7561.25,83
2026-07-06 07:50:00-04:00,7561.25,7561.5,7560.25,7560.5,76
2026-07-06 07:51:00-04:00,7560.5,7560.75,7559.5,7559.75,155
2026-07-06 07:52:00-04:00,7559.75,7560.0,7559.0,7559.5,284
2026-07-06 07:53:00-04:00,7559.25,7559.5,7558.25,7558.75,192
2026-07-06 07:54:00-04:00,7558.5,7558.5,7557.5,7558.25,345
2026-07-06 07:55:00-04:00,7558.0,7560.75,7558.0,7559.75,350
2026-07-06 07:56:00-04:00,7559.75,7559.75,7558.5,7559.25,256
2026-07-06 07:57:00-04:00,7559.25,7559.25,7556.0,7556.25,625
2026-07-06 07:58:00-04:00,7556.5,7557.5,7556.25,7556.5,365
2026-07-06 07:59:00-04:00,7556.5,7557.0,7556.25,7556.5,179
2026-07-06 08:00:00-04:00,7556.5,7558.0,7555.75,7556.75,455
2026-07-06 08:01:00-04:00,7556.75,7559.25,7555.75,7558.25,703
2026-07-06 08:02:00-04:00,7558.75,7558.75,7555.25,7557.75,451
2026-07-06 08:03:00-04:00,7557.5,7561.75,7557.25,7561.5,1272
2026-07-06 08:04:00-04:00,7561.5,7563.75,7561.25,7562.5,628
2026-07-06 08:05:00-04:00,7562.5,7562.5,7560.25,7560.5,381
2026-07-06 08:06:00-04:00,7560.5,7561.5,7560.5,7561.5,219
2026-07-06 08:07:00-04:00,7561.5,7562.5,7561.5,7561.75,255
2026-07-06 08:08:00-04:00,7561.75,7563.5,7561.25,7561.5,187
2026-07-06 08:09:00-04:00,7561.5,7562.75,7561.5,7562.75,227
2026-07-06 08:10:00-04:00,7562.75,7563.25,7562.5,7562.75,188
2026-07-06 08:11:00-04:00,7562.75,7563.0,7562.25,7562.25,122
2026-07-06 08:12:00-04:00,7562.5,7562.75,7561.5,7561.5,269
2026-07-06 08:13:00-04:00,7561.5,7562.5,7561.25,7562.0,186
2026-07-06 08:14:00-04:00,7562.0,7563.0,7561.75,7562.5,139
2026-07-06 08:15:00-04:00,7562.75,7563.25,7562.25,7563.0,299
2026-07-06 08:16:00-04:00,7563.0,7563.75,7563.0,7563.75,141
2026-07-06 08:17:00-04:00,7563.5,7563.75,7562.75,7563.0,150
2026-07-06 08:18:00-04:00,7563.0,7564.25,7562.5,7563.5,456
2026-07-06 08:19:00-04:00,7563.75,7564.75,7563.25,7563.75,390
2026-07-06 08:20:00-04:00,7563.75,7564.0,7561.75,7561.75,315
2026-07-06 08:21:00-04:00,7561.75,7562.75,7560.5,7561.0,388
2026-07-06 08:22:00-04:00,7560.75,7560.75,7560.0,7560.25,222
2026-07-06 08:23:00-04:00,7560.25,7560.25,7557.75,7558.0,550
2026-07-06 08:24:00-04:00,7558.25,7558.5,7556.25,7556.5,503
2026-07-06 08:25:00-04:00,7556.25,7557.5,7556.25,7557.25,445
2026-07-06 08:26:00-04:00,7557.25,7558.25,7556.5,7557.5,274
2026-07-06 08:27:00-04:00,7557.75,7557.75,7556.5,7557.25,187
2026-07-06 08:28:00-04:00,7557.0,7558.0,7557.0,7557.75,173
2026-07-06 08:29:00-04:00,7557.75,7558.75,7557.5,7558.25,257
2026-07-06 08:30:00-04:00,7558.0,7559.0,7557.75,7558.75,204
2026-07-06 08:31:00-04:00,7558.5,7559.25,7557.5,7557.5,149
2026-07-06 08:32:00-04:00,7557.5,7559.75,7557.5,7558.75,374
2026-07-06 08:33:00-04:00,7558.5,7559.0,7556.5,7557.25,251
2026-07-06 08:34:00-04:00,7557.25,7557.5,7556.75,7557.25,135
2026-07-06 08:35:00-04:00,7557.25,7559.0,7557.0,7558.25,252
2026-07-06 08:36:00-04:00,7558.25,7560.25,7558.0,7560.25,238
2026-07-06 08:37:00-04:00,7560.25,7563.0,7560.0,7562.5,816
2026-07-06 08:38:00-04:00,7562.25,7563.5,7562.25,7562.5,578
2026-07-06 08:39:00-04:00,7562.5,7562.75,7561.75,7562.0,226
2026-07-06 08:40:00-04:00,7561.75,7562.0,7561.0,7561.25,175
2026-07-06 08:41:00-04:00,7561.25,7561.5,7559.0,7559.5,412
2026-07-06 08:42:00-04:00,7559.5,7561.5,7559.5,7560.0,379
2026-07-06 08:43:00-04:00,7560.0,7560.25,7558.25,7559.5,377
2026-07-06 08:44:00-04:00,7559.5,7559.5,7558.5,7559.0,136
2026-07-06 08:45:00-04:00,7559.25,7560.0,7559.0,7559.5,153
2026-07-06 08:46:00-04:00,7559.25,7560.25,7559.25,7560.25,132
2026-07-06 08:47:00-04:00,7560.25,7560.5,7559.5,7560.0,64
2026-07-06 08:48:00-04:00,7560.0,7560.25,7559.25,7559.25,121
2026-07-06 08:49:00-04:00,7559.5,7560.5,7559.25,7560.0,142
2026-07-06 08:50:00-04:00,7560.0,7560.75,7559.25,7560.75,163
2026-07-06 08:51:00-04:00,7560.75,7561.25,7560.0,7561.25,176
2026-07-06 08:52:00-04:00,7561.25,7562.25,7561.0,7562.0,190
2026-07-06 08:53:00-04:00,7562.0,7562.25,7561.5,7561.75,177
2026-07-06 08:54:00-04:00,7561.5,7562.75,7561.5,7562.5,271
2026-07-06 08:55:00-04:00,7562.5,7562.75,7561.0,7561.0,203
2026-07-06 08:56:00-04:00,7561.5,7562.0,7561.25,7561.25,157
2026-07-06 08:57:00-04:00,7561.25,7561.5,7561.25,7561.25,112
2026-07-06 08:58:00-04:00,7561.25,7562.5,7561.25,7562.25,187
2026-07-06 08:59:00-04:00,7562.25,7562.75,7561.75,7562.5,184
2026-07-06 09:00:00-04:00,7562.75,7563.5,7561.5,7561.5,732
2026-07-06 09:01:00-04:00,7561.75,7561.75,7560.5,7561.0,417
2026-07-06 09:02:00-04:00,7561.0,7561.0,7557.0,7557.5,720
2026-07-06 09:03:00-04:00,7557.5,7558.0,7556.5,7557.5,484
2026-07-06 09:04:00-04:00,7557.5,7558.0,7557.0,7558.0,387
2026-07-06 09:05:00-04:00,7558.0,7558.25,7557.0,7557.5,286
2026-07-06 09:06:00-04:00,7557.75,7558.25,7557.0,7557.0,259
2026-07-06 09:07:00-04:00,7557.25,7558.25,7557.0,7558.0,173
2026-07-06 09:08:00-04:00,7558.0,7558.0,7556.0,7557.5,444
2026-07-06 09:09:00-04:00,7557.5,7557.5,7556.5,7556.5,237
2026-07-06 09:10:00-04:00,7556.5,7557.25,7556.5,7557.25,266
2026-07-06 09:11:00-04:00,7557.5,7557.75,7556.75,7557.25,339
2026-07-06 09:12:00-04:00,7557.25,7558.25,7557.25,7557.75,248
2026-07-06 09:13:00-04:00,7557.75,7558.25,7555.5,7555.75,630
2026-07-06 09:14:00-04:00,7555.5,7556.0,7555.0,7555.25,824
2026-07-06 09:15:00-04:00,7555.25,7556.25,7555.0,7555.25,464
2026-07-06 09:16:00-04:00,7555.0,7555.5,7553.75,7554.75,857
2026-07-06 09:17:00-04:00,7555.0,7555.5,7553.75,7554.0,507
2026-07-06 09:18:00-04:00,7554.0,7554.5,7552.5,7553.75,967
2026-07-06 09:19:00-04:00,7554.0,7554.5,7552.75,7553.75,504
2026-07-06 09:20:00-04:00,7554.0,7555.5,7552.5,7553.25,1046
2026-07-06 09:21:00-04:00,7553.25,7553.5,7552.5,7553.0,328
2026-07-06 09:22:00-04:00,7552.75,7554.0,7552.0,7553.75,921
2026-07-06 09:23:00-04:00,7554.0,7555.75,7553.5,7554.75,633
2026-07-06 09:24:00-04:00,7554.5,7554.75,7553.25,7553.75,274
2026-07-06 09:25:00-04:00,7553.75,7555.5,7553.75,7554.5,890
2026-07-06 09:26:00-04:00,7554.75,7556.0,7554.5,7555.75,489
2026-07-06 09:27:00-04:00,7555.75,7557.0,7555.25,7555.5,1048
2026-07-06 09:28:00-04:00,7555.5,7558.5,7555.25,7557.75,1357
2026-07-06 09:29:00-04:00,7558.0,7565.5,7556.75,7565.0,3474
2026-07-06 09:30:00-04:00,7564.75,7572.0,7559.25,7570.5,13191
2026-07-06 09:31:00-04:00,7570.5,7573.25,7563.0,7563.5,6428
2026-07-06 09:32:00-04:00,7563.25,7569.5,7563.0,7568.5,3894
2026-07-06 09:33:00-04:00,7568.5,7570.25,7567.5,7569.75,2635
2026-07-06 09:34:00-04:00,7569.5,7571.5,7567.25,7570.25,2833
2026-07-06 09:35:00-04:00,7570.0,7570.25,7562.75,7564.5,4515
2026-07-06 09:36:00-04:00,7564.75,7565.5,7555.0,7560.0,6067
2026-07-06 09:37:00-04:00,7560.0,7564.0,7556.0,7556.25,4052
2026-07-06 09:38:00-04:00,7556.25,7557.0,7552.25,7555.75,4460
2026-07-06 09:39:00-04:00,7555.75,7561.75,7555.25,7561.5,3533
2026-07-06 09:40:00-04:00,7561.75,7563.5,7558.75,7563.25,4392
2026-07-06 09:41:00-04:00,7563.25,7563.5,7559.75,7560.25,2220
2026-07-06 09:42:00-04:00,7560.0,7560.25,7555.25,7558.5,3635
2026-07-06 09:43:00-04:00,7558.25,7560.5,7556.5,7557.75,1719
2026-07-06 09:44:00-04:00,7558.0,7565.5,7558.0,7565.25,3868
2026-07-06 09:45:00-04:00,7565.0,7569.25,7562.75,7567.5,5091
2026-07-06 09:46:00-04:00,7567.5,7569.5,7563.25,7563.25,3175
2026-07-06 09:47:00-04:00,7563.5,7566.25,7561.25,7565.5,2683
2026-07-06 09:48:00-04:00,7565.75,7568.5,7564.75,7567.0,2221
2026-07-06 09:49:00-04:00,7567.0,7568.0,7566.0,7568.0,1464
2026-07-06 09:50:00-04:00,7568.0,7570.75,7566.25,7570.25,3547
2026-07-06 09:51:00-04:00,7570.25,7574.0,7568.75,7572.5,4662
2026-07-06 09:52:00-04:00,7572.5,7572.5,7565.0,7565.5,3987
2026-07-06 09:53:00-04:00,7565.5,7568.25,7560.75,7567.75,5289
2026-07-06 09:54:00-04:00,7567.5,7570.5,7566.5,7567.25,2947
2026-07-06 09:55:00-04:00,7567.25,7567.75,7564.0,7565.25,2854
2026-07-06 09:56:00-04:00,7565.5,7568.25,7563.5,7567.5,2180
2026-07-06 09:57:00-04:00,7567.5,7568.5,7565.25,7566.0,1248
2026-07-06 09:58:00-04:00,7566.25,7566.75,7561.75,7564.75,2483
2026-07-06 09:59:00-04:00,7564.25,7566.5,7562.75,7564.5,1434
2026-07-06 10:00:00-04:00,7564.25,7566.25,7556.25,7562.75,8918
2026-07-06 10:01:00-04:00,7563.0,7569.25,7562.5,7568.5,2971
2026-07-06 10:02:00-04:00,7568.75,7568.75,7565.5,7566.0,1497
2026-07-06 10:03:00-04:00,7566.0,7568.5,7564.25,7565.0,1860
2026-07-06 10:04:00-04:00,7565.0,7565.25,7561.0,7562.75,2431
2026-07-06 10:05:00-04:00,7562.25,7562.75,7559.25,7559.5,2944
2026-07-06 10:06:00-04:00,7559.75,7565.0,7559.0,7564.5,2819
2026-07-06 10:07:00-04:00,7564.5,7566.0,7562.75,7565.5,1763
2026-07-06 10:08:00-04:00,7565.5,7568.25,7563.75,7565.25,2917
2026-07-06 10:09:00-04:00,7565.25,7570.0,7564.5,7566.75,2109
2026-07-06 10:10:00-04:00,7567.0,7568.25,7564.5,7567.0,2154
2026-07-06 10:11:00-04:00,7567.0,7569.0,7565.75,7567.25,1423
2026-07-06 10:12:00-04:00,7567.5,7570.5,7565.25,7569.75,2000
2026-07-06 10:13:00-04:00,7569.75,7571.75,7569.0,7571.25,1633
2026-07-06 10:14:00-04:00,7571.25,7573.5,7570.5,7573.0,3231
2026-07-06 10:15:00-04:00,7573.0,7573.25,7570.0,7570.5,2072
2026-07-06 10:16:00-04:00,7570.5,7572.5,7568.25,7571.25,2409
2026-07-06 10:17:00-04:00,7571.25,7573.5,7570.0,7573.0,1760
2026-07-06 10:18:00-04:00,7573.25,7573.75,7568.5,7570.5,2513
2026-07-06 10:19:00-04:00,7570.5,7571.0,7569.0,7570.75,1332
2026-07-06 10:20:00-04:00,7570.75,7572.75,7570.75,7570.75,1429
2026-07-06 10:21:00-04:00,7570.75,7574.75,7569.25,7571.5,4178
2026-07-06 10:22:00-04:00,7571.5,7573.5,7570.75,7573.25,1277
2026-07-06 10:23:00-04:00,7573.25,7576.75,7573.25,7576.75,3891
2026-07-06 10:24:00-04:00,7576.5,7577.75,7574.25,7575.5,2775
2026-07-06 10:25:00-04:00,7575.75,7578.5,7575.75,7578.0,2664
2026-07-06 10:26:00-04:00,7577.75,7579.0,7576.75,7577.75,2022
2026-07-06 10:27:00-04:00,7577.75,7578.25,7574.75,7576.25,2245
2026-07-06 10:28:00-04:00,7576.5,7577.5,7574.75,7576.0,1678
2026-07-06 10:29:00-04:00,7576.0,7579.0,7575.75,7578.75,2045
2026-07-06 10:30:00-04:00,7578.75,7580.75,7576.5,7577.75,3746
2026-07-06 10:31:00-04:00,7577.75,7580.25,7576.5,7579.5,1840
2026-07-06 10:32:00-04:00,7579.5,7580.75,7578.0,7580.0,1768
2026-07-06 10:33:00-04:00,7580.0,7581.25,7577.5,7577.75,2623
2026-07-06 10:34:00-04:00,7577.75,7578.25,7575.25,7576.25,2289
2026-07-06 10:35:00-04:00,7576.25,7578.0,7574.75,7577.25,2588
2026-07-06 10:36:00-04:00,7577.25,7578.0,7576.0,7576.25,1282
2026-07-06 10:37:00-04:00,7576.25,7576.25,7574.25,7575.25,1759
2026-07-06 10:38:00-04:00,7575.5,7576.25,7573.75,7575.0,2088
2026-07-06 10:39:00-04:00,7575.0,7576.5,7573.5,7576.0,1704
2026-07-06 10:40:00-04:00,7575.75,7576.75,7574.5,7576.0,1715
2026-07-06 10:41:00-04:00,7576.25,7576.25,7571.5,7573.25,3838
2026-07-06 10:42:00-04:00,7573.25,7573.75,7570.0,7571.5,3066
2026-07-06 10:43:00-04:00,7571.5,7575.25,7571.0,7575.0,2600
2026-07-06 10:44:00-04:00,7575.0,7577.25,7574.75,7575.75,2689
2026-07-06 10:45:00-04:00,7576.25,7577.5,7574.5,7577.25,2094
2026-07-06 10:46:00-04:00,7577.0,7578.0,7574.5,7575.25,1857
2026-07-06 10:47:00-04:00,7575.5,7576.75,7574.5,7576.0,785
2026-07-06 10:48:00-04:00,7575.75,7576.75,7574.0,7576.75,1127
2026-07-06 10:49:00-04:00,7576.75,7577.5,7576.0,7576.5,952
2026-07-06 10:50:00-04:00,7576.5,7579.0,7576.5,7578.5,2263
2026-07-06 10:51:00-04:00,7578.25,7578.5,7576.25,7576.5,1314
2026-07-06 10:52:00-04:00,7576.25,7577.0,7575.0,7575.5,1314
2026-07-06 10:53:00-04:00,7575.5,7579.75,7575.5,7579.75,1785
2026-07-06 10:54:00-04:00,7579.5,7579.75,7577.25,7578.0,1205
2026-07-06 10:55:00-04:00,7578.25,7578.75,7576.25,7577.75,1100
2026-07-06 10:56:00-04:00,7578.0,7579.25,7577.0,7577.25,1203
2026-07-06 10:57:00-04:00,7577.25,7579.25,7576.75,7578.5,1197
2026-07-06 10:58:00-04:00,7578.5,7580.5,7578.0,7578.75,1699
2026-07-06 10:59:00-04:00,7579.0,7582.5,7578.75,7582.0,2737
2026-07-06 11:00:00-04:00,7582.25,7583.25,7579.0,7579.5,4136
2026-07-06 11:01:00-04:00,7579.75,7583.5,7578.75,7582.75,2243
2026-07-06 11:02:00-04:00,7582.75,7583.5,7581.0,7581.25,1761
2026-07-06 11:03:00-04:00,7581.25,7582.5,7581.0,7581.75,725
2026-07-06 11:04:00-04:00,7581.5,7582.5,7580.5,7581.0,1174
2026-07-06 11:05:00-04:00,7581.0,7582.25,7579.5,7582.0,1669
2026-07-06 11:06:00-04:00,7582.0,7582.25,7580.5,7581.25,833
2026-07-06 11:07:00-04:00,7581.25,7582.0,7580.0,7580.25,766
2026-07-06 11:08:00-04:00,7580.5,7580.75,7579.25,7580.5,1280
2026-07-06 11:09:00-04:00,7580.75,7582.0,7580.25,7582.0,1229
2026-07-06 11:10:00-04:00,7582.25,7583.25,7581.25,7583.0,1450
2026-07-06 11:11:00-04:00,7583.0,7583.75,7581.25,7581.5,1353
2026-07-06 11:12:00-04:00,7581.5,7582.0,7580.25,7581.25,1387
2026-07-06 11:13:00-04:00,7581.75,7582.5,7578.0,7578.25,3089
2026-07-06 11:14:00-04:00,7578.25,7580.75,7577.75,7580.5,1643
2026-07-06 11:15:00-04:00,7580.5,7580.5,7578.25,7579.5,1458
2026-07-06 11:16:00-04:00,7579.75,7579.75,7576.0,7576.5,2443
2026-07-06 11:17:00-04:00,7576.75,7578.75,7575.25,7577.5,2147
2026-07-06 11:18:00-04:00,7577.75,7577.75,7575.25,7577.25,1513
2026-07-06 11:19:00-04:00,7577.25,7579.5,7575.75,7579.0,1617
2026-07-06 11:20:00-04:00,7579.25,7580.25,7576.5,7578.25,1665
2026-07-06 11:21:00-04:00,7578.25,7579.25,7576.75,7578.0,1072
2026-07-06 11:22:00-04:00,7578.0,7581.0,7576.5,7580.75,1699
2026-07-06 11:23:00-04:00,7580.75,7581.25,7578.5,7580.25,1580
2026-07-06 11:24:00-04:00,7580.5,7582.75,7580.0,7582.25,1502
2026-07-06 11:25:00-04:00,7582.0,7583.5,7581.25,7583.0,2152
2026-07-06 11:26:00-04:00,7582.75,7585.5,7582.5,7584.75,3608
2026-07-06 11:27:00-04:00,7584.75,7585.25,7583.75,7584.75,977
2026-07-06 11:28:00-04:00,7584.5,7585.25,7583.25,7584.5,1397
2026-07-06 11:29:00-04:00,7584.5,7587.25,7584.25,7587.25,2666
2026-07-06 11:30:00-04:00,7587.0,7588.5,7585.25,7586.25,3402
2026-07-06 11:31:00-04:00,7586.25,7589.0,7586.0,7588.25,2428
2026-07-06 11:32:00-04:00,7588.25,7588.5,7585.5,7587.0,1597
2026-07-06 11:33:00-04:00,7586.75,7587.0,7585.25,7587.0,953
2026-07-06 11:34:00-04:00,7587.0,7587.0,7585.0,7585.5,1172
2026-07-06 11:35:00-04:00,7585.5,7586.25,7583.5,7584.0,1750
2026-07-06 11:36:00-04:00,7584.0,7585.75,7584.0,7584.75,912
2026-07-06 11:37:00-04:00,7584.75,7584.75,7582.75,7584.5,1388
2026-07-06 11:38:00-04:00,7584.5,7586.0,7584.0,7586.0,982
2026-07-06 11:39:00-04:00,7585.75,7586.25,7584.5,7585.5,803
2026-07-06 11:40:00-04:00,7585.5,7586.0,7584.75,7586.0,843
2026-07-06 11:41:00-04:00,7585.75,7587.0,7585.0,7586.5,957
2026-07-06 11:42:00-04:00,7586.5,7587.25,7586.0,7587.0,839
2026-07-06 11:43:00-04:00,7587.0,7587.5,7586.25,7587.25,1164
2026-07-06 11:44:00-04:00,7587.25,7587.5,7586.75,7587.25,660
2026-07-06 11:45:00-04:00,7587.5,7588.75,7586.75,7587.25,1328
2026-07-06 11:46:00-04:00,7587.0,7587.75,7586.25,7587.25,951
2026-07-06 11:47:00-04:00,7587.0,7587.5,7586.5,7587.0,330
2026-07-06 11:48:00-04:00,7586.75,7587.25,7585.5,7586.75,750
2026-07-06 11:49:00-04:00,7587.0,7588.0,7586.5,7588.0,757
2026-07-06 11:50:00-04:00,7587.75,7588.75,7587.5,7588.5,914
2026-07-06 11:51:00-04:00,7588.5,7589.0,7587.0,7587.0,1261
2026-07-06 11:52:00-04:00,7587.0,7587.5,7585.25,7585.75,1280
2026-07-06 11:53:00-04:00,7585.75,7586.75,7585.25,7586.0,662
2026-07-06 11:54:00-04:00,7586.25,7586.25,7585.25,7585.25,647
2026-07-06 11:55:00-04:00,7585.5,7587.25,7585.25,7586.5,657
2026-07-06 11:56:00-04:00,7586.5,7588.25,7586.5,7588.0,884
2026-07-06 11:57:00-04:00,7587.75,7588.5,7587.5,7587.5,769
2026-07-06 11:58:00-04:00,7587.5,7588.0,7587.25,7587.25,361
2026-07-06 11:59:00-04:00,7587.5,7587.75,7586.5,7587.75,696
2026-07-06 12:00:00-04:00,7587.5,7588.0,7585.5,7586.5,1288
2026-07-06 12:01:00-04:00,7586.5,7586.75,7586.0,7586.25,489
2026-07-06 12:02:00-04:00,7586.5,7587.25,7585.75,7586.25,552
2026-07-06 12:03:00-04:00,7586.0,7586.75,7585.75,7586.0,340
2026-07-06 12:04:00-04:00,7586.25,7587.25,7586.0,7587.0,659
2026-07-06 12:05:00-04:00,7587.25,7588.25,7586.5,7588.0,864
2026-07-06 12:06:00-04:00,7588.25,7588.25,7587.25,7587.75,722
2026-07-06 12:07:00-04:00,7587.75,7588.75,7587.75,7588.25,600
2026-07-06 12:08:00-04:00,7588.5,7588.5,7587.75,7588.25,430
2026-07-06 12:09:00-04:00,7588.5,7589.5,7588.25,7588.25,1161
2026-07-06 12:10:00-04:00,7588.25,7590.25,7588.25,7589.75,1473
2026-07-06 12:11:00-04:00,7589.75,7589.75,7588.75,7589.25,850
2026-07-06 12:12:00-04:00,7589.25,7589.5,7588.5,7589.0,464
2026-07-06 12:13:00-04:00,7588.75,7589.75,7587.75,7589.75,567
2026-07-06 12:14:00-04:00,7589.75,7590.0,7588.75,7588.75,601
2026-07-06 12:15:00-04:00,7589.0,7589.75,7588.5,7589.25,514
2026-07-06 12:16:00-04:00,7589.25,7589.25,7588.25,7588.25,459
2026-07-06 12:17:00-04:00,7588.25,7588.75,7587.5,7588.0,715
2026-07-06 12:18:00-04:00,7588.0,7589.0,7587.5,7587.75,588
2026-07-06 12:19:00-04:00,7587.75,7589.25,7587.75,7589.25,411
2026-07-06 12:20:00-04:00,7589.25,7591.0,7588.75,7588.75,1388
2026-07-06 12:21:00-04:00,7589.0,7589.25,7587.75,7588.0,835
2026-07-06 12:22:00-04:00,7588.0,7588.75,7587.5,7587.75,636
2026-07-06 12:23:00-04:00,7588.0,7588.5,7587.75,7588.0,305
2026-07-06 12:24:00-04:00,7588.25,7588.5,7587.5,7588.0,489
2026-07-06 12:25:00-04:00,7588.0,7588.5,7586.5,7588.0,1378
2026-07-06 12:26:00-04:00,7587.75,7588.25,7586.75,7586.75,613
2026-07-06 12:27:00-04:00,7586.75,7587.0,7585.0,7586.0,1684
2026-07-06 12:28:00-04:00,7586.25,7586.5,7584.75,7585.25,1378
2026-07-06 12:29:00-04:00,7585.25,7586.25,7584.75,7585.75,667
2026-07-06 12:30:00-04:00,7585.75,7586.0,7583.75,7584.5,1370
2026-07-06 12:31:00-04:00,7584.25,7586.0,7584.25,7585.75,1351
2026-07-06 12:32:00-04:00,7585.5,7586.0,7584.5,7585.25,812
2026-07-06 12:33:00-04:00,7585.25,7586.0,7585.0,7585.75,642
2026-07-06 12:34:00-04:00,7585.75,7586.75,7585.25,7585.25,1193
2026-07-06 12:35:00-04:00,7585.25,7585.75,7583.75,7584.5,860
2026-07-06 12:36:00-04:00,7584.25,7585.5,7583.75,7585.0,676
2026-07-06 12:37:00-04:00,7585.0,7585.75,7584.5,7584.5,394
2026-07-06 12:38:00-04:00,7584.5,7584.75,7583.0,7583.5,1247
2026-07-06 12:39:00-04:00,7583.5,7585.75,7583.5,7585.25,903
2026-07-06 12:40:00-04:00,7585.25,7586.75,7585.0,7586.25,969
2026-07-06 12:41:00-04:00,7586.0,7586.75,7585.5,7585.75,714
2026-07-06 12:42:00-04:00,7585.75,7586.25,7585.25,7585.25,365
2026-07-06 12:43:00-04:00,7585.25,7586.0,7585.25,7585.75,355
2026-07-06 12:44:00-04:00,7585.75,7586.75,7585.75,7586.5,717
2026-07-06 12:45:00-04:00,7586.5,7586.75,7585.0,7585.0,1078
2026-07-06 12:46:00-04:00,7585.25,7588.5,7585.0,7587.75,1551
2026-07-06 12:47:00-04:00,7588.0,7589.75,7587.75,7589.25,1439
2026-07-06 12:48:00-04:00,7589.25,7589.5,7588.25,7588.75,636
2026-07-06 12:49:00-04:00,7588.75,7589.75,7588.5,7589.5,713
2026-07-06 12:50:00-04:00,7589.5,7590.25,7589.0,7589.5,1164
2026-07-06 12:51:00-04:00,7589.75,7589.75,7588.0,7588.5,844
2026-07-06 12:52:00-04:00,7588.5,7588.75,7587.5,7587.75,1092
2026-07-06 12:53:00-04:00,7587.5,7588.0,7586.5,7587.0,891
2026-07-06 12:54:00-04:00,7587.25,7587.25,7585.25,7585.5,962
2026-07-06 12:55:00-04:00,7585.5,7586.25,7584.75,7585.0,1279
2026-07-06 12:56:00-04:00,7585.25,7585.75,7584.0,7585.5,1552
2026-07-06 12:57:00-04:00,7585.75,7586.5,7585.75,7586.0,752
2026-07-06 12:58:00-04:00,7586.0,7586.25,7584.25,7584.5,653
2026-07-06 12:59:00-04:00,7584.5,7585.0,7581.5,7583.75,2673
2026-07-06 13:00:00-04:00,7583.75,7585.0,7583.0,7584.75,1767
2026-07-06 13:01:00-04:00,7584.75,7586.5,7584.25,7585.0,1170
2026-07-06 13:02:00-04:00,7585.5,7586.0,7584.5,7585.5,951
2026-07-06 13:03:00-04:00,7585.5,7588.75,7585.25,7588.25,1703
2026-07-06 13:04:00-04:00,7588.5,7589.0,7587.25,7587.75,906
2026-07-06 13:05:00-04:00,7588.0,7592.25,7587.75,7591.5,2664
2026-07-06 13:06:00-04:00,7592.0,7594.75,7591.75,7594.5,4420
2026-07-06 13:07:00-04:00,7594.5,7594.75,7593.5,7594.25,1319
2026-07-06 13:08:00-04:00,7594.0,7594.0,7592.5,7593.5,1312
2026-07-06 13:09:00-04:00,7594.0,7594.0,7593.0,7593.25,965
2026-07-06 13:10:00-04:00,7593.25,7594.25,7592.5,7592.75,894
2026-07-06 13:11:00-04:00,7592.75,7593.75,7591.75,7593.0,954
2026-07-06 13:12:00-04:00,7593.0,7594.25,7593.0,7593.0,699
2026-07-06 13:13:00-04:00,7593.25,7593.5,7591.25,7592.0,1194
2026-07-06 13:14:00-04:00,7591.75,7593.0,7591.5,7592.75,827
2026-07-06 13:15:00-04:00,7593.0,7593.75,7592.0,7592.75,679
2026-07-06 13:16:00-04:00,7592.5,7593.25,7592.0,7592.5,577
2026-07-06 13:17:00-04:00,7592.25,7592.75,7590.5,7590.75,1093
2026-07-06 13:18:00-04:00,7590.5,7590.75,7589.0,7589.75,1473
2026-07-06 13:19:00-04:00,7589.75,7590.75,7589.25,7590.0,557
2026-07-06 13:20:00-04:00,7590.0,7590.5,7588.75,7588.75,902
2026-07-06 13:21:00-04:00,7588.75,7589.0,7588.0,7588.5,905
2026-07-06 13:22:00-04:00,7588.25,7589.75,7587.25,7589.5,1276
2026-07-06 13:23:00-04:00,7589.5,7590.25,7588.75,7589.25,627
2026-07-06 13:24:00-04:00,7589.0,7589.25,7587.75,7589.0,780
2026-07-06 13:25:00-04:00,7588.75,7590.25,7588.75,7590.0,967
2026-07-06 13:26:00-04:00,7590.0,7590.25,7589.0,7589.75,474
2026-07-06 13:27:00-04:00,7589.75,7589.75,7588.25,7588.5,585
2026-07-06 13:28:00-04:00,7588.5,7588.75,7587.25,7587.5,800
2026-07-06 13:29:00-04:00,7587.5,7588.0,7585.25,7586.25,1819
2026-07-06 13:30:00-04:00,7586.0,7586.75,7583.75,7584.0,2138
2026-07-06 13:31:00-04:00,7584.25,7585.5,7583.75,7584.75,1188
2026-07-06 13:32:00-04:00,7585.0,7585.75,7584.0,7584.25,944
2026-07-06 13:33:00-04:00,7584.25,7584.75,7581.75,7582.75,2362
2026-07-06 13:34:00-04:00,7583.0,7584.0,7582.0,7582.5,1518
2026-07-06 13:35:00-04:00,7582.5,7584.25,7581.5,7583.5,1791
2026-07-06 13:36:00-04:00,7583.5,7583.5,7580.75,7582.0,1851
2026-07-06 13:37:00-04:00,7582.25,7582.75,7580.5,7582.0,1379
2026-07-06 13:38:00-04:00,7582.0,7583.5,7582.0,7583.25,1121
2026-07-06 13:39:00-04:00,7583.25,7583.25,7581.5,7582.25,769
2026-07-06 13:40:00-04:00,7582.25,7582.25,7580.0,7580.75,1164
2026-07-06 13:41:00-04:00,7580.75,7581.0,7579.75,7580.5,971
2026-07-06 13:42:00-04:00,7580.5,7580.5,7575.0,7576.25,4640
2026-07-06 13:43:00-04:00,7576.25,7578.5,7575.75,7578.0,2665
2026-07-06 13:44:00-04:00,7578.0,7581.0,7578.0,7579.5,2487
2026-07-06 13:45:00-04:00,7579.25,7579.75,7577.25,7579.25,2158
2026-07-06 13:46:00-04:00,7578.75,7581.75,7578.75,7581.5,1665
2026-07-06 13:47:00-04:00,7581.75,7583.0,7581.5,7582.25,1912
2026-07-06 13:48:00-04:00,7582.25,7583.0,7580.75,7581.25,1038
2026-07-06 13:49:00-04:00,7581.0,7582.0,7580.25,7581.75,735
2026-07-06 13:50:00-04:00,7582.0,7584.25,7582.0,7583.5,1413
2026-07-06 13:51:00-04:00,7583.75,7584.0,7582.75,7583.75,741
2026-07-06 13:52:00-04:00,7583.75,7584.0,7581.5,7581.75,1105
2026-07-06 13:53:00-04:00,7581.75,7582.0,7580.25,7581.0,1613
2026-07-06 13:54:00-04:00,7580.75,7581.25,7579.0,7579.5,1011
2026-07-06 13:55:00-04:00,7579.5,7580.5,7579.0,7579.25,1131
2026-07-06 13:56:00-04:00,7579.5,7580.5,7579.5,7579.5,686
2026-07-06 13:57:00-04:00,7579.5,7580.25,7578.0,7578.25,1009
2026-07-06 13:58:00-04:00,7578.5,7579.5,7578.0,7578.5,574
2026-07-06 13:59:00-04:00,7578.5,7580.25,7578.25,7580.25,848
2026-07-06 14:00:00-04:00,7580.0,7582.25,7580.0,7581.5,1604
2026-07-06 14:01:00-04:00,7581.25,7584.75,7581.0,7584.75,1894
2026-07-06 14:02:00-04:00,7584.75,7586.5,7584.75,7585.0,2483
2026-07-06 14:03:00-04:00,7585.0,7586.5,7584.5,7586.25,1124
2026-07-06 14:04:00-04:00,7586.0,7586.5,7585.0,7585.75,854
2026-07-06 14:05:00-04:00,7585.75,7586.75,7585.0,7585.5,938
2026-07-06 14:06:00-04:00,7585.75,7588.5,7585.5,7588.25,1091
2026-07-06 14:07:00-04:00,7588.25,7588.75,7587.75,7588.5,1398
2026-07-06 14:08:00-04:00,7588.5,7590.0,7588.0,7589.75,1393
2026-07-06 14:09:00-04:00,7589.75,7589.75,7587.25,7588.5,1236
2026-07-06 14:10:00-04:00,7588.75,7589.0,7588.0,7588.75,770
2026-07-06 14:11:00-04:00,7588.5,7589.0,7588.0,7588.0,587
2026-07-06 14:12:00-04:00,7587.75,7589.0,7587.0,7588.25,786
2026-07-06 14:13:00-04:00,7588.5,7588.75,7587.25,7588.5,473
2026-07-06 14:14:00-04:00,7588.5,7589.25,7588.25,7589.0,517
2026-07-06 14:15:00-04:00,7589.25,7592.0,7589.0,7592.0,2014
2026-07-06 14:16:00-04:00,7591.75,7594.25,7591.5,7592.25,3114
2026-07-06 14:17:00-04:00,7592.25,7592.25,7591.25,7591.5,1144
2026-07-06 14:18:00-04:00,7591.25,7592.0,7590.0,7592.0,876
2026-07-06 14:19:00-04:00,7592.0,7593.0,7591.75,7592.5,899
2026-07-06 14:20:00-04:00,7592.25,7593.0,7591.0,7592.75,502
2026-07-06 14:21:00-04:00,7592.75,7593.75,7592.25,7593.25,638
2026-07-06 14:22:00-04:00,7593.25,7594.0,7592.75,7593.75,722
2026-07-06 14:23:00-04:00,7593.5,7593.5,7592.5,7593.0,559
2026-07-06 14:24:00-04:00,7593.0,7593.75,7592.25,7593.75,704
2026-07-06 14:25:00-04:00,7593.5,7594.5,7593.0,7594.0,846
2026-07-06 14:26:00-04:00,7594.0,7595.0,7593.0,7593.75,1766
2026-07-06 14:27:00-04:00,7593.5,7594.0,7592.5,7592.5,812
2026-07-06 14:28:00-04:00,7592.75,7593.0,7591.5,7592.5,905
2026-07-06 14:29:00-04:00,7592.25,7592.75,7591.5,7592.0,548
2026-07-06 14:30:00-04:00,7592.25,7593.0,7591.75,7592.5,708
2026-07-06 14:31:00-04:00,7592.5,7594.0,7592.25,7593.5,592
2026-07-06 14:32:00-04:00,7593.25,7593.5,7592.0,7592.5,448
2026-07-06 14:33:00-04:00,7592.25,7593.0,7591.0,7591.5,706
2026-07-06 14:34:00-04:00,7591.25,7591.5,7589.75,7590.25,1380
2026-07-06 14:35:00-04:00,7590.0,7591.25,7589.75,7590.75,688
2026-07-06 14:36:00-04:00,7590.75,7591.0,7589.25,7590.5,1070
2026-07-06 14:37:00-04:00,7590.25,7591.5,7590.0,7591.0,622
2026-07-06 14:38:00-04:00,7591.0,7591.75,7590.0,7590.0,604
2026-07-06 14:39:00-04:00,7590.0,7590.0,7588.75,7589.5,853
2026-07-06 14:40:00-04:00,7589.5,7591.25,7589.5,7591.25,586
2026-07-06 14:41:00-04:00,7591.25,7592.5,7591.0,7592.25,767
2026-07-06 14:42:00-04:00,7592.25,7592.25,7591.5,7591.75,561
2026-07-06 14:43:00-04:00,7592.0,7592.25,7591.25,7591.75,394
2026-07-06 14:44:00-04:00,7591.75,7592.25,7589.75,7591.0,1021
2026-07-06 14:45:00-04:00,7591.25,7593.0,7590.75,7592.75,880
2026-07-06 14:46:00-04:00,7592.5,7594.25,7592.5,7594.25,1321
2026-07-06 14:47:00-04:00,7594.25,7595.75,7593.75,7594.75,2006
2026-07-06 14:48:00-04:00,7594.75,7595.5,7593.5,7594.0,956
2026-07-06 14:49:00-04:00,7594.0,7595.0,7593.5,7594.75,559
2026-07-06 14:50:00-04:00,7594.75,7595.5,7594.25,7595.25,758
2026-07-06 14:51:00-04:00,7595.5,7597.0,7595.25,7596.0,1850
2026-07-06 14:52:00-04:00,7596.0,7597.0,7595.75,7596.25,745
2026-07-06 14:53:00-04:00,7596.0,7596.25,7595.25,7596.25,568
2026-07-06 14:54:00-04:00,7596.5,7597.0,7595.75,7597.0,485
2026-07-06 14:55:00-04:00,7597.0,7597.25,7595.5,7596.5,1122
2026-07-06 14:56:00-04:00,7596.25,7599.0,7596.25,7597.75,1916
2026-07-06 14:57:00-04:00,7597.75,7598.25,7597.5,7598.0,718
2026-07-06 14:58:00-04:00,7597.75,7598.75,7597.75,7597.75,909
2026-07-06 14:59:00-04:00,7597.75,7598.25,7596.5,7598.25,958
2026-07-06 15:00:00-04:00,7598.25,7600.0,7596.75,7597.0,3143
2026-07-06 15:01:00-04:00,7597.0,7598.25,7595.25,7598.0,1744
2026-07-06 15:02:00-04:00,7598.0,7598.75,7597.0,7597.0,866
2026-07-06 15:03:00-04:00,7597.0,7597.5,7596.75,7596.75,539
2026-07-06 15:04:00-04:00,7596.75,7597.75,7596.5,7597.25,565
2026-07-06 15:05:00-04:00,7597.25,7598.0,7596.75,7598.0,735
2026-07-06 15:06:00-04:00,7598.25,7598.5,7597.0,7597.75,985
2026-07-06 15:07:00-04:00,7598.0,7598.0,7596.5,7596.5,860
2026-07-06 15:08:00-04:00,7596.5,7597.0,7595.25,7595.25,1364
2026-07-06 15:09:00-04:00,7595.25,7596.5,7595.0,7596.0,1102
2026-07-06 15:10:00-04:00,7596.0,7596.5,7595.25,7595.75,1222
2026-07-06 15:11:00-04:00,7595.75,7596.75,7595.0,7596.5,1183
2026-07-06 15:12:00-04:00,7596.5,7597.75,7595.5,7597.25,1001
2026-07-06 15:13:00-04:00,7597.0,7597.0,7596.0,7596.5,738
2026-07-06 15:14:00-04:00,7596.5,7596.75,7595.75,7596.25,775
2026-07-06 15:15:00-04:00,7596.25,7596.5,7595.0,7595.75,1074
2026-07-06 15:16:00-04:00,7596.0,7597.0,7595.5,7596.0,599
2026-07-06 15:17:00-04:00,7596.25,7598.5,7596.25,7598.5,958
2026-07-06 15:18:00-04:00,7598.25,7599.75,7598.25,7598.75,1454
2026-07-06 15:19:00-04:00,7598.75,7599.75,7598.0,7599.5,1096
2026-07-06 15:20:00-04:00,7599.25,7600.75,7598.0,7600.75,2036
2026-07-06 15:21:00-04:00,7600.25,7602.25,7599.5,7599.75,2339
2026-07-06 15:22:00-04:00,7600.0,7600.25,7599.25,7600.0,841
2026-07-06 15:23:00-04:00,7599.75,7601.25,7599.75,7601.25,620
2026-07-06 15:24:00-04:00,7601.25,7601.75,7601.0,7601.25,807
2026-07-06 15:25:00-04:00,7601.0,7601.5,7600.0,7601.5,1249
2026-07-06 15:26:00-04:00,7601.5,7602.0,7600.25,7601.0,853
2026-07-06 15:27:00-04:00,7600.75,7601.5,7599.25,7599.5,822
2026-07-06 15:28:00-04:00,7599.5,7601.5,7599.5,7601.25,861
2026-07-06 15:29:00-04:00,7601.0,7601.25,7600.25,7600.75,626
2026-07-06 15:30:00-04:00,7601.0,7601.0,7599.25,7600.25,1452
2026-07-06 15:31:00-04:00,7600.5,7600.75,7599.5,7600.5,1113
2026-07-06 15:32:00-04:00,7600.5,7600.5,7599.5,7599.75,751
2026-07-06 15:33:00-04:00,7599.75,7600.25,7598.75,7599.0,1179
2026-07-06 15:34:00-04:00,7599.0,7599.5,7597.25,7598.5,1609
2026-07-06 15:35:00-04:00,7598.75,7599.75,7597.75,7597.75,1291
2026-07-06 15:36:00-04:00,7597.75,7598.0,7595.75,7596.5,1985
2026-07-06 15:37:00-04:00,7596.25,7598.0,7596.25,7597.0,1082
2026-07-06 15:38:00-04:00,7597.0,7599.0,7596.75,7598.0,1003
2026-07-06 15:39:00-04:00,7597.5,7598.0,7597.0,7597.75,473
2026-07-06 15:40:00-04:00,7598.0,7598.25,7596.0,7596.25,1037
2026-07-06 15:41:00-04:00,7596.25,7598.5,7596.0,7598.0,1145
2026-07-06 15:42:00-04:00,7598.25,7598.5,7597.0,7597.25,648
2026-07-06 15:43:00-04:00,7597.25,7597.75,7597.0,7597.25,788
2026-07-06 15:44:00-04:00,7597.0,7598.75,7597.0,7598.5,704
2026-07-06 15:45:00-04:00,7598.5,7600.5,7597.75,7600.0,1676
2026-07-06 15:46:00-04:00,7600.0,7600.25,7598.75,7599.25,738
2026-07-06 15:47:00-04:00,7599.5,7600.0,7598.75,7599.5,693
2026-07-06 15:48:00-04:00,7599.5,7599.5,7597.5,7598.0,1312
2026-07-06 15:49:00-04:00,7598.25,7598.75,7597.25,7597.75,1101
2026-07-06 15:50:00-04:00,7597.75,7598.25,7593.25,7595.0,5585
2026-07-06 15:51:00-04:00,7595.0,7596.0,7594.0,7594.25,2053
2026-07-06 15:52:00-04:00,7594.25,7595.25,7591.75,7591.75,2664
2026-07-06 15:53:00-04:00,7592.0,7593.75,7591.75,7593.5,2134
2026-07-06 15:54:00-04:00,7593.25,7594.25,7591.0,7591.25,2768
2026-07-06 15:55:00-04:00,7591.5,7592.0,7587.75,7589.25,4949
2026-07-06 15:56:00-04:00,7589.5,7590.25,7588.0,7588.75,1921
2026-07-06 15:57:00-04:00,7588.5,7593.5,7588.25,7592.0,2914
2026-07-06 15:58:00-04:00,7592.0,7592.25,7590.25,7592.0,2327
2026-07-06 15:59:00-04:00,7591.75,7593.75,7589.5,7593.25,10884
2026-07-06 16:00:00-04:00,7593.5,7595.75,7592.25,7594.5,3823
2026-07-06 16:01:00-04:00,7594.75,7595.0,7591.25,7592.25,1308
2026-07-06 16:02:00-04:00,7592.5,7594.75,7592.5,7594.75,544
2026-07-06 16:03:00-04:00,7594.5,7595.5,7593.5,7593.5,530
2026-07-06 16:04:00-04:00,7593.25,7594.0,7592.5,7592.75,517
2026-07-06 16:05:00-04:00,7592.75,7594.0,7592.0,7593.75,658
2026-07-06 16:06:00-04:00,7593.75,7594.25,7593.25,7593.75,291
2026-07-06 16:07:00-04:00,7593.75,7595.5,7593.5,7595.25,701
2026-07-06 16:08:00-04:00,7595.25,7596.5,7594.75,7596.25,510
2026-07-06 16:09:00-04:00,7596.25,7596.75,7595.5,7596.25,429
2026-07-06 16:10:00-04:00,7596.5,7596.5,7595.75,7596.25,319
2026-07-06 16:11:00-04:00,7596.0,7596.5,7594.5,7595.5,426
2026-07-06 16:12:00-04:00,7595.5,7596.5,7595.0,7596.25,272
2026-07-06 16:13:00-04:00,7596.25,7596.75,7595.75,7596.0,269
2026-07-06 16:14:00-04:00,7596.0,7597.25,7596.0,7596.5,299
2026-07-06 16:15:00-04:00,7596.25,7596.75,7596.0,7596.5,210
2026-07-06 16:16:00-04:00,7596.25,7597.75,7596.25,7597.25,317
2026-07-06 16:17:00-04:00,7597.5,7598.0,7597.25,7597.75,283
2026-07-06 16:18:00-04:00,7597.75,7598.25,7597.25,7597.5,252
2026-07-06 16:19:00-04:00,7597.75,7598.0,7597.0,7597.25,199
2026-07-06 16:20:00-04:00,7597.25,7597.5,7596.5,7597.0,146
2026-07-06 16:21:00-04:00,7597.25,7597.25,7596.0,7596.5,189
2026-07-06 16:22:00-04:00,7596.5,7596.75,7595.5,7596.0,176
2026-07-06 16:23:00-04:00,7596.0,7596.25,7596.0,7596.0,96
2026-07-06 16:24:00-04:00,7596.0,7596.5,7596.0,7596.0,156
2026-07-06 16:25:00-04:00,7596.0,7596.0,7595.25,7595.5,195
2026-07-06 16:26:00-04:00,7595.5,7596.0,7595.0,7595.0,264
2026-07-06 16:27:00-04:00,7595.0,7595.5,7594.5,7594.75,129
2026-07-06 16:28:00-04:00,7594.75,7595.0,7594.25,7594.5,177
2026-07-06 16:29:00-04:00,7594.5,7595.75,7594.25,7595.75,279
2026-07-06 16:30:00-04:00,7595.75,7596.0,7595.5,7595.75,136
2026-07-06 16:31:00-04:00,7595.75,7596.5,7595.5,7596.5,116
2026-07-06 16:32:00-04:00,7596.5,7597.0,7596.0,7596.5,299
2026-07-06 16:33:00-04:00,7596.25,7596.5,7596.0,7596.0,114
2026-07-06 16:34:00-04:00,7596.0,7596.75,7596.0,7596.5,259
2026-07-06 16:35:00-04:00,7596.5,7596.5,7595.75,7595.75,142
2026-07-06 16:36:00-04:00,7596.0,7596.25,7595.5,7595.5,91
2026-07-06 16:37:00-04:00,7595.75,7595.75,7595.0,7595.75,101
2026-07-06 16:38:00-04:00,7595.75,7596.25,7595.75,7596.0,97
2026-07-06 16:39:00-04:00,7596.25,7596.5,7596.0,7596.25,158
2026-07-06 16:40:00-04:00,7596.0,7596.25,7595.5,7596.0,112
2026-07-06 16:41:00-04:00,7596.25,7596.5,7596.0,7596.5,117
2026-07-06 16:42:00-04:00,7596.25,7596.75,7596.25,7596.75,118
2026-07-06 16:43:00-04:00,7596.5,7597.0,7596.25,7596.75,304
2026-07-06 16:44:00-04:00,7596.75,7597.0,7596.25,7596.75,203
2026-07-06 16:45:00-04:00,7596.5,7597.0,7596.25,7596.75,412
2026-07-06 16:46:00-04:00,7596.75,7596.75,7596.0,7596.5,191
2026-07-06 16:47:00-04:00,7596.25,7596.5,7596.0,7596.25,213
2026-07-06 16:48:00-04:00,7596.25,7596.25,7594.25,7594.75,360
2026-07-06 16:49:00-04:00,7594.5,7595.25,7594.25,7594.75,207
2026-07-06 16:50:00-04:00,7594.75,7595.5,7594.5,7594.75,390
2026-07-06 16:51:00-04:00,7595.0,7595.25,7594.25,7594.25,190
2026-07-06 16:52:00-04:00,7594.5,7594.75,7593.75,7594.25,249
2026-07-06 16:53:00-04:00,7594.25,7595.75,7594.25,7595.5,133
2026-07-06 16:54:00-04:00,7595.5,7596.0,7595.5,7595.5,137
2026-07-06 16:55:00-04:00,7595.5,7596.25,7595.0,7595.0,208
2026-07-06 16:56:00-04:00,7595.25,7596.0,7595.0,7596.0,36
2026-07-06 16:57:00-04:00,7596.0,7596.75,7596.0,7596.25,111
2026-07-06 16:58:00-04:00,7596.0,7597.0,7596.0,7596.5,268
2026-07-06 16:59:00-04:00,7596.75,7598.0,7596.5,7597.0,236
2026-07-06 17:00:00-04:00,7596.5,7596.5,7596.5,7596.5,3
2026-07-06 18:00:00-04:00,7597.5,7599.5,7595.75,7599.5,0
2026-07-06 18:01:00-04:00,7599.0,7599.75,7598.0,7598.5,234
2026-07-06 18:02:00-04:00,7598.5,7598.75,7597.5,7597.5,100
2026-07-06 18:03:00-04:00,7597.75,7598.25,7597.0,7598.25,104
2026-07-06 18:04:00-04:00,7598.25,7599.0,7598.0,7598.75,133
2026-07-06 18:05:00-04:00,7598.5,7598.5,7596.5,7597.0,227
2026-07-06 18:06:00-04:00,7597.0,7598.25,7596.75,7597.0,123
2026-07-06 18:07:00-04:00,7596.75,7597.25,7596.0,7596.25,159
2026-07-06 18:08:00-04:00,7596.5,7597.25,7596.25,7597.0,44
2026-07-06 18:09:00-04:00,7597.0,7597.5,7597.0,7597.5,44
2026-07-06 18:10:00-04:00,7597.75,7599.25,7597.25,7599.25,214
2026-07-06 18:11:00-04:00,7599.25,7599.25,7598.25,7598.75,119
2026-07-06 18:12:00-04:00,7599.0,7599.5,7598.75,7599.5,64
2026-07-06 18:13:00-04:00,7599.5,7599.5,7598.75,7599.25,95
2026-07-06 18:14:00-04:00,7599.0,7599.5,7599.0,7599.5,61
2026-07-06 18:15:00-04:00,7599.5,7600.0,7598.75,7599.0,183
2026-07-06 18:16:00-04:00,7599.0,7599.75,7599.0,7599.5,52
2026-07-06 18:17:00-04:00,7599.75,7600.0,7599.25,7599.75,127
2026-07-06 18:18:00-04:00,7599.5,7600.25,7599.5,7600.25,155
2026-07-06 18:19:00-04:00,7600.0,7600.25,7599.5,7599.5,133
2026-07-06 18:20:00-04:00,7599.5,7600.25,7599.25,7599.5,117
2026-07-06 18:21:00-04:00,7599.75,7600.5,7599.5,7600.5,89
2026-07-06 18:22:00-04:00,7600.25,7600.75,7600.0,7600.75,119
2026-07-06 18:23:00-04:00,7600.5,7601.0,7600.5,7600.75,155
2026-07-06 18:24:00-04:00,7600.75,7601.0,7600.0,7600.25,133
2026-07-06 18:25:00-04:00,7600.5,7600.5,7599.25,7599.25,203
2026-07-06 18:26:00-04:00,7599.25,7599.75,7598.75,7599.0,190
2026-07-06 18:27:00-04:00,7599.0,7599.25,7598.25,7598.75,179
2026-07-06 18:28:00-04:00,7599.0,7599.25,7598.75,7598.75,122
2026-07-06 18:29:00-04:00,7599.0,7599.5,7598.5,7598.5,138
2026-07-06 18:30:00-04:00,7598.75,7598.75,7597.25,7598.5,350
2026-07-06 18:31:00-04:00,7598.5,7599.0,7598.5,7599.0,117
2026-07-06 18:32:00-04:00,7598.75,7600.25,7598.5,7600.0,216
2026-07-06 18:33:00-04:00,7600.0,7600.25,7599.75,7600.0,171
2026-07-06 18:34:00-04:00,7600.0,7600.5,7599.25,7599.25,132
2026-07-06 18:35:00-04:00,7599.25,7600.5,7599.25,7599.5,170
2026-07-06 18:36:00-04:00,7599.0,7599.5,7598.75,7599.25,115
2026-07-06 18:37:00-04:00,7599.0,7599.25,7598.5,7598.75,124
2026-07-06 18:38:00-04:00,7599.0,7599.0,7598.5,7598.75,56
2026-07-06 18:39:00-04:00,7598.75,7599.5,7598.75,7599.0,58
2026-07-06 18:40:00-04:00,7599.0,7600.5,7599.0,7600.25,78
2026-07-06 18:41:00-04:00,7600.25,7600.75,7599.5,7599.5,106
2026-07-06 18:42:00-04:00,7599.5,7599.75,7599.0,7599.5,50
2026-07-06 18:43:00-04:00,7599.75,7599.75,7598.75,7599.0,78
2026-07-06 18:44:00-04:00,7598.75,7599.25,7598.5,7599.0,84
2026-07-06 18:45:00-04:00,7598.75,7598.75,7596.5,7596.5,386
2026-07-06 18:46:00-04:00,7596.75,7596.75,7594.75,7595.0,625
2026-07-06 18:47:00-04:00,7595.0,7596.0,7595.0,7595.25,261
2026-07-06 18:48:00-04:00,7595.25,7596.5,7595.25,7596.0,194
2026-07-06 18:49:00-04:00,7596.0,7596.25,7595.75,7596.25,65
2026-07-06 18:50:00-04:00,7596.25,7596.75,7595.75,7596.5,103
2026-07-06 18:51:00-04:00,7596.5,7596.5,7595.75,7595.75,48
2026-07-06 18:52:00-04:00,7596.0,7596.0,7595.0,7596.0,124
2026-07-06 18:53:00-04:00,7595.75,7596.0,7594.5,7594.75,217
2026-07-06 18:54:00-04:00,7595.0,7595.25,7594.25,7594.75,165
2026-07-06 18:55:00-04:00,7594.75,7595.25,7593.5,7593.75,253
2026-07-06 18:56:00-04:00,7593.5,7594.0,7593.0,7593.5,274
2026-07-06 18:57:00-04:00,7593.25,7594.25,7592.75,7594.25,344
2026-07-06 18:58:00-04:00,7594.25,7594.75,7594.0,7594.5,171
2026-07-06 18:59:00-04:00,7594.5,7595.0,7593.75,7593.75,108
2026-07-06 19:00:00-04:00,7593.75,7596.25,7593.5,7595.75,386
2026-07-06 19:01:00-04:00,7595.5,7596.5,7595.25,7595.75,210
2026-07-06 19:02:00-04:00,7596.0,7597.5,7595.5,7597.0,239
2026-07-06 19:03:00-04:00,7597.25,7598.0,7596.5,7596.5,235
2026-07-06 19:04:00-04:00,7596.75,7597.25,7596.25,7596.75,122
2026-07-06 19:05:00-04:00,7596.75,7597.25,7596.5,7597.0,138
2026-07-06 19:06:00-04:00,7597.0,7597.5,7596.75,7597.0,43
2026-07-06 19:07:00-04:00,7597.25,7597.25,7596.75,7596.75,33
2026-07-06 19:08:00-04:00,7597.0,7597.25,7596.75,7597.0,77
2026-07-06 19:09:00-04:00,7596.75,7597.0,7595.0,7596.0,254
2026-07-06 19:10:00-04:00,7596.0,7597.0,7596.0,7597.0,76
2026-07-06 19:11:00-04:00,7597.0,7597.25,7596.0,7596.75,118
2026-07-06 19:12:00-04:00,7596.5,7597.25,7596.0,7596.25,126
2026-07-06 19:13:00-04:00,7596.0,7596.5,7596.0,7596.5,40
2026-07-06 19:14:00-04:00,7596.25,7596.25,7595.5,7595.75,77
2026-07-06 19:15:00-04:00,7595.75,7595.75,7595.0,7595.5,97
2026-07-06 19:16:00-04:00,7595.25,7595.5,7593.5,7594.0,289
2026-07-06 19:17:00-04:00,7594.0,7594.75,7594.0,7594.25,141
2026-07-06 19:18:00-04:00,7594.0,7594.5,7593.0,7593.25,200
2026-07-06 19:19:00-04:00,7593.0,7593.25,7592.0,7592.25,356
2026-07-06 19:20:00-04:00,7592.25,7592.75,7591.75,7591.75,256
2026-07-06 19:21:00-04:00,7591.5,7592.75,7591.5,7592.0,212
2026-07-06 19:22:00-04:00,7592.25,7592.5,7591.5,7592.5,147
2026-07-06 19:23:00-04:00,7592.25,7593.0,7591.75,7592.25,230
2026-07-06 19:24:00-04:00,7592.5,7593.75,7592.5,7593.25,321
2026-07-06 19:25:00-04:00,7593.5,7593.75,7592.25,7592.25,242
2026-07-06 19:26:00-04:00,7592.5,7593.25,7592.0,7593.25,90
2026-07-06 19:27:00-04:00,7593.25,7594.25,7593.25,7593.75,192
2026-07-06 19:28:00-04:00,7593.75,7593.75,7592.75,7593.25,135
2026-07-06 19:29:00-04:00,7593.0,7593.75,7592.5,7593.0,120
2026-07-06 19:30:00-04:00,7592.75,7594.0,7592.75,7593.0,137
2026-07-06 19:31:00-04:00,7593.25,7593.25,7592.75,7593.0,90
2026-07-06 19:32:00-04:00,7593.0,7593.25,7592.25,7592.25,77
2026-07-06 19:33:00-04:00,7592.25,7592.25,7591.25,7591.75,177
2026-07-06 19:34:00-04:00,7592.0,7592.25,7591.25,7591.5,186
2026-07-06 19:35:00-04:00,7591.75,7592.25,7591.5,7592.25,89
2026-07-06 19:36:00-04:00,7592.25,7592.25,7591.25,7591.75,65
2026-07-06 19:37:00-04:00,7591.75,7592.25,7591.5,7592.25,75
2026-07-06 19:38:00-04:00,7592.25,7592.25,7591.5,7591.75,91
2026-07-06 19:39:00-04:00,7591.5,7591.75,7591.25,7591.5,108
2026-07-06 19:40:00-04:00,7591.5,7592.0,7590.75,7590.75,217
2026-07-06 19:41:00-04:00,7591.0,7591.25,7590.0,7590.5,383
2026-07-06 19:42:00-04:00,7590.75,7590.75,7589.75,7590.25,327
2026-07-06 19:43:00-04:00,7590.25,7591.0,7590.25,7590.75,210
2026-07-06 19:44:00-04:00,7591.0,7591.25,7590.0,7590.25,155
2026-07-06 19:45:00-04:00,7590.25,7590.25,7588.5,7589.25,486
2026-07-06 19:46:00-04:00,7589.0,7589.25,7586.75,7588.5,958
2026-07-06 19:47:00-04:00,7588.5,7588.5,7586.75,7587.75,376
2026-07-06 19:48:00-04:00,7588.0,7588.75,7587.5,7587.75,255
2026-07-06 19:49:00-04:00,7588.0,7588.25,7587.0,7587.5,248
2026-07-06 19:50:00-04:00,7587.25,7587.5,7584.75,7586.5,912
2026-07-06 19:51:00-04:00,7586.25,7587.0,7585.0,7586.25,372
2026-07-06 19:52:00-04:00,7586.0,7586.75,7585.5,7586.0,166
2026-07-06 19:53:00-04:00,7586.25,7586.25,7585.5,7585.5,186
2026-07-06 19:54:00-04:00,7585.75,7586.25,7585.0,7585.5,205
2026-07-06 19:55:00-04:00,7585.75,7586.5,7584.5,7585.0,278
2026-07-06 19:56:00-04:00,7585.0,7586.0,7584.5,7585.25,258
2026-07-06 19:57:00-04:00,7585.25,7585.75,7584.25,7584.75,286
2026-07-06 19:58:00-04:00,7584.75,7585.25,7584.25,7585.0,149
2026-07-06 19:59:00-04:00,7585.0,7585.75,7584.5,7585.75,254
2026-07-06 20:00:00-04:00,7585.5,7588.0,7583.5,7586.75,1176
2026-07-06 20:01:00-04:00,7586.75,7587.75,7585.5,7587.0,606
2026-07-06 20:02:00-04:00,7587.0,7587.5,7586.25,7586.75,289
2026-07-06 20:03:00-04:00,7586.5,7588.25,7586.25,7587.75,224
2026-07-06 20:04:00-04:00,7587.75,7588.5,7586.75,7587.5,144
2026-07-06 20:05:00-04:00,7588.0,7589.75,7587.5,7588.5,552
2026-07-06 20:06:00-04:00,7588.5,7589.5,7586.75,7587.5,290
2026-07-06 20:07:00-04:00,7587.25,7590.0,7587.0,7590.0,286
2026-07-06 20:08:00-04:00,7590.0,7590.5,7588.25,7588.5,314
2026-07-06 20:09:00-04:00,7588.75,7589.5,7587.75,7588.75,204
2026-07-06 20:10:00-04:00,7588.75,7588.75,7587.5,7587.75,172
2026-07-06 20:11:00-04:00,7587.75,7587.75,7585.5,7586.0,558
2026-07-06 20:12:00-04:00,7586.25,7586.5,7584.5,7586.25,431
2026-07-06 20:13:00-04:00,7586.5,7586.5,7585.5,7585.75,259
2026-07-06 20:14:00-04:00,7586.0,7586.5,7585.5,7586.25,178
2026-07-06 20:15:00-04:00,7586.25,7587.5,7585.0,7586.5,398
2026-07-06 20:16:00-04:00,7586.75,7588.5,7586.5,7587.75,413
2026-07-06 20:17:00-04:00,7588.0,7588.75,7586.75,7587.75,227
2026-07-06 20:18:00-04:00,7587.75,7588.25,7587.25,7587.5,108
2026-07-06 20:19:00-04:00,7587.75,7589.75,7587.25,7589.5,263
2026-07-06 20:20:00-04:00,7589.5,7591.5,7589.25,7590.75,739
2026-07-06 20:21:00-04:00,7590.75,7593.75,7590.75,7592.75,957
2026-07-06 20:22:00-04:00,7593.0,7593.5,7591.5,7593.0,273
2026-07-06 20:23:00-04:00,7592.75,7594.0,7591.5,7594.0,274
2026-07-06 20:24:00-04:00,7593.75,7594.0,7592.5,7593.0,339
2026-07-06 20:25:00-04:00,7593.25,7595.5,7592.5,7595.0,475
2026-07-06 20:26:00-04:00,7595.0,7595.25,7593.5,7593.5,329
2026-07-06 20:27:00-04:00,7593.5,7594.0,7591.0,7592.0,349
2026-07-06 20:28:00-04:00,7592.0,7592.0,7589.25,7589.75,512
2026-07-06 20:29:00-04:00,7589.5,7590.25,7587.5,7590.25,538
2026-07-06 20:30:00-04:00,7590.25,7591.25,7588.75,7589.5,428
2026-07-06 20:31:00-04:00,7589.75,7590.75,7589.0,7590.0,166
2026-07-06 20:32:00-04:00,7590.0,7591.0,7589.5,7590.25,137
2026-07-06 20:33:00-04:00,7590.0,7590.25,7588.5,7588.5,138
2026-07-06 20:34:00-04:00,7588.25,7589.5,7587.25,7587.5,242
2026-07-06 20:35:00-04:00,7587.25,7588.0,7586.0,7586.75,462
2026-07-06 20:36:00-04:00,7586.25,7586.75,7585.5,7586.75,270
2026-07-06 20:37:00-04:00,7586.25,7587.0,7584.25,7584.25,395
2026-07-06 20:38:00-04:00,7584.5,7584.75,7583.5,7584.5,372
2026-07-06 20:39:00-04:00,7584.75,7586.0,7584.5,7585.25,349
2026-07-06 20:40:00-04:00,7585.0,7585.75,7584.25,7584.75,222
2026-07-06 20:41:00-04:00,7584.5,7585.0,7584.0,7584.25,193
2026-07-06 20:42:00-04:00,7584.75,7585.0,7584.0,7584.5,132
2026-07-06 20:43:00-04:00,7584.25,7586.25,7584.25,7586.25,360
2026-07-06 20:44:00-04:00,7586.25,7588.0,7586.25,7587.0,462
2026-07-06 20:45:00-04:00,7587.0,7588.25,7586.5,7586.75,226
2026-07-06 20:46:00-04:00,7586.75,7586.75,7585.25,7586.0,271
2026-07-06 20:47:00-04:00,7586.0,7588.0,7586.0,7587.25,240
2026-07-06 20:48:00-04:00,7587.0,7589.0,7586.75,7588.75,328
2026-07-06 20:49:00-04:00,7588.5,7589.0,7587.25,7587.75,223
2026-07-06 20:50:00-04:00,7587.75,7588.0,7586.25,7587.25,152
2026-07-06 20:51:00-04:00,7587.5,7588.0,7586.5,7587.0,101
2026-07-06 20:52:00-04:00,7587.0,7588.75,7586.75,7588.75,166
2026-07-06 20:53:00-04:00,7588.75,7588.75,7587.75,7588.25,128
2026-07-06 20:54:00-04:00,7588.0,7589.25,7588.0,7589.0,102
2026-07-06 20:55:00-04:00,7588.75,7589.5,7587.5,7588.25,169
2026-07-06 20:56:00-04:00,7588.25,7589.0,7586.25,7586.5,252
2026-07-06 20:57:00-04:00,7586.5,7586.75,7585.25,7586.0,398
2026-07-06 20:58:00-04:00,7586.25,7586.25,7584.75,7585.0,207
2026-07-06 20:59:00-04:00,7585.5,7586.25,7584.75,7585.0,151
2026-07-06 21:00:00-04:00,7585.25,7586.5,7584.75,7586.0,319
2026-07-06 21:01:00-04:00,7585.75,7587.0,7584.25,7585.0,316
2026-07-06 21:02:00-04:00,7584.75,7585.0,7583.75,7584.25,296
2026-07-06 21:03:00-04:00,7584.5,7586.0,7584.5,7586.0,235
2026-07-06 21:04:00-04:00,7586.0,7586.0,7584.0,7585.0,205
2026-07-06 21:05:00-04:00,7585.0,7585.5,7584.75,7585.5,168
2026-07-06 21:06:00-04:00,7585.25,7586.75,7585.25,7586.25,238
2026-07-06 21:07:00-04:00,7586.25,7587.0,7585.5,7585.75,123
2026-07-06 21:08:00-04:00,7585.5,7587.25,7584.75,7586.5,229
2026-07-06 21:09:00-04:00,7586.5,7587.25,7585.75,7586.25,198
2026-07-06 21:10:00-04:00,7586.25,7587.5,7586.0,7586.0,173
2026-07-06 21:11:00-04:00,7585.75,7587.0,7585.75,7586.0,176
2026-07-06 21:12:00-04:00,7586.0,7586.5,7584.75,7586.25,166
2026-07-06 21:13:00-04:00,7586.0,7586.0,7584.75,7585.5,122
2026-07-06 21:14:00-04:00,7585.5,7586.25,7584.75,7585.0,130
2026-07-06 21:15:00-04:00,7585.25,7586.0,7584.5,7584.75,138
2026-07-06 21:16:00-04:00,7585.0,7585.0,7584.25,7584.75,436
2026-07-06 21:17:00-04:00,7584.75,7585.25,7584.25,7585.0,139
2026-07-06 21:18:00-04:00,7585.25,7586.0,7584.0,7585.25,197
2026-07-06 21:19:00-04:00,7585.0,7585.0,7584.0,7584.75,117
2026-07-06 21:20:00-04:00,7584.75,7585.0,7583.75,7584.0,146
2026-07-06 21:21:00-04:00,7583.75,7584.0,7582.5,7583.25,632
2026-07-06 21:22:00-04:00,7583.5,7583.75,7582.75,7583.25,218
2026-07-06 21:23:00-04:00,7583.25,7583.75,7582.75,7583.5,159
2026-07-06 21:24:00-04:00,7583.75,7584.0,7582.25,7582.5,372
2026-07-06 21:25:00-04:00,7582.25,7582.75,7581.5,7581.75,519
2026-07-06 21:26:00-04:00,7582.0,7582.25,7581.5,7581.75,209
2026-07-06 21:27:00-04:00,7581.75,7582.75,7581.5,7582.0,283
2026-07-06 21:28:00-04:00,7582.0,7582.25,7581.5,7582.0,122
2026-07-06 21:29:00-04:00,7582.0,7583.0,7580.75,7582.0,329
2026-07-06 21:30:00-04:00,7581.5,7582.25,7581.0,7581.0,251
2026-07-06 21:31:00-04:00,7581.25,7581.75,7580.75,7581.0,226
2026-07-06 21:32:00-04:00,7580.75,7581.75,7579.0,7581.5,1009
2026-07-06 21:33:00-04:00,7581.5,7582.0,7580.75,7582.0,347
2026-07-06 21:34:00-04:00,7581.75,7583.25,7581.25,7582.5,514
2026-07-06 21:35:00-04:00,7582.25,7585.0,7582.25,7584.75,493
2026-07-06 21:36:00-04:00,7584.5,7584.75,7582.75,7583.25,384
2026-07-06 21:37:00-04:00,7583.25,7583.5,7582.25,7583.5,156
2026-07-06 21:38:00-04:00,7583.75,7585.25,7583.75,7584.75,261
2026-07-06 21:39:00-04:00,7584.5,7585.5,7584.5,7585.0,231
2026-07-06 21:40:00-04:00,7585.0,7586.0,7584.25,7586.0,237
2026-07-06 21:41:00-04:00,7585.75,7586.0,7584.0,7584.25,262
2026-07-06 21:42:00-04:00,7584.5,7584.5,7582.75,7583.5,215
2026-07-06 21:43:00-04:00,7583.75,7585.0,7583.5,7584.75,221
2026-07-06 21:44:00-04:00,7584.75,7586.25,7584.75,7585.75,244
2026-07-06 21:45:00-04:00,7586.0,7587.25,7586.0,7587.0,343
2026-07-06 21:46:00-04:00,7587.0,7587.75,7586.5,7587.25,262
2026-07-06 21:47:00-04:00,7587.0,7588.0,7587.0,7587.25,229
2026-07-06 21:48:00-04:00,7587.25,7588.0,7586.5,7587.5,180
2026-07-06 21:49:00-04:00,7587.25,7587.5,7586.75,7587.25,106
2026-07-06 21:50:00-04:00,7587.5,7587.75,7586.75,7587.25,187
2026-07-06 21:51:00-04:00,7586.75,7587.25,7586.25,7586.75,170
2026-07-06 21:52:00-04:00,7586.5,7587.5,7586.5,7587.25,78
2026-07-06 21:53:00-04:00,7587.0,7588.0,7586.5,7587.25,208
2026-07-06 21:54:00-04:00,7587.25,7588.75,7586.75,7588.25,306
2026-07-06 21:55:00-04:00,7588.25,7588.25,7585.0,7585.75,373
2026-07-06 21:56:00-04:00,7585.75,7586.5,7585.0,7586.0,171
2026-07-06 21:57:00-04:00,7586.25,7586.25,7585.0,7585.5,164
2026-07-06 21:58:00-04:00,7585.5,7585.75,7584.0,7584.25,301
2026-07-06 21:59:00-04:00,7584.0,7584.25,7582.75,7583.5,249
2026-07-06 22:00:00-04:00,7583.5,7584.0,7582.5,7582.75,288
2026-07-06 22:01:00-04:00,7582.75,7585.0,7582.5,7584.75,257
2026-07-06 22:02:00-04:00,7584.75,7585.25,7583.5,7583.5,160
2026-07-06 22:03:00-04:00,7583.5,7585.5,7583.0,7584.75,227
2026-07-06 22:04:00-04:00,7584.75,7585.25,7584.25,7584.75,79
2026-07-06 22:05:00-04:00,7584.75,7584.75,7584.0,7584.5,114
2026-07-06 22:06:00-04:00,7584.75,7585.5,7584.25,7585.25,108
2026-07-06 22:07:00-04:00,7585.25,7587.0,7585.25,7587.0,236
2026-07-06 22:08:00-04:00,7587.0,7587.25,7586.25,7587.0,154
2026-07-06 22:09:00-04:00,7587.0,7587.5,7586.0,7586.0,160
2026-07-06 22:10:00-04:00,7586.0,7586.5,7585.5,7585.75,135
2026-07-06 22:11:00-04:00,7585.5,7586.5,7585.0,7586.0,74
2026-07-06 22:12:00-04:00,7586.25,7586.5,7585.5,7586.25,50
2026-07-06 22:13:00-04:00,7586.25,7586.75,7585.75,7586.25,80
2026-07-06 22:14:00-04:00,7586.25,7586.25,7585.75,7586.0,34
2026-07-06 22:15:00-04:00,7586.0,7586.25,7584.75,7585.5,86
2026-07-06 22:16:00-04:00,7585.75,7587.0,7585.75,7586.75,159
2026-07-06 22:17:00-04:00,7586.75,7586.75,7585.75,7586.5,42
2026-07-06 22:18:00-04:00,7586.25,7586.25,7585.75,7586.0,39
2026-07-06 22:19:00-04:00,7585.5,7586.25,7585.5,7586.0,84
2026-07-06 22:20:00-04:00,7586.0,7586.0,7585.0,7585.5,121
2026-07-06 22:21:00-04:00,7585.25,7585.25,7583.75,7584.0,293
2026-07-06 22:22:00-04:00,7584.25,7584.25,7583.25,7583.5,181
2026-07-06 22:23:00-04:00,7583.5,7584.5,7583.0,7584.5,108
2026-07-06 22:24:00-04:00,7584.75,7584.75,7583.25,7583.5,78
2026-07-06 22:25:00-04:00,7583.5,7583.75,7583.0,7583.5,165
2026-07-06 22:26:00-04:00,7583.25,7583.5,7583.0,7583.25,108
2026-07-06 22:27:00-04:00,7583.0,7583.5,7582.5,7583.0,110
2026-07-06 22:28:00-04:00,7583.25,7583.25,7582.5,7582.5,31
2026-07-06 22:29:00-04:00,7583.25,7583.25,7582.25,7582.5,110
2026-07-06 22:30:00-04:00,7582.25,7582.25,7581.0,7581.25,383
2026-07-06 22:31:00-04:00,7581.25,7581.5,7580.75,7581.0,194
2026-07-06 22:32:00-04:00,7580.75,7581.0,7580.5,7581.0,181
2026-07-06 22:33:00-04:00,7581.0,7581.0,7579.75,7579.75,284
2026-07-06 22:34:00-04:00,7579.75,7580.75,7579.75,7580.0,162
2026-07-06 22:35:00-04:00,7580.0,7581.25,7580.0,7581.25,250
2026-07-06 22:36:00-04:00,7581.0,7582.75,7580.25,7582.5,305
2026-07-06 22:37:00-04:00,7582.5,7582.75,7580.25,7580.5,164
2026-07-06 22:38:00-04:00,7580.5,7581.5,7579.75,7581.5,205
2026-07-06 22:39:00-04:00,7581.75,7582.75,7581.5,7582.25,210
2026-07-06 22:40:00-04:00,7582.5,7583.0,7581.75,7582.75,145
2026-07-06 22:41:00-04:00,7582.75,7583.0,7581.5,7582.0,198
2026-07-06 22:42:00-04:00,7582.0,7582.25,7581.25,7581.25,112
2026-07-06 22:43:00-04:00,7581.25,7582.0,7581.0,7581.75,138
2026-07-06 22:44:00-04:00,7581.5,7582.5,7581.25,7582.5,81
2026-07-06 22:45:00-04:00,7582.25,7582.5,7582.0,7582.5,64
2026-07-06 22:46:00-04:00,7582.0,7582.0,7581.0,7581.0,66
2026-07-06 22:47:00-04:00,7581.0,7581.5,7580.75,7581.25,118
2026-07-06 22:48:00-04:00,7581.25,7581.25,7580.5,7580.5,60
2026-07-06 22:49:00-04:00,7580.75,7581.0,7580.25,7581.0,119
2026-07-06 22:50:00-04:00,7581.0,7581.25,7580.25,7580.5,175
2026-07-06 22:51:00-04:00,7580.5,7581.0,7580.0,7580.25,162
2026-07-06 22:52:00-04:00,7580.0,7581.5,7579.75,7581.25,248
2026-07-06 22:53:00-04:00,7581.25,7581.25,7580.5,7580.75,58
2026-07-06 22:54:00-04:00,7581.25,7581.5,7581.0,7581.25,71
2026-07-06 22:55:00-04:00,7581.25,7581.25,7580.5,7580.75,109
2026-07-06 22:56:00-04:00,7580.75,7581.5,7580.75,7580.75,88
2026-07-06 22:57:00-04:00,7580.75,7581.0,7580.25,7580.5,98
2026-07-06 22:58:00-04:00,7580.25,7580.5,7579.0,7579.0,288
2026-07-06 22:59:00-04:00,7579.0,7579.5,7578.5,7578.75,414
2026-07-06 23:00:00-04:00,7579.25,7581.25,7578.75,7581.25,234
2026-07-06 23:01:00-04:00,7581.5,7581.75,7580.0,7580.0,180
2026-07-06 23:02:00-04:00,7580.0,7581.5,7579.75,7581.25,148
2026-07-06 23:03:00-04:00,7581.0,7581.75,7580.75,7581.25,107
2026-07-06 23:04:00-04:00,7581.5,7582.5,7581.25,7582.25,149
2026-07-06 23:05:00-04:00,7582.0,7582.75,7581.5,7581.75,230
2026-07-06 23:06:00-04:00,7581.5,7582.0,7580.5,7581.5,170
2026-07-06 23:07:00-04:00,7581.75,7582.25,7581.25,7582.0,80
2026-07-06 23:08:00-04:00,7582.5,7583.25,7582.25,7582.75,196
2026-07-06 23:09:00-04:00,7582.75,7583.25,7582.5,7582.75,84
2026-07-06 23:10:00-04:00,7582.75,7583.0,7582.0,7582.0,99
2026-07-06 23:11:00-04:00,7581.75,7582.0,7581.0,7581.5,98
2026-07-06 23:12:00-04:00,7582.0,7582.0,7580.5,7580.75,101
2026-07-06 23:13:00-04:00,7580.75,7581.25,7580.0,7580.25,119
2026-07-06 23:14:00-04:00,7580.5,7580.5,7579.75,7580.0,124
2026-07-06 23:15:00-04:00,7580.0,7580.25,7579.25,7579.5,177
2026-07-06 23:16:00-04:00,7579.5,7579.5,7578.0,7579.25,465
2026-07-06 23:17:00-04:00,7579.0,7579.75,7578.25,7579.75,145
2026-07-06 23:18:00-04:00,7579.5,7579.75,7578.75,7579.25,48
2026-07-06 23:19:00-04:00,7579.25,7579.5,7578.5,7579.25,72
2026-07-06 23:20:00-04:00,7579.0,7579.25,7578.5,7578.75,87
2026-07-06 23:21:00-04:00,7578.5,7579.25,7578.25,7579.0,132
2026-07-06 23:22:00-04:00,7579.25,7579.5,7578.5,7578.75,97
2026-07-06 23:23:00-04:00,7578.5,7578.75,7577.5,7577.5,240
2026-07-06 23:24:00-04:00,7577.75,7577.75,7576.75,7577.5,378
2026-07-06 23:25:00-04:00,7577.25,7578.25,7576.75,7578.25,275
2026-07-06 23:26:00-04:00,7578.25,7578.5,7577.25,7577.5,114
2026-07-06 23:27:00-04:00,7577.25,7577.5,7576.75,7577.5,136
2026-07-06 23:28:00-04:00,7577.5,7577.75,7576.0,7576.5,345
2026-07-06 23:29:00-04:00,7576.5,7576.5,7574.75,7575.25,789
2026-07-06 23:30:00-04:00,7575.25,7575.75,7573.25,7575.25,965
2026-07-06 23:31:00-04:00,7575.25,7576.25,7575.0,7575.5,291
2026-07-06 23:32:00-04:00,7575.5,7576.5,7575.25,7575.75,303
2026-07-06 23:33:00-04:00,7575.75,7576.25,7575.0,7575.25,170
2026-07-06 23:34:00-04:00,7575.25,7576.0,7574.25,7575.25,247
2026-07-06 23:35:00-04:00,7575.25,7576.5,7575.0,7575.5,229
2026-07-06 23:36:00-04:00,7575.75,7575.75,7575.0,7575.0,123
2026-07-06 23:37:00-04:00,7575.0,7577.0,7575.0,7576.75,220
2026-07-06 23:38:00-04:00,7577.0,7577.0,7576.25,7576.75,122
2026-07-06 23:39:00-04:00,7576.75,7577.0,7575.75,7576.0,123
2026-07-06 23:40:00-04:00,7575.75,7576.25,7575.0,7576.0,273
2026-07-06 23:41:00-04:00,7575.75,7575.75,7574.75,7575.0,74
2026-07-06 23:42:00-04:00,7575.0,7576.0,7574.5,7575.5,218
2026-07-06 23:43:00-04:00,7575.25,7575.25,7574.5,7574.75,177
2026-07-06 23:44:00-04:00,7574.5,7574.75,7574.25,7574.5,116
2026-07-06 23:45:00-04:00,7574.5,7574.5,7572.75,7573.0,582
2026-07-06 23:46:00-04:00,7573.0,7573.25,7571.5,7573.25,501
2026-07-06 23:47:00-04:00,7573.0,7573.25,7572.0,7572.75,276
2026-07-06 23:48:00-04:00,7572.75,7573.0,7571.25,7571.25,310
2026-07-06 23:49:00-04:00,7571.25,7572.5,7571.0,7572.25,306
2026-07-06 23:50:00-04:00,7572.25,7573.0,7572.0,7572.75,215
2026-07-06 23:51:00-04:00,7572.75,7573.0,7571.25,7571.25,174
2026-07-06 23:52:00-04:00,7571.5,7572.25,7571.25,7571.5,72
2026-07-06 23:53:00-04:00,7571.75,7572.5,7571.5,7571.5,146
2026-07-06 23:54:00-04:00,7571.25,7571.75,7570.5,7571.5,208
2026-07-06 23:55:00-04:00,7571.5,7571.75,7570.75,7571.75,217
2026-07-06 23:56:00-04:00,7571.75,7572.75,7571.75,7572.75,176
2026-07-06 23:57:00-04:00,7572.75,7573.75,7572.25,7573.75,217
2026-07-06 23:58:00-04:00,7573.5,7573.75,7572.5,7573.0,107
2026-07-07 00:09:00-04:00,7574.0,7574.5,7573.5,7573.75,77
2026-07-07 00:10:00-04:00,7573.75,7574.0,7573.25,7573.75,110
2026-07-07 00:11:00-04:00,7573.75,7574.0,7573.5,7573.75,70
2026-07-07 00:12:00-04:00,7573.5,7573.5,7572.25,7573.5,135
2026-07-07 00:13:00-04:00,7573.25,7573.5,7572.25,7572.25,65
2026-07-07 00:14:00-04:00,7572.25,7573.0,7571.75,7571.75,119
2026-07-07 00:15:00-04:00,7571.75,7572.5,7571.5,7571.75,183
2026-07-07 00:16:00-04:00,7571.75,7571.75,7571.0,7571.25,146
2026-07-07 00:17:00-04:00,7571.0,7571.25,7570.25,7570.5,323
2026-07-07 00:18:00-04:00,7570.75,7571.0,7570.25,7570.75,141
2026-07-07 00:19:00-04:00,7570.5,7570.75,7569.5,7570.5,382
2026-07-07 00:20:00-04:00,7570.5,7571.0,7570.25,7570.5,95
2026-07-07 00:21:00-04:00,7570.5,7570.5,7569.75,7570.25,89
2026-07-07 00:22:00-04:00,7570.5,7570.75,7569.25,7570.0,107
2026-07-07 00:23:00-04:00,7569.75,7570.25,7569.5,7569.75,68
2026-07-07 00:24:00-04:00,7569.75,7570.0,7569.5,7569.75,70
2026-07-07 00:25:00-04:00,7569.75,7570.25,7569.25,7569.5,87
2026-07-07 00:26:00-04:00,7569.5,7571.0,7569.5,7571.0,145
2026-07-07 00:27:00-04:00,7571.0,7571.0,7570.0,7570.75,47
2026-07-07 00:28:00-04:00,7571.0,7571.25,7570.25,7570.5,125
2026-07-07 00:29:00-04:00,7570.75,7571.5,7570.25,7571.25,110
2026-07-07 00:30:00-04:00,7571.25,7571.75,7571.0,7571.25,104
2026-07-07 00:31:00-04:00,7571.75,7573.25,7571.75,7572.0,211
2026-07-07 00:32:00-04:00,7572.0,7572.25,7571.0,7571.0,115
2026-07-07 00:33:00-04:00,7571.5,7572.0,7571.5,7571.5,51
2026-07-07 00:34:00-04:00,7571.5,7571.75,7570.5,7571.0,121
2026-07-07 00:35:00-04:00,7571.0,7571.25,7570.25,7570.25,42
2026-07-07 00:36:00-04:00,7570.25,7570.5,7568.75,7568.75,348
2026-07-07 00:37:00-04:00,7568.75,7569.0,7567.0,7568.5,611
2026-07-07 00:38:00-04:00,7568.5,7569.5,7568.0,7568.5,254
2026-07-07 00:39:00-04:00,7568.75,7569.75,7568.75,7569.5,99
2026-07-07 00:40:00-04:00,7569.0,7569.75,7568.75,7569.5,117
2026-07-07 00:41:00-04:00,7569.5,7570.25,7569.25,7569.75,175
2026-07-07 00:42:00-04:00,7569.25,7569.75,7569.0,7569.25,74
2026-07-07 00:43:00-04:00,7569.25,7570.0,7569.0,7569.25,57
2026-07-07 00:44:00-04:00,7569.0,7569.25,7568.75,7568.75,27
2026-07-07 00:45:00-04:00,7569.0,7569.5,7568.75,7569.0,74
2026-07-07 00:46:00-04:00,7569.25,7569.25,7568.5,7569.0,112
2026-07-07 00:47:00-04:00,7569.0,7569.0,7567.75,7568.25,108
2026-07-07 00:48:00-04:00,7568.25,7568.5,7567.75,7568.0,68
2026-07-07 00:49:00-04:00,7567.75,7568.75,7567.75,7568.25,103
2026-07-07 00:50:00-04:00,7568.25,7568.25,7567.25,7567.75,151
2026-07-07 00:51:00-04:00,7567.75,7569.25,7567.75,7569.0,155
2026-07-07 00:52:00-04:00,7568.75,7568.75,7568.5,7568.5,60
2026-07-07 00:53:00-04:00,7568.25,7568.25,7568.0,7568.0,32
2026-07-07 00:54:00-04:00,7568.0,7568.0,7567.25,7567.75,89
2026-07-07 00:55:00-04:00,7567.75,7567.75,7567.25,7567.25,50
2026-07-07 00:56:00-04:00,7567.5,7567.5,7566.75,7567.25,185
2026-07-07 00:57:00-04:00,7567.0,7567.5,7566.5,7567.5,107
2026-07-07 00:58:00-04:00,7567.5,7568.75,7567.25,7568.5,196
2026-07-07 00:59:00-04:00,7568.25,7568.75,7568.25,7568.75,145
2026-07-07 01:00:00-04:00,7568.75,7568.75,7568.0,7568.25,114
2026-07-07 01:01:00-04:00,7568.0,7568.0,7567.25,7567.25,197
2026-07-07 01:02:00-04:00,7567.0,7567.5,7566.75,7567.0,102
2026-07-07 01:03:00-04:00,7566.75,7567.75,7566.5,7567.25,103
2026-07-07 01:04:00-04:00,7567.0,7567.25,7566.5,7567.25,89
2026-07-07 01:05:00-04:00,7567.25,7567.25,7566.5,7566.5,67
2026-07-07 01:06:00-04:00,7566.75,7568.0,7566.5,7567.25,155
2026-07-07 01:07:00-04:00,7567.0,7567.25,7566.0,7566.75,115
2026-07-07 01:08:00-04:00,7566.75,7567.25,7566.25,7567.0,101
2026-07-07 01:09:00-04:00,7567.0,7567.0,7564.75,7565.5,503
2026-07-07 01:10:00-04:00,7565.75,7566.0,7565.25,7565.5,106
2026-07-07 01:11:00-04:00,7565.5,7565.75,7565.0,7565.5,186
2026-07-07 01:12:00-04:00,7565.5,7566.25,7565.25,7566.25,131
2026-07-07 01:13:00-04:00,7566.25,7566.5,7565.25,7565.75,185
2026-07-07 01:14:00-04:00,7565.5,7566.0,7565.0,7565.25,110
2026-07-07 01:15:00-04:00,7565.25,7565.5,7564.5,7564.5,216
2026-07-07 01:16:00-04:00,7564.5,7565.5,7564.5,7565.5,195
2026-07-07 01:17:00-04:00,7565.5,7566.25,7565.25,7565.75,163
2026-07-07 01:18:00-04:00,7565.75,7566.0,7564.75,7565.25,200
2026-07-07 01:19:00-04:00,7565.25,7565.75,7564.25,7564.5,163
2026-07-07 01:20:00-04:00,7564.5,7565.25,7564.25,7564.5,125
2026-07-07 01:21:00-04:00,7564.5,7564.75,7564.25,7564.5,86
2026-07-07 01:22:00-04:00,7564.5,7566.25,7564.25,7565.75,187
2026-07-07 01:23:00-04:00,7565.75,7566.5,7565.5,7566.0,192
2026-07-07 01:24:00-04:00,7565.75,7566.25,7565.0,7565.5,131
2026-07-07 01:25:00-04:00,7565.5,7565.5,7563.5,7564.75,407
2026-07-07 01:26:00-04:00,7565.0,7565.25,7564.5,7565.0,141
2026-07-07 01:27:00-04:00,7564.75,7565.0,7563.25,7563.25,203
2026-07-07 01:28:00-04:00,7563.25,7564.5,7563.0,7564.5,219
2026-07-07 01:29:00-04:00,7564.25,7566.25,7564.0,7565.75,235
2026-07-07 01:30:00-04:00,7566.0,7567.5,7566.0,7567.25,404
2026-07-07 01:31:00-04:00,7567.25,7569.5,7567.25,7569.25,481
2026-07-07 01:32:00-04:00,7569.25,7570.75,7569.0,7570.5,567
2026-07-07 01:33:00-04:00,7570.25,7570.25,7567.75,7568.5,419
2026-07-07 01:34:00-04:00,7568.5,7569.5,7568.0,7569.25,151
2026-07-07 01:35:00-04:00,7569.0,7570.25,7568.75,7570.0,264
2026-07-07 01:36:00-04:00,7570.0,7570.5,7569.25,7570.5,223
2026-07-07 01:37:00-04:00,7570.0,7571.25,7570.0,7570.25,301
2026-07-07 01:38:00-04:00,7570.5,7571.0,7569.5,7570.25,163
2026-07-07 01:39:00-04:00,7570.0,7570.75,7569.25,7570.25,203
2026-07-07 01:40:00-04:00,7570.5,7571.5,7570.0,7571.25,224
2026-07-07 01:41:00-04:00,7571.25,7572.25,7570.75,7570.75,378
2026-07-07 01:42:00-04:00,7570.75,7572.0,7570.25,7571.75,116
2026-07-07 01:43:00-04:00,7571.5,7571.75,7570.75,7570.75,172
2026-07-07 01:44:00-04:00,7570.75,7571.0,7570.25,7571.0,93
2026-07-07 01:45:00-04:00,7570.75,7571.25,7570.25,7571.0,176
2026-07-07 01:46:00-04:00,7571.0,7571.0,7569.75,7570.75,181
2026-07-07 01:47:00-04:00,7571.0,7571.25,7569.5,7570.25,177
2026-07-07 01:48:00-04:00,7570.0,7570.25,7568.75,7569.0,191
2026-07-07 01:49:00-04:00,7568.75,7569.25,7568.75,7569.25,78
2026-07-07 01:50:00-04:00,7569.25,7570.5,7569.25,7570.25,123
2026-07-07 01:51:00-04:00,7570.25,7571.75,7570.25,7571.75,203
2026-07-07 01:52:00-04:00,7571.5,7572.5,7571.25,7571.25,166
2026-07-07 01:53:00-04:00,7571.25,7571.75,7570.25,7570.75,151
2026-07-07 01:54:00-04:00,7571.0,7572.5,7571.0,7572.25,111
2026-07-07 01:55:00-04:00,7572.25,7574.25,7572.0,7574.25,458
2026-07-07 01:56:00-04:00,7574.25,7574.75,7574.0,7574.75,213
2026-07-07 01:57:00-04:00,7575.0,7575.0,7573.75,7574.0,188
2026-07-07 01:58:00-04:00,7574.25,7574.25,7573.0,7573.25,88
2026-07-07 01:59:00-04:00,7573.25,7573.5,7572.75,7573.5,88
2026-07-07 02:00:00-04:00,7573.25,7574.5,7573.0,7573.25,217
2026-07-07 02:01:00-04:00,7573.5,7574.5,7573.5,7574.0,122
2026-07-07 02:02:00-04:00,7574.0,7574.75,7573.5,7573.75,122
2026-07-07 02:03:00-04:00,7573.75,7574.0,7573.0,7573.0,79
2026-07-07 02:04:00-04:00,7572.75,7573.0,7571.75,7572.5,210
2026-07-07 02:05:00-04:00,7572.5,7572.5,7570.5,7570.75,282
2026-07-07 02:06:00-04:00,7571.0,7572.0,7570.5,7571.25,177
2026-07-07 02:07:00-04:00,7571.25,7571.75,7570.75,7570.75,120
2026-07-07 02:08:00-04:00,7571.0,7571.25,7570.0,7570.0,123
2026-07-07 02:09:00-04:00,7570.25,7570.5,7569.25,7569.75,237
2026-07-07 02:10:00-04:00,7569.75,7570.0,7568.25,7568.75,288
2026-07-07 02:11:00-04:00,7569.0,7569.0,7567.5,7567.75,161
2026-07-07 02:12:00-04:00,7568.0,7568.5,7567.5,7568.25,174
2026-07-07 02:13:00-04:00,7568.0,7568.0,7567.0,7567.5,158
2026-07-07 02:14:00-04:00,7567.5,7568.0,7567.0,7567.75,87
2026-07-07 02:15:00-04:00,7567.75,7569.75,7567.5,7569.5,197
2026-07-07 02:16:00-04:00,7569.75,7570.0,7569.25,7569.5,121
2026-07-07 02:17:00-04:00,7569.5,7569.75,7569.0,7569.0,91
2026-07-07 02:18:00-04:00,7569.25,7569.5,7567.25,7568.0,164
2026-07-07 02:19:00-04:00,7567.5,7568.5,7567.5,7568.25,76
2026-07-07 02:20:00-04:00,7568.0,7570.75,7567.5,7569.75,786
2026-07-07 02:21:00-04:00,7569.75,7570.75,7569.5,7570.25,181
2026-07-07 02:22:00-04:00,7570.25,7571.5,7570.0,7571.25,191
2026-07-07 02:23:00-04:00,7571.25,7571.75,7570.75,7571.25,147
2026-07-07 02:24:00-04:00,7571.5,7571.75,7571.0,7571.0,84
2026-07-07 02:25:00-04:00,7571.0,7572.25,7570.75,7571.0,297
2026-07-07 02:26:00-04:00,7571.0,7571.5,7570.25,7570.25,91
2026-07-07 02:27:00-04:00,7570.25,7571.0,7570.0,7570.75,60
2026-07-07 02:28:00-04:00,7571.0,7571.75,7571.0,7571.75,54
2026-07-07 02:29:00-04:00,7571.75,7571.75,7570.5,7570.75,84
2026-07-07 02:30:00-04:00,7570.75,7570.75,7569.0,7570.5,190
2026-07-07 02:31:00-04:00,7570.75,7571.25,7570.25,7570.75,138
2026-07-07 02:32:00-04:00,7571.0,7571.0,7570.25,7570.25,65
2026-07-07 02:33:00-04:00,7570.25,7571.0,7570.0,7570.25,49
2026-07-07 02:34:00-04:00,7570.0,7571.0,7569.5,7571.0,122
2026-07-07 02:35:00-04:00,7571.0,7571.25,7570.5,7570.75,75
2026-07-07 02:36:00-04:00,7571.0,7571.5,7570.5,7571.25,92
2026-07-07 02:37:00-04:00,7571.25,7572.5,7571.25,7572.5,171
2026-07-07 02:38:00-04:00,7572.5,7572.75,7572.25,7572.5,67
2026-07-07 02:39:00-04:00,7572.5,7573.0,7571.5,7571.75,196
2026-07-07 02:40:00-04:00,7571.75,7573.5,7571.5,7573.0,128
2026-07-07 02:41:00-04:00,7573.25,7573.25,7572.25,7572.5,118
2026-07-07 02:42:00-04:00,7572.75,7573.0,7572.0,7573.0,56
2026-07-07 02:43:00-04:00,7573.0,7573.25,7572.5,7573.0,74
2026-07-07 02:44:00-04:00,7573.0,7573.5,7572.5,7573.5,56
2026-07-07 02:45:00-04:00,7573.25,7573.5,7572.5,7572.75,139
2026-07-07 02:46:00-04:00,7572.75,7572.75,7570.25,7571.0,128
2026-07-07 02:47:00-04:00,7571.0,7571.25,7570.75,7570.75,43
2026-07-07 02:48:00-04:00,7570.75,7571.25,7570.5,7570.75,155
2026-07-07 02:49:00-04:00,7570.5,7571.0,7570.5,7571.0,38
2026-07-07 02:50:00-04:00,7571.0,7571.0,7570.75,7571.0,33
2026-07-07 02:51:00-04:00,7571.25,7572.0,7571.25,7571.75,66
2026-07-07 02:52:00-04:00,7571.75,7573.0,7571.75,7573.0,77
2026-07-07 02:53:00-04:00,7573.0,7573.0,7572.5,7573.0,60
2026-07-07 02:54:00-04:00,7573.25,7574.0,7572.75,7573.25,110
2026-07-07 02:55:00-04:00,7573.25,7574.25,7573.0,7573.25,133
2026-07-07 02:56:00-04:00,7573.25,7574.5,7573.25,7574.0,128
2026-07-07 02:57:00-04:00,7574.0,7574.5,7573.5,7573.5,129
2026-07-07 02:58:00-04:00,7573.5,7573.5,7573.0,7573.25,73
2026-07-07 02:59:00-04:00,7573.5,7574.0,7573.25,7573.5,67
2026-07-07 03:00:00-04:00,7573.75,7574.0,7571.25,7572.75,807
2026-07-07 03:01:00-04:00,7572.5,7574.5,7572.5,7574.5,226
2026-07-07 03:02:00-04:00,7574.5,7576.0,7573.5,7575.5,591
2026-07-07 03:03:00-04:00,7575.5,7575.75,7574.25,7575.75,179
2026-07-07 03:04:00-04:00,7575.5,7576.0,7575.0,7575.75,185
2026-07-07 03:05:00-04:00,7575.5,7576.25,7575.0,7575.5,304
2026-07-07 03:06:00-04:00,7575.75,7576.5,7575.25,7575.75,227
2026-07-07 03:07:00-04:00,7575.5,7576.0,7575.25,7576.0,62
2026-07-07 03:08:00-04:00,7576.0,7576.5,7575.0,7575.0,102
2026-07-07 03:09:00-04:00,7575.25,7575.5,7574.75,7575.0,97
2026-07-07 03:10:00-04:00,7575.25,7575.25,7573.75,7574.5,140
2026-07-07 03:11:00-04:00,7574.5,7574.5,7573.5,7573.75,114
2026-07-07 03:12:00-04:00,7573.75,7574.75,7573.75,7574.5,100
2026-07-07 03:13:00-04:00,7574.5,7577.25,7574.5,7577.0,343
2026-07-07 03:14:00-04:00,7577.25,7577.75,7576.5,7576.5,243
2026-07-07 03:15:00-04:00,7576.75,7578.0,7576.25,7577.75,275
2026-07-07 03:16:00-04:00,7578.0,7579.25,7577.25,7577.75,413
2026-07-07 03:17:00-04:00,7577.75,7578.25,7577.25,7577.75,160
2026-07-07 03:18:00-04:00,7577.75,7577.75,7576.5,7576.5,76
2026-07-07 03:19:00-04:00,7576.5,7577.5,7576.25,7577.25,122
2026-07-07 03:20:00-04:00,7577.5,7578.0,7576.5,7577.5,191
2026-07-07 03:21:00-04:00,7577.5,7578.75,7577.5,7578.0,137
2026-07-07 03:22:00-04:00,7578.0,7579.75,7578.0,7579.0,315
2026-07-07 03:23:00-04:00,7579.25,7579.25,7578.75,7578.75,139
2026-07-07 03:24:00-04:00,7578.75,7579.25,7577.5,7578.0,187
2026-07-07 03:25:00-04:00,7578.0,7578.75,7578.0,7578.75,93
2026-07-07 03:26:00-04:00,7578.75,7579.0,7577.75,7578.0,136
2026-07-07 03:27:00-04:00,7577.75,7579.75,7577.75,7579.75,176
2026-07-07 03:28:00-04:00,7579.5,7580.0,7579.0,7579.75,188
2026-07-07 03:29:00-04:00,7579.75,7580.0,7579.0,7579.5,123
2026-07-07 03:30:00-04:00,7579.0,7579.5,7578.5,7579.25,115
2026-07-07 03:31:00-04:00,7579.0,7579.0,7577.75,7578.5,122
2026-07-07 03:32:00-04:00,7578.25,7579.0,7578.25,7578.75,101
2026-07-07 03:33:00-04:00,7578.75,7579.0,7578.0,7578.5,144
2026-07-07 03:34:00-04:00,7578.75,7578.75,7578.0,7578.5,104
2026-07-07 03:35:00-04:00,7578.25,7578.75,7576.75,7577.25,178
2026-07-07 03:36:00-04:00,7577.25,7578.25,7577.0,7577.75,88
2026-07-07 03:37:00-04:00,7577.75,7577.75,7577.0,7577.25,34
2026-07-07 03:38:00-04:00,7577.25,7577.75,7577.25,7577.75,88
2026-07-07 03:39:00-04:00,7577.25,7577.5,7576.5,7577.25,79
2026-07-07 03:40:00-04:00,7577.25,7578.25,7577.25,7577.75,85
2026-07-07 03:41:00-04:00,7577.5,7578.25,7577.5,7577.75,60
2026-07-07 03:42:00-04:00,7577.75,7578.0,7577.25,7577.5,55
2026-07-07 03:43:00-04:00,7577.5,7578.0,7577.5,7578.0,27
2026-07-07 03:44:00-04:00,7578.0,7578.0,7577.0,7577.0,68
2026-07-07 03:45:00-04:00,7577.0,7577.0,7576.0,7576.5,143
2026-07-07 03:46:00-04:00,7576.75,7577.5,7576.5,7577.25,96
2026-07-07 03:47:00-04:00,7577.25,7578.25,7577.0,7577.25,130
2026-07-07 03:48:00-04:00,7577.0,7577.25,7576.25,7576.5,185
2026-07-07 03:49:00-04:00,7576.5,7577.0,7576.25,7576.5,100
2026-07-07 03:50:00-04:00,7576.5,7576.75,7575.75,7576.75,97
2026-07-07 03:51:00-04:00,7576.75,7577.0,7576.25,7576.25,76
2026-07-07 03:52:00-04:00,7576.5,7576.5,7573.75,7574.0,496
2026-07-07 03:53:00-04:00,7574.0,7575.0,7574.0,7574.25,179
2026-07-07 03:54:00-04:00,7574.0,7574.25,7573.75,7574.0,125
2026-07-07 03:55:00-04:00,7574.0,7574.25,7573.0,7573.25,303
2026-07-07 03:56:00-04:00,7573.5,7573.75,7573.0,7573.25,68
2026-07-07 03:57:00-04:00,7573.5,7574.25,7573.25,7573.5,102
2026-07-07 03:58:00-04:00,7573.5,7574.0,7573.25,7573.5,67
2026-07-07 03:59:00-04:00,7573.25,7573.25,7571.75,7572.0,314
2026-07-07 04:00:00-04:00,7572.25,7573.25,7571.5,7572.0,378
2026-07-07 04:01:00-04:00,7572.0,7575.0,7572.0,7572.5,578
2026-07-07 04:02:00-04:00,7572.5,7573.0,7570.5,7572.25,482
2026-07-07 04:03:00-04:00,7572.25,7573.25,7571.25,7571.75,316
2026-07-07 04:04:00-04:00,7571.75,7572.75,7571.0,7572.75,189
2026-07-07 04:05:00-04:00,7572.75,7573.0,7572.0,7573.0,85
2026-07-07 04:06:00-04:00,7572.75,7573.25,7571.5,7572.25,126
2026-07-07 04:07:00-04:00,7572.5,7572.5,7571.25,7572.0,124
2026-07-07 04:08:00-04:00,7572.25,7573.0,7572.0,7572.25,129
2026-07-07 04:09:00-04:00,7572.25,7573.0,7572.0,7572.5,105
2026-07-07 04:10:00-04:00,7572.75,7574.0,7572.5,7573.75,158
2026-07-07 04:11:00-04:00,7573.5,7575.75,7573.5,7575.5,347
2026-07-07 04:12:00-04:00,7575.25,7578.0,7575.25,7577.25,274
2026-07-07 04:13:00-04:00,7577.25,7578.5,7576.75,7577.5,335
2026-07-07 04:14:00-04:00,7577.5,7578.5,7577.5,7578.0,205
2026-07-07 04:15:00-04:00,7577.75,7578.25,7577.25,7577.75,167
2026-07-07 04:16:00-04:00,7577.75,7578.25,7577.5,7578.0,82
2026-07-07 04:17:00-04:00,7578.0,7579.75,7577.75,7579.25,233
2026-07-07 04:18:00-04:00,7579.5,7580.5,7579.25,7579.75,480
2026-07-07 04:19:00-04:00,7579.75,7579.75,7578.75,7579.75,240
2026-07-07 04:20:00-04:00,7579.5,7579.5,7578.0,7579.25,248
2026-07-07 04:21:00-04:00,7579.0,7579.75,7578.75,7579.0,98
2026-07-07 04:22:00-04:00,7579.0,7581.0,7579.0,7579.75,278
2026-07-07 04:23:00-04:00,7580.0,7580.75,7579.5,7580.0,172
2026-07-07 04:24:00-04:00,7580.25,7581.75,7579.75,7580.5,495
2026-07-07 04:25:00-04:00,7580.5,7581.25,7580.25,7580.75,171
2026-07-07 04:26:00-04:00,7581.0,7581.5,7579.5,7580.25,324
2026-07-07 04:27:00-04:00,7580.25,7580.5,7579.75,7580.5,84
2026-07-07 04:28:00-04:00,7580.0,7580.75,7580.0,7580.75,78
2026-07-07 04:29:00-04:00,7581.0,7582.0,7580.75,7581.75,126
2026-07-07 04:30:00-04:00,7581.75,7582.5,7580.5,7580.75,319
2026-07-07 04:31:00-04:00,7580.75,7582.25,7580.0,7582.0,172
2026-07-07 04:32:00-04:00,7582.25,7582.25,7581.5,7581.75,69
2026-07-07 04:33:00-04:00,7582.25,7582.5,7582.25,7582.25,105
2026-07-07 04:34:00-04:00,7582.25,7582.25,7580.5,7580.75,202
2026-07-07 04:35:00-04:00,7580.75,7581.25,7580.25,7580.75,164
2026-07-07 04:36:00-04:00,7580.5,7581.0,7579.5,7580.5,186
2026-07-07 04:37:00-04:00,7580.5,7581.5,7580.5,7581.25,85
2026-07-07 04:38:00-04:00,7581.25,7582.0,7581.25,7581.25,66
2026-07-07 04:39:00-04:00,7581.25,7581.75,7580.75,7581.75,87
2026-07-07 04:40:00-04:00,7581.75,7582.0,7581.25,7581.75,71
2026-07-07 04:41:00-04:00,7581.75,7583.0,7581.75,7583.0,145
2026-07-07 04:42:00-04:00,7582.75,7582.75,7580.75,7581.25,157
2026-07-07 04:43:00-04:00,7581.25,7581.75,7580.5,7581.25,99
2026-07-07 04:44:00-04:00,7581.0,7581.5,7581.0,7581.0,73
2026-07-07 04:45:00-04:00,7581.0,7581.75,7580.75,7581.25,185
2026-07-07 04:46:00-04:00,7581.5,7581.75,7581.0,7581.5,49
2026-07-07 04:47:00-04:00,7581.5,7582.0,7581.0,7581.5,90
2026-07-07 04:48:00-04:00,7581.5,7581.75,7581.0,7581.75,110
2026-07-07 04:49:00-04:00,7581.5,7582.25,7581.25,7582.0,76
2026-07-07 04:50:00-04:00,7582.0,7582.25,7581.0,7582.25,121
2026-07-07 04:51:00-04:00,7582.0,7582.25,7581.25,7582.0,58
2026-07-07 04:52:00-04:00,7582.25,7582.25,7580.5,7580.5,103
2026-07-07 04:53:00-04:00,7580.5,7580.5,7578.5,7578.75,340
2026-07-07 04:54:00-04:00,7579.0,7579.75,7579.0,7579.5,123
2026-07-07 04:55:00-04:00,7579.5,7579.5,7578.5,7578.5,129
2026-07-07 04:56:00-04:00,7578.5,7580.25,7578.0,7579.75,245
2026-07-07 04:57:00-04:00,7579.75,7580.0,7579.25,7579.5,102
2026-07-07 04:58:00-04:00,7579.75,7580.25,7579.5,7580.25,38
2026-07-07 04:59:00-04:00,7580.25,7580.25,7578.5,7579.0,101
2026-07-07 05:00:00-04:00,7578.75,7579.25,7576.25,7577.0,514
2026-07-07 05:01:00-04:00,7577.0,7577.5,7576.5,7577.0,190
2026-07-07 05:02:00-04:00,7577.25,7577.75,7576.0,7577.0,135
2026-07-07 05:03:00-04:00,7577.0,7578.75,7576.5,7578.25,199
2026-07-07 05:04:00-04:00,7578.5,7579.5,7578.25,7579.5,117
2026-07-07 05:05:00-04:00,7579.5,7579.75,7578.5,7579.5,156
2026-07-07 05:06:00-04:00,7579.5,7580.25,7579.5,7580.25,117
2026-07-07 05:07:00-04:00,7580.25,7580.75,7580.0,7580.25,92
2026-07-07 05:08:00-04:00,7580.25,7581.75,7580.0,7581.0,194
2026-07-07 05:09:00-04:00,7581.0,7581.0,7580.0,7580.25,82
2026-07-07 05:10:00-04:00,7580.25,7581.25,7579.5,7581.0,160
2026-07-07 05:11:00-04:00,7581.0,7582.0,7580.75,7581.75,79
2026-07-07 05:12:00-04:00,7582.0,7582.25,7581.5,7582.25,78
2026-07-07 05:13:00-04:00,7582.25,7582.25,7581.25,7581.75,67
2026-07-07 05:14:00-04:00,7581.75,7582.75,7581.75,7582.5,118
2026-07-07 05:15:00-04:00,7582.5,7582.5,7581.75,7582.0,78
2026-07-07 05:16:00-04:00,7582.0,7583.25,7582.0,7582.25,248
2026-07-07 05:17:00-04:00,7582.5,7582.75,7581.75,7582.0,62
2026-07-07 05:18:00-04:00,7582.0,7582.5,7582.0,7582.25,45
2026-07-07 05:19:00-04:00,7582.25,7582.25,7581.5,7582.25,73
2026-07-07 05:20:00-04:00,7582.25,7582.5,7581.75,7582.0,77
2026-07-07 05:21:00-04:00,7582.0,7582.25,7581.25,7582.0,89
2026-07-07 05:22:00-04:00,7582.0,7582.5,7581.75,7582.0,58
2026-07-07 05:23:00-04:00,7581.75,7582.0,7581.25,7581.25,107
2026-07-07 05:24:00-04:00,7581.0,7581.75,7581.0,7581.5,60
2026-07-07 05:25:00-04:00,7581.75,7582.0,7581.5,7582.0,69
2026-07-07 05:26:00-04:00,7582.0,7582.5,7581.25,7582.0,86
2026-07-07 05:27:00-04:00,7581.5,7582.5,7581.5,7581.75,64
2026-07-07 05:28:00-04:00,7581.75,7581.75,7580.5,7580.75,81
2026-07-07 05:29:00-04:00,7580.75,7580.75,7580.0,7580.25,123
2026-07-07 05:30:00-04:00,7580.25,7581.0,7579.25,7579.75,166
2026-07-07 05:31:00-04:00,7579.75,7580.5,7579.25,7579.25,109
2026-07-07 05:32:00-04:00,7579.25,7580.0,7579.25,7579.75,80
2026-07-07 05:33:00-04:00,7579.75,7580.5,7579.5,7579.75,86
2026-07-07 05:34:00-04:00,7579.5,7580.25,7579.25,7579.25,239
2026-07-07 05:35:00-04:00,7579.25,7579.25,7578.0,7579.0,252
2026-07-07 05:36:00-04:00,7579.0,7579.0,7578.25,7578.75,79
2026-07-07 05:37:00-04:00,7578.5,7580.0,7578.25,7579.75,65
2026-07-07 05:38:00-04:00,7579.75,7580.0,7579.25,7579.75,233
2026-07-07 05:39:00-04:00,7579.75,7581.25,7579.75,7580.75,125
2026-07-07 05:40:00-04:00,7581.0,7582.25,7580.75,7582.25,127
2026-07-07 05:41:00-04:00,7582.0,7582.25,7581.5,7582.0,193
2026-07-07 05:42:00-04:00,7582.25,7582.5,7581.75,7582.0,49
2026-07-07 05:43:00-04:00,7582.0,7582.0,7580.75,7581.0,94
2026-07-07 05:44:00-04:00,7580.75,7581.75,7580.75,7581.5,77
2026-07-07 05:45:00-04:00,7581.75,7582.0,7581.25,7581.75,128
2026-07-07 05:46:00-04:00,7581.75,7581.75,7580.75,7580.75,52
2026-07-07 05:47:00-04:00,7580.75,7580.75,7580.0,7580.5,198
2026-07-07 05:48:00-04:00,7580.5,7581.0,7580.25,7580.75,50
2026-07-07 05:49:00-04:00,7581.25,7581.5,7580.75,7581.5,25
2026-07-07 05:50:00-04:00,7581.5,7581.5,7579.75,7580.75,50
2026-07-07 05:51:00-04:00,7581.0,7582.25,7581.0,7581.75,120
2026-07-07 05:52:00-04:00,7582.0,7582.75,7581.75,7582.75,128
2026-07-07 05:53:00-04:00,7582.75,7582.75,7581.25,7581.5,178
2026-07-07 05:54:00-04:00,7581.25,7582.0,7581.25,7581.75,52
2026-07-07 05:55:00-04:00,7582.0,7582.5,7581.25,7582.5,38
2026-07-07 05:56:00-04:00,7582.75,7582.75,7581.75,7582.0,50
2026-07-07 05:57:00-04:00,7581.75,7582.25,7581.75,7581.75,53
2026-07-07 05:58:00-04:00,7581.75,7582.0,7581.5,7582.0,32
2026-07-07 05:59:00-04:00,7582.0,7582.25,7581.5,7582.0,128
2026-07-07 06:00:00-04:00,7581.75,7583.75,7581.75,7583.25,320
2026-07-07 06:01:00-04:00,7583.25,7584.0,7583.0,7583.5,367
2026-07-07 06:02:00-04:00,7583.5,7583.5,7581.75,7582.75,285
2026-07-07 06:03:00-04:00,7582.75,7584.25,7582.5,7583.5,422
2026-07-07 06:04:00-04:00,7583.25,7584.0,7583.25,7583.75,191
2026-07-07 06:05:00-04:00,7583.75,7584.0,7583.0,7583.75,121
2026-07-07 06:06:00-04:00,7583.75,7585.0,7582.75,7583.25,395
2026-07-07 06:07:00-04:00,7583.5,7583.5,7582.0,7582.0,201
2026-07-07 06:08:00-04:00,7582.0,7582.5,7582.0,7582.25,67
2026-07-07 06:09:00-04:00,7582.0,7582.0,7581.0,7581.75,217
2026-07-07 06:10:00-04:00,7581.75,7582.5,7581.25,7581.75,125
2026-07-07 06:11:00-04:00,7581.75,7582.0,7581.0,7581.25,97
2026-07-07 06:12:00-04:00,7581.25,7581.5,7581.0,7581.0,59
2026-07-07 06:13:00-04:00,7581.0,7581.5,7580.75,7581.0,106
2026-07-07 06:14:00-04:00,7580.75,7581.25,7577.75,7579.25,871
2026-07-07 06:15:00-04:00,7579.25,7579.5,7578.75,7579.25,174
2026-07-07 06:16:00-04:00,7579.25,7580.5,7579.25,7580.25,139
2026-07-07 06:17:00-04:00,7580.25,7583.0,7580.25,7583.0,612
2026-07-07 06:18:00-04:00,7583.25,7583.25,7582.5,7583.25,259
2026-07-07 06:19:00-04:00,7582.75,7583.0,7582.0,7582.0,128
2026-07-07 06:20:00-04:00,7582.25,7583.25,7581.75,7582.25,217
2026-07-07 06:21:00-04:00,7582.5,7582.5,7581.25,7581.25,105
2026-07-07 06:22:00-04:00,7581.5,7583.0,7581.25,7583.0,112
2026-07-07 06:23:00-04:00,7582.75,7582.75,7581.25,7581.25,122
2026-07-07 06:24:00-04:00,7581.25,7582.25,7580.75,7582.25,232
2026-07-07 06:25:00-04:00,7582.0,7582.5,7581.25,7582.25,150
2026-07-07 06:26:00-04:00,7582.0,7583.0,7582.0,7582.5,96
2026-07-07 06:27:00-04:00,7582.5,7582.5,7581.5,7582.25,101
2026-07-07 06:28:00-04:00,7582.0,7582.25,7581.5,7581.5,73
2026-07-07 06:29:00-04:00,7581.5,7581.75,7581.25,7581.5,136
2026-07-07 06:30:00-04:00,7581.25,7581.25,7580.25,7580.5,189
2026-07-07 06:31:00-04:00,7580.25,7581.0,7580.25,7580.75,53
2026-07-07 06:32:00-04:00,7580.5,7581.0,7580.5,7580.5,101
2026-07-07 06:33:00-04:00,7580.5,7581.5,7580.0,7580.0,92
2026-07-07 06:34:00-04:00,7580.25,7581.0,7579.5,7579.5,215
2026-07-07 06:35:00-04:00,7579.5,7580.0,7579.0,7579.0,108
2026-07-07 06:36:00-04:00,7579.25,7579.5,7578.25,7578.25,286
2026-07-07 06:37:00-04:00,7578.5,7579.25,7578.25,7579.0,204
2026-07-07 06:38:00-04:00,7579.0,7579.25,7578.5,7578.5,141
2026-07-07 06:39:00-04:00,7578.75,7579.25,7578.75,7578.75,62
2026-07-07 06:40:00-04:00,7579.0,7579.5,7578.75,7579.5,71
2026-07-07 06:41:00-04:00,7579.5,7579.5,7578.25,7579.0,98
2026-07-07 06:42:00-04:00,7578.75,7579.25,7578.5,7578.5,102
2026-07-07 06:43:00-04:00,7578.75,7578.75,7578.5,7578.5,34
2026-07-07 06:44:00-04:00,7578.5,7579.25,7578.5,7578.75,66
2026-07-07 06:45:00-04:00,7578.75,7579.0,7578.5,7578.75,52
2026-07-07 06:46:00-04:00,7578.75,7579.75,7578.5,7579.5,152
2026-07-07 06:47:00-04:00,7579.25,7579.5,7578.0,7578.75,114
2026-07-07 06:48:00-04:00,7578.75,7579.0,7578.5,7579.0,44
2026-07-07 06:49:00-04:00,7578.75,7578.75,7577.0,7577.0,394
2026-07-07 06:50:00-04:00,7577.0,7577.0,7576.0,7576.5,479
2026-07-07 06:51:00-04:00,7576.75,7577.25,7576.25,7576.25,121
2026-07-07 06:52:00-04:00,7576.25,7576.25,7573.25,7574.25,1178
2026-07-07 06:53:00-04:00,7574.25,7575.0,7574.0,7574.5,163
2026-07-07 06:54:00-04:00,7574.5,7576.25,7574.5,7576.25,261
2026-07-07 06:55:00-04:00,7576.5,7577.0,7576.0,7577.0,242
2026-07-07 06:56:00-04:00,7576.75,7576.75,7576.25,7576.75,72
2026-07-07 06:57:00-04:00,7576.75,7578.0,7576.5,7577.25,229
2026-07-07 06:58:00-04:00,7577.5,7577.75,7576.75,7577.0,136
2026-07-07 06:59:00-04:00,7577.0,7577.5,7576.75,7576.75,118
2026-07-07 07:00:00-04:00,7577.75,7578.25,7573.5,7573.5,600
2026-07-07 07:01:00-04:00,7573.75,7574.5,7572.75,7573.75,603
2026-07-07 07:02:00-04:00,7573.75,7573.75,7572.5,7572.5,247
2026-07-07 07:03:00-04:00,7572.5,7573.25,7572.0,7572.5,277
2026-07-07 07:04:00-04:00,7572.5,7574.75,7572.0,7574.75,303
2026-07-07 07:05:00-04:00,7574.5,7575.5,7572.75,7573.75,348
2026-07-07 07:06:00-04:00,7574.0,7574.5,7573.0,7573.5,319
2026-07-07 07:07:00-04:00,7573.75,7574.75,7573.5,7574.5,169
2026-07-07 07:08:00-04:00,7574.5,7575.5,7574.25,7574.75,232
2026-07-07 07:09:00-04:00,7574.5,7574.75,7573.5,7573.75,156
2026-07-07 07:10:00-04:00,7573.5,7574.0,7573.25,7573.5,104
2026-07-07 07:11:00-04:00,7573.5,7573.75,7572.5,7573.25,259
2026-07-07 07:12:00-04:00,7573.0,7573.5,7572.5,7572.75,99
2026-07-07 07:13:00-04:00,7573.25,7575.0,7572.75,7574.0,188
2026-07-07 07:14:00-04:00,7574.0,7574.5,7573.25,7574.0,168
2026-07-07 07:15:00-04:00,7573.75,7575.5,7573.75,7575.25,228
2026-07-07 07:16:00-04:00,7575.25,7576.25,7575.25,7576.0,318
2026-07-07 07:17:00-04:00,7575.75,7576.75,7575.25,7575.5,291
2026-07-07 07:18:00-04:00,7575.75,7577.5,7575.75,7577.25,184
2026-07-07 07:19:00-04:00,7577.25,7577.75,7576.75,7577.0,151
2026-07-07 07:20:00-04:00,7577.25,7577.75,7576.5,7577.0,102
2026-07-07 07:21:00-04:00,7577.0,7577.5,7576.75,7577.0,119
2026-07-07 07:22:00-04:00,7576.75,7577.25,7576.5,7577.0,162
2026-07-07 07:23:00-04:00,7577.0,7577.5,7576.75,7577.5,117
2026-07-07 07:24:00-04:00,7577.5,7577.5,7576.75,7577.25,91
2026-07-07 07:25:00-04:00,7577.25,7578.25,7577.25,7577.5,348
2026-07-07 07:26:00-04:00,7577.5,7578.0,7577.25,7577.75,78
2026-07-07 07:27:00-04:00,7578.0,7578.0,7577.0,7577.5,95
2026-07-07 07:28:00-04:00,7577.25,7577.25,7576.5,7576.75,140
2026-07-07 07:29:00-04:00,7577.0,7577.5,7575.5,7575.75,157
2026-07-07 07:30:00-04:00,7575.75,7575.75,7574.75,7575.25,288
2026-07-07 07:31:00-04:00,7575.5,7575.75,7573.75,7574.0,307
2026-07-07 07:32:00-04:00,7574.25,7575.0,7573.25,7573.25,429
2026-07-07 07:33:00-04:00,7573.5,7574.5,7573.25,7574.0,139
2026-07-07 07:34:00-04:00,7574.25,7574.5,7573.5,7573.5,184
2026-07-07 07:35:00-04:00,7573.5,7574.0,7572.25,7574.0,280
2026-07-07 07:36:00-04:00,7574.0,7575.0,7574.0,7574.0,218
2026-07-07 07:37:00-04:00,7574.25,7574.25,7573.5,7574.0,104
2026-07-07 07:38:00-04:00,7574.0,7574.25,7573.25,7574.0,80
2026-07-07 07:39:00-04:00,7573.75,7575.0,7573.75,7574.5,187
2026-07-07 07:40:00-04:00,7574.75,7575.0,7573.75,7574.5,186
2026-07-07 07:41:00-04:00,7574.25,7574.5,7573.5,7573.5,120
2026-07-07 07:42:00-04:00,7573.5,7574.75,7573.25,7574.75,107
2026-07-07 07:43:00-04:00,7574.5,7574.75,7574.25,7574.5,72
2026-07-07 07:44:00-04:00,7574.5,7575.5,7573.5,7575.5,300
2026-07-07 07:45:00-04:00,7575.5,7576.25,7575.0,7575.75,325
2026-07-07 07:46:00-04:00,7575.75,7576.5,7575.25,7575.75,282
2026-07-07 07:47:00-04:00,7575.75,7576.0,7575.25,7575.75,122
2026-07-07 07:48:00-04:00,7575.5,7578.0,7575.5,7577.25,367
2026-07-07 07:49:00-04:00,7577.0,7577.5,7576.5,7577.0,330
2026-07-07 07:50:00-04:00,7577.25,7578.25,7577.0,7577.75,348
2026-07-07 07:51:00-04:00,7577.75,7578.0,7576.75,7577.0,225
2026-07-07 07:52:00-04:00,7577.0,7577.5,7575.75,7576.0,338
2026-07-07 07:53:00-04:00,7575.75,7576.25,7573.25,7574.5,675
2026-07-07 07:54:00-04:00,7574.5,7575.5,7574.5,7575.25,330
2026-07-07 07:55:00-04:00,7575.25,7576.5,7575.0,7576.25,263
2026-07-07 07:56:00-04:00,7576.0,7576.75,7575.75,7576.0,228
2026-07-07 07:57:00-04:00,7576.25,7577.75,7575.75,7577.75,216
2026-07-07 07:58:00-04:00,7577.5,7579.0,7577.25,7578.75,467
2026-07-07 07:59:00-04:00,7578.75,7580.25,7578.0,7578.75,994
2026-07-07 08:00:00-04:00,7578.75,7579.5,7578.25,7578.75,370
2026-07-07 08:01:00-04:00,7579.0,7579.5,7578.75,7579.0,206
2026-07-07 08:02:00-04:00,7578.75,7580.0,7578.5,7579.75,258
2026-07-07 08:03:00-04:00,7579.75,7580.0,7578.5,7578.75,153
2026-07-07 08:04:00-04:00,7578.75,7579.25,7578.25,7579.25,120
2026-07-07 08:05:00-04:00,7579.0,7582.0,7578.5,7581.5,645
2026-07-07 08:06:00-04:00,7581.5,7582.25,7581.25,7582.0,392
2026-07-07 08:07:00-04:00,7582.0,7583.5,7581.75,7582.75,878
2026-07-07 08:08:00-04:00,7582.75,7583.75,7581.75,7582.0,932
2026-07-07 08:09:00-04:00,7582.0,7583.0,7581.0,7583.0,383
2026-07-07 08:10:00-04:00,7582.75,7585.5,7582.75,7583.75,1042
2026-07-07 08:11:00-04:00,7583.75,7584.25,7583.25,7583.25,254
2026-07-07 08:12:00-04:00,7583.5,7583.5,7582.75,7582.75,285
2026-07-07 08:13:00-04:00,7583.0,7583.5,7582.5,7583.25,210
2026-07-07 08:14:00-04:00,7583.25,7583.5,7582.75,7583.25,100
2026-07-07 08:15:00-04:00,7583.75,7583.75,7581.75,7582.25,363
2026-07-07 08:16:00-04:00,7582.25,7582.5,7580.25,7581.25,611
2026-07-07 08:17:00-04:00,7581.0,7581.25,7578.5,7580.25,914
2026-07-07 08:18:00-04:00,7580.25,7580.75,7579.5,7580.25,275
2026-07-07 08:19:00-04:00,7580.0,7581.0,7579.75,7580.5,276
2026-07-07 08:20:00-04:00,7580.5,7580.75,7579.5,7579.75,240
2026-07-07 08:21:00-04:00,7580.0,7581.25,7579.0,7580.0,490
2026-07-07 08:22:00-04:00,7580.25,7581.25,7580.0,7581.0,183
2026-07-07 08:23:00-04:00,7581.0,7581.25,7580.5,7581.25,139
2026-07-07 08:24:00-04:00,7581.5,7582.0,7580.75,7581.25,190
2026-07-07 08:25:00-04:00,7581.25,7582.75,7581.25,7582.5,153
2026-07-07 08:26:00-04:00,7582.5,7583.25,7581.75,7583.25,290
2026-07-07 08:27:00-04:00,7583.0,7583.75,7582.75,7583.5,441
2026-07-07 08:28:00-04:00,7583.25,7584.25,7583.0,7583.75,349
2026-07-07 08:29:00-04:00,7583.75,7583.75,7583.0,7583.5,167
2026-07-07 08:30:00-04:00,7583.5,7584.0,7583.0,7583.5,209
2026-07-07 08:31:00-04:00,7583.75,7583.75,7581.25,7582.0,366
2026-07-07 08:32:00-04:00,7582.0,7582.25,7581.25,7581.75,120
2026-07-07 08:33:00-04:00,7581.75,7582.25,7580.75,7581.25,237
2026-07-07 08:34:00-04:00,7581.25,7582.0,7581.0,7581.5,199
2026-07-07 08:35:00-04:00,7581.5,7582.75,7581.25,7582.75,157
2026-07-07 08:36:00-04:00,7582.75,7584.0,7582.0,7583.5,288
2026-07-07 08:37:00-04:00,7583.5,7583.75,7583.25,7583.75,181
2026-07-07 08:38:00-04:00,7584.0,7584.25,7583.0,7583.5,321
2026-07-07 08:39:00-04:00,7583.5,7584.25,7583.5,7584.0,422
2026-07-07 08:40:00-04:00,7584.0,7584.25,7583.5,7584.0,158
2026-07-07 08:41:00-04:00,7583.75,7584.0,7583.25,7583.75,207
2026-07-07 08:42:00-04:00,7584.0,7587.0,7583.25,7585.75,1072
2026-07-07 08:43:00-04:00,7585.75,7587.0,7585.25,7586.5,555
2026-07-07 08:44:00-04:00,7586.5,7586.75,7585.25,7585.75,390
2026-07-07 08:45:00-04:00,7585.5,7585.75,7584.75,7585.0,262
2026-07-07 08:46:00-04:00,7585.25,7585.25,7584.0,7584.75,300
2026-07-07 08:47:00-04:00,7584.5,7586.25,7584.5,7586.0,254
2026-07-07 08:48:00-04:00,7586.0,7586.0,7581.5,7581.75,863
2026-07-07 08:49:00-04:00,7581.75,7582.5,7581.75,7582.25,424
2026-07-07 08:50:00-04:00,7582.0,7583.0,7581.75,7582.75,241
2026-07-07 08:51:00-04:00,7582.5,7582.75,7581.25,7582.0,343
2026-07-07 08:52:00-04:00,7582.0,7582.5,7581.25,7581.25,263
2026-07-07 08:53:00-04:00,7581.25,7581.5,7579.75,7580.25,516
2026-07-07 08:54:00-04:00,7580.5,7580.5,7579.25,7579.25,323
2026-07-07 08:55:00-04:00,7579.5,7580.25,7578.75,7580.0,488
2026-07-07 08:56:00-04:00,7580.0,7580.5,7579.5,7580.0,383
2026-07-07 08:57:00-04:00,7580.25,7580.5,7579.5,7580.25,182
2026-07-07 08:58:00-04:00,7580.5,7580.75,7579.75,7580.25,427
2026-07-07 08:59:00-04:00,7580.25,7581.0,7579.75,7581.0,191
2026-07-07 09:00:00-04:00,7580.75,7581.0,7579.5,7580.25,342
2026-07-07 09:01:00-04:00,7580.0,7580.25,7579.0,7580.0,319
2026-07-07 09:02:00-04:00,7579.75,7580.75,7579.0,7579.25,400
2026-07-07 09:03:00-04:00,7579.25,7579.5,7578.25,7579.25,470
2026-07-07 09:04:00-04:00,7579.0,7579.75,7577.0,7577.5,761
2026-07-07 09:05:00-04:00,7577.5,7577.75,7575.5,7576.5,856
2026-07-07 09:06:00-04:00,7576.5,7576.75,7575.5,7576.75,526
2026-07-07 09:07:00-04:00,7576.5,7579.5,7575.75,7579.25,852
2026-07-07 09:08:00-04:00,7579.25,7581.5,7579.25,7579.75,953
2026-07-07 09:09:00-04:00,7579.75,7580.5,7579.0,7579.25,342
2026-07-07 09:10:00-04:00,7579.5,7579.5,7578.0,7578.5,520
2026-07-07 09:11:00-04:00,7578.5,7579.75,7577.75,7579.5,305
2026-07-07 09:12:00-04:00,7579.5,7579.5,7578.75,7579.5,177
2026-07-07 09:13:00-04:00,7579.25,7580.75,7579.25,7580.25,542
2026-07-07 09:14:00-04:00,7580.0,7581.25,7579.75,7580.5,259
2026-07-07 09:15:00-04:00,7580.75,7582.5,7580.5,7580.5,899
2026-07-07 09:16:00-04:00,7580.75,7581.75,7580.0,7581.25,359
2026-07-07 09:17:00-04:00,7581.25,7581.75,7580.5,7581.25,372
2026-07-07 09:18:00-04:00,7581.0,7581.0,7578.5,7580.0,590
2026-07-07 09:19:00-04:00,7580.0,7583.25,7579.75,7582.25,907
2026-07-07 09:20:00-04:00,7582.0,7582.75,7581.25,7582.5,461
2026-07-07 09:21:00-04:00,7582.25,7582.25,7578.75,7579.0,1089
2026-07-07 09:22:00-04:00,7579.0,7580.0,7578.25,7580.0,816
2026-07-07 09:23:00-04:00,7580.0,7580.5,7579.5,7579.75,386
2026-07-07 09:24:00-04:00,7579.75,7580.5,7579.25,7580.25,265
2026-07-07 09:25:00-04:00,7580.0,7580.75,7578.25,7579.75,877
2026-07-07 09:26:00-04:00,7580.0,7581.25,7580.0,7580.0,468
2026-07-07 09:27:00-04:00,7580.0,7580.75,7578.75,7580.5,726
2026-07-07 09:28:00-04:00,7580.5,7581.5,7579.5,7580.25,733
2026-07-07 09:29:00-04:00,7580.5,7581.75,7579.75,7580.75,785
2026-07-07 09:30:00-04:00,7580.75,7587.75,7576.5,7584.0,7338
2026-07-07 09:31:00-04:00,7583.75,7586.0,7581.5,7585.25,3620
2026-07-07 09:32:00-04:00,7585.25,7587.75,7581.75,7583.75,4457
2026-07-07 09:33:00-04:00,7583.25,7583.5,7577.5,7578.0,3977
2026-07-07 09:34:00-04:00,7578.25,7579.25,7571.75,7572.5,5816
2026-07-07 09:35:00-04:00,7572.5,7576.25,7570.5,7572.5,5721
2026-07-07 09:36:00-04:00,7572.75,7576.0,7572.0,7575.0,3735
2026-07-07 09:37:00-04:00,7574.75,7577.25,7574.0,7575.75,4036
2026-07-07 09:38:00-04:00,7575.75,7575.75,7569.5,7571.0,4853
2026-07-07 09:39:00-04:00,7571.0,7577.0,7570.75,7573.0,4681
2026-07-07 09:40:00-04:00,7573.0,7576.75,7569.25,7576.0,4607
2026-07-07 09:41:00-04:00,7575.75,7577.0,7574.0,7575.25,2926
2026-07-07 09:42:00-04:00,7575.5,7578.5,7573.25,7576.0,3642
2026-07-07 09:43:00-04:00,7576.0,7580.75,7575.75,7578.0,4903
2026-07-07 09:44:00-04:00,7578.0,7580.5,7577.25,7579.75,2897
2026-07-07 09:45:00-04:00,7580.0,7580.25,7576.25,7577.0,3646
2026-07-07 09:46:00-04:00,7577.25,7578.75,7574.0,7575.25,3707
2026-07-07 09:47:00-04:00,7575.25,7578.0,7573.5,7574.5,3203
2026-07-07 09:48:00-04:00,7574.25,7581.0,7574.25,7577.75,4415
2026-07-07 09:49:00-04:00,7577.75,7579.25,7572.25,7574.75,3154
2026-07-07 09:50:00-04:00,7574.5,7577.5,7574.0,7575.75,2148
2026-07-07 09:51:00-04:00,7575.75,7577.0,7570.5,7574.25,4031
2026-07-07 09:52:00-04:00,7574.0,7576.25,7571.0,7571.5,3059
2026-07-07 09:53:00-04:00,7571.5,7571.5,7567.5,7568.5,5404
2026-07-07 09:54:00-04:00,7568.5,7570.0,7565.25,7567.0,4601
2026-07-07 09:55:00-04:00,7567.25,7568.75,7564.5,7565.25,4762
2026-07-07 09:56:00-04:00,7565.0,7567.75,7564.5,7566.0,3396
2026-07-07 09:57:00-04:00,7566.0,7567.25,7563.0,7564.25,3851
2026-07-07 09:58:00-04:00,7564.25,7566.75,7560.25,7561.5,5909
2026-07-07 09:59:00-04:00,7561.25,7567.5,7561.25,7566.5,4730
2026-07-07 10:00:00-04:00,7566.5,7568.25,7563.5,7567.5,6732
2026-07-07 10:01:00-04:00,7567.25,7570.25,7563.25,7565.75,7126
2026-07-07 10:02:00-04:00,7565.5,7568.25,7564.25,7566.75,3072
2026-07-07 10:03:00-04:00,7566.5,7568.25,7561.5,7562.5,4211
2026-07-07 10:04:00-04:00,7562.5,7564.25,7559.5,7563.5,7786
2026-07-07 10:05:00-04:00,7563.5,7565.0,7561.75,7564.0,4446
2026-07-07 10:06:00-04:00,7563.75,7567.75,7563.0,7566.5,4403
2026-07-07 10:07:00-04:00,7566.5,7567.0,7561.75,7563.5,3405
2026-07-07 10:08:00-04:00,7563.5,7564.75,7558.5,7560.75,4715
2026-07-07 10:09:00-04:00,7560.5,7562.5,7559.5,7560.75,2602
2026-07-07 10:10:00-04:00,7560.5,7560.75,7556.25,7557.0,4945
2026-07-07 10:11:00-04:00,7556.75,7558.75,7554.75,7555.5,3799
2026-07-07 10:12:00-04:00,7555.75,7556.5,7553.0,7553.25,4900
2026-07-07 10:13:00-04:00,7553.25,7556.75,7553.0,7554.25,3502
2026-07-07 10:14:00-04:00,7554.0,7554.5,7547.5,7548.0,6839
2026-07-07 10:15:00-04:00,7548.0,7548.75,7542.5,7547.0,8812
2026-07-07 10:16:00-04:00,7546.75,7549.25,7544.25,7547.25,5364
2026-07-07 10:17:00-04:00,7547.5,7548.75,7545.0,7546.25,3004
2026-07-07 10:18:00-04:00,7546.25,7551.0,7546.0,7549.75,5249
2026-07-07 10:19:00-04:00,7549.5,7553.0,7547.25,7553.0,3806
2026-07-07 10:20:00-04:00,7552.75,7555.25,7549.25,7551.25,5588
2026-07-07 10:21:00-04:00,7551.0,7551.25,7548.25,7550.5,2663
2026-07-07 10:22:00-04:00,7550.75,7552.0,7547.5,7548.5,2424
2026-07-07 10:23:00-04:00,7548.5,7549.5,7545.0,7547.25,4061
2026-07-07 10:24:00-04:00,7547.25,7549.25,7544.0,7544.25,3175
2026-07-07 10:25:00-04:00,7544.25,7544.5,7539.25,7540.5,6699
2026-07-07 10:26:00-04:00,7540.5,7541.75,7538.5,7539.25,3967
2026-07-07 10:27:00-04:00,7539.5,7544.5,7539.0,7543.0,4350
2026-07-07 10:28:00-04:00,7542.75,7544.25,7540.25,7542.25,3325
2026-07-07 10:29:00-04:00,7542.25,7545.0,7542.0,7544.75,3003
2026-07-07 10:30:00-04:00,7544.5,7547.0,7542.5,7545.75,4886
2026-07-07 10:31:00-04:00,7545.75,7547.75,7544.0,7545.0,3004
2026-07-07 10:32:00-04:00,7545.0,7545.25,7540.25,7544.0,3599
2026-07-07 10:33:00-04:00,7544.25,7547.0,7543.0,7545.0,2876
2026-07-07 10:34:00-04:00,7544.75,7545.0,7541.0,7541.0,1680
2026-07-07 10:35:00-04:00,7541.0,7543.0,7536.75,7538.0,5182
2026-07-07 10:36:00-04:00,7538.25,7542.5,7537.0,7541.75,3879
2026-07-07 10:37:00-04:00,7541.75,7542.0,7538.25,7540.0,2267
2026-07-07 10:38:00-04:00,7540.25,7541.0,7538.25,7539.0,1975
2026-07-07 10:39:00-04:00,7539.0,7540.25,7535.75,7536.0,2980
2026-07-07 10:40:00-04:00,7536.0,7538.75,7535.25,7536.25,2822
2026-07-07 10:41:00-04:00,7536.25,7536.75,7532.25,7532.5,4345
2026-07-07 10:42:00-04:00,7532.25,7535.75,7529.5,7534.5,6104
2026-07-07 10:43:00-04:00,7534.75,7535.75,7532.5,7535.25,3017
2026-07-07 10:44:00-04:00,7535.25,7536.25,7533.0,7535.25,1873
2026-07-07 10:45:00-04:00,7535.25,7538.25,7534.25,7537.25,3556
2026-07-07 10:46:00-04:00,7537.0,7540.5,7536.0,7539.5,4249
2026-07-07 10:47:00-04:00,7539.5,7542.25,7539.0,7540.75,2978
2026-07-07 10:48:00-04:00,7540.5,7542.5,7537.0,7538.0,2829
2026-07-07 10:49:00-04:00,7538.0,7540.25,7537.0,7539.5,2113
2026-07-07 10:50:00-04:00,7539.25,7541.0,7537.0,7539.75,1684
2026-07-07 10:51:00-04:00,7539.75,7542.75,7539.75,7541.5,3164
2026-07-07 10:52:00-04:00,7541.0,7543.75,7539.5,7543.75,2145
2026-07-07 10:53:00-04:00,7543.75,7545.25,7543.0,7543.5,3249
2026-07-07 10:54:00-04:00,7543.5,7543.75,7540.75,7543.5,2226
2026-07-07 10:55:00-04:00,7543.75,7546.0,7543.5,7544.25,2836
2026-07-07 10:56:00-04:00,7544.5,7546.5,7542.25,7543.75,2475
2026-07-07 10:57:00-04:00,7543.75,7544.5,7541.5,7544.25,1369
2026-07-07 10:58:00-04:00,7544.25,7546.25,7543.25,7544.25,1428
2026-07-07 10:59:00-04:00,7544.25,7545.0,7541.75,7542.25,1303
2026-07-07 11:00:00-04:00,7542.0,7542.5,7538.5,7539.0,4577
2026-07-07 11:01:00-04:00,7539.25,7540.5,7536.25,7540.25,3068
2026-07-07 11:02:00-04:00,7540.5,7541.5,7539.25,7540.0,1509
2026-07-07 11:03:00-04:00,7539.75,7542.0,7539.25,7541.25,1308
2026-07-07 11:04:00-04:00,7541.25,7543.25,7539.25,7541.25,2275
2026-07-07 11:05:00-04:00,7541.0,7542.75,7540.0,7540.75,1270
2026-07-07 11:06:00-04:00,7540.25,7543.25,7540.25,7542.25,1002
2026-07-07 11:07:00-04:00,7542.0,7542.5,7539.0,7542.25,1661
2026-07-07 11:08:00-04:00,7542.0,7544.5,7542.0,7542.25,1861
2026-07-07 11:09:00-04:00,7542.25,7543.75,7541.0,7543.5,949
2026-07-07 11:10:00-04:00,7543.25,7544.5,7541.5,7543.0,999
2026-07-07 11:11:00-04:00,7543.25,7544.25,7541.75,7542.0,988
2026-07-07 11:12:00-04:00,7542.0,7543.25,7540.75,7542.75,1312
2026-07-07 11:13:00-04:00,7543.0,7543.25,7540.75,7542.5,1031
2026-07-07 11:14:00-04:00,7542.5,7542.5,7537.75,7537.75,2071
2026-07-07 11:15:00-04:00,7537.75,7538.25,7535.25,7536.0,3066
2026-07-07 11:16:00-04:00,7536.25,7537.75,7534.5,7537.25,2124
2026-07-07 11:17:00-04:00,7537.0,7538.25,7536.25,7537.0,1515
2026-07-07 11:18:00-04:00,7536.75,7538.5,7536.0,7538.0,1193
2026-07-07 11:19:00-04:00,7537.75,7538.5,7536.25,7536.75,925
2026-07-07 11:20:00-04:00,7536.5,7538.25,7536.0,7536.75,1447
2026-07-07 11:21:00-04:00,7536.75,7540.5,7536.25,7538.75,2563
2026-07-07 11:22:00-04:00,7538.75,7540.25,7537.0,7537.5,1663
2026-07-07 11:23:00-04:00,7537.5,7537.75,7536.25,7536.75,1089
2026-07-07 11:24:00-04:00,7537.0,7538.0,7534.75,7536.0,1469
2026-07-07 11:25:00-04:00,7536.25,7537.25,7535.25,7536.5,1009
2026-07-07 11:26:00-04:00,7536.25,7538.0,7534.75,7537.75,1564
2026-07-07 11:27:00-04:00,7537.75,7538.5,7536.25,7537.75,1050
2026-07-07 11:28:00-04:00,7537.5,7540.0,7536.0,7536.0,1333
2026-07-07 11:29:00-04:00,7536.25,7541.0,7536.25,7540.5,1289
2026-07-07 11:30:00-04:00,7540.75,7541.75,7537.25,7538.25,2369
2026-07-07 11:31:00-04:00,7538.0,7539.5,7537.5,7538.75,811
2026-07-07 11:32:00-04:00,7538.75,7539.75,7537.5,7538.75,757
2026-07-07 11:33:00-04:00,7538.5,7540.25,7538.0,7539.0,1012
2026-07-07 11:34:00-04:00,7538.75,7539.75,7536.25,7536.5,1138
2026-07-07 11:35:00-04:00,7536.5,7537.5,7534.25,7537.25,2149
2026-07-07 11:36:00-04:00,7537.0,7539.5,7536.5,7537.0,1434
2026-07-07 11:37:00-04:00,7537.25,7537.5,7535.25,7536.25,809
2026-07-07 11:38:00-04:00,7536.25,7536.75,7535.0,7535.5,832
2026-07-07 11:39:00-04:00,7535.5,7536.25,7533.5,7533.75,1886
2026-07-07 11:40:00-04:00,7533.75,7535.0,7531.25,7534.75,3220
2026-07-07 11:41:00-04:00,7534.75,7536.25,7533.25,7535.75,1785
2026-07-07 11:42:00-04:00,7536.0,7537.75,7535.0,7537.5,1698
2026-07-07 11:43:00-04:00,7537.25,7538.25,7535.5,7537.25,931
2026-07-07 11:44:00-04:00,7537.25,7541.5,7536.75,7541.5,2147
2026-07-07 11:45:00-04:00,7541.25,7546.25,7541.0,7546.0,5290
2026-07-07 11:46:00-04:00,7546.0,7547.0,7543.75,7544.5,2584
2026-07-07 11:47:00-04:00,7544.5,7548.0,7544.25,7546.25,2212
2026-07-07 11:48:00-04:00,7546.25,7549.25,7545.5,7548.5,2236
2026-07-07 11:49:00-04:00,7548.5,7548.5,7543.25,7543.5,2193
2026-07-07 11:50:00-04:00,7543.25,7546.5,7543.0,7546.0,1483
2026-07-07 11:51:00-04:00,7546.0,7547.75,7545.5,7547.25,985
2026-07-07 11:52:00-04:00,7547.25,7550.25,7546.5,7549.5,2093
2026-07-07 11:53:00-04:00,7549.5,7549.75,7547.25,7548.75,1333
2026-07-07 11:54:00-04:00,7548.75,7549.0,7546.75,7547.5,1014
2026-07-07 11:55:00-04:00,7547.25,7548.25,7545.75,7546.5,1247
2026-07-07 11:56:00-04:00,7546.25,7547.75,7545.0,7546.5,1198
2026-07-07 11:57:00-04:00,7546.75,7549.25,7546.75,7548.75,979
2026-07-07 11:58:00-04:00,7548.75,7550.25,7548.5,7550.0,1036
2026-07-07 11:59:00-04:00,7550.0,7551.25,7548.75,7550.75,1831
2026-07-07 12:00:00-04:00,7551.0,7552.75,7549.75,7552.25,2907
2026-07-07 12:01:00-04:00,7552.0,7554.25,7552.0,7553.75,2274
2026-07-07 12:02:00-04:00,7553.5,7555.5,7553.0,7554.25,2251
2026-07-07 12:03:00-04:00,7554.0,7555.25,7553.0,7554.75,1441
2026-07-07 12:04:00-04:00,7554.75,7555.0,7553.25,7553.75,1173
2026-07-07 12:05:00-04:00,7554.25,7556.0,7552.25,7555.5,2415
2026-07-07 12:06:00-04:00,7555.75,7558.25,7554.5,7555.0,2697
2026-07-07 12:07:00-04:00,7554.5,7555.0,7552.0,7553.0,2276
2026-07-07 12:08:00-04:00,7553.0,7553.5,7549.75,7550.75,2130
2026-07-07 12:09:00-04:00,7550.75,7552.5,7550.0,7552.5,1089
2026-07-07 12:10:00-04:00,7552.25,7554.75,7552.25,7552.75,1578
2026-07-07 12:11:00-04:00,7552.75,7556.0,7552.5,7556.0,1381
2026-07-07 12:12:00-04:00,7556.0,7558.5,7555.75,7558.0,1952
2026-07-07 12:13:00-04:00,7558.0,7559.25,7557.75,7558.5,1902
2026-07-07 12:14:00-04:00,7558.5,7559.0,7557.0,7557.75,1857
2026-07-07 12:15:00-04:00,7558.0,7559.5,7557.5,7557.75,2076
2026-07-07 12:16:00-04:00,7558.0,7558.75,7557.0,7557.75,923
2026-07-07 12:17:00-04:00,7557.75,7558.25,7556.5,7557.25,1306
2026-07-07 12:18:00-04:00,7557.5,7558.0,7556.0,7556.5,994
2026-07-07 12:19:00-04:00,7556.5,7558.75,7555.75,7558.0,1883
2026-07-07 12:20:00-04:00,7558.0,7562.25,7557.75,7561.0,3464
2026-07-07 12:21:00-04:00,7561.0,7562.0,7559.75,7561.5,1436
2026-07-07 12:22:00-04:00,7561.5,7564.5,7561.0,7563.5,2915
2026-07-07 12:23:00-04:00,7563.25,7566.0,7562.5,7564.25,3987
2026-07-07 12:24:00-04:00,7564.25,7565.25,7562.75,7563.0,2038
2026-07-07 12:25:00-04:00,7562.75,7564.75,7562.25,7564.75,1620
2026-07-07 12:26:00-04:00,7565.0,7566.5,7564.25,7565.75,1987
2026-07-07 12:27:00-04:00,7565.75,7567.0,7565.25,7566.25,1641
2026-07-07 12:28:00-04:00,7566.25,7567.25,7565.0,7565.5,1509
2026-07-07 12:29:00-04:00,7565.5,7566.75,7565.25,7565.25,901
2026-07-07 12:30:00-04:00,7565.0,7567.75,7564.5,7566.0,2182
2026-07-07 12:31:00-04:00,7566.25,7567.0,7565.0,7566.25,1079
2026-07-07 12:32:00-04:00,7566.25,7566.5,7564.5,7564.75,1202
2026-07-07 12:33:00-04:00,7564.75,7565.0,7561.5,7562.25,2602
2026-07-07 12:34:00-04:00,7562.25,7564.75,7562.25,7563.25,1465
2026-07-07 12:35:00-04:00,7563.5,7565.5,7561.75,7562.0,1708
2026-07-07 12:36:00-04:00,7562.0,7562.5,7559.75,7561.75,2407
2026-07-07 12:37:00-04:00,7561.75,7565.25,7561.5,7564.5,1638
2026-07-07 12:38:00-04:00,7564.5,7565.75,7563.75,7564.25,1024
2026-07-07 12:39:00-04:00,7564.5,7566.0,7564.25,7565.75,854
2026-07-07 12:40:00-04:00,7565.75,7567.0,7564.5,7564.75,1719
2026-07-07 12:41:00-04:00,7564.5,7565.25,7563.75,7564.5,831
2026-07-07 12:42:00-04:00,7564.5,7565.0,7563.25,7563.75,738
2026-07-07 12:43:00-04:00,7564.0,7565.5,7563.75,7565.25,556
2026-07-07 12:44:00-04:00,7565.0,7566.25,7564.75,7566.25,653
2026-07-07 12:45:00-04:00,7566.25,7568.75,7566.0,7567.75,2387
2026-07-07 12:46:00-04:00,7567.5,7568.0,7566.0,7567.5,1135
2026-07-07 12:47:00-04:00,7567.5,7568.0,7566.75,7566.75,691
2026-07-07 12:48:00-04:00,7566.75,7568.0,7566.5,7567.0,614
2026-07-07 12:49:00-04:00,7567.25,7568.75,7566.75,7568.0,1128
2026-07-07 12:50:00-04:00,7568.25,7568.75,7566.25,7568.0,905
2026-07-07 12:51:00-04:00,7567.75,7568.0,7566.75,7566.75,490
2026-07-07 12:52:00-04:00,7566.75,7568.25,7566.5,7567.5,654
2026-07-07 12:53:00-04:00,7567.25,7567.5,7565.25,7566.25,1230
2026-07-07 12:54:00-04:00,7566.25,7566.5,7565.0,7565.75,963
2026-07-07 12:55:00-04:00,7565.5,7565.75,7563.25,7564.0,1449
2026-07-07 12:56:00-04:00,7564.25,7565.25,7564.0,7565.25,879
2026-07-07 12:57:00-04:00,7565.25,7566.0,7564.25,7564.75,914
2026-07-07 12:58:00-04:00,7564.5,7564.75,7562.5,7564.25,1085
2026-07-07 12:59:00-04:00,7564.25,7567.5,7564.0,7567.25,1196
2026-07-07 13:00:00-04:00,7567.25,7568.75,7566.25,7568.0,1670
2026-07-07 13:01:00-04:00,7568.0,7569.25,7566.5,7567.25,1245
2026-07-07 13:02:00-04:00,7567.25,7569.0,7566.75,7568.0,720
2026-07-07 13:03:00-04:00,7568.25,7568.5,7566.25,7566.5,729
2026-07-07 13:04:00-04:00,7566.5,7569.5,7566.5,7569.25,924
2026-07-07 13:05:00-04:00,7569.25,7570.25,7568.5,7569.75,1418
2026-07-07 13:06:00-04:00,7569.5,7570.5,7568.25,7569.75,1307
2026-07-07 13:07:00-04:00,7569.75,7570.5,7569.5,7570.0,891
2026-07-07 13:08:00-04:00,7570.0,7571.0,7569.0,7569.5,1288
2026-07-07 13:09:00-04:00,7569.5,7570.25,7568.75,7569.0,595
2026-07-07 13:10:00-04:00,7569.0,7569.25,7565.75,7566.75,1972
2026-07-07 13:11:00-04:00,7566.75,7568.25,7566.25,7568.25,1069
2026-07-07 13:12:00-04:00,7568.25,7568.25,7566.75,7566.75,683
2026-07-07 13:13:00-04:00,7566.75,7568.25,7566.75,7567.25,600
2026-07-07 13:14:00-04:00,7567.5,7567.5,7565.0,7565.5,1199
2026-07-07 13:15:00-04:00,7565.75,7566.25,7563.5,7565.0,2048
2026-07-07 13:16:00-04:00,7565.0,7565.25,7561.75,7561.75,1826
2026-07-07 13:17:00-04:00,7561.75,7563.0,7561.75,7562.5,1215
2026-07-07 13:18:00-04:00,7562.5,7563.75,7561.75,7562.75,1157
2026-07-07 13:19:00-04:00,7562.75,7564.75,7562.5,7564.0,799
2026-07-07 13:20:00-04:00,7563.75,7565.75,7563.25,7564.5,1033
2026-07-07 13:21:00-04:00,7564.5,7567.25,7564.25,7567.0,1481
2026-07-07 13:22:00-04:00,7567.0,7568.0,7566.25,7566.25,1222
2026-07-07 13:23:00-04:00,7566.25,7568.25,7565.0,7568.25,1076
2026-07-07 13:24:00-04:00,7568.25,7569.5,7567.5,7567.75,1312
2026-07-07 13:25:00-04:00,7567.5,7568.5,7565.75,7568.5,1170
2026-07-07 13:26:00-04:00,7568.5,7568.75,7566.75,7567.5,854
2026-07-07 13:27:00-04:00,7567.5,7568.0,7566.75,7567.75,468
2026-07-07 13:28:00-04:00,7567.5,7568.25,7565.75,7566.25,821
2026-07-07 13:29:00-04:00,7566.5,7567.25,7565.75,7566.0,565
2026-07-07 13:30:00-04:00,7566.25,7568.25,7566.0,7568.25,1168
2026-07-07 13:31:00-04:00,7568.5,7569.25,7567.75,7569.0,801
2026-07-07 13:32:00-04:00,7568.75,7570.0,7567.25,7567.25,1151
2026-07-07 13:33:00-04:00,7567.25,7568.5,7566.25,7568.25,835
2026-07-07 13:34:00-04:00,7568.25,7568.75,7567.5,7568.0,407
2026-07-07 13:35:00-04:00,7568.0,7568.75,7567.25,7568.5,353
2026-07-07 13:36:00-04:00,7568.75,7570.0,7568.5,7569.0,917
2026-07-07 13:37:00-04:00,7568.75,7569.25,7567.75,7568.5,614
2026-07-07 13:38:00-04:00,7568.25,7568.75,7565.75,7566.25,1103
2026-07-07 13:39:00-04:00,7566.25,7569.0,7566.25,7568.75,794
2026-07-07 13:40:00-04:00,7568.5,7569.25,7568.0,7569.0,697
2026-07-07 13:41:00-04:00,7569.0,7570.5,7568.5,7570.5,1089
2026-07-07 13:42:00-04:00,7570.25,7570.25,7568.5,7569.25,642
2026-07-07 13:43:00-04:00,7569.25,7569.75,7568.0,7568.25,558
2026-07-07 13:44:00-04:00,7568.5,7568.75,7566.75,7568.75,798
2026-07-07 13:45:00-04:00,7568.75,7569.0,7567.0,7568.25,630
2026-07-07 13:46:00-04:00,7568.25,7568.25,7565.25,7566.0,1236
2026-07-07 13:47:00-04:00,7565.75,7567.5,7565.75,7566.0,722
2026-07-07 13:48:00-04:00,7566.0,7567.5,7565.0,7567.25,1245
2026-07-07 13:49:00-04:00,7567.5,7567.5,7565.75,7566.25,627
2026-07-07 13:50:00-04:00,7566.25,7566.5,7565.0,7566.0,698
2026-07-07 13:51:00-04:00,7566.0,7566.75,7565.25,7566.75,560
2026-07-07 13:52:00-04:00,7566.5,7568.0,7566.5,7568.0,676
2026-07-07 13:53:00-04:00,7567.75,7567.75,7564.25,7564.25,907
2026-07-07 13:54:00-04:00,7564.25,7566.0,7564.0,7565.75,688
2026-07-07 13:55:00-04:00,7565.5,7566.0,7564.75,7565.5,383
2026-07-07 13:56:00-04:00,7565.75,7568.25,7565.75,7568.0,712
2026-07-07 13:57:00-04:00,7567.75,7568.0,7566.75,7567.75,471
2026-07-07 13:58:00-04:00,7567.75,7568.0,7567.25,7567.75,311
2026-07-07 13:59:00-04:00,7568.0,7569.25,7567.0,7569.25,696
2026-07-07 14:00:00-04:00,7569.25,7570.25,7567.75,7568.0,1477
2026-07-07 14:01:00-04:00,7568.0,7569.5,7567.75,7568.75,526
2026-07-07 14:02:00-04:00,7568.75,7569.0,7566.5,7567.5,828
2026-07-07 14:03:00-04:00,7567.5,7568.25,7566.25,7568.0,646
2026-07-07 14:04:00-04:00,7568.0,7568.75,7567.75,7568.5,394
2026-07-07 14:05:00-04:00,7568.5,7569.5,7568.25,7569.0,640
2026-07-07 14:06:00-04:00,7568.75,7568.75,7566.5,7567.0,494
2026-07-07 14:07:00-04:00,7567.0,7568.0,7566.75,7567.25,348
2026-07-07 14:08:00-04:00,7567.0,7567.75,7566.25,7566.25,463
2026-07-07 14:09:00-04:00,7566.5,7567.0,7565.75,7566.75,821
2026-07-07 14:10:00-04:00,7567.0,7567.75,7566.5,7567.5,463
2026-07-07 14:11:00-04:00,7567.25,7567.75,7566.5,7567.0,309
2026-07-07 14:12:00-04:00,7567.0,7569.25,7567.0,7568.75,743
2026-07-07 14:13:00-04:00,7569.0,7569.25,7567.5,7568.0,765
2026-07-07 14:14:00-04:00,7568.25,7569.0,7567.0,7567.25,549
2026-07-07 14:15:00-04:00,7567.25,7568.5,7566.0,7568.0,517
2026-07-07 14:16:00-04:00,7567.75,7569.0,7567.0,7568.75,517
2026-07-07 14:17:00-04:00,7568.75,7568.75,7567.25,7568.25,461
2026-07-07 14:18:00-04:00,7568.25,7568.75,7567.75,7568.25,388
2026-07-07 14:19:00-04:00,7568.0,7568.75,7566.25,7567.5,1682
2026-07-07 14:20:00-04:00,7567.5,7568.25,7566.5,7567.5,408
2026-07-07 14:21:00-04:00,7567.75,7568.5,7567.5,7568.5,351
2026-07-07 14:22:00-04:00,7568.5,7569.5,7566.75,7569.0,641
2026-07-07 14:23:00-04:00,7569.0,7570.75,7569.0,7569.0,1321
2026-07-07 14:24:00-04:00,7569.0,7569.5,7568.25,7568.75,940
2026-07-07 14:25:00-04:00,7569.0,7569.25,7568.25,7569.25,387
2026-07-07 14:26:00-04:00,7569.25,7570.0,7567.0,7568.0,781
2026-07-07 14:27:00-04:00,7568.0,7568.75,7567.0,7567.5,598
2026-07-07 14:28:00-04:00,7567.5,7568.25,7566.25,7566.5,1044
2026-07-07 14:29:00-04:00,7566.5,7568.0,7566.25,7567.25,902
2026-07-07 14:30:00-04:00,7567.25,7568.25,7564.0,7565.75,3474
2026-07-07 14:31:00-04:00,7565.75,7567.0,7565.25,7566.25,575
2026-07-07 14:32:00-04:00,7566.5,7566.75,7564.75,7565.0,501
2026-07-07 14:33:00-04:00,7565.0,7566.0,7563.0,7564.25,1477
2026-07-07 14:34:00-04:00,7564.25,7565.5,7563.75,7564.5,844
2026-07-07 14:35:00-04:00,7564.25,7567.0,7562.75,7567.0,1402
2026-07-07 14:36:00-04:00,7567.0,7567.75,7565.25,7567.0,1087
2026-07-07 14:37:00-04:00,7567.0,7567.75,7566.5,7566.5,535
2026-07-07 14:38:00-04:00,7566.25,7567.5,7566.25,7567.25,425
2026-07-07 14:39:00-04:00,7567.25,7567.5,7566.0,7566.75,402
2026-07-07 14:40:00-04:00,7566.5,7567.0,7564.5,7565.0,670
2026-07-07 14:41:00-04:00,7564.75,7565.75,7563.0,7564.25,835
2026-07-07 14:42:00-04:00,7564.25,7564.5,7562.5,7562.75,1314
2026-07-07 14:43:00-04:00,7563.0,7564.0,7561.5,7563.75,1671
2026-07-07 14:44:00-04:00,7563.75,7564.75,7563.25,7564.5,888
2026-07-07 14:45:00-04:00,7564.75,7565.5,7563.5,7564.0,801
2026-07-07 14:46:00-04:00,7564.0,7564.25,7563.25,7563.75,541
2026-07-07 14:47:00-04:00,7563.75,7565.25,7563.75,7564.75,510
2026-07-07 14:48:00-04:00,7564.5,7566.25,7563.25,7563.75,1946
2026-07-07 14:49:00-04:00,7563.5,7563.75,7554.0,7559.0,8989
2026-07-07 14:50:00-04:00,7559.25,7560.0,7556.5,7557.5,2827
2026-07-07 14:51:00-04:00,7557.5,7558.0,7553.5,7557.0,3055
2026-07-07 14:52:00-04:00,7557.0,7557.25,7554.25,7555.0,1697
2026-07-07 14:53:00-04:00,7555.0,7555.75,7553.5,7553.75,2055
2026-07-07 14:54:00-04:00,7553.75,7557.25,7552.25,7555.5,2636
2026-07-07 14:55:00-04:00,7555.25,7556.0,7553.75,7554.75,1325
2026-07-07 14:56:00-04:00,7554.75,7556.25,7554.0,7556.25,1167
2026-07-07 14:57:00-04:00,7556.25,7556.75,7553.25,7554.0,1337
2026-07-07 14:58:00-04:00,7554.25,7555.25,7552.75,7553.25,786
2026-07-07 14:59:00-04:00,7553.0,7553.5,7551.5,7552.5,1417
2026-07-07 15:00:00-04:00,7552.5,7554.25,7548.25,7549.25,4166
2026-07-07 15:01:00-04:00,7549.25,7549.5,7545.5,7548.0,4447
2026-07-07 15:02:00-04:00,7548.0,7550.5,7548.0,7549.5,2330
2026-07-07 15:03:00-04:00,7549.25,7550.75,7548.5,7548.5,1411
2026-07-07 15:04:00-04:00,7548.75,7549.5,7546.25,7549.5,2070
2026-07-07 15:05:00-04:00,7549.25,7550.75,7547.25,7550.0,1755
2026-07-07 15:06:00-04:00,7549.75,7552.75,7549.0,7549.5,2197
2026-07-07 15:07:00-04:00,7549.5,7549.5,7546.75,7547.25,1444
2026-07-07 15:08:00-04:00,7547.25,7547.75,7545.0,7545.5,1677
2026-07-07 15:09:00-04:00,7545.5,7546.0,7543.75,7544.75,1664
2026-07-07 15:10:00-04:00,7544.5,7545.75,7543.0,7544.25,2083
2026-07-07 15:11:00-04:00,7544.25,7544.75,7542.25,7543.5,1363
2026-07-07 15:12:00-04:00,7543.75,7544.0,7542.5,7543.5,921
2026-07-07 15:13:00-04:00,7543.25,7547.25,7543.25,7546.5,2147
2026-07-07 15:14:00-04:00,7546.5,7546.5,7544.0,7545.25,1162
2026-07-07 15:15:00-04:00,7545.0,7545.5,7542.0,7542.75,1677
2026-07-07 15:16:00-04:00,7542.75,7542.75,7540.5,7542.0,1991
2026-07-07 15:17:00-04:00,7541.75,7544.0,7541.25,7542.25,1548
2026-07-07 15:18:00-04:00,7542.25,7542.75,7536.75,7539.0,5860
2026-07-07 15:19:00-04:00,7539.0,7544.0,7538.75,7543.5,2290
2026-07-07 15:20:00-04:00,7543.5,7546.25,7541.0,7544.25,2814
2026-07-07 15:21:00-04:00,7544.25,7545.0,7543.0,7543.75,1555
2026-07-07 15:22:00-04:00,7544.25,7546.5,7543.75,7545.25,1758
2026-07-07 15:23:00-04:00,7545.25,7546.75,7545.0,7546.0,1134
2026-07-07 15:24:00-04:00,7545.75,7547.75,7544.25,7547.75,1734
2026-07-07 15:25:00-04:00,7547.5,7548.0,7542.5,7544.75,2077
2026-07-07 15:26:00-04:00,7544.5,7544.75,7542.5,7543.25,1065
2026-07-07 15:27:00-04:00,7543.0,7547.0,7542.75,7545.25,1237
2026-07-07 15:28:00-04:00,7545.0,7547.0,7544.25,7544.5,894
2026-07-07 15:29:00-04:00,7544.75,7545.75,7543.25,7544.25,970
2026-07-07 15:30:00-04:00,7544.0,7548.5,7543.75,7548.0,2597
2026-07-07 15:31:00-04:00,7547.75,7549.25,7546.5,7547.75,2229
2026-07-07 15:32:00-04:00,7548.0,7548.0,7546.0,7547.5,1211
2026-07-07 15:33:00-04:00,7547.5,7548.5,7546.5,7547.75,1302
2026-07-07 15:34:00-04:00,7547.75,7549.75,7546.75,7549.0,1390
2026-07-07 15:35:00-04:00,7549.0,7549.25,7546.25,7546.5,1456
2026-07-07 15:36:00-04:00,7546.5,7547.0,7543.75,7544.75,1835
2026-07-07 15:37:00-04:00,7544.75,7545.25,7543.75,7545.0,848
2026-07-07 15:38:00-04:00,7545.0,7548.0,7544.75,7545.5,969
2026-07-07 15:39:00-04:00,7545.25,7545.25,7543.75,7544.75,1036
2026-07-07 15:40:00-04:00,7544.75,7545.5,7542.0,7543.25,1517
2026-07-07 15:41:00-04:00,7543.25,7544.25,7542.5,7544.0,1106
2026-07-07 15:42:00-04:00,7544.0,7544.5,7541.75,7542.0,840
2026-07-07 15:43:00-04:00,7542.25,7544.0,7541.25,7541.75,1689
2026-07-07 15:44:00-04:00,7542.0,7543.5,7541.75,7542.75,833
2026-07-07 15:45:00-04:00,7543.0,7547.0,7542.5,7546.75,1772
2026-07-07 15:46:00-04:00,7546.75,7548.25,7545.5,7546.5,1617
2026-07-07 15:47:00-04:00,7546.25,7546.75,7543.75,7544.75,1277
2026-07-07 15:48:00-04:00,7544.75,7547.75,7544.0,7546.5,1084
2026-07-07 15:49:00-04:00,7546.25,7547.75,7546.0,7547.5,1082
2026-07-07 15:50:00-04:00,7547.5,7551.75,7547.25,7550.25,2825
2026-07-07 15:51:00-04:00,7550.25,7551.0,7547.5,7550.0,1926
2026-07-07 15:52:00-04:00,7549.75,7549.75,7547.75,7549.75,1267
2026-07-07 15:53:00-04:00,7549.5,7552.25,7548.5,7552.0,2529
2026-07-07 15:54:00-04:00,7551.75,7555.0,7551.0,7555.0,3330
2026-07-07 15:55:00-04:00,7554.75,7557.0,7553.5,7556.0,3870
2026-07-07 15:56:00-04:00,7556.25,7556.5,7554.0,7554.0,1312
2026-07-07 15:57:00-04:00,7554.25,7554.5,7552.5,7553.5,1477
2026-07-07 15:58:00-04:00,7553.25,7555.75,7552.25,7554.75,1449
2026-07-07 15:59:00-04:00,7554.75,7555.25,7548.0,7553.25,12342
2026-07-07 16:00:00-04:00,7553.25,7553.75,7549.5,7550.75,3983
2026-07-07 16:01:00-04:00,7550.75,7552.5,7549.25,7552.25,1282
2026-07-07 16:02:00-04:00,7552.0,7552.75,7550.25,7551.25,645
2026-07-07 16:03:00-04:00,7551.25,7552.5,7550.75,7551.0,397
2026-07-07 16:04:00-04:00,7551.5,7553.0,7551.25,7553.0,308
2026-07-07 16:05:00-04:00,7553.0,7553.75,7550.75,7550.75,686
2026-07-07 16:06:00-04:00,7550.75,7552.0,7550.5,7551.5,407
2026-07-07 16:07:00-04:00,7551.5,7552.75,7551.25,7552.25,381
2026-07-07 16:08:00-04:00,7552.75,7554.5,7552.5,7554.0,441
2026-07-07 16:09:00-04:00,7553.75,7554.5,7553.5,7554.0,403
2026-07-07 16:10:00-04:00,7553.75,7553.75,7551.25,7552.0,607
2026-07-07 16:11:00-04:00,7552.0,7553.25,7552.0,7553.25,259
2026-07-07 16:12:00-04:00,7553.25,7553.5,7552.25,7552.25,193
2026-07-07 16:13:00-04:00,7552.5,7552.75,7551.25,7552.5,249
2026-07-07 16:14:00-04:00,7552.25,7552.5,7551.5,7552.0,230
2026-07-07 16:15:00-04:00,7551.75,7552.5,7551.0,7552.25,211
2026-07-07 16:16:00-04:00,7552.25,7552.25,7551.25,7551.25,183
2026-07-07 16:17:00-04:00,7551.5,7552.25,7551.5,7552.0,151
2026-07-07 16:18:00-04:00,7551.75,7552.0,7546.75,7548.75,2337
2026-07-07 16:19:00-04:00,7549.0,7550.0,7549.0,7549.5,265
2026-07-07 16:20:00-04:00,7549.5,7550.5,7549.5,7549.5,165
2026-07-07 16:21:00-04:00,7549.75,7550.5,7549.5,7550.0,224
2026-07-07 16:22:00-04:00,7550.0,7550.5,7549.5,7549.5,145
2026-07-07 16:23:00-04:00,7549.5,7549.75,7548.75,7549.0,197
2026-07-07 16:24:00-04:00,7549.0,7550.25,7549.0,7550.25,124
2026-07-07 16:25:00-04:00,7550.0,7550.75,7549.75,7550.5,103
2026-07-07 16:26:00-04:00,7550.75,7551.5,7550.5,7551.0,334
2026-07-07 16:27:00-04:00,7551.0,7551.25,7550.25,7550.25,95
2026-07-07 16:28:00-04:00,7550.25,7550.75,7549.75,7549.75,263
2026-07-07 16:29:00-04:00,7550.0,7550.75,7549.75,7550.5,103
2026-07-07 16:30:00-04:00,7550.75,7551.25,7550.5,7550.75,152
2026-07-07 16:31:00-04:00,7550.75,7551.0,7550.25,7550.75,184
2026-07-07 16:32:00-04:00,7551.0,7551.5,7550.75,7551.25,110
2026-07-07 16:33:00-04:00,7551.25,7551.5,7551.0,7551.0,92
2026-07-07 16:34:00-04:00,7551.0,7551.75,7550.5,7551.0,235
2026-07-07 16:35:00-04:00,7551.0,7551.75,7551.0,7551.5,95
2026-07-07 16:36:00-04:00,7551.5,7552.25,7551.25,7552.25,238
2026-07-07 16:37:00-04:00,7552.0,7552.5,7552.0,7552.25,216
2026-07-07 16:38:00-04:00,7552.0,7552.75,7551.75,7552.5,132
2026-07-07 16:39:00-04:00,7552.25,7552.5,7551.75,7552.25,107
2026-07-07 16:40:00-04:00,7552.25,7553.0,7552.0,7552.25,248
2026-07-07 16:41:00-04:00,7552.0,7552.5,7551.5,7552.25,143
2026-07-07 16:42:00-04:00,7552.25,7553.0,7552.0,7552.0,176
2026-07-07 16:43:00-04:00,7552.25,7552.75,7552.0,7552.25,104
2026-07-07 16:44:00-04:00,7552.25,7552.75,7551.75,7551.75,186
2026-07-07 16:45:00-04:00,7551.75,7552.0,7551.5,7551.75,155
2026-07-07 16:46:00-04:00,7551.5,7552.0,7551.25,7551.25,148
2026-07-07 16:47:00-04:00,7551.25,7551.75,7551.0,7551.25,214
2026-07-07 16:48:00-04:00,7551.25,7552.0,7551.0,7551.5,140
2026-07-07 16:49:00-04:00,7551.25,7551.75,7551.0,7551.75,123
2026-07-07 16:50:00-04:00,7551.5,7552.0,7550.75,7550.75,323
2026-07-07 16:51:00-04:00,7550.75,7551.75,7550.75,7551.75,121
2026-07-07 16:52:00-04:00,7551.75,7552.5,7551.5,7552.5,195
2026-07-07 16:53:00-04:00,7552.5,7553.0,7552.5,7552.75,65
2026-07-07 16:54:00-04:00,7552.5,7552.75,7552.5,7552.75,83
2026-07-07 16:55:00-04:00,7552.5,7553.0,7552.25,7552.5,227
2026-07-07 16:56:00-04:00,7552.75,7553.0,7552.5,7552.5,36
2026-07-07 16:57:00-04:00,7553.0,7553.0,7551.25,7551.5,169
2026-07-07 16:58:00-04:00,7551.75,7552.25,7551.5,7551.5,104
2026-07-07 16:59:00-04:00,7551.75,7552.0,7551.25,7551.75,127
2026-07-07 18:00:00-04:00,7546.0,7546.0,7537.25,7538.75,0
2026-07-07 18:01:00-04:00,7539.25,7547.25,7538.0,7545.25,941
2026-07-07 18:02:00-04:00,7545.0,7546.5,7543.75,7546.5,643
2026-07-07 18:03:00-04:00,7546.25,7547.5,7545.0,7546.0,529
2026-07-07 18:04:00-04:00,7545.75,7545.75,7543.25,7544.5,368
2026-07-07 18:05:00-04:00,7544.5,7546.0,7543.0,7543.5,407
2026-07-07 18:06:00-04:00,7543.75,7545.5,7543.5,7543.5,162
2026-07-07 18:07:00-04:00,7543.5,7544.5,7543.5,7544.5,140
2026-07-07 18:08:00-04:00,7544.75,7547.5,7544.5,7546.5,296
2026-07-07 18:09:00-04:00,7546.75,7547.0,7544.5,7544.75,149
2026-07-07 18:10:00-04:00,7544.75,7546.0,7543.75,7545.75,139
2026-07-07 18:11:00-04:00,7545.75,7546.5,7545.0,7546.5,112
2026-07-07 18:12:00-04:00,7546.5,7547.0,7546.0,7546.25,94
2026-07-07 18:13:00-04:00,7546.0,7546.0,7544.25,7545.5,202
2026-07-07 18:14:00-04:00,7545.5,7545.75,7544.5,7545.5,121
2026-07-07 18:15:00-04:00,7545.75,7547.0,7545.5,7546.75,229
2026-07-07 18:16:00-04:00,7546.75,7547.25,7546.75,7547.0,129
2026-07-07 18:17:00-04:00,7547.0,7547.75,7546.5,7547.0,148
2026-07-07 18:18:00-04:00,7546.75,7547.0,7546.25,7546.75,79
2026-07-07 18:19:00-04:00,7546.75,7547.0,7546.0,7547.0,163
2026-07-07 18:20:00-04:00,7547.25,7547.25,7545.75,7546.0,110
2026-07-07 18:21:00-04:00,7546.0,7546.75,7545.75,7546.25,98
2026-07-07 18:22:00-04:00,7546.0,7547.5,7545.75,7546.75,177
2026-07-07 18:23:00-04:00,7547.25,7547.5,7546.75,7546.75,46
2026-07-07 18:24:00-04:00,7546.75,7547.0,7546.0,7547.0,110
2026-07-07 18:25:00-04:00,7547.0,7547.0,7545.25,7545.75,138
2026-07-07 18:26:00-04:00,7545.5,7545.75,7544.75,7544.75,124
2026-07-07 18:27:00-04:00,7545.0,7545.75,7544.5,7545.75,118
2026-07-07 18:28:00-04:00,7545.75,7546.25,7545.5,7545.5,58
2026-07-07 18:29:00-04:00,7545.5,7546.5,7545.5,7546.25,133
2026-07-07 18:30:00-04:00,7546.75,7546.75,7544.75,7545.5,93
2026-07-07 18:31:00-04:00,7545.75,7545.75,7545.0,7545.5,48
2026-07-07 18:32:00-04:00,7545.75,7546.25,7545.25,7546.25,86
2026-07-07 18:33:00-04:00,7545.75,7546.5,7545.75,7546.25,98
2026-07-07 18:34:00-04:00,7546.25,7548.25,7545.5,7547.75,305
2026-07-07 18:35:00-04:00,7547.75,7548.5,7547.5,7547.75,252
2026-07-07 18:36:00-04:00,7548.0,7548.0,7547.25,7547.25,92
2026-07-07 18:37:00-04:00,7547.0,7547.5,7546.5,7547.0,85
2026-07-07 18:38:00-04:00,7547.0,7547.75,7547.0,7547.25,59
2026-07-07 18:39:00-04:00,7547.5,7547.5,7546.5,7546.75,93
2026-07-07 18:40:00-04:00,7547.25,7547.5,7546.75,7547.5,108
2026-07-07 18:41:00-04:00,7547.25,7547.25,7545.0,7545.25,200
2026-07-07 18:42:00-04:00,7545.5,7546.75,7545.0,7546.5,175
2026-07-07 18:43:00-04:00,7546.25,7546.25,7545.0,7545.5,132
2026-07-07 18:44:00-04:00,7545.5,7546.25,7545.25,7545.75,109
2026-07-07 18:45:00-04:00,7545.5,7546.0,7544.0,7545.0,293
2026-07-07 18:46:00-04:00,7545.25,7546.0,7545.0,7545.5,129
2026-07-07 18:47:00-04:00,7545.5,7546.25,7544.75,7546.0,243
2026-07-07 18:48:00-04:00,7546.0,7547.25,7545.25,7547.25,149
2026-07-07 18:49:00-04:00,7547.5,7547.75,7547.0,7547.0,118
2026-07-07 18:50:00-04:00,7547.0,7547.5,7546.75,7546.75,54
2026-07-07 18:51:00-04:00,7546.5,7547.0,7546.5,7547.0,13
2026-07-07 19:00:00-04:00,7551.25,7551.25,7551.25,7551.25,1265
2026-07-07 19:01:00-04:00,7547.75,7549.25,7547.75,7549.0,110
2026-07-07 19:02:00-04:00,7549.25,7549.25,7547.75,7547.75,140
2026-07-07 19:03:00-04:00,7547.75,7547.75,7544.75,7545.75,357
2026-07-07 19:04:00-04:00,7545.75,7546.5,7545.25,7546.25,151
2026-07-07 19:05:00-04:00,7546.5,7548.25,7546.0,7548.25,346
2026-07-07 19:06:00-04:00,7548.25,7549.25,7547.75,7547.75,362
2026-07-07 19:07:00-04:00,7548.0,7548.25,7547.5,7547.5,78
2026-07-07 19:08:00-04:00,7547.5,7548.75,7547.0,7548.75,184
2026-07-07 19:09:00-04:00,7548.75,7548.75,7546.75,7546.75,111
2026-07-07 19:10:00-04:00,7546.75,7547.5,7546.5,7546.5,44
2026-07-07 19:11:00-04:00,7546.25,7546.25,7544.5,7545.75,389
2026-07-07 19:12:00-04:00,7545.75,7546.0,7545.5,7545.75,68
2026-07-07 19:13:00-04:00,7545.5,7547.0,7545.5,7546.5,94
2026-07-07 19:14:00-04:00,7546.5,7547.75,7546.25,7547.5,128
2026-07-07 19:15:00-04:00,7547.5,7547.5,7547.0,7547.25,32
2026-07-07 19:16:00-04:00,7547.0,7548.5,7547.0,7547.75,103
2026-07-07 19:17:00-04:00,7547.75,7550.5,7547.5,7550.25,486
2026-07-07 19:18:00-04:00,7550.0,7552.25,7550.0,7551.5,581
2026-07-07 19:19:00-04:00,7551.25,7553.0,7551.25,7552.5,356
2026-07-07 19:20:00-04:00,7552.5,7552.75,7551.25,7551.25,238
2026-07-07 19:21:00-04:00,7551.5,7551.75,7551.0,7551.0,149
2026-07-07 19:22:00-04:00,7551.25,7551.75,7550.75,7551.75,172
2026-07-07 19:23:00-04:00,7551.75,7551.75,7550.75,7551.0,40
2026-07-07 19:24:00-04:00,7551.25,7551.25,7550.25,7550.75,115
2026-07-07 19:25:00-04:00,7550.75,7551.25,7550.25,7550.75,188
2026-07-07 19:26:00-04:00,7550.75,7551.0,7550.5,7551.0,43
2026-07-07 19:27:00-04:00,7550.75,7551.5,7550.75,7551.25,60
2026-07-07 19:28:00-04:00,7551.5,7552.0,7550.75,7551.0,214
2026-07-07 19:29:00-04:00,7551.5,7552.0,7551.25,7551.75,82
2026-07-07 19:30:00-04:00,7551.75,7552.75,7551.0,7552.5,121
2026-07-07 19:31:00-04:00,7552.5,7553.0,7551.25,7551.5,171
2026-07-07 19:32:00-04:00,7551.5,7551.5,7550.0,7550.5,156
2026-07-07 19:33:00-04:00,7550.25,7550.5,7549.5,7549.75,199
2026-07-07 19:34:00-04:00,7550.0,7550.25,7549.75,7550.0,81
2026-07-07 19:35:00-04:00,7549.75,7550.0,7548.0,7548.75,457
2026-07-07 19:36:00-04:00,7548.75,7548.75,7547.5,7548.25,285
2026-07-07 19:37:00-04:00,7548.5,7548.5,7547.0,7548.0,227
2026-07-07 19:38:00-04:00,7548.0,7548.5,7545.0,7545.25,485
2026-07-07 19:39:00-04:00,7545.5,7546.75,7545.0,7546.75,181
2026-07-07 19:40:00-04:00,7546.75,7546.75,7544.0,7545.75,291
2026-07-07 19:41:00-04:00,7545.5,7546.0,7545.25,7545.25,106
2026-07-07 19:42:00-04:00,7545.5,7545.5,7544.75,7545.5,167
2026-07-07 19:43:00-04:00,7545.5,7546.5,7544.0,7544.25,214
2026-07-07 19:44:00-04:00,7544.25,7545.0,7543.75,7544.25,266
2026-07-07 19:45:00-04:00,7544.5,7546.75,7544.25,7545.0,380
2026-07-07 19:46:00-04:00,7544.75,7544.75,7543.0,7543.5,414
2026-07-07 19:47:00-04:00,7543.75,7544.25,7543.25,7544.0,173
2026-07-07 19:48:00-04:00,7544.0,7544.25,7541.75,7543.0,476
2026-07-07 19:49:00-04:00,7542.75,7543.25,7541.0,7543.25,446
2026-07-07 19:50:00-04:00,7543.5,7544.25,7541.5,7541.75,248
2026-07-07 19:51:00-04:00,7542.0,7542.5,7540.5,7540.5,288
2026-07-07 19:52:00-04:00,7540.25,7542.5,7540.25,7541.5,319
2026-07-07 19:53:00-04:00,7541.5,7541.75,7540.25,7540.75,156
2026-07-07 19:54:00-04:00,7540.25,7541.25,7539.5,7541.0,291
2026-07-07 19:55:00-04:00,7541.25,7541.5,7540.5,7540.5,155
2026-07-07 19:56:00-04:00,7540.5,7541.0,7539.5,7539.75,236
2026-07-07 19:57:00-04:00,7540.0,7540.75,7539.75,7540.0,193
2026-07-07 19:58:00-04:00,7540.0,7540.5,7538.0,7538.25,544
2026-07-07 19:59:00-04:00,7538.25,7539.25,7538.0,7539.0,338
2026-07-07 20:00:00-04:00,7538.75,7540.5,7533.5,7533.75,1489
2026-07-07 20:01:00-04:00,7533.75,7536.5,7533.5,7535.25,688
2026-07-07 20:02:00-04:00,7535.25,7536.0,7533.25,7535.5,550
2026-07-07 20:03:00-04:00,7535.25,7538.5,7533.75,7537.75,672
2026-07-07 20:04:00-04:00,7537.5,7541.0,7537.5,7540.75,859
2026-07-07 20:05:00-04:00,7540.75,7544.5,7540.5,7544.25,899
2026-07-07 20:06:00-04:00,7544.0,7546.75,7543.5,7545.25,1108
2026-07-07 20:07:00-04:00,7545.5,7545.5,7543.5,7544.0,527
2026-07-07 20:08:00-04:00,7543.75,7546.0,7543.0,7543.5,429
2026-07-07 20:09:00-04:00,7543.5,7548.25,7543.25,7547.25,852
2026-07-07 20:10:00-04:00,7547.0,7547.25,7544.5,7545.5,473
2026-07-07 20:11:00-04:00,7545.5,7547.25,7545.0,7547.25,349
2026-07-07 20:12:00-04:00,7547.0,7548.0,7545.0,7547.5,397
2026-07-07 20:13:00-04:00,7547.75,7549.5,7547.25,7548.25,714
2026-07-07 20:14:00-04:00,7548.25,7549.25,7547.0,7547.5,416
2026-07-07 20:15:00-04:00,7548.0,7552.25,7547.75,7549.75,1098
2026-07-07 20:16:00-04:00,7550.0,7550.75,7548.5,7549.5,324
2026-07-07 20:17:00-04:00,7549.5,7550.0,7545.75,7545.75,662
2026-07-07 20:18:00-04:00,7546.0,7547.75,7545.25,7546.5,384
2026-07-07 20:19:00-04:00,7546.5,7549.0,7546.0,7548.75,343
2026-07-07 20:20:00-04:00,7548.75,7549.0,7546.75,7547.5,243
2026-07-07 20:21:00-04:00,7547.25,7549.75,7546.5,7549.5,328
2026-07-07 20:22:00-04:00,7549.5,7552.5,7549.25,7550.75,672
2026-07-07 20:23:00-04:00,7550.25,7552.75,7550.25,7552.5,400
2026-07-07 20:24:00-04:00,7552.75,7555.5,7552.75,7555.0,914
2026-07-07 20:25:00-04:00,7554.75,7555.5,7553.75,7554.0,507
2026-07-07 20:26:00-04:00,7554.0,7556.0,7553.5,7555.75,385
2026-07-07 20:27:00-04:00,7555.75,7556.0,7554.5,7554.75,356
2026-07-07 20:28:00-04:00,7554.75,7555.25,7553.5,7553.75,270
2026-07-07 20:29:00-04:00,7553.75,7554.75,7549.0,7552.5,1310
2026-07-07 20:30:00-04:00,7552.25,7552.75,7550.5,7550.75,486
2026-07-07 20:31:00-04:00,7550.75,7553.25,7550.0,7552.75,445
2026-07-07 20:32:00-04:00,7552.75,7553.0,7551.0,7552.0,323
2026-07-07 20:33:00-04:00,7551.75,7552.5,7549.5,7549.5,343
2026-07-07 20:34:00-04:00,7549.75,7551.0,7548.75,7550.0,296
2026-07-07 20:35:00-04:00,7549.5,7550.5,7547.75,7548.5,345
2026-07-07 20:36:00-04:00,7548.75,7552.25,7548.75,7551.25,361
2026-07-07 20:37:00-04:00,7551.25,7552.75,7551.0,7552.0,279
2026-07-07 20:38:00-04:00,7552.0,7554.0,7551.5,7553.75,261
2026-07-07 20:39:00-04:00,7553.75,7556.25,7553.5,7555.75,544
2026-07-07 20:40:00-04:00,7555.5,7556.75,7555.0,7556.0,389
2026-07-07 20:41:00-04:00,7556.0,7556.5,7555.25,7556.0,260
2026-07-07 20:42:00-04:00,7556.25,7558.0,7556.25,7558.0,606
2026-07-07 20:43:00-04:00,7558.0,7558.75,7557.25,7557.5,431
2026-07-07 20:44:00-04:00,7557.75,7559.75,7557.5,7559.0,445
2026-07-07 20:45:00-04:00,7559.25,7561.25,7558.5,7560.25,865
2026-07-07 20:46:00-04:00,7560.25,7560.25,7559.0,7559.5,441
2026-07-07 20:47:00-04:00,7559.75,7560.25,7558.5,7560.0,369
2026-07-07 20:48:00-04:00,7560.0,7560.25,7558.0,7558.0,329
2026-07-07 20:49:00-04:00,7558.0,7558.75,7557.25,7558.5,303
2026-07-07 20:50:00-04:00,7558.75,7559.75,7558.25,7559.5,200
2026-07-07 20:51:00-04:00,7559.75,7560.25,7558.5,7558.5,199
2026-07-07 20:52:00-04:00,7558.5,7559.75,7558.0,7559.25,187
2026-07-07 20:53:00-04:00,7559.5,7559.75,7559.0,7559.75,145
2026-07-07 20:54:00-04:00,7559.75,7560.0,7558.5,7559.0,179
2026-07-07 20:55:00-04:00,7558.75,7560.0,7558.75,7559.25,158
2026-07-07 20:56:00-04:00,7559.0,7559.5,7558.5,7559.5,239
2026-07-07 20:57:00-04:00,7559.5,7560.0,7558.75,7559.75,135
2026-07-07 20:58:00-04:00,7559.75,7561.75,7559.25,7560.25,416
2026-07-07 20:59:00-04:00,7560.5,7562.0,7560.25,7561.75,358
2026-07-07 21:00:00-04:00,7561.75,7562.5,7560.0,7561.5,543
2026-07-07 21:01:00-04:00,7561.5,7562.5,7561.25,7561.25,286
2026-07-07 21:02:00-04:00,7561.5,7561.75,7560.25,7561.25,343
2026-07-07 21:03:00-04:00,7561.25,7561.75,7560.5,7560.5,231
2026-07-07 21:04:00-04:00,7560.75,7562.0,7560.0,7560.25,262
2026-07-07 21:05:00-04:00,7560.25,7560.5,7557.75,7557.75,659
2026-07-07 21:06:00-04:00,7557.75,7558.75,7557.75,7557.75,300
2026-07-07 21:07:00-04:00,7557.75,7558.5,7556.75,7557.5,443
2026-07-07 21:08:00-04:00,7557.25,7558.75,7557.0,7558.75,358
2026-07-07 21:09:00-04:00,7558.75,7559.0,7557.25,7557.75,199
2026-07-07 21:10:00-04:00,7558.0,7560.25,7558.0,7559.75,424
2026-07-07 21:11:00-04:00,7559.75,7560.75,7559.75,7560.25,181
2026-07-07 21:12:00-04:00,7560.5,7562.25,7560.25,7561.75,297
2026-07-07 21:13:00-04:00,7561.5,7563.0,7561.5,7563.0,353
2026-07-07 21:14:00-04:00,7562.75,7562.75,7562.0,7562.25,250
2026-07-07 21:15:00-04:00,7562.5,7562.75,7560.75,7561.0,301
2026-07-07 21:16:00-04:00,7561.25,7562.25,7561.25,7562.0,116
2026-07-07 21:17:00-04:00,7561.75,7561.75,7560.75,7561.0,204
2026-07-07 21:18:00-04:00,7560.75,7560.75,7559.75,7560.0,286
2026-07-07 21:19:00-04:00,7560.25,7561.0,7559.5,7560.75,237
2026-07-07 21:20:00-04:00,7561.0,7561.25,7559.0,7559.0,279
2026-07-07 21:21:00-04:00,7559.0,7559.5,7558.5,7558.5,247
2026-07-07 21:22:00-04:00,7558.5,7559.0,7558.0,7559.0,183
2026-07-07 21:23:00-04:00,7559.0,7560.25,7558.25,7558.5,230
2026-07-07 21:24:00-04:00,7558.25,7558.75,7557.0,7557.75,278
2026-07-07 21:25:00-04:00,7558.0,7558.25,7557.5,7558.0,143
2026-07-07 21:26:00-04:00,7557.75,7559.25,7557.75,7558.75,136
2026-07-07 21:27:00-04:00,7559.0,7559.5,7556.5,7556.75,288
2026-07-07 21:28:00-04:00,7556.75,7557.0,7555.5,7556.25,425
2026-07-07 21:29:00-04:00,7556.25,7556.75,7556.0,7556.5,154
2026-07-07 21:30:00-04:00,7556.75,7557.75,7555.75,7556.0,296
2026-07-07 21:31:00-04:00,7555.75,7557.25,7555.5,7556.75,259
2026-07-07 21:32:00-04:00,7556.75,7558.0,7555.75,7556.25,231
2026-07-07 21:33:00-04:00,7556.5,7556.5,7554.25,7554.5,491
2026-07-07 21:34:00-04:00,7554.5,7555.5,7554.0,7555.25,273
2026-07-07 21:35:00-04:00,7555.0,7556.0,7554.75,7555.0,208
2026-07-07 21:36:00-04:00,7555.0,7555.75,7553.0,7553.75,452
2026-07-07 21:37:00-04:00,7553.5,7554.0,7553.0,7553.75,222
2026-07-07 21:38:00-04:00,7553.5,7554.0,7550.5,7551.25,796
2026-07-07 21:39:00-04:00,7551.25,7553.75,7550.75,7553.5,501
2026-07-07 21:40:00-04:00,7553.75,7555.25,7553.5,7554.5,528
2026-07-07 21:41:00-04:00,7554.75,7555.25,7552.0,7552.25,281
2026-07-07 21:42:00-04:00,7552.25,7554.75,7552.25,7553.5,282
2026-07-07 21:43:00-04:00,7553.5,7554.75,7553.0,7553.75,237
2026-07-07 21:44:00-04:00,7553.5,7555.25,7553.25,7554.0,236
2026-07-07 21:45:00-04:00,7554.0,7556.5,7553.75,7556.0,452
2026-07-07 21:46:00-04:00,7556.0,7557.5,7555.25,7555.5,401
2026-07-07 21:47:00-04:00,7555.75,7557.25,7555.25,7557.25,164
2026-07-07 21:48:00-04:00,7557.25,7558.25,7556.0,7556.5,328
2026-07-07 21:49:00-04:00,7556.25,7557.5,7555.5,7556.75,186
2026-07-07 21:50:00-04:00,7557.0,7557.75,7556.75,7557.0,174
2026-07-07 21:51:00-04:00,7557.25,7557.25,7554.5,7555.0,339
2026-07-07 21:52:00-04:00,7554.75,7555.5,7554.25,7555.5,175
2026-07-07 21:53:00-04:00,7555.25,7555.75,7554.25,7554.25,182
2026-07-07 21:54:00-04:00,7554.25,7554.5,7552.25,7552.75,289
2026-07-07 21:55:00-04:00,7553.0,7553.5,7551.5,7553.25,311
2026-07-07 21:56:00-04:00,7553.0,7553.75,7551.75,7552.5,332
2026-07-07 21:57:00-04:00,7552.5,7554.0,7552.0,7553.25,166
2026-07-07 21:58:00-04:00,7553.25,7554.5,7553.25,7553.5,162
2026-07-07 21:59:00-04:00,7554.0,7554.0,7553.0,7553.0,113
2026-07-07 22:00:00-04:00,7553.0,7553.75,7550.0,7550.25,548
2026-07-07 22:01:00-04:00,7550.25,7550.75,7549.25,7550.75,478
2026-07-07 22:02:00-04:00,7550.5,7551.0,7549.0,7549.0,283
2026-07-07 22:03:00-04:00,7549.0,7550.75,7549.0,7549.75,284
2026-07-07 22:04:00-04:00,7549.75,7550.25,7549.0,7550.0,399
2026-07-07 22:05:00-04:00,7550.0,7550.25,7548.5,7549.0,307
2026-07-07 22:06:00-04:00,7549.25,7549.75,7548.0,7548.25,351
2026-07-07 22:07:00-04:00,7548.25,7549.75,7547.25,7549.5,403
2026-07-07 22:08:00-04:00,7549.75,7550.75,7548.0,7548.25,319
2026-07-07 22:09:00-04:00,7548.25,7550.0,7547.25,7550.0,347
2026-07-07 22:10:00-04:00,7550.0,7550.75,7549.0,7550.0,267
2026-07-07 22:11:00-04:00,7550.0,7551.0,7549.5,7549.5,198
2026-07-07 22:12:00-04:00,7549.5,7549.5,7547.25,7549.25,296
2026-07-07 22:13:00-04:00,7548.5,7550.5,7548.5,7549.5,208
2026-07-07 22:14:00-04:00,7549.5,7549.5,7547.75,7547.75,95
2026-07-07 22:15:00-04:00,7548.0,7549.0,7547.5,7549.0,190
2026-07-07 22:16:00-04:00,7549.0,7549.5,7546.5,7546.5,266
2026-07-07 22:17:00-04:00,7546.75,7548.25,7546.75,7548.25,195
2026-07-07 22:18:00-04:00,7548.25,7549.25,7547.75,7549.0,206
2026-07-07 22:19:00-04:00,7548.5,7550.25,7548.5,7549.75,266
2026-07-07 22:20:00-04:00,7549.75,7550.5,7548.75,7548.75,217
2026-07-07 22:21:00-04:00,7548.75,7550.0,7547.75,7550.0,255
2026-07-07 22:22:00-04:00,7550.0,7551.25,7548.75,7549.0,245
2026-07-07 22:23:00-04:00,7549.25,7550.75,7549.25,7550.5,127
2026-07-07 22:24:00-04:00,7550.75,7551.25,7550.25,7551.0,106
2026-07-07 22:25:00-04:00,7550.75,7551.75,7550.25,7551.5,190
2026-07-07 22:26:00-04:00,7551.5,7553.25,7551.25,7553.0,456
2026-07-07 22:27:00-04:00,7552.75,7552.75,7549.5,7550.5,742
2026-07-07 22:28:00-04:00,7551.0,7551.5,7549.75,7550.0,256
2026-07-07 22:29:00-04:00,7549.75,7550.25,7548.25,7548.75,158
2026-07-07 22:30:00-04:00,7548.75,7549.25,7548.25,7548.75,176
2026-07-07 22:31:00-04:00,7548.75,7549.0,7547.0,7548.0,234
2026-07-07 22:32:00-04:00,7548.0,7548.0,7546.25,7546.75,274
2026-07-07 22:33:00-04:00,7546.75,7547.5,7546.25,7547.25,115
2026-07-07 22:34:00-04:00,7547.0,7548.5,7547.0,7548.0,133
2026-07-07 22:35:00-04:00,7548.25,7548.75,7547.25,7547.75,135
2026-07-07 22:36:00-04:00,7547.5,7548.0,7546.75,7547.0,129
2026-07-07 22:37:00-04:00,7547.25,7548.0,7546.5,7547.5,163
2026-07-07 22:38:00-04:00,7547.75,7548.5,7547.25,7547.75,158
2026-07-07 22:39:00-04:00,7548.0,7548.75,7547.75,7548.5,128
2026-07-07 22:40:00-04:00,7548.75,7549.5,7548.0,7549.0,138
2026-07-07 22:41:00-04:00,7549.25,7550.0,7549.0,7549.0,158
2026-07-07 22:42:00-04:00,7549.25,7550.0,7548.0,7550.0,229
2026-07-07 22:43:00-04:00,7550.0,7550.5,7549.75,7550.25,103
2026-07-07 22:44:00-04:00,7550.25,7552.5,7550.0,7552.25,408
2026-07-07 22:45:00-04:00,7552.5,7554.25,7552.5,7553.75,438
2026-07-07 22:46:00-04:00,7553.75,7554.0,7552.75,7553.25,148
2026-07-07 22:47:00-04:00,7553.5,7554.5,7553.0,7554.25,154
2026-07-07 22:48:00-04:00,7554.5,7555.0,7553.25,7553.5,342
2026-07-07 22:49:00-04:00,7553.5,7554.0,7553.25,7553.5,151
2026-07-07 22:50:00-04:00,7554.0,7554.25,7552.5,7552.5,187
2026-07-07 22:51:00-04:00,7552.75,7553.25,7552.25,7552.75,86
2026-07-07 22:52:00-04:00,7552.5,7552.5,7551.5,7551.75,240
2026-07-07 22:53:00-04:00,7551.75,7553.25,7551.75,7553.25,130
2026-07-07 22:54:00-04:00,7553.25,7553.75,7552.5,7553.5,176
2026-07-07 22:55:00-04:00,7553.5,7554.25,7553.25,7553.5,151
2026-07-07 22:56:00-04:00,7553.5,7553.75,7552.5,7553.5,98
2026-07-07 22:57:00-04:00,7553.25,7553.75,7552.75,7553.75,94
2026-07-07 22:58:00-04:00,7553.75,7554.0,7552.75,7553.0,69
2026-07-07 22:59:00-04:00,7553.0,7553.25,7551.75,7553.0,140
2026-07-07 23:00:00-04:00,7553.25,7554.5,7553.25,7553.5,227
2026-07-07 23:01:00-04:00,7553.5,7555.75,7553.5,7555.75,360
2026-07-07 23:02:00-04:00,7555.5,7555.75,7555.0,7555.5,166
2026-07-07 23:03:00-04:00,7555.5,7555.5,7554.75,7555.5,123
2026-07-07 23:04:00-04:00,7555.5,7555.75,7555.0,7555.5,133
2026-07-07 23:05:00-04:00,7555.5,7556.0,7555.0,7555.25,100
2026-07-07 23:06:00-04:00,7555.5,7556.0,7554.0,7554.25,186
2026-07-07 23:07:00-04:00,7554.25,7555.25,7553.75,7555.0,107
2026-07-07 23:08:00-04:00,7555.25,7555.5,7554.25,7554.75,94
2026-07-07 23:09:00-04:00,7554.75,7555.75,7554.75,7555.5,48
2026-07-07 23:10:00-04:00,7555.5,7556.5,7555.5,7556.5,130
2026-07-07 23:11:00-04:00,7556.5,7556.75,7556.0,7556.75,179
2026-07-07 23:12:00-04:00,7556.75,7557.75,7556.75,7557.25,267
2026-07-07 23:13:00-04:00,7557.25,7557.5,7556.0,7556.5,178
2026-07-07 23:14:00-04:00,7556.5,7557.0,7556.25,7556.25,114
2026-07-07 23:15:00-04:00,7556.5,7557.25,7556.0,7557.25,68
2026-07-07 23:16:00-04:00,7557.25,7557.75,7556.5,7556.75,71
2026-07-07 23:17:00-04:00,7556.75,7556.75,7555.0,7555.25,143
2026-07-07 23:18:00-04:00,7555.5,7556.0,7555.0,7555.75,133
2026-07-07 23:19:00-04:00,7555.75,7556.75,7555.0,7555.0,129
2026-07-07 23:20:00-04:00,7555.5,7556.75,7554.75,7556.5,133
2026-07-07 23:21:00-04:00,7556.25,7556.75,7555.75,7556.75,76
2026-07-07 23:22:00-04:00,7556.75,7557.25,7556.75,7557.25,80
2026-07-07 23:23:00-04:00,7557.25,7558.25,7557.25,7557.5,223
2026-07-07 23:24:00-04:00,7557.25,7557.75,7557.0,7557.75,175
2026-07-07 23:25:00-04:00,7557.75,7558.75,7557.75,7558.25,152
2026-07-07 23:26:00-04:00,7558.5,7559.5,7558.25,7559.25,213
2026-07-07 23:27:00-04:00,7559.25,7559.75,7558.75,7559.25,148
2026-07-07 23:28:00-04:00,7559.5,7560.25,7559.5,7559.75,220
2026-07-07 23:29:00-04:00,7559.5,7560.0,7559.5,7559.75,96
2026-07-07 23:30:00-04:00,7559.75,7561.25,7559.75,7560.75,301
2026-07-07 23:31:00-04:00,7561.0,7561.5,7560.5,7561.25,177
2026-07-07 23:32:00-04:00,7561.25,7561.25,7559.25,7559.5,324
2026-07-07 23:33:00-04:00,7559.5,7559.75,7558.75,7559.0,148
2026-07-07 23:34:00-04:00,7559.25,7559.25,7558.0,7558.75,155
2026-07-07 23:35:00-04:00,7558.75,7559.0,7558.0,7558.75,122
2026-07-07 23:36:00-04:00,7558.75,7559.25,7558.75,7558.75,124
2026-07-07 23:37:00-04:00,7559.0,7559.0,7558.0,7559.0,113
2026-07-07 23:38:00-04:00,7559.0,7559.0,7558.0,7558.25,73
2026-07-07 23:39:00-04:00,7558.0,7558.5,7557.5,7558.5,180
2026-07-07 23:40:00-04:00,7558.25,7558.25,7556.5,7556.5,244
2026-07-07 23:41:00-04:00,7556.75,7557.25,7556.25,7556.5,153
2026-07-07 23:42:00-04:00,7556.5,7556.75,7556.25,7556.75,108
2026-07-07 23:43:00-04:00,7556.75,7557.0,7555.5,7555.5,185
2026-07-07 23:44:00-04:00,7555.75,7556.0,7555.0,7555.5,199
2026-07-07 23:45:00-04:00,7555.75,7556.25,7554.75,7555.25,181
2026-07-07 23:46:00-04:00,7555.25,7555.25,7554.25,7555.0,92
2026-07-07 23:47:00-04:00,7555.0,7556.0,7554.25,7554.25,165
2026-07-07 23:48:00-04:00,7554.75,7555.0,7554.25,7555.0,121
2026-07-07 23:49:00-04:00,7554.5,7556.25,7554.5,7555.25,168
2026-07-07 23:50:00-04:00,7555.75,7556.75,7555.0,7555.25,166
2026-07-07 23:51:00-04:00,7555.25,7555.25,7554.75,7555.0,71
2026-07-07 23:52:00-04:00,7554.75,7555.25,7554.25,7555.0,73
2026-07-07 23:53:00-04:00,7555.25,7555.25,7554.5,7554.75,71
2026-07-07 23:54:00-04:00,7555.0,7555.5,7554.75,7555.0,80
2026-07-07 23:55:00-04:00,7554.75,7555.0,7554.5,7554.5,61
2026-07-07 23:56:00-04:00,7555.0,7555.0,7554.0,7554.5,161
2026-07-07 23:57:00-04:00,7554.5,7555.5,7554.5,7555.25,133
2026-07-07 23:58:00-04:00,7555.0,7555.0,7554.5,7554.75,83
2026-07-08 00:09:00-04:00,7553.75,7554.75,7553.75,7554.25,230
2026-07-08 00:10:00-04:00,7554.25,7554.25,7553.0,7553.25,110
2026-07-08 00:11:00-04:00,7553.25,7553.5,7552.75,7553.0,81
2026-07-08 00:12:00-04:00,7553.25,7553.5,7552.5,7553.0,61
2026-07-08 00:13:00-04:00,7552.75,7552.75,7550.75,7551.25,310
2026-07-08 00:14:00-04:00,7551.5,7552.25,7551.5,7552.25,98
2026-07-08 00:15:00-04:00,7552.25,7552.75,7552.0,7552.0,231
2026-07-08 00:16:00-04:00,7552.0,7552.0,7551.0,7551.5,132
2026-07-08 00:17:00-04:00,7551.5,7552.75,7551.25,7551.75,150
2026-07-08 00:18:00-04:00,7551.75,7552.75,7551.5,7552.5,103
2026-07-08 00:19:00-04:00,7552.5,7552.75,7551.75,7551.75,81
2026-07-08 00:20:00-04:00,7551.5,7552.5,7551.0,7552.5,160
2026-07-08 00:21:00-04:00,7552.25,7553.25,7552.0,7553.25,118
2026-07-08 00:22:00-04:00,7553.5,7554.75,7553.25,7554.25,202
2026-07-08 00:23:00-04:00,7554.25,7556.0,7554.25,7555.25,230
2026-07-08 00:24:00-04:00,7555.25,7556.0,7555.0,7555.5,171
2026-07-08 00:25:00-04:00,7555.5,7555.75,7554.25,7555.25,154
2026-07-08 00:26:00-04:00,7554.75,7555.5,7554.5,7554.75,103
2026-07-08 00:27:00-04:00,7554.75,7554.75,7553.5,7554.25,162
2026-07-08 00:28:00-04:00,7554.25,7555.0,7554.0,7554.5,74
2026-07-08 00:29:00-04:00,7554.0,7554.25,7553.5,7553.75,52
2026-07-08 00:30:00-04:00,7554.0,7554.5,7553.75,7553.75,64
2026-07-08 00:31:00-04:00,7553.75,7553.75,7552.5,7553.0,301
2026-07-08 00:32:00-04:00,7553.25,7553.75,7552.25,7552.25,112
2026-07-08 00:33:00-04:00,7552.0,7552.25,7551.25,7551.5,170
2026-07-08 00:34:00-04:00,7551.75,7552.25,7549.5,7551.0,416
2026-07-08 00:35:00-04:00,7551.0,7552.25,7550.5,7551.25,118
2026-07-08 00:36:00-04:00,7551.25,7551.25,7550.25,7550.25,46
2026-07-08 00:37:00-04:00,7550.25,7551.25,7550.0,7551.25,132
2026-07-08 00:38:00-04:00,7551.0,7551.25,7549.25,7549.5,228
2026-07-08 00:39:00-04:00,7549.0,7550.75,7548.5,7550.25,233
2026-07-08 00:40:00-04:00,7550.0,7552.0,7550.0,7551.25,126
2026-07-08 00:41:00-04:00,7551.0,7551.5,7550.25,7550.75,75
2026-07-08 00:42:00-04:00,7551.25,7552.5,7550.75,7551.25,121
2026-07-08 00:43:00-04:00,7551.0,7551.0,7549.75,7550.75,87
2026-07-08 00:44:00-04:00,7550.5,7551.5,7550.5,7551.25,79
2026-07-08 00:45:00-04:00,7551.0,7551.25,7550.25,7550.5,80
2026-07-08 00:46:00-04:00,7550.75,7551.5,7550.5,7550.75,121
2026-07-08 00:47:00-04:00,7551.0,7551.5,7550.5,7551.0,42
2026-07-08 00:48:00-04:00,7550.75,7552.75,7550.75,7552.5,220
2026-07-08 00:49:00-04:00,7552.75,7553.25,7550.25,7550.5,154
2026-07-08 00:50:00-04:00,7550.25,7550.5,7549.5,7549.75,178
2026-07-08 00:51:00-04:00,7549.75,7550.75,7549.75,7550.25,94
2026-07-08 00:52:00-04:00,7550.25,7550.5,7549.75,7550.0,76
2026-07-08 00:53:00-04:00,7550.0,7550.0,7549.0,7549.75,73
2026-07-08 00:54:00-04:00,7549.25,7549.25,7548.25,7548.25,124
2026-07-08 00:55:00-04:00,7548.25,7548.25,7547.0,7547.75,341
2026-07-08 00:56:00-04:00,7548.0,7550.0,7547.75,7550.0,175
2026-07-08 00:57:00-04:00,7550.25,7550.5,7549.0,7549.75,125
2026-07-08 00:58:00-04:00,7549.75,7551.25,7549.75,7551.25,126
2026-07-08 00:59:00-04:00,7551.25,7552.0,7550.75,7551.5,145
2026-07-08 01:00:00-04:00,7551.5,7553.25,7551.0,7553.0,363
2026-07-08 01:01:00-04:00,7553.25,7553.5,7551.0,7552.0,199
2026-07-08 01:02:00-04:00,7552.0,7552.5,7550.0,7550.5,185
2026-07-08 01:03:00-04:00,7550.75,7551.25,7549.75,7550.75,119
2026-07-08 01:04:00-04:00,7551.25,7552.0,7550.5,7550.75,115
2026-07-08 01:05:00-04:00,7551.25,7551.75,7550.75,7551.25,71
2026-07-08 01:06:00-04:00,7551.5,7554.75,7551.5,7554.5,285
2026-07-08 01:07:00-04:00,7554.5,7555.0,7553.75,7553.75,172
2026-07-08 01:08:00-04:00,7553.5,7554.0,7553.0,7553.25,92
2026-07-08 01:09:00-04:00,7553.5,7553.75,7552.75,7553.0,103
2026-07-08 01:10:00-04:00,7553.0,7553.0,7550.5,7552.0,226
2026-07-08 01:11:00-04:00,7552.25,7552.5,7551.5,7551.75,118
2026-07-08 01:12:00-04:00,7552.5,7552.5,7551.5,7551.75,69
2026-07-08 01:13:00-04:00,7551.75,7552.5,7550.75,7551.5,130
2026-07-08 01:14:00-04:00,7551.25,7553.0,7550.25,7551.0,171
2026-07-08 01:15:00-04:00,7550.5,7553.0,7550.5,7553.0,106
2026-07-08 01:16:00-04:00,7552.75,7553.25,7551.25,7551.5,84
2026-07-08 01:17:00-04:00,7551.25,7551.25,7549.75,7549.75,142
2026-07-08 01:18:00-04:00,7549.75,7550.75,7549.25,7550.75,133
2026-07-08 01:19:00-04:00,7550.75,7551.5,7550.5,7550.75,81
2026-07-08 01:20:00-04:00,7551.0,7551.75,7550.0,7550.0,84
2026-07-08 01:21:00-04:00,7550.0,7550.25,7549.25,7549.75,163
2026-07-08 01:22:00-04:00,7549.75,7550.0,7548.25,7548.75,135
2026-07-08 01:23:00-04:00,7549.0,7549.25,7548.25,7548.75,132
2026-07-08 01:24:00-04:00,7548.25,7548.5,7547.75,7548.0,127
2026-07-08 01:25:00-04:00,7547.75,7549.25,7547.0,7548.5,157
2026-07-08 01:26:00-04:00,7548.75,7550.0,7548.5,7549.5,123
2026-07-08 01:27:00-04:00,7548.75,7549.0,7548.25,7548.5,49
2026-07-08 01:28:00-04:00,7548.5,7548.75,7548.0,7548.25,81
2026-07-08 01:29:00-04:00,7548.5,7548.75,7547.25,7548.0,103
2026-07-08 01:30:00-04:00,7548.25,7548.25,7546.25,7546.5,188
2026-07-08 01:31:00-04:00,7546.75,7546.75,7545.25,7546.5,358
2026-07-08 01:32:00-04:00,7546.5,7546.5,7544.0,7544.25,498
2026-07-08 01:33:00-04:00,7544.25,7544.5,7543.0,7544.25,257
2026-07-08 01:34:00-04:00,7544.25,7546.5,7543.75,7545.5,273
2026-07-08 01:35:00-04:00,7545.25,7546.5,7544.5,7545.25,252
2026-07-08 01:36:00-04:00,7545.25,7545.5,7544.75,7545.25,127
2026-07-08 01:37:00-04:00,7545.0,7545.25,7544.0,7544.25,146
2026-07-08 01:38:00-04:00,7544.5,7545.25,7544.0,7545.25,118
2026-07-08 01:39:00-04:00,7545.25,7545.25,7544.25,7544.75,157
2026-07-08 01:40:00-04:00,7544.5,7544.75,7543.5,7544.25,147
2026-07-08 01:41:00-04:00,7544.0,7544.75,7543.75,7544.75,106
2026-07-08 01:42:00-04:00,7545.0,7547.5,7545.0,7547.5,237
2026-07-08 01:43:00-04:00,7547.25,7547.25,7545.0,7545.25,221
2026-07-08 01:44:00-04:00,7545.25,7545.5,7543.75,7544.0,157
2026-07-08 01:45:00-04:00,7544.25,7544.5,7543.75,7544.25,157
2026-07-08 01:46:00-04:00,7544.25,7544.5,7542.0,7542.5,335
2026-07-08 01:47:00-04:00,7542.25,7542.5,7541.0,7541.0,251
2026-07-08 01:48:00-04:00,7541.0,7541.0,7540.25,7540.75,319
2026-07-08 01:49:00-04:00,7541.0,7541.0,7538.75,7539.25,477
2026-07-08 01:50:00-04:00,7539.25,7540.5,7538.75,7540.25,316
2026-07-08 01:51:00-04:00,7540.5,7541.0,7539.5,7539.75,219
2026-07-08 01:52:00-04:00,7539.25,7540.75,7539.0,7540.75,104
2026-07-08 01:53:00-04:00,7540.5,7541.25,7539.25,7539.5,302
2026-07-08 01:54:00-04:00,7539.5,7542.25,7539.5,7542.25,122
2026-07-08 01:55:00-04:00,7542.0,7544.25,7542.0,7543.5,330
2026-07-08 01:56:00-04:00,7543.75,7544.5,7543.0,7544.5,177
2026-07-08 01:57:00-04:00,7544.75,7545.75,7544.5,7544.5,240
2026-07-08 01:58:00-04:00,7544.75,7544.75,7543.5,7544.0,54
2026-07-08 01:59:00-04:00,7543.5,7543.75,7542.75,7543.5,68
2026-07-08 02:00:00-04:00,7543.5,7544.25,7541.0,7541.75,376
2026-07-08 02:01:00-04:00,7541.75,7543.0,7541.5,7542.25,156
2026-07-08 02:02:00-04:00,7542.5,7542.75,7541.5,7542.25,144
2026-07-08 02:03:00-04:00,7542.5,7542.75,7542.0,7542.5,96
2026-07-08 02:04:00-04:00,7542.5,7544.25,7542.0,7543.25,227
2026-07-08 02:05:00-04:00,7543.5,7544.25,7542.25,7542.5,250
2026-07-08 02:06:00-04:00,7542.25,7542.5,7541.75,7542.25,173
2026-07-08 02:07:00-04:00,7542.25,7543.5,7541.75,7543.0,158
2026-07-08 02:08:00-04:00,7543.25,7544.0,7542.75,7543.75,77
2026-07-08 02:09:00-04:00,7543.5,7543.5,7542.75,7543.25,83
2026-07-08 02:10:00-04:00,7543.25,7544.0,7542.0,7542.25,126
2026-07-08 02:11:00-04:00,7542.0,7542.5,7541.5,7541.75,103
2026-07-08 02:12:00-04:00,7541.75,7541.75,7540.75,7541.25,175
2026-07-08 02:13:00-04:00,7541.25,7541.25,7540.0,7540.25,203
2026-07-08 02:14:00-04:00,7540.25,7541.75,7540.25,7541.5,158
2026-07-08 02:15:00-04:00,7541.75,7542.25,7540.75,7541.75,120
2026-07-08 02:16:00-04:00,7541.5,7542.0,7541.0,7541.75,82
2026-07-08 02:17:00-04:00,7541.75,7543.25,7541.5,7543.25,188
2026-07-08 02:18:00-04:00,7543.25,7543.75,7542.25,7542.5,116
2026-07-08 02:19:00-04:00,7542.5,7542.75,7540.5,7541.75,187
2026-07-08 02:20:00-04:00,7541.5,7541.75,7540.5,7541.0,174
2026-07-08 02:21:00-04:00,7540.75,7541.75,7538.75,7540.75,395
2026-07-08 02:22:00-04:00,7541.0,7541.25,7540.5,7541.25,90
2026-07-08 02:23:00-04:00,7541.0,7541.0,7539.5,7540.75,82
2026-07-08 02:24:00-04:00,7542.5,7544.5,7542.5,7544.25,308
2026-07-08 02:25:00-04:00,7544.25,7545.0,7542.0,7542.5,195
2026-07-08 02:26:00-04:00,7542.75,7542.75,7541.25,7541.25,63
2026-07-08 02:27:00-04:00,7541.0,7542.5,7540.75,7542.25,72
2026-07-08 02:28:00-04:00,7542.25,7543.0,7541.0,7541.0,102
2026-07-08 02:29:00-04:00,7541.0,7541.0,7540.0,7540.0,153
2026-07-08 02:30:00-04:00,7540.0,7541.5,7538.0,7538.25,401
2026-07-08 02:31:00-04:00,7538.5,7538.5,7536.25,7538.0,576
2026-07-08 02:32:00-04:00,7538.0,7538.75,7537.5,7537.5,118
2026-07-08 02:33:00-04:00,7537.75,7537.75,7536.25,7536.75,201
2026-07-08 02:34:00-04:00,7536.75,7536.75,7535.75,7536.75,219
2026-07-08 02:35:00-04:00,7536.5,7537.0,7535.25,7536.75,244
2026-07-08 02:36:00-04:00,7536.75,7537.25,7536.0,7536.75,150
2026-07-08 02:37:00-04:00,7536.5,7537.0,7535.5,7536.75,163
2026-07-08 02:38:00-04:00,7536.75,7537.0,7535.25,7535.75,154
2026-07-08 02:39:00-04:00,7535.75,7536.5,7535.25,7535.25,143
2026-07-08 02:40:00-04:00,7535.75,7537.0,7535.25,7536.5,174
2026-07-08 02:41:00-04:00,7536.5,7537.5,7535.25,7535.75,390
2026-07-08 02:42:00-04:00,7535.75,7536.5,7535.25,7535.75,135
2026-07-08 02:43:00-04:00,7535.75,7535.75,7534.25,7534.75,264
2026-07-08 02:44:00-04:00,7534.5,7535.0,7533.75,7534.0,255
2026-07-08 02:45:00-04:00,7534.25,7534.5,7533.25,7534.0,359
2026-07-08 02:46:00-04:00,7533.5,7534.0,7532.5,7533.75,351
2026-07-08 02:47:00-04:00,7533.5,7536.5,7533.0,7536.5,522
2026-07-08 02:48:00-04:00,7536.25,7538.25,7536.25,7537.75,280
2026-07-08 02:49:00-04:00,7537.5,7537.5,7536.25,7537.5,156
2026-07-08 02:50:00-04:00,7537.5,7540.5,7537.5,7540.25,290
2026-07-08 02:51:00-04:00,7540.25,7541.25,7539.75,7541.0,288
2026-07-08 02:52:00-04:00,7541.0,7541.5,7540.5,7541.0,205
2026-07-08 02:53:00-04:00,7541.0,7541.75,7540.0,7540.75,135
2026-07-08 02:54:00-04:00,7541.0,7541.25,7540.0,7540.0,179
2026-07-08 02:55:00-04:00,7540.25,7540.5,7539.25,7540.0,149
2026-07-08 02:56:00-04:00,7540.0,7540.0,7539.0,7539.75,134
2026-07-08 02:57:00-04:00,7540.0,7540.0,7538.0,7538.25,105
2026-07-08 02:58:00-04:00,7538.25,7538.75,7537.5,7538.0,106
2026-07-08 02:59:00-04:00,7538.0,7539.25,7537.5,7539.25,173
2026-07-08 03:00:00-04:00,7539.25,7540.25,7536.0,7536.0,434
2026-07-08 03:01:00-04:00,7536.0,7536.0,7534.5,7535.25,298
2026-07-08 03:02:00-04:00,7535.75,7536.25,7533.25,7534.0,359
2026-07-08 03:03:00-04:00,7534.0,7535.75,7533.75,7534.25,263
2026-07-08 03:04:00-04:00,7534.25,7535.5,7533.75,7534.75,256
2026-07-08 03:05:00-04:00,7534.75,7535.25,7532.25,7532.5,370
2026-07-08 03:06:00-04:00,7532.5,7534.25,7532.0,7532.75,301
2026-07-08 03:07:00-04:00,7532.5,7533.0,7531.75,7532.75,167
2026-07-08 03:08:00-04:00,7532.75,7533.5,7532.5,7532.5,94
2026-07-08 03:09:00-04:00,7532.75,7534.25,7532.25,7534.25,184
2026-07-08 03:10:00-04:00,7534.25,7535.5,7533.75,7535.0,252
2026-07-08 03:11:00-04:00,7535.0,7537.25,7535.0,7536.75,272
2026-07-08 03:12:00-04:00,7537.0,7537.0,7535.25,7536.5,185
2026-07-08 03:13:00-04:00,7536.75,7537.0,7535.25,7536.5,93
2026-07-08 03:14:00-04:00,7536.25,7537.5,7535.25,7535.25,113
2026-07-08 03:15:00-04:00,7535.75,7536.25,7534.0,7536.25,219
2026-07-08 03:16:00-04:00,7536.25,7537.5,7535.25,7535.5,254
2026-07-08 03:17:00-04:00,7535.5,7535.5,7533.5,7533.5,137
2026-07-08 03:18:00-04:00,7533.25,7534.75,7532.5,7534.5,242
2026-07-08 03:19:00-04:00,7534.5,7535.0,7533.75,7534.75,131
2026-07-08 03:20:00-04:00,7535.0,7535.75,7533.5,7535.75,147
2026-07-08 03:21:00-04:00,7535.5,7536.5,7535.0,7535.5,132
2026-07-08 03:22:00-04:00,7535.75,7536.5,7534.0,7536.0,161
2026-07-08 03:23:00-04:00,7536.0,7538.0,7535.25,7538.0,225
2026-07-08 03:24:00-04:00,7537.75,7540.0,7537.5,7539.5,463
2026-07-08 03:25:00-04:00,7539.5,7540.75,7538.75,7539.5,353
2026-07-08 03:26:00-04:00,7539.75,7541.75,7539.25,7541.0,262
2026-07-08 03:27:00-04:00,7541.0,7541.0,7539.0,7539.0,236
2026-07-08 03:28:00-04:00,7539.25,7541.0,7539.25,7540.75,141
2026-07-08 03:29:00-04:00,7540.25,7542.0,7540.25,7541.75,186
2026-07-08 03:30:00-04:00,7541.5,7543.0,7540.75,7542.75,253
2026-07-08 03:40:00-04:00,7551.25,7551.25,7541.25,7542.0,3308
2026-07-08 03:41:00-04:00,7542.0,7542.25,7541.25,7542.0,137
2026-07-08 03:42:00-04:00,7542.25,7543.0,7542.0,7542.0,123
2026-07-08 03:43:00-04:00,7542.0,7542.5,7541.5,7542.5,131
2026-07-08 03:44:00-04:00,7542.0,7545.0,7542.0,7544.75,245
2026-07-08 03:45:00-04:00,7545.0,7545.25,7543.75,7544.75,142
2026-07-08 03:46:00-04:00,7544.75,7545.75,7543.75,7544.5,179
2026-07-08 03:47:00-04:00,7544.5,7545.25,7544.0,7544.0,201
2026-07-08 03:48:00-04:00,7544.0,7544.75,7543.5,7543.5,136
2026-07-08 03:49:00-04:00,7543.5,7545.0,7543.25,7544.0,202
2026-07-08 03:50:00-04:00,7543.75,7544.0,7541.5,7541.5,201
2026-07-08 03:51:00-04:00,7541.5,7543.25,7541.5,7543.0,256
2026-07-08 03:52:00-04:00,7542.75,7542.75,7541.25,7541.5,135
2026-07-08 03:53:00-04:00,7541.5,7541.75,7540.5,7541.75,106
2026-07-08 03:54:00-04:00,7542.0,7542.75,7542.0,7542.5,44
2026-07-08 03:55:00-04:00,7542.5,7542.5,7541.25,7542.25,87
2026-07-08 03:56:00-04:00,7542.0,7542.0,7541.25,7541.75,56
2026-07-08 03:57:00-04:00,7541.75,7542.25,7541.0,7541.75,126
2026-07-08 03:58:00-04:00,7542.0,7542.5,7541.0,7541.25,84
2026-07-08 03:59:00-04:00,7540.75,7542.0,7540.5,7541.5,89
2026-07-08 04:00:00-04:00,7541.75,7542.5,7540.5,7540.5,238
2026-07-08 04:01:00-04:00,7540.25,7541.0,7539.0,7540.0,300
2026-07-08 04:02:00-04:00,7540.0,7540.75,7538.75,7539.0,182
2026-07-08 04:03:00-04:00,7538.75,7540.75,7538.5,7540.25,243
2026-07-08 04:04:00-04:00,7540.0,7540.0,7537.5,7538.0,292
2026-07-08 04:05:00-04:00,7537.75,7539.0,7537.75,7538.5,165
2026-07-08 04:06:00-04:00,7539.0,7539.75,7536.75,7537.5,398
2026-07-08 04:07:00-04:00,7537.75,7539.5,7537.5,7538.5,281
2026-07-08 04:08:00-04:00,7538.25,7540.25,7538.0,7540.25,125
2026-07-08 04:09:00-04:00,7540.0,7542.75,7539.25,7542.0,380
2026-07-08 04:10:00-04:00,7542.0,7543.5,7541.25,7542.75,243
2026-07-08 04:11:00-04:00,7543.5,7546.25,7542.5,7546.25,331
2026-07-08 04:12:00-04:00,7546.25,7547.0,7544.0,7545.0,582
2026-07-08 04:13:00-04:00,7545.0,7545.25,7543.5,7544.25,163
2026-07-08 04:14:00-04:00,7544.25,7546.25,7544.25,7545.75,129
2026-07-08 04:15:00-04:00,7545.5,7546.75,7543.5,7543.5,194
2026-07-08 04:16:00-04:00,7543.25,7544.25,7525.25,7525.5,4251
2026-07-08 04:17:00-04:00,7526.0,7529.5,7517.75,7518.0,3409
2026-07-08 04:18:00-04:00,7517.75,7524.75,7516.0,7522.0,2287
2026-07-08 04:19:00-04:00,7522.5,7525.25,7517.75,7521.5,1749
2026-07-08 04:20:00-04:00,7521.5,7525.5,7518.5,7522.25,1309
2026-07-08 04:21:00-04:00,7522.5,7522.5,7516.5,7518.75,1190
2026-07-08 04:22:00-04:00,7518.75,7520.0,7516.75,7518.5,757
2026-07-08 04:23:00-04:00,7518.5,7519.25,7511.75,7511.75,1517
2026-07-08 04:24:00-04:00,7512.0,7512.75,7505.0,7505.5,2462
2026-07-08 04:25:00-04:00,7505.5,7506.0,7498.25,7504.0,2958
2026-07-08 04:26:00-04:00,7503.5,7506.25,7501.75,7503.0,1645
2026-07-08 04:27:00-04:00,7502.5,7504.75,7498.5,7501.5,999
2026-07-08 04:28:00-04:00,7501.75,7504.5,7497.0,7500.25,1473
2026-07-08 04:29:00-04:00,7500.25,7502.25,7496.75,7497.25,1142
2026-07-08 04:30:00-04:00,7497.25,7497.5,7490.0,7493.0,2768
2026-07-08 04:31:00-04:00,7492.5,7496.0,7490.5,7495.75,1540
2026-07-08 04:32:00-04:00,7495.75,7496.75,7490.75,7496.0,1318
2026-07-08 04:33:00-04:00,7495.75,7498.75,7495.25,7496.25,1053
2026-07-08 04:34:00-04:00,7496.0,7498.75,7492.5,7496.5,1039
2026-07-08 04:35:00-04:00,7496.25,7499.0,7487.75,7487.75,1344
2026-07-08 04:36:00-04:00,7487.5,7487.75,7483.0,7486.5,2027
2026-07-08 04:37:00-04:00,7486.25,7488.5,7484.25,7488.5,836
2026-07-08 04:38:00-04:00,7488.0,7488.75,7482.25,7482.5,976
2026-07-08 04:39:00-04:00,7482.5,7485.75,7480.5,7481.75,824
2026-07-08 04:40:00-04:00,7481.75,7482.5,7477.25,7481.0,1405
2026-07-08 04:41:00-04:00,7480.0,7485.25,7478.0,7478.75,1360
2026-07-08 04:42:00-04:00,7478.75,7483.0,7478.0,7483.0,620
2026-07-08 04:43:00-04:00,7482.75,7484.75,7482.0,7483.25,873
2026-07-08 04:44:00-04:00,7483.25,7487.5,7482.75,7486.5,1293
2026-07-08 04:45:00-04:00,7486.75,7488.75,7484.75,7486.5,1565
2026-07-08 04:46:00-04:00,7486.25,7489.75,7486.0,7488.0,1148
2026-07-08 04:47:00-04:00,7487.75,7491.25,7486.5,7490.75,761
2026-07-08 04:48:00-04:00,7490.75,7491.25,7488.75,7489.75,585
2026-07-08 04:49:00-04:00,7489.5,7490.0,7486.5,7487.25,523
2026-07-08 04:50:00-04:00,7487.5,7490.25,7485.25,7489.75,634
2026-07-08 04:51:00-04:00,7490.0,7492.0,7488.75,7490.75,544
2026-07-08 04:52:00-04:00,7490.5,7492.5,7490.0,7492.0,671
2026-07-08 04:53:00-04:00,7492.25,7494.5,7491.25,7492.25,615
2026-07-08 04:54:00-04:00,7492.25,7493.25,7488.5,7489.75,429
2026-07-08 04:55:00-04:00,7489.5,7494.25,7488.5,7492.25,549
2026-07-08 04:56:00-04:00,7492.0,7492.0,7486.5,7487.5,654
2026-07-08 04:57:00-04:00,7487.25,7488.0,7483.25,7484.0,667
2026-07-08 04:58:00-04:00,7484.0,7484.0,7480.25,7480.5,654
2026-07-08 04:59:00-04:00,7480.5,7481.5,7479.0,7480.5,613
2026-07-08 05:00:00-04:00,7480.75,7482.5,7476.75,7481.25,1252
2026-07-08 05:01:00-04:00,7481.0,7482.5,7479.25,7481.25,570
2026-07-08 05:02:00-04:00,7481.75,7483.5,7480.25,7480.25,750
2026-07-08 05:03:00-04:00,7480.5,7481.25,7478.75,7479.25,469
2026-07-08 05:04:00-04:00,7479.0,7480.25,7476.25,7478.5,680
2026-07-08 05:05:00-04:00,7478.75,7479.25,7476.5,7477.0,333
2026-07-08 05:06:00-04:00,7477.25,7479.0,7475.25,7477.25,726
2026-07-08 05:07:00-04:00,7476.75,7478.0,7475.25,7475.5,337
2026-07-08 05:08:00-04:00,7475.5,7477.25,7473.25,7474.0,965
2026-07-08 05:09:00-04:00,7474.5,7475.25,7472.25,7474.0,759
2026-07-08 05:10:00-04:00,7473.75,7476.25,7471.5,7475.0,832
2026-07-08 05:11:00-04:00,7474.25,7478.25,7474.0,7474.75,789
2026-07-08 05:12:00-04:00,7474.75,7474.75,7472.25,7474.5,470
2026-07-08 05:13:00-04:00,7473.75,7474.25,7472.25,7473.25,413
2026-07-08 05:14:00-04:00,7473.25,7474.25,7468.25,7468.75,1284
2026-07-08 05:15:00-04:00,7468.75,7471.75,7468.5,7471.25,802
2026-07-08 05:16:00-04:00,7470.75,7476.25,7470.75,7473.75,885
2026-07-08 05:17:00-04:00,7473.5,7475.5,7472.25,7475.25,822
2026-07-08 05:18:00-04:00,7475.5,7476.25,7471.0,7473.75,828
2026-07-08 05:19:00-04:00,7473.75,7475.5,7473.25,7475.25,566
2026-07-08 05:20:00-04:00,7475.25,7477.5,7475.25,7477.0,782
2026-07-08 05:21:00-04:00,7477.0,7477.5,7472.75,7474.25,818
2026-07-08 05:22:00-04:00,7474.25,7476.25,7473.0,7475.25,549
2026-07-08 05:23:00-04:00,7475.25,7476.25,7473.5,7476.25,342
2026-07-08 05:24:00-04:00,7475.75,7476.25,7472.75,7472.75,301
2026-07-08 05:25:00-04:00,7472.5,7473.5,7470.25,7472.25,552
2026-07-08 05:26:00-04:00,7472.25,7474.0,7471.5,7473.75,245
2026-07-08 05:27:00-04:00,7473.5,7475.75,7473.25,7473.75,441
2026-07-08 05:28:00-04:00,7473.75,7475.0,7473.75,7474.25,192
2026-07-08 05:29:00-04:00,7474.5,7475.75,7473.75,7475.0,359
2026-07-08 05:30:00-04:00,7474.75,7477.25,7473.75,7476.0,493
2026-07-08 05:31:00-04:00,7476.0,7476.25,7473.25,7475.75,335
2026-07-08 05:32:00-04:00,7475.75,7477.75,7475.0,7477.25,375
2026-07-08 05:33:00-04:00,7477.25,7478.5,7476.5,7477.5,387
2026-07-08 05:34:00-04:00,7477.75,7480.0,7477.5,7479.25,538
2026-07-08 05:35:00-04:00,7478.75,7482.25,7478.5,7482.0,587
2026-07-08 05:36:00-04:00,7482.0,7484.0,7481.75,7482.25,702
2026-07-08 05:37:00-04:00,7482.25,7482.5,7477.25,7477.25,446
2026-07-08 05:38:00-04:00,7477.0,7478.0,7476.0,7476.75,342
2026-07-08 05:39:00-04:00,7476.5,7479.5,7476.5,7479.25,412
2026-07-08 05:40:00-04:00,7479.25,7479.5,7477.0,7477.0,267
2026-07-08 05:41:00-04:00,7476.75,7478.0,7475.75,7476.25,450
2026-07-08 05:42:00-04:00,7476.75,7477.0,7474.25,7476.0,449
2026-07-08 05:43:00-04:00,7476.25,7477.5,7473.5,7474.0,451
2026-07-08 05:44:00-04:00,7474.5,7479.75,7474.25,7479.75,448
2026-07-08 05:45:00-04:00,7479.25,7479.75,7475.75,7476.25,378
2026-07-08 05:46:00-04:00,7476.25,7477.5,7474.25,7476.25,254
2026-07-08 05:47:00-04:00,7476.5,7476.75,7474.5,7475.75,207
2026-07-08 05:48:00-04:00,7475.75,7479.75,7475.25,7479.5,438
2026-07-08 05:49:00-04:00,7479.25,7480.25,7478.0,7478.0,344
2026-07-08 05:50:00-04:00,7478.0,7478.5,7476.0,7477.25,334
2026-07-08 05:51:00-04:00,7477.0,7478.0,7475.0,7476.5,294
2026-07-08 05:52:00-04:00,7476.5,7479.0,7476.25,7479.0,231
2026-07-08 05:53:00-04:00,7479.0,7480.25,7478.25,7480.0,256
2026-07-08 05:54:00-04:00,7479.5,7480.25,7476.5,7477.0,437
2026-07-08 05:55:00-04:00,7477.0,7477.75,7473.75,7475.0,397
2026-07-08 05:56:00-04:00,7475.0,7476.25,7473.75,7475.5,301
2026-07-08 05:57:00-04:00,7475.5,7475.75,7474.5,7475.0,185
2026-07-08 05:58:00-04:00,7475.25,7476.5,7473.5,7473.75,304
2026-07-08 05:59:00-04:00,7474.0,7474.5,7473.0,7474.5,575
2026-07-08 06:00:00-04:00,7474.75,7478.25,7474.5,7475.25,1016
2026-07-08 06:01:00-04:00,7474.75,7475.75,7473.5,7474.75,336
2026-07-08 06:02:00-04:00,7474.5,7474.75,7471.5,7473.5,645
2026-07-08 06:03:00-04:00,7473.25,7473.75,7472.0,7472.0,259
2026-07-08 06:04:00-04:00,7472.25,7473.75,7471.5,7473.25,280
2026-07-08 06:05:00-04:00,7472.75,7473.5,7471.0,7472.25,317
2026-07-08 06:06:00-04:00,7472.0,7472.25,7469.5,7470.75,635
2026-07-08 06:07:00-04:00,7470.25,7470.75,7469.5,7470.5,247
2026-07-08 06:08:00-04:00,7470.5,7472.0,7469.25,7470.75,514
2026-07-08 06:09:00-04:00,7470.5,7472.5,7470.25,7472.25,327
2026-07-08 06:10:00-04:00,7472.5,7472.75,7469.5,7470.25,317
2026-07-08 06:11:00-04:00,7470.25,7471.75,7469.25,7469.5,445
2026-07-08 06:12:00-04:00,7469.25,7473.0,7469.0,7472.0,592
2026-07-08 06:13:00-04:00,7471.75,7473.0,7470.75,7471.5,315
2026-07-08 06:14:00-04:00,7471.5,7473.75,7471.0,7473.25,361
2026-07-08 06:15:00-04:00,7473.5,7475.25,7471.0,7471.0,467
2026-07-08 06:16:00-04:00,7471.0,7472.25,7470.25,7472.25,207
2026-07-08 06:17:00-04:00,7472.5,7475.75,7472.25,7474.5,308
2026-07-08 06:18:00-04:00,7474.25,7475.25,7473.5,7475.25,238
2026-07-08 06:19:00-04:00,7475.0,7477.25,7475.0,7476.75,387
2026-07-08 06:20:00-04:00,7477.0,7479.5,7476.75,7478.75,570
2026-07-08 06:21:00-04:00,7478.75,7479.25,7477.5,7478.5,274
2026-07-08 06:22:00-04:00,7478.5,7478.5,7475.5,7477.75,387
2026-07-08 06:23:00-04:00,7477.75,7478.25,7475.25,7475.75,245
2026-07-08 06:24:00-04:00,7476.0,7477.5,7475.75,7477.0,256
2026-07-08 06:25:00-04:00,7476.5,7479.75,7476.25,7478.75,356
2026-07-08 06:26:00-04:00,7478.5,7479.75,7478.0,7478.75,263
2026-07-08 06:27:00-04:00,7478.5,7479.25,7478.25,7478.5,143
2026-07-08 06:28:00-04:00,7478.25,7480.75,7478.25,7480.5,316
2026-07-08 06:29:00-04:00,7480.25,7481.5,7479.75,7481.0,395
2026-07-08 06:30:00-04:00,7480.75,7480.75,7479.0,7479.0,548
2026-07-08 06:31:00-04:00,7479.0,7484.25,7477.25,7483.5,817
2026-07-08 06:32:00-04:00,7483.0,7483.75,7482.25,7482.75,676
2026-07-08 06:33:00-04:00,7483.0,7486.5,7482.75,7484.0,837
2026-07-08 06:34:00-04:00,7484.0,7485.0,7483.0,7483.75,457
2026-07-08 06:35:00-04:00,7483.75,7486.25,7483.5,7486.25,372
2026-07-08 06:36:00-04:00,7486.25,7486.75,7484.5,7484.75,481
2026-07-08 06:37:00-04:00,7484.75,7487.75,7484.5,7486.25,610
2026-07-08 06:38:00-04:00,7486.0,7487.25,7485.0,7486.0,374
2026-07-08 06:39:00-04:00,7485.5,7487.75,7483.5,7486.75,578
2026-07-08 06:40:00-04:00,7487.0,7487.75,7486.25,7487.0,279
2026-07-08 06:41:00-04:00,7486.5,7487.5,7486.0,7487.25,183
2026-07-08 06:42:00-04:00,7487.25,7488.0,7486.25,7486.5,274
2026-07-08 06:43:00-04:00,7486.75,7488.75,7486.5,7488.5,297
2026-07-08 06:44:00-04:00,7488.5,7488.75,7487.0,7487.75,203
2026-07-08 06:45:00-04:00,7487.75,7489.75,7487.5,7489.0,434
2026-07-08 06:46:00-04:00,7489.25,7489.5,7487.75,7489.5,343
2026-07-08 06:47:00-04:00,7489.0,7490.0,7487.0,7487.0,459
2026-07-08 06:48:00-04:00,7487.5,7487.75,7486.25,7486.25,352
2026-07-08 06:49:00-04:00,7486.25,7486.5,7484.75,7486.5,498
2026-07-08 06:50:00-04:00,7486.5,7489.0,7486.0,7487.75,870
2026-07-08 06:51:00-04:00,7487.75,7488.5,7486.75,7488.25,195
2026-07-08 06:52:00-04:00,7488.25,7488.5,7487.25,7487.75,147
2026-07-08 06:53:00-04:00,7488.0,7488.25,7487.0,7487.5,140
2026-07-08 06:54:00-04:00,7487.5,7487.75,7486.25,7487.25,178
2026-07-08 06:55:00-04:00,7487.0,7489.75,7487.0,7489.25,306
2026-07-08 06:56:00-04:00,7489.25,7490.25,7489.0,7489.75,423
2026-07-08 06:57:00-04:00,7489.75,7490.0,7487.25,7487.5,181
2026-07-08 06:58:00-04:00,7487.5,7489.0,7486.75,7487.25,317
2026-07-08 06:59:00-04:00,7487.0,7487.0,7485.0,7485.5,681
2026-07-08 07:00:00-04:00,7485.5,7486.25,7482.5,7482.5,967
2026-07-08 07:01:00-04:00,7482.5,7487.5,7482.5,7486.75,572
2026-07-08 07:02:00-04:00,7486.5,7487.5,7485.25,7485.5,315
2026-07-08 07:03:00-04:00,7485.25,7486.25,7484.0,7484.75,496
2026-07-08 07:04:00-04:00,7484.75,7485.75,7481.5,7484.25,1217
2026-07-08 07:05:00-04:00,7484.25,7487.0,7483.25,7486.0,416
2026-07-08 07:06:00-04:00,7486.0,7488.0,7485.75,7487.25,531
2026-07-08 07:07:00-04:00,7487.5,7488.0,7485.75,7487.25,363
2026-07-08 07:08:00-04:00,7487.0,7489.0,7486.5,7487.25,405
2026-07-08 07:09:00-04:00,7487.0,7487.25,7483.75,7485.0,224
2026-07-08 07:10:00-04:00,7485.0,7485.75,7483.75,7483.75,252
2026-07-08 07:11:00-04:00,7483.5,7483.5,7481.5,7481.5,285
2026-07-08 07:12:00-04:00,7481.5,7485.5,7481.0,7485.25,440
2026-07-08 07:13:00-04:00,7485.0,7485.0,7483.75,7484.75,285
2026-07-08 07:14:00-04:00,7484.5,7486.0,7484.25,7485.0,229
2026-07-08 07:15:00-04:00,7484.75,7485.5,7483.5,7483.75,89
2026-07-08 07:16:00-04:00,7484.0,7484.75,7483.0,7483.75,449
2026-07-08 07:17:00-04:00,7483.25,7483.75,7483.0,7483.25,181
2026-07-08 07:18:00-04:00,7483.0,7484.5,7482.75,7484.25,191
2026-07-08 07:19:00-04:00,7484.5,7487.0,7484.5,7486.25,297
2026-07-08 07:20:00-04:00,7486.0,7486.25,7484.25,7485.75,307
2026-07-08 07:21:00-04:00,7485.5,7486.5,7485.0,7485.0,124
2026-07-08 07:22:00-04:00,7485.0,7485.25,7483.5,7483.5,241
2026-07-08 07:23:00-04:00,7483.75,7483.75,7481.0,7482.25,554
2026-07-08 07:24:00-04:00,7482.0,7482.25,7478.75,7481.25,922
2026-07-08 07:25:00-04:00,7481.0,7483.25,7481.0,7483.25,293
2026-07-08 07:26:00-04:00,7483.5,7484.5,7482.0,7482.25,327
2026-07-08 07:27:00-04:00,7482.0,7482.5,7481.5,7482.0,186
2026-07-08 07:28:00-04:00,7482.0,7482.25,7481.5,7482.0,162
2026-07-08 07:29:00-04:00,7481.75,7483.0,7480.75,7482.75,219
2026-07-08 07:30:00-04:00,7482.75,7483.0,7480.5,7481.75,232
2026-07-08 07:31:00-04:00,7481.75,7483.5,7481.75,7482.75,394
2026-07-08 07:32:00-04:00,7482.5,7483.5,7481.5,7481.75,292
2026-07-08 07:33:00-04:00,7481.75,7486.75,7481.75,7486.75,471
2026-07-08 07:34:00-04:00,7486.75,7488.0,7485.5,7488.0,527
2026-07-08 07:35:00-04:00,7488.0,7490.5,7488.0,7489.25,524
2026-07-08 07:36:00-04:00,7489.5,7490.0,7487.25,7487.75,427
2026-07-08 07:37:00-04:00,7488.0,7489.75,7487.75,7488.25,381
2026-07-08 07:38:00-04:00,7488.5,7488.5,7485.5,7485.75,292
2026-07-08 07:39:00-04:00,7486.25,7487.5,7484.5,7485.25,420
2026-07-08 07:40:00-04:00,7485.75,7486.5,7485.5,7486.0,211
2026-07-08 07:41:00-04:00,7486.0,7486.0,7484.0,7485.5,177
2026-07-08 07:42:00-04:00,7485.25,7486.25,7484.5,7486.0,166
2026-07-08 07:43:00-04:00,7485.75,7506.5,7485.5,7503.5,9729
2026-07-08 07:44:00-04:00,7503.25,7506.5,7497.25,7497.75,4691
2026-07-08 07:45:00-04:00,7498.0,7499.0,7495.25,7497.0,1588
2026-07-08 07:46:00-04:00,7496.75,7499.0,7495.25,7496.5,788
2026-07-08 07:47:00-04:00,7497.0,7499.0,7496.0,7496.25,883
2026-07-08 07:48:00-04:00,7496.5,7501.5,7496.25,7501.25,939
2026-07-08 07:49:00-04:00,7501.0,7501.75,7496.25,7497.25,880
2026-07-08 07:50:00-04:00,7497.5,7497.75,7493.5,7494.25,1067
2026-07-08 07:51:00-04:00,7494.25,7498.5,7493.5,7498.5,591
2026-07-08 07:52:00-04:00,7498.25,7499.25,7496.75,7497.25,577
2026-07-08 07:53:00-04:00,7497.25,7499.0,7495.75,7498.75,543
2026-07-08 07:54:00-04:00,7498.75,7500.5,7498.75,7499.5,481
2026-07-08 07:55:00-04:00,7499.75,7504.25,7499.5,7503.0,1185
2026-07-08 07:56:00-04:00,7502.75,7504.25,7499.75,7499.75,1281
2026-07-08 07:57:00-04:00,7500.25,7500.75,7497.25,7498.0,697
2026-07-08 07:58:00-04:00,7497.75,7499.0,7497.25,7498.5,332
2026-07-08 07:59:00-04:00,7498.5,7498.75,7497.0,7498.75,356
2026-07-08 08:00:00-04:00,7498.5,7498.75,7493.0,7493.0,1754
2026-07-08 08:01:00-04:00,7493.0,7498.25,7492.5,7496.0,1311
2026-07-08 08:02:00-04:00,7496.0,7497.75,7495.75,7497.75,421
2026-07-08 08:03:00-04:00,7497.5,7500.75,7497.25,7499.75,666
2026-07-08 08:04:00-04:00,7499.75,7501.25,7498.75,7501.0,373
2026-07-08 08:05:00-04:00,7501.0,7507.25,7501.0,7505.75,1822
2026-07-08 08:06:00-04:00,7505.75,7506.75,7504.75,7506.0,683
2026-07-08 08:07:00-04:00,7505.75,7511.75,7505.75,7511.0,1622
2026-07-08 08:08:00-04:00,7510.75,7511.75,7508.5,7508.75,916
2026-07-08 08:09:00-04:00,7508.75,7510.0,7508.25,7509.75,460
2026-07-08 08:10:00-04:00,7509.75,7511.5,7508.75,7509.5,471
2026-07-08 08:11:00-04:00,7509.5,7511.5,7509.25,7510.25,567
2026-07-08 08:12:00-04:00,7510.0,7511.75,7509.25,7510.75,690
2026-07-08 08:13:00-04:00,7510.5,7510.75,7508.5,7509.25,572
2026-07-08 08:14:00-04:00,7509.5,7509.75,7507.75,7507.75,455
2026-07-08 08:15:00-04:00,7508.0,7508.0,7506.5,7508.0,564
2026-07-08 08:16:00-04:00,7508.0,7509.5,7506.75,7507.75,434
2026-07-08 08:17:00-04:00,7507.5,7509.0,7507.0,7509.0,375
2026-07-08 08:18:00-04:00,7509.0,7510.5,7508.5,7509.25,460
2026-07-08 08:19:00-04:00,7509.25,7510.25,7509.0,7509.5,303
2026-07-08 08:20:00-04:00,7509.5,7509.75,7508.0,7508.25,245
2026-07-08 08:21:00-04:00,7508.0,7509.25,7507.25,7507.75,352
2026-07-08 08:22:00-04:00,7507.75,7508.0,7505.25,7505.75,642
2026-07-08 08:23:00-04:00,7506.0,7506.75,7504.5,7505.25,461
2026-07-08 08:24:00-04:00,7505.0,7506.5,7504.75,7505.25,238
2026-07-08 08:25:00-04:00,7504.75,7505.25,7504.5,7505.0,301
2026-07-08 08:26:00-04:00,7504.75,7507.25,7504.75,7506.5,349
2026-07-08 08:27:00-04:00,7506.5,7508.5,7506.5,7508.5,509
2026-07-08 08:28:00-04:00,7508.5,7510.0,7507.75,7509.5,539
2026-07-08 08:29:00-04:00,7509.5,7512.75,7508.75,7512.0,940
2026-07-08 08:30:00-04:00,7512.0,7514.75,7510.75,7511.0,1139
2026-07-08 08:31:00-04:00,7510.75,7514.75,7510.25,7513.25,964
2026-07-08 08:32:00-04:00,7513.0,7513.75,7509.75,7509.75,587
2026-07-08 08:33:00-04:00,7510.0,7511.0,7509.0,7509.5,344
2026-07-08 08:34:00-04:00,7509.25,7509.5,7507.75,7509.25,539
2026-07-08 08:35:00-04:00,7509.25,7509.25,7508.25,7508.5,284
2026-07-08 08:36:00-04:00,7508.75,7511.75,7508.0,7510.75,443
2026-07-08 08:37:00-04:00,7510.5,7511.75,7510.0,7511.25,317
2026-07-08 08:38:00-04:00,7511.25,7511.5,7510.0,7511.25,186
2026-07-08 08:39:00-04:00,7511.5,7512.75,7511.0,7511.25,363
2026-07-08 08:40:00-04:00,7511.25,7511.75,7509.5,7509.5,270
2026-07-08 08:41:00-04:00,7509.75,7510.5,7509.0,7509.75,235
2026-07-08 08:42:00-04:00,7509.5,7511.25,7509.25,7510.75,278
2026-07-08 08:43:00-04:00,7511.0,7511.75,7510.25,7511.5,420
2026-07-08 08:44:00-04:00,7511.5,7512.25,7511.5,7512.0,254
2026-07-08 08:45:00-04:00,7512.25,7512.75,7511.25,7511.25,268
2026-07-08 08:46:00-04:00,7511.75,7512.25,7509.75,7510.25,463
2026-07-08 08:47:00-04:00,7510.0,7511.5,7509.25,7510.75,316
2026-07-08 08:48:00-04:00,7510.75,7512.75,7510.75,7512.75,275
2026-07-08 08:49:00-04:00,7512.5,7512.75,7510.5,7510.5,195
2026-07-08 08:50:00-04:00,7510.5,7512.25,7510.25,7511.75,121
2026-07-08 08:51:00-04:00,7511.5,7513.5,7511.25,7513.25,339
2026-07-08 08:52:00-04:00,7513.0,7514.25,7512.25,7512.75,524
2026-07-08 08:53:00-04:00,7512.75,7513.5,7512.25,7513.0,168
2026-07-08 08:54:00-04:00,7512.75,7516.5,7512.75,7515.75,1261
2026-07-08 08:55:00-04:00,7516.0,7516.0,7514.25,7515.5,568
2026-07-08 08:56:00-04:00,7515.25,7519.0,7508.75,7510.0,3905
2026-07-08 08:57:00-04:00,7510.25,7510.75,7506.5,7509.75,1636
2026-07-08 08:58:00-04:00,7510.0,7510.5,7507.5,7507.75,882
2026-07-08 08:59:00-04:00,7508.25,7508.5,7504.5,7505.25,1116
2026-07-08 09:00:00-04:00,7505.5,7509.0,7504.75,7505.75,1216
2026-07-08 09:01:00-04:00,7505.25,7509.5,7505.0,7508.5,799
2026-07-08 09:02:00-04:00,7508.25,7511.0,7507.5,7509.5,652
2026-07-08 09:03:00-04:00,7509.5,7511.75,7508.5,7510.25,693
2026-07-08 09:04:00-04:00,7510.0,7510.75,7509.25,7510.5,335
2026-07-08 09:05:00-04:00,7510.5,7511.5,7507.75,7510.0,1199
2026-07-08 09:06:00-04:00,7510.0,7510.0,7505.75,7506.75,1265
2026-07-08 09:07:00-04:00,7507.0,7509.0,7506.0,7506.25,498
2026-07-08 09:08:00-04:00,7506.25,7511.5,7506.0,7509.75,1057
2026-07-08 09:09:00-04:00,7509.75,7510.5,7507.5,7510.25,746
2026-07-08 09:10:00-04:00,7510.25,7510.25,7507.25,7508.0,692
2026-07-08 09:11:00-04:00,7507.75,7508.0,7506.75,7506.75,328
2026-07-08 09:12:00-04:00,7506.75,7513.75,7506.5,7513.5,1619
2026-07-08 09:13:00-04:00,7513.75,7515.0,7512.0,7513.0,846
2026-07-08 09:14:00-04:00,7513.25,7515.75,7513.0,7513.75,722
2026-07-08 09:15:00-04:00,7513.75,7514.0,7511.5,7512.0,718
2026-07-08 09:16:00-04:00,7511.75,7512.5,7510.0,7510.75,676
2026-07-08 09:17:00-04:00,7510.5,7514.5,7510.25,7513.75,849
2026-07-08 09:18:00-04:00,7513.5,7514.0,7511.75,7512.25,615
2026-07-08 09:19:00-04:00,7512.25,7512.75,7511.0,7511.75,475
2026-07-08 09:20:00-04:00,7511.5,7512.25,7510.0,7510.5,556
2026-07-08 09:21:00-04:00,7510.25,7510.75,7508.25,7508.5,678
2026-07-08 09:22:00-04:00,7508.25,7509.5,7507.75,7508.5,475
2026-07-08 09:23:00-04:00,7509.0,7509.0,7506.5,7507.25,849
2026-07-08 09:24:00-04:00,7507.25,7509.5,7507.0,7509.0,620
2026-07-08 09:25:00-04:00,7508.75,7508.75,7504.5,7507.25,1455
2026-07-08 09:26:00-04:00,7507.25,7509.0,7505.25,7507.25,1268
2026-07-08 09:27:00-04:00,7507.25,7512.0,7507.0,7511.75,1373
2026-07-08 09:28:00-04:00,7512.0,7513.25,7509.5,7509.75,1445
2026-07-08 09:29:00-04:00,7509.5,7510.5,7503.25,7506.75,3155
2026-07-08 09:30:00-04:00,7507.0,7515.0,7504.0,7506.75,7213
2026-07-08 09:31:00-04:00,7506.75,7513.25,7501.75,7513.0,5981
2026-07-08 09:32:00-04:00,7513.0,7516.75,7507.25,7514.0,4848
2026-07-08 09:33:00-04:00,7514.0,7514.75,7509.25,7511.25,2990
2026-07-08 09:34:00-04:00,7511.25,7513.25,7508.75,7512.25,2346
2026-07-08 09:35:00-04:00,7512.25,7513.0,7505.75,7509.0,5540
2026-07-08 09:36:00-04:00,7509.0,7514.5,7507.5,7510.25,3641
2026-07-08 09:37:00-04:00,7510.25,7514.75,7507.0,7512.25,3275
2026-07-08 09:38:00-04:00,7512.5,7512.5,7507.0,7508.0,2494
2026-07-08 09:39:00-04:00,7508.0,7517.25,7507.25,7515.0,3865
2026-07-08 09:40:00-04:00,7515.25,7523.0,7513.5,7521.25,7416
2026-07-08 09:41:00-04:00,7521.0,7523.25,7518.5,7520.25,3493
2026-07-08 09:42:00-04:00,7520.0,7520.75,7513.25,7515.5,4906
2026-07-08 09:43:00-04:00,7515.5,7517.75,7514.0,7515.75,2457
2026-07-08 09:44:00-04:00,7515.75,7520.25,7514.5,7518.75,3339
2026-07-08 09:45:00-04:00,7518.75,7521.5,7516.75,7521.0,3251
2026-07-08 09:46:00-04:00,7521.0,7524.75,7519.75,7523.75,4334
2026-07-08 09:47:00-04:00,7523.75,7524.5,7518.5,7519.75,3369
2026-07-08 09:48:00-04:00,7520.0,7522.0,7519.0,7520.0,2077
2026-07-08 09:49:00-04:00,7520.25,7520.25,7511.5,7511.75,6379
2026-07-08 09:50:00-04:00,7511.5,7516.25,7508.5,7514.75,6046
2026-07-08 09:51:00-04:00,7515.0,7520.0,7513.25,7513.5,5516
2026-07-08 09:52:00-04:00,7513.5,7516.0,7510.5,7513.0,3384
2026-07-08 09:53:00-04:00,7513.25,7517.75,7512.25,7513.25,3152
2026-07-08 09:54:00-04:00,7513.0,7515.5,7511.75,7511.75,2106
2026-07-08 09:55:00-04:00,7511.75,7512.5,7507.25,7509.75,4787
2026-07-08 09:56:00-04:00,7510.0,7514.5,7508.5,7514.5,3508
2026-07-08 09:57:00-04:00,7514.25,7518.0,7513.5,7516.75,3530
2026-07-08 09:58:00-04:00,7517.0,7520.75,7515.0,7519.25,3677
2026-07-08 09:59:00-04:00,7519.5,7521.5,7514.5,7515.75,5519
2026-07-08 10:00:00-04:00,7515.75,7518.25,7512.0,7518.25,4998
2026-07-08 10:01:00-04:00,7518.0,7520.25,7515.5,7516.0,3932
2026-07-08 10:02:00-04:00,7515.5,7516.0,7511.75,7513.25,2845
2026-07-08 10:03:00-04:00,7513.25,7515.0,7510.75,7514.75,2154
2026-07-08 10:04:00-04:00,7515.0,7516.25,7512.5,7513.25,1871
2026-07-08 10:05:00-04:00,7513.0,7520.75,7512.75,7520.25,4708
2026-07-08 10:06:00-04:00,7520.25,7521.5,7518.5,7518.75,2292
2026-07-08 10:07:00-04:00,7518.75,7519.75,7516.75,7517.5,3002
2026-07-08 10:08:00-04:00,7517.75,7522.75,7516.75,7519.75,2922
2026-07-08 10:09:00-04:00,7519.5,7521.0,7515.25,7517.75,4870
2026-07-08 10:10:00-04:00,7517.75,7520.0,7512.0,7512.5,2991
2026-07-08 10:11:00-04:00,7512.5,7514.5,7509.5,7510.25,3554
2026-07-08 10:12:00-04:00,7510.5,7511.0,7505.75,7507.25,4623
2026-07-08 10:13:00-04:00,7507.5,7513.0,7506.75,7508.25,4150
2026-07-08 10:14:00-04:00,7508.5,7510.0,7506.5,7507.5,2079
2026-07-08 10:15:00-04:00,7507.5,7508.25,7502.0,7504.75,5081
2026-07-08 10:16:00-04:00,7504.5,7506.0,7501.75,7503.0,3738
2026-07-08 10:17:00-04:00,7503.0,7509.75,7502.0,7508.25,3967
2026-07-08 10:18:00-04:00,7508.0,7511.25,7504.75,7506.0,3906
2026-07-08 10:19:00-04:00,7506.0,7508.25,7502.75,7507.25,3100
2026-07-08 10:20:00-04:00,7507.0,7513.75,7505.0,7510.25,3819
2026-07-08 10:21:00-04:00,7510.5,7521.0,7509.75,7519.5,6218
2026-07-08 10:22:00-04:00,7519.5,7520.5,7515.25,7518.5,3600
2026-07-08 10:23:00-04:00,7518.75,7520.25,7515.25,7515.75,2807
2026-07-08 10:24:00-04:00,7515.75,7516.0,7510.25,7513.25,3365
2026-07-08 10:25:00-04:00,7513.25,7518.0,7513.25,7517.5,2424
2026-07-08 10:26:00-04:00,7517.25,7519.75,7511.5,7511.75,2986
2026-07-08 10:27:00-04:00,7511.75,7513.75,7502.5,7513.25,7077
2026-07-08 10:28:00-04:00,7513.0,7513.5,7506.75,7507.5,2686
2026-07-08 10:29:00-04:00,7507.5,7510.75,7506.0,7506.0,2117
2026-07-08 10:30:00-04:00,7506.0,7509.5,7505.0,7506.25,3685
2026-07-08 10:31:00-04:00,7506.5,7508.25,7504.0,7507.25,2491
2026-07-08 10:32:00-04:00,7507.5,7508.0,7505.0,7507.0,1761
2026-07-08 10:33:00-04:00,7507.0,7509.5,7502.0,7509.0,3348
2026-07-08 10:34:00-04:00,7508.75,7512.25,7506.75,7508.0,4396
2026-07-08 10:35:00-04:00,7508.0,7508.25,7500.5,7501.25,3658
2026-07-08 10:36:00-04:00,7501.25,7503.25,7499.25,7499.75,4557
2026-07-08 10:37:00-04:00,7500.0,7506.25,7497.25,7501.75,5550
2026-07-08 10:38:00-04:00,7501.75,7503.5,7498.25,7500.0,3018
2026-07-08 10:39:00-04:00,7500.0,7501.25,7497.5,7498.0,2696
2026-07-08 10:40:00-04:00,7498.0,7501.25,7496.25,7500.0,4345
2026-07-08 10:41:00-04:00,7500.0,7502.75,7498.0,7502.5,2736
2026-07-08 10:42:00-04:00,7502.25,7502.25,7498.0,7498.25,2511
2026-07-08 10:43:00-04:00,7498.25,7498.5,7494.75,7497.75,3653
2026-07-08 10:44:00-04:00,7497.75,7501.5,7496.75,7499.5,3046
2026-07-08 10:45:00-04:00,7499.25,7500.0,7493.5,7495.75,3203
2026-07-08 10:46:00-04:00,7495.25,7497.75,7492.75,7493.25,2791
2026-07-08 10:47:00-04:00,7493.5,7494.5,7491.25,7492.0,3592
2026-07-08 10:48:00-04:00,7491.75,7494.5,7491.0,7492.0,2324
2026-07-08 10:49:00-04:00,7492.75,7492.75,7488.0,7488.0,3104
2026-07-08 10:50:00-04:00,7488.0,7490.75,7484.25,7487.5,5382
2026-07-08 10:51:00-04:00,7487.25,7491.25,7487.0,7491.0,3180
2026-07-08 10:52:00-04:00,7490.75,7496.25,7489.5,7495.5,4598
2026-07-08 10:53:00-04:00,7495.25,7503.25,7492.0,7498.5,7161
2026-07-08 10:54:00-04:00,7498.75,7499.75,7495.25,7496.25,3637
2026-07-08 10:55:00-04:00,7496.0,7500.0,7493.5,7498.25,3283
2026-07-08 10:56:00-04:00,7498.5,7502.0,7496.75,7497.0,3547
2026-07-08 10:57:00-04:00,7497.0,7498.0,7492.25,7495.25,3236
2026-07-08 10:58:00-04:00,7495.0,7495.75,7490.75,7492.25,2129
2026-07-08 10:59:00-04:00,7492.0,7494.0,7490.25,7493.25,1995
2026-07-08 11:00:00-04:00,7493.5,7495.5,7490.0,7493.25,2802
2026-07-08 11:01:00-04:00,7493.25,7493.75,7490.0,7491.0,1782
2026-07-08 11:02:00-04:00,7490.75,7492.5,7489.0,7492.0,2028
2026-07-08 11:03:00-04:00,7491.75,7493.0,7489.25,7491.5,1750
2026-07-08 11:04:00-04:00,7491.75,7493.25,7489.5,7490.5,1798
2026-07-08 11:05:00-04:00,7490.25,7494.25,7489.25,7493.75,1879
2026-07-08 11:06:00-04:00,7493.75,7494.5,7489.25,7489.25,2004
2026-07-08 11:07:00-04:00,7489.5,7491.5,7488.75,7491.0,1583
2026-07-08 11:08:00-04:00,7491.0,7493.5,7489.75,7492.0,1373
2026-07-08 11:09:00-04:00,7491.5,7492.25,7489.5,7489.75,1244
2026-07-08 11:10:00-04:00,7489.75,7492.75,7488.5,7492.0,1637
2026-07-08 11:11:00-04:00,7492.0,7493.5,7490.75,7491.5,1484
2026-07-08 11:12:00-04:00,7491.25,7493.0,7487.5,7492.25,2133
2026-07-08 11:13:00-04:00,7492.0,7493.0,7488.0,7488.75,1463
2026-07-08 11:14:00-04:00,7488.75,7488.75,7484.25,7485.75,3108
2026-07-08 11:15:00-04:00,7486.0,7489.5,7484.75,7485.5,2354
2026-07-08 11:16:00-04:00,7485.5,7485.5,7480.25,7481.0,4107
2026-07-08 11:17:00-04:00,7481.0,7481.75,7478.25,7480.75,3430
2026-07-08 11:18:00-04:00,7480.5,7485.0,7479.25,7485.0,2977
2026-07-08 11:19:00-04:00,7484.75,7490.25,7484.25,7488.0,4072
2026-07-08 11:20:00-04:00,7487.75,7490.75,7485.0,7488.5,3181
2026-07-08 11:21:00-04:00,7488.25,7488.25,7485.0,7485.25,2126
2026-07-08 11:22:00-04:00,7485.5,7485.75,7480.5,7481.5,2600
2026-07-08 11:23:00-04:00,7481.5,7482.25,7477.5,7477.5,2893
2026-07-08 11:24:00-04:00,7477.5,7478.75,7475.0,7476.25,3418
2026-07-08 11:25:00-04:00,7476.25,7478.25,7473.25,7473.75,3243
2026-07-08 11:26:00-04:00,7473.75,7475.75,7470.0,7472.5,4295
2026-07-08 11:27:00-04:00,7472.25,7474.25,7471.5,7471.75,2648
2026-07-08 11:28:00-04:00,7472.0,7475.5,7471.25,7473.5,2730
2026-07-08 11:29:00-04:00,7473.75,7476.25,7473.5,7474.0,2175
2026-07-08 11:30:00-04:00,7474.25,7476.5,7469.25,7473.0,4763
2026-07-08 11:31:00-04:00,7472.75,7474.0,7471.0,7474.0,1816
2026-07-08 11:32:00-04:00,7474.0,7478.5,7473.5,7477.5,3293
2026-07-08 11:33:00-04:00,7477.5,7482.0,7477.0,7479.75,4025
2026-07-08 11:34:00-04:00,7479.5,7482.5,7477.75,7482.0,3376
2026-07-08 11:35:00-04:00,7482.0,7484.5,7478.75,7483.75,3770
2026-07-08 11:36:00-04:00,7483.75,7486.25,7480.5,7485.75,3106
2026-07-08 11:37:00-04:00,7485.75,7487.5,7484.75,7485.25,2819
2026-07-08 11:38:00-04:00,7485.25,7485.75,7481.5,7483.75,2466
2026-07-08 11:39:00-04:00,7484.0,7484.5,7480.0,7480.75,2225
2026-07-08 11:40:00-04:00,7480.75,7486.75,7480.5,7485.75,2578
2026-07-08 11:41:00-04:00,7485.75,7487.0,7483.5,7485.0,2683
2026-07-08 11:42:00-04:00,7484.75,7485.25,7480.5,7480.75,1712
2026-07-08 11:43:00-04:00,7481.0,7484.25,7480.5,7481.75,2031
2026-07-08 11:44:00-04:00,7482.0,7483.5,7480.75,7482.0,1456
2026-07-08 11:45:00-04:00,7482.0,7482.5,7477.75,7482.25,3054
2026-07-08 11:46:00-04:00,7482.25,7485.0,7480.75,7481.5,2421
2026-07-08 11:47:00-04:00,7481.25,7481.5,7478.75,7481.5,1196
2026-07-08 11:48:00-04:00,7481.0,7482.25,7479.5,7480.0,1033
2026-07-08 11:49:00-04:00,7480.0,7480.75,7478.75,7479.5,1347
2026-07-08 11:50:00-04:00,7479.75,7480.75,7477.25,7478.5,1861
2026-07-08 11:51:00-04:00,7478.75,7478.75,7475.25,7476.75,1976
2026-07-08 11:52:00-04:00,7477.0,7478.25,7475.5,7476.25,941
2026-07-08 11:53:00-04:00,7476.0,7479.25,7474.5,7479.0,1746
2026-07-08 11:54:00-04:00,7479.0,7479.5,7476.25,7479.5,1371
2026-07-08 11:55:00-04:00,7479.5,7482.0,7479.25,7479.75,2500
2026-07-08 11:56:00-04:00,7479.5,7480.75,7476.25,7477.0,1532
2026-07-08 11:57:00-04:00,7477.0,7479.5,7476.5,7479.25,1091
2026-07-08 11:58:00-04:00,7479.25,7481.0,7478.0,7480.75,1095
2026-07-08 11:59:00-04:00,7480.75,7482.75,7480.0,7481.0,1786
2026-07-08 12:00:00-04:00,7481.0,7487.25,7480.75,7486.0,3472
2026-07-08 12:01:00-04:00,7485.75,7487.0,7484.25,7485.0,1963
2026-07-08 12:02:00-04:00,7485.25,7486.75,7483.5,7484.25,1703
2026-07-08 12:03:00-04:00,7484.25,7486.5,7483.25,7485.5,1609
2026-07-08 12:04:00-04:00,7485.25,7487.25,7484.0,7487.0,1551
2026-07-08 12:05:00-04:00,7487.0,7492.0,7486.5,7489.75,4695
2026-07-08 12:06:00-04:00,7489.5,7491.0,7488.5,7489.5,2054
2026-07-08 12:07:00-04:00,7490.0,7490.5,7488.0,7489.5,1174
2026-07-08 12:08:00-04:00,7489.5,7490.0,7485.75,7488.75,1874
2026-07-08 12:09:00-04:00,7489.0,7492.5,7487.25,7491.25,2054
2026-07-08 12:10:00-04:00,7491.5,7495.75,7491.25,7494.75,3119
2026-07-08 12:11:00-04:00,7494.75,7498.0,7494.0,7495.5,2345
2026-07-08 12:12:00-04:00,7495.75,7497.75,7495.25,7497.25,1174
2026-07-08 12:13:00-04:00,7497.25,7498.25,7495.5,7497.0,1266
2026-07-08 12:14:00-04:00,7497.0,7498.5,7496.75,7497.5,810
2026-07-08 12:15:00-04:00,7498.0,7499.0,7495.5,7495.5,1894
2026-07-08 12:16:00-04:00,7495.75,7498.25,7495.0,7497.25,1767
2026-07-08 12:17:00-04:00,7497.5,7501.5,7497.25,7501.0,2632
2026-07-08 12:18:00-04:00,7501.0,7502.0,7499.5,7500.0,1175
2026-07-08 12:19:00-04:00,7500.25,7501.25,7498.5,7501.0,1124
2026-07-08 12:20:00-04:00,7501.0,7504.75,7500.75,7504.75,2356
2026-07-08 12:21:00-04:00,7504.75,7507.5,7503.0,7505.5,2826
2026-07-08 12:22:00-04:00,7505.5,7507.25,7503.5,7504.75,1802
2026-07-08 12:23:00-04:00,7504.75,7507.25,7504.5,7505.75,1234
2026-07-08 12:24:00-04:00,7505.75,7505.75,7501.0,7502.5,2160
2026-07-08 12:25:00-04:00,7502.5,7504.5,7501.75,7503.75,1022
2026-07-08 12:26:00-04:00,7503.75,7506.0,7503.5,7505.0,1063
2026-07-08 12:27:00-04:00,7504.75,7510.0,7504.25,7506.75,3478
2026-07-08 12:28:00-04:00,7506.5,7508.75,7505.75,7506.75,1285
2026-07-08 12:29:00-04:00,7506.75,7507.25,7505.5,7506.25,1214
2026-07-08 12:30:00-04:00,7506.0,7510.5,7505.5,7510.25,2662
2026-07-08 12:31:00-04:00,7510.0,7513.75,7508.75,7508.75,4055
2026-07-08 12:32:00-04:00,7509.0,7510.0,7507.75,7509.0,1955
2026-07-08 12:33:00-04:00,7509.0,7510.5,7508.25,7509.5,1065
2026-07-08 12:34:00-04:00,7509.5,7509.75,7505.0,7505.25,2169
2026-07-08 12:35:00-04:00,7505.5,7510.5,7504.25,7504.75,5775
2026-07-08 12:36:00-04:00,7504.75,7505.0,7501.75,7502.75,2876
2026-07-08 12:37:00-04:00,7502.75,7503.0,7499.75,7501.25,1941
2026-07-08 12:38:00-04:00,7501.0,7502.0,7499.5,7501.25,1396
2026-07-08 12:39:00-04:00,7501.0,7508.25,7499.75,7507.5,5025
2026-07-08 12:40:00-04:00,7507.5,7517.25,7503.75,7514.5,6901
2026-07-08 12:41:00-04:00,7514.25,7516.5,7510.5,7512.25,2971
2026-07-08 12:42:00-04:00,7512.5,7514.75,7512.0,7513.25,1600
2026-07-08 12:43:00-04:00,7513.25,7515.75,7511.5,7513.5,2274
2026-07-08 12:44:00-04:00,7513.5,7516.5,7512.5,7514.25,1582
2026-07-08 12:45:00-04:00,7514.5,7515.25,7511.0,7512.5,1328
2026-07-08 12:46:00-04:00,7512.75,7516.75,7511.75,7516.25,1691
2026-07-08 12:47:00-04:00,7516.5,7516.5,7514.0,7514.75,1153
2026-07-08 12:48:00-04:00,7514.5,7516.25,7513.75,7514.75,766
2026-07-08 12:49:00-04:00,7515.0,7518.0,7514.75,7517.75,1504
2026-07-08 12:50:00-04:00,7518.0,7519.75,7517.0,7518.5,1750
2026-07-08 12:51:00-04:00,7518.5,7519.75,7516.0,7519.25,1432
2026-07-08 12:52:00-04:00,7519.25,7521.0,7518.0,7520.5,1707
2026-07-08 12:53:00-04:00,7520.5,7521.75,7517.75,7520.5,4426
2026-07-08 12:54:00-04:00,7520.5,7521.0,7518.5,7519.25,1001
2026-07-08 12:55:00-04:00,7519.5,7522.0,7517.5,7520.0,1680
2026-07-08 12:56:00-04:00,7520.0,7521.25,7519.0,7520.5,854
2026-07-08 12:57:00-04:00,7520.75,7521.5,7519.5,7521.5,923
2026-07-08 12:58:00-04:00,7521.25,7522.25,7520.75,7521.75,887
2026-07-08 12:59:00-04:00,7522.0,7522.75,7521.25,7522.0,823
2026-07-08 13:00:00-04:00,7522.0,7522.5,7517.5,7519.0,1837
2026-07-08 13:01:00-04:00,7519.0,7519.25,7517.0,7518.5,1287
2026-07-08 13:02:00-04:00,7518.25,7520.5,7516.75,7517.75,1309
2026-07-08 13:03:00-04:00,7518.0,7519.25,7516.25,7517.25,855
2026-07-08 13:04:00-04:00,7517.25,7519.0,7517.0,7518.25,494
2026-07-08 13:05:00-04:00,7518.25,7518.75,7517.0,7518.0,576
2026-07-08 13:06:00-04:00,7518.25,7522.5,7517.25,7522.0,1605
2026-07-08 13:07:00-04:00,7522.0,7522.75,7520.0,7522.0,1189
2026-07-08 13:08:00-04:00,7522.25,7522.75,7519.0,7519.75,1152
2026-07-08 13:09:00-04:00,7520.0,7520.25,7517.5,7518.0,1327
2026-07-08 13:10:00-04:00,7518.0,7519.5,7517.0,7517.25,1091
2026-07-08 13:11:00-04:00,7517.0,7518.25,7515.0,7518.25,2003
2026-07-08 13:12:00-04:00,7518.25,7520.25,7517.5,7519.5,1303
2026-07-08 13:13:00-04:00,7519.25,7521.75,7519.25,7521.25,1166
2026-07-08 13:14:00-04:00,7521.25,7521.75,7517.75,7518.25,926
2026-07-08 13:15:00-04:00,7518.25,7521.0,7518.0,7520.25,824
2026-07-08 13:16:00-04:00,7520.25,7521.75,7520.0,7520.75,681
2026-07-08 13:17:00-04:00,7520.5,7521.0,7519.25,7520.25,644
2026-07-08 13:18:00-04:00,7520.25,7521.0,7519.25,7520.25,533
2026-07-08 13:19:00-04:00,7520.0,7525.25,7519.75,7524.5,3613
2026-07-08 13:20:00-04:00,7524.75,7527.25,7524.0,7525.5,2594
2026-07-08 13:21:00-04:00,7525.75,7528.25,7525.5,7527.5,2188
2026-07-08 13:22:00-04:00,7527.25,7528.5,7526.5,7527.5,1488
2026-07-08 13:23:00-04:00,7527.75,7528.75,7527.0,7528.25,1104
2026-07-08 13:24:00-04:00,7528.0,7530.0,7528.0,7529.75,2057
2026-07-08 13:25:00-04:00,7529.75,7532.5,7529.25,7530.0,3417
2026-07-08 13:26:00-04:00,7530.5,7530.5,7527.5,7529.75,1715
2026-07-08 13:27:00-04:00,7529.75,7530.0,7528.25,7529.0,768
2026-07-08 13:28:00-04:00,7529.25,7531.5,7529.25,7531.25,978
2026-07-08 13:29:00-04:00,7531.25,7533.0,7531.25,7532.5,1349
2026-07-08 13:30:00-04:00,7532.75,7534.75,7531.75,7534.5,1868
2026-07-08 13:31:00-04:00,7534.5,7536.5,7533.0,7533.75,2801
2026-07-08 13:32:00-04:00,7533.5,7534.75,7532.5,7532.75,1198
2026-07-08 13:33:00-04:00,7532.75,7534.25,7531.75,7532.0,1278
2026-07-08 13:34:00-04:00,7531.75,7533.25,7531.0,7531.25,1166
2026-07-08 13:35:00-04:00,7531.0,7533.0,7530.0,7532.0,1923
2026-07-08 13:36:00-04:00,7532.0,7532.5,7530.25,7531.0,743
2026-07-08 13:37:00-04:00,7531.25,7531.75,7529.75,7529.75,932
2026-07-08 13:38:00-04:00,7529.75,7531.0,7528.5,7528.75,1412
2026-07-08 13:39:00-04:00,7528.75,7529.25,7527.75,7527.75,1291
2026-07-08 13:40:00-04:00,7528.0,7528.75,7526.25,7527.25,1552
2026-07-08 13:41:00-04:00,7527.25,7528.0,7524.5,7524.75,2012
2026-07-08 13:42:00-04:00,7524.75,7527.25,7523.75,7527.0,1487
2026-07-08 13:43:00-04:00,7527.0,7527.0,7524.25,7525.0,1017
2026-07-08 13:44:00-04:00,7525.0,7525.75,7523.75,7524.75,1105
2026-07-08 13:45:00-04:00,7524.75,7525.0,7519.75,7522.0,2787
2026-07-08 13:46:00-04:00,7522.0,7523.0,7520.0,7522.75,1662
2026-07-08 13:47:00-04:00,7522.75,7523.0,7520.5,7520.5,808
2026-07-08 13:48:00-04:00,7520.5,7520.75,7518.5,7518.75,1748
2026-07-08 13:49:00-04:00,7519.0,7520.5,7517.75,7519.0,1899
2026-07-08 13:50:00-04:00,7519.0,7523.25,7517.5,7522.5,2158
2026-07-08 13:51:00-04:00,7522.25,7522.75,7520.25,7522.5,1249
2026-07-08 13:52:00-04:00,7522.25,7524.0,7522.0,7523.75,1311
2026-07-08 13:53:00-04:00,7523.75,7524.0,7520.75,7520.75,900
2026-07-08 13:54:00-04:00,7520.75,7521.0,7519.5,7519.75,1109
2026-07-08 13:55:00-04:00,7519.5,7519.5,7515.5,7517.0,2551
2026-07-08 13:56:00-04:00,7517.25,7517.25,7514.5,7516.0,1466
2026-07-08 13:57:00-04:00,7516.25,7516.25,7514.75,7516.0,1075
2026-07-08 13:58:00-04:00,7515.75,7519.25,7515.5,7517.75,1408
2026-07-08 13:59:00-04:00,7517.75,7520.0,7517.25,7519.5,991
2026-07-08 14:00:00-04:00,7519.25,7524.5,7515.25,7522.0,2958
2026-07-08 14:01:00-04:00,7522.25,7526.75,7520.75,7526.25,2377
2026-07-08 14:02:00-04:00,7526.0,7529.0,7523.5,7524.75,2384
2026-07-08 14:03:00-04:00,7524.75,7528.75,7524.5,7527.25,1245
2026-07-08 14:04:00-04:00,7527.0,7529.75,7526.75,7528.0,1575
2026-07-08 14:05:00-04:00,7527.5,7529.0,7523.5,7526.5,1886
2026-07-08 14:06:00-04:00,7526.5,7526.75,7524.25,7525.5,975
2026-07-08 14:07:00-04:00,7525.5,7527.0,7524.5,7525.5,732
2026-07-08 14:08:00-04:00,7525.75,7527.25,7524.25,7527.25,934
2026-07-08 14:09:00-04:00,7527.5,7528.0,7526.25,7527.5,869
2026-07-08 14:10:00-04:00,7527.5,7528.0,7524.0,7527.5,1187
2026-07-08 14:11:00-04:00,7527.75,7528.75,7526.5,7528.75,925
2026-07-08 14:12:00-04:00,7529.0,7529.25,7527.25,7528.0,813
2026-07-08 14:13:00-04:00,7528.25,7528.75,7526.0,7528.5,957
2026-07-08 14:14:00-04:00,7528.5,7530.0,7527.25,7528.0,1176
2026-07-08 14:15:00-04:00,7528.0,7529.25,7527.25,7527.75,486
2026-07-08 14:16:00-04:00,7527.75,7528.0,7522.75,7524.0,1995
2026-07-08 14:17:00-04:00,7524.25,7525.0,7523.0,7524.0,1235
2026-07-08 14:18:00-04:00,7524.0,7525.75,7522.0,7523.5,1598
2026-07-08 14:19:00-04:00,7523.5,7527.0,7523.5,7526.75,1053
2026-07-08 14:20:00-04:00,7526.75,7527.0,7523.75,7524.0,962
2026-07-08 14:21:00-04:00,7523.75,7526.25,7523.75,7525.75,703
2026-07-08 14:22:00-04:00,7526.0,7528.0,7525.75,7526.75,1054
2026-07-08 14:23:00-04:00,7527.0,7527.5,7525.5,7525.5,543
2026-07-08 14:24:00-04:00,7525.5,7526.75,7523.75,7524.0,1002
2026-07-08 14:25:00-04:00,7524.25,7525.75,7523.0,7524.75,962
2026-07-08 14:26:00-04:00,7524.75,7526.0,7524.25,7525.25,515
2026-07-08 14:27:00-04:00,7525.25,7527.25,7525.0,7525.25,672
2026-07-08 14:28:00-04:00,7525.5,7527.0,7523.25,7523.75,706
2026-07-08 14:29:00-04:00,7523.5,7524.0,7521.25,7521.5,977
2026-07-08 14:30:00-04:00,7521.5,7522.5,7518.75,7518.75,1830
2026-07-08 14:31:00-04:00,7519.0,7521.0,7517.5,7520.0,1495
2026-07-08 14:32:00-04:00,7520.0,7522.75,7519.25,7519.5,1091
2026-07-08 14:33:00-04:00,7519.5,7519.75,7517.5,7518.5,1024
2026-07-08 14:34:00-04:00,7518.5,7519.75,7518.25,7519.5,571
2026-07-08 14:35:00-04:00,7519.5,7520.5,7518.25,7519.25,797
2026-07-08 14:36:00-04:00,7519.25,7523.75,7519.25,7522.75,1446
2026-07-08 14:37:00-04:00,7522.75,7527.0,7522.5,7525.0,1792
2026-07-08 14:38:00-04:00,7525.25,7527.0,7524.75,7525.5,854
2026-07-08 14:39:00-04:00,7525.5,7527.5,7525.0,7526.75,853
2026-07-08 14:40:00-04:00,7526.5,7528.25,7524.0,7525.0,1487
2026-07-08 14:41:00-04:00,7524.75,7525.5,7521.25,7522.25,1660
2026-07-08 14:42:00-04:00,7522.0,7523.5,7520.5,7521.0,1121
2026-07-08 14:43:00-04:00,7521.25,7524.0,7520.75,7523.75,862
2026-07-08 14:44:00-04:00,7524.0,7526.25,7524.0,7525.5,833
2026-07-08 14:45:00-04:00,7525.5,7526.5,7524.0,7524.75,899
2026-07-08 14:46:00-04:00,7524.75,7526.0,7524.25,7525.75,475
2026-07-08 14:47:00-04:00,7526.0,7526.0,7523.25,7524.0,751
2026-07-08 14:48:00-04:00,7524.0,7526.25,7522.75,7526.0,750
2026-07-08 14:49:00-04:00,7526.0,7528.5,7526.0,7527.75,1170
2026-07-08 14:50:00-04:00,7527.75,7528.25,7525.75,7528.0,960
2026-07-08 14:51:00-04:00,7527.75,7528.75,7526.75,7528.75,643
2026-07-08 14:52:00-04:00,7528.75,7530.25,7527.0,7528.0,1856
2026-07-08 14:53:00-04:00,7528.25,7529.25,7525.5,7526.25,845
2026-07-08 14:54:00-04:00,7526.0,7527.5,7525.75,7526.5,682
2026-07-08 14:55:00-04:00,7526.75,7526.75,7524.5,7525.5,810
2026-07-08 14:56:00-04:00,7525.0,7526.0,7523.25,7524.75,1082
2026-07-08 14:57:00-04:00,7524.5,7526.25,7524.25,7525.75,652
2026-07-08 14:58:00-04:00,7525.75,7526.25,7524.75,7526.0,684
2026-07-08 14:59:00-04:00,7525.75,7528.5,7525.0,7528.25,898
2026-07-08 15:00:00-04:00,7528.5,7532.5,7527.75,7530.75,2300
2026-07-08 15:01:00-04:00,7530.5,7531.5,7527.75,7528.25,1150
2026-07-08 15:02:00-04:00,7528.25,7529.0,7525.75,7526.75,1615
2026-07-08 15:03:00-04:00,7526.25,7527.5,7525.5,7526.75,826
2026-07-08 15:04:00-04:00,7526.5,7527.75,7526.25,7527.5,493
2026-07-08 15:05:00-04:00,7527.25,7529.25,7525.5,7527.5,942
2026-07-08 15:06:00-04:00,7527.25,7527.25,7524.75,7526.75,925
2026-07-08 15:07:00-04:00,7527.0,7529.0,7527.0,7527.25,783
2026-07-08 15:08:00-04:00,7527.25,7528.25,7526.25,7528.25,520
2026-07-08 15:09:00-04:00,7528.5,7528.75,7526.75,7528.25,581
2026-07-08 15:10:00-04:00,7528.25,7528.5,7526.0,7527.0,756
2026-07-08 15:11:00-04:00,7526.75,7527.0,7524.0,7524.5,796
2026-07-08 15:12:00-04:00,7524.75,7525.0,7522.75,7524.5,1096
2026-07-08 15:13:00-04:00,7524.75,7525.0,7523.5,7523.5,609
2026-07-08 15:14:00-04:00,7523.5,7524.75,7522.75,7523.75,628
2026-07-08 15:15:00-04:00,7523.75,7524.75,7522.75,7523.0,612
2026-07-08 15:16:00-04:00,7523.0,7524.0,7522.0,7522.75,997
2026-07-08 15:17:00-04:00,7522.75,7524.5,7521.75,7524.25,788
2026-07-08 15:18:00-04:00,7524.25,7526.5,7524.0,7524.75,1014
2026-07-08 15:19:00-04:00,7524.75,7525.25,7523.0,7523.0,743
2026-07-08 15:20:00-04:00,7523.5,7525.25,7523.0,7524.75,754
2026-07-08 15:21:00-04:00,7525.0,7527.5,7524.25,7526.5,1039
2026-07-08 15:22:00-04:00,7526.25,7526.75,7524.0,7524.25,742
2026-07-08 15:23:00-04:00,7524.25,7525.25,7523.5,7524.5,561
2026-07-08 15:24:00-04:00,7525.0,7525.25,7524.25,7525.25,411
2026-07-08 15:25:00-04:00,7525.25,7526.25,7524.75,7525.75,525
2026-07-08 15:26:00-04:00,7525.75,7526.25,7524.5,7525.25,501
2026-07-08 15:27:00-04:00,7525.5,7527.0,7524.75,7525.5,597
2026-07-08 15:28:00-04:00,7525.5,7526.25,7524.25,7524.75,428
2026-07-08 15:29:00-04:00,7524.75,7528.5,7524.5,7526.75,1255
2026-07-08 15:30:00-04:00,7526.75,7528.25,7524.75,7525.0,1451
2026-07-08 15:31:00-04:00,7525.0,7526.25,7523.25,7526.0,1161
2026-07-08 15:32:00-04:00,7525.5,7526.5,7524.0,7524.75,524
2026-07-08 15:33:00-04:00,7525.0,7525.0,7523.0,7523.0,608
2026-07-08 15:34:00-04:00,7523.0,7524.75,7523.0,7524.0,522
2026-07-08 15:35:00-04:00,7523.75,7524.75,7523.0,7524.25,576
2026-07-08 15:36:00-04:00,7524.25,7528.0,7524.25,7527.75,1106
2026-07-08 15:37:00-04:00,7527.5,7528.0,7527.0,7528.0,949
2026-07-08 15:38:00-04:00,7527.75,7528.5,7526.0,7526.25,894
2026-07-08 15:39:00-04:00,7526.5,7528.0,7526.0,7526.75,506
2026-07-08 15:40:00-04:00,7526.75,7527.25,7524.75,7524.75,774
2026-07-08 15:41:00-04:00,7525.0,7525.5,7523.5,7525.25,833
2026-07-08 15:42:00-04:00,7525.0,7525.75,7524.25,7525.25,756
2026-07-08 15:43:00-04:00,7525.25,7526.75,7524.75,7526.5,824
2026-07-08 15:44:00-04:00,7526.75,7528.25,7526.25,7528.0,966
2026-07-08 15:45:00-04:00,7527.75,7528.25,7522.75,7524.25,2524
2026-07-08 15:46:00-04:00,7524.25,7525.25,7522.25,7522.75,1731
2026-07-08 15:47:00-04:00,7522.5,7522.75,7518.25,7519.5,2790
2026-07-08 15:48:00-04:00,7519.5,7523.0,7519.0,7521.25,1421
2026-07-08 15:49:00-04:00,7521.5,7523.75,7521.25,7522.25,1052
2026-07-08 15:50:00-04:00,7522.25,7526.75,7520.25,7525.5,2634
2026-07-08 15:51:00-04:00,7525.5,7529.0,7524.5,7527.0,2156
2026-07-08 15:52:00-04:00,7527.0,7528.5,7526.25,7528.0,1185
2026-07-08 15:53:00-04:00,7528.0,7530.75,7527.75,7529.0,1867
2026-07-08 15:54:00-04:00,7529.25,7531.75,7529.25,7531.5,2620
2026-07-08 15:55:00-04:00,7531.75,7532.75,7529.75,7531.0,3081
2026-07-08 15:56:00-04:00,7531.0,7532.0,7529.5,7531.75,1522
2026-07-08 15:57:00-04:00,7532.0,7536.5,7531.75,7535.0,3169
2026-07-08 15:58:00-04:00,7534.75,7535.25,7532.5,7534.25,1989
2026-07-08 15:59:00-04:00,7534.25,7536.0,7526.25,7526.75,15748
2026-07-08 16:00:00-04:00,7526.75,7529.5,7523.5,7524.0,4853
2026-07-08 16:01:00-04:00,7524.0,7525.5,7522.75,7524.0,1213
2026-07-08 16:02:00-04:00,7523.75,7524.25,7522.75,7523.25,543
2026-07-08 16:03:00-04:00,7523.25,7524.75,7522.25,7524.0,736
2026-07-08 16:04:00-04:00,7524.0,7526.0,7523.75,7525.75,664
2026-07-08 16:05:00-04:00,7525.75,7526.0,7523.75,7525.5,606
2026-07-08 16:06:00-04:00,7525.25,7527.0,7524.5,7525.25,603
2026-07-08 16:07:00-04:00,7525.5,7525.75,7524.5,7525.0,350
2026-07-08 16:08:00-04:00,7524.5,7525.25,7524.0,7525.25,186
2026-07-08 16:09:00-04:00,7525.25,7526.25,7525.0,7525.25,270
2026-07-08 16:10:00-04:00,7525.25,7525.25,7522.5,7522.5,439
2026-07-08 16:11:00-04:00,7522.5,7523.0,7519.25,7521.75,2258
2026-07-08 16:12:00-04:00,7521.75,7522.0,7520.75,7521.0,238
2026-07-08 16:13:00-04:00,7521.0,7522.75,7521.0,7522.75,455
2026-07-08 16:14:00-04:00,7523.0,7524.5,7522.5,7523.75,410
2026-07-08 16:15:00-04:00,7524.0,7524.0,7521.75,7521.75,277
2026-07-08 16:16:00-04:00,7521.75,7521.75,7517.5,7519.25,993
2026-07-08 16:17:00-04:00,7519.25,7519.5,7518.0,7518.5,335
2026-07-08 16:18:00-04:00,7518.75,7520.25,7518.5,7519.75,338
2026-07-08 16:19:00-04:00,7519.75,7520.25,7518.0,7518.25,286
2026-07-08 16:20:00-04:00,7518.5,7519.0,7517.25,7518.25,368
2026-07-08 16:21:00-04:00,7518.25,7518.5,7517.0,7518.0,271
2026-07-08 16:22:00-04:00,7517.5,7518.25,7517.25,7517.75,114
2026-07-08 16:23:00-04:00,7517.75,7518.5,7517.0,7518.0,245
2026-07-08 16:24:00-04:00,7518.0,7518.5,7517.0,7517.75,227
2026-07-08 16:25:00-04:00,7517.75,7518.0,7517.0,7517.5,168
2026-07-08 16:26:00-04:00,7517.25,7518.0,7516.5,7516.75,205
2026-07-08 16:27:00-04:00,7516.75,7517.75,7516.5,7516.75,212
2026-07-08 16:28:00-04:00,7517.0,7518.25,7516.5,7517.75,154
2026-07-08 16:29:00-04:00,7518.0,7518.25,7516.75,7518.0,232
2026-07-08 16:30:00-04:00,7517.75,7518.75,7516.5,7517.0,273
2026-07-08 16:31:00-04:00,7517.25,7517.25,7514.25,7514.25,579
2026-07-08 16:32:00-04:00,7514.5,7515.25,7513.5,7515.25,384
2026-07-08 16:33:00-04:00,7515.25,7516.25,7514.0,7514.0,423
2026-07-08 16:34:00-04:00,7514.0,7514.25,7512.0,7513.25,560
2026-07-08 16:35:00-04:00,7513.0,7513.5,7510.25,7511.75,640
2026-07-08 16:36:00-04:00,7511.75,7512.0,7508.25,7510.0,723
2026-07-08 16:37:00-04:00,7510.0,7511.75,7509.75,7510.0,289
2026-07-08 16:38:00-04:00,7510.0,7511.0,7509.0,7510.5,206
2026-07-08 16:39:00-04:00,7510.75,7513.25,7510.0,7513.0,445
2026-07-08 16:40:00-04:00,7513.0,7516.75,7513.0,7515.25,700
2026-07-08 16:41:00-04:00,7514.75,7516.25,7514.5,7515.75,255
2026-07-08 16:42:00-04:00,7515.5,7517.25,7515.5,7516.75,317
2026-07-08 16:43:00-04:00,7516.5,7517.75,7516.0,7517.75,282
2026-07-08 16:44:00-04:00,7517.5,7517.5,7514.5,7514.75,312
2026-07-08 16:45:00-04:00,7514.75,7515.5,7514.0,7514.75,285
2026-07-08 16:46:00-04:00,7514.75,7515.5,7514.25,7515.0,129
2026-07-08 16:47:00-04:00,7515.0,7516.75,7514.5,7516.5,268
2026-07-08 16:48:00-04:00,7516.25,7517.0,7515.25,7515.75,243
2026-07-08 16:49:00-04:00,7515.5,7516.0,7514.5,7515.25,294
2026-07-08 16:50:00-04:00,7515.5,7516.75,7515.0,7516.75,246
2026-07-08 16:51:00-04:00,7516.25,7518.5,7516.25,7518.25,348
2026-07-08 16:52:00-04:00,7518.5,7518.5,7517.0,7517.0,141
2026-07-08 16:53:00-04:00,7516.75,7517.25,7516.0,7516.5,126
2026-07-08 16:54:00-04:00,7516.5,7517.0,7515.75,7516.0,151
2026-07-08 16:55:00-04:00,7515.75,7516.5,7514.75,7515.0,217
2026-07-08 16:56:00-04:00,7515.0,7516.25,7514.5,7516.25,189
2026-07-08 16:57:00-04:00,7516.0,7517.0,7515.25,7516.0,332
2026-07-08 16:58:00-04:00,7515.75,7517.0,7514.5,7517.0,208
2026-07-08 16:59:00-04:00,7516.5,7517.5,7512.0,7515.25,675
2026-07-08 18:00:00-04:00,7516.5,7520.75,7516.25,7519.75,0
2026-07-08 18:01:00-04:00,7520.0,7520.25,7517.75,7519.5,230
2026-07-08 18:02:00-04:00,7519.75,7522.5,7519.25,7522.5,337
2026-07-08 18:03:00-04:00,7522.0,7523.0,7521.75,7522.0,247
2026-07-08 18:04:00-04:00,7522.5,7522.5,7520.75,7521.75,275
2026-07-08 18:05:00-04:00,7521.5,7522.25,7520.25,7521.5,183
2026-07-08 18:06:00-04:00,7521.0,7523.0,7520.75,7521.0,182
2026-07-08 18:07:00-04:00,7521.0,7521.0,7517.25,7519.5,381
2026-07-08 18:08:00-04:00,7519.25,7521.0,7518.75,7520.25,186
2026-07-08 18:09:00-04:00,7520.5,7520.5,7519.25,7520.25,114
2026-07-08 18:10:00-04:00,7520.75,7521.75,7520.25,7521.25,125
2026-07-08 18:11:00-04:00,7521.5,7522.0,7520.0,7521.75,102
2026-07-08 18:12:00-04:00,7521.5,7522.0,7520.25,7520.25,88
2026-07-08 18:13:00-04:00,7520.75,7521.25,7520.0,7520.5,70
2026-07-08 18:14:00-04:00,7520.5,7520.75,7520.0,7520.5,70
2026-07-08 18:15:00-04:00,7520.5,7522.0,7520.25,7521.75,205
2026-07-08 18:16:00-04:00,7521.75,7522.75,7521.75,7522.5,184
2026-07-08 18:17:00-04:00,7522.5,7522.75,7521.0,7522.0,117
2026-07-08 18:18:00-04:00,7522.0,7522.0,7519.75,7519.75,182
2026-07-08 18:19:00-04:00,7519.5,7520.75,7519.0,7520.5,236
2026-07-08 18:20:00-04:00,7520.25,7520.25,7518.5,7519.25,125
2026-07-08 18:21:00-04:00,7519.25,7519.25,7518.5,7518.75,140
2026-07-08 18:22:00-04:00,7518.75,7518.75,7518.25,7518.75,110
2026-07-08 18:23:00-04:00,7518.75,7519.5,7518.5,7518.5,79
2026-07-08 18:24:00-04:00,7518.75,7520.25,7518.75,7519.5,80
2026-07-08 18:25:00-04:00,7519.75,7519.75,7518.75,7518.75,99
2026-07-08 18:26:00-04:00,7518.75,7519.0,7516.75,7517.5,444
2026-07-08 18:27:00-04:00,7517.75,7518.5,7517.25,7518.0,106
2026-07-08 18:28:00-04:00,7518.25,7519.0,7517.75,7518.25,62
2026-07-08 18:29:00-04:00,7519.0,7519.5,7518.0,7519.5,76
2026-07-08 18:30:00-04:00,7519.5,7521.5,7518.5,7518.5,421
2026-07-08 18:31:00-04:00,7518.25,7518.75,7517.5,7518.25,249
2026-07-08 18:32:00-04:00,7518.0,7518.0,7517.0,7517.75,163
2026-07-08 18:33:00-04:00,7517.75,7519.0,7517.5,7519.0,124
2026-07-08 18:34:00-04:00,7519.0,7523.5,7517.75,7522.25,714
2026-07-08 18:35:00-04:00,7521.5,7522.25,7520.0,7521.0,297
2026-07-08 18:36:00-04:00,7520.5,7521.5,7520.5,7521.0,79
2026-07-08 18:37:00-04:00,7520.75,7521.25,7519.25,7519.75,125
2026-07-08 18:38:00-04:00,7519.75,7519.75,7518.5,7519.0,64
2026-07-08 18:39:00-04:00,7518.5,7519.0,7517.5,7518.25,132
2026-07-08 18:40:00-04:00,7518.5,7519.25,7518.0,7518.75,226
2026-07-08 18:41:00-04:00,7518.25,7518.5,7517.0,7518.25,156
2026-07-08 18:42:00-04:00,7518.25,7518.25,7517.75,7518.0,70
2026-07-08 18:43:00-04:00,7518.0,7518.0,7516.75,7517.75,105
2026-07-08 18:44:00-04:00,7517.5,7518.75,7517.0,7517.0,87
2026-07-08 18:45:00-04:00,7517.0,7518.5,7517.0,7517.25,84
2026-07-08 18:46:00-04:00,7517.5,7518.0,7517.5,7517.75,27
2026-07-08 18:47:00-04:00,7517.5,7518.0,7517.0,7517.5,97
2026-07-08 18:48:00-04:00,7517.75,7518.5,7517.5,7517.75,111
2026-07-08 18:49:00-04:00,7517.75,7518.25,7517.75,7518.0,20
2026-07-08 18:50:00-04:00,7518.25,7518.75,7517.5,7517.75,99
2026-07-08 18:51:00-04:00,7517.75,7518.25,7517.75,7518.0,42
2026-07-08 18:52:00-04:00,7518.25,7519.25,7518.25,7519.0,93
2026-07-08 18:53:00-04:00,7519.0,7519.25,7517.5,7518.25,140
2026-07-08 18:54:00-04:00,7518.0,7518.0,7516.75,7517.25,110
2026-07-08 18:55:00-04:00,7517.5,7517.75,7517.0,7517.5,41
2026-07-08 18:56:00-04:00,7517.25,7518.25,7517.0,7517.75,44
2026-07-08 18:57:00-04:00,7517.75,7518.0,7517.75,7517.75,51
2026-07-08 18:58:00-04:00,7517.75,7518.5,7517.75,7518.0,54
2026-07-08 18:59:00-04:00,7518.25,7519.75,7518.25,7519.0,161
2026-07-08 19:00:00-04:00,7519.25,7519.75,7518.75,7519.75,111
2026-07-08 19:01:00-04:00,7519.75,7520.75,7518.75,7519.0,167
2026-07-08 19:02:00-04:00,7519.0,7519.75,7518.75,7518.75,130
2026-07-08 19:03:00-04:00,7519.0,7520.0,7519.0,7519.75,120
2026-07-08 19:04:00-04:00,7519.5,7519.75,7519.0,7519.25,89
2026-07-08 19:05:00-04:00,7519.5,7520.25,7518.75,7520.0,111
2026-07-08 19:06:00-04:00,7520.25,7522.5,7520.0,7522.25,308
2026-07-08 19:07:00-04:00,7522.0,7522.5,7521.5,7522.0,192
2026-07-08 19:08:00-04:00,7522.0,7522.25,7521.75,7521.75,75
2026-07-08 19:09:00-04:00,7522.25,7522.75,7521.75,7522.0,155
2026-07-08 19:10:00-04:00,7522.0,7522.25,7521.5,7522.0,117
2026-07-08 19:11:00-04:00,7522.25,7522.5,7521.75,7522.25,116
2026-07-08 19:12:00-04:00,7522.25,7522.5,7521.75,7521.75,95
2026-07-08 19:13:00-04:00,7521.5,7522.25,7521.5,7521.75,72
2026-07-08 19:14:00-04:00,7521.75,7522.25,7521.5,7522.0,50
2026-07-08 19:15:00-04:00,7522.25,7522.25,7521.75,7522.0,45
2026-07-08 19:16:00-04:00,7522.0,7522.0,7521.0,7521.0,144
2026-07-08 19:17:00-04:00,7521.0,7521.0,7518.5,7519.0,423
2026-07-08 19:18:00-04:00,7519.25,7519.5,7518.75,7519.0,104
2026-07-08 19:19:00-04:00,7519.0,7519.0,7518.0,7518.0,165
2026-07-08 19:20:00-04:00,7517.75,7517.75,7516.25,7517.25,363
2026-07-08 19:21:00-04:00,7517.5,7517.75,7516.75,7517.5,176
2026-07-08 19:22:00-04:00,7517.25,7518.0,7517.25,7518.0,122
2026-07-08 19:23:00-04:00,7518.0,7519.0,7517.5,7518.75,191
2026-07-08 19:24:00-04:00,7518.75,7519.75,7518.75,7519.0,154
2026-07-08 19:25:00-04:00,7519.25,7519.25,7518.25,7518.25,107
2026-07-08 19:26:00-04:00,7518.25,7519.0,7517.25,7518.25,201
2026-07-08 19:27:00-04:00,7518.5,7519.25,7518.25,7519.0,112
2026-07-08 19:28:00-04:00,7518.5,7519.5,7518.25,7519.25,101
2026-07-08 19:29:00-04:00,7518.75,7520.5,7518.75,7520.25,135
2026-07-08 19:30:00-04:00,7520.5,7520.5,7518.5,7518.5,215
2026-07-08 19:31:00-04:00,7518.5,7518.75,7517.5,7518.75,148
2026-07-08 19:32:00-04:00,7519.0,7520.25,7519.0,7520.0,154
2026-07-08 19:33:00-04:00,7520.25,7522.5,7520.25,7521.75,481
2026-07-08 19:34:00-04:00,7521.75,7522.25,7521.25,7521.5,98
2026-07-08 19:35:00-04:00,7521.25,7525.5,7520.5,7525.0,1207
2026-07-08 19:36:00-04:00,7525.0,7525.0,7522.0,7522.75,521
2026-07-08 19:37:00-04:00,7522.75,7523.0,7522.0,7522.25,131
2026-07-08 19:38:00-04:00,7522.0,7522.25,7520.5,7521.0,276
2026-07-08 19:39:00-04:00,7521.25,7521.5,7520.75,7521.0,47
2026-07-08 19:40:00-04:00,7521.25,7522.75,7520.5,7522.25,176
2026-07-08 19:41:00-04:00,7522.75,7523.5,7522.5,7523.0,225
2026-07-08 19:42:00-04:00,7523.25,7523.75,7522.0,7522.0,129
2026-07-08 19:43:00-04:00,7522.5,7523.25,7522.0,7522.5,99
2026-07-08 19:44:00-04:00,7522.5,7525.0,7522.25,7524.25,237
2026-07-08 19:45:00-04:00,7524.5,7526.0,7523.75,7525.75,593
2026-07-08 19:46:00-04:00,7526.0,7527.25,7523.75,7524.75,520
2026-07-08 19:47:00-04:00,7524.25,7525.0,7523.5,7524.75,173
2026-07-08 19:48:00-04:00,7524.5,7525.25,7524.25,7524.5,136
2026-07-08 19:49:00-04:00,7524.75,7524.75,7523.25,7524.75,227
2026-07-08 19:50:00-04:00,7525.0,7525.25,7523.0,7524.25,321
2026-07-08 19:51:00-04:00,7524.5,7524.75,7523.5,7523.5,141
2026-07-08 19:52:00-04:00,7523.75,7524.25,7523.25,7524.25,209
2026-07-08 19:53:00-04:00,7524.0,7525.75,7523.5,7524.75,198
2026-07-08 19:54:00-04:00,7525.0,7526.0,7524.75,7525.75,113
2026-07-08 19:55:00-04:00,7525.5,7527.75,7525.5,7527.5,369
2026-07-08 19:56:00-04:00,7527.5,7528.0,7526.5,7527.0,380
2026-07-08 19:57:00-04:00,7527.25,7528.5,7527.25,7528.0,253
2026-07-08 19:58:00-04:00,7528.25,7528.75,7527.25,7527.5,259
2026-07-08 19:59:00-04:00,7527.0,7528.25,7526.75,7527.25,334
2026-07-08 20:00:00-04:00,7527.0,7530.75,7526.75,7527.5,1094
2026-07-08 20:01:00-04:00,7527.5,7528.75,7525.5,7526.0,647
2026-07-08 20:02:00-04:00,7525.75,7528.5,7525.5,7528.25,513
2026-07-08 20:03:00-04:00,7528.0,7529.5,7527.75,7528.75,325
2026-07-08 20:04:00-04:00,7528.75,7530.25,7528.25,7528.75,426
2026-07-08 20:05:00-04:00,7528.75,7529.75,7527.25,7529.75,344
2026-07-08 20:06:00-04:00,7529.75,7530.0,7528.0,7529.25,294
2026-07-08 20:07:00-04:00,7529.25,7531.0,7529.25,7530.25,328
2026-07-08 20:08:00-04:00,7530.25,7532.0,7529.25,7531.75,424
2026-07-08 20:09:00-04:00,7532.0,7532.5,7530.5,7531.0,471
2026-07-08 20:10:00-04:00,7530.75,7531.25,7529.0,7529.75,384
2026-07-08 20:11:00-04:00,7529.75,7533.5,7529.5,7532.25,559
2026-07-08 20:12:00-04:00,7532.0,7532.75,7531.5,7532.75,264
2026-07-08 20:13:00-04:00,7532.75,7533.5,7532.0,7533.25,250
2026-07-08 20:14:00-04:00,7533.0,7534.0,7532.75,7533.5,335
2026-07-08 20:15:00-04:00,7533.5,7533.75,7532.25,7533.75,404
2026-07-08 20:16:00-04:00,7533.5,7533.75,7530.5,7531.0,451
2026-07-08 20:17:00-04:00,7531.0,7531.25,7529.75,7530.75,290
2026-07-08 20:18:00-04:00,7530.75,7531.0,7527.5,7529.5,610
2026-07-08 20:19:00-04:00,7529.25,7529.25,7526.75,7527.75,352
2026-07-08 20:20:00-04:00,7527.75,7528.75,7527.25,7528.25,256
2026-07-08 20:21:00-04:00,7528.25,7530.75,7527.75,7530.5,529
2026-07-08 20:22:00-04:00,7530.5,7531.25,7530.0,7530.25,213
2026-07-08 20:23:00-04:00,7530.25,7531.0,7530.0,7530.5,104
2026-07-08 20:24:00-04:00,7530.5,7530.75,7529.75,7530.5,126
2026-07-08 20:25:00-04:00,7530.5,7531.25,7530.0,7530.0,136
2026-07-08 20:26:00-04:00,7530.0,7531.25,7529.75,7530.0,157
2026-07-08 20:27:00-04:00,7530.5,7532.0,7530.25,7531.75,187
2026-07-08 20:28:00-04:00,7531.5,7532.25,7531.25,7532.25,128
2026-07-08 20:29:00-04:00,7532.25,7534.0,7532.0,7533.5,492
2026-07-08 20:30:00-04:00,7533.5,7536.75,7533.5,7535.75,1244
2026-07-08 20:31:00-04:00,7535.5,7536.25,7532.0,7532.25,427
2026-07-08 20:32:00-04:00,7532.5,7534.5,7532.0,7534.25,309
2026-07-08 20:33:00-04:00,7534.0,7534.0,7531.25,7532.0,235
2026-07-08 20:34:00-04:00,7532.0,7532.75,7531.0,7532.5,266
2026-07-08 20:35:00-04:00,7532.5,7532.75,7531.0,7531.5,205
2026-07-08 20:36:00-04:00,7531.25,7535.0,7531.0,7534.75,350
2026-07-08 20:37:00-04:00,7534.75,7535.75,7534.25,7535.0,421
2026-07-08 20:38:00-04:00,7535.0,7536.0,7534.5,7535.5,245
2026-07-08 20:39:00-04:00,7535.75,7535.75,7533.5,7534.0,245
2026-07-08 20:40:00-04:00,7533.75,7534.0,7531.0,7532.5,298
2026-07-08 20:41:00-04:00,7532.75,7533.0,7531.25,7531.5,201
2026-07-08 20:42:00-04:00,7531.75,7532.25,7531.75,7531.75,104
2026-07-08 20:43:00-04:00,7531.75,7532.5,7531.5,7532.0,84
2026-07-08 20:44:00-04:00,7531.75,7532.5,7531.0,7531.75,165
2026-07-08 20:45:00-04:00,7531.5,7532.75,7531.0,7532.5,211
2026-07-08 20:46:00-04:00,7532.5,7534.0,7532.5,7533.5,222
2026-07-08 20:47:00-04:00,7533.25,7534.5,7533.25,7533.5,234
2026-07-08 20:48:00-04:00,7533.75,7534.25,7533.5,7534.0,156
2026-07-08 20:49:00-04:00,7534.0,7536.25,7534.0,7535.5,525
2026-07-08 20:50:00-04:00,7535.5,7535.75,7533.5,7533.75,334
2026-07-08 20:51:00-04:00,7533.5,7534.25,7531.75,7532.25,323
2026-07-08 20:52:00-04:00,7532.5,7532.5,7531.0,7531.25,255
2026-07-08 20:53:00-04:00,7531.5,7532.75,7530.5,7530.5,172
2026-07-08 20:54:00-04:00,7530.5,7531.0,7528.75,7529.5,531
2026-07-08 20:55:00-04:00,7529.25,7530.25,7528.75,7530.0,196
2026-07-08 20:56:00-04:00,7530.0,7531.5,7529.25,7531.5,238
2026-07-08 20:57:00-04:00,7531.75,7531.75,7529.0,7530.5,196
2026-07-08 20:58:00-04:00,7530.0,7531.25,7530.0,7531.0,123
2026-07-08 20:59:00-04:00,7530.75,7532.75,7530.5,7532.5,258
2026-07-08 21:00:00-04:00,7532.5,7533.25,7530.75,7533.25,407
2026-07-08 21:01:00-04:00,7533.0,7534.0,7532.0,7532.0,317
2026-07-08 21:02:00-04:00,7532.25,7532.75,7529.25,7529.75,251
2026-07-08 21:03:00-04:00,7529.75,7530.25,7529.0,7529.0,296
2026-07-08 21:04:00-04:00,7529.25,7529.75,7527.75,7529.25,472
2026-07-08 21:05:00-04:00,7529.0,7530.0,7528.5,7530.0,207
2026-07-08 21:06:00-04:00,7530.0,7531.25,7529.75,7531.25,210
2026-07-08 21:07:00-04:00,7531.25,7533.5,7531.25,7533.0,364
2026-07-08 21:08:00-04:00,7533.0,7533.75,7532.5,7533.75,219
2026-07-08 21:09:00-04:00,7533.5,7535.5,7533.25,7535.25,411
2026-07-08 21:10:00-04:00,7535.5,7535.5,7534.5,7534.5,316
2026-07-08 21:11:00-04:00,7534.5,7534.75,7534.0,7534.25,195
2026-07-08 21:12:00-04:00,7534.25,7535.25,7533.75,7534.5,153
2026-07-08 21:13:00-04:00,7534.5,7534.75,7533.5,7533.75,146
2026-07-08 21:14:00-04:00,7534.0,7534.25,7532.75,7533.0,284
2026-07-08 21:15:00-04:00,7532.75,7533.25,7531.25,7532.5,313
2026-07-08 21:16:00-04:00,7532.5,7533.25,7532.0,7533.0,152
2026-07-08 21:17:00-04:00,7533.0,7534.25,7533.0,7534.0,187
2026-07-08 21:18:00-04:00,7534.25,7535.75,7533.75,7534.75,376
2026-07-08 21:19:00-04:00,7534.75,7535.5,7534.5,7535.25,143
2026-07-08 21:20:00-04:00,7535.25,7537.25,7534.5,7535.0,662
2026-07-08 21:21:00-04:00,7535.0,7535.25,7533.5,7534.25,239
2026-07-08 21:22:00-04:00,7534.0,7534.5,7533.0,7534.5,138
2026-07-08 21:23:00-04:00,7534.25,7535.0,7533.5,7533.75,114
2026-07-08 21:24:00-04:00,7533.75,7534.0,7532.25,7533.0,302
2026-07-08 21:25:00-04:00,7533.25,7533.75,7531.5,7531.75,235
2026-07-08 21:26:00-04:00,7531.75,7532.0,7531.0,7531.5,164
2026-07-08 21:27:00-04:00,7531.75,7533.5,7530.75,7533.25,256
2026-07-08 21:28:00-04:00,7533.25,7534.25,7532.25,7532.5,145
2026-07-08 21:29:00-04:00,7532.75,7534.25,7532.5,7533.75,102
2026-07-08 21:30:00-04:00,7534.25,7535.5,7532.5,7533.0,241
2026-07-08 21:31:00-04:00,7532.75,7533.75,7531.25,7533.75,180
2026-07-08 21:32:00-04:00,7533.75,7535.0,7533.25,7534.25,160
2026-07-08 21:33:00-04:00,7534.25,7534.25,7533.25,7533.5,112
2026-07-08 21:34:00-04:00,7533.5,7534.25,7533.0,7533.75,90
2026-07-08 21:35:00-04:00,7533.75,7535.25,7533.5,7535.0,113
2026-07-08 21:36:00-04:00,7535.0,7535.75,7534.75,7535.5,151
2026-07-08 21:37:00-04:00,7535.25,7535.5,7533.75,7534.75,115
2026-07-08 21:38:00-04:00,7534.75,7535.25,7534.25,7534.5,82
2026-07-08 21:39:00-04:00,7534.5,7534.75,7533.75,7534.5,72
2026-07-08 21:40:00-04:00,7534.5,7534.75,7533.5,7533.75,116
2026-07-08 21:41:00-04:00,7533.75,7534.5,7533.5,7534.25,82
2026-07-08 21:42:00-04:00,7533.75,7535.5,7533.75,7535.5,156
2026-07-08 21:43:00-04:00,7535.5,7535.5,7534.25,7535.0,196
2026-07-08 21:44:00-04:00,7535.0,7536.25,7535.0,7536.0,174
2026-07-08 21:45:00-04:00,7536.0,7536.25,7535.25,7535.75,136
2026-07-08 21:46:00-04:00,7535.5,7536.0,7534.0,7535.75,192
2026-07-08 21:47:00-04:00,7536.0,7536.75,7536.0,7536.5,209
2026-07-08 21:48:00-04:00,7536.25,7537.75,7536.25,7536.25,333
2026-07-08 21:49:00-04:00,7536.5,7538.0,7536.0,7537.75,229
2026-07-08 21:50:00-04:00,7537.75,7538.0,7535.75,7536.5,317
2026-07-08 21:51:00-04:00,7536.5,7537.25,7536.25,7537.0,80
2026-07-08 21:52:00-04:00,7537.0,7537.0,7534.75,7534.75,216
2026-07-08 21:53:00-04:00,7534.5,7535.0,7532.25,7532.5,566
2026-07-08 21:54:00-04:00,7532.5,7533.0,7531.25,7531.25,375
2026-07-08 21:55:00-04:00,7531.25,7531.5,7528.75,7530.75,756
2026-07-08 21:56:00-04:00,7531.0,7531.5,7529.25,7530.25,515
2026-07-08 21:57:00-04:00,7529.75,7531.0,7529.5,7530.25,259
2026-07-08 21:58:00-04:00,7530.25,7531.25,7529.25,7529.5,152
2026-07-08 21:59:00-04:00,7529.5,7531.0,7529.25,7530.25,210
2026-07-08 22:00:00-04:00,7530.25,7531.75,7529.0,7529.25,406
2026-07-08 22:01:00-04:00,7529.5,7530.25,7528.75,7529.0,259
2026-07-08 22:02:00-04:00,7529.0,7529.25,7527.0,7528.5,737
2026-07-08 22:03:00-04:00,7528.5,7530.0,7527.5,7529.75,341
2026-07-08 22:04:00-04:00,7530.0,7531.25,7529.75,7530.75,309
2026-07-08 22:05:00-04:00,7531.0,7532.0,7530.25,7532.0,296
2026-07-08 22:06:00-04:00,7531.75,7532.0,7530.75,7531.0,190
2026-07-08 22:07:00-04:00,7530.75,7534.0,7530.75,7533.75,580
2026-07-08 22:08:00-04:00,7533.75,7536.75,7533.75,7534.75,584
2026-07-08 22:09:00-04:00,7534.75,7536.0,7534.25,7535.5,287
2026-07-08 22:10:00-04:00,7535.25,7537.25,7535.0,7536.5,266
2026-07-08 22:11:00-04:00,7536.25,7538.5,7535.75,7537.75,823
2026-07-08 22:12:00-04:00,7538.0,7539.0,7536.75,7537.75,297
2026-07-08 22:13:00-04:00,7538.0,7538.0,7536.25,7537.0,219
2026-07-08 22:14:00-04:00,7537.25,7538.75,7537.0,7538.25,171
2026-07-08 22:15:00-04:00,7538.5,7540.0,7538.0,7539.5,559
2026-07-08 22:16:00-04:00,7539.5,7540.25,7537.75,7538.75,398
2026-07-08 22:17:00-04:00,7538.5,7539.0,7536.75,7537.25,230
2026-07-08 22:18:00-04:00,7537.5,7539.75,7537.5,7539.5,144
2026-07-08 22:19:00-04:00,7539.5,7540.25,7539.0,7540.0,162
2026-07-08 22:20:00-04:00,7540.0,7540.5,7539.0,7540.5,234
2026-07-08 22:21:00-04:00,7540.25,7543.5,7540.25,7541.25,1017
2026-07-08 22:22:00-04:00,7541.5,7541.75,7539.5,7540.25,341
2026-07-08 22:23:00-04:00,7540.25,7541.0,7539.5,7540.5,215
2026-07-08 22:24:00-04:00,7540.5,7540.5,7538.25,7538.25,387
2026-07-08 22:25:00-04:00,7538.25,7540.0,7538.25,7538.75,256
2026-07-08 22:26:00-04:00,7538.75,7538.75,7537.75,7538.5,184
2026-07-08 22:27:00-04:00,7538.5,7538.5,7537.5,7537.5,141
2026-07-08 22:28:00-04:00,7537.75,7538.75,7537.75,7538.75,123
2026-07-08 22:29:00-04:00,7538.75,7540.0,7538.75,7539.25,226
2026-07-08 22:30:00-04:00,7539.25,7540.75,7539.0,7540.0,268
2026-07-08 22:31:00-04:00,7540.0,7540.75,7539.75,7540.25,124
2026-07-08 22:32:00-04:00,7540.25,7540.25,7539.0,7539.0,126
2026-07-08 22:33:00-04:00,7539.25,7539.25,7537.5,7538.0,118
2026-07-08 22:34:00-04:00,7537.75,7538.25,7537.0,7537.25,147
2026-07-08 22:35:00-04:00,7537.25,7537.25,7533.5,7533.5,628
2026-07-08 22:36:00-04:00,7533.5,7534.75,7533.25,7534.75,396
2026-07-08 22:37:00-04:00,7534.5,7536.0,7534.25,7535.25,258
2026-07-08 22:38:00-04:00,7535.25,7536.75,7534.5,7536.75,144
2026-07-08 22:39:00-04:00,7536.5,7537.5,7535.5,7535.75,212
2026-07-08 22:40:00-04:00,7535.75,7536.25,7535.5,7535.5,115
2026-07-08 22:41:00-04:00,7535.75,7535.75,7534.25,7534.5,167
2026-07-08 22:42:00-04:00,7534.5,7535.0,7533.5,7533.5,193
2026-07-08 22:43:00-04:00,7534.0,7534.5,7533.5,7534.0,129
2026-07-08 22:44:00-04:00,7534.0,7534.0,7531.5,7531.5,429
2026-07-08 22:45:00-04:00,7531.75,7532.5,7531.0,7531.25,424
2026-07-08 22:46:00-04:00,7531.0,7531.75,7530.75,7531.0,247
2026-07-08 22:47:00-04:00,7530.75,7532.0,7530.75,7531.0,188
2026-07-08 22:48:00-04:00,7531.25,7531.75,7530.0,7530.0,254
2026-07-08 22:49:00-04:00,7530.0,7530.75,7528.0,7529.75,532
2026-07-08 22:50:00-04:00,7530.0,7530.25,7529.25,7529.5,349
2026-07-08 22:51:00-04:00,7529.75,7530.0,7527.75,7528.75,368
2026-07-08 22:52:00-04:00,7528.5,7529.25,7528.0,7528.5,270
2026-07-08 22:53:00-04:00,7528.25,7528.75,7526.75,7528.0,458
2026-07-08 22:54:00-04:00,7528.25,7529.75,7528.25,7529.5,250
2026-07-08 22:55:00-04:00,7529.5,7529.5,7527.5,7528.75,200
2026-07-08 22:56:00-04:00,7528.75,7530.25,7528.75,7529.75,297
2026-07-08 22:57:00-04:00,7529.75,7530.25,7528.25,7528.5,225
2026-07-08 22:58:00-04:00,7528.25,7529.25,7528.0,7528.75,104
2026-07-08 22:59:00-04:00,7528.75,7528.75,7527.5,7528.5,155
2026-07-08 23:00:00-04:00,7528.75,7529.25,7526.25,7526.75,505
2026-07-08 23:01:00-04:00,7526.25,7527.25,7525.5,7526.75,412
2026-07-08 23:02:00-04:00,7527.25,7528.25,7526.5,7527.25,307
2026-07-08 23:03:00-04:00,7527.25,7529.0,7526.75,7527.0,339
2026-07-08 23:04:00-04:00,7527.0,7527.5,7526.5,7527.25,270
2026-07-08 23:05:00-04:00,7527.25,7529.0,7527.0,7528.75,139
2026-07-08 23:06:00-04:00,7528.5,7530.0,7528.0,7528.75,214
2026-07-08 23:07:00-04:00,7528.5,7529.5,7528.0,7528.25,165
2026-07-08 23:08:00-04:00,7528.5,7530.5,7528.5,7530.25,201
2026-07-08 23:09:00-04:00,7529.75,7530.25,7528.5,7529.5,140
2026-07-08 23:10:00-04:00,7529.5,7529.75,7526.5,7527.5,308
2026-07-08 23:11:00-04:00,7527.25,7528.75,7526.25,7528.25,110
2026-07-08 23:12:00-04:00,7528.25,7528.5,7526.0,7526.5,231
2026-07-08 23:13:00-04:00,7526.75,7527.25,7526.25,7526.75,100
2026-07-08 23:14:00-04:00,7527.0,7528.25,7526.25,7527.5,191
2026-07-08 23:15:00-04:00,7527.75,7528.75,7527.0,7527.5,224
2026-07-08 23:16:00-04:00,7527.5,7528.0,7526.5,7527.0,171
2026-07-08 23:17:00-04:00,7527.5,7527.75,7526.0,7526.0,89
2026-07-08 23:18:00-04:00,7526.25,7526.5,7525.0,7526.0,446
2026-07-08 23:19:00-04:00,7526.0,7526.5,7524.75,7526.25,277
2026-07-08 23:20:00-04:00,7526.5,7527.5,7526.5,7527.25,144
2026-07-08 23:21:00-04:00,7527.0,7527.5,7525.75,7527.25,110
2026-07-08 23:22:00-04:00,7527.5,7529.75,7527.25,7529.0,336
2026-07-08 23:23:00-04:00,7528.75,7529.25,7527.75,7529.0,161
2026-07-08 23:24:00-04:00,7529.0,7529.75,7528.5,7529.75,84
2026-07-08 23:25:00-04:00,7529.75,7532.0,7529.5,7532.0,532
2026-07-08 23:26:00-04:00,7531.75,7534.0,7531.5,7533.5,377
2026-07-08 23:27:00-04:00,7533.75,7535.25,7533.25,7533.5,365
2026-07-08 23:28:00-04:00,7533.5,7534.0,7533.25,7534.0,130
2026-07-08 23:29:00-04:00,7534.0,7535.25,7533.25,7535.0,192
2026-07-08 23:30:00-04:00,7535.25,7536.75,7534.5,7535.25,514
2026-07-08 23:31:00-04:00,7535.0,7536.0,7534.25,7535.25,177
2026-07-08 23:32:00-04:00,7535.0,7537.5,7535.0,7536.75,418
2026-07-08 23:33:00-04:00,7536.75,7539.0,7536.25,7538.5,489
2026-07-08 23:34:00-04:00,7538.25,7538.75,7537.25,7537.25,171
2026-07-08 23:35:00-04:00,7537.25,7538.0,7536.25,7537.5,239
2026-07-08 23:36:00-04:00,7537.25,7537.75,7536.75,7537.25,167
2026-07-08 23:37:00-04:00,7537.0,7538.0,7537.0,7537.5,120
2026-07-08 23:38:00-04:00,7538.0,7538.0,7537.0,7537.75,127
2026-07-08 23:39:00-04:00,7538.25,7538.25,7537.25,7537.75,72
2026-07-08 23:40:00-04:00,7537.75,7538.25,7536.75,7537.0,160
2026-07-08 23:41:00-04:00,7536.75,7538.0,7536.5,7536.75,194
2026-07-08 23:42:00-04:00,7536.75,7537.5,7536.0,7536.75,195
2026-07-08 23:43:00-04:00,7536.75,7538.25,7536.75,7537.75,144
2026-07-08 23:44:00-04:00,7537.75,7539.75,7537.25,7539.5,271
2026-07-08 23:45:00-04:00,7539.5,7539.5,7538.25,7539.25,204
2026-07-08 23:46:00-04:00,7539.0,7539.75,7538.75,7538.75,194
2026-07-08 23:47:00-04:00,7538.5,7539.0,7537.25,7539.0,174
2026-07-08 23:48:00-04:00,7539.25,7539.75,7538.75,7538.75,210
2026-07-08 23:49:00-04:00,7539.0,7539.5,7538.5,7538.5,108
2026-07-08 23:50:00-04:00,7538.75,7539.5,7538.25,7538.5,150
2026-07-08 23:51:00-04:00,7538.5,7539.0,7538.0,7538.75,118
2026-07-08 23:52:00-04:00,7538.75,7539.0,7538.0,7538.75,91
2026-07-08 23:53:00-04:00,7538.75,7539.5,7538.5,7539.0,85
2026-07-08 23:54:00-04:00,7538.75,7539.25,7538.25,7539.25,61
2026-07-08 23:55:00-04:00,7539.25,7540.0,7539.0,7539.5,173
2026-07-08 23:56:00-04:00,7539.5,7539.5,7539.0,7539.25,69
2026-07-08 23:57:00-04:00,7539.25,7539.25,7537.75,7538.5,130
2026-07-08 23:58:00-04:00,7538.25,7539.0,7538.25,7539.0,81
2026-07-09 00:09:00-04:00,7539.0,7539.5,7538.75,7539.25,78
2026-07-09 00:10:00-04:00,7539.0,7539.25,7538.5,7538.5,63
2026-07-09 00:11:00-04:00,7538.5,7539.5,7537.5,7538.75,190
2026-07-09 00:12:00-04:00,7539.0,7539.5,7538.25,7539.5,75
2026-07-09 00:13:00-04:00,7539.5,7539.75,7538.75,7539.0,99
2026-07-09 00:14:00-04:00,7539.0,7539.5,7538.0,7538.0,60
2026-07-09 00:15:00-04:00,7538.25,7539.5,7538.0,7539.0,66
2026-07-09 00:16:00-04:00,7539.0,7540.75,7538.75,7540.5,163
2026-07-09 00:17:00-04:00,7540.5,7540.75,7538.5,7539.0,86
2026-07-09 00:18:00-04:00,7538.75,7539.25,7537.75,7538.25,73
2026-07-09 00:19:00-04:00,7538.25,7538.25,7537.75,7538.0,80
2026-07-09 00:20:00-04:00,7538.0,7538.5,7537.5,7538.25,75
2026-07-09 00:21:00-04:00,7538.25,7538.75,7537.25,7538.25,138
2026-07-09 00:22:00-04:00,7538.5,7538.5,7537.75,7538.5,76
2026-07-09 00:23:00-04:00,7538.0,7538.25,7537.25,7537.25,44
2026-07-09 00:24:00-04:00,7537.25,7537.75,7536.25,7536.25,243
2026-07-09 00:25:00-04:00,7536.5,7536.75,7535.25,7535.25,175
2026-07-09 00:26:00-04:00,7535.25,7536.25,7535.0,7535.75,146
2026-07-09 00:27:00-04:00,7535.5,7536.25,7535.0,7536.0,200
2026-07-09 00:28:00-04:00,7536.25,7537.5,7536.0,7536.5,169
2026-07-09 00:29:00-04:00,7536.5,7537.25,7534.5,7536.0,381
2026-07-09 00:30:00-04:00,7536.0,7539.0,7536.0,7539.0,219
2026-07-09 00:31:00-04:00,7538.75,7541.25,7538.75,7541.0,338
2026-07-09 00:32:00-04:00,7541.0,7543.0,7540.5,7542.75,443
2026-07-09 00:33:00-04:00,7542.75,7543.25,7541.25,7541.75,299
2026-07-09 00:34:00-04:00,7542.0,7542.5,7541.5,7542.0,193
2026-07-09 00:35:00-04:00,7541.75,7542.25,7541.75,7542.0,117
2026-07-09 00:36:00-04:00,7541.75,7542.75,7540.75,7542.5,200
2026-07-09 00:37:00-04:00,7542.5,7543.0,7541.75,7542.5,121
2026-07-09 00:38:00-04:00,7542.75,7543.25,7542.25,7543.25,68
2026-07-09 00:39:00-04:00,7543.0,7544.0,7542.75,7543.0,234
2026-07-09 00:40:00-04:00,7543.0,7543.5,7542.25,7542.25,120
2026-07-09 00:41:00-04:00,7542.5,7543.5,7541.75,7543.0,110
2026-07-09 00:42:00-04:00,7543.0,7543.25,7542.25,7542.5,103
2026-07-09 00:43:00-04:00,7542.5,7544.0,7541.75,7543.25,181
2026-07-09 00:44:00-04:00,7543.25,7543.5,7542.75,7543.5,161
2026-07-09 00:45:00-04:00,7543.5,7543.75,7542.75,7543.25,75
2026-07-09 00:46:00-04:00,7543.25,7543.5,7542.75,7543.0,51
2026-07-09 00:47:00-04:00,7543.0,7543.75,7542.5,7543.5,98
2026-07-09 00:48:00-04:00,7543.75,7543.75,7541.5,7543.0,277
2026-07-09 00:49:00-04:00,7543.0,7543.0,7541.75,7542.5,66
2026-07-09 00:50:00-04:00,7542.5,7544.25,7542.5,7544.0,135
2026-07-09 00:51:00-04:00,7544.0,7546.75,7543.5,7544.25,785
2026-07-09 00:52:00-04:00,7544.25,7544.75,7543.75,7544.75,116
2026-07-09 00:53:00-04:00,7544.75,7545.0,7543.75,7544.0,110
2026-07-09 00:54:00-04:00,7544.0,7545.75,7544.0,7545.5,152
2026-07-09 00:55:00-04:00,7545.5,7547.0,7545.25,7545.5,463
2026-07-09 00:56:00-04:00,7545.25,7546.0,7545.25,7545.5,74
2026-07-09 00:57:00-04:00,7545.75,7546.0,7545.25,7545.75,115
2026-07-09 00:58:00-04:00,7545.75,7546.0,7545.25,7545.25,178
2026-07-09 00:59:00-04:00,7545.5,7546.0,7545.25,7546.0,111
2026-07-09 01:00:00-04:00,7546.0,7546.5,7545.0,7546.25,295
2026-07-09 01:01:00-04:00,7546.0,7547.0,7546.0,7546.0,131
2026-07-09 01:02:00-04:00,7545.75,7545.75,7544.25,7544.5,109
2026-07-09 01:03:00-04:00,7544.5,7544.75,7544.0,7544.25,158
2026-07-09 01:04:00-04:00,7544.0,7544.25,7543.5,7544.0,93
2026-07-09 01:05:00-04:00,7544.25,7544.25,7542.0,7542.0,255
2026-07-09 01:06:00-04:00,7542.25,7542.5,7540.0,7541.5,611
2026-07-09 01:07:00-04:00,7541.75,7542.0,7541.0,7541.25,89
2026-07-09 01:08:00-04:00,7541.0,7541.75,7540.5,7541.25,139
2026-07-09 01:09:00-04:00,7541.25,7543.25,7540.75,7541.75,420
2026-07-09 01:10:00-04:00,7542.0,7543.75,7542.0,7542.75,168
2026-07-09 01:11:00-04:00,7543.25,7554.0,7543.0,7550.0,3365
2026-07-09 01:12:00-04:00,7550.25,7550.5,7548.75,7549.5,466
2026-07-09 01:13:00-04:00,7549.75,7553.25,7549.75,7550.75,375
2026-07-09 01:14:00-04:00,7550.5,7550.5,7548.25,7549.25,183
2026-07-09 01:15:00-04:00,7549.25,7550.25,7547.5,7548.0,396
2026-07-09 01:16:00-04:00,7548.0,7548.0,7544.75,7545.25,659
2026-07-09 01:17:00-04:00,7545.25,7546.0,7543.75,7546.0,269
2026-07-09 01:18:00-04:00,7546.0,7546.0,7542.25,7543.0,336
2026-07-09 01:19:00-04:00,7543.0,7543.25,7542.0,7543.25,135
2026-07-09 01:20:00-04:00,7543.25,7544.0,7542.25,7543.0,120
2026-07-09 01:21:00-04:00,7543.25,7543.25,7541.75,7542.5,160
2026-07-09 01:22:00-04:00,7542.0,7542.0,7540.5,7542.0,166
2026-07-09 01:23:00-04:00,7542.0,7542.25,7540.75,7541.25,129
2026-07-09 01:24:00-04:00,7541.5,7542.5,7541.0,7541.5,118
2026-07-09 01:25:00-04:00,7541.5,7542.75,7541.25,7541.25,122
2026-07-09 01:26:00-04:00,7541.25,7542.25,7540.75,7542.0,125
2026-07-09 01:27:00-04:00,7542.25,7543.0,7541.5,7541.75,136
2026-07-09 01:28:00-04:00,7542.25,7542.75,7541.5,7542.5,100
2026-07-09 01:29:00-04:00,7542.25,7542.5,7541.0,7541.25,95
2026-07-09 01:30:00-04:00,7541.5,7542.0,7537.75,7537.75,496
2026-07-09 01:31:00-04:00,7537.5,7538.25,7536.75,7537.75,320
2026-07-09 01:32:00-04:00,7537.5,7537.5,7535.75,7536.75,326
2026-07-09 01:33:00-04:00,7536.75,7540.0,7536.75,7540.0,271
2026-07-09 01:34:00-04:00,7540.0,7543.75,7539.75,7543.75,302
2026-07-09 01:35:00-04:00,7543.75,7545.0,7543.0,7543.5,303
2026-07-09 01:36:00-04:00,7544.0,7544.5,7542.25,7544.25,197
2026-07-09 01:37:00-04:00,7544.0,7544.25,7542.25,7543.25,150
2026-07-09 01:38:00-04:00,7542.5,7544.0,7542.5,7542.75,79
2026-07-09 01:39:00-04:00,7542.75,7544.0,7542.25,7543.0,79
2026-07-09 01:40:00-04:00,7543.5,7544.0,7542.5,7544.0,88
2026-07-09 01:41:00-04:00,7544.0,7544.0,7541.75,7542.25,112
2026-07-09 01:42:00-04:00,7542.75,7543.25,7541.25,7542.0,119
2026-07-09 01:43:00-04:00,7541.75,7543.25,7541.5,7543.25,92
2026-07-09 01:44:00-04:00,7543.25,7545.0,7543.0,7545.0,123
2026-07-09 01:45:00-04:00,7545.0,7545.5,7544.25,7544.5,142
2026-07-09 01:46:00-04:00,7544.5,7545.5,7544.25,7545.5,134
2026-07-09 01:47:00-04:00,7545.5,7547.25,7545.5,7546.75,286
2026-07-09 01:48:00-04:00,7546.5,7547.25,7546.0,7546.75,130
2026-07-09 01:49:00-04:00,7546.5,7548.5,7546.0,7548.25,277
2026-07-09 01:50:00-04:00,7548.5,7548.75,7547.5,7548.0,298
2026-07-09 01:51:00-04:00,7548.0,7549.0,7547.5,7548.5,133
2026-07-09 01:52:00-04:00,7548.75,7548.75,7547.5,7547.75,249
2026-07-09 01:53:00-04:00,7548.0,7549.25,7547.5,7549.0,248
2026-07-09 01:54:00-04:00,7548.75,7549.75,7548.75,7549.0,165
2026-07-09 01:55:00-04:00,7548.75,7551.0,7548.0,7550.5,392
2026-07-09 01:56:00-04:00,7550.5,7550.75,7549.75,7550.0,103
2026-07-09 01:57:00-04:00,7549.75,7550.5,7549.75,7550.25,78
2026-07-09 01:58:00-04:00,7550.25,7551.75,7550.25,7551.5,165
2026-07-09 01:59:00-04:00,7551.5,7552.75,7550.25,7552.5,279
2026-07-09 02:00:00-04:00,7552.25,7553.5,7552.25,7553.25,319
2026-07-09 02:01:00-04:00,7553.25,7553.25,7551.25,7551.5,268
2026-07-09 02:02:00-04:00,7552.0,7553.0,7551.5,7552.5,213
2026-07-09 02:03:00-04:00,7552.5,7553.25,7552.0,7552.75,212
2026-07-09 02:04:00-04:00,7552.75,7553.0,7549.75,7550.0,485
2026-07-09 02:05:00-04:00,7549.5,7550.0,7548.0,7548.5,302
2026-07-09 02:06:00-04:00,7548.5,7548.5,7547.0,7548.25,193
2026-07-09 02:07:00-04:00,7548.25,7548.75,7547.0,7547.5,257
2026-07-09 02:08:00-04:00,7547.5,7549.25,7547.25,7549.0,249
2026-07-09 02:09:00-04:00,7549.0,7550.75,7548.5,7549.25,317
2026-07-09 02:10:00-04:00,7549.25,7550.0,7548.75,7548.75,289
2026-07-09 02:11:00-04:00,7548.75,7549.25,7548.0,7548.0,62
2026-07-09 02:12:00-04:00,7548.0,7550.0,7547.75,7549.75,95
2026-07-09 02:13:00-04:00,7549.75,7551.0,7549.75,7550.75,140
2026-07-09 02:14:00-04:00,7550.75,7550.75,7549.75,7550.25,180
2026-07-09 02:15:00-04:00,7550.25,7552.0,7549.75,7552.0,254
2026-07-09 02:16:00-04:00,7552.0,7552.25,7551.25,7551.5,125
2026-07-09 02:17:00-04:00,7551.75,7553.25,7551.5,7553.0,243
2026-07-09 02:18:00-04:00,7552.75,7553.0,7551.25,7551.25,146
2026-07-09 02:19:00-04:00,7551.25,7552.0,7551.25,7551.75,138
2026-07-09 02:20:00-04:00,7551.75,7552.0,7550.25,7550.5,125
2026-07-09 02:21:00-04:00,7550.5,7551.75,7550.25,7551.25,77
2026-07-09 02:22:00-04:00,7551.25,7552.5,7551.0,7552.5,151
2026-07-09 02:23:00-04:00,7552.5,7552.5,7551.25,7552.25,155
2026-07-09 02:24:00-04:00,7552.5,7552.75,7551.75,7552.0,201
2026-07-09 02:25:00-04:00,7552.0,7553.25,7551.75,7552.75,162
2026-07-09 02:26:00-04:00,7553.0,7553.5,7552.5,7552.75,155
2026-07-09 02:27:00-04:00,7552.75,7552.75,7551.75,7551.75,111
2026-07-09 02:28:00-04:00,7552.0,7552.0,7551.0,7551.25,155
2026-07-09 02:29:00-04:00,7551.5,7551.5,7550.5,7551.5,130
2026-07-09 02:30:00-04:00,7551.5,7551.75,7548.5,7548.75,376
2026-07-09 02:31:00-04:00,7548.75,7551.5,7548.5,7550.25,268
2026-07-09 02:32:00-04:00,7550.5,7550.75,7548.75,7549.25,100
2026-07-09 02:33:00-04:00,7549.25,7549.75,7548.5,7549.25,117
2026-07-09 02:34:00-04:00,7549.25,7549.5,7548.0,7549.25,157
2026-07-09 02:35:00-04:00,7549.25,7551.5,7549.25,7551.25,251
2026-07-09 02:36:00-04:00,7551.25,7551.75,7550.5,7550.5,119
2026-07-09 02:37:00-04:00,7550.5,7552.0,7550.5,7551.75,40
2026-07-09 02:38:00-04:00,7551.75,7552.0,7550.75,7551.25,70
2026-07-09 02:39:00-04:00,7551.0,7551.5,7549.25,7550.5,196
2026-07-09 02:40:00-04:00,7550.25,7550.75,7550.0,7550.25,56
2026-07-09 02:41:00-04:00,7550.5,7550.75,7550.25,7550.75,67
2026-07-09 02:42:00-04:00,7550.75,7551.25,7550.5,7551.25,243
2026-07-09 02:43:00-04:00,7551.25,7552.25,7551.0,7551.5,132
2026-07-09 02:44:00-04:00,7551.75,7552.0,7550.75,7551.75,102
2026-07-09 02:45:00-04:00,7551.75,7551.75,7550.5,7550.75,92
2026-07-09 02:46:00-04:00,7550.75,7551.25,7550.5,7551.25,190
2026-07-09 02:47:00-04:00,7551.0,7551.0,7549.75,7549.75,85
2026-07-09 02:48:00-04:00,7549.75,7551.25,7549.75,7551.25,116
2026-07-09 02:49:00-04:00,7551.25,7551.25,7550.0,7550.0,64
2026-07-09 02:50:00-04:00,7550.0,7551.25,7550.0,7551.25,51
2026-07-09 02:51:00-04:00,7551.25,7551.25,7550.75,7550.75,31
2026-07-09 02:52:00-04:00,7551.0,7551.5,7550.5,7550.5,68
2026-07-09 02:53:00-04:00,7550.5,7550.75,7550.25,7550.25,53
2026-07-09 02:54:00-04:00,7550.25,7550.5,7550.0,7550.0,47
2026-07-09 02:55:00-04:00,7550.0,7550.0,7549.0,7549.75,130
2026-07-09 02:56:00-04:00,7549.75,7550.0,7549.5,7549.5,48
2026-07-09 02:57:00-04:00,7549.5,7549.5,7548.25,7548.5,101
2026-07-09 02:58:00-04:00,7548.75,7549.0,7548.25,7548.25,76
2026-07-09 02:59:00-04:00,7548.25,7550.5,7548.0,7549.75,144
2026-07-09 03:00:00-04:00,7549.5,7552.25,7548.5,7551.25,301
2026-07-09 03:01:00-04:00,7551.25,7552.0,7551.0,7551.5,158
2026-07-09 03:02:00-04:00,7551.75,7553.25,7551.5,7552.25,249
2026-07-09 03:03:00-04:00,7552.25,7553.0,7551.5,7552.5,155
2026-07-09 03:04:00-04:00,7552.25,7553.25,7550.0,7551.25,479
2026-07-09 03:05:00-04:00,7551.25,7552.0,7549.0,7549.5,198
2026-07-09 03:06:00-04:00,7549.5,7550.0,7548.75,7549.75,146
2026-07-09 03:07:00-04:00,7549.75,7551.25,7549.0,7550.75,119
2026-07-09 03:08:00-04:00,7551.0,7551.5,7550.0,7550.5,179
2026-07-09 03:09:00-04:00,7550.5,7550.75,7549.5,7549.75,197
2026-07-09 03:10:00-04:00,7549.5,7549.75,7548.0,7549.5,257
2026-07-09 03:11:00-04:00,7549.25,7550.25,7549.0,7549.75,107
2026-07-09 03:12:00-04:00,7549.5,7550.75,7549.5,7550.5,79
2026-07-09 03:13:00-04:00,7550.5,7552.0,7550.25,7551.75,148
2026-07-09 03:14:00-04:00,7551.5,7553.5,7551.25,7553.0,312
2026-07-09 03:15:00-04:00,7553.0,7554.25,7552.75,7552.75,302
2026-07-09 03:16:00-04:00,7553.0,7553.5,7551.75,7553.0,201
2026-07-09 03:17:00-04:00,7552.75,7553.75,7552.75,7553.5,117
2026-07-09 03:18:00-04:00,7553.25,7553.5,7552.0,7552.5,147
2026-07-09 03:19:00-04:00,7552.5,7552.75,7551.75,7552.75,79
2026-07-09 03:20:00-04:00,7552.25,7552.25,7551.25,7552.0,167
2026-07-09 03:21:00-04:00,7552.0,7552.75,7549.25,7549.5,202
2026-07-09 03:22:00-04:00,7549.25,7550.75,7549.25,7550.25,258
2026-07-09 03:23:00-04:00,7550.25,7551.25,7549.75,7550.5,107
2026-07-09 03:24:00-04:00,7550.75,7551.75,7550.5,7551.0,101
2026-07-09 03:25:00-04:00,7551.0,7551.5,7550.25,7550.5,124
2026-07-09 03:26:00-04:00,7550.25,7551.0,7550.25,7550.75,64
2026-07-09 03:27:00-04:00,7550.5,7553.25,7550.25,7552.25,260
2026-07-09 03:28:00-04:00,7552.25,7552.75,7552.0,7552.5,199
2026-07-09 03:29:00-04:00,7552.75,7553.0,7551.25,7551.5,184
2026-07-09 03:30:00-04:00,7551.75,7552.25,7551.5,7552.25,100
2026-07-09 03:31:00-04:00,7552.0,7552.5,7551.75,7552.5,118
2026-07-09 03:32:00-04:00,7552.25,7553.25,7552.25,7552.25,157
2026-07-09 03:33:00-04:00,7552.25,7552.5,7551.25,7552.5,148
2026-07-09 03:34:00-04:00,7552.25,7552.5,7551.25,7551.5,71
2026-07-09 03:35:00-04:00,7551.75,7552.75,7551.0,7551.0,137
2026-07-09 03:36:00-04:00,7551.0,7551.25,7550.0,7550.25,128
2026-07-09 03:37:00-04:00,7550.25,7550.5,7549.25,7549.5,115
2026-07-09 03:38:00-04:00,7549.5,7551.75,7549.5,7550.0,200
2026-07-09 03:39:00-04:00,7550.0,7551.0,7549.5,7550.75,66
2026-07-09 03:40:00-04:00,7550.75,7550.75,7549.5,7549.75,52
2026-07-09 03:41:00-04:00,7549.75,7551.5,7549.75,7551.25,167
2026-07-09 03:42:00-04:00,7551.25,7552.5,7550.75,7552.0,157
2026-07-09 03:43:00-04:00,7552.25,7554.5,7552.0,7554.0,370
2026-07-09 03:44:00-04:00,7554.25,7556.75,7554.0,7556.5,742
2026-07-09 03:45:00-04:00,7556.5,7557.0,7555.25,7555.75,395
2026-07-09 03:46:00-04:00,7555.75,7556.0,7555.25,7555.75,106
2026-07-09 03:47:00-04:00,7555.5,7556.5,7555.5,7556.0,152
2026-07-09 03:48:00-04:00,7556.0,7557.25,7556.0,7556.5,162
2026-07-09 03:49:00-04:00,7556.75,7556.75,7554.75,7556.0,432
2026-07-09 03:50:00-04:00,7556.0,7556.5,7555.5,7556.0,101
2026-07-09 03:51:00-04:00,7556.0,7556.75,7556.0,7556.5,232
2026-07-09 03:52:00-04:00,7556.5,7557.75,7556.25,7556.25,274
2026-07-09 03:53:00-04:00,7556.0,7557.0,7555.75,7556.25,107
2026-07-09 03:54:00-04:00,7556.25,7556.25,7554.75,7554.75,201
2026-07-09 03:55:00-04:00,7554.5,7554.5,7552.75,7554.0,357
2026-07-09 03:56:00-04:00,7554.0,7554.75,7553.5,7553.75,260
2026-07-09 03:57:00-04:00,7553.5,7553.5,7551.75,7551.75,230
2026-07-09 03:58:00-04:00,7552.0,7552.25,7551.0,7552.25,225
2026-07-09 03:59:00-04:00,7552.5,7554.75,7552.25,7553.5,325
2026-07-09 04:00:00-04:00,7553.5,7553.5,7551.5,7552.5,226
2026-07-09 04:01:00-04:00,7552.5,7553.0,7551.5,7552.75,156
2026-07-09 04:02:00-04:00,7553.0,7553.25,7551.75,7552.75,120
2026-07-09 04:03:00-04:00,7552.75,7555.25,7552.25,7555.0,176
2026-07-09 04:04:00-04:00,7555.25,7556.5,7555.0,7555.5,391
2026-07-09 04:05:00-04:00,7555.5,7557.25,7555.0,7557.25,389
2026-07-09 04:06:00-04:00,7557.0,7558.0,7556.5,7556.5,341
2026-07-09 04:07:00-04:00,7556.5,7557.0,7554.75,7556.0,527
2026-07-09 04:08:00-04:00,7555.75,7557.5,7555.5,7557.25,363
2026-07-09 04:09:00-04:00,7557.25,7557.25,7555.5,7556.25,154
2026-07-09 04:10:00-04:00,7556.25,7556.5,7554.5,7554.75,231
2026-07-09 04:11:00-04:00,7554.75,7555.75,7554.5,7554.75,128
2026-07-09 04:12:00-04:00,7554.75,7555.25,7553.5,7554.5,185
2026-07-09 04:13:00-04:00,7554.5,7555.0,7553.5,7554.5,153
2026-07-09 04:14:00-04:00,7554.25,7554.5,7552.75,7552.75,145
2026-07-09 04:15:00-04:00,7553.0,7555.0,7552.75,7555.0,138
2026-07-09 04:16:00-04:00,7555.0,7556.25,7554.25,7556.0,188
2026-07-09 04:17:00-04:00,7556.25,7557.0,7555.75,7555.75,188
2026-07-09 04:18:00-04:00,7556.0,7556.25,7552.0,7552.25,190
2026-07-09 04:19:00-04:00,7552.0,7553.25,7550.25,7553.0,365
2026-07-09 04:20:00-04:00,7553.0,7553.5,7552.0,7552.25,118
2026-07-09 04:21:00-04:00,7552.5,7553.25,7551.75,7553.25,114
2026-07-09 04:22:00-04:00,7553.0,7553.25,7552.5,7552.5,122
2026-07-09 04:23:00-04:00,7552.5,7552.75,7551.75,7552.5,172
2026-07-09 04:24:00-04:00,7552.5,7553.25,7552.25,7553.0,100
2026-07-09 04:25:00-04:00,7553.25,7553.75,7552.0,7552.25,121
2026-07-09 04:26:00-04:00,7552.5,7554.25,7552.5,7554.0,124
2026-07-09 04:27:00-04:00,7554.0,7554.5,7553.75,7554.0,182
2026-07-09 04:28:00-04:00,7554.0,7554.0,7552.25,7553.0,133
2026-07-09 04:29:00-04:00,7553.0,7553.5,7552.75,7553.5,83
2026-07-09 04:30:00-04:00,7553.0,7553.25,7551.75,7552.25,173
2026-07-09 04:31:00-04:00,7552.5,7553.75,7552.25,7553.0,131
2026-07-09 04:32:00-04:00,7553.0,7553.0,7551.25,7551.5,166
2026-07-09 04:33:00-04:00,7551.75,7551.75,7549.25,7549.5,244
2026-07-09 04:34:00-04:00,7549.25,7549.75,7547.0,7547.75,549
2026-07-09 04:35:00-04:00,7548.0,7549.25,7547.5,7549.25,288
2026-07-09 04:36:00-04:00,7549.5,7549.5,7547.5,7548.0,197
2026-07-09 04:37:00-04:00,7548.0,7548.0,7547.25,7547.5,128
2026-07-09 04:38:00-04:00,7547.5,7548.0,7546.5,7547.0,240
2026-07-09 04:39:00-04:00,7547.0,7547.5,7546.5,7546.5,175
2026-07-09 04:40:00-04:00,7546.75,7546.75,7545.5,7546.25,197
2026-07-09 04:41:00-04:00,7546.25,7547.75,7546.25,7547.25,140
2026-07-09 04:42:00-04:00,7547.25,7547.25,7546.25,7546.75,90
2026-07-09 04:43:00-04:00,7546.5,7546.5,7545.75,7546.25,136
2026-07-09 04:44:00-04:00,7546.75,7547.75,7546.5,7547.25,99
2026-07-09 04:45:00-04:00,7547.25,7547.75,7544.75,7544.75,219
2026-07-09 04:46:00-04:00,7545.25,7545.25,7543.0,7543.75,469
2026-07-09 04:47:00-04:00,7543.75,7544.0,7542.25,7543.25,315
2026-07-09 04:48:00-04:00,7543.5,7543.5,7542.0,7542.75,134
2026-07-09 04:49:00-04:00,7542.75,7543.25,7541.25,7542.75,269
2026-07-09 04:50:00-04:00,7542.5,7543.5,7542.25,7542.5,164
2026-07-09 04:51:00-04:00,7543.0,7543.75,7542.75,7543.0,139
2026-07-09 04:52:00-04:00,7543.25,7545.0,7543.0,7544.75,209
2026-07-09 04:53:00-04:00,7545.0,7546.0,7545.0,7545.25,271
2026-07-09 04:54:00-04:00,7545.25,7547.25,7545.0,7547.25,233
2026-07-09 04:55:00-04:00,7546.75,7548.0,7546.5,7547.25,293
2026-07-09 04:56:00-04:00,7547.25,7547.75,7546.25,7546.25,159
2026-07-09 04:57:00-04:00,7546.25,7546.5,7544.25,7545.0,199
2026-07-09 04:58:00-04:00,7544.75,7546.0,7544.5,7545.5,124
2026-07-09 04:59:00-04:00,7545.5,7546.25,7545.5,7545.5,120
2026-07-09 05:00:00-04:00,7545.5,7546.75,7542.5,7543.0,490
2026-07-09 05:01:00-04:00,7543.0,7544.5,7543.0,7543.75,171
2026-07-09 05:02:00-04:00,7544.25,7545.25,7544.0,7545.25,144
2026-07-09 05:03:00-04:00,7545.0,7545.75,7544.0,7544.25,94
2026-07-09 05:04:00-04:00,7544.5,7545.0,7543.5,7544.5,117
2026-07-09 05:05:00-04:00,7544.5,7546.0,7544.5,7545.5,103
2026-07-09 05:06:00-04:00,7545.5,7545.5,7544.25,7544.5,56
2026-07-09 05:07:00-04:00,7544.5,7544.5,7542.0,7542.75,173
2026-07-09 05:08:00-04:00,7542.5,7542.75,7541.5,7542.25,183
2026-07-09 05:09:00-04:00,7541.75,7543.25,7541.5,7543.25,145
2026-07-09 05:10:00-04:00,7542.75,7543.25,7542.75,7542.75,101
2026-07-09 05:11:00-04:00,7542.5,7543.5,7542.5,7543.0,49
2026-07-09 05:12:00-04:00,7543.5,7544.0,7542.75,7542.75,72
2026-07-09 05:13:00-04:00,7542.5,7543.0,7542.25,7542.25,76
2026-07-09 05:14:00-04:00,7542.25,7542.75,7541.25,7542.25,106
2026-07-09 05:15:00-04:00,7542.75,7543.0,7541.5,7542.25,189
2026-07-09 05:16:00-04:00,7542.5,7542.5,7541.0,7541.75,128
2026-07-09 05:17:00-04:00,7542.0,7542.25,7540.75,7542.0,171
2026-07-09 05:18:00-04:00,7542.25,7543.5,7542.25,7543.5,132
2026-07-09 05:19:00-04:00,7543.25,7543.5,7541.25,7541.5,126
2026-07-09 05:20:00-04:00,7541.25,7542.0,7540.75,7542.0,134
2026-07-09 05:21:00-04:00,7542.0,7542.5,7541.0,7541.0,91
2026-07-09 05:22:00-04:00,7540.75,7542.0,7540.5,7541.25,174
2026-07-09 05:23:00-04:00,7541.75,7542.25,7541.25,7541.75,114
2026-07-09 05:24:00-04:00,7541.75,7541.75,7541.0,7541.5,24
2026-07-09 05:25:00-04:00,7541.75,7542.0,7540.75,7541.75,87
2026-07-09 05:26:00-04:00,7541.75,7543.25,7541.75,7543.0,64
2026-07-09 05:27:00-04:00,7543.0,7543.5,7541.5,7542.0,261
2026-07-09 05:28:00-04:00,7542.0,7543.5,7542.0,7542.5,105
2026-07-09 05:29:00-04:00,7542.75,7544.0,7541.5,7542.25,199
2026-07-09 05:30:00-04:00,7542.0,7543.0,7540.75,7542.5,237
2026-07-09 05:31:00-04:00,7542.25,7543.0,7541.75,7543.0,66
2026-07-09 05:32:00-04:00,7543.0,7543.5,7542.0,7542.25,84
2026-07-09 05:33:00-04:00,7542.25,7543.25,7541.75,7542.0,136
2026-07-09 05:34:00-04:00,7542.0,7542.25,7539.25,7540.5,308
2026-07-09 05:35:00-04:00,7540.75,7541.75,7539.75,7540.0,130
2026-07-09 05:36:00-04:00,7540.25,7540.5,7539.0,7539.25,169
2026-07-09 05:37:00-04:00,7539.0,7539.25,7538.5,7538.5,190
2026-07-09 05:38:00-04:00,7538.75,7539.25,7538.5,7539.25,97
2026-07-09 05:39:00-04:00,7539.25,7541.0,7539.25,7540.25,122
2026-07-09 05:40:00-04:00,7540.25,7541.0,7538.75,7539.0,182
2026-07-09 05:41:00-04:00,7539.0,7540.25,7533.75,7535.75,1450
2026-07-09 05:42:00-04:00,7535.75,7536.75,7535.0,7536.5,252
2026-07-09 05:43:00-04:00,7536.5,7537.0,7535.25,7536.25,228
2026-07-09 05:44:00-04:00,7536.25,7537.0,7535.5,7536.75,117
2026-07-09 05:45:00-04:00,7536.5,7538.25,7536.25,7537.75,299
2026-07-09 05:46:00-04:00,7537.75,7538.75,7537.5,7538.5,134
2026-07-09 05:47:00-04:00,7538.75,7539.75,7538.25,7539.0,314
2026-07-09 05:48:00-04:00,7538.75,7539.0,7537.75,7538.25,137
2026-07-09 05:49:00-04:00,7538.25,7539.25,7537.75,7538.5,110
2026-07-09 05:50:00-04:00,7538.5,7539.25,7538.5,7538.5,82
2026-07-09 05:51:00-04:00,7538.75,7540.25,7538.75,7540.25,137
2026-07-09 05:52:00-04:00,7540.0,7540.5,7539.5,7540.5,258
2026-07-09 05:53:00-04:00,7540.5,7541.75,7540.0,7541.0,286
2026-07-09 05:54:00-04:00,7541.0,7541.25,7540.5,7541.0,108
2026-07-09 05:55:00-04:00,7541.0,7542.0,7541.0,7541.75,143
2026-07-09 05:56:00-04:00,7541.75,7541.75,7541.0,7541.5,87
2026-07-09 05:57:00-04:00,7541.25,7542.0,7541.25,7541.75,73
2026-07-09 05:58:00-04:00,7542.0,7542.0,7541.5,7541.75,85
2026-07-09 05:59:00-04:00,7541.5,7542.0,7540.75,7542.0,167
2026-07-09 06:00:00-04:00,7541.75,7541.75,7540.25,7541.0,133
2026-07-09 06:01:00-04:00,7540.75,7541.5,7539.25,7541.5,168
2026-07-09 06:02:00-04:00,7541.5,7542.0,7540.5,7540.5,64
2026-07-09 06:03:00-04:00,7540.5,7541.5,7540.5,7541.0,34
2026-07-09 06:04:00-04:00,7541.0,7541.5,7540.5,7540.75,33
2026-07-09 06:05:00-04:00,7540.75,7542.0,7540.5,7542.0,53
2026-07-09 06:06:00-04:00,7542.0,7542.5,7541.75,7541.75,119
2026-07-09 06:07:00-04:00,7542.0,7542.0,7540.0,7540.25,82
2026-07-09 06:08:00-04:00,7540.25,7541.0,7539.5,7539.75,104
2026-07-09 06:09:00-04:00,7539.75,7541.25,7539.5,7541.0,120
2026-07-09 06:10:00-04:00,7541.25,7542.0,7540.75,7541.5,108
2026-07-09 06:11:00-04:00,7541.75,7542.5,7541.5,7542.5,198
2026-07-09 06:12:00-04:00,7542.5,7543.0,7542.0,7542.0,127
2026-07-09 06:13:00-04:00,7542.0,7542.25,7540.5,7541.0,130
2026-07-09 06:14:00-04:00,7540.75,7542.0,7540.25,7542.0,97
2026-07-09 06:15:00-04:00,7541.75,7542.25,7541.25,7542.0,132
2026-07-09 06:16:00-04:00,7542.0,7542.5,7541.5,7542.5,98
2026-07-09 06:17:00-04:00,7542.5,7543.75,7542.0,7543.25,169
2026-07-09 06:18:00-04:00,7543.25,7543.75,7542.75,7543.0,153
2026-07-09 06:19:00-04:00,7543.25,7543.75,7543.0,7543.0,89
2026-07-09 06:20:00-04:00,7543.25,7544.0,7542.5,7543.0,158
2026-07-09 06:21:00-04:00,7542.75,7543.0,7542.5,7543.0,59
2026-07-09 06:22:00-04:00,7542.75,7543.75,7542.5,7543.25,179
2026-07-09 06:23:00-04:00,7543.5,7543.75,7543.0,7543.5,63
2026-07-09 06:24:00-04:00,7543.25,7543.25,7541.75,7542.5,99
2026-07-09 06:25:00-04:00,7542.25,7542.25,7539.75,7540.25,277
2026-07-09 06:26:00-04:00,7540.0,7540.25,7538.75,7539.75,244
2026-07-09 06:27:00-04:00,7539.75,7540.75,7539.75,7540.5,66
2026-07-09 06:28:00-04:00,7540.75,7541.0,7540.25,7540.75,74
2026-07-09 06:29:00-04:00,7540.5,7541.0,7539.75,7540.75,118
2026-07-09 06:30:00-04:00,7540.5,7540.5,7538.0,7538.5,417
2026-07-09 06:31:00-04:00,7538.25,7538.75,7537.75,7538.0,170
2026-07-09 06:32:00-04:00,7538.0,7538.75,7537.75,7537.75,113
2026-07-09 06:33:00-04:00,7538.0,7538.25,7536.5,7538.0,194
2026-07-09 06:34:00-04:00,7538.25,7539.25,7538.0,7539.0,142
2026-07-09 06:35:00-04:00,7539.0,7540.25,7538.25,7539.75,189
2026-07-09 06:36:00-04:00,7539.75,7540.5,7539.75,7540.5,64
2026-07-09 06:37:00-04:00,7540.75,7541.0,7540.0,7540.5,90
2026-07-09 06:38:00-04:00,7540.25,7541.0,7540.0,7541.0,91
2026-07-09 06:39:00-04:00,7541.0,7541.5,7539.75,7539.75,98
2026-07-09 06:40:00-04:00,7539.5,7539.5,7538.75,7538.75,96
2026-07-09 06:41:00-04:00,7538.75,7538.75,7537.75,7538.5,150
2026-07-09 06:42:00-04:00,7538.5,7538.5,7537.5,7537.75,211
2026-07-09 06:43:00-04:00,7537.75,7539.25,7537.0,7539.0,256
2026-07-09 06:44:00-04:00,7539.0,7540.25,7538.5,7539.75,157
2026-07-09 06:45:00-04:00,7539.75,7540.75,7537.75,7538.5,691
2026-07-09 06:46:00-04:00,7538.25,7538.25,7533.75,7535.0,715
2026-07-09 06:47:00-04:00,7535.0,7535.25,7534.5,7535.0,354
2026-07-09 06:48:00-04:00,7535.0,7535.25,7534.0,7534.75,246
2026-07-09 06:49:00-04:00,7534.75,7534.75,7533.5,7533.5,195
2026-07-09 06:50:00-04:00,7533.25,7534.25,7532.25,7533.25,451
2026-07-09 06:51:00-04:00,7533.25,7534.0,7532.5,7533.5,199
2026-07-09 06:52:00-04:00,7533.5,7533.5,7526.5,7527.75,1762
2026-07-09 06:53:00-04:00,7528.0,7529.5,7526.75,7528.5,876
2026-07-09 06:54:00-04:00,7528.5,7531.0,7528.5,7531.0,473
2026-07-09 06:55:00-04:00,7531.0,7531.25,7529.0,7530.25,604
2026-07-09 06:56:00-04:00,7530.25,7530.5,7527.75,7529.25,573
2026-07-09 06:57:00-04:00,7529.0,7531.0,7528.25,7530.75,361
2026-07-09 06:58:00-04:00,7530.75,7532.5,7530.75,7532.0,488
2026-07-09 06:59:00-04:00,7531.75,7535.25,7531.75,7534.5,682
2026-07-09 07:00:00-04:00,7534.5,7536.75,7534.25,7536.25,657
2026-07-09 07:01:00-04:00,7536.5,7536.75,7535.75,7536.75,302
2026-07-09 07:02:00-04:00,7536.75,7537.75,7536.0,7536.75,400
2026-07-09 07:03:00-04:00,7536.75,7538.25,7536.75,7537.75,224
2026-07-09 07:04:00-04:00,7538.25,7538.75,7537.5,7538.0,213
2026-07-09 07:05:00-04:00,7538.0,7538.25,7536.25,7536.5,325
2026-07-09 07:06:00-04:00,7536.5,7536.5,7532.75,7533.75,523
2026-07-09 07:07:00-04:00,7533.5,7534.5,7532.25,7532.25,272
2026-07-09 07:08:00-04:00,7532.5,7533.0,7531.25,7532.25,319
2026-07-09 07:09:00-04:00,7532.5,7533.0,7531.75,7532.25,200
2026-07-09 07:10:00-04:00,7532.75,7533.75,7532.0,7533.75,189
2026-07-09 07:11:00-04:00,7533.75,7536.25,7533.75,7536.0,355
2026-07-09 07:12:00-04:00,7536.0,7538.0,7535.25,7537.25,490
2026-07-09 07:13:00-04:00,7537.0,7537.75,7537.0,7537.5,201
2026-07-09 07:14:00-04:00,7537.5,7537.75,7537.0,7537.25,84
2026-07-09 07:15:00-04:00,7537.5,7537.5,7534.75,7535.25,289
2026-07-09 07:16:00-04:00,7535.25,7535.75,7535.0,7535.75,170
2026-07-09 07:17:00-04:00,7535.75,7536.5,7535.5,7536.25,80
2026-07-09 07:18:00-04:00,7536.0,7536.25,7535.75,7536.25,90
2026-07-09 07:19:00-04:00,7536.0,7536.5,7535.0,7535.25,133
2026-07-09 07:20:00-04:00,7535.5,7539.75,7535.25,7539.0,868
2026-07-09 07:21:00-04:00,7539.25,7539.5,7537.0,7537.25,299
2026-07-09 07:22:00-04:00,7537.5,7537.5,7535.75,7536.25,241
2026-07-09 07:23:00-04:00,7536.25,7537.5,7535.5,7535.5,463
2026-07-09 07:24:00-04:00,7535.75,7536.5,7534.5,7535.5,283
2026-07-09 07:25:00-04:00,7535.75,7538.5,7535.75,7537.25,284
2026-07-09 07:26:00-04:00,7537.25,7538.0,7536.5,7537.0,196
2026-07-09 07:27:00-04:00,7537.0,7538.5,7536.75,7536.75,151
2026-07-09 07:28:00-04:00,7536.75,7537.25,7535.5,7537.25,198
2026-07-09 07:29:00-04:00,7537.25,7538.5,7536.0,7538.5,131
2026-07-09 07:30:00-04:00,7538.5,7539.5,7536.0,7536.25,729
2026-07-09 07:31:00-04:00,7536.5,7539.25,7536.25,7539.0,480
2026-07-09 07:32:00-04:00,7539.5,7540.75,7539.0,7540.75,345
2026-07-09 07:33:00-04:00,7541.0,7541.75,7539.75,7540.0,386
2026-07-09 07:34:00-04:00,7540.0,7541.25,7539.5,7540.5,273
2026-07-09 07:35:00-04:00,7540.25,7540.5,7539.5,7539.5,232
2026-07-09 07:36:00-04:00,7539.5,7540.25,7539.0,7540.25,203
2026-07-09 07:37:00-04:00,7540.5,7541.0,7537.25,7537.25,349
2026-07-09 07:38:00-04:00,7537.5,7538.5,7537.0,7538.5,210
2026-07-09 07:39:00-04:00,7538.75,7540.75,7538.0,7539.75,287
2026-07-09 07:40:00-04:00,7539.75,7539.75,7538.0,7538.75,238
2026-07-09 07:41:00-04:00,7538.5,7539.5,7537.5,7538.5,216
2026-07-09 07:42:00-04:00,7538.25,7538.75,7537.75,7538.75,95
2026-07-09 07:43:00-04:00,7538.5,7541.75,7538.0,7541.5,340
2026-07-09 07:44:00-04:00,7541.75,7541.75,7540.5,7541.0,217
2026-07-09 07:45:00-04:00,7541.25,7543.0,7540.25,7542.5,392
2026-07-09 07:46:00-04:00,7542.25,7544.5,7542.0,7543.75,429
2026-07-09 07:47:00-04:00,7543.5,7545.0,7542.5,7544.75,363
2026-07-09 07:48:00-04:00,7544.5,7545.25,7544.25,7544.75,297
2026-07-09 07:49:00-04:00,7544.5,7544.5,7540.5,7543.75,1570
2026-07-09 07:50:00-04:00,7543.5,7545.0,7542.25,7545.0,607
2026-07-09 07:51:00-04:00,7545.0,7546.5,7545.0,7546.25,527
2026-07-09 07:52:00-04:00,7546.0,7547.25,7545.0,7546.25,482
2026-07-09 07:53:00-04:00,7546.0,7546.25,7544.0,7544.25,267
2026-07-09 07:54:00-04:00,7544.25,7545.25,7543.5,7544.0,276
2026-07-09 07:55:00-04:00,7544.25,7545.25,7543.75,7544.75,130
2026-07-09 07:56:00-04:00,7544.75,7545.0,7544.25,7544.75,116
2026-07-09 07:57:00-04:00,7544.75,7544.75,7543.75,7543.75,230
2026-07-09 07:58:00-04:00,7543.75,7544.5,7543.25,7543.75,334
2026-07-09 07:59:00-04:00,7544.0,7544.0,7542.5,7543.25,266
2026-07-09 08:00:00-04:00,7543.25,7543.75,7542.25,7543.5,422
2026-07-09 08:01:00-04:00,7543.5,7544.5,7542.75,7543.5,211
2026-07-09 08:02:00-04:00,7543.25,7546.25,7543.25,7546.0,326
2026-07-09 08:03:00-04:00,7546.0,7546.0,7544.0,7544.0,447
2026-07-09 08:04:00-04:00,7544.0,7545.5,7543.0,7545.25,307
2026-07-09 08:05:00-04:00,7545.25,7545.5,7543.0,7543.25,145
2026-07-09 08:06:00-04:00,7543.0,7546.75,7542.75,7545.25,447
2026-07-09 08:07:00-04:00,7545.25,7546.25,7544.75,7546.0,151
2026-07-09 08:08:00-04:00,7546.0,7549.75,7546.0,7549.0,857
2026-07-09 08:09:00-04:00,7549.0,7549.75,7548.25,7548.5,302
2026-07-09 08:10:00-04:00,7548.25,7548.75,7547.5,7548.25,321
2026-07-09 08:11:00-04:00,7548.0,7549.75,7547.75,7548.0,373
2026-07-09 08:12:00-04:00,7548.0,7548.25,7546.5,7546.75,353
2026-07-09 08:13:00-04:00,7546.5,7547.25,7546.5,7547.25,157
2026-07-09 08:14:00-04:00,7547.25,7547.25,7546.0,7546.25,221
2026-07-09 08:15:00-04:00,7546.5,7547.25,7546.0,7547.0,220
2026-07-09 08:16:00-04:00,7547.25,7548.5,7547.25,7547.5,258
2026-07-09 08:17:00-04:00,7547.25,7547.5,7546.25,7546.75,193
2026-07-09 08:18:00-04:00,7546.75,7547.25,7545.5,7546.75,281
2026-07-09 08:19:00-04:00,7547.0,7548.0,7546.0,7546.75,277
2026-07-09 08:20:00-04:00,7546.5,7547.75,7545.5,7547.0,210
2026-07-09 08:21:00-04:00,7546.75,7547.25,7546.5,7546.5,102
2026-07-09 08:22:00-04:00,7546.5,7546.75,7545.0,7546.5,264
2026-07-09 08:23:00-04:00,7546.5,7547.75,7546.25,7547.5,326
2026-07-09 08:24:00-04:00,7547.75,7548.0,7547.0,7547.75,274
2026-07-09 08:25:00-04:00,7547.75,7550.25,7547.5,7548.0,722
2026-07-09 08:26:00-04:00,7548.0,7549.25,7547.75,7549.0,285
2026-07-09 08:27:00-04:00,7549.25,7550.5,7548.75,7550.0,320
2026-07-09 08:28:00-04:00,7550.0,7550.5,7548.75,7549.75,241
2026-07-09 08:29:00-04:00,7549.75,7551.0,7549.0,7550.75,305
2026-07-09 08:30:00-04:00,7550.25,7551.25,7548.5,7550.5,548
2026-07-09 08:31:00-04:00,7550.75,7552.0,7549.75,7551.25,462
2026-07-09 08:32:00-04:00,7551.25,7554.0,7550.75,7553.0,828
2026-07-09 08:33:00-04:00,7553.0,7553.0,7551.75,7552.0,382
2026-07-09 08:34:00-04:00,7552.0,7552.75,7551.0,7552.75,248
2026-07-09 08:35:00-04:00,7552.75,7553.75,7552.0,7553.75,377
2026-07-09 08:36:00-04:00,7553.75,7554.5,7553.5,7553.75,285
2026-07-09 08:37:00-04:00,7554.0,7554.25,7552.25,7554.0,349
2026-07-09 08:38:00-04:00,7553.75,7553.75,7552.5,7553.0,235
2026-07-09 08:39:00-04:00,7553.0,7553.75,7552.25,7553.5,247
2026-07-09 08:40:00-04:00,7553.5,7554.0,7552.25,7552.25,269
2026-07-09 08:41:00-04:00,7552.25,7552.25,7550.5,7551.25,539
2026-07-09 08:42:00-04:00,7551.25,7551.5,7549.0,7549.5,498
2026-07-09 08:43:00-04:00,7549.5,7549.5,7548.0,7548.25,564
2026-07-09 08:44:00-04:00,7548.25,7549.25,7547.5,7547.75,421
2026-07-09 08:45:00-04:00,7547.75,7547.75,7546.0,7546.5,490
2026-07-09 08:46:00-04:00,7546.5,7546.75,7544.25,7545.0,595
2026-07-09 08:47:00-04:00,7544.75,7545.25,7543.5,7545.25,517
2026-07-09 08:48:00-04:00,7545.0,7546.5,7544.0,7546.25,534
2026-07-09 08:49:00-04:00,7546.5,7547.25,7545.5,7546.0,666
2026-07-09 08:50:00-04:00,7546.25,7548.0,7545.75,7545.75,359
2026-07-09 08:51:00-04:00,7546.0,7546.5,7545.5,7546.25,168
2026-07-09 08:52:00-04:00,7546.25,7547.25,7545.0,7545.5,222
2026-07-09 08:53:00-04:00,7545.5,7546.0,7545.25,7545.75,163
2026-07-09 08:54:00-04:00,7545.75,7546.75,7545.75,7546.5,122
2026-07-09 08:55:00-04:00,7546.5,7546.75,7545.25,7546.0,198
2026-07-09 08:56:00-04:00,7546.25,7546.5,7544.75,7545.0,273
2026-07-09 08:57:00-04:00,7545.0,7545.5,7544.25,7545.5,175
2026-07-09 08:58:00-04:00,7545.25,7545.25,7544.0,7544.5,184
2026-07-09 08:59:00-04:00,7544.5,7544.75,7543.5,7544.5,296
2026-07-09 09:00:00-04:00,7544.25,7545.5,7544.25,7544.75,358
2026-07-09 09:01:00-04:00,7544.5,7547.25,7544.25,7546.75,411
2026-07-09 09:02:00-04:00,7547.0,7547.25,7546.25,7547.25,399
2026-07-09 09:03:00-04:00,7547.25,7548.25,7546.0,7546.5,563
2026-07-09 09:04:00-04:00,7546.75,7548.25,7546.25,7548.25,380
2026-07-09 09:05:00-04:00,7548.25,7548.5,7546.75,7547.0,304
2026-07-09 09:06:00-04:00,7547.0,7547.5,7545.75,7547.25,313
2026-07-09 09:07:00-04:00,7547.5,7548.5,7546.0,7546.0,342
2026-07-09 09:08:00-04:00,7546.0,7548.0,7546.0,7546.75,321
2026-07-09 09:09:00-04:00,7546.75,7548.25,7546.25,7548.0,303
2026-07-09 09:10:00-04:00,7547.75,7548.0,7546.5,7547.25,420
2026-07-09 09:11:00-04:00,7547.25,7547.5,7545.75,7547.5,306
2026-07-09 09:12:00-04:00,7547.5,7547.75,7546.75,7547.25,255
2026-07-09 09:13:00-04:00,7547.0,7548.0,7546.25,7546.75,245
2026-07-09 09:14:00-04:00,7546.75,7547.75,7546.25,7547.25,271
2026-07-09 09:15:00-04:00,7547.5,7547.75,7545.5,7545.5,374
2026-07-09 09:16:00-04:00,7545.25,7546.5,7544.75,7546.25,508
2026-07-09 09:17:00-04:00,7546.25,7549.0,7546.25,7547.75,775
2026-07-09 09:18:00-04:00,7547.5,7547.5,7545.5,7546.5,568
2026-07-09 09:19:00-04:00,7546.25,7547.0,7546.0,7547.0,198
2026-07-09 09:20:00-04:00,7547.0,7547.25,7545.0,7546.75,372
2026-07-09 09:21:00-04:00,7546.5,7547.5,7546.5,7547.0,215
2026-07-09 09:22:00-04:00,7547.0,7548.25,7546.75,7548.0,270
2026-07-09 09:23:00-04:00,7547.75,7548.75,7546.25,7547.75,513
2026-07-09 09:24:00-04:00,7547.75,7548.75,7547.5,7548.75,402
2026-07-09 09:25:00-04:00,7548.75,7550.0,7548.0,7548.0,1067
2026-07-09 09:26:00-04:00,7548.0,7548.75,7547.5,7548.75,736
2026-07-09 09:27:00-04:00,7548.75,7550.5,7547.5,7550.5,700
2026-07-09 09:28:00-04:00,7550.25,7550.25,7546.0,7547.25,1253
2026-07-09 09:29:00-04:00,7547.0,7548.0,7544.5,7546.5,1338
2026-07-09 09:30:00-04:00,7546.5,7547.75,7537.5,7538.25,7733
2026-07-09 09:31:00-04:00,7538.0,7539.0,7532.25,7532.25,5628
2026-07-09 09:32:00-04:00,7532.5,7535.5,7530.25,7535.25,5201
2026-07-09 09:33:00-04:00,7535.0,7539.75,7534.5,7539.25,3808
2026-07-09 09:34:00-04:00,7539.25,7548.75,7539.0,7547.5,6112
2026-07-09 09:35:00-04:00,7547.25,7553.5,7544.25,7552.25,6233
2026-07-09 09:36:00-04:00,7552.0,7553.0,7550.0,7551.75,2936
2026-07-09 09:37:00-04:00,7551.5,7554.25,7550.25,7553.0,2978
2026-07-09 09:38:00-04:00,7553.0,7557.0,7552.0,7554.25,4276
2026-07-09 09:39:00-04:00,7554.25,7555.75,7552.75,7555.0,2888
2026-07-09 09:40:00-04:00,7555.25,7556.5,7548.5,7549.5,4458
2026-07-09 09:41:00-04:00,7549.0,7553.5,7548.75,7553.0,2327
2026-07-09 09:42:00-04:00,7553.25,7558.5,7553.0,7557.75,4109
2026-07-09 09:43:00-04:00,7557.5,7558.0,7555.25,7557.5,2467
2026-07-09 09:44:00-04:00,7557.25,7559.25,7555.5,7558.0,2429
2026-07-09 09:45:00-04:00,7558.0,7561.5,7557.75,7560.75,4056
2026-07-09 09:46:00-04:00,7561.0,7561.75,7558.25,7560.0,3380
2026-07-09 09:47:00-04:00,7560.0,7561.5,7559.25,7560.0,1752
2026-07-09 09:48:00-04:00,7560.0,7560.0,7553.25,7554.25,4083
2026-07-09 09:49:00-04:00,7554.25,7555.75,7551.25,7555.25,3370
2026-07-09 09:50:00-04:00,7555.25,7555.75,7552.0,7552.75,2461
2026-07-09 09:51:00-04:00,7552.75,7560.0,7552.0,7559.25,3943
2026-07-09 09:52:00-04:00,7559.5,7562.5,7559.0,7562.25,3589
2026-07-09 09:53:00-04:00,7562.25,7564.25,7561.0,7564.0,2947
2026-07-09 09:54:00-04:00,7564.0,7565.25,7562.75,7564.0,2742
2026-07-09 09:55:00-04:00,7563.75,7566.25,7562.5,7566.25,2968
2026-07-09 09:56:00-04:00,7566.25,7566.5,7563.25,7563.75,2471
2026-07-09 09:57:00-04:00,7563.75,7565.5,7561.75,7563.0,3415
2026-07-09 09:58:00-04:00,7563.0,7564.75,7562.75,7563.25,1417
2026-07-09 09:59:00-04:00,7563.25,7563.5,7559.5,7561.25,2601
2026-07-09 10:00:00-04:00,7561.0,7563.5,7559.25,7562.0,3225
2026-07-09 10:01:00-04:00,7562.0,7564.5,7562.0,7563.5,1968
2026-07-09 10:02:00-04:00,7563.25,7563.5,7561.25,7561.5,1700
2026-07-09 10:03:00-04:00,7561.5,7563.5,7559.5,7563.5,2740
2026-07-09 10:04:00-04:00,7563.25,7563.5,7561.0,7561.25,1297
2026-07-09 10:05:00-04:00,7561.0,7562.75,7560.5,7560.5,1449
2026-07-09 10:06:00-04:00,7560.5,7562.75,7557.25,7557.25,3361
2026-07-09 10:07:00-04:00,7557.25,7558.5,7554.75,7555.5,4737
2026-07-09 10:08:00-04:00,7555.25,7558.25,7554.5,7556.0,2319
2026-07-09 10:09:00-04:00,7556.0,7557.75,7553.25,7553.5,2341
2026-07-09 10:10:00-04:00,7553.5,7554.25,7549.5,7550.25,5053
2026-07-09 10:11:00-04:00,7550.25,7551.75,7546.75,7548.5,4785
2026-07-09 10:12:00-04:00,7548.5,7550.5,7546.25,7548.0,3609
2026-07-09 10:13:00-04:00,7548.25,7551.0,7547.25,7550.0,3033
2026-07-09 10:14:00-04:00,7549.75,7552.0,7549.0,7549.25,2592
2026-07-09 10:15:00-04:00,7549.5,7549.5,7536.5,7537.0,10089
2026-07-09 10:16:00-04:00,7536.75,7540.0,7533.0,7539.75,9651
2026-07-09 10:17:00-04:00,7539.75,7542.5,7536.25,7537.25,5232
2026-07-09 10:18:00-04:00,7537.25,7539.0,7534.0,7539.0,4109
2026-07-09 10:19:00-04:00,7538.75,7540.0,7533.0,7536.5,3779
2026-07-09 10:20:00-04:00,7536.5,7538.25,7531.25,7532.5,5637
2026-07-09 10:21:00-04:00,7532.75,7535.25,7529.5,7534.0,5509
2026-07-09 10:22:00-04:00,7534.0,7537.0,7532.75,7535.25,3690
2026-07-09 10:23:00-04:00,7535.5,7539.5,7534.75,7538.0,3282
2026-07-09 10:24:00-04:00,7538.0,7543.75,7537.0,7543.0,4543
2026-07-09 10:25:00-04:00,7543.25,7546.5,7542.0,7544.25,5176
2026-07-09 10:26:00-04:00,7544.0,7544.5,7541.25,7543.25,2609
2026-07-09 10:27:00-04:00,7543.5,7552.0,7542.75,7551.0,5309
2026-07-09 10:28:00-04:00,7550.75,7555.5,7549.5,7555.25,4122
2026-07-09 10:29:00-04:00,7555.25,7556.0,7551.5,7552.75,3422
2026-07-09 10:30:00-04:00,7552.75,7555.0,7550.25,7551.75,3408
2026-07-09 10:31:00-04:00,7551.5,7552.75,7545.0,7545.5,4665
2026-07-09 10:32:00-04:00,7545.5,7550.0,7544.75,7550.0,2815
2026-07-09 10:33:00-04:00,7550.0,7552.0,7548.25,7550.0,2543
2026-07-09 10:34:00-04:00,7550.0,7550.75,7547.5,7550.25,1584
2026-07-09 10:35:00-04:00,7550.5,7556.75,7549.5,7554.5,4107
2026-07-09 10:36:00-04:00,7554.75,7555.75,7553.25,7555.5,1801
2026-07-09 10:37:00-04:00,7555.5,7555.75,7550.5,7553.75,2178
2026-07-09 10:38:00-04:00,7553.5,7554.25,7550.75,7554.25,1185
2026-07-09 10:39:00-04:00,7554.0,7559.0,7553.25,7558.0,2800
2026-07-09 10:40:00-04:00,7558.25,7559.0,7556.0,7557.75,2299
2026-07-09 10:41:00-04:00,7558.0,7558.25,7555.0,7557.25,1577
2026-07-09 10:42:00-04:00,7557.25,7559.0,7556.25,7558.5,1383
2026-07-09 10:43:00-04:00,7558.5,7558.75,7555.5,7555.75,1568
2026-07-09 10:44:00-04:00,7555.5,7555.75,7552.25,7553.0,2917
2026-07-09 10:45:00-04:00,7553.25,7555.75,7552.75,7554.5,1785
2026-07-09 10:46:00-04:00,7554.25,7558.25,7554.25,7556.75,1938
2026-07-09 10:47:00-04:00,7557.0,7557.25,7552.5,7554.5,1876
2026-07-09 10:48:00-04:00,7554.75,7556.0,7554.0,7555.25,899
2026-07-09 10:49:00-04:00,7555.0,7556.75,7554.25,7554.75,1168
2026-07-09 10:50:00-04:00,7554.75,7554.75,7550.0,7553.75,3842
2026-07-09 10:51:00-04:00,7553.75,7554.25,7550.75,7552.25,1439
2026-07-09 10:52:00-04:00,7552.25,7553.25,7548.25,7549.25,3066
2026-07-09 10:53:00-04:00,7549.25,7550.75,7546.75,7550.5,2806
2026-07-09 10:54:00-04:00,7550.5,7554.5,7548.0,7554.0,3174
2026-07-09 10:55:00-04:00,7553.75,7557.0,7553.75,7556.0,3187
2026-07-09 10:56:00-04:00,7556.0,7557.25,7554.75,7555.5,1446
2026-07-09 10:57:00-04:00,7555.5,7558.5,7554.75,7558.5,1876
2026-07-09 10:58:00-04:00,7558.5,7563.75,7558.5,7560.75,5008
2026-07-09 10:59:00-04:00,7560.5,7562.5,7560.0,7562.0,1768
2026-07-09 11:00:00-04:00,7562.0,7563.75,7561.0,7562.5,2116
2026-07-09 11:01:00-04:00,7562.5,7563.5,7560.5,7563.25,1590
2026-07-09 11:02:00-04:00,7563.25,7564.25,7560.5,7560.75,1563
2026-07-09 11:03:00-04:00,7560.75,7563.25,7560.5,7562.75,982
2026-07-09 11:04:00-04:00,7563.0,7563.75,7562.25,7563.5,783
2026-07-09 11:05:00-04:00,7563.5,7564.75,7563.0,7564.0,1438
2026-07-09 11:06:00-04:00,7564.0,7569.5,7564.0,7568.5,4700
2026-07-09 11:07:00-04:00,7568.5,7569.5,7566.25,7568.0,2720
2026-07-09 11:08:00-04:00,7568.0,7570.0,7566.5,7568.5,1636
2026-07-09 11:09:00-04:00,7568.75,7570.25,7568.0,7569.75,1581
2026-07-09 11:10:00-04:00,7569.75,7570.75,7568.5,7568.75,1783
2026-07-09 11:11:00-04:00,7568.5,7568.5,7566.0,7566.75,2123
2026-07-09 11:12:00-04:00,7566.75,7567.5,7565.75,7567.0,1207
2026-07-09 11:13:00-04:00,7566.5,7568.75,7565.75,7567.0,1117
2026-07-09 11:14:00-04:00,7567.25,7568.0,7566.0,7566.75,1311
2026-07-09 11:15:00-04:00,7566.75,7571.0,7566.25,7569.75,2344
2026-07-09 11:16:00-04:00,7569.75,7570.0,7567.75,7568.25,1242
2026-07-09 11:17:00-04:00,7568.0,7568.25,7565.25,7566.25,1910
2026-07-09 11:18:00-04:00,7566.5,7567.0,7564.5,7565.75,1859
2026-07-09 11:19:00-04:00,7565.5,7567.25,7565.0,7567.25,1235
2026-07-09 11:20:00-04:00,7567.25,7568.75,7566.5,7568.0,1573
2026-07-09 11:21:00-04:00,7568.0,7569.75,7567.75,7569.0,1343
2026-07-09 11:22:00-04:00,7569.0,7573.5,7568.25,7572.5,3552
2026-07-09 11:23:00-04:00,7572.25,7573.25,7572.25,7573.0,1454
2026-07-09 11:24:00-04:00,7572.75,7574.75,7572.5,7574.25,1735
2026-07-09 11:25:00-04:00,7574.0,7574.75,7572.25,7573.5,1745
2026-07-09 11:26:00-04:00,7573.5,7574.25,7573.0,7574.0,926
2026-07-09 11:27:00-04:00,7574.25,7575.0,7572.5,7574.25,1537
2026-07-09 11:28:00-04:00,7574.0,7574.5,7572.25,7573.0,1099
2026-07-09 11:29:00-04:00,7573.25,7574.0,7572.5,7572.75,734
2026-07-09 11:30:00-04:00,7573.0,7573.25,7571.25,7571.75,1670
2026-07-09 11:31:00-04:00,7571.5,7573.0,7571.5,7572.0,663
2026-07-09 11:32:00-04:00,7571.75,7572.0,7570.25,7570.5,1392
2026-07-09 11:33:00-04:00,7570.5,7571.75,7570.25,7571.0,1043
2026-07-09 11:34:00-04:00,7571.0,7572.0,7569.75,7571.0,1703
2026-07-09 11:35:00-04:00,7571.0,7573.0,7570.25,7572.25,1346
2026-07-09 11:36:00-04:00,7572.25,7573.0,7571.25,7571.75,801
2026-07-09 11:37:00-04:00,7571.75,7572.75,7571.75,7572.25,475
2026-07-09 11:38:00-04:00,7572.25,7574.25,7571.75,7574.0,1056
2026-07-09 11:39:00-04:00,7574.0,7574.0,7572.5,7573.75,614
2026-07-09 11:40:00-04:00,7574.0,7575.0,7573.0,7574.25,1190
2026-07-09 11:41:00-04:00,7574.0,7577.25,7573.25,7576.5,2910
2026-07-09 11:42:00-04:00,7576.5,7577.5,7575.75,7576.5,1536
2026-07-09 11:43:00-04:00,7576.75,7577.75,7575.75,7575.75,1597
2026-07-09 11:44:00-04:00,7575.75,7577.5,7575.75,7576.25,844
2026-07-09 11:45:00-04:00,7576.5,7578.0,7576.5,7577.5,1628
2026-07-09 11:46:00-04:00,7577.25,7577.5,7574.75,7576.0,1532
2026-07-09 11:47:00-04:00,7575.75,7576.25,7574.5,7575.0,1136
2026-07-09 11:48:00-04:00,7575.0,7576.0,7574.5,7576.0,858
2026-07-09 11:49:00-04:00,7576.0,7577.25,7575.75,7577.0,885
2026-07-09 11:50:00-04:00,7577.25,7577.5,7575.25,7575.5,1054
2026-07-09 11:51:00-04:00,7575.5,7576.0,7575.25,7575.75,556
2026-07-09 11:52:00-04:00,7575.5,7576.0,7574.75,7575.0,495
2026-07-09 11:53:00-04:00,7574.75,7576.75,7574.75,7575.0,623
2026-07-09 11:54:00-04:00,7575.0,7575.5,7573.75,7574.5,1193
2026-07-09 11:55:00-04:00,7574.25,7576.25,7574.25,7574.75,878
2026-07-09 11:56:00-04:00,7574.5,7575.25,7573.75,7574.5,474
2026-07-09 11:57:00-04:00,7574.5,7575.0,7573.25,7574.25,815
2026-07-09 11:58:00-04:00,7574.25,7575.25,7573.75,7574.5,499
2026-07-09 11:59:00-04:00,7574.5,7575.25,7573.25,7573.75,552
2026-07-09 12:00:00-04:00,7574.0,7575.75,7573.75,7575.25,931
2026-07-09 12:01:00-04:00,7575.5,7578.75,7575.25,7578.25,2016
2026-07-09 12:02:00-04:00,7578.25,7578.75,7577.25,7578.5,1021
2026-07-09 12:03:00-04:00,7578.75,7580.0,7578.5,7578.75,1826
2026-07-09 12:04:00-04:00,7578.5,7579.5,7578.0,7578.5,764
2026-07-09 12:05:00-04:00,7578.75,7581.0,7578.75,7580.5,2015
2026-07-09 12:06:00-04:00,7580.5,7581.0,7579.5,7579.75,834
2026-07-09 12:07:00-04:00,7579.75,7581.25,7579.25,7580.75,1034
2026-07-09 12:08:00-04:00,7581.0,7581.25,7579.75,7580.25,600
2026-07-09 12:09:00-04:00,7580.5,7580.75,7579.5,7579.75,459
2026-07-09 12:10:00-04:00,7579.5,7580.75,7579.0,7579.5,780
2026-07-09 12:11:00-04:00,7579.5,7580.25,7578.75,7579.5,598
2026-07-09 12:12:00-04:00,7579.75,7580.0,7579.25,7579.5,381
2026-07-09 12:13:00-04:00,7579.5,7580.75,7579.5,7580.25,407
2026-07-09 12:14:00-04:00,7580.0,7580.75,7579.75,7580.75,410
2026-07-09 12:15:00-04:00,7580.5,7581.75,7580.0,7581.5,1093
2026-07-09 12:16:00-04:00,7581.5,7582.0,7581.0,7581.5,691
2026-07-09 12:17:00-04:00,7581.5,7581.5,7579.75,7581.0,782
2026-07-09 12:18:00-04:00,7581.0,7581.25,7579.25,7579.75,550
2026-07-09 12:19:00-04:00,7579.75,7581.0,7579.75,7580.5,439
2026-07-09 12:20:00-04:00,7580.75,7581.75,7579.75,7579.75,514
2026-07-09 12:21:00-04:00,7580.0,7581.75,7579.75,7581.5,497
2026-07-09 12:22:00-04:00,7581.25,7582.5,7580.75,7582.0,980
2026-07-09 12:23:00-04:00,7582.0,7583.75,7582.0,7582.5,1404
2026-07-09 12:24:00-04:00,7582.75,7583.5,7582.25,7583.0,713
2026-07-09 12:25:00-04:00,7583.25,7583.25,7582.5,7582.5,576
2026-07-09 12:26:00-04:00,7582.5,7583.25,7581.75,7582.25,661
2026-07-09 12:27:00-04:00,7582.0,7583.0,7582.0,7582.75,372
2026-07-09 12:28:00-04:00,7582.75,7582.75,7581.0,7581.5,773
2026-07-09 12:29:00-04:00,7581.75,7582.0,7581.0,7581.75,723
2026-07-09 12:30:00-04:00,7581.75,7583.0,7581.25,7582.5,678
2026-07-09 12:31:00-04:00,7582.75,7583.5,7582.25,7583.0,574
2026-07-09 12:32:00-04:00,7583.25,7584.5,7583.0,7583.25,1235
2026-07-09 12:33:00-04:00,7583.5,7583.5,7582.25,7583.0,571
2026-07-09 12:34:00-04:00,7583.25,7583.25,7579.75,7580.0,1456
2026-07-09 12:35:00-04:00,7579.75,7580.5,7578.75,7579.25,1453
2026-07-09 12:36:00-04:00,7579.5,7580.25,7578.25,7579.0,1114
2026-07-09 12:37:00-04:00,7579.0,7580.75,7578.75,7579.75,857
2026-07-09 12:38:00-04:00,7579.75,7580.25,7579.25,7580.0,805
2026-07-09 12:39:00-04:00,7580.0,7581.25,7579.5,7581.0,861
2026-07-09 12:40:00-04:00,7581.0,7582.75,7581.0,7582.5,1463
2026-07-09 12:41:00-04:00,7582.25,7582.75,7581.75,7582.75,575
2026-07-09 12:42:00-04:00,7582.75,7583.25,7582.0,7582.0,541
2026-07-09 12:43:00-04:00,7582.0,7582.5,7581.5,7582.0,562
2026-07-09 12:44:00-04:00,7582.0,7582.75,7581.25,7582.25,473
2026-07-09 12:45:00-04:00,7582.25,7582.75,7581.5,7581.5,322
2026-07-09 12:46:00-04:00,7581.75,7582.5,7580.25,7580.25,770
2026-07-09 12:47:00-04:00,7580.25,7581.25,7579.25,7579.5,1382
2026-07-09 12:48:00-04:00,7579.0,7580.25,7579.0,7579.25,695
2026-07-09 12:49:00-04:00,7579.25,7580.25,7578.5,7580.0,529
2026-07-09 12:50:00-04:00,7580.0,7580.75,7579.5,7580.25,498
2026-07-09 12:51:00-04:00,7580.5,7581.5,7580.25,7580.25,581
2026-07-09 12:52:00-04:00,7580.5,7580.5,7579.25,7580.25,345
2026-07-09 12:53:00-04:00,7580.0,7580.5,7579.5,7580.0,363
2026-07-09 12:54:00-04:00,7580.0,7580.25,7578.5,7579.25,794
2026-07-09 12:55:00-04:00,7579.25,7579.5,7578.5,7578.75,432
2026-07-09 12:56:00-04:00,7578.75,7580.0,7578.75,7579.5,525
2026-07-09 12:57:00-04:00,7579.5,7580.0,7577.25,7578.75,1145
2026-07-09 12:58:00-04:00,7578.75,7579.5,7577.5,7579.25,668
2026-07-09 12:59:00-04:00,7579.5,7580.5,7579.0,7579.75,583
2026-07-09 13:00:00-04:00,7579.75,7582.5,7579.5,7582.25,1280
2026-07-09 13:01:00-04:00,7582.25,7583.5,7582.0,7583.0,1274
2026-07-09 13:02:00-04:00,7583.25,7583.5,7582.0,7583.0,722
2026-07-09 13:03:00-04:00,7583.0,7583.25,7582.25,7582.5,738
2026-07-09 13:04:00-04:00,7582.75,7583.0,7582.5,7582.5,350
2026-07-09 13:05:00-04:00,7582.5,7583.5,7581.75,7583.5,504
2026-07-09 13:06:00-04:00,7583.5,7586.0,7582.75,7585.5,2341
2026-07-09 13:07:00-04:00,7585.75,7587.75,7585.5,7587.0,2744
2026-07-09 13:08:00-04:00,7587.0,7587.75,7586.5,7587.0,1010
2026-07-09 13:09:00-04:00,7587.0,7587.5,7586.25,7586.75,982
2026-07-09 13:10:00-04:00,7586.75,7589.25,7586.25,7588.25,2516
2026-07-09 13:11:00-04:00,7588.25,7589.0,7588.25,7588.75,979
2026-07-09 13:12:00-04:00,7588.5,7588.75,7587.25,7588.0,699
2026-07-09 13:13:00-04:00,7588.0,7588.25,7586.75,7587.25,977
2026-07-09 13:14:00-04:00,7587.25,7588.5,7587.0,7587.25,490
2026-07-09 13:15:00-04:00,7587.25,7589.0,7587.25,7588.75,695
2026-07-09 13:16:00-04:00,7588.5,7589.5,7588.25,7588.5,616
2026-07-09 13:17:00-04:00,7588.5,7589.5,7588.25,7588.75,526
2026-07-09 13:18:00-04:00,7589.0,7589.75,7588.75,7589.75,590
2026-07-09 13:19:00-04:00,7589.5,7591.25,7589.25,7590.75,1810
2026-07-09 13:20:00-04:00,7590.75,7592.0,7590.5,7591.0,1664
2026-07-09 13:21:00-04:00,7591.25,7592.0,7590.25,7590.25,736
2026-07-09 13:22:00-04:00,7590.25,7590.75,7589.0,7589.5,1088
2026-07-09 13:23:00-04:00,7589.5,7590.5,7589.5,7590.25,485
2026-07-09 13:24:00-04:00,7590.0,7591.0,7590.0,7590.0,440
2026-07-09 13:25:00-04:00,7590.0,7591.75,7590.0,7591.5,684
2026-07-09 13:26:00-04:00,7591.75,7592.25,7590.75,7591.0,868
2026-07-09 13:27:00-04:00,7591.0,7592.75,7591.0,7592.25,731
2026-07-09 13:28:00-04:00,7592.5,7593.0,7591.75,7592.75,682
2026-07-09 13:29:00-04:00,7592.5,7593.25,7592.5,7593.25,1042
2026-07-09 13:30:00-04:00,7593.25,7594.0,7591.5,7592.75,1730
2026-07-09 13:31:00-04:00,7592.5,7592.75,7590.5,7591.0,1318
2026-07-09 13:32:00-04:00,7590.75,7591.5,7590.0,7591.25,1168
2026-07-09 13:33:00-04:00,7591.25,7593.0,7591.0,7592.75,874
2026-07-09 13:34:00-04:00,7592.75,7593.0,7591.5,7591.75,692
2026-07-09 13:35:00-04:00,7591.5,7592.5,7591.25,7592.5,696
2026-07-09 13:36:00-04:00,7592.25,7593.5,7592.0,7592.75,797
2026-07-09 13:37:00-04:00,7592.75,7594.25,7592.75,7593.25,897
2026-07-09 13:38:00-04:00,7593.25,7593.5,7592.25,7592.5,617
2026-07-09 13:39:00-04:00,7592.5,7593.25,7592.25,7592.5,316
2026-07-09 13:40:00-04:00,7592.5,7592.75,7590.25,7591.5,1369
2026-07-09 13:41:00-04:00,7591.25,7592.0,7590.75,7591.25,846
2026-07-09 13:42:00-04:00,7591.5,7592.75,7591.25,7592.5,622
2026-07-09 13:43:00-04:00,7592.75,7593.25,7592.25,7592.5,516
2026-07-09 13:44:00-04:00,7592.5,7592.5,7591.5,7592.25,389
2026-07-09 13:45:00-04:00,7592.5,7593.0,7592.25,7592.75,319
2026-07-09 13:46:00-04:00,7592.75,7593.5,7592.0,7593.5,380
2026-07-09 13:47:00-04:00,7593.5,7595.0,7593.25,7594.75,1351
2026-07-09 13:48:00-04:00,7595.0,7595.0,7593.75,7594.25,525
2026-07-09 13:49:00-04:00,7594.5,7594.5,7593.0,7593.5,430
2026-07-09 13:50:00-04:00,7593.75,7594.5,7593.25,7593.25,478
2026-07-09 13:51:00-04:00,7593.25,7594.0,7593.0,7593.5,369
2026-07-09 13:52:00-04:00,7593.25,7593.75,7592.5,7593.5,512
2026-07-09 13:53:00-04:00,7593.5,7593.5,7593.0,7593.5,188
2026-07-09 13:54:00-04:00,7593.5,7593.75,7591.75,7592.5,620
2026-07-09 13:55:00-04:00,7592.5,7592.75,7591.5,7592.0,575
2026-07-09 13:56:00-04:00,7592.25,7592.75,7591.5,7591.75,508
2026-07-09 13:57:00-04:00,7591.75,7592.25,7590.75,7591.5,994
2026-07-09 13:58:00-04:00,7591.5,7593.0,7588.25,7590.0,3869
2026-07-09 13:59:00-04:00,7589.75,7591.5,7589.25,7591.25,1190
2026-07-09 14:00:00-04:00,7591.5,7592.25,7590.5,7591.25,1106
2026-07-09 14:01:00-04:00,7591.5,7592.5,7591.25,7591.5,569
2026-07-09 14:02:00-04:00,7591.75,7592.0,7590.0,7590.5,1087
2026-07-09 14:03:00-04:00,7590.25,7591.25,7590.0,7590.5,661
2026-07-09 14:04:00-04:00,7590.5,7590.75,7589.5,7590.25,726
2026-07-09 14:05:00-04:00,7590.25,7592.0,7590.25,7592.0,838
2026-07-09 14:06:00-04:00,7592.0,7593.25,7592.0,7592.25,1298
2026-07-09 14:07:00-04:00,7592.25,7593.0,7592.0,7592.25,596
2026-07-09 14:08:00-04:00,7592.5,7592.75,7591.5,7592.0,421
2026-07-09 14:09:00-04:00,7592.25,7592.5,7591.5,7592.25,295
2026-07-09 14:10:00-04:00,7592.0,7592.5,7591.5,7592.0,499
2026-07-09 14:11:00-04:00,7592.25,7593.0,7591.75,7592.75,583
2026-07-09 14:12:00-04:00,7592.75,7593.5,7592.25,7592.75,630
2026-07-09 14:13:00-04:00,7592.5,7593.25,7592.25,7592.25,368
2026-07-09 14:14:00-04:00,7592.25,7593.0,7592.25,7592.5,375
2026-07-09 14:15:00-04:00,7592.5,7594.0,7592.5,7593.0,728
2026-07-09 14:16:00-04:00,7593.0,7593.5,7591.75,7592.0,632
2026-07-09 14:17:00-04:00,7592.0,7592.25,7591.0,7591.5,637
2026-07-09 14:18:00-04:00,7591.5,7591.75,7590.25,7591.0,794
2026-07-09 14:19:00-04:00,7591.0,7592.25,7591.0,7591.25,553
2026-07-09 14:20:00-04:00,7591.25,7591.5,7589.25,7589.5,1609
2026-07-09 14:21:00-04:00,7589.75,7590.75,7589.25,7590.25,723
2026-07-09 14:22:00-04:00,7590.25,7591.0,7589.25,7589.25,642
2026-07-09 14:23:00-04:00,7589.25,7589.75,7588.5,7589.0,934
2026-07-09 14:24:00-04:00,7589.0,7589.75,7588.25,7588.25,998
2026-07-09 14:25:00-04:00,7588.25,7589.0,7587.25,7588.5,1857
2026-07-09 14:26:00-04:00,7588.5,7589.25,7587.5,7588.25,880
2026-07-09 14:27:00-04:00,7588.5,7588.75,7587.5,7588.5,446
2026-07-09 14:28:00-04:00,7588.5,7589.0,7587.25,7587.25,855
2026-07-09 14:29:00-04:00,7587.5,7589.5,7587.25,7589.5,904
2026-07-09 14:30:00-04:00,7589.5,7590.5,7588.5,7588.75,1391
2026-07-09 14:31:00-04:00,7588.75,7589.75,7588.25,7589.75,551
2026-07-09 14:32:00-04:00,7589.5,7589.75,7588.25,7588.5,497
2026-07-09 14:33:00-04:00,7588.25,7588.75,7587.75,7588.5,561
2026-07-09 14:34:00-04:00,7588.5,7588.75,7587.25,7587.25,465
2026-07-09 14:35:00-04:00,7587.25,7587.25,7585.5,7586.25,1513
2026-07-09 14:36:00-04:00,7586.5,7587.5,7586.0,7587.5,819
2026-07-09 14:37:00-04:00,7587.5,7588.25,7586.75,7587.0,782
2026-07-09 14:38:00-04:00,7587.0,7587.75,7586.25,7587.25,328
2026-07-09 14:39:00-04:00,7587.0,7587.5,7586.0,7586.0,417
2026-07-09 14:40:00-04:00,7586.0,7587.0,7585.25,7586.25,906
2026-07-09 14:41:00-04:00,7586.5,7587.0,7585.75,7586.5,482
2026-07-09 14:42:00-04:00,7586.5,7588.0,7586.5,7587.0,863
2026-07-09 14:43:00-04:00,7587.0,7587.25,7586.75,7587.0,590
2026-07-09 14:44:00-04:00,7587.25,7588.0,7587.0,7587.75,445
2026-07-09 14:45:00-04:00,7587.75,7588.0,7587.0,7587.5,492
2026-07-09 14:46:00-04:00,7587.5,7587.5,7585.5,7586.5,597
2026-07-09 14:47:00-04:00,7586.5,7587.0,7585.75,7586.25,409
2026-07-09 14:48:00-04:00,7586.5,7587.75,7586.0,7587.25,533
2026-07-09 14:49:00-04:00,7587.0,7587.25,7586.75,7587.25,431
2026-07-09 14:50:00-04:00,7587.25,7588.0,7587.25,7587.25,495
2026-07-09 14:51:00-04:00,7587.25,7587.5,7586.0,7586.5,499
2026-07-09 14:52:00-04:00,7586.75,7587.25,7586.0,7586.5,461
2026-07-09 14:53:00-04:00,7586.25,7586.5,7585.75,7586.25,377
2026-07-09 14:54:00-04:00,7586.25,7586.5,7585.5,7585.5,336
2026-07-09 14:55:00-04:00,7585.75,7586.0,7583.0,7584.0,2400
2026-07-09 14:56:00-04:00,7583.75,7584.75,7583.5,7584.25,774
2026-07-09 14:57:00-04:00,7584.75,7585.0,7583.75,7584.0,576
2026-07-09 14:58:00-04:00,7584.0,7585.0,7583.75,7584.25,495
2026-07-09 14:59:00-04:00,7584.25,7586.0,7584.0,7585.0,1030
2026-07-09 15:00:00-04:00,7585.25,7585.25,7583.5,7583.5,774
2026-07-09 15:01:00-04:00,7583.25,7583.5,7582.25,7583.25,1336
2026-07-09 15:02:00-04:00,7583.25,7584.5,7582.75,7583.0,765
2026-07-09 15:03:00-04:00,7583.0,7583.75,7582.75,7583.5,356
2026-07-09 15:04:00-04:00,7583.25,7583.75,7582.5,7583.0,527
2026-07-09 15:05:00-04:00,7583.0,7583.75,7582.25,7583.0,886
2026-07-09 15:06:00-04:00,7583.0,7584.5,7582.5,7583.5,1031
2026-07-09 15:07:00-04:00,7583.5,7583.75,7582.75,7583.25,473
2026-07-09 15:08:00-04:00,7583.0,7583.25,7581.0,7582.0,1226
2026-07-09 15:09:00-04:00,7582.25,7583.25,7582.0,7582.25,684
2026-07-09 15:10:00-04:00,7582.25,7582.5,7581.25,7582.0,574
2026-07-09 15:11:00-04:00,7581.75,7583.5,7581.75,7583.5,689
2026-07-09 15:12:00-04:00,7583.5,7584.75,7583.25,7584.25,1297
2026-07-09 15:13:00-04:00,7584.5,7584.75,7583.25,7583.5,870
2026-07-09 15:14:00-04:00,7583.75,7584.25,7583.25,7583.25,377
2026-07-09 15:15:00-04:00,7583.25,7584.25,7582.5,7584.25,754
2026-07-09 15:16:00-04:00,7584.25,7586.25,7584.25,7586.25,1903
2026-07-09 15:17:00-04:00,7586.0,7586.75,7585.5,7586.0,1392
2026-07-09 15:18:00-04:00,7586.25,7588.0,7585.75,7586.5,1663
2026-07-09 15:19:00-04:00,7586.75,7587.5,7586.5,7587.25,739
2026-07-09 15:20:00-04:00,7587.5,7587.75,7586.5,7586.75,793
2026-07-09 15:21:00-04:00,7586.75,7588.5,7586.75,7588.25,1030
2026-07-09 15:22:00-04:00,7588.25,7588.5,7586.75,7586.75,517
2026-07-09 15:23:00-04:00,7586.75,7587.0,7585.75,7587.0,792
2026-07-09 15:24:00-04:00,7587.0,7587.0,7585.75,7586.0,413
2026-07-09 15:25:00-04:00,7586.0,7586.75,7585.5,7585.75,645
2026-07-09 15:26:00-04:00,7585.75,7586.0,7584.75,7585.0,508
2026-07-09 15:27:00-04:00,7584.75,7586.75,7584.75,7585.5,688
2026-07-09 15:28:00-04:00,7585.75,7586.25,7585.5,7585.75,346
2026-07-09 15:29:00-04:00,7586.0,7586.25,7585.0,7585.0,478
2026-07-09 15:30:00-04:00,7585.0,7585.75,7583.25,7583.75,1795
2026-07-09 15:31:00-04:00,7583.75,7585.25,7583.75,7585.0,599
2026-07-09 15:32:00-04:00,7584.75,7585.5,7584.25,7584.5,627
2026-07-09 15:33:00-04:00,7584.25,7585.0,7584.0,7584.75,359
2026-07-09 15:34:00-04:00,7584.5,7585.5,7584.25,7585.25,505
2026-07-09 15:35:00-04:00,7585.25,7586.75,7585.25,7586.25,946
2026-07-09 15:36:00-04:00,7586.25,7588.0,7586.25,7587.25,736
2026-07-09 15:37:00-04:00,7587.25,7587.25,7585.75,7585.75,770
2026-07-09 15:38:00-04:00,7585.75,7586.5,7585.25,7586.5,547
2026-07-09 15:39:00-04:00,7586.25,7587.0,7586.25,7586.75,484
2026-07-09 15:40:00-04:00,7586.75,7587.75,7586.5,7587.0,841
2026-07-09 15:41:00-04:00,7586.75,7587.0,7585.5,7586.75,693
2026-07-09 15:42:00-04:00,7586.5,7586.75,7585.5,7586.25,408
2026-07-09 15:43:00-04:00,7586.5,7587.5,7586.5,7587.0,373
2026-07-09 15:44:00-04:00,7587.0,7589.0,7587.0,7587.75,959
2026-07-09 15:45:00-04:00,7588.0,7588.75,7586.5,7587.0,1271
2026-07-09 15:46:00-04:00,7587.0,7587.75,7587.0,7587.75,274
2026-07-09 15:47:00-04:00,7587.75,7588.0,7587.0,7588.0,340
2026-07-09 15:48:00-04:00,7587.75,7588.0,7587.0,7587.25,382
2026-07-09 15:49:00-04:00,7587.25,7587.75,7586.5,7586.5,462
2026-07-09 15:50:00-04:00,7586.5,7586.75,7584.5,7585.5,2104
2026-07-09 15:51:00-04:00,7585.75,7585.75,7583.75,7585.25,1043
2026-07-09 15:52:00-04:00,7585.0,7586.0,7584.25,7585.0,910
2026-07-09 15:53:00-04:00,7585.25,7585.25,7583.75,7584.0,1399
2026-07-09 15:54:00-04:00,7584.0,7584.5,7582.25,7582.5,3351
2026-07-09 15:55:00-04:00,7582.75,7586.75,7582.75,7586.0,1848
2026-07-09 15:56:00-04:00,7585.75,7586.5,7585.5,7586.25,495
2026-07-09 15:57:00-04:00,7586.25,7588.0,7586.25,7587.5,911
2026-07-09 15:58:00-04:00,7587.5,7588.5,7587.0,7587.0,1577
2026-07-09 15:59:00-04:00,7586.75,7590.75,7586.25,7590.75,7651
2026-07-09 16:00:00-04:00,7590.5,7590.75,7585.75,7586.5,3372
2026-07-09 16:01:00-04:00,7586.25,7587.25,7585.75,7586.5,907
2026-07-09 16:02:00-04:00,7586.5,7587.75,7586.0,7587.75,430
2026-07-09 16:03:00-04:00,7587.75,7588.75,7587.5,7588.5,496
2026-07-09 16:04:00-04:00,7588.25,7589.25,7588.25,7588.5,382
2026-07-09 16:05:00-04:00,7588.5,7590.0,7588.25,7590.0,478
2026-07-09 16:06:00-04:00,7589.75,7591.75,7589.75,7591.25,1087
2026-07-09 16:07:00-04:00,7591.25,7592.0,7590.75,7590.75,469
2026-07-09 16:08:00-04:00,7590.75,7591.5,7590.5,7591.0,438
2026-07-09 16:09:00-04:00,7591.25,7591.5,7590.75,7591.5,227
2026-07-09 16:10:00-04:00,7591.25,7591.5,7589.0,7590.0,741
2026-07-09 16:11:00-04:00,7590.25,7590.75,7589.75,7589.75,204
2026-07-09 16:12:00-04:00,7589.75,7590.0,7589.0,7589.25,207
2026-07-09 16:13:00-04:00,7589.5,7590.75,7589.5,7590.5,152
2026-07-09 16:14:00-04:00,7590.25,7591.5,7590.25,7590.5,503
2026-07-09 16:15:00-04:00,7590.75,7591.75,7590.0,7591.0,288
2026-07-09 16:16:00-04:00,7591.0,7591.0,7589.5,7590.5,207
2026-07-09 16:17:00-04:00,7590.25,7590.25,7589.5,7589.75,141
2026-07-09 16:18:00-04:00,7589.75,7590.0,7589.0,7589.75,175
2026-07-09 16:19:00-04:00,7589.5,7590.25,7589.5,7589.5,207
2026-07-09 16:20:00-04:00,7589.5,7589.75,7588.25,7589.25,339
2026-07-09 16:21:00-04:00,7589.5,7589.5,7588.25,7588.75,155
2026-07-09 16:22:00-04:00,7588.75,7588.75,7588.25,7588.25,72
2026-07-09 16:23:00-04:00,7588.25,7588.5,7587.25,7587.25,331
2026-07-09 16:24:00-04:00,7587.25,7587.75,7587.0,7587.5,227
2026-07-09 16:25:00-04:00,7587.5,7587.75,7587.25,7587.25,111
2026-07-09 16:26:00-04:00,7587.5,7587.5,7587.0,7587.25,107
2026-07-09 16:27:00-04:00,7587.0,7587.5,7586.5,7586.75,126
2026-07-09 16:28:00-04:00,7586.5,7587.5,7586.25,7587.25,247
2026-07-09 16:29:00-04:00,7587.25,7587.75,7586.5,7586.75,128
2026-07-09 16:30:00-04:00,7586.75,7587.0,7586.5,7586.75,111
2026-07-09 16:31:00-04:00,7586.75,7587.75,7586.5,7587.75,216
2026-07-09 16:32:00-04:00,7587.5,7588.0,7587.25,7588.0,195
2026-07-09 16:33:00-04:00,7588.25,7589.0,7588.0,7589.0,295
2026-07-09 16:34:00-04:00,7589.0,7589.75,7588.75,7589.5,252
2026-07-09 16:35:00-04:00,7589.5,7590.0,7589.0,7589.0,226
2026-07-09 16:36:00-04:00,7589.25,7589.75,7589.25,7589.25,115
2026-07-09 16:37:00-04:00,7589.5,7589.75,7589.25,7589.25,104
2026-07-09 16:38:00-04:00,7589.5,7589.5,7588.75,7589.25,171
2026-07-09 16:39:00-04:00,7589.5,7589.75,7589.25,7589.75,101
2026-07-09 16:40:00-04:00,7589.5,7589.75,7589.25,7589.75,100
2026-07-09 16:41:00-04:00,7589.75,7589.75,7588.5,7589.0,253
2026-07-09 16:42:00-04:00,7588.75,7589.25,7588.75,7589.0,122
2026-07-09 16:43:00-04:00,7588.75,7589.25,7587.75,7587.75,230
2026-07-09 16:44:00-04:00,7588.0,7588.75,7587.25,7587.5,499
2026-07-09 16:45:00-04:00,7587.5,7588.0,7587.25,7587.75,365
2026-07-09 16:46:00-04:00,7587.5,7588.25,7587.0,7587.0,231
2026-07-09 16:47:00-04:00,7587.25,7587.75,7587.0,7587.75,185
2026-07-09 16:48:00-04:00,7587.5,7588.0,7587.5,7587.75,152
2026-07-09 16:49:00-04:00,7587.5,7588.0,7587.25,7587.75,120
2026-07-09 16:50:00-04:00,7587.75,7587.75,7586.0,7586.25,650
2026-07-09 16:51:00-04:00,7586.25,7586.5,7586.0,7586.25,101
2026-07-09 16:52:00-04:00,7586.25,7586.5,7586.0,7586.25,71
2026-07-09 16:53:00-04:00,7586.0,7586.5,7585.75,7585.75,111
2026-07-09 16:54:00-04:00,7586.0,7586.25,7585.75,7586.0,177
2026-07-09 16:55:00-04:00,7585.75,7586.25,7584.75,7585.75,406
2026-07-09 16:56:00-04:00,7586.0,7586.0,7584.5,7585.75,119
2026-07-09 16:57:00-04:00,7585.5,7587.0,7585.5,7586.5,336
2026-07-09 16:58:00-04:00,7586.5,7586.75,7586.25,7586.5,72
2026-07-09 16:59:00-04:00,7586.75,7587.25,7585.5,7586.25,284
2026-07-09 18:00:00-04:00,7588.0,7588.75,7585.25,7587.25,0
2026-07-09 18:01:00-04:00,7587.25,7587.5,7585.5,7585.5,198
2026-07-09 18:02:00-04:00,7585.75,7586.25,7585.25,7586.0,198
2026-07-09 18:03:00-04:00,7586.0,7587.25,7585.75,7585.75,110
2026-07-09 18:04:00-04:00,7586.25,7587.25,7585.0,7587.0,208
2026-07-09 18:05:00-04:00,7587.25,7588.0,7585.0,7585.75,309
2026-07-09 18:06:00-04:00,7585.75,7588.0,7585.75,7586.0,201
2026-07-09 18:07:00-04:00,7586.25,7589.0,7586.0,7587.75,359
2026-07-09 18:08:00-04:00,7587.75,7588.0,7586.0,7586.25,127
2026-07-09 18:09:00-04:00,7586.75,7587.0,7584.5,7585.25,205
2026-07-09 18:10:00-04:00,7585.25,7585.5,7584.25,7585.0,197
2026-07-09 18:11:00-04:00,7585.0,7585.25,7584.5,7584.75,93
2026-07-09 18:12:00-04:00,7584.75,7585.0,7584.25,7585.0,57
2026-07-09 18:13:00-04:00,7585.0,7585.5,7584.25,7584.75,105
2026-07-09 18:14:00-04:00,7585.0,7585.5,7584.5,7585.25,72
2026-07-09 18:15:00-04:00,7585.25,7585.5,7584.5,7584.75,108
2026-07-09 18:16:00-04:00,7585.0,7586.0,7584.5,7586.0,140
2026-07-09 18:17:00-04:00,7586.0,7586.5,7585.25,7585.75,205
2026-07-09 18:18:00-04:00,7585.5,7586.5,7585.25,7585.75,75
2026-07-09 18:19:00-04:00,7586.0,7586.25,7584.0,7584.75,432
2026-07-09 18:20:00-04:00,7585.0,7585.0,7583.75,7584.5,258
2026-07-09 18:21:00-04:00,7584.75,7585.25,7584.25,7584.75,69
2026-07-09 18:22:00-04:00,7585.0,7585.75,7584.75,7585.0,131
2026-07-09 18:23:00-04:00,7585.25,7585.5,7585.0,7585.5,56
2026-07-09 18:24:00-04:00,7585.25,7586.0,7585.25,7585.25,41
2026-07-09 18:25:00-04:00,7585.0,7585.75,7584.75,7585.75,93
2026-07-09 18:26:00-04:00,7586.0,7586.25,7585.25,7585.5,79
2026-07-09 18:27:00-04:00,7585.25,7585.25,7584.5,7584.75,104
2026-07-09 18:28:00-04:00,7584.5,7584.75,7583.75,7584.25,159
2026-07-09 18:29:00-04:00,7584.25,7585.0,7584.0,7584.5,72
2026-07-09 18:30:00-04:00,7584.25,7585.25,7584.25,7585.0,188
2026-07-09 18:31:00-04:00,7585.0,7585.5,7585.0,7585.0,73
2026-07-09 18:32:00-04:00,7585.0,7585.25,7584.75,7585.25,84
2026-07-09 18:33:00-04:00,7585.25,7585.5,7584.75,7585.25,98
2026-07-09 18:34:00-04:00,7585.5,7585.5,7584.75,7585.0,67
2026-07-09 18:35:00-04:00,7585.0,7585.0,7584.5,7585.0,61
2026-07-09 18:36:00-04:00,7585.0,7585.5,7585.0,7585.5,38
2026-07-09 18:37:00-04:00,7585.75,7585.75,7585.0,7585.5,57
2026-07-09 18:38:00-04:00,7585.5,7586.25,7585.25,7585.75,201
2026-07-09 18:39:00-04:00,7585.5,7586.0,7584.75,7585.5,74
2026-07-09 18:40:00-04:00,7585.5,7586.0,7585.25,7585.5,79
2026-07-09 18:41:00-04:00,7585.5,7586.0,7585.0,7585.75,48
2026-07-09 18:42:00-04:00,7585.75,7585.75,7585.25,7585.75,30
2026-07-09 18:43:00-04:00,7586.0,7586.25,7585.5,7585.5,57
2026-07-09 18:44:00-04:00,7586.0,7586.0,7585.5,7586.0,73
2026-07-09 18:45:00-04:00,7585.75,7586.0,7585.5,7586.0,49
2026-07-09 18:46:00-04:00,7586.0,7586.25,7585.75,7585.75,61
2026-07-09 18:47:00-04:00,7586.0,7586.0,7585.25,7585.75,59
2026-07-09 18:48:00-04:00,7585.5,7586.0,7585.5,7586.0,41
2026-07-09 18:49:00-04:00,7585.75,7587.0,7585.75,7586.25,176
2026-07-09 18:50:00-04:00,7586.25,7587.0,7586.0,7586.75,121
2026-07-09 18:51:00-04:00,7586.75,7586.75,7586.25,7586.75,76
2026-07-09 18:52:00-04:00,7587.0,7587.0,7586.25,7586.75,58
2026-07-09 18:53:00-04:00,7586.75,7587.0,7586.0,7586.25,49
2026-07-09 18:54:00-04:00,7586.25,7586.5,7586.0,7586.0,80
2026-07-09 18:55:00-04:00,7586.0,7586.5,7585.75,7586.25,87
2026-07-09 18:56:00-04:00,7586.0,7586.75,7586.0,7586.5,57
2026-07-09 18:57:00-04:00,7586.75,7586.75,7586.25,7586.25,48
2026-07-09 18:58:00-04:00,7586.25,7586.75,7586.25,7586.5,88
2026-07-09 18:59:00-04:00,7586.5,7587.0,7586.25,7586.75,59
2026-07-09 19:00:00-04:00,7587.0,7587.5,7586.75,7587.25,210
2026-07-09 19:01:00-04:00,7587.25,7587.25,7585.0,7585.25,347
2026-07-09 19:02:00-04:00,7585.75,7585.75,7584.75,7585.5,158
2026-07-09 19:03:00-04:00,7585.5,7586.25,7585.5,7586.25,77
2026-07-09 19:04:00-04:00,7586.25,7587.5,7586.25,7587.5,213
2026-07-09 19:05:00-04:00,7587.5,7588.5,7587.25,7588.25,222
2026-07-09 19:06:00-04:00,7588.25,7588.5,7587.75,7588.0,212
2026-07-09 19:07:00-04:00,7588.0,7588.25,7587.5,7588.0,117
2026-07-09 19:08:00-04:00,7588.0,7588.75,7587.75,7588.5,128
2026-07-09 19:09:00-04:00,7588.75,7589.25,7588.25,7589.0,269
2026-07-09 19:10:00-04:00,7589.0,7589.25,7588.25,7588.75,148
2026-07-09 19:11:00-04:00,7589.0,7589.0,7588.25,7588.75,77
2026-07-09 19:12:00-04:00,7588.75,7589.0,7588.5,7588.75,50
2026-07-09 19:13:00-04:00,7589.0,7589.5,7588.75,7589.5,113
2026-07-09 19:14:00-04:00,7589.5,7589.5,7589.0,7589.25,117
2026-07-09 19:15:00-04:00,7589.5,7589.5,7589.0,7589.0,71
2026-07-09 19:16:00-04:00,7588.75,7589.0,7588.0,7588.75,124
2026-07-09 19:17:00-04:00,7588.75,7589.25,7588.5,7588.5,39
2026-07-09 19:18:00-04:00,7588.5,7589.25,7588.25,7589.25,75
2026-07-09 19:19:00-04:00,7589.25,7590.0,7589.25,7589.75,233
2026-07-09 19:20:00-04:00,7589.75,7590.0,7589.0,7589.0,240
2026-07-09 19:21:00-04:00,7589.0,7590.0,7589.0,7589.75,89
2026-07-09 19:22:00-04:00,7589.75,7590.0,7588.75,7589.5,94
2026-07-09 19:23:00-04:00,7589.25,7590.25,7589.25,7590.25,94
2026-07-09 19:24:00-04:00,7590.0,7591.25,7590.0,7590.75,461
2026-07-09 19:25:00-04:00,7590.75,7591.5,7590.5,7591.0,187
2026-07-09 19:26:00-04:00,7591.0,7591.5,7590.75,7591.0,133
2026-07-09 19:27:00-04:00,7591.0,7591.5,7590.75,7591.25,71
2026-07-09 19:28:00-04:00,7591.0,7591.75,7591.0,7591.25,141
2026-07-09 19:29:00-04:00,7591.25,7591.5,7591.0,7591.25,75
2026-07-09 19:30:00-04:00,7591.5,7591.5,7590.0,7590.5,303
2026-07-09 19:31:00-04:00,7590.25,7591.0,7590.0,7590.75,93
2026-07-09 19:32:00-04:00,7590.5,7591.25,7590.5,7591.25,56
2026-07-09 19:33:00-04:00,7591.0,7591.0,7590.25,7590.25,87
2026-07-09 19:34:00-04:00,7590.75,7590.75,7589.5,7589.75,181
2026-07-09 19:35:00-04:00,7590.25,7590.5,7589.75,7590.5,53
2026-07-09 19:36:00-04:00,7590.75,7591.0,7590.0,7591.0,120
2026-07-09 19:37:00-04:00,7590.5,7591.0,7590.5,7591.0,71
2026-07-09 19:38:00-04:00,7590.75,7590.75,7590.0,7590.5,79
2026-07-09 19:39:00-04:00,7590.75,7591.25,7590.75,7590.75,70
2026-07-09 19:40:00-04:00,7591.0,7591.0,7590.5,7590.5,73
2026-07-09 19:41:00-04:00,7590.25,7590.5,7589.75,7589.75,116
2026-07-09 19:42:00-04:00,7590.0,7590.0,7589.25,7589.75,128
2026-07-09 19:43:00-04:00,7589.75,7590.0,7589.25,7589.5,89
2026-07-09 19:44:00-04:00,7589.5,7590.25,7589.25,7589.75,104
2026-07-09 19:45:00-04:00,7590.0,7590.0,7587.5,7588.75,484
2026-07-09 19:46:00-04:00,7588.75,7589.0,7588.0,7588.25,153
2026-07-09 19:47:00-04:00,7588.25,7588.5,7587.5,7587.5,70
2026-07-09 19:48:00-04:00,7587.75,7588.25,7587.25,7588.0,127
2026-07-09 19:49:00-04:00,7588.5,7588.5,7586.5,7587.5,191
2026-07-09 19:50:00-04:00,7587.5,7588.5,7587.25,7588.0,126
2026-07-09 19:51:00-04:00,7588.0,7589.0,7588.0,7589.0,122
2026-07-09 19:52:00-04:00,7588.5,7589.25,7588.5,7588.75,162
2026-07-09 19:53:00-04:00,7588.75,7589.75,7587.75,7589.75,106
2026-07-09 19:54:00-04:00,7589.5,7590.75,7589.5,7589.75,241
2026-07-09 19:55:00-04:00,7589.75,7590.5,7589.25,7590.0,108
2026-07-09 19:56:00-04:00,7590.0,7591.25,7590.0,7591.25,187
2026-07-09 19:57:00-04:00,7591.0,7591.25,7589.75,7590.0,235
2026-07-09 19:58:00-04:00,7590.25,7590.5,7589.0,7589.25,263
2026-07-09 19:59:00-04:00,7589.0,7589.75,7588.5,7588.5,287
2026-07-09 20:00:00-04:00,7588.5,7589.5,7586.75,7586.75,654
2026-07-09 20:01:00-04:00,7587.0,7587.0,7584.5,7584.5,1002
2026-07-09 20:02:00-04:00,7584.75,7585.25,7583.25,7584.25,771
2026-07-09 20:03:00-04:00,7584.25,7584.75,7583.25,7583.75,528
2026-07-09 20:04:00-04:00,7583.75,7585.5,7583.75,7584.75,366
2026-07-09 20:05:00-04:00,7584.75,7585.75,7583.75,7584.0,457
2026-07-09 20:06:00-04:00,7583.75,7585.0,7583.25,7584.5,308
2026-07-09 20:07:00-04:00,7584.25,7584.5,7581.25,7581.5,572
2026-07-09 20:08:00-04:00,7581.5,7583.75,7581.25,7583.25,559
2026-07-09 20:09:00-04:00,7583.0,7584.25,7582.75,7584.25,244
2026-07-09 20:10:00-04:00,7584.0,7584.5,7581.5,7581.75,357
2026-07-09 20:11:00-04:00,7581.5,7582.0,7580.5,7581.0,630
2026-07-09 20:12:00-04:00,7580.75,7582.5,7580.5,7582.5,543
2026-07-09 20:13:00-04:00,7582.5,7582.5,7581.0,7582.5,165
2026-07-09 20:14:00-04:00,7582.5,7584.25,7581.5,7583.75,295
2026-07-09 20:15:00-04:00,7583.25,7584.75,7583.25,7583.5,272
2026-07-09 20:16:00-04:00,7583.5,7583.75,7582.0,7582.5,228
2026-07-09 20:17:00-04:00,7582.5,7583.0,7581.5,7582.25,205
2026-07-09 20:18:00-04:00,7582.5,7583.25,7581.75,7582.5,156
2026-07-09 20:19:00-04:00,7582.5,7582.75,7581.75,7582.25,96
2026-07-09 20:20:00-04:00,7582.25,7583.5,7581.75,7582.0,190
2026-07-09 20:21:00-04:00,7581.75,7583.5,7581.75,7583.25,159
2026-07-09 20:22:00-04:00,7583.25,7583.25,7580.75,7581.0,206
2026-07-09 20:23:00-04:00,7581.0,7581.0,7579.75,7579.75,545
2026-07-09 20:24:00-04:00,7579.75,7580.0,7578.25,7578.5,690
2026-07-09 20:25:00-04:00,7578.5,7579.25,7577.5,7578.75,509
2026-07-09 20:26:00-04:00,7579.0,7580.0,7578.0,7579.75,332
2026-07-09 20:27:00-04:00,7580.0,7580.0,7578.5,7578.5,165
2026-07-09 20:28:00-04:00,7578.75,7579.0,7577.5,7578.5,255
2026-07-09 20:29:00-04:00,7578.25,7580.0,7578.25,7579.75,258
2026-07-09 20:30:00-04:00,7579.75,7580.5,7578.75,7579.5,376
2026-07-09 20:31:00-04:00,7579.25,7579.75,7577.5,7578.25,257
2026-07-09 20:32:00-04:00,7578.5,7578.5,7577.5,7578.25,188
2026-07-09 20:33:00-04:00,7578.5,7578.75,7576.0,7576.25,556
2026-07-09 20:34:00-04:00,7576.75,7577.5,7575.75,7576.5,460
2026-07-09 20:35:00-04:00,7576.5,7577.25,7576.0,7576.75,206
2026-07-09 20:36:00-04:00,7576.75,7577.25,7575.75,7577.25,228
2026-07-09 20:37:00-04:00,7577.5,7577.5,7575.5,7576.5,250
2026-07-09 20:38:00-04:00,7576.5,7576.75,7575.75,7575.75,129
2026-07-09 20:39:00-04:00,7576.25,7576.75,7575.75,7575.75,145
2026-07-09 20:40:00-04:00,7575.75,7577.5,7575.75,7576.25,343
2026-07-09 20:41:00-04:00,7576.25,7577.5,7575.75,7576.5,301
2026-07-09 20:42:00-04:00,7576.75,7577.25,7576.5,7577.25,275
2026-07-09 20:43:00-04:00,7577.25,7577.5,7576.75,7577.25,239
2026-07-09 20:44:00-04:00,7577.25,7578.0,7576.75,7577.25,254
2026-07-09 20:45:00-04:00,7577.0,7577.5,7576.5,7576.5,185
2026-07-09 20:46:00-04:00,7576.5,7577.25,7576.0,7576.5,153
2026-07-09 20:47:00-04:00,7576.75,7577.0,7575.25,7576.75,358
2026-07-09 20:48:00-04:00,7577.0,7577.0,7574.75,7575.0,425
2026-07-09 20:49:00-04:00,7575.0,7576.0,7575.0,7575.5,228
2026-07-09 20:50:00-04:00,7575.75,7576.0,7575.0,7575.75,229
2026-07-09 20:51:00-04:00,7575.5,7576.5,7575.5,7576.0,181
2026-07-09 20:52:00-04:00,7576.0,7576.75,7576.0,7576.25,223
2026-07-09 20:53:00-04:00,7576.25,7576.25,7575.25,7576.25,143
2026-07-09 20:54:00-04:00,7576.0,7576.0,7575.25,7575.75,95
2026-07-09 20:55:00-04:00,7576.25,7578.0,7576.25,7578.0,497
2026-07-09 20:56:00-04:00,7577.75,7580.0,7577.75,7578.75,849
2026-07-09 20:57:00-04:00,7578.75,7580.0,7578.5,7580.0,302
2026-07-09 20:58:00-04:00,7580.0,7580.25,7579.5,7579.75,216
2026-07-09 20:59:00-04:00,7579.5,7580.75,7579.5,7580.5,349
2026-07-09 21:00:00-04:00,7580.75,7581.5,7580.0,7580.5,502
2026-07-09 21:01:00-04:00,7580.5,7581.0,7578.75,7578.75,419
2026-07-09 21:02:00-04:00,7578.75,7580.0,7578.75,7579.25,274
2026-07-09 21:03:00-04:00,7579.25,7579.75,7578.75,7579.0,190
2026-07-09 21:04:00-04:00,7579.0,7579.5,7577.5,7577.5,379
2026-07-09 21:05:00-04:00,7577.5,7578.0,7577.25,7577.5,266
2026-07-09 21:06:00-04:00,7577.25,7578.0,7577.25,7577.75,156
2026-07-09 21:07:00-04:00,7577.75,7578.5,7577.5,7578.0,188
2026-07-09 21:08:00-04:00,7578.5,7578.75,7577.75,7578.0,177
2026-07-09 21:09:00-04:00,7578.25,7578.75,7577.5,7577.5,137
2026-07-09 21:10:00-04:00,7577.5,7577.5,7576.0,7577.0,462
2026-07-09 21:11:00-04:00,7576.75,7577.25,7575.75,7577.0,230
2026-07-09 21:12:00-04:00,7577.25,7578.5,7577.0,7578.0,267
2026-07-09 21:13:00-04:00,7578.0,7578.0,7577.0,7577.5,259
2026-07-09 21:14:00-04:00,7577.75,7578.0,7577.25,7577.75,157
2026-07-09 21:15:00-04:00,7577.75,7578.5,7577.0,7578.25,206
2026-07-09 21:16:00-04:00,7578.25,7578.5,7577.75,7578.25,154
2026-07-09 21:17:00-04:00,7578.25,7579.0,7578.0,7578.75,225
2026-07-09 21:18:00-04:00,7578.5,7579.5,7577.75,7578.25,182
2026-07-09 21:19:00-04:00,7578.25,7579.25,7578.25,7579.0,119
2026-07-09 21:20:00-04:00,7579.0,7579.5,7579.0,7579.0,97
2026-07-09 21:21:00-04:00,7578.75,7579.0,7577.75,7578.25,133
2026-07-09 21:22:00-04:00,7578.25,7578.75,7577.5,7578.5,101
2026-07-09 21:23:00-04:00,7578.75,7579.5,7578.5,7579.5,88
2026-07-09 21:24:00-04:00,7579.5,7580.0,7579.5,7580.0,250
2026-07-09 21:25:00-04:00,7579.75,7580.0,7579.0,7579.0,87
2026-07-09 21:26:00-04:00,7579.25,7579.25,7577.5,7577.5,187
2026-07-09 21:27:00-04:00,7577.5,7579.0,7577.5,7578.75,132
2026-07-09 21:28:00-04:00,7578.75,7579.0,7578.25,7578.75,69
2026-07-09 21:29:00-04:00,7578.75,7579.5,7578.5,7579.5,58
2026-07-09 21:30:00-04:00,7579.25,7579.25,7577.5,7579.0,259
2026-07-09 21:31:00-04:00,7579.0,7579.75,7578.75,7579.5,148
2026-07-09 21:32:00-04:00,7579.5,7579.75,7579.0,7579.25,79
2026-07-09 21:33:00-04:00,7579.5,7580.25,7579.5,7579.75,103
2026-07-09 21:34:00-04:00,7580.0,7580.5,7579.5,7579.75,199
2026-07-09 21:35:00-04:00,7580.0,7580.25,7579.0,7579.25,154
2026-07-09 21:36:00-04:00,7579.0,7579.75,7578.75,7579.75,87
2026-07-09 21:37:00-04:00,7579.5,7580.25,7579.25,7580.0,72
2026-07-09 21:38:00-04:00,7579.75,7580.25,7579.5,7580.25,100
2026-07-09 21:39:00-04:00,7580.25,7581.5,7580.25,7581.0,393
2026-07-09 21:40:00-04:00,7581.0,7581.0,7580.25,7580.5,116
2026-07-09 21:41:00-04:00,7580.25,7580.5,7579.5,7580.25,122
2026-07-09 21:42:00-04:00,7580.0,7581.0,7579.75,7580.0,175
2026-07-09 21:43:00-04:00,7579.75,7580.0,7579.5,7580.0,78
2026-07-09 21:44:00-04:00,7580.0,7580.25,7579.5,7579.5,68
2026-07-09 21:45:00-04:00,7579.5,7580.0,7579.0,7579.5,152
2026-07-09 21:46:00-04:00,7579.5,7580.5,7579.25,7580.25,183
2026-07-09 21:47:00-04:00,7580.25,7582.5,7580.0,7582.25,571
2026-07-09 21:48:00-04:00,7582.25,7583.75,7581.75,7583.5,519
2026-07-09 21:49:00-04:00,7583.25,7583.5,7583.0,7583.0,108
2026-07-09 21:50:00-04:00,7583.25,7583.75,7582.0,7582.5,288
2026-07-09 21:51:00-04:00,7582.5,7583.5,7582.5,7583.0,159
2026-07-09 21:52:00-04:00,7583.0,7583.0,7581.5,7581.75,186
2026-07-09 21:53:00-04:00,7581.75,7582.5,7581.75,7582.0,73
2026-07-09 21:54:00-04:00,7582.0,7582.25,7581.25,7581.5,99
2026-07-09 21:55:00-04:00,7581.75,7582.25,7581.5,7582.0,106
2026-07-09 21:56:00-04:00,7581.75,7582.25,7581.5,7581.75,58
2026-07-09 21:57:00-04:00,7581.75,7582.5,7581.75,7581.75,108
2026-07-09 21:58:00-04:00,7581.75,7582.0,7580.75,7580.75,114
2026-07-09 21:59:00-04:00,7580.75,7580.75,7579.75,7580.25,222
2026-07-09 22:00:00-04:00,7580.25,7580.75,7577.5,7578.0,480
2026-07-09 22:01:00-04:00,7578.0,7578.5,7577.5,7578.0,153
2026-07-09 22:02:00-04:00,7577.75,7578.5,7577.0,7578.5,265
2026-07-09 22:03:00-04:00,7578.5,7579.25,7578.25,7579.0,146
2026-07-09 22:04:00-04:00,7579.0,7580.5,7579.0,7580.5,184
2026-07-09 22:05:00-04:00,7580.5,7580.75,7579.5,7580.0,179
2026-07-09 22:06:00-04:00,7580.25,7580.25,7579.75,7580.0,80
2026-07-09 22:07:00-04:00,7580.25,7580.75,7579.0,7580.5,168
2026-07-09 22:08:00-04:00,7580.75,7582.25,7580.25,7581.5,316
2026-07-09 22:09:00-04:00,7581.5,7581.75,7580.5,7581.5,122
2026-07-09 22:10:00-04:00,7581.5,7581.75,7581.0,7581.25,80
2026-07-09 22:11:00-04:00,7581.5,7581.5,7580.0,7580.25,114
2026-07-09 22:12:00-04:00,7580.25,7580.5,7579.75,7580.25,123
2026-07-09 22:13:00-04:00,7580.5,7581.0,7580.0,7580.0,53
2026-07-09 22:14:00-04:00,7579.75,7580.25,7579.25,7580.0,106
2026-07-09 22:15:00-04:00,7580.25,7580.25,7579.25,7579.25,92
2026-07-09 22:16:00-04:00,7579.0,7579.25,7578.0,7578.25,308
2026-07-09 22:17:00-04:00,7578.25,7579.0,7578.0,7578.5,135
2026-07-09 22:18:00-04:00,7578.5,7579.0,7578.5,7579.0,76
2026-07-09 22:19:00-04:00,7579.0,7579.25,7578.5,7579.0,113
2026-07-09 22:20:00-04:00,7579.0,7579.25,7578.0,7578.5,139
2026-07-09 22:21:00-04:00,7578.75,7579.0,7578.25,7578.25,70
2026-07-09 22:22:00-04:00,7578.25,7578.5,7577.25,7577.5,287
2026-07-09 22:23:00-04:00,7577.75,7577.75,7577.0,7577.0,181
2026-07-09 22:24:00-04:00,7577.5,7578.0,7577.25,7578.0,105
2026-07-09 22:25:00-04:00,7578.25,7578.75,7577.5,7578.5,114
2026-07-09 22:26:00-04:00,7578.75,7579.5,7578.75,7579.0,122
2026-07-09 22:27:00-04:00,7579.0,7579.0,7578.0,7578.25,64
2026-07-09 22:28:00-04:00,7578.25,7578.75,7578.0,7578.5,120
2026-07-09 22:29:00-04:00,7578.5,7579.5,7578.25,7579.25,73
2026-07-09 22:30:00-04:00,7579.25,7579.75,7578.0,7579.0,251
2026-07-09 22:31:00-04:00,7579.25,7580.25,7579.0,7579.75,193
2026-07-09 22:32:00-04:00,7579.5,7580.0,7579.25,7579.75,72
2026-07-09 22:33:00-04:00,7579.75,7580.25,7579.25,7579.5,167
2026-07-09 22:34:00-04:00,7579.75,7579.75,7579.25,7579.25,87
2026-07-09 22:35:00-04:00,7579.75,7580.25,7578.5,7578.5,172
2026-07-09 22:36:00-04:00,7578.5,7579.5,7578.5,7579.25,59
2026-07-09 22:37:00-04:00,7579.5,7579.75,7579.0,7579.5,62
2026-07-09 22:38:00-04:00,7579.5,7580.5,7579.25,7580.5,88
2026-07-09 22:39:00-04:00,7580.25,7581.5,7580.25,7581.5,196
2026-07-09 22:40:00-04:00,7581.5,7581.75,7581.25,7581.75,154
2026-07-09 22:41:00-04:00,7582.0,7582.5,7581.75,7582.25,197
2026-07-09 22:42:00-04:00,7582.25,7582.25,7581.25,7581.5,171
2026-07-09 22:43:00-04:00,7581.5,7582.0,7581.25,7581.5,120
2026-07-09 22:44:00-04:00,7581.5,7582.0,7581.25,7581.25,82
2026-07-09 22:45:00-04:00,7581.75,7582.0,7581.25,7581.5,63
2026-07-09 22:46:00-04:00,7581.75,7581.75,7581.0,7581.25,89
2026-07-09 22:47:00-04:00,7581.0,7583.5,7581.0,7583.25,329
2026-07-09 22:48:00-04:00,7583.25,7583.75,7582.75,7583.0,307
2026-07-09 22:49:00-04:00,7583.0,7583.5,7582.75,7583.5,107
2026-07-09 22:50:00-04:00,7583.25,7584.25,7583.25,7584.25,342
2026-07-09 22:51:00-04:00,7584.25,7586.25,7584.25,7585.0,895
2026-07-09 22:52:00-04:00,7584.75,7585.5,7584.75,7585.25,130
2026-07-09 22:53:00-04:00,7585.5,7585.75,7585.0,7585.25,162
2026-07-09 22:54:00-04:00,7585.25,7585.25,7584.25,7584.5,135
2026-07-09 22:55:00-04:00,7584.75,7585.5,7584.5,7585.5,82
2026-07-09 22:56:00-04:00,7585.25,7585.75,7585.0,7585.5,64
2026-07-09 22:57:00-04:00,7585.25,7585.5,7585.0,7585.25,76
2026-07-09 22:58:00-04:00,7585.0,7585.5,7584.75,7585.5,130
2026-07-09 22:59:00-04:00,7585.25,7586.5,7585.0,7586.25,168
2026-07-09 23:00:00-04:00,7586.25,7586.25,7585.5,7585.75,184
2026-07-09 23:01:00-04:00,7586.0,7586.75,7586.0,7586.5,156
2026-07-09 23:02:00-04:00,7586.5,7586.75,7586.25,7586.75,194
2026-07-09 23:03:00-04:00,7586.75,7587.25,7586.5,7587.0,208
2026-07-09 23:04:00-04:00,7587.25,7587.5,7586.5,7587.0,200
2026-07-09 23:05:00-04:00,7587.25,7587.25,7586.75,7587.0,103
2026-07-09 23:06:00-04:00,7587.25,7587.75,7587.0,7587.25,106
2026-07-09 23:07:00-04:00,7587.25,7588.25,7587.25,7588.25,204
2026-07-09 23:08:00-04:00,7588.0,7588.5,7588.0,7588.0,151
2026-07-09 23:09:00-04:00,7588.25,7588.25,7587.75,7587.75,95
2026-07-09 23:10:00-04:00,7588.0,7588.25,7586.5,7586.75,310
2026-07-09 23:11:00-04:00,7586.5,7587.25,7586.25,7586.75,151
2026-07-09 23:12:00-04:00,7586.75,7586.75,7586.25,7586.5,55
2026-07-09 23:13:00-04:00,7586.5,7586.5,7586.0,7586.5,106
2026-07-09 23:14:00-04:00,7586.5,7587.0,7586.5,7586.75,103
2026-07-09 23:15:00-04:00,7586.75,7586.75,7586.25,7586.75,79
2026-07-09 23:16:00-04:00,7586.75,7586.75,7586.25,7586.5,66
2026-07-09 23:17:00-04:00,7586.5,7586.75,7586.5,7586.75,13
2026-07-09 23:18:00-04:00,7587.0,7587.0,7586.25,7586.25,116
2026-07-09 23:19:00-04:00,7586.0,7586.0,7585.5,7586.0,154
2026-07-09 23:20:00-04:00,7586.0,7586.25,7585.5,7585.75,97
2026-07-09 23:21:00-04:00,7586.0,7586.25,7585.25,7585.5,120
2026-07-09 23:22:00-04:00,7585.5,7585.5,7584.5,7585.0,200
2026-07-09 23:23:00-04:00,7585.0,7585.0,7584.5,7585.0,134
2026-07-09 23:24:00-04:00,7585.0,7585.0,7583.75,7583.75,264
2026-07-09 23:25:00-04:00,7584.0,7584.75,7583.75,7584.75,103
2026-07-09 23:26:00-04:00,7584.5,7584.75,7583.5,7583.5,124
2026-07-09 23:27:00-04:00,7583.5,7584.25,7583.5,7584.0,83
2026-07-09 23:28:00-04:00,7583.75,7584.25,7583.75,7584.0,40
2026-07-09 23:29:00-04:00,7584.25,7584.25,7583.25,7583.5,78
2026-07-09 23:30:00-04:00,7583.5,7584.0,7582.5,7583.75,225
2026-07-09 23:31:00-04:00,7583.75,7584.0,7582.5,7582.75,58
2026-07-09 23:32:00-04:00,7582.75,7583.5,7582.5,7583.0,49
2026-07-09 23:33:00-04:00,7583.0,7583.25,7582.75,7582.75,65
2026-07-09 23:34:00-04:00,7582.75,7583.75,7582.75,7583.5,99
2026-07-09 23:35:00-04:00,7583.25,7583.5,7582.5,7583.25,54
2026-07-09 23:36:00-04:00,7583.0,7583.0,7582.25,7582.5,78
2026-07-09 23:37:00-04:00,7582.5,7582.75,7582.25,7582.5,138
2026-07-09 23:38:00-04:00,7582.5,7582.5,7582.0,7582.5,97
2026-07-09 23:39:00-04:00,7582.75,7583.0,7582.0,7582.75,60
2026-07-09 23:40:00-04:00,7582.75,7583.5,7582.75,7583.5,118
2026-07-09 23:41:00-04:00,7583.5,7583.5,7582.5,7583.0,105
2026-07-09 23:42:00-04:00,7583.25,7583.5,7583.0,7583.25,70
2026-07-09 23:43:00-04:00,7583.25,7583.25,7583.0,7583.0,48
2026-07-09 23:44:00-04:00,7582.75,7583.0,7582.75,7583.0,71
2026-07-09 23:45:00-04:00,7582.75,7582.75,7582.25,7582.5,70
2026-07-09 23:46:00-04:00,7582.5,7582.75,7582.0,7582.25,110
2026-07-09 23:47:00-04:00,7582.25,7582.75,7582.0,7582.75,93
2026-07-09 23:48:00-04:00,7583.0,7583.0,7582.5,7582.75,126
2026-07-09 23:49:00-04:00,7582.5,7583.0,7582.5,7582.75,25
2026-07-09 23:50:00-04:00,7582.75,7583.0,7582.5,7583.0,66
2026-07-09 23:51:00-04:00,7583.0,7583.0,7582.0,7582.0,72
2026-07-09 23:52:00-04:00,7582.0,7582.5,7581.5,7582.25,118
2026-07-09 23:53:00-04:00,7582.25,7582.75,7582.25,7582.25,78
2026-07-09 23:54:00-04:00,7582.25,7582.5,7582.0,7582.5,100
2026-07-09 23:55:00-04:00,7582.5,7583.0,7582.25,7582.5,121
2026-07-09 23:56:00-04:00,7582.5,7582.75,7582.25,7582.5,85
2026-07-09 23:57:00-04:00,7582.5,7582.75,7582.0,7582.75,43
2026-07-09 23:58:00-04:00,7582.75,7584.0,7582.75,7583.75,271
2026-07-10 00:09:00-04:00,7583.25,7583.5,7583.0,7583.5,83
2026-07-10 00:10:00-04:00,7583.0,7583.5,7583.0,7583.0,60
2026-07-10 00:11:00-04:00,7583.0,7584.0,7583.0,7583.25,150
2026-07-10 00:12:00-04:00,7583.25,7584.25,7583.25,7583.75,194
2026-07-10 00:13:00-04:00,7583.5,7583.75,7583.5,7583.5,55
2026-07-10 00:14:00-04:00,7583.5,7584.25,7583.25,7583.75,48
2026-07-10 00:15:00-04:00,7584.0,7584.0,7582.5,7582.5,100
2026-07-10 00:16:00-04:00,7583.0,7583.5,7582.75,7583.5,68
2026-07-10 00:17:00-04:00,7583.25,7583.5,7583.25,7583.25,58
2026-07-10 00:18:00-04:00,7583.0,7583.5,7583.0,7583.0,42
2026-07-10 00:19:00-04:00,7583.0,7583.25,7583.0,7583.25,43
2026-07-10 00:20:00-04:00,7583.5,7583.5,7583.0,7583.0,45
2026-07-10 00:21:00-04:00,7582.75,7583.0,7581.25,7581.25,250
2026-07-10 00:22:00-04:00,7581.5,7581.75,7581.25,7581.5,137
2026-07-10 00:23:00-04:00,7581.5,7581.5,7581.25,7581.25,97
2026-07-10 00:24:00-04:00,7581.5,7581.5,7580.5,7581.0,151
2026-07-10 00:25:00-04:00,7580.75,7581.5,7580.25,7581.25,122
2026-07-10 00:26:00-04:00,7581.25,7581.75,7581.0,7581.75,69
2026-07-10 00:27:00-04:00,7581.5,7581.75,7581.25,7581.75,56
2026-07-10 00:28:00-04:00,7581.75,7581.75,7581.25,7581.5,61
2026-07-10 00:29:00-04:00,7581.5,7581.5,7580.75,7581.25,130
2026-07-10 00:30:00-04:00,7581.25,7581.5,7580.75,7581.25,146
2026-07-10 00:31:00-04:00,7581.25,7581.25,7580.5,7580.75,98
2026-07-10 00:32:00-04:00,7580.75,7580.75,7580.25,7580.5,91
2026-07-10 00:33:00-04:00,7580.25,7580.75,7579.5,7580.75,144
2026-07-10 00:34:00-04:00,7580.5,7580.75,7580.5,7580.75,81
2026-07-10 00:35:00-04:00,7580.75,7581.25,7580.5,7580.75,63
2026-07-10 00:36:00-04:00,7580.75,7581.0,7580.25,7580.75,88
2026-07-10 00:37:00-04:00,7580.75,7581.0,7580.75,7580.75,46
2026-07-10 00:38:00-04:00,7580.5,7581.0,7580.25,7581.0,95
2026-07-10 00:39:00-04:00,7580.75,7581.25,7580.75,7581.0,94
2026-07-10 00:40:00-04:00,7581.0,7581.25,7580.5,7580.5,53
2026-07-10 00:41:00-04:00,7581.0,7581.5,7580.5,7580.75,112
2026-07-10 00:42:00-04:00,7581.0,7581.0,7580.75,7580.75,81
2026-07-10 00:43:00-04:00,7581.25,7581.25,7580.5,7580.5,51
2026-07-10 00:44:00-04:00,7581.0,7581.0,7580.75,7580.75,32
2026-07-10 00:45:00-04:00,7580.75,7581.0,7580.0,7580.0,76
2026-07-10 00:46:00-04:00,7580.25,7580.5,7579.0,7580.0,278
2026-07-10 00:47:00-04:00,7580.0,7580.75,7579.75,7580.75,74
2026-07-10 00:48:00-04:00,7580.5,7580.75,7580.0,7580.25,81
2026-07-10 00:49:00-04:00,7580.0,7580.25,7579.5,7579.75,82
2026-07-10 00:50:00-04:00,7579.5,7579.5,7579.0,7579.5,114
2026-07-10 00:51:00-04:00,7579.5,7579.5,7579.25,7579.25,36
2026-07-10 00:52:00-04:00,7579.5,7579.5,7578.5,7578.75,152
2026-07-10 00:53:00-04:00,7579.0,7579.0,7578.25,7578.25,114
2026-07-10 00:54:00-04:00,7578.25,7579.25,7578.25,7579.0,127
2026-07-10 00:55:00-04:00,7579.25,7579.5,7578.5,7579.5,75
2026-07-10 00:56:00-04:00,7579.25,7579.5,7577.75,7577.75,193
2026-07-10 00:57:00-04:00,7578.0,7578.0,7577.25,7577.25,108
2026-07-10 00:58:00-04:00,7577.5,7578.0,7577.25,7577.75,124
2026-07-10 00:59:00-04:00,7577.75,7577.75,7577.25,7577.5,67
2026-07-10 01:00:00-04:00,7577.75,7577.75,7576.75,7577.0,189
2026-07-10 01:01:00-04:00,7577.25,7577.25,7576.5,7577.25,196
2026-07-10 01:02:00-04:00,7577.25,7577.75,7576.75,7577.75,82
2026-07-10 01:03:00-04:00,7577.5,7577.75,7576.5,7577.0,130
2026-07-10 01:04:00-04:00,7577.0,7577.25,7576.5,7576.75,136
2026-07-10 01:05:00-04:00,7576.75,7578.0,7576.75,7577.0,291
2026-07-10 01:06:00-04:00,7577.0,7577.5,7577.0,7577.25,59
2026-07-10 01:07:00-04:00,7577.25,7577.5,7577.0,7577.5,66
2026-07-10 01:08:00-04:00,7577.25,7577.25,7576.25,7576.75,177
2026-07-10 01:09:00-04:00,7576.5,7576.75,7576.25,7576.25,69
2026-07-10 01:10:00-04:00,7576.5,7577.75,7576.5,7577.75,79
2026-07-10 01:11:00-04:00,7577.75,7578.0,7577.25,7577.5,47
2026-07-10 01:12:00-04:00,7577.25,7578.0,7577.25,7578.0,84
2026-07-10 01:13:00-04:00,7578.0,7578.25,7577.75,7578.25,68
2026-07-10 01:14:00-04:00,7578.25,7578.5,7577.75,7578.0,95
2026-07-10 01:15:00-04:00,7578.0,7579.5,7577.75,7579.25,296
2026-07-10 01:16:00-04:00,7579.25,7579.5,7578.25,7578.5,153
2026-07-10 01:17:00-04:00,7578.5,7579.0,7578.0,7578.25,109
2026-07-10 01:18:00-04:00,7578.25,7578.25,7577.75,7578.0,43
2026-07-10 01:19:00-04:00,7578.0,7578.75,7578.0,7578.25,63
2026-07-10 01:20:00-04:00,7578.25,7578.75,7578.0,7578.75,83
2026-07-10 01:21:00-04:00,7579.0,7579.0,7577.75,7578.0,75
2026-07-10 01:22:00-04:00,7578.0,7578.0,7577.25,7577.5,122
2026-07-10 01:23:00-04:00,7577.5,7577.75,7577.0,7577.25,86
2026-07-10 01:24:00-04:00,7577.0,7577.75,7576.75,7577.25,150
2026-07-10 01:25:00-04:00,7577.5,7578.25,7577.25,7578.0,68
2026-07-10 01:26:00-04:00,7578.0,7578.25,7577.5,7577.75,103
2026-07-10 01:27:00-04:00,7577.75,7578.0,7577.25,7578.0,89
2026-07-10 01:28:00-04:00,7577.75,7578.25,7577.75,7578.0,41
2026-07-10 01:29:00-04:00,7578.0,7579.0,7578.0,7578.25,147
2026-07-10 01:30:00-04:00,7578.25,7578.25,7576.75,7577.0,201
2026-07-10 01:31:00-04:00,7577.25,7578.25,7577.0,7577.5,102
2026-07-10 01:32:00-04:00,7577.5,7578.25,7577.5,7578.0,93
2026-07-10 01:33:00-04:00,7578.0,7578.5,7577.5,7577.5,59
2026-07-10 01:34:00-04:00,7577.5,7578.0,7577.25,7578.0,35
2026-07-10 01:35:00-04:00,7578.0,7578.25,7577.5,7577.5,47
2026-07-10 01:36:00-04:00,7577.5,7578.0,7577.25,7577.75,59
2026-07-10 01:37:00-04:00,7578.0,7578.0,7576.75,7577.0,90
2026-07-10 01:38:00-04:00,7577.0,7577.75,7577.0,7577.0,76
2026-07-10 01:39:00-04:00,7577.0,7577.25,7577.0,7577.25,52
2026-07-10 01:40:00-04:00,7577.25,7578.0,7576.5,7577.75,168
2026-07-10 01:41:00-04:00,7577.25,7577.5,7576.75,7577.5,79
2026-07-10 01:42:00-04:00,7577.5,7578.25,7576.75,7578.25,208
2026-07-10 01:43:00-04:00,7578.25,7578.25,7577.5,7578.0,84
2026-07-10 01:44:00-04:00,7578.0,7578.5,7578.0,7578.5,151
2026-07-10 01:45:00-04:00,7578.5,7579.0,7578.0,7579.0,87
2026-07-10 01:46:00-04:00,7579.0,7579.0,7578.5,7578.75,47
2026-07-10 01:47:00-04:00,7578.25,7578.5,7578.0,7578.5,29
2026-07-10 01:48:00-04:00,7578.75,7579.0,7578.5,7578.75,54
2026-07-10 01:49:00-04:00,7578.5,7578.75,7577.5,7577.5,139
2026-07-10 01:50:00-04:00,7577.5,7578.25,7577.5,7577.5,52
2026-07-10 01:51:00-04:00,7577.75,7579.0,7577.75,7578.75,103
2026-07-10 01:52:00-04:00,7578.75,7579.25,7578.0,7578.0,79
2026-07-10 01:53:00-04:00,7578.0,7578.0,7577.25,7577.5,62
2026-07-10 01:54:00-04:00,7577.5,7577.75,7577.0,7577.0,58
2026-07-10 01:55:00-04:00,7577.0,7577.25,7576.5,7576.75,104
2026-07-10 01:56:00-04:00,7576.75,7577.25,7576.25,7576.75,162
2026-07-10 01:57:00-04:00,7577.0,7577.0,7576.25,7576.5,57
2026-07-10 01:58:00-04:00,7576.5,7576.75,7576.25,7576.25,75
2026-07-10 01:59:00-04:00,7576.25,7576.5,7575.5,7576.5,290
2026-07-10 02:00:00-04:00,7576.5,7577.75,7576.25,7577.25,161
2026-07-10 02:01:00-04:00,7577.25,7578.5,7577.0,7577.25,179
2026-07-10 02:02:00-04:00,7577.25,7578.0,7577.25,7578.0,111
2026-07-10 02:03:00-04:00,7578.25,7578.75,7577.75,7577.75,238
2026-07-10 02:04:00-04:00,7577.75,7579.0,7577.5,7579.0,128
2026-07-10 02:05:00-04:00,7579.0,7579.25,7578.0,7578.5,228
2026-07-10 02:06:00-04:00,7578.5,7578.5,7577.75,7578.0,122
2026-07-10 02:07:00-04:00,7578.0,7578.5,7577.75,7578.0,67
2026-07-10 02:08:00-04:00,7577.75,7579.25,7577.5,7579.0,91
2026-07-10 02:09:00-04:00,7579.0,7579.0,7577.5,7577.75,167
2026-07-10 02:10:00-04:00,7577.75,7578.0,7576.75,7577.25,149
2026-07-10 02:11:00-04:00,7577.25,7577.25,7576.0,7577.0,118
2026-07-10 02:12:00-04:00,7577.0,7577.75,7575.75,7576.25,275
2026-07-10 02:13:00-04:00,7576.25,7576.75,7576.0,7576.25,68
2026-07-10 02:14:00-04:00,7576.25,7576.25,7576.0,7576.25,51
2026-07-10 02:15:00-04:00,7576.25,7576.25,7575.75,7575.75,112
2026-07-10 02:16:00-04:00,7575.5,7576.25,7575.25,7576.0,142
2026-07-10 02:17:00-04:00,7576.0,7576.25,7575.5,7575.5,38
2026-07-10 02:18:00-04:00,7575.5,7576.25,7575.25,7576.25,164
2026-07-10 02:19:00-04:00,7576.25,7576.25,7575.25,7575.75,142
2026-07-10 02:20:00-04:00,7575.5,7575.5,7574.0,7575.0,498
2026-07-10 02:21:00-04:00,7574.75,7574.75,7572.25,7572.25,581
2026-07-10 02:22:00-04:00,7572.25,7573.25,7572.0,7572.25,334
2026-07-10 02:23:00-04:00,7572.5,7572.75,7572.0,7572.25,302
2026-07-10 02:24:00-04:00,7572.5,7572.5,7571.5,7571.75,260
2026-07-10 02:25:00-04:00,7571.5,7572.0,7570.5,7571.75,453
2026-07-10 02:26:00-04:00,7572.0,7572.5,7571.25,7572.25,224
2026-07-10 02:27:00-04:00,7572.0,7572.75,7571.5,7571.75,233
2026-07-10 02:28:00-04:00,7571.75,7571.75,7570.5,7571.5,274
2026-07-10 02:29:00-04:00,7571.75,7572.0,7571.5,7571.5,171
2026-07-10 02:30:00-04:00,7571.75,7576.0,7571.5,7576.0,727
2026-07-10 02:31:00-04:00,7576.25,7577.0,7575.75,7576.25,374
2026-07-10 02:32:00-04:00,7576.5,7576.5,7574.25,7574.75,258
2026-07-10 02:33:00-04:00,7574.75,7576.0,7574.5,7575.25,215
2026-07-10 02:34:00-04:00,7575.25,7575.25,7573.0,7573.0,199
2026-07-10 02:35:00-04:00,7573.25,7573.25,7572.75,7573.25,124
2026-07-10 02:36:00-04:00,7573.0,7573.5,7571.5,7572.0,158
2026-07-10 02:37:00-04:00,7571.75,7572.25,7571.0,7572.25,164
2026-07-10 02:38:00-04:00,7572.0,7572.5,7571.0,7571.25,230
2026-07-10 02:39:00-04:00,7571.25,7571.25,7570.5,7571.0,140
2026-07-10 02:40:00-04:00,7571.0,7572.25,7570.5,7571.75,223
2026-07-10 02:41:00-04:00,7571.5,7572.0,7571.0,7571.75,74
2026-07-10 02:42:00-04:00,7572.0,7573.25,7571.75,7572.75,156
2026-07-10 02:43:00-04:00,7572.75,7573.75,7572.5,7573.0,238
2026-07-10 02:44:00-04:00,7573.0,7573.25,7572.75,7572.75,86
2026-07-10 02:45:00-04:00,7572.75,7574.25,7572.5,7574.0,154
2026-07-10 02:46:00-04:00,7574.25,7574.25,7573.25,7573.25,65
2026-07-10 02:47:00-04:00,7573.25,7573.75,7573.0,7573.0,240
2026-07-10 02:48:00-04:00,7573.25,7573.5,7573.0,7573.5,77
2026-07-10 02:49:00-04:00,7573.5,7574.0,7573.5,7573.75,46
2026-07-10 02:50:00-04:00,7574.0,7574.25,7573.25,7573.5,69
2026-07-10 02:51:00-04:00,7573.5,7575.0,7573.5,7575.0,196
2026-07-10 02:52:00-04:00,7574.5,7575.0,7574.0,7574.5,243
2026-07-10 02:53:00-04:00,7574.75,7575.0,7574.0,7574.25,121
2026-07-10 02:54:00-04:00,7574.25,7574.5,7574.0,7574.25,59
2026-07-10 02:55:00-04:00,7574.25,7574.5,7573.0,7573.25,137
2026-07-10 02:56:00-04:00,7573.25,7574.0,7573.0,7574.0,74
2026-07-10 02:57:00-04:00,7574.0,7574.5,7573.75,7574.5,61
2026-07-10 02:58:00-04:00,7574.25,7574.25,7573.75,7574.0,57
2026-07-10 02:59:00-04:00,7574.25,7575.5,7573.75,7574.0,276
2026-07-10 03:00:00-04:00,7574.0,7574.75,7572.0,7572.5,401
2026-07-10 03:01:00-04:00,7572.5,7573.75,7572.25,7573.0,155
2026-07-10 03:02:00-04:00,7573.25,7573.25,7571.75,7572.75,173
2026-07-10 03:03:00-04:00,7572.75,7574.0,7572.25,7573.75,93
2026-07-10 03:04:00-04:00,7573.5,7574.75,7573.5,7574.75,169
2026-07-10 03:05:00-04:00,7574.5,7575.5,7574.5,7575.25,236
2026-07-10 03:06:00-04:00,7575.5,7576.0,7575.0,7575.5,257
2026-07-10 03:07:00-04:00,7575.5,7576.0,7575.0,7575.5,146
2026-07-10 03:08:00-04:00,7575.25,7575.5,7574.5,7574.5,110
2026-07-10 03:09:00-04:00,7574.5,7575.5,7574.25,7575.5,105
2026-07-10 03:10:00-04:00,7575.5,7576.25,7574.75,7575.75,168
2026-07-10 03:11:00-04:00,7575.75,7576.0,7575.0,7575.5,123
2026-07-10 03:12:00-04:00,7575.5,7576.5,7575.25,7575.75,185
2026-07-10 03:13:00-04:00,7575.5,7577.25,7575.25,7576.25,173
2026-07-10 03:14:00-04:00,7576.0,7577.75,7576.0,7577.5,158
2026-07-10 03:15:00-04:00,7577.75,7578.0,7575.75,7575.75,308
2026-07-10 03:16:00-04:00,7575.5,7577.5,7575.25,7577.25,107
2026-07-10 03:17:00-04:00,7577.25,7579.0,7577.25,7579.0,291
2026-07-10 03:18:00-04:00,7579.0,7579.5,7577.75,7578.0,454
2026-07-10 03:19:00-04:00,7577.75,7578.5,7577.25,7577.75,116
2026-07-10 03:20:00-04:00,7577.5,7578.0,7576.75,7576.75,121
2026-07-10 03:21:00-04:00,7576.75,7577.75,7576.0,7577.5,174
2026-07-10 03:22:00-04:00,7577.5,7577.5,7577.0,7577.0,51
2026-07-10 03:23:00-04:00,7576.75,7577.25,7576.5,7577.25,40
2026-07-10 03:24:00-04:00,7577.5,7579.0,7577.0,7578.5,116
2026-07-10 03:25:00-04:00,7578.5,7579.5,7578.0,7579.25,150
2026-07-10 03:26:00-04:00,7579.0,7579.5,7578.75,7579.0,163
2026-07-10 03:27:00-04:00,7579.0,7579.25,7577.5,7578.0,269
2026-07-10 03:28:00-04:00,7578.0,7578.5,7577.75,7578.5,64
2026-07-10 03:29:00-04:00,7578.5,7579.0,7578.25,7579.0,98
2026-07-10 03:30:00-04:00,7578.75,7579.25,7578.0,7578.25,63
2026-07-10 03:31:00-04:00,7578.25,7578.25,7577.0,7577.5,69
2026-07-10 03:32:00-04:00,7578.0,7578.0,7577.5,7578.0,67
2026-07-10 03:33:00-04:00,7578.0,7578.0,7576.75,7577.0,41
2026-07-10 03:34:00-04:00,7577.0,7578.25,7576.75,7577.75,123
2026-07-10 03:35:00-04:00,7577.75,7578.25,7577.25,7577.5,89
2026-07-10 03:36:00-04:00,7577.5,7577.5,7576.75,7577.25,63
2026-07-10 03:37:00-04:00,7577.25,7577.25,7576.5,7576.75,43
2026-07-10 03:38:00-04:00,7576.75,7577.5,7576.5,7577.25,44
2026-07-10 03:39:00-04:00,7577.5,7578.25,7577.25,7578.0,130
2026-07-10 03:40:00-04:00,7577.75,7577.75,7577.0,7577.5,84
2026-07-10 03:41:00-04:00,7577.25,7577.5,7576.0,7576.5,166
2026-07-10 03:42:00-04:00,7576.25,7576.5,7576.0,7576.0,50
2026-07-10 03:43:00-04:00,7576.0,7576.75,7575.75,7575.75,101
2026-07-10 03:44:00-04:00,7575.75,7576.5,7575.5,7575.5,96
2026-07-10 03:45:00-04:00,7575.5,7576.0,7573.0,7573.0,370
2026-07-10 03:46:00-04:00,7573.0,7573.75,7572.5,7572.5,222
2026-07-10 03:47:00-04:00,7572.75,7572.75,7571.5,7572.25,244
2026-07-10 03:48:00-04:00,7572.5,7572.75,7571.5,7572.25,139
2026-07-10 03:49:00-04:00,7572.25,7572.5,7571.5,7572.0,186
2026-07-10 03:50:00-04:00,7572.25,7572.25,7571.5,7572.0,171
2026-07-10 03:51:00-04:00,7572.0,7572.5,7570.75,7571.0,385
2026-07-10 03:52:00-04:00,7571.0,7571.5,7571.0,7571.0,93
2026-07-10 03:53:00-04:00,7571.0,7571.5,7570.0,7570.25,363
2026-07-10 03:54:00-04:00,7570.0,7571.0,7569.75,7570.5,277
2026-07-10 03:55:00-04:00,7570.5,7571.5,7570.25,7570.5,205
2026-07-10 03:56:00-04:00,7570.75,7571.25,7570.5,7570.75,108
2026-07-10 03:57:00-04:00,7571.0,7571.5,7570.5,7571.5,128
2026-07-10 03:58:00-04:00,7571.25,7572.5,7571.25,7572.5,245
2026-07-10 03:59:00-04:00,7572.25,7572.5,7572.0,7572.25,116
2026-07-10 04:00:00-04:00,7572.25,7572.5,7570.5,7571.75,361
2026-07-10 04:01:00-04:00,7571.75,7573.0,7571.0,7572.0,387
2026-07-10 04:02:00-04:00,7572.0,7572.0,7570.0,7571.0,520
2026-07-10 04:03:00-04:00,7570.75,7572.0,7569.5,7571.75,334
2026-07-10 04:04:00-04:00,7572.0,7572.5,7571.25,7571.75,237
2026-07-10 04:05:00-04:00,7571.75,7572.25,7571.0,7572.0,149
2026-07-10 04:06:00-04:00,7572.0,7572.5,7571.5,7572.0,161
2026-07-10 04:07:00-04:00,7572.0,7573.75,7572.0,7573.5,288
2026-07-10 04:08:00-04:00,7573.5,7575.5,7573.25,7575.25,404
2026-07-10 04:09:00-04:00,7575.5,7576.0,7575.25,7576.0,359
2026-07-10 04:10:00-04:00,7576.25,7578.5,7576.25,7577.5,487
2026-07-10 04:11:00-04:00,7577.75,7578.0,7577.25,7577.25,168
2026-07-10 04:12:00-04:00,7577.25,7577.5,7576.5,7577.0,139
2026-07-10 04:13:00-04:00,7576.75,7577.25,7576.5,7577.25,88
2026-07-10 04:14:00-04:00,7577.25,7578.75,7577.25,7578.5,203
2026-07-10 04:15:00-04:00,7578.5,7579.0,7577.75,7578.5,238
2026-07-10 04:16:00-04:00,7578.5,7579.25,7577.5,7578.75,205
2026-07-10 04:17:00-04:00,7578.75,7578.75,7577.5,7578.25,124
2026-07-10 04:18:00-04:00,7578.5,7578.75,7577.5,7577.75,121
2026-07-10 04:19:00-04:00,7577.75,7578.25,7577.0,7577.75,199
2026-07-10 04:20:00-04:00,7577.75,7577.75,7577.0,7577.25,130
2026-07-10 04:21:00-04:00,7577.25,7577.25,7575.5,7576.0,271
2026-07-10 04:22:00-04:00,7576.0,7576.25,7574.75,7574.75,201
2026-07-10 04:23:00-04:00,7574.75,7576.0,7574.5,7576.0,217
2026-07-10 04:24:00-04:00,7576.0,7576.5,7575.5,7575.5,132
2026-07-10 04:25:00-04:00,7575.75,7577.0,7575.5,7576.25,133
2026-07-10 04:26:00-04:00,7576.5,7576.75,7575.75,7576.0,56
2026-07-10 04:27:00-04:00,7575.75,7576.0,7575.0,7575.75,124
2026-07-10 04:28:00-04:00,7575.75,7576.25,7575.5,7576.0,39
2026-07-10 04:29:00-04:00,7575.75,7575.75,7575.0,7575.5,44
2026-07-10 04:30:00-04:00,7575.25,7575.5,7573.25,7573.5,213
2026-07-10 04:31:00-04:00,7573.25,7574.0,7572.75,7574.0,226
2026-07-10 04:32:00-04:00,7574.0,7574.75,7573.5,7574.25,123
2026-07-10 04:33:00-04:00,7574.5,7574.5,7573.75,7573.75,76
2026-07-10 04:34:00-04:00,7573.75,7575.0,7573.75,7575.0,57
2026-07-10 04:35:00-04:00,7575.25,7576.25,7574.75,7576.0,328
2026-07-10 04:36:00-04:00,7576.0,7576.0,7574.25,7575.0,106
2026-07-10 04:37:00-04:00,7575.0,7575.0,7574.25,7574.25,61
2026-07-10 04:38:00-04:00,7574.25,7575.25,7574.25,7575.25,69
2026-07-10 04:39:00-04:00,7575.25,7575.5,7575.0,7575.0,104
2026-07-10 04:40:00-04:00,7574.75,7575.0,7573.25,7574.0,168
2026-07-10 04:41:00-04:00,7574.0,7574.25,7573.5,7574.0,51
2026-07-10 04:42:00-04:00,7574.25,7575.0,7573.5,7574.25,191
2026-07-10 04:43:00-04:00,7574.25,7575.0,7573.5,7574.75,126
2026-07-10 04:44:00-04:00,7575.25,7575.5,7574.75,7575.5,96
2026-07-10 04:45:00-04:00,7575.5,7575.5,7575.0,7575.0,58
2026-07-10 04:46:00-04:00,7575.25,7575.5,7575.0,7575.25,38
2026-07-10 04:47:00-04:00,7575.25,7575.75,7574.5,7574.5,114
2026-07-10 04:48:00-04:00,7574.5,7575.75,7574.5,7575.5,68
2026-07-10 04:49:00-04:00,7575.5,7575.5,7575.25,7575.25,89
2026-07-10 04:50:00-04:00,7575.25,7575.25,7574.5,7575.0,129
2026-07-10 04:51:00-04:00,7574.75,7575.0,7574.5,7575.0,64
2026-07-10 04:52:00-04:00,7575.0,7577.0,7575.0,7576.25,182
2026-07-10 04:53:00-04:00,7576.0,7576.25,7573.75,7574.25,153
2026-07-10 04:54:00-04:00,7574.25,7575.0,7574.25,7574.5,110
2026-07-10 04:55:00-04:00,7574.5,7575.0,7574.25,7574.75,59
2026-07-10 04:56:00-04:00,7574.5,7575.25,7574.5,7575.25,47
2026-07-10 04:57:00-04:00,7575.5,7575.5,7574.5,7575.0,49
2026-07-10 04:58:00-04:00,7574.5,7575.0,7574.5,7575.0,33
2026-07-10 04:59:00-04:00,7575.0,7575.5,7574.5,7574.5,56
2026-07-10 05:00:00-04:00,7574.25,7575.75,7574.0,7575.0,196
2026-07-10 05:01:00-04:00,7574.75,7574.75,7568.5,7570.25,1701
2026-07-10 05:02:00-04:00,7570.25,7574.5,7569.5,7574.25,684
2026-07-10 05:03:00-04:00,7574.0,7576.0,7573.75,7575.75,356
2026-07-10 05:04:00-04:00,7575.75,7576.5,7575.0,7576.5,171
2026-07-10 05:05:00-04:00,7576.25,7577.0,7576.0,7576.5,154
2026-07-10 05:06:00-04:00,7576.75,7577.75,7576.0,7576.75,237
2026-07-10 05:07:00-04:00,7576.5,7576.5,7575.75,7575.75,137
2026-07-10 05:08:00-04:00,7576.0,7577.0,7575.25,7576.75,123
2026-07-10 05:09:00-04:00,7576.75,7578.0,7576.75,7578.0,190
2026-07-10 05:10:00-04:00,7577.5,7578.25,7577.25,7577.75,110
2026-07-10 05:11:00-04:00,7577.75,7579.0,7577.75,7579.0,169
2026-07-10 05:12:00-04:00,7578.75,7579.25,7578.75,7579.0,62
2026-07-10 05:13:00-04:00,7579.25,7580.0,7579.0,7580.0,278
2026-07-10 05:14:00-04:00,7580.0,7580.5,7579.25,7580.0,347
2026-07-10 05:15:00-04:00,7580.0,7582.25,7580.0,7581.75,688
2026-07-10 05:16:00-04:00,7581.5,7581.75,7580.0,7580.75,225
2026-07-10 05:17:00-04:00,7580.5,7581.75,7580.5,7581.25,97
2026-07-10 05:18:00-04:00,7581.75,7582.0,7581.5,7581.75,120
2026-07-10 05:19:00-04:00,7581.75,7582.25,7581.25,7581.75,183
2026-07-10 05:20:00-04:00,7582.0,7582.25,7580.75,7580.75,260
2026-07-10 05:21:00-04:00,7580.75,7581.25,7580.25,7580.5,111
2026-07-10 05:22:00-04:00,7580.5,7581.25,7580.5,7581.0,115
2026-07-10 05:23:00-04:00,7581.0,7581.0,7579.75,7580.5,162
2026-07-10 05:24:00-04:00,7580.5,7580.75,7580.25,7580.5,43
2026-07-10 05:25:00-04:00,7580.75,7580.75,7580.5,7580.5,52
2026-07-10 05:26:00-04:00,7580.75,7581.0,7580.5,7580.75,49
2026-07-10 05:27:00-04:00,7581.0,7581.5,7580.75,7581.25,82
2026-07-10 05:28:00-04:00,7581.25,7581.5,7580.5,7580.75,62
2026-07-10 05:29:00-04:00,7580.75,7581.0,7580.25,7581.0,45
2026-07-10 05:30:00-04:00,7581.0,7581.25,7580.5,7581.25,66
2026-07-10 05:31:00-04:00,7581.25,7581.5,7581.0,7581.0,53
2026-07-10 05:32:00-04:00,7581.0,7582.5,7581.0,7582.5,130
2026-07-10 05:33:00-04:00,7582.25,7582.5,7582.0,7582.25,122
2026-07-10 05:34:00-04:00,7582.25,7582.25,7581.75,7582.25,48
2026-07-10 05:35:00-04:00,7582.25,7582.25,7581.25,7581.5,80
2026-07-10 05:36:00-04:00,7581.5,7581.5,7580.5,7580.75,109
2026-07-10 05:37:00-04:00,7580.75,7581.5,7580.5,7581.5,48
2026-07-10 05:38:00-04:00,7581.25,7582.5,7581.0,7582.25,48
2026-07-10 05:39:00-04:00,7582.25,7582.25,7581.5,7582.0,63
2026-07-10 05:40:00-04:00,7582.25,7582.25,7581.25,7581.75,116
2026-07-10 05:41:00-04:00,7581.5,7581.75,7581.25,7581.75,43
2026-07-10 05:42:00-04:00,7581.5,7582.0,7580.5,7580.5,52
2026-07-10 05:43:00-04:00,7580.5,7580.5,7579.5,7580.0,243
2026-07-10 05:44:00-04:00,7580.0,7580.75,7579.75,7580.75,88
2026-07-10 05:45:00-04:00,7580.5,7581.75,7580.5,7581.75,115
2026-07-10 05:46:00-04:00,7581.5,7582.0,7581.0,7581.25,72
2026-07-10 05:47:00-04:00,7581.25,7581.25,7581.0,7581.0,118
2026-07-10 05:48:00-04:00,7581.25,7582.25,7580.5,7580.75,515
2026-07-10 05:49:00-04:00,7580.75,7580.75,7580.25,7580.75,112
2026-07-10 05:50:00-04:00,7580.75,7581.5,7580.75,7581.0,104
2026-07-10 05:51:00-04:00,7581.0,7581.75,7581.0,7581.5,52
2026-07-10 05:52:00-04:00,7581.5,7581.5,7580.25,7580.25,137
2026-07-10 05:53:00-04:00,7580.25,7581.0,7580.25,7580.25,75
2026-07-10 05:54:00-04:00,7580.25,7580.75,7580.25,7580.75,44
2026-07-10 05:55:00-04:00,7580.75,7581.25,7580.0,7581.25,162
2026-07-10 05:56:00-04:00,7580.75,7581.25,7580.5,7581.0,137
2026-07-10 05:57:00-04:00,7581.0,7581.75,7581.0,7581.75,65
2026-07-10 05:58:00-04:00,7581.75,7582.0,7581.25,7581.5,75
2026-07-10 05:59:00-04:00,7581.25,7581.75,7581.0,7581.0,56
2026-07-10 06:00:00-04:00,7581.0,7583.5,7581.0,7583.5,416
2026-07-10 06:01:00-04:00,7583.5,7583.5,7583.0,7583.5,173
2026-07-10 06:02:00-04:00,7583.25,7584.5,7583.0,7584.25,279
2026-07-10 06:03:00-04:00,7584.25,7584.75,7584.0,7584.0,155
2026-07-10 06:04:00-04:00,7584.0,7584.5,7583.75,7584.5,93
2026-07-10 06:05:00-04:00,7584.25,7585.75,7584.25,7585.75,162
2026-07-10 06:06:00-04:00,7585.75,7585.75,7585.0,7585.25,141
2026-07-10 06:07:00-04:00,7585.5,7585.5,7585.0,7585.25,48
2026-07-10 06:08:00-04:00,7585.0,7585.5,7585.0,7585.0,91
2026-07-10 06:09:00-04:00,7585.25,7586.0,7585.0,7585.5,190
2026-07-10 06:10:00-04:00,7585.5,7585.5,7585.0,7585.5,87
2026-07-10 06:11:00-04:00,7585.75,7585.75,7585.0,7585.0,104
2026-07-10 06:12:00-04:00,7585.0,7586.0,7585.0,7585.5,86
2026-07-10 06:13:00-04:00,7585.5,7585.75,7585.0,7585.5,103
2026-07-10 06:14:00-04:00,7585.5,7585.5,7585.0,7585.0,148
2026-07-10 06:15:00-04:00,7585.0,7585.5,7584.75,7584.75,46
2026-07-10 06:16:00-04:00,7584.75,7585.5,7584.5,7584.75,131
2026-07-10 06:17:00-04:00,7584.75,7584.75,7584.25,7584.75,78
2026-07-10 06:18:00-04:00,7584.75,7584.75,7584.25,7584.5,70
2026-07-10 06:19:00-04:00,7584.5,7585.0,7584.5,7585.0,42
2026-07-10 06:20:00-04:00,7585.0,7585.5,7584.75,7585.5,99
2026-07-10 06:21:00-04:00,7585.5,7585.75,7585.25,7585.75,78
2026-07-10 06:22:00-04:00,7585.75,7586.75,7581.5,7583.5,1774
2026-07-10 06:23:00-04:00,7583.5,7584.25,7583.25,7584.0,304
2026-07-10 06:24:00-04:00,7584.0,7585.0,7583.75,7585.0,152
2026-07-10 06:25:00-04:00,7585.25,7585.5,7584.75,7584.75,83
2026-07-10 06:26:00-04:00,7584.5,7585.0,7584.0,7585.0,101
2026-07-10 06:27:00-04:00,7585.0,7585.5,7584.75,7585.5,94
2026-07-10 06:28:00-04:00,7585.5,7586.25,7585.25,7585.5,205
2026-07-10 06:29:00-04:00,7585.75,7586.25,7585.75,7586.25,101
2026-07-10 06:30:00-04:00,7586.25,7587.5,7586.25,7587.25,369
2026-07-10 06:31:00-04:00,7587.5,7588.25,7587.5,7587.75,365
2026-07-10 06:32:00-04:00,7587.5,7588.25,7587.5,7587.75,139
2026-07-10 06:33:00-04:00,7588.0,7589.0,7587.75,7588.75,341
2026-07-10 06:34:00-04:00,7589.0,7589.0,7588.5,7588.5,78
2026-07-10 06:35:00-04:00,7588.75,7588.75,7588.0,7588.5,158
2026-07-10 06:36:00-04:00,7588.5,7589.0,7587.75,7588.0,119
2026-07-10 06:37:00-04:00,7588.25,7588.75,7587.75,7588.75,89
2026-07-10 06:38:00-04:00,7588.5,7589.25,7588.5,7589.0,128
2026-07-10 06:39:00-04:00,7589.25,7589.25,7588.25,7588.75,122
2026-07-10 06:40:00-04:00,7588.75,7589.25,7588.25,7588.25,143
2026-07-10 06:41:00-04:00,7588.25,7588.5,7587.5,7587.75,168
2026-07-10 06:42:00-04:00,7587.5,7589.5,7587.5,7589.5,200
2026-07-10 06:43:00-04:00,7589.5,7590.5,7589.0,7589.75,407
2026-07-10 06:44:00-04:00,7589.75,7590.75,7589.5,7590.25,179
2026-07-10 06:45:00-04:00,7590.5,7590.5,7589.0,7589.0,162
2026-07-10 06:46:00-04:00,7589.25,7589.5,7588.75,7589.5,97
2026-07-10 06:47:00-04:00,7589.25,7589.75,7589.0,7589.5,130
2026-07-10 06:48:00-04:00,7589.5,7589.5,7588.25,7588.25,146
2026-07-10 06:49:00-04:00,7588.25,7588.75,7588.25,7588.75,81
2026-07-10 06:50:00-04:00,7588.5,7588.5,7588.25,7588.25,65
2026-07-10 06:51:00-04:00,7588.25,7588.5,7587.5,7588.0,150
2026-07-10 06:52:00-04:00,7588.25,7588.25,7587.5,7588.25,88
2026-07-10 06:53:00-04:00,7588.25,7588.75,7587.75,7587.75,138
2026-07-10 06:54:00-04:00,7587.75,7588.0,7587.25,7587.5,112
2026-07-10 06:55:00-04:00,7587.75,7588.75,7587.5,7588.75,139
2026-07-10 06:56:00-04:00,7588.5,7589.75,7588.5,7589.75,180
2026-07-10 06:57:00-04:00,7590.0,7590.5,7589.75,7590.0,168
2026-07-10 06:58:00-04:00,7590.0,7590.5,7590.0,7590.5,92
2026-07-10 06:59:00-04:00,7590.5,7590.75,7590.0,7590.25,144
2026-07-10 07:00:00-04:00,7590.25,7591.75,7589.75,7589.75,707
2026-07-10 07:01:00-04:00,7590.0,7591.5,7590.0,7591.25,250
2026-07-10 07:02:00-04:00,7591.25,7592.0,7591.0,7592.0,198
2026-07-10 07:03:00-04:00,7592.0,7592.25,7591.25,7591.5,310
2026-07-10 07:04:00-04:00,7591.5,7592.0,7590.25,7590.75,332
2026-07-10 07:05:00-04:00,7590.75,7591.0,7589.75,7590.25,117
2026-07-10 07:06:00-04:00,7590.5,7591.5,7589.75,7589.75,154
2026-07-10 07:07:00-04:00,7590.0,7590.25,7589.25,7590.0,162
2026-07-10 07:08:00-04:00,7590.25,7590.5,7589.25,7590.5,133
2026-07-10 07:09:00-04:00,7590.25,7590.5,7589.5,7589.75,115
2026-07-10 07:10:00-04:00,7589.75,7590.0,7589.25,7589.75,126
2026-07-10 07:11:00-04:00,7590.0,7590.5,7589.25,7590.0,179
2026-07-10 07:12:00-04:00,7590.0,7591.0,7589.5,7590.5,163
2026-07-10 07:13:00-04:00,7590.5,7590.5,7589.75,7590.0,83
2026-07-10 07:14:00-04:00,7590.0,7590.0,7589.5,7590.0,66
2026-07-10 07:15:00-04:00,7590.0,7590.75,7589.75,7590.75,104
2026-07-10 07:16:00-04:00,7590.75,7591.5,7590.75,7591.25,96
2026-07-10 07:17:00-04:00,7591.25,7591.5,7590.75,7591.0,93
2026-07-10 07:18:00-04:00,7591.0,7591.25,7590.5,7591.0,115
2026-07-10 07:19:00-04:00,7590.75,7591.0,7590.75,7590.75,45
2026-07-10 07:20:00-04:00,7590.75,7591.0,7590.5,7590.5,110
2026-07-10 07:21:00-04:00,7590.5,7591.0,7590.25,7591.0,97
2026-07-10 07:22:00-04:00,7590.5,7591.25,7590.5,7591.0,43
2026-07-10 07:23:00-04:00,7591.0,7591.25,7590.75,7591.0,43
2026-07-10 07:24:00-04:00,7591.0,7591.25,7590.75,7591.0,33
2026-07-10 07:25:00-04:00,7591.5,7591.5,7588.5,7588.75,451
2026-07-10 07:26:00-04:00,7589.0,7589.0,7586.75,7587.5,609
2026-07-10 07:27:00-04:00,7587.5,7588.75,7587.5,7588.0,291
2026-07-10 07:28:00-04:00,7588.5,7588.5,7587.75,7587.75,167
2026-07-10 07:29:00-04:00,7587.75,7588.0,7586.5,7586.5,242
2026-07-10 07:30:00-04:00,7586.75,7587.0,7584.0,7585.5,769
2026-07-10 07:31:00-04:00,7585.25,7585.75,7583.75,7584.0,287
2026-07-10 07:32:00-04:00,7584.0,7585.5,7584.0,7584.75,262
2026-07-10 07:33:00-04:00,7584.75,7585.75,7584.0,7584.5,208
2026-07-10 07:34:00-04:00,7584.5,7584.5,7582.75,7584.25,433
2026-07-10 07:35:00-04:00,7584.25,7584.75,7582.0,7582.75,354
2026-07-10 07:36:00-04:00,7582.75,7583.0,7582.0,7582.25,326
2026-07-10 07:37:00-04:00,7582.25,7582.5,7581.75,7582.25,201
2026-07-10 07:38:00-04:00,7582.25,7583.0,7581.0,7581.25,358
2026-07-10 07:39:00-04:00,7581.0,7582.5,7580.75,7582.0,319
2026-07-10 07:40:00-04:00,7582.0,7583.0,7581.75,7582.75,186
2026-07-10 07:41:00-04:00,7582.75,7584.0,7582.5,7584.0,482
2026-07-10 07:42:00-04:00,7584.25,7584.5,7583.75,7584.25,267
2026-07-10 07:43:00-04:00,7584.25,7584.5,7583.5,7584.0,207
2026-07-10 07:44:00-04:00,7584.25,7584.5,7584.0,7584.5,98
2026-07-10 07:45:00-04:00,7584.5,7585.5,7583.5,7585.0,517
2026-07-10 07:46:00-04:00,7584.75,7585.75,7584.25,7584.5,229
2026-07-10 07:47:00-04:00,7584.5,7585.25,7584.25,7585.0,146
2026-07-10 07:48:00-04:00,7584.75,7585.0,7584.25,7584.75,133
2026-07-10 07:49:00-04:00,7584.5,7585.25,7583.75,7584.0,321
2026-07-10 07:50:00-04:00,7584.0,7585.5,7583.5,7584.5,188
2026-07-10 07:51:00-04:00,7584.25,7585.0,7583.75,7585.0,138
2026-07-10 07:52:00-04:00,7585.0,7586.0,7584.75,7585.0,182
2026-07-10 07:53:00-04:00,7584.75,7585.0,7584.25,7584.5,163
2026-07-10 07:54:00-04:00,7584.5,7584.75,7583.75,7584.0,202
2026-07-10 07:55:00-04:00,7584.0,7585.25,7583.75,7585.0,189
2026-07-10 07:56:00-04:00,7585.0,7585.25,7583.0,7583.0,292
2026-07-10 07:57:00-04:00,7583.0,7583.75,7582.5,7583.25,266
2026-07-10 07:58:00-04:00,7583.25,7583.5,7582.5,7583.25,148
2026-07-10 07:59:00-04:00,7583.25,7583.75,7582.75,7583.5,189
2026-07-10 08:00:00-04:00,7583.5,7583.75,7582.75,7583.25,206
2026-07-10 08:01:00-04:00,7583.25,7583.75,7582.75,7583.25,248
2026-07-10 08:02:00-04:00,7583.25,7583.25,7579.75,7579.75,600
2026-07-10 08:03:00-04:00,7580.0,7580.25,7579.5,7579.75,381
2026-07-10 08:04:00-04:00,7579.5,7580.25,7579.0,7579.25,332
2026-07-10 08:05:00-04:00,7579.25,7580.0,7577.25,7578.5,561
2026-07-10 08:06:00-04:00,7578.75,7580.25,7578.5,7579.75,296
2026-07-10 08:07:00-04:00,7579.75,7580.0,7577.75,7578.75,415
2026-07-10 08:08:00-04:00,7578.5,7578.75,7577.5,7578.25,235
2026-07-10 08:09:00-04:00,7578.5,7580.75,7578.5,7580.25,368
2026-07-10 08:10:00-04:00,7580.5,7581.25,7580.25,7581.0,429
2026-07-10 08:11:00-04:00,7581.0,7581.25,7580.25,7580.5,152
2026-07-10 08:12:00-04:00,7580.5,7581.0,7579.75,7580.75,206
2026-07-10 08:13:00-04:00,7580.5,7595.75,7578.75,7594.75,6965
2026-07-10 08:14:00-04:00,7594.5,7594.5,7587.0,7589.0,3415
2026-07-10 08:15:00-04:00,7589.25,7590.25,7586.75,7587.5,1335
2026-07-10 08:16:00-04:00,7587.5,7590.0,7587.25,7587.5,989
2026-07-10 08:17:00-04:00,7587.25,7590.25,7587.25,7589.75,464
2026-07-10 08:18:00-04:00,7589.75,7589.75,7586.5,7588.0,446
2026-07-10 08:19:00-04:00,7587.75,7587.75,7586.25,7587.75,170
2026-07-10 08:20:00-04:00,7587.5,7588.25,7586.75,7587.75,367
2026-07-10 08:21:00-04:00,7587.75,7588.75,7586.0,7586.25,417
2026-07-10 08:22:00-04:00,7586.25,7587.5,7585.75,7586.5,363
2026-07-10 08:23:00-04:00,7586.5,7587.25,7585.0,7587.25,346
2026-07-10 08:24:00-04:00,7587.5,7588.75,7587.5,7588.25,221
2026-07-10 08:25:00-04:00,7588.0,7588.5,7587.0,7587.5,297
2026-07-10 08:26:00-04:00,7587.5,7588.5,7587.25,7588.5,154
2026-07-10 08:27:00-04:00,7588.5,7588.5,7587.75,7588.0,165
2026-07-10 08:28:00-04:00,7587.75,7588.5,7587.5,7588.25,146
2026-07-10 08:29:00-04:00,7587.75,7588.0,7587.0,7587.5,99
2026-07-10 08:30:00-04:00,7588.0,7588.0,7586.0,7586.75,266
2026-07-10 08:31:00-04:00,7586.75,7588.0,7586.75,7587.5,195
2026-07-10 08:32:00-04:00,7587.5,7588.0,7585.75,7585.75,170
2026-07-10 08:33:00-04:00,7586.0,7587.25,7585.5,7587.25,217
2026-07-10 08:34:00-04:00,7587.0,7587.75,7586.5,7586.5,103
2026-07-10 08:35:00-04:00,7586.75,7586.75,7584.25,7586.5,408
2026-07-10 08:36:00-04:00,7586.5,7587.0,7585.75,7586.25,380
2026-07-10 08:37:00-04:00,7586.25,7586.25,7584.75,7584.75,207
2026-07-10 08:38:00-04:00,7584.75,7587.5,7584.5,7587.5,357
2026-07-10 08:39:00-04:00,7587.25,7591.25,7587.25,7591.25,1103
2026-07-10 08:40:00-04:00,7591.25,7592.5,7590.0,7591.0,946
2026-07-10 08:41:00-04:00,7591.0,7591.0,7588.5,7589.0,579
2026-07-10 08:42:00-04:00,7588.75,7590.0,7588.5,7589.75,174
2026-07-10 08:43:00-04:00,7589.75,7590.5,7589.0,7590.25,385
2026-07-10 08:44:00-04:00,7590.25,7590.75,7588.5,7588.5,328
2026-07-10 08:45:00-04:00,7589.0,7590.5,7588.75,7590.5,209
2026-07-10 08:46:00-04:00,7590.25,7590.75,7589.0,7590.25,204
2026-07-10 08:47:00-04:00,7590.5,7591.25,7590.0,7590.0,179
2026-07-10 08:48:00-04:00,7590.25,7592.25,7590.25,7590.75,294
2026-07-10 08:49:00-04:00,7590.75,7590.75,7588.75,7589.75,264
2026-07-10 08:50:00-04:00,7589.5,7590.0,7589.5,7590.0,55
2026-07-10 08:51:00-04:00,7589.75,7590.25,7589.5,7589.75,145
2026-07-10 08:52:00-04:00,7589.75,7590.25,7589.0,7589.25,176
2026-07-10 08:53:00-04:00,7589.25,7590.0,7588.5,7589.75,316
2026-07-10 08:54:00-04:00,7589.5,7590.25,7588.5,7588.75,216
2026-07-10 08:55:00-04:00,7588.75,7590.75,7588.25,7590.0,181
2026-07-10 08:56:00-04:00,7589.75,7590.25,7589.25,7590.0,134
2026-07-10 08:57:00-04:00,7590.0,7590.0,7588.0,7588.75,238
2026-07-10 08:58:00-04:00,7588.5,7588.5,7587.5,7588.25,216
2026-07-10 08:59:00-04:00,7588.25,7589.0,7588.25,7588.25,125
2026-07-10 09:00:00-04:00,7588.25,7589.5,7587.5,7589.0,289
2026-07-10 09:01:00-04:00,7589.0,7590.5,7588.75,7589.25,390
2026-07-10 09:02:00-04:00,7589.75,7590.5,7589.25,7589.25,216
2026-07-10 09:03:00-04:00,7589.25,7589.25,7587.0,7587.5,434
2026-07-10 09:04:00-04:00,7587.25,7588.75,7586.5,7588.75,453
2026-07-10 09:05:00-04:00,7589.0,7589.75,7588.75,7589.0,201
2026-07-10 09:06:00-04:00,7589.0,7590.25,7588.75,7590.25,259
2026-07-10 09:07:00-04:00,7590.5,7591.25,7589.5,7589.5,391
2026-07-10 09:08:00-04:00,7589.75,7590.25,7588.75,7589.5,233
2026-07-10 09:09:00-04:00,7589.5,7589.5,7588.75,7589.25,169
2026-07-10 09:10:00-04:00,7589.25,7590.0,7588.5,7589.5,264
2026-07-10 09:11:00-04:00,7589.25,7589.25,7588.0,7588.25,248
2026-07-10 09:12:00-04:00,7588.0,7590.5,7588.0,7590.0,213
2026-07-10 09:13:00-04:00,7590.0,7590.5,7590.0,7590.25,125
2026-07-10 09:14:00-04:00,7590.25,7591.0,7589.75,7591.0,174
2026-07-10 09:15:00-04:00,7591.0,7591.0,7590.25,7590.75,183
2026-07-10 09:16:00-04:00,7590.5,7591.25,7589.5,7589.75,394
2026-07-10 09:17:00-04:00,7590.0,7591.25,7590.0,7591.0,284
2026-07-10 09:18:00-04:00,7591.25,7591.75,7590.5,7591.0,349
2026-07-10 09:19:00-04:00,7591.0,7591.75,7590.0,7591.25,409
2026-07-10 09:20:00-04:00,7591.25,7592.0,7591.0,7591.25,303
2026-07-10 09:21:00-04:00,7591.25,7592.0,7591.0,7591.5,262
2026-07-10 09:22:00-04:00,7591.5,7591.75,7590.75,7591.5,215
2026-07-10 09:23:00-04:00,7591.5,7592.5,7591.0,7592.0,401
2026-07-10 09:24:00-04:00,7592.0,7592.25,7591.25,7592.25,247
2026-07-10 09:25:00-04:00,7592.0,7594.25,7592.0,7593.0,1344
2026-07-10 09:26:00-04:00,7593.0,7594.0,7591.75,7591.75,558
2026-07-10 09:27:00-04:00,7591.75,7591.75,7589.5,7590.75,1182
2026-07-10 09:28:00-04:00,7590.75,7591.5,7589.75,7590.5,499
2026-07-10 09:29:00-04:00,7590.75,7592.75,7590.5,7592.0,748
2026-07-10 09:30:00-04:00,7592.25,7597.0,7592.0,7597.0,5744
2026-07-10 09:31:00-04:00,7596.75,7598.75,7594.5,7597.25,4819
2026-07-10 09:32:00-04:00,7597.0,7600.25,7595.25,7599.5,3381
2026-07-10 09:33:00-04:00,7599.75,7600.75,7597.5,7598.75,2833
2026-07-10 09:34:00-04:00,7598.5,7599.0,7596.5,7598.0,2036
2026-07-10 09:35:00-04:00,7598.0,7601.0,7596.5,7598.5,3378
2026-07-10 09:36:00-04:00,7598.25,7603.75,7598.0,7602.25,3728
2026-07-10 09:37:00-04:00,7602.25,7604.25,7600.5,7601.0,2877
2026-07-10 09:38:00-04:00,7601.0,7602.5,7600.0,7601.25,2399
2026-07-10 09:39:00-04:00,7601.5,7601.75,7597.75,7597.75,2521
2026-07-10 09:40:00-04:00,7598.0,7598.5,7590.0,7590.5,6904
2026-07-10 09:41:00-04:00,7590.5,7594.75,7590.25,7591.5,3793
2026-07-10 09:42:00-04:00,7591.5,7593.75,7590.75,7592.75,2323
2026-07-10 09:43:00-04:00,7592.75,7595.5,7590.75,7595.5,3172
2026-07-10 09:44:00-04:00,7595.25,7597.0,7593.25,7594.5,3464
2026-07-10 09:45:00-04:00,7594.5,7596.75,7593.0,7594.25,2945
2026-07-10 09:46:00-04:00,7594.5,7600.25,7593.75,7599.25,4323
2026-07-10 09:47:00-04:00,7599.25,7600.5,7597.75,7599.5,2174
2026-07-10 09:48:00-04:00,7599.5,7601.0,7598.75,7600.75,1793
2026-07-10 09:49:00-04:00,7600.5,7603.75,7600.25,7602.25,3897
2026-07-10 09:50:00-04:00,7602.25,7602.5,7598.75,7602.25,3134
2026-07-10 09:51:00-04:00,7602.0,7602.5,7599.25,7600.0,1841
2026-07-10 09:52:00-04:00,7599.75,7603.75,7599.75,7603.25,2668
2026-07-10 09:53:00-04:00,7603.0,7604.25,7602.5,7603.75,2051
2026-07-10 09:54:00-04:00,7603.5,7604.0,7600.75,7601.25,1867
2026-07-10 09:55:00-04:00,7601.25,7601.5,7598.0,7600.0,3870
2026-07-10 09:56:00-04:00,7599.75,7602.0,7598.5,7601.75,2241
2026-07-10 09:57:00-04:00,7601.75,7604.0,7600.0,7601.75,2659
2026-07-10 09:58:00-04:00,7601.75,7605.75,7601.75,7603.5,3525
2026-07-10 09:59:00-04:00,7603.25,7604.25,7600.5,7601.5,2325
2026-07-10 10:00:00-04:00,7601.5,7603.25,7600.25,7601.0,2453
2026-07-10 10:01:00-04:00,7601.25,7604.5,7600.0,7604.0,2962
2026-07-10 10:02:00-04:00,7604.0,7605.75,7603.0,7605.25,2802
2026-07-10 10:03:00-04:00,7605.25,7605.75,7603.5,7604.75,1845
2026-07-10 10:04:00-04:00,7605.0,7605.0,7601.5,7603.5,1980
2026-07-10 10:05:00-04:00,7603.25,7604.0,7602.0,7602.75,1193
2026-07-10 10:06:00-04:00,7603.0,7604.75,7600.5,7601.0,2540
2026-07-10 10:07:00-04:00,7601.25,7601.25,7598.5,7599.0,3489
2026-07-10 10:08:00-04:00,7599.0,7601.0,7596.75,7600.25,4118
2026-07-10 10:09:00-04:00,7600.0,7603.5,7599.75,7603.0,3273
2026-07-10 10:10:00-04:00,7602.75,7603.75,7600.5,7603.25,2193
2026-07-10 10:11:00-04:00,7603.0,7603.25,7599.0,7600.25,1794
2026-07-10 10:12:00-04:00,7600.5,7602.75,7600.0,7602.25,976
2026-07-10 10:13:00-04:00,7602.25,7602.5,7600.0,7601.75,948
2026-07-10 10:14:00-04:00,7602.0,7602.0,7598.25,7599.25,1840
2026-07-10 10:15:00-04:00,7599.25,7599.5,7595.25,7598.25,4358
2026-07-10 10:16:00-04:00,7598.5,7600.25,7597.5,7598.75,2205
2026-07-10 10:17:00-04:00,7599.0,7601.75,7598.25,7600.75,2581
2026-07-10 10:18:00-04:00,7600.5,7601.75,7597.75,7599.0,1823
2026-07-10 10:19:00-04:00,7598.75,7600.5,7595.75,7598.75,2446
2026-07-10 10:20:00-04:00,7599.0,7600.5,7598.0,7598.75,1175
2026-07-10 10:21:00-04:00,7599.0,7599.0,7593.0,7595.0,4074
2026-07-10 10:22:00-04:00,7595.25,7597.5,7594.25,7597.0,2803
2026-07-10 10:23:00-04:00,7596.75,7599.75,7595.5,7599.75,2030
2026-07-10 10:24:00-04:00,7599.5,7600.25,7596.5,7597.75,1962
2026-07-10 10:25:00-04:00,7597.75,7597.75,7593.5,7595.25,2776
2026-07-10 10:26:00-04:00,7595.5,7598.75,7594.5,7598.5,2122
2026-07-10 10:27:00-04:00,7598.5,7601.0,7596.5,7601.0,2307
2026-07-10 10:28:00-04:00,7601.0,7603.5,7600.25,7603.5,3574
2026-07-10 10:29:00-04:00,7603.5,7603.5,7597.75,7597.75,2930
2026-07-10 10:30:00-04:00,7598.0,7601.0,7597.75,7601.0,2170
2026-07-10 10:31:00-04:00,7600.75,7601.0,7599.0,7600.0,1111
2026-07-10 10:32:00-04:00,7599.75,7602.75,7566.25,7567.25,17139
2026-07-10 10:33:00-04:00,7567.5,7578.5,7552.25,7578.25,21675
2026-07-10 10:34:00-04:00,7578.5,7586.75,7577.0,7581.25,9307
2026-07-10 10:35:00-04:00,7581.25,7586.25,7576.0,7576.5,6965
2026-07-10 10:36:00-04:00,7576.75,7586.75,7575.75,7586.0,5277
2026-07-10 10:37:00-04:00,7585.75,7591.5,7584.25,7589.5,4911
2026-07-10 10:38:00-04:00,7589.75,7593.0,7587.25,7591.5,3944
2026-07-10 10:39:00-04:00,7591.25,7592.25,7585.75,7589.0,4581
2026-07-10 10:40:00-04:00,7589.0,7590.5,7584.5,7589.0,5236
2026-07-10 10:41:00-04:00,7589.0,7589.0,7585.0,7586.25,2913
2026-07-10 10:42:00-04:00,7585.75,7591.0,7585.75,7587.5,2632
2026-07-10 10:43:00-04:00,7587.5,7590.25,7587.25,7588.25,1523
2026-07-10 10:44:00-04:00,7588.25,7595.0,7586.25,7593.25,3751
2026-07-10 10:45:00-04:00,7593.0,7595.25,7589.25,7593.25,3370
2026-07-10 10:46:00-04:00,7593.5,7593.75,7590.25,7591.25,1317
2026-07-10 10:47:00-04:00,7591.25,7593.0,7590.0,7590.75,1399
2026-07-10 10:48:00-04:00,7591.0,7592.5,7587.25,7589.5,1968
2026-07-10 10:49:00-04:00,7589.75,7596.75,7589.25,7596.0,3428
2026-07-10 10:50:00-04:00,7596.0,7598.25,7593.5,7593.75,3269
2026-07-10 10:51:00-04:00,7594.0,7596.75,7592.25,7595.25,1716
2026-07-10 10:52:00-04:00,7595.25,7597.25,7593.5,7594.75,1693
2026-07-10 10:53:00-04:00,7594.5,7595.5,7591.75,7594.25,1753
2026-07-10 10:54:00-04:00,7594.5,7594.75,7591.25,7591.5,1124
2026-07-10 10:55:00-04:00,7591.5,7592.5,7586.5,7586.75,3433
2026-07-10 10:56:00-04:00,7586.5,7587.0,7583.0,7585.0,4475
2026-07-10 10:57:00-04:00,7584.75,7589.0,7584.25,7588.25,3440
2026-07-10 10:58:00-04:00,7588.0,7589.0,7583.5,7584.5,2313
2026-07-10 10:59:00-04:00,7584.25,7585.75,7582.75,7584.0,1796
2026-07-10 11:00:00-04:00,7584.25,7585.75,7580.75,7585.0,3892
2026-07-10 11:01:00-04:00,7585.0,7586.75,7582.0,7583.0,2086
2026-07-10 11:02:00-04:00,7583.0,7585.0,7581.5,7582.75,1656
2026-07-10 11:03:00-04:00,7583.0,7586.5,7582.25,7585.0,2091
2026-07-10 11:04:00-04:00,7585.5,7586.5,7581.25,7581.75,2436
2026-07-10 11:05:00-04:00,7581.75,7583.5,7578.5,7581.0,3532
2026-07-10 11:06:00-04:00,7581.0,7582.75,7578.5,7581.75,2412
2026-07-10 11:07:00-04:00,7581.75,7587.5,7581.75,7586.75,3132
2026-07-10 11:08:00-04:00,7586.75,7589.5,7586.75,7588.75,2368
2026-07-10 11:09:00-04:00,7589.0,7590.25,7587.5,7590.25,1694
2026-07-10 11:10:00-04:00,7590.0,7593.0,7589.75,7592.0,2865
2026-07-10 11:11:00-04:00,7592.0,7592.75,7589.5,7591.25,1639
2026-07-10 11:12:00-04:00,7591.5,7592.0,7589.0,7589.75,1037
2026-07-10 11:13:00-04:00,7589.75,7592.5,7588.5,7590.75,1380
2026-07-10 11:14:00-04:00,7590.75,7592.5,7590.25,7591.75,894
2026-07-10 11:15:00-04:00,7591.5,7598.0,7591.5,7597.5,4093
2026-07-10 11:16:00-04:00,7597.75,7604.25,7597.5,7601.25,6044
2026-07-10 11:17:00-04:00,7601.5,7602.5,7600.25,7600.5,1837
2026-07-10 11:18:00-04:00,7600.75,7601.5,7598.25,7600.25,2299
2026-07-10 11:19:00-04:00,7600.25,7600.25,7596.0,7599.25,2019
2026-07-10 11:20:00-04:00,7599.5,7601.0,7596.5,7600.0,1747
2026-07-10 11:21:00-04:00,7600.25,7601.0,7598.5,7599.5,1074
2026-07-10 11:22:00-04:00,7599.5,7599.75,7597.5,7598.75,783
2026-07-10 11:23:00-04:00,7599.0,7603.5,7597.5,7602.0,2717
2026-07-10 11:24:00-04:00,7602.0,7603.0,7600.0,7602.75,1658
2026-07-10 11:25:00-04:00,7603.0,7606.75,7602.75,7604.5,4032
2026-07-10 11:26:00-04:00,7604.5,7606.5,7604.5,7604.75,1923
2026-07-10 11:27:00-04:00,7605.0,7606.75,7604.0,7605.0,1805
2026-07-10 11:28:00-04:00,7605.0,7605.75,7603.25,7605.25,1257
2026-07-10 11:29:00-04:00,7605.25,7606.0,7603.5,7605.25,1117
2026-07-10 11:30:00-04:00,7605.25,7606.5,7603.75,7603.75,1829
2026-07-10 11:31:00-04:00,7604.25,7604.5,7601.5,7603.75,2354
2026-07-10 11:32:00-04:00,7603.5,7605.25,7603.25,7603.75,1563
2026-07-10 11:33:00-04:00,7603.5,7604.5,7602.25,7604.0,1300
2026-07-10 11:34:00-04:00,7604.0,7604.5,7601.0,7603.0,2167
2026-07-10 11:35:00-04:00,7602.5,7603.0,7598.5,7599.0,3202
2026-07-10 11:36:00-04:00,7599.25,7600.75,7598.5,7600.0,1522
2026-07-10 11:37:00-04:00,7600.25,7601.5,7599.5,7601.5,1006
2026-07-10 11:38:00-04:00,7601.5,7602.75,7600.0,7600.75,1462
2026-07-10 11:39:00-04:00,7600.5,7600.5,7595.5,7596.5,3327
2026-07-10 11:40:00-04:00,7596.5,7597.5,7594.0,7595.75,2605
2026-07-10 11:41:00-04:00,7596.0,7596.25,7590.75,7593.5,3916
2026-07-10 11:42:00-04:00,7593.5,7593.5,7585.75,7587.5,4462
2026-07-10 11:43:00-04:00,7587.75,7591.5,7586.75,7590.0,2977
2026-07-10 11:44:00-04:00,7589.75,7593.75,7589.75,7592.5,1951
2026-07-10 11:45:00-04:00,7592.75,7592.75,7587.75,7589.75,2782
2026-07-10 11:46:00-04:00,7589.75,7592.25,7589.25,7592.0,1587
2026-07-10 11:47:00-04:00,7591.75,7595.75,7589.5,7595.0,2640
2026-07-10 11:48:00-04:00,7595.0,7596.0,7593.5,7595.0,1507
2026-07-10 11:49:00-04:00,7595.0,7599.0,7594.75,7596.75,2234
2026-07-10 11:50:00-04:00,7596.5,7597.5,7595.5,7597.0,1209
2026-07-10 11:51:00-04:00,7597.0,7598.25,7595.5,7596.0,990
2026-07-10 11:52:00-04:00,7595.75,7600.0,7595.5,7598.5,1668
2026-07-10 11:53:00-04:00,7598.5,7600.0,7598.25,7599.75,851
2026-07-10 11:54:00-04:00,7599.5,7601.75,7599.0,7600.75,1722
2026-07-10 11:55:00-04:00,7600.5,7600.75,7598.75,7599.5,886
2026-07-10 11:56:00-04:00,7599.75,7601.5,7599.0,7599.75,997
2026-07-10 11:57:00-04:00,7599.75,7600.5,7597.0,7600.0,1428
2026-07-10 11:58:00-04:00,7600.25,7600.5,7598.5,7599.75,573
2026-07-10 11:59:00-04:00,7599.75,7600.75,7599.25,7600.5,527
2026-07-10 12:00:00-04:00,7600.25,7603.75,7600.25,7603.25,2251
2026-07-10 12:01:00-04:00,7603.5,7605.75,7602.25,7603.0,2672
2026-07-10 12:02:00-04:00,7603.25,7604.25,7602.75,7603.5,723
2026-07-10 12:03:00-04:00,7603.5,7603.75,7601.25,7601.25,900
2026-07-10 12:04:00-04:00,7601.25,7604.25,7601.25,7603.75,964
2026-07-10 12:05:00-04:00,7603.75,7604.25,7601.25,7601.5,1050
2026-07-10 12:06:00-04:00,7601.5,7602.75,7601.0,7601.5,844
2026-07-10 12:07:00-04:00,7601.25,7602.75,7600.5,7602.0,527
2026-07-10 12:08:00-04:00,7602.0,7602.5,7600.5,7601.5,616
2026-07-10 12:09:00-04:00,7601.5,7602.25,7600.5,7601.75,622
2026-07-10 12:10:00-04:00,7602.0,7603.5,7600.75,7603.25,674
2026-07-10 12:11:00-04:00,7603.25,7603.75,7600.25,7602.25,1775
2026-07-10 12:12:00-04:00,7602.25,7603.25,7601.0,7603.25,675
2026-07-10 12:13:00-04:00,7603.0,7604.25,7602.75,7603.75,656
2026-07-10 12:14:00-04:00,7603.75,7604.75,7603.25,7604.0,768
2026-07-10 12:15:00-04:00,7604.25,7606.0,7604.25,7605.5,1559
2026-07-10 12:16:00-04:00,7605.5,7609.25,7605.5,7607.75,3424
2026-07-10 12:17:00-04:00,7608.0,7608.5,7606.75,7608.0,1150
2026-07-10 12:18:00-04:00,7608.0,7608.5,7606.0,7606.25,1070
2026-07-10 12:19:00-04:00,7606.25,7608.0,7605.5,7608.0,1335
2026-07-10 12:20:00-04:00,7607.75,7608.5,7605.75,7606.75,1038
2026-07-10 12:21:00-04:00,7606.5,7606.75,7604.25,7604.5,1311
2026-07-10 12:22:00-04:00,7604.75,7606.5,7603.5,7606.0,1201
2026-07-10 12:23:00-04:00,7606.25,7606.5,7605.0,7606.25,360
2026-07-10 12:24:00-04:00,7606.0,7607.25,7605.5,7606.0,502
2026-07-10 12:25:00-04:00,7605.75,7606.25,7604.0,7604.0,727
2026-07-10 12:26:00-04:00,7604.25,7605.25,7603.5,7603.75,792
2026-07-10 12:27:00-04:00,7603.75,7605.25,7603.5,7605.0,715
2026-07-10 12:28:00-04:00,7605.25,7606.0,7604.0,7604.5,910
2026-07-10 12:29:00-04:00,7604.25,7604.5,7603.75,7604.0,484
2026-07-10 12:30:00-04:00,7604.0,7605.25,7604.0,7604.75,531
2026-07-10 12:31:00-04:00,7604.75,7606.25,7604.25,7605.5,483
2026-07-10 12:32:00-04:00,7605.5,7607.75,7605.5,7607.0,1016
2026-07-10 12:33:00-04:00,7607.25,7608.0,7607.0,7608.0,731
2026-07-10 12:34:00-04:00,7607.75,7608.0,7606.5,7607.0,539
2026-07-10 12:35:00-04:00,7606.75,7608.0,7606.5,7607.5,513
2026-07-10 12:36:00-04:00,7607.75,7608.0,7605.5,7605.5,698
2026-07-10 12:37:00-04:00,7605.5,7605.5,7602.25,7604.25,2512
2026-07-10 12:38:00-04:00,7604.25,7604.5,7603.0,7604.0,656
2026-07-10 12:39:00-04:00,7604.0,7605.25,7603.5,7605.0,444
2026-07-10 12:40:00-04:00,7605.25,7608.0,7604.75,7606.75,1330
2026-07-10 12:41:00-04:00,7606.5,7607.25,7606.25,7606.5,408
2026-07-10 12:42:00-04:00,7606.5,7607.75,7606.25,7607.0,431
2026-07-10 12:43:00-04:00,7607.0,7608.5,7607.0,7608.25,795
2026-07-10 12:44:00-04:00,7608.25,7609.0,7607.25,7608.5,665
2026-07-10 12:45:00-04:00,7608.5,7610.75,7608.0,7610.0,2598
2026-07-10 12:46:00-04:00,7609.75,7611.75,7609.75,7610.75,1946
2026-07-10 12:47:00-04:00,7610.75,7611.0,7609.75,7610.5,982
2026-07-10 12:48:00-04:00,7610.25,7610.75,7610.0,7610.5,603
2026-07-10 12:49:00-04:00,7610.25,7611.0,7609.5,7610.5,605
2026-07-10 12:50:00-04:00,7610.75,7613.0,7610.5,7612.0,2243
2026-07-10 12:51:00-04:00,7612.0,7612.25,7610.25,7611.5,878
2026-07-10 12:52:00-04:00,7611.75,7612.5,7611.5,7612.25,754
2026-07-10 12:53:00-04:00,7612.0,7612.25,7610.5,7611.75,499
2026-07-10 12:54:00-04:00,7611.5,7612.5,7610.75,7612.25,772
2026-07-10 12:55:00-04:00,7612.0,7612.25,7610.75,7611.25,724
2026-07-10 12:56:00-04:00,7611.5,7612.25,7610.75,7611.5,568
2026-07-10 12:57:00-04:00,7611.5,7612.5,7611.0,7612.5,409
2026-07-10 12:58:00-04:00,7612.25,7614.0,7612.0,7613.25,1229
2026-07-10 12:59:00-04:00,7613.25,7613.25,7612.25,7612.5,765
2026-07-10 13:00:00-04:00,7612.75,7613.0,7611.25,7611.25,901
2026-07-10 13:01:00-04:00,7611.25,7612.0,7609.25,7609.25,1447
2026-07-10 13:02:00-04:00,7609.25,7610.75,7609.25,7610.25,806
2026-07-10 13:03:00-04:00,7610.0,7610.25,7609.0,7609.75,732
2026-07-10 13:04:00-04:00,7609.75,7610.25,7608.5,7609.5,1036
2026-07-10 13:05:00-04:00,7609.75,7610.25,7608.75,7609.75,508
2026-07-10 13:06:00-04:00,7610.0,7610.75,7609.75,7610.5,580
2026-07-10 13:07:00-04:00,7610.25,7610.25,7609.25,7610.0,373
2026-07-10 13:08:00-04:00,7610.0,7610.75,7609.75,7610.25,356
2026-07-10 13:09:00-04:00,7610.5,7610.5,7608.75,7609.0,493
2026-07-10 13:10:00-04:00,7609.25,7610.0,7608.75,7609.5,412
2026-07-10 13:11:00-04:00,7609.5,7610.0,7609.0,7609.0,308
2026-07-10 13:12:00-04:00,7609.0,7609.75,7608.75,7609.5,719
2026-07-10 13:13:00-04:00,7609.5,7609.5,7608.0,7608.0,785
2026-07-10 13:14:00-04:00,7608.0,7610.75,7607.25,7610.5,1098
2026-07-10 13:15:00-04:00,7610.25,7612.75,7610.25,7612.0,1480
2026-07-10 13:16:00-04:00,7612.0,7612.25,7611.25,7611.5,590
2026-07-10 13:17:00-04:00,7611.5,7612.75,7611.25,7612.5,669
2026-07-10 13:18:00-04:00,7612.5,7612.75,7611.5,7612.0,489
2026-07-10 13:19:00-04:00,7611.75,7612.5,7610.75,7611.25,609
2026-07-10 13:20:00-04:00,7611.25,7612.0,7611.0,7611.5,315
2026-07-10 13:21:00-04:00,7611.5,7612.0,7610.75,7612.0,233
2026-07-10 13:22:00-04:00,7611.75,7612.75,7611.75,7612.0,349
2026-07-10 13:23:00-04:00,7611.75,7612.5,7611.25,7611.75,189
2026-07-10 13:24:00-04:00,7611.5,7612.25,7611.25,7612.25,363
2026-07-10 13:25:00-04:00,7612.0,7612.5,7611.5,7612.5,421
2026-07-10 13:26:00-04:00,7612.75,7613.25,7612.0,7612.5,529
2026-07-10 13:27:00-04:00,7612.5,7612.75,7611.5,7612.0,411
2026-07-10 13:28:00-04:00,7612.0,7613.0,7611.75,7612.75,378
2026-07-10 13:29:00-04:00,7612.5,7613.25,7612.5,7613.0,517
2026-07-10 13:30:00-04:00,7612.75,7614.75,7612.75,7613.5,1523
2026-07-10 13:31:00-04:00,7613.5,7614.5,7613.25,7613.25,497
2026-07-10 13:32:00-04:00,7613.5,7613.75,7612.75,7613.25,414
2026-07-10 13:33:00-04:00,7613.25,7613.5,7612.25,7612.75,583
2026-07-10 13:34:00-04:00,7612.75,7613.0,7611.5,7612.75,543
2026-07-10 13:35:00-04:00,7613.0,7613.75,7612.5,7613.5,511
2026-07-10 13:36:00-04:00,7613.75,7615.5,7613.5,7615.0,1641
2026-07-10 13:37:00-04:00,7615.0,7617.0,7614.5,7616.25,2041
2026-07-10 13:38:00-04:00,7616.25,7617.0,7615.5,7615.75,907
2026-07-10 13:39:00-04:00,7615.75,7616.5,7615.0,7615.25,714
2026-07-10 13:40:00-04:00,7615.25,7616.0,7615.0,7615.5,642
2026-07-10 13:41:00-04:00,7615.5,7615.75,7614.5,7614.75,642
2026-07-10 13:42:00-04:00,7614.5,7614.75,7613.5,7614.0,995
2026-07-10 13:43:00-04:00,7614.0,7615.0,7613.75,7614.25,554
2026-07-10 13:44:00-04:00,7614.0,7614.5,7613.75,7614.0,312
2026-07-10 13:45:00-04:00,7614.0,7616.0,7613.75,7615.25,580
2026-07-10 13:46:00-04:00,7615.5,7615.5,7615.0,7615.25,393
2026-07-10 13:47:00-04:00,7615.5,7616.0,7615.25,7615.75,215
2026-07-10 13:48:00-04:00,7615.5,7616.0,7615.0,7615.25,421
2026-07-10 13:49:00-04:00,7615.25,7616.25,7615.0,7615.75,307
2026-07-10 13:50:00-04:00,7615.75,7616.5,7615.75,7616.5,312
2026-07-10 13:51:00-04:00,7616.25,7616.25,7615.25,7615.75,325
2026-07-10 13:52:00-04:00,7615.75,7616.75,7615.75,7616.5,372
2026-07-10 13:53:00-04:00,7616.25,7616.5,7615.5,7615.75,235
2026-07-10 13:54:00-04:00,7615.75,7616.0,7615.0,7615.5,374
2026-07-10 13:55:00-04:00,7615.5,7615.5,7614.75,7615.25,545
2026-07-10 13:56:00-04:00,7615.5,7615.75,7615.0,7615.25,303
2026-07-10 13:57:00-04:00,7615.0,7615.0,7613.75,7614.25,766
2026-07-10 13:58:00-04:00,7614.0,7614.25,7612.5,7612.5,1206
2026-07-10 13:59:00-04:00,7612.75,7613.25,7612.0,7612.5,1031
2026-07-10 14:00:00-04:00,7612.75,7614.5,7612.0,7613.75,1161
2026-07-10 14:01:00-04:00,7614.0,7614.25,7613.0,7613.25,413
2026-07-10 14:02:00-04:00,7613.25,7613.75,7612.5,7613.5,446
2026-07-10 14:03:00-04:00,7613.5,7614.75,7613.5,7613.75,675
2026-07-10 14:04:00-04:00,7613.75,7613.75,7613.0,7613.75,320
2026-07-10 14:05:00-04:00,7613.75,7615.25,7613.5,7615.25,841
2026-07-10 14:06:00-04:00,7615.25,7615.5,7614.5,7615.25,608
2026-07-10 14:07:00-04:00,7615.25,7616.25,7614.0,7614.75,1093
2026-07-10 14:08:00-04:00,7614.75,7615.25,7614.0,7614.0,342
2026-07-10 14:09:00-04:00,7614.25,7616.25,7614.0,7615.5,497
2026-07-10 14:10:00-04:00,7615.5,7619.25,7615.0,7616.5,3528
2026-07-10 14:11:00-04:00,7616.75,7617.25,7615.5,7616.0,1214
2026-07-10 14:12:00-04:00,7616.25,7617.25,7615.5,7616.0,605
2026-07-10 14:13:00-04:00,7616.0,7616.25,7615.25,7616.0,654
2026-07-10 14:14:00-04:00,7615.75,7616.25,7615.5,7615.75,329
2026-07-10 14:15:00-04:00,7616.0,7616.5,7614.75,7614.75,683
2026-07-10 14:16:00-04:00,7614.75,7615.25,7614.25,7615.25,587
2026-07-10 14:17:00-04:00,7615.25,7616.0,7615.0,7615.5,485
2026-07-10 14:18:00-04:00,7615.5,7616.25,7614.5,7615.0,498
2026-07-10 14:19:00-04:00,7614.75,7615.5,7614.5,7615.0,742
2026-07-10 14:20:00-04:00,7615.0,7615.75,7613.75,7614.5,752
2026-07-10 14:21:00-04:00,7614.75,7615.25,7614.25,7614.75,269
2026-07-10 14:22:00-04:00,7615.0,7615.75,7614.25,7615.25,295
2026-07-10 14:23:00-04:00,7615.5,7616.0,7615.0,7615.75,250
2026-07-10 14:24:00-04:00,7615.75,7617.0,7615.75,7616.0,1012
2026-07-10 14:25:00-04:00,7616.25,7620.0,7616.25,7617.5,3770
2026-07-10 14:26:00-04:00,7617.5,7618.0,7616.75,7617.25,827
2026-07-10 14:27:00-04:00,7617.25,7617.75,7616.75,7617.5,476
2026-07-10 14:28:00-04:00,7617.5,7617.5,7616.5,7617.0,451
2026-07-10 14:29:00-04:00,7617.0,7617.75,7616.25,7617.25,387
2026-07-10 14:30:00-04:00,7617.5,7618.5,7617.0,7618.5,461
2026-07-10 14:31:00-04:00,7618.5,7619.0,7617.75,7618.25,505
2026-07-10 14:32:00-04:00,7618.25,7618.25,7616.75,7617.0,416
2026-07-10 14:33:00-04:00,7617.0,7618.75,7616.75,7618.5,436
2026-07-10 14:34:00-04:00,7618.5,7619.0,7618.25,7618.5,326
2026-07-10 14:35:00-04:00,7618.5,7618.5,7617.75,7618.25,342
2026-07-10 14:36:00-04:00,7618.25,7618.75,7617.75,7617.75,298
2026-07-10 14:37:00-04:00,7617.75,7618.25,7616.75,7617.25,450
2026-07-10 14:38:00-04:00,7617.25,7617.5,7616.25,7617.0,766
2026-07-10 14:39:00-04:00,7617.0,7617.75,7616.75,7617.25,411
2026-07-10 14:40:00-04:00,7617.0,7618.75,7617.0,7618.5,440
2026-07-10 14:41:00-04:00,7618.5,7618.75,7617.75,7618.5,356
2026-07-10 14:42:00-04:00,7618.5,7619.25,7618.0,7619.25,480
2026-07-10 14:43:00-04:00,7619.0,7619.75,7618.0,7618.25,647
2026-07-10 14:44:00-04:00,7618.25,7618.5,7618.0,7618.25,420
2026-07-10 14:45:00-04:00,7618.5,7618.75,7618.0,7618.25,374
2026-07-10 14:46:00-04:00,7618.25,7619.5,7618.25,7619.0,364
2026-07-10 14:47:00-04:00,7619.0,7619.25,7618.5,7618.75,329
2026-07-10 14:48:00-04:00,7618.75,7619.5,7618.5,7618.5,261
2026-07-10 14:49:00-04:00,7618.75,7619.0,7618.25,7618.5,295
2026-07-10 14:50:00-04:00,7618.5,7618.75,7618.0,7618.25,546
2026-07-10 14:51:00-04:00,7618.5,7618.75,7618.0,7618.25,371
2026-07-10 14:52:00-04:00,7618.25,7619.75,7618.25,7619.5,478
2026-07-10 14:53:00-04:00,7619.25,7619.75,7619.0,7619.0,475
2026-07-10 14:54:00-04:00,7619.0,7619.75,7619.0,7619.25,227
2026-07-10 14:55:00-04:00,7619.25,7619.75,7618.75,7619.5,316
2026-07-10 14:56:00-04:00,7619.5,7620.25,7619.25,7619.5,1082
2026-07-10 14:57:00-04:00,7619.5,7619.75,7619.25,7619.5,255
2026-07-10 14:58:00-04:00,7619.25,7619.5,7618.75,7619.0,353
2026-07-10 14:59:00-04:00,7618.75,7619.25,7618.25,7618.75,450
2026-07-10 15:00:00-04:00,7618.75,7619.5,7618.0,7619.0,791
2026-07-10 15:01:00-04:00,7619.0,7620.5,7619.0,7619.75,828
2026-07-10 15:02:00-04:00,7619.75,7620.25,7619.75,7620.25,401
2026-07-10 15:03:00-04:00,7620.0,7624.25,7620.0,7624.25,4690
2026-07-10 15:04:00-04:00,7624.0,7624.25,7622.75,7623.5,1636
2026-07-10 15:05:00-04:00,7623.5,7624.5,7623.0,7624.25,791
2026-07-10 15:06:00-04:00,7624.25,7625.5,7623.5,7623.75,1434
2026-07-10 15:07:00-04:00,7623.75,7624.0,7622.75,7623.0,693
2026-07-10 15:08:00-04:00,7623.0,7623.5,7622.25,7622.5,794
2026-07-10 15:09:00-04:00,7622.75,7622.75,7622.0,7622.75,366
2026-07-10 15:10:00-04:00,7622.75,7624.0,7622.5,7623.5,655
2026-07-10 15:11:00-04:00,7623.5,7624.25,7623.25,7624.0,468
2026-07-10 15:12:00-04:00,7623.75,7624.75,7623.5,7624.5,567
2026-07-10 15:13:00-04:00,7624.25,7624.75,7623.75,7624.0,552
2026-07-10 15:14:00-04:00,7624.0,7624.75,7624.0,7624.5,308
2026-07-10 15:15:00-04:00,7624.5,7625.0,7623.5,7623.75,659
2026-07-10 15:16:00-04:00,7624.0,7625.5,7623.75,7624.0,775
2026-07-10 15:17:00-04:00,7624.0,7624.25,7622.75,7623.5,795
2026-07-10 15:18:00-04:00,7623.75,7624.0,7623.0,7623.75,469
2026-07-10 15:19:00-04:00,7623.75,7624.5,7623.25,7623.5,353
2026-07-10 15:20:00-04:00,7623.75,7624.0,7622.25,7622.5,912
2026-07-10 15:21:00-04:00,7622.5,7623.5,7622.25,7623.0,463
2026-07-10 15:22:00-04:00,7623.25,7624.0,7622.5,7622.75,465
2026-07-10 15:23:00-04:00,7622.75,7623.25,7622.5,7622.75,500
2026-07-10 15:24:00-04:00,7623.0,7623.25,7622.75,7623.0,192
2026-07-10 15:25:00-04:00,7622.75,7624.0,7622.75,7623.25,450
2026-07-10 15:26:00-04:00,7623.5,7624.0,7623.25,7624.0,419
2026-07-10 15:27:00-04:00,7623.75,7624.25,7623.25,7623.25,509
2026-07-10 15:28:00-04:00,7623.0,7623.75,7623.0,7623.5,403
2026-07-10 15:29:00-04:00,7623.5,7624.0,7622.75,7622.75,436
2026-07-10 15:30:00-04:00,7622.75,7623.5,7622.75,7623.0,539
2026-07-10 15:31:00-04:00,7623.0,7623.25,7621.75,7621.75,763
2026-07-10 15:32:00-04:00,7621.75,7624.75,7621.0,7622.5,2870
2026-07-10 15:33:00-04:00,7622.25,7622.75,7622.0,7622.75,361
2026-07-10 15:34:00-04:00,7622.5,7622.75,7622.25,7622.75,350
2026-07-10 15:35:00-04:00,7622.5,7622.75,7621.75,7622.5,699
2026-07-10 15:36:00-04:00,7622.25,7623.0,7622.0,7622.5,536
2026-07-10 15:37:00-04:00,7622.75,7623.5,7622.5,7623.5,375
2026-07-10 15:38:00-04:00,7623.5,7624.5,7623.25,7623.75,871
2026-07-10 15:39:00-04:00,7623.75,7624.0,7623.25,7623.25,412
2026-07-10 15:40:00-04:00,7623.0,7625.25,7623.0,7624.25,839
2026-07-10 15:41:00-04:00,7624.5,7624.75,7623.75,7624.25,498
2026-07-10 15:42:00-04:00,7624.0,7625.0,7623.25,7624.5,744
2026-07-10 15:43:00-04:00,7624.75,7624.75,7624.0,7624.25,351
2026-07-10 15:44:00-04:00,7624.5,7624.5,7623.5,7623.5,506
2026-07-10 15:45:00-04:00,7623.25,7624.0,7622.5,7623.5,1230
2026-07-10 15:46:00-04:00,7623.75,7624.5,7623.5,7624.25,582
2026-07-10 15:47:00-04:00,7624.25,7624.75,7623.75,7624.25,343
2026-07-10 15:48:00-04:00,7624.0,7624.0,7623.25,7623.75,413
2026-07-10 15:49:00-04:00,7623.5,7624.25,7623.25,7624.0,466
2026-07-10 15:50:00-04:00,7624.0,7627.25,7624.0,7626.0,3714
2026-07-10 15:51:00-04:00,7626.25,7626.5,7625.25,7625.25,976
2026-07-10 15:52:00-04:00,7625.25,7626.25,7624.0,7624.25,935
2026-07-10 15:53:00-04:00,7624.25,7625.0,7622.5,7623.0,1764
2026-07-10 15:54:00-04:00,7622.75,7624.25,7622.5,7623.0,1691
2026-07-10 15:55:00-04:00,7623.0,7624.0,7622.25,7623.5,1816
2026-07-10 15:56:00-04:00,7623.25,7623.75,7621.75,7622.5,1005
2026-07-10 15:57:00-04:00,7622.75,7622.75,7621.25,7622.0,1141
2026-07-10 15:58:00-04:00,7622.0,7622.5,7620.5,7620.5,1298
2026-07-10 15:59:00-04:00,7620.5,7622.5,7617.75,7621.0,7956
2026-07-10 16:00:00-04:00,7621.0,7623.25,7618.25,7622.25,3243
2026-07-10 16:01:00-04:00,7622.5,7623.5,7621.0,7623.0,1453
2026-07-10 16:02:00-04:00,7622.75,7624.25,7622.5,7624.25,548
2026-07-10 16:03:00-04:00,7624.25,7624.5,7622.75,7622.75,521
2026-07-10 16:04:00-04:00,7622.75,7622.75,7622.0,7622.5,306
2026-07-10 16:05:00-04:00,7622.75,7622.75,7621.5,7621.75,275
2026-07-10 16:06:00-04:00,7621.5,7622.0,7620.5,7621.5,482
2026-07-10 16:07:00-04:00,7621.5,7621.75,7621.0,7621.25,397
2026-07-10 16:08:00-04:00,7621.25,7622.0,7621.0,7621.75,224
2026-07-10 16:09:00-04:00,7621.75,7622.5,7621.5,7621.75,262
2026-07-10 16:10:00-04:00,7621.75,7623.0,7621.5,7622.75,428
2026-07-10 16:11:00-04:00,7622.75,7623.25,7622.25,7622.75,364
2026-07-10 16:12:00-04:00,7622.5,7623.0,7621.5,7623.0,357
2026-07-10 16:13:00-04:00,7623.0,7623.25,7622.5,7623.25,130
2026-07-10 16:14:00-04:00,7623.0,7623.5,7622.25,7622.75,316
2026-07-10 16:15:00-04:00,7622.75,7623.0,7622.0,7623.0,191
2026-07-10 16:16:00-04:00,7622.75,7623.5,7622.5,7623.0,134
2026-07-10 16:17:00-04:00,7622.75,7623.75,7622.75,7623.25,175
2026-07-10 16:18:00-04:00,7623.25,7623.5,7622.75,7622.75,353
2026-07-10 16:19:00-04:00,7622.5,7623.0,7622.5,7622.5,131
2026-07-10 16:20:00-04:00,7622.75,7623.0,7622.0,7622.0,223
2026-07-10 16:21:00-04:00,7622.0,7622.25,7621.75,7621.75,123
2026-07-10 16:22:00-04:00,7622.0,7622.25,7621.75,7622.0,77
2026-07-10 16:23:00-04:00,7622.0,7622.25,7622.0,7622.25,62
2026-07-10 16:24:00-04:00,7622.5,7622.75,7622.0,7622.0,112
2026-07-10 16:25:00-04:00,7622.0,7622.25,7622.0,7622.0,149
2026-07-10 16:26:00-04:00,7622.0,7623.25,7622.0,7623.0,218
2026-07-10 16:27:00-04:00,7623.0,7623.75,7623.0,7623.5,152
2026-07-10 16:28:00-04:00,7623.5,7625.0,7623.5,7625.0,569
2026-07-10 16:29:00-04:00,7624.75,7625.25,7624.75,7624.75,489
2026-07-10 16:30:00-04:00,7624.75,7626.25,7624.5,7625.25,526
2026-07-10 16:31:00-04:00,7625.0,7625.25,7624.25,7624.5,219
2026-07-10 16:32:00-04:00,7624.5,7624.75,7624.25,7624.5,123
2026-07-10 16:33:00-04:00,7624.5,7624.75,7624.5,7624.75,87
2026-07-10 16:34:00-04:00,7624.5,7625.0,7624.5,7625.0,165
2026-07-10 16:35:00-04:00,7625.0,7625.25,7624.75,7625.0,139
2026-07-10 16:36:00-04:00,7624.75,7625.25,7624.5,7624.5,172
2026-07-10 16:37:00-04:00,7624.5,7625.0,7624.5,7624.5,66
2026-07-10 16:38:00-04:00,7624.75,7625.5,7624.5,7625.25,114
2026-07-10 16:39:00-04:00,7625.25,7625.25,7624.75,7625.0,101
2026-07-10 16:40:00-04:00,7625.0,7625.25,7624.75,7624.75,117
2026-07-10 16:41:00-04:00,7625.0,7625.5,7624.75,7625.5,142
2026-07-10 16:42:00-04:00,7625.25,7626.0,7625.25,7625.75,135
2026-07-10 16:43:00-04:00,7625.75,7626.0,7625.5,7626.0,175
2026-07-10 16:44:00-04:00,7626.0,7626.25,7625.25,7625.75,278
2026-07-10 16:45:00-04:00,7625.5,7626.0,7625.5,7625.75,286
2026-07-10 16:46:00-04:00,7625.75,7626.75,7625.75,7626.0,193
2026-07-10 16:47:00-04:00,7626.0,7627.25,7625.5,7626.0,589
2026-07-10 16:48:00-04:00,7626.0,7626.5,7626.0,7626.0,148
2026-07-10 16:49:00-04:00,7626.0,7626.75,7626.0,7626.5,222
2026-07-10 16:50:00-04:00,7626.5,7627.25,7626.5,7627.0,138
2026-07-10 16:51:00-04:00,7627.0,7627.5,7626.75,7626.75,332
2026-07-10 16:52:00-04:00,7626.75,7627.25,7626.75,7627.25,167
2026-07-10 16:53:00-04:00,7627.0,7627.5,7627.0,7627.25,151
2026-07-10 16:54:00-04:00,7627.25,7627.75,7627.0,7627.25,220
2026-07-10 16:55:00-04:00,7627.25,7628.75,7627.0,7627.0,613
2026-07-10 16:56:00-04:00,7626.75,7627.25,7626.5,7626.75,203
2026-07-10 16:57:00-04:00,7626.75,7627.0,7625.25,7625.75,263
2026-07-10 16:58:00-04:00,7625.75,7626.0,7625.0,7625.75,376
2026-07-10 16:59:00-04:00,7626.0,7627.5,7620.25,7620.25,489
2026-07-12 18:10:00-04:00,7600.0,7602.25,7599.5,7600.75,0
2026-07-12 18:11:00-04:00,7600.75,7600.75,7597.75,7599.25,916
2026-07-12 18:12:00-04:00,7599.25,7599.5,7593.75,7595.25,1618
2026-07-12 18:13:00-04:00,7595.25,7596.75,7594.0,7596.75,699
2026-07-12 18:14:00-04:00,7597.0,7597.75,7593.25,7593.5,896
2026-07-12 18:15:00-04:00,7593.5,7598.0,7593.25,7595.25,919
2026-07-12 18:16:00-04:00,7595.25,7595.75,7593.25,7595.25,457
2026-07-12 18:17:00-04:00,7595.25,7595.75,7593.25,7594.5,421
2026-07-12 18:18:00-04:00,7594.5,7595.5,7591.5,7593.0,926
2026-07-12 18:19:00-04:00,7593.0,7594.75,7592.75,7593.5,363
2026-07-12 18:20:00-04:00,7593.0,7596.25,7592.5,7595.5,585
2026-07-12 18:21:00-04:00,7595.75,7596.0,7594.75,7595.75,236
2026-07-12 18:22:00-04:00,7595.75,7597.0,7595.25,7596.5,313
2026-07-12 18:23:00-04:00,7596.5,7596.75,7594.75,7596.5,274
2026-07-12 18:24:00-04:00,7596.5,7596.5,7593.5,7595.25,439
2026-07-12 18:25:00-04:00,7595.25,7595.5,7593.75,7594.75,271
2026-07-12 18:26:00-04:00,7594.75,7595.75,7594.75,7594.75,203
2026-07-12 18:27:00-04:00,7594.75,7595.5,7594.5,7595.25,157
2026-07-12 18:28:00-04:00,7595.25,7595.75,7594.75,7595.5,214
2026-07-12 18:29:00-04:00,7595.5,7596.75,7595.5,7596.5,236
2026-07-12 18:30:00-04:00,7596.5,7599.0,7596.0,7599.0,871
2026-07-12 18:31:00-04:00,7598.75,7599.0,7597.75,7598.5,455
2026-07-12 18:32:00-04:00,7598.25,7599.0,7597.75,7598.75,345
2026-07-12 18:33:00-04:00,7598.5,7599.0,7598.0,7598.25,168
2026-07-12 18:34:00-04:00,7598.25,7598.75,7598.0,7598.75,152
2026-07-12 18:35:00-04:00,7598.5,7599.25,7598.0,7598.75,171
2026-07-12 18:36:00-04:00,7598.75,7600.0,7597.75,7598.5,481
2026-07-12 18:37:00-04:00,7598.25,7598.5,7596.0,7596.0,492
2026-07-12 18:38:00-04:00,7596.0,7597.0,7595.75,7597.0,149
2026-07-12 18:39:00-04:00,7597.25,7599.75,7596.5,7599.25,340
2026-07-12 18:40:00-04:00,7599.25,7599.5,7597.25,7598.25,224
2026-07-12 18:41:00-04:00,7598.25,7598.75,7598.0,7598.25,107
2026-07-12 18:42:00-04:00,7598.5,7599.25,7598.25,7599.25,90
2026-07-12 18:43:00-04:00,7599.25,7599.75,7598.5,7599.75,164
2026-07-12 18:44:00-04:00,7599.75,7600.25,7599.5,7599.5,539
2026-07-12 18:45:00-04:00,7599.5,7599.75,7598.75,7599.75,233
2026-07-12 18:46:00-04:00,7599.5,7599.5,7598.5,7598.75,187
2026-07-12 18:47:00-04:00,7599.0,7599.5,7599.0,7599.0,136
2026-07-12 18:48:00-04:00,7599.25,7599.25,7596.75,7597.25,315
2026-07-12 18:49:00-04:00,7597.5,7598.25,7597.25,7597.5,168
2026-07-12 18:50:00-04:00,7597.75,7598.75,7597.75,7598.75,140
2026-07-12 18:51:00-04:00,7598.75,7599.0,7598.5,7599.0,49
2026-07-12 18:52:00-04:00,7599.0,7600.5,7599.0,7600.25,279
2026-07-12 18:53:00-04:00,7600.25,7600.25,7599.5,7600.25,151
2026-07-12 18:54:00-04:00,7600.25,7600.75,7600.0,7600.25,203
2026-07-12 18:55:00-04:00,7600.0,7601.5,7599.75,7601.25,310
2026-07-12 18:56:00-04:00,7601.25,7601.5,7600.5,7601.25,307
2026-07-12 18:57:00-04:00,7601.25,7601.75,7601.0,7601.5,184
2026-07-12 18:58:00-04:00,7601.25,7601.75,7601.0,7601.25,226
2026-07-12 18:59:00-04:00,7601.25,7601.25,7600.75,7600.75,95
2026-07-12 19:00:00-04:00,7600.75,7601.25,7598.5,7598.75,601
2026-07-12 19:01:00-04:00,7598.5,7600.0,7598.5,7598.75,407
2026-07-12 19:02:00-04:00,7598.75,7599.75,7598.5,7599.75,150
2026-07-12 19:03:00-04:00,7599.5,7600.0,7599.0,7599.0,86
2026-07-12 19:04:00-04:00,7599.5,7599.5,7598.75,7599.25,97
2026-07-12 19:05:00-04:00,7599.5,7600.0,7599.0,7599.5,84
2026-07-12 19:06:00-04:00,7599.5,7601.5,7599.5,7600.0,249
2026-07-12 19:07:00-04:00,7600.0,7600.0,7599.5,7599.75,124
2026-07-12 19:08:00-04:00,7600.25,7600.25,7598.75,7599.0,168
2026-07-12 19:09:00-04:00,7598.75,7599.25,7598.5,7598.75,108
2026-07-12 19:10:00-04:00,7599.0,7599.75,7599.0,7599.25,98
2026-07-12 19:11:00-04:00,7599.25,7599.5,7598.75,7599.25,91
2026-07-12 19:12:00-04:00,7599.25,7599.5,7598.75,7599.25,45
2026-07-12 19:13:00-04:00,7599.0,7599.5,7599.0,7599.25,31
2026-07-12 19:14:00-04:00,7599.25,7599.25,7598.0,7599.0,227
2026-07-12 19:15:00-04:00,7598.75,7599.0,7596.5,7597.0,523
2026-07-12 19:16:00-04:00,7597.0,7598.75,7597.0,7598.25,338
2026-07-12 19:17:00-04:00,7598.25,7598.5,7597.75,7598.0,116
2026-07-12 19:18:00-04:00,7597.75,7598.5,7597.75,7598.25,115
2026-07-12 19:19:00-04:00,7598.0,7598.75,7597.75,7598.75,181
2026-07-12 19:20:00-04:00,7598.75,7599.0,7597.5,7597.75,191
2026-07-12 19:21:00-04:00,7597.75,7598.0,7597.25,7597.75,136
2026-07-12 19:22:00-04:00,7597.75,7598.0,7596.5,7596.75,169
2026-07-12 19:23:00-04:00,7596.5,7597.25,7596.5,7597.25,146
2026-07-12 19:24:00-04:00,7597.25,7597.5,7597.0,7597.0,64
2026-07-12 19:25:00-04:00,7597.25,7597.5,7597.0,7597.25,95
2026-07-12 19:26:00-04:00,7597.25,7597.25,7596.5,7596.75,178
2026-07-12 19:27:00-04:00,7596.75,7597.5,7596.75,7597.25,73
2026-07-12 19:28:00-04:00,7597.5,7598.25,7597.0,7598.25,140
2026-07-12 19:29:00-04:00,7598.25,7598.25,7597.75,7598.0,127
2026-07-12 19:30:00-04:00,7597.75,7598.0,7597.25,7598.0,166
2026-07-12 19:31:00-04:00,7598.25,7598.25,7597.0,7597.5,251
2026-07-12 19:32:00-04:00,7597.75,7597.75,7597.25,7597.5,88
2026-07-12 19:33:00-04:00,7597.5,7597.75,7596.5,7597.25,131
2026-07-12 19:34:00-04:00,7596.75,7597.75,7596.75,7597.25,83
2026-07-12 19:35:00-04:00,7597.5,7597.75,7596.75,7597.0,114
2026-07-12 19:36:00-04:00,7596.75,7597.0,7596.0,7596.75,301
2026-07-12 19:37:00-04:00,7596.75,7597.25,7596.75,7597.0,107
2026-07-12 19:38:00-04:00,7597.25,7597.5,7596.75,7597.25,125
2026-07-12 19:39:00-04:00,7597.5,7598.25,7597.25,7597.75,333
2026-07-12 19:40:00-04:00,7598.0,7598.5,7597.75,7597.75,159
2026-07-12 19:41:00-04:00,7598.25,7598.5,7597.5,7597.5,85
2026-07-12 19:42:00-04:00,7597.75,7598.25,7597.75,7598.25,86
2026-07-12 19:43:00-04:00,7598.25,7598.25,7596.75,7597.25,201
2026-07-12 19:44:00-04:00,7597.25,7597.5,7597.0,7597.0,145
2026-07-12 19:45:00-04:00,7597.25,7597.5,7596.0,7596.5,350
2026-07-12 19:46:00-04:00,7596.5,7596.75,7593.75,7594.5,1065
2026-07-12 19:47:00-04:00,7594.25,7595.25,7592.75,7594.75,681
2026-07-12 19:48:00-04:00,7594.75,7595.0,7593.5,7594.75,252
2026-07-12 19:49:00-04:00,7594.5,7595.0,7594.25,7594.5,249
2026-07-12 19:50:00-04:00,7594.5,7597.25,7594.25,7596.5,599
2026-07-12 19:51:00-04:00,7596.5,7599.0,7596.25,7599.0,500
2026-07-12 19:52:00-04:00,7599.0,7599.5,7597.0,7597.25,668
2026-07-12 19:53:00-04:00,7597.25,7597.5,7596.0,7596.5,246
2026-07-12 19:54:00-04:00,7596.5,7597.25,7596.0,7596.75,138
2026-07-12 19:55:00-04:00,7597.0,7597.0,7595.5,7596.5,329
2026-07-12 19:56:00-04:00,7596.5,7597.75,7596.25,7597.75,144
2026-07-12 19:57:00-04:00,7598.0,7599.5,7597.75,7599.0,314
2026-07-12 19:58:00-04:00,7598.75,7599.25,7598.25,7598.5,238
2026-07-12 19:59:00-04:00,7597.75,7599.5,7597.75,7599.25,307
2026-07-12 20:00:00-04:00,7599.25,7601.5,7596.0,7597.25,1377
2026-07-12 20:01:00-04:00,7597.25,7601.25,7597.0,7600.25,858
2026-07-12 20:02:00-04:00,7600.5,7604.75,7600.0,7604.5,1921
2026-07-12 20:03:00-04:00,7604.75,7605.75,7603.25,7605.0,1399
2026-07-12 20:04:00-04:00,7605.25,7607.75,7604.5,7605.5,1051
2026-07-12 20:05:00-04:00,7605.5,7607.75,7604.25,7607.0,901
2026-07-12 20:06:00-04:00,7607.25,7609.5,7606.0,7609.25,1008
2026-07-12 20:07:00-04:00,7609.25,7610.75,7607.5,7607.5,1061
2026-07-12 20:08:00-04:00,7607.5,7608.75,7606.5,7608.0,371
2026-07-12 20:09:00-04:00,7607.75,7610.0,7607.5,7609.25,372
2026-07-12 20:10:00-04:00,7609.5,7615.5,7609.5,7613.5,1996
2026-07-12 20:11:00-04:00,7613.5,7615.0,7613.0,7613.5,819
2026-07-12 20:12:00-04:00,7613.25,7614.25,7611.75,7612.0,812
2026-07-12 20:13:00-04:00,7612.0,7612.75,7610.75,7612.5,450
2026-07-12 20:14:00-04:00,7612.25,7613.0,7611.25,7613.0,290
2026-07-12 20:15:00-04:00,7612.75,7614.75,7610.5,7612.0,699
2026-07-12 20:16:00-04:00,7611.75,7612.25,7609.75,7610.5,654
2026-07-12 20:17:00-04:00,7610.75,7610.75,7607.75,7608.25,876
2026-07-12 20:18:00-04:00,7608.25,7609.75,7607.25,7608.0,625
2026-07-12 20:19:00-04:00,7607.75,7609.25,7607.0,7609.25,465
2026-07-12 20:20:00-04:00,7609.0,7611.75,7608.5,7611.5,691
2026-07-12 20:21:00-04:00,7611.5,7612.0,7609.25,7610.5,400
2026-07-12 20:22:00-04:00,7610.5,7611.0,7609.25,7610.75,274
2026-07-12 20:23:00-04:00,7610.75,7612.5,7610.5,7611.25,362
2026-07-12 20:24:00-04:00,7611.25,7611.5,7610.25,7610.75,332
2026-07-12 20:25:00-04:00,7610.5,7611.75,7610.0,7611.25,239
2026-07-12 20:26:00-04:00,7611.5,7611.5,7610.75,7611.0,211
2026-07-12 20:27:00-04:00,7611.0,7611.0,7609.5,7610.0,296
2026-07-12 20:28:00-04:00,7609.75,7610.25,7608.5,7608.5,486
2026-07-12 20:29:00-04:00,7608.5,7609.0,7607.5,7608.0,286
2026-07-12 20:30:00-04:00,7607.75,7608.25,7606.5,7607.25,533
2026-07-12 20:31:00-04:00,7607.5,7607.5,7605.25,7606.5,697
2026-07-12 20:32:00-04:00,7606.5,7606.75,7605.5,7606.0,313
2026-07-12 20:33:00-04:00,7606.0,7606.25,7603.75,7604.5,810
2026-07-12 20:34:00-04:00,7604.75,7605.0,7602.0,7602.25,984
2026-07-12 20:35:00-04:00,7602.25,7604.25,7602.25,7603.5,554
2026-07-12 20:36:00-04:00,7603.5,7604.0,7602.5,7602.75,321
2026-07-12 20:37:00-04:00,7602.75,7602.75,7601.0,7602.0,636
2026-07-12 20:38:00-04:00,7602.0,7602.5,7601.25,7602.25,452
2026-07-12 20:39:00-04:00,7602.0,7602.25,7600.5,7602.0,568
2026-07-12 20:40:00-04:00,7602.25,7603.0,7600.75,7601.0,501
2026-07-12 20:41:00-04:00,7601.0,7601.0,7596.5,7598.75,1335
2026-07-12 20:42:00-04:00,7598.75,7600.75,7598.75,7600.25,677
2026-07-12 20:43:00-04:00,7600.25,7602.0,7599.5,7600.0,829
2026-07-12 20:44:00-04:00,7600.25,7600.75,7599.0,7600.75,209
2026-07-12 20:45:00-04:00,7600.5,7602.5,7600.25,7602.5,530
2026-07-12 20:46:00-04:00,7602.5,7603.0,7601.25,7602.0,404
2026-07-12 20:47:00-04:00,7602.0,7602.0,7600.5,7601.25,228
2026-07-12 20:48:00-04:00,7601.0,7603.0,7601.0,7603.0,299
2026-07-12 20:49:00-04:00,7603.0,7603.25,7598.75,7598.75,642
2026-07-12 20:50:00-04:00,7599.0,7599.25,7597.25,7599.0,664
2026-07-12 20:51:00-04:00,7599.0,7599.75,7597.25,7597.75,477
2026-07-12 20:52:00-04:00,7597.5,7598.25,7592.75,7593.75,1736
2026-07-12 20:53:00-04:00,7593.75,7596.25,7593.0,7596.0,686
2026-07-12 20:54:00-04:00,7596.0,7596.75,7595.25,7596.0,414
2026-07-12 20:55:00-04:00,7595.75,7596.75,7595.0,7596.75,354
2026-07-12 20:56:00-04:00,7596.75,7598.0,7595.75,7596.5,592
2026-07-12 20:57:00-04:00,7596.25,7596.5,7595.25,7596.0,347
2026-07-12 20:58:00-04:00,7596.25,7597.25,7595.75,7596.5,282
2026-07-12 20:59:00-04:00,7596.5,7597.75,7595.5,7597.25,365
2026-07-12 21:00:00-04:00,7597.0,7597.25,7593.25,7594.25,954
2026-07-12 21:01:00-04:00,7594.5,7596.75,7594.0,7594.75,530
2026-07-12 21:02:00-04:00,7595.0,7597.5,7594.75,7597.25,464
2026-07-12 21:03:00-04:00,7597.25,7598.0,7596.75,7597.0,405
2026-07-12 21:04:00-04:00,7596.5,7596.75,7592.5,7593.75,1037
2026-07-12 21:05:00-04:00,7594.0,7595.25,7592.5,7594.25,531
2026-07-12 21:06:00-04:00,7594.25,7594.5,7592.75,7593.75,273
2026-07-12 21:07:00-04:00,7593.75,7595.0,7593.25,7594.5,310
2026-07-12 21:08:00-04:00,7594.75,7594.75,7592.5,7593.5,289
2026-07-12 21:09:00-04:00,7593.25,7594.75,7591.0,7591.25,664
2026-07-12 21:10:00-04:00,7591.25,7593.0,7590.5,7592.5,786
2026-07-12 21:11:00-04:00,7592.75,7594.5,7592.0,7593.0,468
2026-07-12 21:12:00-04:00,7592.75,7594.75,7591.75,7594.5,368
2026-07-12 21:13:00-04:00,7594.5,7595.0,7593.0,7594.25,462
2026-07-12 21:14:00-04:00,7594.25,7594.5,7593.25,7593.75,125
2026-07-12 21:15:00-04:00,7593.75,7598.5,7593.5,7598.5,979
2026-07-12 21:16:00-04:00,7598.25,7599.25,7596.75,7596.75,666
2026-07-12 21:17:00-04:00,7597.0,7597.75,7595.75,7596.25,346
2026-07-12 21:18:00-04:00,7596.5,7597.0,7595.25,7596.5,210
2026-07-12 21:19:00-04:00,7596.0,7597.5,7595.5,7596.5,215
2026-07-12 21:20:00-04:00,7596.5,7597.5,7596.0,7597.0,181
2026-07-12 21:21:00-04:00,7596.5,7597.0,7595.5,7595.5,212
2026-07-12 21:22:00-04:00,7595.75,7596.5,7595.0,7595.75,233
2026-07-12 21:23:00-04:00,7596.0,7596.0,7594.5,7594.5,201
2026-07-12 21:24:00-04:00,7594.5,7595.0,7592.5,7593.5,601
2026-07-12 21:25:00-04:00,7593.75,7594.25,7592.0,7593.75,581
2026-07-12 21:26:00-04:00,7593.25,7593.75,7592.5,7593.25,249
2026-07-12 21:27:00-04:00,7593.0,7594.25,7593.0,7594.0,175
2026-07-12 21:28:00-04:00,7593.5,7593.75,7592.5,7593.0,160
2026-07-12 21:29:00-04:00,7593.0,7595.25,7593.0,7594.75,323
2026-07-12 21:30:00-04:00,7594.5,7594.75,7592.75,7593.75,354
2026-07-12 21:31:00-04:00,7593.75,7595.25,7593.5,7594.5,399
2026-07-12 21:32:00-04:00,7594.5,7596.0,7592.75,7595.5,347
2026-07-12 21:33:00-04:00,7595.5,7596.25,7593.5,7593.75,320
2026-07-12 21:34:00-04:00,7593.75,7594.5,7593.0,7594.25,189
2026-07-12 21:35:00-04:00,7594.0,7595.25,7593.0,7595.0,268
2026-07-12 21:36:00-04:00,7595.0,7597.25,7594.5,7597.0,395
2026-07-12 21:37:00-04:00,7597.0,7597.75,7596.25,7597.0,382
2026-07-12 21:38:00-04:00,7597.0,7598.5,7597.0,7598.0,515
2026-07-12 21:39:00-04:00,7597.75,7599.0,7597.5,7598.5,321
2026-07-12 21:40:00-04:00,7598.5,7598.75,7596.5,7597.75,331
2026-07-12 21:41:00-04:00,7598.0,7598.25,7597.0,7597.5,166
2026-07-12 21:42:00-04:00,7597.75,7598.0,7595.25,7595.25,354
2026-07-12 21:43:00-04:00,7595.25,7596.75,7594.5,7594.75,256
2026-07-12 21:44:00-04:00,7594.5,7595.0,7593.25,7594.5,349
2026-07-12 21:45:00-04:00,7594.5,7594.75,7593.75,7594.25,216
2026-07-12 21:46:00-04:00,7594.25,7594.25,7592.5,7593.0,310
2026-07-12 21:47:00-04:00,7593.0,7593.75,7593.0,7593.5,170
2026-07-12 21:48:00-04:00,7593.5,7594.25,7591.5,7592.25,439
2026-07-12 21:49:00-04:00,7592.5,7594.25,7592.0,7592.0,319
2026-07-12 21:50:00-04:00,7592.0,7593.25,7591.25,7593.25,472
2026-07-12 21:51:00-04:00,7593.0,7593.0,7590.5,7591.0,503
2026-07-12 21:52:00-04:00,7591.0,7591.75,7590.5,7590.75,354
2026-07-12 21:53:00-04:00,7590.75,7590.75,7589.0,7590.75,1059
2026-07-12 21:54:00-04:00,7590.75,7591.75,7589.75,7591.0,417
2026-07-12 21:55:00-04:00,7591.0,7591.5,7589.0,7589.0,359
2026-07-12 21:56:00-04:00,7589.0,7592.0,7588.5,7592.0,522
2026-07-12 21:57:00-04:00,7592.0,7592.5,7590.0,7590.75,504
2026-07-12 21:58:00-04:00,7590.75,7591.25,7590.0,7591.0,251
2026-07-12 21:59:00-04:00,7591.25,7593.0,7591.0,7592.25,393
2026-07-12 22:00:00-04:00,7592.25,7593.5,7588.75,7590.25,912
2026-07-12 22:01:00-04:00,7590.0,7590.25,7589.0,7589.75,275
2026-07-12 22:02:00-04:00,7589.75,7590.5,7587.5,7590.25,736
2026-07-12 22:03:00-04:00,7590.5,7591.25,7589.5,7590.0,332
2026-07-12 22:04:00-04:00,7590.0,7590.5,7588.5,7589.25,352
2026-07-12 22:05:00-04:00,7589.25,7591.5,7588.75,7590.25,390
2026-07-12 22:06:00-04:00,7590.0,7590.75,7589.25,7589.5,227
2026-07-12 22:07:00-04:00,7589.5,7590.0,7588.75,7589.5,323
2026-07-12 22:08:00-04:00,7589.5,7589.75,7588.5,7589.25,292
2026-07-12 22:09:00-04:00,7589.25,7590.75,7589.0,7590.0,322
2026-07-12 22:10:00-04:00,7589.75,7591.0,7589.5,7590.5,373
2026-07-12 22:11:00-04:00,7590.5,7590.75,7589.0,7589.0,320
2026-07-12 22:12:00-04:00,7589.0,7590.0,7588.75,7590.0,218
2026-07-12 22:13:00-04:00,7589.75,7590.5,7589.25,7590.5,245
2026-07-12 22:14:00-04:00,7590.25,7590.5,7589.0,7589.5,176
2026-07-12 22:15:00-04:00,7589.5,7590.75,7589.25,7590.75,163
2026-07-12 22:16:00-04:00,7590.75,7591.25,7589.5,7590.0,279
2026-07-12 22:17:00-04:00,7590.0,7590.25,7588.75,7589.0,122
2026-07-12 22:18:00-04:00,7589.25,7589.25,7588.5,7589.25,208
2026-07-12 22:19:00-04:00,7589.25,7591.5,7588.75,7591.25,334
2026-07-12 22:20:00-04:00,7591.25,7592.25,7590.5,7592.0,462
2026-07-12 22:21:00-04:00,7591.75,7593.5,7591.75,7593.5,520
2026-07-12 22:22:00-04:00,7593.0,7594.25,7592.75,7593.0,625
2026-07-12 22:23:00-04:00,7593.0,7593.75,7591.5,7592.5,265
2026-07-12 22:24:00-04:00,7592.5,7593.25,7592.0,7593.0,176
2026-07-12 22:25:00-04:00,7592.75,7594.25,7592.75,7593.5,292
2026-07-12 22:26:00-04:00,7593.25,7593.5,7592.25,7593.25,172
2026-07-12 22:27:00-04:00,7593.5,7593.75,7593.0,7593.0,129
2026-07-12 22:28:00-04:00,7593.0,7593.25,7592.25,7592.75,213
2026-07-12 22:29:00-04:00,7592.75,7594.0,7592.5,7593.0,229
2026-07-12 22:30:00-04:00,7592.75,7593.0,7591.25,7591.5,375
2026-07-12 22:31:00-04:00,7591.5,7592.25,7590.25,7590.25,395
2026-07-12 22:32:00-04:00,7590.25,7590.5,7589.25,7590.5,574
2026-07-12 22:33:00-04:00,7590.5,7591.25,7590.25,7591.0,231
2026-07-12 22:34:00-04:00,7591.0,7592.0,7590.5,7591.25,268
2026-07-12 22:35:00-04:00,7591.25,7592.0,7590.5,7590.5,199
2026-07-12 22:36:00-04:00,7590.5,7590.75,7589.5,7590.25,223
2026-07-12 22:37:00-04:00,7590.25,7590.5,7589.0,7589.25,106
2026-07-12 22:38:00-04:00,7589.25,7590.5,7589.25,7590.0,199
2026-07-12 22:39:00-04:00,7590.0,7591.0,7589.75,7590.0,87
2026-07-12 22:40:00-04:00,7589.5,7590.5,7589.25,7589.75,82
2026-07-12 22:41:00-04:00,7589.5,7590.0,7589.0,7589.5,206
2026-07-12 22:42:00-04:00,7589.75,7590.0,7588.5,7589.0,137
2026-07-12 22:43:00-04:00,7589.25,7589.75,7589.0,7589.0,201
2026-07-12 22:44:00-04:00,7589.25,7590.25,7588.75,7589.75,113
2026-07-12 22:45:00-04:00,7590.0,7590.25,7589.25,7590.0,173
2026-07-12 22:46:00-04:00,7590.0,7590.5,7589.25,7589.25,111
2026-07-12 22:47:00-04:00,7589.0,7589.25,7588.5,7589.0,103
2026-07-12 22:48:00-04:00,7589.25,7590.0,7588.75,7589.75,139
2026-07-12 22:49:00-04:00,7589.5,7590.0,7589.0,7590.0,138
2026-07-12 22:50:00-04:00,7590.25,7590.75,7589.75,7590.25,174
2026-07-12 22:51:00-04:00,7590.5,7590.5,7589.0,7589.0,206
2026-07-12 22:52:00-04:00,7589.0,7589.25,7588.0,7589.0,260
2026-07-12 22:53:00-04:00,7589.25,7589.5,7589.0,7589.5,95
2026-07-12 22:54:00-04:00,7589.25,7589.5,7588.0,7588.0,158
2026-07-12 22:55:00-04:00,7588.25,7589.0,7588.25,7588.5,127
2026-07-12 22:56:00-04:00,7588.5,7588.5,7587.75,7588.0,146
2026-07-12 22:57:00-04:00,7588.0,7588.0,7586.75,7587.5,468
2026-07-12 22:58:00-04:00,7587.5,7587.75,7586.75,7587.5,169
2026-07-12 22:59:00-04:00,7587.5,7587.5,7585.75,7586.0,489
2026-07-12 23:00:00-04:00,7586.25,7586.5,7585.5,7586.25,397
2026-07-12 23:01:00-04:00,7586.0,7586.5,7585.0,7585.5,767
2026-07-12 23:02:00-04:00,7585.75,7586.25,7584.75,7585.25,315
2026-07-12 23:03:00-04:00,7585.5,7585.5,7584.75,7585.0,202
2026-07-12 23:04:00-04:00,7585.0,7585.0,7584.0,7584.25,318
2026-07-12 23:05:00-04:00,7584.5,7585.0,7584.0,7585.0,224
2026-07-12 23:06:00-04:00,7585.0,7585.5,7584.25,7585.0,264
2026-07-12 23:07:00-04:00,7585.0,7585.0,7584.0,7584.75,258
2026-07-12 23:08:00-04:00,7584.75,7585.0,7584.0,7584.25,252
2026-07-12 23:09:00-04:00,7584.0,7584.25,7583.25,7584.0,480
2026-07-12 23:10:00-04:00,7584.0,7584.5,7583.75,7583.75,170
2026-07-12 23:11:00-04:00,7583.5,7584.5,7583.5,7584.5,196
2026-07-12 23:12:00-04:00,7584.5,7584.5,7583.5,7583.75,111
2026-07-12 23:13:00-04:00,7583.5,7584.5,7583.5,7584.5,151
2026-07-12 23:14:00-04:00,7584.25,7584.75,7584.0,7584.5,170
2026-07-12 23:15:00-04:00,7584.75,7585.0,7583.75,7583.75,191
2026-07-12 23:16:00-04:00,7583.75,7584.5,7583.5,7583.5,131
2026-07-12 23:17:00-04:00,7583.5,7584.25,7583.25,7583.75,163
2026-07-12 23:18:00-04:00,7583.75,7584.25,7583.0,7584.0,469
2026-07-12 23:19:00-04:00,7583.5,7584.5,7583.5,7584.5,145
2026-07-12 23:20:00-04:00,7584.25,7585.0,7584.0,7584.0,194
2026-07-12 23:21:00-04:00,7584.25,7584.5,7583.5,7584.0,126
2026-07-12 23:22:00-04:00,7583.75,7584.25,7583.5,7583.75,95
2026-07-12 23:23:00-04:00,7583.5,7584.5,7583.25,7583.75,126
2026-07-12 23:24:00-04:00,7583.75,7584.5,7583.5,7584.5,60
2026-07-12 23:25:00-04:00,7584.5,7585.0,7584.25,7584.75,224
2026-07-12 23:26:00-04:00,7584.75,7585.25,7584.75,7585.0,227
2026-07-12 23:27:00-04:00,7585.0,7585.75,7585.0,7585.75,139
2026-07-12 23:28:00-04:00,7585.75,7586.75,7585.25,7586.5,300
2026-07-12 23:29:00-04:00,7586.5,7586.75,7585.75,7585.75,147
2026-07-12 23:30:00-04:00,7586.0,7586.75,7584.75,7585.5,374
2026-07-12 23:31:00-04:00,7585.75,7585.75,7584.5,7584.5,210
2026-07-12 23:32:00-04:00,7584.5,7585.25,7584.5,7584.75,120
2026-07-12 23:33:00-04:00,7584.5,7584.75,7584.0,7584.0,248
2026-07-12 23:34:00-04:00,7584.25,7584.75,7584.0,7584.25,93
2026-07-12 23:35:00-04:00,7584.5,7584.5,7583.25,7583.25,172
2026-07-12 23:36:00-04:00,7583.5,7583.75,7583.25,7583.75,171
2026-07-12 23:37:00-04:00,7583.5,7584.75,7583.5,7584.25,153
2026-07-12 23:38:00-04:00,7584.5,7585.75,7584.25,7585.75,237
2026-07-12 23:39:00-04:00,7585.75,7586.0,7584.5,7585.25,263
2026-07-12 23:40:00-04:00,7585.25,7585.75,7585.0,7585.5,143
2026-07-12 23:41:00-04:00,7585.5,7586.75,7585.25,7586.5,261
2026-07-12 23:42:00-04:00,7586.5,7586.75,7585.75,7585.75,144
2026-07-12 23:43:00-04:00,7585.75,7586.0,7584.75,7584.75,130
2026-07-12 23:44:00-04:00,7585.0,7585.0,7584.0,7584.25,190
2026-07-12 23:45:00-04:00,7584.5,7585.0,7584.25,7584.5,121
2026-07-12 23:46:00-04:00,7584.5,7585.25,7584.25,7585.25,111
2026-07-12 23:47:00-04:00,7585.25,7585.5,7585.0,7585.0,52
2026-07-12 23:48:00-04:00,7585.0,7585.75,7584.5,7585.5,69
2026-07-12 23:49:00-04:00,7585.75,7586.0,7585.0,7586.0,171
2026-07-12 23:50:00-04:00,7586.0,7586.0,7585.25,7585.75,115
2026-07-12 23:51:00-04:00,7585.75,7585.75,7584.25,7584.5,107
2026-07-12 23:52:00-04:00,7584.5,7584.5,7583.25,7583.5,218
2026-07-12 23:53:00-04:00,7583.5,7584.25,7583.25,7583.75,96
2026-07-12 23:54:00-04:00,7583.75,7584.25,7583.75,7584.0,81
2026-07-12 23:55:00-04:00,7584.25,7584.5,7583.5,7583.75,161
2026-07-12 23:56:00-04:00,7583.75,7583.75,7583.25,7583.25,63
2026-07-12 23:57:00-04:00,7583.5,7583.75,7582.5,7582.75,319
2026-07-12 23:58:00-04:00,7583.0,7584.0,7582.75,7584.0,175
2026-07-13 00:00:00-04:00,7583.25,7583.5,7581.5,7582.25,704
2026-07-13 00:01:00-04:00,7582.25,7582.5,7581.0,7581.5,332
2026-07-13 00:02:00-04:00,7581.5,7581.75,7581.0,7581.75,253
2026-07-13 00:03:00-04:00,7581.5,7581.75,7580.25,7580.75,304
2026-07-13 00:04:00-04:00,7580.75,7581.75,7580.5,7580.75,201
2026-07-13 00:05:00-04:00,7580.75,7581.25,7579.5,7580.0,438
2026-07-13 00:06:00-04:00,7580.0,7581.0,7580.0,7580.25,264
2026-07-13 00:07:00-04:00,7579.75,7580.5,7579.25,7580.25,257
2026-07-13 00:08:00-04:00,7580.25,7580.75,7579.5,7580.0,231
2026-07-13 00:09:00-04:00,7580.0,7580.25,7579.75,7580.0,102
2026-07-13 00:10:00-04:00,7580.0,7580.5,7579.25,7579.25,126
2026-07-13 00:11:00-04:00,7579.5,7580.75,7579.5,7580.0,183
2026-07-13 00:12:00-04:00,7580.0,7580.75,7579.75,7580.25,167
2026-07-13 00:13:00-04:00,7580.75,7581.25,7579.5,7579.75,187
2026-07-13 00:14:00-04:00,7580.0,7580.5,7578.75,7580.5,314
2026-07-13 00:15:00-04:00,7580.5,7580.5,7579.25,7580.25,126
2026-07-13 00:16:00-04:00,7580.25,7581.0,7580.0,7580.25,196
2026-07-13 00:17:00-04:00,7580.0,7581.25,7580.0,7581.0,173
2026-07-13 00:18:00-04:00,7581.25,7581.75,7581.0,7581.75,233
2026-07-13 00:19:00-04:00,7581.5,7582.75,7581.5,7582.75,451
2026-07-13 00:20:00-04:00,7582.5,7583.25,7582.25,7582.25,328
2026-07-13 00:21:00-04:00,7582.25,7582.5,7581.25,7582.5,246
2026-07-13 00:22:00-04:00,7582.5,7583.0,7582.25,7583.0,143
2026-07-13 00:23:00-04:00,7583.25,7583.25,7581.5,7581.5,143
2026-07-13 00:24:00-04:00,7581.5,7582.0,7581.25,7581.5,141
2026-07-13 00:25:00-04:00,7581.5,7581.75,7580.75,7581.0,167
2026-07-13 00:26:00-04:00,7581.0,7581.0,7580.25,7580.5,107
2026-07-13 00:27:00-04:00,7580.25,7580.75,7579.75,7580.25,222
2026-07-13 00:28:00-04:00,7580.0,7581.0,7579.5,7580.75,119
2026-07-13 00:29:00-04:00,7580.75,7581.0,7580.0,7580.75,165
2026-07-13 00:30:00-04:00,7580.75,7581.5,7580.25,7581.25,242
2026-07-13 00:31:00-04:00,7581.25,7581.25,7579.75,7580.0,109
2026-07-13 00:32:00-04:00,7580.0,7580.5,7579.75,7580.0,64
2026-07-13 00:33:00-04:00,7580.0,7580.25,7579.75,7579.75,78
2026-07-13 00:34:00-04:00,7580.0,7580.25,7579.5,7579.5,128
2026-07-13 00:35:00-04:00,7579.75,7579.75,7578.75,7579.25,214
2026-07-13 00:36:00-04:00,7578.75,7579.25,7577.75,7577.75,387
2026-07-13 00:37:00-04:00,7578.25,7578.5,7577.5,7577.75,350
2026-07-13 00:38:00-04:00,7577.5,7578.75,7577.5,7578.75,106
2026-07-13 00:39:00-04:00,7578.5,7578.75,7578.0,7578.25,101
2026-07-13 00:40:00-04:00,7578.5,7578.5,7577.25,7577.5,149
2026-07-13 00:41:00-04:00,7577.25,7577.5,7577.0,7577.25,185
2026-07-13 00:42:00-04:00,7577.5,7577.5,7576.5,7577.0,209
2026-07-13 00:43:00-04:00,7576.75,7577.5,7576.5,7576.75,183
2026-07-13 00:44:00-04:00,7576.5,7577.0,7575.75,7577.0,314
2026-07-13 00:45:00-04:00,7576.75,7577.25,7576.5,7577.0,102
2026-07-13 00:46:00-04:00,7576.75,7577.25,7576.75,7577.25,101
2026-07-13 00:47:00-04:00,7577.25,7577.25,7576.75,7576.75,123
2026-07-13 00:48:00-04:00,7576.75,7576.75,7576.0,7576.5,179
2026-07-13 00:49:00-04:00,7576.25,7576.75,7576.25,7576.5,115
2026-07-13 00:50:00-04:00,7576.5,7576.75,7575.75,7576.0,157
2026-07-13 00:51:00-04:00,7575.75,7576.5,7575.5,7575.75,219
2026-07-13 00:52:00-04:00,7576.0,7576.5,7576.0,7576.5,88
2026-07-13 00:53:00-04:00,7576.25,7576.75,7576.25,7576.75,97
2026-07-13 00:54:00-04:00,7576.75,7577.0,7576.25,7576.75,117
2026-07-13 00:55:00-04:00,7576.5,7577.25,7576.5,7577.0,150
2026-07-13 00:56:00-04:00,7577.0,7577.5,7577.0,7577.25,155
2026-07-13 00:57:00-04:00,7577.25,7577.75,7577.25,7577.75,84
2026-07-13 00:58:00-04:00,7577.75,7578.0,7577.5,7577.75,84
2026-07-13 00:59:00-04:00,7578.0,7578.5,7577.25,7577.25,169
2026-07-13 01:00:00-04:00,7577.5,7577.5,7575.5,7575.75,415
2026-07-13 01:01:00-04:00,7575.75,7576.25,7575.25,7576.25,299
2026-07-13 01:02:00-04:00,7576.25,7578.0,7576.25,7576.75,479
2026-07-13 01:03:00-04:00,7577.0,7577.25,7575.75,7576.0,169
2026-07-13 01:04:00-04:00,7576.0,7576.75,7575.75,7576.25,218
2026-07-13 01:05:00-04:00,7576.0,7576.75,7575.5,7576.25,432
2026-07-13 01:06:00-04:00,7576.25,7576.75,7575.0,7576.75,207
2026-07-13 01:07:00-04:00,7576.75,7578.0,7576.5,7577.75,204
2026-07-13 01:08:00-04:00,7577.75,7580.25,7577.5,7579.5,835
2026-07-13 01:09:00-04:00,7579.5,7582.0,7579.5,7581.0,879
2026-07-13 01:10:00-04:00,7581.25,7582.75,7580.5,7582.5,460
2026-07-13 01:11:00-04:00,7582.5,7584.25,7582.25,7582.5,443
2026-07-13 01:12:00-04:00,7582.5,7583.75,7582.0,7583.5,149
2026-07-13 01:13:00-04:00,7583.5,7584.0,7582.75,7582.75,130
2026-07-13 01:14:00-04:00,7582.75,7583.5,7582.25,7583.5,191
2026-07-13 01:15:00-04:00,7583.75,7583.75,7581.25,7581.5,206
2026-07-13 01:16:00-04:00,7581.25,7581.5,7579.75,7580.0,276
2026-07-13 01:17:00-04:00,7580.0,7580.25,7579.0,7580.0,311
2026-07-13 01:18:00-04:00,7580.25,7581.0,7579.75,7580.25,179
2026-07-13 01:19:00-04:00,7580.0,7580.5,7579.0,7579.5,134
2026-07-13 01:20:00-04:00,7579.75,7580.0,7577.75,7578.0,273
2026-07-13 01:21:00-04:00,7578.0,7578.5,7577.25,7577.75,180
2026-07-13 01:22:00-04:00,7578.0,7578.0,7575.5,7576.25,453
2026-07-13 01:23:00-04:00,7576.25,7576.25,7573.0,7573.75,1058
2026-07-13 01:24:00-04:00,7573.5,7573.75,7572.5,7572.5,521
2026-07-13 01:25:00-04:00,7572.75,7573.75,7572.5,7572.75,475
2026-07-13 01:26:00-04:00,7572.75,7573.0,7571.5,7572.0,376
2026-07-13 01:27:00-04:00,7572.25,7572.5,7571.0,7571.5,340
2026-07-13 01:28:00-04:00,7571.5,7572.5,7571.25,7572.25,358
2026-07-13 01:29:00-04:00,7572.25,7572.25,7570.75,7571.25,334
2026-07-13 01:30:00-04:00,7571.5,7571.5,7566.25,7569.0,1753
2026-07-13 01:31:00-04:00,7569.0,7570.75,7568.5,7568.75,548
2026-07-13 01:32:00-04:00,7568.75,7571.0,7568.75,7571.0,258
2026-07-13 01:33:00-04:00,7570.5,7571.75,7570.0,7571.25,330
2026-07-13 01:34:00-04:00,7571.25,7575.5,7571.25,7575.5,604
2026-07-13 01:35:00-04:00,7575.5,7577.25,7575.0,7576.75,933
2026-07-13 01:36:00-04:00,7576.75,7577.5,7575.75,7576.25,379
2026-07-13 01:37:00-04:00,7576.5,7576.75,7575.0,7576.0,270
2026-07-13 01:38:00-04:00,7575.75,7576.75,7574.75,7575.5,193
2026-07-13 01:39:00-04:00,7575.5,7577.75,7575.5,7577.5,333
2026-07-13 01:40:00-04:00,7577.25,7578.75,7577.0,7578.25,293
2026-07-13 01:41:00-04:00,7578.5,7578.75,7577.25,7578.75,196
2026-07-13 01:42:00-04:00,7579.0,7579.0,7577.0,7577.25,242
2026-07-13 01:43:00-04:00,7577.0,7577.0,7575.25,7575.5,277
2026-07-13 01:44:00-04:00,7575.5,7576.0,7574.5,7575.5,162
2026-07-13 01:45:00-04:00,7575.5,7575.75,7573.75,7575.25,291
2026-07-13 01:46:00-04:00,7575.25,7575.25,7572.75,7573.5,340
2026-07-13 01:47:00-04:00,7573.5,7573.5,7572.25,7572.75,156
2026-07-13 01:48:00-04:00,7572.5,7572.75,7571.25,7571.5,140
2026-07-13 01:49:00-04:00,7571.75,7573.75,7571.25,7573.75,237
2026-07-13 01:50:00-04:00,7574.0,7576.75,7573.75,7576.5,411
2026-07-13 01:51:00-04:00,7576.5,7578.0,7575.75,7576.25,350
2026-07-13 01:52:00-04:00,7576.25,7576.75,7576.0,7576.5,133
2026-07-13 01:53:00-04:00,7576.25,7577.75,7575.25,7575.5,348
2026-07-13 01:54:00-04:00,7575.5,7575.5,7574.0,7574.75,268
2026-07-13 01:55:00-04:00,7574.5,7575.25,7573.75,7574.75,199
2026-07-13 01:56:00-04:00,7574.75,7575.5,7574.5,7575.25,135
2026-07-13 01:57:00-04:00,7575.25,7576.25,7574.75,7575.0,165
2026-07-13 01:58:00-04:00,7575.0,7576.0,7575.0,7575.25,65
2026-07-13 01:59:00-04:00,7575.0,7578.5,7574.75,7578.25,297
2026-07-13 02:00:00-04:00,7578.25,7580.5,7578.0,7579.75,525
2026-07-13 02:01:00-04:00,7580.0,7580.75,7579.25,7580.25,345
2026-07-13 02:02:00-04:00,7580.25,7580.75,7579.5,7580.5,179
2026-07-13 02:03:00-04:00,7580.0,7580.5,7578.0,7578.0,268
2026-07-13 02:04:00-04:00,7578.25,7580.0,7577.5,7580.0,232
2026-07-13 02:05:00-04:00,7580.0,7581.0,7578.5,7579.0,221
2026-07-13 02:06:00-04:00,7578.75,7579.0,7577.0,7577.25,138
2026-07-13 02:07:00-04:00,7577.25,7579.25,7577.25,7578.0,174
2026-07-13 02:08:00-04:00,7578.0,7578.5,7577.25,7578.0,111
2026-07-13 02:09:00-04:00,7578.5,7578.5,7577.0,7577.25,134
2026-07-13 02:10:00-04:00,7577.0,7577.75,7576.25,7576.75,187
2026-07-13 02:11:00-04:00,7576.75,7577.25,7575.5,7575.75,306
2026-07-13 02:12:00-04:00,7575.75,7576.25,7574.25,7574.75,411
2026-07-13 02:13:00-04:00,7574.75,7575.5,7574.5,7574.75,252
2026-07-13 02:14:00-04:00,7574.75,7575.25,7574.0,7574.75,171
2026-07-13 02:15:00-04:00,7575.25,7576.75,7575.0,7575.5,361
2026-07-13 02:16:00-04:00,7575.5,7576.0,7574.75,7576.0,119
2026-07-13 02:17:00-04:00,7575.5,7577.5,7575.5,7577.0,401
2026-07-13 02:18:00-04:00,7576.75,7578.25,7576.75,7577.25,243
2026-07-13 02:19:00-04:00,7577.5,7579.0,7577.25,7578.75,184
2026-07-13 02:20:00-04:00,7578.5,7580.25,7578.25,7580.0,259
2026-07-13 02:21:00-04:00,7580.25,7580.25,7579.0,7579.5,104
2026-07-13 02:22:00-04:00,7579.5,7579.75,7578.25,7579.0,137
2026-07-13 02:23:00-04:00,7579.0,7580.75,7578.75,7580.5,94
2026-07-13 02:24:00-04:00,7580.25,7582.25,7580.25,7581.0,302
2026-07-13 02:25:00-04:00,7581.25,7583.5,7581.0,7583.5,489
2026-07-13 02:26:00-04:00,7583.25,7583.25,7582.5,7583.0,128
2026-07-13 02:27:00-04:00,7583.0,7583.25,7581.0,7581.5,251
2026-07-13 02:28:00-04:00,7581.75,7582.5,7581.0,7582.0,117
2026-07-13 02:29:00-04:00,7582.25,7583.5,7581.75,7583.5,171
2026-07-13 02:30:00-04:00,7583.5,7584.75,7583.0,7583.0,543
2026-07-13 02:31:00-04:00,7583.0,7583.5,7582.25,7583.5,186
2026-07-13 02:32:00-04:00,7583.25,7583.75,7581.5,7582.0,141
2026-07-13 02:33:00-04:00,7581.5,7583.0,7581.5,7582.5,164
2026-07-13 02:34:00-04:00,7582.25,7582.25,7580.5,7580.5,158
2026-07-13 02:35:00-04:00,7580.5,7581.25,7579.5,7579.75,297
2026-07-13 02:36:00-04:00,7579.75,7580.25,7579.75,7579.75,91
2026-07-13 02:37:00-04:00,7579.5,7580.25,7579.25,7579.25,97
2026-07-13 02:38:00-04:00,7579.25,7580.0,7579.0,7579.25,74
2026-07-13 02:39:00-04:00,7579.0,7579.75,7578.5,7579.5,157
2026-07-13 02:40:00-04:00,7579.25,7580.0,7579.25,7579.75,104
2026-07-13 02:41:00-04:00,7579.75,7580.0,7579.25,7579.5,121
2026-07-13 02:42:00-04:00,7579.75,7582.0,7579.25,7582.0,140
2026-07-13 02:43:00-04:00,7582.0,7582.5,7581.75,7582.0,123
2026-07-13 02:44:00-04:00,7582.0,7583.0,7582.0,7582.75,242
2026-07-13 02:45:00-04:00,7582.5,7582.5,7581.0,7581.0,204
2026-07-13 02:46:00-04:00,7581.0,7582.5,7581.0,7582.5,241
2026-07-13 02:47:00-04:00,7582.5,7584.25,7582.5,7584.0,274
2026-07-13 02:48:00-04:00,7584.25,7584.75,7583.25,7584.5,259
2026-07-13 02:49:00-04:00,7584.5,7584.5,7583.5,7584.0,182
2026-07-13 02:50:00-04:00,7584.0,7584.25,7583.25,7583.75,122
2026-07-13 02:51:00-04:00,7583.5,7584.75,7583.25,7584.25,79
2026-07-13 02:52:00-04:00,7584.5,7584.5,7583.5,7583.5,77
2026-07-13 02:53:00-04:00,7583.75,7583.75,7581.5,7581.75,195
2026-07-13 02:54:00-04:00,7581.75,7582.75,7581.5,7582.5,127
2026-07-13 02:55:00-04:00,7582.75,7583.0,7582.0,7583.0,115
2026-07-13 02:56:00-04:00,7582.75,7583.25,7581.75,7582.0,162
2026-07-13 02:57:00-04:00,7582.0,7582.5,7581.75,7582.0,56
2026-07-13 02:58:00-04:00,7582.0,7582.0,7581.5,7582.0,44
2026-07-13 02:59:00-04:00,7581.75,7584.5,7581.75,7584.0,264
2026-07-13 03:00:00-04:00,7584.25,7586.75,7582.5,7583.0,974
2026-07-13 03:01:00-04:00,7582.75,7583.0,7581.5,7583.0,301
2026-07-13 03:02:00-04:00,7583.0,7585.0,7582.25,7584.25,367
2026-07-13 03:03:00-04:00,7584.5,7587.25,7584.5,7586.75,389
2026-07-13 03:04:00-04:00,7586.75,7588.25,7586.5,7587.0,370
2026-07-13 03:05:00-04:00,7587.0,7588.0,7586.5,7587.75,304
2026-07-13 03:06:00-04:00,7587.5,7588.0,7586.0,7586.25,183
2026-07-13 03:07:00-04:00,7586.0,7587.0,7586.0,7586.25,101
2026-07-13 03:08:00-04:00,7586.0,7587.75,7586.0,7587.75,110
2026-07-13 03:09:00-04:00,7587.5,7589.0,7587.25,7588.5,409
2026-07-13 03:10:00-04:00,7588.5,7590.5,7588.25,7590.0,637
2026-07-13 03:11:00-04:00,7590.0,7590.5,7589.0,7589.75,195
2026-07-13 03:12:00-04:00,7589.75,7590.25,7589.0,7590.0,203
2026-07-13 03:13:00-04:00,7590.0,7590.5,7589.0,7589.5,184
2026-07-13 03:14:00-04:00,7589.75,7591.25,7589.5,7590.5,260
2026-07-13 03:15:00-04:00,7590.5,7591.25,7589.25,7589.5,306
2026-07-13 03:16:00-04:00,7589.25,7590.0,7587.5,7587.75,466
2026-07-13 03:17:00-04:00,7587.75,7587.75,7586.0,7586.5,396
2026-07-13 03:18:00-04:00,7586.75,7586.75,7585.5,7586.5,235
2026-07-13 03:19:00-04:00,7586.5,7587.25,7585.75,7585.75,173
2026-07-13 03:20:00-04:00,7586.0,7586.5,7585.5,7586.5,144
2026-07-13 03:21:00-04:00,7586.5,7587.25,7586.0,7587.0,163
2026-07-13 03:22:00-04:00,7587.25,7588.0,7586.75,7588.0,206
2026-07-13 03:23:00-04:00,7588.0,7589.0,7587.5,7589.0,98
2026-07-13 03:24:00-04:00,7588.75,7589.5,7588.5,7589.0,241
2026-07-13 03:25:00-04:00,7589.0,7589.0,7587.0,7587.5,173
2026-07-13 03:26:00-04:00,7587.75,7588.25,7586.5,7586.75,135
2026-07-13 03:27:00-04:00,7586.75,7587.25,7586.5,7587.0,58
2026-07-13 03:28:00-04:00,7587.25,7587.75,7586.75,7587.5,117
2026-07-13 03:29:00-04:00,7587.25,7587.5,7586.0,7586.5,134
2026-07-13 03:30:00-04:00,7586.5,7586.5,7584.0,7584.25,363
2026-07-13 03:31:00-04:00,7584.0,7584.75,7583.25,7583.75,273
2026-07-13 03:32:00-04:00,7584.0,7584.25,7583.25,7583.5,149
2026-07-13 03:33:00-04:00,7583.75,7584.5,7582.0,7582.25,302
2026-07-13 03:34:00-04:00,7582.5,7584.25,7582.25,7583.75,206
2026-07-13 03:35:00-04:00,7584.0,7585.5,7583.5,7584.75,262
2026-07-13 03:36:00-04:00,7584.5,7586.25,7584.5,7585.75,221
2026-07-13 03:37:00-04:00,7585.5,7587.5,7585.0,7587.25,218
2026-07-13 03:38:00-04:00,7587.25,7587.5,7586.0,7587.0,75
2026-07-13 03:39:00-04:00,7587.25,7587.75,7586.25,7587.0,144
2026-07-13 03:40:00-04:00,7587.25,7588.75,7587.25,7588.75,206
2026-07-13 03:41:00-04:00,7588.5,7589.0,7587.5,7587.75,153
2026-07-13 03:42:00-04:00,7587.75,7587.75,7586.5,7586.75,142
2026-07-13 03:43:00-04:00,7586.75,7587.5,7586.5,7586.75,114
2026-07-13 03:44:00-04:00,7586.5,7587.0,7586.25,7587.0,79
2026-07-13 03:45:00-04:00,7587.25,7587.5,7586.0,7587.0,164
2026-07-13 03:46:00-04:00,7587.0,7587.0,7586.0,7586.5,123
2026-07-13 03:47:00-04:00,7586.5,7587.5,7586.25,7586.5,152
2026-07-13 03:48:00-04:00,7586.5,7586.75,7585.0,7585.25,189
2026-07-13 03:49:00-04:00,7585.25,7585.75,7585.0,7585.75,106
2026-07-13 03:50:00-04:00,7585.5,7585.75,7584.25,7585.5,187
2026-07-13 03:51:00-04:00,7585.25,7586.75,7585.0,7586.5,74
2026-07-13 03:52:00-04:00,7586.75,7587.5,7586.25,7586.75,148
2026-07-13 03:53:00-04:00,7586.75,7587.25,7586.25,7587.0,53
2026-07-13 03:54:00-04:00,7587.25,7588.25,7587.25,7588.25,54
2026-07-13 03:55:00-04:00,7588.25,7589.25,7587.5,7588.0,232
2026-07-13 03:56:00-04:00,7588.0,7588.25,7586.25,7586.75,212
2026-07-13 03:57:00-04:00,7586.75,7587.75,7586.25,7587.5,100
2026-07-13 03:58:00-04:00,7587.5,7588.25,7587.25,7587.5,59
2026-07-13 03:59:00-04:00,7587.5,7587.75,7586.5,7587.75,94
2026-07-13 04:00:00-04:00,7588.0,7589.75,7586.75,7589.25,568
2026-07-13 04:01:00-04:00,7589.25,7591.25,7589.25,7590.25,347
2026-07-13 04:02:00-04:00,7590.25,7591.25,7589.5,7590.5,210
2026-07-13 04:03:00-04:00,7590.75,7591.0,7589.0,7590.75,269
2026-07-13 04:04:00-04:00,7590.75,7591.25,7590.25,7590.5,139
2026-07-13 04:05:00-04:00,7590.0,7592.5,7588.5,7591.5,787
2026-07-13 04:06:00-04:00,7591.5,7593.5,7590.75,7593.0,783
2026-07-13 04:07:00-04:00,7593.0,7594.25,7592.25,7592.75,469
2026-07-13 04:08:00-04:00,7592.5,7593.25,7591.0,7592.0,281
2026-07-13 04:09:00-04:00,7592.25,7593.75,7591.5,7593.0,228
2026-07-13 04:10:00-04:00,7593.0,7593.5,7592.25,7593.0,162
2026-07-13 04:11:00-04:00,7592.75,7594.75,7592.5,7594.0,413
2026-07-13 04:12:00-04:00,7594.0,7595.0,7593.75,7594.75,258
2026-07-13 04:13:00-04:00,7594.5,7594.75,7593.0,7593.0,296
2026-07-13 04:14:00-04:00,7593.0,7596.25,7593.0,7596.0,467
2026-07-13 04:15:00-04:00,7596.0,7596.75,7595.75,7596.5,293
2026-07-13 04:16:00-04:00,7596.5,7597.25,7596.0,7597.0,233
2026-07-13 04:17:00-04:00,7597.25,7598.25,7597.0,7597.75,549
2026-07-13 04:18:00-04:00,7597.5,7598.5,7597.5,7598.5,272
2026-07-13 04:19:00-04:00,7598.25,7598.5,7596.25,7596.5,258
2026-07-13 04:20:00-04:00,7596.5,7597.0,7595.5,7596.0,234
2026-07-13 04:21:00-04:00,7595.75,7597.5,7595.75,7597.5,271
2026-07-13 04:22:00-04:00,7597.0,7597.25,7595.75,7596.75,112
2026-07-13 04:23:00-04:00,7596.75,7598.5,7596.5,7597.0,310
2026-07-13 04:24:00-04:00,7597.0,7597.25,7595.5,7595.75,308
2026-07-13 04:25:00-04:00,7595.5,7597.0,7595.5,7597.0,246
2026-07-13 04:26:00-04:00,7596.75,7597.0,7596.25,7596.25,76
2026-07-13 04:27:00-04:00,7596.25,7597.25,7596.0,7597.0,123
2026-07-13 04:28:00-04:00,7597.0,7597.25,7596.0,7596.25,110
2026-07-13 04:29:00-04:00,7596.5,7597.5,7595.25,7595.75,136
2026-07-13 04:30:00-04:00,7595.75,7596.5,7595.75,7596.25,105
2026-07-13 04:31:00-04:00,7596.25,7596.75,7595.75,7596.5,86
2026-07-13 04:32:00-04:00,7596.5,7597.25,7596.25,7597.25,120
2026-07-13 04:33:00-04:00,7597.0,7597.5,7595.75,7596.0,126
2026-07-13 04:34:00-04:00,7595.75,7596.0,7593.75,7594.75,565
2026-07-13 04:35:00-04:00,7594.5,7595.75,7594.5,7595.5,173
2026-07-13 04:36:00-04:00,7595.25,7595.25,7594.5,7594.75,81
2026-07-13 04:37:00-04:00,7594.75,7594.75,7594.0,7594.25,81
2026-07-13 04:38:00-04:00,7594.25,7594.5,7593.0,7593.75,138
2026-07-13 04:39:00-04:00,7593.75,7595.0,7593.75,7595.0,88
2026-07-13 04:40:00-04:00,7594.75,7595.75,7594.25,7595.75,153
2026-07-13 04:41:00-04:00,7595.5,7596.0,7594.75,7595.5,56
2026-07-13 04:42:00-04:00,7595.5,7595.5,7594.75,7595.25,44
2026-07-13 04:43:00-04:00,7595.25,7596.5,7595.25,7596.0,129
2026-07-13 04:44:00-04:00,7596.25,7596.75,7596.0,7596.5,182
2026-07-13 04:45:00-04:00,7596.25,7596.5,7596.0,7596.5,117
2026-07-13 04:46:00-04:00,7596.75,7597.0,7595.75,7595.75,101
2026-07-13 04:47:00-04:00,7596.0,7596.75,7595.75,7595.75,103
2026-07-13 04:48:00-04:00,7596.0,7597.0,7595.25,7596.75,115
2026-07-13 04:49:00-04:00,7597.0,7598.75,7596.5,7597.5,423
2026-07-13 04:50:00-04:00,7597.25,7598.0,7597.25,7597.75,143
2026-07-13 04:51:00-04:00,7597.5,7598.75,7597.25,7598.25,241
2026-07-13 04:52:00-04:00,7598.5,7599.25,7597.75,7599.0,335
2026-07-13 04:53:00-04:00,7599.25,7599.5,7598.5,7599.0,233
2026-07-13 04:54:00-04:00,7599.0,7599.0,7598.0,7598.25,178
2026-07-13 04:55:00-04:00,7598.25,7598.5,7598.0,7598.0,69
2026-07-13 04:56:00-04:00,7597.75,7598.75,7597.5,7598.75,151
2026-07-13 04:57:00-04:00,7598.5,7599.25,7597.5,7597.75,102
2026-07-13 04:58:00-04:00,7597.75,7597.75,7597.0,7597.25,86
2026-07-13 04:59:00-04:00,7597.0,7598.5,7597.0,7598.5,213
2026-07-13 05:00:00-04:00,7598.5,7599.0,7597.25,7597.75,144
2026-07-13 05:01:00-04:00,7597.75,7598.0,7597.5,7597.75,80
2026-07-13 05:02:00-04:00,7598.0,7598.0,7596.75,7597.0,85
2026-07-13 05:03:00-04:00,7597.0,7597.25,7595.25,7595.25,172
2026-07-13 05:04:00-04:00,7595.5,7596.25,7595.5,7595.75,177
2026-07-13 05:05:00-04:00,7596.0,7596.0,7595.25,7595.5,134
2026-07-13 05:06:00-04:00,7595.5,7596.0,7595.25,7595.25,90
2026-07-13 05:07:00-04:00,7595.25,7596.0,7595.0,7595.75,74
2026-07-13 05:08:00-04:00,7596.0,7597.0,7596.0,7596.75,70
2026-07-13 05:09:00-04:00,7596.5,7597.0,7596.0,7597.0,79
2026-07-13 05:10:00-04:00,7596.75,7596.75,7594.75,7595.5,261
2026-07-13 05:11:00-04:00,7595.75,7596.0,7595.25,7595.75,120
2026-07-13 05:12:00-04:00,7596.25,7596.25,7595.5,7595.5,75
2026-07-13 05:13:00-04:00,7595.5,7595.75,7595.25,7595.25,57
2026-07-13 05:14:00-04:00,7595.75,7597.0,7595.5,7597.0,48
2026-07-13 05:15:00-04:00,7597.0,7597.5,7596.75,7597.0,93
2026-07-13 05:16:00-04:00,7597.25,7598.5,7597.0,7598.5,138
2026-07-13 05:17:00-04:00,7598.75,7600.0,7598.5,7599.5,300
2026-07-13 05:18:00-04:00,7599.75,7600.75,7599.5,7600.5,261
2026-07-13 05:19:00-04:00,7600.5,7601.0,7599.75,7599.75,236
2026-07-13 05:20:00-04:00,7600.0,7600.25,7599.5,7599.5,61
2026-07-13 05:21:00-04:00,7599.5,7600.0,7599.25,7599.5,140
2026-07-13 05:22:00-04:00,7599.5,7600.25,7599.5,7600.25,68
2026-07-13 05:23:00-04:00,7600.0,7601.75,7600.0,7601.75,191
2026-07-13 05:24:00-04:00,7601.5,7601.75,7601.0,7601.0,154
2026-07-13 05:25:00-04:00,7601.0,7602.75,7601.0,7602.5,339
2026-07-13 05:26:00-04:00,7602.5,7603.0,7601.75,7602.25,259
2026-07-13 05:27:00-04:00,7602.25,7602.75,7601.75,7602.5,77
2026-07-13 05:28:00-04:00,7602.25,7602.75,7602.25,7602.5,58
2026-07-13 05:29:00-04:00,7602.75,7603.5,7602.5,7602.5,197
2026-07-13 05:30:00-04:00,7602.75,7603.5,7602.25,7603.25,135
2026-07-13 05:31:00-04:00,7603.25,7603.25,7601.25,7601.5,211
2026-07-13 05:32:00-04:00,7601.25,7602.25,7600.25,7602.0,248
2026-07-13 05:33:00-04:00,7602.0,7603.5,7602.0,7602.5,174
2026-07-13 05:34:00-04:00,7602.5,7602.5,7601.75,7602.5,77
2026-07-13 05:35:00-04:00,7602.0,7602.75,7602.0,7602.75,46
2026-07-13 05:36:00-04:00,7602.75,7603.25,7602.25,7603.0,117
2026-07-13 05:37:00-04:00,7603.0,7604.0,7602.75,7603.5,152
2026-07-13 05:38:00-04:00,7603.75,7603.75,7602.5,7602.75,92
2026-07-13 05:39:00-04:00,7602.5,7603.0,7602.0,7603.0,136
2026-07-13 05:40:00-04:00,7602.75,7603.25,7602.25,7602.75,53
2026-07-13 05:41:00-04:00,7602.75,7603.0,7602.5,7603.0,109
2026-07-13 05:42:00-04:00,7603.0,7603.0,7601.75,7601.75,106
2026-07-13 05:43:00-04:00,7602.0,7602.75,7602.0,7602.25,82
2026-07-13 05:44:00-04:00,7602.5,7603.25,7602.25,7602.75,199
2026-07-13 05:45:00-04:00,7602.75,7602.75,7602.0,7602.5,138
2026-07-13 05:46:00-04:00,7602.5,7602.5,7601.75,7602.0,81
2026-07-13 05:47:00-04:00,7601.75,7602.25,7601.5,7601.5,115
2026-07-13 05:48:00-04:00,7601.5,7601.75,7600.75,7601.75,141
2026-07-13 05:49:00-04:00,7601.75,7601.75,7600.75,7601.5,94
2026-07-13 05:50:00-04:00,7601.5,7601.75,7600.25,7600.5,280
2026-07-13 05:51:00-04:00,7600.5,7600.75,7600.0,7600.5,175
2026-07-13 05:52:00-04:00,7600.5,7600.75,7600.25,7600.25,55
2026-07-13 05:53:00-04:00,7600.25,7601.5,7600.25,7601.25,178
2026-07-13 05:54:00-04:00,7601.5,7601.75,7601.0,7601.25,142
2026-07-13 05:55:00-04:00,7601.0,7602.0,7601.0,7601.75,83
2026-07-13 05:56:00-04:00,7602.0,7602.0,7600.5,7601.0,183
2026-07-13 05:57:00-04:00,7601.0,7601.75,7601.0,7601.25,65
2026-07-13 05:58:00-04:00,7601.25,7601.5,7600.75,7601.0,46
2026-07-13 05:59:00-04:00,7601.25,7602.25,7600.5,7601.5,286
2026-07-13 06:00:00-04:00,7601.75,7602.0,7601.0,7601.5,106
2026-07-13 06:01:00-04:00,7601.5,7602.25,7600.5,7600.5,161
2026-07-13 06:02:00-04:00,7600.5,7600.75,7599.75,7599.75,206
2026-07-13 06:03:00-04:00,7599.75,7600.0,7599.0,7599.25,220
2026-07-13 06:04:00-04:00,7599.25,7600.75,7599.25,7600.5,139
2026-07-13 06:05:00-04:00,7600.75,7601.0,7598.75,7600.25,904
2026-07-13 06:06:00-04:00,7600.25,7600.5,7599.5,7599.75,121
2026-07-13 06:07:00-04:00,7599.75,7599.75,7598.5,7598.5,127
2026-07-13 06:08:00-04:00,7598.5,7599.75,7598.25,7599.5,112
2026-07-13 06:09:00-04:00,7599.5,7600.5,7598.75,7599.0,94
2026-07-13 06:10:00-04:00,7599.25,7599.25,7598.5,7598.75,99
2026-07-13 06:11:00-04:00,7598.75,7599.0,7598.25,7598.75,140
2026-07-13 06:12:00-04:00,7598.75,7598.75,7598.0,7598.0,158
2026-07-13 06:13:00-04:00,7598.25,7598.75,7598.0,7598.25,78
2026-07-13 06:14:00-04:00,7598.25,7599.25,7598.25,7599.25,37
2026-07-13 06:15:00-04:00,7599.25,7599.5,7599.0,7599.5,136
2026-07-13 06:16:00-04:00,7599.5,7600.5,7599.5,7600.0,172
2026-07-13 06:17:00-04:00,7600.0,7601.0,7600.0,7601.0,156
2026-07-13 06:18:00-04:00,7601.25,7601.75,7600.75,7600.75,222
2026-07-13 06:19:00-04:00,7600.5,7601.25,7600.5,7601.25,80
2026-07-13 06:20:00-04:00,7601.0,7601.25,7600.5,7601.25,116
2026-07-13 06:21:00-04:00,7601.25,7601.25,7600.5,7600.75,86
2026-07-13 06:22:00-04:00,7600.75,7601.0,7599.75,7600.0,75
2026-07-13 06:23:00-04:00,7599.75,7600.5,7599.75,7600.25,69
2026-07-13 06:24:00-04:00,7600.0,7600.25,7598.75,7598.75,102
2026-07-13 06:25:00-04:00,7599.0,7599.0,7598.75,7599.0,83
2026-07-13 06:26:00-04:00,7598.75,7599.0,7597.5,7597.5,222
2026-07-13 06:27:00-04:00,7597.75,7598.5,7597.5,7598.0,212
2026-07-13 06:28:00-04:00,7598.0,7598.25,7597.5,7598.0,158
2026-07-13 06:29:00-04:00,7598.0,7598.25,7597.5,7597.75,57
2026-07-13 06:30:00-04:00,7598.0,7598.5,7597.5,7598.0,181
2026-07-13 06:31:00-04:00,7598.0,7598.0,7597.25,7597.75,131
2026-07-13 06:32:00-04:00,7597.75,7598.75,7597.5,7598.75,66
2026-07-13 06:33:00-04:00,7598.75,7599.0,7598.25,7598.25,106
2026-07-13 06:34:00-04:00,7598.0,7598.25,7597.5,7597.5,70
2026-07-13 06:35:00-04:00,7597.75,7598.5,7597.75,7598.0,43
2026-07-13 06:36:00-04:00,7598.0,7598.75,7597.75,7598.75,37
2026-07-13 06:37:00-04:00,7598.25,7598.75,7598.25,7598.75,30
2026-07-13 06:38:00-04:00,7598.5,7599.25,7598.5,7598.75,70
2026-07-13 06:39:00-04:00,7599.0,7599.5,7598.75,7598.75,176
2026-07-13 06:40:00-04:00,7599.0,7599.5,7599.0,7599.0,45
2026-07-13 06:41:00-04:00,7599.0,7599.25,7597.75,7598.0,65
2026-07-13 06:42:00-04:00,7597.5,7597.5,7596.75,7597.5,133
2026-07-13 06:43:00-04:00,7597.0,7597.75,7597.0,7597.5,82
2026-07-13 06:44:00-04:00,7597.75,7597.75,7597.25,7597.5,40
2026-07-13 06:45:00-04:00,7597.25,7598.25,7597.25,7598.0,45
2026-07-13 06:46:00-04:00,7598.25,7598.25,7597.25,7597.5,159
2026-07-13 06:47:00-04:00,7597.5,7597.5,7597.0,7597.25,99
2026-07-13 06:48:00-04:00,7597.5,7599.0,7597.25,7599.0,176
2026-07-13 06:49:00-04:00,7599.0,7600.0,7598.25,7598.75,270
2026-07-13 06:50:00-04:00,7598.75,7599.25,7598.0,7599.0,187
2026-07-13 06:51:00-04:00,7599.0,7599.25,7598.5,7599.0,122
2026-07-13 06:52:00-04:00,7599.0,7599.0,7598.0,7598.75,62
2026-07-13 06:53:00-04:00,7598.5,7598.75,7598.0,7598.0,85
2026-07-13 06:54:00-04:00,7598.25,7599.25,7598.25,7598.5,69
2026-07-13 06:55:00-04:00,7598.5,7598.5,7597.25,7597.75,192
2026-07-13 06:56:00-04:00,7597.5,7598.0,7597.5,7597.75,101
2026-07-13 06:57:00-04:00,7597.5,7598.0,7597.5,7597.5,88
2026-07-13 06:58:00-04:00,7597.5,7597.75,7597.0,7597.25,68
2026-07-13 06:59:00-04:00,7597.5,7598.0,7597.25,7598.0,198
2026-07-13 07:00:00-04:00,7598.0,7602.0,7598.0,7601.0,926
2026-07-13 07:01:00-04:00,7600.75,7601.25,7599.75,7600.5,168
2026-07-13 07:02:00-04:00,7600.25,7600.75,7599.25,7600.25,170
2026-07-13 07:03:00-04:00,7600.5,7602.0,7600.25,7601.0,209
2026-07-13 07:04:00-04:00,7600.75,7601.5,7600.5,7600.5,110
2026-07-13 07:05:00-04:00,7600.5,7604.0,7599.75,7604.0,766
2026-07-13 07:06:00-04:00,7603.5,7604.75,7602.0,7602.25,651
2026-07-13 07:07:00-04:00,7602.25,7602.5,7601.75,7602.25,115
2026-07-13 07:08:00-04:00,7602.25,7602.5,7601.0,7601.25,126
2026-07-13 07:09:00-04:00,7601.0,7601.25,7599.75,7600.25,250
2026-07-13 07:10:00-04:00,7600.25,7600.5,7598.5,7598.75,271
2026-07-13 07:11:00-04:00,7598.75,7598.75,7597.0,7598.5,479
2026-07-13 07:12:00-04:00,7598.25,7598.75,7597.5,7598.25,156
2026-07-13 07:13:00-04:00,7598.25,7599.5,7598.0,7599.0,221
2026-07-13 07:14:00-04:00,7598.75,7599.5,7596.25,7597.75,581
2026-07-13 07:15:00-04:00,7597.5,7598.5,7597.0,7598.5,180
2026-07-13 07:16:00-04:00,7598.75,7599.25,7597.75,7599.25,167
2026-07-13 07:17:00-04:00,7599.0,7599.75,7598.5,7599.25,185
2026-07-13 07:18:00-04:00,7599.0,7599.0,7597.0,7597.25,150
2026-07-13 07:19:00-04:00,7597.25,7598.0,7596.25,7596.25,250
2026-07-13 07:20:00-04:00,7596.25,7596.5,7595.0,7595.25,441
2026-07-13 07:21:00-04:00,7595.25,7598.5,7595.25,7598.25,373
2026-07-13 07:22:00-04:00,7598.25,7598.25,7597.0,7597.25,150
2026-07-13 07:23:00-04:00,7597.5,7597.75,7597.0,7597.0,83
2026-07-13 07:24:00-04:00,7597.5,7598.25,7597.0,7598.0,92
2026-07-13 07:25:00-04:00,7597.75,7600.0,7597.5,7599.0,379
2026-07-13 07:26:00-04:00,7599.0,7599.75,7599.0,7599.5,137
2026-07-13 07:27:00-04:00,7599.75,7600.0,7599.0,7600.0,85
2026-07-13 07:28:00-04:00,7599.75,7600.5,7599.75,7600.5,169
2026-07-13 07:29:00-04:00,7600.25,7600.5,7599.5,7599.5,127
2026-07-13 07:30:00-04:00,7599.5,7600.5,7599.25,7600.25,99
2026-07-13 07:31:00-04:00,7600.25,7600.25,7597.25,7598.75,384
2026-07-13 07:32:00-04:00,7598.75,7600.25,7598.75,7599.75,155
2026-07-13 07:33:00-04:00,7599.75,7600.5,7598.0,7598.0,404
2026-07-13 07:34:00-04:00,7598.75,7601.5,7598.75,7601.25,484
2026-07-13 07:35:00-04:00,7601.25,7602.0,7600.5,7600.5,351
2026-07-13 07:36:00-04:00,7600.75,7601.0,7599.75,7599.75,166
2026-07-13 07:37:00-04:00,7599.75,7600.5,7599.25,7600.0,127
2026-07-13 07:38:00-04:00,7599.75,7600.0,7599.25,7600.0,62
2026-07-13 07:39:00-04:00,7599.75,7600.0,7599.0,7599.75,85
2026-07-13 07:40:00-04:00,7599.5,7600.25,7598.0,7598.5,255
2026-07-13 07:41:00-04:00,7598.5,7598.75,7598.25,7598.25,70
2026-07-13 07:42:00-04:00,7598.25,7599.0,7598.0,7598.5,123
2026-07-13 07:43:00-04:00,7598.75,7599.25,7598.75,7599.25,88
2026-07-13 07:44:00-04:00,7598.5,7599.0,7597.75,7597.75,53
2026-07-13 07:45:00-04:00,7598.0,7598.25,7597.25,7597.5,98
2026-07-13 07:46:00-04:00,7597.5,7597.75,7595.5,7596.25,347
2026-07-13 07:47:00-04:00,7596.25,7596.5,7594.5,7595.75,447
2026-07-13 07:48:00-04:00,7595.75,7596.25,7594.5,7595.0,549
2026-07-13 07:49:00-04:00,7595.0,7596.5,7595.0,7596.5,277
2026-07-13 07:50:00-04:00,7596.25,7596.75,7595.75,7596.5,172
2026-07-13 07:51:00-04:00,7596.5,7596.75,7595.75,7596.25,85
2026-07-13 07:52:00-04:00,7596.25,7596.5,7595.5,7595.5,126
2026-07-13 07:53:00-04:00,7595.5,7596.75,7594.75,7594.75,205
2026-07-13 07:54:00-04:00,7595.0,7595.0,7594.0,7594.0,332
2026-07-13 07:55:00-04:00,7594.0,7594.75,7593.0,7594.75,410
2026-07-13 07:56:00-04:00,7594.5,7595.0,7594.0,7594.0,159
2026-07-13 07:57:00-04:00,7594.0,7594.0,7592.0,7592.25,491
2026-07-13 07:58:00-04:00,7592.25,7593.25,7592.0,7593.0,333
2026-07-13 07:59:00-04:00,7593.25,7594.25,7593.0,7594.0,300
2026-07-13 08:00:00-04:00,7594.25,7595.5,7592.75,7593.0,521
2026-07-13 08:01:00-04:00,7593.0,7594.25,7592.0,7594.0,211
2026-07-13 08:02:00-04:00,7593.75,7594.25,7593.0,7593.0,199
2026-07-13 08:03:00-04:00,7593.0,7593.0,7591.75,7592.5,265
2026-07-13 08:04:00-04:00,7592.75,7593.5,7592.5,7593.25,165
2026-07-13 08:05:00-04:00,7593.0,7593.75,7592.75,7593.5,119
2026-07-13 08:06:00-04:00,7593.5,7594.25,7593.0,7593.25,155
2026-07-13 08:07:00-04:00,7593.5,7593.75,7591.75,7592.0,388
2026-07-13 08:08:00-04:00,7592.0,7594.0,7592.0,7593.5,445
2026-07-13 08:09:00-04:00,7593.75,7594.5,7593.0,7594.25,213
2026-07-13 08:10:00-04:00,7594.25,7598.0,7594.0,7597.25,1192
2026-07-13 08:11:00-04:00,7597.25,7598.25,7591.25,7591.5,1629
2026-07-13 08:12:00-04:00,7591.75,7592.0,7587.25,7590.75,1812
2026-07-13 08:13:00-04:00,7591.0,7593.25,7591.0,7593.0,452
2026-07-13 08:14:00-04:00,7593.0,7593.25,7591.25,7592.25,485
2026-07-13 08:15:00-04:00,7592.5,7593.25,7591.5,7592.25,257
2026-07-13 08:16:00-04:00,7592.0,7592.5,7590.25,7591.0,347
2026-07-13 08:17:00-04:00,7591.0,7592.75,7590.75,7591.5,216
2026-07-13 08:18:00-04:00,7591.5,7593.25,7591.25,7592.75,319
2026-07-13 08:19:00-04:00,7592.75,7593.25,7592.5,7593.0,141
2026-07-13 08:20:00-04:00,7592.5,7592.5,7590.25,7591.0,312
2026-07-13 08:21:00-04:00,7591.25,7591.75,7590.75,7591.0,198
2026-07-13 08:22:00-04:00,7591.5,7592.5,7591.25,7592.25,95
2026-07-13 08:23:00-04:00,7592.25,7592.25,7590.5,7590.75,209
2026-07-13 08:24:00-04:00,7590.75,7591.25,7590.0,7591.0,198
2026-07-13 08:25:00-04:00,7590.75,7591.5,7590.25,7591.25,232
2026-07-13 08:26:00-04:00,7591.25,7591.5,7590.5,7591.0,174
2026-07-13 08:27:00-04:00,7591.0,7591.0,7589.0,7589.75,227
2026-07-13 08:28:00-04:00,7589.5,7591.0,7589.5,7590.0,242
2026-07-13 08:29:00-04:00,7590.25,7590.25,7589.25,7589.5,162
2026-07-13 08:30:00-04:00,7589.5,7589.75,7586.75,7587.25,825
2026-07-13 08:31:00-04:00,7587.5,7587.5,7585.75,7586.75,621
2026-07-13 08:32:00-04:00,7586.75,7588.5,7586.0,7588.5,601
2026-07-13 08:33:00-04:00,7588.75,7588.75,7586.5,7587.75,230
2026-07-13 08:34:00-04:00,7587.75,7588.75,7587.5,7588.5,187
2026-07-13 08:35:00-04:00,7588.5,7588.5,7586.5,7587.5,192
2026-07-13 08:36:00-04:00,7588.0,7588.0,7585.75,7586.25,216
2026-07-13 08:37:00-04:00,7586.25,7588.25,7586.25,7586.75,283
2026-07-13 08:38:00-04:00,7587.0,7589.0,7586.75,7588.5,209
2026-07-13 08:39:00-04:00,7588.75,7589.0,7588.0,7588.75,208
2026-07-13 08:40:00-04:00,7588.75,7590.5,7588.5,7590.25,412
2026-07-13 08:41:00-04:00,7590.25,7590.5,7588.5,7589.5,207
2026-07-13 08:42:00-04:00,7589.75,7589.75,7587.75,7588.5,213
2026-07-13 08:43:00-04:00,7588.5,7589.75,7588.25,7589.5,100
2026-07-13 08:44:00-04:00,7589.5,7591.5,7589.5,7591.0,657
2026-07-13 08:45:00-04:00,7591.0,7591.75,7590.5,7591.5,230
2026-07-13 08:46:00-04:00,7591.75,7592.75,7591.75,7592.25,451
2026-07-13 08:47:00-04:00,7592.25,7593.75,7592.25,7593.5,342
2026-07-13 08:48:00-04:00,7593.5,7593.75,7593.0,7593.75,192
2026-07-13 08:49:00-04:00,7593.75,7595.0,7593.75,7594.75,373
2026-07-13 08:50:00-04:00,7594.5,7595.25,7594.25,7595.0,248
2026-07-13 08:51:00-04:00,7595.25,7595.75,7594.0,7595.0,533
2026-07-13 08:52:00-04:00,7595.25,7595.25,7593.0,7594.0,823
2026-07-13 08:53:00-04:00,7593.75,7595.0,7593.75,7594.0,170
2026-07-13 08:54:00-04:00,7594.0,7594.75,7594.0,7594.75,173
2026-07-13 08:55:00-04:00,7594.5,7595.5,7594.25,7594.5,239
2026-07-13 08:56:00-04:00,7594.75,7595.75,7594.5,7595.25,171
2026-07-13 08:57:00-04:00,7595.5,7596.0,7594.5,7595.25,210
2026-07-13 08:58:00-04:00,7595.5,7597.0,7595.25,7596.5,526
2026-07-13 08:59:00-04:00,7596.25,7597.25,7596.0,7597.0,436
2026-07-13 09:00:00-04:00,7597.0,7598.5,7596.25,7597.0,746
2026-07-13 09:01:00-04:00,7596.75,7598.0,7596.75,7597.75,202
2026-07-13 09:02:00-04:00,7597.75,7599.75,7597.5,7599.0,669
2026-07-13 09:03:00-04:00,7599.0,7599.25,7598.25,7598.25,263
2026-07-13 09:04:00-04:00,7598.25,7598.75,7598.25,7598.5,159
2026-07-13 09:05:00-04:00,7598.25,7599.25,7598.0,7598.25,347
2026-07-13 09:06:00-04:00,7598.5,7599.25,7597.25,7597.75,436
2026-07-13 09:07:00-04:00,7597.5,7598.5,7596.75,7598.5,372
2026-07-13 09:08:00-04:00,7598.25,7598.25,7596.25,7597.75,416
2026-07-13 09:09:00-04:00,7597.75,7597.75,7596.25,7596.5,277
2026-07-13 09:10:00-04:00,7596.75,7597.0,7595.25,7595.25,466
2026-07-13 09:11:00-04:00,7595.25,7596.25,7595.25,7595.75,488
2026-07-13 09:12:00-04:00,7596.0,7596.25,7595.5,7596.0,228
2026-07-13 09:13:00-04:00,7596.25,7597.0,7595.5,7596.25,343
2026-07-13 09:14:00-04:00,7596.5,7596.75,7596.0,7596.25,133
2026-07-13 09:15:00-04:00,7596.25,7596.25,7594.75,7595.25,314
2026-07-13 09:16:00-04:00,7595.25,7596.5,7595.0,7596.0,298
2026-07-13 09:17:00-04:00,7595.75,7596.25,7594.75,7595.0,568
2026-07-13 09:18:00-04:00,7595.0,7596.5,7594.5,7595.5,509
2026-07-13 09:19:00-04:00,7595.5,7595.75,7594.5,7594.75,232
2026-07-13 09:20:00-04:00,7594.5,7594.75,7593.75,7594.25,567
2026-07-13 09:21:00-04:00,7594.25,7595.25,7594.25,7594.75,277
2026-07-13 09:22:00-04:00,7594.75,7595.5,7594.75,7595.25,268
2026-07-13 09:23:00-04:00,7595.0,7595.25,7594.0,7594.5,192
2026-07-13 09:24:00-04:00,7594.25,7594.5,7593.75,7594.5,247
2026-07-13 09:25:00-04:00,7594.5,7596.75,7593.75,7595.25,852
2026-07-13 09:26:00-04:00,7595.25,7595.5,7594.0,7595.0,364
2026-07-13 09:27:00-04:00,7594.75,7595.0,7593.0,7593.0,838
2026-07-13 09:28:00-04:00,7593.25,7595.25,7593.25,7594.5,682
2026-07-13 09:29:00-04:00,7594.5,7595.75,7594.0,7595.5,775
2026-07-13 09:30:00-04:00,7595.5,7602.75,7594.5,7602.75,5856
2026-07-13 09:31:00-04:00,7602.5,7607.0,7601.0,7606.5,5377
2026-07-13 09:32:00-04:00,7606.5,7609.75,7605.25,7605.75,3808
2026-07-13 09:33:00-04:00,7605.75,7606.25,7602.5,7603.5,3597
2026-07-13 09:34:00-04:00,7603.5,7607.25,7602.75,7604.75,3174
2026-07-13 09:35:00-04:00,7604.75,7608.75,7604.75,7607.0,2960
2026-07-13 09:36:00-04:00,7607.25,7607.25,7604.5,7605.25,2320
2026-07-13 09:37:00-04:00,7605.0,7606.25,7602.0,7602.0,2950
2026-07-13 09:38:00-04:00,7602.25,7606.5,7601.0,7605.25,3137
2026-07-13 09:39:00-04:00,7605.25,7606.25,7603.0,7603.0,1595
2026-07-13 09:40:00-04:00,7603.0,7603.0,7596.5,7598.5,4724
2026-07-13 09:41:00-04:00,7598.75,7601.25,7597.25,7599.0,2869
2026-07-13 09:42:00-04:00,7599.0,7600.5,7596.5,7600.0,2338
2026-07-13 09:43:00-04:00,7600.0,7602.5,7597.25,7598.5,3116
2026-07-13 09:44:00-04:00,7598.25,7602.0,7598.0,7601.0,1941
2026-07-13 09:45:00-04:00,7601.25,7601.5,7593.5,7594.75,5395
2026-07-13 09:46:00-04:00,7595.0,7602.25,7594.75,7600.0,4091
2026-07-13 09:47:00-04:00,7600.0,7601.5,7598.0,7598.0,2024
2026-07-13 09:48:00-04:00,7598.25,7600.75,7597.5,7599.75,1432
2026-07-13 09:49:00-04:00,7599.75,7601.75,7597.0,7599.5,2173
2026-07-13 09:50:00-04:00,7599.75,7600.5,7596.75,7596.75,1580
2026-07-13 09:51:00-04:00,7597.25,7597.75,7590.75,7591.0,5697
2026-07-13 09:52:00-04:00,7591.0,7595.25,7590.25,7595.0,3370
2026-07-13 09:53:00-04:00,7595.0,7597.25,7591.5,7594.75,3211
2026-07-13 09:54:00-04:00,7594.75,7598.75,7594.25,7597.25,2581
2026-07-13 09:55:00-04:00,7597.0,7601.0,7595.0,7598.75,3079
2026-07-13 09:56:00-04:00,7598.75,7600.75,7597.0,7598.0,2178
2026-07-13 09:57:00-04:00,7598.25,7602.5,7597.5,7601.75,2469
2026-07-13 09:58:00-04:00,7601.75,7604.75,7601.75,7604.25,4177
2026-07-13 09:59:00-04:00,7604.0,7608.75,7603.5,7607.25,4445
2026-07-13 10:00:00-04:00,7607.25,7610.5,7606.75,7608.5,4445
2026-07-13 10:01:00-04:00,7608.75,7609.25,7604.25,7605.0,3605
2026-07-13 10:02:00-04:00,7604.75,7606.0,7598.5,7601.25,7116
2026-07-13 10:03:00-04:00,7601.5,7603.25,7598.75,7602.75,2637
2026-07-13 10:04:00-04:00,7602.5,7602.75,7597.25,7598.5,2785
2026-07-13 10:05:00-04:00,7598.75,7600.75,7595.5,7597.0,3356
2026-07-13 10:06:00-04:00,7597.25,7599.0,7595.5,7596.25,2065
2026-07-13 10:07:00-04:00,7596.0,7598.25,7593.5,7594.75,3057
2026-07-13 10:08:00-04:00,7594.75,7598.0,7594.0,7596.5,2137
2026-07-13 10:09:00-04:00,7596.75,7599.5,7595.75,7599.25,2225
2026-07-13 10:10:00-04:00,7599.25,7602.25,7597.25,7602.25,3079
2026-07-13 10:11:00-04:00,7602.25,7603.25,7600.5,7602.0,2120
2026-07-13 10:12:00-04:00,7602.0,7602.0,7598.25,7601.5,1778
2026-07-13 10:13:00-04:00,7601.75,7604.0,7601.25,7603.0,1957
2026-07-13 10:14:00-04:00,7603.0,7604.5,7602.0,7603.5,1238
2026-07-13 10:15:00-04:00,7603.75,7604.75,7602.0,7602.25,2006
2026-07-13 10:16:00-04:00,7602.0,7603.75,7573.0,7585.0,14523
2026-07-13 10:17:00-04:00,7585.25,7589.25,7575.25,7585.25,14249
2026-07-13 10:18:00-04:00,7585.5,7588.5,7580.25,7585.75,5930
2026-07-13 10:19:00-04:00,7585.75,7591.0,7584.75,7589.75,4016
2026-07-13 10:20:00-04:00,7590.0,7593.25,7587.25,7589.75,4376
2026-07-13 10:21:00-04:00,7590.0,7591.75,7585.0,7588.25,3359
2026-07-13 10:22:00-04:00,7588.5,7591.75,7586.75,7588.5,2239
2026-07-13 10:23:00-04:00,7588.5,7593.0,7586.25,7591.0,2427
2026-07-13 10:24:00-04:00,7591.0,7600.0,7591.0,7598.75,5187
2026-07-13 10:25:00-04:00,7598.5,7600.5,7596.0,7597.0,3709
2026-07-13 10:26:00-04:00,7597.0,7601.5,7596.75,7599.75,2581
2026-07-13 10:27:00-04:00,7599.75,7600.25,7597.25,7597.75,1916
2026-07-13 10:28:00-04:00,7597.75,7601.0,7596.5,7599.25,2221
2026-07-13 10:29:00-04:00,7599.25,7602.75,7599.25,7601.75,2096
2026-07-13 10:30:00-04:00,7601.75,7604.0,7600.25,7600.75,2696
2026-07-13 10:31:00-04:00,7600.75,7602.0,7598.5,7599.0,2343
2026-07-13 10:32:00-04:00,7599.25,7600.0,7597.75,7598.25,1774
2026-07-13 10:33:00-04:00,7598.25,7599.25,7596.5,7599.25,1722
2026-07-13 10:34:00-04:00,7599.25,7599.75,7597.25,7597.5,1022
2026-07-13 10:35:00-04:00,7597.5,7598.25,7594.0,7594.75,2390
2026-07-13 10:36:00-04:00,7594.75,7595.0,7592.25,7592.75,2392
2026-07-13 10:37:00-04:00,7592.5,7593.25,7590.75,7592.5,2285
2026-07-13 10:38:00-04:00,7592.5,7594.25,7591.75,7593.0,1686
2026-07-13 10:39:00-04:00,7593.0,7594.5,7591.75,7593.0,1388
2026-07-13 10:40:00-04:00,7593.0,7593.0,7587.5,7589.0,3354
2026-07-13 10:41:00-04:00,7589.25,7591.5,7587.5,7588.5,1992
2026-07-13 10:42:00-04:00,7588.5,7588.75,7585.5,7586.25,2495
2026-07-13 10:43:00-04:00,7586.25,7586.5,7583.5,7584.0,2575
2026-07-13 10:44:00-04:00,7584.0,7586.25,7583.25,7585.5,2086
2026-07-13 10:45:00-04:00,7586.0,7586.0,7581.75,7582.0,3013
2026-07-13 10:46:00-04:00,7582.25,7588.0,7580.5,7587.5,4012
2026-07-13 10:47:00-04:00,7587.75,7589.25,7586.0,7587.75,2426
2026-07-13 10:48:00-04:00,7588.0,7592.25,7587.5,7591.25,2764
2026-07-13 10:49:00-04:00,7591.25,7595.5,7591.0,7595.0,3600
2026-07-13 10:50:00-04:00,7595.0,7595.75,7592.75,7592.75,2866
2026-07-13 10:51:00-04:00,7593.0,7594.0,7590.5,7591.25,2179
2026-07-13 10:52:00-04:00,7591.25,7592.25,7586.75,7588.25,2680
2026-07-13 10:53:00-04:00,7588.5,7589.0,7586.0,7588.0,1638
2026-07-13 10:54:00-04:00,7587.75,7589.0,7586.75,7588.0,1027
2026-07-13 10:55:00-04:00,7588.0,7591.25,7586.25,7590.75,2024
2026-07-13 10:56:00-04:00,7591.0,7594.5,7590.25,7593.75,2225
2026-07-13 10:57:00-04:00,7593.5,7595.25,7592.0,7594.25,1581
2026-07-13 10:58:00-04:00,7594.0,7595.5,7593.0,7594.25,981
2026-07-13 10:59:00-04:00,7594.25,7599.0,7593.5,7598.5,2904
2026-07-13 11:00:00-04:00,7598.5,7601.25,7597.75,7600.5,3935
2026-07-13 11:01:00-04:00,7600.75,7601.5,7598.75,7599.5,2061
2026-07-13 11:02:00-04:00,7599.75,7600.0,7597.0,7598.25,1708
2026-07-13 11:03:00-04:00,7598.25,7598.25,7596.0,7597.5,1300
2026-07-13 11:04:00-04:00,7597.5,7598.75,7593.75,7594.5,1913
2026-07-13 11:05:00-04:00,7594.0,7594.75,7592.75,7594.5,1938
2026-07-13 11:06:00-04:00,7594.5,7597.5,7594.25,7595.5,1946
2026-07-13 11:07:00-04:00,7595.75,7596.25,7594.25,7594.5,897
2026-07-13 11:08:00-04:00,7594.75,7595.0,7592.5,7593.75,1579
2026-07-13 11:09:00-04:00,7594.0,7595.75,7592.5,7593.5,1520
2026-07-13 11:10:00-04:00,7593.75,7596.5,7592.25,7596.0,1421
2026-07-13 11:11:00-04:00,7596.0,7596.75,7593.5,7594.5,1228
2026-07-13 11:12:00-04:00,7594.25,7594.25,7592.0,7593.0,1748
2026-07-13 11:13:00-04:00,7593.0,7593.25,7590.5,7591.75,1758
2026-07-13 11:14:00-04:00,7591.75,7593.0,7590.25,7592.25,1290
2026-07-13 11:15:00-04:00,7592.0,7592.0,7589.75,7590.5,1170
2026-07-13 11:16:00-04:00,7590.5,7592.75,7590.25,7591.5,1019
2026-07-13 11:17:00-04:00,7591.75,7592.75,7590.5,7592.75,788
2026-07-13 11:18:00-04:00,7592.5,7594.25,7591.5,7592.0,1528
2026-07-13 11:19:00-04:00,7592.0,7594.0,7591.0,7593.5,793
2026-07-13 11:20:00-04:00,7593.25,7593.75,7591.75,7593.25,889
2026-07-13 11:21:00-04:00,7593.25,7594.0,7592.25,7593.5,735
2026-07-13 11:22:00-04:00,7593.25,7594.5,7592.5,7594.0,890
2026-07-13 11:23:00-04:00,7594.25,7596.5,7593.75,7595.75,1515
2026-07-13 11:24:00-04:00,7596.0,7597.0,7594.5,7595.5,1320
2026-07-13 11:25:00-04:00,7595.25,7595.75,7591.25,7591.5,1989
2026-07-13 11:26:00-04:00,7591.5,7592.75,7590.5,7591.5,905
2026-07-13 11:27:00-04:00,7591.25,7592.5,7591.0,7592.25,553
2026-07-13 11:28:00-04:00,7592.25,7594.0,7592.0,7593.0,637
2026-07-13 11:29:00-04:00,7593.0,7596.0,7593.0,7594.75,1189
2026-07-13 11:30:00-04:00,7595.0,7595.25,7590.75,7591.75,1347
2026-07-13 11:31:00-04:00,7592.0,7595.0,7591.75,7594.75,732
2026-07-13 11:32:00-04:00,7594.5,7596.5,7594.25,7595.25,1344
2026-07-13 11:33:00-04:00,7595.25,7595.25,7593.0,7593.5,891
2026-07-13 11:34:00-04:00,7593.75,7596.0,7591.75,7592.25,1157
2026-07-13 11:35:00-04:00,7592.5,7594.0,7590.0,7590.25,1202
2026-07-13 11:36:00-04:00,7590.5,7592.25,7589.25,7590.75,1371
2026-07-13 11:37:00-04:00,7590.5,7593.5,7590.5,7593.25,802
2026-07-13 11:38:00-04:00,7593.25,7593.25,7591.25,7592.0,518
2026-07-13 11:39:00-04:00,7592.0,7592.75,7590.5,7592.0,783
2026-07-13 11:40:00-04:00,7592.25,7592.5,7591.0,7592.25,412
2026-07-13 11:41:00-04:00,7592.5,7592.5,7589.5,7590.0,791
2026-07-13 11:42:00-04:00,7590.0,7591.5,7589.25,7590.0,1048
2026-07-13 11:43:00-04:00,7589.75,7590.5,7588.5,7589.25,871
2026-07-13 11:44:00-04:00,7589.0,7590.0,7587.75,7588.0,1071
2026-07-13 11:45:00-04:00,7588.0,7588.75,7586.5,7587.75,1557
2026-07-13 11:46:00-04:00,7587.75,7588.75,7586.25,7588.25,1192
2026-07-13 11:47:00-04:00,7588.25,7588.75,7587.0,7587.5,851
2026-07-13 11:48:00-04:00,7587.5,7588.5,7586.0,7586.75,904
2026-07-13 11:49:00-04:00,7586.5,7588.5,7585.75,7588.25,697
2026-07-13 11:50:00-04:00,7588.0,7588.75,7585.75,7586.25,1206
2026-07-13 11:51:00-04:00,7586.0,7586.25,7582.25,7583.0,2207
2026-07-13 11:52:00-04:00,7582.75,7585.75,7582.5,7585.25,1409
2026-07-13 11:53:00-04:00,7585.5,7588.25,7584.75,7588.0,1336
2026-07-13 11:54:00-04:00,7588.0,7588.25,7585.5,7586.5,1095
2026-07-13 11:55:00-04:00,7586.75,7586.75,7584.5,7585.25,796
2026-07-13 11:56:00-04:00,7585.0,7585.5,7583.25,7584.0,961
2026-07-13 11:57:00-04:00,7583.75,7584.25,7582.0,7584.25,1152
2026-07-13 11:58:00-04:00,7584.25,7585.0,7582.75,7583.0,1022
2026-07-13 11:59:00-04:00,7583.0,7583.75,7581.75,7583.25,1180
2026-07-13 12:00:00-04:00,7583.25,7583.75,7580.5,7581.5,1676
2026-07-13 12:01:00-04:00,7581.25,7583.75,7581.0,7583.25,1460
2026-07-13 12:02:00-04:00,7583.25,7584.0,7581.25,7583.75,1032
2026-07-13 12:03:00-04:00,7584.0,7585.75,7583.25,7584.25,1509
2026-07-13 12:04:00-04:00,7584.25,7585.0,7582.25,7582.5,654
2026-07-13 12:05:00-04:00,7582.5,7583.25,7581.5,7582.0,1014
2026-07-13 12:06:00-04:00,7581.75,7583.75,7581.75,7583.75,682
2026-07-13 12:07:00-04:00,7583.5,7584.5,7582.75,7583.75,583
2026-07-13 12:08:00-04:00,7583.5,7586.0,7583.5,7585.5,1548
2026-07-13 12:09:00-04:00,7585.25,7586.0,7583.75,7585.75,941
2026-07-13 12:10:00-04:00,7586.0,7589.25,7585.5,7588.25,2688
2026-07-13 12:11:00-04:00,7588.25,7588.5,7587.0,7587.25,673
2026-07-13 12:12:00-04:00,7587.25,7587.75,7584.25,7585.5,1706
2026-07-13 12:13:00-04:00,7585.5,7586.25,7584.5,7585.25,818
2026-07-13 12:14:00-04:00,7585.5,7586.0,7583.25,7585.5,1284
2026-07-13 12:15:00-04:00,7585.25,7585.5,7582.5,7583.25,1057
2026-07-13 12:16:00-04:00,7583.0,7583.25,7579.5,7580.25,3259
2026-07-13 12:17:00-04:00,7580.25,7580.75,7578.5,7580.75,1718
2026-07-13 12:18:00-04:00,7580.75,7580.75,7577.75,7578.5,1542
2026-07-13 12:19:00-04:00,7578.5,7580.25,7577.75,7579.5,1254
2026-07-13 12:20:00-04:00,7579.75,7579.75,7578.0,7579.25,800
2026-07-13 12:21:00-04:00,7579.25,7580.25,7578.0,7578.25,903
2026-07-13 12:22:00-04:00,7578.25,7579.0,7578.0,7578.5,599
2026-07-13 12:23:00-04:00,7578.5,7579.5,7577.5,7578.5,893
2026-07-13 12:24:00-04:00,7578.75,7579.0,7577.0,7577.5,1353
2026-07-13 12:25:00-04:00,7577.5,7578.0,7576.0,7576.0,1550
2026-07-13 12:26:00-04:00,7576.0,7576.25,7573.0,7574.5,3685
2026-07-13 12:27:00-04:00,7574.75,7574.75,7572.25,7574.0,1584
2026-07-13 12:28:00-04:00,7574.25,7576.5,7574.25,7575.25,2124
2026-07-13 12:29:00-04:00,7575.25,7575.5,7570.25,7573.75,3796
2026-07-13 12:30:00-04:00,7574.0,7574.0,7568.25,7569.25,4207
2026-07-13 12:31:00-04:00,7569.0,7571.0,7566.75,7570.0,3838
2026-07-13 12:32:00-04:00,7570.25,7571.0,7568.75,7569.5,1807
2026-07-13 12:33:00-04:00,7569.25,7570.5,7567.25,7569.0,1662
2026-07-13 12:34:00-04:00,7569.25,7569.25,7567.0,7567.0,1396
2026-07-13 12:35:00-04:00,7567.25,7568.0,7561.75,7562.75,5189
2026-07-13 12:36:00-04:00,7563.0,7564.5,7560.0,7563.0,4592
2026-07-13 12:37:00-04:00,7563.0,7565.25,7562.0,7563.75,2419
2026-07-13 12:38:00-04:00,7563.5,7569.0,7562.75,7569.0,3485
2026-07-13 12:39:00-04:00,7569.0,7573.75,7568.75,7571.0,4111
2026-07-13 12:40:00-04:00,7571.0,7572.25,7566.75,7567.0,2346
2026-07-13 12:41:00-04:00,7567.0,7573.25,7567.0,7573.25,1965
2026-07-13 12:42:00-04:00,7573.0,7574.5,7572.0,7574.5,2271
2026-07-13 12:43:00-04:00,7574.25,7576.25,7573.5,7576.0,2654
2026-07-13 12:44:00-04:00,7575.75,7576.25,7572.75,7575.0,1669
2026-07-13 12:45:00-04:00,7575.0,7578.0,7574.75,7576.25,2524
2026-07-13 12:46:00-04:00,7576.0,7577.5,7575.25,7577.25,1182
2026-07-13 12:47:00-04:00,7577.5,7578.0,7573.75,7574.25,1808
2026-07-13 12:48:00-04:00,7574.25,7574.25,7571.5,7572.5,2100
2026-07-13 12:49:00-04:00,7572.75,7573.5,7570.75,7571.25,1354
2026-07-13 12:50:00-04:00,7571.25,7571.75,7563.5,7566.25,5501
2026-07-13 12:51:00-04:00,7566.5,7568.25,7566.25,7567.5,1663
2026-07-13 12:52:00-04:00,7567.25,7570.5,7566.75,7569.75,1762
2026-07-13 12:53:00-04:00,7569.5,7569.5,7567.75,7568.0,1072
2026-07-13 12:54:00-04:00,7567.75,7568.25,7565.5,7565.75,1176
2026-07-13 12:55:00-04:00,7565.5,7567.25,7564.0,7567.25,1977
2026-07-13 12:56:00-04:00,7567.25,7569.25,7567.0,7569.0,1594
2026-07-13 12:57:00-04:00,7568.75,7572.25,7567.5,7572.0,1857
2026-07-13 12:58:00-04:00,7572.0,7572.75,7569.75,7570.5,1470
2026-07-13 12:59:00-04:00,7570.5,7571.25,7568.25,7570.0,1378
2026-07-13 13:00:00-04:00,7570.25,7573.75,7568.75,7573.75,2095
2026-07-13 13:01:00-04:00,7574.0,7574.5,7572.25,7572.75,1477
2026-07-13 13:02:00-04:00,7572.5,7573.25,7570.75,7571.25,1454
2026-07-13 13:03:00-04:00,7571.25,7573.75,7570.75,7572.5,987
2026-07-13 13:04:00-04:00,7572.5,7573.25,7569.75,7569.75,1072
2026-07-13 13:05:00-04:00,7569.75,7572.75,7569.25,7571.75,992
2026-07-13 13:06:00-04:00,7571.5,7573.5,7571.25,7572.5,1508
2026-07-13 13:07:00-04:00,7572.5,7575.5,7572.0,7575.0,1284
2026-07-13 13:08:00-04:00,7574.75,7575.5,7573.5,7574.25,913
2026-07-13 13:09:00-04:00,7574.0,7576.5,7574.0,7575.75,1123
2026-07-13 13:10:00-04:00,7575.5,7578.0,7575.25,7575.25,2374
2026-07-13 13:11:00-04:00,7575.25,7576.5,7574.0,7575.0,1234
2026-07-13 13:12:00-04:00,7575.0,7576.0,7573.0,7574.25,894
2026-07-13 13:13:00-04:00,7574.0,7575.25,7572.75,7573.0,861
2026-07-13 13:14:00-04:00,7572.75,7573.0,7570.75,7572.0,1436
2026-07-13 13:15:00-04:00,7572.0,7572.25,7569.5,7569.5,1288
2026-07-13 13:16:00-04:00,7569.5,7571.0,7568.25,7570.75,1549
2026-07-13 13:17:00-04:00,7570.75,7573.25,7569.75,7572.0,1804
2026-07-13 13:18:00-04:00,7572.0,7574.0,7571.5,7573.75,936
2026-07-13 13:19:00-04:00,7573.75,7574.5,7572.75,7573.25,557
2026-07-13 13:20:00-04:00,7573.0,7573.25,7571.25,7572.75,695
2026-07-13 13:21:00-04:00,7573.0,7574.0,7571.5,7574.0,521
2026-07-13 13:22:00-04:00,7573.75,7575.0,7573.0,7573.0,1018
2026-07-13 13:23:00-04:00,7573.0,7573.5,7571.75,7572.25,550
2026-07-13 13:24:00-04:00,7572.0,7572.5,7568.25,7568.75,1574
2026-07-13 13:25:00-04:00,7568.75,7569.25,7566.75,7567.0,1447
2026-07-13 13:26:00-04:00,7567.25,7568.25,7566.75,7568.0,636
2026-07-13 13:27:00-04:00,7567.5,7570.5,7567.25,7569.5,1110
2026-07-13 13:28:00-04:00,7569.75,7571.25,7569.5,7571.25,834
2026-07-13 13:29:00-04:00,7571.0,7571.25,7568.5,7569.75,688
2026-07-13 13:30:00-04:00,7569.75,7571.25,7569.0,7570.75,853
2026-07-13 13:31:00-04:00,7570.5,7570.5,7568.0,7570.0,765
2026-07-13 13:32:00-04:00,7570.0,7571.5,7569.25,7571.25,722
2026-07-13 13:33:00-04:00,7571.25,7572.75,7570.25,7570.75,1155
2026-07-13 13:34:00-04:00,7570.75,7571.75,7569.75,7570.75,449
2026-07-13 13:35:00-04:00,7571.0,7571.0,7568.25,7569.75,879
2026-07-13 13:36:00-04:00,7569.5,7570.5,7567.75,7568.75,559
2026-07-13 13:37:00-04:00,7568.75,7569.5,7568.25,7568.5,507
2026-07-13 13:38:00-04:00,7568.75,7569.25,7567.75,7568.5,584
2026-07-13 13:39:00-04:00,7568.25,7568.5,7565.75,7568.5,1413
2026-07-13 13:40:00-04:00,7568.25,7568.5,7566.25,7566.75,673
2026-07-13 13:41:00-04:00,7566.5,7570.75,7566.5,7570.0,1250
2026-07-13 13:42:00-04:00,7569.75,7571.0,7569.0,7570.0,1369
2026-07-13 13:43:00-04:00,7570.0,7573.0,7569.75,7572.0,1141
2026-07-13 13:44:00-04:00,7572.0,7572.25,7570.75,7571.5,569
2026-07-13 13:45:00-04:00,7571.5,7574.25,7571.5,7573.25,1277
2026-07-13 13:46:00-04:00,7573.25,7573.75,7570.25,7571.5,1193
2026-07-13 13:47:00-04:00,7571.25,7572.5,7570.0,7570.25,698
2026-07-13 13:48:00-04:00,7570.5,7571.0,7568.25,7568.75,1012
2026-07-13 13:49:00-04:00,7569.0,7569.0,7567.5,7568.0,729
2026-07-13 13:50:00-04:00,7568.0,7569.0,7565.0,7566.5,1543
2026-07-13 13:51:00-04:00,7566.5,7566.75,7564.5,7565.75,1004
2026-07-13 13:52:00-04:00,7565.5,7567.5,7563.75,7567.0,1357
2026-07-13 13:53:00-04:00,7567.0,7567.75,7563.5,7564.5,1222
2026-07-13 13:54:00-04:00,7564.5,7566.75,7564.0,7566.25,1268
2026-07-13 13:55:00-04:00,7566.0,7567.0,7564.75,7565.75,946
2026-07-13 13:56:00-04:00,7566.0,7566.0,7563.5,7564.25,849
2026-07-13 13:57:00-04:00,7564.0,7566.5,7563.5,7564.5,883
2026-07-13 13:58:00-04:00,7564.5,7565.25,7563.5,7564.75,585
2026-07-13 13:59:00-04:00,7564.75,7565.0,7563.0,7563.75,1422
2026-07-13 14:00:00-04:00,7563.75,7569.0,7563.0,7567.75,2387
2026-07-13 14:01:00-04:00,7567.75,7569.5,7567.0,7568.25,1393
2026-07-13 14:02:00-04:00,7568.0,7570.5,7567.25,7568.0,1546
2026-07-13 14:03:00-04:00,7567.75,7568.75,7567.0,7568.75,799
2026-07-13 14:04:00-04:00,7568.5,7569.75,7567.5,7568.0,560
2026-07-13 14:05:00-04:00,7568.0,7573.0,7567.5,7572.5,1770
2026-07-13 14:06:00-04:00,7572.5,7573.5,7570.75,7571.5,1547
2026-07-13 14:07:00-04:00,7571.75,7571.75,7570.0,7571.25,985
2026-07-13 14:08:00-04:00,7571.25,7571.5,7570.0,7570.25,456
2026-07-13 14:09:00-04:00,7570.0,7570.5,7567.25,7567.75,1149
2026-07-13 14:10:00-04:00,7568.0,7568.0,7564.75,7564.75,1347
2026-07-13 14:11:00-04:00,7564.75,7565.0,7562.75,7564.75,1565
2026-07-13 14:12:00-04:00,7565.0,7565.75,7564.25,7565.5,718
2026-07-13 14:13:00-04:00,7565.5,7568.5,7565.25,7568.25,1078
2026-07-13 14:14:00-04:00,7568.5,7569.75,7567.0,7569.25,1198
2026-07-13 14:15:00-04:00,7569.0,7569.75,7566.5,7567.5,793
2026-07-13 14:16:00-04:00,7567.5,7568.0,7566.25,7566.25,500
2026-07-13 14:17:00-04:00,7566.25,7567.5,7565.75,7566.0,609
2026-07-13 14:18:00-04:00,7566.0,7566.0,7563.25,7563.5,943
2026-07-13 14:19:00-04:00,7563.25,7564.0,7561.75,7563.5,1745
2026-07-13 14:20:00-04:00,7563.5,7564.25,7561.75,7563.25,1255
2026-07-13 14:21:00-04:00,7563.5,7564.75,7563.25,7564.25,1004
2026-07-13 14:22:00-04:00,7564.5,7565.25,7562.75,7563.0,766
2026-07-13 14:23:00-04:00,7563.0,7564.25,7562.25,7564.25,697
2026-07-13 14:24:00-04:00,7564.5,7566.75,7563.0,7566.25,1280
2026-07-13 14:25:00-04:00,7566.0,7567.0,7563.0,7566.0,1060
2026-07-13 14:26:00-04:00,7565.75,7567.0,7564.5,7564.5,698
2026-07-13 14:27:00-04:00,7564.75,7565.75,7564.25,7564.75,603
2026-07-13 14:28:00-04:00,7564.75,7565.5,7563.75,7564.25,922
2026-07-13 14:29:00-04:00,7564.25,7565.25,7563.25,7563.75,530
2026-07-13 14:30:00-04:00,7563.75,7563.75,7561.0,7561.25,1487
2026-07-13 14:31:00-04:00,7561.5,7565.25,7561.0,7565.25,1269
2026-07-13 14:32:00-04:00,7565.25,7566.5,7564.25,7565.25,1016
2026-07-13 14:33:00-04:00,7565.0,7566.75,7564.5,7565.75,834
2026-07-13 14:34:00-04:00,7566.0,7566.0,7563.5,7563.5,797
2026-07-13 14:35:00-04:00,7563.5,7566.75,7563.25,7566.25,920
2026-07-13 14:36:00-04:00,7566.25,7567.25,7564.75,7566.25,905
2026-07-13 14:37:00-04:00,7566.0,7568.0,7565.5,7567.5,698
2026-07-13 14:38:00-04:00,7567.5,7569.0,7567.25,7568.0,1639
2026-07-13 14:39:00-04:00,7568.0,7568.5,7566.25,7568.0,1142
2026-07-13 14:40:00-04:00,7568.25,7570.25,7567.0,7569.75,1221
2026-07-13 14:41:00-04:00,7569.75,7570.5,7568.75,7570.0,1332
2026-07-13 14:42:00-04:00,7569.75,7570.75,7569.5,7570.5,937
2026-07-13 14:43:00-04:00,7570.75,7572.25,7569.5,7570.0,1304
2026-07-13 14:44:00-04:00,7569.75,7570.25,7568.75,7570.0,680
2026-07-13 14:45:00-04:00,7570.25,7570.75,7568.0,7569.0,2120
2026-07-13 14:46:00-04:00,7568.75,7570.0,7567.5,7568.25,1023
2026-07-13 14:47:00-04:00,7568.25,7569.0,7567.5,7567.75,568
2026-07-13 14:48:00-04:00,7567.75,7568.5,7566.75,7567.0,836
2026-07-13 14:49:00-04:00,7567.25,7569.5,7567.0,7569.25,734
2026-07-13 14:50:00-04:00,7569.0,7569.5,7566.75,7568.25,729
2026-07-13 14:51:00-04:00,7568.5,7571.0,7568.25,7570.0,1060
2026-07-13 14:52:00-04:00,7570.0,7571.5,7569.75,7570.5,769
2026-07-13 14:53:00-04:00,7570.75,7571.0,7569.0,7570.5,482
2026-07-13 14:54:00-04:00,7570.75,7572.25,7569.25,7569.5,831
2026-07-13 14:55:00-04:00,7569.5,7570.75,7568.5,7568.75,776
2026-07-13 14:56:00-04:00,7569.0,7570.5,7568.5,7570.0,605
2026-07-13 14:57:00-04:00,7569.75,7570.25,7568.75,7569.5,546
2026-07-13 14:58:00-04:00,7569.5,7570.0,7566.5,7566.75,1028
2026-07-13 14:59:00-04:00,7567.0,7567.5,7566.0,7567.25,891
2026-07-13 15:00:00-04:00,7567.25,7568.0,7563.25,7564.75,2082
2026-07-13 15:01:00-04:00,7564.5,7568.0,7564.0,7567.5,1082
2026-07-13 15:02:00-04:00,7567.75,7569.75,7567.25,7569.5,1148
2026-07-13 15:03:00-04:00,7569.25,7570.5,7568.5,7569.0,1008
2026-07-13 15:04:00-04:00,7569.0,7570.25,7568.75,7570.25,393
2026-07-13 15:05:00-04:00,7570.25,7570.5,7569.25,7570.0,447
2026-07-13 15:06:00-04:00,7570.0,7571.25,7568.0,7568.0,982
2026-07-13 15:07:00-04:00,7568.0,7568.75,7567.0,7567.25,629
2026-07-13 15:08:00-04:00,7567.25,7569.25,7567.0,7568.5,549
2026-07-13 15:09:00-04:00,7568.25,7568.5,7566.25,7566.5,583
2026-07-13 15:10:00-04:00,7566.5,7566.75,7564.0,7564.5,1378
2026-07-13 15:11:00-04:00,7564.5,7564.75,7563.0,7563.5,1147
2026-07-13 15:12:00-04:00,7563.5,7564.0,7562.75,7562.75,833
2026-07-13 15:13:00-04:00,7563.0,7564.5,7562.25,7564.0,1254
2026-07-13 15:14:00-04:00,7564.0,7565.25,7563.0,7564.25,969
2026-07-13 15:15:00-04:00,7564.25,7564.25,7562.25,7563.5,1005
2026-07-13 15:16:00-04:00,7563.5,7564.75,7563.0,7563.5,594
2026-07-13 15:17:00-04:00,7563.5,7564.75,7563.0,7564.5,589
2026-07-13 15:18:00-04:00,7564.25,7564.75,7563.25,7564.25,504
2026-07-13 15:19:00-04:00,7564.25,7565.75,7563.75,7563.75,850
2026-07-13 15:20:00-04:00,7564.0,7564.25,7562.0,7563.5,1009
2026-07-13 15:21:00-04:00,7563.25,7564.0,7562.5,7563.25,464
2026-07-13 15:22:00-04:00,7563.0,7563.25,7560.25,7562.0,1783
2026-07-13 15:23:00-04:00,7562.25,7563.25,7557.75,7559.75,5048
2026-07-13 15:24:00-04:00,7559.75,7561.0,7559.25,7560.5,1200
2026-07-13 15:25:00-04:00,7560.5,7560.75,7558.0,7559.25,1069
2026-07-13 15:26:00-04:00,7559.0,7559.5,7556.5,7557.25,1691
2026-07-13 15:27:00-04:00,7557.25,7557.25,7555.5,7555.5,2088
2026-07-13 15:28:00-04:00,7555.5,7557.5,7554.25,7557.0,2445
2026-07-13 15:29:00-04:00,7557.0,7557.25,7553.25,7554.75,4061
2026-07-13 15:30:00-04:00,7555.0,7557.5,7554.0,7556.25,3073
2026-07-13 15:31:00-04:00,7556.25,7557.25,7555.25,7557.0,666
2026-07-13 15:33:00-04:00,7557.75,7558.0,7557.75,7558.0,5139
2026-07-13 15:34:00-04:00,7558.0,7558.0,7556.25,7558.0,654
2026-07-13 15:35:00-04:00,7557.75,7557.75,7554.0,7555.25,1448
2026-07-13 15:36:00-04:00,7555.25,7555.25,7552.5,7554.0,1869
2026-07-13 15:37:00-04:00,7554.0,7555.25,7553.0,7554.5,856
2026-07-13 15:38:00-04:00,7554.75,7555.25,7551.5,7552.75,2476
2026-07-13 15:39:00-04:00,7552.75,7554.0,7552.25,7554.0,776
2026-07-13 15:40:00-04:00,7554.0,7556.5,7553.0,7556.0,1433
2026-07-13 15:41:00-04:00,7556.0,7556.75,7555.0,7556.5,1147
2026-07-13 15:42:00-04:00,7556.75,7558.5,7556.25,7558.25,1212
2026-07-13 15:43:00-04:00,7558.25,7560.75,7558.25,7560.5,1786
2026-07-13 15:44:00-04:00,7560.75,7561.5,7559.75,7561.25,1304
2026-07-13 15:45:00-04:00,7561.25,7562.25,7558.75,7559.25,1708
2026-07-13 15:46:00-04:00,7559.25,7559.5,7557.75,7558.5,1058
2026-07-13 15:47:00-04:00,7558.25,7559.0,7557.5,7558.5,774
2026-07-13 15:48:00-04:00,7558.25,7560.75,7558.25,7560.75,975
2026-07-13 15:49:00-04:00,7560.75,7561.75,7560.25,7560.75,1179
2026-07-13 15:50:00-04:00,7560.75,7564.5,7559.75,7563.75,4035
2026-07-13 15:51:00-04:00,7563.75,7565.75,7562.75,7565.25,1933
2026-07-13 15:52:00-04:00,7565.5,7566.0,7564.25,7565.75,1620
2026-07-13 15:53:00-04:00,7565.5,7566.25,7563.5,7564.75,2464
2026-07-13 15:54:00-04:00,7564.75,7566.0,7562.0,7562.5,3472
2026-07-13 15:55:00-04:00,7562.5,7566.0,7561.5,7565.75,2298
2026-07-13 15:56:00-04:00,7565.5,7566.0,7563.75,7565.75,960
2026-07-13 15:57:00-04:00,7565.75,7567.25,7565.75,7566.75,1339
2026-07-13 15:58:00-04:00,7566.75,7568.25,7565.5,7568.25,1667
2026-07-13 15:59:00-04:00,7568.0,7568.25,7561.25,7563.25,8236
2026-07-13 16:00:00-04:00,7563.0,7563.5,7558.75,7560.75,3281
2026-07-13 16:01:00-04:00,7560.75,7562.25,7560.0,7562.0,850
2026-07-13 16:02:00-04:00,7562.25,7562.5,7560.0,7560.5,475
2026-07-13 16:03:00-04:00,7560.75,7561.0,7560.0,7560.5,292
2026-07-13 16:04:00-04:00,7560.75,7562.0,7560.25,7561.5,350
2026-07-13 16:05:00-04:00,7561.25,7562.5,7561.0,7562.0,470
2026-07-13 16:06:00-04:00,7562.25,7563.25,7561.0,7561.0,518
2026-07-13 16:07:00-04:00,7561.0,7562.25,7560.5,7561.75,385
2026-07-13 16:08:00-04:00,7561.75,7562.25,7561.25,7562.0,319
2026-07-13 16:09:00-04:00,7562.0,7562.5,7559.75,7561.0,864
2026-07-13 16:10:00-04:00,7561.0,7561.5,7557.5,7559.25,1274
2026-07-13 16:11:00-04:00,7559.5,7560.25,7558.0,7560.0,500
2026-07-13 16:12:00-04:00,7559.75,7560.75,7559.5,7560.0,392
2026-07-13 16:13:00-04:00,7560.0,7560.5,7559.0,7559.5,227
2026-07-13 16:14:00-04:00,7559.25,7560.25,7558.75,7559.5,363
2026-07-13 16:15:00-04:00,7559.75,7559.75,7552.75,7552.75,1884
2026-07-13 16:16:00-04:00,7552.75,7553.25,7550.75,7552.0,1358
2026-07-13 16:17:00-04:00,7552.25,7552.5,7547.0,7552.25,3178
2026-07-13 16:18:00-04:00,7552.25,7553.25,7551.25,7552.75,518
2026-07-13 16:19:00-04:00,7552.5,7553.25,7552.25,7553.25,333
2026-07-13 16:20:00-04:00,7553.25,7554.75,7553.25,7554.25,555
2026-07-13 16:21:00-04:00,7554.25,7554.25,7553.0,7554.0,269
2026-07-13 16:22:00-04:00,7554.0,7555.25,7554.0,7554.5,324
2026-07-13 16:23:00-04:00,7554.5,7555.5,7554.25,7555.0,287
2026-07-13 16:24:00-04:00,7555.0,7555.75,7554.25,7554.75,371
2026-07-13 16:25:00-04:00,7555.0,7555.5,7555.0,7555.0,104
2026-07-13 16:26:00-04:00,7555.25,7555.5,7554.5,7555.25,173
2026-07-13 16:27:00-04:00,7555.5,7555.5,7554.75,7555.25,116
2026-07-13 16:28:00-04:00,7555.5,7555.75,7555.0,7555.75,146
2026-07-13 16:29:00-04:00,7555.5,7556.75,7555.5,7555.75,189
2026-07-13 16:30:00-04:00,7555.75,7555.75,7553.5,7553.5,315
2026-07-13 16:31:00-04:00,7553.75,7554.5,7553.5,7553.75,150
2026-07-13 16:32:00-04:00,7553.75,7554.0,7552.75,7553.0,190
2026-07-13 16:33:00-04:00,7553.0,7554.0,7553.0,7554.0,159
2026-07-13 16:34:00-04:00,7554.0,7555.0,7554.0,7554.5,287
2026-07-13 16:35:00-04:00,7554.75,7554.75,7553.75,7554.25,169
2026-07-13 16:36:00-04:00,7554.5,7554.75,7554.0,7554.5,112
2026-07-13 16:37:00-04:00,7554.5,7554.75,7554.25,7554.75,47
2026-07-13 16:38:00-04:00,7554.5,7554.75,7554.0,7554.25,47
2026-07-13 16:39:00-04:00,7554.75,7554.75,7554.5,7554.5,54
2026-07-13 16:40:00-04:00,7554.5,7555.0,7553.5,7553.5,173
2026-07-13 16:41:00-04:00,7553.5,7554.0,7553.0,7553.5,150
2026-07-13 16:42:00-04:00,7554.0,7554.0,7553.5,7553.75,83
2026-07-13 16:43:00-04:00,7554.0,7554.75,7553.75,7554.5,141
2026-07-13 16:44:00-04:00,7554.75,7555.25,7553.25,7554.25,638
2026-07-13 16:45:00-04:00,7554.0,7554.5,7553.25,7553.5,271
2026-07-13 16:46:00-04:00,7554.0,7554.25,7553.0,7553.25,215
2026-07-13 16:47:00-04:00,7553.25,7554.0,7552.75,7553.5,219
2026-07-13 16:48:00-04:00,7553.0,7554.0,7553.0,7553.25,176
2026-07-13 16:49:00-04:00,7553.25,7553.75,7553.0,7553.5,184
2026-07-13 16:50:00-04:00,7553.75,7554.0,7552.5,7552.5,119
2026-07-13 16:51:00-04:00,7552.5,7552.75,7552.0,7552.5,276
2026-07-13 16:52:00-04:00,7552.5,7552.75,7552.0,7552.5,129
2026-07-13 16:53:00-04:00,7552.75,7553.5,7552.75,7553.0,88
2026-07-13 16:54:00-04:00,7553.0,7554.5,7552.75,7554.25,296
2026-07-13 16:55:00-04:00,7554.25,7555.0,7553.5,7555.0,324
2026-07-13 16:56:00-04:00,7555.0,7555.25,7554.25,7555.25,173
2026-07-13 16:57:00-04:00,7555.0,7555.25,7553.75,7554.25,118
2026-07-13 16:58:00-04:00,7554.5,7555.0,7553.75,7554.75,252
2026-07-13 16:59:00-04:00,7554.75,7554.75,7553.0,7553.75,268
2026-07-13 18:00:00-04:00,7558.25,7563.0,7554.5,7562.0,0
2026-07-13 18:01:00-04:00,7561.75,7563.5,7560.75,7561.5,455
2026-07-13 18:02:00-04:00,7561.0,7562.25,7559.75,7560.5,220
2026-07-13 18:03:00-04:00,7560.75,7561.25,7557.5,7559.0,379
2026-07-13 18:04:00-04:00,7559.0,7559.5,7557.5,7558.5,324
2026-07-13 18:05:00-04:00,7558.25,7562.0,7558.25,7561.25,510
2026-07-13 18:06:00-04:00,7561.5,7561.75,7559.5,7559.5,235
2026-07-13 18:07:00-04:00,7560.0,7560.5,7558.25,7559.75,215
2026-07-13 18:08:00-04:00,7559.75,7559.75,7558.25,7558.5,111
2026-07-13 18:09:00-04:00,7558.5,7560.25,7558.0,7559.0,199
2026-07-13 18:10:00-04:00,7559.5,7559.75,7558.0,7559.0,162
2026-07-13 18:11:00-04:00,7559.25,7559.25,7557.5,7557.75,137
2026-07-13 18:12:00-04:00,7557.75,7559.5,7557.75,7558.0,152
2026-07-13 18:13:00-04:00,7558.0,7558.5,7557.75,7558.0,82
2026-07-13 18:14:00-04:00,7558.0,7558.25,7557.0,7557.5,133
2026-07-13 18:15:00-04:00,7557.5,7558.75,7557.25,7558.25,180
2026-07-13 18:16:00-04:00,7558.5,7558.75,7557.75,7558.0,66
2026-07-13 18:17:00-04:00,7557.75,7558.25,7557.25,7558.25,91
2026-07-13 18:18:00-04:00,7558.25,7559.0,7558.0,7558.5,89
2026-07-13 18:19:00-04:00,7558.5,7559.25,7558.25,7558.25,170
2026-07-13 18:20:00-04:00,7558.25,7560.25,7558.0,7559.75,176
2026-07-13 18:21:00-04:00,7559.5,7559.5,7557.75,7558.0,79
2026-07-13 18:22:00-04:00,7557.5,7558.5,7557.0,7557.25,221
2026-07-13 18:23:00-04:00,7557.5,7557.5,7556.75,7557.5,112
2026-07-13 18:24:00-04:00,7557.75,7557.75,7555.75,7556.25,234
2026-07-13 18:25:00-04:00,7556.5,7556.5,7555.0,7555.5,281
2026-07-13 18:26:00-04:00,7555.75,7557.0,7555.75,7556.75,146
2026-07-13 18:27:00-04:00,7556.75,7557.25,7556.5,7557.0,65
2026-07-13 18:28:00-04:00,7557.25,7557.5,7555.75,7556.0,182
2026-07-13 18:29:00-04:00,7556.0,7556.25,7555.25,7555.5,95
2026-07-13 18:30:00-04:00,7555.25,7556.25,7554.75,7555.0,234
2026-07-13 18:31:00-04:00,7555.0,7555.75,7554.5,7555.25,185
2026-07-13 18:32:00-04:00,7555.25,7555.75,7555.25,7555.5,79
2026-07-13 18:33:00-04:00,7555.25,7556.0,7554.5,7554.75,191
2026-07-13 18:34:00-04:00,7555.0,7556.0,7555.0,7555.25,123
2026-07-13 18:35:00-04:00,7555.5,7556.25,7555.25,7556.0,168
2026-07-13 18:36:00-04:00,7556.0,7556.25,7555.5,7555.75,77
2026-07-13 18:37:00-04:00,7556.0,7556.0,7555.0,7555.25,112
2026-07-13 18:38:00-04:00,7555.25,7555.75,7554.75,7555.5,106
2026-07-13 18:39:00-04:00,7555.5,7556.0,7555.25,7555.75,94
2026-07-13 18:40:00-04:00,7555.75,7556.75,7555.75,7556.25,183
2026-07-13 18:41:00-04:00,7556.0,7556.5,7556.0,7556.5,38
2026-07-13 18:42:00-04:00,7556.25,7556.5,7556.0,7556.0,79
2026-07-13 18:43:00-04:00,7556.25,7556.25,7555.75,7556.0,41
2026-07-13 18:44:00-04:00,7556.25,7557.5,7556.25,7557.0,174
2026-07-13 18:45:00-04:00,7557.0,7558.5,7556.25,7558.0,354
2026-07-13 18:46:00-04:00,7557.75,7558.75,7557.75,7558.25,153
2026-07-13 18:47:00-04:00,7558.5,7559.25,7558.25,7559.25,109
2026-07-13 18:48:00-04:00,7559.0,7559.0,7558.25,7558.25,138
2026-07-13 18:49:00-04:00,7558.5,7558.75,7557.25,7557.25,130
2026-07-13 18:50:00-04:00,7557.25,7557.75,7555.0,7555.0,286
2026-07-13 18:51:00-04:00,7555.25,7555.75,7555.0,7555.25,123
2026-07-13 18:52:00-04:00,7555.0,7555.0,7553.25,7554.5,498
2026-07-13 18:53:00-04:00,7554.75,7554.75,7553.5,7553.75,135
2026-07-13 18:54:00-04:00,7554.0,7554.0,7552.75,7553.0,197
2026-07-13 18:55:00-04:00,7553.0,7553.25,7550.75,7551.75,667
2026-07-13 18:56:00-04:00,7552.0,7552.0,7551.0,7551.25,173
2026-07-13 18:57:00-04:00,7551.5,7552.5,7551.25,7552.0,142
2026-07-13 18:58:00-04:00,7552.0,7552.5,7551.5,7552.5,163
2026-07-13 18:59:00-04:00,7552.5,7552.5,7551.5,7551.75,136
2026-07-13 19:00:00-04:00,7552.0,7552.25,7550.75,7551.5,289
2026-07-13 19:01:00-04:00,7551.25,7551.75,7550.5,7550.75,353
2026-07-13 19:02:00-04:00,7551.25,7551.5,7550.5,7551.0,162
2026-07-13 19:03:00-04:00,7551.0,7552.25,7550.5,7550.5,240
2026-07-13 19:04:00-04:00,7551.0,7551.0,7547.5,7547.75,920
2026-07-13 19:05:00-04:00,7548.0,7549.0,7547.75,7548.75,234
2026-07-13 19:06:00-04:00,7548.5,7549.5,7548.5,7548.75,123
2026-07-13 19:07:00-04:00,7549.0,7549.5,7547.5,7548.0,279
2026-07-13 19:08:00-04:00,7548.0,7549.0,7547.25,7548.25,267
2026-07-13 19:09:00-04:00,7548.5,7549.0,7548.0,7548.5,153
2026-07-13 19:10:00-04:00,7548.75,7549.5,7548.75,7549.25,215
2026-07-13 19:11:00-04:00,7549.25,7549.5,7547.5,7547.75,267
2026-07-13 19:12:00-04:00,7547.75,7548.25,7546.25,7547.25,423
2026-07-13 19:13:00-04:00,7547.25,7548.75,7546.25,7548.5,366
2026-07-13 19:14:00-04:00,7548.5,7548.5,7547.5,7547.5,101
2026-07-13 19:15:00-04:00,7547.75,7548.0,7547.0,7547.5,118
2026-07-13 19:16:00-04:00,7548.0,7548.75,7547.75,7548.25,123
2026-07-13 19:17:00-04:00,7548.25,7548.25,7547.75,7548.0,115
2026-07-13 19:18:00-04:00,7548.0,7548.5,7547.75,7548.5,60
2026-07-13 19:19:00-04:00,7548.25,7548.5,7548.0,7548.0,103
2026-07-13 19:20:00-04:00,7548.5,7549.0,7547.75,7548.25,124
2026-07-13 19:21:00-04:00,7548.25,7549.5,7548.25,7548.5,71
2026-07-13 19:22:00-04:00,7548.75,7549.0,7547.75,7548.5,121
2026-07-13 19:23:00-04:00,7548.5,7550.25,7548.0,7550.0,208
2026-07-13 19:24:00-04:00,7549.75,7550.5,7549.5,7550.0,227
2026-07-13 19:25:00-04:00,7549.75,7550.5,7549.75,7550.25,208
2026-07-13 19:26:00-04:00,7550.0,7551.25,7550.0,7550.25,179
2026-07-13 19:27:00-04:00,7550.5,7551.0,7550.5,7550.5,151
2026-07-13 19:28:00-04:00,7550.5,7550.75,7550.0,7550.25,84
2026-07-13 19:29:00-04:00,7550.5,7550.5,7546.75,7547.5,514
2026-07-13 19:30:00-04:00,7547.25,7547.5,7545.0,7545.25,726
2026-07-13 19:31:00-04:00,7545.25,7546.0,7545.0,7545.5,234
2026-07-13 19:32:00-04:00,7545.75,7546.0,7545.25,7545.5,210
2026-07-13 19:33:00-04:00,7546.0,7546.0,7545.0,7545.5,215
2026-07-13 19:34:00-04:00,7545.5,7546.25,7545.5,7545.75,135
2026-07-13 19:35:00-04:00,7545.75,7547.0,7545.25,7546.75,422
2026-07-13 19:36:00-04:00,7547.0,7548.5,7546.5,7546.5,317
2026-07-13 19:37:00-04:00,7547.0,7547.0,7546.0,7546.25,68
2026-07-13 19:38:00-04:00,7546.5,7546.5,7545.5,7545.5,139
2026-07-13 19:39:00-04:00,7545.5,7546.25,7545.0,7545.5,101
2026-07-13 19:40:00-04:00,7545.25,7546.25,7545.0,7545.75,244
2026-07-13 19:41:00-04:00,7545.5,7545.75,7544.25,7544.75,306
2026-07-13 19:42:00-04:00,7544.5,7545.25,7543.0,7543.75,436
2026-07-13 19:43:00-04:00,7543.5,7544.0,7542.25,7543.25,359
2026-07-13 19:44:00-04:00,7543.25,7543.5,7541.75,7542.75,376
2026-07-13 19:45:00-04:00,7542.5,7545.5,7541.75,7543.5,650
2026-07-13 19:46:00-04:00,7543.75,7544.0,7541.5,7542.25,442
2026-07-13 19:47:00-04:00,7542.25,7543.25,7542.0,7542.25,211
2026-07-13 19:48:00-04:00,7542.5,7543.5,7542.0,7543.25,202
2026-07-13 19:49:00-04:00,7543.75,7544.25,7543.0,7543.0,161
2026-07-13 19:50:00-04:00,7543.0,7544.25,7542.25,7544.0,257
2026-07-13 19:51:00-04:00,7543.75,7544.5,7542.5,7543.5,228
2026-07-13 19:52:00-04:00,7543.75,7546.75,7543.25,7545.0,592
2026-07-13 19:53:00-04:00,7545.25,7548.5,7545.0,7548.0,506
2026-07-13 19:54:00-04:00,7548.0,7549.75,7547.5,7548.25,448
2026-07-13 19:55:00-04:00,7548.25,7548.5,7546.0,7548.5,308
2026-07-13 19:56:00-04:00,7548.5,7550.0,7548.5,7548.75,374
2026-07-13 19:57:00-04:00,7548.5,7549.75,7548.0,7549.5,180
2026-07-13 19:58:00-04:00,7549.75,7552.25,7549.25,7552.25,636
2026-07-13 19:59:00-04:00,7552.0,7553.75,7551.75,7553.25,656
2026-07-13 20:00:00-04:00,7553.5,7556.5,7550.25,7556.0,1989
2026-07-13 20:01:00-04:00,7556.25,7557.0,7553.25,7554.25,805
2026-07-13 20:02:00-04:00,7554.25,7554.25,7549.75,7549.75,1138
2026-07-13 20:03:00-04:00,7550.0,7552.0,7546.5,7547.25,922
2026-07-13 20:04:00-04:00,7547.25,7548.25,7543.0,7544.75,1155
2026-07-13 20:05:00-04:00,7544.75,7547.25,7543.25,7543.5,888
2026-07-13 20:06:00-04:00,7543.75,7545.5,7541.0,7545.0,1171
2026-07-13 20:07:00-04:00,7544.75,7545.0,7539.75,7541.25,1037
2026-07-13 20:08:00-04:00,7541.25,7541.5,7539.5,7541.25,452
2026-07-13 20:09:00-04:00,7541.0,7544.25,7540.5,7544.25,721
2026-07-13 20:10:00-04:00,7544.25,7552.25,7544.25,7551.75,1701
2026-07-13 20:11:00-04:00,7551.0,7553.25,7549.75,7552.5,669
2026-07-13 20:12:00-04:00,7552.25,7554.25,7551.5,7551.75,708
2026-07-13 20:13:00-04:00,7551.75,7553.75,7546.75,7553.0,945
2026-07-13 20:14:00-04:00,7553.0,7556.5,7552.25,7555.75,906
2026-07-13 20:15:00-04:00,7555.75,7557.5,7553.0,7553.0,1142
2026-07-13 20:16:00-04:00,7553.0,7553.25,7550.0,7550.0,864
2026-07-13 20:17:00-04:00,7550.25,7551.25,7547.0,7549.0,799
2026-07-13 20:18:00-04:00,7548.5,7550.25,7547.5,7549.0,503
2026-07-13 20:19:00-04:00,7548.75,7549.25,7543.75,7543.75,758
2026-07-13 20:20:00-04:00,7544.0,7544.75,7540.0,7543.75,1448
2026-07-13 20:21:00-04:00,7544.25,7548.25,7543.25,7547.75,1171
2026-07-13 20:22:00-04:00,7547.25,7549.25,7546.75,7547.0,539
2026-07-13 20:23:00-04:00,7546.75,7547.75,7543.75,7545.25,597
2026-07-13 20:24:00-04:00,7545.25,7549.5,7545.25,7549.25,605
2026-07-13 20:25:00-04:00,7549.25,7549.25,7544.25,7545.0,515
2026-07-13 20:26:00-04:00,7544.75,7546.25,7543.25,7545.25,408
2026-07-13 20:27:00-04:00,7545.25,7545.5,7543.0,7544.5,390
2026-07-13 20:28:00-04:00,7545.0,7545.0,7541.5,7543.25,445
2026-07-13 20:29:00-04:00,7543.25,7547.0,7543.25,7545.75,402
2026-07-13 20:30:00-04:00,7545.75,7547.75,7544.0,7546.75,459
2026-07-13 20:31:00-04:00,7546.75,7548.0,7544.75,7546.0,362
2026-07-13 20:32:00-04:00,7546.0,7549.0,7544.75,7548.25,446
2026-07-13 20:33:00-04:00,7548.25,7552.0,7547.75,7550.5,826
2026-07-13 20:34:00-04:00,7550.25,7553.0,7549.75,7550.25,626
2026-07-13 20:35:00-04:00,7550.5,7554.0,7549.25,7553.5,550
2026-07-13 20:36:00-04:00,7553.25,7554.0,7551.0,7554.0,481
2026-07-13 20:37:00-04:00,7554.0,7554.5,7552.25,7552.25,349
2026-07-13 20:38:00-04:00,7552.5,7552.75,7551.0,7552.5,307
2026-07-13 20:39:00-04:00,7552.25,7552.5,7548.25,7549.75,487
2026-07-13 20:40:00-04:00,7550.0,7553.25,7548.5,7551.5,514
2026-07-13 20:41:00-04:00,7552.0,7552.5,7548.5,7548.75,428
2026-07-13 20:42:00-04:00,7549.0,7549.5,7545.5,7547.5,552
2026-07-13 20:43:00-04:00,7547.5,7547.5,7542.75,7542.75,669
2026-07-13 20:44:00-04:00,7543.0,7544.5,7541.5,7544.25,777
2026-07-13 20:45:00-04:00,7544.25,7549.25,7544.0,7548.0,745
2026-07-13 20:46:00-04:00,7548.0,7549.25,7547.0,7548.75,337
2026-07-13 20:47:00-04:00,7548.5,7551.5,7547.5,7550.75,626
2026-07-13 20:48:00-04:00,7550.75,7551.75,7548.0,7550.25,359
2026-07-13 20:49:00-04:00,7550.25,7551.25,7549.25,7550.25,277
2026-07-13 20:50:00-04:00,7550.0,7554.75,7550.0,7552.5,875
2026-07-13 20:51:00-04:00,7552.25,7554.75,7550.5,7554.5,535
2026-07-13 20:52:00-04:00,7554.0,7555.5,7552.75,7553.0,481
2026-07-13 20:53:00-04:00,7553.0,7556.0,7552.5,7554.25,594
2026-07-13 20:54:00-04:00,7554.75,7557.75,7554.75,7557.25,510
2026-07-13 20:55:00-04:00,7557.25,7560.5,7557.0,7559.75,1020
2026-07-13 20:56:00-04:00,7559.75,7560.25,7558.0,7558.25,527
2026-07-13 20:57:00-04:00,7558.5,7560.5,7558.25,7559.0,486
2026-07-13 20:58:00-04:00,7558.75,7559.75,7558.25,7559.0,278
2026-07-13 20:59:00-04:00,7559.0,7559.5,7558.0,7558.5,220
2026-07-13 21:00:00-04:00,7558.75,7560.25,7556.5,7558.5,849
2026-07-13 21:01:00-04:00,7558.25,7560.0,7558.0,7558.25,432
2026-07-13 21:02:00-04:00,7558.25,7560.0,7557.75,7559.75,317
2026-07-13 21:03:00-04:00,7559.75,7560.0,7558.5,7558.5,215
2026-07-13 21:04:00-04:00,7558.5,7559.0,7557.0,7558.5,331
2026-07-13 21:05:00-04:00,7558.5,7559.5,7557.0,7557.75,270
2026-07-13 21:06:00-04:00,7557.75,7558.0,7556.0,7556.5,431
2026-07-13 21:07:00-04:00,7556.5,7559.25,7556.25,7558.25,259
2026-07-13 21:08:00-04:00,7558.0,7560.5,7557.75,7559.25,482
2026-07-13 21:09:00-04:00,7559.0,7560.0,7557.25,7558.5,239
2026-07-13 21:10:00-04:00,7558.5,7558.75,7556.5,7556.5,169
2026-07-13 21:11:00-04:00,7556.5,7558.25,7556.0,7557.75,207
2026-07-13 21:12:00-04:00,7557.75,7558.25,7555.75,7556.75,266
2026-07-13 21:13:00-04:00,7556.5,7556.75,7555.0,7556.0,382
2026-07-13 21:14:00-04:00,7555.75,7556.0,7554.25,7555.0,505
2026-07-13 21:15:00-04:00,7554.75,7556.75,7553.75,7556.0,577
2026-07-13 21:16:00-04:00,7556.25,7557.5,7555.5,7557.5,329
2026-07-13 21:17:00-04:00,7557.25,7559.25,7556.75,7558.75,349
2026-07-13 21:18:00-04:00,7559.25,7559.75,7558.0,7558.75,314
2026-07-13 21:19:00-04:00,7558.5,7559.0,7557.5,7558.75,181
2026-07-13 21:20:00-04:00,7558.5,7560.0,7557.0,7557.5,421
2026-07-13 21:21:00-04:00,7557.25,7558.25,7555.75,7556.75,263
2026-07-13 21:22:00-04:00,7556.75,7556.75,7554.5,7555.0,284
2026-07-13 21:23:00-04:00,7555.25,7558.75,7555.25,7557.5,397
2026-07-13 21:24:00-04:00,7557.5,7557.5,7554.75,7556.0,261
2026-07-13 21:25:00-04:00,7555.75,7557.5,7555.0,7557.0,178
2026-07-13 21:26:00-04:00,7557.0,7558.75,7557.0,7558.0,242
2026-07-13 21:27:00-04:00,7558.0,7559.0,7557.5,7558.75,178
2026-07-13 21:28:00-04:00,7558.75,7558.75,7556.0,7556.0,153
2026-07-13 21:29:00-04:00,7556.25,7557.0,7555.75,7556.0,242
2026-07-13 21:30:00-04:00,7556.25,7557.25,7553.25,7554.0,460
2026-07-13 21:31:00-04:00,7553.75,7555.0,7551.75,7554.75,584
2026-07-13 21:32:00-04:00,7554.5,7555.75,7552.5,7553.0,361
2026-07-13 21:33:00-04:00,7553.0,7554.5,7553.0,7554.25,189
2026-07-13 21:34:00-04:00,7554.25,7555.0,7553.25,7553.75,134
2026-07-13 21:35:00-04:00,7553.5,7554.0,7551.25,7552.25,383
2026-07-13 21:36:00-04:00,7552.25,7553.0,7549.0,7550.25,562
2026-07-13 21:37:00-04:00,7550.5,7551.0,7548.75,7550.0,288
2026-07-13 21:38:00-04:00,7550.25,7551.75,7549.0,7550.0,272
2026-07-13 21:39:00-04:00,7550.0,7551.0,7549.75,7551.0,136
2026-07-13 21:40:00-04:00,7551.0,7552.25,7549.25,7549.25,314
2026-07-13 21:41:00-04:00,7549.0,7549.25,7547.0,7547.75,437
2026-07-13 21:42:00-04:00,7547.75,7551.0,7547.75,7550.5,305
2026-07-13 21:43:00-04:00,7551.0,7552.25,7550.75,7551.25,320
2026-07-13 21:44:00-04:00,7551.25,7553.0,7550.75,7551.5,214
2026-07-13 21:45:00-04:00,7551.5,7553.5,7551.25,7553.0,279
2026-07-13 21:46:00-04:00,7553.0,7554.5,7552.0,7554.25,183
2026-07-13 21:47:00-04:00,7554.0,7554.5,7551.75,7553.0,282
2026-07-13 21:48:00-04:00,7553.25,7555.75,7553.0,7555.75,345
2026-07-13 21:49:00-04:00,7555.5,7556.0,7554.5,7555.0,156
2026-07-13 21:50:00-04:00,7555.25,7555.5,7551.75,7552.5,246
2026-07-13 21:51:00-04:00,7552.5,7553.5,7551.25,7553.0,205
2026-07-13 21:52:00-04:00,7553.0,7555.0,7553.0,7554.25,118
2026-07-13 21:53:00-04:00,7554.0,7554.5,7551.25,7551.5,148
2026-07-13 21:54:00-04:00,7551.0,7551.25,7550.25,7550.75,170
2026-07-13 21:55:00-04:00,7550.75,7551.0,7547.25,7547.75,512
2026-07-13 21:56:00-04:00,7547.5,7548.25,7546.0,7546.5,459
2026-07-13 21:57:00-04:00,7547.0,7548.25,7546.0,7547.75,188
2026-07-13 21:58:00-04:00,7547.5,7548.5,7547.0,7547.25,116
2026-07-13 21:59:00-04:00,7547.25,7548.25,7546.25,7548.25,303
2026-07-13 22:00:00-04:00,7548.25,7549.5,7546.0,7546.5,296
2026-07-13 22:01:00-04:00,7546.5,7550.25,7546.5,7548.75,404
2026-07-13 22:02:00-04:00,7548.5,7551.0,7548.5,7550.75,239
2026-07-13 22:03:00-04:00,7550.75,7552.5,7550.5,7551.5,297
2026-07-13 22:04:00-04:00,7551.25,7551.75,7550.25,7551.5,167
2026-07-13 22:05:00-04:00,7551.25,7553.75,7551.25,7552.0,363
2026-07-13 22:06:00-04:00,7552.25,7553.0,7551.75,7552.75,167
2026-07-13 22:07:00-04:00,7552.75,7554.0,7552.25,7553.75,236
2026-07-13 22:08:00-04:00,7553.25,7554.75,7553.0,7553.5,410
2026-07-13 22:09:00-04:00,7553.25,7554.0,7552.0,7552.0,294
2026-07-13 22:10:00-04:00,7552.0,7552.5,7550.0,7550.5,325
2026-07-13 22:11:00-04:00,7550.5,7550.75,7550.0,7550.25,199
2026-07-13 22:12:00-04:00,7550.0,7550.0,7546.5,7547.25,391
2026-07-13 22:13:00-04:00,7547.0,7547.5,7546.0,7547.0,366
2026-07-13 22:14:00-04:00,7546.75,7547.25,7546.0,7546.25,158
2026-07-13 22:15:00-04:00,7546.25,7547.0,7545.25,7547.0,323
2026-07-13 22:16:00-04:00,7546.75,7547.5,7546.0,7547.25,297
2026-07-13 22:17:00-04:00,7547.25,7548.0,7545.75,7546.5,223
2026-07-13 22:18:00-04:00,7546.0,7546.75,7545.0,7545.5,169
2026-07-13 22:19:00-04:00,7545.75,7546.0,7544.0,7544.0,323
2026-07-13 22:20:00-04:00,7544.25,7545.0,7542.5,7543.25,605
2026-07-13 22:21:00-04:00,7543.25,7544.75,7541.75,7544.25,515
2026-07-13 22:22:00-04:00,7544.0,7545.25,7541.0,7541.75,562
2026-07-13 22:23:00-04:00,7541.5,7542.25,7540.5,7542.0,430
2026-07-13 22:24:00-04:00,7542.0,7542.0,7538.5,7540.5,783
2026-07-13 22:25:00-04:00,7540.5,7541.0,7539.25,7540.0,369
2026-07-13 22:26:00-04:00,7540.25,7540.75,7539.75,7540.0,201
2026-07-13 22:27:00-04:00,7540.25,7541.25,7539.75,7540.0,232
2026-07-13 22:28:00-04:00,7540.5,7541.75,7540.25,7541.5,306
2026-07-13 22:29:00-04:00,7541.5,7543.5,7541.0,7543.25,366
2026-07-13 22:30:00-04:00,7543.25,7543.75,7541.75,7542.75,440
2026-07-13 22:31:00-04:00,7543.0,7544.0,7541.5,7542.25,278
2026-07-13 22:32:00-04:00,7542.0,7543.25,7541.75,7542.0,152
2026-07-13 22:33:00-04:00,7542.25,7542.25,7541.0,7541.5,193
2026-07-13 22:34:00-04:00,7541.5,7541.5,7539.5,7539.75,290
2026-07-13 22:35:00-04:00,7540.0,7541.75,7539.25,7540.75,226
2026-07-13 22:36:00-04:00,7541.0,7541.75,7540.5,7541.5,114
2026-07-13 22:37:00-04:00,7541.25,7542.25,7540.75,7542.0,176
2026-07-13 22:38:00-04:00,7542.25,7545.25,7542.0,7544.5,403
2026-07-13 22:39:00-04:00,7544.25,7547.0,7543.75,7547.0,469
2026-07-13 22:40:00-04:00,7546.75,7548.5,7546.25,7548.25,380
2026-07-13 22:41:00-04:00,7548.25,7549.0,7547.5,7548.5,324
2026-07-13 22:42:00-04:00,7548.25,7549.0,7548.0,7548.5,157
2026-07-13 22:43:00-04:00,7548.5,7549.25,7548.25,7549.25,193
2026-07-13 22:44:00-04:00,7549.0,7549.75,7547.75,7548.25,193
2026-07-13 22:45:00-04:00,7548.25,7549.25,7547.75,7548.25,160
2026-07-13 22:46:00-04:00,7547.75,7549.25,7547.0,7549.0,279
2026-07-13 22:47:00-04:00,7549.0,7549.25,7548.0,7548.5,103
2026-07-13 22:48:00-04:00,7548.25,7548.5,7546.75,7546.75,228
2026-07-13 22:49:00-04:00,7546.75,7548.5,7546.25,7548.5,162
2026-07-13 22:50:00-04:00,7548.25,7548.5,7545.75,7546.25,150
2026-07-13 22:51:00-04:00,7546.25,7546.5,7544.75,7545.0,217
2026-07-13 22:52:00-04:00,7544.75,7544.75,7542.25,7542.5,296
2026-07-13 22:53:00-04:00,7542.75,7543.0,7541.25,7541.5,208
2026-07-13 22:54:00-04:00,7541.5,7541.75,7540.25,7540.5,196
2026-07-13 22:55:00-04:00,7540.5,7541.5,7540.25,7541.0,209
2026-07-13 22:56:00-04:00,7540.75,7541.5,7539.5,7540.25,234
2026-07-13 22:57:00-04:00,7540.25,7540.75,7539.75,7540.25,163
2026-07-13 22:58:00-04:00,7540.25,7541.5,7540.0,7540.5,222
2026-07-13 22:59:00-04:00,7540.5,7541.25,7540.0,7540.75,128
2026-07-13 23:00:00-04:00,7540.75,7541.0,7538.75,7539.5,434
2026-07-13 23:01:00-04:00,7539.25,7540.25,7539.25,7539.5,171
2026-07-13 23:02:00-04:00,7539.75,7539.75,7537.5,7538.0,625
2026-07-13 23:03:00-04:00,7538.0,7538.5,7537.0,7537.25,595
2026-07-13 23:04:00-04:00,7537.5,7538.5,7537.0,7538.25,256
2026-07-13 23:05:00-04:00,7537.75,7538.0,7537.25,7537.5,268
2026-07-13 23:06:00-04:00,7537.5,7538.5,7536.75,7538.25,286
2026-07-13 23:07:00-04:00,7538.0,7538.5,7537.0,7537.25,162
2026-07-13 23:08:00-04:00,7537.5,7537.75,7536.75,7537.5,154
2026-07-13 23:09:00-04:00,7537.75,7538.25,7537.25,7537.75,124
2026-07-13 23:10:00-04:00,7537.5,7537.75,7536.25,7536.75,391
2026-07-13 23:11:00-04:00,7537.0,7537.75,7536.5,7536.5,164
2026-07-13 23:12:00-04:00,7536.5,7536.75,7536.0,7536.0,210
2026-07-13 23:13:00-04:00,7536.0,7536.25,7534.75,7535.0,619
2026-07-13 23:14:00-04:00,7535.0,7535.5,7534.5,7535.5,206
2026-07-13 23:15:00-04:00,7535.25,7535.25,7534.0,7534.75,269
2026-07-13 23:16:00-04:00,7534.5,7535.0,7533.75,7534.75,198
2026-07-13 23:17:00-04:00,7535.0,7535.75,7531.75,7532.5,942
2026-07-13 23:18:00-04:00,7532.5,7533.0,7532.0,7532.75,261
2026-07-13 23:19:00-04:00,7532.75,7534.0,7532.0,7533.75,325
2026-07-13 23:20:00-04:00,7533.75,7533.75,7532.25,7532.75,196
2026-07-13 23:21:00-04:00,7532.5,7533.5,7532.25,7532.5,287
2026-07-13 23:22:00-04:00,7532.5,7533.5,7532.5,7533.25,146
2026-07-13 23:23:00-04:00,7533.5,7537.0,7533.25,7536.75,486
2026-07-13 23:24:00-04:00,7537.0,7537.5,7535.0,7535.25,337
2026-07-13 23:25:00-04:00,7535.25,7536.25,7535.25,7535.5,169
2026-07-13 23:26:00-04:00,7536.0,7537.25,7536.0,7536.75,152
2026-07-13 23:27:00-04:00,7536.25,7537.75,7536.25,7537.75,239
2026-07-13 23:28:00-04:00,7538.0,7539.25,7538.0,7538.75,386
2026-07-13 23:29:00-04:00,7538.5,7540.5,7538.25,7540.5,304
2026-07-13 23:30:00-04:00,7540.25,7543.75,7539.5,7541.75,750
2026-07-13 23:31:00-04:00,7541.75,7543.25,7541.25,7543.0,240
2026-07-13 23:32:00-04:00,7543.0,7544.0,7539.75,7540.0,547
2026-07-13 23:33:00-04:00,7539.75,7540.5,7537.0,7538.25,414
2026-07-13 23:34:00-04:00,7538.25,7538.25,7536.5,7536.75,275
2026-07-13 23:35:00-04:00,7537.0,7539.0,7536.25,7537.5,313
2026-07-13 23:36:00-04:00,7537.5,7537.5,7536.25,7536.5,159
2026-07-13 23:37:00-04:00,7536.75,7539.25,7536.0,7538.5,235
2026-07-13 23:38:00-04:00,7538.25,7539.75,7537.75,7538.0,222
2026-07-13 23:39:00-04:00,7538.0,7539.0,7537.5,7538.25,126
2026-07-13 23:40:00-04:00,7538.25,7538.25,7536.25,7536.75,155
2026-07-13 23:41:00-04:00,7536.5,7538.25,7536.25,7537.0,158
2026-07-13 23:42:00-04:00,7537.25,7538.25,7535.0,7535.75,328
2026-07-13 23:43:00-04:00,7536.0,7536.25,7535.0,7536.0,253
2026-07-13 23:44:00-04:00,7535.75,7538.5,7535.5,7536.25,343
2026-07-13 23:45:00-04:00,7535.75,7537.0,7535.0,7536.25,225
2026-07-13 23:46:00-04:00,7536.25,7537.5,7535.75,7537.5,139
2026-07-13 23:47:00-04:00,7537.25,7539.75,7537.0,7539.25,228
2026-07-13 23:48:00-04:00,7539.25,7541.25,7538.75,7541.0,397
2026-07-13 23:49:00-04:00,7540.75,7541.75,7539.0,7539.0,293
2026-07-13 23:50:00-04:00,7538.75,7540.5,7538.5,7540.5,158
2026-07-13 23:51:00-04:00,7540.25,7542.25,7539.75,7542.25,205
2026-07-13 23:52:00-04:00,7542.0,7543.75,7541.0,7543.5,288
2026-07-13 23:53:00-04:00,7543.25,7544.5,7543.0,7543.75,339
2026-07-13 23:54:00-04:00,7543.5,7543.75,7542.5,7543.5,209
2026-07-13 23:55:00-04:00,7543.5,7544.75,7542.5,7544.0,241
2026-07-13 23:56:00-04:00,7544.0,7544.5,7543.0,7543.0,138
2026-07-13 23:57:00-04:00,7543.25,7543.5,7542.5,7542.75,110
2026-07-13 23:58:00-04:00,7542.75,7544.0,7542.0,7543.75,139
2026-07-14 00:09:00-04:00,7542.5,7542.75,7540.75,7541.5,221
2026-07-14 00:10:00-04:00,7541.25,7541.5,7539.5,7540.25,294
2026-07-14 00:11:00-04:00,7540.0,7540.25,7539.25,7539.5,113
2026-07-14 00:12:00-04:00,7539.25,7540.0,7538.75,7539.75,264
2026-07-14 00:13:00-04:00,7539.75,7540.75,7538.5,7540.75,185
2026-07-14 00:14:00-04:00,7541.0,7542.25,7540.75,7541.0,262
2026-07-14 00:15:00-04:00,7541.25,7541.25,7539.25,7540.25,153
2026-07-14 00:16:00-04:00,7540.75,7541.25,7539.75,7540.5,51
2026-07-14 00:17:00-04:00,7540.25,7541.25,7540.25,7540.75,46
2026-07-14 00:18:00-04:00,7541.0,7541.5,7540.0,7541.5,69
2026-07-14 00:19:00-04:00,7541.75,7542.75,7541.75,7542.0,196
2026-07-14 00:20:00-04:00,7542.25,7545.0,7542.0,7544.75,253
2026-07-14 00:21:00-04:00,7544.75,7545.25,7544.5,7545.0,130
2026-07-14 00:22:00-04:00,7545.25,7546.0,7545.0,7545.5,172
2026-07-14 00:23:00-04:00,7545.75,7546.5,7545.0,7546.0,160
2026-07-14 00:24:00-04:00,7546.0,7546.0,7544.25,7546.0,143
2026-07-14 00:25:00-04:00,7546.0,7546.25,7545.25,7545.75,86
2026-07-14 00:26:00-04:00,7545.5,7547.25,7545.5,7546.75,148
2026-07-14 00:27:00-04:00,7546.75,7549.75,7546.75,7549.5,495
2026-07-14 00:28:00-04:00,7549.25,7549.5,7548.75,7549.0,193
2026-07-14 00:29:00-04:00,7548.75,7549.0,7548.25,7548.75,109
2026-07-14 00:30:00-04:00,7548.5,7550.0,7547.75,7549.5,297
2026-07-14 00:31:00-04:00,7549.25,7549.75,7548.75,7549.25,83
2026-07-14 00:32:00-04:00,7549.5,7550.25,7549.0,7550.25,202
2026-07-14 00:33:00-04:00,7550.25,7551.75,7550.25,7550.5,284
2026-07-14 00:34:00-04:00,7550.5,7552.0,7550.5,7552.0,128
2026-07-14 00:35:00-04:00,7552.0,7552.5,7551.5,7552.5,200
2026-07-14 00:36:00-04:00,7552.5,7553.75,7552.0,7552.75,304
2026-07-14 00:37:00-04:00,7552.5,7554.5,7552.25,7554.0,250
2026-07-14 00:38:00-04:00,7554.0,7555.0,7553.5,7554.5,266
2026-07-14 00:39:00-04:00,7554.75,7556.75,7554.5,7556.0,470
2026-07-14 00:40:00-04:00,7556.25,7556.5,7555.0,7555.25,334
2026-07-14 00:41:00-04:00,7555.0,7555.5,7554.0,7555.0,229
2026-07-14 00:42:00-04:00,7555.0,7556.5,7554.75,7555.75,125
2026-07-14 00:43:00-04:00,7555.75,7557.25,7555.75,7556.5,225
2026-07-14 00:44:00-04:00,7556.5,7557.0,7555.75,7555.75,176
2026-07-14 00:45:00-04:00,7556.0,7557.5,7555.75,7557.5,223
2026-07-14 00:46:00-04:00,7557.5,7558.0,7557.0,7558.0,126
2026-07-14 00:47:00-04:00,7558.0,7558.5,7558.0,7558.25,211
2026-07-14 00:48:00-04:00,7558.0,7559.75,7558.0,7558.75,243
2026-07-14 00:49:00-04:00,7558.75,7559.5,7558.25,7558.75,207
2026-07-14 00:50:00-04:00,7558.5,7559.5,7558.0,7558.0,206
2026-07-14 00:51:00-04:00,7558.0,7558.75,7558.0,7558.25,119
2026-07-14 00:52:00-04:00,7558.25,7558.5,7557.75,7558.5,139
2026-07-14 00:53:00-04:00,7558.75,7558.75,7557.25,7557.25,113
2026-07-14 00:54:00-04:00,7557.5,7558.75,7556.25,7558.75,215
2026-07-14 00:55:00-04:00,7558.75,7559.5,7558.25,7559.0,257
2026-07-14 00:56:00-04:00,7559.0,7559.25,7558.25,7559.25,143
2026-07-14 00:57:00-04:00,7559.0,7559.75,7558.75,7559.25,205
2026-07-14 00:58:00-04:00,7559.25,7559.75,7559.0,7559.75,82
2026-07-14 00:59:00-04:00,7559.75,7561.5,7559.75,7560.25,494
2026-07-14 01:00:00-04:00,7560.5,7560.5,7559.5,7559.75,245
2026-07-14 01:01:00-04:00,7559.75,7559.75,7558.5,7558.75,171
2026-07-14 01:02:00-04:00,7559.0,7559.5,7558.0,7559.0,130
2026-07-14 01:03:00-04:00,7559.5,7561.5,7559.5,7561.25,164
2026-07-14 01:04:00-04:00,7561.0,7561.5,7560.5,7560.75,114
2026-07-14 01:05:00-04:00,7560.5,7561.0,7560.0,7560.25,94
2026-07-14 01:06:00-04:00,7560.75,7560.75,7559.75,7560.75,135
2026-07-14 01:07:00-04:00,7560.75,7561.5,7560.5,7560.75,215
2026-07-14 01:08:00-04:00,7560.75,7561.25,7560.25,7561.0,126
2026-07-14 01:09:00-04:00,7561.0,7562.75,7561.0,7561.75,424
2026-07-14 01:10:00-04:00,7561.75,7562.5,7561.75,7562.25,85
2026-07-14 01:11:00-04:00,7562.25,7563.0,7561.5,7561.75,142
2026-07-14 01:12:00-04:00,7562.0,7562.75,7561.25,7561.75,103
2026-07-14 01:13:00-04:00,7561.25,7562.25,7561.25,7562.0,116
2026-07-14 01:14:00-04:00,7562.0,7563.0,7562.0,7562.5,281
2026-07-14 01:15:00-04:00,7562.75,7563.0,7562.25,7562.25,102
2026-07-14 01:16:00-04:00,7562.0,7562.75,7561.5,7562.0,131
2026-07-14 01:17:00-04:00,7562.25,7562.5,7561.5,7562.5,52
2026-07-14 01:18:00-04:00,7562.0,7563.25,7561.75,7562.0,154
2026-07-14 01:19:00-04:00,7561.75,7562.5,7561.75,7562.5,35
2026-07-14 01:20:00-04:00,7562.75,7564.0,7562.75,7563.25,246
2026-07-14 01:21:00-04:00,7563.5,7566.25,7563.0,7566.25,759
2026-07-14 01:22:00-04:00,7566.0,7567.25,7565.75,7567.25,548
2026-07-14 01:23:00-04:00,7567.0,7568.5,7567.0,7568.0,468
2026-07-14 01:24:00-04:00,7568.0,7568.5,7567.25,7567.25,368
2026-07-14 01:25:00-04:00,7567.25,7568.0,7566.75,7568.0,242
2026-07-14 01:26:00-04:00,7568.25,7569.5,7567.75,7569.25,377
2026-07-14 01:27:00-04:00,7569.25,7569.25,7568.5,7569.25,128
2026-07-14 01:28:00-04:00,7569.0,7569.25,7568.25,7568.5,123
2026-07-14 01:29:00-04:00,7568.25,7569.75,7568.25,7569.75,196
2026-07-14 01:30:00-04:00,7570.0,7573.0,7570.0,7572.5,949
2026-07-14 01:31:00-04:00,7573.0,7573.75,7572.25,7572.25,372
2026-07-14 01:32:00-04:00,7572.25,7573.0,7572.0,7572.75,231
2026-07-14 01:33:00-04:00,7572.75,7573.0,7572.0,7572.0,142
2026-07-14 01:34:00-04:00,7572.25,7572.5,7569.25,7569.25,371
2026-07-14 01:35:00-04:00,7569.5,7570.75,7569.25,7569.75,193
2026-07-14 01:36:00-04:00,7569.75,7570.25,7569.0,7569.75,251
2026-07-14 01:37:00-04:00,7569.75,7570.5,7569.25,7569.25,99
2026-07-14 01:38:00-04:00,7569.25,7569.75,7568.5,7569.0,224
2026-07-14 01:39:00-04:00,7568.75,7569.0,7568.5,7569.0,176
2026-07-14 01:40:00-04:00,7569.25,7569.5,7567.5,7568.0,221
2026-07-14 01:41:00-04:00,7567.75,7568.25,7567.25,7567.25,96
2026-07-14 01:42:00-04:00,7567.5,7569.0,7567.25,7568.5,118
2026-07-14 01:43:00-04:00,7568.0,7569.5,7568.0,7568.75,127
2026-07-14 01:44:00-04:00,7568.75,7569.75,7568.25,7569.0,94
2026-07-14 01:45:00-04:00,7568.75,7569.75,7568.0,7568.0,80
2026-07-14 01:46:00-04:00,7567.75,7569.0,7567.5,7567.75,100
2026-07-14 01:47:00-04:00,7568.0,7569.0,7567.75,7568.5,147
2026-07-14 01:48:00-04:00,7568.25,7569.5,7567.75,7569.5,108
2026-07-14 01:49:00-04:00,7569.25,7570.0,7569.25,7569.25,80
2026-07-14 01:50:00-04:00,7569.5,7569.5,7568.25,7569.0,96
2026-07-14 01:51:00-04:00,7568.75,7569.0,7568.0,7568.5,62
2026-07-14 01:52:00-04:00,7568.5,7569.0,7568.0,7568.0,92
2026-07-14 01:53:00-04:00,7568.25,7569.5,7568.0,7569.25,62
2026-07-14 01:54:00-04:00,7568.75,7569.5,7568.75,7569.25,96
2026-07-14 01:55:00-04:00,7569.25,7569.5,7568.75,7568.75,83
2026-07-14 01:56:00-04:00,7569.0,7569.5,7568.25,7568.5,74
2026-07-14 01:57:00-04:00,7568.5,7569.5,7568.5,7569.5,109
2026-07-14 01:58:00-04:00,7569.75,7570.5,7569.5,7569.5,100
2026-07-14 01:59:00-04:00,7569.5,7569.5,7568.0,7568.25,147
2026-07-14 02:00:00-04:00,7568.0,7570.5,7567.75,7570.0,265
2026-07-14 02:01:00-04:00,7570.5,7571.25,7570.25,7571.0,147
2026-07-14 02:02:00-04:00,7571.0,7571.25,7569.75,7570.0,102
2026-07-14 02:03:00-04:00,7570.0,7570.25,7568.75,7569.25,58
2026-07-14 02:04:00-04:00,7569.25,7569.75,7568.75,7569.75,54
2026-07-14 02:05:00-04:00,7569.75,7570.75,7569.75,7570.75,73
2026-07-14 02:06:00-04:00,7571.0,7571.25,7570.0,7571.0,97
2026-07-14 02:07:00-04:00,7570.75,7572.0,7570.75,7571.5,130
2026-07-14 02:08:00-04:00,7571.5,7572.0,7570.5,7571.0,120
2026-07-14 02:09:00-04:00,7570.75,7571.75,7570.25,7571.5,103
2026-07-14 02:10:00-04:00,7571.5,7573.0,7571.25,7572.5,154
2026-07-14 02:11:00-04:00,7572.5,7572.75,7571.75,7572.0,101
2026-07-14 02:12:00-04:00,7572.0,7572.25,7570.75,7571.25,162
2026-07-14 02:13:00-04:00,7571.25,7573.0,7571.25,7572.75,123
2026-07-14 02:14:00-04:00,7572.5,7573.75,7572.5,7573.5,164
2026-07-14 02:15:00-04:00,7573.5,7574.0,7573.25,7573.75,191
2026-07-14 02:16:00-04:00,7573.75,7574.0,7571.75,7573.0,535
2026-07-14 02:17:00-04:00,7572.75,7573.5,7571.75,7572.75,183
2026-07-14 02:18:00-04:00,7573.0,7573.25,7572.75,7573.25,86
2026-07-14 02:19:00-04:00,7573.25,7574.75,7572.75,7574.0,248
2026-07-14 02:20:00-04:00,7574.0,7575.0,7574.0,7574.5,254
2026-07-14 02:21:00-04:00,7574.5,7574.75,7573.5,7573.5,136
2026-07-14 02:22:00-04:00,7573.25,7573.5,7572.0,7572.5,115
2026-07-14 02:23:00-04:00,7572.75,7572.75,7571.0,7571.5,177
2026-07-14 02:24:00-04:00,7571.5,7571.75,7569.75,7570.25,202
2026-07-14 02:25:00-04:00,7569.75,7570.25,7568.5,7569.25,302
2026-07-14 02:26:00-04:00,7569.25,7569.25,7567.75,7568.0,194
2026-07-14 02:27:00-04:00,7568.25,7568.5,7567.5,7568.0,196
2026-07-14 02:28:00-04:00,7568.0,7568.0,7566.0,7567.0,399
2026-07-14 02:29:00-04:00,7567.0,7568.25,7566.75,7567.0,118
2026-07-14 02:30:00-04:00,7567.75,7569.75,7566.75,7569.75,222
2026-07-14 02:31:00-04:00,7569.75,7570.25,7569.0,7569.5,148
2026-07-14 02:32:00-04:00,7569.25,7570.5,7569.25,7570.25,149
2026-07-14 02:33:00-04:00,7569.75,7570.0,7569.0,7569.5,89
2026-07-14 02:34:00-04:00,7569.5,7569.75,7568.25,7569.0,93
2026-07-14 02:35:00-04:00,7568.75,7569.0,7567.5,7568.0,190
2026-07-14 02:36:00-04:00,7567.75,7568.5,7567.25,7567.5,68
2026-07-14 02:37:00-04:00,7567.75,7567.75,7566.75,7566.75,98
2026-07-14 02:38:00-04:00,7567.0,7567.75,7566.75,7566.75,52
2026-07-14 02:39:00-04:00,7566.75,7567.25,7566.0,7566.5,96
2026-07-14 02:40:00-04:00,7566.25,7566.25,7565.25,7566.25,195
2026-07-14 02:41:00-04:00,7566.0,7566.5,7565.5,7565.5,65
2026-07-14 02:42:00-04:00,7565.75,7566.0,7564.0,7564.0,258
2026-07-14 02:43:00-04:00,7564.0,7564.25,7563.0,7564.0,280
2026-07-14 02:44:00-04:00,7564.25,7564.25,7563.5,7563.75,84
2026-07-14 02:45:00-04:00,7563.75,7564.0,7562.5,7562.75,218
2026-07-14 02:46:00-04:00,7562.75,7563.25,7561.75,7562.0,140
2026-07-14 02:47:00-04:00,7562.0,7562.25,7561.25,7562.0,214
2026-07-14 02:48:00-04:00,7561.75,7561.75,7560.5,7560.75,121
2026-07-14 02:49:00-04:00,7560.5,7562.25,7560.25,7561.5,174
2026-07-14 02:50:00-04:00,7561.75,7562.25,7561.75,7562.0,125
2026-07-14 02:51:00-04:00,7562.25,7563.0,7562.0,7562.25,87
2026-07-14 02:52:00-04:00,7562.0,7562.5,7561.25,7561.75,28
2026-07-14 02:53:00-04:00,7561.5,7562.0,7561.25,7561.75,41
2026-07-14 02:54:00-04:00,7561.5,7562.0,7560.25,7560.25,75
2026-07-14 02:55:00-04:00,7560.5,7561.75,7560.0,7561.25,150
2026-07-14 02:56:00-04:00,7561.0,7561.0,7559.25,7559.25,139
2026-07-14 02:57:00-04:00,7559.5,7560.25,7559.0,7560.25,135
2026-07-14 02:58:00-04:00,7560.25,7560.75,7559.75,7560.0,53
2026-07-14 02:59:00-04:00,7560.25,7560.5,7558.75,7559.0,105
2026-07-14 03:00:00-04:00,7559.25,7559.5,7555.75,7558.0,766
2026-07-14 03:01:00-04:00,7557.75,7559.0,7557.5,7557.5,259
2026-07-14 03:02:00-04:00,7557.5,7557.75,7555.75,7556.25,167
2026-07-14 03:03:00-04:00,7556.5,7558.25,7556.5,7558.25,152
2026-07-14 03:04:00-04:00,7558.25,7562.5,7558.0,7562.0,385
2026-07-14 03:05:00-04:00,7561.75,7564.5,7561.25,7564.25,374
2026-07-14 03:06:00-04:00,7563.75,7565.25,7563.5,7564.75,261
2026-07-14 03:07:00-04:00,7564.5,7565.5,7564.0,7564.5,173
2026-07-14 03:08:00-04:00,7564.0,7565.25,7563.75,7564.75,117
2026-07-14 03:09:00-04:00,7565.0,7566.0,7564.25,7564.75,187
2026-07-14 03:10:00-04:00,7564.75,7565.0,7562.0,7562.5,198
2026-07-14 03:11:00-04:00,7562.25,7563.0,7561.75,7562.0,104
2026-07-14 03:12:00-04:00,7562.25,7564.5,7562.0,7563.25,129
2026-07-14 03:13:00-04:00,7563.0,7563.0,7561.75,7562.0,211
2026-07-14 03:14:00-04:00,7561.75,7563.5,7561.5,7563.5,179
2026-07-14 03:15:00-04:00,7563.0,7563.75,7561.5,7561.5,183
2026-07-14 03:16:00-04:00,7561.75,7562.75,7561.75,7562.5,96
2026-07-14 03:17:00-04:00,7562.5,7562.5,7560.0,7561.5,154
2026-07-14 03:18:00-04:00,7561.5,7562.0,7560.0,7560.25,88
2026-07-14 03:19:00-04:00,7560.75,7561.75,7560.0,7560.75,105
2026-07-14 03:20:00-04:00,7560.5,7562.0,7559.5,7562.0,150
2026-07-14 03:21:00-04:00,7561.75,7561.75,7559.0,7559.25,159
2026-07-14 03:22:00-04:00,7559.5,7559.5,7557.25,7559.0,274
2026-07-14 03:23:00-04:00,7559.0,7561.0,7559.0,7561.0,142
2026-07-14 03:24:00-04:00,7561.25,7561.5,7559.75,7561.0,125
2026-07-14 03:25:00-04:00,7560.75,7562.75,7560.25,7560.5,157
2026-07-14 03:26:00-04:00,7560.5,7563.0,7560.25,7563.0,142
2026-07-14 03:27:00-04:00,7562.75,7563.5,7560.75,7561.5,465
2026-07-14 03:28:00-04:00,7561.75,7561.75,7560.0,7561.0,177
2026-07-14 03:29:00-04:00,7561.25,7562.0,7560.0,7560.25,66
2026-07-14 03:30:00-04:00,7560.5,7560.75,7558.25,7558.75,239
2026-07-14 03:31:00-04:00,7559.0,7560.25,7558.25,7558.25,161
2026-07-14 03:32:00-04:00,7558.5,7560.0,7558.25,7558.75,161
2026-07-14 03:33:00-04:00,7558.75,7559.0,7556.0,7559.0,312
2026-07-14 03:34:00-04:00,7558.75,7561.5,7558.75,7560.5,138
2026-07-14 03:35:00-04:00,7560.5,7560.5,7558.5,7558.75,198
2026-07-14 03:36:00-04:00,7558.75,7560.25,7558.25,7560.25,101
2026-07-14 03:37:00-04:00,7560.25,7560.25,7558.25,7559.5,132
2026-07-14 03:38:00-04:00,7559.0,7561.75,7559.0,7561.0,167
2026-07-14 03:39:00-04:00,7560.75,7561.25,7559.75,7560.0,47
2026-07-14 03:40:00-04:00,7559.75,7560.0,7558.0,7558.0,61
2026-07-14 03:41:00-04:00,7557.75,7559.0,7557.0,7557.0,80
2026-07-14 03:42:00-04:00,7557.0,7557.75,7556.5,7557.0,149
2026-07-14 03:43:00-04:00,7556.75,7556.75,7555.0,7556.0,293
2026-07-14 03:44:00-04:00,7556.5,7556.5,7555.0,7555.75,150
2026-07-14 03:45:00-04:00,7555.5,7555.75,7553.75,7554.0,275
2026-07-14 03:46:00-04:00,7554.0,7555.25,7552.25,7554.75,450
2026-07-14 03:47:00-04:00,7554.75,7557.75,7554.25,7557.25,323
2026-07-14 03:48:00-04:00,7557.25,7558.0,7556.0,7558.0,204
2026-07-14 03:49:00-04:00,7558.0,7560.0,7557.0,7560.0,298
2026-07-14 03:50:00-04:00,7560.0,7561.0,7559.0,7560.0,240
2026-07-14 03:51:00-04:00,7559.75,7561.0,7559.5,7560.75,195
2026-07-14 03:52:00-04:00,7560.5,7561.25,7558.75,7561.25,155
2026-07-14 03:53:00-04:00,7561.5,7562.0,7560.5,7561.0,141
2026-07-14 03:54:00-04:00,7561.25,7562.5,7560.75,7561.0,152
2026-07-14 03:55:00-04:00,7561.0,7561.75,7559.5,7560.5,107
2026-07-14 03:56:00-04:00,7560.5,7560.75,7558.5,7559.25,122
2026-07-14 03:57:00-04:00,7559.0,7559.75,7557.5,7558.5,135
2026-07-14 03:58:00-04:00,7558.5,7559.25,7558.0,7558.25,86
2026-07-14 03:59:00-04:00,7558.5,7558.75,7558.0,7558.75,64
2026-07-14 04:00:00-04:00,7559.0,7560.0,7557.25,7559.25,449
2026-07-14 04:01:00-04:00,7559.25,7560.75,7558.5,7558.5,211
2026-07-14 04:02:00-04:00,7558.75,7561.25,7558.75,7560.5,264
2026-07-14 04:03:00-04:00,7560.0,7560.5,7554.0,7555.75,367
2026-07-14 04:04:00-04:00,7556.0,7558.5,7556.0,7558.25,158
2026-07-14 04:05:00-04:00,7558.5,7558.75,7555.25,7555.5,204
2026-07-14 04:06:00-04:00,7555.5,7556.0,7554.75,7555.5,161
2026-07-14 04:07:00-04:00,7555.75,7556.25,7552.5,7552.75,291
2026-07-14 04:08:00-04:00,7552.75,7554.5,7552.5,7554.5,184
2026-07-14 04:09:00-04:00,7554.5,7555.25,7553.25,7553.25,126
2026-07-14 04:10:00-04:00,7554.25,7555.5,7553.5,7555.5,140
2026-07-14 04:11:00-04:00,7555.0,7555.5,7554.0,7554.5,197
2026-07-14 04:12:00-04:00,7555.5,7556.5,7554.0,7556.5,104
2026-07-14 04:13:00-04:00,7556.0,7558.0,7555.0,7557.5,234
2026-07-14 04:14:00-04:00,7557.5,7557.75,7556.5,7557.5,126
2026-07-14 04:15:00-04:00,7557.5,7559.5,7557.25,7558.0,298
2026-07-14 04:16:00-04:00,7558.5,7561.25,7558.5,7561.0,213
2026-07-14 04:17:00-04:00,7561.0,7561.5,7560.5,7561.0,136
2026-07-14 04:18:00-04:00,7561.25,7562.25,7560.5,7561.75,192
2026-07-14 04:19:00-04:00,7561.25,7562.0,7561.0,7561.25,50
2026-07-14 04:20:00-04:00,7561.0,7561.5,7559.25,7560.5,200
2026-07-14 04:21:00-04:00,7560.25,7561.5,7560.25,7560.5,73
2026-07-14 04:22:00-04:00,7560.0,7561.75,7560.0,7560.25,122
2026-07-14 04:23:00-04:00,7560.0,7560.75,7559.0,7560.5,271
2026-07-14 04:24:00-04:00,7560.25,7561.5,7559.5,7559.75,82
2026-07-14 04:25:00-04:00,7560.0,7562.0,7560.0,7561.25,80
2026-07-14 04:26:00-04:00,7561.5,7562.75,7561.25,7562.25,140
2026-07-14 04:27:00-04:00,7562.25,7564.5,7562.0,7563.25,341
2026-07-14 04:28:00-04:00,7563.25,7563.75,7561.75,7562.75,151
2026-07-14 04:29:00-04:00,7562.75,7563.25,7562.0,7562.75,99
2026-07-14 04:30:00-04:00,7562.5,7563.5,7560.25,7563.5,226
2026-07-14 04:31:00-04:00,7563.25,7564.0,7563.25,7563.25,116
2026-07-14 04:32:00-04:00,7563.25,7563.5,7561.5,7562.0,109
2026-07-14 04:33:00-04:00,7562.25,7562.5,7561.25,7561.75,141
2026-07-14 04:34:00-04:00,7562.25,7563.0,7562.25,7562.5,57
2026-07-14 04:35:00-04:00,7562.0,7562.5,7560.75,7562.0,106
2026-07-14 04:36:00-04:00,7562.25,7562.75,7561.75,7562.5,116
2026-07-14 04:37:00-04:00,7562.75,7562.75,7561.25,7561.25,175
2026-07-14 04:38:00-04:00,7561.0,7561.0,7559.5,7560.5,88
2026-07-14 04:39:00-04:00,7560.25,7560.75,7559.5,7560.5,137
2026-07-14 04:40:00-04:00,7560.5,7561.25,7559.5,7559.75,86
2026-07-14 04:41:00-04:00,7560.0,7560.75,7559.75,7560.0,85
2026-07-14 04:42:00-04:00,7559.75,7560.5,7558.5,7560.25,124
2026-07-14 04:43:00-04:00,7560.0,7560.75,7560.0,7560.25,83
2026-07-14 04:44:00-04:00,7560.0,7560.5,7559.25,7559.75,73
2026-07-14 04:45:00-04:00,7559.75,7560.0,7557.75,7557.75,117
2026-07-14 04:46:00-04:00,7558.0,7558.75,7557.5,7557.5,131
2026-07-14 04:47:00-04:00,7557.75,7558.25,7556.5,7558.25,154
2026-07-14 04:48:00-04:00,7558.25,7558.25,7555.25,7556.0,207
2026-07-14 04:49:00-04:00,7556.0,7556.25,7554.75,7554.75,161
2026-07-14 04:50:00-04:00,7555.0,7555.0,7554.0,7554.0,102
2026-07-14 04:51:00-04:00,7554.0,7555.25,7552.75,7554.75,249
2026-07-14 04:52:00-04:00,7554.75,7555.5,7554.5,7555.0,150
2026-07-14 04:53:00-04:00,7554.75,7555.0,7554.0,7555.0,97
2026-07-14 04:54:00-04:00,7554.75,7557.75,7554.75,7557.25,194
2026-07-14 04:55:00-04:00,7557.5,7558.0,7556.75,7557.25,101
2026-07-14 04:56:00-04:00,7557.25,7557.5,7556.25,7556.75,82
2026-07-14 04:57:00-04:00,7556.75,7557.0,7554.5,7554.75,172
2026-07-14 04:58:00-04:00,7554.75,7556.0,7554.0,7555.75,130
2026-07-14 04:59:00-04:00,7555.5,7555.5,7554.5,7554.5,83
2026-07-14 05:00:00-04:00,7554.5,7554.75,7551.5,7554.25,435
2026-07-14 05:01:00-04:00,7554.0,7555.25,7553.25,7555.25,209
2026-07-14 05:02:00-04:00,7555.25,7556.5,7555.25,7555.5,185
2026-07-14 05:03:00-04:00,7555.25,7556.0,7554.0,7556.0,132
2026-07-14 05:04:00-04:00,7556.25,7558.5,7556.0,7558.25,213
2026-07-14 05:05:00-04:00,7558.5,7559.25,7557.25,7557.75,199
2026-07-14 05:06:00-04:00,7557.75,7557.75,7555.5,7556.25,231
2026-07-14 05:07:00-04:00,7556.5,7557.25,7556.25,7556.75,167
2026-07-14 05:08:00-04:00,7557.0,7560.25,7557.0,7560.0,292
2026-07-14 05:09:00-04:00,7560.0,7561.0,7559.75,7560.5,256
2026-07-14 05:10:00-04:00,7560.75,7560.75,7558.5,7560.75,221
2026-07-14 05:11:00-04:00,7561.0,7563.75,7560.5,7561.5,423
2026-07-14 05:12:00-04:00,7561.25,7563.25,7561.25,7562.75,180
2026-07-14 05:13:00-04:00,7562.75,7563.75,7561.75,7562.0,203
2026-07-14 05:14:00-04:00,7562.0,7563.25,7562.0,7563.0,88
2026-07-14 05:15:00-04:00,7563.0,7563.25,7561.5,7563.25,148
2026-07-14 05:16:00-04:00,7563.5,7563.75,7562.0,7562.75,213
2026-07-14 05:17:00-04:00,7562.5,7562.5,7559.75,7560.0,189
2026-07-14 05:18:00-04:00,7560.0,7560.5,7557.75,7558.25,608
2026-07-14 05:19:00-04:00,7558.25,7560.0,7558.0,7559.5,82
2026-07-14 05:20:00-04:00,7559.75,7560.0,7558.25,7558.25,60
2026-07-14 05:21:00-04:00,7558.5,7559.5,7558.5,7559.25,85
2026-07-14 05:22:00-04:00,7559.25,7559.75,7558.75,7559.25,75
2026-07-14 05:23:00-04:00,7559.0,7559.5,7557.75,7558.0,82
2026-07-14 05:24:00-04:00,7557.75,7558.5,7557.0,7558.25,145
2026-07-14 05:25:00-04:00,7558.0,7558.5,7557.0,7557.0,130
2026-07-14 05:26:00-04:00,7557.25,7557.75,7557.0,7557.75,102
2026-07-14 05:27:00-04:00,7557.75,7558.0,7556.25,7556.75,103
2026-07-14 05:28:00-04:00,7556.25,7557.25,7555.75,7556.0,134
2026-07-14 05:29:00-04:00,7556.0,7556.0,7554.0,7554.25,344
2026-07-14 05:30:00-04:00,7554.5,7556.25,7554.5,7556.0,181
2026-07-14 05:31:00-04:00,7556.0,7556.5,7555.0,7555.0,127
2026-07-14 05:32:00-04:00,7555.0,7556.75,7554.75,7556.25,146
2026-07-14 05:33:00-04:00,7556.0,7557.0,7555.5,7557.0,148
2026-07-14 05:34:00-04:00,7556.75,7557.5,7555.75,7556.25,116
2026-07-14 05:35:00-04:00,7556.5,7557.5,7556.5,7557.5,117
2026-07-14 05:36:00-04:00,7557.75,7557.75,7556.0,7556.0,85
2026-07-14 05:37:00-04:00,7556.0,7557.75,7556.0,7557.25,117
2026-07-14 05:38:00-04:00,7556.75,7557.5,7556.75,7557.25,112
2026-07-14 05:39:00-04:00,7557.5,7557.75,7557.25,7557.5,28
2026-07-14 05:40:00-04:00,7557.5,7558.5,7557.5,7558.25,81
2026-07-14 05:41:00-04:00,7558.25,7558.75,7557.25,7557.5,235
2026-07-14 05:42:00-04:00,7557.5,7558.75,7557.0,7558.5,136
2026-07-14 05:43:00-04:00,7558.5,7559.0,7558.0,7558.25,118
2026-07-14 05:44:00-04:00,7558.25,7558.5,7557.25,7557.5,74
2026-07-14 05:45:00-04:00,7557.25,7558.5,7556.75,7558.25,114
2026-07-14 05:46:00-04:00,7558.5,7558.5,7557.25,7557.75,51
2026-07-14 05:47:00-04:00,7557.75,7559.5,7557.25,7559.25,143
2026-07-14 05:48:00-04:00,7559.5,7561.25,7559.5,7560.5,246
2026-07-14 05:49:00-04:00,7560.5,7561.75,7560.0,7561.25,108
2026-07-14 05:50:00-04:00,7561.0,7561.5,7559.75,7560.25,81
2026-07-14 05:51:00-04:00,7560.5,7560.75,7558.5,7558.5,226
2026-07-14 05:52:00-04:00,7558.5,7559.25,7558.0,7558.0,86
2026-07-14 05:53:00-04:00,7558.0,7559.25,7558.0,7558.75,90
2026-07-14 05:54:00-04:00,7558.5,7558.75,7557.75,7558.75,102
2026-07-14 05:55:00-04:00,7558.75,7558.75,7557.75,7558.0,76
2026-07-14 05:56:00-04:00,7558.25,7558.25,7557.0,7557.25,76
2026-07-14 05:57:00-04:00,7557.25,7557.75,7557.25,7557.25,31
2026-07-14 05:58:00-04:00,7558.5,7558.5,7557.5,7557.5,42
2026-07-14 05:59:00-04:00,7557.75,7558.0,7557.0,7557.5,49
2026-07-14 06:00:00-04:00,7557.75,7557.75,7556.5,7557.5,151
2026-07-14 06:01:00-04:00,7557.75,7558.5,7557.5,7558.5,74
2026-07-14 06:02:00-04:00,7558.25,7559.25,7558.0,7558.75,92
2026-07-14 06:03:00-04:00,7558.75,7559.0,7557.75,7558.25,85
2026-07-14 06:04:00-04:00,7558.0,7559.5,7558.0,7559.5,67
2026-07-14 06:05:00-04:00,7559.5,7559.75,7558.0,7558.25,60
2026-07-14 06:06:00-04:00,7558.5,7559.5,7557.75,7559.25,90
2026-07-14 06:07:00-04:00,7559.0,7560.5,7559.0,7560.0,86
2026-07-14 06:08:00-04:00,7559.5,7560.25,7559.5,7560.0,44
2026-07-14 06:09:00-04:00,7560.0,7560.25,7559.75,7560.25,50
2026-07-14 06:10:00-04:00,7560.25,7560.5,7560.0,7560.25,57
2026-07-14 06:11:00-04:00,7560.5,7561.0,7560.0,7560.25,34
2026-07-14 06:12:00-04:00,7560.25,7560.25,7559.5,7559.5,56
2026-07-14 06:13:00-04:00,7559.75,7559.75,7557.25,7557.5,214
2026-07-14 06:14:00-04:00,7557.25,7558.0,7556.5,7558.0,176
2026-07-14 06:15:00-04:00,7557.75,7558.25,7557.25,7557.75,97
2026-07-14 06:16:00-04:00,7557.75,7558.5,7557.25,7557.5,130
2026-07-14 06:17:00-04:00,7557.0,7558.0,7556.25,7558.0,93
2026-07-14 06:18:00-04:00,7557.5,7558.5,7557.25,7558.25,105
2026-07-14 06:19:00-04:00,7558.5,7559.0,7558.0,7558.0,98
2026-07-14 06:20:00-04:00,7558.0,7558.25,7557.5,7557.5,186
2026-07-14 06:21:00-04:00,7557.5,7557.75,7557.0,7557.25,66
2026-07-14 06:22:00-04:00,7557.25,7557.75,7556.75,7556.75,66
2026-07-14 06:23:00-04:00,7556.75,7557.5,7556.75,7557.5,27
2026-07-14 06:24:00-04:00,7557.25,7558.25,7557.0,7558.0,53
2026-07-14 06:25:00-04:00,7557.75,7558.0,7557.0,7557.25,96
2026-07-14 06:26:00-04:00,7557.0,7557.0,7555.5,7555.75,132
2026-07-14 06:27:00-04:00,7556.25,7557.25,7556.25,7557.0,65
2026-07-14 06:28:00-04:00,7557.0,7557.75,7556.75,7557.25,118
2026-07-14 06:29:00-04:00,7557.25,7558.5,7557.25,7558.25,94
2026-07-14 06:30:00-04:00,7558.0,7559.0,7557.5,7557.75,71
2026-07-14 06:31:00-04:00,7557.75,7561.25,7554.0,7554.75,2067
2026-07-14 06:32:00-04:00,7554.75,7557.0,7554.5,7556.0,201
2026-07-14 06:33:00-04:00,7555.5,7557.5,7555.25,7556.5,163
2026-07-14 06:34:00-04:00,7556.5,7557.25,7556.25,7557.0,104
2026-07-14 06:35:00-04:00,7556.5,7558.5,7556.0,7558.5,149
2026-07-14 06:36:00-04:00,7558.25,7560.75,7557.75,7560.75,439
2026-07-14 06:37:00-04:00,7560.25,7564.5,7560.25,7564.5,490
2026-07-14 06:38:00-04:00,7564.5,7565.75,7563.0,7563.5,717
2026-07-14 06:39:00-04:00,7563.5,7564.5,7560.5,7560.5,417
2026-07-14 06:40:00-04:00,7560.75,7560.75,7559.5,7560.0,439
2026-07-14 06:41:00-04:00,7560.25,7560.5,7557.5,7557.75,318
2026-07-14 06:42:00-04:00,7557.75,7557.75,7556.75,7557.0,271
2026-07-14 06:43:00-04:00,7557.25,7558.25,7556.25,7556.5,193
2026-07-14 06:44:00-04:00,7556.5,7558.0,7556.0,7556.75,268
2026-07-14 06:45:00-04:00,7556.75,7557.0,7556.0,7556.5,125
2026-07-14 06:46:00-04:00,7556.5,7558.0,7556.25,7558.0,178
2026-07-14 06:47:00-04:00,7558.0,7558.25,7556.5,7557.25,153
2026-07-14 06:48:00-04:00,7557.25,7557.75,7556.0,7557.75,229
2026-07-14 06:49:00-04:00,7558.0,7559.5,7558.0,7558.75,156
2026-07-14 06:50:00-04:00,7558.25,7560.0,7558.0,7559.75,108
2026-07-14 06:51:00-04:00,7560.0,7560.0,7558.5,7558.5,65
2026-07-14 06:52:00-04:00,7558.75,7559.0,7557.5,7557.75,124
2026-07-14 06:53:00-04:00,7557.75,7558.5,7557.0,7557.75,195
2026-07-14 06:54:00-04:00,7557.5,7557.75,7555.75,7556.25,216
2026-07-14 06:55:00-04:00,7556.0,7556.75,7554.5,7554.75,243
2026-07-14 06:56:00-04:00,7554.75,7556.0,7553.5,7553.75,245
2026-07-14 06:57:00-04:00,7553.75,7554.75,7553.5,7554.75,245
2026-07-14 06:58:00-04:00,7554.5,7556.75,7554.5,7556.5,153
2026-07-14 06:59:00-04:00,7556.5,7557.25,7556.0,7557.0,193
2026-07-14 07:00:00-04:00,7557.0,7558.0,7551.5,7552.0,1079
2026-07-14 07:01:00-04:00,7552.0,7552.25,7549.75,7551.25,1043
2026-07-14 07:02:00-04:00,7551.25,7551.75,7546.25,7549.0,1020
2026-07-14 07:03:00-04:00,7549.0,7549.0,7546.75,7547.75,477
2026-07-14 07:04:00-04:00,7547.5,7548.75,7546.25,7547.5,524
2026-07-14 07:05:00-04:00,7547.5,7549.0,7546.0,7548.25,532
2026-07-14 07:06:00-04:00,7548.0,7549.75,7546.75,7549.5,497
2026-07-14 07:07:00-04:00,7549.75,7550.25,7547.25,7548.25,450
2026-07-14 07:08:00-04:00,7548.75,7549.5,7545.5,7545.5,372
2026-07-14 07:09:00-04:00,7545.5,7546.75,7544.5,7545.75,415
2026-07-14 07:10:00-04:00,7545.75,7546.25,7543.5,7544.25,539
2026-07-14 07:11:00-04:00,7544.25,7548.0,7544.0,7547.0,454
2026-07-14 07:12:00-04:00,7546.75,7548.0,7544.75,7546.25,424
2026-07-14 07:13:00-04:00,7546.25,7549.0,7545.75,7548.75,458
2026-07-14 07:14:00-04:00,7549.0,7553.75,7548.25,7553.0,783
2026-07-14 07:15:00-04:00,7553.0,7555.25,7552.25,7554.25,822
2026-07-14 07:16:00-04:00,7554.25,7555.0,7553.25,7554.5,316
2026-07-14 07:17:00-04:00,7554.5,7555.25,7553.0,7553.5,319
2026-07-14 07:18:00-04:00,7553.75,7555.25,7553.0,7554.5,428
2026-07-14 07:19:00-04:00,7554.25,7556.5,7553.0,7556.25,674
2026-07-14 07:20:00-04:00,7556.5,7557.75,7555.5,7556.75,628
2026-07-14 07:21:00-04:00,7556.75,7557.25,7554.0,7555.0,366
2026-07-14 07:22:00-04:00,7555.0,7556.25,7554.25,7556.25,259
2026-07-14 07:23:00-04:00,7556.0,7557.75,7555.25,7557.25,326
2026-07-14 07:24:00-04:00,7557.25,7563.0,7557.25,7561.75,1878
2026-07-14 07:25:00-04:00,7561.75,7564.25,7560.25,7562.75,1624
2026-07-14 07:26:00-04:00,7562.5,7563.5,7560.0,7560.0,509
2026-07-14 07:27:00-04:00,7560.0,7560.75,7558.75,7560.5,720
2026-07-14 07:28:00-04:00,7560.25,7562.5,7559.25,7559.75,491
2026-07-14 07:29:00-04:00,7559.75,7560.0,7557.75,7558.5,313
2026-07-14 07:30:00-04:00,7558.5,7560.25,7558.25,7559.5,510
2026-07-14 07:31:00-04:00,7559.25,7560.0,7558.25,7559.25,217
2026-07-14 07:32:00-04:00,7559.0,7562.25,7559.0,7562.25,294
2026-07-14 07:33:00-04:00,7562.5,7563.0,7558.0,7558.25,565
2026-07-14 07:34:00-04:00,7558.5,7558.5,7555.75,7556.75,488
2026-07-14 07:35:00-04:00,7556.75,7557.25,7556.0,7556.75,187
2026-07-14 07:36:00-04:00,7556.5,7557.0,7555.25,7555.5,227
2026-07-14 07:37:00-04:00,7555.5,7555.5,7553.25,7554.5,368
2026-07-14 07:38:00-04:00,7554.5,7555.25,7553.5,7555.0,232
2026-07-14 07:39:00-04:00,7555.0,7555.75,7554.5,7555.75,156
2026-07-14 07:40:00-04:00,7555.75,7556.75,7554.5,7555.0,287
2026-07-14 07:41:00-04:00,7555.0,7555.25,7553.25,7554.25,135
2026-07-14 07:42:00-04:00,7554.25,7554.25,7553.5,7554.0,191
2026-07-14 07:43:00-04:00,7553.75,7555.5,7553.75,7554.5,164
2026-07-14 07:44:00-04:00,7554.25,7554.5,7552.75,7554.0,194
2026-07-14 07:45:00-04:00,7554.0,7555.0,7553.5,7553.75,208
2026-07-14 07:46:00-04:00,7553.5,7555.25,7553.5,7555.0,182
2026-07-14 07:47:00-04:00,7555.25,7558.25,7555.25,7557.75,374
2026-07-14 07:48:00-04:00,7557.5,7559.75,7557.0,7559.25,480
2026-07-14 07:49:00-04:00,7559.25,7559.75,7557.0,7557.25,255
2026-07-14 07:50:00-04:00,7557.0,7558.0,7556.75,7558.0,150
2026-07-14 07:51:00-04:00,7557.75,7557.75,7556.75,7557.75,241
2026-07-14 07:52:00-04:00,7557.75,7558.5,7557.0,7557.75,223
2026-07-14 07:53:00-04:00,7558.0,7558.25,7557.0,7557.25,180
2026-07-14 07:54:00-04:00,7557.25,7557.75,7556.25,7556.25,196
2026-07-14 07:55:00-04:00,7556.0,7557.25,7555.75,7556.75,98
2026-07-14 07:56:00-04:00,7556.5,7557.25,7554.75,7555.5,226
2026-07-14 07:57:00-04:00,7555.25,7555.5,7554.25,7554.25,220
2026-07-14 07:58:00-04:00,7554.5,7554.5,7553.75,7554.25,191
2026-07-14 07:59:00-04:00,7554.0,7556.25,7554.0,7555.5,425
2026-07-14 08:00:00-04:00,7555.5,7556.0,7554.0,7554.25,324
2026-07-14 08:01:00-04:00,7554.25,7554.25,7552.75,7553.0,446
2026-07-14 08:02:00-04:00,7552.75,7553.0,7551.25,7551.25,500
2026-07-14 08:03:00-04:00,7551.25,7554.25,7550.25,7551.25,1279
2026-07-14 08:04:00-04:00,7551.0,7551.0,7548.25,7549.0,590
2026-07-14 08:05:00-04:00,7549.0,7549.5,7547.25,7548.75,483
2026-07-14 08:06:00-04:00,7548.75,7549.0,7547.5,7548.5,248
2026-07-14 08:07:00-04:00,7548.25,7548.5,7546.75,7547.75,336
2026-07-14 08:08:00-04:00,7547.5,7549.25,7547.25,7549.25,529
2026-07-14 08:09:00-04:00,7549.25,7549.75,7547.5,7548.0,398
2026-07-14 08:10:00-04:00,7548.0,7549.0,7547.25,7548.25,309
2026-07-14 08:11:00-04:00,7548.25,7548.75,7544.5,7545.25,650
2026-07-14 08:12:00-04:00,7545.25,7547.5,7545.25,7547.5,239
2026-07-14 08:13:00-04:00,7547.25,7548.75,7546.5,7547.75,251
2026-07-14 08:14:00-04:00,7547.75,7548.75,7547.5,7547.5,164
2026-07-14 08:15:00-04:00,7547.75,7547.75,7545.25,7546.75,177
2026-07-14 08:16:00-04:00,7546.75,7548.5,7546.0,7547.75,356
2026-07-14 08:17:00-04:00,7547.75,7548.5,7547.0,7547.75,252
2026-07-14 08:18:00-04:00,7548.0,7549.25,7547.5,7549.25,316
2026-07-14 08:19:00-04:00,7549.25,7551.0,7549.0,7549.5,575
2026-07-14 08:20:00-04:00,7549.5,7549.5,7548.25,7549.0,298
2026-07-14 08:21:00-04:00,7549.0,7550.5,7548.25,7550.5,187
2026-07-14 08:22:00-04:00,7550.5,7554.0,7550.25,7553.75,571
2026-07-14 08:23:00-04:00,7553.5,7556.25,7553.25,7556.0,535
2026-07-14 08:24:00-04:00,7555.75,7557.75,7554.75,7557.25,549
2026-07-14 08:25:00-04:00,7557.5,7558.75,7556.5,7557.75,579
2026-07-14 08:26:00-04:00,7558.0,7559.0,7557.5,7557.75,327
2026-07-14 08:27:00-04:00,7558.0,7559.25,7557.5,7558.75,287
2026-07-14 08:28:00-04:00,7559.0,7559.5,7556.25,7556.5,429
2026-07-14 08:29:00-04:00,7556.25,7561.5,7555.75,7561.5,552
2026-07-14 08:30:00-04:00,7559.25,7611.5,7556.5,7610.25,11558
2026-07-14 08:31:00-04:00,7610.25,7613.75,7596.0,7603.75,3849
2026-07-14 08:32:00-04:00,7603.5,7605.25,7597.5,7599.25,2066
2026-07-14 08:33:00-04:00,7599.0,7602.25,7597.5,7599.5,1734
2026-07-14 08:34:00-04:00,7599.25,7599.5,7594.5,7596.0,1928
2026-07-14 08:35:00-04:00,7595.25,7596.25,7589.5,7591.75,2254
2026-07-14 08:36:00-04:00,7592.0,7593.0,7587.0,7591.0,2174
2026-07-14 08:37:00-04:00,7590.75,7592.25,7586.25,7586.5,1182
2026-07-14 08:38:00-04:00,7586.25,7589.75,7585.75,7587.75,915
2026-07-14 08:39:00-04:00,7587.75,7588.0,7582.0,7586.75,1678
2026-07-14 08:40:00-04:00,7587.0,7587.5,7584.5,7585.75,833
2026-07-14 08:41:00-04:00,7586.0,7586.75,7581.75,7586.75,899
2026-07-14 08:42:00-04:00,7586.25,7590.25,7585.5,7589.5,1511
2026-07-14 08:43:00-04:00,7589.75,7591.0,7586.5,7589.0,1320
2026-07-14 08:44:00-04:00,7588.75,7589.0,7586.0,7587.75,716
2026-07-14 08:45:00-04:00,7588.25,7590.0,7584.75,7589.5,1082
2026-07-14 08:46:00-04:00,7589.25,7589.5,7586.5,7587.25,560
2026-07-14 08:47:00-04:00,7587.25,7587.25,7581.0,7581.0,1437
2026-07-14 08:48:00-04:00,7581.5,7584.0,7581.25,7582.5,863
2026-07-14 08:49:00-04:00,7582.0,7584.5,7581.25,7583.25,565
2026-07-14 08:50:00-04:00,7583.0,7583.0,7579.25,7581.75,1179
2026-07-14 08:51:00-04:00,7581.5,7581.75,7577.75,7578.75,1182
2026-07-14 08:52:00-04:00,7579.0,7580.75,7576.75,7577.5,1332
2026-07-14 08:53:00-04:00,7577.75,7579.75,7577.0,7578.5,919
2026-07-14 08:54:00-04:00,7578.75,7579.75,7578.25,7579.75,659
2026-07-14 08:55:00-04:00,7579.5,7581.5,7577.25,7578.25,752
2026-07-14 08:56:00-04:00,7577.75,7578.25,7575.5,7577.0,1016
2026-07-14 08:57:00-04:00,7577.0,7579.0,7576.75,7579.0,767
2026-07-14 08:58:00-04:00,7578.75,7579.5,7577.75,7578.5,810
2026-07-14 08:59:00-04:00,7578.75,7581.25,7578.5,7579.5,881
2026-07-14 09:00:00-04:00,7579.75,7582.0,7579.25,7581.75,1245
2026-07-14 09:01:00-04:00,7581.75,7584.0,7580.75,7583.0,1287
2026-07-14 09:02:00-04:00,7582.75,7583.25,7580.25,7580.25,768
2026-07-14 09:03:00-04:00,7580.25,7580.25,7577.25,7578.0,1161
2026-07-14 09:04:00-04:00,7578.25,7579.75,7578.0,7579.5,516
2026-07-14 09:05:00-04:00,7579.75,7582.75,7578.75,7582.5,644
2026-07-14 09:06:00-04:00,7582.5,7583.0,7581.0,7582.5,515
2026-07-14 09:07:00-04:00,7582.5,7583.75,7580.75,7582.75,650
2026-07-14 09:08:00-04:00,7582.75,7583.75,7581.0,7582.0,424
2026-07-14 09:09:00-04:00,7582.0,7582.0,7579.25,7579.75,442
2026-07-14 09:10:00-04:00,7579.75,7581.5,7579.5,7581.0,326
2026-07-14 09:11:00-04:00,7581.0,7582.25,7581.0,7581.75,558
2026-07-14 09:12:00-04:00,7581.5,7581.75,7579.25,7579.25,487
2026-07-14 09:13:00-04:00,7579.5,7579.75,7578.0,7578.75,673
2026-07-14 09:14:00-04:00,7578.5,7579.5,7577.5,7579.25,556
2026-07-14 09:15:00-04:00,7579.25,7579.5,7577.25,7578.25,425
2026-07-14 09:16:00-04:00,7578.25,7580.5,7578.0,7578.25,803
2026-07-14 09:17:00-04:00,7578.25,7580.0,7577.5,7578.0,506
2026-07-14 09:18:00-04:00,7578.0,7578.25,7576.75,7577.0,551
2026-07-14 09:19:00-04:00,7576.75,7577.75,7574.5,7575.0,1011
2026-07-14 09:20:00-04:00,7575.0,7577.5,7571.0,7577.5,1866
2026-07-14 09:21:00-04:00,7577.25,7581.25,7576.5,7581.0,1030
2026-07-14 09:22:00-04:00,7581.0,7582.0,7579.5,7580.5,879
2026-07-14 09:23:00-04:00,7580.25,7581.0,7579.75,7580.25,354
2026-07-14 09:24:00-04:00,7580.5,7581.5,7580.25,7581.25,456
2026-07-14 09:25:00-04:00,7581.0,7583.25,7580.5,7582.25,1363
2026-07-14 09:26:00-04:00,7582.0,7583.0,7580.75,7582.0,663
2026-07-14 09:27:00-04:00,7582.0,7585.0,7581.0,7583.75,1189
2026-07-14 09:28:00-04:00,7583.5,7583.75,7581.25,7581.25,989
2026-07-14 09:29:00-04:00,7581.25,7581.25,7578.25,7579.5,1516
2026-07-14 09:30:00-04:00,7579.5,7581.0,7571.5,7576.5,6740
2026-07-14 09:31:00-04:00,7576.5,7579.25,7568.5,7570.5,4626
2026-07-14 09:32:00-04:00,7570.25,7574.25,7567.5,7568.0,4067
2026-07-14 09:33:00-04:00,7567.75,7569.25,7565.5,7568.5,4072
2026-07-14 09:34:00-04:00,7568.5,7569.75,7565.25,7566.25,3159
2026-07-14 09:35:00-04:00,7566.25,7569.25,7564.25,7566.0,4079
2026-07-14 09:36:00-04:00,7565.75,7570.75,7565.0,7569.5,3534
2026-07-14 09:37:00-04:00,7569.75,7577.5,7568.75,7576.0,5470
2026-07-14 09:38:00-04:00,7576.0,7582.5,7574.25,7581.75,4718
2026-07-14 09:39:00-04:00,7581.75,7583.75,7580.0,7582.0,3581
2026-07-14 09:40:00-04:00,7582.0,7582.5,7577.75,7580.25,4204
2026-07-14 09:41:00-04:00,7580.25,7583.0,7578.0,7582.25,2415
2026-07-14 09:42:00-04:00,7582.0,7585.5,7576.5,7578.0,5711
2026-07-14 09:43:00-04:00,7578.25,7582.5,7575.5,7581.0,3760
2026-07-14 09:44:00-04:00,7581.0,7584.25,7580.25,7583.25,3049
2026-07-14 09:45:00-04:00,7583.0,7588.25,7582.25,7587.0,4632
2026-07-14 09:46:00-04:00,7587.0,7588.0,7581.25,7583.25,3786
2026-07-14 09:47:00-04:00,7583.0,7583.75,7576.0,7578.0,3890
2026-07-14 09:48:00-04:00,7578.5,7581.75,7577.25,7578.5,2423
2026-07-14 09:49:00-04:00,7578.25,7580.5,7577.5,7579.75,1600
2026-07-14 09:50:00-04:00,7580.0,7583.75,7578.75,7580.5,2717
2026-07-14 09:51:00-04:00,7580.5,7583.5,7579.75,7581.25,2223
2026-07-14 09:52:00-04:00,7581.5,7582.75,7576.0,7577.25,2655
2026-07-14 09:53:00-04:00,7577.0,7583.5,7576.5,7583.25,2537
2026-07-14 09:54:00-04:00,7583.0,7586.5,7580.75,7581.0,2817
2026-07-14 09:55:00-04:00,7581.0,7582.75,7577.25,7578.0,2573
2026-07-14 09:56:00-04:00,7578.0,7582.0,7578.0,7580.75,1694
2026-07-14 09:57:00-04:00,7580.5,7584.25,7579.75,7583.5,1458
2026-07-14 09:58:00-04:00,7583.5,7586.0,7583.0,7583.5,1793
2026-07-14 09:59:00-04:00,7583.5,7586.0,7582.5,7583.75,1399
2026-07-14 10:00:00-04:00,7583.5,7585.25,7580.0,7581.0,2551
2026-07-14 10:01:00-04:00,7581.0,7581.5,7576.75,7577.75,3450
2026-07-14 10:02:00-04:00,7577.5,7577.75,7572.25,7575.25,4190
2026-07-14 10:03:00-04:00,7575.5,7580.0,7572.25,7577.75,3832
2026-07-14 10:04:00-04:00,7577.75,7579.75,7574.25,7574.75,1989
2026-07-14 10:05:00-04:00,7574.5,7574.5,7569.25,7573.5,4249
2026-07-14 10:06:00-04:00,7573.5,7575.5,7571.25,7575.0,2497
2026-07-14 10:07:00-04:00,7574.75,7577.25,7572.5,7574.75,2373
2026-07-14 10:08:00-04:00,7574.75,7576.5,7571.25,7572.75,2153
2026-07-14 10:09:00-04:00,7573.0,7573.25,7568.75,7572.75,3055
2026-07-14 10:10:00-04:00,7572.5,7575.5,7568.75,7569.5,3061
2026-07-14 10:11:00-04:00,7569.75,7571.0,7567.75,7569.5,2632
2026-07-14 10:12:00-04:00,7569.5,7574.0,7568.75,7572.0,2264
2026-07-14 10:13:00-04:00,7572.25,7574.0,7569.25,7570.75,1556
2026-07-14 10:14:00-04:00,7571.0,7575.25,7568.25,7574.5,2305
2026-07-14 10:15:00-04:00,7574.5,7574.5,7565.25,7565.25,4134
2026-07-14 10:16:00-04:00,7565.25,7565.5,7556.5,7562.0,8383
2026-07-14 10:17:00-04:00,7562.0,7563.75,7560.5,7561.75,3046
2026-07-14 10:18:00-04:00,7561.75,7565.5,7560.5,7564.25,2764
2026-07-14 10:19:00-04:00,7564.25,7570.5,7564.0,7568.75,4048
2026-07-14 10:20:00-04:00,7568.75,7574.5,7568.0,7573.5,3787
2026-07-14 10:21:00-04:00,7573.5,7574.5,7570.75,7574.25,2321
2026-07-14 10:22:00-04:00,7574.25,7579.25,7573.75,7578.5,4247
2026-07-14 10:23:00-04:00,7578.25,7578.75,7572.5,7573.75,2632
2026-07-14 10:24:00-04:00,7574.0,7577.25,7571.25,7571.75,2452
2026-07-14 10:25:00-04:00,7571.75,7574.25,7570.0,7573.75,2531
2026-07-14 10:26:00-04:00,7573.75,7583.5,7571.25,7577.5,4960
2026-07-14 10:27:00-04:00,7577.5,7578.25,7573.5,7575.0,2213
2026-07-14 10:28:00-04:00,7574.75,7576.0,7572.75,7574.25,1676
2026-07-14 10:29:00-04:00,7574.25,7578.25,7572.0,7577.25,1851
2026-07-14 10:30:00-04:00,7577.5,7580.0,7575.75,7576.5,2433
2026-07-14 10:31:00-04:00,7576.5,7578.25,7575.0,7577.75,1527
2026-07-14 10:32:00-04:00,7578.0,7584.5,7577.25,7584.5,3496
2026-07-14 10:33:00-04:00,7584.25,7586.5,7582.75,7584.75,3063
2026-07-14 10:34:00-04:00,7584.75,7604.25,7584.75,7591.0,17336
2026-07-14 10:35:00-04:00,7590.75,7592.0,7587.0,7589.75,4188
2026-07-14 10:36:00-04:00,7589.5,7592.0,7588.5,7589.5,2669
2026-07-14 10:37:00-04:00,7589.75,7590.75,7586.5,7587.75,2441
2026-07-14 10:38:00-04:00,7587.75,7590.25,7585.75,7590.0,2335
2026-07-14 10:39:00-04:00,7589.75,7590.75,7588.25,7589.75,1490
2026-07-14 10:40:00-04:00,7590.0,7593.75,7589.25,7592.75,3045
2026-07-14 10:41:00-04:00,7592.5,7592.75,7588.5,7589.25,1938
2026-07-14 10:42:00-04:00,7589.5,7592.0,7586.75,7587.0,1820
2026-07-14 10:43:00-04:00,7587.0,7587.5,7581.5,7583.0,4359
2026-07-14 10:44:00-04:00,7582.75,7584.5,7580.0,7581.75,2918
2026-07-14 10:45:00-04:00,7581.5,7584.75,7580.5,7584.0,2632
2026-07-14 10:46:00-04:00,7584.0,7585.0,7578.25,7579.5,3361
2026-07-14 10:47:00-04:00,7579.5,7581.5,7578.25,7580.25,2102
2026-07-14 10:48:00-04:00,7580.5,7583.25,7578.75,7583.0,1575
2026-07-14 10:49:00-04:00,7582.75,7582.75,7578.0,7579.25,1553
2026-07-14 10:50:00-04:00,7579.25,7579.25,7575.25,7578.75,2857
2026-07-14 10:51:00-04:00,7578.5,7583.25,7576.75,7583.25,1977
2026-07-14 10:52:00-04:00,7583.0,7584.25,7581.25,7584.25,1751
2026-07-14 10:53:00-04:00,7584.0,7584.25,7581.25,7583.0,1245
2026-07-14 10:54:00-04:00,7583.25,7586.75,7582.5,7586.75,2068
2026-07-14 10:55:00-04:00,7586.5,7588.5,7585.75,7587.25,2276
2026-07-14 10:56:00-04:00,7587.5,7588.5,7586.0,7586.25,1394
2026-07-14 10:57:00-04:00,7586.5,7589.5,7586.0,7588.75,1431
2026-07-14 10:58:00-04:00,7588.5,7590.25,7588.0,7588.5,1755
2026-07-14 10:59:00-04:00,7588.5,7589.0,7587.25,7587.5,873
2026-07-14 11:00:00-04:00,7587.75,7590.75,7587.0,7587.5,1764
2026-07-14 11:01:00-04:00,7587.25,7588.25,7585.25,7585.75,1518
2026-07-14 11:02:00-04:00,7585.75,7587.25,7584.5,7585.5,1595
2026-07-14 11:03:00-04:00,7585.25,7586.25,7584.0,7584.5,1326
2026-07-14 11:04:00-04:00,7584.75,7600.25,7583.0,7594.0,15570
2026-07-14 11:05:00-04:00,7593.75,7595.0,7592.0,7594.5,3703
2026-07-14 11:06:00-04:00,7594.5,7597.5,7594.0,7596.0,2854
2026-07-14 11:07:00-04:00,7596.0,7597.75,7594.25,7596.25,1902
2026-07-14 11:08:00-04:00,7596.75,7601.25,7596.0,7600.25,2964
2026-07-14 11:09:00-04:00,7600.25,7601.75,7598.0,7598.75,2712
2026-07-14 11:10:00-04:00,7598.75,7601.0,7597.5,7597.5,2112
2026-07-14 11:11:00-04:00,7597.75,7599.5,7595.5,7595.75,2104
2026-07-14 11:12:00-04:00,7595.5,7597.5,7594.25,7596.5,1490
2026-07-14 11:13:00-04:00,7596.5,7597.75,7596.0,7597.25,927
2026-07-14 11:14:00-04:00,7597.0,7597.5,7595.75,7596.0,803
2026-07-14 11:15:00-04:00,7596.25,7597.5,7595.75,7596.0,808
2026-07-14 11:16:00-04:00,7596.25,7596.25,7593.0,7593.75,2036
2026-07-14 11:17:00-04:00,7593.75,7594.0,7591.25,7592.25,1197
2026-07-14 11:18:00-04:00,7592.0,7592.25,7589.5,7589.5,1922
2026-07-14 11:19:00-04:00,7589.5,7591.0,7587.5,7590.0,2293
2026-07-14 11:20:00-04:00,7589.75,7591.0,7586.75,7590.75,1968
2026-07-14 11:21:00-04:00,7590.75,7593.75,7590.5,7592.75,2218
2026-07-14 11:22:00-04:00,7592.5,7593.25,7590.75,7591.75,1358
2026-07-14 11:23:00-04:00,7591.75,7594.25,7591.5,7593.5,1130
2026-07-14 11:24:00-04:00,7593.5,7596.0,7593.25,7595.75,1391
2026-07-14 11:25:00-04:00,7595.75,7596.25,7593.5,7594.0,1832
2026-07-14 11:26:00-04:00,7594.0,7596.75,7594.0,7596.0,1074
2026-07-14 11:27:00-04:00,7595.75,7596.0,7594.25,7595.0,693
2026-07-14 11:28:00-04:00,7595.25,7597.75,7595.0,7596.5,1153
2026-07-14 11:29:00-04:00,7596.5,7598.0,7596.5,7597.5,976
2026-07-14 11:30:00-04:00,7597.0,7599.75,7597.0,7598.25,2279
2026-07-14 11:31:00-04:00,7598.0,7598.25,7595.25,7597.25,1284
2026-07-14 11:32:00-04:00,7597.25,7597.5,7594.0,7594.25,1858
2026-07-14 11:33:00-04:00,7594.25,7594.25,7590.0,7590.25,2094
2026-07-14 11:34:00-04:00,7590.25,7591.75,7589.0,7590.25,1710
2026-07-14 11:35:00-04:00,7590.25,7591.25,7585.5,7588.0,3292
2026-07-14 11:36:00-04:00,7588.25,7589.25,7586.0,7587.5,2179
2026-07-14 11:37:00-04:00,7587.75,7589.75,7587.0,7588.75,1241
2026-07-14 11:38:00-04:00,7589.0,7590.75,7588.5,7589.75,1607
2026-07-14 11:39:00-04:00,7589.75,7589.75,7587.75,7589.0,834
2026-07-14 11:40:00-04:00,7589.0,7589.0,7583.75,7585.25,2580
2026-07-14 11:41:00-04:00,7585.25,7585.5,7580.25,7582.75,3438
2026-07-14 11:42:00-04:00,7582.75,7582.75,7577.75,7581.25,2874
2026-07-14 11:43:00-04:00,7581.25,7582.25,7579.25,7582.0,1824
2026-07-14 11:44:00-04:00,7582.0,7587.0,7582.0,7586.0,2560
2026-07-14 11:45:00-04:00,7586.0,7588.5,7585.75,7586.5,1780
2026-07-14 11:46:00-04:00,7586.75,7587.25,7585.5,7586.0,834
2026-07-14 11:47:00-04:00,7586.0,7589.75,7586.0,7589.5,1154
2026-07-14 11:48:00-04:00,7589.25,7590.0,7587.25,7589.25,1245
2026-07-14 11:49:00-04:00,7589.25,7590.0,7585.75,7586.25,1277
2026-07-14 11:50:00-04:00,7586.5,7587.5,7583.0,7583.75,2081
2026-07-14 11:51:00-04:00,7583.5,7584.25,7580.5,7581.75,2003
2026-07-14 11:52:00-04:00,7581.5,7582.0,7579.5,7580.75,1509
2026-07-14 11:53:00-04:00,7581.0,7583.5,7580.25,7582.75,1045
2026-07-14 11:54:00-04:00,7583.0,7583.25,7579.25,7580.25,1104
2026-07-14 11:55:00-04:00,7580.25,7581.0,7578.25,7579.5,1480
2026-07-14 11:56:00-04:00,7580.0,7582.25,7579.75,7581.0,1347
2026-07-14 11:57:00-04:00,7581.0,7581.75,7576.25,7578.0,2131
2026-07-14 11:58:00-04:00,7577.75,7579.5,7576.75,7577.5,1189
2026-07-14 11:59:00-04:00,7577.75,7580.5,7577.0,7580.0,1396
2026-07-14 12:00:00-04:00,7580.25,7580.75,7573.75,7574.5,3107
2026-07-14 12:01:00-04:00,7574.75,7576.75,7572.75,7573.75,2096
2026-07-14 12:02:00-04:00,7573.5,7574.25,7571.75,7573.25,1603
2026-07-14 12:03:00-04:00,7573.0,7574.0,7570.25,7571.0,2001
2026-07-14 12:04:00-04:00,7571.0,7573.75,7570.5,7573.25,1623
2026-07-14 12:05:00-04:00,7573.5,7575.25,7572.5,7573.0,2175
2026-07-14 12:06:00-04:00,7573.25,7575.0,7571.5,7574.75,1272
2026-07-14 12:07:00-04:00,7574.75,7574.75,7570.0,7572.25,2505
2026-07-14 12:08:00-04:00,7572.25,7575.25,7571.75,7575.25,1161
2026-07-14 12:09:00-04:00,7575.0,7577.0,7574.25,7574.75,2270
2026-07-14 12:10:00-04:00,7574.75,7575.75,7571.25,7571.75,1786
2026-07-14 12:11:00-04:00,7571.75,7573.75,7570.0,7573.75,1603
2026-07-14 12:12:00-04:00,7573.75,7574.25,7571.75,7572.75,1034
2026-07-14 12:13:00-04:00,7572.75,7576.25,7572.25,7575.25,1778
2026-07-14 12:14:00-04:00,7575.25,7576.5,7574.75,7575.5,1135
2026-07-14 12:15:00-04:00,7575.5,7576.25,7570.0,7571.75,2742
2026-07-14 12:16:00-04:00,7572.25,7573.75,7571.0,7573.0,798
2026-07-14 12:17:00-04:00,7573.25,7574.25,7571.0,7572.5,752
2026-07-14 12:18:00-04:00,7572.25,7574.0,7572.0,7573.5,564
2026-07-14 12:19:00-04:00,7573.5,7574.5,7571.0,7574.5,829
2026-07-14 12:20:00-04:00,7574.25,7576.0,7573.25,7573.25,1085
2026-07-14 12:21:00-04:00,7573.5,7574.0,7571.5,7572.75,764
2026-07-14 12:22:00-04:00,7573.0,7574.0,7571.25,7572.0,1040
2026-07-14 12:23:00-04:00,7572.0,7573.25,7570.0,7571.25,995
2026-07-14 12:24:00-04:00,7571.25,7573.75,7571.0,7573.25,618
2026-07-14 12:25:00-04:00,7573.25,7574.5,7572.5,7573.75,1001
2026-07-14 12:26:00-04:00,7573.75,7574.75,7573.5,7574.5,653
2026-07-14 12:27:00-04:00,7574.5,7579.0,7574.25,7578.0,2506
2026-07-14 12:28:00-04:00,7578.0,7578.75,7576.75,7577.5,1235
2026-07-14 12:29:00-04:00,7577.5,7579.5,7577.5,7578.25,1005
2026-07-14 12:30:00-04:00,7578.0,7579.5,7577.25,7579.25,1090
2026-07-14 12:31:00-04:00,7579.5,7580.75,7578.75,7580.25,1297
2026-07-14 12:32:00-04:00,7580.25,7581.25,7578.0,7578.25,1126
2026-07-14 12:33:00-04:00,7578.0,7578.5,7576.25,7578.5,1267
2026-07-14 12:34:00-04:00,7578.5,7581.0,7577.5,7581.0,781
2026-07-14 12:35:00-04:00,7580.75,7582.75,7580.5,7581.25,1601
2026-07-14 12:36:00-04:00,7581.5,7583.75,7581.25,7582.5,1497
2026-07-14 12:37:00-04:00,7582.25,7582.5,7580.75,7580.75,755
2026-07-14 12:38:00-04:00,7581.0,7583.5,7579.75,7583.0,1219
2026-07-14 12:39:00-04:00,7583.0,7583.0,7582.25,7582.75,521
2026-07-14 12:40:00-04:00,7582.75,7584.25,7581.25,7584.0,1469
2026-07-14 12:41:00-04:00,7584.0,7586.25,7583.75,7585.5,1614
2026-07-14 12:42:00-04:00,7586.0,7587.5,7584.75,7587.0,1312
2026-07-14 12:43:00-04:00,7586.75,7587.75,7586.5,7587.0,891
2026-07-14 12:44:00-04:00,7587.0,7587.5,7584.5,7584.75,1207
2026-07-14 12:45:00-04:00,7585.25,7588.0,7584.25,7584.25,1321
2026-07-14 12:46:00-04:00,7584.25,7584.75,7581.5,7582.5,2103
2026-07-14 12:47:00-04:00,7582.25,7583.5,7581.75,7582.25,826
2026-07-14 12:48:00-04:00,7582.25,7582.25,7580.0,7581.25,1252
2026-07-14 12:49:00-04:00,7581.25,7584.5,7581.25,7584.5,962
2026-07-14 12:50:00-04:00,7584.5,7584.75,7583.5,7584.0,689
2026-07-14 12:51:00-04:00,7584.25,7585.5,7583.25,7585.5,685
2026-07-14 12:52:00-04:00,7585.25,7586.0,7584.5,7585.5,656
2026-07-14 12:53:00-04:00,7585.5,7587.25,7585.5,7586.25,876
2026-07-14 12:54:00-04:00,7586.25,7586.5,7584.75,7585.25,573
2026-07-14 12:55:00-04:00,7585.5,7587.0,7585.5,7586.5,555
2026-07-14 12:56:00-04:00,7586.5,7587.25,7586.0,7586.5,421
2026-07-14 12:57:00-04:00,7586.75,7586.75,7584.75,7586.0,775
2026-07-14 12:58:00-04:00,7586.0,7587.25,7585.0,7587.25,749
2026-07-14 12:59:00-04:00,7587.0,7589.25,7586.75,7589.25,1262
2026-07-14 13:00:00-04:00,7589.25,7590.5,7587.5,7590.0,1686
2026-07-14 13:01:00-04:00,7590.25,7591.0,7589.75,7590.75,950
2026-07-14 13:02:00-04:00,7590.5,7591.25,7589.5,7590.75,824
2026-07-14 13:03:00-04:00,7590.5,7590.75,7588.75,7588.75,972
2026-07-14 13:04:00-04:00,7589.0,7589.5,7586.75,7587.5,1245
2026-07-14 13:05:00-04:00,7587.5,7588.25,7586.75,7587.5,662
2026-07-14 13:06:00-04:00,7588.0,7588.25,7585.75,7588.0,877
2026-07-14 13:07:00-04:00,7588.0,7589.0,7588.0,7588.75,565
2026-07-14 13:08:00-04:00,7588.75,7589.75,7588.5,7589.5,615
2026-07-14 13:09:00-04:00,7589.75,7592.5,7589.75,7591.75,1432
2026-07-14 13:10:00-04:00,7591.75,7592.5,7590.5,7592.5,1114
2026-07-14 13:11:00-04:00,7592.5,7592.75,7591.25,7592.0,775
2026-07-14 13:12:00-04:00,7592.0,7592.75,7590.75,7592.25,736
2026-07-14 13:13:00-04:00,7592.0,7592.25,7590.5,7590.75,603
2026-07-14 13:14:00-04:00,7590.75,7590.75,7588.5,7588.5,819
2026-07-14 13:15:00-04:00,7588.75,7589.5,7584.75,7587.5,2410
2026-07-14 13:16:00-04:00,7587.75,7589.0,7587.5,7588.75,894
2026-07-14 13:17:00-04:00,7588.75,7588.75,7587.0,7588.25,844
2026-07-14 13:18:00-04:00,7587.75,7590.0,7587.75,7589.5,1173
2026-07-14 13:19:00-04:00,7589.75,7592.0,7589.25,7591.25,1178
2026-07-14 13:20:00-04:00,7591.5,7592.75,7591.0,7592.0,898
2026-07-14 13:21:00-04:00,7592.25,7593.5,7592.0,7593.5,991
2026-07-14 13:22:00-04:00,7593.5,7594.5,7593.0,7594.5,991
2026-07-14 13:23:00-04:00,7594.5,7595.75,7594.0,7595.75,1168
2026-07-14 13:24:00-04:00,7595.5,7596.75,7594.25,7595.0,1450
2026-07-14 13:25:00-04:00,7595.0,7596.25,7594.75,7594.75,1040
2026-07-14 13:26:00-04:00,7594.75,7596.0,7594.5,7596.0,436
2026-07-14 13:27:00-04:00,7596.0,7596.25,7593.5,7594.5,804
2026-07-14 13:28:00-04:00,7594.5,7595.0,7593.25,7594.25,558
2026-07-14 13:29:00-04:00,7594.5,7594.75,7593.0,7593.75,678
2026-07-14 13:30:00-04:00,7594.0,7595.25,7594.0,7594.75,696
2026-07-14 13:31:00-04:00,7594.5,7595.5,7594.0,7595.0,569
2026-07-14 13:32:00-04:00,7595.0,7595.25,7592.25,7592.5,697
2026-07-14 13:33:00-04:00,7592.5,7593.5,7591.5,7591.5,757
2026-07-14 13:34:00-04:00,7591.75,7592.5,7590.5,7590.5,949
2026-07-14 13:35:00-04:00,7590.75,7590.75,7588.5,7589.5,1574
2026-07-14 13:36:00-04:00,7589.5,7590.5,7588.75,7589.25,729
2026-07-14 13:37:00-04:00,7589.25,7591.5,7589.0,7591.25,710
2026-07-14 13:38:00-04:00,7591.5,7591.5,7590.25,7590.25,620
2026-07-14 13:39:00-04:00,7590.5,7591.75,7590.25,7591.5,589
2026-07-14 13:40:00-04:00,7591.5,7592.25,7591.25,7592.0,567
2026-07-14 13:41:00-04:00,7592.0,7592.0,7590.0,7590.25,482
2026-07-14 13:42:00-04:00,7590.25,7591.0,7589.5,7590.0,501
2026-07-14 13:43:00-04:00,7589.75,7591.25,7589.25,7590.25,511
2026-07-14 13:44:00-04:00,7590.25,7591.5,7589.75,7590.75,425
2026-07-14 13:45:00-04:00,7590.75,7591.5,7589.0,7589.25,500
2026-07-14 13:46:00-04:00,7589.25,7589.75,7588.25,7589.0,801
2026-07-14 13:47:00-04:00,7589.25,7590.0,7587.75,7589.5,727
2026-07-14 13:48:00-04:00,7589.25,7592.75,7589.25,7592.25,877
2026-07-14 13:49:00-04:00,7592.25,7592.25,7590.5,7591.25,697
2026-07-14 13:50:00-04:00,7591.25,7592.25,7591.0,7592.0,565
2026-07-14 13:51:00-04:00,7592.25,7593.25,7591.25,7593.0,636
2026-07-14 13:52:00-04:00,7592.75,7593.5,7592.25,7592.5,581
2026-07-14 13:53:00-04:00,7592.5,7593.25,7591.75,7592.0,672
2026-07-14 13:54:00-04:00,7592.25,7593.0,7591.75,7592.5,280
2026-07-14 13:55:00-04:00,7592.75,7592.75,7591.75,7592.25,315
2026-07-14 13:56:00-04:00,7592.25,7592.75,7591.5,7592.5,371
2026-07-14 13:57:00-04:00,7592.75,7593.25,7592.25,7593.25,466
2026-07-14 13:58:00-04:00,7593.25,7593.75,7592.5,7593.0,785
2026-07-14 13:59:00-04:00,7592.75,7593.5,7592.25,7593.25,426
2026-07-14 14:00:00-04:00,7593.5,7593.5,7590.5,7590.5,828
2026-07-14 14:01:00-04:00,7590.5,7592.0,7589.75,7592.0,1205
2026-07-14 14:02:00-04:00,7591.75,7593.25,7591.25,7592.75,689
2026-07-14 14:03:00-04:00,7593.0,7594.75,7592.75,7594.5,873
2026-07-14 14:04:00-04:00,7594.75,7595.5,7593.75,7595.0,990
2026-07-14 14:05:00-04:00,7595.0,7595.5,7594.25,7594.5,560
2026-07-14 14:06:00-04:00,7594.5,7595.0,7593.25,7594.0,620
2026-07-14 14:07:00-04:00,7594.0,7594.75,7593.0,7594.75,625
2026-07-14 14:08:00-04:00,7594.75,7595.75,7594.5,7595.0,608
2026-07-14 14:09:00-04:00,7594.75,7595.25,7594.25,7594.75,291
2026-07-14 14:10:00-04:00,7594.75,7595.25,7594.5,7595.0,291
2026-07-14 14:11:00-04:00,7595.0,7595.0,7593.75,7595.0,483
2026-07-14 14:12:00-04:00,7595.0,7595.25,7594.5,7595.0,291
2026-07-14 14:13:00-04:00,7595.0,7596.25,7594.75,7596.0,605
2026-07-14 14:14:00-04:00,7595.75,7596.75,7595.5,7596.5,582
2026-07-14 14:15:00-04:00,7596.5,7598.25,7596.25,7596.5,1502
2026-07-14 14:16:00-04:00,7596.25,7597.25,7596.25,7596.5,469
2026-07-14 14:17:00-04:00,7596.25,7597.0,7595.25,7596.0,603
2026-07-14 14:18:00-04:00,7596.0,7596.25,7595.0,7596.25,356
2026-07-14 14:19:00-04:00,7596.0,7596.75,7595.5,7596.75,459
2026-07-14 14:20:00-04:00,7596.5,7597.0,7595.5,7597.0,324
2026-07-14 14:21:00-04:00,7597.0,7597.5,7596.25,7596.75,395
2026-07-14 14:22:00-04:00,7596.75,7598.0,7596.75,7597.75,495
2026-07-14 14:23:00-04:00,7597.75,7597.75,7597.25,7597.25,397
2026-07-14 14:24:00-04:00,7597.25,7597.25,7594.25,7595.0,993
2026-07-14 14:25:00-04:00,7594.75,7596.25,7593.25,7595.75,1117
2026-07-14 14:26:00-04:00,7595.75,7595.75,7594.75,7595.75,259
2026-07-14 14:27:00-04:00,7596.0,7596.0,7594.75,7595.25,236
2026-07-14 14:28:00-04:00,7595.5,7596.5,7595.25,7596.25,363
2026-07-14 14:29:00-04:00,7596.0,7596.25,7594.75,7595.25,387
2026-07-14 14:30:00-04:00,7595.25,7596.0,7594.0,7594.5,554
2026-07-14 14:31:00-04:00,7594.75,7595.0,7593.5,7595.0,506
2026-07-14 14:32:00-04:00,7594.75,7595.25,7593.5,7595.0,742
2026-07-14 14:33:00-04:00,7595.0,7595.5,7593.75,7594.5,457
2026-07-14 14:34:00-04:00,7594.5,7595.25,7594.0,7594.75,332
2026-07-14 14:35:00-04:00,7595.0,7595.5,7594.75,7595.25,402
2026-07-14 14:36:00-04:00,7595.25,7596.25,7595.0,7595.5,536
2026-07-14 14:37:00-04:00,7595.5,7596.0,7590.75,7594.5,4549
2026-07-14 14:38:00-04:00,7594.25,7594.25,7592.0,7593.25,991
2026-07-14 14:39:00-04:00,7593.0,7594.25,7592.25,7593.75,608
2026-07-14 14:40:00-04:00,7593.5,7593.5,7591.5,7592.5,846
2026-07-14 14:41:00-04:00,7592.5,7593.25,7586.75,7590.5,5314
2026-07-14 14:42:00-04:00,7590.5,7591.5,7589.0,7590.5,1443
2026-07-14 14:43:00-04:00,7590.75,7591.0,7588.5,7588.75,1295
2026-07-14 14:44:00-04:00,7589.0,7590.75,7588.75,7590.5,996
2026-07-14 14:45:00-04:00,7590.5,7590.5,7589.0,7589.75,504
2026-07-14 14:46:00-04:00,7589.75,7591.5,7589.25,7591.25,734
2026-07-14 14:47:00-04:00,7591.25,7592.0,7591.0,7591.75,536
2026-07-14 14:48:00-04:00,7591.75,7592.0,7590.5,7591.25,640
2026-07-14 14:49:00-04:00,7591.25,7591.5,7589.5,7589.75,748
2026-07-14 14:50:00-04:00,7590.0,7590.25,7588.75,7589.75,908
2026-07-14 14:51:00-04:00,7589.75,7591.0,7589.25,7590.75,505
2026-07-14 14:52:00-04:00,7590.5,7591.5,7590.0,7591.25,579
2026-07-14 14:53:00-04:00,7591.25,7593.5,7591.25,7593.0,981
2026-07-14 14:54:00-04:00,7593.0,7593.0,7591.75,7592.25,424
2026-07-14 14:55:00-04:00,7592.25,7592.5,7591.0,7591.75,506
2026-07-14 14:56:00-04:00,7591.75,7592.25,7591.0,7592.0,286
2026-07-14 14:57:00-04:00,7591.75,7592.75,7591.5,7591.5,258
2026-07-14 14:58:00-04:00,7591.25,7592.75,7591.0,7592.5,511
2026-07-14 14:59:00-04:00,7592.5,7592.75,7591.5,7592.0,316
2026-07-14 15:00:00-04:00,7592.0,7593.0,7591.25,7592.25,767
2026-07-14 15:01:00-04:00,7592.0,7592.0,7590.0,7590.0,862
2026-07-14 15:02:00-04:00,7590.0,7590.0,7588.75,7589.5,972
2026-07-14 15:03:00-04:00,7589.5,7590.5,7588.75,7589.5,614
2026-07-14 15:04:00-04:00,7589.25,7590.25,7588.75,7589.5,447
2026-07-14 15:05:00-04:00,7589.5,7590.25,7588.75,7589.75,449
2026-07-14 15:06:00-04:00,7589.5,7591.0,7589.5,7590.75,478
2026-07-14 15:07:00-04:00,7590.5,7591.0,7588.25,7589.5,812
2026-07-14 15:08:00-04:00,7589.5,7590.75,7589.25,7590.0,493
2026-07-14 15:09:00-04:00,7590.0,7590.5,7589.0,7589.0,517
2026-07-14 15:10:00-04:00,7589.0,7589.5,7588.0,7589.0,725
2026-07-14 15:11:00-04:00,7589.0,7589.5,7587.5,7588.0,751
2026-07-14 15:12:00-04:00,7588.0,7589.25,7588.0,7589.0,422
2026-07-14 15:13:00-04:00,7589.0,7591.25,7588.5,7590.75,894
2026-07-14 15:14:00-04:00,7590.75,7591.0,7589.75,7590.25,437
2026-07-14 15:15:00-04:00,7590.25,7591.5,7590.25,7591.5,689
2026-07-14 15:16:00-04:00,7591.5,7592.0,7590.25,7590.5,727
2026-07-14 15:17:00-04:00,7590.5,7591.5,7590.0,7591.5,356
2026-07-14 15:18:00-04:00,7591.25,7592.5,7588.5,7591.25,2370
2026-07-14 15:19:00-04:00,7590.75,7591.0,7590.25,7590.75,320
2026-07-14 15:20:00-04:00,7590.75,7591.75,7590.25,7591.75,481
2026-07-14 15:21:00-04:00,7591.5,7592.5,7591.25,7592.0,543
2026-07-14 15:22:00-04:00,7592.25,7593.75,7592.25,7593.25,926
2026-07-14 15:23:00-04:00,7593.5,7593.75,7592.75,7593.0,335
2026-07-14 15:24:00-04:00,7593.25,7594.75,7592.75,7594.25,849
2026-07-14 15:25:00-04:00,7594.25,7594.5,7593.25,7593.75,568
2026-07-14 15:26:00-04:00,7593.75,7594.5,7593.0,7594.0,535
2026-07-14 15:27:00-04:00,7594.0,7594.25,7593.25,7593.75,332
2026-07-14 15:28:00-04:00,7593.5,7593.75,7592.5,7592.5,708
2026-07-14 15:29:00-04:00,7592.75,7593.0,7591.25,7591.5,874
2026-07-14 15:30:00-04:00,7591.5,7592.0,7587.0,7588.75,6081
2026-07-14 15:31:00-04:00,7588.5,7590.0,7587.5,7589.75,1055
2026-07-14 15:32:00-04:00,7589.5,7590.0,7587.75,7588.5,894
2026-07-14 15:33:00-04:00,7588.75,7590.5,7587.5,7590.25,941
2026-07-14 15:34:00-04:00,7590.0,7590.5,7589.25,7590.25,588
2026-07-14 15:35:00-04:00,7590.0,7590.25,7589.0,7590.25,643
2026-07-14 15:36:00-04:00,7590.0,7592.75,7589.25,7592.75,1011
2026-07-14 15:37:00-04:00,7592.75,7592.75,7591.25,7591.5,708
2026-07-14 15:38:00-04:00,7591.5,7592.0,7589.25,7589.25,570
2026-07-14 15:39:00-04:00,7589.5,7590.75,7589.25,7589.75,762
2026-07-14 15:40:00-04:00,7589.75,7590.75,7589.25,7589.75,622
2026-07-14 15:41:00-04:00,7589.75,7591.5,7589.5,7591.0,683
2026-07-14 15:42:00-04:00,7591.25,7591.75,7590.75,7591.5,469
2026-07-14 15:43:00-04:00,7591.5,7593.0,7591.25,7593.0,573
2026-07-14 15:44:00-04:00,7592.75,7594.25,7592.75,7593.0,1153
2026-07-14 15:45:00-04:00,7593.0,7594.25,7592.75,7594.0,1021
2026-07-14 15:46:00-04:00,7594.25,7594.25,7593.0,7593.5,673
2026-07-14 15:47:00-04:00,7593.5,7594.25,7593.0,7593.0,617
2026-07-14 15:48:00-04:00,7593.0,7594.5,7593.0,7594.0,659
2026-07-14 15:49:00-04:00,7594.0,7595.25,7593.75,7595.0,1159
2026-07-14 15:50:00-04:00,7595.0,7595.75,7592.0,7592.25,2687
2026-07-14 15:51:00-04:00,7592.0,7593.75,7591.75,7593.75,1392
2026-07-14 15:52:00-04:00,7593.75,7595.25,7593.5,7594.25,1535
2026-07-14 15:53:00-04:00,7594.0,7595.25,7594.0,7594.5,964
2026-07-14 15:54:00-04:00,7594.5,7594.75,7591.5,7591.5,3191
2026-07-14 15:55:00-04:00,7591.5,7593.5,7590.5,7591.75,2093
2026-07-14 15:56:00-04:00,7591.75,7593.5,7591.25,7593.0,1073
2026-07-14 15:57:00-04:00,7593.25,7596.0,7593.0,7595.5,1504
2026-07-14 15:58:00-04:00,7595.75,7596.0,7592.75,7593.0,2136
2026-07-14 15:59:00-04:00,7592.75,7595.25,7589.25,7590.25,9312
2026-07-14 16:00:00-04:00,7590.0,7591.75,7588.75,7589.25,2671
2026-07-14 16:01:00-04:00,7589.75,7591.25,7588.5,7590.75,843
2026-07-14 16:02:00-04:00,7590.5,7590.5,7588.75,7589.5,459
2026-07-14 16:03:00-04:00,7589.25,7590.75,7589.25,7590.25,405
2026-07-14 16:04:00-04:00,7590.25,7590.75,7589.0,7589.5,299
2026-07-14 16:05:00-04:00,7589.25,7592.5,7589.0,7591.25,873
2026-07-14 16:06:00-04:00,7591.25,7592.25,7591.0,7591.25,320
2026-07-14 16:07:00-04:00,7591.25,7592.0,7591.0,7591.0,314
2026-07-14 16:08:00-04:00,7591.0,7591.25,7590.0,7590.25,315
2026-07-14 16:09:00-04:00,7590.5,7591.25,7589.75,7589.75,216
2026-07-14 16:10:00-04:00,7589.75,7589.75,7588.25,7588.75,402
2026-07-14 16:11:00-04:00,7588.75,7589.0,7587.5,7588.25,305
2026-07-14 16:12:00-04:00,7588.25,7588.75,7587.75,7588.25,325
2026-07-14 16:13:00-04:00,7588.25,7590.25,7588.25,7590.0,302
2026-07-14 16:14:00-04:00,7589.75,7590.5,7589.0,7589.25,327
2026-07-14 16:15:00-04:00,7589.25,7590.0,7588.75,7589.75,146
2026-07-14 16:16:00-04:00,7589.5,7589.75,7589.25,7589.5,78
2026-07-14 16:17:00-04:00,7589.25,7589.75,7588.5,7589.0,86
2026-07-14 16:18:00-04:00,7589.0,7589.5,7589.0,7589.0,128
2026-07-14 16:19:00-04:00,7588.75,7589.75,7588.75,7589.25,165
2026-07-14 16:20:00-04:00,7589.0,7589.25,7587.25,7587.25,204
2026-07-14 16:21:00-04:00,7587.5,7587.5,7586.25,7586.5,381
2026-07-14 16:22:00-04:00,7586.5,7587.25,7586.25,7586.5,189
2026-07-14 16:23:00-04:00,7586.5,7586.75,7585.75,7586.5,191
2026-07-14 16:24:00-04:00,7586.5,7587.75,7586.5,7587.5,151
2026-07-14 16:25:00-04:00,7587.75,7589.0,7587.5,7587.75,291
2026-07-14 16:26:00-04:00,7587.75,7587.75,7586.75,7587.25,133
2026-07-14 16:27:00-04:00,7587.25,7587.25,7585.75,7586.75,181
2026-07-14 16:28:00-04:00,7586.5,7587.25,7586.25,7586.75,93
2026-07-14 16:29:00-04:00,7586.75,7586.75,7586.0,7586.0,171
2026-07-14 16:30:00-04:00,7586.0,7586.5,7585.5,7586.5,207
2026-07-14 16:31:00-04:00,7586.5,7587.5,7586.25,7587.25,136
2026-07-14 16:32:00-04:00,7587.25,7587.5,7586.75,7587.0,44
2026-07-14 16:33:00-04:00,7587.0,7587.0,7586.5,7586.5,83
2026-07-14 16:34:00-04:00,7586.75,7587.25,7586.25,7587.0,91
2026-07-14 16:35:00-04:00,7587.25,7587.75,7587.0,7587.5,130
2026-07-14 16:36:00-04:00,7587.25,7588.75,7587.25,7588.25,266
2026-07-14 16:37:00-04:00,7588.25,7589.0,7588.25,7588.75,83
2026-07-14 16:38:00-04:00,7588.75,7589.5,7588.75,7588.75,173
2026-07-14 16:39:00-04:00,7588.75,7589.5,7588.5,7589.0,137
2026-07-14 16:40:00-04:00,7589.5,7589.5,7588.75,7588.75,82
2026-07-14 16:41:00-04:00,7588.5,7589.25,7588.25,7588.75,127
2026-07-14 16:42:00-04:00,7588.75,7589.25,7588.25,7589.25,138
2026-07-14 16:43:00-04:00,7589.25,7589.5,7589.0,7589.25,88
2026-07-14 16:44:00-04:00,7589.25,7589.5,7588.5,7588.75,140
2026-07-14 16:45:00-04:00,7589.0,7589.5,7588.5,7589.0,205
2026-07-14 16:46:00-04:00,7589.25,7589.75,7589.0,7589.25,128
2026-07-14 16:51:00-04:00,7588.0,7588.5,7587.75,7588.25,892
2026-07-14 16:52:00-04:00,7588.0,7588.75,7587.75,7588.5,126
2026-07-14 16:53:00-04:00,7588.25,7589.25,7588.25,7589.25,142
2026-07-14 16:54:00-04:00,7589.25,7590.0,7589.25,7589.75,126
2026-07-14 16:55:00-04:00,7589.75,7590.5,7589.5,7590.0,187
2026-07-14 16:56:00-04:00,7590.0,7590.75,7590.0,7590.75,119
2026-07-14 16:57:00-04:00,7590.5,7591.5,7590.5,7591.5,240
2026-07-14 16:58:00-04:00,7591.5,7591.75,7590.75,7591.25,137
2026-07-14 16:59:00-04:00,7591.5,7591.75,7590.5,7590.5,169
2026-07-14 18:00:00-04:00,7590.5,7592.0,7589.75,7590.5,0
2026-07-14 18:01:00-04:00,7590.0,7590.5,7589.5,7589.5,130
2026-07-14 18:02:00-04:00,7589.75,7590.5,7589.25,7589.75,105
2026-07-14 18:03:00-04:00,7589.75,7590.0,7588.75,7589.25,180
2026-07-14 18:04:00-04:00,7589.25,7589.75,7589.0,7589.25,67
2026-07-14 18:05:00-04:00,7589.5,7590.0,7588.25,7588.75,179
2026-07-14 18:06:00-04:00,7588.75,7589.0,7588.25,7589.0,97
2026-07-14 18:07:00-04:00,7588.5,7588.75,7588.25,7588.75,74
2026-07-14 18:08:00-04:00,7588.25,7588.75,7587.5,7587.75,126
2026-07-14 18:09:00-04:00,7587.5,7588.25,7587.0,7587.75,159
2026-07-14 18:10:00-04:00,7588.0,7588.5,7585.25,7586.5,468
2026-07-14 18:11:00-04:00,7586.5,7586.75,7583.75,7584.5,493
2026-07-14 18:12:00-04:00,7584.5,7585.0,7583.25,7583.5,194
2026-07-14 18:13:00-04:00,7583.25,7585.0,7582.75,7584.75,288
2026-07-14 18:14:00-04:00,7584.75,7584.75,7583.25,7584.0,104
2026-07-14 18:15:00-04:00,7584.25,7585.25,7583.75,7584.75,94
2026-07-14 18:16:00-04:00,7584.75,7587.0,7584.5,7586.75,318
2026-07-14 18:17:00-04:00,7586.75,7587.0,7585.75,7586.5,248
2026-07-14 18:18:00-04:00,7586.5,7587.75,7586.25,7587.5,196
2026-07-14 18:19:00-04:00,7587.5,7588.75,7587.25,7588.5,218
2026-07-14 18:20:00-04:00,7588.5,7589.75,7588.25,7589.5,242
2026-07-14 18:21:00-04:00,7589.25,7590.25,7589.0,7590.0,236
2026-07-14 18:22:00-04:00,7589.75,7590.75,7589.5,7590.0,146
2026-07-14 18:23:00-04:00,7590.25,7591.0,7589.5,7590.75,297
2026-07-14 18:24:00-04:00,7590.5,7592.0,7590.5,7591.5,313
2026-07-14 18:25:00-04:00,7591.5,7592.0,7590.25,7590.5,249
2026-07-14 18:26:00-04:00,7590.25,7590.75,7590.0,7590.0,83
2026-07-14 18:27:00-04:00,7590.0,7590.5,7590.0,7590.25,67
2026-07-14 18:28:00-04:00,7590.25,7591.25,7590.25,7591.0,77
2026-07-14 18:29:00-04:00,7590.75,7591.25,7590.5,7590.5,37
2026-07-14 18:30:00-04:00,7590.5,7591.5,7590.5,7591.5,94
2026-07-14 18:31:00-04:00,7591.5,7591.5,7590.5,7591.5,92
2026-07-14 18:32:00-04:00,7591.5,7592.0,7591.25,7591.25,118
2026-07-14 18:33:00-04:00,7591.0,7591.25,7590.25,7590.75,61
2026-07-14 18:34:00-04:00,7590.75,7591.0,7590.5,7590.75,53
2026-07-14 18:35:00-04:00,7590.5,7591.25,7590.5,7590.75,41
2026-07-14 18:36:00-04:00,7591.0,7591.25,7590.75,7590.75,53
2026-07-14 18:37:00-04:00,7590.75,7591.25,7590.5,7590.75,69
2026-07-14 18:38:00-04:00,7591.0,7591.0,7590.5,7590.75,52
2026-07-14 18:39:00-04:00,7590.75,7591.25,7590.75,7591.25,26
2026-07-14 18:40:00-04:00,7590.75,7591.25,7590.75,7591.0,46
2026-07-14 18:41:00-04:00,7591.0,7591.5,7590.5,7590.5,67
2026-07-14 18:42:00-04:00,7590.75,7591.0,7590.5,7591.0,29
2026-07-14 18:43:00-04:00,7590.5,7590.75,7590.25,7590.5,80
2026-07-14 18:44:00-04:00,7590.75,7591.0,7590.5,7590.5,34
2026-07-14 18:45:00-04:00,7590.75,7591.0,7590.5,7590.75,25
2026-07-14 18:46:00-04:00,7590.5,7590.5,7590.0,7590.0,105
2026-07-14 18:47:00-04:00,7590.25,7590.5,7589.25,7590.0,222
2026-07-14 18:48:00-04:00,7589.75,7590.25,7589.5,7589.75,48
2026-07-14 18:49:00-04:00,7590.0,7590.0,7589.5,7590.0,39
2026-07-14 18:50:00-04:00,7589.5,7590.25,7589.5,7590.0,29
2026-07-14 18:51:00-04:00,7589.75,7590.5,7589.0,7589.25,108
2026-07-14 18:52:00-04:00,7589.25,7589.5,7588.25,7588.5,182
2026-07-14 18:53:00-04:00,7588.5,7589.25,7588.25,7589.0,116
2026-07-14 18:54:00-04:00,7589.0,7589.5,7588.5,7588.75,115
2026-07-14 18:55:00-04:00,7588.75,7589.0,7588.5,7588.5,66
2026-07-14 18:56:00-04:00,7588.75,7589.0,7588.0,7588.5,102
2026-07-14 18:57:00-04:00,7588.5,7589.0,7588.25,7588.5,128
2026-07-14 18:58:00-04:00,7588.5,7589.0,7588.25,7589.0,56
2026-07-14 18:59:00-04:00,7588.5,7589.25,7588.5,7589.0,94
2026-07-14 19:00:00-04:00,7589.0,7589.25,7588.5,7588.5,126
2026-07-14 19:01:00-04:00,7588.25,7588.75,7587.5,7587.75,303
2026-07-14 19:02:00-04:00,7587.75,7588.75,7587.5,7588.25,147
2026-07-14 19:03:00-04:00,7588.0,7589.75,7588.0,7589.75,174
2026-07-14 19:04:00-04:00,7589.75,7590.25,7589.25,7589.75,215
2026-07-14 19:05:00-04:00,7590.25,7590.5,7589.5,7590.5,126
2026-07-14 19:06:00-04:00,7590.25,7590.75,7590.0,7590.5,71
2026-07-14 19:07:00-04:00,7590.75,7591.25,7590.25,7590.75,185
2026-07-14 19:08:00-04:00,7590.5,7591.5,7590.5,7591.0,104
2026-07-14 19:09:00-04:00,7591.0,7591.25,7590.75,7591.25,20
2026-07-14 19:10:00-04:00,7591.25,7591.25,7590.75,7590.75,75
2026-07-14 19:11:00-04:00,7591.25,7591.75,7590.75,7591.25,92
2026-07-14 19:12:00-04:00,7591.5,7591.75,7591.0,7591.75,54
2026-07-14 19:13:00-04:00,7591.5,7592.5,7591.5,7592.25,245
2026-07-14 19:14:00-04:00,7591.75,7592.5,7591.75,7592.25,150
2026-07-14 19:15:00-04:00,7592.0,7592.5,7591.5,7592.25,140
2026-07-14 19:16:00-04:00,7592.5,7592.5,7592.0,7592.25,37
2026-07-14 19:17:00-04:00,7592.0,7592.0,7591.0,7591.0,119
2026-07-14 19:18:00-04:00,7591.0,7591.75,7591.0,7591.75,109
2026-07-14 19:19:00-04:00,7591.5,7592.25,7591.5,7591.75,25
2026-07-14 19:20:00-04:00,7591.75,7592.25,7591.5,7591.75,41
2026-07-14 19:21:00-04:00,7592.0,7592.75,7591.5,7592.75,161
2026-07-14 19:22:00-04:00,7592.5,7593.0,7592.5,7592.75,122
2026-07-14 19:23:00-04:00,7592.75,7593.0,7592.5,7592.75,77
2026-07-14 19:24:00-04:00,7592.75,7593.5,7592.5,7593.25,146
2026-07-14 19:25:00-04:00,7593.25,7599.25,7593.0,7598.25,1544
2026-07-14 19:26:00-04:00,7598.5,7598.75,7596.25,7596.75,438
2026-07-14 19:27:00-04:00,7596.5,7598.0,7596.5,7597.25,229
2026-07-14 19:28:00-04:00,7597.75,7598.5,7597.25,7598.0,263
2026-07-14 19:29:00-04:00,7597.75,7600.25,7597.5,7599.75,596
2026-07-14 19:30:00-04:00,7599.75,7601.5,7599.75,7601.25,616
2026-07-14 19:31:00-04:00,7601.0,7602.5,7600.25,7601.25,368
2026-07-14 19:32:00-04:00,7601.5,7602.0,7600.25,7600.5,306
2026-07-14 19:33:00-04:00,7600.5,7601.75,7600.5,7601.0,172
2026-07-14 19:34:00-04:00,7601.0,7601.5,7600.25,7600.75,122
2026-07-14 19:35:00-04:00,7600.75,7602.0,7600.5,7601.25,181
2026-07-14 19:36:00-04:00,7601.25,7601.5,7600.25,7600.5,143
2026-07-14 19:37:00-04:00,7600.5,7601.5,7600.25,7601.0,140
2026-07-14 19:38:00-04:00,7600.75,7601.0,7600.25,7600.5,60
2026-07-14 19:39:00-04:00,7600.5,7601.25,7600.25,7600.25,122
2026-07-14 19:40:00-04:00,7600.5,7602.0,7600.25,7601.5,119
2026-07-14 19:41:00-04:00,7601.75,7601.75,7600.75,7601.5,136
2026-07-14 19:42:00-04:00,7601.25,7603.25,7601.0,7602.25,400
2026-07-14 19:43:00-04:00,7602.25,7602.25,7600.75,7601.0,172
2026-07-14 19:44:00-04:00,7601.0,7602.0,7600.75,7601.0,137
2026-07-14 19:45:00-04:00,7600.75,7602.0,7600.25,7601.0,249
2026-07-14 19:46:00-04:00,7600.75,7601.75,7600.75,7601.5,114
2026-07-14 19:47:00-04:00,7601.25,7603.0,7601.25,7602.5,187
2026-07-14 19:48:00-04:00,7602.75,7603.25,7601.75,7602.75,207
2026-07-14 19:49:00-04:00,7602.75,7603.5,7602.25,7602.75,196
2026-07-14 19:50:00-04:00,7602.5,7603.5,7602.25,7602.75,164
2026-07-14 19:51:00-04:00,7602.75,7603.25,7602.0,7602.25,113
2026-07-14 19:52:00-04:00,7602.5,7603.5,7602.25,7602.75,174
2026-07-14 19:53:00-04:00,7602.75,7603.5,7602.5,7603.0,179
2026-07-14 19:54:00-04:00,7603.0,7604.25,7602.5,7603.75,542
2026-07-14 19:55:00-04:00,7604.0,7604.0,7602.75,7602.75,245
2026-07-14 19:56:00-04:00,7603.0,7603.25,7602.5,7602.75,188
2026-07-14 19:57:00-04:00,7603.0,7604.25,7602.5,7603.0,272
2026-07-14 19:58:00-04:00,7602.75,7602.75,7601.25,7602.0,408
2026-07-14 19:59:00-04:00,7601.5,7602.75,7601.25,7602.75,181
2026-07-14 20:00:00-04:00,7602.75,7603.75,7599.75,7600.25,752
2026-07-14 20:01:00-04:00,7600.0,7601.75,7599.5,7601.0,396
2026-07-14 20:02:00-04:00,7601.0,7602.5,7600.75,7601.25,252
2026-07-14 20:03:00-04:00,7601.0,7602.0,7600.5,7601.5,180
2026-07-14 20:04:00-04:00,7601.5,7602.0,7600.25,7600.5,169
2026-07-14 20:05:00-04:00,7600.75,7601.0,7598.25,7598.5,564
2026-07-14 20:06:00-04:00,7598.75,7600.0,7598.0,7599.0,333
2026-07-14 20:07:00-04:00,7599.5,7599.75,7598.0,7599.5,336
2026-07-14 20:08:00-04:00,7599.75,7600.75,7599.25,7600.25,183
2026-07-14 20:09:00-04:00,7600.0,7600.75,7599.25,7600.5,137
2026-07-14 20:10:00-04:00,7600.25,7603.75,7600.25,7602.5,434
2026-07-14 20:11:00-04:00,7602.25,7604.0,7601.0,7603.75,267
2026-07-14 20:12:00-04:00,7604.0,7604.5,7603.0,7603.25,447
2026-07-14 20:13:00-04:00,7603.5,7604.25,7602.5,7604.0,287
2026-07-14 20:14:00-04:00,7603.25,7604.0,7602.75,7603.25,172
2026-07-14 20:15:00-04:00,7603.0,7603.25,7601.5,7602.5,388
2026-07-14 20:16:00-04:00,7602.5,7603.0,7601.5,7602.0,102
2026-07-14 20:17:00-04:00,7602.25,7602.25,7601.5,7601.75,105
2026-07-14 20:18:00-04:00,7601.75,7603.25,7601.5,7602.25,264
2026-07-14 20:19:00-04:00,7602.25,7602.75,7601.0,7601.5,210
2026-07-14 20:20:00-04:00,7601.5,7604.5,7601.5,7603.5,494
2026-07-14 20:21:00-04:00,7603.5,7603.75,7602.5,7602.5,212
2026-07-14 20:22:00-04:00,7602.5,7603.25,7601.75,7601.75,124
2026-07-14 20:23:00-04:00,7601.75,7603.25,7601.75,7603.25,149
2026-07-14 20:24:00-04:00,7603.25,7603.5,7602.0,7602.0,143
2026-07-14 20:25:00-04:00,7602.0,7602.75,7601.25,7601.5,258
2026-07-14 20:26:00-04:00,7601.5,7601.75,7600.75,7601.75,214
2026-07-14 20:27:00-04:00,7601.75,7602.5,7601.25,7601.75,90
2026-07-14 20:28:00-04:00,7602.0,7603.0,7601.75,7602.75,111
2026-07-14 20:29:00-04:00,7602.75,7602.75,7602.0,7602.5,91
2026-07-14 20:30:00-04:00,7602.5,7602.75,7602.25,7602.75,69
2026-07-14 20:31:00-04:00,7602.5,7603.0,7601.5,7602.0,191
2026-07-14 20:32:00-04:00,7602.0,7602.5,7601.0,7601.25,168
2026-07-14 20:33:00-04:00,7601.25,7601.25,7600.25,7600.5,308
2026-07-14 20:34:00-04:00,7600.5,7600.75,7599.25,7599.5,309
2026-07-14 20:35:00-04:00,7599.5,7599.5,7598.0,7598.5,377
2026-07-14 20:36:00-04:00,7598.5,7598.5,7596.75,7597.5,507
2026-07-14 20:37:00-04:00,7597.25,7597.5,7595.5,7596.25,560
2026-07-14 20:38:00-04:00,7596.0,7598.0,7595.75,7597.75,411
2026-07-14 20:39:00-04:00,7598.0,7598.25,7596.75,7597.75,213
2026-07-14 20:40:00-04:00,7597.75,7598.5,7597.5,7598.5,230
2026-07-14 20:41:00-04:00,7598.5,7598.5,7597.0,7597.0,220
2026-07-14 20:42:00-04:00,7597.25,7597.25,7595.0,7595.25,358
2026-07-14 20:43:00-04:00,7595.5,7595.75,7592.5,7592.75,786
2026-07-14 20:44:00-04:00,7593.0,7594.0,7593.0,7594.0,361
2026-07-14 20:45:00-04:00,7594.0,7596.5,7592.75,7595.75,547
2026-07-14 20:46:00-04:00,7596.0,7596.75,7595.5,7596.5,245
2026-07-14 20:47:00-04:00,7596.25,7597.25,7595.25,7597.0,276
2026-07-14 20:48:00-04:00,7596.75,7597.25,7596.0,7596.5,161
2026-07-14 20:49:00-04:00,7596.25,7596.5,7595.5,7596.0,198
2026-07-14 20:50:00-04:00,7596.0,7598.25,7596.0,7597.75,261
2026-07-14 20:51:00-04:00,7597.5,7598.75,7597.25,7598.5,256
2026-07-14 20:52:00-04:00,7598.5,7600.0,7598.5,7599.75,553
2026-07-14 20:53:00-04:00,7599.5,7600.0,7598.5,7599.25,161
2026-07-14 20:54:00-04:00,7599.0,7600.25,7598.75,7599.5,166
2026-07-14 20:55:00-04:00,7599.25,7601.25,7599.0,7600.75,288
2026-07-14 20:56:00-04:00,7600.75,7601.25,7600.5,7600.5,123
2026-07-14 20:57:00-04:00,7600.75,7602.0,7600.25,7602.0,178
2026-07-14 20:58:00-04:00,7601.75,7603.5,7601.5,7603.0,346
2026-07-14 20:59:00-04:00,7603.0,7603.25,7601.5,7601.75,335
2026-07-14 21:00:00-04:00,7602.0,7603.0,7598.75,7599.25,618
2026-07-14 21:01:00-04:00,7599.25,7599.5,7598.0,7598.25,262
2026-07-14 21:02:00-04:00,7598.25,7598.75,7597.25,7597.5,243
2026-07-14 21:03:00-04:00,7597.5,7598.25,7596.25,7597.0,269
2026-07-14 21:04:00-04:00,7596.75,7598.75,7596.75,7598.5,237
2026-07-14 21:05:00-04:00,7598.5,7599.25,7597.25,7597.75,182
2026-07-14 21:06:00-04:00,7597.25,7598.5,7597.0,7598.25,190
2026-07-14 21:07:00-04:00,7598.5,7598.5,7596.0,7596.5,181
2026-07-14 21:08:00-04:00,7596.75,7597.0,7596.0,7596.75,163
2026-07-14 21:09:00-04:00,7597.0,7597.25,7596.25,7597.0,138
2026-07-14 21:10:00-04:00,7597.0,7598.0,7596.25,7596.25,119
2026-07-14 21:11:00-04:00,7596.5,7597.5,7595.75,7597.0,182
2026-07-14 21:12:00-04:00,7597.25,7598.5,7596.75,7598.5,131
2026-07-14 21:13:00-04:00,7598.5,7599.25,7598.25,7598.75,195
2026-07-14 21:14:00-04:00,7598.5,7599.0,7598.25,7598.5,78
2026-07-14 21:15:00-04:00,7598.5,7602.25,7598.25,7602.0,365
2026-07-14 21:16:00-04:00,7601.75,7602.5,7601.0,7601.25,238
2026-07-14 21:17:00-04:00,7601.25,7601.5,7600.5,7601.0,164
2026-07-14 21:18:00-04:00,7601.25,7601.25,7600.0,7600.5,167
2026-07-14 21:19:00-04:00,7600.5,7601.0,7600.25,7600.75,196
2026-07-14 21:20:00-04:00,7601.0,7601.5,7599.5,7600.0,185
2026-07-14 21:21:00-04:00,7600.25,7600.5,7599.75,7600.25,103
2026-07-14 21:22:00-04:00,7600.5,7601.75,7600.5,7601.25,138
2026-07-14 21:23:00-04:00,7601.25,7601.75,7601.0,7601.5,125
2026-07-14 21:24:00-04:00,7601.5,7601.75,7600.25,7601.0,85
2026-07-14 21:25:00-04:00,7600.5,7601.25,7600.25,7601.0,109
2026-07-14 21:26:00-04:00,7601.0,7603.25,7600.75,7602.75,300
2026-07-14 21:27:00-04:00,7603.0,7603.0,7602.0,7602.75,187
2026-07-14 21:28:00-04:00,7602.75,7603.75,7602.5,7602.75,298
2026-07-14 21:29:00-04:00,7602.5,7602.75,7600.75,7601.5,284
2026-07-14 21:30:00-04:00,7601.5,7602.5,7601.25,7601.5,352
2026-07-14 21:31:00-04:00,7601.25,7602.25,7600.5,7602.0,154
2026-07-14 21:32:00-04:00,7601.75,7602.25,7601.0,7602.0,112
2026-07-14 21:33:00-04:00,7602.0,7602.25,7600.75,7601.25,126
2026-07-14 21:34:00-04:00,7601.25,7602.0,7601.0,7601.75,92
2026-07-14 21:35:00-04:00,7602.0,7602.0,7600.75,7601.5,122
2026-07-14 21:36:00-04:00,7601.75,7602.5,7601.5,7602.25,182
2026-07-14 21:37:00-04:00,7602.0,7602.75,7601.5,7602.5,137
2026-07-14 21:38:00-04:00,7602.5,7603.0,7601.75,7602.5,106
2026-07-14 21:39:00-04:00,7602.5,7603.5,7602.0,7603.0,130
2026-07-14 21:40:00-04:00,7602.75,7602.75,7600.0,7600.5,266
2026-07-14 21:41:00-04:00,7600.5,7601.0,7599.75,7600.75,202
2026-07-14 21:42:00-04:00,7601.25,7601.75,7599.5,7599.75,122
2026-07-14 21:43:00-04:00,7599.5,7599.75,7598.75,7599.25,221
2026-07-14 21:44:00-04:00,7599.5,7599.5,7597.25,7597.75,296
2026-07-14 21:45:00-04:00,7597.5,7599.0,7597.5,7599.0,213
2026-07-14 21:46:00-04:00,7599.25,7600.25,7598.25,7599.5,192
2026-07-14 21:47:00-04:00,7599.25,7600.0,7598.75,7599.25,172
2026-07-14 21:48:00-04:00,7599.0,7599.0,7598.25,7598.75,68
2026-07-14 21:49:00-04:00,7599.0,7600.5,7599.0,7600.0,185
2026-07-14 21:50:00-04:00,7599.75,7600.5,7599.5,7599.75,147
2026-07-14 21:51:00-04:00,7599.5,7600.25,7599.5,7600.25,44
2026-07-14 21:52:00-04:00,7600.5,7601.0,7599.5,7599.75,105
2026-07-14 21:53:00-04:00,7599.75,7601.75,7599.25,7601.5,275
2026-07-14 21:54:00-04:00,7601.5,7602.0,7600.25,7602.0,169
2026-07-14 21:55:00-04:00,7601.75,7602.5,7601.5,7602.25,149
2026-07-14 21:56:00-04:00,7602.5,7603.0,7602.0,7602.75,122
2026-07-14 21:57:00-04:00,7602.5,7602.75,7602.0,7602.5,150
2026-07-14 21:58:00-04:00,7602.5,7604.0,7602.25,7603.5,301
2026-07-14 21:59:00-04:00,7603.5,7604.5,7603.5,7604.25,365
2026-07-14 22:00:00-04:00,7604.25,7604.75,7603.25,7603.5,286
2026-07-14 22:01:00-04:00,7603.5,7604.0,7602.75,7602.75,190
2026-07-14 22:02:00-04:00,7603.0,7603.75,7603.0,7603.75,124
2026-07-14 22:03:00-04:00,7603.5,7603.5,7602.5,7603.0,73
2026-07-14 22:04:00-04:00,7603.0,7603.75,7602.75,7603.75,88
2026-07-14 22:05:00-04:00,7603.5,7604.75,7603.0,7604.5,263
2026-07-14 22:06:00-04:00,7604.25,7605.75,7604.0,7604.25,627
2026-07-14 22:07:00-04:00,7604.25,7604.75,7604.0,7604.25,92
2026-07-14 22:08:00-04:00,7604.25,7604.5,7604.0,7604.25,78
2026-07-14 22:09:00-04:00,7604.0,7604.75,7603.75,7604.0,59
2026-07-14 22:10:00-04:00,7604.25,7604.75,7603.75,7604.5,75
2026-07-14 22:11:00-04:00,7604.25,7604.75,7603.25,7603.5,106
2026-07-14 22:12:00-04:00,7603.5,7605.5,7603.5,7605.0,171
2026-07-14 22:13:00-04:00,7605.0,7605.25,7603.75,7604.25,163
2026-07-14 22:14:00-04:00,7604.0,7604.25,7603.25,7604.0,0
