time,open,high,low,close,volume
2026-07-24 00:05:00-04:00,7440.5,7441.0,7440.0,7440.5,0
2026-07-24 00:10:00-04:00,7440.75,7440.75,7436.75,7437.0,411
2026-07-24 00:15:00-04:00,7437.25,7440.0,7436.75,7439.5,323
2026-07-24 00:20:00-04:00,7439.5,7442.75,7437.0,7442.25,527
2026-07-24 00:25:00-04:00,7442.25,7444.75,7441.0,7444.25,667
2026-07-24 00:30:00-04:00,7444.25,7444.5,7441.75,7442.5,335
2026-07-24 00:35:00-04:00,7442.5,7443.5,7440.25,7440.25,260
2026-07-24 00:40:00-04:00,7440.5,7440.75,7437.5,7439.75,492
2026-07-24 00:45:00-04:00,7439.75,7441.0,7438.5,7439.25,261
2026-07-24 00:50:00-04:00,7439.25,7442.75,7439.0,7441.5,331
2026-07-24 00:55:00-04:00,7441.75,7443.75,7441.25,7443.5,325
2026-07-24 01:00:00-04:00,7443.25,7444.5,7441.5,7443.5,483
2026-07-24 01:05:00-04:00,7443.5,7448.0,7443.5,7445.75,983
2026-07-24 01:10:00-04:00,7446.0,7446.75,7444.5,7446.25,319
2026-07-24 01:15:00-04:00,7445.75,7447.0,7444.25,7446.0,446
2026-07-24 01:20:00-04:00,7446.25,7448.0,7445.25,7447.25,426
2026-07-24 01:25:00-04:00,7447.25,7449.25,7446.5,7446.75,742
2026-07-24 01:30:00-04:00,7447.0,7448.25,7445.25,7446.75,662
2026-07-24 01:35:00-04:00,7446.75,7447.5,7444.75,7446.75,424
2026-07-24 01:40:00-04:00,7446.75,7448.0,7444.75,7447.75,756
2026-07-24 01:45:00-04:00,7447.5,7450.5,7447.25,7447.75,492
2026-07-24 01:50:00-04:00,7447.75,7448.5,7443.5,7443.5,556
2026-07-24 01:55:00-04:00,7443.75,7444.25,7442.0,7442.0,464
2026-07-24 02:00:00-04:00,7442.25,7442.75,7438.75,7439.25,750
2026-07-24 02:05:00-04:00,7439.25,7439.75,7437.5,7438.5,736
2026-07-24 02:10:00-04:00,7438.75,7440.0,7436.5,7437.5,868
2026-07-24 02:15:00-04:00,7437.75,7443.5,7437.0,7443.5,1184
2026-07-24 02:20:00-04:00,7443.5,7446.25,7443.5,7445.0,872
2026-07-24 02:25:00-04:00,7445.0,7447.25,7440.0,7441.75,906
2026-07-24 02:30:00-04:00,7441.75,7442.5,7440.0,7442.5,635
2026-07-24 02:35:00-04:00,7442.5,7445.0,7441.25,7441.75,594
2026-07-24 02:40:00-04:00,7442.0,7442.25,7437.5,7437.5,301
2026-07-24 02:45:00-04:00,7437.75,7437.75,7433.75,7434.5,765
2026-07-24 02:50:00-04:00,7434.5,7439.25,7434.25,7438.75,681
2026-07-24 02:55:00-04:00,7438.5,7443.5,7437.5,7442.5,842
2026-07-24 03:00:00-04:00,7442.75,7449.5,7442.0,7447.25,2306
2026-07-24 03:05:00-04:00,7447.0,7452.25,7446.0,7452.25,1209
2026-07-24 03:10:00-04:00,7452.25,7456.25,7452.25,7456.0,2621
2026-07-24 03:15:00-04:00,7456.0,7459.75,7454.25,7459.25,2286
2026-07-24 03:20:00-04:00,7459.25,7460.75,7457.25,7458.0,1270
2026-07-24 03:25:00-04:00,7458.0,7462.75,7458.0,7461.75,1187
2026-07-24 03:30:00-04:00,7462.0,7463.25,7458.75,7460.0,1096
2026-07-24 03:35:00-04:00,7460.0,7461.5,7458.0,7458.25,599
2026-07-24 03:40:00-04:00,7458.25,7458.5,7454.5,7456.75,913
2026-07-24 03:45:00-04:00,7456.75,7457.75,7455.75,7457.5,725
2026-07-24 03:50:00-04:00,7457.75,7458.5,7455.5,7457.5,679
2026-07-24 03:55:00-04:00,7457.5,7458.5,7456.0,7456.5,488
2026-07-24 04:00:00-04:00,7456.75,7456.75,7452.5,7453.25,1385
2026-07-24 04:05:00-04:00,7453.0,7453.75,7449.75,7452.0,1456
2026-07-24 04:10:00-04:00,7452.25,7453.0,7449.25,7451.25,827
2026-07-24 04:15:00-04:00,7451.25,7455.25,7451.0,7453.5,772
2026-07-24 04:20:00-04:00,7453.5,7455.0,7452.5,7452.75,719
2026-07-24 04:25:00-04:00,7452.75,7459.0,7451.5,7458.75,1272
2026-07-24 04:30:00-04:00,7458.75,7461.25,7457.25,7460.0,1207
2026-07-24 04:35:00-04:00,7460.0,7462.0,7458.5,7459.75,647
2026-07-24 04:40:00-04:00,7459.75,7460.25,7457.5,7459.5,797
2026-07-24 04:45:00-04:00,7459.25,7459.75,7456.0,7458.0,430
2026-07-24 04:50:00-04:00,7458.0,7458.75,7456.25,7457.75,661
2026-07-24 04:55:00-04:00,7457.5,7459.25,7456.25,7457.25,1031
2026-07-24 05:00:00-04:00,7457.5,7459.25,7456.25,7457.25,1142
2026-07-24 05:05:00-04:00,7457.0,7465.25,7456.75,7464.75,1518
2026-07-24 05:10:00-04:00,7464.75,7465.25,7459.0,7459.75,1149
2026-07-24 05:15:00-04:00,7459.5,7461.25,7457.75,7460.25,871
2026-07-24 05:20:00-04:00,7460.25,7463.5,7460.0,7463.0,998
2026-07-24 05:25:00-04:00,7462.75,7465.0,7462.75,7463.5,1196
2026-07-24 05:30:00-04:00,7463.75,7465.75,7462.0,7465.5,1107
2026-07-24 05:35:00-04:00,7465.75,7466.75,7464.5,7465.75,1196
2026-07-24 05:40:00-04:00,7465.75,7467.0,7464.75,7466.25,762
2026-07-24 05:45:00-04:00,7466.25,7467.5,7464.5,7464.5,789
2026-07-24 05:50:00-04:00,7464.5,7465.75,7463.75,7464.0,695
2026-07-24 05:55:00-04:00,7464.25,7466.25,7464.0,7465.75,793
2026-07-24 06:00:00-04:00,7465.75,7467.0,7463.25,7463.25,994
2026-07-24 06:05:00-04:00,7463.5,7464.25,7460.25,7461.0,1121
2026-07-24 06:10:00-04:00,7461.25,7461.75,7460.0,7461.5,761
2026-07-24 06:15:00-04:00,7461.25,7462.25,7460.25,7461.5,446
2026-07-24 06:20:00-04:00,7461.5,7462.25,7460.25,7461.5,596
2026-07-24 06:25:00-04:00,7461.5,7462.75,7459.25,7461.75,879
2026-07-24 06:30:00-04:00,7461.75,7464.5,7461.0,7461.5,896
2026-07-24 06:35:00-04:00,7461.5,7461.5,7459.0,7459.5,684
2026-07-24 06:40:00-04:00,7459.75,7460.75,7459.25,7460.75,448
2026-07-24 06:45:00-04:00,7460.25,7461.75,7459.75,7461.0,572
2026-07-24 06:50:00-04:00,7461.0,7461.0,7458.25,7458.75,796
2026-07-24 06:55:00-04:00,7458.75,7460.75,7457.75,7458.5,951
2026-07-24 07:00:00-04:00,7458.5,7462.5,7458.0,7461.0,1698
2026-07-24 07:05:00-04:00,7461.25,7463.0,7459.5,7460.0,1215
2026-07-24 07:10:00-04:00,7460.25,7461.25,7459.25,7460.75,508
2026-07-24 07:15:00-04:00,7461.0,7462.5,7460.5,7461.25,608
2026-07-24 07:20:00-04:00,7461.5,7462.0,7458.75,7460.75,657
2026-07-24 07:25:00-04:00,7461.0,7461.25,7458.75,7459.75,642
2026-07-24 07:30:00-04:00,7459.5,7460.25,7457.0,7457.0,977
2026-07-24 07:35:00-04:00,7457.0,7460.75,7456.0,7457.25,1476
2026-07-24 07:40:00-04:00,7457.25,7457.25,7455.25,7455.25,1022
2026-07-24 07:45:00-04:00,7455.25,7457.0,7454.0,7456.5,1409
2026-07-24 07:50:00-04:00,7456.5,7458.5,7456.0,7456.25,1302
2026-07-24 07:55:00-04:00,7456.25,7469.0,7453.0,7465.0,7080
2026-07-24 08:00:00-04:00,7465.0,7466.0,7458.0,7461.0,3544
2026-07-24 08:05:00-04:00,7461.25,7464.5,7457.5,7463.75,1832
2026-07-24 08:10:00-04:00,7463.75,7467.75,7462.5,7466.5,2684
2026-07-24 08:15:00-04:00,7466.5,7467.75,7464.25,7465.0,2046
2026-07-24 08:20:00-04:00,7465.0,7467.25,7463.25,7466.25,1740
2026-07-24 08:25:00-04:00,7466.5,7467.25,7460.5,7466.0,2635
2026-07-24 08:30:00-04:00,7465.75,7466.5,7459.25,7459.75,2201
2026-07-24 08:35:00-04:00,7459.75,7462.5,7459.0,7459.75,1958
2026-07-24 08:40:00-04:00,7460.0,7460.25,7454.5,7455.5,2335
2026-07-24 08:45:00-04:00,7455.75,7456.5,7453.5,7455.0,2030
2026-07-24 08:50:00-04:00,7455.0,7455.5,7452.5,7453.0,1887
2026-07-24 08:55:00-04:00,7453.25,7453.25,7449.0,7450.25,3350
2026-07-24 09:00:00-04:00,7450.0,7451.75,7448.5,7450.25,3420
2026-07-24 09:05:00-04:00,7450.25,7450.75,7446.5,7449.0,2936
2026-07-24 09:10:00-04:00,7449.0,7451.5,7448.5,7450.25,2280
2026-07-24 09:15:00-04:00,7450.0,7453.75,7449.5,7452.25,2802
2026-07-24 09:20:00-04:00,7452.25,7453.0,7448.5,7451.5,2769
2026-07-24 09:25:00-04:00,7451.25,7453.0,7443.5,7443.75,7531
2026-07-24 09:30:00-04:00,7444.0,7453.5,7442.25,7451.25,32504
2026-07-24 09:35:00-04:00,7451.25,7455.0,7447.0,7449.5,20367
2026-07-24 09:40:00-04:00,7449.75,7450.0,7444.75,7446.5,14693
2026-07-24 09:45:00-04:00,7446.75,7457.25,7444.25,7456.75,20593
2026-07-24 09:50:00-04:00,7456.75,7456.75,7435.0,7436.5,27301
2026-07-24 09:55:00-04:00,7436.5,7440.25,7432.5,7433.5,20921
2026-07-24 10:00:00-04:00,7433.75,7445.25,7431.5,7436.0,24758
2026-07-24 10:05:00-04:00,7436.0,7453.5,7435.0,7451.0,21970
2026-07-24 10:10:00-04:00,7451.25,7458.25,7446.5,7454.0,25358
2026-07-24 10:15:00-04:00,7454.0,7455.75,7441.25,7444.5,14010
2026-07-24 10:20:00-04:00,7455.25,7455.25,7453.0,7454.0,29608
2026-07-24 10:25:00-04:00,7454.25,7456.0,7448.0,7450.25,16517
2026-07-24 10:30:00-04:00,7450.25,7451.0,7442.0,7442.0,14931
2026-07-24 10:35:00-04:00,7442.0,7447.0,7437.75,7439.25,13330
2026-07-24 10:40:00-04:00,7439.0,7442.5,7437.0,7437.5,17099
2026-07-24 10:45:00-04:00,7437.75,7444.25,7432.75,7444.0,18425
2026-07-24 10:50:00-04:00,7444.0,7452.0,7444.0,7449.0,15805
2026-07-24 10:55:00-04:00,7448.75,7466.5,7448.75,7465.0,22680
2026-07-24 11:00:00-04:00,7464.75,7468.75,7461.0,7461.5,20586
2026-07-24 11:05:00-04:00,7461.25,7465.5,7455.5,7455.75,14725
2026-07-24 11:10:00-04:00,7456.0,7481.25,7454.75,7478.0,38361
2026-07-24 11:15:00-04:00,7478.0,7489.5,7472.25,7474.25,31112
2026-07-24 11:20:00-04:00,7474.25,7486.0,7473.25,7483.0,15996
2026-07-24 11:25:00-04:00,7483.25,7491.0,7482.5,7485.25,16650
2026-07-24 11:30:00-04:00,7485.5,7488.5,7479.5,7480.0,15715
2026-07-24 11:35:00-04:00,7480.0,7490.75,7479.5,7490.5,13577
2026-07-24 11:40:00-04:00,7490.25,7492.0,7479.5,7481.75,17421
2026-07-24 11:45:00-04:00,7482.0,7485.75,7478.0,7480.5,10129
2026-07-24 11:50:00-04:00,7480.5,7487.0,7480.5,7485.0,11016
2026-07-24 11:55:00-04:00,7485.0,7491.0,7484.5,7489.75,10904
2026-07-24 12:00:00-04:00,7489.75,7491.75,7485.75,7491.5,9055
2026-07-24 12:05:00-04:00,7491.5,7495.0,7488.75,7492.5,13390
2026-07-24 12:10:00-04:00,7492.5,7496.5,7487.25,7489.0,13173
2026-07-24 12:15:00-04:00,7489.0,7492.75,7487.5,7490.75,8671
2026-07-24 12:20:00-04:00,7491.0,7494.5,7490.5,7493.0,6324
2026-07-24 12:25:00-04:00,7493.0,7495.25,7491.0,7491.25,6873
2026-07-24 12:30:00-04:00,7491.25,7491.5,7482.5,7484.5,20164
2026-07-24 12:35:00-04:00,7484.25,7487.0,7481.5,7482.0,8263
2026-07-24 12:40:00-04:00,7481.75,7481.75,7475.5,7475.75,11447
2026-07-24 12:45:00-04:00,7475.5,7477.5,7468.25,7471.0,13423
2026-07-24 12:50:00-04:00,7470.75,7471.5,7466.25,7469.5,12730
2026-07-24 12:55:00-04:00,7469.25,7476.5,7467.5,7473.5,10161
2026-07-24 13:00:00-04:00,7473.75,7475.0,7469.0,7470.75,9843
2026-07-24 13:05:00-04:00,7470.75,7472.25,7462.5,7462.75,16919
2026-07-24 13:10:00-04:00,7462.75,7469.75,7461.0,7468.5,10215
2026-07-24 13:15:00-04:00,7468.25,7474.0,7465.5,7473.5,7879
2026-07-24 13:20:00-04:00,7473.5,7474.0,7467.75,7472.0,7284
2026-07-24 13:25:00-04:00,7472.25,7477.5,7469.0,7476.25,7140
2026-07-24 13:30:00-04:00,7476.25,7481.0,7474.25,7480.5,7513
2026-07-24 13:35:00-04:00,7480.5,7480.75,7473.5,7474.25,6888
2026-07-24 13:40:00-04:00,7474.25,7474.75,7469.75,7470.0,6340
2026-07-24 13:45:00-04:00,7469.75,7473.0,7468.25,7472.25,5167
2026-07-24 13:50:00-04:00,7472.5,7474.5,7468.75,7472.0,4900
2026-07-24 13:55:00-04:00,7472.0,7473.25,7469.0,7469.0,4809
2026-07-24 14:00:00-04:00,7469.0,7472.0,7467.0,7468.0,5767
2026-07-24 14:05:00-04:00,7468.0,7472.25,7466.0,7469.25,6516
2026-07-24 14:10:00-04:00,7469.25,7470.0,7464.0,7465.25,6986
2026-07-24 14:15:00-04:00,7465.0,7465.75,7460.25,7461.0,7520
2026-07-24 14:20:00-04:00,7461.0,7461.25,7456.25,7457.25,9203
2026-07-24 14:25:00-04:00,7457.0,7457.75,7448.75,7449.5,12224
2026-07-24 14:30:00-04:00,7449.5,7450.75,7439.5,7440.5,17030
2026-07-24 14:35:00-04:00,7440.5,7445.25,7437.0,7441.25,19869
2026-07-24 14:40:00-04:00,7441.25,7441.25,7435.5,7437.5,14480
2026-07-24 14:45:00-04:00,7437.5,7446.0,7436.75,7442.0,11556
2026-07-24 14:50:00-04:00,7442.0,7444.25,7439.5,7441.0,6445
2026-07-24 14:55:00-04:00,7441.0,7446.25,7440.25,7443.25,8641
2026-07-24 15:00:00-04:00,7443.25,7448.5,7441.25,7442.0,12447
2026-07-24 15:05:00-04:00,7442.0,7445.75,7434.75,7435.5,11824
2026-07-24 15:10:00-04:00,7435.5,7441.75,7434.0,7435.5,11722
2026-07-24 15:15:00-04:00,7435.5,7437.25,7433.75,7437.25,10662
2026-07-24 15:20:00-04:00,7437.25,7439.5,7432.0,7433.5,11261
2026-07-24 15:25:00-04:00,7433.5,7437.75,7432.25,7435.5,9636
2026-07-24 15:30:00-04:00,7435.75,7443.25,7435.5,7440.0,17008
2026-07-24 15:35:00-04:00,7440.25,7445.75,7439.0,7440.25,16218
2026-07-24 15:40:00-04:00,7440.5,7442.5,7437.0,7442.0,10976
2026-07-24 15:45:00-04:00,7442.0,7443.5,7436.75,7442.75,10919
2026-07-24 15:50:00-04:00,7442.75,7445.25,7435.5,7444.25,17685
2026-07-24 15:55:00-04:00,7444.0,7451.0,7439.75,7448.0,59654
2026-07-24 16:00:00-04:00,7447.75,7449.0,7442.75,7444.25,18919
2026-07-24 16:05:00-04:00,7444.0,7445.25,7441.75,7443.5,4398
2026-07-24 16:10:00-04:00,7443.75,7446.5,7441.75,7444.75,4737
2026-07-24 16:15:00-04:00,7445.0,7448.5,7445.0,7446.75,3115
2026-07-24 16:20:00-04:00,7446.75,7450.0,7446.75,7446.75,1926
2026-07-24 16:25:00-04:00,7447.0,7448.25,7443.25,7443.75,2446
2026-07-24 16:30:00-04:00,7443.75,7444.5,7439.25,7440.75,2775
2026-07-24 16:35:00-04:00,7441.0,7443.5,7441.0,7441.75,1329
2026-07-24 16:40:00-04:00,7442.0,7444.5,7441.0,7444.25,962
2026-07-24 16:45:00-04:00,7444.5,7446.0,7443.0,7443.0,1123
2026-07-24 16:50:00-04:00,7443.25,7445.5,7442.25,7445.0,1546
2026-07-24 16:55:00-04:00,7445.0,7447.5,7443.0,7447.5,1602
2026-07-26 18:10:00-04:00,7492.5,7494.25,7490.0,7494.25,680
2026-07-26 18:15:00-04:00,7494.25,7497.75,7491.5,7496.0,1262
2026-07-26 18:20:00-04:00,7495.75,7496.75,7494.25,7495.0,670
2026-07-26 18:25:00-04:00,7494.75,7495.25,7493.25,7494.75,736
2026-07-26 18:30:00-04:00,7495.0,7496.5,7494.25,7496.25,580
2026-07-26 18:35:00-04:00,7496.5,7498.5,7496.0,7496.75,664
2026-07-26 18:40:00-04:00,7497.0,7497.0,7495.0,7495.25,632
2026-07-26 18:45:00-04:00,7495.25,7495.25,7492.5,7493.0,475
2026-07-26 18:50:00-04:00,7493.25,7495.0,7492.5,7493.25,370
2026-07-26 18:55:00-04:00,7493.0,7494.25,7491.25,7491.75,497
2026-07-26 19:00:00-04:00,7492.0,7494.5,7491.0,7494.5,1552
2026-07-26 19:05:00-04:00,7494.75,7498.5,7494.0,7498.5,1040
2026-07-26 19:10:00-04:00,7498.75,7499.0,7497.75,7498.75,342
2026-07-26 19:15:00-04:00,7498.75,7500.5,7498.0,7498.25,1182
2026-07-26 19:20:00-04:00,7498.25,7499.5,7497.25,7497.25,302
2026-07-26 19:25:00-04:00,7497.5,7499.75,7497.5,7498.75,531
2026-07-26 19:30:00-04:00,7498.5,7503.0,7498.5,7502.5,984
2026-07-26 19:35:00-04:00,7502.25,7503.0,7500.75,7501.0,444
2026-07-26 19:40:00-04:00,7501.25,7505.5,7501.0,7504.25,1038
2026-07-26 19:45:00-04:00,7504.25,7509.0,7501.75,7508.5,1681
2026-07-26 19:50:00-04:00,7508.75,7511.5,7507.5,7508.25,1183
2026-07-26 19:55:00-04:00,7508.25,7512.0,7506.25,7511.0,1114
2026-07-26 20:00:00-04:00,7511.0,7512.0,7501.75,7502.0,2288
2026-07-26 20:05:00-04:00,7501.75,7506.0,7500.75,7504.25,1456
2026-07-26 20:10:00-04:00,7504.5,7510.0,7502.75,7509.25,1414
2026-07-26 20:15:00-04:00,7509.25,7509.25,7497.25,7498.75,2181
2026-07-26 20:20:00-04:00,7498.5,7499.75,7496.25,7499.0,1579
2026-07-26 20:25:00-04:00,7499.0,7502.0,7498.25,7500.0,1495
2026-07-26 20:30:00-04:00,7500.0,7502.25,7498.75,7500.75,1208
2026-07-26 20:35:00-04:00,7500.75,7501.25,7496.0,7496.5,1085
2026-07-26 20:40:00-04:00,7496.5,7496.5,7494.75,7494.75,931
2026-07-26 20:45:00-04:00,7494.75,7497.25,7494.5,7495.75,882
2026-07-26 20:50:00-04:00,7495.75,7499.5,7494.0,7495.75,1072
2026-07-26 20:55:00-04:00,7495.75,7495.75,7492.5,7492.75,1115
2026-07-26 21:00:00-04:00,7492.5,7496.5,7492.0,7492.0,1436
2026-07-26 21:05:00-04:00,7492.0,7496.25,7491.5,7494.5,929
2026-07-26 21:10:00-04:00,7494.25,7494.5,7490.0,7491.0,998
2026-07-26 21:15:00-04:00,7491.0,7492.5,7489.0,7489.25,1482
2026-07-26 21:20:00-04:00,7489.5,7491.0,7487.0,7490.25,1262
2026-07-26 21:25:00-04:00,7490.25,7490.25,7488.0,7489.75,919
2026-07-26 21:30:00-04:00,7489.75,7496.5,7489.5,7494.25,1341
2026-07-26 21:35:00-04:00,7494.25,7498.0,7491.25,7497.5,996
2026-07-26 21:40:00-04:00,7497.25,7499.25,7494.5,7496.0,1243
2026-07-26 21:45:00-04:00,7495.75,7498.0,7494.25,7497.25,665
2026-07-26 21:50:00-04:00,7497.0,7497.25,7493.5,7496.0,772
2026-07-26 21:55:00-04:00,7495.75,7498.5,7495.25,7498.0,489
2026-07-26 22:00:00-04:00,7498.25,7500.5,7497.0,7497.25,980
2026-07-26 22:05:00-04:00,7497.25,7499.5,7495.75,7499.0,808
2026-07-26 22:10:00-04:00,7498.75,7499.75,7496.75,7498.5,346
2026-07-26 22:15:00-04:00,7498.5,7501.0,7497.75,7500.0,880
2026-07-26 22:20:00-04:00,7500.0,7500.75,7497.25,7499.75,871
2026-07-26 22:25:00-04:00,7499.5,7502.0,7499.5,7500.0,690
2026-07-26 22:30:00-04:00,7500.0,7500.25,7496.75,7498.0,527
2026-07-26 22:35:00-04:00,7498.0,7502.25,7497.25,7501.75,508
2026-07-26 22:40:00-04:00,7501.75,7502.25,7500.5,7501.5,357
2026-07-26 22:45:00-04:00,7501.25,7502.5,7498.75,7499.0,471
2026-07-26 22:50:00-04:00,7499.0,7500.0,7498.0,7499.25,367
2026-07-26 22:55:00-04:00,7499.0,7500.25,7498.75,7499.25,242
2026-07-26 23:00:00-04:00,7499.25,7502.75,7499.0,7499.5,830
2026-07-26 23:05:00-04:00,7499.75,7501.75,7499.25,7499.75,271
2026-07-26 23:10:00-04:00,7499.75,7503.25,7499.25,7503.0,445
2026-07-26 23:15:00-04:00,7503.0,7503.5,7502.0,7503.0,565
2026-07-26 23:20:00-04:00,7503.0,7503.25,7501.5,7501.75,314
2026-07-26 23:25:00-04:00,7501.5,7502.75,7500.5,7500.75,308
2026-07-26 23:30:00-04:00,7501.0,7501.0,7498.25,7499.75,459
2026-07-26 23:35:00-04:00,7499.75,7500.0,7498.75,7499.0,190
2026-07-26 23:40:00-04:00,7499.0,7502.5,7498.75,7500.5,397
2026-07-26 23:45:00-04:00,7500.25,7501.0,7498.5,7499.0,294
2026-07-26 23:50:00-04:00,7499.25,7500.0,7498.75,7499.5,222
2026-07-26 23:55:00-04:00,7499.75,7501.0,7498.0,7499.25,345
2026-07-27 00:00:00-04:00,7499.5,7502.0,7499.5,7500.5,426
2026-07-27 00:05:00-04:00,7500.5,7501.75,7498.75,7500.0,264
2026-07-27 00:10:00-04:00,7500.0,7502.0,7499.5,7502.0,175
2026-07-27 00:15:00-04:00,7501.75,7503.5,7500.25,7502.75,385
2026-07-27 00:20:00-04:00,7502.75,7503.75,7501.5,7502.0,436
2026-07-27 00:25:00-04:00,7502.0,7503.0,7499.5,7501.5,406
2026-07-27 00:30:00-04:00,7501.5,7503.75,7500.0,7503.25,387
2026-07-27 00:35:00-04:00,7503.25,7504.25,7502.75,7503.75,474
2026-07-27 00:40:00-04:00,7503.75,7505.75,7503.75,7505.25,622
2026-07-27 00:45:00-04:00,7505.25,7505.75,7504.0,7504.25,507
2026-07-27 00:50:00-04:00,7504.25,7507.0,7504.25,7506.5,593
2026-07-27 00:55:00-04:00,7506.5,7507.0,7504.5,7504.75,609
2026-07-27 01:00:00-04:00,7504.75,7506.0,7504.25,7505.25,367
2026-07-27 01:05:00-04:00,7505.5,7507.75,7505.25,7507.5,440
2026-07-27 01:10:00-04:00,7507.5,7509.5,7507.5,7509.0,742
2026-07-27 01:15:00-04:00,7508.75,7510.25,7508.0,7509.25,894
2026-07-27 01:20:00-04:00,7509.25,7510.25,7509.25,7510.0,406
2026-07-27 01:25:00-04:00,7509.75,7510.5,7509.25,7510.5,469
2026-07-27 01:30:00-04:00,7510.5,7511.5,7509.5,7510.75,788
2026-07-27 01:35:00-04:00,7511.0,7517.0,7510.75,7514.0,1386
2026-07-27 01:40:00-04:00,7514.0,7514.0,7511.25,7512.25,772
2026-07-27 01:45:00-04:00,7512.5,7513.5,7512.0,7513.5,632
2026-07-27 01:50:00-04:00,7513.5,7515.0,7512.75,7514.75,736
2026-07-27 01:55:00-04:00,7514.75,7515.25,7513.75,7514.5,1049
2026-07-27 02:00:00-04:00,7514.5,7518.25,7514.5,7517.0,2051
2026-07-27 02:05:00-04:00,7516.75,7519.5,7516.5,7519.25,1670
2026-07-27 02:10:00-04:00,7519.5,7520.0,7516.75,7517.5,1430
2026-07-27 02:15:00-04:00,7517.25,7518.25,7516.75,7517.75,850
2026-07-27 02:20:00-04:00,7518.0,7518.0,7514.0,7514.75,1133
2026-07-27 02:25:00-04:00,7514.75,7515.25,7514.25,7515.0,688
2026-07-27 02:30:00-04:00,7514.75,7516.75,7514.5,7515.75,1025
2026-07-27 02:35:00-04:00,7516.0,7516.5,7515.0,7515.25,788
2026-07-27 02:40:00-04:00,7515.0,7515.25,7512.75,7513.75,705
2026-07-27 02:45:00-04:00,7513.75,7514.0,7512.25,7513.25,581
2026-07-27 02:50:00-04:00,7513.5,7513.5,7510.75,7511.25,1167
2026-07-27 02:55:00-04:00,7511.25,7513.25,7510.75,7511.75,1129
2026-07-27 03:00:00-04:00,7511.75,7516.5,7511.0,7516.0,2335
2026-07-27 03:05:00-04:00,7516.0,7516.25,7512.25,7514.0,1563
2026-07-27 03:10:00-04:00,7514.0,7517.0,7513.0,7516.75,1465
2026-07-27 03:15:00-04:00,7516.75,7517.25,7514.75,7516.25,1586
2026-07-27 03:20:00-04:00,7516.5,7516.75,7515.0,7515.25,749
2026-07-27 03:25:00-04:00,7515.25,7515.5,7512.75,7513.0,1029
2026-07-27 03:30:00-04:00,7513.0,7513.0,7510.25,7512.25,1012
2026-07-27 03:35:00-04:00,7512.25,7513.0,7508.75,7510.0,1070
2026-07-27 03:40:00-04:00,7509.75,7512.0,7509.25,7511.5,862
2026-07-27 03:45:00-04:00,7511.25,7512.25,7509.25,7512.0,1161
2026-07-27 03:50:00-04:00,7512.0,7512.0,7509.0,7510.25,1096
2026-07-27 03:55:00-04:00,7509.75,7511.0,7505.75,7505.75,1567
2026-07-27 04:00:00-04:00,7505.75,7510.0,7505.5,7508.0,2133
2026-07-27 04:05:00-04:00,7508.0,7511.25,7507.75,7510.5,1606
2026-07-27 04:10:00-04:00,7510.75,7512.25,7508.5,7512.25,1304
2026-07-27 04:15:00-04:00,7512.0,7513.75,7509.75,7512.25,1180
2026-07-27 04:20:00-04:00,7512.5,7513.5,7511.75,7512.25,908
2026-07-27 04:25:00-04:00,7512.5,7515.75,7512.0,7514.75,1110
2026-07-27 04:30:00-04:00,7515.0,7516.25,7514.0,7514.25,1360
2026-07-27 04:35:00-04:00,7514.0,7516.0,7512.75,7515.75,884
2026-07-27 04:40:00-04:00,7515.75,7519.75,7515.5,7519.0,1468
2026-07-27 04:45:00-04:00,7519.0,7519.5,7517.25,7517.5,1076
2026-07-27 04:50:00-04:00,7517.5,7520.0,7517.25,7519.75,972
2026-07-27 04:55:00-04:00,7519.5,7520.0,7518.0,7519.25,962
2026-07-27 05:00:00-04:00,7519.25,7519.25,7516.5,7517.5,924
2026-07-27 05:05:00-04:00,7517.5,7518.0,7516.5,7516.75,892
2026-07-27 05:10:00-04:00,7516.75,7518.0,7516.5,7517.0,624
2026-07-27 05:15:00-04:00,7517.0,7517.5,7516.5,7516.75,605
2026-07-27 05:20:00-04:00,7516.75,7519.25,7516.5,7518.5,599
2026-07-27 05:25:00-04:00,7518.75,7520.0,7517.5,7517.75,1333
2026-07-27 05:30:00-04:00,7517.75,7519.0,7517.0,7519.0,943
2026-07-27 05:35:00-04:00,7518.75,7521.0,7518.25,7520.25,1159
2026-07-27 05:40:00-04:00,7520.5,7522.5,7519.75,7522.0,1122
2026-07-27 05:45:00-04:00,7521.75,7524.75,7521.5,7523.75,1595
2026-07-27 05:50:00-04:00,7523.75,7523.75,7522.75,7523.25,930
2026-07-27 05:55:00-04:00,7523.0,7523.5,7522.0,7522.25,664
2026-07-27 06:00:00-04:00,7522.25,7523.25,7521.5,7522.25,886
2026-07-27 06:05:00-04:00,7522.25,7522.75,7521.25,7521.5,652
2026-07-27 06:10:00-04:00,7521.5,7521.5,7518.5,7520.5,1400
2026-07-27 06:15:00-04:00,7520.75,7522.0,7520.0,7520.75,602
2026-07-27 06:20:00-04:00,7521.0,7521.75,7520.0,7520.0,620
2026-07-27 06:25:00-04:00,7520.0,7522.0,7519.75,7520.75,625
2026-07-27 06:30:00-04:00,7521.0,7521.75,7520.5,7520.5,609
2026-07-27 06:35:00-04:00,7520.5,7521.5,7519.25,7521.25,911
2026-07-27 06:40:00-04:00,7521.0,7522.75,7520.25,7522.5,526
2026-07-27 06:45:00-04:00,7522.25,7522.75,7521.75,7522.75,949
2026-07-27 06:50:00-04:00,7522.75,7523.0,7522.25,7522.75,708
2026-07-27 06:55:00-04:00,7522.75,7524.25,7521.5,7521.75,1036
2026-07-27 07:00:00-04:00,7521.75,7522.0,7518.75,7519.5,1294
2026-07-27 07:05:00-04:00,7519.5,7519.75,7518.5,7518.75,807
2026-07-27 07:10:00-04:00,7518.5,7519.75,7516.75,7517.75,1217
2026-07-27 07:15:00-04:00,7517.5,7519.25,7516.5,7516.5,958
2026-07-27 07:20:00-04:00,7516.5,7517.5,7515.75,7516.0,1197
2026-07-27 07:25:00-04:00,7516.0,7517.0,7508.25,7509.0,2602
2026-07-27 07:30:00-04:00,7509.0,7514.75,7507.75,7512.5,3361
2026-07-27 07:35:00-04:00,7512.5,7515.0,7512.25,7514.25,1008
2026-07-27 07:40:00-04:00,7514.25,7514.5,7509.25,7512.25,2731
2026-07-27 07:45:00-04:00,7512.25,7513.0,7511.5,7512.5,734
2026-07-27 07:50:00-04:00,7512.5,7513.25,7511.25,7511.5,899
2026-07-27 07:55:00-04:00,7511.5,7513.0,7511.25,7511.75,1302
2026-07-27 08:00:00-04:00,7511.75,7515.25,7511.75,7514.5,2181
2026-07-27 08:05:00-04:00,7514.5,7514.75,7512.5,7512.75,1373
2026-07-27 08:10:00-04:00,7512.75,7512.75,7504.5,7505.25,3839
2026-07-27 08:15:00-04:00,7505.25,7507.75,7505.25,7506.25,1556
2026-07-27 08:20:00-04:00,7506.25,7508.25,7505.0,7507.25,1732
2026-07-27 08:25:00-04:00,7507.25,7509.5,7506.75,7508.25,1033
2026-07-27 08:30:00-04:00,7508.25,7509.75,7506.5,7509.5,2014
2026-07-27 08:35:00-04:00,7509.75,7511.75,7509.25,7510.75,1587
2026-07-27 08:40:00-04:00,7510.75,7511.75,7509.25,7511.75,1347
2026-07-27 08:45:00-04:00,7511.5,7514.25,7510.75,7513.75,2258
2026-07-27 08:50:00-04:00,7513.75,7514.25,7510.75,7513.75,3276
2026-07-27 08:55:00-04:00,7513.5,7514.5,7511.5,7513.25,1565
2026-07-27 09:00:00-04:00,7513.5,7514.5,7510.5,7512.5,3338
2026-07-27 09:05:00-04:00,7512.5,7512.75,7510.0,7512.75,2677
2026-07-27 09:10:00-04:00,7512.75,7515.25,7511.75,7512.5,2222
2026-07-27 09:15:00-04:00,7512.5,7514.0,7508.5,7509.25,3157
2026-07-27 09:20:00-04:00,7509.25,7510.25,7508.5,7509.0,2054
2026-07-27 09:25:00-04:00,7509.0,7511.75,7507.0,7507.5,6088
2026-07-27 09:30:00-04:00,7507.75,7510.5,7498.0,7505.25,31433
2026-07-27 09:35:00-04:00,7505.25,7514.0,7504.25,7508.25,22634
2026-07-27 09:40:00-04:00,7508.5,7509.25,7492.5,7493.25,23721
2026-07-27 09:45:00-04:00,7493.5,7499.75,7490.25,7496.25,25790
2026-07-27 09:50:00-04:00,7496.5,7500.0,7491.5,7492.75,17228
2026-07-27 09:55:00-04:00,7492.5,7493.0,7473.75,7474.0,28017
2026-07-27 10:00:00-04:00,7474.0,7479.25,7469.75,7474.25,31527
2026-07-27 10:05:00-04:00,7474.5,7478.5,7470.0,7475.5,21061
2026-07-27 10:10:00-04:00,7475.5,7475.75,7462.5,7467.5,24864
2026-07-27 10:15:00-04:00,7467.5,7473.5,7463.25,7467.5,21792
2026-07-27 10:20:00-04:00,7467.5,7467.5,7454.0,7456.25,22471
2026-07-27 10:25:00-04:00,7456.25,7456.5,7439.75,7440.75,26149
2026-07-27 10:30:00-04:00,7441.0,7443.5,7435.25,7437.5,28334
2026-07-27 10:35:00-04:00,7437.25,7441.25,7428.75,7438.75,28733
2026-07-27 10:40:00-04:00,7438.75,7440.75,7423.0,7426.0,27514
2026-07-27 10:45:00-04:00,7426.0,7439.75,7426.0,7438.0,27164
2026-07-27 10:50:00-04:00,7438.0,7446.25,7437.0,7444.0,23732
2026-07-27 10:55:00-04:00,7444.0,7457.25,7441.75,7455.5,18536
2026-07-27 11:00:00-04:00,7455.75,7458.25,7451.25,7455.75,19515
2026-07-27 11:05:00-04:00,7455.75,7461.75,7450.5,7451.0,15549
2026-07-27 11:10:00-04:00,7451.0,7458.0,7449.5,7452.25,16647
2026-07-27 11:15:00-04:00,7452.25,7453.5,7437.5,7446.75,17552
2026-07-27 11:20:00-04:00,7446.5,7451.75,7438.5,7440.0,15968
2026-07-27 11:25:00-04:00,7440.0,7443.75,7436.75,7441.0,13740
2026-07-27 11:30:00-04:00,7441.0,7441.5,7431.25,7432.25,15428
2026-07-27 11:35:00-04:00,7432.25,7433.25,7421.25,7427.5,17274
2026-07-27 11:40:00-04:00,7427.75,7433.25,7424.25,7432.5,15001
2026-07-27 11:45:00-04:00,7432.5,7433.75,7424.75,7427.0,11389
2026-07-27 11:50:00-04:00,7427.0,7432.25,7425.0,7428.75,10251
2026-07-27 11:55:00-04:00,7428.5,7434.5,7427.5,7433.0,10542
2026-07-27 12:00:00-04:00,7433.0,7439.75,7431.75,7439.5,11039
2026-07-27 12:05:00-04:00,7439.5,7441.75,7435.25,7441.25,10287
2026-07-27 12:10:00-04:00,7441.25,7445.25,7431.75,7432.75,12028
2026-07-27 12:15:00-04:00,7432.5,7433.25,7426.75,7431.0,10620
2026-07-27 12:20:00-04:00,7431.25,7436.5,7428.75,7435.75,9475
2026-07-27 12:25:00-04:00,7436.0,7455.25,7435.25,7445.5,32728
2026-07-27 12:30:00-04:00,7445.5,7451.5,7442.0,7447.5,12201
2026-07-27 12:35:00-04:00,7447.25,7452.0,7442.5,7447.75,9493
2026-07-27 12:40:00-04:00,7447.75,7449.25,7438.25,7441.5,8531
2026-07-27 12:45:00-04:00,7441.5,7446.25,7438.75,7438.75,8119
2026-07-27 12:50:00-04:00,7439.0,7439.0,7427.75,7429.25,12567
2026-07-27 12:55:00-04:00,7429.25,7429.5,7424.25,7428.0,12733
2026-07-27 13:00:00-04:00,7428.25,7429.0,7418.75,7419.75,13798
2026-07-27 13:05:00-04:00,7419.75,7423.75,7418.5,7421.5,10466
2026-07-27 13:10:00-04:00,7421.5,7425.5,7419.75,7424.25,10035
2026-07-27 13:15:00-04:00,7424.5,7425.5,7416.25,7420.25,9746
2026-07-27 13:20:00-04:00,7420.0,7425.75,7418.75,7421.75,7480
2026-07-27 13:25:00-04:00,7422.0,7424.5,7419.75,7420.0,6110
2026-07-27 13:30:00-04:00,7420.0,7430.0,7419.75,7429.5,9009
2026-07-27 13:35:00-04:00,7429.5,7430.75,7423.25,7424.75,7711
2026-07-27 13:40:00-04:00,7424.5,7426.75,7422.75,7426.0,5995
2026-07-27 13:45:00-04:00,7426.0,7429.25,7423.25,7425.25,5760
2026-07-27 13:50:00-04:00,7425.25,7433.5,7424.5,7433.0,6582
2026-07-27 13:55:00-04:00,7432.75,7436.5,7430.75,7436.0,8699
2026-07-27 14:00:00-04:00,7436.25,7437.5,7433.0,7433.75,9108
2026-07-27 14:05:00-04:00,7434.0,7437.5,7432.5,7434.75,6008
2026-07-27 14:10:00-04:00,7435.0,7437.25,7434.25,7435.5,6777
2026-07-27 14:15:00-04:00,7435.5,7436.25,7428.0,7430.0,9659
2026-07-27 14:20:00-04:00,7430.0,7435.0,7428.75,7433.5,5786
2026-07-27 14:25:00-04:00,7433.5,7435.75,7432.25,7434.25,5318
2026-07-27 14:30:00-04:00,7434.25,7434.5,7426.25,7426.75,6972
2026-07-27 14:35:00-04:00,7426.75,7428.75,7425.0,7425.75,6561
2026-07-27 14:40:00-04:00,7425.75,7434.0,7424.0,7432.5,18259
2026-07-27 14:45:00-04:00,7432.75,7435.25,7431.25,7431.75,6268
2026-07-27 14:50:00-04:00,7431.75,7444.5,7431.5,7443.5,12990
2026-07-27 14:55:00-04:00,7443.25,7450.5,7443.25,7448.75,16709
2026-07-27 15:00:00-04:00,7448.75,7449.75,7443.5,7443.75,10542
2026-07-27 15:05:00-04:00,7443.5,7452.0,7442.75,7451.0,10688
2026-07-27 15:10:00-04:00,7451.0,7454.0,7447.25,7448.75,8500
2026-07-27 15:15:00-04:00,7448.75,7453.0,7448.75,7453.0,6326
2026-07-27 15:20:00-04:00,7453.25,7455.75,7451.25,7454.5,8554
2026-07-27 15:25:00-04:00,7454.25,7455.25,7451.5,7454.75,6958
2026-07-27 15:30:00-04:00,7454.5,7456.75,7452.75,7453.75,9736
2026-07-27 15:35:00-04:00,7453.5,7455.0,7447.25,7448.25,11765
2026-07-27 15:40:00-04:00,7448.25,7450.5,7446.5,7448.25,9015
2026-07-27 15:45:00-04:00,7448.25,7449.25,7444.5,7449.0,10705
2026-07-27 15:50:00-04:00,7449.25,7451.0,7444.25,7446.5,14930
2026-07-27 15:55:00-04:00,7446.5,7450.0,7443.75,7449.0,57671
2026-07-27 16:00:00-04:00,7449.25,7454.25,7448.0,7449.25,18398
2026-07-27 16:05:00-04:00,7449.0,7449.5,7445.0,7448.75,3817
2026-07-27 16:10:00-04:00,7449.0,7449.5,7445.0,7448.0,3960
2026-07-27 16:15:00-04:00,7448.0,7449.25,7447.25,7448.75,1237
2026-07-27 16:20:00-04:00,7448.75,7449.0,7446.25,7447.25,843
2026-07-27 16:25:00-04:00,7447.5,7448.75,7447.25,7448.75,792
2026-07-27 16:30:00-04:00,7448.5,7453.25,7448.0,7453.0,1381
2026-07-27 16:35:00-04:00,7453.0,7456.5,7452.75,7454.25,1846
2026-07-27 16:40:00-04:00,7454.25,7454.25,7452.25,7452.75,664
2026-07-27 16:45:00-04:00,7452.75,7453.0,7451.25,7451.5,852
2026-07-27 16:50:00-04:00,7451.5,7452.5,7449.75,7451.75,1116
2026-07-27 16:55:00-04:00,7451.5,7453.5,7451.0,7453.5,908
2026-07-27 18:00:00-04:00,7453.0,7456.0,7450.75,7450.75,0
2026-07-27 18:05:00-04:00,7450.75,7452.0,7448.75,7449.5,361
2026-07-27 18:10:00-04:00,7449.5,7449.75,7446.75,7447.0,461
2026-07-27 18:15:00-04:00,7447.25,7448.75,7446.5,7447.5,447
2026-07-27 18:20:00-04:00,7447.75,7448.5,7446.25,7446.75,505
2026-07-27 18:25:00-04:00,7446.75,7447.0,7444.0,7444.75,869
2026-07-27 18:30:00-04:00,7444.75,7448.0,7444.75,7447.25,504
2026-07-27 18:35:00-04:00,7447.75,7448.5,7446.0,7447.0,308
2026-07-27 18:40:00-04:00,7447.0,7447.0,7445.0,7445.5,298
2026-07-27 18:45:00-04:00,7445.75,7446.0,7444.5,7445.5,349
2026-07-27 18:50:00-04:00,7445.25,7447.25,7445.0,7445.25,184
2026-07-27 18:55:00-04:00,7445.25,7445.5,7444.0,7444.5,208
2026-07-27 19:00:00-04:00,7444.5,7444.75,7440.0,7441.0,727
2026-07-27 19:05:00-04:00,7441.25,7447.25,7441.0,7444.25,545
2026-07-27 19:10:00-04:00,7444.5,7445.25,7443.25,7444.0,288
2026-07-27 19:15:00-04:00,7443.5,7446.0,7441.75,7445.5,397
2026-07-27 19:20:00-04:00,7445.75,7447.5,7444.25,7446.0,342
2026-07-27 19:25:00-04:00,7446.25,7449.0,7445.75,7449.0,275
2026-07-27 19:30:00-04:00,7448.5,7448.75,7447.0,7447.5,263
2026-07-27 19:35:00-04:00,7447.25,7447.75,7445.5,7446.25,280
2026-07-27 19:40:00-04:00,7446.25,7446.75,7444.75,7445.25,198
2026-07-27 19:45:00-04:00,7445.5,7446.25,7442.0,7442.75,565
2026-07-27 19:50:00-04:00,7443.0,7449.75,7442.0,7449.0,870
2026-07-27 19:55:00-04:00,7449.25,7450.0,7446.75,7447.75,463
2026-07-27 20:00:00-04:00,7448.25,7452.0,7445.75,7450.25,1663
2026-07-27 20:05:00-04:00,7450.25,7450.5,7441.75,7444.25,1127
2026-07-27 20:10:00-04:00,7444.25,7445.0,7438.25,7441.75,1357
2026-07-27 20:15:00-04:00,7441.5,7444.0,7439.25,7440.5,1068
2026-07-27 20:20:00-04:00,7441.0,7442.5,7436.5,7438.5,1178
2026-07-27 20:25:00-04:00,7438.75,7440.5,7436.25,7440.5,1121
2026-07-27 20:30:00-04:00,7440.5,7443.25,7434.25,7442.0,1546
2026-07-27 20:35:00-04:00,7442.0,7444.75,7441.25,7442.75,829
2026-07-27 20:40:00-04:00,7442.75,7445.0,7442.0,7443.5,527
2026-07-27 20:45:00-04:00,7443.25,7443.25,7438.0,7439.0,934
2026-07-27 20:50:00-04:00,7439.0,7439.5,7437.5,7438.0,497
2026-07-27 20:55:00-04:00,7437.75,7439.25,7435.5,7437.75,548
2026-07-27 21:00:00-04:00,7437.5,7438.75,7434.25,7434.25,1752
2026-07-27 21:05:00-04:00,7434.25,7434.75,7428.5,7429.75,1505
2026-07-27 21:10:00-04:00,7429.75,7430.5,7425.0,7427.75,1286
2026-07-27 21:15:00-04:00,7427.75,7429.75,7426.25,7429.75,923
2026-07-27 21:20:00-04:00,7429.75,7432.5,7428.25,7431.25,996
2026-07-27 21:25:00-04:00,7431.0,7441.25,7430.0,7438.0,1578
2026-07-27 21:35:00-04:00,7442.5,7443.0,7438.75,7439.5,1674
2026-07-27 21:40:00-04:00,7439.75,7441.5,7436.5,7441.25,837
2026-07-27 21:45:00-04:00,7441.0,7443.5,7439.5,7442.0,666
2026-07-27 21:50:00-04:00,7441.75,7442.0,7433.5,7434.25,1413
2026-07-27 21:55:00-04:00,7434.25,7435.25,7432.0,7434.25,756
2026-07-27 22:00:00-04:00,7434.5,7435.0,7431.0,7431.5,1123
2026-07-27 22:05:00-04:00,7431.5,7432.75,7430.5,7431.25,877
2026-07-27 22:10:00-04:00,7431.25,7432.0,7429.0,7430.75,543
2026-07-27 22:15:00-04:00,7430.5,7433.5,7428.0,7433.0,761
2026-07-27 22:20:00-04:00,7433.25,7435.75,7432.5,7433.75,704
2026-07-27 22:25:00-04:00,7434.5,7434.75,7429.0,7430.25,472
2026-07-27 22:30:00-04:00,7430.25,7430.75,7427.0,7429.0,797
2026-07-27 22:35:00-04:00,7429.0,7431.0,7427.75,7430.0,369
2026-07-27 22:40:00-04:00,7429.75,7430.25,7427.0,7428.0,534
2026-07-27 22:45:00-04:00,7428.25,7429.5,7426.75,7428.5,833
2026-07-27 22:50:00-04:00,7428.5,7433.5,7427.25,7430.5,840
2026-07-27 22:55:00-04:00,7430.5,7431.25,7429.0,7430.5,296
2026-07-27 23:00:00-04:00,7430.5,7431.0,7426.0,7427.75,716
2026-07-27 23:05:00-04:00,7427.5,7428.0,7425.25,7425.75,623
2026-07-27 23:10:00-04:00,7425.75,7429.25,7424.0,7428.5,1107
2026-07-27 23:15:00-04:00,7428.5,7435.5,7427.75,7435.5,988
2026-07-27 23:20:00-04:00,7435.5,7437.75,7435.25,7436.75,730
2026-07-27 23:25:00-04:00,7436.75,7438.0,7429.0,7429.75,1010
2026-07-27 23:30:00-04:00,7429.75,7435.75,7425.75,7435.25,1728
2026-07-27 23:35:00-04:00,7435.0,7438.75,7433.25,7438.5,1001
2026-07-27 23:40:00-04:00,7438.5,7442.0,7437.0,7440.25,1282
2026-07-27 23:45:00-04:00,7440.5,7441.75,7438.25,7441.5,876
2026-07-27 23:50:00-04:00,7441.75,7442.0,7438.25,7440.25,504
2026-07-27 23:55:00-04:00,7440.0,7440.75,7437.5,7440.75,385
2026-07-28 00:05:00-04:00,7435.75,7435.75,7434.5,7434.5,2172
2026-07-28 00:10:00-04:00,7434.5,7435.25,7430.0,7430.75,895
2026-07-28 00:15:00-04:00,7430.75,7435.0,7429.75,7434.5,734
2026-07-28 00:20:00-04:00,7434.75,7435.75,7429.75,7430.75,574
2026-07-28 00:25:00-04:00,7430.5,7431.75,7429.75,7430.5,306
2026-07-28 00:30:00-04:00,7430.25,7431.0,7429.0,7430.25,433
2026-07-28 00:35:00-04:00,7430.25,7431.5,7428.5,7430.5,454
2026-07-28 00:40:00-04:00,7430.25,7431.75,7429.25,7430.75,395
2026-07-28 00:45:00-04:00,7430.5,7434.75,7430.25,7431.25,806
2026-07-28 00:50:00-04:00,7431.0,7431.25,7428.25,7429.25,400
2026-07-28 00:55:00-04:00,7429.0,7430.0,7426.0,7427.25,553
2026-07-28 01:00:00-04:00,7427.5,7431.5,7426.5,7430.5,594
2026-07-28 01:05:00-04:00,7430.25,7430.5,7427.25,7429.25,345
2026-07-28 01:15:00-04:00,7448.25,7448.25,7426.75,7426.75,835
2026-07-28 01:20:00-04:00,7426.75,7428.0,7425.0,7426.75,618
2026-07-28 01:25:00-04:00,7426.5,7426.5,7424.0,7424.75,740
2026-07-28 01:30:00-04:00,7424.75,7425.25,7419.75,7420.5,1623
2026-07-28 01:35:00-04:00,7420.5,7424.25,7419.0,7422.5,1073
2026-07-28 01:40:00-04:00,7422.5,7422.5,7419.5,7422.0,567
2026-07-28 01:45:00-04:00,7422.0,7423.5,7421.5,7422.75,641
2026-07-28 01:50:00-04:00,7422.75,7425.5,7421.75,7423.5,840
2026-07-28 01:55:00-04:00,7423.5,7424.25,7419.5,7420.75,454
2026-07-28 02:00:00-04:00,7421.25,7424.5,7420.0,7420.0,1220
2026-07-28 02:05:00-04:00,7420.25,7423.5,7419.5,7421.75,1125
2026-07-28 02:10:00-04:00,7421.75,7423.75,7420.25,7423.0,903
2026-07-28 02:15:00-04:00,7423.0,7426.5,7423.0,7424.75,1020
2026-07-28 02:20:00-04:00,7424.5,7426.5,7419.75,7423.5,3197
2026-07-28 02:25:00-04:00,7423.5,7425.75,7422.0,7425.5,1841
2026-07-28 02:30:00-04:00,7425.5,7426.25,7423.75,7425.5,941
2026-07-28 02:35:00-04:00,7425.5,7428.75,7425.0,7427.25,867
2026-07-28 02:40:00-04:00,7427.25,7429.5,7427.0,7427.25,654
2026-07-28 02:45:00-04:00,7427.25,7427.25,7424.25,7425.5,830
2026-07-28 02:50:00-04:00,7425.5,7427.25,7425.0,7427.25,511
2026-07-28 02:55:00-04:00,7427.25,7431.5,7427.25,7429.75,1022
2026-07-28 03:00:00-04:00,7429.75,7433.5,7429.5,7430.5,2289
2026-07-28 03:05:00-04:00,7431.0,7436.25,7429.0,7435.25,1646
2026-07-28 03:10:00-04:00,7435.25,7436.75,7433.75,7435.75,1395
2026-07-28 03:15:00-04:00,7435.75,7438.5,7435.5,7436.5,1225
2026-07-28 03:20:00-04:00,7436.5,7437.75,7435.25,7435.25,964
2026-07-28 03:25:00-04:00,7435.25,7437.25,7434.0,7435.25,1410
2026-07-28 03:30:00-04:00,7435.0,7436.0,7434.0,7435.5,1169
2026-07-28 03:35:00-04:00,7435.75,7437.0,7433.25,7436.5,817
2026-07-28 03:40:00-04:00,7436.5,7437.5,7434.0,7434.5,840
2026-07-28 03:45:00-04:00,7434.25,7434.75,7429.25,7431.25,1032
2026-07-28 03:50:00-04:00,7431.25,7436.5,7430.5,7435.5,1469
2026-07-28 03:55:00-04:00,7435.75,7436.5,7432.5,7433.25,839
2026-07-28 04:00:00-04:00,7433.5,7436.5,7429.25,7434.25,2674
2026-07-28 04:05:00-04:00,7434.25,7436.25,7429.25,7429.5,2029
2026-07-28 04:10:00-04:00,7429.5,7429.5,7425.25,7426.25,1823
2026-07-28 04:15:00-04:00,7426.25,7438.0,7425.5,7436.5,2671
2026-07-28 04:20:00-04:00,7436.25,7444.5,7436.25,7443.25,2709
2026-07-28 04:25:00-04:00,7443.0,7443.25,7439.75,7442.75,1314
2026-07-28 04:30:00-04:00,7443.0,7443.5,7438.75,7443.0,1326
2026-07-28 04:35:00-04:00,7442.75,7444.75,7440.25,7442.5,1155
2026-07-28 04:40:00-04:00,7443.0,7446.25,7442.75,7444.5,1279
2026-07-28 04:45:00-04:00,7444.5,7448.5,7443.5,7445.5,1546
2026-07-28 04:50:00-04:00,7445.75,7449.0,7442.25,7442.5,1073
2026-07-28 04:55:00-04:00,7442.5,7442.5,7440.25,7442.0,1324
2026-07-28 05:00:00-04:00,7441.75,7443.25,7440.25,7441.5,981
2026-07-28 05:05:00-04:00,7441.25,7444.0,7441.25,7443.0,562
2026-07-28 05:10:00-04:00,7443.0,7445.25,7440.75,7441.5,703
2026-07-28 05:15:00-04:00,7441.75,7444.25,7441.75,7443.75,641
2026-07-28 05:20:00-04:00,7443.75,7444.5,7443.25,7444.0,547
2026-07-28 05:25:00-04:00,7444.0,7445.75,7443.25,7445.25,477
2026-07-28 05:30:00-04:00,7445.5,7445.5,7442.75,7443.25,766
2026-07-28 05:35:00-04:00,7443.5,7443.5,7441.5,7442.75,1148
2026-07-28 05:40:00-04:00,7442.75,7444.5,7441.5,7442.25,694
2026-07-28 05:45:00-04:00,7442.5,7443.5,7441.5,7443.25,658
2026-07-28 05:50:00-04:00,7443.5,7444.75,7441.75,7442.0,528
2026-07-28 05:55:00-04:00,7442.0,7442.5,7438.0,7439.75,878
2026-07-28 06:00:00-04:00,7439.5,7441.25,7438.25,7440.75,790
2026-07-28 06:05:00-04:00,7440.75,7441.0,7438.0,7439.5,696
2026-07-28 06:10:00-04:00,7439.5,7441.0,7438.0,7439.0,718
2026-07-28 06:15:00-04:00,7439.0,7442.25,7438.5,7442.0,787
2026-07-28 06:20:00-04:00,7442.0,7442.25,7437.25,7439.25,831
2026-07-28 06:25:00-04:00,7439.25,7442.5,7436.75,7442.5,781
2026-07-28 06:30:00-04:00,7442.5,7444.25,7438.5,7439.75,2108
2026-07-28 06:35:00-04:00,7439.5,7440.25,7435.25,7436.25,2840
2026-07-28 06:40:00-04:00,7436.0,7437.0,7433.75,7437.0,1372
2026-07-28 06:45:00-04:00,7437.0,7441.25,7436.5,7438.75,1469
2026-07-28 06:50:00-04:00,7438.75,7441.5,7437.75,7441.5,733
2026-07-28 06:55:00-04:00,7441.5,7442.5,7440.0,7442.25,1462
2026-07-28 07:00:00-04:00,7442.25,7446.25,7438.25,7439.0,3581
2026-07-28 07:05:00-04:00,7438.75,7441.5,7437.0,7437.5,2115
2026-07-28 07:10:00-04:00,7437.5,7437.75,7432.5,7433.25,1969
2026-07-28 07:15:00-04:00,7433.25,7450.0,7433.25,7446.5,5788
2026-07-28 07:20:00-04:00,7446.5,7448.25,7442.5,7442.75,2127
2026-07-28 07:25:00-04:00,7442.5,7442.75,7437.5,7438.0,1718
2026-07-28 07:30:00-04:00,7438.0,7440.0,7435.5,7438.0,1952
2026-07-28 07:35:00-04:00,7438.0,7450.0,7437.25,7437.5,4350
2026-07-28 07:40:00-04:00,7437.5,7439.0,7433.0,7437.5,3767
2026-07-28 07:45:00-04:00,7437.5,7446.75,7437.0,7443.5,2069
2026-07-28 07:50:00-04:00,7443.25,7446.0,7441.75,7444.25,1205
2026-07-28 07:55:00-04:00,7444.5,7452.5,7444.5,7450.75,3004
2026-07-28 08:00:00-04:00,7450.75,7454.0,7449.0,7452.75,2524
2026-07-28 08:05:00-04:00,7452.75,7455.0,7451.25,7453.0,1989
2026-07-28 08:10:00-04:00,7452.75,7453.25,7448.25,7450.5,1903
2026-07-28 08:15:00-04:00,7450.75,7451.25,7448.5,7451.0,2057
2026-07-28 08:20:00-04:00,7451.0,7453.5,7449.5,7453.25,1298
2026-07-28 08:25:00-04:00,7453.25,7458.0,7452.25,7457.0,2902
2026-07-28 08:30:00-04:00,7457.25,7459.75,7451.25,7454.25,5349
2026-07-28 08:35:00-04:00,7454.0,7458.0,7453.25,7454.25,3005
2026-07-28 08:40:00-04:00,7453.75,7460.5,7452.0,7459.5,3797
2026-07-28 08:45:00-04:00,7459.5,7467.0,7458.75,7460.25,4501
2026-07-28 08:50:00-04:00,7460.75,7461.0,7455.5,7459.0,2638
2026-07-28 08:55:00-04:00,7459.25,7460.0,7456.0,7456.5,1990
2026-07-28 09:00:00-04:00,7456.5,7457.0,7452.75,7454.0,4384
2026-07-28 09:05:00-04:00,7453.75,7459.25,7453.5,7458.5,2564
2026-07-28 09:10:00-04:00,7458.25,7458.5,7455.0,7456.25,2108
2026-07-28 09:15:00-04:00,7456.0,7462.25,7455.75,7459.5,3094
2026-07-28 09:20:00-04:00,7459.5,7461.25,7457.0,7459.25,2343
2026-07-28 09:25:00-04:00,7459.0,7459.0,7449.0,7449.75,8644
2026-07-28 09:30:00-04:00,7449.75,7452.5,7437.75,7439.25,43895
2026-07-28 09:35:00-04:00,7439.25,7448.5,7435.25,7435.5,22303
2026-07-28 09:40:00-04:00,7435.75,7441.25,7423.25,7428.25,25883
2026-07-28 09:45:00-04:00,7428.0,7433.5,7417.0,7433.0,31059
2026-07-28 09:50:00-04:00,7432.75,7439.5,7424.75,7428.0,27965
2026-07-28 09:55:00-04:00,7428.0,7430.25,7418.75,7422.0,18835
2026-07-28 10:00:00-04:00,7421.75,7434.5,7421.5,7429.75,16833
2026-07-28 10:05:00-04:00,7429.5,7439.5,7426.0,7427.75,19479
2026-07-28 10:10:00-04:00,7427.75,7435.5,7420.0,7423.25,19462
2026-07-28 10:15:00-04:00,7423.5,7429.25,7421.5,7423.25,18620
2026-07-28 10:20:00-04:00,7423.25,7436.25,7421.0,7430.0,19618
2026-07-28 10:25:00-04:00,7430.25,7435.25,7428.5,7434.75,13091
2026-07-28 10:30:00-04:00,7434.75,7437.75,7429.5,7429.5,13768
2026-07-28 10:35:00-04:00,7429.75,7444.0,7429.0,7432.75,18811
2026-07-28 10:40:00-04:00,7432.75,7444.0,7431.0,7440.0,14638
2026-07-28 10:45:00-04:00,7439.75,7451.75,7435.75,7450.5,18196
2026-07-28 10:50:00-04:00,7450.5,7455.25,7448.5,7451.75,18514
2026-07-28 10:55:00-04:00,7452.0,7456.0,7443.0,7444.0,13527
2026-07-28 11:00:00-04:00,7444.25,7449.25,7438.75,7439.0,11548
2026-07-28 11:05:00-04:00,7438.75,7446.0,7437.5,7445.5,11501
2026-07-28 11:10:00-04:00,7445.5,7454.75,7442.0,7451.5,21529
2026-07-28 11:15:00-04:00,7451.5,7463.5,7449.25,7463.5,22247
2026-07-28 11:20:00-04:00,7463.5,7471.25,7463.25,7471.25,25754
2026-07-28 11:25:00-04:00,7471.25,7477.25,7468.0,7469.25,23401
2026-07-28 11:30:00-04:00,7469.25,7472.5,7467.25,7470.0,13266
2026-07-28 11:35:00-04:00,7470.0,7476.5,7469.75,7474.0,11552
2026-07-28 11:40:00-04:00,7473.75,7478.5,7471.5,7478.25,11484
2026-07-28 11:45:00-04:00,7478.25,7482.25,7477.25,7480.75,13057
2026-07-28 11:50:00-04:00,7480.75,7482.0,7475.0,7478.25,15156
2026-07-28 11:55:00-04:00,7478.0,7481.5,7475.5,7479.5,8455
2026-07-28 12:00:00-04:00,7479.75,7481.0,7476.75,7477.75,8951
2026-07-28 12:05:00-04:00,7477.5,7479.5,7473.0,7473.25,10445
2026-07-28 12:10:00-04:00,7473.5,7476.0,7472.5,7474.0,8981
2026-07-28 12:15:00-04:00,7474.0,7476.75,7470.75,7476.75,8562
2026-07-28 12:20:00-04:00,7476.75,7478.5,7470.5,7472.5,10388
2026-07-28 12:25:00-04:00,7472.25,7473.75,7469.5,7470.0,6559
2026-07-28 12:30:00-04:00,7469.75,7471.5,7466.75,7468.75,9858
2026-07-28 12:35:00-04:00,7468.75,7475.75,7468.5,7475.5,7535
2026-07-28 12:40:00-04:00,7475.25,7479.25,7474.5,7477.0,10208
2026-07-28 12:45:00-04:00,7477.0,7478.5,7471.25,7475.5,9559
2026-07-28 12:50:00-04:00,7475.25,7484.5,7475.25,7484.0,9569
2026-07-28 12:55:00-04:00,7483.75,7485.75,7482.5,7484.0,6910
2026-07-28 13:00:00-04:00,7484.0,7485.5,7478.75,7479.25,9046
2026-07-28 13:05:00-04:00,7479.25,7481.0,7472.0,7472.5,10908
2026-07-28 13:10:00-04:00,7472.75,7476.0,7469.5,7471.0,11104
2026-07-28 13:15:00-04:00,7471.0,7473.0,7468.25,7470.5,8566
2026-07-28 13:20:00-04:00,7470.5,7479.5,7469.5,7471.0,13980
2026-07-28 13:25:00-04:00,7470.75,7474.75,7468.75,7470.75,7176
2026-07-28 13:30:00-04:00,7470.75,7476.0,7468.75,7474.75,8827
2026-07-28 13:35:00-04:00,7474.5,7477.0,7471.0,7471.75,5317
2026-07-28 13:40:00-04:00,7471.5,7474.5,7464.0,7465.5,9101
2026-07-28 13:45:00-04:00,7465.5,7471.75,7464.0,7470.5,9100
2026-07-28 13:50:00-04:00,7470.5,7470.5,7464.25,7465.25,6206
2026-07-28 13:55:00-04:00,7465.25,7470.0,7462.75,7469.5,6804
2026-07-28 14:00:00-04:00,7469.75,7473.25,7467.75,7470.0,8694
2026-07-28 14:05:00-04:00,7469.75,7470.75,7465.25,7466.5,5443
2026-07-28 14:10:00-04:00,7466.5,7467.0,7462.0,7462.25,7767
2026-07-28 14:15:00-04:00,7462.25,7466.5,7462.0,7465.25,7118
2026-07-28 14:20:00-04:00,7465.5,7467.5,7462.75,7463.5,5913
2026-07-28 14:25:00-04:00,7463.25,7464.75,7462.0,7463.75,5980
2026-07-28 14:30:00-04:00,7464.0,7468.5,7463.0,7467.25,8345
2026-07-28 14:35:00-04:00,7467.25,7469.0,7465.0,7466.25,5731
2026-07-28 14:40:00-04:00,7466.0,7466.75,7463.25,7465.5,6248
2026-07-28 14:45:00-04:00,7465.5,7472.0,7464.75,7470.25,8362
2026-07-28 14:50:00-04:00,7470.25,7473.0,7469.25,7470.25,6252
2026-07-28 14:55:00-04:00,7470.5,7474.0,7468.75,7472.25,6962
2026-07-28 15:00:00-04:00,7472.25,7477.5,7472.25,7477.0,9907
2026-07-28 15:05:00-04:00,7476.75,7477.5,7471.75,7472.0,11428
2026-07-28 15:10:00-04:00,7472.25,7474.5,7471.25,7472.5,5781
2026-07-28 15:15:00-04:00,7472.5,7475.25,7470.75,7474.25,7979
2026-07-28 15:20:00-04:00,7474.25,7476.5,7473.25,7476.25,5685
2026-07-28 15:25:00-04:00,7476.25,7476.75,7471.5,7475.0,7510
2026-07-28 15:30:00-04:00,7475.25,7475.5,7472.5,7473.25,8981
2026-07-28 15:35:00-04:00,7473.25,7473.5,7467.25,7468.0,9571
2026-07-28 15:40:00-04:00,7468.0,7471.25,7467.75,7471.0,8775
2026-07-28 15:45:00-04:00,7471.0,7471.5,7467.0,7469.25,8164
2026-07-28 15:50:00-04:00,7469.25,7475.0,7466.5,7474.25,15532
2026-07-28 15:55:00-04:00,7474.5,7474.5,7462.5,7466.0,64777
2026-07-28 16:00:00-04:00,7466.25,7467.5,7461.75,7464.0,17033
2026-07-28 16:05:00-04:00,7464.0,7469.25,7458.25,7463.25,9760
2026-07-28 16:10:00-04:00,7463.25,7468.75,7462.75,7467.0,4856
2026-07-28 16:15:00-04:00,7467.0,7468.25,7464.25,7468.0,3126
2026-07-28 16:20:00-04:00,7468.0,7468.5,7466.0,7468.0,1306
2026-07-28 16:25:00-04:00,7468.0,7474.0,7467.75,7472.5,2798
2026-07-28 16:30:00-04:00,7472.5,7473.5,7471.0,7471.75,1261
2026-07-28 16:35:00-04:00,7471.75,7473.0,7465.75,7466.75,2460
2026-07-28 16:40:00-04:00,7466.75,7467.5,7466.25,7467.5,1091
2026-07-28 16:45:00-04:00,7467.5,7469.25,7467.25,7468.25,777
2026-07-28 16:50:00-04:00,7468.25,7468.5,7466.0,7468.25,1332
2026-07-28 16:55:00-04:00,7468.0,7469.25,7467.5,7467.5,862
2026-07-28 18:00:00-04:00,7464.0,7471.5,7464.0,7471.25,0
2026-07-28 18:05:00-04:00,7471.25,7473.75,7471.25,7473.0,614
2026-07-28 18:10:00-04:00,7472.75,7474.0,7465.25,7467.25,1128
2026-07-28 18:15:00-04:00,7467.25,7468.25,7461.75,7463.25,930
2026-07-28 18:20:00-04:00,7463.0,7464.0,7459.0,7460.0,819
2026-07-28 18:25:00-04:00,7459.75,7462.75,7457.25,7462.0,1277
2026-07-28 18:30:00-04:00,7461.75,7463.0,7454.75,7455.75,1702
2026-07-28 18:35:00-04:00,7456.0,7459.5,7450.75,7451.25,1460
2026-07-28 18:40:00-04:00,7451.5,7455.5,7451.25,7453.25,1088
2026-07-28 18:45:00-04:00,7453.25,7454.0,7451.0,7452.75,2758
2026-07-28 18:50:00-04:00,7452.75,7457.25,7450.5,7454.25,2407
2026-07-28 18:55:00-04:00,7454.0,7457.0,7451.75,7451.75,2066
2026-07-28 19:00:00-04:00,7452.0,7456.25,7449.25,7456.0,2527
2026-07-28 19:05:00-04:00,7455.75,7459.25,7452.5,7452.75,3016
2026-07-28 19:10:00-04:00,7453.0,7465.5,7452.0,7463.5,2934
2026-07-28 19:15:00-04:00,7463.5,7464.75,7459.75,7461.0,1642
2026-07-28 19:20:00-04:00,7461.0,7469.25,7459.5,7468.5,1950
2026-07-28 19:25:00-04:00,7468.75,7471.0,7467.25,7468.75,1442
2026-07-28 19:30:00-04:00,7468.75,7470.75,7467.75,7469.0,731
2026-07-28 19:35:00-04:00,7469.25,7469.75,7468.0,7468.25,606
2026-07-28 19:40:00-04:00,7468.25,7484.0,7467.5,7482.75,2688
2026-07-28 19:45:00-04:00,7482.5,7489.25,7479.75,7488.25,4096
2026-07-28 19:50:00-04:00,7488.25,7495.25,7488.0,7491.75,3948
2026-07-28 19:55:00-04:00,7491.5,7495.0,7489.0,7494.75,2368
2026-07-28 20:00:00-04:00,7494.75,7498.75,7490.25,7495.25,4392
2026-07-28 20:05:00-04:00,7495.5,7499.25,7494.25,7494.25,2319
2026-07-28 20:10:00-04:00,7494.25,7496.75,7493.25,7494.5,1740
2026-07-28 20:15:00-04:00,7494.25,7496.5,7491.25,7494.75,1851
2026-07-28 20:20:00-04:00,7494.5,7501.0,7492.25,7493.5,3291
2026-07-28 20:25:00-04:00,7493.25,7494.0,7490.75,7493.0,1628
2026-07-28 20:30:00-04:00,7493.0,7494.0,7487.5,7489.25,1447
2026-07-28 20:35:00-04:00,7489.0,7495.25,7488.75,7493.5,1645
2026-07-28 20:40:00-04:00,7493.5,7494.0,7489.75,7492.75,717
2026-07-28 20:45:00-04:00,7492.75,7494.75,7490.0,7490.5,921
2026-07-28 20:50:00-04:00,7490.0,7492.5,7488.75,7492.25,831
2026-07-28 20:55:00-04:00,7492.25,7492.25,7485.25,7486.75,1179
2026-07-28 21:00:00-04:00,7486.75,7489.25,7485.0,7486.25,1226
2026-07-28 21:05:00-04:00,7486.25,7486.25,7479.0,7479.5,1785
2026-07-28 21:10:00-04:00,7479.5,7479.75,7471.5,7472.75,3162
2026-07-28 21:15:00-04:00,7472.5,7474.5,7468.75,7472.75,2593
2026-07-28 21:20:00-04:00,7472.75,7480.75,7472.75,7480.0,2113
2026-07-28 21:25:00-04:00,7480.0,7481.0,7478.0,7478.25,946
2026-07-28 21:30:00-04:00,7478.0,7479.0,7473.5,7476.25,1472
2026-07-28 21:35:00-04:00,7476.0,7476.75,7472.75,7473.75,704
2026-07-28 21:40:00-04:00,7473.75,7473.75,7467.0,7467.5,1662
2026-07-28 21:45:00-04:00,7467.25,7468.75,7463.75,7464.5,1765
2026-07-28 21:50:00-04:00,7464.25,7465.0,7458.5,7459.75,2658
2026-07-28 21:55:00-04:00,7459.75,7460.25,7455.0,7455.5,2171
2026-07-28 22:00:00-04:00,7455.25,7459.0,7453.25,7457.0,2414
2026-07-28 22:05:00-04:00,7457.0,7462.5,7456.25,7462.0,1448
2026-07-28 22:10:00-04:00,7461.5,7465.25,7461.25,7463.0,1276
2026-07-28 22:15:00-04:00,7462.75,7463.25,7457.75,7459.0,942
2026-07-28 22:20:00-04:00,7458.75,7465.75,7458.75,7462.5,1310
2026-07-28 22:25:00-04:00,7462.5,7466.5,7461.75,7466.5,596
2026-07-28 22:30:00-04:00,7466.25,7468.25,7463.75,7465.5,866
2026-07-28 22:35:00-04:00,7465.5,7468.25,7463.5,7467.25,1082
2026-07-28 22:40:00-04:00,7467.5,7468.75,7465.75,7466.25,638
2026-07-28 22:45:00-04:00,7466.25,7466.5,7463.5,7463.75,597
2026-07-28 22:50:00-04:00,7463.75,7465.75,7462.0,7463.25,812
2026-07-28 22:55:00-04:00,7463.75,7464.5,7460.75,7463.25,777
2026-07-28 23:00:00-04:00,7463.25,7463.25,7457.25,7458.5,1057
2026-07-28 23:05:00-04:00,7458.5,7467.5,7458.25,7466.75,1063
2026-07-28 23:10:00-04:00,7466.75,7468.0,7460.25,7461.0,695
2026-07-28 23:15:00-04:00,7460.75,7461.75,7458.75,7459.25,652
2026-07-28 23:20:00-04:00,7459.25,7462.25,7457.25,7458.25,567
2026-07-28 23:25:00-04:00,7458.25,7458.5,7455.5,7455.75,749
2026-07-28 23:30:00-04:00,7455.5,7456.25,7451.5,7456.25,1404
2026-07-28 23:35:00-04:00,7456.25,7457.5,7453.5,7453.75,623
2026-07-28 23:40:00-04:00,7453.75,7455.0,7451.25,7454.75,1135
2026-07-28 23:45:00-04:00,7454.75,7456.75,7453.0,7453.0,722
2026-07-28 23:50:00-04:00,7453.0,7453.0,7446.5,7447.75,1909
2026-07-28 23:55:00-04:00,7447.75,7448.0,7445.0,7447.25,1141
2026-07-29 00:05:00-04:00,7445.75,7448.0,7445.75,7448.0,1912
2026-07-29 00:10:00-04:00,7447.75,7448.0,7443.75,7445.0,996
2026-07-29 00:15:00-04:00,7445.0,7445.75,7442.25,7445.75,1185
2026-07-29 00:20:00-04:00,7445.75,7447.25,7442.75,7446.75,1124
2026-07-29 00:25:00-04:00,7446.75,7448.25,7443.5,7445.0,1442
2026-07-29 00:30:00-04:00,7444.75,7446.25,7442.0,7443.25,678
2026-07-29 00:35:00-04:00,7443.25,7447.0,7442.5,7444.5,1127
2026-07-29 00:40:00-04:00,7444.75,7444.75,7439.75,7440.0,1211
2026-07-29 00:45:00-04:00,7440.25,7443.5,7438.5,7442.0,1142
2026-07-29 00:50:00-04:00,7441.75,7448.5,7441.75,7447.75,1507
2026-07-29 00:55:00-04:00,7447.75,7450.5,7447.0,7450.5,1060
2026-07-29 01:00:00-04:00,7450.75,7454.5,7448.5,7452.5,833
2026-07-29 01:05:00-04:00,7452.75,7458.75,7450.25,7457.25,1605
2026-07-29 01:10:00-04:00,7457.25,7461.0,7456.25,7461.0,954
2026-07-29 01:15:00-04:00,7460.75,7461.0,7455.5,7456.5,761
2026-07-29 01:20:00-04:00,7456.5,7459.5,7454.75,7459.5,627
2026-07-29 01:25:00-04:00,7459.5,7461.5,7458.25,7459.75,653
2026-07-29 01:30:00-04:00,7459.75,7461.0,7457.0,7460.75,717
2026-07-29 01:35:00-04:00,7460.75,7462.75,7460.25,7462.0,903
2026-07-29 01:40:00-04:00,7461.75,7462.5,7458.75,7460.75,847
2026-07-29 01:45:00-04:00,7461.25,7462.0,7459.0,7460.0,532
2026-07-29 01:50:00-04:00,7460.0,7461.25,7458.0,7461.0,730
2026-07-29 01:55:00-04:00,7461.0,7461.25,7456.5,7457.75,747
2026-07-29 02:00:00-04:00,7457.5,7458.25,7452.5,7452.5,1285
2026-07-29 02:05:00-04:00,7452.75,7453.5,7451.25,7452.5,870
2026-07-29 02:10:00-04:00,7452.75,7455.75,7452.0,7455.0,691
2026-07-29 02:15:00-04:00,7455.0,7458.5,7455.0,7456.75,885
2026-07-29 02:20:00-04:00,7456.75,7458.25,7454.0,7457.0,993
2026-07-29 02:25:00-04:00,7456.75,7461.25,7456.75,7461.0,1291
2026-07-29 02:30:00-04:00,7460.75,7468.75,7460.75,7468.0,1916
2026-07-29 02:35:00-04:00,7468.0,7473.0,7467.5,7471.5,1427
2026-07-29 02:40:00-04:00,7471.5,7474.25,7471.25,7473.75,1251
2026-07-29 02:45:00-04:00,7473.5,7477.0,7471.5,7476.5,1386
2026-07-29 02:50:00-04:00,7476.5,7479.0,7476.25,7478.5,1470
2026-07-29 02:55:00-04:00,7478.25,7480.0,7478.25,7478.75,1208
2026-07-29 03:00:00-04:00,7478.75,7481.25,7474.75,7477.0,2508
2026-07-29 03:05:00-04:00,7477.0,7480.75,7476.5,7480.75,1582
2026-07-29 03:10:00-04:00,7480.75,7483.25,7479.0,7479.5,2571
2026-07-29 03:15:00-04:00,7479.5,7482.5,7478.25,7479.25,1376
2026-07-29 03:20:00-04:00,7479.25,7480.75,7477.0,7477.5,1221
2026-07-29 03:25:00-04:00,7477.5,7482.25,7476.75,7482.0,1329
2026-07-29 03:30:00-04:00,7482.25,7484.0,7479.75,7481.0,1668
2026-07-29 03:35:00-04:00,7481.0,7485.0,7480.25,7482.5,1300
2026-07-29 03:40:00-04:00,7482.25,7484.5,7482.25,7482.5,665
2026-07-29 03:45:00-04:00,7482.5,7483.0,7480.0,7480.5,1146
2026-07-29 03:50:00-04:00,7480.25,7481.0,7478.5,7478.5,1131
2026-07-29 03:55:00-04:00,7478.5,7483.25,7478.5,7481.25,866
2026-07-29 04:00:00-04:00,7481.25,7482.0,7479.0,7479.75,2151
2026-07-29 04:05:00-04:00,7479.5,7481.5,7477.25,7478.75,1559
2026-07-29 04:10:00-04:00,7478.75,7481.0,7474.25,7474.75,1554
2026-07-29 04:20:00-04:00,7474.5,7475.75,7470.75,7471.5,3293
2026-07-29 04:25:00-04:00,7471.5,7472.0,7469.0,7471.25,1962
2026-07-29 04:30:00-04:00,7471.5,7480.75,7470.0,7479.25,2081
2026-07-29 04:35:00-04:00,7479.0,7480.25,7477.75,7478.5,1191
2026-07-29 04:40:00-04:00,7478.5,7483.25,7477.5,7482.5,1061
2026-07-29 04:45:00-04:00,7482.25,7485.0,7481.5,7484.5,1686
2026-07-29 04:50:00-04:00,7484.5,7486.0,7480.0,7481.25,968
2026-07-29 04:55:00-04:00,7481.5,7482.0,7479.25,7480.75,537
2026-07-29 05:00:00-04:00,7481.0,7483.75,7479.5,7482.0,729
2026-07-29 05:05:00-04:00,7482.0,7483.5,7479.5,7481.5,1509
2026-07-29 05:10:00-04:00,7481.5,7482.75,7479.75,7482.5,1223
2026-07-29 05:15:00-04:00,7482.5,7482.75,7479.75,7480.75,757
2026-07-29 05:20:00-04:00,7480.5,7482.25,7479.25,7480.5,974
2026-07-29 05:25:00-04:00,7480.5,7482.5,7478.75,7480.0,822
2026-07-29 05:30:00-04:00,7480.0,7480.5,7477.5,7479.25,877
2026-07-29 05:35:00-04:00,7479.25,7483.0,7478.5,7480.0,1042
2026-07-29 05:40:00-04:00,7480.25,7484.0,7480.25,7482.75,795
2026-07-29 05:45:00-04:00,7483.0,7486.75,7483.0,7486.5,961
2026-07-29 05:50:00-04:00,7486.75,7492.0,7486.5,7487.75,2560
2026-07-29 05:55:00-04:00,7488.0,7488.0,7482.75,7485.75,1816
2026-07-29 06:00:00-04:00,7485.75,7487.75,7484.0,7486.25,958
2026-07-29 06:05:00-04:00,7486.25,7488.5,7481.25,7484.75,2355
2026-07-29 06:10:00-04:00,7484.5,7486.25,7482.25,7483.5,1026
2026-07-29 06:15:00-04:00,7483.75,7485.75,7482.75,7484.0,979
2026-07-29 06:20:00-04:00,7483.75,7484.5,7482.75,7483.25,780
2026-07-29 06:25:00-04:00,7483.0,7485.0,7481.0,7484.5,832
2026-07-29 06:30:00-04:00,7484.5,7486.25,7481.0,7481.5,843
2026-07-29 06:35:00-04:00,7481.25,7481.25,7477.25,7478.5,1666
2026-07-29 06:40:00-04:00,7478.5,7481.75,7477.5,7480.75,1009
2026-07-29 06:45:00-04:00,7480.75,7481.0,7478.75,7480.5,896
2026-07-29 06:50:00-04:00,7480.25,7481.75,7476.25,7477.0,995
2026-07-29 06:55:00-04:00,7476.75,7478.75,7476.0,7477.5,955
2026-07-29 07:00:00-04:00,7478.0,7481.5,7477.0,7479.5,1424
2026-07-29 07:05:00-04:00,7479.5,7483.5,7476.25,7482.75,1022
2026-07-29 07:10:00-04:00,7482.75,7484.0,7480.5,7481.5,684
2026-07-29 07:15:00-04:00,7481.25,7484.75,7480.0,7482.5,971
2026-07-29 07:20:00-04:00,7482.5,7484.5,7481.75,7481.75,762
2026-07-29 07:25:00-04:00,7481.75,7484.5,7481.5,7481.75,1022
2026-07-29 07:30:00-04:00,7481.75,7482.75,7478.5,7479.5,1168
2026-07-29 07:35:00-04:00,7479.25,7479.5,7476.5,7477.5,1084
2026-07-29 07:40:00-04:00,7477.75,7479.5,7477.0,7478.0,843
2026-07-29 07:45:00-04:00,7478.0,7482.75,7476.75,7480.75,1842
2026-07-29 07:50:00-04:00,7480.75,7481.5,7477.25,7477.25,1290
2026-07-29 07:55:00-04:00,7477.25,7480.75,7476.75,7480.75,1107
2026-07-29 08:00:00-04:00,7480.75,7481.0,7477.25,7478.0,1040
2026-07-29 08:05:00-04:00,7478.0,7481.5,7473.5,7475.0,1975
2026-07-29 08:10:00-04:00,7474.75,7477.0,7470.75,7471.75,2403
2026-07-29 08:15:00-04:00,7472.0,7472.75,7456.5,7460.75,10508
2026-07-29 08:20:00-04:00,7461.0,7463.25,7457.0,7458.25,4139
2026-07-29 08:25:00-04:00,7458.25,7464.0,7458.0,7459.0,1976
2026-07-29 08:30:00-04:00,7458.75,7462.25,7455.5,7462.25,2682
2026-07-29 08:35:00-04:00,7462.25,7463.25,7460.0,7462.5,1737
2026-07-29 08:40:00-04:00,7462.5,7466.5,7461.0,7466.25,2062
2026-07-29 08:45:00-04:00,7466.25,7467.0,7464.25,7466.25,1276
2026-07-29 08:50:00-04:00,7466.25,7466.75,7463.0,7464.5,1480
2026-07-29 08:55:00-04:00,7464.5,7466.0,7462.5,7463.5,1261
2026-07-29 09:00:00-04:00,7463.5,7464.5,7456.0,7456.75,2656
2026-07-29 09:05:00-04:00,7456.75,7458.5,7455.5,7458.0,2337
2026-07-29 09:10:00-04:00,7457.75,7459.0,7453.75,7454.5,2990
2026-07-29 09:15:00-04:00,7454.5,7456.5,7452.0,7453.75,3239
2026-07-29 09:20:00-04:00,7453.75,7461.25,7452.0,7460.75,4994
2026-07-29 09:25:00-04:00,7460.5,7464.75,7456.0,7456.5,6648
2026-07-29 09:30:00-04:00,7456.5,7461.0,7444.25,7457.25,40508
2026-07-29 09:35:00-04:00,7457.25,7459.5,7448.5,7455.75,24634
2026-07-29 09:40:00-04:00,7455.75,7457.5,7450.0,7453.25,21522
2026-07-29 09:45:00-04:00,7453.5,7459.0,7445.25,7448.5,20965
2026-07-29 09:50:00-04:00,7448.5,7448.75,7430.5,7434.25,27343
2026-07-29 09:55:00-04:00,7434.0,7434.0,7422.0,7430.0,25718
2026-07-29 10:00:00-04:00,7430.0,7437.0,7429.5,7434.0,26401
2026-07-29 10:05:00-04:00,7434.0,7439.75,7423.25,7424.0,19578
2026-07-29 10:10:00-04:00,7423.75,7426.5,7406.0,7410.0,30350
2026-07-29 10:15:00-04:00,7410.25,7418.75,7409.5,7414.75,27260
2026-07-29 10:20:00-04:00,7414.75,7420.5,7408.75,7410.75,18658
2026-07-29 10:25:00-04:00,7410.75,7411.0,7398.25,7404.75,27657
2026-07-29 10:30:00-04:00,7404.75,7414.5,7403.75,7408.75,19367
2026-07-29 10:35:00-04:00,7409.0,7410.25,7402.5,7403.75,14749
2026-07-29 10:40:00-04:00,7403.75,7404.0,7393.0,7398.0,20874
2026-07-29 10:45:00-04:00,7397.75,7403.75,7394.5,7400.25,17552
2026-07-29 10:50:00-04:00,7400.0,7409.5,7398.25,7406.25,23955
2026-07-29 10:55:00-04:00,7406.25,7407.0,7398.5,7403.75,12980
2026-07-29 11:00:00-04:00,7403.75,7411.25,7400.0,7409.0,17520
2026-07-29 11:05:00-04:00,7409.0,7412.0,7402.25,7411.75,14352
2026-07-29 11:10:00-04:00,7411.75,7412.5,7400.75,7402.25,13709
2026-07-29 11:15:00-04:00,7402.25,7410.75,7401.0,7401.25,12446
2026-07-29 11:20:00-04:00,7401.5,7406.25,7399.25,7406.0,10976
2026-07-29 11:25:00-04:00,7405.75,7407.75,7399.0,7400.0,10244
2026-07-29 11:30:00-04:00,7400.25,7405.75,7398.5,7401.5,12525
2026-07-29 11:35:00-04:00,7401.5,7405.5,7395.5,7395.75,11546
2026-07-29 11:40:00-04:00,7395.75,7400.25,7393.0,7395.75,10184
2026-07-29 11:45:00-04:00,7395.5,7400.75,7393.5,7400.0,11897
2026-07-29 11:50:00-04:00,7400.0,7401.5,7390.25,7390.25,11522
2026-07-29 11:55:00-04:00,7390.5,7394.5,7385.75,7393.0,14437
2026-07-29 12:00:00-04:00,7393.25,7396.0,7382.25,7383.75,13224
2026-07-29 12:05:00-04:00,7383.75,7384.0,7377.5,7382.5,15319
2026-07-29 12:10:00-04:00,7382.5,7383.0,7375.5,7375.5,9461
2026-07-29 12:15:00-04:00,7375.5,7379.0,7371.75,7377.75,13059
2026-07-29 12:20:00-04:00,7377.75,7391.5,7376.25,7388.75,15471
2026-07-29 12:25:00-04:00,7389.0,7394.75,7388.25,7394.0,9429
2026-07-29 12:30:00-04:00,7393.75,7398.75,7389.5,7389.5,11764
2026-07-29 12:35:00-04:00,7389.5,7392.25,7385.25,7391.5,9889
2026-07-29 12:40:00-04:00,7391.25,7392.75,7384.0,7387.75,8390
2026-07-29 12:45:00-04:00,7387.75,7395.0,7385.5,7394.75,10630
2026-07-29 12:50:00-04:00,7394.75,7401.0,7392.5,7398.5,13162
2026-07-29 12:55:00-04:00,7398.25,7404.5,7396.75,7404.5,12233
2026-07-29 13:00:00-04:00,7404.25,7415.5,7402.75,7414.5,15436
2026-07-29 13:05:00-04:00,7414.25,7415.0,7408.75,7409.5,13485
2026-07-29 13:10:00-04:00,7409.5,7422.0,7409.0,7421.5,12789
2026-07-29 13:15:00-04:00,7421.75,7424.5,7418.5,7423.0,11359
2026-07-29 13:20:00-04:00,7423.25,7428.25,7418.75,7419.0,12737
2026-07-29 13:25:00-04:00,7419.25,7420.5,7412.5,7413.0,12230
2026-07-29 13:30:00-04:00,7413.0,7419.5,7408.5,7414.0,14133
2026-07-29 13:35:00-04:00,7414.0,7415.25,7409.0,7412.0,8609
2026-07-29 13:40:00-04:00,7412.25,7414.75,7409.25,7413.25,9590
2026-07-29 13:45:00-04:00,7413.5,7416.25,7409.25,7415.75,7944
2026-07-29 13:50:00-04:00,7415.75,7420.0,7415.25,7417.75,8054
2026-07-29 13:55:00-04:00,7417.5,7420.0,7411.0,7419.5,8350
2026-07-29 14:00:00-04:00,7419.75,7451.5,7418.5,7437.25,41057
2026-07-29 14:05:00-04:00,7437.0,7446.5,7432.0,7436.25,21857
2026-07-29 14:10:00-04:00,7436.5,7439.5,7425.0,7429.5,16800
2026-07-29 14:15:00-04:00,7429.75,7438.25,7423.5,7425.5,12839
2026-07-29 14:20:00-04:00,7425.5,7426.5,7418.25,7421.75,13771
2026-07-29 14:25:00-04:00,7422.0,7428.75,7419.25,7428.5,11483
2026-07-29 14:30:00-04:00,7428.5,7436.0,7414.75,7424.0,25106
2026-07-29 14:35:00-04:00,7424.0,7448.0,7418.0,7444.25,17910
2026-07-29 14:40:00-04:00,7444.0,7466.0,7443.25,7463.25,27040
2026-07-29 14:45:00-04:00,7463.25,7477.0,7460.5,7475.0,26111
2026-07-29 14:50:00-04:00,7475.0,7482.75,7468.25,7481.75,20221
2026-07-29 14:55:00-04:00,7482.0,7482.5,7470.75,7475.25,20061
2026-07-29 15:00:00-04:00,7475.25,7482.0,7456.25,7461.0,23911
2026-07-29 15:05:00-04:00,7461.0,7461.25,7438.75,7439.0,24469
2026-07-29 15:10:00-04:00,7439.0,7447.5,7434.25,7443.25,25296
2026-07-29 15:15:00-04:00,7443.5,7452.25,7428.0,7430.0,22956
2026-07-29 15:20:00-04:00,7430.0,7431.0,7407.5,7407.5,37981
2026-07-29 15:25:00-04:00,7407.5,7411.0,7396.5,7405.5,32862
2026-07-29 15:30:00-04:00,7405.5,7411.0,7380.5,7389.5,33882
2026-07-29 15:35:00-04:00,7389.5,7394.25,7368.75,7369.5,35743
2026-07-29 15:40:00-04:00,7369.5,7376.0,7362.25,7366.5,41517
2026-07-29 15:45:00-04:00,7366.5,7375.25,7358.0,7373.0,32356
2026-07-29 15:50:00-04:00,7373.0,7373.0,7356.0,7363.5,36526
2026-07-29 15:55:00-04:00,7363.5,7363.5,7345.75,7350.25,99704
2026-07-29 16:00:00-04:00,7350.25,7358.0,7332.0,7339.25,35069
2026-07-29 16:05:00-04:00,7339.5,7347.75,7329.25,7330.5,18005
2026-07-29 16:10:00-04:00,7330.25,7344.75,7326.25,7336.5,20452
2026-07-29 16:15:00-04:00,7337.0,7343.25,7331.25,7334.25,7165
2026-07-29 16:20:00-04:00,7333.75,7338.5,7331.0,7332.0,5033
2026-07-29 16:25:00-04:00,7332.25,7335.25,7324.0,7331.0,4937
2026-07-29 16:30:00-04:00,7330.75,7339.75,7324.5,7338.25,5202
2026-07-29 16:35:00-04:00,7338.25,7346.5,7336.75,7345.75,4333
2026-07-29 16:40:00-04:00,7345.75,7346.25,7338.0,7341.0,3585
2026-07-29 16:45:00-04:00,7340.75,7343.25,7336.0,7336.0,2314
2026-07-29 16:50:00-04:00,7336.0,7342.5,7334.5,7342.5,2800
2026-07-29 16:55:00-04:00,7343.0,7343.5,7335.0,7335.25,3628
2026-07-29 18:00:00-04:00,7338.0,7354.0,7331.0,7353.0,0
2026-07-29 18:05:00-04:00,7353.0,7367.0,7352.5,7366.75,5472
2026-07-29 18:10:00-04:00,7367.0,7374.0,7366.0,7369.0,4253
2026-07-29 18:15:00-04:00,7369.25,7376.5,7368.0,7374.75,2259
2026-07-29 18:20:00-04:00,7375.0,7375.75,7369.5,7370.5,1969
2026-07-29 18:25:00-04:00,7370.75,7372.75,7366.5,7371.25,1897
2026-07-29 18:30:00-04:00,7371.25,7371.75,7367.5,7368.25,1162
2026-07-29 18:35:00-04:00,7368.5,7373.25,7367.75,7370.75,1341
2026-07-29 18:40:00-04:00,7370.5,7372.75,7368.5,7372.5,820
2026-07-29 18:45:00-04:00,7372.5,7375.75,7370.0,7370.5,1072
2026-07-29 18:50:00-04:00,7370.5,7373.0,7367.5,7368.75,1142
2026-07-29 18:55:00-04:00,7368.5,7370.0,7367.5,7370.0,736
2026-07-29 19:00:00-04:00,7370.0,7376.0,7370.0,7374.75,1014
2026-07-29 19:05:00-04:00,7375.0,7379.75,7372.5,7377.0,1398
2026-07-29 19:10:00-04:00,7377.0,7377.0,7369.5,7373.25,1368
2026-07-29 19:15:00-04:00,7373.5,7379.25,7372.5,7378.25,1251
2026-07-29 19:20:00-04:00,7378.25,7379.75,7376.5,7377.75,990
2026-07-29 19:25:00-04:00,7377.5,7379.5,7377.0,7378.25,881
2026-07-29 19:30:00-04:00,7378.25,7382.25,7378.0,7379.75,1238
2026-07-29 19:35:00-04:00,7379.75,7382.75,7379.0,7379.75,894
2026-07-29 19:40:00-04:00,7380.0,7380.0,7375.25,7377.5,977
2026-07-29 19:45:00-04:00,7377.5,7382.25,7376.0,7377.0,1585
2026-07-29 19:50:00-04:00,7377.0,7380.75,7374.5,7380.5,1323
2026-07-29 19:55:00-04:00,7380.5,7381.75,7378.0,7378.25,991
2026-07-29 20:00:00-04:00,7378.5,7381.25,7372.0,7376.75,2513
2026-07-29 20:05:00-04:00,7376.75,7386.25,7376.25,7385.0,2886
2026-07-29 20:10:00-04:00,7384.75,7387.75,7383.0,7384.5,1942
2026-07-29 20:15:00-04:00,7384.5,7385.75,7377.75,7377.75,3279
2026-07-29 20:20:00-04:00,7378.0,7379.5,7374.5,7376.25,2244
2026-07-29 20:25:00-04:00,7376.0,7379.75,7375.25,7378.5,1640
2026-07-29 20:30:00-04:00,7378.75,7381.25,7373.25,7373.75,1971
2026-07-29 20:35:00-04:00,7373.5,7373.75,7369.75,7372.0,1878
2026-07-29 20:40:00-04:00,7372.0,7373.75,7368.0,7370.75,1626
2026-07-29 20:45:00-04:00,7370.5,7377.0,7369.25,7374.0,1756
2026-07-29 20:50:00-04:00,7373.75,7377.75,7371.75,7376.0,1395
2026-07-29 20:55:00-04:00,7376.0,7377.25,7372.75,7375.75,791
2026-07-29 21:00:00-04:00,7376.25,7380.5,7374.25,7380.25,2003
2026-07-29 21:05:00-04:00,7380.25,7389.0,7379.25,7380.25,2765
2026-07-29 21:10:00-04:00,7380.5,7383.0,7377.25,7378.0,1528
2026-07-29 21:15:00-04:00,7378.0,7382.25,7377.25,7380.75,1132
2026-07-29 21:20:00-04:00,7381.0,7383.0,7379.5,7382.5,932
2026-07-29 21:25:00-04:00,7383.0,7387.0,7382.75,7386.0,1220
2026-07-29 21:30:00-04:00,7386.0,7390.0,7385.75,7388.5,1789
2026-07-29 21:35:00-04:00,7388.75,7391.75,7388.5,7390.5,1847
2026-07-29 21:40:00-04:00,7390.5,7392.0,7390.0,7391.0,1287
2026-07-29 21:45:00-04:00,7391.0,7392.25,7389.5,7391.25,1108
2026-07-29 21:50:00-04:00,7391.5,7392.25,7388.25,7390.25,1164
2026-07-29 21:55:00-04:00,7390.0,7391.5,7388.5,7388.75,921
2026-07-29 22:00:00-04:00,7389.0,7392.75,7388.75,7388.75,1079
2026-07-29 22:05:00-04:00,7388.75,7390.5,7387.25,7389.25,872
2026-07-29 22:10:00-04:00,7389.25,7391.0,7386.25,7387.0,685
2026-07-29 22:15:00-04:00,7386.75,7387.75,7385.0,7386.5,1115
2026-07-29 22:20:00-04:00,7386.5,7389.5,7386.0,7388.75,729
2026-07-29 22:25:00-04:00,7388.75,7390.5,7384.75,7386.0,671
2026-07-29 22:30:00-04:00,7386.0,7386.0,7383.25,7383.25,754
2026-07-29 22:35:00-04:00,7383.25,7383.75,7381.5,7382.75,618
2026-07-29 22:40:00-04:00,7382.75,7387.5,7382.25,7387.0,865
2026-07-29 22:45:00-04:00,7387.25,7388.75,7384.25,7385.0,725
2026-07-29 22:50:00-04:00,7385.0,7387.0,7383.0,7384.0,601
2026-07-29 22:55:00-04:00,7384.0,7385.0,7377.5,7378.25,1346
2026-07-29 23:00:00-04:00,7378.25,7384.0,7378.0,7382.5,927
2026-07-29 23:05:00-04:00,7382.5,7383.75,7375.5,7377.0,1042
2026-07-29 23:10:00-04:00,7377.0,7377.75,7372.25,7373.75,1296
2026-07-29 23:15:00-04:00,7374.0,7375.0,7371.0,7372.5,761
2026-07-29 23:20:00-04:00,7372.5,7373.75,7370.75,7372.75,888
2026-07-29 23:25:00-04:00,7372.5,7374.5,7371.75,7373.25,727
2026-07-29 23:30:00-04:00,7373.25,7377.25,7369.5,7377.0,1204
2026-07-29 23:35:00-04:00,7377.0,7378.25,7370.75,7371.0,869
2026-07-29 23:40:00-04:00,7371.0,7375.75,7370.0,7375.25,708
2026-07-29 23:45:00-04:00,7375.25,7378.5,7372.75,7377.0,749
2026-07-29 23:50:00-04:00,7377.0,7377.75,7374.5,7376.75,552
2026-07-29 23:55:00-04:00,7376.75,7378.0,7374.0,7374.0,506
2026-07-30 00:05:00-04:00,7373.0,7373.0,7371.0,7371.0,1068
2026-07-30 00:10:00-04:00,7371.25,7372.5,7370.25,7370.75,561
2026-07-30 00:15:00-04:00,7370.5,7371.25,7368.75,7370.5,724
2026-07-30 00:20:00-04:00,7370.75,7374.25,7369.75,7373.25,798
2026-07-30 00:25:00-04:00,7373.0,7379.25,7372.75,7378.5,1062
2026-07-30 00:30:00-04:00,7378.5,7378.75,7376.5,7377.75,519
2026-07-30 00:35:00-04:00,7377.75,7378.75,7372.25,7373.0,513
2026-07-30 00:40:00-04:00,7373.0,7374.25,7369.0,7369.75,725
2026-07-30 00:45:00-04:00,7369.5,7375.25,7369.5,7372.0,579
2026-07-30 00:50:00-04:00,7371.75,7372.25,7368.0,7369.25,603
2026-07-30 00:55:00-04:00,7369.25,7369.5,7366.25,7367.5,890
2026-07-30 01:00:00-04:00,7367.75,7368.5,7364.25,7366.0,1023
2026-07-30 01:05:00-04:00,7366.0,7367.0,7361.75,7363.0,1068
2026-07-30 01:10:00-04:00,7363.0,7365.75,7362.25,7365.75,777
2026-07-30 01:15:00-04:00,7365.75,7369.75,7365.25,7369.75,1312
2026-07-30 01:20:00-04:00,7369.5,7370.75,7366.25,7368.5,876
2026-07-30 01:25:00-04:00,7368.75,7370.5,7365.75,7368.5,732
2026-07-30 01:30:00-04:00,7368.25,7372.75,7366.75,7369.75,1003
2026-07-30 01:35:00-04:00,7370.0,7370.75,7366.75,7368.75,886
2026-07-30 01:40:00-04:00,7369.0,7373.0,7368.5,7372.25,944
2026-07-30 01:45:00-04:00,7372.5,7377.0,7368.25,7369.75,1560
2026-07-30 01:50:00-04:00,7369.5,7370.25,7366.75,7367.75,1014
2026-07-30 01:55:00-04:00,7367.5,7369.0,7365.25,7368.5,829
2026-07-30 02:00:00-04:00,7368.5,7369.25,7365.75,7367.5,1506
2026-07-30 02:05:00-04:00,7367.75,7369.0,7365.0,7365.25,1131
2026-07-30 02:10:00-04:00,7365.5,7366.5,7363.25,7364.0,1410
2026-07-30 02:15:00-04:00,7363.75,7363.75,7360.75,7362.0,1419
2026-07-30 02:20:00-04:00,7362.0,7365.0,7359.0,7364.0,1484
2026-07-30 02:25:00-04:00,7364.25,7367.5,7363.5,7364.5,1104
2026-07-30 02:30:00-04:00,7364.5,7364.5,7360.25,7362.75,1390
2026-07-30 02:35:00-04:00,7362.75,7363.5,7360.5,7362.25,1018
2026-07-30 02:40:00-04:00,7362.25,7362.75,7358.5,7358.75,1272
2026-07-30 02:45:00-04:00,7358.75,7362.75,7358.5,7361.5,1413
2026-07-30 02:50:00-04:00,7361.5,7363.0,7360.25,7362.75,609
2026-07-30 02:55:00-04:00,7362.75,7364.5,7360.5,7363.75,1101
2026-07-30 03:00:00-04:00,7364.0,7382.25,7361.75,7377.0,7436
2026-07-30 03:05:00-04:00,7377.0,7381.25,7370.75,7374.25,3761
2026-07-30 03:10:00-04:00,7374.0,7378.0,7371.5,7375.5,3023
2026-07-30 03:15:00-04:00,7375.5,7376.25,7366.75,7367.25,2798
2026-07-30 03:20:00-04:00,7367.0,7368.25,7362.5,7368.25,2584
2026-07-30 03:25:00-04:00,7368.25,7369.0,7363.5,7365.25,1983
2026-07-30 03:30:00-04:00,7365.25,7365.75,7359.25,7360.0,2544
2026-07-30 03:35:00-04:00,7360.0,7363.25,7354.25,7363.25,3900
2026-07-30 03:40:00-04:00,7363.25,7368.0,7361.75,7365.75,2176
2026-07-30 03:45:00-04:00,7365.5,7367.75,7364.25,7365.25,1519
2026-07-30 03:50:00-04:00,7365.0,7366.5,7361.5,7361.75,1797
2026-07-30 03:55:00-04:00,7361.75,7362.75,7358.5,7359.5,1206
2026-07-30 04:00:00-04:00,7359.5,7360.0,7351.5,7358.0,4051
2026-07-30 04:05:00-04:00,7358.0,7370.25,7354.5,7370.0,2706
2026-07-30 04:10:00-04:00,7369.75,7371.5,7367.75,7368.25,2338
2026-07-30 04:15:00-04:00,7368.25,7370.0,7366.5,7366.5,1971
2026-07-30 04:20:00-04:00,7366.75,7375.0,7366.25,7374.0,1813
2026-07-30 04:25:00-04:00,7374.0,7378.75,7372.25,7376.5,2159
2026-07-30 04:30:00-04:00,7376.5,7378.75,7375.5,7376.25,1263
2026-07-30 04:35:00-04:00,7376.25,7378.25,7373.25,7373.75,1348
2026-07-30 04:40:00-04:00,7373.5,7375.75,7373.0,7374.0,945
2026-07-30 04:45:00-04:00,7374.0,7376.25,7371.75,7372.75,1003
2026-07-30 04:50:00-04:00,7372.75,7373.75,7370.75,7371.25,835
2026-07-30 04:55:00-04:00,7371.25,7373.0,7368.5,7372.75,1010
2026-07-30 05:00:00-04:00,7372.5,7377.5,7371.25,7376.0,1181
2026-07-30 05:05:00-04:00,7376.0,7378.25,7374.25,7377.25,953
2026-07-30 05:10:00-04:00,7377.0,7383.75,7375.75,7379.75,2238
2026-07-30 05:15:00-04:00,7380.0,7381.75,7378.0,7379.75,1694
2026-07-30 05:20:00-04:00,7379.75,7385.0,7379.5,7383.75,1775
2026-07-30 05:25:00-04:00,7383.5,7385.0,7382.0,7383.25,1120
2026-07-30 05:30:00-04:00,7383.0,7386.0,7380.5,7385.75,1452
2026-07-30 05:35:00-04:00,7385.75,7388.0,7383.25,7383.5,1314
2026-07-30 05:40:00-04:00,7383.5,7384.0,7381.25,7382.75,1096
2026-07-30 05:45:00-04:00,7382.75,7384.5,7382.25,7383.75,611
2026-07-30 05:50:00-04:00,7383.75,7384.25,7381.25,7383.0,1066
2026-07-30 05:55:00-04:00,7382.75,7383.0,7374.0,7374.5,1314
2026-07-30 06:00:00-04:00,7374.5,7376.75,7371.5,7374.0,1402
2026-07-30 06:05:00-04:00,7374.25,7381.25,7374.0,7380.5,1157
2026-07-30 06:10:00-04:00,7380.5,7382.25,7376.0,7377.25,981
2026-07-30 06:15:00-04:00,7377.5,7385.0,7377.0,7383.75,1250
2026-07-30 06:20:00-04:00,7384.0,7386.75,7383.5,7385.75,1736
2026-07-30 06:25:00-04:00,7385.5,7388.5,7385.25,7386.0,1207
2026-07-30 06:30:00-04:00,7386.0,7388.0,7384.0,7385.0,1167
2026-07-30 06:35:00-04:00,7385.0,7388.25,7385.0,7387.25,1210
2026-07-30 06:40:00-04:00,7387.25,7391.5,7386.75,7389.75,2173
2026-07-30 06:45:00-04:00,7389.5,7392.0,7388.75,7389.75,1836
2026-07-30 06:50:00-04:00,7390.0,7392.5,7385.5,7385.75,2313
2026-07-30 06:55:00-04:00,7385.5,7387.25,7383.75,7385.0,1707
2026-07-30 07:00:00-04:00,7385.25,7390.75,7385.25,7389.0,1743
2026-07-30 07:05:00-04:00,7388.75,7392.5,7388.75,7391.75,1390
2026-07-30 07:10:00-04:00,7391.75,7393.0,7389.0,7390.5,1100
2026-07-30 07:15:00-04:00,7390.5,7395.0,7389.75,7392.75,1664
2026-07-30 07:20:00-04:00,7392.75,7396.25,7391.5,7396.0,1190
2026-07-30 07:25:00-04:00,7396.0,7397.75,7395.5,7397.5,1742
2026-07-30 07:30:00-04:00,7397.5,7399.0,7394.0,7395.0,2041
2026-07-30 07:35:00-04:00,7395.0,7399.25,7395.0,7396.25,1587
2026-07-30 07:40:00-04:00,7396.25,7399.0,7393.75,7395.25,1815
2026-07-30 07:45:00-04:00,7395.25,7398.75,7395.25,7398.25,1571
2026-07-30 07:50:00-04:00,7398.25,7401.75,7397.25,7401.25,2566
2026-07-30 07:55:00-04:00,7401.0,7402.0,7398.75,7399.75,2547
2026-07-30 08:00:00-04:00,7399.5,7403.25,7395.75,7402.75,3394
2026-07-30 08:05:00-04:00,7402.5,7403.75,7401.5,7403.0,1952
2026-07-30 08:10:00-04:00,7403.25,7404.75,7401.25,7404.25,2460
2026-07-30 08:15:00-04:00,7404.25,7404.75,7402.0,7402.5,2172
2026-07-30 08:20:00-04:00,7402.25,7403.0,7398.25,7402.25,3066
2026-07-30 08:25:00-04:00,7402.25,7403.25,7396.0,7399.75,2624
2026-07-30 08:30:00-04:00,7399.75,7406.0,7393.25,7396.5,6411
2026-07-30 08:35:00-04:00,7396.5,7400.75,7394.75,7396.75,3858
2026-07-30 08:40:00-04:00,7396.5,7397.75,7393.0,7395.0,4830
2026-07-30 08:45:00-04:00,7395.25,7396.5,7392.75,7396.25,3118
2026-07-30 08:50:00-04:00,7396.25,7399.25,7394.75,7398.0,2665
2026-07-30 08:55:00-04:00,7398.0,7400.75,7396.25,7398.75,2393
2026-07-30 09:00:00-04:00,7398.75,7404.75,7397.75,7403.75,5755
2026-07-30 09:05:00-04:00,7403.75,7410.0,7402.75,7402.75,7597
2026-07-30 09:10:00-04:00,7402.75,7406.0,7400.25,7402.5,4612
2026-07-30 09:15:00-04:00,7402.5,7408.0,7401.25,7407.75,4855
2026-07-30 09:20:00-04:00,7407.75,7407.75,7404.25,7406.75,4048
2026-07-30 09:25:00-04:00,7407.0,7414.75,7405.5,7414.0,11898
2026-07-30 09:30:00-04:00,7414.25,7416.25,7403.75,7408.5,41335
2026-07-30 09:35:00-04:00,7408.5,7414.5,7403.25,7407.0,32562
2026-07-30 09:40:00-04:00,7407.0,7421.5,7399.75,7417.5,31620
2026-07-30 09:45:00-04:00,7417.25,7427.75,7416.75,7427.5,29270
2026-07-30 09:50:00-04:00,7427.5,7437.25,7424.0,7432.25,34597
2026-07-30 09:55:00-04:00,7432.25,7440.0,7429.25,7439.75,25533
2026-07-30 10:00:00-04:00,7439.5,7443.75,7434.25,7439.25,29451
2026-07-30 10:05:00-04:00,7439.25,7443.0,7428.75,7431.0,28684
2026-07-30 10:10:00-04:00,7431.0,7435.25,7427.5,7433.0,24043
2026-07-30 10:15:00-04:00,7433.0,7438.25,7426.75,7431.0,23324
2026-07-30 10:20:00-04:00,7431.25,7439.25,7429.25,7432.75,20765
2026-07-30 10:25:00-04:00,7432.75,7446.5,7430.5,7439.5,20487
2026-07-30 10:30:00-04:00,7439.75,7442.0,7433.25,7436.5,19046
2026-07-30 10:35:00-04:00,7436.5,7442.75,7433.0,7440.25,19016
2026-07-30 10:40:00-04:00,7440.0,7444.5,7430.0,7431.75,17895
2026-07-30 10:45:00-04:00,7431.5,7434.5,7421.25,7425.25,22679
2026-07-30 10:50:00-04:00,7425.25,7426.75,7413.75,7415.0,22973
2026-07-30 10:55:00-04:00,7415.0,7418.75,7408.75,7415.25,25358
2026-07-30 11:00:00-04:00,7415.25,7419.0,7405.25,7415.25,25523
2026-07-30 11:05:00-04:00,7415.25,7421.25,7406.75,7420.5,23921
2026-07-30 11:10:00-04:00,7420.25,7420.75,7401.0,7401.5,20666
2026-07-30 11:15:00-04:00,7401.5,7410.25,7399.0,7407.75,19910
2026-07-30 11:20:00-04:00,7407.75,7414.5,7405.0,7407.25,21548
2026-07-30 11:25:00-04:00,7407.0,7411.5,7399.0,7401.0,19979
2026-07-30 11:30:00-04:00,7400.75,7414.0,7399.25,7414.0,19819
2026-07-30 11:35:00-04:00,7413.75,7417.75,7407.25,7412.25,17190
2026-07-30 11:40:00-04:00,7412.25,7422.75,7410.5,7419.25,16436
2026-07-30 11:45:00-04:00,7419.5,7425.75,7419.25,7423.75,13824
2026-07-30 11:50:00-04:00,7424.0,7425.25,7416.25,7425.0,14303
2026-07-30 11:55:00-04:00,7425.25,7430.0,7423.5,7424.5,14899
2026-07-30 12:00:00-04:00,7424.5,7436.5,7421.75,7436.0,20474
2026-07-30 12:05:00-04:00,7436.0,7437.5,7432.0,7435.0,12028
2026-07-30 12:10:00-04:00,7434.75,7443.0,7434.5,7441.75,14596
2026-07-30 12:15:00-04:00,7441.75,7445.5,7441.5,7442.75,11900
2026-07-30 12:20:00-04:00,7442.75,7444.75,7439.25,7440.0,12891
2026-07-30 12:25:00-04:00,7440.0,7443.25,7439.0,7441.0,10544
2026-07-30 12:30:00-04:00,7441.0,7442.5,7436.75,7441.0,11938
2026-07-30 12:35:00-04:00,7441.25,7444.25,7438.25,7438.5,9636
2026-07-30 12:40:00-04:00,7438.75,7439.0,7431.25,7434.25,14847
2026-07-30 12:45:00-04:00,7434.25,7441.5,7433.75,7439.25,10127
2026-07-30 12:50:00-04:00,7439.5,7445.75,7436.5,7443.5,10419
2026-07-30 12:55:00-04:00,7443.75,7445.5,7441.75,7443.75,6410
2026-07-30 13:00:00-04:00,7443.75,7454.75,7443.75,7453.5,15255
2026-07-30 13:05:00-04:00,7453.75,7455.5,7450.0,7451.75,9057
2026-07-30 13:10:00-04:00,7452.0,7454.0,7449.5,7451.0,7982
2026-07-30 13:15:00-04:00,7450.75,7456.5,7450.25,7456.0,6556
2026-07-30 13:20:00-04:00,7456.0,7456.0,7451.5,7453.5,5701
2026-07-30 13:25:00-04:00,7453.5,7454.0,7450.5,7451.75,5859
2026-07-30 13:30:00-04:00,7451.75,7454.25,7448.0,7449.25,6396
2026-07-30 13:35:00-04:00,7449.5,7453.25,7445.75,7447.5,8225
2026-07-30 13:40:00-04:00,7447.25,7455.5,7447.25,7453.25,9343
2026-07-30 13:45:00-04:00,7453.25,7455.5,7452.5,7452.5,6288
2026-07-30 13:50:00-04:00,7452.75,7457.75,7452.0,7452.5,6961
2026-07-30 13:55:00-04:00,7452.5,7453.75,7450.25,7451.5,4672
2026-07-30 14:00:00-04:00,7451.75,7456.75,7450.75,7451.0,6071
2026-07-30 14:05:00-04:00,7451.0,7455.75,7450.5,7454.75,6054
2026-07-30 14:10:00-04:00,7454.75,7456.75,7453.5,7456.0,5670
2026-07-30 14:15:00-04:00,7455.75,7457.0,7454.25,7455.5,5703
2026-07-30 14:20:00-04:00,7455.25,7458.0,7454.25,7456.75,5457
2026-07-30 14:25:00-04:00,7456.75,7457.75,7455.0,7457.5,5021
2026-07-30 14:30:00-04:00,7457.5,7459.75,7455.5,7457.0,6005
2026-07-30 14:35:00-04:00,7456.75,7457.25,7454.0,7454.75,6277
2026-07-30 14:40:00-04:00,7454.75,7457.5,7454.5,7457.0,5769
2026-07-30 14:45:00-04:00,7457.0,7459.5,7456.75,7459.0,6426
2026-07-30 14:50:00-04:00,7459.0,7460.75,7457.75,7459.0,7336
2026-07-30 14:55:00-04:00,7458.75,7462.5,7457.5,7461.5,7021
2026-07-30 15:00:00-04:00,7461.5,7467.5,7461.25,7466.25,10202
2026-07-30 15:05:00-04:00,7466.25,7472.25,7465.5,7471.75,10765
2026-07-30 15:10:00-04:00,7471.75,7477.75,7471.75,7474.25,13776
2026-07-30 15:15:00-04:00,7474.5,7478.5,7471.5,7476.75,8905
2026-07-30 15:20:00-04:00,7476.75,7477.0,7473.25,7474.25,7327
2026-07-30 15:25:00-04:00,7474.25,7475.75,7471.25,7471.5,7504
2026-07-30 15:30:00-04:00,7471.5,7473.5,7470.25,7471.5,10077
2026-07-30 15:35:00-04:00,7471.75,7472.75,7468.0,7471.0,10495
2026-07-30 15:40:00-04:00,7471.0,7472.75,7468.5,7471.75,9678
2026-07-30 15:45:00-04:00,7471.5,7472.5,7467.0,7470.0,12345
2026-07-30 15:50:00-04:00,7470.25,7471.25,7465.5,7468.5,22897
2026-07-30 15:55:00-04:00,7468.25,7476.5,7464.25,7472.75,90016
2026-07-30 16:00:00-04:00,7472.75,7492.0,7468.0,7491.75,29596
2026-07-30 16:05:00-04:00,7491.75,7492.0,7483.0,7483.5,8847
2026-07-30 16:10:00-04:00,7483.25,7488.75,7480.0,7486.75,7999
2026-07-30 16:15:00-04:00,7486.75,7491.0,7485.25,7490.25,5810
2026-07-30 16:20:00-04:00,7490.25,7492.0,7488.0,7490.5,2829
2026-07-30 16:25:00-04:00,7490.75,7491.25,7488.75,7490.25,2371
2026-07-30 16:30:00-04:00,7490.5,7498.0,7479.25,7484.75,7897
2026-07-30 16:35:00-04:00,7484.75,7485.0,7478.75,7481.5,3248
2026-07-30 16:40:00-04:00,7481.25,7481.75,7476.25,7481.0,3366
2026-07-30 16:45:00-04:00,7480.75,7482.0,7475.75,7477.0,3160
2026-07-30 16:50:00-04:00,7477.0,7478.25,7472.5,7475.0,3748
2026-07-30 16:55:00-04:00,7475.0,7476.75,7472.0,7474.5,2568
2026-07-30 18:00:00-04:00,7479.5,7479.5,7468.25,7478.25,0
2026-07-30 18:05:00-04:00,7478.5,7479.75,7475.25,7479.0,1103
2026-07-30 18:10:00-04:00,7479.25,7480.25,7474.75,7476.5,904
2026-07-30 18:15:00-04:00,7476.25,7480.75,7476.25,7477.75,873
2026-07-30 18:20:00-04:00,7477.75,7478.75,7472.75,7473.25,1062
2026-07-30 18:25:00-04:00,7473.25,7476.0,7473.25,7475.0,883
2026-07-30 18:30:00-04:00,7475.0,7476.75,7472.5,7476.5,763
2026-07-30 18:35:00-04:00,7476.75,7480.5,7476.25,7480.25,700
2026-07-30 18:40:00-04:00,7480.0,7482.5,7479.0,7482.25,583
2026-07-30 18:45:00-04:00,7482.25,7483.75,7481.75,7482.75,509
2026-07-30 18:50:00-04:00,7482.75,7485.0,7481.5,7484.0,630
2026-07-30 18:55:00-04:00,7484.0,7485.5,7483.5,7484.5,526
2026-07-30 19:00:00-04:00,7484.5,7489.25,7484.5,7488.75,970
2026-07-30 19:05:00-04:00,7488.5,7489.25,7484.75,7484.75,622
2026-07-30 19:10:00-04:00,7485.0,7485.25,7482.25,7483.0,606
2026-07-30 19:15:00-04:00,7482.75,7483.25,7481.0,7482.0,359
2026-07-30 19:20:00-04:00,7481.75,7482.0,7480.25,7480.75,317
2026-07-30 19:25:00-04:00,7481.0,7484.0,7481.0,7482.75,340
2026-07-30 19:30:00-04:00,7482.75,7485.25,7482.0,7484.25,419
2026-07-30 19:35:00-04:00,7484.0,7486.5,7483.0,7485.75,301
2026-07-30 19:40:00-04:00,7485.5,7487.75,7485.5,7487.75,645
2026-07-30 19:45:00-04:00,7487.75,7490.5,7486.0,7489.75,879
2026-07-30 19:50:00-04:00,7489.5,7490.75,7485.0,7490.0,868
2026-07-30 19:55:00-04:00,7490.0,7491.5,7487.75,7487.75,579
2026-07-30 20:00:00-04:00,7487.75,7490.5,7484.75,7489.0,1992
2026-07-30 20:05:00-04:00,7489.5,7493.75,7489.0,7491.75,1262
2026-07-30 20:10:00-04:00,7491.75,7496.5,7490.5,7495.75,1375
2026-07-30 20:15:00-04:00,7495.5,7497.75,7493.0,7497.0,1739
2026-07-30 20:20:00-04:00,7497.0,7498.0,7493.0,7494.5,874
2026-07-30 20:25:00-04:00,7494.5,7495.0,7493.25,7494.25,502
2026-07-30 20:30:00-04:00,7494.0,7497.25,7493.75,7496.25,722
2026-07-30 20:35:00-04:00,7496.25,7496.75,7494.0,7495.0,709
2026-07-30 20:40:00-04:00,7494.75,7496.75,7493.75,7496.5,948
2026-07-30 20:45:00-04:00,7497.0,7497.0,7491.5,7492.0,807
2026-07-30 20:50:00-04:00,7492.0,7493.75,7491.25,7491.25,543
2026-07-30 20:55:00-04:00,7491.5,7495.5,7491.25,7495.0,701
2026-07-30 21:00:00-04:00,7495.0,7499.75,7495.0,7499.25,1953
2026-07-30 21:05:00-04:00,7499.25,7501.75,7498.75,7501.5,1555
2026-07-30 21:10:00-04:00,7501.75,7502.0,7499.25,7500.0,1381
2026-07-30 21:15:00-04:00,7500.0,7504.5,7499.75,7502.25,1596
2026-07-30 21:20:00-04:00,7502.0,7503.75,7500.75,7502.25,935
2026-07-30 21:25:00-04:00,7502.25,7503.75,7500.75,7502.25,783
2026-07-30 21:30:00-04:00,7502.25,7502.75,7499.5,7501.0,1194
2026-07-30 21:35:00-04:00,7501.25,7501.25,7497.0,7498.25,1011
2026-07-30 21:40:00-04:00,7498.25,7498.5,7496.5,7497.0,654
2026-07-30 21:45:00-04:00,7497.0,7497.25,7494.25,7494.75,803
2026-07-30 21:50:00-04:00,7495.0,7497.0,7494.5,7495.75,915
2026-07-30 21:55:00-04:00,7495.75,7498.0,7495.5,7497.75,577
2026-07-30 22:00:00-04:00,7497.75,7500.5,7495.0,7495.25,949
2026-07-30 22:05:00-04:00,7495.0,7498.0,7494.5,7497.75,695
2026-07-30 22:10:00-04:00,7497.75,7497.75,7494.25,7494.75,593
2026-07-30 22:15:00-04:00,7495.0,7495.0,7491.25,7492.25,1390
2026-07-30 22:20:00-04:00,7492.0,7494.25,7491.5,7492.25,599
2026-07-30 22:25:00-04:00,7492.5,7493.25,7491.25,7492.75,686
2026-07-30 22:30:00-04:00,7492.5,7493.75,7491.5,7492.5,429
2026-07-30 22:35:00-04:00,7492.25,7492.5,7488.5,7491.0,774
2026-07-30 22:40:00-04:00,7490.75,7492.25,7490.25,7492.25,523
2026-07-30 22:45:00-04:00,7492.5,7493.75,7489.5,7489.75,685
2026-07-30 22:50:00-04:00,7489.75,7492.0,7489.25,7490.5,471
2026-07-30 22:55:00-04:00,7490.25,7493.0,7490.25,7493.0,490
2026-07-30 23:00:00-04:00,7492.75,7493.25,7490.25,7492.5,718
2026-07-30 23:05:00-04:00,7492.25,7493.25,7491.75,7492.5,456
2026-07-30 23:10:00-04:00,7492.5,7493.5,7488.25,7491.25,997
2026-07-30 23:15:00-04:00,7491.0,7495.75,7491.0,7495.5,666
2026-07-30 23:20:00-04:00,7495.5,7497.25,7494.5,7495.5,1162
2026-07-30 23:25:00-04:00,7495.75,7497.0,7495.0,7496.25,418
2026-07-30 23:30:00-04:00,7496.5,7498.75,7496.0,7496.75,746
2026-07-30 23:35:00-04:00,7496.75,7498.25,7496.5,7497.5,404
2026-07-30 23:40:00-04:00,7497.5,7497.75,7496.0,7497.25,298
2026-07-30 23:45:00-04:00,7497.25,7497.5,7493.25,7493.5,735
2026-07-30 23:50:00-04:00,7493.25,7498.0,7493.25,7497.25,614
2026-07-30 23:55:00-04:00,7497.25,7497.75,7496.25,7497.5,289
2026-07-31 00:05:00-04:00,7497.75,7498.25,7497.5,7498.0,890
2026-07-31 00:10:00-04:00,7498.25,7498.5,7496.75,7498.25,418
2026-07-31 00:15:00-04:00,7498.0,7501.0,7496.75,7500.75,546
2026-07-31 00:20:00-04:00,7500.75,7501.75,7500.0,7501.5,427
2026-07-31 00:25:00-04:00,7501.5,7503.25,7500.75,7503.0,749
2026-07-31 00:30:00-04:00,7503.0,7505.25,7502.25,7505.0,652
2026-07-31 00:35:00-04:00,7505.0,7507.75,7503.75,7506.75,901
2026-07-31 00:40:00-04:00,7506.75,7507.5,7506.0,7507.5,470
2026-07-31 00:45:00-04:00,7507.5,7508.5,7507.5,7507.75,627
2026-07-31 00:50:00-04:00,7507.75,7508.5,7506.0,7508.25,452
2026-07-31 00:55:00-04:00,7508.25,7509.25,7508.0,7508.75,451
2026-07-31 01:00:00-04:00,7508.75,7509.5,7508.25,7508.75,621
2026-07-31 01:05:00-04:00,7508.75,7509.25,7507.5,7509.0,499
2026-07-31 01:10:00-04:00,7509.0,7509.75,7507.0,7508.25,433
2026-07-31 01:15:00-04:00,7508.25,7508.75,7507.5,7508.25,316
2026-07-31 01:20:00-04:00,7508.0,7509.5,7508.0,7508.25,376
2026-07-31 01:25:00-04:00,7508.0,7510.25,7507.75,7509.0,610
2026-07-31 01:30:00-04:00,7509.25,7510.0,7506.25,7506.5,895
2026-07-31 01:35:00-04:00,7506.5,7507.75,7505.5,7507.5,785
2026-07-31 01:40:00-04:00,7507.25,7510.75,7506.75,7506.75,770
2026-07-31 01:45:00-04:00,7506.5,7509.0,7505.75,7508.75,583
2026-07-31 01:50:00-04:00,7508.5,7509.75,7507.25,7509.25,648
2026-07-31 01:55:00-04:00,7509.25,7509.75,7506.5,7508.25,867
2026-07-31 02:00:00-04:00,7508.25,7510.0,7507.25,7507.75,1041
2026-07-31 02:05:00-04:00,7507.75,7509.75,7507.75,7509.25,685
2026-07-31 02:10:00-04:00,7509.25,7511.25,7508.75,7510.25,657
2026-07-31 02:15:00-04:00,7510.5,7511.0,7510.0,7510.0,578
2026-07-31 02:20:00-04:00,7510.0,7510.0,7507.0,7507.75,970
2026-07-31 02:25:00-04:00,7507.75,7508.25,7506.5,7508.0,1177
2026-07-31 02:30:00-04:00,7508.0,7508.0,7499.5,7499.75,1907
2026-07-31 02:35:00-04:00,7500.0,7500.25,7495.5,7498.25,1933
2026-07-31 02:40:00-04:00,7498.5,7498.5,7493.25,7496.5,1169
2026-07-31 02:45:00-04:00,7496.5,7496.5,7491.75,7495.0,2074
2026-07-31 02:50:00-04:00,7495.0,7497.5,7492.25,7497.25,1508
2026-07-31 02:55:00-04:00,7497.25,7498.25,7495.75,7496.5,1091
2026-07-31 03:00:00-04:00,7496.25,7497.75,7493.25,7497.5,2970
2026-07-31 03:05:00-04:00,7497.5,7501.75,7497.25,7501.5,1753
2026-07-31 03:10:00-04:00,7501.5,7507.5,7501.25,7505.75,2187
2026-07-31 03:15:00-04:00,7505.75,7506.75,7500.75,7506.25,2214
2026-07-31 03:20:00-04:00,7506.5,7506.5,7501.25,7503.5,1547
2026-07-31 03:25:00-04:00,7503.75,7509.25,7503.5,7505.25,2146
2026-07-31 03:30:00-04:00,7505.25,7505.75,7503.0,7503.25,1603
2026-07-31 03:35:00-04:00,7503.25,7506.25,7502.75,7505.0,1362
2026-07-31 03:40:00-04:00,7505.0,7507.5,7504.75,7506.75,1043
2026-07-31 03:45:00-04:00,7506.75,7508.25,7504.0,7505.0,1593
2026-07-31 03:50:00-04:00,7505.0,7506.5,7502.75,7506.25,1221
2026-07-31 03:55:00-04:00,7506.25,7508.0,7505.25,7506.75,1090
2026-07-31 04:00:00-04:00,7506.5,7509.0,7503.0,7504.5,2198
2026-07-31 04:05:00-04:00,7504.5,7509.0,7504.25,7505.5,2032
2026-07-31 04:10:00-04:00,7505.75,7510.5,7504.75,7510.5,1474
2026-07-31 04:15:00-04:00,7510.5,7513.0,7510.0,7512.5,1298
2026-07-31 04:20:00-04:00,7512.5,7512.75,7508.0,7509.5,1448
2026-07-31 04:25:00-04:00,7509.5,7513.0,7509.25,7511.5,1493
2026-07-31 04:30:00-04:00,7511.25,7512.25,7509.25,7510.5,1093
2026-07-31 04:35:00-04:00,7510.5,7511.0,7508.0,7508.25,850
2026-07-31 04:40:00-04:00,7508.0,7511.5,7507.25,7508.25,1167
2026-07-31 04:45:00-04:00,7508.25,7512.25,7508.0,7511.0,998
2026-07-31 04:50:00-04:00,7511.0,7512.25,7510.0,7510.5,804
2026-07-31 04:55:00-04:00,7510.25,7513.75,7510.0,7513.0,1455
2026-07-31 05:00:00-04:00,7513.0,7514.5,7512.0,7513.5,1537
2026-07-31 05:05:00-04:00,7513.25,7515.25,7511.25,7515.25,1625
2026-07-31 05:10:00-04:00,7515.0,7517.75,7514.75,7516.0,1747
2026-07-31 05:15:00-04:00,7516.0,7516.75,7514.5,7514.5,886
2026-07-31 05:20:00-04:00,7514.25,7515.5,7513.0,7514.0,963
2026-07-31 05:25:00-04:00,7514.0,7514.75,7511.5,7511.75,986
2026-07-31 05:30:00-04:00,7511.75,7512.5,7508.0,7508.5,1152
2026-07-31 05:35:00-04:00,7508.5,7509.0,7504.0,7505.5,2095
2026-07-31 05:40:00-04:00,7505.5,7507.5,7505.0,7506.5,993
2026-07-31 05:45:00-04:00,7506.25,7508.0,7505.5,7507.25,755
2026-07-31 05:50:00-04:00,7507.0,7508.25,7505.0,7505.5,1044
2026-07-31 05:55:00-04:00,7505.25,7507.75,7503.75,7504.25,1407
2026-07-31 06:00:00-04:00,7504.0,7505.5,7502.0,7504.25,1122
2026-07-31 06:05:00-04:00,7504.0,7506.25,7503.25,7504.75,1175
2026-07-31 06:10:00-04:00,7504.75,7508.25,7504.25,7507.25,866
2026-07-31 06:15:00-04:00,7507.5,7510.25,7506.75,7510.0,988
2026-07-31 06:20:00-04:00,7510.25,7512.0,7508.75,7508.75,751
2026-07-31 06:25:00-04:00,7508.75,7510.5,7508.5,7509.5,531
2026-07-31 06:30:00-04:00,7509.5,7510.5,7505.75,7506.5,1845
2026-07-31 06:35:00-04:00,7506.5,7506.75,7504.25,7506.75,1032
2026-07-31 06:40:00-04:00,7506.75,7508.75,7506.5,7508.25,890
2026-07-31 06:45:00-04:00,7508.25,7509.5,7504.75,7505.25,1026
2026-07-31 06:50:00-04:00,7505.25,7508.25,7505.25,7507.5,1207
2026-07-31 06:55:00-04:00,7507.75,7508.5,7505.5,7506.75,776
2026-07-31 07:00:00-04:00,7506.75,7511.25,7506.0,7510.75,1550
2026-07-31 07:05:00-04:00,7511.0,7511.5,7509.25,7509.5,855
2026-07-31 07:10:00-04:00,7509.5,7509.5,7506.25,7506.75,804
2026-07-31 07:15:00-04:00,7507.0,7507.0,7500.25,7503.0,2643
2026-07-31 07:20:00-04:00,7503.0,7503.75,7501.5,7503.25,1090
2026-07-31 07:25:00-04:00,7503.0,7504.0,7499.25,7499.75,1466
2026-07-31 07:30:00-04:00,7500.0,7500.0,7495.75,7497.0,1983
2026-07-31 07:35:00-04:00,7497.0,7499.75,7495.5,7496.25,1244
2026-07-31 07:40:00-04:00,7496.0,7497.75,7494.5,7496.25,2131
2026-07-31 07:45:00-04:00,7496.25,7499.25,7495.75,7497.75,1959
2026-07-31 07:50:00-04:00,7497.75,7500.0,7497.5,7499.5,1229
2026-07-31 07:55:00-04:00,7499.5,7500.5,7498.25,7499.25,895
2026-07-31 08:00:00-04:00,7499.5,7499.5,7493.25,7494.0,1792
2026-07-31 08:05:00-04:00,7494.25,7494.25,7491.5,7492.5,2277
2026-07-31 08:10:00-04:00,7492.25,7492.75,7489.75,7490.5,2503
2026-07-31 08:15:00-04:00,7490.25,7491.0,7488.0,7488.75,2704
2026-07-31 08:20:00-04:00,7489.0,7491.5,7486.0,7491.0,3091
2026-07-31 08:25:00-04:00,7491.0,7492.75,7490.5,7491.5,1702
2026-07-31 08:30:00-04:00,7491.0,7492.0,7485.0,7485.5,3466
2026-07-31 08:35:00-04:00,7485.75,7486.25,7483.0,7483.0,3362
2026-07-31 08:40:00-04:00,7483.25,7485.5,7479.5,7483.0,4033
2026-07-31 08:45:00-04:00,7483.25,7484.5,7481.0,7482.0,2276
2026-07-31 08:50:00-04:00,7481.75,7487.0,7480.25,7486.25,2830
2026-07-31 08:55:00-04:00,7486.5,7486.75,7481.5,7483.0,2630
2026-07-31 09:00:00-04:00,7483.0,7487.25,7481.0,7485.75,3918
2026-07-31 09:05:00-04:00,7485.75,7488.25,7484.5,7488.0,2259
2026-07-31 09:10:00-04:00,7488.0,7491.0,7488.0,7490.0,3926
2026-07-31 09:15:00-04:00,7490.0,7492.75,7490.0,7492.25,4130
2026-07-31 09:20:00-04:00,7492.25,7495.0,7491.25,7494.75,4719
2026-07-31 09:25:00-04:00,7495.0,7499.5,7493.0,7498.75,9313
2026-07-31 09:30:00-04:00,7498.75,7515.5,7497.75,7512.0,40121
2026-07-31 09:35:00-04:00,7512.0,7514.75,7493.0,7493.0,30569
2026-07-31 09:40:00-04:00,7493.25,7494.0,7479.75,7482.75,30761
2026-07-31 09:45:00-04:00,7483.0,7487.75,7471.5,7474.25,38694
2026-07-31 09:50:00-04:00,7474.25,7478.25,7466.75,7471.5,42395
2026-07-31 09:55:00-04:00,7471.5,7479.75,7468.25,7470.75,29085
2026-07-31 10:00:00-04:00,7470.5,7475.25,7454.0,7454.25,32979
2026-07-31 10:05:00-04:00,7454.5,7459.0,7435.25,7442.75,49075
2026-07-31 10:10:00-04:00,7442.5,7445.25,7430.5,7435.75,44267
2026-07-31 10:15:00-04:00,7435.5,7446.0,7427.5,7436.75,48061
2026-07-31 10:20:00-04:00,7436.5,7452.0,7434.5,7446.0,32743
2026-07-31 10:25:00-04:00,7446.0,7456.5,7443.5,7456.0,24359
2026-07-31 10:30:00-04:00,7456.0,7462.0,7452.0,7456.0,21737
2026-07-31 10:35:00-04:00,7456.0,7465.5,7455.75,7463.75,18740
2026-07-31 10:40:00-04:00,7463.75,7468.25,7457.0,7467.5,22648
2026-07-31 10:45:00-04:00,7467.5,7476.5,7466.0,7475.75,25881
2026-07-31 10:50:00-04:00,7475.75,7481.25,7472.0,7473.5,19489
2026-07-31 10:55:00-04:00,7473.5,7478.5,7466.5,7477.0,20436
2026-07-31 11:00:00-04:00,7477.0,7478.75,7469.0,7476.75,16968
2026-07-31 11:05:00-04:00,7476.75,7479.75,7466.0,7470.0,15700
2026-07-31 11:10:00-04:00,7470.0,7476.75,7462.5,7473.25,20053
2026-07-31 11:15:00-04:00,7473.0,7482.5,7466.5,7471.0,23753
2026-07-31 11:20:00-04:00,7471.0,7473.5,7461.75,7462.0,12854
2026-07-31 11:25:00-04:00,7462.0,7464.0,7452.5,7454.5,20246
2026-07-31 11:30:00-04:00,7454.75,7459.0,7449.25,7459.0,22192
2026-07-31 11:35:00-04:00,7459.0,7475.25,7458.5,7472.25,18633
2026-07-31 11:40:00-04:00,7472.5,7475.25,7461.25,7470.0,15759
2026-07-31 11:45:00-04:00,7470.0,7471.5,7462.75,7466.0,14982
2026-07-31 11:50:00-04:00,7466.0,7481.0,7464.75,7479.5,16718
2026-07-31 11:55:00-04:00,7479.5,7485.0,7477.0,7482.5,12445
2026-07-31 12:00:00-04:00,7482.5,7487.0,7480.5,7483.75,12951
2026-07-31 12:05:00-04:00,7483.75,7485.25,7475.75,7481.75,12279
2026-07-31 12:10:00-04:00,7481.5,7488.0,7481.25,7486.75,10718
2026-07-31 12:15:00-04:00,7486.75,7487.5,7479.0,7484.5,9697
2026-07-31 12:20:00-04:00,7484.5,7496.0,7483.5,7494.5,12422
2026-07-31 12:25:00-04:00,7494.75,7496.0,7489.5,7496.0,10884
2026-07-31 12:30:00-04:00,7496.0,7499.75,7493.5,7499.5,13174
2026-07-31 12:35:00-04:00,7499.25,7501.0,7494.5,7497.0,11296
2026-07-31 12:40:00-04:00,7496.75,7499.25,7492.5,7493.5,11117
2026-07-31 12:45:00-04:00,7493.5,7497.75,7491.25,7497.0,9598
2026-07-31 12:50:00-04:00,7497.25,7503.0,7495.75,7497.5,9144
2026-07-31 12:55:00-04:00,7497.5,7500.5,7497.0,7497.5,7174
2026-07-31 13:00:00-04:00,7497.5,7505.0,7496.5,7502.25,9707
2026-07-31 13:05:00-04:00,7502.25,7504.5,7497.0,7499.75,8486
2026-07-31 13:10:00-04:00,7499.75,7504.75,7497.75,7504.0,6310
2026-07-31 13:15:00-04:00,7504.0,7507.0,7502.75,7506.25,7270
2026-07-31 13:20:00-04:00,7506.25,7513.0,7503.5,7512.25,9575
2026-07-31 13:25:00-04:00,7512.0,7516.0,7510.75,7514.75,16030
2026-07-31 13:30:00-04:00,7514.75,7516.25,7512.25,7515.5,10020
2026-07-31 13:35:00-04:00,7515.25,7517.0,7509.0,7509.5,11625
2026-07-31 13:40:00-04:00,7509.25,7512.0,7507.5,7510.0,9517
2026-07-31 13:45:00-04:00,7510.0,7513.0,7503.75,7504.5,10651
2026-07-31 13:50:00-04:00,7504.25,7510.0,7503.25,7507.25,8904
2026-07-31 13:55:00-04:00,7507.25,7509.25,7505.5,7506.0,6419
2026-07-31 14:00:00-04:00,7505.75,7512.0,7504.25,7508.0,9515
2026-07-31 14:05:00-04:00,7508.25,7512.0,7505.75,7510.5,7038
2026-07-31 14:10:00-04:00,7510.5,7512.0,7506.5,7508.5,7308
2026-07-31 14:15:00-04:00,7508.5,7514.5,7508.0,7512.5,7214
2026-07-31 14:20:00-04:00,7512.5,7516.0,7512.0,7515.25,8159
2026-07-31 14:25:00-04:00,7515.25,7515.5,7510.75,7512.0,6680
2026-07-31 14:30:00-04:00,7512.0,7514.5,7512.0,7512.5,5416
2026-07-31 14:35:00-04:00,7512.5,7512.75,7508.5,7509.75,7045
2026-07-31 14:40:00-04:00,7509.75,7513.25,7508.0,7512.0,6697
2026-07-31 14:45:00-04:00,7512.25,7515.0,7510.5,7514.5,5403
2026-07-31 14:50:00-04:00,7514.5,7516.75,7513.25,7513.75,6505
2026-07-31 14:55:00-04:00,7514.0,7515.25,7510.0,7513.0,7609
2026-07-31 15:00:00-04:00,7512.75,7517.25,7510.0,7510.5,10145
2026-07-31 15:05:00-04:00,7510.75,7514.0,7509.0,7513.25,8454
2026-07-31 15:10:00-04:00,7513.0,7517.0,7512.5,7514.75,6917
2026-07-31 15:15:00-04:00,7514.75,7527.0,7514.25,7526.75,17317
2026-07-31 15:20:00-04:00,7526.75,7531.0,7525.5,7526.25,18486
2026-07-31 15:25:00-04:00,7526.25,7528.25,7525.0,7526.75,10810
2026-07-31 15:30:00-04:00,7526.75,7526.75,7520.0,7523.25,15381
2026-07-31 15:35:00-04:00,7523.25,7528.25,7523.0,7527.0,14103
2026-07-31 15:40:00-04:00,7527.0,7533.25,7524.5,7532.75,15443
2026-07-31 15:45:00-04:00,7532.75,7537.25,7532.5,7537.0,19905
2026-07-31 15:50:00-04:00,7536.75,7541.0,7530.25,7537.75,33346
2026-07-31 15:55:00-04:00,7537.75,7539.0,7515.0,7520.0,140071
2026-07-31 16:00:00-04:00,7520.0,7527.75,7516.75,7519.5,42148
2026-07-31 16:05:00-04:00,7519.5,7524.0,7517.0,7522.25,9688
2026-07-31 16:10:00-04:00,7522.5,7524.5,7521.25,7521.75,6598
2026-07-31 16:15:00-04:00,7521.75,7521.75,7518.25,7519.5,3030
2026-07-31 16:20:00-04:00,7519.5,7520.25,7518.5,7518.5,1497
2026-07-31 16:25:00-04:00,7518.5,7520.0,7517.0,7519.0,2163
2026-07-31 16:30:00-04:00,7518.75,7520.25,7517.0,7520.25,1805
2026-07-31 16:35:00-04:00,7520.25,7520.5,7518.75,7520.0,1241
2026-07-31 16:40:00-04:00,7519.75,7521.0,7518.25,7518.5,1445
2026-07-31 16:45:00-04:00,7518.5,7519.75,7518.0,7519.25,1537
2026-07-31 16:50:00-04:00,7519.25,7519.25,7505.5,7511.25,6593
2026-07-31 16:55:00-04:00,7511.25,7519.25,7499.0,7519.25,7112
2026-08-02 18:10:00-04:00,7553.5,7557.5,7552.5,7555.5,1780
2026-08-02 18:15:00-04:00,7555.5,7556.25,7550.0,7551.0,1972
2026-08-02 18:20:00-04:00,7551.0,7555.75,7551.0,7552.25,1659
2026-08-02 18:25:00-04:00,7552.5,7553.25,7549.5,7551.25,967
2026-08-02 18:30:00-04:00,7551.25,7551.75,7549.75,7550.75,609
2026-08-02 18:35:00-04:00,7550.75,7552.75,7550.5,7552.0,560
2026-08-02 18:40:00-04:00,7552.0,7552.75,7549.25,7549.25,577
2026-08-02 18:45:00-04:00,7549.0,7550.25,7548.75,7549.0,363
2026-08-02 18:50:00-04:00,7549.25,7549.5,7547.75,7548.0,502
2026-08-02 18:55:00-04:00,7548.25,7549.0,7544.5,7545.5,868
2026-08-02 19:00:00-04:00,7545.75,7550.5,7545.5,7548.0,905
2026-08-02 19:05:00-04:00,7548.5,7549.0,7544.75,7544.75,652
2026-08-02 19:10:00-04:00,7545.0,7546.0,7543.5,7545.0,506
2026-08-02 19:15:00-04:00,7545.25,7546.5,7545.25,7546.25,189
2026-08-02 19:20:00-04:00,7546.5,7549.5,7545.75,7549.25,534
2026-08-02 19:25:00-04:00,7549.5,7549.75,7548.25,7548.75,215
2026-08-02 19:30:00-04:00,7549.0,7551.5,7549.0,7550.75,610
2026-08-02 19:35:00-04:00,7550.5,7550.5,7549.0,7549.0,198
2026-08-02 19:40:00-04:00,7549.0,7550.5,7548.0,7550.25,417
2026-08-02 19:45:00-04:00,7550.0,7552.75,7546.75,7551.75,828
2026-08-02 19:50:00-04:00,7551.75,7555.0,7549.0,7549.5,2308
2026-08-02 19:55:00-04:00,7549.75,7552.25,7548.0,7551.5,811
2026-08-02 20:00:00-04:00,7551.5,7551.5,7546.25,7548.0,2079
2026-08-02 20:05:00-04:00,7548.0,7551.5,7547.25,7551.5,950
2026-08-02 20:10:00-04:00,7551.5,7554.25,7549.5,7554.0,1017
2026-08-02 20:15:00-04:00,7553.75,7556.75,7551.25,7551.5,1733
2026-08-02 20:20:00-04:00,7551.5,7552.25,7549.0,7549.0,1110
2026-08-02 20:25:00-04:00,7549.0,7549.5,7545.5,7547.0,1537
2026-08-02 20:30:00-04:00,7546.75,7551.5,7546.5,7551.0,1842
2026-08-02 20:35:00-04:00,7551.0,7553.75,7550.25,7552.5,1278
2026-08-02 20:40:00-04:00,7552.25,7553.5,7548.25,7549.5,1154
2026-08-02 20:45:00-04:00,7549.5,7552.25,7548.25,7551.75,1025
2026-08-02 20:50:00-04:00,7551.75,7554.5,7548.75,7553.25,1498
2026-08-02 20:55:00-04:00,7553.25,7554.25,7553.0,7554.25,630
2026-08-02 21:00:00-04:00,7554.0,7555.25,7552.0,7554.5,1149
2026-08-02 21:05:00-04:00,7554.5,7556.25,7553.25,7554.0,1078
2026-08-02 21:10:00-04:00,7554.5,7555.75,7550.75,7551.75,973
2026-08-02 21:15:00-04:00,7551.75,7552.25,7549.75,7550.0,858
2026-08-02 21:20:00-04:00,7550.0,7553.5,7549.75,7553.25,579
2026-08-02 21:25:00-04:00,7553.25,7555.75,7553.25,7555.25,714
2026-08-02 21:30:00-04:00,7555.0,7556.0,7554.0,7554.25,630
2026-08-02 21:35:00-04:00,7554.25,7555.25,7552.75,7555.25,548
2026-08-02 21:40:00-04:00,7555.25,7557.25,7554.5,7556.75,900
2026-08-02 21:45:00-04:00,7557.0,7558.25,7555.75,7556.25,1148
2026-08-02 21:50:00-04:00,7556.5,7558.5,7556.25,7557.0,800
2026-08-02 21:55:00-04:00,7557.0,7558.75,7557.0,7558.0,641
2026-08-02 22:00:00-04:00,7558.0,7559.25,7556.5,7558.25,821
2026-08-02 22:05:00-04:00,7558.5,7559.0,7557.0,7557.5,821
2026-08-02 22:10:00-04:00,7557.25,7560.0,7557.25,7559.0,533
2026-08-02 22:15:00-04:00,7559.0,7561.25,7558.5,7561.0,822
2026-08-02 22:20:00-04:00,7560.75,7561.75,7559.5,7559.75,984
2026-08-02 22:25:00-04:00,7559.75,7559.75,7557.0,7557.0,903
2026-08-02 22:30:00-04:00,7557.0,7559.5,7556.5,7559.5,569
2026-08-02 22:35:00-04:00,7559.75,7560.5,7559.25,7559.5,367
2026-08-02 22:40:00-04:00,7559.25,7560.25,7558.5,7558.5,405
2026-08-02 22:45:00-04:00,7558.75,7559.75,7558.5,7559.0,368
2026-08-02 22:50:00-04:00,7559.0,7560.75,7559.0,7560.25,266
2026-08-02 22:55:00-04:00,7560.25,7561.0,7559.75,7560.5,324
2026-08-02 23:00:00-04:00,7560.5,7561.75,7560.5,7561.0,670
2026-08-02 23:05:00-04:00,7561.0,7562.0,7561.0,7561.5,445
2026-08-02 23:10:00-04:00,7561.5,7562.0,7561.25,7561.5,391
2026-08-02 23:15:00-04:00,7561.75,7562.0,7560.75,7561.75,554
2026-08-02 23:20:00-04:00,7561.75,7562.5,7558.75,7559.25,747
2026-08-02 23:25:00-04:00,7559.0,7560.5,7558.75,7558.75,498
2026-08-02 23:30:00-04:00,7559.0,7560.75,7558.25,7560.25,500
2026-08-02 23:35:00-04:00,7560.25,7562.5,7559.75,7561.75,421
2026-08-02 23:40:00-04:00,7561.75,7562.5,7561.75,7562.5,423
2026-08-02 23:45:00-04:00,7562.5,7563.0,7561.5,7562.25,542
2026-08-02 23:50:00-04:00,7562.25,7564.5,7562.25,7563.5,1417
2026-08-02 23:55:00-04:00,7563.5,7563.5,7561.75,7562.25,461
2026-08-03 00:00:00-04:00,7561.75,7562.25,7561.25,7561.5,564
2026-08-03 00:05:00-04:00,7561.25,7563.0,7561.0,7562.5,578
2026-08-03 00:10:00-04:00,7562.5,7562.75,7562.0,7562.5,371
2026-08-03 00:15:00-04:00,7562.5,7563.75,7562.5,7563.0,296
2026-08-03 00:20:00-04:00,7563.0,7564.5,7562.75,7564.25,452
2026-08-03 00:25:00-04:00,7564.5,7565.0,7563.5,7564.5,457
2026-08-03 00:30:00-04:00,7564.75,7565.5,7564.5,7564.5,493
2026-08-03 00:35:00-04:00,7564.5,7565.0,7564.5,7564.5,333
2026-08-03 00:40:00-04:00,7564.5,7565.25,7564.0,7565.25,381
2026-08-03 00:45:00-04:00,7565.25,7567.0,7564.75,7565.75,1267
2026-08-03 00:50:00-04:00,7565.75,7565.75,7564.0,7564.25,487
2026-08-03 00:55:00-04:00,7564.25,7564.25,7563.0,7563.25,521
2026-08-03 01:00:00-04:00,7563.5,7565.25,7563.0,7563.75,639
2026-08-03 01:05:00-04:00,7563.75,7563.75,7562.0,7563.25,455
2026-08-03 01:10:00-04:00,7563.25,7565.25,7563.25,7563.75,519
2026-08-03 01:15:00-04:00,7563.5,7563.5,7561.75,7562.0,617
2026-08-03 01:20:00-04:00,7562.25,7563.25,7562.25,7563.0,497
2026-08-03 01:25:00-04:00,7563.0,7564.5,7562.75,7563.25,655
2026-08-03 01:30:00-04:00,7563.25,7564.0,7562.75,7563.0,526
2026-08-03 01:35:00-04:00,7562.75,7563.5,7562.25,7563.25,482
2026-08-03 01:40:00-04:00,7563.25,7564.0,7562.75,7563.0,469
2026-08-03 01:45:00-04:00,7563.0,7563.5,7562.75,7563.0,265
2026-08-03 01:50:00-04:00,7563.0,7563.0,7560.25,7560.75,420
2026-08-03 01:55:00-04:00,7561.0,7563.25,7560.75,7563.0,434
2026-08-03 02:00:00-04:00,7563.25,7565.0,7562.0,7564.75,1189
2026-08-03 02:05:00-04:00,7564.75,7565.75,7563.25,7564.25,1087
2026-08-03 02:10:00-04:00,7564.25,7566.0,7563.75,7563.75,878
2026-08-03 02:15:00-04:00,7563.5,7564.0,7563.0,7563.0,590
2026-08-03 02:20:00-04:00,7563.0,7563.75,7561.5,7561.75,900
2026-08-03 02:25:00-04:00,7561.5,7561.5,7558.75,7559.75,907
2026-08-03 02:30:00-04:00,7559.75,7562.0,7559.5,7560.75,780
2026-08-03 02:35:00-04:00,7560.75,7560.75,7558.5,7559.25,517
2026-08-03 02:40:00-04:00,7559.25,7559.25,7558.25,7558.25,397
2026-08-03 02:45:00-04:00,7558.0,7559.0,7557.0,7557.5,575
2026-08-03 02:50:00-04:00,7557.5,7557.75,7556.5,7557.5,537
2026-08-03 02:55:00-04:00,7557.25,7557.75,7555.75,7556.75,910
2026-08-03 03:00:00-04:00,7557.0,7559.0,7553.0,7557.25,2375
2026-08-03 03:05:00-04:00,7557.5,7561.25,7557.25,7558.0,1924
2026-08-03 03:10:00-04:00,7558.0,7561.0,7557.75,7560.0,1041
2026-08-03 03:15:00-04:00,7560.0,7561.75,7552.75,7554.75,3779
2026-08-03 03:20:00-04:00,7554.75,7558.0,7554.0,7556.5,1323
2026-08-03 03:25:00-04:00,7556.5,7557.75,7555.25,7556.75,1084
2026-08-03 03:30:00-04:00,7556.75,7558.25,7556.25,7558.0,890
2026-08-03 03:35:00-04:00,7557.75,7560.0,7555.0,7556.0,1041
2026-08-03 03:40:00-04:00,7556.0,7556.0,7553.25,7554.0,1052
2026-08-03 03:45:00-04:00,7553.75,7557.5,7553.5,7556.5,1048
2026-08-03 03:50:00-04:00,7556.5,7557.75,7555.25,7557.25,870
2026-08-03 03:55:00-04:00,7557.5,7560.0,7557.25,7559.75,1035
2026-08-03 04:00:00-04:00,7559.75,7560.0,7551.25,7552.0,1885
2026-08-03 04:05:00-04:00,7552.25,7554.0,7550.75,7552.75,1805
2026-08-03 04:10:00-04:00,7552.5,7555.5,7552.5,7555.0,1140
2026-08-03 04:15:00-04:00,7555.0,7555.25,7550.0,7550.75,1611
2026-08-03 04:20:00-04:00,7551.0,7551.75,7549.25,7549.75,1896
2026-08-03 04:25:00-04:00,7550.0,7550.75,7547.5,7550.25,1746
2026-08-03 04:30:00-04:00,7550.5,7550.75,7547.75,7548.75,1356
2026-08-03 04:35:00-04:00,7548.75,7555.75,7548.5,7555.5,1792
2026-08-03 04:40:00-04:00,7555.5,7557.25,7553.75,7554.5,1004
2026-08-03 04:45:00-04:00,7554.5,7555.75,7552.25,7554.75,985
2026-08-03 04:50:00-04:00,7554.75,7555.5,7554.25,7555.0,1102
2026-08-03 04:55:00-04:00,7555.25,7559.5,7555.25,7559.5,1889
2026-08-03 05:00:00-04:00,7559.5,7560.25,7556.0,7556.25,1732
2026-08-03 05:05:00-04:00,7556.25,7559.0,7556.25,7557.0,1156
2026-08-03 05:10:00-04:00,7557.0,7557.5,7554.0,7556.0,1215
2026-08-03 05:15:00-04:00,7556.0,7558.75,7555.25,7557.75,947
2026-08-03 05:20:00-04:00,7557.75,7558.5,7556.25,7556.25,713
2026-08-03 05:25:00-04:00,7556.5,7557.25,7555.25,7556.25,688
2026-08-03 05:30:00-04:00,7556.0,7558.0,7555.75,7556.75,576
2026-08-03 05:35:00-04:00,7557.25,7559.75,7555.75,7556.5,1175
2026-08-03 05:40:00-04:00,7556.5,7558.25,7556.25,7556.5,624
2026-08-03 05:45:00-04:00,7556.75,7558.75,7556.0,7556.5,562
2026-08-03 05:50:00-04:00,7556.75,7557.0,7553.5,7555.75,858
2026-08-03 05:55:00-04:00,7556.0,7558.25,7555.75,7557.5,713
2026-08-03 06:00:00-04:00,7557.5,7558.5,7555.5,7558.0,854
2026-08-03 06:05:00-04:00,7558.0,7559.0,7557.5,7558.5,497
2026-08-03 06:10:00-04:00,7558.5,7560.0,7558.0,7558.25,1403
2026-08-03 06:15:00-04:00,7558.25,7560.5,7558.25,7559.5,1327
2026-08-03 06:20:00-04:00,7559.5,7560.25,7557.25,7559.0,1481
2026-08-03 06:25:00-04:00,7559.25,7560.5,7558.0,7560.25,955
2026-08-03 06:30:00-04:00,7560.0,7561.0,7558.5,7560.75,720
2026-08-03 06:35:00-04:00,7560.75,7562.0,7559.5,7561.5,1398
2026-08-03 06:40:00-04:00,7561.5,7562.5,7561.0,7562.5,766
2026-08-03 06:45:00-04:00,7562.5,7562.75,7561.0,7561.5,691
2026-08-03 06:50:00-04:00,7561.5,7562.25,7560.75,7561.75,898
2026-08-03 06:55:00-04:00,7561.5,7563.0,7561.5,7562.75,641
2026-08-03 07:00:00-04:00,7562.75,7563.25,7559.25,7560.5,1861
2026-08-03 07:05:00-04:00,7560.75,7560.75,7557.25,7559.0,1538
2026-08-03 07:10:00-04:00,7559.0,7560.25,7558.75,7560.0,1371
2026-08-03 07:15:00-04:00,7560.0,7563.25,7559.5,7563.0,1239
2026-08-03 07:20:00-04:00,7563.0,7564.0,7561.5,7561.5,1844
2026-08-03 07:25:00-04:00,7561.25,7562.75,7560.5,7561.5,1225
2026-08-03 07:30:00-04:00,7561.5,7567.75,7561.25,7565.5,3474
2026-08-03 07:35:00-04:00,7566.0,7566.75,7561.25,7561.25,1810
2026-08-03 07:40:00-04:00,7561.25,7564.0,7560.5,7564.0,1616
2026-08-03 07:45:00-04:00,7563.75,7564.5,7561.5,7563.25,2100
2026-08-03 07:50:00-04:00,7563.25,7563.5,7557.25,7557.25,2076
2026-08-03 07:55:00-04:00,7557.25,7557.75,7555.75,7557.5,2373
2026-08-03 08:00:00-04:00,7557.25,7557.5,7554.5,7555.5,2607
2026-08-03 08:05:00-04:00,7555.75,7556.0,7553.5,7555.25,2058
2026-08-03 08:10:00-04:00,7555.0,7556.75,7553.25,7556.5,2440
2026-08-03 08:15:00-04:00,7556.5,7558.25,7554.5,7556.25,2693
2026-08-03 08:20:00-04:00,7556.5,7558.75,7554.0,7554.5,2873
2026-08-03 08:25:00-04:00,7554.5,7558.75,7553.75,7558.0,2151
2026-08-03 08:30:00-04:00,7558.25,7561.0,7558.25,7561.0,2029
2026-08-03 08:35:00-04:00,7561.0,7562.25,7559.25,7562.0,3656
2026-08-03 08:40:00-04:00,7562.0,7565.75,7561.25,7565.5,2765
2026-08-03 08:45:00-04:00,7565.75,7566.25,7563.75,7563.75,2923
2026-08-03 08:50:00-04:00,7563.75,7565.5,7562.25,7565.0,2448
2026-08-03 08:55:00-04:00,7565.0,7565.25,7563.0,7563.25,1972
2026-08-03 09:00:00-04:00,7563.5,7565.0,7562.25,7564.25,2650
2026-08-03 09:05:00-04:00,7564.25,7565.0,7562.5,7563.0,2353
2026-08-03 09:10:00-04:00,7562.75,7564.25,7561.75,7562.5,2224
2026-08-03 09:15:00-04:00,7562.5,7565.75,7562.5,7565.25,3998
2026-08-03 09:20:00-04:00,7565.5,7565.5,7562.75,7564.0,2764
2026-08-03 09:25:00-04:00,7563.75,7563.75,7544.75,7546.0,13763
2026-08-03 09:30:00-04:00,7546.25,7565.25,7542.75,7559.25,46749
2026-08-03 09:35:00-04:00,7559.25,7571.0,7558.75,7568.75,33485
2026-08-03 09:40:00-04:00,7568.75,7570.0,7561.0,7567.25,25461
2026-08-03 09:45:00-04:00,7567.5,7575.0,7565.0,7570.75,29269
2026-08-03 09:50:00-04:00,7570.75,7581.25,7567.0,7579.25,30207
2026-08-03 09:55:00-04:00,7579.5,7588.25,7578.5,7588.0,23455
2026-08-03 10:00:00-04:00,7587.75,7591.25,7582.75,7585.75,28715
2026-08-03 10:05:00-04:00,7586.0,7588.5,7583.5,7587.75,18438
2026-08-03 10:10:00-04:00,7587.75,7592.5,7587.25,7591.0,17146
2026-08-03 10:15:00-04:00,7591.0,7597.5,7590.0,7593.75,22252
2026-08-03 10:20:00-04:00,7594.0,7599.75,7593.5,7598.25,17410
2026-08-03 10:25:00-04:00,7598.25,7600.0,7595.5,7597.25,16315
2026-08-03 10:30:00-04:00,7597.0,7598.5,7595.0,7597.25,14687
2026-08-03 10:35:00-04:00,7597.25,7601.5,7596.25,7599.75,13991
2026-08-03 10:40:00-04:00,7600.0,7603.75,7599.5,7601.25,14351
2026-08-03 10:45:00-04:00,7601.25,7601.75,7598.75,7600.75,11170
2026-08-03 10:50:00-04:00,7600.75,7603.5,7600.0,7601.0,14752
2026-08-03 10:55:00-04:00,7601.0,7606.0,7601.0,7606.0,12713
2026-08-03 11:00:00-04:00,7606.0,7606.25,7603.0,7604.5,11898
2026-08-03 11:05:00-04:00,7604.5,7604.5,7599.75,7601.25,12084
2026-08-03 11:10:00-04:00,7601.25,7603.25,7600.0,7602.5,10348
2026-08-03 11:15:00-04:00,7602.5,7606.0,7602.5,7606.0,9690
2026-08-03 11:20:00-04:00,7606.0,7609.0,7605.75,7607.75,13349
2026-08-03 11:25:00-04:00,7607.75,7609.0,7602.0,7603.25,19409
2026-08-03 11:30:00-04:00,7603.0,7606.75,7602.5,7604.75,11035
2026-08-03 11:35:00-04:00,7605.0,7608.0,7603.75,7607.25,11098
2026-08-03 11:40:00-04:00,7607.5,7610.5,7607.0,7608.5,12323
2026-08-03 11:45:00-04:00,7608.5,7613.0,7608.5,7612.5,14948
2026-08-03 11:50:00-04:00,7612.5,7614.0,7611.75,7613.75,10388
2026-08-03 11:55:00-04:00,7613.5,7613.75,7610.0,7611.5,12815
2026-08-03 12:00:00-04:00,7611.5,7613.5,7611.0,7611.5,9635
2026-08-03 12:05:00-04:00,7611.75,7612.5,7610.0,7611.75,8459
2026-08-03 12:10:00-04:00,7611.75,7612.0,7609.25,7611.5,7598
2026-08-03 12:15:00-04:00,7611.25,7614.5,7611.0,7614.25,8086
2026-08-03 12:20:00-04:00,7614.25,7614.5,7612.25,7614.25,6906
2026-08-03 12:25:00-04:00,7614.25,7617.75,7613.5,7617.0,11480
2026-08-03 12:30:00-04:00,7617.25,7618.0,7614.75,7616.0,10336
2026-08-03 12:35:00-04:00,7616.0,7616.0,7613.75,7614.5,6723
2026-08-03 12:40:00-04:00,7614.5,7616.75,7613.75,7616.25,6603
2026-08-03 12:45:00-04:00,7616.5,7616.5,7614.5,7614.75,5208
2026-08-03 12:50:00-04:00,7614.75,7615.5,7612.0,7612.0,8783
2026-08-03 12:55:00-04:00,7612.25,7615.25,7611.75,7613.75,7136
2026-08-03 13:00:00-04:00,7614.0,7614.75,7611.75,7613.75,8411
2026-08-03 13:05:00-04:00,7613.75,7614.5,7611.0,7613.75,6758
2026-08-03 13:10:00-04:00,7613.75,7617.75,7613.5,7616.5,7634
2026-08-03 13:15:00-04:00,7616.75,7619.5,7616.5,7619.5,6788
2026-08-03 13:20:00-04:00,7619.5,7622.0,7618.25,7621.5,10234
2026-08-03 13:25:00-04:00,7621.25,7623.25,7620.0,7622.5,7129
2026-08-03 13:30:00-04:00,7622.5,7625.5,7621.75,7625.5,7594
2026-08-03 13:35:00-04:00,7625.5,7626.25,7623.0,7623.75,8975
2026-08-03 13:40:00-04:00,7624.0,7625.25,7623.25,7625.0,5563
2026-08-03 13:45:00-04:00,7625.25,7627.25,7624.75,7626.5,9378
2026-08-03 13:50:00-04:00,7626.5,7628.25,7626.25,7628.25,5822
2026-08-03 13:55:00-04:00,7628.25,7629.75,7627.25,7628.0,9175
2026-08-03 14:00:00-04:00,7628.25,7633.25,7628.0,7633.0,15681
2026-08-03 14:05:00-04:00,7633.25,7635.0,7632.5,7635.0,10802
2026-08-03 14:10:00-04:00,7634.75,7635.0,7630.25,7631.75,11218
2026-08-03 14:15:00-04:00,7631.75,7634.75,7630.5,7631.25,7866
2026-08-03 14:20:00-04:00,7631.25,7633.25,7629.5,7631.25,8999
2026-08-03 14:25:00-04:00,7631.0,7632.0,7626.25,7627.5,12534
2026-08-03 14:30:00-04:00,7627.5,7630.0,7625.0,7626.5,11505
2026-08-03 14:35:00-04:00,7626.5,7629.5,7626.25,7628.25,7347
2026-08-03 14:40:00-04:00,7628.25,7632.75,7627.25,7632.5,7795
2026-08-03 14:45:00-04:00,7632.5,7633.5,7629.0,7632.5,9175
2026-08-03 14:50:00-04:00,7632.25,7634.25,7630.5,7632.5,11481
2026-08-03 14:55:00-04:00,7632.75,7634.0,7630.75,7631.25,6051
2026-08-03 15:00:00-04:00,7631.25,7637.75,7631.0,7636.75,12143
2026-08-03 15:05:00-04:00,7637.0,7637.25,7632.25,7633.5,9400
2026-08-03 15:10:00-04:00,7633.5,7636.0,7632.75,7633.5,6626
2026-08-03 15:15:00-04:00,7633.5,7636.25,7633.5,7635.25,9092
2026-08-03 15:20:00-04:00,7635.5,7636.25,7633.25,7636.25,8137
2026-08-03 15:25:00-04:00,7636.0,7637.25,7634.25,7635.5,9371
2026-08-03 15:30:00-04:00,7635.5,7637.0,7633.75,7635.5,10278
2026-08-03 15:35:00-04:00,7635.25,7636.5,7631.25,7631.75,10330
2026-08-03 15:40:00-04:00,7632.0,7633.5,7630.25,7632.5,12865
2026-08-03 15:45:00-04:00,7632.5,7634.25,7631.0,7633.0,14832
2026-08-03 15:50:00-04:00,7633.0,7635.75,7627.75,7629.0,31208
2026-08-03 15:55:00-04:00,7629.0,7632.0,7625.75,7628.25,96410
2026-08-03 16:00:00-04:00,7628.25,7629.0,7625.25,7628.75,21595
2026-08-03 16:05:00-04:00,7628.5,7632.5,7628.5,7631.5,6418
2026-08-03 16:10:00-04:00,7631.5,7633.0,7630.5,7632.0,4056
2026-08-03 16:15:00-04:00,7632.0,7634.25,7632.0,7633.75,1873
2026-08-03 16:20:00-04:00,7634.0,7636.5,7633.5,7634.0,2363
2026-08-03 16:25:00-04:00,7633.75,7634.25,7632.75,7633.0,951
2026-08-03 16:30:00-04:00,7633.0,7634.25,7632.75,7633.25,1044
2026-08-03 16:35:00-04:00,7633.5,7635.25,7633.5,7634.5,849
2026-08-03 16:40:00-04:00,7634.5,7636.5,7634.25,7635.5,1321
2026-08-03 16:45:00-04:00,7635.5,7635.75,7632.5,7632.5,1956
2026-08-03 16:50:00-04:00,7632.5,7633.0,7630.75,7631.25,1511
2026-08-03 16:55:00-04:00,7631.5,7632.25,7630.25,7631.25,1320
2026-08-03 18:00:00-04:00,7631.0,7633.5,7629.0,7631.5,0
2026-08-03 18:05:00-04:00,7631.75,7635.0,7631.5,7634.5,798
2026-08-03 18:10:00-04:00,7634.5,7635.5,7631.5,7632.5,609
2026-08-03 18:15:00-04:00,7632.5,7635.0,7632.5,7634.25,320
2026-08-03 18:20:00-04:00,7634.25,7634.75,7632.75,7634.0,236
2026-08-03 18:25:00-04:00,7634.25,7634.5,7633.0,7633.75,128
2026-08-03 18:30:00-04:00,7633.75,7635.5,7633.25,7635.0,318
2026-08-03 18:35:00-04:00,7634.5,7635.75,7633.5,7635.0,293
2026-08-03 18:40:00-04:00,7635.25,7636.5,7635.25,7636.0,356
2026-08-03 18:45:00-04:00,7636.0,7636.0,7634.25,7635.5,354
2026-08-03 18:50:00-04:00,7635.5,7636.0,7635.0,7635.75,398
2026-08-03 18:55:00-04:00,7635.75,7636.0,7635.25,7635.25,142
2026-08-03 19:00:00-04:00,7635.25,7635.75,7634.25,7635.25,233
2026-08-03 19:05:00-04:00,7635.0,7635.25,7633.5,7634.0,275
2026-08-03 19:10:00-04:00,7634.0,7634.5,7633.75,7634.5,122
2026-08-03 19:15:00-04:00,7634.5,7636.25,7634.5,7635.5,195
2026-08-03 19:20:00-04:00,7635.75,7636.25,7634.5,7634.75,282
2026-08-03 19:25:00-04:00,7634.75,7635.25,7634.0,7634.75,273
2026-08-03 19:30:00-04:00,7634.75,7636.25,7633.75,7635.75,426
2026-08-03 19:35:00-04:00,7635.5,7636.0,7632.75,7632.75,331
2026-08-03 19:40:00-04:00,7632.75,7633.75,7632.75,7632.75,335
2026-08-03 19:45:00-04:00,7633.0,7636.0,7632.75,7635.0,755
2026-08-03 19:50:00-04:00,7635.0,7636.0,7633.25,7633.5,544
2026-08-03 19:55:00-04:00,7633.5,7635.5,7633.25,7635.5,456
2026-08-03 20:00:00-04:00,7635.5,7636.0,7632.25,7634.75,1234
2026-08-03 20:05:00-04:00,7634.75,7637.25,7634.0,7636.25,836
2026-08-03 20:10:00-04:00,7636.25,7636.5,7633.0,7634.0,671
2026-08-03 20:15:00-04:00,7634.0,7634.0,7631.25,7632.0,793
2026-08-03 20:20:00-04:00,7632.0,7634.0,7631.75,7633.0,569
2026-08-03 20:25:00-04:00,7632.75,7634.0,7630.75,7631.25,768
2026-08-03 20:30:00-04:00,7631.25,7631.75,7630.25,7630.5,821
2026-08-03 20:35:00-04:00,7630.75,7634.75,7629.25,7634.5,1834
2026-08-03 20:40:00-04:00,7634.5,7635.25,7632.5,7634.75,1747
2026-08-03 20:45:00-04:00,7634.75,7635.0,7632.5,7634.5,649
2026-08-03 20:50:00-04:00,7634.25,7635.75,7633.0,7633.75,786
2026-08-03 20:55:00-04:00,7634.0,7634.5,7631.75,7632.75,845
2026-08-03 21:00:00-04:00,7632.75,7633.0,7629.5,7631.25,2348
2026-08-03 21:05:00-04:00,7631.0,7633.75,7629.75,7633.5,1271
2026-08-03 21:10:00-04:00,7633.5,7635.25,7633.0,7634.25,910
2026-08-03 21:15:00-04:00,7634.0,7635.25,7632.25,7634.5,559
2026-08-03 21:20:00-04:00,7634.25,7635.75,7634.25,7635.5,464
2026-08-03 21:25:00-04:00,7635.5,7636.25,7633.75,7636.25,632
2026-08-03 21:30:00-04:00,7636.25,7639.0,7635.75,7637.75,1276
2026-08-03 21:35:00-04:00,7637.75,7638.5,7636.0,7636.25,757
2026-08-03 21:40:00-04:00,7636.0,7640.5,7636.0,7640.0,874
2026-08-03 21:45:00-04:00,7640.0,7642.25,7639.75,7642.0,1251
2026-08-03 21:50:00-04:00,7642.0,7647.5,7641.5,7646.75,2289
2026-08-03 21:55:00-04:00,7646.75,7647.25,7645.75,7646.5,1040
2026-08-03 22:00:00-04:00,7646.25,7647.5,7644.25,7644.5,1047
2026-08-03 22:05:00-04:00,7644.5,7644.75,7641.25,7642.25,1066
2026-08-03 22:10:00-04:00,7642.25,7642.25,7639.75,7640.75,934
2026-08-03 22:15:00-04:00,7640.75,7642.25,7640.75,7642.0,585
2026-08-03 22:20:00-04:00,7642.25,7642.5,7639.0,7641.5,756
2026-08-03 22:25:00-04:00,7641.5,7641.75,7640.0,7640.0,629
2026-08-03 22:30:00-04:00,7640.25,7643.0,7640.25,7641.5,378
2026-08-03 22:35:00-04:00,7642.0,7644.0,7641.5,7642.75,389
2026-08-03 22:40:00-04:00,7642.75,7644.0,7642.25,7643.75,410
2026-08-03 22:45:00-04:00,7643.75,7643.75,7641.75,7642.5,402
2026-08-03 22:50:00-04:00,7642.5,7644.25,7641.75,7644.0,253
2026-08-03 22:55:00-04:00,7644.0,7644.25,7642.25,7642.5,264
2026-08-03 23:00:00-04:00,7642.25,7644.0,7641.5,7642.0,468
2026-08-03 23:05:00-04:00,7642.25,7642.5,7640.0,7641.0,609
2026-08-03 23:10:00-04:00,7641.25,7641.5,7638.25,7639.5,654
2026-08-03 23:15:00-04:00,7639.5,7641.25,7639.25,7640.5,659
2026-08-03 23:20:00-04:00,7640.75,7643.0,7639.75,7642.75,446
2026-08-03 23:25:00-04:00,7643.0,7644.5,7642.5,7643.5,356
2026-08-03 23:30:00-04:00,7643.5,7645.5,7643.5,7645.5,596
2026-08-03 23:35:00-04:00,7645.25,7645.5,7644.0,7644.5,533
2026-08-03 23:40:00-04:00,7644.5,7644.5,7641.75,7642.75,487
2026-08-03 23:45:00-04:00,7642.75,7644.25,7641.75,7643.75,528
2026-08-03 23:50:00-04:00,7643.75,7645.0,7643.5,7644.0,303
2026-08-03 23:55:00-04:00,7644.0,7645.0,7643.75,7645.0,287
2026-08-04 00:05:00-04:00,7644.0,7644.25,7643.75,7643.75,791
2026-08-04 00:10:00-04:00,7643.75,7644.0,7641.75,7642.75,258
2026-08-04 00:15:00-04:00,7643.0,7645.5,7642.75,7645.25,249
2026-08-04 00:20:00-04:00,7645.25,7645.25,7644.5,7645.25,274
2026-08-04 00:25:00-04:00,7645.25,7645.75,7645.0,7645.5,229
2026-08-04 00:30:00-04:00,7645.5,7646.0,7645.25,7645.25,255
2026-08-04 00:35:00-04:00,7645.25,7645.5,7644.75,7645.25,198
2026-08-04 00:40:00-04:00,7645.0,7645.75,7644.75,7645.25,169
2026-08-04 00:45:00-04:00,7645.0,7646.0,7644.5,7645.75,169
2026-08-04 00:50:00-04:00,7646.0,7646.5,7645.0,7646.0,241
2026-08-04 00:55:00-04:00,7646.0,7646.25,7644.25,7645.5,238
2026-08-04 01:00:00-04:00,7645.25,7645.75,7643.5,7644.25,401
2026-08-04 01:05:00-04:00,7644.5,7644.75,7643.75,7644.75,160
2026-08-04 01:10:00-04:00,7644.75,7644.75,7642.75,7643.25,491
2026-08-04 01:15:00-04:00,7643.25,7644.25,7643.0,7644.25,249
2026-08-04 01:20:00-04:00,7644.25,7645.5,7644.0,7645.5,264
2026-08-04 01:25:00-04:00,7645.25,7646.0,7644.25,7645.5,398
2026-08-04 01:30:00-04:00,7645.25,7646.5,7645.25,7646.0,574
2026-08-04 01:35:00-04:00,7646.25,7649.5,7646.25,7646.5,1316
2026-08-04 01:40:00-04:00,7646.25,7647.75,7646.0,7647.25,763
2026-08-04 01:45:00-04:00,7647.0,7647.0,7646.0,7646.5,332
2026-08-04 01:50:00-04:00,7646.5,7647.5,7646.25,7646.5,277
2026-08-04 01:55:00-04:00,7646.5,7647.75,7646.25,7647.5,286
2026-08-04 02:00:00-04:00,7647.75,7648.25,7646.75,7648.0,682
2026-08-04 02:05:00-04:00,7647.75,7649.25,7647.25,7648.75,544
2026-08-04 02:10:00-04:00,7648.5,7650.0,7648.5,7649.75,711
2026-08-04 02:15:00-04:00,7649.75,7649.75,7647.5,7647.75,578
2026-08-04 02:20:00-04:00,7648.0,7649.0,7647.0,7647.75,574
2026-08-04 02:25:00-04:00,7647.75,7649.0,7647.0,7647.25,594
2026-08-04 02:30:00-04:00,7647.0,7648.25,7646.5,7646.75,653
2026-08-04 02:35:00-04:00,7646.75,7646.75,7644.0,7644.75,731
2026-08-04 02:40:00-04:00,7644.75,7645.0,7642.75,7644.0,705
2026-08-04 02:45:00-04:00,7644.0,7644.75,7643.75,7644.25,399
2026-08-04 02:50:00-04:00,7644.25,7644.75,7643.75,7644.25,465
2026-08-04 02:55:00-04:00,7644.25,7644.75,7643.0,7644.5,683
2026-08-04 03:00:00-04:00,7644.5,7647.5,7644.0,7646.25,1881
2026-08-04 03:05:00-04:00,7646.5,7646.5,7642.0,7642.25,1636
2026-08-04 03:10:00-04:00,7642.0,7643.25,7641.5,7643.0,1254
2026-08-04 03:15:00-04:00,7643.0,7644.75,7642.5,7643.0,1035
2026-08-04 03:20:00-04:00,7643.25,7644.0,7642.5,7644.0,633
2026-08-04 03:25:00-04:00,7644.25,7646.0,7644.0,7645.0,1089
2026-08-04 03:30:00-04:00,7645.0,7648.0,7644.75,7646.25,1629
2026-08-04 03:35:00-04:00,7646.25,7646.5,7643.25,7644.0,811
2026-08-04 03:40:00-04:00,7644.25,7644.5,7642.0,7642.5,771
2026-08-04 03:45:00-04:00,7642.5,7646.75,7642.0,7646.75,1048
2026-08-04 03:50:00-04:00,7646.5,7646.5,7643.0,7643.0,1565
2026-08-04 03:55:00-04:00,7643.25,7643.75,7642.25,7643.5,1498
2026-08-04 04:00:00-04:00,7643.5,7644.75,7642.5,7643.75,1835
2026-08-04 04:05:00-04:00,7644.0,7645.0,7642.75,7643.25,1681
2026-08-04 04:10:00-04:00,7643.0,7643.75,7642.0,7643.75,1120
2026-08-04 04:15:00-04:00,7644.0,7645.5,7643.5,7644.5,1063
2026-08-04 04:20:00-04:00,7644.75,7645.75,7643.0,7643.25,1547
2026-08-04 04:25:00-04:00,7643.25,7643.75,7642.0,7643.25,1308
2026-08-04 04:30:00-04:00,7643.25,7643.25,7638.0,7639.5,2453
2026-08-04 04:35:00-04:00,7639.25,7639.75,7637.75,7639.25,1663
2026-08-04 04:40:00-04:00,7639.0,7639.25,7637.0,7638.25,1387
2026-08-04 04:45:00-04:00,7638.25,7638.25,7635.25,7635.75,2049
2026-08-04 04:50:00-04:00,7636.0,7636.75,7635.25,7636.0,878
2026-08-04 04:55:00-04:00,7636.0,7638.5,7636.0,7637.25,1181
2026-08-04 05:00:00-04:00,7637.0,7637.0,7634.0,7635.5,1390
2026-08-04 05:05:00-04:00,7635.25,7635.5,7632.75,7633.25,2050
2026-08-04 05:10:00-04:00,7633.5,7634.25,7632.0,7633.75,1294
2026-08-04 05:15:00-04:00,7634.0,7634.25,7631.75,7633.25,1210
2026-08-04 05:20:00-04:00,7633.25,7634.0,7632.5,7633.0,981
2026-08-04 05:25:00-04:00,7633.0,7634.5,7632.25,7634.25,774
2026-08-04 05:30:00-04:00,7634.25,7636.0,7634.25,7635.75,1001
2026-08-04 05:35:00-04:00,7636.0,7637.25,7635.5,7637.25,941
2026-08-04 05:40:00-04:00,7637.25,7638.25,7637.25,7637.75,784
2026-08-04 05:45:00-04:00,7637.75,7638.5,7635.5,7638.5,2687
2026-08-04 05:50:00-04:00,7638.0,7638.0,7634.75,7635.0,980
2026-08-04 05:55:00-04:00,7634.75,7637.5,7634.75,7637.5,652
2026-08-04 06:00:00-04:00,7637.75,7638.0,7636.25,7636.75,616
2026-08-04 06:05:00-04:00,7636.75,7638.5,7636.25,7637.75,773
2026-08-04 06:10:00-04:00,7638.0,7639.75,7637.75,7638.5,1257
2026-08-04 06:15:00-04:00,7638.5,7638.5,7636.0,7637.0,914
2026-08-04 06:20:00-04:00,7637.0,7638.25,7636.25,7637.5,753
2026-08-04 06:25:00-04:00,7637.75,7638.0,7636.25,7636.5,788
2026-08-04 06:30:00-04:00,7636.5,7642.25,7635.5,7640.5,3032
2026-08-04 06:35:00-04:00,7640.5,7640.75,7638.5,7639.25,860
2026-08-04 06:40:00-04:00,7639.0,7644.75,7638.0,7643.75,2899
2026-08-04 06:45:00-04:00,7643.5,7647.75,7643.0,7644.75,5001
2026-08-04 06:50:00-04:00,7644.75,7645.5,7641.5,7643.75,1628
2026-08-04 06:55:00-04:00,7643.75,7644.5,7641.75,7643.0,1332
2026-08-04 07:00:00-04:00,7643.25,7645.25,7641.75,7644.0,1763
2026-08-04 07:05:00-04:00,7644.0,7644.0,7641.5,7642.5,1081
2026-08-04 07:10:00-04:00,7642.25,7644.5,7641.75,7643.5,1479
2026-08-04 07:15:00-04:00,7643.5,7644.5,7643.0,7644.25,1168
2026-08-04 07:20:00-04:00,7644.25,7647.25,7644.25,7645.0,1593
2026-08-04 07:25:00-04:00,7645.0,7648.75,7645.0,7648.5,1313
2026-08-04 07:30:00-04:00,7648.5,7648.5,7647.0,7647.5,929
2026-08-04 07:35:00-04:00,7647.5,7648.25,7646.75,7647.25,1427
2026-08-04 07:40:00-04:00,7647.0,7657.0,7645.0,7654.75,6521
2026-08-04 07:45:00-04:00,7654.75,7655.0,7651.75,7654.0,4733
2026-08-04 07:50:00-04:00,7653.75,7657.75,7653.25,7655.75,4514
2026-08-04 07:55:00-04:00,7655.75,7656.25,7652.0,7654.5,2784
2026-08-04 08:00:00-04:00,7654.5,7655.25,7652.75,7654.25,2509
2026-08-04 08:05:00-04:00,7654.25,7656.25,7651.25,7655.0,2367
2026-08-04 08:10:00-04:00,7655.0,7655.0,7651.5,7651.75,1537
2026-08-04 08:15:00-04:00,7651.75,7654.5,7651.25,7654.25,2113
2026-08-04 08:20:00-04:00,7654.5,7655.5,7653.75,7655.0,2011
2026-08-04 08:25:00-04:00,7655.0,7655.5,7654.25,7654.5,1420
2026-08-04 08:30:00-04:00,7654.75,7655.25,7652.5,7655.0,1937
2026-08-04 08:35:00-04:00,7655.0,7655.75,7654.25,7654.5,1370
2026-08-04 08:40:00-04:00,7654.25,7655.75,7654.25,7655.25,1281
2026-08-04 08:45:00-04:00,7655.0,7655.25,7651.0,7651.75,2408
2026-08-04 08:50:00-04:00,7651.75,7653.5,7651.5,7652.25,1208
2026-08-04 08:55:00-04:00,7652.5,7652.75,7651.0,7651.0,1337
2026-08-04 09:00:00-04:00,7651.0,7653.0,7649.25,7652.25,2429
2026-08-04 09:05:00-04:00,7652.5,7654.75,7652.25,7653.75,1581
2026-08-04 09:10:00-04:00,7654.0,7654.5,7653.25,7654.0,1660
2026-08-04 09:15:00-04:00,7654.0,7656.25,7653.5,7653.5,2505
2026-08-04 09:20:00-04:00,7653.25,7666.0,7653.25,7657.75,14008
2026-08-04 09:25:00-04:00,7657.5,7662.0,7656.75,7657.5,8720
2026-08-04 09:30:00-04:00,7657.25,7670.25,7656.0,7669.5,44581
2026-08-04 09:35:00-04:00,7669.75,7673.0,7666.5,7670.25,30829
2026-08-04 09:40:00-04:00,7670.25,7673.5,7667.5,7670.0,22111
2026-08-04 09:45:00-04:00,7669.75,7677.0,7669.75,7677.0,27232
2026-08-04 09:50:00-04:00,7677.0,7686.5,7675.25,7686.0,27589
2026-08-04 09:55:00-04:00,7686.0,7686.25,7678.25,7685.5,22322
2026-08-04 10:00:00-04:00,7685.25,7693.25,7682.5,7690.5,28668
2026-08-04 10:05:00-04:00,7690.5,7697.75,7690.0,7695.25,24056
2026-08-04 10:10:00-04:00,7695.25,7700.75,7695.0,7700.5,18045
2026-08-04 10:15:00-04:00,7700.75,7706.25,7699.5,7704.5,22972
2026-08-04 10:20:00-04:00,7704.75,7705.0,7693.5,7695.5,24498
2026-08-04 10:25:00-04:00,7695.25,7700.75,7695.0,7697.0,18906
2026-08-04 10:30:00-04:00,7697.0,7702.75,7692.75,7701.5,19822
2026-08-04 10:35:00-04:00,7701.5,7709.5,7699.75,7704.0,25173
2026-08-04 10:40:00-04:00,7703.75,7711.75,7703.0,7710.0,16931
2026-08-04 10:45:00-04:00,7710.25,7711.75,7707.75,7711.0,16436
2026-08-04 10:50:00-04:00,7711.0,7712.5,7708.5,7711.25,12917
2026-08-04 10:55:00-04:00,7711.0,7716.5,7710.0,7715.25,14619
2026-08-04 11:00:00-04:00,7715.5,7721.25,7714.0,7720.75,18334
2026-08-04 11:05:00-04:00,7721.0,7721.0,7715.75,7720.75,17338
2026-08-04 11:10:00-04:00,7720.5,7724.0,7719.25,7721.25,14626
2026-08-04 11:15:00-04:00,7721.5,7726.0,7721.0,7725.75,11926
2026-08-04 11:20:00-04:00,7725.75,7730.25,7724.25,7730.0,14558
2026-08-04 11:25:00-04:00,7730.0,7731.0,7725.0,7726.0,15631
2026-08-04 11:30:00-04:00,7726.0,7728.25,7723.75,7725.0,11799
2026-08-04 11:35:00-04:00,7724.75,7733.5,7724.5,7730.5,25344
2026-08-04 11:40:00-04:00,7730.5,7735.75,7729.75,7735.25,13475
2026-08-04 11:45:00-04:00,7735.25,7739.5,7734.75,7738.75,14556
2026-08-04 11:50:00-04:00,7738.75,7741.25,7733.75,7734.75,19717
2026-08-04 11:55:00-04:00,7734.75,7738.5,7733.75,7736.5,9867
2026-08-04 12:00:00-04:00,7736.5,7741.0,7736.0,7739.5,11376
2026-08-04 12:05:00-04:00,7739.5,7741.75,7735.25,7736.0,11421
2026-08-04 12:10:00-04:00,7736.0,7737.25,7733.25,7734.75,9165
2026-08-04 12:15:00-04:00,7734.5,7739.75,7734.5,7739.5,8708
2026-08-04 12:20:00-04:00,7739.25,7745.25,7739.0,7744.5,11624
2026-08-04 12:25:00-04:00,7744.25,7745.75,7742.25,7744.5,7650
2026-08-04 12:30:00-04:00,7744.5,7748.5,7742.25,7747.25,10274
2026-08-04 12:35:00-04:00,7747.25,7749.25,7744.5,7747.25,9717
2026-08-04 12:40:00-04:00,7747.25,7752.75,7746.25,7752.25,12582
2026-08-04 12:45:00-04:00,7752.5,7754.75,7752.25,7754.25,12120
2026-08-04 12:50:00-04:00,7754.25,7755.75,7753.0,7754.25,9785
2026-08-04 12:55:00-04:00,7754.25,7755.25,7753.0,7755.25,8646
2026-08-04 13:00:00-04:00,7755.25,7763.25,7754.25,7763.0,18466
2026-08-04 13:05:00-04:00,7763.0,7765.75,7759.75,7763.0,15277
2026-08-04 13:10:00-04:00,7763.0,7765.0,7761.75,7764.75,9389
2026-08-04 13:15:00-04:00,7765.0,7769.0,7765.0,7766.25,12919
2026-08-04 13:20:00-04:00,7766.25,7766.75,7762.0,7764.75,11229
2026-08-04 13:25:00-04:00,7764.75,7767.5,7764.0,7765.5,8575
2026-08-04 13:30:00-04:00,7765.5,7766.5,7762.0,7766.0,8978
2026-08-04 13:35:00-04:00,7766.0,7771.75,7765.75,7771.25,9690
2026-08-04 13:40:00-04:00,7771.0,7776.0,7771.0,7775.75,11040
2026-08-04 13:45:00-04:00,7776.0,7783.75,7776.0,7779.75,16511
2026-08-04 13:50:00-04:00,7779.75,7780.0,7768.5,7771.0,19501
2026-08-04 13:55:00-04:00,7771.25,7774.0,7768.0,7768.25,11341
2026-08-04 14:00:00-04:00,7768.25,7772.5,7763.5,7765.5,23938
2026-08-04 14:05:00-04:00,7765.75,7772.25,7765.0,7770.75,11251
2026-08-04 14:10:00-04:00,7770.5,7774.75,7769.25,7774.25,9301
2026-08-04 14:15:00-04:00,7774.25,7776.25,7771.75,7773.0,8402
2026-08-04 14:20:00-04:00,7773.25,7777.0,7772.75,7773.75,11213
2026-08-04 14:25:00-04:00,7773.5,7776.0,7772.25,7776.0,6463
2026-08-04 14:30:00-04:00,7776.0,7777.25,7773.0,7774.0,7569
2026-08-04 14:35:00-04:00,7773.75,7775.5,7769.75,7771.0,10407
2026-08-04 14:40:00-04:00,7770.75,7771.0,7766.0,7769.25,11784
2026-08-04 14:45:00-04:00,7769.5,7775.0,7769.25,7772.75,11308
2026-08-04 14:50:00-04:00,7772.75,7775.0,7771.25,7772.0,8761
2026-08-04 14:55:00-04:00,7772.0,7773.5,7771.25,7773.0,8238
2026-08-04 15:00:00-04:00,7773.0,7782.0,7772.75,7779.75,17084
2026-08-04 15:05:00-04:00,7780.0,7782.5,7777.5,7782.25,11174
2026-08-04 15:10:00-04:00,7782.0,7782.5,7779.25,7780.75,9617
2026-08-04 15:15:00-04:00,7780.75,7782.75,7779.5,7782.0,8683
2026-08-04 15:20:00-04:00,7782.0,7783.0,7779.0,7780.25,9035
2026-08-04 15:25:00-04:00,7780.25,7781.25,7773.0,7775.0,13866
2026-08-04 15:30:00-04:00,7775.0,7778.25,7773.0,7777.75,13541
2026-08-04 15:35:00-04:00,7777.5,7780.75,7774.75,7779.5,12718
2026-08-04 15:40:00-04:00,7779.25,7785.25,7779.25,7784.25,14429
2026-08-04 15:45:00-04:00,7784.25,7786.0,7779.25,7780.75,14250
2026-08-04 15:50:00-04:00,7780.75,7782.5,7769.0,7769.25,38211
2026-08-04 15:55:00-04:00,7769.25,7775.5,7761.25,7764.75,130611
2026-08-04 16:00:00-04:00,7763.75,7775.0,7763.75,7774.25,34129
2026-08-04 16:05:00-04:00,7774.25,7781.25,7774.0,7774.75,10190
2026-08-04 16:10:00-04:00,7774.5,7775.5,7771.0,7773.75,6515
2026-08-04 16:15:00-04:00,7773.25,7773.25,7761.25,7764.0,10372
2026-08-04 16:20:00-04:00,7764.0,7771.0,7763.75,7767.0,3950
2026-08-04 16:25:00-04:00,7767.25,7771.5,7765.25,7767.0,3199
2026-08-04 16:30:00-04:00,7766.75,7769.25,7765.0,7766.75,1401
2026-08-04 16:35:00-04:00,7766.75,7768.75,7765.5,7766.5,1557
2026-08-04 16:40:00-04:00,7766.75,7773.25,7766.25,7771.0,2137
2026-08-04 16:45:00-04:00,7771.0,7774.75,7770.5,7773.75,2026
2026-08-04 16:50:00-04:00,7773.75,7773.75,7770.5,7772.5,1664
2026-08-04 16:55:00-04:00,7772.5,7775.5,7772.0,7774.5,2981
2026-08-04 18:00:00-04:00,7772.0,7775.0,7771.0,7773.25,0
2026-08-04 18:05:00-04:00,7773.5,7778.75,7773.5,7776.0,1443
2026-08-04 18:10:00-04:00,7776.0,7778.25,7775.5,7778.25,664
2026-08-04 18:15:00-04:00,7778.0,7780.0,7777.5,7779.5,923
2026-08-04 18:20:00-04:00,7779.75,7781.5,7777.75,7777.75,877
2026-08-04 18:25:00-04:00,7778.0,7781.0,7777.5,7780.25,508
2026-08-04 18:30:00-04:00,7780.25,7782.75,7779.25,7781.75,754
2026-08-04 18:35:00-04:00,7781.5,7783.25,7780.0,7780.75,585
2026-08-04 18:40:00-04:00,7781.0,7781.0,7777.75,7778.0,456
2026-08-04 18:45:00-04:00,7778.25,7779.75,7777.5,7778.0,663
2026-08-04 18:50:00-04:00,7778.0,7779.25,7777.5,7778.5,352
2026-08-04 18:55:00-04:00,7778.5,7780.75,7778.25,7780.75,260
2026-08-04 19:00:00-04:00,7780.75,7782.75,7778.75,7782.25,704
2026-08-04 19:05:00-04:00,7782.0,7782.75,7781.75,7782.25,415
2026-08-04 19:10:00-04:00,7782.0,7782.75,7781.25,7782.0,424
2026-08-04 19:15:00-04:00,7782.0,7782.5,7782.0,7782.5,151
2026-08-04 19:20:00-04:00,7782.5,7782.5,7780.5,7780.5,216
2026-08-04 19:25:00-04:00,7780.5,7780.5,7779.0,7779.5,321
2026-08-04 19:30:00-04:00,7779.5,7779.5,7776.25,7776.5,659
2026-08-04 19:35:00-04:00,7776.5,7777.5,7775.75,7776.75,515
2026-08-04 19:40:00-04:00,7776.75,7780.0,7776.5,7779.25,992
2026-08-04 19:45:00-04:00,7779.25,7781.25,7777.5,7778.5,825
2026-08-04 19:50:00-04:00,7778.75,7780.5,7777.25,7778.25,529
2026-08-04 19:55:00-04:00,7778.25,7780.5,7777.5,7777.5,480
2026-08-04 20:00:00-04:00,7777.25,7779.75,7776.0,7778.25,1106
2026-08-04 20:05:00-04:00,7778.5,7780.5,7777.25,7777.75,808
2026-08-04 20:10:00-04:00,7777.75,7780.5,7777.5,7780.25,530
2026-08-04 20:15:00-04:00,7780.25,7780.5,7778.75,7780.0,655
2026-08-04 20:20:00-04:00,7780.0,7783.25,7778.5,7782.25,841
2026-08-04 20:25:00-04:00,7782.25,7783.75,7781.5,7783.25,600
2026-08-04 20:30:00-04:00,7783.5,7785.5,7783.25,7784.0,894
2026-08-04 20:35:00-04:00,7784.25,7784.5,7780.5,7782.0,729
2026-08-04 20:40:00-04:00,7782.0,7782.75,7780.25,7780.5,491
2026-08-04 20:45:00-04:00,7780.5,7781.5,7779.0,7780.75,665
2026-08-04 20:50:00-04:00,7781.0,7784.25,7779.75,7783.0,734
2026-08-04 20:55:00-04:00,7783.25,7784.25,7782.5,7784.25,490
2026-08-04 21:00:00-04:00,7784.25,7784.5,7778.5,7780.25,1189
2026-08-04 21:05:00-04:00,7780.25,7782.75,7780.25,7782.75,525
2026-08-04 21:10:00-04:00,7783.0,7784.0,7781.75,7782.25,392
2026-08-04 21:15:00-04:00,7782.25,7782.5,7778.75,7779.0,847
2026-08-04 21:20:00-04:00,7779.25,7780.25,7778.25,7778.75,739
2026-08-04 21:25:00-04:00,7778.75,7779.5,7777.75,7779.0,504
2026-08-04 21:30:00-04:00,7779.0,7780.75,7778.5,7779.5,728
2026-08-04 21:35:00-04:00,7779.75,7783.5,7779.25,7783.5,645
2026-08-04 21:40:00-04:00,7783.5,7783.75,7781.25,7782.5,461
2026-08-04 21:45:00-04:00,7782.25,7784.75,7782.25,7784.5,1137
2026-08-04 21:50:00-04:00,7784.5,7784.75,7783.5,7784.0,741
2026-08-04 21:55:00-04:00,7784.25,7786.0,7783.5,7784.25,793
2026-08-04 22:00:00-04:00,7784.5,7787.0,7783.75,7784.0,1851
2026-08-04 22:05:00-04:00,7784.0,7785.75,7783.0,7785.25,530
2026-08-04 22:10:00-04:00,7785.25,7786.25,7784.5,7785.5,359
2026-08-04 22:15:00-04:00,7785.75,7787.0,7784.75,7786.75,486
2026-08-04 22:20:00-04:00,7787.0,7787.0,7785.0,7785.25,721
2026-08-04 22:25:00-04:00,7785.25,7786.0,7784.0,7785.25,380
2026-08-04 22:30:00-04:00,7785.0,7785.75,7783.75,7785.75,578
2026-08-04 22:35:00-04:00,7785.75,7786.0,7784.5,7784.5,464
2026-08-04 22:40:00-04:00,7784.5,7786.5,7784.25,7786.5,625
2026-08-04 22:45:00-04:00,7786.5,7788.5,7786.0,7787.5,831
2026-08-04 22:50:00-04:00,7787.25,7788.75,7787.0,7788.0,996
2026-08-04 22:55:00-04:00,7788.25,7788.25,7786.75,7786.75,593
2026-08-04 23:00:00-04:00,7786.75,7789.75,7786.5,7789.25,1231
2026-08-04 23:05:00-04:00,7789.25,7791.0,7789.0,7790.0,1164
2026-08-04 23:10:00-04:00,7790.0,7792.0,7789.75,7790.75,1254
2026-08-04 23:15:00-04:00,7790.75,7792.5,7790.75,7791.0,860
2026-08-04 23:20:00-04:00,7791.0,7792.0,7788.75,7789.0,519
2026-08-04 23:25:00-04:00,7789.0,7789.0,7787.25,7787.5,545
2026-08-04 23:30:00-04:00,7787.5,7788.5,7786.5,7788.5,489
2026-08-04 23:35:00-04:00,7788.25,7791.0,7788.25,7790.5,511
2026-08-04 23:40:00-04:00,7790.75,7791.5,7790.25,7791.25,410
2026-08-04 23:45:00-04:00,7791.25,7792.0,7789.5,7790.5,476
2026-08-04 23:50:00-04:00,7790.75,7792.0,7790.25,7791.5,371
2026-08-04 23:55:00-04:00,7791.5,7792.0,7791.25,7792.0,166
2026-08-05 00:05:00-04:00,7792.75,7792.75,7792.25,7792.5,855
2026-08-05 00:10:00-04:00,7792.5,7792.75,7790.5,7790.75,870
2026-08-05 00:15:00-04:00,7791.0,7791.0,7789.5,7789.75,474
2026-08-05 00:20:00-04:00,7790.0,7790.0,7788.25,7788.5,408
2026-08-05 00:25:00-04:00,7788.75,7789.5,7788.25,7789.5,342
2026-08-05 00:30:00-04:00,7789.25,7791.0,7789.0,7790.75,362
2026-08-05 00:35:00-04:00,7790.75,7791.5,7790.75,7791.0,337
2026-08-05 00:40:00-04:00,7791.25,7792.0,7791.25,7791.5,340
2026-08-05 00:45:00-04:00,7791.25,7791.75,7790.75,7791.0,302
2026-08-05 00:50:00-04:00,7790.75,7791.0,7789.25,7790.75,301
2026-08-05 00:55:00-04:00,7791.0,7792.5,7790.75,7791.25,344
2026-08-05 01:00:00-04:00,7791.25,7792.25,7790.5,7791.5,465
2026-08-05 01:05:00-04:00,7791.75,7794.25,7791.5,7793.5,597
2026-08-05 01:10:00-04:00,7793.5,7795.5,7793.5,7794.75,694
2026-08-05 01:15:00-04:00,7794.75,7795.5,7794.25,7795.0,476
2026-08-05 01:20:00-04:00,7795.25,7795.75,7794.75,7795.5,283
2026-08-05 01:25:00-04:00,7795.25,7796.25,7794.0,7794.0,518
2026-08-05 01:30:00-04:00,7794.25,7795.0,7793.25,7794.25,896
2026-08-05 01:35:00-04:00,7794.25,7795.0,7793.75,7794.25,427
2026-08-05 01:40:00-04:00,7794.25,7796.25,7793.75,7796.25,375
2026-08-05 01:45:00-04:00,7796.0,7797.0,7795.75,7796.75,374
2026-08-05 01:50:00-04:00,7797.0,7799.0,7796.5,7799.0,953
2026-08-05 01:55:00-04:00,7799.0,7800.0,7798.5,7798.75,888
2026-08-05 02:00:00-04:00,7798.5,7799.0,7797.25,7797.75,770
2026-08-05 02:05:00-04:00,7797.75,7799.25,7797.0,7799.0,476
2026-08-05 02:10:00-04:00,7799.0,7799.5,7798.5,7798.75,642
2026-08-05 02:15:00-04:00,7798.75,7798.75,7796.75,7797.0,641
2026-08-05 02:20:00-04:00,7797.25,7797.5,7793.25,7794.0,1143
2026-08-05 02:25:00-04:00,7794.0,7794.25,7791.0,7792.75,1249
2026-08-05 02:30:00-04:00,7792.75,7795.5,7792.5,7795.25,1270
2026-08-05 02:35:00-04:00,7795.0,7796.0,7794.5,7795.25,604
2026-08-05 02:40:00-04:00,7795.0,7795.5,7793.75,7794.25,518
2026-08-05 02:45:00-04:00,7794.5,7795.75,7794.0,7795.5,480
2026-08-05 02:50:00-04:00,7795.5,7795.75,7794.0,7794.5,616
2026-08-05 02:55:00-04:00,7794.25,7798.25,7794.25,7798.0,862
2026-08-05 03:00:00-04:00,7798.25,7799.5,7795.5,7795.75,2759
2026-08-05 03:05:00-04:00,7796.0,7797.75,7794.5,7794.75,1346
2026-08-05 03:10:00-04:00,7794.75,7795.0,7792.25,7793.75,1045
2026-08-05 03:15:00-04:00,7794.0,7794.75,7792.75,7793.75,1143
2026-08-05 03:20:00-04:00,7793.25,7794.25,7792.5,7792.75,766
2026-08-05 03:25:00-04:00,7792.75,7793.0,7790.75,7790.75,1246
2026-08-05 03:30:00-04:00,7790.75,7792.25,7788.75,7789.25,1591
2026-08-05 03:35:00-04:00,7789.25,7791.25,7788.0,7791.0,1324
2026-08-05 03:40:00-04:00,7791.25,7792.25,7790.25,7791.0,1091
2026-08-05 03:45:00-04:00,7790.75,7792.75,7790.0,7791.5,1337
2026-08-05 03:50:00-04:00,7791.25,7792.25,7790.0,7790.75,871
2026-08-05 03:55:00-04:00,7790.75,7793.0,7790.75,7793.0,1024
2026-08-05 04:00:00-04:00,7792.75,7796.5,7792.0,7796.25,1926
2026-08-05 04:05:00-04:00,7796.0,7796.75,7792.25,7793.0,1488
2026-08-05 04:10:00-04:00,7792.5,7793.0,7786.25,7787.75,2358
2026-08-05 04:15:00-04:00,7788.0,7789.25,7786.5,7787.0,1845
2026-08-05 04:20:00-04:00,7787.25,7787.75,7783.0,7783.5,2073
2026-08-05 04:25:00-04:00,7783.25,7785.5,7782.25,7785.0,1613
2026-08-05 04:30:00-04:00,7785.25,7785.5,7781.75,7782.75,1146
2026-08-05 04:35:00-04:00,7783.0,7785.5,7781.5,7782.75,1960
2026-08-05 04:40:00-04:00,7782.75,7783.75,7780.25,7782.5,2602
2026-08-05 04:45:00-04:00,7782.75,7783.25,7780.25,7783.25,1917
2026-08-05 04:50:00-04:00,7783.25,7784.25,7781.75,7782.0,1462
2026-08-05 04:55:00-04:00,7782.25,7785.0,7781.75,7784.25,1243
2026-08-05 05:00:00-04:00,7784.25,7785.75,7782.5,7784.5,993
2026-08-05 05:05:00-04:00,7784.5,7787.0,7784.5,7786.75,744
2026-08-05 05:10:00-04:00,7786.75,7787.5,7785.75,7785.75,953
2026-08-05 05:15:00-04:00,7785.75,7786.25,7784.0,7785.25,992
2026-08-05 05:20:00-04:00,7785.5,7788.0,7785.25,7787.75,1327
2026-08-05 05:25:00-04:00,7787.5,7788.75,7786.5,7788.75,1199
2026-08-05 05:30:00-04:00,7788.75,7791.25,7788.5,7791.25,1474
2026-08-05 05:35:00-04:00,7791.25,7792.0,7789.25,7789.75,1391
2026-08-05 05:40:00-04:00,7789.75,7790.5,7788.5,7790.25,1178
2026-08-05 05:45:00-04:00,7790.0,7790.75,7787.25,7787.5,1230
2026-08-05 05:50:00-04:00,7787.75,7789.5,7787.5,7789.25,464
2026-08-05 05:55:00-04:00,7789.25,7789.75,7788.25,7788.5,707
2026-08-05 06:00:00-04:00,7788.5,7789.75,7788.0,7789.0,729
2026-08-05 06:05:00-04:00,7789.25,7790.0,7788.5,7789.5,801
2026-08-05 06:10:00-04:00,7789.5,7789.75,7787.5,7789.0,932
2026-08-05 06:15:00-04:00,7788.75,7793.0,7788.25,7791.0,1124
2026-08-05 06:20:00-04:00,7791.0,7792.25,7790.0,7792.0,524
2026-08-05 06:25:00-04:00,7791.75,7793.5,7791.25,7793.0,760
2026-08-05 06:30:00-04:00,7793.0,7794.5,7791.75,7794.25,1372
2026-08-05 06:35:00-04:00,7794.25,7795.0,7792.75,7793.0,990
2026-08-05 06:40:00-04:00,7792.75,7793.5,7792.25,7793.0,880
2026-08-05 06:45:00-04:00,7793.25,7797.0,7792.5,7794.0,2845
2026-08-05 06:50:00-04:00,7793.75,7798.0,7793.25,7797.5,1037
2026-08-05 06:55:00-04:00,7797.75,7797.75,7796.0,7797.5,916
2026-08-05 07:00:00-04:00,7797.5,7798.0,7795.25,7796.0,2227
2026-08-05 07:05:00-04:00,7796.25,7799.0,7795.25,7798.75,929
2026-08-05 07:10:00-04:00,7798.75,7799.0,7795.75,7797.5,949
2026-08-05 07:15:00-04:00,7797.75,7798.5,7797.0,7797.5,661
2026-08-05 07:20:00-04:00,7797.75,7798.5,7797.0,7798.25,766
2026-08-05 07:25:00-04:00,7798.5,7799.75,7794.5,7794.5,1556
2026-08-05 07:30:00-04:00,7794.5,7798.0,7793.25,7797.75,1893
2026-08-05 07:35:00-04:00,7797.5,7798.0,7795.75,7796.5,871
2026-08-05 07:40:00-04:00,7796.75,7797.25,7794.5,7794.5,1041
2026-08-05 07:45:00-04:00,7794.25,7797.25,7792.5,7797.0,1500
2026-08-05 07:50:00-04:00,7797.0,7798.25,7795.5,7796.25,1683
2026-08-05 07:55:00-04:00,7796.25,7798.25,7796.0,7798.0,895
2026-08-05 08:00:00-04:00,7798.0,7801.75,7797.5,7799.5,3466
2026-08-05 08:05:00-04:00,7799.5,7800.5,7798.25,7798.5,1953
2026-08-05 08:10:00-04:00,7798.75,7802.75,7798.25,7800.5,1452
2026-08-05 08:15:00-04:00,7800.5,7802.75,7799.25,7801.75,2291
2026-08-05 08:20:00-04:00,7801.75,7804.0,7801.25,7802.75,2628
2026-08-05 08:25:00-04:00,7803.0,7805.25,7801.5,7803.0,3582
2026-08-05 08:30:00-04:00,7803.25,7804.5,7795.5,7801.25,4250
2026-08-05 08:35:00-04:00,7801.25,7804.25,7801.25,7801.5,2582
2026-08-05 08:40:00-04:00,7801.75,7802.75,7800.5,7802.5,1269
2026-08-05 08:45:00-04:00,7802.25,7803.25,7799.75,7802.75,2124
2026-08-05 08:50:00-04:00,7802.5,7802.75,7799.75,7800.0,1307
2026-08-05 08:55:00-04:00,7799.75,7801.25,7798.5,7799.5,1499
2026-08-05 09:00:00-04:00,7799.5,7804.25,7799.25,7803.5,2034
2026-08-05 09:05:00-04:00,7803.5,7808.25,7803.25,7807.75,3117
2026-08-05 09:10:00-04:00,7807.5,7808.5,7805.75,7806.5,2437
2026-08-05 09:15:00-04:00,7806.25,7807.25,7804.5,7805.75,3178
2026-08-05 09:20:00-04:00,7805.75,7806.25,7803.0,7804.0,2177
2026-08-05 09:25:00-04:00,7803.75,7810.25,7803.75,7809.5,7219
2026-08-05 09:30:00-04:00,7809.5,7819.5,7804.0,7813.75,43959
2026-08-05 09:35:00-04:00,7813.75,7820.25,7804.5,7817.25,35173
2026-08-05 09:40:00-04:00,7817.25,7820.25,7810.25,7817.0,25722
2026-08-05 09:45:00-04:00,7817.0,7818.5,7804.75,7805.75,28351
2026-08-05 09:50:00-04:00,7805.75,7811.0,7795.0,7811.0,28469
2026-08-05 09:55:00-04:00,7810.5,7819.5,7805.5,7819.25,21219
2026-08-05 10:00:00-04:00,7818.75,7818.75,7801.0,7810.0,27166
2026-08-05 10:05:00-04:00,7810.0,7817.75,7808.0,7812.5,22788
2026-08-05 10:10:00-04:00,7812.75,7817.25,7809.75,7814.0,16183
2026-08-05 10:15:00-04:00,7813.75,7816.75,7808.25,7808.75,14983
2026-08-05 10:20:00-04:00,7808.75,7810.25,7799.25,7809.5,22221
2026-08-05 10:25:00-04:00,7809.5,7814.25,7799.25,7799.75,18755
2026-08-05 10:30:00-04:00,7799.75,7802.5,7794.0,7798.25,28667
2026-08-05 10:35:00-04:00,7798.0,7800.75,7790.25,7791.25,20334
2026-08-05 10:40:00-04:00,7791.0,7796.25,7788.0,7792.25,26307
2026-08-05 10:45:00-04:00,7792.0,7799.25,7790.25,7798.0,16432
2026-08-05 10:50:00-04:00,7797.75,7800.5,7776.0,7783.25,32923
2026-08-05 10:55:00-04:00,7783.0,7789.25,7778.75,7786.25,18997
2026-08-05 11:00:00-04:00,7786.5,7791.5,7784.75,7787.75,17997
2026-08-05 11:05:00-04:00,7788.0,7790.5,7783.0,7788.0,16124
2026-08-05 11:10:00-04:00,7788.0,7791.25,7781.75,7782.5,13934
2026-08-05 11:15:00-04:00,7782.25,7783.5,7761.0,7775.75,29222
2026-08-05 11:20:00-04:00,7775.75,7778.5,7772.25,7773.25,14146
2026-08-05 11:25:00-04:00,7773.5,7774.25,7766.75,7768.75,17510
2026-08-05 11:30:00-04:00,7768.75,7777.25,7768.25,7770.25,13296
2026-08-05 11:35:00-04:00,7770.5,7774.5,7769.5,7772.75,9838
2026-08-05 11:40:00-04:00,7773.0,7774.0,7768.25,7771.5,9806
2026-08-05 11:45:00-04:00,7771.5,7771.5,7764.25,7764.75,14793
2026-08-05 11:50:00-04:00,7764.75,7767.5,7762.75,7764.0,14842
2026-08-05 11:55:00-04:00,7763.75,7764.25,7754.5,7758.0,18072
2026-08-05 12:00:00-04:00,7757.75,7762.0,7752.0,7760.0,17456
2026-08-05 12:05:00-04:00,7760.25,7760.25,7750.5,7754.0,15205
2026-08-05 12:10:00-04:00,7754.0,7756.25,7750.5,7756.0,9732
2026-08-05 12:15:00-04:00,7756.0,7763.0,7753.75,7757.75,12726
2026-08-05 12:20:00-04:00,7757.5,7770.0,7757.0,7762.0,20761
2026-08-05 12:25:00-04:00,7762.0,7772.5,7762.0,7772.25,14226
2026-08-05 12:30:00-04:00,7772.25,7773.75,7763.25,7768.25,13282
2026-08-05 12:35:00-04:00,7768.25,7769.75,7764.75,7766.75,8258
2026-08-05 12:40:00-04:00,7766.75,7771.25,7765.25,7767.25,8028
2026-08-05 12:45:00-04:00,7767.25,7768.75,7764.0,7765.5,7466
2026-08-05 12:50:00-04:00,7765.25,7772.0,7764.75,7771.25,10553
2026-08-05 12:55:00-04:00,7771.25,7773.0,7768.0,7769.5,10531
2026-08-05 13:00:00-04:00,7769.75,7773.0,7764.25,7765.5,8884
2026-08-05 13:05:00-04:00,7765.25,7767.5,7762.25,7764.75,10276
2026-08-05 13:10:00-04:00,7764.75,7769.25,7762.0,7766.5,7769
2026-08-05 13:15:00-04:00,7766.25,7769.5,7763.5,7765.0,7448
2026-08-05 13:20:00-04:00,7765.0,7766.0,7761.75,7765.75,5661
2026-08-05 13:25:00-04:00,7765.75,7769.5,7764.0,7764.75,6284
2026-08-05 13:30:00-04:00,7764.75,7768.75,7762.25,7767.5,6915
2026-08-05 13:35:00-04:00,7767.5,7769.5,7766.25,7768.0,5168
2026-08-05 13:40:00-04:00,7768.25,7771.75,7768.0,7768.75,6184
2026-08-05 13:45:00-04:00,7768.75,7771.0,7765.0,7770.0,6189
2026-08-05 13:50:00-04:00,7770.25,7771.75,7767.5,7768.0,5295
2026-08-05 13:55:00-04:00,7768.0,7769.75,7766.0,7767.0,5469
2026-08-05 14:00:00-04:00,7767.0,7773.75,7766.75,7773.0,7606
2026-08-05 14:05:00-04:00,7772.75,7774.5,7768.5,7770.75,9084
2026-08-05 14:10:00-04:00,7771.0,7773.0,7769.25,7769.5,5061
2026-08-05 14:15:00-04:00,7769.25,7772.75,7768.5,7772.0,4959
2026-08-05 14:20:00-04:00,7772.0,7772.25,7769.0,7770.25,4716
2026-08-05 14:25:00-04:00,7770.25,7772.75,7769.5,7771.0,5009
2026-08-05 14:30:00-04:00,7771.0,7771.0,7763.25,7765.5,9471
2026-08-05 14:35:00-04:00,7765.25,7768.75,7765.0,7766.5,4878
2026-08-05 14:40:00-04:00,7766.5,7768.5,7765.5,7767.75,4514
2026-08-05 14:45:00-04:00,7767.5,7771.5,7767.0,7770.0,5336
2026-08-05 14:50:00-04:00,7770.0,7771.5,7768.25,7769.25,4853
2026-08-05 14:55:00-04:00,7769.25,7769.5,7765.0,7765.5,6616
2026-08-05 15:00:00-04:00,7765.5,7767.75,7764.0,7767.75,8775
2026-08-05 15:05:00-04:00,7767.75,7770.0,7766.75,7768.5,6612
2026-08-05 15:10:00-04:00,7768.5,7769.5,7766.5,7768.75,7973
2026-08-05 15:15:00-04:00,7769.0,7770.75,7768.0,7770.0,6753
2026-08-05 15:20:00-04:00,7770.0,7771.5,7767.75,7770.0,7806
2026-08-05 15:25:00-04:00,7770.0,7771.0,7768.75,7769.25,7051
2026-08-05 15:30:00-04:00,7769.25,7770.0,7764.75,7766.75,10300
2026-08-05 15:35:00-04:00,7766.5,7766.5,7763.5,7764.25,9262
2026-08-05 15:40:00-04:00,7764.25,7767.5,7763.75,7766.25,8873
2026-08-05 15:45:00-04:00,7766.25,7767.75,7763.0,7766.25,12240
2026-08-05 15:50:00-04:00,7766.25,7768.5,7764.5,7766.0,17384
2026-08-05 15:55:00-04:00,7766.0,7767.25,7745.75,7748.25,104292
2026-08-05 16:00:00-04:00,7748.25,7754.25,7746.75,7753.25,30651
2026-08-05 16:05:00-04:00,7753.5,7755.0,7748.5,7754.5,10880
2026-08-05 16:10:00-04:00,7754.25,7760.5,7753.5,7759.5,6133
2026-08-05 16:15:00-04:00,7759.75,7760.5,7754.75,7755.0,4160
2026-08-05 16:20:00-04:00,7755.0,7758.75,7755.0,7757.75,1963
2026-08-05 16:25:00-04:00,7757.75,7757.75,7756.0,7757.25,1277
2026-08-05 16:30:00-04:00,7757.25,7760.5,7756.5,7760.25,1696
2026-08-05 16:35:00-04:00,7760.25,7760.5,7758.5,7759.0,1385
2026-08-05 16:40:00-04:00,7759.0,7761.25,7758.5,7761.25,1392
2026-08-05 16:45:00-04:00,7761.25,7761.75,7758.75,7759.75,1360
2026-08-05 16:50:00-04:00,7759.75,7760.0,7758.5,7760.0,905
2026-08-05 16:55:00-04:00,7760.0,7760.75,7758.0,7758.75,1603
2026-08-05 18:00:00-04:00,7756.75,7761.0,7756.75,7759.5,0
2026-08-05 18:05:00-04:00,7759.0,7760.0,7757.0,7758.25,811
2026-08-05 18:10:00-04:00,7758.0,7758.75,7756.75,7758.25,438
2026-08-05 18:15:00-04:00,7758.25,7761.75,7758.0,7761.25,490
2026-08-05 18:20:00-04:00,7761.5,7767.5,7761.5,7767.25,1100
2026-08-05 18:25:00-04:00,7767.25,7767.5,7766.0,7767.0,611
2026-08-05 18:30:00-04:00,7766.75,7770.75,7766.0,7770.75,992
2026-08-05 18:35:00-04:00,7770.5,7770.75,7769.25,7769.5,374
2026-08-05 18:40:00-04:00,7769.5,7769.5,7768.5,7768.75,245
2026-08-05 18:45:00-04:00,7769.0,7770.75,7767.75,7768.0,407
2026-08-05 18:50:00-04:00,7767.75,7768.0,7764.75,7765.5,666
2026-08-05 18:55:00-04:00,7765.25,7765.5,7764.0,7764.25,373
2026-08-05 19:00:00-04:00,7764.25,7765.0,7762.75,7764.25,338
2026-08-05 19:05:00-04:00,7764.0,7765.5,7763.75,7764.75,214
2026-08-05 19:10:00-04:00,7764.5,7766.5,7764.25,7766.25,208
2026-08-05 19:15:00-04:00,7766.0,7766.0,7765.0,7765.5,175
2026-08-05 19:20:00-04:00,7765.25,7766.5,7765.25,7765.75,204
2026-08-05 19:25:00-04:00,7766.0,7767.75,7765.5,7765.75,248
2026-08-05 19:30:00-04:00,7765.5,7766.75,7763.0,7763.25,478
2026-08-05 19:35:00-04:00,7763.0,7765.25,7761.75,7763.75,707
2026-08-05 19:40:00-04:00,7764.0,7765.0,7762.75,7763.5,199
2026-08-05 19:45:00-04:00,7763.0,7763.5,7760.0,7761.25,804
2026-08-05 19:50:00-04:00,7761.25,7762.5,7761.0,7761.75,315
2026-08-05 19:55:00-04:00,7762.0,7762.25,7760.25,7761.75,455
2026-08-05 20:00:00-04:00,7762.0,7763.25,7757.75,7761.5,1458
2026-08-05 20:05:00-04:00,7761.75,7762.75,7760.0,7761.5,788
2026-08-05 20:10:00-04:00,7761.5,7761.75,7757.75,7760.25,689
2026-08-05 20:15:00-04:00,7760.0,7760.75,7756.75,7760.75,769
2026-08-05 20:20:00-04:00,7760.75,7762.5,7759.5,7762.25,533
2026-08-05 20:25:00-04:00,7762.25,7762.5,7757.25,7758.0,548
2026-08-05 20:30:00-04:00,7758.25,7759.75,7757.75,7759.25,481
2026-08-05 20:35:00-04:00,7759.5,7760.25,7758.25,7759.25,332
2026-08-05 20:40:00-04:00,7759.25,7762.0,7759.25,7760.0,566
2026-08-05 20:45:00-04:00,7760.25,7761.25,7758.75,7759.5,372
2026-08-05 20:50:00-04:00,7759.5,7759.5,7757.5,7757.75,365
2026-08-05 20:55:00-04:00,7757.75,7758.75,7757.0,7757.0,430
2026-08-05 21:00:00-04:00,7757.0,7757.5,7754.5,7754.75,1431
2026-08-05 21:05:00-04:00,7755.0,7755.75,7753.5,7755.0,967
2026-08-05 21:10:00-04:00,7754.75,7755.75,7752.75,7755.0,1069
2026-08-05 21:15:00-04:00,7755.0,7755.0,7751.5,7752.25,928
2026-08-05 21:20:00-04:00,7752.0,7752.0,7750.0,7751.0,1074
2026-08-05 21:25:00-04:00,7751.0,7751.25,7748.0,7749.75,1328
2026-08-05 21:30:00-04:00,7749.75,7754.25,7749.5,7751.75,1052
2026-08-05 21:35:00-04:00,7752.0,7753.75,7750.75,7753.5,622
2026-08-05 21:40:00-04:00,7753.25,7753.25,7750.0,7750.75,867
2026-08-05 21:45:00-04:00,7750.75,7755.5,7750.25,7755.25,1175
2026-08-05 21:50:00-04:00,7755.25,7756.0,7753.75,7755.75,747
2026-08-05 21:55:00-04:00,7755.5,7756.5,7754.25,7755.0,481
2026-08-05 22:00:00-04:00,7755.0,7758.5,7755.0,7758.0,1213
2026-08-05 22:05:00-04:00,7758.25,7761.75,7758.25,7761.5,954
2026-08-05 22:10:00-04:00,7761.25,7763.75,7759.25,7761.0,867
2026-08-05 22:15:00-04:00,7761.0,7761.75,7759.5,7760.75,377
2026-08-05 22:20:00-04:00,7761.0,7763.75,7760.75,7762.5,496
2026-08-05 22:25:00-04:00,7762.5,7762.75,7760.0,7760.5,341
2026-08-05 22:30:00-04:00,7760.0,7763.5,7758.5,7762.5,498
2026-08-05 22:35:00-04:00,7762.5,7762.75,7761.0,7762.5,256
2026-08-05 22:40:00-04:00,7762.25,7767.25,7762.25,7767.25,890
2026-08-05 22:45:00-04:00,7767.0,7768.0,7765.25,7766.5,908
2026-08-05 22:50:00-04:00,7766.75,7766.75,7764.75,7765.5,480
2026-08-05 22:55:00-04:00,7765.25,7765.25,7763.75,7765.0,364
2026-08-05 23:00:00-04:00,7765.0,7767.25,7764.0,7767.25,402
2026-08-05 23:05:00-04:00,7767.25,7767.25,7764.5,7765.25,316
2026-08-05 23:10:00-04:00,7765.25,7766.25,7765.0,7765.0,303
2026-08-05 23:15:00-04:00,7765.0,7765.75,7763.0,7763.0,372
2026-08-05 23:20:00-04:00,7763.25,7763.75,7761.5,7761.5,441
2026-08-05 23:25:00-04:00,7761.75,7761.75,7760.0,7760.75,338
2026-08-05 23:30:00-04:00,7760.75,7762.0,7759.0,7760.75,384
2026-08-05 23:35:00-04:00,7761.0,7762.75,7760.5,7762.0,306
2026-08-05 23:40:00-04:00,7762.0,7763.0,7760.75,7761.75,231
2026-08-05 23:45:00-04:00,7761.5,7763.5,7761.25,7762.5,258
2026-08-05 23:50:00-04:00,7762.75,7763.25,7759.25,7760.5,301
2026-08-05 23:55:00-04:00,7760.25,7762.25,7760.0,7761.75,265
2026-08-06 00:05:00-04:00,7763.0,7763.0,7762.25,7762.5,740
2026-08-06 00:10:00-04:00,7762.25,7763.0,7761.0,7761.25,235
2026-08-06 00:15:00-04:00,7761.25,7763.25,7761.0,7762.0,198
2026-08-06 00:20:00-04:00,7762.0,7764.25,7762.0,7764.0,247
2026-08-06 00:25:00-04:00,7764.25,7765.0,7763.5,7763.75,339
2026-08-06 00:30:00-04:00,7763.75,7765.25,7761.75,7762.25,268
2026-08-06 00:35:00-04:00,7762.75,7763.25,7760.0,7760.5,176
2026-08-06 00:40:00-04:00,7760.5,7761.25,7759.75,7760.75,180
2026-08-06 00:45:00-04:00,7760.75,7761.75,7760.0,7760.5,126
2026-08-06 00:50:00-04:00,7760.75,7762.75,7760.75,7762.75,221
2026-08-06 00:55:00-04:00,7762.75,7763.0,7761.75,7763.0,143
2026-08-06 01:00:00-04:00,7763.0,7764.75,7761.5,7763.75,307
2026-08-06 01:05:00-04:00,7763.75,7765.5,7763.25,7764.5,266
2026-08-06 01:10:00-04:00,7764.25,7764.5,7762.5,7763.5,357
2026-08-06 01:15:00-04:00,7763.75,7764.5,7761.25,7763.25,617
2026-08-06 01:20:00-04:00,7763.5,7765.25,7763.25,7763.75,639
2026-08-06 01:25:00-04:00,7763.5,7764.25,7763.0,7763.75,130
2026-08-06 01:30:00-04:00,7763.75,7764.0,7761.5,7762.0,233
2026-08-06 01:35:00-04:00,7762.0,7763.5,7761.25,7762.0,222
2026-08-06 01:40:00-04:00,7762.0,7764.5,7761.5,7764.5,206
2026-08-06 01:45:00-04:00,7764.25,7764.5,7760.5,7761.25,315
2026-08-06 01:50:00-04:00,7761.25,7764.0,7761.0,7763.25,305
2026-08-06 01:55:00-04:00,7763.25,7765.25,7762.25,7765.0,289
2026-08-06 02:00:00-04:00,7765.25,7765.25,7761.0,7762.25,537
2026-08-06 02:05:00-04:00,7762.25,7762.25,7760.0,7760.5,572
2026-08-06 02:10:00-04:00,7760.5,7760.75,7755.5,7756.25,819
2026-08-06 02:15:00-04:00,7756.25,7757.25,7754.0,7755.5,864
2026-08-06 02:20:00-04:00,7755.25,7759.25,7754.5,7759.0,539
2026-08-06 02:25:00-04:00,7759.0,7761.5,7758.75,7761.25,690
2026-08-06 02:30:00-04:00,7761.0,7761.5,7756.75,7758.75,606
2026-08-06 02:35:00-04:00,7759.0,7760.0,7757.25,7757.5,352
2026-08-06 02:40:00-04:00,7757.5,7757.5,7755.5,7757.25,453
2026-08-06 02:45:00-04:00,7757.5,7758.25,7755.25,7756.75,427
2026-08-06 02:50:00-04:00,7756.75,7758.25,7756.5,7758.0,399
2026-08-06 02:55:00-04:00,7757.75,7760.5,7757.75,7759.75,456
2026-08-06 03:00:00-04:00,7759.75,7760.5,7758.0,7758.75,1681
2026-08-06 03:05:00-04:00,7758.75,7762.75,7758.25,7762.25,1056
2026-08-06 03:10:00-04:00,7762.25,7764.5,7762.0,7763.5,862
2026-08-06 03:15:00-04:00,7763.5,7764.25,7762.5,7763.5,742
2026-08-06 03:20:00-04:00,7763.75,7764.0,7761.25,7761.5,573
2026-08-06 03:25:00-04:00,7761.25,7762.5,7759.75,7760.25,760
2026-08-06 03:30:00-04:00,7760.25,7760.25,7758.25,7759.25,835
2026-08-06 03:35:00-04:00,7759.25,7759.25,7754.75,7756.0,859
2026-08-06 03:40:00-04:00,7755.75,7756.5,7755.25,7756.0,625
2026-08-06 03:45:00-04:00,7756.25,7759.0,7755.25,7758.25,981
2026-08-06 03:50:00-04:00,7758.25,7758.5,7756.5,7757.5,518
2026-08-06 03:55:00-04:00,7757.5,7759.0,7757.25,7758.5,468
2026-08-06 04:00:00-04:00,7758.25,7758.75,7750.0,7752.25,1573
2026-08-06 04:05:00-04:00,7752.5,7757.25,7752.0,7754.0,943
2026-08-06 04:10:00-04:00,7753.75,7754.25,7751.5,7753.25,1204
2026-08-06 04:15:00-04:00,7753.25,7755.5,7751.5,7754.5,732
2026-08-06 04:20:00-04:00,7754.5,7755.5,7753.0,7755.0,779
2026-08-06 04:25:00-04:00,7755.25,7760.5,7755.25,7760.5,897
2026-08-06 04:30:00-04:00,7760.5,7763.5,7760.0,7763.25,1074
2026-08-06 04:35:00-04:00,7763.25,7763.5,7760.5,7761.25,1006
2026-08-06 04:40:00-04:00,7761.5,7762.25,7761.25,7761.5,480
2026-08-06 04:45:00-04:00,7761.5,7762.5,7760.0,7762.0,1092
2026-08-06 04:50:00-04:00,7762.25,7765.5,7762.25,7765.0,1027
2026-08-06 04:55:00-04:00,7765.0,7765.25,7763.5,7764.75,625
2026-08-06 05:00:00-04:00,7764.75,7764.75,7758.75,7759.5,1007
2026-08-06 05:05:00-04:00,7759.5,7760.25,7756.0,7757.25,803
2026-08-06 05:10:00-04:00,7757.25,7757.5,7755.25,7756.25,659
2026-08-06 05:15:00-04:00,7756.5,7760.5,7756.25,7759.75,1096
2026-08-06 05:20:00-04:00,7759.75,7761.25,7759.5,7760.25,509
2026-08-06 05:25:00-04:00,7760.0,7761.75,7759.25,7760.25,467
2026-08-06 05:30:00-04:00,7760.25,7760.5,7758.5,7759.75,396
2026-08-06 05:35:00-04:00,7760.0,7761.0,7759.25,7760.5,386
2026-08-06 05:40:00-04:00,7760.25,7762.25,7760.0,7761.0,580
2026-08-06 05:45:00-04:00,7761.0,7764.75,7761.0,7764.5,636
2026-08-06 05:50:00-04:00,7764.5,7765.25,7763.0,7765.25,399
2026-08-06 05:55:00-04:00,7765.0,7767.5,7764.75,7767.0,999
2026-08-06 06:00:00-04:00,7767.0,7767.25,7764.5,7764.75,929
2026-08-06 06:05:00-04:00,7764.75,7765.25,7763.5,7764.25,842
2026-08-06 06:10:00-04:00,7764.5,7764.5,7763.0,7763.5,455
2026-08-06 06:15:00-04:00,7763.5,7764.75,7762.25,7764.5,599
2026-08-06 06:20:00-04:00,7764.5,7765.25,7763.5,7765.0,414
2026-08-06 06:25:00-04:00,7764.75,7766.0,7764.75,7765.25,267
2026-08-06 06:30:00-04:00,7765.25,7765.5,7762.75,7763.25,596
2026-08-06 06:35:00-04:00,7763.25,7764.0,7761.25,7761.25,542
2026-08-06 06:40:00-04:00,7761.5,7761.75,7759.25,7760.0,775
2026-08-06 06:45:00-04:00,7759.75,7761.75,7758.75,7761.5,676
2026-08-06 06:50:00-04:00,7761.25,7761.75,7760.0,7760.0,407
2026-08-06 06:55:00-04:00,7760.25,7762.0,7759.5,7761.75,398
2026-08-06 07:00:00-04:00,7761.75,7761.75,7753.25,7754.75,2553
2026-08-06 07:05:00-04:00,7754.75,7756.5,7750.5,7756.5,2048
2026-08-06 07:10:00-04:00,7756.25,7756.75,7754.5,7756.0,839
2026-08-06 07:15:00-04:00,7756.0,7760.0,7755.75,7760.0,1261
2026-08-06 07:20:00-04:00,7760.0,7760.25,7758.75,7760.25,907
2026-08-06 07:25:00-04:00,7760.25,7762.75,7759.5,7762.0,1152
2026-08-06 07:30:00-04:00,7762.25,7765.5,7762.25,7764.0,1920
2026-08-06 07:35:00-04:00,7764.25,7765.5,7763.5,7763.75,1157
2026-08-06 07:40:00-04:00,7763.75,7764.75,7761.5,7762.25,1292
2026-08-06 07:45:00-04:00,7762.0,7764.25,7756.5,7757.75,2938
2026-08-06 07:50:00-04:00,7757.5,7757.75,7754.5,7756.0,1536
2026-08-06 07:55:00-04:00,7756.0,7760.5,7755.75,7759.75,1557
2026-08-06 08:00:00-04:00,7759.75,7760.5,7754.75,7756.75,1714
2026-08-06 08:05:00-04:00,7756.75,7758.25,7754.75,7755.5,1574
2026-08-06 08:10:00-04:00,7755.25,7756.0,7753.25,7754.25,1461
2026-08-06 08:15:00-04:00,7754.25,7755.25,7751.75,7752.5,1654
2026-08-06 08:20:00-04:00,7752.5,7759.75,7752.25,7758.25,2905
2026-08-06 08:25:00-04:00,7758.25,7760.25,7756.75,7757.0,1370
2026-08-06 08:30:00-04:00,7756.75,7759.25,7754.75,7758.5,1564
2026-08-06 08:35:00-04:00,7758.25,7761.5,7758.25,7760.75,1197
2026-08-06 08:40:00-04:00,7760.5,7761.5,7757.75,7758.25,1931
2026-08-06 08:45:00-04:00,7758.25,7760.0,7756.75,7757.75,1740
2026-08-06 08:50:00-04:00,7757.75,7758.5,7754.25,7755.5,1794
2026-08-06 08:55:00-04:00,7755.5,7756.25,7752.5,7754.25,1790
2026-08-06 09:00:00-04:00,7754.25,7754.75,7751.5,7752.25,2547
2026-08-06 09:05:00-04:00,7752.0,7752.25,7747.5,7749.75,3173
2026-08-06 09:10:00-04:00,7749.5,7750.75,7748.75,7749.0,2222
2026-08-06 09:15:00-04:00,7749.25,7752.5,7748.0,7752.25,4462
2026-08-06 09:20:00-04:00,7752.0,7754.25,7751.0,7751.5,3277
2026-08-06 09:25:00-04:00,7751.75,7753.0,7748.75,7751.75,7299
2026-08-06 09:30:00-04:00,7751.75,7757.5,7740.25,7749.0,40686
2026-08-06 09:35:00-04:00,7749.25,7759.0,7746.0,7747.0,31026
2026-08-06 09:40:00-04:00,7747.0,7759.0,7745.0,7755.25,27479
2026-08-06 09:45:00-04:00,7755.25,7765.5,7755.0,7763.0,19925
2026-08-06 09:50:00-04:00,7763.0,7765.5,7758.0,7759.5,15154
2026-08-06 09:55:00-04:00,7759.25,7763.0,7755.5,7759.25,16397
2026-08-06 10:00:00-04:00,7759.25,7763.75,7756.0,7761.5,17619
2026-08-06 10:05:00-04:00,7761.75,7765.25,7759.0,7764.5,12254
2026-08-06 10:10:00-04:00,7764.5,7767.75,7764.0,7765.75,13506
2026-08-06 10:15:00-04:00,7765.75,7768.5,7761.25,7767.25,13500
2026-08-06 10:20:00-04:00,7767.5,7768.5,7761.75,7762.5,10158
2026-08-06 10:25:00-04:00,7762.5,7762.75,7750.75,7754.5,20205
2026-08-06 10:30:00-04:00,7754.75,7759.0,7751.75,7758.0,19284
2026-08-06 10:35:00-04:00,7758.0,7759.75,7747.5,7747.5,18095
2026-08-06 10:40:00-04:00,7747.5,7757.25,7746.25,7751.5,15849
2026-08-06 10:45:00-04:00,7751.5,7752.5,7746.5,7746.75,13848
2026-08-06 10:50:00-04:00,7746.75,7755.0,7745.25,7755.0,12213
2026-08-06 10:55:00-04:00,7755.0,7760.75,7753.0,7760.0,13041
2026-08-06 11:00:00-04:00,7759.75,7762.5,7751.0,7752.75,14923
2026-08-06 11:05:00-04:00,7752.75,7758.25,7752.5,7756.0,10239
2026-08-06 11:10:00-04:00,7755.75,7757.5,7749.0,7749.5,10761
2026-08-06 11:15:00-04:00,7749.5,7751.0,7739.0,7739.25,17991
2026-08-06 11:20:00-04:00,7739.5,7742.5,7736.0,7739.0,19066
2026-08-06 11:25:00-04:00,7739.0,7742.75,7736.25,7742.5,12629
2026-08-06 11:30:00-04:00,7742.25,7744.5,7734.75,7734.75,13085
2026-08-06 11:35:00-04:00,7734.75,7738.75,7732.75,7736.5,13398
2026-08-06 11:40:00-04:00,7736.5,7739.0,7732.75,7733.0,9288
2026-08-06 11:45:00-04:00,7732.75,7745.75,7732.5,7741.75,15012
2026-08-06 11:50:00-04:00,7741.75,7747.5,7730.25,7731.0,21381
2026-08-06 11:55:00-04:00,7730.75,7735.25,7729.25,7731.0,20131
2026-08-06 12:00:00-04:00,7731.0,7732.75,7727.25,7730.0,16237
2026-08-06 12:05:00-04:00,7730.0,7734.75,7728.75,7733.0,11106
2026-08-06 12:10:00-04:00,7732.75,7735.0,7728.0,7729.5,10246
2026-08-06 12:15:00-04:00,7729.5,7732.75,7724.25,7731.75,14730
2026-08-06 12:20:00-04:00,7732.0,7733.0,7728.25,7732.25,11174
2026-08-06 12:25:00-04:00,7732.5,7734.75,7729.5,7732.0,9823
2026-08-06 12:30:00-04:00,7732.25,7738.0,7730.75,7732.75,11772
2026-08-06 12:35:00-04:00,7733.0,7738.5,7731.5,7738.25,8734
2026-08-06 12:40:00-04:00,7738.5,7738.5,7730.0,7730.25,10598
2026-08-06 12:45:00-04:00,7730.25,7733.75,7728.75,7733.75,8855
2026-08-06 12:50:00-04:00,7733.75,7736.5,7732.0,7733.25,9336
2026-08-06 12:55:00-04:00,7733.25,7740.0,7733.0,7739.5,6766
2026-08-06 13:00:00-04:00,7739.5,7741.5,7736.5,7737.25,10878
2026-08-06 13:05:00-04:00,7737.25,7741.0,7732.25,7732.75,9139
2026-08-06 13:10:00-04:00,7733.0,7735.5,7730.5,7731.0,6896
2026-08-06 13:15:00-04:00,7731.0,7734.25,7729.75,7733.0,7348
2026-08-06 13:20:00-04:00,7733.25,7733.75,7728.75,7729.0,6040
2026-08-06 13:25:00-04:00,7729.0,7732.25,7727.75,7727.75,5742
2026-08-06 13:30:00-04:00,7727.75,7731.75,7726.75,7730.5,5915
2026-08-06 13:35:00-04:00,7730.5,7732.5,7729.25,7729.75,4487
2026-08-06 13:40:00-04:00,7730.0,7731.0,7727.75,7731.0,5390
2026-08-06 13:45:00-04:00,7731.0,7733.5,7729.5,7729.5,6359
2026-08-06 13:50:00-04:00,7729.5,7734.75,7729.25,7734.0,6917
2026-08-06 13:55:00-04:00,7734.0,7736.25,7732.5,7736.25,6502
2026-08-06 14:00:00-04:00,7736.25,7738.75,7734.5,7738.75,7404
2026-08-06 14:05:00-04:00,7738.5,7739.5,7736.25,7738.5,6645
2026-08-06 14:10:00-04:00,7738.25,7742.75,7736.75,7741.25,7922
2026-08-06 14:15:00-04:00,7741.5,7747.25,7735.75,7743.0,18958
2026-08-06 14:20:00-04:00,7743.0,7746.0,7743.0,7745.0,7320
2026-08-06 14:25:00-04:00,7745.25,7745.75,7741.5,7744.0,6312
2026-08-06 14:30:00-04:00,7744.0,7744.25,7740.25,7740.75,5989
2026-08-06 14:35:00-04:00,7740.5,7742.75,7737.5,7738.25,6439
2026-08-06 14:40:00-04:00,7738.25,7739.0,7734.5,7737.25,6263
2026-08-06 14:45:00-04:00,7737.5,7741.25,7736.5,7738.75,6437
2026-08-06 14:50:00-04:00,7738.75,7740.0,7737.25,7738.75,5459
2026-08-06 14:55:00-04:00,7738.5,7740.75,7738.0,7739.5,6173
2026-08-06 15:00:00-04:00,7739.5,7745.75,7739.5,7745.75,9749
2026-08-06 15:05:00-04:00,7745.5,7747.0,7742.75,7747.0,6378
2026-08-06 15:10:00-04:00,7747.25,7747.75,7742.75,7743.25,6199
2026-08-06 15:15:00-04:00,7743.25,7743.5,7740.5,7741.5,6603
2026-08-06 15:20:00-04:00,7741.5,7744.75,7737.75,7738.25,8332
2026-08-06 15:25:00-04:00,7738.0,7740.0,7735.25,7736.5,12878
2026-08-06 15:30:00-04:00,7736.5,7740.0,7734.0,7739.5,10837
2026-08-06 15:35:00-04:00,7739.25,7739.75,7735.0,7735.25,7428
2026-08-06 15:40:00-04:00,7735.0,7735.75,7730.5,7732.75,11694
2026-08-06 15:45:00-04:00,7733.0,7735.0,7729.25,7734.25,11166
2026-08-06 15:50:00-04:00,7734.0,7738.25,7727.0,7736.5,25589
2026-08-06 15:55:00-04:00,7736.75,7739.25,7731.25,7735.75,71741
2026-08-06 16:00:00-04:00,7735.75,7741.5,7735.25,7739.25,19827
2026-08-06 16:05:00-04:00,7739.5,7740.75,7738.25,7740.0,4621
2026-08-06 16:10:00-04:00,7740.25,7740.75,7737.5,7737.75,3815
2026-08-06 16:15:00-04:00,7738.0,7739.0,7734.75,7736.5,4026
2026-08-06 16:20:00-04:00,7736.5,7738.0,7731.0,7731.75,3639
2026-08-06 16:25:00-04:00,7731.75,7733.25,7728.75,7730.25,2218
2026-08-06 16:30:00-04:00,7730.25,7731.75,7728.75,7731.5,1361
2026-08-06 16:35:00-04:00,7731.5,7731.75,7727.75,7730.75,1240
2026-08-06 16:40:00-04:00,7731.0,7731.25,7730.25,7730.25,721
2026-08-06 16:45:00-04:00,7730.25,7731.0,7729.75,7730.25,837
2026-08-06 16:50:00-04:00,7730.5,7731.5,7730.25,7730.75,728
2026-08-06 16:55:00-04:00,7730.75,7732.75,7730.75,7731.5,1307
2026-08-06 18:00:00-04:00,7735.0,7735.0,7729.75,7732.75,0
2026-08-06 18:05:00-04:00,7732.5,7737.25,7732.5,7737.0,534
2026-08-06 18:10:00-04:00,7736.75,7737.75,7736.25,7737.75,141
2026-08-06 18:15:00-04:00,7739.25,7739.75,7738.75,7739.0,845
2026-08-06 18:20:00-04:00,7739.0,7740.0,7736.25,7737.5,374
2026-08-06 18:25:00-04:00,7737.75,7739.75,7736.0,7736.5,598
2026-08-06 18:30:00-04:00,7736.5,7736.5,7733.25,7735.0,456
2026-08-06 18:35:00-04:00,7735.0,7735.25,7734.25,7734.75,125
2026-08-06 18:40:00-04:00,7734.75,7736.75,7734.75,7735.75,255
2026-08-06 18:45:00-04:00,7736.0,7736.25,7735.5,7735.75,124
2026-08-06 18:50:00-04:00,7736.0,7737.75,7736.0,7737.25,204
2026-08-06 18:55:00-04:00,7737.0,7738.5,7736.5,7737.75,203
2026-08-06 19:00:00-04:00,7737.75,7738.5,7737.25,7737.75,120
2026-08-06 19:05:00-04:00,7737.75,7737.75,7736.25,7736.75,117
2026-08-06 19:10:00-04:00,7737.0,7737.5,7736.5,7736.75,51
2026-08-06 19:15:00-04:00,7737.0,7740.75,7736.75,7738.25,374
2026-08-06 19:20:00-04:00,7738.25,7739.75,7737.75,7739.75,128
2026-08-06 19:25:00-04:00,7739.75,7740.0,7737.25,7738.0,153
2026-08-06 19:30:00-04:00,7738.0,7739.5,7737.5,7739.5,201
2026-08-06 19:35:00-04:00,7739.5,7739.5,7738.25,7738.75,177
2026-08-06 19:40:00-04:00,7739.0,7740.0,7737.25,7739.75,235
2026-08-06 19:45:00-04:00,7739.75,7741.0,7738.25,7740.75,409
2026-08-06 19:50:00-04:00,7740.75,7741.25,7738.75,7739.5,371
2026-08-06 19:55:00-04:00,7739.5,7740.0,7738.75,7740.0,171
2026-08-06 20:00:00-04:00,7740.0,7742.0,7737.75,7741.25,925
2026-08-06 20:05:00-04:00,7741.5,7742.5,7737.75,7737.75,706
2026-08-06 20:10:00-04:00,7738.0,7739.0,7736.5,7738.0,864
2026-08-06 20:15:00-04:00,7738.25,7738.25,7731.5,7732.5,1287
2026-08-06 20:20:00-04:00,7732.5,7732.75,7729.0,7730.0,1167
2026-08-06 20:25:00-04:00,7730.25,7732.25,7729.5,7730.25,583
2026-08-06 20:30:00-04:00,7730.25,7739.5,7729.75,7739.25,1193
2026-08-06 20:35:00-04:00,7739.0,7739.25,7731.5,7734.25,731
2026-08-06 20:40:00-04:00,7734.5,7735.5,7730.5,7734.75,536
2026-08-06 20:45:00-04:00,7734.75,7736.5,7730.5,7731.5,513
2026-08-06 20:50:00-04:00,7731.25,7737.0,7731.0,7735.25,714
2026-08-06 20:55:00-04:00,7735.25,7737.0,7733.0,7735.75,593
2026-08-06 21:00:00-04:00,7735.75,7737.75,7734.75,7736.25,861
2026-08-06 21:05:00-04:00,7736.25,7737.0,7734.25,7735.25,571
2026-08-06 21:10:00-04:00,7735.0,7736.0,7730.75,7731.75,763
2026-08-06 21:15:00-04:00,7732.0,7732.0,7729.25,7729.75,708
2026-08-06 21:20:00-04:00,7729.75,7729.75,7727.25,7729.5,875
2026-08-06 21:25:00-04:00,7729.75,7734.25,7728.75,7733.75,859
2026-08-06 21:30:00-04:00,7733.75,7739.25,7733.25,7736.25,1047
2026-08-06 21:35:00-04:00,7736.25,7736.25,7730.0,7730.25,1221
2026-08-06 21:40:00-04:00,7730.25,7732.75,7729.5,7732.75,701
2026-08-06 21:45:00-04:00,7732.5,7734.5,7729.75,7733.0,721
2026-08-06 21:50:00-04:00,7733.0,7733.0,7730.5,7731.75,436
2026-08-06 21:55:00-04:00,7732.0,7733.5,7731.25,7732.75,427
2026-08-06 22:00:00-04:00,7732.75,7735.25,7732.25,7734.5,440
2026-08-06 22:05:00-04:00,7734.5,7734.75,7730.5,7731.0,503
2026-08-06 22:10:00-04:00,7730.75,7734.0,7729.0,7732.5,666
2026-08-06 22:15:00-04:00,7732.5,7733.75,7732.5,7733.25,477
2026-08-06 22:20:00-04:00,7733.25,7734.25,7731.5,7734.25,260
2026-08-06 22:25:00-04:00,7734.0,7734.0,7732.0,7732.5,197
2026-08-06 22:30:00-04:00,7732.75,7732.75,7730.25,7730.25,373
2026-08-06 22:35:00-04:00,7730.25,7731.5,7726.5,7727.75,932
2026-08-06 22:40:00-04:00,7727.75,7730.25,7727.5,7729.5,512
2026-08-06 22:45:00-04:00,7729.5,7733.0,7729.0,7733.0,396
2026-08-06 22:50:00-04:00,7733.0,7733.25,7732.25,7732.5,287
2026-08-06 22:55:00-04:00,7732.75,7733.5,7731.75,7732.0,227
2026-08-06 23:00:00-04:00,7732.25,7734.25,7732.0,7733.25,1132
2026-08-06 23:05:00-04:00,7733.25,7734.0,7732.75,7733.25,320
2026-08-06 23:10:00-04:00,7733.25,7733.5,7731.75,7732.0,258
2026-08-06 23:15:00-04:00,7732.0,7732.5,7729.25,7729.5,376
2026-08-06 23:20:00-04:00,7729.5,7730.5,7728.5,7730.5,338
2026-08-06 23:25:00-04:00,7730.5,7731.5,7729.5,7730.75,294
2026-08-06 23:30:00-04:00,7730.5,7732.5,7730.0,7730.25,290
2026-08-06 23:35:00-04:00,7730.25,7732.0,7729.75,7730.5,147
2026-08-06 23:40:00-04:00,7730.5,7731.25,7729.25,7730.25,247
2026-08-06 23:45:00-04:00,7730.25,7730.75,7728.75,7730.5,202
2026-08-06 23:50:00-04:00,7730.5,7731.25,7728.5,7729.25,183
2026-08-06 23:55:00-04:00,7729.0,7729.75,7728.75,7729.25,105
2026-08-07 00:05:00-04:00,7729.75,7730.25,7729.25,7729.5,649
2026-08-07 00:10:00-04:00,7729.5,7730.5,7727.75,7728.25,460
2026-08-07 00:15:00-04:00,7728.25,7728.75,7725.5,7728.75,605
2026-08-07 00:20:00-04:00,7728.75,7732.25,7728.75,7731.5,502
2026-08-07 00:25:00-04:00,7731.5,7731.75,7729.0,7730.5,313
2026-08-07 00:30:00-04:00,7730.75,7733.5,7729.75,7731.75,484
2026-08-07 00:35:00-04:00,7731.75,7732.25,7730.0,7730.5,178
2026-08-07 00:40:00-04:00,7730.5,7730.5,7729.5,7729.5,113
2026-08-07 00:45:00-04:00,7729.5,7730.75,7729.25,7730.0,162
2026-08-07 00:50:00-04:00,7729.75,7731.0,7729.0,7731.0,327
2026-08-07 00:55:00-04:00,7731.0,7732.25,7731.0,7731.5,253
2026-08-07 01:00:00-04:00,7731.5,7733.75,7731.25,7733.25,442
2026-08-07 01:05:00-04:00,7733.5,7737.0,7733.0,7734.75,1579
2026-08-07 01:10:00-04:00,7734.75,7735.5,7733.75,7733.75,346
2026-08-07 01:15:00-04:00,7733.75,7735.25,7733.75,7734.75,171
2026-08-07 01:20:00-04:00,7734.75,7735.25,7733.75,7734.5,187
2026-08-07 01:25:00-04:00,7734.25,7735.5,7734.25,7734.5,237
2026-08-07 01:30:00-04:00,7734.75,7734.75,7733.25,7733.5,323
2026-08-07 01:35:00-04:00,7733.25,7734.0,7732.75,7733.0,276
2026-08-07 01:40:00-04:00,7733.0,7733.5,7731.75,7733.0,308
2026-08-07 01:45:00-04:00,7733.0,7733.0,7732.25,7733.0,127
2026-08-07 01:50:00-04:00,7733.25,7733.75,7732.75,7733.25,175
2026-08-07 01:55:00-04:00,7733.5,7733.75,7731.5,7731.75,218
2026-08-07 02:00:00-04:00,7731.75,7734.5,7731.75,7734.0,409
2026-08-07 02:05:00-04:00,7733.75,7736.5,7733.75,7735.75,594
2026-08-07 02:10:00-04:00,7735.75,7738.25,7735.75,7737.75,1362
2026-08-07 02:15:00-04:00,7737.5,7738.5,7737.0,7737.5,636
2026-08-07 02:20:00-04:00,7737.25,7738.5,7736.25,7738.5,309
2026-08-07 02:25:00-04:00,7738.75,7740.0,7737.25,7739.75,602
2026-08-07 02:30:00-04:00,7739.75,7739.75,7737.5,7737.75,614
2026-08-07 02:35:00-04:00,7737.75,7738.25,7736.5,7736.75,278
2026-08-07 02:40:00-04:00,7736.75,7736.75,7734.25,7734.75,393
2026-08-07 02:45:00-04:00,7734.5,7735.5,7734.25,7734.75,346
2026-08-07 02:50:00-04:00,7734.75,7736.0,7734.5,7735.5,261
2026-08-07 02:55:00-04:00,7735.5,7738.5,7735.25,7738.0,500
2026-08-07 03:00:00-04:00,7738.0,7739.0,7736.0,7736.0,1010
2026-08-07 03:05:00-04:00,7736.0,7740.75,7736.0,7740.25,738
2026-08-07 03:10:00-04:00,7740.25,7742.75,7739.75,7742.25,886
2026-08-07 03:15:00-04:00,7742.25,7742.5,7740.25,7740.75,455
2026-08-07 03:20:00-04:00,7740.75,7740.75,7739.75,7740.5,404
2026-08-07 03:25:00-04:00,7740.25,7742.0,7740.0,7741.5,378
2026-08-07 03:30:00-04:00,7741.75,7741.75,7739.75,7740.0,424
2026-08-07 03:35:00-04:00,7740.0,7741.25,7739.75,7740.25,500
2026-08-07 03:40:00-04:00,7740.25,7743.75,7740.25,7740.75,1146
2026-08-07 03:45:00-04:00,7740.75,7741.0,7739.0,7740.5,577
2026-08-07 03:50:00-04:00,7740.5,7740.75,7738.25,7740.75,625
2026-08-07 03:55:00-04:00,7740.75,7741.5,7740.0,7740.25,707
2026-08-07 04:00:00-04:00,7740.5,7744.5,7740.25,7743.25,1555
2026-08-07 04:05:00-04:00,7743.25,7745.75,7743.0,7745.5,1105
2026-08-07 04:10:00-04:00,7745.25,7746.5,7745.0,7746.0,738
2026-08-07 04:15:00-04:00,7746.0,7746.5,7742.5,7742.75,732
2026-08-07 04:20:00-04:00,7742.75,7744.25,7742.0,7743.5,989
2026-08-07 04:25:00-04:00,7743.5,7745.0,7743.5,7744.0,532
2026-08-07 04:30:00-04:00,7744.25,7747.25,7743.5,7746.0,860
2026-08-07 04:35:00-04:00,7746.0,7746.0,7742.0,7743.5,803
2026-08-07 04:40:00-04:00,7743.5,7744.75,7743.0,7743.75,649
2026-08-07 04:45:00-04:00,7743.75,7744.5,7743.25,7743.75,630
2026-08-07 04:50:00-04:00,7743.75,7744.5,7743.25,7744.25,321
2026-08-07 04:55:00-04:00,7744.25,7746.25,7744.0,7745.25,946
2026-08-07 05:00:00-04:00,7745.5,7747.0,7744.75,7745.75,584
2026-08-07 05:05:00-04:00,7745.5,7746.0,7744.25,7745.25,396
2026-08-07 05:10:00-04:00,7745.25,7747.75,7745.25,7747.0,612
2026-08-07 05:15:00-04:00,7747.0,7747.5,7745.0,7745.25,424
2026-08-07 05:20:00-04:00,7745.5,7749.5,7745.25,7748.25,938
2026-08-07 05:25:00-04:00,7748.25,7748.75,7746.75,7746.75,319
2026-08-07 05:30:00-04:00,7747.0,7748.75,7745.75,7747.25,536
2026-08-07 05:35:00-04:00,7747.25,7748.25,7747.0,7747.5,301
2026-08-07 05:40:00-04:00,7747.5,7747.5,7746.5,7747.0,408
2026-08-07 05:45:00-04:00,7747.25,7748.0,7746.25,7747.25,491
2026-08-07 05:50:00-04:00,7747.25,7748.5,7746.5,7747.0,361
2026-08-07 05:55:00-04:00,7747.25,7747.25,7745.5,7745.75,770
2026-08-07 06:00:00-04:00,7746.0,7747.0,7745.75,7746.5,579
2026-08-07 06:05:00-04:00,7746.5,7747.25,7745.75,7745.75,399
2026-08-07 06:10:00-04:00,7745.75,7747.0,7745.25,7745.25,442
2026-08-07 06:15:00-04:00,7745.25,7745.5,7744.25,7745.0,514
2026-08-07 06:20:00-04:00,7745.25,7745.5,7744.0,7744.75,381
2026-08-07 06:25:00-04:00,7744.75,7747.0,7744.75,7747.0,380
2026-08-07 06:30:00-04:00,7747.0,7747.5,7746.0,7747.25,312
2026-08-07 06:35:00-04:00,7747.25,7748.25,7747.0,7748.0,290
2026-08-07 06:40:00-04:00,7748.0,7749.0,7747.5,7748.75,506
2026-08-07 06:45:00-04:00,7749.0,7749.5,7746.0,7746.75,762
2026-08-07 06:50:00-04:00,7746.75,7747.75,7745.0,7745.25,428
2026-08-07 06:55:00-04:00,7745.25,7746.5,7744.75,7746.5,371
2026-08-07 07:00:00-04:00,7746.25,7750.5,7746.25,7749.5,1566
2026-08-07 07:05:00-04:00,7749.25,7751.5,7748.75,7751.25,875
2026-08-07 07:10:00-04:00,7751.25,7751.75,7749.75,7750.0,1037
2026-08-07 07:15:00-04:00,7749.75,7752.75,7749.75,7752.25,640
2026-08-07 07:20:00-04:00,7752.0,7753.0,7751.5,7752.75,703
2026-08-07 07:25:00-04:00,7752.75,7754.75,7752.75,7753.5,836
2026-08-07 07:30:00-04:00,7753.5,7755.25,7753.0,7755.0,747
2026-08-07 07:35:00-04:00,7755.0,7756.75,7754.5,7755.75,969
2026-08-07 07:40:00-04:00,7755.5,7756.25,7755.0,7756.0,839
2026-08-07 07:45:00-04:00,7755.75,7756.0,7754.0,7754.75,1165
2026-08-07 07:50:00-04:00,7754.75,7755.25,7752.5,7752.75,1685
2026-08-07 07:55:00-04:00,7753.0,7753.0,7748.25,7748.75,2221
2026-08-07 08:00:00-04:00,7748.5,7755.75,7747.25,7753.5,2247
2026-08-07 08:05:00-04:00,7753.5,7754.0,7751.25,7752.25,912
2026-08-07 08:10:00-04:00,7752.5,7754.0,7752.0,7753.0,852
2026-08-07 08:15:00-04:00,7753.0,7755.75,7753.0,7754.75,1485
2026-08-07 08:20:00-04:00,7754.75,7755.75,7752.0,7755.0,1638
2026-08-07 08:25:00-04:00,7755.0,7759.5,7750.5,7757.0,3584
2026-08-07 08:30:00-04:00,7756.5,7774.5,7754.5,7766.25,15952
2026-08-07 08:35:00-04:00,7766.0,7776.25,7763.5,7775.75,10411
2026-08-07 08:40:00-04:00,7775.75,7776.5,7771.5,7772.25,6005
2026-08-07 08:45:00-04:00,7772.5,7776.5,7772.25,7775.75,4780
2026-08-07 08:50:00-04:00,7775.75,7778.75,7774.75,7777.75,5566
2026-08-07 08:55:00-04:00,7777.5,7777.5,7774.0,7774.75,5573
2026-08-07 09:00:00-04:00,7774.75,7776.0,7766.75,7766.75,5102
2026-08-07 09:05:00-04:00,7766.75,7769.75,7763.25,7765.5,4388
2026-08-07 09:10:00-04:00,7765.75,7766.25,7760.0,7761.5,4773
2026-08-07 09:15:00-04:00,7761.5,7762.25,7757.5,7760.75,5482
2026-08-07 09:20:00-04:00,7760.75,7761.5,7759.75,7760.75,2831
2026-08-07 09:25:00-04:00,7760.75,7762.0,7753.25,7757.0,9497
2026-08-07 09:30:00-04:00,7757.0,7763.5,7753.25,7762.0,42192
2026-08-07 09:35:00-04:00,7762.0,7762.75,7753.75,7758.25,25463
2026-08-07 09:40:00-04:00,7758.5,7768.5,7756.0,7767.0,23804
2026-08-07 09:45:00-04:00,7767.25,7770.75,7758.25,7764.75,21460
2026-08-07 09:50:00-04:00,7764.75,7769.5,7763.0,7767.0,15123
2026-08-07 09:55:00-04:00,7767.25,7769.0,7751.75,7758.0,27086
2026-08-07 10:00:00-04:00,7758.0,7763.5,7751.25,7751.5,25910
2026-08-07 10:05:00-04:00,7751.75,7758.25,7751.25,7752.5,20469
2026-08-07 10:10:00-04:00,7752.5,7755.5,7743.5,7745.75,24348
2026-08-07 10:15:00-04:00,7746.0,7766.0,7744.0,7765.75,21921
2026-08-07 10:20:00-04:00,7765.75,7770.25,7762.5,7767.75,17734
2026-08-07 10:25:00-04:00,7768.0,7780.5,7767.75,7779.5,18372
2026-08-07 10:30:00-04:00,7779.25,7781.25,7771.5,7773.75,16092
2026-08-07 10:35:00-04:00,7773.75,7775.75,7764.5,7766.5,20733
2026-08-07 10:40:00-04:00,7766.5,7772.25,7764.5,7767.25,16011
2026-08-07 10:45:00-04:00,7767.25,7774.75,7767.0,7771.5,13076
2026-08-07 10:50:00-04:00,7771.75,7772.75,7766.25,7769.75,10569
2026-08-07 10:55:00-04:00,7769.75,7777.5,7769.25,7776.25,10370
2026-08-07 11:00:00-04:00,7776.25,7776.75,7771.25,7775.0,11627
2026-08-07 11:05:00-04:00,7775.25,7778.0,7774.75,7777.0,8902
2026-08-07 11:10:00-04:00,7777.25,7781.75,7774.0,7778.75,11279
2026-08-07 11:15:00-04:00,7778.75,7779.25,7775.25,7776.25,8567
2026-08-07 11:20:00-04:00,7776.25,7784.0,7775.75,7783.25,10190
2026-08-07 11:25:00-04:00,7783.25,7786.75,7782.25,7784.25,10475
2026-08-07 11:30:00-04:00,7784.0,7786.75,7781.5,7782.0,13333
2026-08-07 11:35:00-04:00,7782.0,7783.25,7779.5,7781.5,10665
2026-08-07 11:40:00-04:00,7781.75,7784.0,7776.5,7779.5,9608
2026-08-07 11:45:00-04:00,7779.5,7783.75,7778.0,7783.0,7066
2026-08-07 11:50:00-04:00,7783.25,7784.0,7778.0,7780.75,8043
2026-08-07 11:55:00-04:00,7780.5,7781.0,7775.5,7778.0,7514
2026-08-07 12:00:00-04:00,7778.0,7779.25,7774.75,7779.0,7608
2026-08-07 12:05:00-04:00,7779.25,7781.25,7777.75,7779.25,7180
2026-08-07 12:10:00-04:00,7779.25,7781.0,7777.5,7777.5,4987
2026-08-07 12:15:00-04:00,7777.5,7779.75,7776.25,7777.25,6010
2026-08-07 12:20:00-04:00,7777.25,7781.25,7769.75,7769.75,13634
2026-08-07 12:25:00-04:00,7770.0,7770.75,7760.75,7764.75,18105
2026-08-07 12:30:00-04:00,7764.75,7767.25,7757.75,7766.75,15273
2026-08-07 12:35:00-04:00,7766.75,7771.25,7764.25,7770.5,10671
2026-08-07 12:40:00-04:00,7770.5,7774.0,7769.75,7773.25,9274
2026-08-07 12:45:00-04:00,7773.25,7775.0,7771.75,7774.0,6588
2026-08-07 12:50:00-04:00,7774.0,7776.25,7768.25,7769.5,7339
2026-08-07 12:55:00-04:00,7769.5,7771.25,7766.75,7767.0,5597
2026-08-07 13:00:00-04:00,7767.0,7770.25,7765.0,7767.75,7175
2026-08-07 13:05:00-04:00,7768.0,7770.5,7767.75,7770.0,4568
2026-08-07 13:10:00-04:00,7770.0,7771.0,7767.25,7768.0,4370
2026-08-07 13:15:00-04:00,7767.75,7771.25,7767.25,7770.25,3453
2026-08-07 13:20:00-04:00,7770.5,7771.75,7766.25,7766.25,4140
2026-08-07 13:25:00-04:00,7766.5,7769.75,7764.25,7768.25,5369
2026-08-07 13:30:00-04:00,7768.25,7769.75,7764.5,7766.75,6997
2026-08-07 13:35:00-04:00,7766.5,7771.5,7766.25,7771.0,3416
2026-08-07 13:40:00-04:00,7771.25,7771.5,7768.5,7769.0,3853
2026-08-07 13:45:00-04:00,7769.0,7771.75,7768.25,7770.0,3731
2026-08-07 13:50:00-04:00,7770.0,7772.25,7767.0,7770.5,5180
2026-08-07 13:55:00-04:00,7770.5,7771.5,7768.75,7768.75,2857
2026-08-07 14:00:00-04:00,7768.75,7770.25,7768.25,7768.75,4748
2026-08-07 14:05:00-04:00,7768.75,7769.25,7765.5,7767.75,5225
2026-08-07 14:10:00-04:00,7768.0,7768.75,7761.75,7763.0,6023
2026-08-07 14:15:00-04:00,7763.0,7765.5,7762.0,7764.5,5252
2026-08-07 14:20:00-04:00,7764.75,7765.25,7762.75,7763.75,3918
2026-08-07 14:25:00-04:00,7763.75,7765.0,7761.75,7762.0,4945
2026-08-07 14:30:00-04:00,7762.25,7764.0,7760.5,7761.25,5712
2026-08-07 14:35:00-04:00,7761.25,7762.5,7759.0,7760.25,5096
2026-08-07 14:40:00-04:00,7760.25,7761.25,7756.0,7757.0,5400
2026-08-07 14:45:00-04:00,7757.25,7760.25,7756.25,7759.75,5926
2026-08-07 14:50:00-04:00,7759.75,7762.5,7759.5,7760.5,4664
2026-08-07 14:55:00-04:00,7760.75,7765.5,7759.5,7764.5,8273
2026-08-07 15:00:00-04:00,7764.5,7772.25,7763.75,7768.0,15460
2026-08-07 15:05:00-04:00,7768.0,7774.5,7767.75,7774.25,10091
2026-08-07 15:10:00-04:00,7774.25,7778.25,7774.25,7776.5,11239
2026-08-07 15:15:00-04:00,7776.75,7782.5,7775.5,7776.0,14224
2026-08-07 15:20:00-04:00,7776.25,7780.0,7776.0,7776.5,8863
2026-08-07 15:25:00-04:00,7776.75,7778.75,7776.0,7778.25,8099
2026-08-07 15:30:00-04:00,7778.5,7778.5,7774.0,7775.25,8870
2026-08-07 15:35:00-04:00,7775.25,7779.0,7773.75,7777.0,7777
2026-08-07 15:40:00-04:00,7777.25,7777.25,7772.75,7773.25,7999
2026-08-07 15:45:00-04:00,7773.25,7777.5,7773.0,7776.25,10099
2026-08-07 15:50:00-04:00,7776.25,7778.75,7774.0,7775.75,15619
2026-08-07 15:55:00-04:00,7775.75,7785.5,7775.5,7778.5,78026
2026-08-07 16:00:00-04:00,7778.5,7781.25,7775.25,7775.75,26654
2026-08-07 16:05:00-04:00,7775.75,7777.75,7774.0,7774.5,6031
2026-08-07 16:10:00-04:00,7774.75,7776.25,7774.0,7775.25,3509
2026-08-07 16:15:00-04:00,7775.5,7777.0,7774.25,7775.75,1888
2026-08-07 16:20:00-04:00,7775.75,7775.75,7773.75,7774.5,1710
2026-08-07 16:25:00-04:00,7774.5,7775.0,7773.0,7773.25,1466
2026-08-07 16:30:00-04:00,7773.25,7776.0,7773.0,7776.0,1082
2026-08-07 16:35:00-04:00,7776.0,7777.25,7775.75,7776.5,978
2026-08-07 16:40:00-04:00,7776.75,7776.75,7775.5,7776.0,912
2026-08-07 16:45:00-04:00,7776.0,7776.5,7775.25,7775.25,1062
2026-08-07 16:50:00-04:00,7775.5,7776.5,7775.25,7776.25,719
2026-08-07 16:55:00-04:00,7776.5,7779.75,7776.0,7779.75,2566
2026-08-09 18:10:00-04:00,7772.0,7773.5,7767.0,7768.25,1218
2026-08-09 18:15:00-04:00,7768.5,7768.5,7763.0,7765.25,1346
2026-08-09 18:20:00-04:00,7765.25,7768.25,7765.0,7768.25,806
2026-08-09 18:25:00-04:00,7768.25,7770.25,7767.5,7769.25,551
2026-08-09 18:30:00-04:00,7769.25,7770.5,7766.5,7766.5,421
2026-08-09 18:35:00-04:00,7767.0,7768.75,7766.5,7768.0,238
2026-08-09 18:40:00-04:00,7768.25,7769.75,7768.25,7768.75,248
2026-08-09 18:45:00-04:00,7768.75,7769.25,7767.75,7768.25,333
2026-08-09 18:50:00-04:00,7768.5,7769.5,7768.5,7769.25,167
2026-08-09 18:55:00-04:00,7769.25,7769.25,7768.5,7768.5,59
2026-08-09 19:00:00-04:00,7769.0,7770.0,7767.25,7770.0,262
2026-08-09 19:05:00-04:00,7769.75,7772.25,7769.75,7771.75,503
2026-08-09 19:10:00-04:00,7771.5,7772.25,7771.5,7771.75,167
2026-08-09 19:15:00-04:00,7771.5,7772.5,7771.5,7771.75,178
2026-08-09 19:20:00-04:00,7771.75,7773.25,7771.75,7772.0,244
2026-08-09 19:25:00-04:00,7772.0,7772.75,7771.25,7771.75,177
2026-08-09 19:30:00-04:00,7771.75,7772.0,7767.75,7768.5,1056
2026-08-09 19:35:00-04:00,7768.75,7770.5,7768.0,7770.0,175
2026-08-09 19:40:00-04:00,7770.0,7771.5,7769.5,7771.25,381
2026-08-09 19:45:00-04:00,7771.25,7772.5,7770.75,7772.0,607
2026-08-09 19:50:00-04:00,7771.75,7771.75,7769.75,7770.25,600
2026-08-09 19:55:00-04:00,7770.0,7770.0,7766.75,7767.0,528
2026-08-09 20:00:00-04:00,7767.0,7769.25,7765.25,7768.5,1418
2026-08-09 20:05:00-04:00,7768.5,7776.25,7768.0,7775.25,1564
2026-08-09 20:10:00-04:00,7775.25,7778.0,7774.75,7776.25,766
2026-08-09 20:15:00-04:00,7776.25,7776.25,7774.0,7774.0,726
2026-08-09 20:20:00-04:00,7774.0,7775.5,7771.5,7772.0,616
2026-08-09 20:25:00-04:00,7772.0,7773.0,7770.5,7771.0,584
2026-08-09 20:30:00-04:00,7771.0,7773.0,7770.75,7772.25,434
2026-08-09 20:35:00-04:00,7772.5,7773.0,7769.25,7770.25,809
2026-08-09 20:40:00-04:00,7770.0,7771.75,7768.75,7769.75,507
2026-08-09 20:45:00-04:00,7770.0,7772.25,7769.75,7772.25,492
2026-08-09 20:50:00-04:00,7772.25,7773.0,7770.5,7771.0,485
2026-08-09 20:55:00-04:00,7771.25,7771.5,7769.0,7770.75,438
2026-08-09 21:00:00-04:00,7770.75,7774.0,7769.75,7773.0,852
2026-08-09 21:05:00-04:00,7773.0,7775.75,7772.75,7774.5,605
2026-08-09 21:10:00-04:00,7774.5,7777.25,7774.25,7776.75,611
2026-08-09 21:15:00-04:00,7777.0,7778.5,7776.5,7778.25,675
2026-08-09 21:20:00-04:00,7778.5,7780.0,7777.25,7780.0,731
2026-08-09 21:25:00-04:00,7780.0,7780.5,7779.0,7779.25,484
2026-08-09 21:30:00-04:00,7779.25,7779.25,7776.0,7777.5,690
2026-08-09 21:35:00-04:00,7777.5,7780.25,7776.5,7779.75,598
2026-08-09 21:40:00-04:00,7780.0,7780.0,7778.0,7780.0,274
2026-08-09 21:45:00-04:00,7780.0,7781.0,7779.25,7780.75,436
2026-08-09 21:50:00-04:00,7780.75,7781.5,7780.25,7780.75,421
2026-08-09 21:55:00-04:00,7780.75,7780.75,7780.25,7780.5,248
2026-08-09 22:00:00-04:00,7780.5,7781.5,7779.5,7781.25,360
2026-08-09 22:05:00-04:00,7781.25,7781.5,7780.25,7780.25,243
2026-08-09 22:10:00-04:00,7780.25,7781.25,7779.5,7779.5,214
2026-08-09 22:15:00-04:00,7779.75,7779.75,7777.5,7778.25,489
2026-08-09 22:20:00-04:00,7778.25,7779.25,7778.0,7778.5,210
2026-08-09 22:25:00-04:00,7778.5,7780.0,7778.5,7779.75,196
2026-08-09 22:30:00-04:00,7779.75,7780.25,7779.0,7779.25,256
2026-08-09 22:35:00-04:00,7779.25,7782.0,7778.75,7782.0,340
2026-08-09 22:40:00-04:00,7782.0,7782.75,7781.5,7782.75,382
2026-08-09 22:45:00-04:00,7782.75,7783.0,7781.75,7781.75,281
2026-08-09 22:50:00-04:00,7781.75,7783.25,7781.75,7782.75,243
2026-08-09 22:55:00-04:00,7782.5,7782.75,7782.0,7782.25,312
2026-08-09 23:00:00-04:00,7782.0,7783.0,7781.5,7781.75,261
2026-08-09 23:05:00-04:00,7781.75,7781.75,7780.75,7781.25,212
2026-08-09 23:10:00-04:00,7781.25,7781.75,7780.5,7781.0,208
2026-08-09 23:15:00-04:00,7781.0,7783.25,7780.75,7783.0,182
2026-08-09 23:20:00-04:00,7782.75,7783.25,7782.5,7782.75,220
2026-08-09 23:25:00-04:00,7782.75,7783.25,7781.75,7782.75,269
2026-08-09 23:30:00-04:00,7782.75,7784.25,7782.25,7784.25,497
2026-08-09 23:35:00-04:00,7784.25,7785.5,7783.75,7784.75,545
2026-08-09 23:40:00-04:00,7784.75,7785.75,7784.5,7785.75,343
2026-08-09 23:45:00-04:00,7785.75,7786.25,7785.0,7785.25,342
2026-08-09 23:50:00-04:00,7785.5,7786.0,7784.0,7784.0,214
2026-08-09 23:55:00-04:00,7784.25,7784.25,7783.0,7783.75,258
2026-08-10 00:00:00-04:00,7783.5,7784.75,7783.0,7784.0,454
2026-08-10 00:05:00-04:00,7784.0,7785.75,7782.25,7785.5,378
2026-08-10 00:10:00-04:00,7785.75,7786.0,7784.5,7786.0,233
2026-08-10 00:15:00-04:00,7786.0,7787.25,7785.75,7786.75,320
2026-08-10 00:20:00-04:00,7786.5,7787.0,7786.25,7787.0,141
2026-08-10 00:25:00-04:00,7787.0,7788.75,7786.25,7787.25,356
2026-08-10 00:30:00-04:00,7787.25,7787.25,7786.0,7786.25,208
2026-08-10 00:35:00-04:00,7786.25,7786.75,7785.75,7786.0,132
2026-08-10 00:40:00-04:00,7785.75,7786.25,7783.5,7786.25,486
2026-08-10 00:45:00-04:00,7786.25,7787.5,7786.25,7787.0,192
2026-08-10 00:50:00-04:00,7787.0,7788.75,7787.0,7787.75,249
2026-08-10 00:55:00-04:00,7787.0,7787.5,7785.75,7787.25,318
2026-08-10 01:00:00-04:00,7787.5,7789.5,7787.25,7788.75,368
2026-08-10 01:05:00-04:00,7789.0,7790.75,7789.0,7789.75,386
2026-08-10 01:10:00-04:00,7789.75,7790.5,7789.5,7790.25,189
2026-08-10 01:15:00-04:00,7790.25,7790.5,7789.5,7789.75,212
2026-08-10 01:20:00-04:00,7790.0,7790.25,7789.0,7790.25,282
2026-08-10 01:25:00-04:00,7790.25,7790.25,7788.75,7789.0,195
2026-08-10 01:30:00-04:00,7789.0,7789.25,7788.5,7789.25,275
2026-08-10 01:35:00-04:00,7789.25,7790.25,7789.25,7789.75,257
2026-08-10 01:40:00-04:00,7789.5,7789.75,7789.0,7789.0,177
2026-08-10 01:45:00-04:00,7789.0,7790.0,7788.75,7789.25,185
2026-08-10 01:50:00-04:00,7789.0,7790.75,7788.75,7790.75,221
2026-08-10 01:55:00-04:00,7790.75,7791.25,7790.25,7790.75,251
2026-08-10 02:00:00-04:00,7790.75,7791.75,7790.25,7790.75,624
2026-08-10 02:05:00-04:00,7790.75,7791.75,7790.75,7791.75,286
2026-08-10 02:10:00-04:00,7791.5,7792.75,7791.25,7791.75,611
2026-08-10 02:15:00-04:00,7791.5,7792.0,7791.25,7791.75,586
2026-08-10 02:20:00-04:00,7791.75,7791.75,7787.0,7787.25,961
2026-08-10 02:25:00-04:00,7787.25,7787.75,7784.75,7785.25,548
2026-08-10 02:30:00-04:00,7785.25,7787.0,7784.5,7786.5,782
2026-08-10 02:35:00-04:00,7786.25,7786.5,7784.75,7784.75,283
2026-08-10 02:40:00-04:00,7785.0,7785.75,7784.5,7785.5,373
2026-08-10 02:45:00-04:00,7785.75,7786.5,7785.5,7786.0,334
2026-08-10 02:50:00-04:00,7786.25,7787.25,7786.0,7786.5,299
2026-08-10 02:55:00-04:00,7786.5,7788.25,7786.0,7787.0,578
2026-08-10 03:00:00-04:00,7787.0,7788.75,7786.25,7787.0,1429
2026-08-10 03:05:00-04:00,7787.25,7787.5,7785.5,7786.0,763
2026-08-10 03:10:00-04:00,7786.0,7786.25,7783.5,7785.25,837
2026-08-10 03:15:00-04:00,7785.5,7787.5,7785.25,7787.5,654
2026-08-10 03:20:00-04:00,7787.5,7792.0,7787.25,7791.5,1282
2026-08-10 03:25:00-04:00,7791.75,7792.5,7789.75,7792.25,747
2026-08-10 03:30:00-04:00,7792.25,7793.0,7791.25,7792.0,761
2026-08-10 03:35:00-04:00,7792.0,7794.0,7792.0,7793.75,865
2026-08-10 03:40:00-04:00,7793.5,7794.25,7792.75,7794.0,846
2026-08-10 03:45:00-04:00,7794.0,7796.25,7790.0,7790.25,2142
2026-08-10 03:50:00-04:00,7790.25,7791.75,7789.5,7791.0,487
2026-08-10 03:55:00-04:00,7791.25,7792.75,7791.25,7792.25,467
2026-08-10 04:00:00-04:00,7792.25,7793.75,7790.75,7793.25,1144
2026-08-10 04:05:00-04:00,7793.25,7793.75,7791.25,7791.75,909
2026-08-10 04:10:00-04:00,7791.5,7791.5,7789.5,7791.25,547
2026-08-10 04:15:00-04:00,7791.25,7792.75,7791.0,7792.25,628
2026-08-10 04:20:00-04:00,7792.0,7792.0,7789.0,7791.25,622
2026-08-10 04:25:00-04:00,7791.5,7791.75,7790.5,7790.75,353
2026-08-10 04:30:00-04:00,7791.0,7791.5,7790.0,7791.0,528
2026-08-10 04:35:00-04:00,7791.25,7793.25,7791.25,7792.75,495
2026-08-10 04:40:00-04:00,7792.5,7793.0,7790.75,7791.25,493
2026-08-10 04:45:00-04:00,7791.25,7791.25,7790.25,7790.5,307
2026-08-10 04:50:00-04:00,7790.25,7791.0,7789.5,7790.5,567
2026-08-10 04:55:00-04:00,7790.5,7792.25,7790.25,7791.75,727
2026-08-10 05:00:00-04:00,7791.75,7792.5,7791.0,7792.0,630
2026-08-10 05:05:00-04:00,7792.0,7792.25,7791.25,7791.25,357
2026-08-10 05:10:00-04:00,7791.0,7792.5,7790.5,7792.0,457
2026-08-10 05:15:00-04:00,7792.0,7792.75,7790.5,7790.5,504
2026-08-10 05:20:00-04:00,7790.75,7792.75,7790.5,7792.75,364
2026-08-10 05:25:00-04:00,7792.75,7793.25,7791.75,7792.25,378
2026-08-10 05:30:00-04:00,7792.25,7793.25,7791.75,7792.75,549
2026-08-10 05:35:00-04:00,7792.5,7792.5,7789.75,7790.0,535
2026-08-10 05:40:00-04:00,7790.25,7790.25,7788.5,7789.75,381
2026-08-10 05:45:00-04:00,7789.75,7790.0,7789.0,7789.25,342
2026-08-10 05:50:00-04:00,7789.25,7790.0,7788.75,7789.5,541
2026-08-10 05:55:00-04:00,7789.5,7789.75,7789.0,7789.0,228
2026-08-10 06:00:00-04:00,7789.0,7791.0,7788.25,7790.75,822
2026-08-10 06:05:00-04:00,7790.75,7791.0,7789.25,7789.25,655
2026-08-10 06:10:00-04:00,7789.25,7789.25,7786.5,7787.0,491
2026-08-10 06:15:00-04:00,7786.75,7788.75,7786.5,7788.5,398
2026-08-10 06:20:00-04:00,7788.5,7791.0,7788.5,7790.75,660
2026-08-10 06:25:00-04:00,7790.75,7791.0,7789.75,7790.25,354
2026-08-10 06:30:00-04:00,7790.25,7790.25,7788.5,7789.25,552
2026-08-10 06:35:00-04:00,7789.25,7789.25,7785.75,7786.0,1277
2026-08-10 06:40:00-04:00,7786.0,7786.0,7784.75,7786.0,716
2026-08-10 06:45:00-04:00,7785.75,7786.5,7785.75,7786.25,414
2026-08-10 06:50:00-04:00,7786.25,7788.0,7786.25,7786.25,577
2026-08-10 06:55:00-04:00,7786.25,7786.25,7784.0,7785.5,957
2026-08-10 07:00:00-04:00,7785.5,7786.25,7780.5,7781.0,2382
2026-08-10 07:05:00-04:00,7780.75,7782.25,7780.0,7780.75,859
2026-08-10 07:10:00-04:00,7780.75,7781.75,7778.5,7780.5,1297
2026-08-10 07:15:00-04:00,7780.5,7781.75,7780.0,7780.75,1047
2026-08-10 07:20:00-04:00,7780.75,7783.5,7780.5,7782.5,921
2026-08-10 07:25:00-04:00,7782.25,7786.0,7781.75,7785.5,1030
2026-08-10 07:30:00-04:00,7785.75,7787.25,7785.5,7786.75,1149
2026-08-10 07:35:00-04:00,7787.0,7787.0,7784.25,7785.0,873
2026-08-10 07:40:00-04:00,7784.75,7786.75,7784.0,7784.0,1075
2026-08-10 07:45:00-04:00,7783.75,7785.25,7780.75,7781.25,1541
2026-08-10 07:50:00-04:00,7781.25,7783.25,7781.0,7782.5,1110
2026-08-10 07:55:00-04:00,7782.5,7783.0,7781.5,7782.5,699
2026-08-10 08:00:00-04:00,7782.25,7784.25,7781.0,7783.75,1385
2026-08-10 08:05:00-04:00,7784.0,7785.25,7781.75,7785.25,1084
2026-08-10 08:10:00-04:00,7785.25,7785.75,7781.0,7781.25,832
2026-08-10 08:15:00-04:00,7781.5,7781.5,7779.0,7779.75,1635
2026-08-10 08:20:00-04:00,7779.75,7780.25,7776.5,7777.5,1646
2026-08-10 08:25:00-04:00,7777.25,7779.0,7777.0,7778.75,1027
2026-08-10 08:30:00-04:00,7778.75,7779.25,7774.0,7774.0,2026
2026-08-10 08:35:00-04:00,7774.25,7776.0,7772.75,7773.5,1977
2026-08-10 08:40:00-04:00,7773.5,7774.75,7773.0,7774.5,1546
2026-08-10 08:45:00-04:00,7774.25,7775.5,7774.0,7774.25,1417
2026-08-10 08:50:00-04:00,7774.0,7774.0,7771.75,7772.0,1622
2026-08-10 08:55:00-04:00,7772.0,7774.0,7771.5,7773.75,1175
2026-08-10 09:00:00-04:00,7773.75,7776.25,7772.75,7775.5,3127
2026-08-10 09:05:00-04:00,7775.5,7776.5,7775.25,7776.25,1658
2026-08-10 09:10:00-04:00,7776.0,7777.25,7775.25,7776.5,1604
2026-08-10 09:15:00-04:00,7776.25,7777.75,7773.75,7775.75,2910
2026-08-10 09:20:00-04:00,7775.75,7776.0,7771.5,7773.75,3366
2026-08-10 09:25:00-04:00,7773.5,7774.25,7769.75,7772.75,5535
2026-08-10 09:30:00-04:00,7773.0,7783.5,7772.0,7772.75,28971
2026-08-10 09:35:00-04:00,7772.75,7777.75,7771.25,7774.5,20616
2026-08-10 09:40:00-04:00,7774.75,7777.5,7771.5,7773.0,17325
2026-08-10 09:45:00-04:00,7773.0,7779.25,7772.5,7777.5,13901
2026-08-10 09:50:00-04:00,7777.75,7781.0,7771.25,7777.75,18876
2026-08-10 09:55:00-04:00,7777.75,7781.75,7776.5,7780.75,10886
2026-08-10 10:00:00-04:00,7780.75,7785.0,7780.25,7783.25,16018
2026-08-10 10:05:00-04:00,7783.5,7787.0,7782.25,7787.0,8934
2026-08-10 10:10:00-04:00,7787.0,7789.5,7785.5,7789.0,8969
2026-08-10 10:15:00-04:00,7788.75,7790.25,7786.25,7789.5,8997
2026-08-10 10:20:00-04:00,7789.5,7791.0,7784.75,7786.25,10266
2026-08-10 10:25:00-04:00,7786.0,7791.25,7784.0,7790.25,9797
2026-08-10 10:30:00-04:00,7790.0,7793.5,7789.25,7790.0,11357
2026-08-10 10:35:00-04:00,7790.0,7792.75,7788.25,7790.0,7747
2026-08-10 10:40:00-04:00,7789.75,7793.0,7789.5,7792.5,5897
2026-08-10 10:45:00-04:00,7792.5,7798.0,7792.5,7795.5,11047
2026-08-10 10:50:00-04:00,7795.75,7796.25,7784.5,7785.25,14119
2026-08-10 10:55:00-04:00,7785.0,7787.5,7781.25,7781.5,15291
2026-08-10 11:00:00-04:00,7781.75,7786.0,7779.25,7783.75,15603
2026-08-10 11:05:00-04:00,7783.5,7786.75,7782.0,7782.0,8691
2026-08-10 11:10:00-04:00,7782.0,7785.75,7780.75,7784.75,7709
2026-08-10 11:15:00-04:00,7784.75,7788.5,7784.25,7785.75,9693
2026-08-10 11:20:00-04:00,7786.0,7787.5,7784.5,7785.75,6415
2026-08-10 11:25:00-04:00,7785.75,7786.0,7780.75,7784.25,7822
2026-08-10 11:30:00-04:00,7784.25,7785.5,7780.0,7780.75,9349
2026-08-10 11:35:00-04:00,7780.75,7782.5,7778.5,7779.0,7683
2026-08-10 11:40:00-04:00,7779.25,7784.75,7778.0,7784.5,6871
2026-08-10 11:45:00-04:00,7784.5,7785.25,7781.5,7782.0,5729
2026-08-10 11:50:00-04:00,7782.0,7790.25,7781.5,7788.5,7958
2026-08-10 11:55:00-04:00,7788.75,7790.75,7787.0,7790.0,7793
2026-08-10 12:00:00-04:00,7790.0,7791.25,7787.0,7788.25,6446
2026-08-10 12:05:00-04:00,7788.25,7788.75,7785.25,7786.5,5601
2026-08-10 12:10:00-04:00,7786.5,7788.0,7784.25,7784.5,5385
2026-08-10 12:15:00-04:00,7784.25,7784.5,7781.0,7783.25,7163
2026-08-10 12:20:00-04:00,7783.25,7785.25,7781.25,7784.0,4797
2026-08-10 12:25:00-04:00,7784.0,7785.75,7780.0,7780.25,6675
2026-08-10 12:30:00-04:00,7780.25,7781.25,7764.5,7773.75,19470
2026-08-10 12:35:00-04:00,7773.75,7777.25,7771.0,7772.0,9722
2026-08-10 12:40:00-04:00,7772.0,7773.0,7766.0,7767.75,11681
2026-08-10 12:45:00-04:00,7768.0,7772.75,7765.75,7772.75,9635
2026-08-10 12:50:00-04:00,7772.75,7773.0,7769.25,7771.75,6445
2026-08-10 12:55:00-04:00,7772.0,7776.25,7771.75,7776.25,6991
2026-08-10 13:00:00-04:00,7776.0,7777.0,7771.5,7773.5,6334
2026-08-10 13:05:00-04:00,7773.5,7777.75,7772.5,7777.25,5368
2026-08-10 13:10:00-04:00,7777.5,7779.0,7775.75,7777.5,4795
2026-08-10 13:15:00-04:00,7777.5,7779.5,7776.5,7777.75,4920
2026-08-10 13:20:00-04:00,7778.0,7778.75,7776.5,7778.0,4088
2026-08-10 13:25:00-04:00,7778.0,7778.5,7775.0,7777.5,5071
2026-08-10 13:30:00-04:00,7777.5,7779.25,7777.25,7777.75,4691
2026-08-10 13:35:00-04:00,7777.75,7778.25,7774.0,7774.75,4440
2026-08-10 13:40:00-04:00,7775.0,7776.25,7772.5,7773.0,4579
2026-08-10 13:45:00-04:00,7773.0,7774.25,7772.0,7773.25,4964
2026-08-10 13:50:00-04:00,7773.5,7774.0,7771.25,7772.75,5415
2026-08-10 13:55:00-04:00,7772.75,7774.75,7771.75,7773.75,4296
2026-08-10 14:00:00-04:00,7773.75,7775.25,7773.0,7773.75,4944
2026-08-10 14:05:00-04:00,7774.0,7776.75,7773.0,7776.0,4091
2026-08-10 14:10:00-04:00,7775.75,7777.25,7772.75,7773.25,4299
2026-08-10 14:15:00-04:00,7773.5,7774.0,7771.75,7772.25,4383
2026-08-10 14:20:00-04:00,7772.25,7774.0,7771.25,7772.0,3978
2026-08-10 14:25:00-04:00,7772.0,7773.5,7771.5,7771.5,3045
2026-08-10 14:30:00-04:00,7771.5,7773.25,7769.25,7771.75,6668
2026-08-10 14:35:00-04:00,7772.0,7773.5,7769.5,7772.0,4033
2026-08-10 14:40:00-04:00,7772.0,7775.75,7772.0,7775.25,4940
2026-08-10 14:45:00-04:00,7775.25,7776.0,7774.0,7775.25,4925
2026-08-10 14:50:00-04:00,7775.0,7778.25,7775.0,7777.75,4667
2026-08-10 14:55:00-04:00,7777.75,7779.75,7776.5,7778.5,5242
2026-08-10 15:00:00-04:00,7778.75,7780.0,7777.25,7778.5,6042
2026-08-10 15:05:00-04:00,7778.75,7780.75,7777.75,7780.75,6203
2026-08-10 15:10:00-04:00,7780.75,7780.75,7778.75,7779.75,5268
2026-08-10 15:15:00-04:00,7779.75,7781.25,7778.75,7779.75,4942
2026-08-10 15:20:00-04:00,7779.75,7780.75,7778.5,7780.5,5084
2026-08-10 15:25:00-04:00,7780.5,7780.5,7775.25,7775.75,7473
2026-08-10 15:30:00-04:00,7776.0,7776.75,7773.75,7775.25,8411
2026-08-10 15:35:00-04:00,7775.25,7779.5,7774.5,7778.5,6631
2026-08-10 15:40:00-04:00,7778.5,7778.75,7776.0,7777.5,5329
2026-08-10 15:45:00-04:00,7777.5,7778.75,7775.25,7778.25,6484
2026-08-10 15:50:00-04:00,7778.0,7778.0,7770.5,7771.25,18634
2026-08-10 15:55:00-04:00,7771.25,7779.0,7770.25,7778.0,67487
2026-08-10 16:00:00-04:00,7778.0,7778.25,7775.0,7775.75,16093
2026-08-10 16:05:00-04:00,7775.5,7776.5,7775.0,7775.75,3214
2026-08-10 16:10:00-04:00,7775.75,7776.0,7775.0,7775.5,2538
2026-08-10 16:15:00-04:00,7775.25,7776.75,7773.0,7773.25,4557
2026-08-10 16:20:00-04:00,7773.5,7775.0,7773.25,7774.75,2108
2026-08-10 16:25:00-04:00,7774.75,7776.75,7774.25,7776.25,1140
2026-08-10 16:30:00-04:00,7776.0,7776.25,7775.0,7775.75,1110
2026-08-10 16:35:00-04:00,7775.5,7776.0,7775.25,7775.5,605
2026-08-10 16:40:00-04:00,7775.5,7776.5,7775.25,7776.25,471
2026-08-10 16:45:00-04:00,7776.5,7777.25,7776.0,7777.25,1034
2026-08-10 16:50:00-04:00,7777.0,7778.5,7776.75,7778.25,1010
2026-08-10 16:55:00-04:00,7778.25,7778.25,7777.0,7777.25,1504
2026-08-10 18:00:00-04:00,7778.25,7781.25,7777.25,7778.75,0
2026-08-10 18:05:00-04:00,7778.75,7779.75,7777.25,7777.5,544
2026-08-10 18:10:00-04:00,7777.5,7778.0,7776.75,7777.5,394
2026-08-10 18:15:00-04:00,7777.75,7778.0,7775.75,7776.0,449
2026-08-10 18:20:00-04:00,7776.0,7776.5,7773.5,7774.0,617
2026-08-10 18:25:00-04:00,7774.0,7775.0,7774.0,7774.5,368
2026-08-10 18:30:00-04:00,7774.5,7774.5,7771.5,7772.25,598
2026-08-10 18:35:00-04:00,7772.25,7772.75,7771.25,7772.25,271
2026-08-10 18:40:00-04:00,7772.25,7772.75,7772.0,7772.25,246
2026-08-10 18:45:00-04:00,7772.25,7772.25,7772.0,7772.25,113
2026-08-10 18:50:00-04:00,7772.25,7773.0,7772.0,7772.5,139
2026-08-10 18:55:00-04:00,7772.5,7773.75,7772.25,7773.5,128
2026-08-10 19:00:00-04:00,7773.5,7774.0,7771.75,7772.5,673
2026-08-10 19:05:00-04:00,7772.5,7773.0,7772.5,7772.75,364
2026-08-10 19:10:00-04:00,7772.5,7773.0,7772.25,7772.75,262
2026-08-10 19:15:00-04:00,7772.75,7772.75,7771.25,7771.5,347
2026-08-10 19:20:00-04:00,7771.5,7771.75,7769.25,7770.25,890
2026-08-10 19:25:00-04:00,7770.5,7770.75,7769.25,7770.0,401
2026-08-10 19:30:00-04:00,7770.0,7770.25,7768.5,7769.75,367
2026-08-10 19:35:00-04:00,7770.0,7770.75,7769.75,7770.5,256
2026-08-10 19:40:00-04:00,7770.5,7772.0,7770.5,7771.5,218
2026-08-10 19:45:00-04:00,7771.5,7773.0,7770.5,7772.0,362
2026-08-10 19:50:00-04:00,7772.0,7772.0,7769.0,7769.5,430
2026-08-10 19:55:00-04:00,7769.5,7771.25,7766.5,7770.75,1078
2026-08-10 20:00:00-04:00,7770.75,7770.75,7767.75,7769.5,1257
2026-08-10 20:05:00-04:00,7769.5,7773.0,7769.0,7771.25,715
2026-08-10 20:10:00-04:00,7771.0,7777.0,7771.0,7776.25,1160
2026-08-10 20:15:00-04:00,7776.25,7776.25,7773.75,7774.75,578
2026-08-10 20:20:00-04:00,7775.0,7776.5,7773.25,7776.0,336
2026-08-10 20:25:00-04:00,7776.0,7778.25,7775.75,7778.0,472
2026-08-10 20:30:00-04:00,7778.0,7778.25,7776.75,7777.75,337
2026-08-10 20:35:00-04:00,7777.75,7779.0,7776.75,7777.25,336
2026-08-10 20:40:00-04:00,7777.25,7780.25,7777.25,7779.5,1130
2026-08-10 20:45:00-04:00,7779.75,7781.25,7779.0,7779.25,544
2026-08-10 20:50:00-04:00,7779.25,7780.5,7779.25,7780.0,340
2026-08-10 20:55:00-04:00,7780.0,7780.25,7779.25,7779.75,223
2026-08-10 21:00:00-04:00,7779.5,7780.5,7778.0,7779.25,827
2026-08-10 21:05:00-04:00,7779.25,7781.0,7778.5,7780.75,410
2026-08-10 21:10:00-04:00,7781.0,7785.25,7780.75,7784.75,1759
2026-08-10 21:15:00-04:00,7784.75,7785.25,7782.5,7783.0,710
2026-08-10 21:20:00-04:00,7783.25,7786.25,7783.0,7785.75,648
2026-08-10 21:25:00-04:00,7785.75,7785.75,7783.5,7784.75,322
2026-08-10 21:30:00-04:00,7784.75,7785.75,7783.75,7784.75,390
2026-08-10 21:35:00-04:00,7784.5,7784.75,7783.5,7784.25,313
2026-08-10 21:40:00-04:00,7783.75,7784.75,7783.5,7784.0,316
2026-08-10 21:45:00-04:00,7784.0,7786.5,7783.25,7786.0,695
2026-08-10 21:50:00-04:00,7786.0,7786.25,7785.0,7785.75,320
2026-08-10 21:55:00-04:00,7785.5,7786.0,7783.25,7783.25,497
2026-08-10 22:00:00-04:00,7783.0,7784.25,7782.75,7784.0,359
2026-08-10 22:05:00-04:00,7784.0,7784.0,7782.5,7783.0,348
2026-08-10 22:10:00-04:00,7783.0,7784.0,7783.0,7783.75,261
2026-08-10 22:15:00-04:00,7783.75,7784.75,7783.0,7783.5,267
2026-08-10 22:20:00-04:00,7783.75,7784.0,7783.0,7783.75,260
2026-08-10 22:25:00-04:00,7783.75,7785.0,7783.25,7784.75,272
2026-08-10 22:30:00-04:00,7784.75,7786.25,7784.75,7786.0,439
2026-08-10 22:35:00-04:00,7785.75,7786.0,7784.75,7785.0,251
2026-08-10 22:40:00-04:00,7785.25,7786.5,7785.25,7786.5,289
2026-08-10 22:45:00-04:00,7786.25,7786.75,7785.5,7785.75,290
2026-08-10 22:50:00-04:00,7785.5,7785.5,7784.5,7785.0,332
2026-08-10 22:55:00-04:00,7785.25,7785.25,7784.0,7784.5,242
2026-08-10 23:00:00-04:00,7784.25,7786.5,7784.25,7786.5,319
2026-08-10 23:05:00-04:00,7786.25,7786.5,7785.25,7786.25,287
2026-08-10 23:10:00-04:00,7786.25,7786.25,7785.5,7785.75,177
2026-08-10 23:15:00-04:00,7786.0,7786.5,7785.5,7786.25,222
2026-08-10 23:20:00-04:00,7786.0,7788.25,7785.75,7788.25,513
2026-08-10 23:25:00-04:00,7788.25,7789.25,7788.0,7788.5,382
2026-08-10 23:30:00-04:00,7788.75,7789.0,7786.75,7787.0,330
2026-08-10 23:35:00-04:00,7787.25,7788.5,7787.25,7788.0,220
2026-08-10 23:40:00-04:00,7788.0,7789.0,7787.25,7787.25,238
2026-08-10 23:45:00-04:00,7787.5,7787.5,7786.5,7787.25,320
2026-08-10 23:50:00-04:00,7787.0,7788.0,7787.0,7788.0,170
2026-08-10 23:55:00-04:00,7787.75,7787.75,7786.25,7787.0,193
2026-08-11 00:05:00-04:00,7787.0,7787.25,7787.0,7787.0,448
2026-08-11 00:10:00-04:00,7787.0,7788.25,7787.0,7787.75,235
2026-08-11 00:15:00-04:00,7788.0,7788.0,7787.25,7787.5,135
2026-08-11 00:20:00-04:00,7787.25,7787.25,7786.75,7787.0,174
2026-08-11 00:25:00-04:00,7786.75,7788.0,7786.75,7788.0,265
2026-08-11 00:30:00-04:00,7788.0,7789.5,7787.75,7787.75,465
2026-08-11 00:35:00-04:00,7787.75,7788.25,7787.25,7788.25,241
2026-08-11 00:40:00-04:00,7788.25,7788.25,7787.0,7787.25,178
2026-08-11 00:45:00-04:00,7787.25,7788.0,7787.25,7787.5,134
2026-08-11 00:50:00-04:00,7787.5,7787.5,7786.75,7787.0,178
2026-08-11 00:55:00-04:00,7787.0,7787.5,7787.0,7787.0,109
2026-08-11 01:00:00-04:00,7787.0,7787.5,7786.5,7787.0,216
2026-08-11 01:05:00-04:00,7786.75,7788.0,7786.25,7787.5,227
2026-08-11 01:10:00-04:00,7787.75,7788.75,7787.5,7788.75,256
2026-08-11 01:15:00-04:00,7788.75,7788.75,7786.5,7786.5,315
2026-08-11 01:20:00-04:00,7786.25,7786.25,7785.0,7785.25,363
2026-08-11 01:25:00-04:00,7785.25,7785.5,7784.75,7785.0,192
2026-08-11 01:30:00-04:00,7785.25,7785.25,7783.0,7785.25,508
2026-08-11 01:35:00-04:00,7785.25,7786.25,7784.75,7785.5,280
2026-08-11 01:40:00-04:00,7785.5,7786.0,7785.0,7785.5,108
2026-08-11 01:45:00-04:00,7785.25,7785.5,7781.75,7781.75,483
2026-08-11 01:50:00-04:00,7782.0,7782.75,7780.5,7781.25,642
2026-08-11 01:55:00-04:00,7781.0,7781.75,7780.5,7780.5,370
2026-08-11 02:00:00-04:00,7780.75,7783.5,7780.25,7783.25,523
2026-08-11 02:05:00-04:00,7783.0,7783.5,7782.75,7783.0,285
2026-08-11 02:10:00-04:00,7783.0,7784.5,7783.0,7783.5,277
2026-08-11 02:15:00-04:00,7783.5,7783.75,7778.75,7778.75,581
2026-08-11 02:20:00-04:00,7779.0,7779.25,7777.25,7777.5,884
2026-08-11 02:25:00-04:00,7777.75,7777.75,7775.0,7775.5,685
2026-08-11 02:30:00-04:00,7775.25,7777.0,7770.5,7772.75,1870
2026-08-11 02:35:00-04:00,7772.5,7777.75,7771.75,7777.5,1135
2026-08-11 02:40:00-04:00,7777.5,7778.5,7777.0,7777.0,724
2026-08-11 02:45:00-04:00,7777.25,7777.5,7775.25,7775.5,524
2026-08-11 02:50:00-04:00,7775.25,7776.0,7773.0,7773.0,595
2026-08-11 02:55:00-04:00,7773.25,7774.75,7773.0,7774.75,418
2026-08-11 03:00:00-04:00,7775.0,7777.0,7773.5,7775.0,1298
2026-08-11 03:05:00-04:00,7775.25,7775.25,7771.75,7773.5,1295
2026-08-11 03:10:00-04:00,7773.5,7775.25,7773.0,7774.25,588
2026-08-11 03:15:00-04:00,7774.0,7775.0,7772.25,7772.75,531
2026-08-11 03:20:00-04:00,7772.75,7773.0,7770.75,7771.75,806
2026-08-11 03:25:00-04:00,7771.75,7774.5,7771.5,7772.75,532
2026-08-11 03:30:00-04:00,7773.0,7776.0,7773.0,7776.0,655
2026-08-11 03:35:00-04:00,7776.0,7777.5,7775.75,7775.75,659
2026-08-11 03:40:00-04:00,7775.75,7776.75,7774.25,7776.0,737
2026-08-11 03:45:00-04:00,7775.75,7776.5,7774.25,7774.75,615
2026-08-11 03:50:00-04:00,7774.75,7776.25,7773.75,7773.75,366
2026-08-11 03:55:00-04:00,7773.75,7776.75,7773.5,7776.0,457
2026-08-11 04:00:00-04:00,7776.0,7780.5,7775.75,7777.25,1707
2026-08-11 04:05:00-04:00,7777.25,7777.5,7773.25,7773.5,929
2026-08-11 04:10:00-04:00,7773.75,7774.75,7771.0,7771.25,1029
2026-08-11 04:15:00-04:00,7771.25,7772.75,7770.75,7771.25,764
2026-08-11 04:20:00-04:00,7771.25,7773.25,7770.0,7772.75,1280
2026-08-11 04:25:00-04:00,7772.75,7774.75,7772.5,7772.75,787
2026-08-11 04:30:00-04:00,7772.75,7774.25,7771.25,7772.25,529
2026-08-11 04:35:00-04:00,7772.5,7773.0,7771.0,7772.75,518
2026-08-11 04:40:00-04:00,7772.75,7776.25,7772.5,7776.0,619
2026-08-11 04:45:00-04:00,7776.0,7777.5,7775.25,7776.5,1250
2026-08-11 04:50:00-04:00,7776.25,7776.75,7775.25,7776.25,519
2026-08-11 04:55:00-04:00,7776.25,7776.25,7774.25,7775.0,667
2026-08-11 05:00:00-04:00,7775.0,7775.5,7773.0,7774.0,1204
2026-08-11 05:05:00-04:00,7774.25,7776.0,7771.5,7771.5,753
2026-08-11 05:10:00-04:00,7771.75,7774.0,7771.75,7774.0,774
2026-08-11 05:15:00-04:00,7774.0,7777.75,7773.25,7777.0,707
2026-08-11 05:20:00-04:00,7777.0,7778.25,7775.75,7776.5,510
2026-08-11 05:25:00-04:00,7776.25,7777.0,7775.0,7776.75,516
2026-08-11 05:30:00-04:00,7776.5,7779.25,7776.5,7777.75,920
2026-08-11 05:35:00-04:00,7778.0,7779.0,7777.5,7778.75,588
2026-08-11 05:40:00-04:00,7778.75,7780.5,7778.25,7778.25,583
2026-08-11 05:45:00-04:00,7778.25,7779.75,7778.25,7779.0,437
2026-08-11 05:50:00-04:00,7778.75,7778.75,7777.5,7777.75,312
2026-08-11 05:55:00-04:00,7778.0,7778.75,7777.25,7778.0,343
2026-08-11 06:00:00-04:00,7778.0,7778.5,7776.75,7776.75,538
2026-08-11 06:05:00-04:00,7776.5,7777.25,7775.75,7777.25,542
2026-08-11 06:10:00-04:00,7777.25,7777.5,7776.0,7776.0,483
2026-08-11 06:15:00-04:00,7776.0,7778.0,7775.0,7778.0,477
2026-08-11 06:20:00-04:00,7778.0,7783.0,7777.75,7782.0,1961
2026-08-11 06:25:00-04:00,7782.25,7787.75,7781.5,7786.0,1809
2026-08-11 06:30:00-04:00,7786.0,7786.0,7782.5,7783.5,1012
2026-08-11 06:35:00-04:00,7783.5,7784.0,7782.5,7782.5,483
2026-08-11 06:40:00-04:00,7782.5,7785.0,7782.5,7784.75,458
2026-08-11 06:45:00-04:00,7784.5,7786.25,7784.25,7786.0,573
2026-08-11 06:50:00-04:00,7786.0,7786.25,7785.0,7785.0,516
2026-08-11 06:55:00-04:00,7785.0,7785.25,7784.25,7785.25,558
2026-08-11 07:00:00-04:00,7785.25,7796.0,7784.75,7794.25,8370
2026-08-11 07:05:00-04:00,7794.25,7795.0,7791.5,7792.5,2144
2026-08-11 07:10:00-04:00,7792.75,7794.75,7792.25,7793.5,1300
2026-08-11 07:15:00-04:00,7793.5,7794.25,7787.75,7788.0,1598
2026-08-11 07:20:00-04:00,7788.0,7789.0,7787.25,7787.25,1060
2026-08-11 07:25:00-04:00,7787.25,7789.0,7787.0,7788.25,1020
2026-08-11 07:30:00-04:00,7788.25,7789.25,7786.0,7787.0,1003
2026-08-11 07:35:00-04:00,7787.0,7787.75,7785.75,7786.5,1101
2026-08-11 07:40:00-04:00,7786.5,7788.5,7786.25,7788.25,1443
2026-08-11 07:45:00-04:00,7788.25,7788.75,7787.0,7787.75,850
2026-08-11 07:50:00-04:00,7788.0,7790.5,7787.75,7790.25,748
2026-08-11 07:55:00-04:00,7790.0,7790.25,7788.25,7789.25,551
2026-08-11 08:00:00-04:00,7789.25,7790.25,7788.0,7789.25,834
2026-08-11 08:05:00-04:00,7789.25,7791.75,7789.25,7791.5,1174
2026-08-11 08:10:00-04:00,7791.5,7792.75,7791.0,7792.75,1331
2026-08-11 08:15:00-04:00,7793.0,7795.25,7792.0,7793.0,2894
2026-08-11 08:20:00-04:00,7793.0,7794.0,7785.25,7786.25,5551
2026-08-11 08:25:00-04:00,7786.25,7788.75,7786.25,7788.25,1665
2026-08-11 08:30:00-04:00,7788.0,7788.75,7786.5,7788.25,1595
2026-08-11 08:35:00-04:00,7788.0,7791.25,7787.75,7790.75,1166
2026-08-11 08:40:00-04:00,7790.5,7790.75,7789.0,7789.75,931
2026-08-11 08:45:00-04:00,7789.75,7790.0,7788.0,7788.25,1223
2026-08-11 08:50:00-04:00,7788.25,7788.75,7786.75,7787.75,1154
2026-08-11 08:55:00-04:00,7788.0,7789.0,7787.5,7787.5,886
2026-08-11 09:00:00-04:00,7787.75,7790.25,7787.5,7788.5,1866
2026-08-11 09:05:00-04:00,7788.5,7791.75,7788.5,7791.0,1505
2026-08-11 09:10:00-04:00,7791.0,7791.0,7787.0,7787.75,1645
2026-08-11 09:15:00-04:00,7787.75,7792.0,7786.25,7791.25,3287
2026-08-11 09:20:00-04:00,7791.0,7792.0,7790.5,7791.25,1291
2026-08-11 09:25:00-04:00,7791.5,7793.5,7790.0,7791.5,5758
2026-08-11 09:30:00-04:00,7791.75,7792.5,7778.5,7780.75,31076
2026-08-11 09:35:00-04:00,7780.75,7781.75,7774.75,7777.5,19754
2026-08-11 09:40:00-04:00,7777.5,7783.5,7777.0,7778.75,15402
2026-08-11 09:45:00-04:00,7778.75,7781.0,7771.75,7774.5,20629
2026-08-11 09:50:00-04:00,7774.5,7777.5,7771.75,7775.0,12045
2026-08-11 09:55:00-04:00,7775.0,7782.5,7774.0,7782.0,10835
2026-08-11 10:00:00-04:00,7782.25,7787.0,7780.75,7785.0,14624
2026-08-11 10:05:00-04:00,7784.75,7786.0,7781.25,7784.0,11176
2026-08-11 10:10:00-04:00,7784.0,7785.75,7781.75,7784.0,9317
2026-08-11 10:15:00-04:00,7784.0,7785.75,7779.75,7782.25,10115
2026-08-11 10:20:00-04:00,7782.5,7784.75,7779.75,7780.0,7656
2026-08-11 10:25:00-04:00,7780.0,7785.5,7779.25,7784.75,9039
2026-08-11 10:30:00-04:00,7784.75,7785.25,7780.5,7782.75,7229
2026-08-11 10:35:00-04:00,7782.75,7783.75,7778.0,7779.5,8932
2026-08-11 10:40:00-04:00,7779.5,7782.75,7778.75,7779.5,12953
2026-08-11 10:45:00-04:00,7779.75,7785.5,7779.5,7784.75,13334
2026-08-11 10:50:00-04:00,7784.75,7786.25,7780.25,7784.75,15239
2026-08-11 10:55:00-04:00,7784.75,7786.25,7781.25,7782.0,7579
2026-08-11 11:00:00-04:00,7782.0,7784.0,7779.5,7780.75,7095
2026-08-11 11:05:00-04:00,7780.75,7780.75,7772.75,7773.5,12700
2026-08-11 11:10:00-04:00,7773.5,7775.0,7771.0,7772.25,11864
2026-08-11 11:15:00-04:00,7772.0,7772.25,7767.5,7769.75,12033
2026-08-11 11:20:00-04:00,7769.75,7774.0,7769.25,7771.0,9936
2026-08-11 11:25:00-04:00,7770.75,7772.5,7769.5,7769.5,7535
2026-08-11 11:30:00-04:00,7769.75,7771.25,7763.25,7765.0,16168
2026-08-11 11:35:00-04:00,7764.75,7766.75,7762.25,7764.25,13235
2026-08-11 11:40:00-04:00,7764.0,7767.5,7763.25,7767.25,9687
2026-08-11 11:45:00-04:00,7767.25,7767.25,7764.25,7765.5,7555
2026-08-11 11:50:00-04:00,7765.25,7768.0,7763.0,7763.75,7155
2026-08-11 11:55:00-04:00,7763.75,7767.0,7763.25,7765.5,5740
2026-08-11 12:00:00-04:00,7765.5,7768.75,7765.5,7765.75,6129
2026-08-11 12:05:00-04:00,7765.75,7769.5,7765.0,7768.5,5886
2026-08-11 12:10:00-04:00,7768.5,7768.75,7764.75,7765.25,5313
2026-08-11 12:15:00-04:00,7765.25,7769.75,7765.0,7766.25,4669
2026-08-11 12:20:00-04:00,7766.0,7767.5,7761.5,7762.5,8854
2026-08-11 12:25:00-04:00,7762.25,7764.25,7759.25,7763.5,11143
2026-08-11 12:30:00-04:00,7763.25,7764.5,7760.0,7761.0,5784
2026-08-11 12:35:00-04:00,7760.75,7765.25,7760.5,7764.0,5272
2026-08-11 12:40:00-04:00,7764.0,7764.0,7760.75,7761.5,4646
2026-08-11 12:45:00-04:00,7761.25,7761.5,7758.0,7759.75,7779
2026-08-11 12:50:00-04:00,7759.5,7761.0,7758.25,7759.0,5151
2026-08-11 12:55:00-04:00,7759.25,7759.25,7755.75,7756.75,8527
2026-08-11 13:00:00-04:00,7756.75,7758.0,7753.0,7753.0,7390
2026-08-11 13:05:00-04:00,7753.0,7756.25,7753.0,7754.25,5288
2026-08-11 13:10:00-04:00,7754.0,7754.0,7748.25,7748.5,8453
2026-08-11 13:15:00-04:00,7748.5,7753.75,7747.75,7752.75,8210
2026-08-11 13:20:00-04:00,7752.75,7755.5,7751.25,7754.25,8305
2026-08-11 13:25:00-04:00,7754.25,7755.5,7752.0,7753.5,5949
2026-08-11 13:30:00-04:00,7753.75,7754.75,7752.5,7754.75,4828
2026-08-11 13:35:00-04:00,7754.5,7756.75,7753.0,7754.25,5927
2026-08-11 13:40:00-04:00,7754.0,7758.5,7753.75,7757.75,6158
2026-08-11 13:45:00-04:00,7758.0,7759.0,7756.5,7757.0,5477
2026-08-11 13:50:00-04:00,7757.25,7758.5,7756.75,7758.0,3894
2026-08-11 13:55:00-04:00,7758.25,7758.25,7756.25,7757.5,4535
2026-08-11 14:00:00-04:00,7757.75,7757.75,7754.5,7756.25,6463
2026-08-11 14:05:00-04:00,7756.0,7757.0,7752.0,7752.5,5413
2026-08-11 14:10:00-04:00,7752.5,7754.75,7752.0,7753.75,4101
2026-08-11 14:15:00-04:00,7753.75,7755.0,7752.0,7753.0,3766
2026-08-11 14:20:00-04:00,7753.0,7753.0,7748.0,7750.25,7794
2026-08-11 14:25:00-04:00,7750.25,7751.0,7738.0,7740.25,14937
2026-08-11 14:30:00-04:00,7740.5,7746.0,7740.5,7745.25,12224
2026-08-11 14:35:00-04:00,7745.5,7747.75,7744.75,7745.5,7203
2026-08-11 14:40:00-04:00,7745.5,7745.5,7742.0,7743.25,6995
2026-08-11 14:45:00-04:00,7743.25,7749.0,7743.25,7748.75,6680
2026-08-11 14:50:00-04:00,7748.75,7750.25,7747.0,7749.0,6048
2026-08-11 14:55:00-04:00,7749.0,7749.25,7746.0,7746.25,6537
2026-08-11 15:00:00-04:00,7746.0,7747.5,7744.0,7746.5,7648
2026-08-11 15:05:00-04:00,7746.25,7746.75,7743.75,7746.25,5340
2026-08-11 15:10:00-04:00,7746.25,7749.0,7745.5,7747.75,5672
2026-08-11 15:15:00-04:00,7747.75,7750.5,7747.0,7749.75,6031
2026-08-11 15:20:00-04:00,7750.0,7752.0,7749.25,7751.75,6580
2026-08-11 15:25:00-04:00,7751.75,7752.25,7749.75,7751.75,6779
2026-08-11 15:30:00-04:00,7751.75,7753.75,7751.25,7753.5,8433
2026-08-11 15:35:00-04:00,7753.5,7756.5,7752.5,7756.25,8482
2026-08-11 15:40:00-04:00,7756.5,7756.5,7752.5,7752.75,8238
2026-08-11 15:45:00-04:00,7752.75,7753.0,7748.5,7749.25,11425
2026-08-11 15:50:00-04:00,7749.25,7750.0,7743.5,7749.5,21598
2026-08-11 15:55:00-04:00,7749.5,7750.75,7743.25,7750.0,70780
2026-08-11 16:00:00-04:00,7750.0,7752.5,7746.75,7748.0,19589
2026-08-11 16:05:00-04:00,7748.25,7752.0,7748.0,7752.0,5040
2026-08-11 16:10:00-04:00,7751.75,7753.0,7750.25,7752.25,3327
2026-08-11 16:15:00-04:00,7752.0,7753.5,7751.5,7752.75,2184
2026-08-11 16:20:00-04:00,7752.75,7755.75,7752.75,7755.75,1321
2026-08-11 16:25:00-04:00,7755.5,7757.0,7754.75,7756.5,1351
2026-08-11 16:30:00-04:00,7756.75,7757.75,7756.5,7757.25,1416
2026-08-11 16:35:00-04:00,7757.0,7757.5,7756.25,7756.5,868
2026-08-11 16:40:00-04:00,7756.75,7756.75,7755.75,7756.5,972
2026-08-11 16:45:00-04:00,7756.5,7756.5,7754.25,7754.25,1748
2026-08-11 16:50:00-04:00,7754.25,7754.5,7753.0,7753.5,1725
2026-08-11 16:55:00-04:00,7753.5,7754.25,7752.5,7753.25,2166
2026-08-11 18:00:00-04:00,7756.0,7756.5,7751.5,7752.75,0
2026-08-11 18:05:00-04:00,7752.5,7754.0,7751.75,7753.25,436
2026-08-11 18:10:00-04:00,7753.0,7755.5,7751.75,7755.25,307
2026-08-11 18:15:00-04:00,7755.75,7755.75,7754.75,7754.75,176
2026-08-11 18:20:00-04:00,7755.0,7755.75,7755.0,7755.25,164
2026-08-11 18:25:00-04:00,7755.25,7755.25,7754.0,7754.5,178
2026-08-11 18:30:00-04:00,7754.25,7755.25,7752.5,7754.0,358
2026-08-11 18:35:00-04:00,7754.25,7755.0,7753.25,7753.25,174
2026-08-11 18:40:00-04:00,7753.5,7754.0,7751.75,7752.0,500
2026-08-11 18:45:00-04:00,7751.75,7752.75,7750.5,7752.25,638
2026-08-11 18:50:00-04:00,7752.25,7753.25,7751.75,7752.75,113
2026-08-11 18:55:00-04:00,7753.0,7753.75,7752.5,7752.75,139
2026-08-11 19:00:00-04:00,7753.0,7753.75,7752.25,7752.75,164
2026-08-11 19:05:00-04:00,7753.0,7753.25,7751.75,7753.25,101
2026-08-11 19:10:00-04:00,7753.0,7753.25,7752.0,7752.5,76
2026-08-11 19:15:00-04:00,7752.5,7753.0,7752.5,7753.0,78
2026-08-11 19:20:00-04:00,7753.0,7753.25,7752.75,7753.0,69
2026-08-11 19:25:00-04:00,7753.0,7754.25,7753.0,7754.0,121
2026-08-11 19:30:00-04:00,7753.75,7753.75,7752.0,7752.5,190
2026-08-11 19:35:00-04:00,7752.5,7752.75,7752.0,7752.25,66
2026-08-11 19:40:00-04:00,7752.25,7753.25,7752.25,7753.0,72
2026-08-11 19:45:00-04:00,7753.0,7753.0,7752.0,7752.5,159
2026-08-11 19:50:00-04:00,7752.75,7755.5,7752.75,7755.25,289
2026-08-11 19:55:00-04:00,7755.0,7755.75,7755.0,7755.25,194
2026-08-11 20:00:00-04:00,7755.25,7755.5,7750.0,7751.25,1536
2026-08-11 20:05:00-04:00,7751.5,7752.0,7749.0,7750.25,552
2026-08-11 20:10:00-04:00,7750.0,7752.25,7749.25,7752.25,416
2026-08-11 20:15:00-04:00,7752.0,7754.25,7750.25,7754.0,537
2026-08-11 20:20:00-04:00,7754.0,7754.75,7752.75,7754.0,312
2026-08-11 20:25:00-04:00,7754.25,7754.25,7751.75,7752.5,310
2026-08-11 20:30:00-04:00,7752.75,7753.25,7751.25,7752.75,460
2026-08-11 20:35:00-04:00,7752.5,7754.0,7752.0,7752.0,378
2026-08-11 20:40:00-04:00,7752.0,7752.75,7751.5,7752.5,262
2026-08-11 20:45:00-04:00,7752.5,7753.25,7751.5,7752.0,322
2026-08-11 20:50:00-04:00,7752.0,7752.25,7751.0,7751.25,378
2026-08-11 20:55:00-04:00,7751.25,7752.75,7751.25,7752.5,206
2026-08-11 21:00:00-04:00,7752.5,7753.5,7751.5,7753.25,371
2026-08-11 21:05:00-04:00,7753.5,7754.0,7751.25,7753.25,326
2026-08-11 21:10:00-04:00,7753.25,7753.5,7751.75,7752.25,202
2026-08-11 21:15:00-04:00,7752.5,7752.5,7749.75,7750.75,499
2026-08-11 21:20:00-04:00,7750.75,7751.25,7748.5,7749.5,480
2026-08-11 21:25:00-04:00,7749.5,7751.5,7749.0,7751.0,337
2026-08-11 21:30:00-04:00,7750.75,7750.75,7749.5,7749.5,185
2026-08-11 21:35:00-04:00,7749.75,7750.5,7749.25,7750.0,226
2026-08-11 21:40:00-04:00,7750.0,7752.5,7750.0,7752.25,892
2026-08-11 21:45:00-04:00,7752.25,7752.75,7751.0,7752.0,407
2026-08-11 21:50:00-04:00,7751.75,7752.5,7749.75,7750.75,498
2026-08-11 21:55:00-04:00,7750.75,7750.75,7748.75,7749.75,427
2026-08-11 22:00:00-04:00,7749.75,7751.5,7749.75,7750.5,380
2026-08-11 22:05:00-04:00,7750.5,7751.25,7750.0,7751.0,223
2026-08-11 22:10:00-04:00,7751.25,7751.5,7750.25,7751.5,165
2026-08-11 22:15:00-04:00,7751.5,7752.25,7751.0,7751.75,236
2026-08-11 22:20:00-04:00,7752.0,7752.25,7751.25,7751.25,195
2026-08-11 22:25:00-04:00,7751.25,7753.0,7751.25,7752.75,257
2026-08-11 22:30:00-04:00,7752.75,7754.0,7752.75,7753.5,625
2026-08-11 22:35:00-04:00,7753.5,7753.75,7753.25,7753.25,203
2026-08-11 22:40:00-04:00,7753.25,7754.5,7753.25,7753.75,520
2026-08-11 22:45:00-04:00,7753.75,7754.5,7753.75,7754.5,158
2026-08-11 22:50:00-04:00,7754.5,7755.25,7754.5,7755.0,190
2026-08-11 22:55:00-04:00,7755.25,7755.5,7755.0,7755.5,192
2026-08-11 23:00:00-04:00,7755.5,7756.5,7755.5,7755.75,436
2026-08-11 23:05:00-04:00,7755.5,7756.0,7755.25,7755.25,244
2026-08-11 23:10:00-04:00,7755.5,7756.5,7755.5,7756.25,242
2026-08-11 23:15:00-04:00,7756.25,7756.5,7754.5,7755.25,195
2026-08-11 23:20:00-04:00,7755.25,7755.75,7755.0,7755.25,167
2026-08-11 23:25:00-04:00,7755.0,7756.5,7755.0,7756.0,221
2026-08-11 23:30:00-04:00,7755.75,7756.0,7754.5,7754.75,241
2026-08-11 23:35:00-04:00,7754.75,7755.5,7754.0,7754.25,197
2026-08-11 23:40:00-04:00,7754.25,7754.5,7753.75,7754.0,222
2026-08-11 23:45:00-04:00,7754.25,7755.25,7754.25,7755.25,105
2026-08-11 23:50:00-04:00,7755.25,7755.5,7754.25,7754.5,203
2026-08-11 23:55:00-04:00,7754.5,7755.5,7754.5,7755.5,101
2026-08-12 00:05:00-04:00,7754.5,7755.0,7754.5,7755.0,427
2026-08-12 00:10:00-04:00,7755.0,7755.75,7754.75,7755.5,87
2026-08-12 00:15:00-04:00,7755.5,7755.5,7754.5,7755.0,197
2026-08-12 00:20:00-04:00,7755.0,7756.0,7755.0,7756.0,189
2026-08-12 00:25:00-04:00,7756.25,7756.5,7755.75,7756.0,284
2026-08-12 00:30:00-04:00,7756.25,7756.25,7754.5,7754.75,229
2026-08-12 00:35:00-04:00,7755.0,7755.75,7755.0,7755.5,97
2026-08-12 00:40:00-04:00,7755.75,7755.75,7755.0,7755.25,161
2026-08-12 00:45:00-04:00,7755.25,7757.75,7754.75,7757.75,250
2026-08-12 00:50:00-04:00,7757.5,7758.0,7757.25,7757.5,173
2026-08-12 00:55:00-04:00,7757.5,7757.75,7757.0,7757.25,169
2026-08-12 01:00:00-04:00,7757.5,7757.5,7756.5,7756.75,253
2026-08-12 01:05:00-04:00,7756.75,7757.0,7755.0,7755.75,222
2026-08-12 01:10:00-04:00,7756.0,7756.0,7755.0,7755.0,171
2026-08-12 01:15:00-04:00,7754.75,7755.5,7754.5,7755.0,240
2026-08-12 01:20:00-04:00,7754.75,7754.75,7752.75,7754.25,320
2026-08-12 01:25:00-04:00,7754.25,7755.5,7754.25,7755.5,174
2026-08-12 01:30:00-04:00,7755.5,7757.5,7755.25,7756.5,249
2026-08-12 01:35:00-04:00,7756.25,7756.75,7756.0,7756.5,189
2026-08-12 01:40:00-04:00,7756.5,7756.5,7755.5,7755.5,189
2026-08-12 01:45:00-04:00,7755.5,7756.5,7755.5,7756.0,142
2026-08-12 01:50:00-04:00,7756.0,7757.25,7755.5,7757.0,192
2026-08-12 01:55:00-04:00,7757.25,7757.5,7756.5,7756.75,202
2026-08-12 02:00:00-04:00,7756.75,7757.75,7756.75,7757.75,385
2026-08-12 02:05:00-04:00,7757.5,7757.75,7757.0,7757.0,285
2026-08-12 02:10:00-04:00,7757.0,7757.0,7754.25,7755.25,571
2026-08-12 02:15:00-04:00,7755.25,7756.0,7754.25,7755.75,315
2026-08-12 02:20:00-04:00,7755.75,7755.75,7754.25,7754.75,234
2026-08-12 02:25:00-04:00,7754.75,7756.5,7754.5,7756.0,289
2026-08-12 02:30:00-04:00,7756.0,7757.5,7755.5,7757.0,443
2026-08-12 02:35:00-04:00,7756.75,7758.75,7756.75,7758.25,315
2026-08-12 02:40:00-04:00,7758.25,7758.5,7755.75,7756.5,439
2026-08-12 02:45:00-04:00,7756.75,7758.25,7756.75,7758.0,488
2026-08-12 02:50:00-04:00,7758.0,7759.25,7758.0,7758.5,424
2026-08-12 02:55:00-04:00,7758.5,7759.75,7758.5,7759.75,613
2026-08-12 03:00:00-04:00,7759.5,7760.75,7759.0,7760.25,2020
2026-08-12 03:05:00-04:00,7760.25,7761.25,7759.75,7760.5,859
2026-08-12 03:10:00-04:00,7760.5,7761.5,7760.0,7760.0,600
2026-08-12 03:15:00-04:00,7760.0,7761.0,7760.0,7760.25,348
2026-08-12 03:20:00-04:00,7760.25,7760.25,7757.75,7758.0,944
2026-08-12 03:25:00-04:00,7758.25,7759.0,7757.25,7758.75,856
2026-08-12 03:30:00-04:00,7758.5,7759.0,7758.0,7758.75,370
2026-08-12 03:35:00-04:00,7758.75,7760.5,7758.75,7759.75,625
2026-08-12 03:40:00-04:00,7759.75,7760.5,7758.75,7760.5,373
2026-08-12 03:45:00-04:00,7760.25,7760.5,7758.5,7758.75,462
2026-08-12 03:50:00-04:00,7758.75,7759.5,7758.5,7759.0,359
2026-08-12 03:55:00-04:00,7758.75,7759.5,7757.0,7759.5,525
2026-08-12 04:00:00-04:00,7759.5,7762.75,7759.0,7761.5,1236
2026-08-12 04:05:00-04:00,7761.5,7762.25,7760.75,7761.0,571
2026-08-12 04:10:00-04:00,7761.25,7762.0,7760.75,7761.75,648
2026-08-12 04:15:00-04:00,7761.5,7762.5,7761.0,7762.0,512
2026-08-12 04:20:00-04:00,7762.0,7762.75,7761.75,7762.5,421
2026-08-12 04:25:00-04:00,7762.5,7762.5,7761.5,7762.0,384
2026-08-12 04:30:00-04:00,7761.75,7761.75,7758.25,7758.5,713
2026-08-12 04:35:00-04:00,7758.25,7759.75,7758.25,7759.75,380
2026-08-12 04:40:00-04:00,7759.75,7760.5,7759.25,7760.5,362
2026-08-12 04:45:00-04:00,7760.25,7762.0,7760.0,7762.0,536
2026-08-12 04:50:00-04:00,7762.25,7763.5,7762.25,7763.25,433
2026-08-12 04:55:00-04:00,7763.25,7763.5,7762.25,7762.25,456
2026-08-12 05:00:00-04:00,7762.5,7764.5,7762.25,7763.75,619
2026-08-12 05:05:00-04:00,7763.75,7764.75,7762.75,7764.25,350
2026-08-12 05:10:00-04:00,7764.25,7765.25,7764.25,7764.75,549
2026-08-12 05:15:00-04:00,7765.0,7765.5,7764.75,7765.0,327
2026-08-12 05:20:00-04:00,7765.0,7771.75,7764.25,7771.75,2731
2026-08-12 05:25:00-04:00,7771.75,7773.75,7767.75,7768.25,2650
2026-08-12 05:30:00-04:00,7768.25,7770.5,7768.25,7769.0,2438
2026-08-12 05:35:00-04:00,7769.25,7770.25,7768.5,7770.0,670
2026-08-12 05:40:00-04:00,7770.0,7770.25,7768.75,7769.25,513
2026-08-12 05:45:00-04:00,7769.25,7769.25,7767.5,7768.75,1000
2026-08-12 05:50:00-04:00,7768.75,7771.0,7765.0,7765.25,1609
2026-08-12 05:55:00-04:00,7765.25,7767.0,7765.0,7766.5,566
2026-08-12 06:00:00-04:00,7766.25,7768.0,7766.25,7767.75,492
2026-08-12 06:05:00-04:00,7767.5,7768.25,7767.0,7768.25,460
2026-08-12 06:10:00-04:00,7768.0,7769.75,7768.0,7769.25,486
2026-08-12 06:15:00-04:00,7769.25,7769.75,7768.75,7769.25,329
2026-08-12 06:20:00-04:00,7769.5,7770.0,7769.25,7769.75,453
2026-08-12 06:25:00-04:00,7769.75,7769.75,7768.25,7768.25,517
2026-08-12 06:30:00-04:00,7768.25,7769.5,7767.75,7769.5,614
2026-08-12 06:35:00-04:00,7769.5,7770.0,7768.5,7769.25,356
2026-08-12 06:40:00-04:00,7769.25,7770.25,7769.25,7769.5,324
2026-08-12 06:45:00-04:00,7769.25,7770.0,7759.25,7765.0,4031
2026-08-12 06:50:00-04:00,7765.0,7766.75,7762.5,7765.75,2218
2026-08-12 06:55:00-04:00,7765.75,7766.5,7765.25,7766.5,843
2026-08-12 07:00:00-04:00,7766.25,7768.0,7765.75,7767.0,1431
2026-08-12 07:05:00-04:00,7767.0,7769.25,7766.5,7769.0,766
2026-08-12 07:10:00-04:00,7769.25,7769.5,7766.75,7766.75,935
2026-08-12 07:15:00-04:00,7766.5,7766.75,7764.5,7765.0,717
2026-08-12 07:20:00-04:00,7765.25,7766.25,7765.0,7765.25,535
2026-08-12 07:25:00-04:00,7765.25,7766.75,7765.0,7765.75,553
2026-08-12 07:30:00-04:00,7766.0,7768.25,7765.75,7767.5,705
2026-08-12 07:35:00-04:00,7767.5,7768.5,7765.5,7768.0,710
2026-08-12 07:40:00-04:00,7768.0,7769.25,7767.75,7768.5,791
2026-08-12 07:45:00-04:00,7768.5,7769.0,7767.75,7768.25,892
2026-08-12 07:50:00-04:00,7768.25,7769.25,7768.0,7769.25,616
2026-08-12 07:55:00-04:00,7769.25,7771.5,7769.25,7770.5,1051
2026-08-12 08:00:00-04:00,7770.5,7772.25,7769.25,7770.75,1974
2026-08-12 08:05:00-04:00,7770.75,7770.75,7768.25,7768.75,1215
2026-08-12 08:10:00-04:00,7768.75,7770.25,7768.5,7769.5,1249
2026-08-12 08:15:00-04:00,7769.75,7771.5,7768.75,7770.25,1649
2026-08-12 08:20:00-04:00,7770.5,7772.25,7769.5,7771.5,1883
2026-08-12 08:25:00-04:00,7771.5,7782.25,7771.0,7781.25,4830
2026-08-12 08:30:00-04:00,7780.0,7788.0,7760.75,7779.0,12676
2026-08-12 08:35:00-04:00,7779.25,7783.0,7774.25,7782.75,5939
2026-08-12 08:40:00-04:00,7782.75,7787.25,7781.75,7783.0,6726
2026-08-12 08:45:00-04:00,7783.0,7783.5,7779.5,7781.25,4521
2026-08-12 08:50:00-04:00,7781.25,7784.0,7779.75,7782.75,2608
2026-08-12 08:55:00-04:00,7783.0,7785.0,7782.0,7784.75,2422
2026-08-12 09:00:00-04:00,7784.75,7786.5,7783.0,7786.0,3214
2026-08-12 09:05:00-04:00,7786.0,7787.5,7784.25,7784.75,2638
2026-08-12 09:10:00-04:00,7784.75,7786.5,7784.25,7785.75,1786
2026-08-12 09:15:00-04:00,7785.75,7790.5,7785.25,7790.0,3390
2026-08-12 09:20:00-04:00,7790.0,7792.0,7788.25,7788.75,3492
2026-08-12 09:25:00-04:00,7788.75,7793.75,7787.25,7791.75,6470
2026-08-12 09:30:00-04:00,7791.5,7794.0,7771.75,7775.0,40348
2026-08-12 09:35:00-04:00,7775.0,7780.5,7772.5,7773.5,22234
2026-08-12 09:40:00-04:00,7773.5,7775.75,7769.25,7772.75,19612
2026-08-12 09:45:00-04:00,7772.75,7781.25,7768.25,7780.0,22574
2026-08-12 09:50:00-04:00,7780.0,7780.0,7770.25,7771.0,15800
2026-08-12 09:55:00-04:00,7771.0,7772.5,7765.5,7770.5,14350
2026-08-12 10:00:00-04:00,7770.5,7772.75,7763.75,7764.0,18276
2026-08-12 10:05:00-04:00,7764.0,7770.0,7763.5,7768.5,10791
2026-08-12 10:10:00-04:00,7768.5,7772.75,7766.0,7768.25,12778
2026-08-12 10:15:00-04:00,7768.5,7775.0,7767.0,7769.75,12697
2026-08-12 10:20:00-04:00,7769.5,7775.0,7766.5,7774.0,13518
2026-08-12 10:25:00-04:00,7774.0,7777.75,7770.25,7772.5,12605
2026-08-12 10:30:00-04:00,7772.25,7774.75,7756.5,7765.25,25129
2026-08-12 10:35:00-04:00,7765.25,7772.5,7763.75,7772.5,12169
2026-08-12 10:40:00-04:00,7772.5,7775.5,7771.5,7775.0,9447
2026-08-12 10:45:00-04:00,7775.25,7776.75,7768.5,7771.5,9966
2026-08-12 10:50:00-04:00,7771.25,7771.75,7764.5,7765.0,11357
2026-08-12 10:55:00-04:00,7765.0,7768.0,7762.75,7766.75,11655
2026-08-12 11:00:00-04:00,7766.75,7767.5,7762.0,7763.25,11499
2026-08-12 11:05:00-04:00,7763.0,7766.75,7761.75,7765.75,10713
2026-08-12 11:10:00-04:00,7765.75,7768.75,7762.25,7766.25,10575
2026-08-12 11:15:00-04:00,7766.25,7767.75,7764.0,7765.75,7130
2026-08-12 11:20:00-04:00,7765.75,7766.5,7761.5,7763.75,6720
2026-08-12 11:25:00-04:00,7763.75,7768.25,7763.0,7768.25,7532
2026-08-12 11:30:00-04:00,7768.25,7769.5,7761.25,7763.5,8653
2026-08-12 11:35:00-04:00,7763.5,7766.75,7761.0,7761.5,7418
2026-08-12 11:40:00-04:00,7761.25,7764.25,7760.25,7762.5,6232
2026-08-12 11:45:00-04:00,7762.5,7766.5,7762.0,7766.5,5888
2026-08-12 11:50:00-04:00,7766.5,7766.5,7763.0,7764.25,3734
2026-08-12 11:55:00-04:00,7764.25,7765.5,7763.25,7764.75,6060
2026-08-12 12:00:00-04:00,7764.75,7769.0,7764.25,7767.0,6296
2026-08-12 12:05:00-04:00,7767.0,7768.25,7764.25,7768.0,4620
2026-08-12 12:10:00-04:00,7768.25,7770.75,7766.5,7769.75,6219
2026-08-12 12:15:00-04:00,7769.75,7770.75,7768.25,7768.5,6458
2026-08-12 12:20:00-04:00,7768.75,7770.75,7767.75,7770.25,6286
2026-08-12 12:25:00-04:00,7770.25,7771.25,7768.5,7768.75,4023
2026-08-12 12:30:00-04:00,7769.0,7769.75,7766.25,7766.5,6620
2026-08-12 12:35:00-04:00,7766.25,7772.25,7766.25,7771.75,5601
2026-08-12 12:40:00-04:00,7772.0,7773.5,7771.0,7772.0,6677
2026-08-12 12:45:00-04:00,7772.0,7773.25,7770.0,7772.75,5584
2026-08-12 12:50:00-04:00,7772.75,7776.25,7772.75,7775.0,7613
2026-08-12 12:55:00-04:00,7775.0,7775.0,7772.5,7773.25,5956
2026-08-12 13:00:00-04:00,7773.25,7775.25,7772.75,7774.75,5926
2026-08-12 13:05:00-04:00,7774.75,7777.5,7774.25,7774.25,5356
2026-08-12 13:10:00-04:00,7774.25,7775.0,7772.0,7774.75,4872
2026-08-12 13:15:00-04:00,7774.75,7774.75,7770.25,7772.25,5315
2026-08-12 13:20:00-04:00,7772.0,7773.5,7771.0,7772.25,4411
2026-08-12 13:25:00-04:00,7772.0,7774.75,7771.75,7772.5,4553
2026-08-12 13:30:00-04:00,7772.5,7774.5,7771.25,7773.5,5591
2026-08-12 13:35:00-04:00,7773.25,7774.0,7771.75,7773.0,3491
2026-08-12 13:40:00-04:00,7773.0,7774.25,7771.25,7773.0,5830
2026-08-12 13:45:00-04:00,7773.0,7774.25,7772.0,7772.5,3300
2026-08-12 13:50:00-04:00,7772.25,7774.25,7771.75,7772.0,5151
2026-08-12 13:55:00-04:00,7771.75,7773.5,7770.75,7772.5,3494
2026-08-12 14:00:00-04:00,7772.5,7774.25,7772.25,7773.5,4506
2026-08-12 14:05:00-04:00,7773.5,7774.25,7772.75,7773.5,3041
2026-08-12 14:10:00-04:00,7773.5,7776.75,7773.25,7775.5,4394
2026-08-12 14:15:00-04:00,7775.5,7776.0,7774.5,7776.0,4234
2026-08-12 14:20:00-04:00,7776.0,7777.0,7774.25,7776.75,5253
2026-08-12 14:25:00-04:00,7776.75,7777.5,7775.25,7775.5,4297
2026-08-12 14:30:00-04:00,7775.25,7779.25,7775.25,7778.25,5881
2026-08-12 14:35:00-04:00,7778.0,7779.75,7777.75,7778.75,4124
2026-08-12 14:40:00-04:00,7778.75,7781.0,7778.5,7779.5,5462
2026-08-12 14:45:00-04:00,7779.75,7780.25,7778.25,7780.25,4330
2026-08-12 14:50:00-04:00,7780.0,7781.0,7779.0,7779.25,4184
2026-08-12 14:55:00-04:00,7779.25,7779.25,7774.75,7775.0,8680
2026-08-12 15:00:00-04:00,7775.0,7777.75,7774.75,7777.25,4662
2026-08-12 15:05:00-04:00,7777.5,7778.75,7777.0,7777.0,4286
2026-08-12 15:10:00-04:00,7777.0,7777.75,7774.75,7775.75,5326
2026-08-12 15:15:00-04:00,7775.75,7777.0,7775.25,7776.0,4319
2026-08-12 15:20:00-04:00,7776.0,7776.25,7772.75,7773.5,7787
2026-08-12 15:25:00-04:00,7773.25,7774.75,7772.75,7774.5,4502
2026-08-12 15:30:00-04:00,7774.5,7775.0,7772.5,7773.5,6651
2026-08-12 15:35:00-04:00,7773.25,7774.75,7773.25,7773.75,4395
2026-08-12 15:40:00-04:00,7773.5,7774.0,7770.25,7773.5,9068
2026-08-12 15:45:00-04:00,7773.25,7774.75,7771.5,7773.5,7683
2026-08-12 15:50:00-04:00,7773.75,7774.25,7766.25,7767.0,21433
2026-08-12 15:55:00-04:00,7767.0,7771.75,7764.5,7769.5,49815
2026-08-12 16:00:00-04:00,7769.75,7775.5,7768.5,7774.5,14374
2026-08-12 16:05:00-04:00,7774.25,7777.75,7772.25,7773.75,7860
2026-08-12 16:10:00-04:00,7773.75,7774.5,7770.75,7772.25,3137
2026-08-12 16:15:00-04:00,7772.25,7773.5,7769.75,7769.75,2987
2026-08-12 16:20:00-04:00,7770.0,7770.75,7768.75,7769.5,1526
2026-08-12 16:25:00-04:00,7769.5,7769.5,7767.0,7768.0,1712
2026-08-12 16:30:00-04:00,7768.25,7769.0,7767.5,7768.5,927
2026-08-12 16:35:00-04:00,7768.25,7769.0,7767.25,7768.0,1271
2026-08-12 16:40:00-04:00,7768.0,7768.75,7768.0,7768.0,615
2026-08-12 16:45:00-04:00,7768.25,7768.5,7767.0,7767.25,1201
2026-08-12 16:50:00-04:00,7767.5,7769.0,7767.25,7767.5,953
2026-08-12 16:55:00-04:00,7767.5,7768.0,7766.5,7766.75,824
2026-08-12 18:00:00-04:00,7770.0,7771.0,7768.5,7769.0,0
2026-08-12 18:05:00-04:00,7769.25,7771.0,7768.75,7770.25,375
2026-08-12 18:10:00-04:00,7770.25,7770.5,7768.0,7769.25,336
2026-08-12 18:15:00-04:00,7769.0,7769.75,7768.25,7768.5,264
2026-08-12 18:20:00-04:00,7768.5,7769.5,7768.0,7769.25,420
2026-08-12 18:25:00-04:00,7769.5,7769.75,7767.75,7769.0,260
2026-08-12 18:30:00-04:00,7768.5,7768.75,7767.0,7767.25,284
2026-08-12 18:35:00-04:00,7767.25,7768.0,7766.5,7767.75,195
2026-08-12 18:40:00-04:00,7767.75,7768.75,7767.75,7768.0,162
2026-08-12 18:45:00-04:00,7768.0,7769.25,7768.0,7768.25,149
2026-08-12 18:50:00-04:00,7768.25,7769.0,7768.25,7769.0,56
2026-08-12 18:55:00-04:00,7768.75,7768.75,7768.5,7768.75,95
2026-08-12 19:00:00-04:00,7768.5,7770.25,7768.5,7769.75,216
2026-08-12 19:05:00-04:00,7769.75,7770.75,7769.75,7770.25,197
2026-08-12 19:10:00-04:00,7770.5,7771.25,7770.5,7771.0,228
2026-08-12 19:15:00-04:00,7771.25,7771.25,7770.5,7771.25,119
2026-08-12 19:20:00-04:00,7771.25,7771.75,7771.0,7771.0,119
2026-08-12 19:25:00-04:00,7771.0,7771.25,7770.25,7770.75,217
2026-08-12 19:30:00-04:00,7770.75,7771.0,7769.25,7770.0,264
2026-08-12 19:35:00-04:00,7770.0,7771.5,7769.75,7771.25,146
2026-08-12 19:40:00-04:00,7771.25,7771.5,7770.0,7770.75,182
2026-08-12 19:45:00-04:00,7771.0,7771.0,7767.5,7768.0,445
2026-08-12 19:50:00-04:00,7767.75,7769.25,7767.75,7769.25,172
2026-08-12 19:55:00-04:00,7769.0,7769.25,7767.75,7768.25,252
2026-08-12 20:00:00-04:00,7768.25,7772.75,7767.5,7771.25,1014
2026-08-12 20:05:00-04:00,7771.25,7773.5,7770.75,7772.0,707
2026-08-12 20:10:00-04:00,7772.0,7772.75,7770.25,7770.25,480
2026-08-12 20:15:00-04:00,7770.5,7771.5,7769.5,7771.5,510
2026-08-12 20:20:00-04:00,7771.5,7772.75,7770.25,7772.5,386
2026-08-12 20:25:00-04:00,7772.25,7772.5,7768.75,7769.0,515
2026-08-12 20:30:00-04:00,7769.0,7770.5,7767.75,7769.25,658
2026-08-12 20:35:00-04:00,7769.0,7769.5,7767.75,7768.75,402
2026-08-12 20:40:00-04:00,7768.75,7769.75,7768.0,7769.5,342
2026-08-12 20:45:00-04:00,7769.5,7770.25,7768.75,7770.25,230
2026-08-12 20:50:00-04:00,7770.25,7770.5,7768.5,7768.75,288
2026-08-12 20:55:00-04:00,7769.0,7770.5,7768.0,7770.5,306
2026-08-12 21:00:00-04:00,7770.25,7770.75,7767.25,7768.5,625
2026-08-12 21:05:00-04:00,7768.5,7769.0,7768.0,7768.75,362
2026-08-12 21:10:00-04:00,7768.75,7769.25,7766.0,7766.25,604
2026-08-12 21:15:00-04:00,7766.25,7767.0,7765.25,7766.5,455
2026-08-12 21:20:00-04:00,7766.5,7766.5,7765.25,7766.25,251
2026-08-12 21:25:00-04:00,7766.25,7766.25,7764.25,7765.25,502
2026-08-12 21:30:00-04:00,7765.25,7767.75,7765.25,7767.25,473
2026-08-12 21:35:00-04:00,7767.5,7768.0,7767.0,7767.5,277
2026-08-12 21:40:00-04:00,7767.25,7767.5,7766.5,7767.0,229
2026-08-12 21:45:00-04:00,7767.0,7767.75,7766.5,7767.0,292
2026-08-12 21:50:00-04:00,7767.0,7770.5,7767.0,7770.25,565
2026-08-12 21:55:00-04:00,7770.25,7771.25,7769.75,7770.0,329
2026-08-12 22:00:00-04:00,7770.25,7771.75,7770.0,7770.75,388
2026-08-12 22:05:00-04:00,7771.0,7772.0,7770.75,7771.5,242
2026-08-12 22:10:00-04:00,7771.5,7772.0,7771.25,7771.75,199
2026-08-12 22:15:00-04:00,7771.75,7772.5,7771.5,7772.25,251
2026-08-12 22:20:00-04:00,7772.0,7773.0,7771.25,7772.0,341
2026-08-12 22:25:00-04:00,7772.0,7772.5,7770.5,7771.0,261
2026-08-12 22:30:00-04:00,7770.75,7770.75,7768.0,7768.25,537
2026-08-12 22:35:00-04:00,7768.25,7770.25,7768.25,7770.0,281
2026-08-12 22:40:00-04:00,7770.25,7774.5,7770.25,7773.25,620
2026-08-12 22:45:00-04:00,7773.25,7773.5,7772.75,7773.25,255
2026-08-12 22:50:00-04:00,7773.25,7773.5,7772.5,7773.0,160
2026-08-12 22:55:00-04:00,7773.0,7773.25,7772.75,7773.0,160
2026-08-12 23:00:00-04:00,7772.75,7772.75,7772.0,7772.25,357
2026-08-12 23:05:00-04:00,7772.5,7772.75,7772.25,7772.25,272
2026-08-12 23:10:00-04:00,7772.5,7773.25,7772.0,7773.25,332
2026-08-12 23:15:00-04:00,7773.0,7773.75,7773.0,7773.5,267
2026-08-12 23:20:00-04:00,7773.5,7773.75,7772.75,7773.25,278
2026-08-12 23:25:00-04:00,7773.25,7774.0,7773.25,7773.5,238
2026-08-12 23:30:00-04:00,7773.5,7773.75,7772.5,7773.0,153
2026-08-12 23:35:00-04:00,7773.0,7774.25,7772.75,7774.0,252
2026-08-12 23:40:00-04:00,7773.75,7774.75,7773.25,7774.5,264
2026-08-12 23:45:00-04:00,7774.5,7775.25,7774.25,7774.75,287
2026-08-12 23:50:00-04:00,7774.75,7775.5,7774.75,7775.25,155
2026-08-12 23:55:00-04:00,7775.0,7775.25,7774.75,7775.0,165
2026-08-13 00:05:00-04:00,7775.75,7776.25,7775.75,7776.25,569
2026-08-13 00:10:00-04:00,7776.5,7777.25,7773.5,7773.75,461
2026-08-13 00:15:00-04:00,7773.5,7774.0,7773.25,7773.75,204
2026-08-13 00:20:00-04:00,7773.5,7773.75,7772.0,7773.75,503
2026-08-13 00:25:00-04:00,7773.75,7775.25,7773.75,7774.75,244
2026-08-13 00:30:00-04:00,7774.5,7775.75,7774.5,7775.75,145
2026-08-13 00:35:00-04:00,7775.5,7776.25,7775.0,7775.0,148
2026-08-13 00:40:00-04:00,7775.0,7775.5,7774.5,7775.0,164
2026-08-13 00:45:00-04:00,7775.0,7777.25,7774.5,7776.75,336
2026-08-13 00:50:00-04:00,7777.0,7777.5,7776.75,7776.75,191
2026-08-13 00:55:00-04:00,7776.75,7777.0,7775.5,7775.75,262
2026-08-13 01:00:00-04:00,7775.75,7778.5,7775.0,7777.25,478
2026-08-13 01:05:00-04:00,7777.25,7778.0,7777.0,7778.0,239
2026-08-13 01:10:00-04:00,7778.0,7779.75,7777.75,7779.5,377
2026-08-13 01:15:00-04:00,7779.5,7780.0,7778.5,7778.75,319
2026-08-13 01:20:00-04:00,7779.0,7779.75,7778.5,7778.75,243
2026-08-13 01:25:00-04:00,7778.75,7780.0,7778.5,7779.5,441
2026-08-13 01:30:00-04:00,7779.75,7780.5,7778.25,7779.5,809
2026-08-13 01:35:00-04:00,7779.75,7779.75,7778.25,7779.0,345
2026-08-13 01:40:00-04:00,7779.0,7779.5,7778.25,7778.5,291
2026-08-13 01:45:00-04:00,7778.5,7778.75,7778.0,7778.5,215
2026-08-13 01:50:00-04:00,7778.5,7778.75,7777.5,7777.75,248
2026-08-13 01:55:00-04:00,7777.75,7778.25,7776.25,7776.25,451
2026-08-13 02:00:00-04:00,7776.5,7777.0,7775.75,7777.0,528
2026-08-13 02:05:00-04:00,7776.75,7778.0,7776.5,7778.0,343
2026-08-13 02:10:00-04:00,7778.0,7778.75,7777.75,7778.25,241
2026-08-13 02:15:00-04:00,7778.25,7779.5,7777.75,7779.0,295
2026-08-13 02:20:00-04:00,7778.75,7779.75,7778.25,7779.5,409
2026-08-13 02:25:00-04:00,7779.5,7779.5,7777.75,7778.25,482
2026-08-13 02:30:00-04:00,7778.5,7779.0,7777.0,7777.75,366
2026-08-13 02:35:00-04:00,7777.5,7778.0,7776.25,7776.5,261
2026-08-13 02:40:00-04:00,7776.5,7776.5,7774.5,7775.0,474
2026-08-13 02:45:00-04:00,7775.0,7775.0,7773.75,7774.5,167
2026-08-13 02:50:00-04:00,7774.5,7776.25,7774.25,7776.0,361
2026-08-13 02:55:00-04:00,7775.75,7778.25,7775.75,7777.75,374
2026-08-13 03:00:00-04:00,7778.0,7778.75,7774.0,7774.5,957
2026-08-13 03:05:00-04:00,7774.75,7775.25,7774.25,7775.0,778
2026-08-13 03:10:00-04:00,7775.0,7775.25,7774.25,7775.0,418
2026-08-13 03:15:00-04:00,7775.0,7775.5,7774.0,7775.0,379
2026-08-13 03:20:00-04:00,7775.25,7777.25,7775.0,7777.0,309
2026-08-13 03:25:00-04:00,7776.75,7777.75,7776.0,7777.5,428
2026-08-13 03:30:00-04:00,7777.5,7778.25,7776.75,7777.5,390
2026-08-13 03:35:00-04:00,7777.25,7778.5,7776.75,7778.25,352
2026-08-13 03:40:00-04:00,7778.25,7779.5,7777.75,7779.5,525
2026-08-13 03:45:00-04:00,7779.5,7779.75,7778.25,7779.5,571
2026-08-13 03:50:00-04:00,7779.5,7780.0,7778.75,7778.75,490
2026-08-13 03:55:00-04:00,7778.75,7779.5,7777.5,7777.75,373
2026-08-13 04:00:00-04:00,7777.75,7778.5,7775.25,7775.75,1520
2026-08-13 04:05:00-04:00,7776.0,7780.25,7775.75,7779.0,893
2026-08-13 04:10:00-04:00,7779.0,7779.75,7777.5,7779.5,603
2026-08-13 04:15:00-04:00,7779.75,7780.0,7777.25,7778.75,544
2026-08-13 04:20:00-04:00,7779.0,7781.5,7778.0,7780.75,828
2026-08-13 04:25:00-04:00,7781.0,7782.0,7781.0,7781.5,411
2026-08-13 04:30:00-04:00,7781.5,7781.75,7780.5,7781.5,482
2026-08-13 04:35:00-04:00,7781.5,7781.5,7780.25,7781.25,274
2026-08-13 04:40:00-04:00,7781.0,7782.25,7780.75,7781.75,277
2026-08-13 04:45:00-04:00,7781.5,7781.75,7780.75,7781.0,363
2026-08-13 04:50:00-04:00,7781.25,7783.0,7781.0,7781.0,683
2026-08-13 04:55:00-04:00,7781.0,7782.0,7781.0,7781.5,237
2026-08-13 05:00:00-04:00,7781.5,7782.25,7780.25,7780.75,399
2026-08-13 05:05:00-04:00,7780.75,7781.25,7779.5,7780.0,542
2026-08-13 05:10:00-04:00,7780.25,7781.25,7779.5,7779.5,502
2026-08-13 05:15:00-04:00,7779.25,7780.75,7778.0,7780.5,460
2026-08-13 05:20:00-04:00,7780.75,7781.5,7780.25,7781.5,278
2026-08-13 05:25:00-04:00,7781.75,7781.75,7780.0,7780.5,318
2026-08-13 05:30:00-04:00,7780.25,7783.0,7780.25,7782.5,481
2026-08-13 05:35:00-04:00,7782.75,7782.75,7781.75,7782.0,318
2026-08-13 05:40:00-04:00,7782.25,7783.75,7782.0,7783.5,656
2026-08-13 05:45:00-04:00,7783.25,7784.0,7782.5,7783.0,399
2026-08-13 05:50:00-04:00,7783.5,7784.5,7783.25,7784.25,335
2026-08-13 05:55:00-04:00,7784.25,7784.75,7784.25,7784.25,373
2026-08-13 06:00:00-04:00,7784.25,7784.5,7783.0,7783.0,670
2026-08-13 06:05:00-04:00,7783.25,7784.0,7783.25,7783.25,278
2026-08-13 06:10:00-04:00,7783.5,7783.75,7783.25,7783.5,302
2026-08-13 06:15:00-04:00,7783.5,7784.75,7783.5,7784.25,345
2026-08-13 06:20:00-04:00,7784.25,7784.75,7783.75,7784.0,458
2026-08-13 06:25:00-04:00,7783.75,7784.75,7783.0,7783.5,453
2026-08-13 06:30:00-04:00,7783.75,7784.5,7783.5,7783.75,325
2026-08-13 06:35:00-04:00,7783.75,7784.5,7783.5,7784.0,364
2026-08-13 06:40:00-04:00,7784.0,7784.75,7784.0,7784.5,295
2026-08-13 06:45:00-04:00,7784.5,7785.5,7784.0,7785.25,354
2026-08-13 06:50:00-04:00,7785.5,7785.5,7784.5,7785.5,207
2026-08-13 06:55:00-04:00,7785.25,7785.25,7784.25,7785.0,340
2026-08-13 07:00:00-04:00,7785.0,7785.75,7784.25,7784.5,694
2026-08-13 07:05:00-04:00,7784.5,7785.25,7783.75,7784.5,307
2026-08-13 07:10:00-04:00,7784.5,7785.25,7784.25,7784.75,319
2026-08-13 07:15:00-04:00,7784.75,7785.0,7783.0,7783.0,636
2026-08-13 07:20:00-04:00,7783.0,7784.0,7783.0,7783.75,403
2026-08-13 07:25:00-04:00,7783.75,7784.0,7782.75,7783.75,440
2026-08-13 07:30:00-04:00,7783.75,7785.75,7783.5,7785.75,714
2026-08-13 07:35:00-04:00,7786.0,7787.5,7785.25,7787.25,660
2026-08-13 07:40:00-04:00,7787.5,7788.5,7786.25,7788.5,1054
2026-08-13 07:45:00-04:00,7788.5,7789.0,7786.5,7786.75,872
2026-08-13 07:50:00-04:00,7786.5,7787.0,7785.0,7786.75,796
2026-08-13 07:55:00-04:00,7786.5,7786.75,7783.75,7784.0,764
2026-08-13 08:00:00-04:00,7784.0,7784.5,7781.5,7782.0,1486
2026-08-13 08:05:00-04:00,7781.75,7784.0,7781.75,7783.0,1166
2026-08-13 08:10:00-04:00,7783.0,7784.0,7780.75,7782.5,1369
2026-08-13 08:15:00-04:00,7782.5,7782.5,7778.5,7779.0,875
2026-08-13 08:20:00-04:00,7779.25,7780.0,7779.0,7779.75,815
2026-08-13 08:25:00-04:00,7779.75,7783.5,7779.25,7783.5,1170
2026-08-13 08:30:00-04:00,7783.5,7790.25,7778.0,7782.25,5157
2026-08-13 08:35:00-04:00,7782.0,7785.25,7781.5,7784.75,2388
2026-08-13 08:40:00-04:00,7784.75,7786.75,7782.25,7784.25,3688
2026-08-13 08:45:00-04:00,7784.0,7786.5,7783.75,7785.0,1769
2026-08-13 08:50:00-04:00,7785.0,7787.5,7784.75,7787.0,1261
2026-08-13 08:55:00-04:00,7787.0,7788.5,7787.0,7788.5,1836
2026-08-13 09:00:00-04:00,7788.5,7790.0,7788.0,7789.75,3641
2026-08-13 09:05:00-04:00,7789.5,7791.75,7789.5,7791.0,3771
2026-08-13 09:10:00-04:00,7791.0,7791.75,7790.0,7790.75,1627
2026-08-13 09:15:00-04:00,7790.75,7792.75,7790.0,7792.0,2935
2026-08-13 09:20:00-04:00,7792.0,7793.25,7791.0,7791.0,1922
2026-08-13 09:25:00-04:00,7791.0,7793.5,7790.5,7793.0,3894
2026-08-13 09:30:00-04:00,7793.25,7799.5,7785.5,7798.25,30414
2026-08-13 09:35:00-04:00,7798.25,7809.25,7798.0,7809.0,22757
2026-08-13 09:40:00-04:00,7809.0,7809.0,7800.0,7801.5,17024
2026-08-13 09:45:00-04:00,7801.5,7814.25,7800.5,7812.75,20958
2026-08-13 09:50:00-04:00,7813.0,7816.25,7810.75,7816.0,16030
2026-08-13 09:55:00-04:00,7816.0,7821.5,7813.5,7820.75,17157
2026-08-13 10:00:00-04:00,7820.75,7827.5,7819.75,7826.75,23785
2026-08-13 10:05:00-04:00,7827.0,7828.75,7823.75,7826.0,16725
2026-08-13 10:10:00-04:00,7826.0,7830.25,7825.75,7829.75,13444
2026-08-13 10:15:00-04:00,7829.75,7831.25,7824.5,7830.0,18846
2026-08-13 10:20:00-04:00,7830.0,7836.75,7828.25,7835.0,15970
2026-08-13 10:25:00-04:00,7834.75,7837.0,7833.5,7836.5,12273
2026-08-13 10:30:00-04:00,7836.5,7838.25,7834.25,7836.75,13120
2026-08-13 10:35:00-04:00,7836.75,7838.5,7832.5,7835.0,11170
2026-08-13 10:40:00-04:00,7835.0,7835.75,7830.25,7830.25,13432
2026-08-13 10:45:00-04:00,7830.25,7830.5,7819.5,7821.25,20969
2026-08-13 10:50:00-04:00,7821.0,7823.75,7820.0,7823.0,15520
2026-08-13 10:55:00-04:00,7822.75,7824.25,7818.0,7822.25,14870
2026-08-13 11:00:00-04:00,7822.0,7826.75,7817.5,7818.0,21014
2026-08-13 11:05:00-04:00,7818.25,7820.5,7813.75,7816.75,17412
2026-08-13 11:10:00-04:00,7816.75,7818.0,7814.5,7815.5,13601
2026-08-13 11:15:00-04:00,7815.75,7816.75,7811.25,7816.25,11967
2026-08-13 11:20:00-04:00,7816.0,7817.0,7812.5,7813.5,11217
2026-08-13 11:25:00-04:00,7813.5,7813.5,7803.5,7806.0,23377
2026-08-13 11:30:00-04:00,7806.0,7807.5,7801.25,7801.5,18836
2026-08-13 11:35:00-04:00,7801.5,7805.75,7800.0,7803.75,14836
2026-08-13 11:40:00-04:00,7803.5,7808.0,7801.0,7803.75,13674
2026-08-13 11:45:00-04:00,7803.5,7805.5,7801.0,7803.25,9025
2026-08-13 11:50:00-04:00,7803.25,7803.5,7799.25,7800.75,9716
2026-08-13 11:55:00-04:00,7800.75,7803.75,7797.75,7799.0,10253
2026-08-13 12:00:00-04:00,7798.75,7804.75,7798.5,7803.0,9113
2026-08-13 12:05:00-04:00,7803.25,7807.0,7802.75,7803.75,7624
2026-08-13 12:10:00-04:00,7803.5,7805.25,7800.75,7801.0,7364
2026-08-13 12:15:00-04:00,7801.0,7803.0,7800.0,7802.5,6615
2026-08-13 12:20:00-04:00,7802.5,7805.0,7801.5,7804.5,5332
2026-08-13 12:25:00-04:00,7804.5,7809.5,7804.25,7809.5,7482
2026-08-13 12:30:00-04:00,7809.5,7811.25,7808.0,7810.5,7977
2026-08-13 12:35:00-04:00,7810.5,7811.25,7806.0,7807.0,6265
2026-08-13 12:40:00-04:00,7807.0,7809.25,7806.0,7808.25,4935
2026-08-13 12:45:00-04:00,7808.5,7811.0,7808.25,7810.0,4401
2026-08-13 12:50:00-04:00,7810.0,7812.25,7810.0,7811.0,7140
2026-08-13 12:55:00-04:00,7811.0,7811.75,7810.0,7811.5,4146
2026-08-13 13:00:00-04:00,7811.5,7814.75,7811.5,7814.0,6486
2026-08-13 13:05:00-04:00,7814.25,7818.25,7813.5,7816.75,7225
2026-08-13 13:10:00-04:00,7816.75,7817.5,7815.0,7816.0,4461
2026-08-13 13:15:00-04:00,7816.25,7818.5,7816.0,7818.5,6380
2026-08-13 13:20:00-04:00,7818.5,7819.25,7816.0,7817.0,6642
2026-08-13 13:25:00-04:00,7817.25,7817.5,7815.0,7815.5,5274
2026-08-13 13:30:00-04:00,7815.5,7816.75,7812.5,7813.5,6912
2026-08-13 13:35:00-04:00,7813.5,7813.75,7811.0,7812.25,7148
2026-08-13 13:40:00-04:00,7812.5,7813.5,7810.5,7810.5,6006
2026-08-13 13:45:00-04:00,7810.5,7813.5,7810.5,7812.5,5081
2026-08-13 13:50:00-04:00,7812.5,7813.75,7811.75,7812.0,5169
2026-08-13 13:55:00-04:00,7812.0,7813.75,7810.75,7811.75,4333
2026-08-13 14:00:00-04:00,7811.75,7813.75,7811.75,7813.5,5745
2026-08-13 14:05:00-04:00,7813.75,7815.0,7812.25,7812.5,5037
2026-08-13 14:10:00-04:00,7812.75,7815.75,7811.0,7815.25,5574
2026-08-13 14:15:00-04:00,7815.5,7816.25,7813.25,7813.75,5446
2026-08-13 14:20:00-04:00,7813.75,7814.25,7811.0,7811.5,6550
2026-08-13 14:25:00-04:00,7811.75,7814.75,7811.5,7814.5,4490
2026-08-13 14:30:00-04:00,7814.5,7817.0,7814.5,7816.75,5649
2026-08-13 14:35:00-04:00,7816.75,7818.5,7816.25,7818.25,7312
2026-08-13 14:40:00-04:00,7818.5,7821.5,7818.0,7820.5,8604
2026-08-13 14:45:00-04:00,7820.5,7822.0,7820.25,7822.0,6386
2026-08-13 14:50:00-04:00,7822.0,7823.75,7820.5,7823.0,10550
2026-08-13 14:55:00-04:00,7823.25,7823.75,7821.25,7822.0,5900
2026-08-13 15:00:00-04:00,7822.0,7824.0,7821.75,7823.5,7726
2026-08-13 15:05:00-04:00,7823.5,7828.75,7822.5,7828.25,12224
2026-08-13 15:10:00-04:00,7828.25,7828.25,7822.75,7824.0,10222
2026-08-13 15:15:00-04:00,7824.0,7826.25,7822.5,7826.0,8644
2026-08-13 15:20:00-04:00,7826.25,7828.25,7826.0,7827.75,6884
2026-08-13 15:25:00-04:00,7827.75,7828.5,7824.5,7825.0,8818
2026-08-13 15:30:00-04:00,7825.0,7827.25,7824.25,7825.25,9991
2026-08-13 15:35:00-04:00,7825.25,7825.5,7822.0,7824.25,8189
2026-08-13 15:40:00-04:00,7824.5,7825.25,7821.75,7821.75,7283
2026-08-13 15:45:00-04:00,7821.75,7823.0,7820.75,7822.25,9748
2026-08-13 15:50:00-04:00,7822.0,7822.25,7818.0,7820.25,22376
2026-08-13 15:55:00-04:00,7820.25,7824.75,7818.5,7823.25,59880
2026-08-13 16:00:00-04:00,7823.25,7825.25,7818.5,7824.0,23131
2026-08-13 16:05:00-04:00,7824.0,7825.0,7822.0,7822.75,3881
2026-08-13 16:10:00-04:00,7822.75,7823.25,7821.5,7822.5,2790
2026-08-13 16:15:00-04:00,7822.25,7823.0,7820.0,7821.25,3310
2026-08-13 16:20:00-04:00,7821.25,7821.25,7820.0,7820.75,1166
2026-08-13 16:25:00-04:00,7820.5,7821.75,7819.75,7820.5,1667
2026-08-13 16:30:00-04:00,7820.5,7823.0,7820.25,7822.0,1763
2026-08-13 16:35:00-04:00,7822.0,7823.5,7821.5,7823.25,951
2026-08-13 16:40:00-04:00,7823.25,7823.75,7823.0,7823.5,802
2026-08-13 16:45:00-04:00,7823.75,7824.5,7823.5,7823.75,816
2026-08-13 16:50:00-04:00,7823.75,7825.25,7823.75,7825.0,731
2026-08-13 16:55:00-04:00,7825.25,7825.5,7824.75,7825.25,1652
2026-08-13 18:00:00-04:00,7825.0,7827.0,7823.75,7826.0,0
2026-08-13 18:05:00-04:00,7826.0,7827.0,7824.75,7825.75,542
2026-08-13 18:10:00-04:00,7825.5,7825.75,7824.0,7824.0,414
2026-08-13 18:15:00-04:00,7824.0,7826.0,7823.5,7826.0,406
2026-08-13 18:20:00-04:00,7826.0,7826.0,7822.75,7824.5,1051
2026-08-13 18:25:00-04:00,7824.5,7824.75,7824.25,7824.25,166
2026-08-13 18:30:00-04:00,7824.5,7824.75,7824.25,7824.5,187
2026-08-13 18:35:00-04:00,7824.5,7824.75,7824.0,7824.25,155
2026-08-13 18:40:00-04:00,7824.25,7824.75,7824.0,7824.75,151
2026-08-13 18:45:00-04:00,7824.5,7824.75,7823.25,7824.0,280
2026-08-13 18:50:00-04:00,7824.25,7824.5,7823.75,7824.0,128
2026-08-13 18:55:00-04:00,7824.0,7824.0,7823.75,7824.0,103
2026-08-13 19:00:00-04:00,7824.0,7824.5,7823.75,7824.25,136
2026-08-13 19:05:00-04:00,7824.25,7826.25,7824.25,7826.25,237
2026-08-13 19:10:00-04:00,7826.25,7827.5,7826.25,7827.25,222
2026-08-13 19:15:00-04:00,7827.5,7827.5,7826.0,7827.0,248
2026-08-13 19:20:00-04:00,7827.0,7827.25,7825.0,7825.5,264
2026-08-13 19:25:00-04:00,7825.5,7826.25,7825.5,7825.75,116
2026-08-13 19:30:00-04:00,7825.75,7826.5,7825.0,7826.5,186
2026-08-13 19:35:00-04:00,7826.5,7826.75,7825.5,7825.75,113
2026-08-13 19:40:00-04:00,7825.75,7826.75,7825.25,7826.0,278
2026-08-13 19:45:00-04:00,7826.0,7826.75,7825.25,7826.0,419
2026-08-13 19:50:00-04:00,7826.25,7826.5,7825.5,7825.5,194
2026-08-13 19:55:00-04:00,7825.75,7826.0,7825.0,7825.75,269
2026-08-13 20:00:00-04:00,7825.75,7828.75,7825.75,7827.75,1026
2026-08-13 20:05:00-04:00,7828.0,7828.25,7825.75,7826.75,588
2026-08-13 20:10:00-04:00,7826.75,7827.0,7825.0,7825.5,413
2026-08-13 20:15:00-04:00,7825.5,7826.25,7824.25,7824.75,633
2026-08-13 20:20:00-04:00,7825.0,7825.25,7824.25,7824.5,419
2026-08-13 20:25:00-04:00,7824.75,7825.0,7824.0,7824.25,405
2026-08-13 20:30:00-04:00,7824.0,7824.75,7823.75,7824.25,410
2026-08-13 20:35:00-04:00,7824.5,7825.0,7824.0,7824.75,260
2026-08-13 20:40:00-04:00,7824.75,7825.0,7823.5,7823.75,408
2026-08-13 20:45:00-04:00,7823.75,7824.25,7823.25,7823.25,407
2026-08-13 20:50:00-04:00,7823.5,7824.25,7823.0,7824.0,477
2026-08-13 20:55:00-04:00,7824.25,7824.5,7823.75,7824.25,323
2026-08-13 21:00:00-04:00,7824.0,7824.25,7820.5,7821.0,919
2026-08-13 21:05:00-04:00,7821.25,7822.75,7821.0,7822.5,539
2026-08-13 21:10:00-04:00,7822.5,7822.5,7820.25,7820.5,531
2026-08-13 21:15:00-04:00,7820.5,7821.5,7820.25,7821.0,514
2026-08-13 21:20:00-04:00,7821.25,7822.75,7820.25,7822.0,786
2026-08-13 21:25:00-04:00,7821.75,7822.5,7820.75,7822.25,469
2026-08-13 21:30:00-04:00,7822.5,7822.75,7821.75,7822.75,418
2026-08-13 21:35:00-04:00,7822.75,7824.25,7822.25,7823.75,470
2026-08-13 21:40:00-04:00,7824.0,7824.25,7823.25,7823.75,367
2026-08-13 21:45:00-04:00,7823.75,7825.0,7823.75,7824.75,290
2026-08-13 21:50:00-04:00,7824.75,7824.75,7823.0,7823.0,397
2026-08-13 21:55:00-04:00,7823.25,7823.75,7823.0,7823.5,316
2026-08-13 22:00:00-04:00,7823.5,7825.25,7823.5,7825.0,493
2026-08-13 22:05:00-04:00,7825.0,7825.5,7824.0,7824.75,363
2026-08-13 22:10:00-04:00,7824.75,7826.25,7824.75,7826.0,565
2026-08-13 22:15:00-04:00,7826.0,7826.5,7825.0,7825.0,321
2026-08-13 22:20:00-04:00,7825.0,7826.5,7825.0,7826.0,245
2026-08-13 22:25:00-04:00,7825.75,7826.25,7825.5,7826.25,320
2026-08-13 22:30:00-04:00,7826.0,7827.0,7826.0,7826.75,294
2026-08-13 22:35:00-04:00,7826.5,7826.75,7826.25,7826.25,275
2026-08-13 22:40:00-04:00,7826.0,7826.75,7825.75,7826.25,255
2026-08-13 22:45:00-04:00,7826.5,7827.0,7825.5,7825.5,376
2026-08-13 22:50:00-04:00,7825.75,7825.75,7825.0,7825.25,240
2026-08-13 22:55:00-04:00,7825.25,7825.25,7824.25,7825.0,339
2026-08-13 23:00:00-04:00,7825.0,7825.5,7824.5,7825.0,309
2026-08-13 23:05:00-04:00,7825.0,7825.75,7825.0,7825.5,194
2026-08-13 23:10:00-04:00,7825.75,7826.0,7825.5,7826.0,263
2026-08-13 23:15:00-04:00,7825.75,7826.5,7825.75,7826.5,189
2026-08-13 23:20:00-04:00,7826.75,7827.5,7826.5,7827.5,214
2026-08-13 23:25:00-04:00,7827.5,7827.75,7827.25,7827.25,210
2026-08-13 23:30:00-04:00,7827.5,7827.5,7826.5,7826.75,322
2026-08-13 23:35:00-04:00,7826.75,7826.75,7825.5,7825.5,302
2026-08-13 23:40:00-04:00,7825.75,7826.0,7825.0,7825.25,232
2026-08-13 23:45:00-04:00,7825.25,7825.75,7824.75,7824.75,308
2026-08-13 23:50:00-04:00,7825.0,7825.5,7824.75,7825.0,227
2026-08-13 23:55:00-04:00,7824.75,7825.0,7824.25,7824.25,163
2026-08-14 00:05:00-04:00,7825.25,7825.25,7824.75,7824.75,735
2026-08-14 00:10:00-04:00,7825.0,7825.5,7824.5,7825.25,171
2026-08-14 00:15:00-04:00,7825.0,7825.5,7824.75,7825.0,303
2026-08-14 00:20:00-04:00,7824.75,7825.0,7824.25,7824.5,168
2026-08-14 00:25:00-04:00,7824.5,7825.5,7824.25,7824.5,287
2026-08-14 00:30:00-04:00,7824.5,7825.0,7823.25,7823.25,251
2026-08-14 00:35:00-04:00,7823.25,7824.25,7822.5,7824.0,594
2026-08-14 00:40:00-04:00,7824.0,7825.0,7823.75,7823.75,357
2026-08-14 00:45:00-04:00,7823.75,7824.0,7823.0,7823.5,368
2026-08-14 00:50:00-04:00,7823.25,7823.5,7823.0,7823.25,167
2026-08-14 00:55:00-04:00,7823.25,7823.5,7823.0,7823.0,154
2026-08-14 01:00:00-04:00,7823.25,7823.75,7822.25,7822.5,367
2026-08-14 01:05:00-04:00,7822.5,7822.75,7821.5,7822.0,382
2026-08-14 01:10:00-04:00,7822.0,7823.25,7821.5,7823.0,406
2026-08-14 01:15:00-04:00,7823.25,7823.25,7822.25,7822.5,267
2026-08-14 01:20:00-04:00,7822.5,7823.25,7822.25,7823.0,208
2026-08-14 01:25:00-04:00,7823.0,7823.75,7822.75,7823.75,274
2026-08-14 01:30:00-04:00,7823.5,7823.75,7822.5,7823.5,232
2026-08-14 01:35:00-04:00,7823.75,7824.5,7823.5,7824.0,318
2026-08-14 01:40:00-04:00,7823.75,7824.25,7823.25,7824.25,300
2026-08-14 01:45:00-04:00,7824.25,7825.25,7824.0,7825.0,303
2026-08-14 01:50:00-04:00,7825.0,7825.75,7824.75,7825.5,295
2026-08-14 01:55:00-04:00,7825.75,7826.0,7824.5,7824.75,362
2026-08-14 02:00:00-04:00,7824.75,7824.75,7822.0,7822.25,528
2026-08-14 02:05:00-04:00,7822.5,7823.25,7821.5,7822.0,339
2026-08-14 02:10:00-04:00,7822.0,7822.0,7821.25,7821.5,347
2026-08-14 02:15:00-04:00,7821.5,7822.0,7821.25,7821.75,336
2026-08-14 02:20:00-04:00,7821.75,7822.25,7821.25,7821.75,356
2026-08-14 02:25:00-04:00,7822.0,7822.25,7821.5,7822.0,223
2026-08-14 02:30:00-04:00,7822.0,7822.25,7821.5,7821.75,298
2026-08-14 02:35:00-04:00,7821.75,7821.75,7820.75,7821.0,390
2026-08-14 02:40:00-04:00,7821.0,7821.5,7820.5,7821.5,239
2026-08-14 02:45:00-04:00,7821.5,7822.0,7821.5,7821.75,343
2026-08-14 02:50:00-04:00,7821.75,7822.25,7821.75,7821.75,216
2026-08-14 02:55:00-04:00,7821.75,7822.25,7821.25,7821.75,272
2026-08-14 03:00:00-04:00,7821.75,7823.0,7821.75,7822.75,966
2026-08-14 03:05:00-04:00,7822.75,7823.0,7821.75,7822.75,428
2026-08-14 03:10:00-04:00,7822.75,7822.75,7820.0,7820.25,901
2026-08-14 03:15:00-04:00,7820.25,7821.75,7820.25,7821.5,522
2026-08-14 03:20:00-04:00,7821.5,7821.75,7820.75,7821.75,432
2026-08-14 03:25:00-04:00,7821.5,7822.0,7821.0,7821.5,360
2026-08-14 03:30:00-04:00,7821.5,7822.5,7821.0,7822.25,379
2026-08-14 03:35:00-04:00,7822.25,7822.5,7821.5,7822.5,341
2026-08-14 03:40:00-04:00,7822.5,7824.0,7822.0,7824.0,581
2026-08-14 03:45:00-04:00,7823.75,7824.25,7822.75,7824.25,512
2026-08-14 03:50:00-04:00,7824.25,7824.75,7823.75,7824.25,392
2026-08-14 03:55:00-04:00,7824.25,7824.75,7823.5,7823.5,1004
2026-08-14 04:00:00-04:00,7823.5,7825.0,7822.0,7823.75,1073
2026-08-14 04:05:00-04:00,7823.75,7826.0,7823.75,7824.75,1118
2026-08-14 04:10:00-04:00,7825.0,7825.25,7823.0,7823.5,710
2026-08-14 04:15:00-04:00,7823.5,7825.5,7823.5,7823.75,823
2026-08-14 04:20:00-04:00,7823.75,7824.25,7822.75,7824.0,365
2026-08-14 04:25:00-04:00,7824.25,7825.75,7824.0,7825.75,653
2026-08-14 04:30:00-04:00,7825.75,7827.0,7825.5,7826.25,781
2026-08-14 04:35:00-04:00,7826.5,7828.0,7826.5,7827.75,811
2026-08-14 04:40:00-04:00,7827.75,7828.25,7826.75,7826.75,620
2026-08-14 04:45:00-04:00,7826.75,7828.75,7826.75,7828.25,532
2026-08-14 04:50:00-04:00,7828.25,7828.25,7827.25,7827.25,497
2026-08-14 04:55:00-04:00,7827.0,7827.5,7826.25,7826.25,454
2026-08-14 05:00:00-04:00,7826.25,7826.25,7824.5,7825.0,652
2026-08-14 05:05:00-04:00,7825.0,7826.0,7824.5,7825.5,517
2026-08-14 05:10:00-04:00,7825.75,7826.0,7825.25,7825.75,330
2026-08-14 05:15:00-04:00,7825.75,7826.25,7825.0,7826.0,531
2026-08-14 05:20:00-04:00,7826.0,7827.5,7826.0,7827.5,431
2026-08-14 05:25:00-04:00,7827.5,7827.5,7826.0,7826.25,433
2026-08-14 05:30:00-04:00,7826.0,7826.0,7824.5,7824.75,534
2026-08-14 05:35:00-04:00,7824.75,7825.0,7824.0,7824.5,622
2026-08-14 05:40:00-04:00,7824.5,7825.0,7824.25,7824.75,318
2026-08-14 05:45:00-04:00,7825.0,7826.75,7824.75,7826.25,507
2026-08-14 05:50:00-04:00,7826.25,7826.75,7826.0,7826.5,422
2026-08-14 05:55:00-04:00,7826.75,7827.75,7826.25,7827.75,476
2026-08-14 06:00:00-04:00,7827.5,7828.5,7827.0,7828.5,507
2026-08-14 06:05:00-04:00,7828.75,7829.5,7828.25,7828.5,638
2026-08-14 06:10:00-04:00,7828.5,7829.25,7828.0,7828.25,570
2026-08-14 06:15:00-04:00,7828.25,7828.25,7827.25,7827.75,396
2026-08-14 06:20:00-04:00,7827.75,7827.75,7827.0,7827.75,390
2026-08-14 06:25:00-04:00,7827.75,7828.0,7826.25,7826.75,304
2026-08-14 06:30:00-04:00,7827.0,7828.0,7826.75,7828.0,576
2026-08-14 06:35:00-04:00,7827.75,7828.0,7827.0,7827.5,1333
2026-08-14 06:40:00-04:00,7827.5,7827.75,7825.5,7827.25,1162
2026-08-14 06:45:00-04:00,7827.25,7827.25,7826.5,7826.5,172
2026-08-14 06:50:00-04:00,7826.75,7828.5,7826.75,7827.75,887
2026-08-14 06:55:00-04:00,7827.75,7828.75,7826.5,7828.75,842
2026-08-14 07:00:00-04:00,7828.75,7829.5,7827.5,7827.5,1200
2026-08-14 07:05:00-04:00,7827.5,7828.75,7827.5,7827.75,667
2026-08-14 07:10:00-04:00,7828.0,7828.5,7826.75,7827.0,610
2026-08-14 07:15:00-04:00,7827.0,7827.5,7826.25,7827.0,631
2026-08-14 07:20:00-04:00,7826.75,7827.5,7826.5,7827.5,533
2026-08-14 07:25:00-04:00,7827.5,7827.75,7826.5,7827.0,420
2026-08-14 07:30:00-04:00,7827.0,7828.25,7827.0,7828.25,710
2026-08-14 07:35:00-04:00,7828.25,7829.75,7828.25,7828.25,1560
2026-08-14 07:40:00-04:00,7828.25,7828.75,7827.5,7828.75,535
2026-08-14 07:45:00-04:00,7828.75,7830.0,7828.25,7830.0,845
2026-08-14 07:50:00-04:00,7830.0,7830.75,7828.5,7828.75,830
2026-08-14 07:55:00-04:00,7828.5,7829.5,7828.0,7829.25,473
2026-08-14 08:00:00-04:00,7829.25,7830.0,7828.75,7828.75,823
2026-08-14 08:05:00-04:00,7828.75,7829.5,7828.25,7829.25,687
2026-08-14 08:10:00-04:00,7829.25,7829.25,7821.0,7826.75,3575
2026-08-14 08:15:00-04:00,7826.5,7827.0,7825.0,7825.75,1593
2026-08-14 08:20:00-04:00,7825.75,7827.25,7825.0,7825.25,1221
2026-08-14 08:25:00-04:00,7825.25,7828.5,7825.0,7828.0,1500
2026-08-14 08:30:00-04:00,7828.0,7831.75,7828.0,7830.25,2806
2026-08-14 08:35:00-04:00,7830.5,7830.75,7828.25,7828.75,1508
2026-08-14 08:40:00-04:00,7828.5,7829.0,7827.75,7829.0,1003
2026-08-14 08:45:00-04:00,7828.75,7830.5,7828.5,7830.0,1062
2026-08-14 08:50:00-04:00,7830.0,7831.0,7829.5,7830.75,926
2026-08-14 08:55:00-04:00,7831.0,7831.25,7830.25,7830.5,735
2026-08-14 09:00:00-04:00,7830.25,7831.0,7828.25,7828.25,1091
2026-08-14 09:05:00-04:00,7828.25,7829.75,7828.25,7828.75,1084
2026-08-14 09:10:00-04:00,7828.5,7828.75,7826.0,7826.25,1053
2026-08-14 09:15:00-04:00,7826.0,7829.5,7826.0,7827.0,3904
2026-08-14 09:20:00-04:00,7827.0,7829.25,7827.0,7828.5,1333
2026-08-14 09:25:00-04:00,7828.5,7829.5,7825.75,7827.5,4985
2026-08-14 09:30:00-04:00,7827.5,7828.0,7821.25,7824.0,28400
2026-08-14 09:35:00-04:00,7824.25,7825.25,7819.25,7822.5,16093
2026-08-14 09:40:00-04:00,7822.75,7827.5,7820.75,7826.25,16454
2026-08-14 09:45:00-04:00,7826.5,7828.5,7821.25,7821.75,14973
2026-08-14 09:50:00-04:00,7822.0,7828.5,7820.25,7827.0,16917
2026-08-14 09:55:00-04:00,7827.25,7828.75,7823.25,7826.25,9367
2026-08-14 10:00:00-04:00,7825.75,7828.5,7823.25,7828.25,9421
2026-08-14 10:05:00-04:00,7828.25,7830.75,7827.25,7828.0,11234
2026-08-14 10:10:00-04:00,7828.0,7829.5,7825.25,7825.25,11015
2026-08-14 10:15:00-04:00,7825.5,7826.0,7820.25,7820.5,14585
2026-08-14 10:20:00-04:00,7820.5,7821.75,7816.25,7817.75,15207
2026-08-14 10:25:00-04:00,7817.75,7818.75,7813.75,7816.75,14149
2026-08-14 10:30:00-04:00,7816.75,7817.5,7810.5,7811.25,16548
2026-08-14 10:35:00-04:00,7811.0,7817.0,7810.5,7816.5,12829
2026-08-14 10:40:00-04:00,7816.5,7816.5,7812.5,7813.75,8892
2026-08-14 10:45:00-04:00,7813.75,7816.75,7812.75,7815.0,8652
2026-08-14 10:50:00-04:00,7815.0,7816.75,7812.0,7812.5,7825
2026-08-14 10:55:00-04:00,7812.25,7814.0,7809.5,7809.5,10361
2026-08-14 11:00:00-04:00,7809.75,7813.75,7809.5,7812.0,11258
2026-08-14 11:05:00-04:00,7812.0,7813.0,7808.0,7809.0,8878
2026-08-14 11:10:00-04:00,7809.0,7810.5,7806.5,7806.75,9760
2026-08-14 11:15:00-04:00,7806.75,7809.5,7806.5,7808.25,8953
2026-08-14 11:20:00-04:00,7808.25,7808.75,7802.25,7802.5,12584
2026-08-14 11:25:00-04:00,7802.5,7805.25,7801.0,7805.0,14530
2026-08-14 11:30:00-04:00,7805.0,7806.5,7802.25,7804.25,10637
2026-08-14 11:35:00-04:00,7804.25,7807.0,7802.75,7803.25,11340
2026-08-14 11:40:00-04:00,7803.25,7803.5,7800.5,7802.5,10044
2026-08-14 11:45:00-04:00,7802.5,7805.75,7800.5,7801.0,9174
2026-08-14 11:50:00-04:00,7801.0,7804.25,7800.0,7803.25,8732
2026-08-14 11:55:00-04:00,7803.5,7805.75,7802.25,7804.25,6951
2026-08-14 12:00:00-04:00,7804.5,7808.0,7804.5,7806.5,9016
2026-08-14 12:05:00-04:00,7806.5,7807.25,7803.0,7804.25,6038
2026-08-14 12:10:00-04:00,7804.25,7807.5,7803.75,7807.5,6581
2026-08-14 12:15:00-04:00,7807.5,7809.5,7807.25,7807.75,7264
2026-08-14 12:20:00-04:00,7808.0,7809.25,7806.5,7808.5,3927
2026-08-14 12:25:00-04:00,7808.75,7810.25,7808.0,7808.75,4250
2026-08-14 12:30:00-04:00,7808.75,7809.5,7805.0,7805.75,7968
2026-08-14 12:35:00-04:00,7805.75,7808.25,7805.25,7806.75,5500
2026-08-14 12:40:00-04:00,7806.75,7806.75,7803.25,7803.25,6378
2026-08-14 12:45:00-04:00,7803.25,7804.25,7802.0,7803.25,5711
2026-08-14 12:50:00-04:00,7803.25,7803.5,7800.25,7801.5,7352
2026-08-14 12:55:00-04:00,7801.25,7802.25,7798.5,7799.25,6731
2026-08-14 13:00:00-04:00,7799.25,7801.0,7798.25,7800.25,7502
2026-08-14 13:05:00-04:00,7800.0,7802.0,7800.0,7801.0,5205
2026-08-14 13:10:00-04:00,7801.25,7803.5,7800.5,7802.75,7211
2026-08-14 13:15:00-04:00,7802.75,7803.25,7800.0,7802.0,4291
2026-08-14 13:20:00-04:00,7802.0,7803.75,7799.75,7800.75,4114
2026-08-14 13:25:00-04:00,7800.5,7800.75,7798.75,7799.75,5800
2026-08-14 13:30:00-04:00,7800.0,7802.0,7799.5,7800.5,5824
2026-08-14 13:35:00-04:00,7800.25,7800.5,7796.5,7797.75,7846
2026-08-14 13:40:00-04:00,7797.5,7798.75,7796.75,7798.25,4390
2026-08-14 13:45:00-04:00,7798.25,7799.5,7797.5,7798.25,5803
2026-08-14 13:50:00-04:00,7798.25,7800.5,7796.75,7800.0,4631
2026-08-14 13:55:00-04:00,7799.75,7801.5,7798.75,7800.5,3797
2026-08-14 14:00:00-04:00,7800.5,7803.5,7799.5,7802.5,6092
2026-08-14 14:05:00-04:00,7802.5,7804.25,7801.75,7804.0,6323
2026-08-14 14:10:00-04:00,7804.0,7805.5,7803.25,7804.0,4997
2026-08-14 14:15:00-04:00,7804.25,7805.75,7803.75,7804.5,4162
2026-08-14 14:20:00-04:00,7804.75,7805.75,7803.25,7804.5,3610
2026-08-14 14:25:00-04:00,7804.25,7805.5,7801.5,7801.75,4886
2026-08-14 14:30:00-04:00,7801.75,7803.75,7800.5,7801.5,6727
2026-08-14 14:35:00-04:00,7801.5,7802.75,7800.75,7802.25,3839
2026-08-14 14:40:00-04:00,7802.5,7805.25,7802.0,7804.5,4713
2026-08-14 14:45:00-04:00,7804.75,7805.25,7802.75,7805.25,3613
2026-08-14 14:50:00-04:00,7805.25,7807.5,7805.0,7806.25,6774
2026-08-14 14:55:00-04:00,7806.25,7806.25,7803.75,7804.25,3546
2026-08-14 15:00:00-04:00,7804.5,7804.75,7801.5,7802.5,6266
2026-08-14 15:05:00-04:00,7802.25,7804.5,7801.75,7804.25,4312
2026-08-14 15:10:00-04:00,7804.25,7804.5,7803.0,7803.25,4941
2026-08-14 15:15:00-04:00,7803.0,7804.0,7800.75,7802.75,6418
2026-08-14 15:20:00-04:00,7802.5,7804.0,7801.25,7803.75,5113
2026-08-14 15:25:00-04:00,7804.0,7806.0,7803.75,7804.25,6328
2026-08-14 15:30:00-04:00,7804.0,7805.75,7803.5,7805.25,6544
2026-08-14 15:35:00-04:00,7805.0,7805.75,7802.5,7804.0,6205
2026-08-14 15:40:00-04:00,7804.25,7805.75,7803.75,7804.25,6040
2026-08-14 15:45:00-04:00,7804.25,7804.75,7802.25,7804.5,8388
2026-08-14 15:50:00-04:00,7804.25,7806.5,7803.25,7804.5,17700
2026-08-14 15:55:00-04:00,7804.25,7806.5,7801.25,7805.25,53063
2026-08-14 16:00:00-04:00,7805.25,7806.25,7802.0,7802.5,17818
2026-08-14 16:05:00-04:00,7802.75,7802.75,7800.0,7801.0,4227
2026-08-14 16:10:00-04:00,7800.75,7802.5,7800.25,7800.75,3098
2026-08-14 16:15:00-04:00,7801.0,7801.75,7799.75,7800.25,1926
2026-08-14 16:20:00-04:00,7800.25,7800.75,7799.75,7800.5,747
2026-08-14 16:25:00-04:00,7800.5,7800.75,7800.0,7800.75,787
2026-08-14 16:30:00-04:00,7800.75,7803.0,7800.25,7802.75,1536
2026-08-14 16:35:00-04:00,7802.75,7803.25,7802.5,7802.75,967
2026-08-14 16:40:00-04:00,7802.5,7803.0,7802.25,7802.5,560
2026-08-14 16:45:00-04:00,7802.75,7802.75,7801.75,7802.5,763
2026-08-14 16:50:00-04:00,7802.5,7803.0,7801.75,7801.75,762
2026-08-14 16:55:00-04:00,7802.0,7805.0,7801.5,7805.0,1291
2026-08-16 18:10:00-04:00,7809.75,7811.25,7809.25,7810.75,650
2026-08-16 18:15:00-04:00,7810.75,7811.0,7810.0,7810.5,358
2026-08-16 18:20:00-04:00,7810.25,7811.0,7809.25,7810.0,572
2026-08-16 18:25:00-04:00,7810.0,7810.25,7809.75,7809.75,166
2026-08-16 18:30:00-04:00,7810.0,7810.25,7808.5,7809.5,620
2026-08-16 18:35:00-04:00,7809.25,7809.5,7808.5,7809.25,202
2026-08-16 18:40:00-04:00,7809.25,7809.75,7809.25,7809.5,122
2026-08-16 18:45:00-04:00,7809.5,7810.75,7809.0,7810.5,310
2026-08-16 18:50:00-04:00,7810.5,7811.0,7810.25,7810.75,155
2026-08-16 18:55:00-04:00,7810.75,7810.75,7809.75,7810.25,131
2026-08-16 19:00:00-04:00,7810.5,7810.5,7809.25,7809.75,255
2026-08-16 19:05:00-04:00,7810.0,7810.25,7809.75,7810.0,85
2026-08-16 19:10:00-04:00,7810.0,7810.0,7809.0,7809.5,204
2026-08-16 19:15:00-04:00,7809.25,7809.25,7808.75,7809.0,115
2026-08-16 19:20:00-04:00,7809.25,7810.25,7809.0,7810.25,238
2026-08-16 19:25:00-04:00,7810.25,7810.25,7809.5,7809.75,85
2026-08-16 19:30:00-04:00,7809.75,7809.75,7809.0,7809.0,191
2026-08-16 19:35:00-04:00,7809.0,7810.5,7809.0,7810.5,160
2026-08-16 19:40:00-04:00,7810.25,7811.25,7810.25,7811.25,193
2026-08-16 19:45:00-04:00,7811.0,7812.75,7811.0,7812.5,394
2026-08-16 19:50:00-04:00,7812.25,7813.25,7812.25,7812.25,320
2026-08-16 19:55:00-04:00,7812.25,7812.75,7812.0,7812.25,145
2026-08-16 20:00:00-04:00,7812.25,7814.0,7811.75,7812.75,840
2026-08-16 20:05:00-04:00,7812.75,7813.25,7811.5,7811.5,448
2026-08-16 20:10:00-04:00,7811.75,7813.0,7811.5,7812.5,232
2026-08-16 20:15:00-04:00,7812.75,7812.75,7808.5,7809.0,781
2026-08-16 20:20:00-04:00,7809.0,7809.25,7808.25,7809.0,534
2026-08-16 20:25:00-04:00,7809.0,7810.0,7808.75,7809.25,430
2026-08-16 20:30:00-04:00,7809.25,7809.25,7808.0,7808.5,435
2026-08-16 20:35:00-04:00,7808.5,7809.0,7808.0,7808.5,366
2026-08-16 20:40:00-04:00,7808.5,7810.0,7808.5,7809.0,308
2026-08-16 20:45:00-04:00,7809.25,7810.0,7808.75,7809.75,202
2026-08-16 20:50:00-04:00,7809.75,7810.0,7809.5,7810.0,134
2026-08-16 20:55:00-04:00,7809.75,7811.0,7809.75,7810.75,298
2026-08-16 21:00:00-04:00,7810.75,7812.25,7810.5,7812.25,684
2026-08-16 21:05:00-04:00,7812.25,7812.75,7811.5,7811.75,335
2026-08-16 21:10:00-04:00,7811.75,7811.75,7810.5,7810.75,276
2026-08-16 21:15:00-04:00,7810.75,7812.5,7810.25,7812.25,388
2026-08-16 21:20:00-04:00,7812.25,7813.25,7812.25,7812.5,486
2026-08-16 21:25:00-04:00,7812.5,7813.5,7812.5,7813.25,267
2026-08-16 21:30:00-04:00,7813.0,7813.25,7809.5,7810.0,501
2026-08-16 21:35:00-04:00,7810.0,7811.5,7809.75,7811.25,284
2026-08-16 21:40:00-04:00,7811.5,7811.5,7808.5,7809.5,350
2026-08-16 21:45:00-04:00,7809.5,7809.5,7808.25,7809.0,253
2026-08-16 21:50:00-04:00,7808.75,7808.75,7807.0,7807.5,558
2026-08-16 21:55:00-04:00,7807.5,7808.0,7807.25,7807.75,221
2026-08-16 22:00:00-04:00,7807.5,7807.75,7806.5,7806.75,307
2026-08-16 22:05:00-04:00,7806.75,7807.5,7806.25,7807.5,217
2026-08-16 22:10:00-04:00,7807.5,7807.5,7806.5,7807.5,297
2026-08-16 22:15:00-04:00,7807.75,7808.5,7807.5,7808.0,256
2026-08-16 22:20:00-04:00,7808.0,7810.0,7808.0,7809.5,436
2026-08-16 22:25:00-04:00,7809.75,7809.75,7809.25,7809.5,186
2026-08-16 22:30:00-04:00,7809.25,7809.75,7808.75,7808.75,323
2026-08-16 22:35:00-04:00,7809.0,7809.25,7808.25,7808.75,233
2026-08-16 22:40:00-04:00,7808.75,7809.75,7808.75,7809.25,192
2026-08-16 22:45:00-04:00,7809.25,7809.75,7809.0,7809.75,292
2026-08-16 22:50:00-04:00,7809.75,7809.75,7809.0,7809.25,347
2026-08-16 22:55:00-04:00,7809.25,7809.25,7808.5,7808.5,165
2026-08-16 23:00:00-04:00,7808.75,7809.25,7808.5,7809.0,307
2026-08-16 23:05:00-04:00,7809.0,7809.5,7808.5,7809.5,256
2026-08-16 23:10:00-04:00,7809.5,7809.5,7808.0,7808.5,264
2026-08-16 23:15:00-04:00,7808.5,7809.75,7808.5,7809.5,241
2026-08-16 23:20:00-04:00,7809.5,7810.0,7809.5,7810.0,58
2026-08-16 23:25:00-04:00,7809.75,7810.25,7809.75,7810.0,114
2026-08-16 23:30:00-04:00,7810.25,7810.5,7809.25,7810.0,185
2026-08-16 23:35:00-04:00,7810.25,7810.75,7810.25,7810.75,127
2026-08-16 23:40:00-04:00,7810.75,7811.25,7810.75,7811.25,189
2026-08-16 23:45:00-04:00,7811.25,7812.0,7811.25,7812.0,196
2026-08-16 23:50:00-04:00,7811.75,7812.25,7811.5,7812.25,148
2026-08-16 23:55:00-04:00,7812.0,7812.25,7811.75,7812.25,172
2026-08-17 00:00:00-04:00,7812.75,7813.25,7812.5,7812.75,433
2026-08-17 00:05:00-04:00,7813.0,7813.5,7812.75,7813.0,173
2026-08-17 00:10:00-04:00,7813.0,7813.5,7813.0,7813.25,184
2026-08-17 00:15:00-04:00,7813.0,7813.0,7812.25,7812.75,145
2026-08-17 00:20:00-04:00,7813.0,7813.25,7812.75,7813.0,286
2026-08-17 00:25:00-04:00,7813.0,7813.25,7812.25,7812.25,121
2026-08-17 00:30:00-04:00,7812.25,7812.25,7811.5,7812.0,255
2026-08-17 00:35:00-04:00,7812.0,7812.5,7812.0,7812.25,109
2026-08-17 00:40:00-04:00,7812.5,7813.25,7812.5,7813.0,201
2026-08-17 00:45:00-04:00,7813.0,7813.25,7812.75,7812.75,138
2026-08-17 00:50:00-04:00,7812.75,7812.75,7812.0,7812.25,196
2026-08-17 00:55:00-04:00,7812.25,7812.5,7812.25,7812.25,119
2026-08-17 01:00:00-04:00,7812.25,7813.75,7812.0,7813.0,171
2026-08-17 01:05:00-04:00,7813.0,7814.0,7813.0,7813.75,320
2026-08-17 01:10:00-04:00,7814.0,7814.0,7813.25,7813.75,116
2026-08-17 01:15:00-04:00,7813.75,7814.0,7813.25,7813.5,115
2026-08-17 01:20:00-04:00,7813.5,7813.5,7812.5,7812.5,100
2026-08-17 01:25:00-04:00,7812.75,7813.75,7812.25,7813.75,192
2026-08-17 01:30:00-04:00,7813.75,7816.5,7813.75,7815.5,1213
2026-08-17 01:35:00-04:00,7815.5,7815.75,7814.5,7815.5,285
2026-08-17 01:40:00-04:00,7815.5,7816.25,7815.5,7816.0,225
2026-08-17 01:45:00-04:00,7816.0,7817.5,7816.0,7817.5,247
2026-08-17 01:50:00-04:00,7817.25,7817.5,7816.75,7816.75,335
2026-08-17 01:55:00-04:00,7816.75,7817.5,7816.75,7817.25,250
2026-08-17 02:00:00-04:00,7817.5,7819.0,7816.75,7818.75,815
2026-08-17 02:05:00-04:00,7818.75,7819.25,7818.25,7818.5,386
2026-08-17 02:10:00-04:00,7818.75,7818.75,7818.25,7818.5,236
2026-08-17 02:15:00-04:00,7818.5,7818.5,7816.5,7817.0,429
2026-08-17 02:20:00-04:00,7817.0,7817.75,7816.5,7817.5,270
2026-08-17 02:25:00-04:00,7817.5,7819.0,7817.5,7818.75,225
2026-08-17 02:30:00-04:00,7818.5,7819.0,7818.0,7818.75,607
2026-08-17 02:35:00-04:00,7819.0,7820.0,7818.75,7819.75,1647
2026-08-17 02:40:00-04:00,7819.5,7820.0,7818.5,7818.5,379
2026-08-17 02:45:00-04:00,7818.75,7819.75,7818.25,7819.75,333
2026-08-17 02:50:00-04:00,7819.75,7819.75,7819.25,7819.5,277
2026-08-17 02:55:00-04:00,7819.25,7820.25,7819.0,7819.75,481
2026-08-17 03:00:00-04:00,7820.0,7821.25,7819.0,7819.75,1626
2026-08-17 03:05:00-04:00,7819.75,7820.0,7819.25,7819.5,655
2026-08-17 03:10:00-04:00,7819.5,7819.5,7815.5,7815.75,848
2026-08-17 03:15:00-04:00,7815.75,7816.0,7814.0,7814.75,890
2026-08-17 03:20:00-04:00,7814.75,7815.5,7814.25,7814.5,400
2026-08-17 03:25:00-04:00,7814.25,7817.25,7813.25,7817.25,778
2026-08-17 03:30:00-04:00,7817.25,7817.25,7815.75,7817.0,725
2026-08-17 03:35:00-04:00,7817.0,7819.25,7817.0,7818.5,782
2026-08-17 03:40:00-04:00,7818.75,7819.25,7818.5,7819.0,362
2026-08-17 03:45:00-04:00,7819.0,7820.0,7819.0,7819.5,455
2026-08-17 03:50:00-04:00,7819.75,7820.0,7818.25,7818.25,552
2026-08-17 03:55:00-04:00,7818.5,7819.0,7818.25,7819.0,526
2026-08-17 04:00:00-04:00,7819.0,7819.25,7816.75,7817.0,1084
2026-08-17 04:05:00-04:00,7816.75,7817.5,7815.75,7817.0,732
2026-08-17 04:10:00-04:00,7817.0,7817.0,7815.5,7815.75,539
2026-08-17 04:15:00-04:00,7815.75,7816.5,7814.75,7815.0,416
2026-08-17 04:20:00-04:00,7815.0,7816.5,7814.75,7816.0,393
2026-08-17 04:25:00-04:00,7816.25,7817.0,7815.5,7816.25,442
2026-08-17 04:30:00-04:00,7816.25,7817.0,7816.0,7816.25,372
2026-08-17 04:35:00-04:00,7816.25,7817.0,7816.0,7816.5,287
2026-08-17 04:40:00-04:00,7816.5,7816.75,7814.0,7814.25,321
2026-08-17 04:45:00-04:00,7814.25,7815.25,7814.0,7814.5,262
2026-08-17 04:50:00-04:00,7814.5,7815.0,7813.75,7815.0,429
2026-08-17 04:55:00-04:00,7815.0,7816.5,7814.75,7816.0,342
2026-08-17 05:00:00-04:00,7816.25,7816.75,7815.5,7816.5,525
2026-08-17 05:05:00-04:00,7816.5,7817.5,7816.0,7817.5,758
2026-08-17 05:10:00-04:00,7817.5,7818.0,7816.75,7817.5,557
2026-08-17 05:15:00-04:00,7817.5,7817.75,7816.5,7816.75,587
2026-08-17 05:20:00-04:00,7816.75,7817.0,7816.25,7816.75,832
2026-08-17 05:25:00-04:00,7816.75,7817.0,7814.75,7815.25,844
2026-08-17 05:30:00-04:00,7815.5,7815.75,7814.0,7814.5,731
2026-08-17 05:35:00-04:00,7814.5,7815.75,7814.25,7814.5,711
2026-08-17 05:40:00-04:00,7814.75,7815.75,7814.5,7815.75,350
2026-08-17 05:45:00-04:00,7815.5,7817.0,7815.25,7816.0,441
2026-08-17 05:50:00-04:00,7816.0,7816.5,7814.75,7815.5,588
2026-08-17 05:55:00-04:00,7815.5,7815.75,7814.25,7815.0,264
2026-08-17 06:00:00-04:00,7815.0,7815.75,7814.75,7815.25,268
2026-08-17 06:05:00-04:00,7815.25,7816.0,7814.75,7814.75,337
2026-08-17 06:10:00-04:00,7814.75,7816.75,7814.75,7816.5,395
2026-08-17 06:15:00-04:00,7816.75,7817.75,7815.75,7816.5,677
2026-08-17 06:20:00-04:00,7816.5,7816.5,7814.25,7814.25,629
2026-08-17 06:25:00-04:00,7814.5,7824.5,7812.75,7824.0,4695
2026-08-17 06:30:00-04:00,7824.0,7824.5,7815.5,7815.75,2439
2026-08-17 06:35:00-04:00,7815.75,7816.75,7814.75,7816.5,632
2026-08-17 06:40:00-04:00,7816.5,7817.5,7816.25,7817.0,342
2026-08-17 06:45:00-04:00,7817.25,7817.5,7816.25,7816.25,237
2026-08-17 06:50:00-04:00,7816.5,7817.25,7816.25,7816.75,432
2026-08-17 06:55:00-04:00,7816.5,7816.75,7816.0,7816.5,353
2026-08-17 07:00:00-04:00,7816.25,7816.75,7815.0,7816.5,795
2026-08-17 07:05:00-04:00,7816.75,7818.5,7816.25,7817.75,787
2026-08-17 07:10:00-04:00,7817.5,7817.5,7815.5,7816.0,884
2026-08-17 07:15:00-04:00,7816.0,7816.0,7813.25,7813.5,606
2026-08-17 07:20:00-04:00,7813.5,7816.0,7813.5,7816.0,576
2026-08-17 07:25:00-04:00,7816.0,7816.25,7814.5,7815.5,405
2026-08-17 07:30:00-04:00,7815.5,7817.0,7815.0,7816.25,753
2026-08-17 07:35:00-04:00,7816.25,7816.5,7815.5,7816.0,647
2026-08-17 07:40:00-04:00,7815.75,7816.0,7814.75,7815.75,1401
2026-08-17 07:45:00-04:00,7815.75,7816.0,7814.75,7815.25,902
2026-08-17 07:50:00-04:00,7815.25,7815.25,7813.25,7814.0,1514
2026-08-17 07:55:00-04:00,7813.75,7814.25,7813.25,7813.25,679
2026-08-17 08:00:00-04:00,7813.5,7813.75,7809.75,7809.75,2169
2026-08-17 08:05:00-04:00,7810.0,7813.0,7809.25,7813.0,1298
2026-08-17 08:10:00-04:00,7813.0,7814.25,7813.0,7813.75,1087
2026-08-17 08:15:00-04:00,7813.75,7814.25,7812.75,7813.5,1003
2026-08-17 08:20:00-04:00,7813.5,7815.0,7813.0,7813.25,1468
2026-08-17 08:25:00-04:00,7813.25,7814.5,7805.75,7808.0,8886
2026-08-17 08:30:00-04:00,7808.25,7809.75,7805.5,7807.5,2761
2026-08-17 08:35:00-04:00,7807.75,7808.0,7803.5,7803.75,3051
2026-08-17 08:40:00-04:00,7803.75,7806.0,7802.25,7804.0,2562
2026-08-17 08:45:00-04:00,7804.0,7804.25,7801.25,7802.5,2138
2026-08-17 08:50:00-04:00,7802.5,7804.0,7802.0,7803.0,1704
2026-08-17 08:55:00-04:00,7803.0,7805.0,7802.0,7803.75,1406
2026-08-17 09:00:00-04:00,7803.5,7805.0,7803.25,7804.0,1818
2026-08-17 09:05:00-04:00,7804.0,7806.5,7804.0,7806.0,1798
2026-08-17 09:10:00-04:00,7806.25,7806.5,7805.0,7806.0,1107
2026-08-17 09:15:00-04:00,7806.0,7807.25,7805.5,7806.25,1706
2026-08-17 09:20:00-04:00,7806.25,7806.5,7804.75,7805.5,1408
2026-08-17 09:25:00-04:00,7805.25,7808.0,7802.75,7802.75,5291
2026-08-17 09:30:00-04:00,7803.0,7809.5,7796.25,7796.5,33904
2026-08-17 09:35:00-04:00,7796.5,7800.25,7794.5,7796.0,17254
2026-08-17 09:40:00-04:00,7796.0,7800.0,7794.75,7797.25,14985
2026-08-17 09:45:00-04:00,7797.0,7802.0,7793.25,7801.0,18436
2026-08-17 09:50:00-04:00,7801.25,7801.75,7797.0,7799.75,11613
2026-08-17 09:55:00-04:00,7800.0,7800.0,7793.25,7794.25,13771
2026-08-17 10:00:00-04:00,7794.5,7798.0,7791.5,7795.5,19922
2026-08-17 10:05:00-04:00,7795.75,7796.5,7792.5,7795.75,12091
2026-08-17 10:10:00-04:00,7795.75,7799.0,7795.0,7798.0,10734
2026-08-17 10:15:00-04:00,7797.75,7798.0,7793.75,7795.0,9197
2026-08-17 10:20:00-04:00,7794.75,7795.25,7791.5,7793.75,9911
2026-08-17 10:25:00-04:00,7794.0,7796.5,7791.0,7795.75,10694
2026-08-17 10:30:00-04:00,7795.75,7797.25,7794.75,7797.0,9133
2026-08-17 10:35:00-04:00,7797.0,7797.0,7790.5,7791.75,12363
2026-08-17 10:40:00-04:00,7792.0,7794.75,7791.75,7792.5,8919
2026-08-17 10:45:00-04:00,7792.75,7795.0,7792.5,7794.25,8394
2026-08-17 10:50:00-04:00,7794.25,7796.25,7790.0,7790.75,11039
2026-08-17 10:55:00-04:00,7790.75,7794.0,7790.0,7794.0,7751
2026-08-17 11:00:00-04:00,7794.0,7797.25,7792.75,7796.25,10596
2026-08-17 11:05:00-04:00,7796.25,7797.25,7794.25,7795.0,8324
2026-08-17 11:10:00-04:00,7795.0,7797.0,7794.5,7794.75,5462
2026-08-17 11:15:00-04:00,7794.75,7799.0,7794.25,7798.5,7594
2026-08-17 11:20:00-04:00,7798.5,7800.0,7797.25,7798.0,10221
2026-08-17 11:25:00-04:00,7798.25,7799.0,7796.5,7798.5,5501
2026-08-17 11:30:00-04:00,7798.75,7799.5,7793.25,7793.5,9997
2026-08-17 11:35:00-04:00,7793.5,7794.5,7790.75,7791.25,10715
2026-08-17 11:40:00-04:00,7791.25,7792.25,7788.25,7792.25,13970
2026-08-17 11:45:00-04:00,7792.25,7793.5,7791.25,7792.0,6373
2026-08-17 11:50:00-04:00,7792.0,7795.25,7791.25,7794.5,5895
2026-08-17 11:55:00-04:00,7794.5,7795.5,7793.75,7794.25,4540
2026-08-17 12:00:00-04:00,7794.25,7795.0,7792.5,7793.25,4664
2026-08-17 12:05:00-04:00,7793.25,7794.5,7791.75,7792.5,6156
2026-08-17 12:10:00-04:00,7792.25,7796.0,7792.25,7795.0,4798
2026-08-17 12:15:00-04:00,7795.0,7797.25,7795.0,7796.25,5113
2026-08-17 12:20:00-04:00,7796.25,7797.5,7795.0,7795.25,3957
2026-08-17 12:25:00-04:00,7795.25,7795.5,7793.0,7794.0,5210
2026-08-17 12:30:00-04:00,7794.0,7795.25,7792.0,7792.25,6169
2026-08-17 12:35:00-04:00,7792.25,7794.25,7792.0,7794.25,4453
2026-08-17 12:40:00-04:00,7794.25,7794.25,7790.5,7790.75,4915
2026-08-17 12:45:00-04:00,7791.0,7792.0,7789.75,7791.25,5804
2026-08-17 12:50:00-04:00,7791.25,7791.75,7787.5,7790.0,5350
2026-08-17 12:55:00-04:00,7790.0,7790.25,7787.0,7788.0,6052
2026-08-17 13:00:00-04:00,7787.75,7789.0,7786.5,7787.75,6078
2026-08-17 13:05:00-04:00,7788.0,7788.0,7786.25,7786.75,7002
2026-08-17 13:10:00-04:00,7786.75,7787.75,7784.0,7784.0,7759
2026-08-17 13:15:00-04:00,7784.0,7785.75,7782.0,7783.75,11534
2026-08-17 13:20:00-04:00,7783.75,7784.5,7777.5,7778.75,21432
2026-08-17 13:25:00-04:00,7778.75,7779.25,7775.75,7776.75,17108
2026-08-17 13:30:00-04:00,7776.75,7779.75,7775.0,7775.25,12153
2026-08-17 13:35:00-04:00,7775.25,7776.5,7772.25,7772.5,12630
2026-08-17 13:40:00-04:00,7772.25,7779.5,7772.0,7778.5,11478
2026-08-17 13:45:00-04:00,7778.75,7779.5,7775.75,7776.25,7522
2026-08-17 13:50:00-04:00,7776.0,7777.5,7774.75,7776.25,5503
2026-08-17 13:55:00-04:00,7776.25,7776.75,7774.0,7775.0,5152
2026-08-17 14:00:00-04:00,7775.25,7777.0,7773.75,7775.25,9907
2026-08-17 14:05:00-04:00,7775.25,7777.5,7773.75,7775.0,9053
2026-08-17 14:10:00-04:00,7775.0,7778.5,7774.25,7778.0,7738
2026-08-17 14:15:00-04:00,7777.75,7779.0,7776.0,7776.5,6715
2026-08-17 14:20:00-04:00,7776.5,7778.5,7775.0,7778.0,5707
2026-08-17 14:25:00-04:00,7778.0,7779.0,7775.25,7776.5,6062
2026-08-17 14:30:00-04:00,7776.75,7777.25,7773.25,7773.25,8022
2026-08-17 14:35:00-04:00,7773.25,7775.75,7773.25,7775.5,4652
2026-08-17 14:40:00-04:00,7775.25,7777.75,7774.75,7776.75,4896
2026-08-17 14:45:00-04:00,7776.75,7778.75,7776.25,7778.0,4424
2026-08-17 14:50:00-04:00,7778.0,7779.25,7776.0,7776.75,6100
2026-08-17 14:55:00-04:00,7776.75,7777.0,7775.5,7776.0,5418
2026-08-17 15:00:00-04:00,7776.0,7776.75,7773.75,7774.0,5641
2026-08-17 15:05:00-04:00,7773.75,7775.0,7773.0,7773.5,5798
2026-08-17 15:10:00-04:00,7773.5,7774.75,7772.0,7772.5,6059
2026-08-17 15:15:00-04:00,7772.5,7775.75,7772.25,7774.75,7635
2026-08-17 15:20:00-04:00,7774.75,7775.5,7773.25,7773.5,4315
2026-08-17 15:25:00-04:00,7773.5,7775.0,7772.0,7772.0,5045
2026-08-17 15:30:00-04:00,7772.25,7772.5,7767.75,7770.5,14312
2026-08-17 15:35:00-04:00,7770.5,7772.25,7769.5,7771.25,8187
2026-08-17 15:40:00-04:00,7771.0,7771.75,7769.0,7770.75,7128
2026-08-17 15:45:00-04:00,7770.75,7774.25,7770.5,7774.0,10472
2026-08-17 15:50:00-04:00,7774.0,7774.75,7767.0,7768.75,20021
2026-08-17 15:55:00-04:00,7769.0,7771.25,7766.25,7768.5,72313
2026-08-17 16:00:00-04:00,7768.5,7769.5,7766.0,7766.75,22674
2026-08-17 16:05:00-04:00,7766.75,7768.0,7765.25,7767.5,4366
2026-08-17 16:10:00-04:00,7767.5,7768.0,7766.75,7767.25,2745
2026-08-17 16:15:00-04:00,7767.0,7767.5,7764.75,7767.25,2306
2026-08-17 16:20:00-04:00,7767.25,7767.5,7766.75,7766.75,756
2026-08-17 16:25:00-04:00,7766.5,7766.75,7765.25,7765.75,1357
2026-08-17 16:30:00-04:00,7765.75,7766.0,7765.0,7765.75,994
2026-08-17 16:35:00-04:00,7765.5,7765.75,7764.25,7764.5,906
2026-08-17 16:40:00-04:00,7764.5,7765.75,7764.5,7764.5,1152
2026-08-17 16:45:00-04:00,7764.5,7764.5,7763.5,7764.25,999
2026-08-17 16:50:00-04:00,7764.25,7766.0,7763.5,7766.0,834
2026-08-17 16:55:00-04:00,7766.0,7766.5,7764.5,7765.5,1700
2026-08-17 18:00:00-04:00,7766.0,7768.5,7766.0,7767.5,0
2026-08-17 18:05:00-04:00,7767.25,7768.0,7766.0,7767.75,625
2026-08-17 18:10:00-04:00,7767.75,7768.0,7765.0,7766.0,793
2026-08-17 18:15:00-04:00,7766.0,7766.5,7762.5,7764.75,914
2026-08-17 18:20:00-04:00,7764.75,7765.5,7763.5,7765.0,395
2026-08-17 18:25:00-04:00,7765.25,7766.0,7764.5,7765.25,424
2026-08-17 18:30:00-04:00,7765.0,7765.5,7764.0,7764.5,246
2026-08-17 18:35:00-04:00,7764.5,7765.0,7764.25,7764.5,131
2026-08-17 18:40:00-04:00,7764.5,7765.25,7764.25,7764.75,152
2026-08-17 18:45:00-04:00,7764.75,7765.5,7764.75,7765.25,113
2026-08-17 18:50:00-04:00,7765.0,7765.75,7764.75,7765.75,232
2026-08-17 18:55:00-04:00,7765.75,7766.0,7765.0,7765.25,386
2026-08-17 19:00:00-04:00,7765.25,7765.25,7763.5,7764.0,307
2026-08-17 19:05:00-04:00,7764.25,7765.75,7764.25,7765.25,186
2026-08-17 19:10:00-04:00,7765.5,7766.0,7765.0,7765.25,144
2026-08-17 19:15:00-04:00,7765.25,7765.25,7763.75,7764.75,216
2026-08-17 19:20:00-04:00,7764.75,7764.75,7764.0,7764.5,99
2026-08-17 19:25:00-04:00,7764.25,7765.5,7764.0,7765.25,274
2026-08-17 19:30:00-04:00,7765.0,7767.75,7765.0,7767.25,873
2026-08-17 19:35:00-04:00,7767.25,7768.25,7767.0,7768.0,292
2026-08-17 19:40:00-04:00,7767.75,7768.0,7767.0,7767.25,236
2026-08-17 19:45:00-04:00,7767.5,7767.75,7764.5,7765.75,913
2026-08-17 19:50:00-04:00,7765.5,7768.0,7765.5,7768.0,389
2026-08-17 19:55:00-04:00,7768.0,7768.5,7767.25,7768.25,384
2026-08-17 20:00:00-04:00,7768.0,7769.75,7767.0,7769.25,1041
2026-08-17 20:05:00-04:00,7769.25,7769.5,7768.5,7768.75,296
2026-08-17 20:10:00-04:00,7769.0,7769.75,7768.25,7769.5,327
2026-08-17 20:15:00-04:00,7769.5,7770.5,7768.0,7770.25,460
2026-08-17 20:20:00-04:00,7770.0,7770.5,7768.75,7769.0,479
2026-08-17 20:25:00-04:00,7769.0,7769.5,7766.75,7767.5,541
2026-08-17 20:30:00-04:00,7767.5,7768.25,7766.75,7768.25,465
2026-08-17 20:35:00-04:00,7768.0,7768.5,7767.5,7767.75,328
2026-08-17 20:40:00-04:00,7767.5,7767.75,7766.25,7767.5,353
2026-08-17 20:45:00-04:00,7767.5,7767.75,7767.0,7767.75,204
2026-08-17 20:50:00-04:00,7767.75,7769.25,7766.25,7766.75,611
2026-08-17 20:55:00-04:00,7766.5,7767.25,7766.25,7766.75,425
2026-08-17 21:00:00-04:00,7767.0,7767.75,7766.0,7766.25,499
2026-08-17 21:05:00-04:00,7766.0,7767.0,7765.5,7765.75,456
2026-08-17 21:10:00-04:00,7766.0,7767.5,7766.0,7767.5,421
2026-08-17 21:15:00-04:00,7767.5,7767.5,7766.0,7766.25,502
2026-08-17 21:20:00-04:00,7766.5,7768.0,7765.75,7768.0,345
2026-08-17 21:25:00-04:00,7768.0,7768.0,7765.75,7765.75,541
2026-08-17 21:30:00-04:00,7766.0,7766.0,7765.0,7765.25,603
2026-08-17 21:35:00-04:00,7765.5,7767.0,7765.0,7765.25,498
2026-08-17 21:40:00-04:00,7765.25,7765.25,7761.75,7762.25,1144
2026-08-17 21:45:00-04:00,7762.5,7762.75,7759.0,7760.75,1452
2026-08-17 21:50:00-04:00,7760.5,7760.75,7755.25,7757.75,2667
2026-08-17 21:55:00-04:00,7757.75,7761.5,7757.75,7761.5,955
2026-08-17 22:00:00-04:00,7761.5,7762.0,7760.0,7760.5,683
2026-08-17 22:05:00-04:00,7760.25,7760.5,7758.5,7759.5,744
2026-08-17 22:10:00-04:00,7759.5,7759.5,7754.5,7754.75,1008
2026-08-17 22:15:00-04:00,7754.75,7755.5,7748.0,7752.0,4389
2026-08-17 22:20:00-04:00,7752.0,7753.0,7749.25,7750.0,791
2026-08-17 22:25:00-04:00,7750.0,7750.5,7748.0,7749.25,1041
2026-08-17 22:30:00-04:00,7749.25,7750.5,7748.75,7749.0,1147
2026-08-17 22:35:00-04:00,7749.25,7753.25,7749.0,7752.0,1149
2026-08-17 22:40:00-04:00,7752.25,7752.75,7747.25,7747.25,1628
2026-08-17 22:45:00-04:00,7747.25,7749.25,7742.75,7749.0,2486
2026-08-17 22:50:00-04:00,7749.0,7749.75,7747.5,7747.75,692
2026-08-17 22:55:00-04:00,7747.75,7749.75,7746.25,7749.0,1087
2026-08-17 23:00:00-04:00,7749.25,7749.75,7748.5,7748.75,550
2026-08-17 23:05:00-04:00,7748.75,7749.25,7748.25,7748.5,847
2026-08-17 23:10:00-04:00,7748.5,7748.5,7746.75,7747.25,599
2026-08-17 23:15:00-04:00,7747.25,7747.5,7745.5,7746.25,1076
2026-08-17 23:20:00-04:00,7746.25,7746.5,7742.25,7743.25,1302
2026-08-17 23:25:00-04:00,7743.25,7745.25,7742.75,7744.25,545
2026-08-17 23:30:00-04:00,7744.25,7744.25,7741.25,7741.25,912
2026-08-17 23:35:00-04:00,7741.25,7745.5,7741.0,7745.0,866
2026-08-17 23:40:00-04:00,7745.0,7746.0,7744.5,7745.25,633
2026-08-17 23:45:00-04:00,7745.0,7746.5,7744.0,7744.0,646
2026-08-17 23:50:00-04:00,7744.0,7746.25,7743.75,7745.25,442
2026-08-17 23:55:00-04:00,7745.25,7745.5,7743.0,7744.25,422
2026-08-18 00:05:00-04:00,7743.0,7743.5,7743.0,7743.5,1294
2026-08-18 00:10:00-04:00,7743.5,7743.5,7742.0,7742.75,509
2026-08-18 00:15:00-04:00,7742.75,7743.5,7742.25,7743.0,524
2026-08-18 00:20:00-04:00,7742.75,7743.0,7740.5,7741.0,574
2026-08-18 00:25:00-04:00,7741.0,7744.25,7739.5,7743.75,1091
2026-08-18 00:30:00-04:00,7743.75,7744.75,7742.75,7743.25,572
2026-08-18 00:35:00-04:00,7743.5,7744.75,7740.75,7741.25,567
2026-08-18 00:40:00-04:00,7741.5,7742.5,7741.5,7741.75,217
2026-08-18 00:45:00-04:00,7741.75,7742.75,7741.25,7742.75,520
2026-08-18 00:50:00-04:00,7742.75,7744.25,7742.5,7743.75,345
2026-08-18 00:55:00-04:00,7743.75,7744.5,7743.5,7743.5,156
2026-08-18 01:00:00-04:00,7743.5,7743.5,7736.75,7738.5,1278
2026-08-18 01:05:00-04:00,7738.5,7741.25,7738.5,7740.0,496
2026-08-18 01:10:00-04:00,7740.0,7740.0,7737.0,7738.25,611
2026-08-18 01:15:00-04:00,7738.25,7740.25,7738.25,7740.0,531
2026-08-18 01:20:00-04:00,7740.25,7740.25,7738.75,7739.5,283
2026-08-18 01:25:00-04:00,7739.25,7740.0,7738.0,7738.0,343
2026-08-18 01:30:00-04:00,7738.25,7738.5,7736.75,7737.5,511
2026-08-18 01:35:00-04:00,7737.5,7738.25,7735.5,7736.75,1384
2026-08-18 01:40:00-04:00,7736.75,7737.25,7736.25,7736.5,658
2026-08-18 01:45:00-04:00,7736.25,7737.5,7736.0,7737.5,400
2026-08-18 01:50:00-04:00,7737.75,7738.25,7736.25,7736.75,674
2026-08-18 01:55:00-04:00,7736.75,7738.5,7734.25,7735.0,1148
2026-08-18 02:00:00-04:00,7735.25,7735.25,7726.0,7729.25,4397
2026-08-18 02:05:00-04:00,7729.5,7730.5,7727.25,7730.5,1300
2026-08-18 02:10:00-04:00,7730.75,7736.5,7730.75,7735.5,1470
2026-08-18 02:15:00-04:00,7735.25,7736.25,7733.0,7735.75,1461
2026-08-18 02:20:00-04:00,7735.75,7738.25,7734.75,7735.25,1450
2026-08-18 02:25:00-04:00,7735.0,7737.25,7733.75,7736.25,1145
2026-08-18 02:30:00-04:00,7736.0,7736.75,7734.25,7735.75,819
2026-08-18 02:35:00-04:00,7736.0,7737.5,7734.5,7737.0,790
2026-08-18 02:40:00-04:00,7737.0,7737.75,7736.75,7737.0,526
2026-08-18 02:45:00-04:00,7737.0,7738.75,7737.0,7738.0,744
2026-08-18 02:50:00-04:00,7738.0,7739.25,7737.25,7738.0,1186
2026-08-18 02:55:00-04:00,7738.0,7742.25,7738.0,7742.0,1330
2026-08-18 03:00:00-04:00,7741.75,7742.25,7738.0,7738.5,2002
2026-08-18 03:05:00-04:00,7738.5,7741.75,7738.25,7739.25,1218
2026-08-18 03:10:00-04:00,7739.25,7739.75,7737.0,7737.0,1079
2026-08-18 03:15:00-04:00,7736.75,7738.5,7736.0,7737.5,1083
2026-08-18 03:20:00-04:00,7737.5,7738.75,7737.0,7737.75,703
2026-08-18 03:25:00-04:00,7738.0,7738.5,7735.25,7735.5,810
2026-08-18 03:30:00-04:00,7735.75,7736.5,7731.5,7732.0,1134
2026-08-18 03:35:00-04:00,7732.25,7735.75,7731.0,7735.0,1315
2026-08-18 03:40:00-04:00,7735.25,7736.0,7730.5,7730.75,1010
2026-08-18 03:45:00-04:00,7730.5,7731.5,7729.75,7731.25,1319
2026-08-18 03:50:00-04:00,7731.25,7732.25,7728.5,7729.75,1146
2026-08-18 03:55:00-04:00,7729.75,7730.25,7726.0,7726.25,1399
2026-08-18 04:00:00-04:00,7726.5,7727.25,7716.5,7722.0,6524
2026-08-18 04:05:00-04:00,7722.0,7723.5,7719.5,7722.5,3079
2026-08-18 04:10:00-04:00,7722.25,7726.75,7720.75,7725.75,3888
2026-08-18 04:15:00-04:00,7725.75,7728.5,7725.25,7726.25,1923
2026-08-18 04:20:00-04:00,7726.75,7726.75,7722.75,7724.0,1261
2026-08-18 04:25:00-04:00,7723.75,7727.25,7723.5,7726.25,1304
2026-08-18 04:30:00-04:00,7726.25,7729.0,7725.25,7728.5,1108
2026-08-18 04:35:00-04:00,7728.75,7731.75,7728.75,7731.0,1273
2026-08-18 04:40:00-04:00,7731.0,7731.75,7729.5,7730.75,912
2026-08-18 04:45:00-04:00,7730.75,7730.75,7726.5,7726.5,743
2026-08-18 04:50:00-04:00,7726.25,7729.5,7725.75,7728.75,1354
2026-08-18 04:55:00-04:00,7728.75,7730.25,7728.0,7729.75,875
2026-08-18 05:00:00-04:00,7729.75,7731.25,7727.5,7730.25,1566
2026-08-18 05:05:00-04:00,7730.25,7730.25,7727.0,7727.25,1648
2026-08-18 05:10:00-04:00,7727.25,7729.25,7727.0,7727.25,1429
2026-08-18 05:15:00-04:00,7727.25,7728.0,7724.5,7725.0,1399
2026-08-18 05:20:00-04:00,7725.0,7726.25,7724.0,7724.0,1672
2026-08-18 05:25:00-04:00,7723.75,7727.5,7723.75,7726.5,1037
2026-08-18 05:30:00-04:00,7726.25,7729.0,7725.25,7727.75,2209
2026-08-18 05:35:00-04:00,7727.75,7729.0,7726.5,7726.75,986
2026-08-18 05:40:00-04:00,7726.75,7727.25,7722.5,7725.5,1384
2026-08-18 05:45:00-04:00,7725.25,7726.5,7722.75,7724.5,1494
2026-08-18 05:50:00-04:00,7724.5,7728.75,7723.25,7728.75,1693
2026-08-18 05:55:00-04:00,7728.5,7730.75,7728.0,7729.5,1194
2026-08-18 06:00:00-04:00,7729.5,7731.5,7728.5,7730.5,2072
2026-08-18 06:05:00-04:00,7730.5,7732.25,7730.0,7731.5,992
2026-08-18 06:10:00-04:00,7731.75,7732.25,7729.25,7730.0,887
2026-08-18 06:15:00-04:00,7730.25,7732.0,7729.0,7729.0,836
2026-08-18 06:20:00-04:00,7729.0,7729.75,7728.25,7728.75,670
2026-08-18 06:25:00-04:00,7728.75,7731.0,7728.25,7730.75,855
2026-08-18 06:30:00-04:00,7730.75,7732.75,7730.5,7732.0,963
2026-08-18 06:35:00-04:00,7731.75,7734.0,7731.5,7732.0,1313
2026-08-18 06:40:00-04:00,7732.0,7732.0,7729.25,7729.75,1623
2026-08-18 06:45:00-04:00,7729.75,7734.0,7729.5,7733.75,1619
2026-08-18 06:50:00-04:00,7733.75,7734.25,7733.25,7733.75,631
2026-08-18 06:55:00-04:00,7733.75,7734.0,7731.5,7731.75,1162
2026-08-18 07:00:00-04:00,7731.75,7735.5,7730.75,7734.5,2205
2026-08-18 07:05:00-04:00,7734.5,7735.25,7734.0,7734.25,1546
2026-08-18 07:10:00-04:00,7734.5,7736.0,7734.25,7735.75,1216
2026-08-18 07:15:00-04:00,7735.5,7736.25,7735.0,7736.0,1183
2026-08-18 07:20:00-04:00,7736.0,7736.75,7734.5,7735.0,1599
2026-08-18 07:25:00-04:00,7735.0,7736.25,7734.5,7735.25,923
2026-08-18 07:30:00-04:00,7735.25,7735.75,7732.75,7734.0,1742
2026-08-18 07:35:00-04:00,7733.75,7735.0,7732.5,7732.5,1005
2026-08-18 07:40:00-04:00,7732.5,7736.5,7732.25,7736.25,1460
2026-08-18 07:45:00-04:00,7736.25,7738.5,7736.25,7737.75,2052
2026-08-18 07:50:00-04:00,7737.75,7737.75,7733.75,7734.0,1853
2026-08-18 07:55:00-04:00,7734.25,7736.75,7734.0,7734.75,1252
2026-08-18 08:00:00-04:00,7734.75,7738.75,7733.5,7738.5,1502
2026-08-18 08:05:00-04:00,7738.5,7738.75,7734.0,7735.0,1645
2026-08-18 08:10:00-04:00,7734.75,7735.0,7732.75,7733.75,1208
2026-08-18 08:15:00-04:00,7734.0,7735.25,7733.0,7735.25,1088
2026-08-18 08:20:00-04:00,7735.25,7739.25,7734.25,7734.5,2244
2026-08-18 08:25:00-04:00,7734.75,7734.75,7732.25,7732.75,1434
2026-08-18 08:30:00-04:00,7732.75,7734.25,7730.25,7731.25,2075
2026-08-18 08:35:00-04:00,7731.0,7731.5,7728.5,7729.75,2669
2026-08-18 08:40:00-04:00,7729.75,7730.5,7729.0,7729.5,1459
2026-08-18 08:45:00-04:00,7729.75,7732.5,7729.0,7732.25,2237
2026-08-18 08:50:00-04:00,7732.25,7734.75,7731.75,7734.0,2491
2026-08-18 08:55:00-04:00,7733.75,7735.75,7733.0,7735.75,1544
2026-08-18 09:00:00-04:00,7735.5,7736.5,7732.5,7732.5,3063
2026-08-18 09:05:00-04:00,7732.5,7733.5,7731.5,7731.75,2471
2026-08-18 09:10:00-04:00,7731.75,7732.0,7730.0,7730.75,2979
2026-08-18 09:15:00-04:00,7730.75,7732.0,7729.25,7729.75,3735
2026-08-18 09:20:00-04:00,7729.5,7730.25,7725.5,7726.5,3658
2026-08-18 09:25:00-04:00,7726.75,7729.75,7724.25,7726.25,7944
2026-08-18 09:30:00-04:00,7726.5,7734.75,7719.0,7725.5,52327
2026-08-18 09:35:00-04:00,7725.5,7732.0,7722.75,7731.25,32230
2026-08-18 09:40:00-04:00,7731.25,7735.25,7727.25,7727.5,21858
2026-08-18 09:45:00-04:00,7727.5,7731.25,7723.5,7724.75,20426
2026-08-18 09:50:00-04:00,7724.5,7728.25,7722.0,7725.75,14694
2026-08-18 09:55:00-04:00,7726.0,7728.5,7721.25,7724.75,14387
2026-08-18 10:00:00-04:00,7725.0,7732.75,7721.75,7729.75,21669
2026-08-18 10:05:00-04:00,7729.75,7732.5,7724.25,7725.5,18967
2026-08-18 10:10:00-04:00,7725.25,7726.0,7716.5,7721.25,23928
2026-08-18 10:15:00-04:00,7721.5,7728.75,7720.25,7725.5,20007
2026-08-18 10:20:00-04:00,7725.75,7730.0,7720.0,7728.0,20408
2026-08-18 10:25:00-04:00,7728.25,7730.75,7725.25,7726.5,18608
2026-08-18 10:30:00-04:00,7726.5,7732.75,7725.5,7727.5,18690
2026-08-18 10:35:00-04:00,7727.5,7731.75,7727.25,7731.0,11261
2026-08-18 10:40:00-04:00,7731.0,7732.25,7723.75,7724.25,12261
2026-08-18 10:45:00-04:00,7724.25,7726.0,7721.75,7724.75,13668
2026-08-18 10:50:00-04:00,7724.75,7728.0,7719.0,7719.75,21375
2026-08-18 10:55:00-04:00,7719.5,7721.75,7717.25,7719.25,18462
2026-08-18 11:00:00-04:00,7719.5,7723.25,7714.25,7722.25,21210
2026-08-18 11:05:00-04:00,7722.25,7724.25,7717.5,7718.0,12366
2026-08-18 11:10:00-04:00,7718.25,7719.5,7716.25,7717.25,13526
2026-08-18 11:15:00-04:00,7717.5,7719.5,7714.75,7714.75,10596
2026-08-18 11:20:00-04:00,7714.5,7717.25,7713.25,7715.5,12917
2026-08-18 11:25:00-04:00,7715.25,7720.25,7714.0,7718.5,13175
2026-08-18 11:30:00-04:00,7718.25,7721.75,7717.0,7718.75,17156
2026-08-18 11:35:00-04:00,7719.0,7719.0,7716.0,7718.25,7588
2026-08-18 11:40:00-04:00,7718.25,7722.75,7716.75,7720.5,8685
2026-08-18 11:45:00-04:00,7720.75,7725.5,7720.75,7724.0,9022
2026-08-18 11:50:00-04:00,7724.0,7726.5,7720.75,7724.75,9070
2026-08-18 11:55:00-04:00,7724.75,7725.0,7720.5,7723.25,7198
2026-08-18 12:00:00-04:00,7723.25,7726.25,7722.5,7725.5,9173
2026-08-18 12:05:00-04:00,7725.25,7727.0,7722.0,7723.5,10268
2026-08-18 12:10:00-04:00,7723.5,7727.25,7723.5,7725.5,7751
2026-08-18 12:15:00-04:00,7725.25,7726.25,7722.25,7723.0,7116
2026-08-18 12:20:00-04:00,7723.0,7728.75,7723.0,7726.5,9833
2026-08-18 12:25:00-04:00,7726.5,7727.25,7721.25,7721.75,7922
2026-08-18 12:30:00-04:00,7721.75,7724.0,7720.5,7723.0,7819
2026-08-18 12:35:00-04:00,7723.0,7725.5,7721.5,7724.25,7024
2026-08-18 12:40:00-04:00,7724.25,7725.75,7721.75,7723.5,6457
2026-08-18 12:45:00-04:00,7723.5,7728.25,7721.5,7727.75,8560
2026-08-18 12:50:00-04:00,7727.75,7728.5,7726.0,7727.75,6622
2026-08-18 12:55:00-04:00,7728.0,7728.0,7726.0,7726.0,5182
2026-08-18 13:00:00-04:00,7726.0,7726.75,7723.25,7725.5,9290
2026-08-18 13:05:00-04:00,7725.25,7727.5,7724.25,7727.5,6016
2026-08-18 13:10:00-04:00,7727.25,7728.0,7724.75,7726.0,3833
2026-08-18 13:15:00-04:00,7726.0,7726.25,7722.75,7723.0,5189
2026-08-18 13:20:00-04:00,7722.75,7725.5,7722.25,7722.75,5262
2026-08-18 13:25:00-04:00,7722.5,7723.25,7720.75,7722.75,6994
2026-08-18 13:30:00-04:00,7722.5,7723.75,7720.75,7722.0,5923
2026-08-18 13:35:00-04:00,7721.75,7724.0,7720.0,7722.25,5419
2026-08-18 13:40:00-04:00,7722.0,7723.0,7720.25,7720.75,3891
2026-08-18 13:45:00-04:00,7720.75,7722.0,7720.0,7720.0,3815
2026-08-18 13:50:00-04:00,7720.0,7721.75,7719.5,7720.5,4367
2026-08-18 13:55:00-04:00,7720.5,7720.5,7715.75,7716.0,8280
2026-08-18 14:00:00-04:00,7715.75,7717.25,7715.0,7716.25,9339
2026-08-18 14:05:00-04:00,7716.5,7717.75,7714.25,7715.0,6753
2026-08-18 14:10:00-04:00,7715.0,7721.25,7714.5,7720.75,8717
2026-08-18 14:15:00-04:00,7720.75,7725.25,7720.25,7723.75,8672
2026-08-18 14:20:00-04:00,7724.0,7726.0,7722.0,7722.75,11244
2026-08-18 14:25:00-04:00,7722.75,7724.25,7721.0,7723.75,5070
2026-08-18 14:30:00-04:00,7723.5,7724.25,7721.5,7723.5,5063
2026-08-18 14:35:00-04:00,7723.5,7724.5,7723.25,7723.5,4310
2026-08-18 14:40:00-04:00,7723.25,7723.75,7721.0,7721.25,6701
2026-08-18 14:45:00-04:00,7721.25,7722.25,7720.5,7720.75,5995
2026-08-18 14:50:00-04:00,7720.75,7721.25,7718.0,7718.0,5005
2026-08-18 14:55:00-04:00,7718.0,7719.25,7716.75,7717.0,10596
2026-08-18 15:00:00-04:00,7717.0,7718.75,7716.25,7717.75,7916
2026-08-18 15:05:00-04:00,7717.5,7719.5,7716.5,7718.5,5491
2026-08-18 15:10:00-04:00,7718.5,7719.25,7715.5,7716.5,6488
2026-08-18 15:15:00-04:00,7716.25,7719.0,7716.0,7719.0,5969
2026-08-18 15:20:00-04:00,7718.75,7721.75,7717.75,7721.75,7848
2026-08-18 15:25:00-04:00,7721.75,7722.25,7720.5,7720.75,8422
2026-08-18 15:30:00-04:00,7720.75,7722.75,7718.75,7719.5,9705
2026-08-18 15:35:00-04:00,7719.5,7721.0,7719.0,7720.25,6024
2026-08-18 15:40:00-04:00,7720.0,7720.25,7717.75,7719.5,8775
2026-08-18 15:45:00-04:00,7719.5,7720.25,7717.25,7719.5,9855
2026-08-18 15:50:00-04:00,7719.5,7720.25,7713.25,7714.75,26105
2026-08-18 15:55:00-04:00,7715.0,7717.75,7710.25,7715.25,94126
2026-08-18 16:00:00-04:00,7715.0,7716.0,7712.75,7715.25,18540
2026-08-18 16:05:00-04:00,7715.25,7716.0,7713.25,7713.5,4087
2026-08-18 16:10:00-04:00,7713.5,7715.25,7713.25,7714.25,3397
2026-08-18 16:15:00-04:00,7714.5,7715.25,7713.75,7714.0,1751
2026-08-18 16:20:00-04:00,7714.25,7714.5,7712.25,7712.5,1568
2026-08-18 16:25:00-04:00,7712.5,7714.75,7712.25,7714.5,1393
2026-08-18 16:30:00-04:00,7714.5,7715.5,7714.0,7715.25,1124
2026-08-18 16:35:00-04:00,7715.25,7716.0,7715.25,7715.75,629
2026-08-18 16:40:00-04:00,7715.75,7716.0,7714.5,7714.75,937
2026-08-18 16:45:00-04:00,7714.5,7715.25,7711.25,7711.5,2385
2026-08-18 16:50:00-04:00,7711.75,7713.0,7711.5,7712.5,759
2026-08-18 16:55:00-04:00,7712.5,7713.5,7712.25,7713.25,955
2026-08-18 18:00:00-04:00,7714.0,7716.25,7712.25,7714.0,0
2026-08-18 18:05:00-04:00,7713.75,7715.0,7712.5,7714.0,410
2026-08-18 18:10:00-04:00,7714.0,7714.0,7713.0,7713.25,390
2026-08-18 18:15:00-04:00,7713.5,7715.5,7713.5,7715.5,563
2026-08-18 18:20:00-04:00,7715.5,7717.5,7715.0,7715.25,1086
2026-08-18 18:25:00-04:00,7715.25,7715.25,7711.25,7711.25,1442
2026-08-18 18:30:00-04:00,7711.5,7712.5,7711.0,7712.25,677
2026-08-18 18:35:00-04:00,7712.0,7712.25,7710.0,7710.25,448
2026-08-18 18:40:00-04:00,7710.0,7711.0,7709.5,7711.0,579
2026-08-18 18:45:00-04:00,7711.0,7711.25,7709.25,7709.75,416
2026-08-18 18:50:00-04:00,7710.0,7710.5,7707.5,7708.5,938
2026-08-18 18:55:00-04:00,7708.25,7708.5,7707.5,7707.75,458
2026-08-18 19:00:00-04:00,7707.75,7709.25,7706.75,7708.75,626
2026-08-18 19:05:00-04:00,7708.75,7711.75,7708.0,7710.5,907
2026-08-18 19:10:00-04:00,7710.75,7711.0,7709.5,7710.5,199
2026-08-18 19:15:00-04:00,7710.5,7710.75,7708.5,7709.25,530
2026-08-18 19:20:00-04:00,7709.25,7714.5,7709.25,7712.25,637
2026-08-18 19:25:00-04:00,7712.25,7712.75,7711.25,7711.25,252
2026-08-18 19:30:00-04:00,7711.5,7712.25,7710.75,7711.75,489
2026-08-18 19:35:00-04:00,7711.75,7712.25,7710.75,7711.5,223
2026-08-18 19:40:00-04:00,7711.75,7712.25,7711.25,7711.75,292
2026-08-18 19:45:00-04:00,7711.5,7712.0,7710.75,7711.5,657
2026-08-18 19:50:00-04:00,7711.25,7714.25,7710.75,7713.0,790
2026-08-18 19:55:00-04:00,7712.75,7712.75,7710.5,7710.75,426
2026-08-18 20:00:00-04:00,7710.5,7710.75,7702.75,7705.0,2784
2026-08-18 20:05:00-04:00,7705.0,7706.75,7702.5,7705.0,1285
2026-08-18 20:10:00-04:00,7705.0,7705.25,7702.0,7703.5,1012
2026-08-18 20:15:00-04:00,7703.5,7707.0,7702.25,7706.75,1236
2026-08-18 20:20:00-04:00,7707.0,7710.5,7705.75,7709.0,1230
2026-08-18 20:25:00-04:00,7708.5,7711.0,7708.0,7711.0,967
2026-08-18 20:30:00-04:00,7711.0,7713.75,7711.0,7711.75,1114
2026-08-18 20:35:00-04:00,7712.0,7715.5,7712.0,7715.0,1090
2026-08-18 20:40:00-04:00,7715.0,7716.0,7714.0,7714.75,778
2026-08-18 20:45:00-04:00,7714.75,7715.5,7713.5,7713.75,804
2026-08-18 20:50:00-04:00,7713.75,7714.0,7712.0,7712.0,808
2026-08-18 20:55:00-04:00,7712.0,7712.75,7710.5,7711.0,618
2026-08-18 21:00:00-04:00,7711.0,7713.5,7709.5,7713.25,1230
2026-08-18 21:05:00-04:00,7713.25,7715.25,7713.25,7715.0,1248
2026-08-18 21:10:00-04:00,7715.0,7715.0,7713.5,7713.75,777
2026-08-18 21:15:00-04:00,7714.0,7715.0,7711.75,7715.0,1025
2026-08-18 21:20:00-04:00,7715.0,7717.0,7714.5,7715.25,1127
2026-08-18 21:25:00-04:00,7715.25,7716.25,7714.0,7715.75,584
2026-08-18 21:30:00-04:00,7715.75,7716.0,7711.75,7711.75,845
2026-08-18 21:35:00-04:00,7711.5,7714.5,7711.5,7714.0,614
2026-08-18 21:40:00-04:00,7714.0,7714.25,7710.0,7711.25,723
2026-08-18 21:45:00-04:00,7710.75,7711.5,7709.75,7711.0,711
2026-08-18 21:50:00-04:00,7711.25,7712.25,7710.5,7712.0,563
2026-08-18 21:55:00-04:00,7712.0,7713.0,7710.75,7711.25,677
2026-08-18 22:00:00-04:00,7711.25,7712.0,7709.75,7710.0,537
2026-08-18 22:05:00-04:00,7710.0,7710.0,7708.0,7708.75,681
2026-08-18 22:10:00-04:00,7708.5,7708.75,7706.0,7706.75,931
2026-08-18 22:15:00-04:00,7706.75,7709.75,7706.25,7707.0,2377
2026-08-18 22:20:00-04:00,7707.0,7711.0,7706.75,7710.25,683
2026-08-18 22:25:00-04:00,7710.5,7711.5,7709.25,7709.5,383
2026-08-18 22:30:00-04:00,7709.5,7709.75,7706.5,7706.75,461
2026-08-18 22:35:00-04:00,7706.75,7708.25,7706.5,7708.0,444
2026-08-18 22:40:00-04:00,7708.0,7708.5,7707.25,7707.75,514
2026-08-18 22:45:00-04:00,7708.0,7710.75,7707.75,7710.0,533
2026-08-18 22:50:00-04:00,7710.0,7710.5,7707.75,7708.0,451
2026-08-18 22:55:00-04:00,7708.0,7709.75,7707.5,7709.25,343
2026-08-18 23:00:00-04:00,7709.5,7710.75,7709.25,7710.0,520
2026-08-18 23:05:00-04:00,7710.0,7710.25,7707.5,7707.75,495
2026-08-18 23:10:00-04:00,7707.75,7709.0,7707.0,7708.5,403
2026-08-18 23:15:00-04:00,7708.5,7710.25,7708.5,7709.0,414
2026-08-18 23:20:00-04:00,7709.25,7709.25,7707.5,7708.5,346
2026-08-18 23:25:00-04:00,7708.75,7709.0,7708.0,7708.75,211
2026-08-18 23:30:00-04:00,7708.5,7710.5,7708.0,7710.0,570
2026-08-18 23:35:00-04:00,7710.0,7712.0,7708.75,7709.0,856
2026-08-18 23:40:00-04:00,7709.25,7709.25,7708.0,7708.25,284
2026-08-18 23:45:00-04:00,7708.0,7708.0,7705.75,7707.0,539
2026-08-18 23:50:00-04:00,7707.25,7709.0,7707.0,7707.0,436
2026-08-18 23:55:00-04:00,7707.0,7707.5,7706.25,7706.75,197
2026-08-19 00:05:00-04:00,7705.0,7705.5,7705.0,7705.25,937
2026-08-19 00:10:00-04:00,7705.25,7706.0,7704.5,7705.75,451
2026-08-19 00:15:00-04:00,7705.5,7705.75,7704.75,7705.5,331
2026-08-19 00:20:00-04:00,7705.5,7709.0,7705.0,7707.5,1114
2026-08-19 00:25:00-04:00,7707.75,7708.5,7707.25,7707.5,374
2026-08-19 00:30:00-04:00,7707.75,7708.5,7703.75,7704.75,838
2026-08-19 00:35:00-04:00,7704.75,7706.25,7704.0,7704.0,362
2026-08-19 00:40:00-04:00,7704.25,7705.25,7703.75,7704.0,470
2026-08-19 00:45:00-04:00,7704.0,7704.75,7701.0,7701.5,847
2026-08-19 00:50:00-04:00,7701.25,7701.5,7699.5,7700.5,711
2026-08-19 00:55:00-04:00,7700.5,7704.5,7699.5,7704.25,776
2026-08-19 01:00:00-04:00,7704.25,7708.0,7703.75,7707.75,1067
2026-08-19 01:05:00-04:00,7707.75,7708.25,7704.25,7705.5,526
2026-08-19 01:10:00-04:00,7705.75,7706.0,7702.0,7703.0,503
2026-08-19 01:15:00-04:00,7702.75,7703.5,7699.5,7700.0,705
2026-08-19 01:20:00-04:00,7700.0,7702.5,7699.75,7701.75,534
2026-08-19 01:25:00-04:00,7702.0,7704.5,7701.25,7704.25,570
2026-08-19 01:30:00-04:00,7704.25,7704.75,7701.75,7701.75,582
2026-08-19 01:35:00-04:00,7702.0,7702.75,7699.5,7701.25,609
2026-08-19 01:40:00-04:00,7701.0,7701.25,7698.75,7700.25,811
2026-08-19 01:45:00-04:00,7700.25,7701.0,7699.5,7700.25,272
2026-08-19 01:50:00-04:00,7700.25,7700.5,7698.5,7699.0,368
2026-08-19 01:55:00-04:00,7698.75,7700.0,7698.25,7699.75,830
2026-08-19 02:00:00-04:00,7699.5,7701.25,7699.25,7699.5,1119
2026-08-19 02:05:00-04:00,7699.75,7700.5,7698.25,7698.5,1251
2026-08-19 02:10:00-04:00,7698.75,7700.0,7698.25,7698.75,587
2026-08-19 02:15:00-04:00,7699.0,7705.75,7699.0,7705.5,1218
2026-08-19 02:20:00-04:00,7705.25,7708.0,7705.25,7707.5,1016
2026-08-19 02:25:00-04:00,7707.75,7708.5,7704.75,7705.75,689
2026-08-19 02:30:00-04:00,7705.75,7707.75,7704.75,7706.0,704
2026-08-19 02:35:00-04:00,7706.25,7707.25,7706.0,7706.5,238
2026-08-19 02:40:00-04:00,7706.5,7707.25,7703.75,7707.25,774
2026-08-19 02:45:00-04:00,7707.5,7711.0,7707.5,7709.75,1778
2026-08-19 02:50:00-04:00,7710.0,7712.5,7709.5,7712.0,1118
2026-08-19 02:55:00-04:00,7712.0,7715.0,7711.5,7714.5,2116
2026-08-19 03:00:00-04:00,7714.5,7714.75,7709.75,7711.0,3035
2026-08-19 03:05:00-04:00,7711.0,7713.75,7709.5,7712.75,1252
2026-08-19 03:10:00-04:00,7713.0,7715.0,7712.75,7714.5,1747
2026-08-19 03:15:00-04:00,7714.5,7714.75,7711.75,7712.5,935
2026-08-19 03:20:00-04:00,7712.5,7715.5,7712.5,7715.0,962
2026-08-19 03:25:00-04:00,7715.25,7715.75,7714.5,7715.75,834
2026-08-19 03:30:00-04:00,7715.75,7718.5,7715.75,7717.75,1589
2026-08-19 03:35:00-04:00,7717.5,7719.0,7716.25,7716.25,961
2026-08-19 03:40:00-04:00,7716.5,7716.5,7713.75,7715.5,881
2026-08-19 03:45:00-04:00,7715.5,7717.25,7715.25,7715.5,712
2026-08-19 03:50:00-04:00,7715.5,7716.0,7714.5,7715.25,544
2026-08-19 03:55:00-04:00,7715.25,7718.75,7715.25,7718.5,1216
2026-08-19 04:00:00-04:00,7718.25,7720.25,7716.75,7719.75,3059
2026-08-19 04:05:00-04:00,7719.5,7720.75,7719.0,7719.5,2462
2026-08-19 04:10:00-04:00,7719.25,7720.75,7718.5,7718.75,1900
2026-08-19 04:15:00-04:00,7718.75,7721.25,7718.0,7720.75,1649
2026-08-19 04:20:00-04:00,7720.75,7722.0,7719.5,7721.0,1997
2026-08-19 04:25:00-04:00,7721.0,7721.5,7720.25,7721.5,912
2026-08-19 04:30:00-04:00,7721.5,7721.5,7718.5,7719.0,1137
2026-08-19 04:35:00-04:00,7719.0,7720.25,7719.0,7720.0,568
2026-08-19 04:40:00-04:00,7719.75,7721.25,7719.5,7720.5,532
2026-08-19 04:45:00-04:00,7720.5,7721.0,7720.25,7720.5,465
2026-08-19 04:50:00-04:00,7720.5,7720.75,7719.0,7719.25,935
2026-08-19 04:55:00-04:00,7719.5,7719.75,7717.75,7718.25,1403
2026-08-19 05:00:00-04:00,7718.0,7720.25,7717.75,7720.25,1240
2026-08-19 05:05:00-04:00,7720.25,7720.75,7716.75,7716.75,1172
2026-08-19 05:10:00-04:00,7716.5,7717.75,7716.5,7716.5,713
2026-08-19 05:15:00-04:00,7716.5,7716.5,7714.75,7715.5,1102
2026-08-19 05:20:00-04:00,7715.5,7717.0,7715.0,7715.5,554
2026-08-19 05:25:00-04:00,7715.75,7716.0,7714.0,7714.25,674
2026-08-19 05:30:00-04:00,7714.5,7716.0,7714.0,7715.5,685
2026-08-19 05:35:00-04:00,7715.5,7716.5,7714.5,7715.0,679
2026-08-19 05:40:00-04:00,7715.0,7715.75,7713.5,7714.0,744
2026-08-19 05:45:00-04:00,7713.75,7715.0,7713.5,7714.25,627
2026-08-19 05:50:00-04:00,7714.0,7714.25,7712.25,7713.0,988
2026-08-19 05:55:00-04:00,7713.0,7713.75,7711.75,7713.5,677
2026-08-19 06:00:00-04:00,7713.5,7714.25,7711.25,7711.5,885
2026-08-19 06:05:00-04:00,7711.5,7712.0,7710.25,7711.25,918
2026-08-19 06:10:00-04:00,7711.25,7713.75,7710.75,7713.5,651
2026-08-19 06:15:00-04:00,7713.25,7713.25,7711.5,7711.5,854
2026-08-19 06:20:00-04:00,7711.5,7712.25,7709.5,7711.0,775
2026-08-19 06:25:00-04:00,7711.25,7713.5,7710.5,7713.0,714
2026-08-19 06:30:00-04:00,7713.25,7713.75,7712.0,7713.25,560
2026-08-19 06:35:00-04:00,7713.0,7715.5,7712.5,7715.25,936
2026-08-19 06:40:00-04:00,7715.0,7716.25,7714.75,7716.0,478
2026-08-19 06:45:00-04:00,7716.0,7716.25,7714.25,7714.25,405
2026-08-19 06:50:00-04:00,7714.25,7714.5,7713.25,7714.25,388
2026-08-19 06:55:00-04:00,7714.0,7714.25,7713.25,7713.5,793
2026-08-19 07:00:00-04:00,7713.5,7718.0,7713.25,7717.75,1696
2026-08-19 07:05:00-04:00,7717.75,7719.25,7715.75,7715.75,978
2026-08-19 07:10:00-04:00,7715.75,7718.25,7715.75,7717.5,601
2026-08-19 07:15:00-04:00,7717.75,7718.5,7717.0,7718.25,575
2026-08-19 07:20:00-04:00,7718.0,7719.0,7716.5,7718.5,1133
2026-08-19 07:25:00-04:00,7718.5,7718.75,7716.5,7717.5,676
2026-08-19 07:30:00-04:00,7717.25,7717.75,7715.5,7716.0,1129
2026-08-19 07:35:00-04:00,7716.0,7716.75,7715.5,7716.25,473
2026-08-19 07:40:00-04:00,7716.0,7716.5,7713.25,7715.5,1532
2026-08-19 07:45:00-04:00,7715.75,7717.0,7715.0,7716.0,670
2026-08-19 07:50:00-04:00,7716.0,7717.0,7715.5,7715.5,873
2026-08-19 07:55:00-04:00,7715.75,7718.0,7715.75,7718.0,808
2026-08-19 08:00:00-04:00,7718.0,7718.25,7715.0,7715.75,1534
2026-08-19 08:05:00-04:00,7715.5,7718.25,7715.25,7716.25,827
2026-08-19 08:10:00-04:00,7716.5,7718.5,7716.5,7717.75,1694
2026-08-19 08:15:00-04:00,7717.5,7719.0,7716.5,7719.0,1609
2026-08-19 08:20:00-04:00,7718.75,7720.0,7718.5,7719.75,2115
2026-08-19 08:25:00-04:00,7719.75,7720.25,7715.75,7717.0,4989
2026-08-19 08:30:00-04:00,7717.0,7725.5,7714.75,7724.75,9445
2026-08-19 08:35:00-04:00,7724.75,7735.0,7720.5,7734.0,16739
2026-08-19 08:40:00-04:00,7734.0,7740.75,7733.0,7740.5,15951
2026-08-19 08:45:00-04:00,7740.75,7751.75,7740.75,7751.75,20554
2026-08-19 08:50:00-04:00,7751.5,7758.25,7751.25,7755.0,14478
2026-08-19 08:55:00-04:00,7755.25,7755.25,7746.5,7748.25,9813
2026-08-19 09:00:00-04:00,7748.0,7748.25,7740.5,7740.75,8924
2026-08-19 09:05:00-04:00,7740.75,7746.5,7740.25,7745.25,7032
2026-08-19 09:10:00-04:00,7745.0,7749.5,7745.0,7748.5,3791
2026-08-19 09:15:00-04:00,7748.5,7749.0,7746.5,7748.0,3718
2026-08-19 09:20:00-04:00,7748.0,7750.75,7747.25,7748.75,2990
2026-08-19 09:25:00-04:00,7748.75,7750.75,7743.25,7743.5,8116
2026-08-19 09:30:00-04:00,7743.5,7746.0,7738.25,7739.75,40231
2026-08-19 09:35:00-04:00,7739.75,7742.0,7733.0,7734.75,24793
2026-08-19 09:40:00-04:00,7734.75,7742.5,7732.0,7740.5,25973
2026-08-19 09:45:00-04:00,7740.75,7745.75,7723.25,7725.25,34696
2026-08-19 09:50:00-04:00,7725.0,7736.75,7720.75,7736.0,34106
2026-08-19 09:55:00-04:00,7736.0,7743.25,7733.5,7739.5,24326
2026-08-19 10:00:00-04:00,7739.75,7742.25,7735.25,7736.0,23370
2026-08-19 10:05:00-04:00,7736.0,7740.25,7734.5,7737.75,17355
2026-08-19 10:10:00-04:00,7737.75,7739.25,7726.5,7727.5,26332
2026-08-19 10:15:00-04:00,7727.5,7741.0,7726.75,7737.25,25890
2026-08-19 10:20:00-04:00,7737.25,7741.25,7733.5,7735.5,18372
2026-08-19 10:25:00-04:00,7735.25,7740.25,7731.5,7739.5,19602
2026-08-19 10:30:00-04:00,7739.5,7744.25,7737.75,7741.75,17373
2026-08-19 10:35:00-04:00,7741.5,7752.75,7741.0,7751.5,19600
2026-08-19 10:40:00-04:00,7751.5,7753.25,7748.0,7750.5,14580
2026-08-19 10:45:00-04:00,7750.5,7752.5,7746.5,7747.25,11195
2026-08-19 10:50:00-04:00,7747.0,7754.0,7746.75,7753.25,12616
2026-08-19 10:55:00-04:00,7753.25,7762.25,7752.5,7761.75,18524
2026-08-19 11:00:00-04:00,7762.0,7764.75,7760.0,7761.75,17043
2026-08-19 11:05:00-04:00,7761.75,7762.5,7754.5,7754.75,14024
2026-08-19 11:10:00-04:00,7755.0,7759.5,7754.5,7758.0,9641
2026-08-19 11:15:00-04:00,7757.75,7758.25,7753.5,7754.5,10090
2026-08-19 11:20:00-04:00,7754.5,7755.5,7751.25,7751.5,10339
2026-08-19 11:25:00-04:00,7751.5,7752.0,7748.25,7750.75,12944
2026-08-19 11:30:00-04:00,7750.75,7751.25,7747.0,7747.25,10089
2026-08-19 11:35:00-04:00,7747.5,7748.75,7743.0,7744.75,11234
2026-08-19 11:40:00-04:00,7744.75,7744.75,7740.0,7744.25,14235
2026-08-19 11:45:00-04:00,7744.25,7748.25,7743.0,7743.25,13913
2026-08-19 11:50:00-04:00,7743.25,7744.75,7740.0,7740.75,13890
2026-08-19 11:55:00-04:00,7740.5,7745.75,7739.75,7745.75,8392
2026-08-19 12:00:00-04:00,7745.75,7752.5,7743.25,7752.5,15144
2026-08-19 12:05:00-04:00,7752.5,7755.5,7751.5,7754.75,10437
2026-08-19 12:10:00-04:00,7754.5,7756.25,7754.25,7755.0,7736
2026-08-19 12:15:00-04:00,7755.0,7759.5,7753.75,7758.0,9421
2026-08-19 12:20:00-04:00,7757.75,7758.0,7753.0,7753.75,7562
2026-08-19 12:25:00-04:00,7753.75,7753.75,7745.75,7746.0,10703
2026-08-19 12:30:00-04:00,7746.0,7747.0,7743.5,7746.75,11559
2026-08-19 12:35:00-04:00,7746.5,7746.75,7742.0,7744.5,7094
2026-08-19 12:40:00-04:00,7744.5,7744.75,7741.75,7743.25,6402
2026-08-19 12:45:00-04:00,7743.0,7743.75,7740.25,7741.0,7604
2026-08-19 12:50:00-04:00,7741.0,7741.0,7736.5,7738.0,12285
2026-08-19 12:55:00-04:00,7737.75,7737.75,7734.25,7736.0,8974
2026-08-19 13:00:00-04:00,7736.0,7740.5,7735.25,7738.5,8650
2026-08-19 13:05:00-04:00,7738.5,7741.5,7733.75,7734.25,9015
2026-08-19 13:10:00-04:00,7734.25,7740.0,7734.25,7737.75,7165
2026-08-19 13:15:00-04:00,7737.5,7739.25,7733.75,7733.75,7353
2026-08-19 13:20:00-04:00,7734.0,7734.5,7729.75,7732.25,11173
2026-08-19 13:25:00-04:00,7732.25,7736.0,7731.5,7735.0,8302
2026-08-19 13:30:00-04:00,7734.75,7736.0,7731.25,7731.5,8269
2026-08-19 13:35:00-04:00,7731.25,7734.25,7730.75,7731.75,6835
2026-08-19 13:40:00-04:00,7732.0,7737.0,7731.5,7735.0,6742
2026-08-19 13:45:00-04:00,7735.0,7737.25,7734.25,7734.75,6012
2026-08-19 13:50:00-04:00,7734.75,7738.5,7734.0,7735.5,6362
2026-08-19 13:55:00-04:00,7735.5,7735.5,7732.75,7734.75,4064
2026-08-19 14:00:00-04:00,7734.5,7745.0,7733.25,7740.75,15714
2026-08-19 14:05:00-04:00,7740.5,7742.0,7729.0,7729.25,15868
2026-08-19 14:10:00-04:00,7729.0,7736.5,7729.0,7734.0,9486
2026-08-19 14:15:00-04:00,7734.0,7734.25,7730.0,7732.25,8380
2026-08-19 14:20:00-04:00,7732.5,7734.25,7731.25,7732.0,5430
2026-08-19 14:25:00-04:00,7732.25,7735.75,7731.75,7735.0,6800
2026-08-19 14:30:00-04:00,7735.0,7739.75,7735.0,7738.5,10607
2026-08-19 14:35:00-04:00,7738.5,7738.75,7736.0,7737.0,6774
2026-08-19 14:40:00-04:00,7737.25,7740.5,7736.5,7737.25,6815
2026-08-19 14:45:00-04:00,7737.5,7737.75,7735.25,7737.5,5520
2026-08-19 14:50:00-04:00,7737.75,7738.0,7734.0,7736.25,7020
2026-08-19 14:55:00-04:00,7736.0,7737.0,7734.5,7734.75,5141
2026-08-19 15:00:00-04:00,7734.75,7737.5,7733.75,7735.75,8609
2026-08-19 15:05:00-04:00,7736.0,7739.25,7734.5,7738.5,5596
2026-08-19 15:10:00-04:00,7738.5,7739.0,7736.25,7736.5,5399
2026-08-19 15:15:00-04:00,7736.5,7739.75,7735.75,7739.75,8591
2026-08-19 15:20:00-04:00,7739.5,7740.0,7736.25,7739.0,7355
2026-08-19 15:25:00-04:00,7738.75,7740.0,7735.25,7735.75,8387
2026-08-19 15:30:00-04:00,7735.75,7743.5,7735.5,7741.5,11966
2026-08-19 15:35:00-04:00,7741.5,7741.75,7731.25,7731.5,17658
2026-08-19 15:40:00-04:00,7731.25,7733.75,7729.25,7729.5,11991
2026-08-19 15:45:00-04:00,7729.25,7730.5,7724.75,7727.25,15923
2026-08-19 15:50:00-04:00,7727.25,7728.5,7722.25,7727.0,24220
2026-08-19 15:55:00-04:00,7727.0,7731.75,7721.75,7731.5,79277
2026-08-19 16:00:00-04:00,7731.25,7732.75,7729.0,7729.75,17952
2026-08-19 16:05:00-04:00,7730.0,7730.25,7725.75,7729.25,5893
2026-08-19 16:10:00-04:00,7729.25,7730.25,7728.5,7728.5,3023
2026-08-19 16:15:00-04:00,7728.5,7728.75,7726.25,7727.25,3091
2026-08-19 16:20:00-04:00,7727.5,7728.0,7727.0,7727.25,1238
2026-08-19 16:25:00-04:00,7727.5,7729.5,7727.25,7729.5,1407
2026-08-19 16:30:00-04:00,7729.25,7730.0,7727.75,7729.5,1429
2026-08-19 16:35:00-04:00,7729.75,7730.0,7728.25,7728.25,812
2026-08-19 16:40:00-04:00,7728.25,7729.75,7727.5,7728.75,1052
2026-08-19 16:45:00-04:00,7729.0,7730.5,7729.0,7730.0,697
2026-08-19 16:50:00-04:00,7730.0,7731.5,7730.0,7731.0,1410
2026-08-19 16:55:00-04:00,7731.0,7731.25,7730.0,7730.5,1516
2026-08-19 18:00:00-04:00,7733.0,7739.25,7731.5,7737.75,0
2026-08-19 18:05:00-04:00,7737.75,7738.25,7734.75,7738.25,1127
2026-08-19 18:10:00-04:00,7738.0,7743.25,7735.75,7741.0,1955
2026-08-19 18:15:00-04:00,7741.0,7741.0,7739.0,7739.5,586
2026-08-19 18:20:00-04:00,7739.25,7740.75,7738.25,7740.75,432
2026-08-19 18:25:00-04:00,7740.5,7740.5,7738.25,7739.0,322
2026-08-19 18:30:00-04:00,7738.75,7739.0,7737.75,7738.5,442
2026-08-19 18:35:00-04:00,7738.5,7741.25,7738.25,7741.0,459
2026-08-19 18:40:00-04:00,7740.75,7742.0,7740.25,7740.5,348
2026-08-19 18:45:00-04:00,7740.5,7741.5,7740.25,7740.75,212
2026-08-19 18:50:00-04:00,7740.75,7742.0,7740.75,7741.5,184
2026-08-19 18:55:00-04:00,7741.5,7742.5,7739.25,7742.0,795
2026-08-19 19:00:00-04:00,7742.25,7746.5,7740.0,7741.25,1456
2026-08-19 19:05:00-04:00,7741.25,7744.5,7740.75,7743.5,350
2026-08-19 19:10:00-04:00,7743.5,7743.75,7742.0,7742.25,216
2026-08-19 19:15:00-04:00,7742.0,7743.0,7742.0,7742.25,152
2026-08-19 19:20:00-04:00,7742.25,7742.25,7740.5,7741.25,319
2026-08-19 19:25:00-04:00,7741.5,7741.75,7741.0,7741.75,212
2026-08-19 19:30:00-04:00,7741.75,7742.0,7740.25,7741.0,840
2026-08-19 19:35:00-04:00,7741.25,7742.25,7740.5,7741.5,416
2026-08-19 19:40:00-04:00,7741.5,7743.75,7741.5,7743.0,258
2026-08-19 19:45:00-04:00,7742.75,7743.0,7741.75,7741.75,485
2026-08-19 19:50:00-04:00,7742.0,7743.75,7740.5,7741.75,648
2026-08-19 19:55:00-04:00,7741.5,7742.0,7739.75,7740.0,679
2026-08-19 20:00:00-04:00,7740.0,7740.0,7735.25,7737.5,2116
2026-08-19 20:05:00-04:00,7737.5,7738.75,7734.0,7735.25,1063
2026-08-19 20:10:00-04:00,7735.25,7739.75,7734.25,7739.5,765
2026-08-19 20:15:00-04:00,7739.5,7742.25,7739.0,7741.25,976
2026-08-19 20:20:00-04:00,7741.25,7742.75,7738.75,7741.0,628
2026-08-19 20:25:00-04:00,7740.5,7740.5,7738.5,7739.0,388
2026-08-19 20:30:00-04:00,7739.0,7740.0,7737.25,7739.75,518
2026-08-19 20:35:00-04:00,7740.0,7742.0,7738.0,7742.0,438
2026-08-19 20:40:00-04:00,7741.75,7742.0,7740.25,7740.5,496
2026-08-19 20:45:00-04:00,7740.75,7742.0,7739.75,7740.25,488
2026-08-19 20:50:00-04:00,7740.25,7742.25,7740.25,7742.25,423
2026-08-19 20:55:00-04:00,7742.5,7742.75,7741.75,7742.25,448
2026-08-19 21:00:00-04:00,7742.25,7744.0,7741.5,7743.25,1014
2026-08-19 21:05:00-04:00,7743.5,7743.5,7741.25,7741.5,821
2026-08-19 21:10:00-04:00,7741.25,7741.5,7739.0,7740.5,1129
2026-08-19 21:15:00-04:00,7740.25,7743.25,7739.5,7743.0,830
2026-08-19 21:20:00-04:00,7743.0,7743.0,7738.75,7739.5,538
2026-08-19 21:25:00-04:00,7739.5,7740.75,7738.0,7739.75,490
2026-08-19 21:30:00-04:00,7739.75,7741.0,7737.5,7739.5,687
2026-08-19 21:35:00-04:00,7739.5,7740.75,7738.75,7740.75,480
2026-08-19 21:40:00-04:00,7740.5,7742.25,7740.25,7742.0,491
2026-08-19 21:45:00-04:00,7742.0,7742.5,7740.0,7740.75,483
2026-08-19 21:50:00-04:00,7741.0,7742.0,7739.0,7741.0,604
2026-08-19 21:55:00-04:00,7740.5,7740.5,7737.0,7738.75,614
2026-08-19 22:00:00-04:00,7738.75,7743.0,7738.5,7742.0,745
2026-08-19 22:05:00-04:00,7742.25,7743.0,7741.5,7741.5,309
2026-08-19 22:10:00-04:00,7741.5,7741.75,7740.0,7741.75,345
2026-08-19 22:15:00-04:00,7741.25,7741.5,7738.75,7739.5,269
2026-08-19 22:20:00-04:00,7739.5,7739.5,7735.5,7737.0,817
2026-08-19 22:25:00-04:00,7737.0,7737.75,7736.25,7736.75,323
2026-08-19 22:30:00-04:00,7736.75,7740.5,7735.0,7740.25,657
2026-08-19 22:35:00-04:00,7740.5,7740.75,7737.75,7739.0,283
2026-08-19 22:40:00-04:00,7739.0,7740.0,7738.5,7739.25,248
2026-08-19 22:45:00-04:00,7739.0,7739.75,7736.75,7736.75,305
2026-08-19 22:50:00-04:00,7736.75,7737.25,7735.75,7736.5,442
2026-08-19 22:55:00-04:00,7736.5,7737.75,7736.0,7737.75,351
2026-08-19 23:00:00-04:00,7737.75,7739.25,7737.0,7738.75,476
2026-08-19 23:05:00-04:00,7738.75,7741.25,7738.5,7738.75,482
2026-08-19 23:10:00-04:00,7738.75,7739.0,7736.25,7738.5,446
2026-08-19 23:15:00-04:00,7738.75,7740.75,7738.25,7740.5,332
2026-08-19 23:20:00-04:00,7740.5,7742.0,7740.25,7740.75,421
2026-08-19 23:25:00-04:00,7740.75,7740.75,7739.75,7739.75,424
2026-08-19 23:30:00-04:00,7739.5,7739.75,7737.0,7737.5,620
2026-08-19 23:35:00-04:00,7737.25,7738.25,7736.25,7738.0,466
2026-08-19 23:40:00-04:00,7738.25,7740.0,7737.75,7739.0,288
2026-08-19 23:45:00-04:00,7739.25,7740.0,7738.0,7739.75,368
2026-08-19 23:50:00-04:00,7739.5,7740.75,7739.0,7739.0,281
2026-08-19 23:55:00-04:00,7739.5,7740.5,7738.75,7738.75,264
2026-08-20 00:05:00-04:00,7741.75,7742.25,7741.5,7742.25,814
2026-08-20 00:10:00-04:00,7742.5,7742.75,7742.0,7742.5,309
2026-08-20 00:15:00-04:00,7742.5,7742.75,7741.75,7742.5,226
2026-08-20 00:20:00-04:00,7742.5,7742.5,7740.75,7741.25,280
2026-08-20 00:25:00-04:00,7741.0,7742.0,7741.0,7741.25,293
2026-08-20 00:30:00-04:00,7741.0,7741.25,7738.5,7738.5,451
2026-08-20 00:35:00-04:00,7738.25,7739.5,7737.75,7739.5,390
2026-08-20 00:40:00-04:00,7739.75,7741.25,7739.25,7740.5,275
2026-08-20 00:45:00-04:00,7740.25,7741.25,7740.0,7740.5,185
2026-08-20 00:50:00-04:00,7740.5,7741.75,7740.25,7740.25,214
2026-08-20 00:55:00-04:00,7740.25,7740.25,7738.75,7739.25,232
2026-08-20 01:00:00-04:00,7739.25,7739.25,7738.0,7738.5,568
2026-08-20 01:05:00-04:00,7738.5,7738.5,7737.25,7737.5,308
2026-08-20 01:10:00-04:00,7737.25,7737.25,7734.75,7735.5,575
2026-08-20 01:15:00-04:00,7735.5,7739.25,7735.25,7739.0,732
2026-08-20 01:20:00-04:00,7739.0,7740.25,7737.0,7740.25,342
2026-08-20 01:25:00-04:00,7740.0,7740.75,7737.25,7737.5,477
2026-08-20 01:30:00-04:00,7737.5,7739.5,7736.5,7737.0,469
2026-08-20 01:35:00-04:00,7736.75,7737.0,7735.75,7737.0,338
2026-08-20 01:40:00-04:00,7737.0,7738.0,7736.25,7736.75,301
2026-08-20 01:45:00-04:00,7736.5,7737.0,7735.5,7736.5,344
2026-08-20 01:50:00-04:00,7736.25,7736.5,7734.25,7734.25,373
2026-08-20 01:55:00-04:00,7734.25,7735.5,7734.25,7735.0,370
2026-08-20 02:00:00-04:00,7734.75,7739.25,7734.75,7739.0,740
2026-08-20 02:05:00-04:00,7739.25,7742.25,7739.25,7742.0,780
2026-08-20 02:10:00-04:00,7742.0,7743.25,7740.75,7741.25,729
2026-08-20 02:15:00-04:00,7741.25,7741.25,7738.25,7739.75,641
2026-08-20 02:20:00-04:00,7739.75,7740.75,7738.75,7740.5,377
2026-08-20 02:25:00-04:00,7740.5,7741.25,7739.25,7741.0,473
2026-08-20 02:30:00-04:00,7740.75,7744.0,7740.0,7744.0,658
2026-08-20 02:35:00-04:00,7744.0,7744.25,7741.75,7742.0,632
2026-08-20 02:40:00-04:00,7741.75,7743.75,7741.75,7743.5,336
2026-08-20 02:45:00-04:00,7743.5,7745.25,7743.5,7744.25,765
2026-08-20 02:50:00-04:00,7744.25,7745.25,7743.25,7744.0,757
2026-08-20 02:55:00-04:00,7743.75,7744.0,7742.25,7742.5,473
2026-08-20 03:00:00-04:00,7742.5,7742.5,7735.75,7737.75,2260
2026-08-20 03:05:00-04:00,7737.75,7740.25,7736.5,7739.75,1061
2026-08-20 03:10:00-04:00,7740.0,7740.75,7736.25,7736.5,763
2026-08-20 03:15:00-04:00,7736.25,7737.0,7735.25,7736.0,696
2026-08-20 03:20:00-04:00,7736.25,7737.25,7732.5,7733.5,1385
2026-08-20 03:25:00-04:00,7733.5,7734.5,7731.25,7732.75,914
2026-08-20 03:30:00-04:00,7733.0,7735.0,7730.0,7734.25,1485
2026-08-20 03:35:00-04:00,7734.5,7736.0,7733.25,7733.75,936
2026-08-20 03:40:00-04:00,7734.0,7734.75,7732.0,7732.5,548
2026-08-20 03:45:00-04:00,7732.25,7735.5,7732.25,7735.0,466
2026-08-20 03:50:00-04:00,7735.0,7735.0,7731.0,7732.5,1481
2026-08-20 03:55:00-04:00,7732.5,7733.25,7730.0,7730.0,1545
2026-08-20 04:00:00-04:00,7730.25,7733.5,7728.25,7728.25,1857
2026-08-20 04:05:00-04:00,7728.25,7730.75,7727.75,7729.25,1432
2026-08-20 04:10:00-04:00,7729.0,7729.0,7724.5,7726.75,1880
2026-08-20 04:15:00-04:00,7726.75,7729.5,7725.25,7727.5,1131
2026-08-20 04:20:00-04:00,7727.75,7728.75,7723.0,7724.5,1209
2026-08-20 04:25:00-04:00,7724.5,7725.25,7721.75,7723.0,1415
2026-08-20 04:30:00-04:00,7723.0,7723.25,7717.25,7717.25,2734
2026-08-20 04:35:00-04:00,7717.0,7723.75,7716.5,7723.5,1533
2026-08-20 04:40:00-04:00,7723.75,7724.5,7720.5,7720.75,1459
2026-08-20 04:45:00-04:00,7720.5,7721.5,7715.5,7717.25,1734
2026-08-20 04:50:00-04:00,7717.5,7721.5,7717.25,7720.25,784
2026-08-20 04:55:00-04:00,7720.25,7720.25,7718.0,7718.5,1112
2026-08-20 05:00:00-04:00,7718.75,7724.0,7717.5,7723.75,1567
2026-08-20 05:05:00-04:00,7723.75,7727.0,7722.0,7726.25,1474
2026-08-20 05:10:00-04:00,7726.25,7727.0,7722.75,7724.75,1213
2026-08-20 05:15:00-04:00,7724.75,7726.0,7722.75,7724.75,679
2026-08-20 05:20:00-04:00,7724.5,7725.5,7724.0,7725.5,487
2026-08-20 05:25:00-04:00,7725.5,7726.5,7724.5,7724.5,639
2026-08-20 05:30:00-04:00,7724.5,7725.0,7722.25,7722.75,658
2026-08-20 05:35:00-04:00,7722.5,7724.5,7721.75,7724.25,532
2026-08-20 05:40:00-04:00,7724.25,7725.5,7722.25,7725.25,962
2026-08-20 05:45:00-04:00,7725.25,7726.75,7724.75,7725.0,589
2026-08-20 05:50:00-04:00,7725.0,7725.5,7722.25,7725.0,462
2026-08-20 05:55:00-04:00,7725.0,7725.0,7723.75,7724.0,518
2026-08-20 06:00:00-04:00,7723.75,7726.0,7722.0,7725.25,749
2026-08-20 06:05:00-04:00,7725.25,7726.75,7724.5,7726.75,726
2026-08-20 06:10:00-04:00,7727.0,7729.0,7726.0,7728.5,940
2026-08-20 06:15:00-04:00,7728.25,7729.25,7726.25,7726.75,674
2026-08-20 06:20:00-04:00,7726.75,7727.75,7726.25,7727.5,633
2026-08-20 06:25:00-04:00,7727.75,7728.0,7724.75,7727.25,1193
2026-08-20 06:30:00-04:00,7727.25,7729.25,7726.25,7726.5,787
2026-08-20 06:35:00-04:00,7726.25,7728.5,7724.25,7725.25,2469
2026-08-20 06:40:00-04:00,7725.25,7726.5,7725.25,7725.5,753
2026-08-20 06:45:00-04:00,7725.5,7730.0,7725.25,7729.5,528
2026-08-20 06:50:00-04:00,7729.5,7730.0,7728.0,7728.25,802
2026-08-20 06:55:00-04:00,7728.0,7730.5,7727.5,7730.5,847
2026-08-20 07:00:00-04:00,7730.5,7733.5,7725.0,7725.5,3941
2026-08-20 07:05:00-04:00,7725.5,7725.5,7722.75,7724.25,1184
2026-08-20 07:10:00-04:00,7724.25,7724.5,7720.5,7724.25,1032
2026-08-20 07:15:00-04:00,7724.25,7726.25,7722.5,7722.75,960
2026-08-20 07:20:00-04:00,7722.5,7722.75,7717.75,7719.0,2555
2026-08-20 07:25:00-04:00,7719.25,7720.0,7714.5,7714.75,2197
2026-08-20 07:30:00-04:00,7714.75,7718.0,7714.75,7716.0,2086
2026-08-20 07:35:00-04:00,7716.0,7718.75,7714.25,7718.5,1665
2026-08-20 07:40:00-04:00,7718.5,7719.25,7713.0,7714.0,1646
2026-08-20 07:45:00-04:00,7714.25,7714.75,7708.25,7709.25,3963
2026-08-20 07:50:00-04:00,7709.0,7710.0,7706.75,7706.75,2571
2026-08-20 07:55:00-04:00,7706.75,7707.75,7703.25,7704.25,3775
2026-08-20 08:00:00-04:00,7704.5,7704.75,7694.5,7696.0,9159
2026-08-20 08:05:00-04:00,7696.0,7697.0,7687.5,7690.0,12717
2026-08-20 08:10:00-04:00,7689.75,7690.25,7684.75,7687.25,8097
2026-08-20 08:15:00-04:00,7687.25,7690.5,7685.75,7686.5,6030
2026-08-20 08:20:00-04:00,7686.5,7692.75,7686.25,7690.75,6079
2026-08-20 08:25:00-04:00,7690.5,7690.75,7686.75,7687.0,3036
2026-08-20 08:30:00-04:00,7687.25,7687.75,7683.75,7685.75,4385
2026-08-20 08:35:00-04:00,7685.5,7686.75,7680.25,7686.25,6696
2026-08-20 08:40:00-04:00,7686.25,7689.0,7685.0,7688.75,4863
2026-08-20 08:45:00-04:00,7688.75,7693.0,7687.75,7693.0,4577
2026-08-20 08:50:00-04:00,7693.0,7697.0,7692.0,7696.75,5022
2026-08-20 08:55:00-04:00,7696.75,7697.5,7694.5,7696.75,3109
2026-08-20 09:00:00-04:00,7697.0,7701.75,7696.75,7700.5,5493
2026-08-20 09:05:00-04:00,7700.75,7701.5,7697.0,7697.25,5042
2026-08-20 09:10:00-04:00,7697.25,7698.25,7694.5,7695.0,3716
2026-08-20 09:15:00-04:00,7695.25,7697.25,7693.25,7695.25,5635
2026-08-20 09:20:00-04:00,7695.25,7696.5,7692.5,7696.25,4366
2026-08-20 09:25:00-04:00,7696.25,7698.75,7694.0,7698.0,6575
2026-08-20 09:30:00-04:00,7698.0,7710.0,7697.25,7709.25,33453
2026-08-20 09:35:00-04:00,7709.25,7716.0,7705.25,7711.75,30161
2026-08-20 09:40:00-04:00,7712.0,7716.25,7705.0,7712.0,22409
2026-08-20 09:45:00-04:00,7712.25,7713.75,7705.0,7710.0,18717
2026-08-20 09:50:00-04:00,7710.25,7711.5,7702.75,7708.25,20299
2026-08-20 09:55:00-04:00,7708.25,7711.75,7700.0,7703.75,19485
2026-08-20 10:00:00-04:00,7703.75,7707.75,7698.25,7698.25,24379
2026-08-20 10:05:00-04:00,7698.5,7705.0,7696.75,7704.75,21905
2026-08-20 10:10:00-04:00,7705.0,7705.75,7697.5,7698.25,17332
2026-08-20 10:15:00-04:00,7698.25,7699.75,7691.75,7692.5,21922
2026-08-20 10:20:00-04:00,7692.5,7707.75,7691.75,7705.75,26310
2026-08-20 10:25:00-04:00,7706.0,7706.75,7698.0,7700.25,20950
2026-08-20 10:30:00-04:00,7700.25,7706.5,7698.25,7699.0,15562
2026-08-20 10:35:00-04:00,7699.25,7710.25,7697.5,7708.0,16916
2026-08-20 10:40:00-04:00,7708.0,7711.0,7704.0,7710.0,15187
2026-08-20 10:45:00-04:00,7710.0,7713.25,7704.5,7705.5,15113
2026-08-20 10:50:00-04:00,7705.5,7710.75,7704.25,7705.25,11867
2026-08-20 10:55:00-04:00,7705.5,7710.75,7703.0,7710.0,13533
2026-08-20 11:00:00-04:00,7709.75,7720.0,7709.25,7717.25,29948
2026-08-20 11:05:00-04:00,7717.25,7717.25,7701.75,7703.75,23367
2026-08-20 11:10:00-04:00,7703.75,7708.25,7698.5,7706.0,22066
2026-08-20 11:15:00-04:00,7706.0,7709.0,7702.0,7705.5,11493
2026-08-20 11:20:00-04:00,7705.5,7706.0,7697.75,7701.0,15856
2026-08-20 11:25:00-04:00,7701.0,7706.25,7698.0,7705.5,15515
2026-08-20 11:30:00-04:00,7705.5,7707.0,7695.75,7697.75,14957
2026-08-20 11:35:00-04:00,7697.75,7699.5,7693.5,7693.75,13728
2026-08-20 11:40:00-04:00,7693.5,7696.5,7691.25,7691.5,12917
2026-08-20 11:45:00-04:00,7691.75,7695.5,7690.5,7693.5,12921
2026-08-20 11:50:00-04:00,7693.5,7698.5,7692.5,7696.75,11213
2026-08-20 11:55:00-04:00,7696.75,7698.0,7694.25,7696.5,8552
2026-08-20 12:00:00-04:00,7696.5,7699.0,7693.0,7693.75,10250
2026-08-20 12:05:00-04:00,7693.75,7698.25,7693.25,7698.25,9104
2026-08-20 12:10:00-04:00,7698.0,7698.75,7692.75,7693.25,7130
2026-08-20 12:15:00-04:00,7693.25,7694.75,7692.75,7694.25,5975
2026-08-20 12:20:00-04:00,7694.25,7699.0,7692.75,7697.25,9951
2026-08-20 12:25:00-04:00,7697.5,7698.5,7694.5,7695.5,6820
2026-08-20 12:30:00-04:00,7695.5,7699.25,7691.75,7699.25,10849
2026-08-20 12:35:00-04:00,7699.0,7702.0,7698.0,7701.0,8558
2026-08-20 12:40:00-04:00,7701.25,7704.75,7700.75,7704.75,9504
2026-08-20 12:45:00-04:00,7704.5,7704.5,7701.25,7701.75,7246
2026-08-20 12:50:00-04:00,7702.0,7704.25,7699.0,7699.75,7015
2026-08-20 12:55:00-04:00,7699.75,7703.25,7698.25,7702.0,8436
2026-08-20 13:00:00-04:00,7702.25,7702.25,7697.5,7698.5,5701
2026-08-20 13:05:00-04:00,7698.25,7698.5,7694.0,7695.0,7885
2026-08-20 13:10:00-04:00,7695.0,7696.25,7692.75,7693.25,6340
2026-08-20 13:15:00-04:00,7693.0,7693.5,7686.0,7686.5,12266
2026-08-20 13:20:00-04:00,7686.75,7690.5,7685.75,7688.25,12165
2026-08-20 13:25:00-04:00,7688.0,7689.0,7685.0,7685.75,7960
2026-08-20 13:30:00-04:00,7685.75,7687.0,7683.75,7684.0,8859
2026-08-20 13:35:00-04:00,7684.0,7685.75,7680.75,7682.75,10294
2026-08-20 13:40:00-04:00,7682.5,7683.25,7680.25,7682.75,8304
2026-08-20 13:45:00-04:00,7682.5,7686.5,7682.0,7685.25,9070
2026-08-20 13:50:00-04:00,7685.25,7688.25,7685.0,7685.75,7106
2026-08-20 13:55:00-04:00,7685.75,7686.5,7683.0,7683.5,8065
2026-08-20 14:00:00-04:00,7683.5,7683.5,7678.25,7679.25,13413
2026-08-20 14:05:00-04:00,7679.0,7679.5,7673.75,7675.25,13763
2026-08-20 14:10:00-04:00,7675.25,7676.0,7671.5,7673.75,12435
2026-08-20 14:15:00-04:00,7673.75,7675.0,7669.25,7675.0,12399
2026-08-20 14:20:00-04:00,7675.0,7677.75,7674.0,7674.25,9197
2026-08-20 14:25:00-04:00,7674.25,7675.25,7672.5,7673.75,8506
2026-08-20 14:30:00-04:00,7673.75,7674.5,7670.5,7671.25,7964
2026-08-20 14:35:00-04:00,7671.25,7674.5,7671.0,7672.25,7065
2026-08-20 14:40:00-04:00,7672.25,7674.5,7670.25,7673.75,7040
2026-08-20 14:45:00-04:00,7674.0,7676.75,7672.25,7675.25,9331
2026-08-20 14:50:00-04:00,7675.25,7676.0,7673.5,7674.25,6735
2026-08-20 14:55:00-04:00,7674.25,7675.75,7670.5,7670.5,7708
2026-08-20 15:00:00-04:00,7670.5,7672.75,7670.0,7672.25,9898
2026-08-20 15:05:00-04:00,7672.25,7675.5,7671.0,7674.5,9599
2026-08-20 15:10:00-04:00,7674.75,7675.0,7672.25,7673.5,6884
2026-08-20 15:15:00-04:00,7673.5,7676.25,7671.0,7671.75,8496
2026-08-20 15:20:00-04:00,7671.75,7676.0,7670.5,7675.0,9220
2026-08-20 15:25:00-04:00,7674.75,7676.0,7673.0,7673.25,8227
2026-08-20 15:30:00-04:00,7673.5,7673.75,7668.75,7670.25,12015
2026-08-20 15:35:00-04:00,7670.5,7675.0,7669.5,7673.25,10693
2026-08-20 15:40:00-04:00,7673.25,7674.25,7668.0,7669.25,9984
2026-08-20 15:45:00-04:00,7669.25,7672.75,7666.5,7672.5,15516
2026-08-20 15:50:00-04:00,7672.25,7673.25,7665.75,7667.25,28724
2026-08-20 15:55:00-04:00,7667.25,7668.25,7659.0,7665.25,99201
2026-08-20 16:00:00-04:00,7665.25,7667.5,7664.25,7665.75,23853
2026-08-20 16:05:00-04:00,7665.75,7665.75,7661.0,7664.0,6723
2026-08-20 16:10:00-04:00,7664.0,7666.0,7660.75,7661.5,6835
2026-08-20 16:15:00-04:00,7661.75,7662.25,7657.75,7660.5,4027
2026-08-20 16:20:00-04:00,7660.25,7663.75,7660.25,7663.75,2417
2026-08-20 16:25:00-04:00,7663.5,7664.5,7662.75,7662.75,1939
2026-08-20 16:30:00-04:00,7663.0,7665.0,7662.0,7664.5,2610
2026-08-20 16:35:00-04:00,7664.5,7667.25,7664.5,7666.0,1574
2026-08-20 16:40:00-04:00,7666.25,7666.75,7665.25,7666.0,1320
2026-08-20 16:45:00-04:00,7666.0,7666.75,7666.0,7666.5,729
2026-08-20 16:50:00-04:00,7666.5,7667.25,7665.75,7666.75,890
2026-08-20 16:55:00-04:00,7667.0,7668.5,7666.75,7667.75,1284
2026-08-20 18:00:00-04:00,7669.0,7671.5,7663.75,7664.25,0
2026-08-20 18:05:00-04:00,7664.0,7665.75,7663.25,7665.75,799
2026-08-20 18:10:00-04:00,7665.5,7666.25,7664.0,7664.25,541
2026-08-20 18:15:00-04:00,7664.0,7666.25,7664.0,7665.5,427
2026-08-20 18:20:00-04:00,7665.25,7665.75,7664.75,7664.75,260
2026-08-20 18:25:00-04:00,7665.0,7666.0,7663.75,7665.5,276
2026-08-20 18:30:00-04:00,7665.75,7667.0,7664.0,7666.5,307
2026-08-20 18:35:00-04:00,7666.5,7667.5,7666.0,7666.0,251
2026-08-20 18:40:00-04:00,7666.0,7667.25,7665.25,7667.0,170
2026-08-20 18:45:00-04:00,7667.0,7668.0,7666.75,7668.0,115
2026-08-20 18:50:00-04:00,7668.0,7669.5,7668.0,7669.25,364
2026-08-20 18:55:00-04:00,7669.0,7669.75,7668.75,7669.5,100
2026-08-20 19:00:00-04:00,7669.25,7669.5,7668.25,7668.5,281
2026-08-20 19:05:00-04:00,7668.25,7669.25,7668.0,7668.25,270
2026-08-20 19:10:00-04:00,7668.25,7669.0,7668.0,7668.0,163
2026-08-20 19:15:00-04:00,7668.0,7669.25,7667.5,7668.25,302
2026-08-20 19:20:00-04:00,7668.25,7668.75,7668.0,7668.0,183
2026-08-20 19:25:00-04:00,7668.25,7668.25,7667.5,7667.75,241
2026-08-20 19:30:00-04:00,7667.75,7668.25,7667.5,7667.5,164
2026-08-20 19:35:00-04:00,7667.25,7667.25,7665.75,7666.5,288
2026-08-20 19:40:00-04:00,7666.5,7668.75,7666.5,7667.75,290
2026-08-20 19:45:00-04:00,7668.0,7668.0,7664.25,7667.0,494
2026-08-20 19:50:00-04:00,7667.0,7668.0,7665.5,7667.25,553
2026-08-20 19:55:00-04:00,7667.25,7667.25,7665.75,7666.25,187
2026-08-20 20:00:00-04:00,7666.25,7671.0,7665.5,7668.25,1422
2026-08-20 20:05:00-04:00,7668.25,7671.75,7668.0,7669.75,760
2026-08-20 20:10:00-04:00,7670.0,7673.0,7669.25,7672.5,964
2026-08-20 20:15:00-04:00,7672.5,7672.5,7666.75,7667.5,1506
2026-08-20 20:20:00-04:00,7667.75,7670.5,7667.0,7667.5,932
2026-08-20 20:25:00-04:00,7667.75,7668.25,7665.5,7667.0,537
2026-08-20 20:30:00-04:00,7667.0,7668.5,7665.5,7668.0,555
2026-08-20 20:35:00-04:00,7667.75,7669.75,7667.0,7669.5,440
2026-08-20 20:40:00-04:00,7669.5,7669.5,7666.25,7668.25,764
2026-08-20 20:45:00-04:00,7668.5,7669.5,7668.0,7668.5,486
2026-08-20 20:50:00-04:00,7668.5,7669.25,7665.0,7665.0,572
2026-08-20 20:55:00-04:00,7665.25,7665.75,7664.25,7664.5,677
2026-08-20 21:00:00-04:00,7664.75,7666.75,7663.75,7665.0,675
2026-08-20 21:05:00-04:00,7665.0,7665.0,7661.25,7662.75,1011
2026-08-20 21:10:00-04:00,7662.5,7665.75,7662.0,7665.25,953
2026-08-20 21:15:00-04:00,7665.0,7668.0,7663.25,7667.5,612
2026-08-20 21:20:00-04:00,7667.5,7667.5,7663.5,7665.5,432
2026-08-20 21:25:00-04:00,7665.5,7667.75,7665.25,7665.75,423
2026-08-20 21:30:00-04:00,7665.5,7667.5,7664.75,7665.75,403
2026-08-20 21:35:00-04:00,7666.0,7666.0,7663.25,7663.5,481
2026-08-20 21:40:00-04:00,7663.5,7667.25,7663.25,7666.5,721
2026-08-20 21:45:00-04:00,7666.5,7669.0,7665.25,7668.75,641
2026-08-20 21:50:00-04:00,7668.75,7669.25,7665.25,7665.5,769
2026-08-20 21:55:00-04:00,7665.25,7667.25,7664.5,7667.25,564
2026-08-20 22:00:00-04:00,7667.25,7669.0,7666.75,7668.0,728
2026-08-20 22:05:00-04:00,7668.0,7669.25,7667.25,7669.25,439
2026-08-20 22:10:00-04:00,7669.25,7669.75,7667.75,7669.75,452
2026-08-20 22:15:00-04:00,7669.5,7670.25,7669.0,7669.25,366
2026-08-20 22:20:00-04:00,7669.5,7673.0,7669.5,7671.0,947
2026-08-20 22:25:00-04:00,7671.0,7672.0,7670.5,7671.75,472
2026-08-20 22:30:00-04:00,7671.75,7672.5,7671.0,7671.25,436
2026-08-20 22:35:00-04:00,7671.25,7672.5,7670.75,7671.0,434
2026-08-20 22:40:00-04:00,7671.0,7672.5,7670.25,7670.5,644
2026-08-20 22:45:00-04:00,7670.5,7672.25,7670.0,7671.5,429
2026-08-20 22:50:00-04:00,7671.25,7672.5,7670.75,7671.75,356
2026-08-20 22:55:00-04:00,7671.5,7672.25,7670.75,7670.75,177
2026-08-20 23:00:00-04:00,7671.0,7671.75,7670.5,7671.0,252
2026-08-20 23:05:00-04:00,7670.75,7671.0,7668.75,7669.25,476
2026-08-20 23:10:00-04:00,7669.25,7669.25,7667.75,7667.75,257
2026-08-20 23:15:00-04:00,7667.75,7668.5,7666.75,7667.0,413
2026-08-20 23:20:00-04:00,7666.75,7669.0,7666.75,7668.75,336
2026-08-20 23:25:00-04:00,7668.75,7668.75,7668.0,7668.5,187
2026-08-20 23:30:00-04:00,7668.5,7670.75,7668.5,7670.75,355
2026-08-20 23:35:00-04:00,7670.75,7670.75,7668.5,7669.5,344
2026-08-20 23:40:00-04:00,7669.5,7669.5,7667.75,7668.5,277
2026-08-20 23:45:00-04:00,7668.25,7669.0,7667.25,7668.0,229
2026-08-20 23:50:00-04:00,7668.25,7668.25,7667.25,7667.25,189
2026-08-20 23:55:00-04:00,7667.5,7668.75,7666.5,7668.75,246
2026-08-21 00:05:00-04:00,7669.75,7670.0,7669.0,7669.0,756
2026-08-21 00:10:00-04:00,7669.0,7670.0,7668.25,7669.75,284
2026-08-21 00:15:00-04:00,7669.75,7670.0,7667.75,7668.5,322
2026-08-21 00:20:00-04:00,7668.5,7668.5,7665.75,7666.5,333
2026-08-21 00:25:00-04:00,7666.25,7666.75,7665.75,7666.0,355
2026-08-21 00:30:00-04:00,7665.75,7666.75,7664.75,7665.5,304
2026-08-21 00:35:00-04:00,7665.75,7666.0,7664.25,7664.75,297
2026-08-21 00:40:00-04:00,7664.75,7666.0,7664.75,7665.5,310
2026-08-21 00:45:00-04:00,7665.25,7669.0,7665.25,7669.0,429
2026-08-21 00:50:00-04:00,7668.75,7670.0,7668.5,7669.5,584
2026-08-21 00:55:00-04:00,7669.5,7669.5,7668.0,7668.75,300
2026-08-21 01:00:00-04:00,7669.0,7670.5,7668.5,7670.25,457
2026-08-21 01:05:00-04:00,7670.5,7670.5,7668.25,7668.25,415
2026-08-21 01:10:00-04:00,7668.25,7670.0,7668.25,7669.75,383
2026-08-21 01:15:00-04:00,7669.75,7671.0,7669.5,7670.75,445
2026-08-21 01:20:00-04:00,7670.5,7670.75,7668.25,7668.25,299
2026-08-21 01:25:00-04:00,7668.25,7669.0,7667.0,7667.25,290
2026-08-21 01:30:00-04:00,7667.25,7670.0,7666.75,7669.75,343
2026-08-21 01:35:00-04:00,7669.5,7670.5,7669.0,7669.5,309
2026-08-21 01:40:00-04:00,7669.5,7669.75,7667.5,7668.5,294
2026-08-21 01:45:00-04:00,7668.25,7668.25,7665.75,7666.25,290
2026-08-21 01:50:00-04:00,7666.0,7667.0,7665.75,7666.75,295
2026-08-21 01:55:00-04:00,7666.75,7668.75,7666.5,7668.5,324
2026-08-21 02:00:00-04:00,7668.5,7669.0,7667.25,7667.75,601
2026-08-21 02:05:00-04:00,7667.75,7669.0,7667.25,7668.0,436
2026-08-21 02:10:00-04:00,7668.0,7670.5,7668.0,7669.75,722
2026-08-21 02:15:00-04:00,7669.75,7670.5,7669.0,7669.75,708
2026-08-21 02:20:00-04:00,7669.5,7670.0,7668.75,7668.75,278
2026-08-21 02:25:00-04:00,7669.0,7670.5,7668.5,7670.25,278
2026-08-21 02:30:00-04:00,7670.0,7673.75,7670.0,7673.75,660
2026-08-21 02:35:00-04:00,7673.75,7675.25,7672.25,7672.25,906
2026-08-21 02:40:00-04:00,7672.0,7672.25,7670.25,7670.25,284
2026-08-21 02:45:00-04:00,7670.25,7672.5,7669.25,7672.5,524
2026-08-21 02:50:00-04:00,7672.5,7672.5,7670.75,7672.25,294
2026-08-21 02:55:00-04:00,7672.25,7674.25,7671.75,7673.5,486
2026-08-21 03:00:00-04:00,7673.75,7675.75,7671.0,7675.25,1247
2026-08-21 03:05:00-04:00,7675.25,7676.75,7675.0,7676.0,1138
2026-08-21 03:10:00-04:00,7676.0,7678.0,7675.25,7678.0,894
2026-08-21 03:15:00-04:00,7677.75,7677.75,7676.0,7677.25,1044
2026-08-21 03:20:00-04:00,7677.5,7679.25,7676.5,7679.0,1100
2026-08-21 03:25:00-04:00,7679.25,7679.25,7676.5,7676.5,689
2026-08-21 03:30:00-04:00,7676.5,7680.75,7676.25,7680.5,1763
2026-08-21 03:35:00-04:00,7680.5,7680.75,7679.0,7680.5,1284
2026-08-21 03:40:00-04:00,7680.25,7682.0,7678.75,7679.5,1342
2026-08-21 03:45:00-04:00,7679.5,7682.25,7678.5,7681.0,1270
2026-08-21 03:50:00-04:00,7681.0,7681.75,7680.0,7680.5,578
2026-08-21 03:55:00-04:00,7680.5,7682.0,7679.5,7682.0,653
2026-08-21 04:00:00-04:00,7682.0,7683.75,7681.25,7683.25,1269
2026-08-21 04:05:00-04:00,7683.0,7683.0,7677.5,7679.5,1474
2026-08-21 04:10:00-04:00,7679.5,7680.75,7678.75,7679.75,863
2026-08-21 04:15:00-04:00,7679.75,7682.75,7678.5,7682.25,719
2026-08-21 04:20:00-04:00,7682.0,7682.5,7679.5,7681.0,1025
2026-08-21 04:25:00-04:00,7681.25,7684.25,7681.0,7683.75,812
2026-08-21 04:30:00-04:00,7683.75,7685.0,7683.25,7684.0,1058
2026-08-21 04:35:00-04:00,7684.0,7685.75,7684.0,7685.5,1010
2026-08-21 04:40:00-04:00,7685.75,7686.75,7685.0,7686.5,2165
2026-08-21 04:45:00-04:00,7686.5,7686.75,7685.75,7685.75,731
2026-08-21 04:50:00-04:00,7685.75,7690.25,7685.75,7687.25,2011
2026-08-21 04:55:00-04:00,7687.5,7688.75,7687.25,7687.5,563
2026-08-21 05:00:00-04:00,7687.5,7687.75,7684.25,7685.0,1032
2026-08-21 05:05:00-04:00,7684.75,7685.25,7682.25,7683.0,1821
2026-08-21 05:10:00-04:00,7683.0,7686.25,7681.75,7686.0,1999
2026-08-21 05:15:00-04:00,7686.0,7687.0,7685.25,7686.0,858
2026-08-21 05:20:00-04:00,7686.0,7686.5,7685.25,7685.5,587
2026-08-21 05:25:00-04:00,7685.75,7686.25,7684.75,7685.0,578
2026-08-21 05:30:00-04:00,7685.0,7686.0,7684.25,7685.0,615
2026-08-21 05:35:00-04:00,7685.0,7687.75,7685.0,7687.25,1218
2026-08-21 05:40:00-04:00,7687.25,7688.5,7687.0,7687.5,1061
2026-08-21 05:45:00-04:00,7687.5,7687.75,7686.0,7687.5,593
2026-08-21 05:50:00-04:00,7687.5,7688.5,7686.0,7687.75,638
2026-08-21 05:55:00-04:00,7688.0,7689.0,7687.5,7687.75,724
2026-08-21 06:00:00-04:00,7688.0,7692.25,7688.0,7691.0,2114
2026-08-21 06:05:00-04:00,7691.0,7691.75,7687.25,7688.25,1252
2026-08-21 06:10:00-04:00,7688.25,7688.5,7685.5,7686.75,1014
2026-08-21 06:15:00-04:00,7687.0,7688.25,7686.25,7686.75,741
2026-08-21 06:20:00-04:00,7687.0,7687.25,7685.75,7687.0,381
2026-08-21 06:25:00-04:00,7687.0,7689.0,7687.0,7688.75,592
2026-08-21 06:30:00-04:00,7688.75,7689.25,7687.25,7687.5,529
2026-08-21 06:35:00-04:00,7687.25,7688.5,7687.0,7688.0,396
2026-08-21 06:40:00-04:00,7688.0,7688.5,7686.0,7686.75,489
2026-08-21 06:45:00-04:00,7686.75,7687.75,7686.75,7687.5,389
2026-08-21 06:50:00-04:00,7687.25,7689.0,7686.75,7688.25,585
2026-08-21 06:55:00-04:00,7688.25,7688.75,7687.25,7688.5,650
2026-08-21 07:00:00-04:00,7688.5,7688.5,7684.75,7686.0,1019
2026-08-21 07:05:00-04:00,7686.0,7689.75,7686.0,7688.75,1366
2026-08-21 07:10:00-04:00,7688.5,7689.25,7686.75,7687.5,431
2026-08-21 07:15:00-04:00,7687.75,7690.0,7687.5,7689.25,669
2026-08-21 07:20:00-04:00,7689.0,7697.0,7689.0,7696.75,4587
2026-08-21 07:25:00-04:00,7696.75,7698.0,7694.25,7696.5,3048
2026-08-21 07:30:00-04:00,7696.75,7698.5,7693.75,7695.75,2441
2026-08-21 07:35:00-04:00,7695.75,7699.5,7695.5,7696.5,1748
2026-08-21 07:40:00-04:00,7696.25,7698.5,7695.0,7698.5,2410
2026-08-21 07:45:00-04:00,7698.5,7698.75,7693.0,7695.5,2049
2026-08-21 07:50:00-04:00,7695.5,7695.75,7694.25,7695.0,834
2026-08-21 07:55:00-04:00,7695.0,7696.25,7694.75,7695.0,743
2026-08-21 08:00:00-04:00,7695.0,7696.0,7693.0,7694.5,2192
2026-08-21 08:05:00-04:00,7694.5,7696.75,7694.25,7696.5,2398
2026-08-21 08:10:00-04:00,7696.5,7696.5,7693.75,7694.0,1688
2026-08-21 08:15:00-04:00,7694.0,7696.5,7693.25,7696.0,1790
2026-08-21 08:20:00-04:00,7696.0,7698.0,7693.5,7698.0,2780
2026-08-21 08:25:00-04:00,7697.75,7701.0,7697.25,7701.0,2822
2026-08-21 08:30:00-04:00,7701.0,7703.25,7699.75,7700.75,5043
2026-08-21 08:35:00-04:00,7700.75,7701.25,7698.25,7700.25,3712
2026-08-21 08:40:00-04:00,7700.25,7704.75,7699.5,7704.0,3446
2026-08-21 08:45:00-04:00,7704.25,7704.5,7700.0,7703.75,3301
2026-08-21 08:50:00-04:00,7703.5,7703.75,7700.0,7700.75,1749
2026-08-21 08:55:00-04:00,7700.75,7701.25,7700.25,7700.75,1145
2026-08-21 09:00:00-04:00,7701.0,7702.25,7699.5,7700.25,2482
2026-08-21 09:05:00-04:00,7700.25,7700.5,7695.75,7696.0,3334
2026-08-21 09:10:00-04:00,7695.75,7696.25,7690.75,7691.75,4331
2026-08-21 09:15:00-04:00,7691.75,7693.0,7689.25,7689.5,5362
2026-08-21 09:20:00-04:00,7689.5,7690.5,7688.5,7690.25,4674
2026-08-21 09:25:00-04:00,7690.25,7696.5,7685.25,7695.75,17569
2026-08-21 09:30:00-04:00,7695.75,7696.0,7683.5,7683.5,41302
2026-08-21 09:35:00-04:00,7683.5,7687.0,7681.25,7686.25,25386
2026-08-21 09:40:00-04:00,7686.25,7688.25,7682.75,7686.5,16738
2026-08-21 09:45:00-04:00,7686.5,7689.5,7682.0,7685.0,18773
2026-08-21 09:50:00-04:00,7685.0,7687.75,7676.75,7679.5,17502
2026-08-21 09:55:00-04:00,7679.5,7683.75,7678.0,7680.5,16358
2026-08-21 10:00:00-04:00,7680.5,7685.0,7680.5,7684.75,16626
2026-08-21 10:05:00-04:00,7684.5,7690.75,7684.5,7687.75,17338
2026-08-21 10:10:00-04:00,7687.75,7690.0,7681.0,7682.25,14478
2026-08-21 10:15:00-04:00,7682.5,7686.0,7681.0,7681.75,12496
2026-08-21 10:20:00-04:00,7681.5,7687.5,7680.0,7683.0,14026
2026-08-21 10:25:00-04:00,7683.0,7686.5,7681.25,7681.75,13972
2026-08-21 10:30:00-04:00,7681.75,7684.0,7680.0,7680.25,13548
2026-08-21 10:35:00-04:00,7680.25,7681.75,7677.5,7678.75,14103
2026-08-21 10:40:00-04:00,7678.75,7684.0,7677.25,7681.5,11039
2026-08-21 10:45:00-04:00,7681.5,7686.25,7680.75,7685.75,11274
2026-08-21 10:50:00-04:00,7685.75,7688.5,7684.0,7686.0,10907
2026-08-21 10:55:00-04:00,7685.75,7694.25,7685.0,7693.5,13563
2026-08-21 11:00:00-04:00,7693.75,7699.75,7692.75,7698.0,19398
2026-08-21 11:05:00-04:00,7698.0,7699.5,7693.25,7693.75,13803
2026-08-21 11:10:00-04:00,7693.75,7696.0,7692.25,7692.5,9037
2026-08-21 11:15:00-04:00,7692.5,7695.0,7690.75,7691.5,9352
2026-08-21 11:20:00-04:00,7691.25,7694.0,7689.5,7690.5,9418
2026-08-21 11:25:00-04:00,7690.25,7695.5,7689.5,7694.75,9186
2026-08-21 11:30:00-04:00,7694.75,7700.25,7693.5,7700.0,13893
2026-08-21 11:35:00-04:00,7700.0,7706.0,7699.75,7705.75,15381
2026-08-21 11:40:00-04:00,7706.0,7709.75,7704.75,7708.5,16115
2026-08-21 11:45:00-04:00,7708.5,7710.0,7704.75,7705.5,13936
2026-08-21 11:50:00-04:00,7705.5,7714.0,7705.5,7712.25,13949
2026-08-21 11:55:00-04:00,7712.25,7712.5,7706.0,7707.25,10991
2026-08-21 12:00:00-04:00,7707.5,7708.75,7701.5,7702.75,11818
2026-08-21 12:05:00-04:00,7702.75,7703.0,7698.0,7698.5,13576
2026-08-21 12:10:00-04:00,7698.5,7701.0,7697.5,7697.5,10364
2026-08-21 12:15:00-04:00,7697.5,7700.5,7694.25,7695.5,10285
2026-08-21 12:20:00-04:00,7695.25,7705.75,7693.75,7697.25,23867
2026-08-21 12:25:00-04:00,7697.25,7701.25,7696.5,7700.5,6763
2026-08-21 12:30:00-04:00,7700.5,7700.5,7695.5,7695.5,7054
2026-08-21 12:35:00-04:00,7695.5,7701.0,7695.5,7700.75,5819
2026-08-21 12:40:00-04:00,7700.75,7701.0,7698.0,7699.0,5131
2026-08-21 12:45:00-04:00,7699.0,7699.0,7696.0,7696.75,5217
2026-08-21 12:50:00-04:00,7696.75,7697.0,7693.0,7695.25,7261
2026-08-21 12:55:00-04:00,7695.25,7699.5,7694.5,7699.0,5763
2026-08-21 13:00:00-04:00,7699.25,7700.0,7697.5,7698.0,6145
2026-08-21 13:05:00-04:00,7698.0,7700.75,7696.75,7699.0,6181
2026-08-21 13:10:00-04:00,7699.0,7699.0,7696.0,7697.5,3497
2026-08-21 13:15:00-04:00,7697.25,7698.25,7696.0,7696.5,4152
2026-08-21 13:20:00-04:00,7696.5,7697.0,7692.25,7694.0,7204
2026-08-21 13:25:00-04:00,7693.75,7695.75,7692.25,7693.5,5514
2026-08-21 13:30:00-04:00,7693.75,7694.5,7690.75,7690.75,6617
2026-08-21 13:35:00-04:00,7690.5,7693.5,7690.25,7691.0,6447
2026-08-21 13:40:00-04:00,7691.25,7692.5,7690.0,7692.0,5243
2026-08-21 13:45:00-04:00,7692.25,7694.25,7691.25,7692.25,5949
2026-08-21 13:50:00-04:00,7692.5,7693.0,7690.25,7691.25,5415
2026-08-21 13:55:00-04:00,7691.0,7691.25,7689.5,7689.5,5146
2026-08-21 14:00:00-04:00,7689.75,7692.75,7688.75,7692.0,6346
2026-08-21 14:05:00-04:00,7692.0,7692.25,7688.25,7688.25,4905
2026-08-21 14:10:00-04:00,7688.25,7690.75,7688.0,7688.5,5056
2026-08-21 14:15:00-04:00,7688.5,7690.5,7688.25,7689.75,3966
2026-08-21 14:20:00-04:00,7689.75,7691.5,7689.25,7690.0,4879
2026-08-21 14:25:00-04:00,7690.25,7690.5,7687.75,7688.0,4706
2026-08-21 14:30:00-04:00,7688.0,7688.75,7685.75,7687.0,6701
2026-08-21 14:35:00-04:00,7687.0,7688.5,7687.0,7687.5,4347
2026-08-21 14:40:00-04:00,7687.5,7690.5,7687.25,7689.25,4780
2026-08-21 14:45:00-04:00,7689.0,7692.25,7688.5,7691.75,4772
2026-08-21 14:50:00-04:00,7691.75,7695.0,7691.75,7694.0,6559
2026-08-21 14:55:00-04:00,7694.0,7697.75,7693.0,7697.25,6576
2026-08-21 15:00:00-04:00,7697.25,7699.0,7695.25,7695.25,10463
2026-08-21 15:05:00-04:00,7695.25,7698.75,7695.0,7696.25,5742
2026-08-21 15:10:00-04:00,7696.0,7696.5,7693.75,7695.25,6215
2026-08-21 15:15:00-04:00,7695.5,7696.25,7693.5,7694.75,5646
2026-08-21 15:20:00-04:00,7694.75,7697.25,7693.75,7697.0,5783
2026-08-21 15:25:00-04:00,7697.25,7697.25,7694.5,7695.5,6987
2026-08-21 15:30:00-04:00,7695.5,7698.25,7695.0,7695.75,8448
2026-08-21 15:35:00-04:00,7696.0,7698.75,7694.75,7697.75,7542
2026-08-21 15:40:00-04:00,7697.5,7700.0,7695.5,7699.5,8722
2026-08-21 15:45:00-04:00,7699.5,7703.0,7698.5,7701.25,14376
2026-08-21 15:50:00-04:00,7701.25,7701.5,7693.75,7694.25,24160
2026-08-21 15:55:00-04:00,7694.0,7698.25,7688.75,7691.5,88733
2026-08-21 16:00:00-04:00,7691.75,7692.25,7689.5,7691.5,20538
2026-08-21 16:05:00-04:00,7691.75,7692.0,7690.0,7691.25,3913
2026-08-21 16:10:00-04:00,7691.25,7691.25,7688.75,7691.0,5095
2026-08-21 16:15:00-04:00,7691.0,7692.0,7689.25,7689.25,2342
2026-08-21 16:20:00-04:00,7689.25,7691.0,7688.0,7689.25,3255
2026-08-21 16:25:00-04:00,7689.5,7689.5,7687.5,7687.5,1279
2026-08-21 16:30:00-04:00,7687.75,7689.5,7687.5,7689.25,960
2026-08-21 16:35:00-04:00,7689.25,7689.75,7689.0,7689.25,637
2026-08-21 16:40:00-04:00,7689.25,7690.0,7689.0,7689.5,604
2026-08-21 16:45:00-04:00,7689.5,7690.0,7687.5,7687.75,1495
2026-08-21 16:50:00-04:00,7687.75,7688.75,7687.0,7687.75,1144
2026-08-21 16:55:00-04:00,7687.75,7691.25,7687.0,7691.25,1286
2026-08-23 18:10:00-04:00,7683.75,7684.75,7683.25,7684.25,258
2026-08-23 18:15:00-04:00,7684.0,7684.25,7681.75,7683.0,434
2026-08-23 18:20:00-04:00,7682.75,7685.5,7682.75,7683.75,417
2026-08-23 18:25:00-04:00,7684.0,7684.25,7683.5,7684.0,161
2026-08-23 18:30:00-04:00,7683.75,7685.0,7683.25,7683.75,363
2026-08-23 18:35:00-04:00,7683.75,7686.5,7683.25,7686.0,391
2026-08-23 18:40:00-04:00,7685.75,7689.5,7685.25,7689.25,433
2026-08-23 18:45:00-04:00,7689.25,7690.75,7689.0,7689.5,455
2026-08-23 18:50:00-04:00,7689.75,7690.0,7689.25,7689.5,183
2026-08-23 18:55:00-04:00,7689.75,7690.25,7689.5,7689.5,128
2026-08-23 19:00:00-04:00,7689.25,7690.25,7689.25,7689.5,185
2026-08-23 19:05:00-04:00,7689.5,7690.25,7689.25,7690.0,125
2026-08-23 19:10:00-04:00,7690.0,7690.75,7689.5,7690.0,136
2026-08-23 19:15:00-04:00,7689.75,7692.5,7689.5,7691.5,319
2026-08-23 19:20:00-04:00,7691.5,7693.0,7691.25,7693.0,208
2026-08-23 19:25:00-04:00,7693.0,7695.0,7692.75,7695.0,583
2026-08-23 19:30:00-04:00,7695.0,7697.0,7694.75,7696.5,606
2026-08-23 19:35:00-04:00,7696.5,7696.75,7696.0,7696.0,237
2026-08-23 19:40:00-04:00,7696.25,7696.5,7694.5,7694.5,290
2026-08-23 19:45:00-04:00,7694.75,7701.0,7694.5,7700.5,797
2026-08-23 19:50:00-04:00,7700.5,7701.75,7699.5,7700.0,603
2026-08-23 19:55:00-04:00,7700.25,7702.5,7700.0,7702.25,515
2026-08-23 20:00:00-04:00,7702.25,7703.25,7698.0,7698.25,1665
2026-08-23 20:05:00-04:00,7698.25,7700.5,7697.5,7700.0,906
2026-08-23 20:10:00-04:00,7699.75,7700.75,7697.0,7698.25,601
2026-08-23 20:15:00-04:00,7698.0,7698.25,7689.25,7689.75,1794
2026-08-23 20:20:00-04:00,7690.0,7691.25,7688.0,7690.75,1016
2026-08-23 20:25:00-04:00,7690.5,7690.5,7684.75,7689.0,1488
2026-08-23 20:30:00-04:00,7689.25,7689.5,7687.0,7688.25,807
2026-08-23 20:35:00-04:00,7688.0,7690.25,7687.25,7688.75,581
2026-08-23 20:40:00-04:00,7688.75,7689.75,7687.75,7688.0,464
2026-08-23 20:45:00-04:00,7688.0,7692.0,7687.0,7692.0,549
2026-08-23 20:50:00-04:00,7692.0,7692.25,7690.5,7692.0,522
2026-08-23 20:55:00-04:00,7692.0,7698.0,7691.5,7697.5,1179
2026-08-23 21:00:00-04:00,7697.5,7700.5,7696.0,7697.75,1215
2026-08-23 21:05:00-04:00,7697.75,7700.75,7697.5,7699.5,770
2026-08-23 21:10:00-04:00,7699.25,7702.5,7699.25,7701.0,650
2026-08-23 21:15:00-04:00,7701.0,7702.75,7700.25,7701.75,571
2026-08-23 21:20:00-04:00,7701.5,7701.75,7698.0,7698.75,600
2026-08-23 21:25:00-04:00,7698.75,7700.0,7697.0,7697.25,517
2026-08-23 21:30:00-04:00,7697.5,7697.5,7694.5,7696.75,771
2026-08-23 21:35:00-04:00,7696.75,7697.25,7694.5,7697.0,448
2026-08-23 21:40:00-04:00,7696.75,7698.5,7696.0,7697.0,520
2026-08-23 21:45:00-04:00,7696.75,7697.25,7695.0,7696.5,657
2026-08-23 21:50:00-04:00,7696.5,7699.5,7695.5,7695.5,569
2026-08-23 21:55:00-04:00,7695.5,7695.5,7690.25,7690.5,1132
2026-08-23 22:00:00-04:00,7690.5,7692.25,7688.0,7691.25,1363
2026-08-23 22:05:00-04:00,7691.25,7691.5,7687.25,7690.0,1060
2026-08-23 22:10:00-04:00,7690.0,7695.75,7687.5,7695.0,1021
2026-08-23 22:15:00-04:00,7695.0,7696.5,7694.25,7695.25,577
2026-08-23 22:20:00-04:00,7695.25,7696.0,7693.75,7694.25,479
2026-08-23 22:25:00-04:00,7694.0,7695.75,7693.25,7695.0,613
2026-08-23 22:30:00-04:00,7695.0,7695.75,7694.0,7695.25,251
2026-08-23 22:35:00-04:00,7695.25,7695.75,7694.0,7695.25,287
2026-08-23 22:40:00-04:00,7695.0,7696.5,7694.25,7696.25,319
2026-08-23 22:45:00-04:00,7696.25,7697.5,7694.5,7695.5,680
2026-08-23 22:50:00-04:00,7695.75,7696.0,7692.75,7694.25,684
2026-08-23 22:55:00-04:00,7694.25,7697.25,7693.5,7696.5,557
2026-08-23 23:00:00-04:00,7696.5,7696.5,7692.75,7693.75,393
2026-08-23 23:05:00-04:00,7693.5,7693.5,7690.5,7690.75,532
2026-08-23 23:10:00-04:00,7690.5,7691.0,7688.25,7688.75,727
2026-08-23 23:15:00-04:00,7688.75,7690.25,7688.25,7688.5,545
2026-08-23 23:20:00-04:00,7688.75,7690.75,7688.25,7689.75,1016
2026-08-23 23:25:00-04:00,7689.75,7690.0,7688.75,7689.0,514
2026-08-23 23:30:00-04:00,7688.75,7688.75,7686.5,7687.75,786
2026-08-23 23:35:00-04:00,7688.0,7689.0,7686.75,7687.25,539
2026-08-23 23:40:00-04:00,7687.25,7688.5,7685.0,7685.25,541
2026-08-23 23:45:00-04:00,7685.0,7686.75,7684.25,7686.5,598
2026-08-23 23:50:00-04:00,7686.5,7687.25,7682.75,7683.0,650
2026-08-23 23:55:00-04:00,7683.0,7683.25,7682.25,7682.5,305
2026-08-24 00:00:00-04:00,7683.0,7684.25,7682.5,7683.75,529
2026-08-24 00:05:00-04:00,7683.5,7683.75,7681.75,7682.25,335
2026-08-24 00:10:00-04:00,7682.25,7684.75,7682.25,7684.5,532
2026-08-24 00:15:00-04:00,7684.75,7685.0,7682.75,7683.5,534
2026-08-24 00:20:00-04:00,7683.75,7685.0,7681.25,7681.5,548
2026-08-24 00:25:00-04:00,7681.5,7683.75,7680.5,7683.5,1125
2026-08-24 00:30:00-04:00,7683.5,7684.5,7681.0,7681.75,604
2026-08-24 00:35:00-04:00,7682.0,7682.5,7680.75,7681.75,580
2026-08-24 00:40:00-04:00,7681.75,7683.75,7680.75,7683.75,416
2026-08-24 00:45:00-04:00,7683.75,7684.0,7681.25,7681.25,514
2026-08-24 00:50:00-04:00,7681.25,7682.25,7680.5,7681.0,358
2026-08-24 00:55:00-04:00,7680.75,7681.0,7679.5,7679.75,442
2026-08-24 01:00:00-04:00,7680.0,7681.25,7679.75,7680.5,350
2026-08-24 01:05:00-04:00,7680.5,7685.0,7680.5,7684.0,719
2026-08-24 01:10:00-04:00,7683.75,7685.5,7683.0,7685.25,429
2026-08-24 01:15:00-04:00,7685.0,7685.0,7682.0,7682.0,409
2026-08-24 01:20:00-04:00,7681.75,7683.0,7681.5,7681.75,843
2026-08-24 01:25:00-04:00,7681.75,7682.0,7680.25,7680.5,395
2026-08-24 01:30:00-04:00,7680.5,7680.75,7675.5,7676.5,1379
2026-08-24 01:35:00-04:00,7676.5,7679.75,7675.75,7677.75,890
2026-08-24 01:40:00-04:00,7677.75,7682.0,7677.75,7678.25,691
2026-08-24 01:45:00-04:00,7678.25,7679.25,7676.0,7677.25,578
2026-08-24 01:50:00-04:00,7677.25,7678.25,7676.25,7677.0,710
2026-08-24 01:55:00-04:00,7677.25,7677.5,7675.0,7676.5,953
2026-08-24 02:00:00-04:00,7676.5,7678.75,7673.25,7673.5,1355
2026-08-24 02:05:00-04:00,7673.5,7674.5,7672.0,7673.25,1553
2026-08-24 02:10:00-04:00,7673.0,7674.5,7672.0,7673.25,561
2026-08-24 02:15:00-04:00,7673.25,7676.25,7670.75,7671.0,1326
2026-08-24 02:20:00-04:00,7670.75,7673.75,7669.0,7673.75,1060
2026-08-24 02:25:00-04:00,7673.75,7674.5,7673.0,7673.25,428
2026-08-24 02:30:00-04:00,7673.0,7674.0,7671.75,7673.75,742
2026-08-24 02:35:00-04:00,7673.75,7675.5,7672.75,7674.75,633
2026-08-24 02:40:00-04:00,7675.0,7675.0,7671.0,7671.75,669
2026-08-24 02:45:00-04:00,7671.5,7673.0,7670.25,7672.75,695
2026-08-24 02:50:00-04:00,7673.0,7675.0,7672.5,7674.75,492
2026-08-24 02:55:00-04:00,7674.75,7675.75,7673.25,7673.5,403
2026-08-24 03:00:00-04:00,7673.5,7676.75,7672.0,7674.75,1834
2026-08-24 03:05:00-04:00,7674.5,7677.75,7673.5,7677.0,844
2026-08-24 03:10:00-04:00,7677.0,7678.5,7676.0,7677.75,748
2026-08-24 03:15:00-04:00,7678.0,7679.5,7675.25,7676.75,673
2026-08-24 03:20:00-04:00,7676.75,7676.75,7674.75,7676.25,495
2026-08-24 03:25:00-04:00,7676.25,7678.0,7674.75,7675.0,700
2026-08-24 03:30:00-04:00,7674.75,7678.25,7673.5,7678.25,758
2026-08-24 03:35:00-04:00,7678.25,7679.25,7677.0,7677.0,327
2026-08-24 03:40:00-04:00,7676.75,7676.75,7672.5,7672.5,910
2026-08-24 03:45:00-04:00,7672.5,7674.75,7672.5,7672.5,760
2026-08-24 03:50:00-04:00,7672.5,7673.5,7670.75,7672.0,921
2026-08-24 03:55:00-04:00,7671.75,7672.25,7670.5,7671.0,689
2026-08-24 04:00:00-04:00,7671.0,7672.75,7668.75,7670.0,1516
2026-08-24 04:05:00-04:00,7670.25,7681.5,7670.25,7673.0,3283
2026-08-24 04:10:00-04:00,7673.5,7676.25,7673.5,7675.75,592
2026-08-24 04:15:00-04:00,7675.5,7679.5,7674.25,7678.75,896
2026-08-24 04:20:00-04:00,7678.75,7679.25,7676.0,7677.0,523
2026-08-24 04:25:00-04:00,7677.25,7678.75,7674.75,7677.25,910
2026-08-24 04:30:00-04:00,7677.25,7679.25,7676.5,7678.25,382
2026-08-24 04:35:00-04:00,7678.25,7682.25,7678.25,7682.0,585
2026-08-24 04:40:00-04:00,7682.0,7683.0,7680.5,7682.5,607
2026-08-24 04:45:00-04:00,7682.25,7683.0,7681.25,7681.5,429
2026-08-24 04:50:00-04:00,7681.5,7684.0,7681.5,7683.25,580
2026-08-24 04:55:00-04:00,7683.25,7683.25,7680.5,7680.5,321
2026-08-24 05:00:00-04:00,7680.5,7684.5,7678.75,7683.75,847
2026-08-24 05:05:00-04:00,7683.75,7684.0,7682.25,7683.25,603
2026-08-24 05:10:00-04:00,7683.25,7684.0,7682.0,7682.0,638
2026-08-24 05:15:00-04:00,7682.25,7682.5,7679.5,7679.75,655
2026-08-24 05:20:00-04:00,7679.75,7680.0,7678.25,7679.75,966
2026-08-24 05:25:00-04:00,7679.5,7679.5,7677.75,7678.5,435
2026-08-24 05:30:00-04:00,7678.25,7679.75,7678.25,7679.5,549
2026-08-24 05:35:00-04:00,7679.75,7681.75,7679.5,7681.25,565
2026-08-24 05:40:00-04:00,7681.0,7681.25,7679.5,7680.75,488
2026-08-24 05:45:00-04:00,7681.0,7682.5,7680.25,7682.25,836
2026-08-24 05:50:00-04:00,7682.25,7682.5,7679.75,7680.25,521
2026-08-24 05:55:00-04:00,7680.5,7681.0,7679.75,7680.5,482
2026-08-24 06:00:00-04:00,7680.5,7681.75,7680.0,7681.5,745
2026-08-24 06:05:00-04:00,7681.75,7682.0,7679.75,7679.75,807
2026-08-24 06:10:00-04:00,7680.0,7680.25,7676.75,7677.0,907
2026-08-24 06:15:00-04:00,7677.0,7677.5,7676.75,7676.75,617
2026-08-24 06:20:00-04:00,7676.5,7680.0,7675.25,7679.5,920
2026-08-24 06:25:00-04:00,7679.5,7679.5,7675.75,7676.0,586
2026-08-24 06:30:00-04:00,7676.0,7680.25,7675.75,7679.5,993
2026-08-24 06:35:00-04:00,7679.5,7679.75,7677.0,7677.0,541
2026-08-24 06:40:00-04:00,7677.0,7677.0,7673.5,7674.5,755
2026-08-24 06:45:00-04:00,7674.5,7674.75,7672.0,7672.75,818
2026-08-24 06:50:00-04:00,7672.75,7672.75,7669.75,7670.75,990
2026-08-24 06:55:00-04:00,7670.75,7671.5,7670.0,7670.5,753
2026-08-24 07:00:00-04:00,7670.5,7671.5,7666.25,7666.75,1772
2026-08-24 07:05:00-04:00,7666.75,7667.75,7664.5,7667.0,1480
2026-08-24 07:10:00-04:00,7667.0,7668.25,7665.5,7667.75,1188
2026-08-24 07:15:00-04:00,7667.5,7669.25,7667.25,7668.75,1015
2026-08-24 07:20:00-04:00,7668.75,7669.75,7667.75,7669.5,1142
2026-08-24 07:25:00-04:00,7669.5,7672.0,7669.25,7670.25,918
2026-08-24 07:30:00-04:00,7670.25,7677.5,7670.25,7677.5,2345
2026-08-24 07:35:00-04:00,7677.25,7686.5,7676.5,7682.25,5259
2026-08-24 07:40:00-04:00,7682.5,7685.0,7680.5,7681.25,1536
2026-08-24 07:45:00-04:00,7681.25,7681.25,7676.25,7677.75,2220
2026-08-24 07:50:00-04:00,7677.75,7680.25,7677.75,7680.0,916
2026-08-24 07:55:00-04:00,7679.75,7680.5,7678.0,7679.75,1349
2026-08-24 08:00:00-04:00,7680.0,7680.0,7676.25,7676.75,1250
2026-08-24 08:05:00-04:00,7676.75,7679.0,7676.25,7677.0,1004
2026-08-24 08:10:00-04:00,7677.0,7678.25,7675.75,7677.0,1314
2026-08-24 08:15:00-04:00,7677.0,7678.5,7675.75,7677.25,869
2026-08-24 08:20:00-04:00,7677.5,7681.0,7677.25,7680.25,1461
2026-08-24 08:25:00-04:00,7680.25,7681.25,7678.75,7680.75,705
2026-08-24 08:30:00-04:00,7680.75,7681.25,7669.25,7675.75,6565
2026-08-24 08:35:00-04:00,7675.5,7679.5,7675.0,7676.75,1833
2026-08-24 08:40:00-04:00,7676.75,7682.5,7674.5,7676.25,2767
2026-08-24 08:45:00-04:00,7676.25,7678.75,7675.25,7678.25,1215
2026-08-24 08:50:00-04:00,7678.25,7679.5,7677.25,7678.0,581
2026-08-24 08:55:00-04:00,7678.0,7679.25,7677.5,7678.0,778
2026-08-24 09:00:00-04:00,7678.0,7679.75,7677.75,7679.25,1421
2026-08-24 09:05:00-04:00,7679.25,7679.75,7676.75,7678.25,1574
2026-08-24 09:10:00-04:00,7678.0,7679.5,7676.75,7677.0,1594
2026-08-24 09:15:00-04:00,7677.25,7679.75,7676.0,7676.5,2526
2026-08-24 09:20:00-04:00,7676.5,7679.25,7676.25,7677.0,1897
2026-08-24 09:25:00-04:00,7677.0,7681.75,7676.0,7681.75,6208
2026-08-24 09:30:00-04:00,7681.75,7682.75,7666.25,7669.25,35665
2026-08-24 09:35:00-04:00,7669.25,7672.75,7664.75,7668.0,23202
2026-08-24 09:40:00-04:00,7668.25,7672.0,7655.75,7656.0,26396
2026-08-24 09:45:00-04:00,7656.0,7670.25,7655.0,7665.75,27308
2026-08-24 09:50:00-04:00,7665.75,7670.0,7662.0,7669.25,19170
2026-08-24 09:55:00-04:00,7669.0,7671.0,7666.75,7668.5,15873
2026-08-24 10:00:00-04:00,7668.75,7674.0,7662.25,7664.25,21247
2026-08-24 10:05:00-04:00,7664.25,7666.5,7660.25,7663.5,14289
2026-08-24 10:10:00-04:00,7663.5,7664.5,7659.5,7664.25,12813
2026-08-24 10:15:00-04:00,7664.25,7665.0,7660.5,7663.0,11489
2026-08-24 10:20:00-04:00,7662.75,7669.25,7662.0,7662.5,15751
2026-08-24 10:25:00-04:00,7662.75,7665.5,7660.5,7663.25,11920
2026-08-24 10:30:00-04:00,7663.25,7671.75,7661.75,7670.5,14690
2026-08-24 10:35:00-04:00,7670.5,7673.0,7669.5,7671.0,11027
2026-08-24 10:40:00-04:00,7671.25,7675.5,7669.25,7671.25,11430
2026-08-24 10:45:00-04:00,7671.25,7673.0,7668.75,7673.0,9072
2026-08-24 10:50:00-04:00,7673.0,7673.5,7668.25,7670.5,8473
2026-08-24 10:55:00-04:00,7670.5,7674.0,7669.25,7670.75,8360
2026-08-24 11:00:00-04:00,7670.75,7672.5,7664.25,7664.75,9782
2026-08-24 11:05:00-04:00,7664.5,7665.0,7661.75,7663.75,9818
2026-08-24 11:10:00-04:00,7663.75,7666.0,7660.75,7661.25,7923
2026-08-24 11:15:00-04:00,7661.25,7662.5,7660.25,7661.0,6447
2026-08-24 11:20:00-04:00,7660.75,7666.0,7657.75,7665.5,12446
2026-08-24 11:25:00-04:00,7665.5,7674.25,7664.5,7671.5,22627
2026-08-24 11:30:00-04:00,7671.5,7674.75,7668.0,7672.5,19944
2026-08-24 11:35:00-04:00,7672.5,7675.75,7671.0,7674.5,9641
2026-08-24 11:40:00-04:00,7674.5,7678.75,7674.25,7676.75,13028
2026-08-24 11:45:00-04:00,7676.75,7681.5,7676.75,7677.0,13249
2026-08-24 11:50:00-04:00,7676.75,7680.25,7676.75,7677.25,5862
2026-08-24 11:55:00-04:00,7677.25,7679.5,7675.5,7679.5,9181
2026-08-24 12:00:00-04:00,7679.25,7686.0,7678.25,7683.75,18182
2026-08-24 12:05:00-04:00,7683.5,7684.0,7678.5,7679.0,7036
2026-08-24 12:10:00-04:00,7679.0,7680.75,7678.25,7680.75,5304
2026-08-24 12:15:00-04:00,7680.75,7685.75,7680.25,7684.75,7508
2026-08-24 12:20:00-04:00,7684.5,7686.5,7682.25,7682.75,6662
2026-08-24 12:25:00-04:00,7682.75,7684.25,7682.0,7683.25,4210
2026-08-24 12:30:00-04:00,7683.25,7684.0,7679.0,7680.0,6798
2026-08-24 12:35:00-04:00,7680.0,7681.25,7677.25,7677.75,4570
2026-08-24 12:40:00-04:00,7677.5,7678.25,7675.75,7677.25,3841
2026-08-24 12:45:00-04:00,7677.25,7678.0,7675.75,7677.75,5483
2026-08-24 12:50:00-04:00,7677.5,7678.75,7675.25,7676.25,4130
2026-08-24 12:55:00-04:00,7676.25,7677.5,7675.5,7676.0,3973
2026-08-24 13:00:00-04:00,7676.0,7676.25,7672.75,7674.25,7167
2026-08-24 13:05:00-04:00,7674.0,7680.75,7673.5,7678.5,9118
2026-08-24 13:10:00-04:00,7678.5,7682.0,7677.25,7679.25,7813
2026-08-24 13:15:00-04:00,7679.25,7679.75,7674.25,7675.5,8300
2026-08-24 13:20:00-04:00,7675.25,7675.75,7669.0,7669.75,11673
2026-08-24 13:25:00-04:00,7669.75,7671.5,7667.25,7668.25,8592
2026-08-24 13:30:00-04:00,7668.0,7670.0,7667.0,7667.25,8854
2026-08-24 13:35:00-04:00,7667.0,7668.25,7665.25,7668.0,7759
2026-08-24 13:40:00-04:00,7668.0,7668.75,7665.0,7665.25,6595
2026-08-24 13:45:00-04:00,7665.0,7667.0,7664.5,7666.25,6406
2026-08-24 13:50:00-04:00,7666.5,7669.0,7665.25,7666.0,7016
2026-08-24 13:55:00-04:00,7666.25,7668.0,7665.25,7667.0,3523
2026-08-24 14:00:00-04:00,7667.0,7670.75,7666.75,7669.75,8969
2026-08-24 14:05:00-04:00,7669.5,7674.25,7669.0,7673.0,6689
2026-08-24 14:10:00-04:00,7673.0,7677.0,7672.25,7676.75,7513
2026-08-24 14:15:00-04:00,7676.5,7679.25,7675.25,7676.25,9855
2026-08-24 14:20:00-04:00,7676.25,7681.0,7676.0,7680.25,9342
2026-08-24 14:25:00-04:00,7680.0,7682.75,7679.5,7682.0,7761
2026-08-24 14:30:00-04:00,7682.0,7685.25,7680.75,7681.0,11484
2026-08-24 14:35:00-04:00,7681.25,7681.75,7675.25,7676.25,8519
2026-08-24 14:40:00-04:00,7676.5,7678.25,7675.75,7677.5,5102
2026-08-24 14:45:00-04:00,7677.5,7678.5,7675.25,7677.5,4863
2026-08-24 14:50:00-04:00,7677.5,7678.75,7675.0,7675.75,4991
2026-08-24 14:55:00-04:00,7675.75,7677.0,7674.0,7674.25,4657
2026-08-24 15:00:00-04:00,7674.0,7675.0,7672.5,7673.5,6968
2026-08-24 15:05:00-04:00,7673.5,7675.25,7672.5,7673.0,4266
2026-08-24 15:10:00-04:00,7673.0,7676.5,7672.75,7675.25,5032
2026-08-24 15:15:00-04:00,7675.5,7676.75,7673.5,7675.5,4338
2026-08-24 15:20:00-04:00,7675.25,7676.25,7673.75,7674.75,4885
2026-08-24 15:25:00-04:00,7674.5,7676.0,7673.5,7674.25,4296
2026-08-24 15:30:00-04:00,7674.25,7677.0,7671.75,7671.75,7632
2026-08-24 15:35:00-04:00,7672.0,7673.0,7670.75,7671.0,6799
2026-08-24 15:40:00-04:00,7671.0,7672.0,7671.0,7671.75,1235
2026-08-24 15:45:00-04:00,7671.25,7672.5,7669.25,7672.0,14550
2026-08-24 15:50:00-04:00,7672.0,7674.25,7668.0,7672.25,16081
2026-08-24 15:55:00-04:00,7672.25,7674.25,7668.25,7669.5,65373
2026-08-24 16:00:00-04:00,7669.75,7672.25,7668.0,7671.0,19979
2026-08-24 16:05:00-04:00,7671.25,7673.5,7670.25,7671.25,4148
2026-08-24 16:10:00-04:00,7671.25,7671.75,7670.0,7670.75,2538
2026-08-24 16:15:00-04:00,7671.0,7671.25,7669.25,7670.0,3064
2026-08-24 16:20:00-04:00,7670.0,7670.25,7666.5,7666.75,1961
2026-08-24 16:25:00-04:00,7666.75,7667.25,7666.5,7667.0,1152
2026-08-24 16:30:00-04:00,7666.75,7669.0,7666.5,7669.0,1277
2026-08-24 16:35:00-04:00,7668.75,7671.25,7668.75,7670.75,859
2026-08-24 16:40:00-04:00,7671.0,7671.5,7670.5,7671.25,595
2026-08-24 16:45:00-04:00,7671.0,7671.75,7670.25,7670.5,1446
2026-08-24 16:50:00-04:00,7670.25,7671.0,7670.0,7671.0,762
2026-08-24 16:55:00-04:00,7670.75,7675.0,7670.75,7674.25,1449
2026-08-24 18:00:00-04:00,7676.0,7677.5,7673.5,7674.0,0
2026-08-24 18:05:00-04:00,7674.25,7677.0,7674.0,7675.0,402
2026-08-24 18:10:00-04:00,7675.0,7675.0,7673.75,7674.0,199
2026-08-24 18:15:00-04:00,7674.25,7675.0,7673.75,7674.5,135
2026-08-24 18:20:00-04:00,7674.25,7675.0,7673.75,7674.75,139
2026-08-24 18:25:00-04:00,7674.75,7674.75,7674.0,7674.25,81
2026-08-24 18:30:00-04:00,7674.5,7674.75,7673.25,7674.25,185
2026-08-24 18:35:00-04:00,7674.5,7674.5,7674.25,7674.25,56
2026-08-24 18:40:00-04:00,7674.25,7674.5,7673.25,7673.75,247
2026-08-24 18:45:00-04:00,7673.75,7674.25,7673.5,7674.0,98
2026-08-24 18:50:00-04:00,7673.75,7674.5,7673.75,7674.0,88
2026-08-24 18:55:00-04:00,7674.0,7674.5,7673.5,7674.5,120
2026-08-24 19:00:00-04:00,7674.5,7674.75,7674.0,7674.5,139
2026-08-24 19:05:00-04:00,7674.5,7675.5,7674.25,7675.25,223
2026-08-24 19:10:00-04:00,7675.0,7675.5,7674.75,7675.25,143
2026-08-24 19:15:00-04:00,7675.5,7675.75,7673.75,7674.25,379
2026-08-24 19:20:00-04:00,7674.0,7675.25,7674.0,7674.5,180
2026-08-24 19:25:00-04:00,7674.5,7674.5,7672.5,7672.5,236
2026-08-24 19:30:00-04:00,7672.5,7672.75,7671.25,7672.25,321
2026-08-24 19:35:00-04:00,7672.25,7672.25,7670.5,7670.75,257
2026-08-24 19:40:00-04:00,7670.75,7672.5,7667.75,7669.25,1048
2026-08-24 19:45:00-04:00,7669.25,7669.5,7668.5,7669.25,312
2026-08-24 19:50:00-04:00,7669.25,7671.25,7668.5,7668.75,322
2026-08-24 19:55:00-04:00,7668.75,7670.5,7668.75,7670.5,191
2026-08-24 20:00:00-04:00,7670.5,7671.25,7667.25,7667.25,823
2026-08-24 20:05:00-04:00,7667.5,7669.75,7667.0,7667.5,637
2026-08-24 20:10:00-04:00,7667.75,7667.75,7663.5,7664.25,856
2026-08-24 20:15:00-04:00,7664.25,7664.25,7660.25,7660.75,1466
2026-08-24 20:20:00-04:00,7661.0,7666.5,7661.0,7664.0,1221
2026-08-24 20:25:00-04:00,7664.0,7668.5,7662.75,7668.25,1213
2026-08-24 20:30:00-04:00,7668.0,7670.0,7667.25,7669.25,716
2026-08-24 20:35:00-04:00,7669.5,7670.75,7668.5,7669.0,532
2026-08-24 20:40:00-04:00,7669.0,7674.25,7668.5,7673.25,1202
2026-08-24 20:45:00-04:00,7673.0,7675.75,7671.5,7673.25,870
2026-08-24 20:50:00-04:00,7673.25,7675.5,7673.0,7674.75,431
2026-08-24 20:55:00-04:00,7674.75,7675.25,7673.75,7673.75,378
2026-08-24 21:00:00-04:00,7673.75,7674.5,7672.25,7674.25,1250
2026-08-24 21:05:00-04:00,7674.25,7675.25,7673.0,7675.0,779
2026-08-24 21:10:00-04:00,7675.0,7675.25,7673.0,7674.0,438
2026-08-24 21:15:00-04:00,7674.25,7675.25,7672.5,7674.25,352
2026-08-24 21:20:00-04:00,7674.25,7674.75,7671.0,7671.0,512
2026-08-24 21:25:00-04:00,7671.0,7673.25,7670.5,7672.5,484
2026-08-24 21:30:00-04:00,7672.25,7675.75,7671.75,7673.0,896
2026-08-24 21:35:00-04:00,7672.5,7676.75,7672.25,7676.25,553
2026-08-24 21:40:00-04:00,7676.0,7676.75,7673.25,7674.5,499
2026-08-24 21:45:00-04:00,7674.75,7676.25,7674.5,7676.0,365
2026-08-24 21:50:00-04:00,7675.75,7675.75,7674.0,7675.5,341
2026-08-24 21:55:00-04:00,7675.5,7675.5,7673.0,7673.25,348
2026-08-24 22:00:00-04:00,7673.25,7675.5,7673.25,7674.0,591
2026-08-24 22:05:00-04:00,7674.0,7674.25,7669.25,7669.75,1082
2026-08-24 22:10:00-04:00,7670.0,7670.0,7668.25,7669.5,590
2026-08-24 22:15:00-04:00,7669.5,7671.5,7668.0,7671.25,746
2026-08-24 22:20:00-04:00,7671.0,7671.75,7668.75,7671.75,564
2026-08-24 22:25:00-04:00,7671.75,7672.5,7668.5,7672.0,922
2026-08-24 22:30:00-04:00,7671.75,7675.0,7671.0,7673.75,793
2026-08-24 22:35:00-04:00,7673.5,7674.0,7671.25,7673.0,437
2026-08-24 22:40:00-04:00,7673.0,7675.25,7671.75,7672.25,498
2026-08-24 22:45:00-04:00,7672.25,7672.5,7669.75,7670.25,503
2026-08-24 22:50:00-04:00,7670.25,7670.25,7667.75,7669.0,719
2026-08-24 22:55:00-04:00,7669.0,7669.0,7666.5,7668.0,570
2026-08-24 23:00:00-04:00,7668.0,7671.25,7668.0,7670.5,636
2026-08-24 23:05:00-04:00,7670.5,7677.0,7670.5,7675.0,1444
2026-08-24 23:10:00-04:00,7675.0,7676.5,7674.25,7674.75,762
2026-08-24 23:15:00-04:00,7675.0,7677.5,7674.75,7677.0,840
2026-08-24 23:20:00-04:00,7677.0,7677.0,7675.0,7675.25,423
2026-08-24 23:25:00-04:00,7675.5,7677.75,7675.25,7677.5,373
2026-08-24 23:30:00-04:00,7677.25,7678.75,7676.75,7678.0,629
2026-08-24 23:35:00-04:00,7678.0,7678.0,7675.75,7676.25,447
2026-08-24 23:40:00-04:00,7676.25,7677.0,7676.0,7676.25,228
2026-08-24 23:45:00-04:00,7676.25,7676.25,7674.0,7674.25,383
2026-08-24 23:50:00-04:00,7674.25,7675.25,7673.25,7674.75,456
2026-08-24 23:55:00-04:00,7674.75,7675.25,7674.0,7674.5,199
2026-08-25 00:05:00-04:00,7677.5,7678.0,7677.0,7678.0,1117
2026-08-25 00:10:00-04:00,7678.25,7678.25,7676.75,7678.25,270
2026-08-25 00:15:00-04:00,7678.25,7678.5,7677.0,7677.25,321
2026-08-25 00:20:00-04:00,7677.5,7678.25,7677.25,7678.25,256
2026-08-25 00:25:00-04:00,7678.25,7678.5,7677.25,7677.75,231
2026-08-25 00:30:00-04:00,7677.75,7679.5,7677.5,7678.5,442
2026-08-25 00:35:00-04:00,7678.5,7678.5,7677.0,7677.75,257
2026-08-25 00:40:00-04:00,7678.0,7679.25,7677.75,7678.5,258
2026-08-25 00:45:00-04:00,7678.5,7679.25,7677.75,7678.25,255
2026-08-25 00:50:00-04:00,7678.0,7678.0,7675.25,7676.5,755
2026-08-25 00:55:00-04:00,7676.25,7677.0,7675.25,7677.0,353
2026-08-25 01:00:00-04:00,7676.75,7678.5,7676.0,7678.25,436
2026-08-25 01:05:00-04:00,7678.0,7678.75,7677.25,7677.75,364
2026-08-25 01:10:00-04:00,7677.75,7680.0,7677.5,7677.75,363
2026-08-25 01:15:00-04:00,7677.75,7680.0,7677.75,7679.0,412
2026-08-25 01:20:00-04:00,7678.75,7679.75,7678.25,7679.0,283
2026-08-25 01:25:00-04:00,7679.0,7679.25,7678.5,7678.75,186
2026-08-25 01:30:00-04:00,7679.0,7680.0,7678.25,7679.25,381
2026-08-25 01:35:00-04:00,7679.5,7680.5,7679.25,7680.0,347
2026-08-25 01:40:00-04:00,7680.0,7680.5,7677.5,7677.75,760
2026-08-25 01:45:00-04:00,7677.75,7679.25,7677.0,7678.5,386
2026-08-25 01:50:00-04:00,7678.25,7679.75,7677.75,7679.0,470
2026-08-25 01:55:00-04:00,7679.0,7681.0,7679.0,7680.0,550
2026-08-25 02:00:00-04:00,7680.0,7682.5,7680.0,7680.75,447
2026-08-25 02:10:00-04:00,7669.75,7682.25,7669.75,7681.5,1452
2026-08-25 02:15:00-04:00,7681.5,7682.5,7680.25,7682.0,657
2026-08-25 02:20:00-04:00,7682.25,7690.75,7681.25,7685.25,2084
2026-08-25 02:25:00-04:00,7685.25,7687.0,7684.75,7685.25,1097
2026-08-25 02:30:00-04:00,7685.0,7687.0,7684.0,7686.0,1206
2026-08-25 02:35:00-04:00,7686.25,7686.25,7683.5,7684.25,715
2026-08-25 02:40:00-04:00,7684.25,7688.0,7684.25,7687.75,919
2026-08-25 02:45:00-04:00,7687.75,7688.0,7685.5,7685.75,611
2026-08-25 02:50:00-04:00,7685.5,7687.5,7685.25,7687.5,633
2026-08-25 02:55:00-04:00,7687.5,7689.75,7687.0,7689.75,657
2026-08-25 03:00:00-04:00,7689.75,7692.5,7689.5,7692.25,2350
2026-08-25 03:05:00-04:00,7692.25,7692.5,7689.5,7689.75,1102
2026-08-25 03:10:00-04:00,7689.5,7690.0,7687.25,7688.0,1223
2026-08-25 03:15:00-04:00,7688.0,7690.0,7684.0,7684.5,1737
2026-08-25 03:20:00-04:00,7684.25,7686.75,7684.0,7685.25,866
2026-08-25 03:25:00-04:00,7685.25,7685.25,7682.5,7684.75,758
2026-08-25 03:30:00-04:00,7684.75,7685.75,7684.25,7684.75,644
2026-08-25 03:35:00-04:00,7685.0,7685.25,7684.0,7684.5,484
2026-08-25 03:40:00-04:00,7684.25,7686.5,7683.25,7685.5,522
2026-08-25 03:45:00-04:00,7686.0,7686.0,7682.75,7683.75,665
2026-08-25 03:50:00-04:00,7683.5,7683.75,7681.5,7681.75,748
2026-08-25 03:55:00-04:00,7681.75,7684.0,7681.75,7682.75,574
2026-08-25 04:00:00-04:00,7682.75,7685.25,7680.5,7681.25,1419
2026-08-25 04:05:00-04:00,7681.5,7683.75,7681.25,7682.75,746
2026-08-25 04:10:00-04:00,7682.75,7682.75,7681.0,7681.5,555
2026-08-25 04:15:00-04:00,7681.5,7685.75,7681.5,7684.25,704
2026-08-25 04:20:00-04:00,7684.25,7699.75,7683.75,7698.5,5996
2026-08-25 04:25:00-04:00,7698.25,7698.25,7691.0,7691.25,2629
2026-08-25 04:30:00-04:00,7691.5,7695.0,7690.0,7693.5,2056
2026-08-25 04:35:00-04:00,7693.75,7694.75,7689.25,7689.75,1269
2026-08-25 04:40:00-04:00,7690.0,7692.75,7690.0,7692.75,786
2026-08-25 04:45:00-04:00,7692.75,7695.25,7692.75,7694.75,1113
2026-08-25 04:50:00-04:00,7694.75,7697.0,7694.5,7694.5,1053
2026-08-25 04:55:00-04:00,7694.5,7697.25,7693.5,7697.0,861
2026-08-25 05:00:00-04:00,7697.0,7697.25,7694.5,7697.25,1126
2026-08-25 05:05:00-04:00,7697.25,7699.5,7696.0,7698.0,1261
2026-08-25 05:10:00-04:00,7698.0,7700.75,7697.75,7699.0,1079
2026-08-25 05:15:00-04:00,7699.0,7700.5,7698.75,7700.25,774
2026-08-25 05:20:00-04:00,7700.25,7701.0,7699.5,7699.5,895
2026-08-25 05:25:00-04:00,7699.5,7699.5,7697.5,7699.25,1085
2026-08-25 05:30:00-04:00,7699.25,7709.5,7698.75,7708.25,4077
2026-08-25 05:35:00-04:00,7708.25,7708.75,7703.5,7704.5,2883
2026-08-25 05:40:00-04:00,7704.5,7708.75,7704.0,7705.25,2142
2026-08-25 05:45:00-04:00,7705.0,7708.75,7704.5,7708.75,1915
2026-08-25 05:50:00-04:00,7709.0,7711.0,7708.5,7710.5,1619
2026-08-25 05:55:00-04:00,7710.5,7714.0,7708.75,7709.5,2450
2026-08-25 06:00:00-04:00,7709.25,7709.75,7705.0,7706.5,1206
2026-08-25 06:05:00-04:00,7706.5,7710.0,7706.25,7709.75,1527
2026-08-25 06:10:00-04:00,7709.75,7710.0,7706.75,7707.75,1024
2026-08-25 06:15:00-04:00,7708.0,7708.0,7705.25,7706.0,991
2026-08-25 06:20:00-04:00,7706.0,7706.0,7705.0,7705.0,1372
2026-08-25 06:25:00-04:00,7705.0,7705.0,7703.25,7703.5,924
2026-08-25 06:30:00-04:00,7703.75,7704.5,7702.25,7703.25,962
2026-08-25 06:35:00-04:00,7703.25,7703.5,7701.5,7702.75,793
2026-08-25 06:40:00-04:00,7702.75,7703.5,7700.25,7700.25,773
2026-08-25 06:45:00-04:00,7700.0,7702.5,7699.75,7702.0,776
2026-08-25 06:50:00-04:00,7702.25,7703.0,7701.75,7702.25,779
2026-08-25 06:55:00-04:00,7702.0,7702.5,7701.0,7702.25,603
2026-08-25 07:00:00-04:00,7702.0,7702.5,7698.5,7699.0,1707
2026-08-25 07:05:00-04:00,7698.75,7698.75,7693.0,7697.0,2141
2026-08-25 07:10:00-04:00,7697.0,7699.0,7696.25,7698.5,1034
2026-08-25 07:15:00-04:00,7698.5,7699.5,7696.5,7697.75,1255
2026-08-25 07:20:00-04:00,7698.0,7700.75,7697.75,7699.5,1239
2026-08-25 07:25:00-04:00,7699.75,7699.75,7696.75,7698.75,843
2026-08-25 07:30:00-04:00,7699.0,7701.0,7698.5,7698.75,981
2026-08-25 07:35:00-04:00,7698.75,7701.75,7698.5,7701.5,1231
2026-08-25 07:40:00-04:00,7701.75,7703.25,7700.75,7701.5,1269
2026-08-25 07:45:00-04:00,7701.75,7704.75,7701.5,7704.5,978
2026-08-25 07:50:00-04:00,7704.75,7706.5,7703.0,7703.5,2434
2026-08-25 07:55:00-04:00,7703.75,7704.75,7703.0,7704.75,863
2026-08-25 08:00:00-04:00,7704.75,7705.5,7701.25,7704.5,1831
2026-08-25 08:05:00-04:00,7704.5,7705.5,7703.0,7705.25,1695
2026-08-25 08:10:00-04:00,7705.0,7705.5,7701.5,7704.25,1557
2026-08-25 08:15:00-04:00,7704.25,7709.0,7703.75,7706.75,2125
2026-08-25 08:20:00-04:00,7707.0,7707.0,7703.25,7704.5,1500
2026-08-25 08:25:00-04:00,7704.75,7706.0,7704.5,7705.25,1131
2026-08-25 08:30:00-04:00,7705.25,7705.25,7698.0,7699.25,3284
2026-08-25 08:35:00-04:00,7699.25,7699.25,7695.25,7695.75,3098
2026-08-25 08:40:00-04:00,7695.5,7698.25,7694.75,7697.5,1977
2026-08-25 08:45:00-04:00,7697.25,7697.75,7696.5,7697.5,1095
2026-08-25 08:50:00-04:00,7697.5,7701.5,7697.5,7698.75,2054
2026-08-25 08:55:00-04:00,7698.75,7699.0,7697.0,7698.0,1170
2026-08-25 09:00:00-04:00,7697.75,7699.75,7696.5,7697.5,2630
2026-08-25 09:05:00-04:00,7697.75,7698.5,7695.5,7697.0,2289
2026-08-25 09:10:00-04:00,7697.25,7700.25,7697.0,7698.25,3682
2026-08-25 09:15:00-04:00,7698.25,7701.25,7697.0,7699.25,3449
2026-08-25 09:20:00-04:00,7699.25,7699.5,7696.5,7696.75,1959
2026-08-25 09:25:00-04:00,7697.0,7700.25,7694.75,7695.0,4766
2026-08-25 09:30:00-04:00,7695.0,7701.25,7692.5,7700.25,27240
2026-08-25 09:35:00-04:00,7700.25,7700.5,7694.5,7695.0,16378
2026-08-25 09:40:00-04:00,7695.0,7699.75,7692.0,7694.75,17459
2026-08-25 09:45:00-04:00,7694.75,7700.5,7694.5,7698.0,15261
2026-08-25 09:50:00-04:00,7698.0,7698.75,7693.25,7693.5,12650
2026-08-25 09:55:00-04:00,7693.5,7694.0,7688.0,7690.0,15872
2026-08-25 10:00:00-04:00,7690.0,7691.25,7685.5,7687.75,18279
2026-08-25 10:05:00-04:00,7687.75,7689.0,7684.5,7686.5,12131
2026-08-25 10:10:00-04:00,7686.5,7688.25,7684.0,7684.75,10541
2026-08-25 10:15:00-04:00,7684.75,7689.5,7683.5,7687.25,12255
2026-08-25 10:20:00-04:00,7687.25,7688.0,7681.25,7684.25,14115
2026-08-25 10:25:00-04:00,7684.25,7685.0,7680.0,7680.0,10624
2026-08-25 10:30:00-04:00,7680.0,7682.0,7663.25,7676.5,34874
2026-08-25 10:35:00-04:00,7676.5,7683.75,7675.75,7683.25,10107
2026-08-25 10:40:00-04:00,7683.0,7683.25,7674.5,7676.5,12047
2026-08-25 10:45:00-04:00,7676.25,7678.0,7674.5,7675.25,10834
2026-08-25 10:50:00-04:00,7675.25,7681.25,7673.25,7679.75,9560
2026-08-25 10:55:00-04:00,7679.5,7681.75,7677.75,7680.25,10098
2026-08-25 11:00:00-04:00,7680.0,7681.0,7676.25,7677.5,11064
2026-08-25 11:05:00-04:00,7677.5,7681.0,7677.25,7679.0,7013
2026-08-25 11:10:00-04:00,7679.0,7681.0,7676.75,7678.75,6639
2026-08-25 11:15:00-04:00,7679.0,7682.5,7677.75,7682.0,6433
2026-08-25 11:20:00-04:00,7682.25,7684.75,7679.75,7680.75,9777
2026-08-25 11:25:00-04:00,7681.0,7687.0,7679.5,7686.0,8946
2026-08-25 11:30:00-04:00,7686.25,7691.0,7683.5,7684.0,17325
2026-08-25 11:35:00-04:00,7684.0,7690.25,7683.75,7684.25,15967
2026-08-25 11:40:00-04:00,7684.25,7685.5,7682.0,7685.0,6384
2026-08-25 11:45:00-04:00,7685.0,7685.25,7679.0,7680.0,8347
2026-08-25 11:50:00-04:00,7680.0,7686.25,7679.0,7685.25,7169
2026-08-25 11:55:00-04:00,7685.25,7689.25,7685.0,7687.75,11519
2026-08-25 12:00:00-04:00,7687.75,7691.5,7687.25,7688.75,10509
2026-08-25 12:05:00-04:00,7688.75,7689.5,7686.5,7686.5,6122
2026-08-25 12:10:00-04:00,7686.75,7689.0,7686.25,7688.25,5668
2026-08-25 12:15:00-04:00,7688.25,7689.0,7687.25,7688.25,3866
2026-08-25 12:20:00-04:00,7688.25,7689.5,7687.0,7689.25,4258
2026-08-25 12:25:00-04:00,7689.25,7691.5,7688.5,7690.75,8633
2026-08-25 12:30:00-04:00,7690.5,7691.75,7689.75,7690.5,5445
2026-08-25 12:35:00-04:00,7690.75,7692.75,7689.0,7692.25,5499
2026-08-25 12:40:00-04:00,7692.0,7692.25,7688.0,7688.75,5586
2026-08-25 12:45:00-04:00,7688.75,7690.75,7687.0,7689.5,7546
2026-08-25 12:50:00-04:00,7689.5,7689.5,7686.25,7687.25,5007
2026-08-25 12:55:00-04:00,7687.0,7692.0,7687.0,7690.75,7590
2026-08-25 13:00:00-04:00,7690.75,7691.5,7686.5,7686.5,7711
2026-08-25 13:05:00-04:00,7686.5,7687.25,7682.25,7684.25,9465
2026-08-25 13:10:00-04:00,7684.0,7686.5,7682.75,7686.0,6470
2026-08-25 13:15:00-04:00,7686.0,7687.5,7684.75,7687.5,4748
2026-08-25 13:20:00-04:00,7687.25,7687.5,7683.25,7683.5,4880
2026-08-25 13:25:00-04:00,7683.25,7683.25,7679.25,7681.25,10094
2026-08-25 13:30:00-04:00,7681.0,7682.75,7680.25,7681.25,6065
2026-08-25 13:35:00-04:00,7681.25,7683.25,7680.5,7682.25,4978
2026-08-25 13:40:00-04:00,7682.25,7683.5,7681.25,7681.5,3712
2026-08-25 13:45:00-04:00,7681.5,7683.5,7681.5,7682.25,3705
2026-08-25 13:50:00-04:00,7682.25,7684.5,7681.5,7684.25,3515
2026-08-25 13:55:00-04:00,7684.0,7684.75,7682.25,7683.5,3223
2026-08-25 14:00:00-04:00,7683.25,7683.5,7681.0,7681.0,5529
2026-08-25 14:05:00-04:00,7681.25,7683.25,7681.0,7682.25,3823
2026-08-25 14:10:00-04:00,7682.25,7683.75,7680.75,7680.75,3490
2026-08-25 14:15:00-04:00,7681.0,7681.75,7680.0,7681.5,3148
2026-08-25 14:20:00-04:00,7681.25,7683.0,7681.25,7682.0,3599
2026-08-25 14:25:00-04:00,7682.0,7683.0,7681.0,7682.75,3096
2026-08-25 14:30:00-04:00,7682.75,7687.25,7682.75,7686.5,8431
2026-08-25 14:35:00-04:00,7686.75,7687.0,7685.5,7686.0,5073
2026-08-25 14:40:00-04:00,7685.75,7689.0,7685.75,7688.75,5496
2026-08-25 14:45:00-04:00,7688.75,7692.0,7688.75,7691.0,10182
2026-08-25 14:50:00-04:00,7691.25,7691.5,7689.25,7690.0,5396
2026-08-25 14:55:00-04:00,7690.0,7691.0,7688.25,7689.5,4082
2026-08-25 15:00:00-04:00,7689.5,7691.5,7687.25,7687.75,7037
2026-08-25 15:05:00-04:00,7687.5,7688.25,7686.0,7686.75,4357
2026-08-25 15:10:00-04:00,7686.5,7686.75,7683.75,7684.25,6927
2026-08-25 15:15:00-04:00,7684.0,7684.75,7682.25,7683.0,8159
2026-08-25 15:20:00-04:00,7682.75,7683.75,7681.75,7683.5,6785
2026-08-25 15:25:00-04:00,7683.75,7685.0,7683.0,7684.5,4510
2026-08-25 15:30:00-04:00,7684.5,7685.5,7683.0,7684.0,5820
2026-08-25 15:35:00-04:00,7684.0,7686.5,7683.5,7685.25,6747
2026-08-25 15:40:00-04:00,7685.25,7689.25,7685.25,7686.5,9697
2026-08-25 15:45:00-04:00,7686.5,7688.25,7685.5,7687.5,8578
2026-08-25 15:50:00-04:00,7687.5,7694.5,7685.0,7694.0,20848
2026-08-25 15:55:00-04:00,7694.25,7695.0,7689.5,7691.25,60994
2026-08-25 16:00:00-04:00,7691.0,7693.5,7689.0,7691.0,18248
2026-08-25 16:05:00-04:00,7691.0,7693.25,7690.25,7692.5,3060
2026-08-25 16:10:00-04:00,7692.25,7693.25,7691.25,7692.0,3500
2026-08-25 16:15:00-04:00,7692.0,7692.75,7691.25,7692.5,2802
2026-08-25 16:20:00-04:00,7692.25,7696.0,7692.25,7695.0,2716
2026-08-25 16:25:00-04:00,7695.25,7695.75,7694.0,7694.25,1921
2026-08-25 16:30:00-04:00,7694.25,7695.5,7694.25,7694.75,1291
2026-08-25 16:35:00-04:00,7694.75,7694.75,7692.75,7692.75,575
2026-08-25 16:40:00-04:00,7693.0,7693.25,7691.5,7691.75,908
2026-08-25 16:45:00-04:00,7691.5,7692.0,7690.0,7690.25,1465
2026-08-25 16:50:00-04:00,7690.0,7691.25,7689.75,7691.0,1495
2026-08-25 16:55:00-04:00,7691.0,7691.5,7690.5,7690.75,1062
2026-08-25 18:00:00-04:00,7691.5,7694.0,7690.5,7692.5,0
2026-08-25 18:05:00-04:00,7692.5,7693.5,7691.25,7692.5,478
2026-08-25 18:10:00-04:00,7692.5,7692.75,7691.5,7691.75,252
2026-08-25 18:15:00-04:00,7691.75,7692.0,7691.5,7691.5,143
2026-08-25 18:20:00-04:00,7691.5,7692.25,7690.5,7692.0,337
2026-08-25 18:25:00-04:00,7692.0,7693.0,7691.75,7692.75,306
2026-08-25 18:30:00-04:00,7693.0,7693.25,7692.75,7693.0,135
2026-08-25 18:35:00-04:00,7693.25,7693.25,7692.25,7692.5,187
2026-08-25 18:40:00-04:00,7692.25,7692.75,7691.75,7692.75,216
2026-08-25 18:45:00-04:00,7692.75,7692.75,7692.0,7692.0,125
2026-08-25 18:50:00-04:00,7692.25,7692.25,7691.75,7692.0,77
2026-08-25 18:55:00-04:00,7692.25,7692.75,7691.75,7692.25,175
2026-08-25 19:00:00-04:00,7692.0,7692.5,7692.0,7692.25,66
2026-08-25 19:05:00-04:00,7692.25,7692.5,7691.25,7691.75,263
2026-08-25 19:10:00-04:00,7691.75,7691.75,7691.25,7691.5,87
2026-08-25 19:15:00-04:00,7691.5,7691.5,7691.0,7691.25,106
2026-08-25 19:20:00-04:00,7691.25,7691.25,7689.0,7689.5,329
2026-08-25 19:25:00-04:00,7689.25,7689.5,7687.5,7687.5,308
2026-08-25 19:30:00-04:00,7687.5,7688.0,7685.75,7686.25,627
2026-08-25 19:35:00-04:00,7686.25,7686.75,7685.5,7685.75,260
2026-08-25 19:40:00-04:00,7686.0,7686.0,7684.25,7684.75,488
2026-08-25 19:45:00-04:00,7684.75,7684.75,7682.25,7682.25,681
2026-08-25 19:50:00-04:00,7682.5,7683.0,7680.5,7682.75,1018
2026-08-25 19:55:00-04:00,7682.75,7683.5,7682.0,7682.0,350
2026-08-25 20:00:00-04:00,7681.75,7683.75,7679.5,7682.5,1968
2026-08-25 20:05:00-04:00,7682.5,7683.5,7680.5,7683.5,619
2026-08-25 20:10:00-04:00,7683.5,7684.25,7681.25,7681.25,572
2026-08-25 20:15:00-04:00,7681.5,7686.0,7681.25,7684.25,724
2026-08-25 20:20:00-04:00,7684.25,7684.5,7682.25,7682.75,545
2026-08-25 20:25:00-04:00,7682.75,7683.0,7679.25,7680.75,1949
2026-08-25 20:30:00-04:00,7680.75,7681.25,7678.5,7678.75,873
2026-08-25 20:35:00-04:00,7679.0,7679.25,7676.75,7677.5,1331
2026-08-25 20:40:00-04:00,7677.5,7678.25,7676.25,7677.75,1068
2026-08-25 20:45:00-04:00,7677.5,7679.25,7677.25,7678.0,723
2026-08-25 20:50:00-04:00,7678.0,7678.25,7676.0,7676.5,1022
2026-08-25 20:55:00-04:00,7676.25,7676.5,7673.5,7674.0,997
2026-08-25 21:00:00-04:00,7674.25,7677.25,7673.75,7677.0,1047
2026-08-25 21:05:00-04:00,7677.25,7677.75,7676.0,7676.75,910
2026-08-25 21:10:00-04:00,7676.75,7678.0,7676.25,7676.5,693
2026-08-25 21:15:00-04:00,7676.5,7677.25,7674.0,7674.5,816
2026-08-25 21:20:00-04:00,7674.5,7675.75,7673.25,7673.75,890
2026-08-25 21:25:00-04:00,7673.75,7674.0,7672.75,7673.25,780
2026-08-25 21:30:00-04:00,7673.5,7674.0,7670.75,7671.75,1524
2026-08-25 21:35:00-04:00,7671.75,7674.75,7671.0,7674.5,712
2026-08-25 21:40:00-04:00,7674.25,7674.5,7672.5,7673.25,611
2026-08-25 21:45:00-04:00,7673.25,7673.5,7671.75,7672.5,572
2026-08-25 21:50:00-04:00,7672.5,7673.25,7672.0,7673.0,674
2026-08-25 21:55:00-04:00,7673.0,7674.25,7673.0,7674.25,569
2026-08-25 22:00:00-04:00,7674.5,7676.0,7673.75,7675.0,895
2026-08-25 22:05:00-04:00,7675.0,7675.25,7672.25,7673.0,649
2026-08-25 22:10:00-04:00,7673.0,7675.25,7673.0,7675.0,682
2026-08-25 22:15:00-04:00,7675.0,7676.75,7674.75,7676.25,801
2026-08-25 22:20:00-04:00,7676.25,7678.5,7676.25,7677.5,733
2026-08-25 22:25:00-04:00,7677.75,7679.0,7677.75,7678.5,415
2026-08-25 22:30:00-04:00,7678.25,7680.75,7678.25,7680.25,828
2026-08-25 22:35:00-04:00,7680.5,7681.75,7679.0,7681.5,599
2026-08-25 22:40:00-04:00,7681.25,7685.0,7681.25,7684.75,941
2026-08-25 22:45:00-04:00,7684.75,7687.0,7684.0,7686.5,988
2026-08-25 22:50:00-04:00,7686.5,7687.0,7685.5,7685.5,605
2026-08-25 22:55:00-04:00,7685.5,7686.5,7685.5,7685.75,432
2026-08-25 23:00:00-04:00,7686.0,7686.5,7684.75,7686.0,638
2026-08-25 23:05:00-04:00,7686.0,7686.0,7685.25,7685.5,813
2026-08-25 23:10:00-04:00,7685.5,7688.25,7685.5,7688.0,920
2026-08-25 23:15:00-04:00,7688.0,7688.0,7686.25,7686.5,498
2026-08-25 23:20:00-04:00,7686.5,7687.0,7685.5,7685.75,290
2026-08-25 23:25:00-04:00,7685.75,7686.25,7685.25,7685.25,281
2026-08-25 23:30:00-04:00,7685.25,7686.75,7684.5,7686.5,530
2026-08-25 23:35:00-04:00,7686.75,7688.25,7686.75,7688.0,486
2026-08-25 23:40:00-04:00,7688.0,7688.25,7687.25,7687.5,319
2026-08-25 23:45:00-04:00,7687.75,7690.75,7687.5,7690.75,1036
2026-08-25 23:50:00-04:00,7691.0,7692.0,7690.25,7690.75,666
2026-08-25 23:55:00-04:00,7690.75,7691.25,7690.0,7690.25,448
2026-08-26 00:05:00-04:00,7689.75,7690.5,7689.75,7690.5,1007
2026-08-26 00:10:00-04:00,7690.25,7691.5,7689.25,7690.5,430
2026-08-26 00:15:00-04:00,7690.5,7690.5,7689.25,7690.25,350
2026-08-26 00:20:00-04:00,7690.5,7690.75,7689.75,7690.0,261
2026-08-26 00:25:00-04:00,7690.0,7691.0,7689.5,7689.75,322
2026-08-26 00:30:00-04:00,7690.0,7690.25,7689.0,7689.0,373
2026-08-26 00:35:00-04:00,7689.0,7689.5,7688.0,7688.0,274
2026-08-26 00:40:00-04:00,7688.0,7688.5,7687.25,7687.25,419
2026-08-26 00:45:00-04:00,7687.25,7687.25,7682.25,7683.0,943
2026-08-26 00:50:00-04:00,7682.75,7684.25,7682.5,7683.75,471
2026-08-26 00:55:00-04:00,7683.75,7684.5,7682.5,7683.25,436
2026-08-26 01:00:00-04:00,7683.25,7687.0,7683.0,7686.25,812
2026-08-26 01:05:00-04:00,7686.25,7687.5,7684.25,7687.5,522
2026-08-26 01:10:00-04:00,7687.5,7687.5,7685.5,7686.0,344
2026-08-26 01:15:00-04:00,7685.75,7686.25,7684.25,7685.25,387
2026-08-26 01:20:00-04:00,7685.25,7686.0,7684.75,7685.75,191
2026-08-26 01:25:00-04:00,7685.75,7686.25,7684.0,7686.0,226
2026-08-26 01:30:00-04:00,7686.25,7687.75,7686.0,7687.0,425
2026-08-26 01:35:00-04:00,7687.25,7687.25,7685.25,7685.75,279
2026-08-26 01:40:00-04:00,7685.75,7686.25,7685.0,7686.0,198
2026-08-26 01:45:00-04:00,7686.0,7686.0,7684.0,7684.5,411
2026-08-26 01:50:00-04:00,7684.75,7685.5,7684.0,7684.0,305
2026-08-26 01:55:00-04:00,7684.0,7685.75,7684.0,7685.0,230
2026-08-26 02:00:00-04:00,7685.0,7686.25,7681.5,7681.5,787
2026-08-26 02:05:00-04:00,7681.5,7682.25,7680.5,7682.0,667
2026-08-26 02:10:00-04:00,7682.0,7684.25,7682.0,7682.75,536
2026-08-26 02:15:00-04:00,7682.5,7682.75,7681.0,7682.75,547
2026-08-26 02:20:00-04:00,7682.75,7683.0,7681.5,7682.25,474
2026-08-26 02:25:00-04:00,7682.25,7684.0,7679.75,7682.5,1016
2026-08-26 02:30:00-04:00,7682.5,7685.0,7681.25,7685.0,654
2026-08-26 02:35:00-04:00,7685.0,7686.75,7684.75,7685.75,737
2026-08-26 02:40:00-04:00,7686.0,7688.75,7685.75,7688.75,521
2026-08-26 02:45:00-04:00,7688.5,7691.0,7688.25,7688.75,1094
2026-08-26 02:50:00-04:00,7688.75,7689.0,7685.5,7686.25,300
2026-08-26 02:55:00-04:00,7686.5,7689.0,7685.75,7688.5,390
2026-08-26 03:00:00-04:00,7688.0,7688.5,7685.5,7688.0,1265
2026-08-26 03:05:00-04:00,7688.25,7688.75,7683.25,7683.5,800
2026-08-26 03:10:00-04:00,7683.75,7687.75,7682.25,7687.5,1274
2026-08-26 03:15:00-04:00,7687.75,7688.75,7686.0,7686.5,684
2026-08-26 03:20:00-04:00,7686.5,7686.75,7683.5,7684.5,550
2026-08-26 03:25:00-04:00,7684.75,7685.25,7682.25,7683.0,1006
2026-08-26 03:30:00-04:00,7683.0,7683.75,7680.75,7682.5,770
2026-08-26 03:35:00-04:00,7682.5,7684.25,7682.0,7682.5,504
2026-08-26 03:40:00-04:00,7682.5,7683.5,7682.0,7683.5,744
2026-08-26 03:45:00-04:00,7683.25,7686.25,7682.75,7684.0,603
2026-08-26 03:50:00-04:00,7684.0,7684.75,7682.75,7684.75,457
2026-08-26 03:55:00-04:00,7684.75,7686.25,7684.0,7686.0,601
2026-08-26 04:00:00-04:00,7686.0,7689.0,7683.75,7688.25,1486
2026-08-26 04:05:00-04:00,7688.0,7689.5,7686.25,7688.75,727
2026-08-26 04:10:00-04:00,7688.75,7690.25,7684.75,7685.0,840
2026-08-26 04:15:00-04:00,7685.25,7688.25,7684.25,7684.75,580
2026-08-26 04:20:00-04:00,7684.75,7685.0,7683.0,7683.75,857
2026-08-26 04:25:00-04:00,7683.75,7689.0,7683.5,7689.0,815
2026-08-26 04:30:00-04:00,7689.0,7690.25,7686.0,7688.5,892
2026-08-26 04:35:00-04:00,7688.25,7689.5,7688.0,7689.5,352
2026-08-26 04:40:00-04:00,7689.5,7691.0,7689.25,7690.25,603
2026-08-26 04:45:00-04:00,7690.0,7690.25,7688.75,7689.25,361
2026-08-26 04:50:00-04:00,7689.25,7689.75,7687.75,7688.25,323
2026-08-26 04:55:00-04:00,7688.25,7688.5,7685.5,7688.5,596
2026-08-26 05:00:00-04:00,7688.75,7689.75,7687.0,7687.5,761
2026-08-26 05:05:00-04:00,7687.25,7687.5,7686.0,7686.0,190
2026-08-26 05:10:00-04:00,7686.0,7687.75,7686.0,7686.5,397
2026-08-26 05:15:00-04:00,7686.5,7687.0,7685.0,7685.5,529
2026-08-26 05:20:00-04:00,7685.75,7687.0,7683.75,7683.75,1389
2026-08-26 05:25:00-04:00,7683.75,7685.25,7683.0,7685.0,912
2026-08-26 05:30:00-04:00,7685.0,7687.5,7685.0,7686.25,823
2026-08-26 05:35:00-04:00,7686.5,7686.75,7685.25,7686.5,555
2026-08-26 05:40:00-04:00,7686.5,7687.25,7686.0,7686.5,395
2026-08-26 05:45:00-04:00,7686.75,7688.25,7686.5,7687.5,485
2026-08-26 05:50:00-04:00,7687.5,7688.5,7687.25,7688.0,385
2026-08-26 05:55:00-04:00,7688.25,7689.5,7688.0,7689.0,395
2026-08-26 06:00:00-04:00,7689.0,7689.25,7686.5,7686.75,625
2026-08-26 06:05:00-04:00,7687.0,7687.25,7685.75,7686.25,335
2026-08-26 06:10:00-04:00,7686.25,7686.25,7684.25,7684.5,588
2026-08-26 06:15:00-04:00,7684.5,7685.75,7684.5,7685.5,445
2026-08-26 06:20:00-04:00,7685.5,7686.25,7683.75,7686.25,549
2026-08-26 06:25:00-04:00,7686.25,7686.5,7683.75,7683.75,294
2026-08-26 06:30:00-04:00,7683.75,7687.25,7681.75,7687.25,972
2026-08-26 06:35:00-04:00,7687.5,7689.75,7687.25,7688.75,1087
2026-08-26 06:40:00-04:00,7689.0,7690.25,7687.0,7687.25,620
2026-08-26 06:45:00-04:00,7687.25,7689.0,7686.75,7688.5,412
2026-08-26 06:50:00-04:00,7688.5,7688.5,7686.0,7686.5,1277
2026-08-26 06:55:00-04:00,7686.25,7687.5,7686.25,7687.0,782
2026-08-26 07:00:00-04:00,7687.25,7690.75,7686.75,7689.75,1275
2026-08-26 07:05:00-04:00,7689.5,7689.5,7687.0,7687.5,607
2026-08-26 07:10:00-04:00,7687.5,7690.25,7687.5,7690.0,343
2026-08-26 07:15:00-04:00,7690.25,7694.75,7689.75,7691.0,2371
2026-08-26 07:20:00-04:00,7691.0,7691.25,7689.25,7689.25,435
2026-08-26 07:25:00-04:00,7689.25,7690.0,7688.0,7690.0,742
2026-08-26 07:30:00-04:00,7690.0,7691.75,7689.25,7689.75,781
2026-08-26 07:35:00-04:00,7689.5,7689.75,7684.0,7684.75,1613
2026-08-26 07:40:00-04:00,7684.75,7686.5,7683.75,7686.0,1185
2026-08-26 07:45:00-04:00,7686.25,7686.5,7683.0,7683.25,1465
2026-08-26 07:50:00-04:00,7683.25,7688.0,7683.25,7686.75,1472
2026-08-26 07:55:00-04:00,7686.75,7688.25,7686.25,7687.5,1242
2026-08-26 08:00:00-04:00,7687.5,7688.25,7685.5,7687.25,2087
2026-08-26 08:05:00-04:00,7687.25,7688.0,7685.25,7686.25,953
2026-08-26 08:10:00-04:00,7686.25,7688.0,7685.5,7687.75,1226
2026-08-26 08:15:00-04:00,7687.75,7688.0,7685.0,7687.75,1022
2026-08-26 08:20:00-04:00,7687.5,7691.5,7687.25,7691.0,1963
2026-08-26 08:25:00-04:00,7691.25,7698.5,7691.0,7696.0,3005
2026-08-26 08:30:00-04:00,7696.0,7696.75,7682.0,7684.0,7714
2026-08-26 08:35:00-04:00,7684.0,7684.5,7679.75,7681.5,4131
2026-08-26 08:40:00-04:00,7681.5,7684.25,7680.5,7681.0,2913
2026-08-26 08:45:00-04:00,7680.75,7683.5,7679.25,7683.25,2622
2026-08-26 08:50:00-04:00,7683.25,7684.25,7676.5,7679.25,5119
2026-08-26 08:55:00-04:00,7679.25,7682.25,7677.25,7679.25,5616
2026-08-26 09:00:00-04:00,7679.5,7682.25,7678.5,7680.75,2921
2026-08-26 09:05:00-04:00,7681.0,7682.25,7677.5,7678.0,3108
2026-08-26 09:10:00-04:00,7678.25,7682.0,7676.75,7682.0,2212
2026-08-26 09:15:00-04:00,7682.0,7682.0,7679.25,7681.0,2889
2026-08-26 09:20:00-04:00,7681.0,7681.25,7679.5,7680.25,1411
2026-08-26 09:25:00-04:00,7680.25,7682.25,7678.25,7678.5,5094
2026-08-26 09:30:00-04:00,7678.75,7690.75,7678.75,7689.0,29877
2026-08-26 09:35:00-04:00,7689.25,7690.5,7680.25,7688.0,21528
2026-08-26 09:40:00-04:00,7688.0,7698.5,7686.75,7695.25,21888
2026-08-26 09:45:00-04:00,7695.5,7699.5,7691.5,7691.5,16483
2026-08-26 09:50:00-04:00,7691.25,7698.75,7688.5,7698.75,13906
2026-08-26 09:55:00-04:00,7698.5,7701.75,7696.75,7701.25,12812
2026-08-26 10:00:00-04:00,7701.25,7702.5,7698.25,7700.75,12513
2026-08-26 10:05:00-04:00,7701.0,7701.75,7697.0,7698.5,10686
2026-08-26 10:10:00-04:00,7698.5,7698.75,7693.0,7694.0,13719
2026-08-26 10:15:00-04:00,7694.0,7695.75,7691.75,7691.75,12828
2026-08-26 10:20:00-04:00,7691.75,7692.75,7686.0,7686.5,15068
2026-08-26 10:25:00-04:00,7686.25,7687.25,7680.5,7682.75,22338
2026-08-26 10:30:00-04:00,7682.75,7685.25,7681.25,7683.5,12596
2026-08-26 10:35:00-04:00,7683.5,7688.25,7682.0,7684.25,11185
2026-08-26 10:40:00-04:00,7684.25,7687.5,7683.5,7685.75,8159
2026-08-26 10:45:00-04:00,7686.0,7687.75,7682.75,7687.5,9369
2026-08-26 10:50:00-04:00,7687.75,7691.5,7687.25,7688.25,10586
2026-08-26 10:55:00-04:00,7688.5,7691.25,7687.25,7690.75,6973
2026-08-26 11:00:00-04:00,7690.5,7696.75,7690.5,7694.0,13109
2026-08-26 11:05:00-04:00,7694.25,7697.0,7693.75,7695.75,8837
2026-08-26 11:10:00-04:00,7695.75,7696.75,7693.0,7695.0,9608
2026-08-26 11:15:00-04:00,7694.75,7694.75,7687.75,7689.75,11560
2026-08-26 11:20:00-04:00,7689.75,7692.5,7689.25,7689.75,8128
2026-08-26 11:25:00-04:00,7689.75,7692.75,7689.25,7690.5,6888
2026-08-26 11:30:00-04:00,7690.75,7691.25,7683.0,7684.5,11658
2026-08-26 11:35:00-04:00,7684.5,7687.75,7684.25,7686.75,8689
2026-08-26 11:40:00-04:00,7687.0,7693.5,7686.25,7693.0,8377
2026-08-26 11:45:00-04:00,7692.75,7695.0,7691.75,7694.75,7731
2026-08-26 11:50:00-04:00,7694.75,7695.5,7685.25,7686.25,22187
2026-08-26 11:55:00-04:00,7686.25,7690.0,7685.0,7685.25,8663
2026-08-26 12:00:00-04:00,7685.5,7685.75,7681.0,7684.0,14208
2026-08-26 12:05:00-04:00,7683.75,7686.5,7682.25,7683.5,8318
2026-08-26 12:10:00-04:00,7683.5,7685.0,7681.75,7682.5,7100
2026-08-26 12:15:00-04:00,7682.5,7683.25,7680.25,7682.0,6444
2026-08-26 12:20:00-04:00,7681.75,7683.25,7680.5,7681.5,5671
2026-08-26 12:25:00-04:00,7681.5,7682.0,7679.25,7679.75,5271
2026-08-26 12:30:00-04:00,7679.75,7682.0,7679.5,7680.5,5733
2026-08-26 12:35:00-04:00,7680.25,7681.0,7673.25,7673.5,9444
2026-08-26 12:40:00-04:00,7673.5,7676.0,7671.0,7672.0,9557
2026-08-26 12:45:00-04:00,7672.0,7675.75,7671.25,7673.0,8896
2026-08-26 12:50:00-04:00,7672.75,7675.25,7672.5,7673.75,5470
2026-08-26 12:55:00-04:00,7673.75,7680.0,7673.75,7679.25,12493
2026-08-26 13:00:00-04:00,7679.25,7681.75,7677.75,7680.75,9319
2026-08-26 13:05:00-04:00,7680.75,7683.5,7679.0,7682.75,7144
2026-08-26 13:10:00-04:00,7682.5,7683.75,7681.75,7683.75,5415
2026-08-26 13:15:00-04:00,7683.75,7687.25,7683.75,7685.25,12307
2026-08-26 13:20:00-04:00,7685.25,7689.0,7685.25,7689.0,6606
2026-08-26 13:25:00-04:00,7688.75,7689.5,7686.5,7688.5,6357
2026-08-26 13:30:00-04:00,7688.75,7690.25,7687.75,7689.75,9756
2026-08-26 13:35:00-04:00,7689.75,7690.75,7688.0,7688.0,5725
2026-08-26 13:40:00-04:00,7688.25,7689.75,7687.0,7689.0,5489
2026-08-26 13:45:00-04:00,7689.0,7689.25,7686.5,7687.0,4645
2026-08-26 13:50:00-04:00,7686.75,7690.0,7686.5,7689.75,4759
2026-08-26 13:55:00-04:00,7690.0,7691.0,7688.5,7688.75,5460
2026-08-26 14:00:00-04:00,7688.75,7689.0,7687.25,7687.5,4178
2026-08-26 14:05:00-04:00,7687.5,7690.75,7687.25,7689.75,4521
2026-08-26 14:10:00-04:00,7690.0,7690.0,7685.75,7686.5,5021
2026-08-26 14:15:00-04:00,7686.25,7689.75,7685.5,7689.5,5930
2026-08-26 14:20:00-04:00,7689.5,7692.0,7687.5,7687.75,6889
2026-08-26 14:25:00-04:00,7687.75,7689.5,7687.0,7688.25,4609
2026-08-26 14:30:00-04:00,7688.25,7691.0,7687.25,7689.75,5302
2026-08-26 14:35:00-04:00,7689.75,7690.25,7688.25,7689.5,4246
2026-08-26 14:40:00-04:00,7689.5,7690.75,7688.5,7690.75,3577
2026-08-26 14:45:00-04:00,7690.75,7696.5,7690.5,7695.25,13236
2026-08-26 14:50:00-04:00,7695.25,7698.0,7694.0,7696.75,7734
2026-08-26 14:55:00-04:00,7696.75,7698.5,7695.5,7697.25,7166
2026-08-26 15:00:00-04:00,7697.25,7705.5,7696.75,7705.0,14483
2026-08-26 15:05:00-04:00,7704.75,7705.0,7700.75,7701.5,7188
2026-08-26 15:10:00-04:00,7701.5,7703.25,7701.0,7702.0,6845
2026-08-26 15:15:00-04:00,7702.0,7704.75,7701.75,7704.0,5910
2026-08-26 15:20:00-04:00,7704.0,7704.25,7700.25,7702.75,6305
2026-08-26 15:25:00-04:00,7702.75,7704.0,7700.75,7701.5,5232
2026-08-26 15:30:00-04:00,7701.5,7701.5,7700.0,7701.25,6987
2026-08-26 15:35:00-04:00,7701.0,7701.25,7698.25,7699.25,7043
2026-08-26 15:40:00-04:00,7699.25,7701.25,7698.25,7699.25,9690
2026-08-26 15:45:00-04:00,7699.25,7703.5,7698.75,7703.5,9208
2026-08-26 15:50:00-04:00,7703.5,7704.5,7692.25,7694.25,19037
2026-08-26 15:55:00-04:00,7694.0,7696.75,7687.0,7692.25,66762
2026-08-26 16:00:00-04:00,7692.0,7703.25,7690.25,7700.25,19100
2026-08-26 16:05:00-04:00,7700.5,7703.25,7699.5,7701.75,4469
2026-08-26 16:10:00-04:00,7701.75,7704.0,7700.75,7702.75,2452
2026-08-26 16:15:00-04:00,7703.0,7707.0,7701.25,7706.5,3446
2026-08-26 16:20:00-04:00,7706.25,7706.5,7690.25,7698.0,11716
2026-08-26 16:25:00-04:00,7698.0,7701.5,7694.5,7697.5,3773
2026-08-26 16:30:00-04:00,7697.25,7697.75,7692.75,7694.25,2458
2026-08-26 16:35:00-04:00,7694.5,7698.75,7694.5,7697.0,1583
2026-08-26 16:40:00-04:00,7696.75,7699.0,7695.75,7696.75,1445
2026-08-26 16:45:00-04:00,7696.75,7702.25,7696.0,7702.25,2036
2026-08-26 16:50:00-04:00,7702.25,7705.0,7701.5,7704.25,2829
2026-08-26 16:55:00-04:00,7704.0,7710.25,7703.75,7710.0,3134
2026-08-26 18:00:00-04:00,7722.0,7735.0,7721.25,7734.75,0
2026-08-26 18:05:00-04:00,7734.5,7735.0,7729.75,7730.75,1775
2026-08-26 18:10:00-04:00,7730.75,7733.75,7729.75,7733.25,1808
2026-08-26 18:15:00-04:00,7733.25,7738.25,7731.25,7736.0,1474
2026-08-26 18:20:00-04:00,7736.0,7738.5,7734.5,7736.75,978
2026-08-26 18:25:00-04:00,7737.0,7738.5,7736.25,7738.0,513
2026-08-26 18:30:00-04:00,7738.0,7739.0,7737.25,7739.0,1754
2026-08-26 18:35:00-04:00,7739.0,7741.25,7738.25,7738.25,1610
2026-08-26 18:40:00-04:00,7738.25,7741.25,7738.25,7741.0,630
2026-08-26 18:45:00-04:00,7741.25,7741.25,7738.25,7738.5,711
2026-08-26 18:50:00-04:00,7738.5,7739.5,7736.0,7736.25,1047
2026-08-26 18:55:00-04:00,7736.5,7736.75,7735.75,7736.25,433
2026-08-26 19:00:00-04:00,7736.0,7737.0,7735.5,7735.75,675
2026-08-26 19:05:00-04:00,7735.75,7736.25,7734.25,7735.0,636
2026-08-26 19:10:00-04:00,7735.0,7735.5,7734.25,7735.0,402
2026-08-26 19:15:00-04:00,7735.25,7735.25,7733.25,7734.0,522
2026-08-26 19:20:00-04:00,7733.75,7735.5,7733.75,7735.0,316
2026-08-26 19:25:00-04:00,7735.0,7736.0,7733.25,7734.0,504
2026-08-26 19:30:00-04:00,7734.5,7735.5,7733.5,7734.25,360
2026-08-26 19:35:00-04:00,7734.5,7735.5,7734.25,7734.75,267
2026-08-26 19:40:00-04:00,7734.5,7735.0,7734.0,7734.0,363
2026-08-26 19:45:00-04:00,7734.0,7736.75,7733.75,7736.0,940
2026-08-26 19:50:00-04:00,7736.0,7736.25,7734.5,7734.75,592
2026-08-26 19:55:00-04:00,7735.0,7739.25,7735.0,7738.5,1208
2026-08-26 20:00:00-04:00,7738.75,7739.25,7733.5,7733.75,1719
2026-08-26 20:05:00-04:00,7733.75,7736.5,7733.5,7734.0,1313
2026-08-26 20:10:00-04:00,7734.25,7734.25,7731.0,7732.0,1188
2026-08-26 20:15:00-04:00,7732.0,7732.25,7729.25,7730.25,1693
2026-08-26 20:20:00-04:00,7730.25,7732.5,7730.0,7732.5,904
2026-08-26 20:25:00-04:00,7732.5,7732.5,7730.25,7732.0,441
2026-08-26 20:30:00-04:00,7732.25,7732.25,7728.0,7728.25,1445
2026-08-26 20:35:00-04:00,7728.5,7728.5,7724.75,7725.75,1633
2026-08-26 20:40:00-04:00,7725.75,7725.75,7720.5,7721.0,1853
2026-08-26 20:45:00-04:00,7720.75,7721.5,7716.0,7716.75,2722
2026-08-26 20:50:00-04:00,7716.75,7717.25,7714.5,7716.5,1957
2026-08-26 20:55:00-04:00,7716.0,7717.25,7715.0,7716.5,959
2026-08-26 21:00:00-04:00,7716.25,7718.5,7714.5,7717.5,2003
2026-08-26 21:05:00-04:00,7717.75,7721.0,7717.25,7720.25,977
2026-08-26 21:10:00-04:00,7720.25,7721.0,7717.0,7717.75,906
2026-08-26 21:15:00-04:00,7717.5,7720.0,7717.25,7720.0,530
2026-08-26 21:20:00-04:00,7720.0,7722.5,7719.5,7722.25,916
2026-08-26 21:25:00-04:00,7722.0,7723.5,7721.75,7723.0,619
2026-08-26 21:30:00-04:00,7723.0,7725.0,7722.5,7724.25,875
2026-08-26 21:35:00-04:00,7724.5,7726.25,7724.0,7725.75,926
2026-08-26 21:40:00-04:00,7725.75,7725.75,7719.75,7720.0,1502
2026-08-26 21:45:00-04:00,7720.0,7725.75,7720.0,7725.5,1070
2026-08-26 21:50:00-04:00,7725.25,7726.75,7724.5,7726.5,689
2026-08-26 21:55:00-04:00,7726.75,7726.75,7724.25,7724.5,730
2026-08-26 22:00:00-04:00,7724.5,7726.25,7724.0,7726.0,491
2026-08-26 22:05:00-04:00,7725.75,7726.75,7724.0,7726.75,538
2026-08-26 22:10:00-04:00,7727.0,7727.75,7726.5,7727.0,479
2026-08-26 22:15:00-04:00,7727.0,7727.0,7725.5,7726.25,210
2026-08-26 22:20:00-04:00,7726.0,7726.75,7725.25,7726.25,300
2026-08-26 22:25:00-04:00,7726.25,7727.5,7725.25,7726.5,398
2026-08-26 22:30:00-04:00,7726.5,7728.25,7726.0,7728.0,368
2026-08-26 22:35:00-04:00,7728.0,7728.5,7727.0,7728.25,440
2026-08-26 22:40:00-04:00,7728.25,7728.75,7726.25,7727.5,1030
2026-08-26 22:45:00-04:00,7727.5,7728.25,7727.25,7727.5,608
2026-08-26 22:50:00-04:00,7727.5,7729.75,7727.5,7728.5,610
2026-08-26 22:55:00-04:00,7728.75,7729.0,7728.0,7728.0,275
2026-08-26 23:00:00-04:00,7728.0,7729.0,7727.25,7728.0,432
2026-08-26 23:05:00-04:00,7728.0,7728.25,7726.25,7726.5,301
2026-08-26 23:10:00-04:00,7726.5,7727.25,7725.75,7727.0,352
2026-08-26 23:15:00-04:00,7727.25,7728.75,7727.0,7728.75,344
2026-08-26 23:20:00-04:00,7728.5,7730.5,7728.0,7730.5,692
2026-08-26 23:25:00-04:00,7730.5,7730.75,7729.75,7729.75,366
2026-08-26 23:30:00-04:00,7729.75,7730.5,7728.5,7729.75,506
2026-08-26 23:35:00-04:00,7729.75,7730.0,7728.5,7728.75,282
2026-08-26 23:40:00-04:00,7728.75,7729.25,7727.75,7727.75,426
2026-08-26 23:45:00-04:00,7727.75,7728.75,7727.0,7727.5,313
2026-08-26 23:50:00-04:00,7727.5,7728.5,7725.5,7726.0,468
2026-08-26 23:55:00-04:00,7726.25,7727.25,7725.75,7725.75,290
2026-08-27 00:05:00-04:00,7725.75,7726.5,7725.5,7726.5,635
2026-08-27 00:10:00-04:00,7726.25,7726.5,7725.5,7726.25,224
2026-08-27 00:15:00-04:00,7726.25,7727.5,7725.75,7726.75,314
2026-08-27 00:20:00-04:00,7726.5,7727.25,7725.25,7726.5,307
2026-08-27 00:25:00-04:00,7726.5,7727.0,7724.0,7724.0,239
2026-08-27 00:30:00-04:00,7724.25,7724.5,7722.25,7722.5,351
2026-08-27 00:35:00-04:00,7722.5,7723.0,7720.5,7720.5,338
2026-08-27 00:40:00-04:00,7720.25,7721.75,7719.5,7720.75,509
2026-08-27 00:45:00-04:00,7720.75,7722.5,7719.75,7720.75,348
2026-08-27 00:50:00-04:00,7721.0,7721.25,7719.0,7719.5,290
2026-08-27 00:55:00-04:00,7719.5,7720.0,7719.25,7719.75,215
2026-08-27 01:00:00-04:00,7720.0,7720.75,7716.25,7717.0,827
2026-08-27 01:05:00-04:00,7716.75,7717.5,7715.5,7715.5,643
2026-08-27 01:10:00-04:00,7715.5,7717.25,7715.25,7717.0,627
2026-08-27 01:15:00-04:00,7716.75,7716.75,7712.25,7712.5,911
2026-08-27 01:20:00-04:00,7712.75,7715.75,7712.75,7715.5,504
2026-08-27 01:25:00-04:00,7715.75,7716.0,7713.25,7714.0,482
2026-08-27 01:30:00-04:00,7714.25,7714.25,7712.0,7712.75,428
2026-08-27 01:35:00-04:00,7712.75,7714.25,7711.5,7713.75,594
2026-08-27 01:40:00-04:00,7713.75,7714.75,7710.0,7710.5,944
2026-08-27 01:45:00-04:00,7710.5,7712.75,7710.25,7712.25,664
2026-08-27 01:50:00-04:00,7712.5,7713.25,7710.75,7711.75,591
2026-08-27 01:55:00-04:00,7711.5,7712.25,7710.25,7712.0,728
2026-08-27 02:00:00-04:00,7712.25,7712.25,7709.75,7709.75,1209
2026-08-27 02:05:00-04:00,7709.75,7711.0,7707.5,7707.75,1446
2026-08-27 02:10:00-04:00,7707.75,7711.5,7707.0,7710.75,2019
2026-08-27 02:15:00-04:00,7710.75,7713.0,7710.5,7712.75,1072
2026-08-27 02:20:00-04:00,7713.0,7713.25,7711.75,7712.5,497
2026-08-27 02:25:00-04:00,7712.5,7713.25,7711.5,7712.75,982
2026-08-27 02:30:00-04:00,7712.5,7714.25,7712.5,7714.0,926
2026-08-27 02:35:00-04:00,7714.0,7715.0,7713.0,7714.25,708
2026-08-27 02:40:00-04:00,7714.25,7716.5,7714.25,7716.25,863
2026-08-27 02:45:00-04:00,7716.0,7717.25,7715.5,7715.5,675
2026-08-27 02:50:00-04:00,7715.5,7716.25,7714.75,7715.5,376
2026-08-27 02:55:00-04:00,7715.75,7718.0,7715.5,7718.0,787
2026-08-27 03:00:00-04:00,7718.0,7718.0,7713.5,7716.75,1842
2026-08-27 03:05:00-04:00,7717.0,7719.75,7716.75,7719.25,1318
2026-08-27 03:10:00-04:00,7719.25,7720.75,7718.0,7720.75,989
2026-08-27 03:15:00-04:00,7720.75,7721.25,7718.75,7720.5,1324
2026-08-27 03:20:00-04:00,7720.5,7720.75,7718.5,7718.5,795
2026-08-27 03:25:00-04:00,7718.5,7721.25,7718.0,7721.25,712
2026-08-27 03:30:00-04:00,7721.25,7722.0,7719.5,7720.75,847
2026-08-27 03:35:00-04:00,7720.75,7721.5,7716.5,7717.0,1040
2026-08-27 03:40:00-04:00,7717.0,7717.75,7716.0,7717.0,802
2026-08-27 03:45:00-04:00,7717.0,7719.0,7716.75,7717.75,620
2026-08-27 03:50:00-04:00,7718.0,7720.75,7717.75,7720.25,649
2026-08-27 03:55:00-04:00,7720.25,7722.0,7720.25,7720.5,730
2026-08-27 04:00:00-04:00,7720.75,7726.0,7720.5,7726.0,1581
2026-08-27 04:05:00-04:00,7726.0,7729.75,7725.75,7729.5,1863
2026-08-27 04:10:00-04:00,7729.25,7732.75,7728.75,7731.75,1855
2026-08-27 04:15:00-04:00,7731.75,7732.0,7727.0,7728.5,1703
2026-08-27 04:20:00-04:00,7728.25,7730.0,7726.75,7729.75,1385
2026-08-27 04:25:00-04:00,7730.0,7734.5,7729.0,7734.25,1769
2026-08-27 04:30:00-04:00,7734.25,7734.25,7730.25,7730.25,1390
2026-08-27 04:35:00-04:00,7730.25,7731.0,7729.25,7729.75,1076
2026-08-27 04:40:00-04:00,7729.75,7731.25,7728.5,7730.0,1043
2026-08-27 04:45:00-04:00,7730.0,7733.5,7730.0,7732.5,884
2026-08-27 04:50:00-04:00,7732.5,7734.0,7728.5,7728.75,1065
2026-08-27 04:55:00-04:00,7728.75,7729.75,7727.5,7728.0,1107
2026-08-27 05:00:00-04:00,7728.25,7728.75,7721.75,7722.25,3038
2026-08-27 05:05:00-04:00,7722.25,7725.25,7721.0,7725.0,1451
2026-08-27 05:10:00-04:00,7725.0,7725.25,7721.0,7721.0,807
2026-08-27 05:15:00-04:00,7721.0,7722.0,7718.75,7721.5,1255
2026-08-27 05:20:00-04:00,7721.75,7725.5,7721.25,7725.5,1089
2026-08-27 05:25:00-04:00,7725.5,7726.0,7723.75,7724.75,1191
2026-08-27 05:30:00-04:00,7724.75,7728.5,7724.75,7728.0,1831
2026-08-27 05:35:00-04:00,7728.0,7728.0,7726.5,7727.0,870
2026-08-27 05:40:00-04:00,7727.0,7728.0,7725.75,7726.75,642
2026-08-27 05:45:00-04:00,7726.75,7728.5,7726.25,7726.5,617
2026-08-27 05:50:00-04:00,7726.75,7728.25,7725.0,7727.0,745
2026-08-27 05:55:00-04:00,7727.25,7727.25,7723.75,7724.25,840
2026-08-27 06:00:00-04:00,7724.25,7724.25,7720.5,7722.25,1200
2026-08-27 06:05:00-04:00,7722.5,7723.75,7722.0,7722.5,772
2026-08-27 06:10:00-04:00,7722.5,7724.0,7721.25,7722.75,607
2026-08-27 06:15:00-04:00,7723.0,7724.0,7721.75,7721.75,589
2026-08-27 06:20:00-04:00,7721.75,7722.75,7721.0,7721.25,609
2026-08-27 06:25:00-04:00,7721.25,7721.25,7719.75,7720.0,831
2026-08-27 06:30:00-04:00,7720.25,7721.0,7719.75,7720.5,661
2026-08-27 06:35:00-04:00,7720.75,7720.75,7718.25,7718.75,967
2026-08-27 06:40:00-04:00,7718.75,7723.0,7718.75,7722.5,928
2026-08-27 06:45:00-04:00,7722.75,7723.5,7721.75,7721.75,660
2026-08-27 06:50:00-04:00,7721.5,7723.5,7719.75,7723.5,978
2026-08-27 06:55:00-04:00,7723.5,7724.5,7723.0,7724.0,716
2026-08-27 07:00:00-04:00,7724.0,7725.75,7721.75,7725.75,1980
2026-08-27 07:05:00-04:00,7725.75,7727.5,7723.0,7727.25,1400
2026-08-27 07:10:00-04:00,7727.0,7729.75,7726.25,7728.25,1188
2026-08-27 07:15:00-04:00,7728.25,7729.25,7725.5,7726.0,1452
2026-08-27 07:20:00-04:00,7726.0,7727.0,7724.75,7726.0,887
2026-08-27 07:25:00-04:00,7725.75,7726.75,7722.25,7722.5,1102
2026-08-27 07:30:00-04:00,7722.5,7725.25,7719.25,7722.0,3592
2026-08-27 07:35:00-04:00,7722.0,7722.75,7717.75,7718.75,1533
2026-08-27 07:40:00-04:00,7718.75,7721.75,7718.0,7721.0,1165
2026-08-27 07:45:00-04:00,7721.0,7721.0,7715.0,7715.25,1417
2026-08-27 07:50:00-04:00,7715.5,7719.0,7715.0,7718.5,1907
2026-08-27 07:55:00-04:00,7718.5,7722.5,7718.25,7722.25,1087
2026-08-27 08:00:00-04:00,7722.0,7723.5,7721.25,7723.0,2055
2026-08-27 08:05:00-04:00,7722.75,7723.75,7721.25,7723.5,1959
2026-08-27 08:10:00-04:00,7723.75,7726.5,7723.25,7725.5,1849
2026-08-27 08:15:00-04:00,7725.5,7725.75,7723.25,7724.0,1339
2026-08-27 08:20:00-04:00,7724.0,7725.0,7722.0,7723.5,1701
2026-08-27 08:25:00-04:00,7723.5,7725.0,7722.0,7723.25,1597
2026-08-27 08:30:00-04:00,7723.25,7723.5,7718.75,7719.0,2482
2026-08-27 08:35:00-04:00,7719.25,7719.25,7714.25,7714.5,4065
2026-08-27 08:40:00-04:00,7714.5,7715.0,7711.75,7712.25,2764
2026-08-27 08:45:00-04:00,7712.25,7713.5,7711.0,7712.75,1792
2026-08-27 08:50:00-04:00,7712.75,7713.5,7711.0,7713.0,1780
2026-08-27 08:55:00-04:00,7713.0,7714.25,7711.0,7711.5,1468
2026-08-27 09:00:00-04:00,7711.5,7715.0,7710.25,7714.25,2953
2026-08-27 09:05:00-04:00,7714.25,7715.5,7711.5,7711.75,2250
2026-08-27 09:10:00-04:00,7711.75,7714.25,7711.25,7713.25,2436
2026-08-27 09:15:00-04:00,7713.25,7717.25,7712.75,7714.5,3502
2026-08-27 09:20:00-04:00,7714.75,7715.0,7712.0,7713.25,2720
2026-08-27 09:25:00-04:00,7713.25,7718.0,7713.25,7716.25,6551
2026-08-27 09:30:00-04:00,7716.25,7720.0,7703.0,7706.0,43621
2026-08-27 09:35:00-04:00,7706.0,7714.0,7702.75,7713.5,28463
2026-08-27 09:40:00-04:00,7713.5,7723.75,7710.5,7723.5,29341
2026-08-27 09:45:00-04:00,7723.5,7728.5,7708.25,7711.75,34777
2026-08-27 09:50:00-04:00,7712.0,7725.25,7712.0,7723.25,22402
2026-08-27 09:55:00-04:00,7723.25,7724.0,7707.25,7715.25,25155
2026-08-27 10:00:00-04:00,7715.25,7721.75,7713.5,7719.25,20681
2026-08-27 10:05:00-04:00,7719.25,7722.25,7712.0,7715.75,16829
2026-08-27 10:10:00-04:00,7715.75,7721.25,7715.25,7718.0,13090
2026-08-27 10:15:00-04:00,7717.75,7725.0,7717.75,7723.0,12502
2026-08-27 10:20:00-04:00,7722.75,7727.5,7722.0,7726.25,16453
2026-08-27 10:25:00-04:00,7726.25,7730.25,7724.25,7728.5,14359
2026-08-27 10:30:00-04:00,7728.5,7729.25,7721.75,7725.25,15408
2026-08-27 10:35:00-04:00,7725.5,7732.25,7725.0,7725.0,15396
2026-08-27 10:40:00-04:00,7725.0,7728.25,7724.5,7727.75,12811
2026-08-27 10:45:00-04:00,7727.5,7734.5,7725.0,7733.75,15353
2026-08-27 10:50:00-04:00,7733.75,7736.0,7730.5,7732.75,18985
2026-08-27 10:55:00-04:00,7733.0,7735.5,7728.75,7735.25,15146
2026-08-27 11:00:00-04:00,7735.5,7738.25,7733.75,7737.75,13979
2026-08-27 11:05:00-04:00,7738.0,7738.5,7734.75,7737.0,8521
2026-08-27 11:10:00-04:00,7737.0,7740.25,7736.75,7740.0,8580
2026-08-27 11:15:00-04:00,7740.0,7742.75,7739.75,7741.25,11214
2026-08-27 11:20:00-04:00,7741.5,7742.5,7739.0,7739.5,9601
2026-08-27 11:25:00-04:00,7739.75,7739.75,7733.75,7734.75,11008
2026-08-27 11:30:00-04:00,7734.75,7737.75,7732.25,7733.75,16651
2026-08-27 11:35:00-04:00,7733.5,7735.0,7729.5,7730.5,14540
2026-08-27 11:40:00-04:00,7730.5,7735.0,7727.25,7727.75,16963
2026-08-27 11:45:00-04:00,7728.0,7728.75,7725.25,7728.25,14462
2026-08-27 11:50:00-04:00,7728.0,7740.5,7728.0,7740.5,15834
2026-08-27 11:55:00-04:00,7740.25,7740.25,7736.75,7738.0,10832
2026-08-27 12:00:00-04:00,7738.0,7741.5,7737.25,7740.0,7651
2026-08-27 12:05:00-04:00,7740.25,7740.5,7736.0,7737.0,7694
2026-08-27 12:10:00-04:00,7737.0,7739.5,7736.0,7737.75,5589
2026-08-27 12:15:00-04:00,7737.5,7740.0,7736.75,7737.75,6237
2026-08-27 12:20:00-04:00,7737.75,7738.0,7735.0,7737.0,5634
2026-08-27 12:25:00-04:00,7736.75,7740.75,7735.75,7740.75,5661
2026-08-27 12:30:00-04:00,7740.5,7743.25,7739.75,7743.25,7487
2026-08-27 12:35:00-04:00,7743.25,7747.0,7742.5,7746.75,8948
2026-08-27 12:40:00-04:00,7746.75,7749.75,7746.5,7748.5,11589
2026-08-27 12:45:00-04:00,7748.5,7751.25,7748.0,7748.75,11241
2026-08-27 12:50:00-04:00,7748.75,7752.0,7747.75,7751.0,8587
2026-08-27 12:55:00-04:00,7751.0,7752.25,7749.0,7751.75,6177
2026-08-27 13:00:00-04:00,7752.0,7753.5,7751.5,7752.25,7464
2026-08-27 13:05:00-04:00,7752.5,7754.75,7749.25,7754.0,13161
2026-08-27 13:10:00-04:00,7754.0,7755.5,7752.75,7753.5,6453
2026-08-27 13:15:00-04:00,7753.75,7755.0,7752.0,7753.0,5132
2026-08-27 13:20:00-04:00,7753.0,7754.5,7752.25,7753.75,4825
2026-08-27 13:25:00-04:00,7753.5,7753.75,7748.5,7749.25,6839
2026-08-27 13:30:00-04:00,7749.25,7752.5,7748.5,7749.25,8664
2026-08-27 13:35:00-04:00,7749.25,7750.5,7748.25,7749.0,3687
2026-08-27 13:40:00-04:00,7749.0,7751.25,7747.75,7747.75,5353
2026-08-27 13:45:00-04:00,7747.75,7748.25,7744.5,7745.5,10118
2026-08-27 13:50:00-04:00,7745.75,7745.75,7743.5,7745.0,8173
2026-08-27 13:55:00-04:00,7745.25,7746.0,7742.75,7743.75,6108
2026-08-27 14:00:00-04:00,7743.75,7745.5,7736.5,7737.0,17032
2026-08-27 14:05:00-04:00,7736.75,7739.0,7735.0,7736.5,10404
2026-08-27 14:10:00-04:00,7736.25,7737.0,7730.75,7734.0,13381
2026-08-27 14:15:00-04:00,7734.25,7736.25,7732.0,7734.25,10590
2026-08-27 14:20:00-04:00,7734.0,7735.75,7731.25,7732.25,8856
2026-08-27 14:25:00-04:00,7732.25,7732.5,7723.75,7725.75,15119
2026-08-27 14:30:00-04:00,7726.0,7730.75,7725.25,7726.75,13360
2026-08-27 14:35:00-04:00,7726.75,7732.0,7726.0,7732.0,8853
2026-08-27 14:40:00-04:00,7732.0,7732.5,7729.25,7730.25,6657
2026-08-27 14:45:00-04:00,7730.0,7732.25,7726.25,7726.25,8815
2026-08-27 14:50:00-04:00,7726.5,7727.5,7724.25,7724.5,9246
2026-08-27 14:55:00-04:00,7724.75,7729.0,7722.75,7727.5,10054
2026-08-27 15:00:00-04:00,7727.5,7731.75,7726.25,7730.75,10268
2026-08-27 15:05:00-04:00,7730.75,7733.25,7728.25,7732.5,12445
2026-08-27 15:10:00-04:00,7732.5,7733.75,7730.0,7730.0,6753
2026-08-27 15:15:00-04:00,7730.25,7733.75,7730.25,7733.0,7133
2026-08-27 15:20:00-04:00,7733.0,7734.0,7731.0,7731.25,6341
2026-08-27 15:25:00-04:00,7731.5,7732.0,7729.0,7730.75,7099
2026-08-27 15:30:00-04:00,7730.5,7736.25,7729.75,7736.0,8843
2026-08-27 15:35:00-04:00,7736.0,7737.75,7735.25,7736.75,9179
2026-08-27 15:40:00-04:00,7736.75,7738.25,7735.25,7737.75,8554
2026-08-27 15:45:00-04:00,7737.75,7739.75,7737.0,7739.0,12390
2026-08-27 15:50:00-04:00,7739.0,7744.5,7735.25,7743.5,22023
2026-08-27 15:55:00-04:00,7743.25,7744.75,7740.0,7741.0,86475
2026-08-27 16:00:00-04:00,7741.25,7743.25,7738.0,7738.5,21405
2026-08-27 16:05:00-04:00,7738.5,7739.75,7735.5,7737.0,6393
2026-08-27 16:10:00-04:00,7737.0,7738.25,7735.25,7735.25,2445
2026-08-27 16:15:00-04:00,7735.25,7736.5,7735.25,7736.0,2053
2026-08-27 16:20:00-04:00,7736.0,7736.0,7732.75,7733.25,2224
2026-08-27 16:25:00-04:00,7733.0,7733.5,7731.75,7733.25,1430
2026-08-27 16:30:00-04:00,7733.5,7734.25,7733.0,7733.75,761
2026-08-27 16:35:00-04:00,7733.5,7734.0,7732.25,7733.0,781
2026-08-27 16:40:00-04:00,7733.0,7734.25,7733.0,7733.75,927
2026-08-27 16:45:00-04:00,7733.5,7734.25,7732.75,7732.75,973
2026-08-27 16:50:00-04:00,7732.5,7733.25,7731.75,7732.0,1214
2026-08-27 16:55:00-04:00,7731.75,7733.5,7731.75,7733.0,1284
2026-08-27 18:00:00-04:00,7733.75,7734.75,7727.5,7731.75,0
2026-08-27 18:05:00-04:00,7731.75,7733.0,7731.0,7732.75,230
2026-08-27 18:10:00-04:00,7732.5,7732.75,7730.5,7731.5,250
2026-08-27 18:15:00-04:00,7731.75,7733.0,7731.0,7732.75,293
2026-08-27 18:20:00-04:00,7733.0,7734.0,7732.0,7733.75,284
2026-08-27 18:25:00-04:00,7733.75,7734.0,7731.75,7733.75,243
2026-08-27 18:30:00-04:00,7733.5,7734.0,7732.0,7733.25,256
2026-08-27 18:35:00-04:00,7733.5,7734.0,7732.75,7733.0,214
2026-08-27 18:40:00-04:00,7733.0,7733.75,7732.75,7733.0,143
2026-08-27 18:45:00-04:00,7733.0,7733.0,7732.5,7732.75,84
2026-08-27 18:50:00-04:00,7733.0,7733.0,7731.5,7731.75,142
2026-08-27 18:55:00-04:00,7731.5,7733.25,7731.5,7732.25,172
2026-08-27 19:00:00-04:00,7732.25,7732.5,7731.0,7731.5,244
2026-08-27 19:05:00-04:00,7731.5,7732.5,7731.25,7732.0,194
2026-08-27 19:10:00-04:00,7731.75,7731.75,7729.5,7730.75,283
2026-08-27 19:15:00-04:00,7730.75,7730.75,7729.75,7730.25,176
2026-08-27 19:20:00-04:00,7730.0,7730.25,7730.0,7730.25,104
2026-08-27 19:25:00-04:00,7730.0,7730.5,7729.75,7729.75,176
2026-08-27 19:30:00-04:00,7730.0,7730.5,7728.75,7729.5,270
2026-08-27 19:35:00-04:00,7729.5,7730.0,7729.5,7730.0,101
2026-08-27 19:40:00-04:00,7729.75,7730.0,7729.25,7729.25,86
2026-08-27 19:45:00-04:00,7729.25,7729.5,7727.5,7727.75,786
2026-08-27 19:50:00-04:00,7727.75,7728.75,7727.25,7728.25,687
2026-08-27 19:55:00-04:00,7728.25,7728.75,7727.5,7728.75,605
2026-08-27 20:00:00-04:00,7729.0,7731.5,7728.25,7730.0,1592
2026-08-27 20:05:00-04:00,7730.25,7732.25,7728.75,7731.75,880
2026-08-27 20:10:00-04:00,7731.5,7735.5,7731.25,7735.0,876
2026-08-27 20:15:00-04:00,7735.0,7735.25,7732.0,7734.25,961
2026-08-27 20:20:00-04:00,7734.25,7734.75,7733.5,7734.25,340
2026-08-27 20:25:00-04:00,7734.25,7736.0,7734.0,7736.0,382
2026-08-27 20:30:00-04:00,7735.75,7736.0,7734.5,7735.5,334
2026-08-27 20:35:00-04:00,7735.25,7735.5,7734.0,7734.75,355
2026-08-27 20:40:00-04:00,7734.75,7736.75,7734.0,7736.25,782
2026-08-27 20:45:00-04:00,7736.25,7736.75,7735.5,7736.5,249
2026-08-27 20:50:00-04:00,7736.5,7737.5,7735.5,7735.75,347
2026-08-27 20:55:00-04:00,7735.75,7736.25,7735.5,7735.75,237
2026-08-27 21:00:00-04:00,7735.75,7737.75,7735.75,7737.5,806
2026-08-27 21:05:00-04:00,7737.5,7738.5,7737.0,7738.5,530
2026-08-27 21:10:00-04:00,7738.75,7740.25,7738.75,7739.5,684
2026-08-27 21:15:00-04:00,7739.25,7740.0,7739.0,7739.5,336
2026-08-27 21:20:00-04:00,7739.25,7739.75,7738.5,7739.0,663
2026-08-27 21:25:00-04:00,7739.0,7739.0,7737.5,7738.25,479
2026-08-27 21:30:00-04:00,7738.0,7739.25,7738.0,7739.25,598
2026-08-27 21:35:00-04:00,7739.0,7740.25,7737.25,7737.5,537
2026-08-27 21:40:00-04:00,7737.5,7738.75,7737.5,7738.75,395
2026-08-27 21:45:00-04:00,7738.5,7739.5,7737.75,7739.25,239
2026-08-27 21:50:00-04:00,7739.5,7741.75,7739.0,7741.5,749
2026-08-27 21:55:00-04:00,7741.5,7743.0,7741.5,7742.75,590
2026-08-27 22:00:00-04:00,7743.0,7745.0,7743.0,7744.5,955
2026-08-27 22:05:00-04:00,7744.5,7746.75,7744.5,7746.0,564
2026-08-27 22:10:00-04:00,7746.0,7746.5,7745.25,7745.75,317
2026-08-27 22:15:00-04:00,7745.75,7747.0,7745.75,7746.75,188
2026-08-27 22:20:00-04:00,7746.75,7747.25,7745.5,7746.5,538
2026-08-27 22:25:00-04:00,7746.5,7746.5,7745.25,7745.5,328
2026-08-27 22:30:00-04:00,7745.25,7745.25,7742.5,7742.5,809
2026-08-27 22:35:00-04:00,7742.75,7742.75,7741.0,7742.0,677
2026-08-27 22:40:00-04:00,7742.0,7742.0,7739.75,7740.0,588
2026-08-27 22:45:00-04:00,7740.0,7740.5,7738.75,7739.25,415
2026-08-27 22:50:00-04:00,7739.0,7740.75,7739.0,7740.25,416
2026-08-27 22:55:00-04:00,7740.25,7741.25,7740.25,7740.75,292
2026-08-27 23:00:00-04:00,7741.0,7743.5,7740.75,7743.5,768
2026-08-27 23:05:00-04:00,7743.5,7744.0,7742.5,7743.75,561
2026-08-27 23:10:00-04:00,7743.5,7746.25,7743.5,7745.25,481
2026-08-27 23:15:00-04:00,7745.25,7746.5,7744.75,7746.5,332
2026-08-27 23:20:00-04:00,7746.25,7746.75,7745.5,7746.5,345
2026-08-27 23:25:00-04:00,7746.5,7747.5,7746.5,7746.5,305
2026-08-27 23:30:00-04:00,7746.75,7746.75,7744.0,7744.0,542
2026-08-27 23:35:00-04:00,7744.0,7744.25,7742.25,7742.5,619
2026-08-27 23:40:00-04:00,7742.5,7742.5,7739.0,7739.5,583
2026-08-27 23:45:00-04:00,7739.25,7741.5,7738.0,7741.25,757
2026-08-27 23:50:00-04:00,7741.25,7741.75,7740.5,7741.5,278
2026-08-27 23:55:00-04:00,7741.5,7742.25,7741.0,7741.75,212
2026-08-28 00:05:00-04:00,7738.25,7739.0,7738.25,7738.75,751
2026-08-28 00:10:00-04:00,7738.75,7740.75,7738.75,7740.5,288
2026-08-28 00:15:00-04:00,7740.25,7741.0,7740.25,7740.5,234
2026-08-28 00:20:00-04:00,7740.5,7740.75,7739.75,7740.0,213
2026-08-28 00:25:00-04:00,7739.75,7740.25,7739.25,7739.75,114
2026-08-28 00:30:00-04:00,7739.75,7740.0,7738.25,7738.5,224
2026-08-28 00:35:00-04:00,7738.25,7738.75,7737.75,7738.75,233
2026-08-28 00:40:00-04:00,7738.5,7738.75,7737.75,7738.25,197
2026-08-28 00:45:00-04:00,7738.25,7738.75,7738.25,7738.25,150
2026-08-28 00:50:00-04:00,7738.25,7738.25,7737.75,7737.75,328
2026-08-28 00:55:00-04:00,7737.75,7738.0,7736.75,7737.75,258
2026-08-28 01:00:00-04:00,7737.5,7738.0,7736.25,7737.25,470
2026-08-28 01:05:00-04:00,7737.25,7737.5,7736.0,7736.5,222
2026-08-28 01:10:00-04:00,7736.5,7736.5,7735.5,7735.75,326
2026-08-28 01:15:00-04:00,7735.75,7736.25,7735.5,7735.5,190
2026-08-28 01:20:00-04:00,7735.5,7736.0,7734.25,7735.25,447
2026-08-28 01:25:00-04:00,7735.25,7735.75,7734.0,7735.25,447
2026-08-28 01:30:00-04:00,7735.0,7735.5,7734.25,7735.0,471
2026-08-28 01:35:00-04:00,7735.0,7735.0,7732.0,7733.25,914
2026-08-28 01:40:00-04:00,7733.25,7734.0,7733.0,7734.0,279
2026-08-28 01:45:00-04:00,7734.0,7734.0,7732.5,7733.0,351
2026-08-28 01:50:00-04:00,7733.0,7733.5,7731.5,7733.0,559
2026-08-28 01:55:00-04:00,7733.0,7733.0,7731.75,7731.75,268
2026-08-28 02:00:00-04:00,7731.75,7734.25,7731.0,7734.0,834
2026-08-28 02:05:00-04:00,7734.0,7734.25,7732.25,7733.75,565
2026-08-28 02:10:00-04:00,7734.0,7735.25,7733.5,7733.75,514
2026-08-28 02:15:00-04:00,7733.75,7736.0,7733.5,7735.5,575
2026-08-28 02:20:00-04:00,7735.25,7737.0,7735.25,7736.25,908
2026-08-28 02:25:00-04:00,7736.25,7736.25,7733.0,7733.5,593
2026-08-28 02:30:00-04:00,7733.5,7737.5,7733.5,7737.0,1396
2026-08-28 02:35:00-04:00,7737.25,7737.75,7736.5,7736.75,633
2026-08-28 02:40:00-04:00,7736.75,7739.5,7735.25,7739.0,994
2026-08-28 02:45:00-04:00,7738.75,7740.5,7738.5,7740.5,952
2026-08-28 02:50:00-04:00,7740.25,7741.0,7739.75,7740.75,479
2026-08-28 02:55:00-04:00,7740.75,7743.5,7740.75,7743.5,537
2026-08-28 03:00:00-04:00,7743.5,7744.5,7741.25,7741.75,1329
2026-08-28 03:05:00-04:00,7741.75,7741.75,7739.0,7739.75,1284
2026-08-28 03:10:00-04:00,7739.5,7741.75,7739.25,7740.5,1091
2026-08-28 03:15:00-04:00,7740.5,7741.5,7739.75,7741.5,925
2026-08-28 03:20:00-04:00,7741.5,7742.25,7739.75,7742.0,895
2026-08-28 03:25:00-04:00,7742.0,7743.25,7741.25,7741.75,610
2026-08-28 03:30:00-04:00,7741.75,7743.25,7741.0,7741.25,566
2026-08-28 03:35:00-04:00,7741.25,7742.75,7740.5,7741.0,607
2026-08-28 03:40:00-04:00,7741.0,7741.0,7738.5,7739.25,820
2026-08-28 03:45:00-04:00,7739.25,7743.0,7739.0,7743.0,655
2026-08-28 03:50:00-04:00,7742.75,7743.25,7739.25,7741.25,617
2026-08-28 03:55:00-04:00,7741.25,7741.25,7739.25,7740.25,514
2026-08-28 04:00:00-04:00,7740.25,7741.25,7737.75,7738.5,1294
2026-08-28 04:05:00-04:00,7738.5,7738.5,7736.25,7737.75,965
2026-08-28 04:10:00-04:00,7737.75,7739.75,7737.0,7738.25,697
2026-08-28 04:15:00-04:00,7738.0,7739.0,7737.0,7737.25,684
2026-08-28 04:20:00-04:00,7737.25,7738.75,7736.75,7738.25,940
2026-08-28 04:25:00-04:00,7738.25,7740.25,7738.25,7739.0,615
2026-08-28 04:30:00-04:00,7739.25,7744.25,7738.75,7744.25,1217
2026-08-28 04:35:00-04:00,7744.5,7745.0,7743.25,7743.5,624
2026-08-28 04:40:00-04:00,7743.25,7744.5,7742.5,7742.75,691
2026-08-28 04:45:00-04:00,7742.75,7742.75,7740.0,7740.0,930
2026-08-28 04:50:00-04:00,7739.75,7741.0,7738.0,7739.0,913
2026-08-28 04:55:00-04:00,7739.0,7740.25,7739.0,7740.25,418
2026-08-28 05:00:00-04:00,7740.0,7740.25,7738.25,7738.5,1159
2026-08-28 05:05:00-04:00,7738.25,7739.25,7737.75,7738.5,489
2026-08-28 05:10:00-04:00,7738.25,7739.25,7738.0,7738.5,523
2026-08-28 05:15:00-04:00,7738.5,7739.0,7737.75,7738.25,510
2026-08-28 05:20:00-04:00,7738.0,7739.0,7736.25,7738.5,490
2026-08-28 05:25:00-04:00,7738.75,7740.5,7738.5,7739.25,549
2026-08-28 05:30:00-04:00,7739.25,7739.5,7737.75,7739.25,355
2026-08-28 05:35:00-04:00,7739.25,7739.25,7737.5,7738.0,360
2026-08-28 05:40:00-04:00,7738.0,7738.5,7737.5,7738.25,338
2026-08-28 05:45:00-04:00,7738.0,7739.0,7737.5,7738.5,360
2026-08-28 05:50:00-04:00,7738.75,7740.75,7738.75,7739.5,441
2026-08-28 05:55:00-04:00,7739.5,7739.75,7738.5,7738.75,398
2026-08-28 06:00:00-04:00,7738.75,7738.75,7737.25,7738.25,533
2026-08-28 06:05:00-04:00,7738.5,7739.25,7737.25,7737.5,478
2026-08-28 06:10:00-04:00,7737.5,7738.75,7737.0,7738.25,495
2026-08-28 06:15:00-04:00,7738.25,7739.25,7737.5,7737.5,369
2026-08-28 06:20:00-04:00,7737.75,7740.0,7737.5,7739.75,431
2026-08-28 06:25:00-04:00,7739.75,7740.0,7738.5,7739.0,332
2026-08-28 06:30:00-04:00,7739.25,7740.0,7739.0,7739.0,361
2026-08-28 06:35:00-04:00,7739.0,7740.5,7738.25,7740.25,321
2026-08-28 06:40:00-04:00,7740.25,7740.25,7736.75,7737.25,1018
2026-08-28 06:45:00-04:00,7737.0,7738.25,7736.25,7736.75,1599
2026-08-28 06:50:00-04:00,7736.75,7737.5,7736.5,7737.0,680
2026-08-28 06:55:00-04:00,7737.0,7739.75,7737.0,7739.75,503
2026-08-28 07:00:00-04:00,7739.75,7741.0,7737.5,7740.5,1121
2026-08-28 07:05:00-04:00,7740.25,7740.25,7737.5,7737.5,502
2026-08-28 07:10:00-04:00,7737.75,7740.0,7737.25,7739.75,650
2026-08-28 07:15:00-04:00,7739.75,7741.0,7739.75,7740.75,469
2026-08-28 07:20:00-04:00,7740.75,7743.0,7740.5,7742.5,913
2026-08-28 07:25:00-04:00,7742.25,7742.25,7741.0,7742.25,575
2026-08-28 07:30:00-04:00,7742.25,7743.5,7740.0,7740.0,764
2026-08-28 07:35:00-04:00,7740.0,7740.5,7739.25,7740.25,574
2026-08-28 07:40:00-04:00,7740.25,7741.0,7738.5,7739.0,521
2026-08-28 07:45:00-04:00,7739.0,7740.5,7738.75,7739.75,535
2026-08-28 07:50:00-04:00,7739.75,7741.25,7739.25,7741.0,518
2026-08-28 07:55:00-04:00,7741.0,7741.0,7739.5,7739.75,448
2026-08-28 08:00:00-04:00,7740.0,7742.5,7739.5,7742.5,822
2026-08-28 08:05:00-04:00,7742.5,7744.25,7742.25,7744.25,1305
2026-08-28 08:10:00-04:00,7744.0,7748.0,7742.75,7746.75,3563
2026-08-28 08:15:00-04:00,7746.5,7748.75,7746.25,7748.25,1447
2026-08-28 08:20:00-04:00,7748.25,7751.0,7748.25,7750.0,1397
2026-08-28 08:25:00-04:00,7750.0,7750.5,7748.5,7750.5,1541
2026-08-28 08:30:00-04:00,7750.25,7750.25,7745.5,7745.5,1524
2026-08-28 08:35:00-04:00,7745.75,7747.5,7743.75,7746.5,1762
2026-08-28 08:40:00-04:00,7746.5,7750.0,7745.75,7750.0,1332
2026-08-28 08:45:00-04:00,7750.0,7751.0,7748.75,7750.25,2022
2026-08-28 08:50:00-04:00,7750.25,7751.25,7749.5,7750.0,1206
2026-08-28 08:55:00-04:00,7750.25,7751.0,7749.25,7749.75,1267
2026-08-28 09:00:00-04:00,7749.75,7755.0,7748.75,7752.0,4126
2026-08-28 09:05:00-04:00,7752.0,7752.75,7750.5,7751.0,1883
2026-08-28 09:10:00-04:00,7751.0,7752.5,7749.0,7749.75,2560
2026-08-28 09:15:00-04:00,7749.75,7750.5,7748.5,7748.5,1455
2026-08-28 09:20:00-04:00,7748.5,7749.0,7747.0,7748.0,1663
2026-08-28 09:25:00-04:00,7748.0,7748.25,7742.75,7746.25,5901
2026-08-28 09:30:00-04:00,7746.25,7750.0,7743.75,7749.25,23309
2026-08-28 09:35:00-04:00,7749.25,7753.5,7746.5,7751.5,14986
2026-08-28 09:40:00-04:00,7751.5,7757.5,7750.5,7755.0,13586
2026-08-28 09:45:00-04:00,7755.0,7758.0,7749.0,7750.5,16876
2026-08-28 09:50:00-04:00,7750.5,7751.0,7745.5,7746.0,12099
2026-08-28 09:55:00-04:00,7746.0,7752.75,7745.5,7746.25,9838
2026-08-28 10:00:00-04:00,7746.25,7760.5,7740.75,7746.0,34837
2026-08-28 10:05:00-04:00,7746.0,7746.75,7735.0,7738.75,33017
2026-08-28 10:10:00-04:00,7738.75,7739.75,7726.5,7731.25,36898
2026-08-28 10:15:00-04:00,7731.0,7746.25,7730.25,7743.0,27540
2026-08-28 10:20:00-04:00,7743.0,7751.5,7738.75,7744.75,27382
2026-08-28 10:25:00-04:00,7744.75,7745.75,7734.5,7742.0,28049
2026-08-28 10:30:00-04:00,7742.0,7750.75,7738.0,7750.75,25154
2026-08-28 10:35:00-04:00,7750.5,7756.5,7749.0,7752.5,21166
2026-08-28 10:40:00-04:00,7752.5,7764.75,7752.25,7763.25,20556
2026-08-28 10:45:00-04:00,7763.25,7768.0,7761.0,7768.0,20597
2026-08-28 10:50:00-04:00,7768.0,7776.5,7767.0,7774.5,22720
2026-08-28 10:55:00-04:00,7774.5,7780.0,7774.0,7779.25,20970
2026-08-28 11:00:00-04:00,7779.25,7782.5,7777.0,7778.25,24714
2026-08-28 11:05:00-04:00,7778.25,7779.75,7770.25,7771.75,17139
2026-08-28 11:10:00-04:00,7771.75,7773.75,7767.25,7771.25,20418
2026-08-28 11:15:00-04:00,7771.25,7776.0,7771.0,7772.25,15835
2026-08-28 11:20:00-04:00,7772.5,7778.25,7772.25,7777.5,13471
2026-08-28 11:25:00-04:00,7777.75,7781.5,7776.75,7779.0,12345
2026-08-28 11:30:00-04:00,7779.25,7779.5,7773.5,7773.75,13383
2026-08-28 11:35:00-04:00,7773.75,7775.5,7764.75,7765.75,16132
2026-08-28 11:40:00-04:00,7765.75,7766.0,7755.5,7757.5,34315
2026-08-28 11:45:00-04:00,7757.5,7759.5,7750.75,7752.0,27695
2026-08-28 11:50:00-04:00,7752.0,7754.0,7743.5,7750.0,30019
2026-08-28 11:55:00-04:00,7750.0,7750.5,7737.25,7739.75,29854
2026-08-28 12:00:00-04:00,7739.75,7741.5,7733.75,7737.25,27816
2026-08-28 12:05:00-04:00,7737.0,7745.25,7736.5,7744.5,18614
2026-08-28 12:10:00-04:00,7744.25,7744.75,7738.25,7738.75,17199
2026-08-28 12:15:00-04:00,7738.75,7741.5,7726.25,7730.75,22965
2026-08-28 12:20:00-04:00,7730.75,7732.5,7720.0,7724.0,28338
2026-08-28 12:25:00-04:00,7723.75,7727.75,7722.0,7725.25,15396
2026-08-28 12:30:00-04:00,7725.0,7734.25,7724.5,7725.5,17333
2026-08-28 12:35:00-04:00,7725.25,7735.25,7725.25,7732.5,14320
2026-08-28 12:40:00-04:00,7732.25,7732.5,7724.25,7725.5,14478
2026-08-28 12:45:00-04:00,7725.5,7735.0,7725.25,7733.0,12826
2026-08-28 12:50:00-04:00,7733.0,7736.0,7727.0,7728.5,10420
2026-08-28 12:55:00-04:00,7728.25,7730.25,7725.75,7725.75,10375
2026-08-28 13:00:00-04:00,7725.75,7726.25,7715.25,7718.75,20792
2026-08-28 13:05:00-04:00,7719.0,7719.0,7713.25,7713.75,13022
2026-08-28 13:10:00-04:00,7713.5,7722.75,7711.75,7722.5,17892
2026-08-28 13:15:00-04:00,7722.5,7723.25,7718.25,7720.0,10146
2026-08-28 13:20:00-04:00,7720.0,7721.0,7714.5,7718.5,11290
2026-08-28 13:25:00-04:00,7718.5,7722.25,7716.25,7717.0,8383
2026-08-28 13:30:00-04:00,7717.25,7723.5,7716.0,7722.0,8498
2026-08-28 13:35:00-04:00,7722.25,7724.0,7714.75,7715.25,10134
2026-08-28 13:40:00-04:00,7715.25,7720.5,7715.25,7719.5,8753
2026-08-28 13:45:00-04:00,7719.5,7726.25,7717.75,7725.5,8537
2026-08-28 13:50:00-04:00,7725.5,7726.5,7723.0,7723.75,6118
2026-08-28 13:55:00-04:00,7723.75,7724.75,7719.5,7724.25,7441
2026-08-28 14:00:00-04:00,7724.25,7727.25,7722.25,7724.0,9490
2026-08-28 14:05:00-04:00,7724.0,7726.75,7722.25,7724.75,6932
2026-08-28 14:10:00-04:00,7724.75,7726.75,7720.75,7721.0,6811
2026-08-28 14:15:00-04:00,7721.0,7724.25,7720.25,7723.0,6675
2026-08-28 14:20:00-04:00,7723.0,7724.75,7718.0,7719.5,6347
2026-08-28 14:25:00-04:00,7719.5,7722.25,7717.75,7719.5,7529
2026-08-28 14:30:00-04:00,7719.5,7724.0,7719.0,7722.75,6306
2026-08-28 14:35:00-04:00,7723.0,7724.75,7719.75,7720.0,5887
2026-08-28 14:40:00-04:00,7720.25,7723.0,7719.5,7721.75,4835
2026-08-28 14:45:00-04:00,7721.75,7722.25,7716.5,7717.0,6460
2026-08-28 14:50:00-04:00,7717.0,7717.0,7712.25,7714.75,10839
2026-08-28 14:55:00-04:00,7714.75,7717.25,7712.75,7716.0,8727
2026-08-28 15:00:00-04:00,7716.0,7718.75,7713.75,7717.0,8624
2026-08-28 15:05:00-04:00,7717.0,7723.0,7716.5,7722.75,9706
2026-08-28 15:10:00-04:00,7722.75,7723.25,7719.0,7721.75,6657
2026-08-28 15:15:00-04:00,7721.75,7722.25,7719.25,7721.25,5758
2026-08-28 15:20:00-04:00,7721.25,7724.75,7720.5,7722.25,9872
2026-08-28 15:25:00-04:00,7722.5,7725.25,7722.25,7724.5,7181
2026-08-28 15:30:00-04:00,7724.5,7724.75,7721.0,7723.0,9154
2026-08-28 15:35:00-04:00,7723.0,7725.0,7720.25,7724.75,8553
2026-08-28 15:40:00-04:00,7724.75,7727.25,7724.5,7725.5,8816
2026-08-28 15:45:00-04:00,7725.25,7726.25,7719.5,7721.75,10287
2026-08-28 15:50:00-04:00,7721.75,7727.25,7720.25,7723.0,23212
2026-08-28 15:55:00-04:00,7723.0,7728.25,7719.5,7722.75,86934
2026-08-28 16:00:00-04:00,7722.75,7724.0,7720.75,7722.25,17052
2026-08-28 16:05:00-04:00,7722.25,7722.25,7719.0,7720.25,5062
2026-08-28 16:10:00-04:00,7720.25,7721.75,7719.75,7720.5,3615
2026-08-28 16:15:00-04:00,7720.75,7721.25,7719.75,7720.25,1676
2026-08-28 16:20:00-04:00,7720.5,7720.75,7719.5,7720.75,1819
2026-08-28 16:25:00-04:00,7720.75,7721.0,7719.5,7720.5,1247
2026-08-28 16:30:00-04:00,7720.25,7720.75,7719.25,7719.75,2142
2026-08-28 16:35:00-04:00,7719.5,7722.0,7719.5,7721.0,1619
2026-08-28 16:40:00-04:00,7720.75,7724.0,7720.75,7723.75,1301
2026-08-28 16:45:00-04:00,7723.75,7725.5,7723.5,7724.75,1231
2026-08-28 16:50:00-04:00,7724.75,7725.0,7723.0,7724.75,1694
2026-08-28 16:55:00-04:00,7724.75,7725.25,7722.0,7722.0,2330
2026-08-30 18:10:00-04:00,7708.0,7710.25,7706.5,7710.25,575
2026-08-30 18:15:00-04:00,7710.25,7713.5,7709.75,7713.0,892
2026-08-30 18:20:00-04:00,7713.25,7714.75,7712.5,7712.5,461
2026-08-30 18:25:00-04:00,7712.75,7713.0,7710.75,7711.25,483
2026-08-30 18:30:00-04:00,7711.5,7712.25,7709.25,7709.75,721
2026-08-30 18:35:00-04:00,7709.75,7710.5,7706.0,7709.25,767
2026-08-30 18:40:00-04:00,7709.25,7710.0,7705.0,7706.5,1149
2026-08-30 18:45:00-04:00,7706.25,7709.0,7705.75,7707.5,577
2026-08-30 18:50:00-04:00,7707.75,7709.0,7707.25,7708.5,212
2026-08-30 18:55:00-04:00,7708.25,7709.25,7707.75,7709.25,103
2026-08-30 19:00:00-04:00,7709.0,7709.5,7707.0,7708.25,399
2026-08-30 19:05:00-04:00,7708.0,7709.5,7707.5,7708.25,268
2026-08-30 19:10:00-04:00,7707.75,7708.5,7704.75,7705.0,662
2026-08-30 19:15:00-04:00,7704.75,7706.5,7704.25,7706.0,385
2026-08-30 19:20:00-04:00,7706.25,7706.25,7701.5,7703.0,1087
2026-08-30 19:25:00-04:00,7703.25,7703.75,7701.25,7701.25,519
2026-08-30 19:30:00-04:00,7701.5,7701.75,7695.75,7698.75,2187
2026-08-30 19:35:00-04:00,7698.75,7700.25,7696.25,7697.25,1188
2026-08-30 19:40:00-04:00,7697.25,7699.25,7694.25,7699.0,1154
2026-08-30 19:45:00-04:00,7699.0,7699.0,7688.25,7691.0,3391
2026-08-30 19:50:00-04:00,7691.0,7694.0,7689.75,7693.75,1131
2026-08-30 19:55:00-04:00,7693.5,7693.5,7688.5,7688.5,1386
2026-08-30 20:00:00-04:00,7688.75,7690.25,7685.0,7686.75,2817
2026-08-30 20:05:00-04:00,7686.75,7689.75,7684.5,7688.5,1636
2026-08-30 20:10:00-04:00,7688.5,7695.0,7688.0,7693.5,1390
2026-08-30 20:15:00-04:00,7693.5,7697.5,7693.5,7695.0,2079
2026-08-30 20:20:00-04:00,7695.25,7699.0,7694.5,7699.0,1144
2026-08-30 20:25:00-04:00,7699.0,7699.5,7696.75,7699.0,826
2026-08-30 20:30:00-04:00,7698.75,7703.25,7698.25,7702.5,2261
2026-08-30 20:35:00-04:00,7702.75,7703.75,7701.25,7702.5,1277
2026-08-30 20:40:00-04:00,7702.75,7703.0,7701.0,7701.5,643
2026-08-30 20:45:00-04:00,7701.75,7702.0,7699.5,7700.5,918
2026-08-30 20:50:00-04:00,7700.5,7701.5,7699.25,7700.25,1255
2026-08-30 20:55:00-04:00,7700.5,7700.5,7696.0,7697.25,1004
2026-08-30 21:00:00-04:00,7697.5,7697.5,7690.5,7695.0,2195
2026-08-30 21:05:00-04:00,7695.0,7695.0,7690.25,7690.75,1129
2026-08-30 21:10:00-04:00,7690.75,7692.0,7686.5,7691.25,1523
2026-08-30 21:15:00-04:00,7691.0,7692.25,7687.75,7691.25,1601
2026-08-30 21:20:00-04:00,7691.25,7692.75,7686.75,7689.25,1596
2026-08-30 21:25:00-04:00,7689.25,7691.25,7687.25,7689.75,913
2026-08-30 21:30:00-04:00,7689.75,7690.5,7686.75,7687.75,876
2026-08-30 21:35:00-04:00,7688.0,7691.0,7687.5,7690.25,663
2026-08-30 21:40:00-04:00,7690.25,7691.5,7688.5,7688.5,735
2026-08-30 21:45:00-04:00,7688.5,7690.5,7687.25,7688.75,606
2026-08-30 21:50:00-04:00,7689.0,7689.5,7687.25,7688.25,868
2026-08-30 21:55:00-04:00,7688.25,7690.5,7687.5,7690.0,510
2026-08-30 22:00:00-04:00,7689.75,7691.75,7687.75,7691.75,696
2026-08-30 22:05:00-04:00,7692.0,7694.75,7691.0,7694.25,892
2026-08-30 22:10:00-04:00,7694.25,7696.75,7693.25,7696.0,626
2026-08-30 22:15:00-04:00,7695.75,7696.25,7688.5,7691.5,1772
2026-08-30 22:20:00-04:00,7691.5,7691.5,7689.0,7689.75,721
2026-08-30 22:25:00-04:00,7689.25,7691.25,7686.75,7690.5,750
2026-08-30 22:30:00-04:00,7690.0,7691.0,7684.75,7685.75,1164
2026-08-30 22:35:00-04:00,7685.5,7687.0,7683.75,7685.75,1118
2026-08-30 22:40:00-04:00,7685.75,7687.0,7684.0,7685.75,548
2026-08-30 22:45:00-04:00,7686.0,7689.0,7684.5,7685.5,1135
2026-08-30 22:50:00-04:00,7685.5,7689.0,7685.0,7688.75,513
2026-08-30 22:55:00-04:00,7688.5,7692.25,7688.5,7692.0,636
2026-08-30 23:00:00-04:00,7692.0,7694.75,7691.0,7693.5,845
2026-08-30 23:05:00-04:00,7693.75,7695.0,7693.0,7695.0,586
2026-08-30 23:10:00-04:00,7695.0,7696.0,7693.75,7694.0,829
2026-08-30 23:15:00-04:00,7694.0,7694.0,7692.75,7693.0,585
2026-08-30 23:20:00-04:00,7693.0,7694.25,7692.75,7693.75,280
2026-08-30 23:25:00-04:00,7694.0,7695.0,7693.0,7693.25,341
2026-08-30 23:30:00-04:00,7693.0,7693.75,7692.25,7692.25,488
2026-08-30 23:35:00-04:00,7692.75,7693.25,7690.75,7691.5,460
2026-08-30 23:40:00-04:00,7691.5,7692.5,7691.25,7692.0,223
2026-08-30 23:45:00-04:00,7692.0,7692.75,7691.0,7692.0,219
2026-08-30 23:50:00-04:00,7692.25,7692.75,7691.25,7692.0,281
2026-08-30 23:55:00-04:00,7692.25,7692.75,7692.0,7692.75,122
2026-08-31 00:00:00-04:00,7693.0,7693.25,7691.5,7692.0,275
2026-08-31 00:05:00-04:00,7692.0,7692.25,7691.0,7692.25,262
2026-08-31 00:10:00-04:00,7692.25,7692.75,7691.25,7692.75,179
2026-08-31 00:15:00-04:00,7693.0,7693.25,7691.25,7692.25,215
2026-08-31 00:20:00-04:00,7692.25,7692.5,7691.25,7692.25,248
2026-08-31 00:25:00-04:00,7692.5,7692.75,7692.0,7692.5,140
2026-08-31 00:30:00-04:00,7692.75,7692.75,7690.75,7691.25,310
2026-08-31 00:35:00-04:00,7691.25,7696.25,7691.0,7696.0,543
2026-08-31 00:40:00-04:00,7696.0,7696.5,7694.25,7696.5,513
2026-08-31 00:45:00-04:00,7696.25,7696.25,7694.0,7694.0,330
2026-08-31 00:50:00-04:00,7694.0,7698.25,7693.75,7698.25,711
2026-08-31 00:55:00-04:00,7698.25,7702.25,7698.0,7700.5,1400
2026-08-31 01:00:00-04:00,7700.5,7703.0,7699.0,7702.5,766
2026-08-31 01:05:00-04:00,7702.75,7704.25,7701.75,7701.75,857
2026-08-31 01:10:00-04:00,7701.75,7705.75,7701.75,7705.75,565
2026-08-31 01:15:00-04:00,7705.5,7710.5,7705.0,7709.25,1372
2026-08-31 01:20:00-04:00,7709.25,7709.5,7706.5,7708.75,779
2026-08-31 01:25:00-04:00,7708.75,7710.0,7708.0,7708.25,673
2026-08-31 01:30:00-04:00,7708.5,7708.75,7703.25,7704.25,1189
2026-08-31 01:35:00-04:00,7704.0,7704.75,7702.0,7702.25,570
2026-08-31 01:40:00-04:00,7702.25,7704.5,7700.25,7702.75,785
2026-08-31 01:45:00-04:00,7702.75,7704.25,7702.0,7703.25,593
2026-08-31 01:50:00-04:00,7703.25,7703.5,7702.25,7703.25,338
2026-08-31 01:55:00-04:00,7703.25,7705.0,7703.0,7704.5,519
2026-08-31 02:00:00-04:00,7704.75,7705.0,7702.5,7704.25,748
2026-08-31 02:05:00-04:00,7704.25,7706.75,7704.0,7705.75,1093
2026-08-31 02:10:00-04:00,7705.5,7707.5,7705.0,7707.25,785
2026-08-31 02:15:00-04:00,7707.25,7709.0,7707.0,7707.5,1038
2026-08-31 02:20:00-04:00,7707.75,7709.5,7707.5,7709.25,703
2026-08-31 02:25:00-04:00,7709.25,7709.5,7708.0,7709.5,525
2026-08-31 02:30:00-04:00,7709.5,7709.5,7707.5,7708.75,582
2026-08-31 02:35:00-04:00,7708.75,7710.75,7708.5,7710.75,635
2026-08-31 02:40:00-04:00,7710.5,7710.75,7708.5,7709.0,451
2026-08-31 02:45:00-04:00,7709.0,7712.0,7708.75,7710.75,672
2026-08-31 02:50:00-04:00,7710.5,7711.0,7709.25,7711.0,392
2026-08-31 02:55:00-04:00,7711.0,7711.5,7710.5,7711.0,464
2026-08-31 03:00:00-04:00,7710.75,7711.25,7708.25,7709.5,1320
2026-08-31 03:05:00-04:00,7709.25,7711.0,7708.5,7709.25,919
2026-08-31 03:10:00-04:00,7709.5,7710.5,7708.5,7710.25,698
2026-08-31 03:15:00-04:00,7710.5,7710.5,7708.25,7708.75,790
2026-08-31 03:20:00-04:00,7709.0,7710.75,7708.75,7710.25,754
2026-08-31 03:25:00-04:00,7710.0,7710.75,7708.0,7709.25,789
2026-08-31 03:30:00-04:00,7709.0,7710.5,7708.75,7709.5,547
2026-08-31 03:35:00-04:00,7709.5,7710.75,7708.5,7708.75,554
2026-08-31 03:40:00-04:00,7709.0,7709.25,7708.0,7709.0,404
2026-08-31 03:45:00-04:00,7709.0,7709.5,7708.5,7709.25,381
2026-08-31 03:50:00-04:00,7709.25,7709.75,7707.25,7709.0,775
2026-08-31 03:55:00-04:00,7709.0,7710.0,7708.5,7709.5,415
2026-08-31 04:00:00-04:00,7709.5,7718.5,7707.75,7710.75,3249
2026-08-31 04:05:00-04:00,7711.0,7715.25,7709.0,7715.0,1279
2026-08-31 04:10:00-04:00,7715.0,7715.5,7710.5,7710.75,853
2026-08-31 04:15:00-04:00,7710.75,7712.75,7710.0,7711.25,498
2026-08-31 04:20:00-04:00,7711.25,7712.75,7709.25,7711.25,690
2026-08-31 04:25:00-04:00,7711.25,7713.0,7710.75,7712.5,487
2026-08-31 04:30:00-04:00,7712.25,7712.75,7710.75,7712.0,342
2026-08-31 04:35:00-04:00,7711.75,7713.0,7711.25,7711.75,530
2026-08-31 04:40:00-04:00,7711.75,7712.0,7710.25,7711.25,603
2026-08-31 04:45:00-04:00,7711.75,7713.25,7711.25,7712.5,656
2026-08-31 04:50:00-04:00,7712.75,7714.5,7712.25,7713.0,986
2026-08-31 04:55:00-04:00,7713.0,7713.75,7711.75,7712.75,451
2026-08-31 05:00:00-04:00,7712.5,7713.25,7710.75,7711.0,646
2026-08-31 05:05:00-04:00,7711.0,7713.5,7711.0,7713.5,841
2026-08-31 05:10:00-04:00,7713.75,7714.5,7713.0,7713.75,494
2026-08-31 05:15:00-04:00,7713.75,7716.0,7713.75,7715.75,400
2026-08-31 05:20:00-04:00,7715.5,7716.0,7713.25,7714.25,462
2026-08-31 05:25:00-04:00,7714.5,7714.5,7713.25,7713.5,208
2026-08-31 05:30:00-04:00,7713.25,7713.5,7711.75,7712.25,517
2026-08-31 05:35:00-04:00,7712.25,7712.75,7710.75,7711.0,374
2026-08-31 05:40:00-04:00,7710.75,7710.75,7709.5,7710.0,721
2026-08-31 05:45:00-04:00,7710.0,7710.5,7707.25,7707.25,728
2026-08-31 05:50:00-04:00,7707.25,7708.5,7706.75,7708.0,613
2026-08-31 05:55:00-04:00,7708.0,7708.0,7707.0,7707.25,413
2026-08-31 06:00:00-04:00,7707.5,7707.75,7705.5,7707.75,1016
2026-08-31 06:05:00-04:00,7707.75,7709.5,7707.5,7707.5,926
2026-08-31 06:10:00-04:00,7707.5,7709.0,7707.0,7709.0,500
2026-08-31 06:15:00-04:00,7708.75,7708.75,7706.25,7707.5,669
2026-08-31 06:20:00-04:00,7707.5,7709.25,7707.25,7708.75,667
2026-08-31 06:25:00-04:00,7708.5,7709.75,7706.5,7708.5,556
2026-08-31 06:30:00-04:00,7708.25,7708.5,7706.75,7707.5,290
2026-08-31 06:35:00-04:00,7707.75,7708.75,7707.5,7708.75,392
2026-08-31 06:40:00-04:00,7708.75,7709.0,7707.5,7708.5,299
2026-08-31 06:45:00-04:00,7708.25,7709.0,7707.5,7708.25,247
2026-08-31 06:50:00-04:00,7708.5,7711.25,7707.75,7709.5,641
2026-08-31 06:55:00-04:00,7709.5,7710.5,7708.75,7709.75,568
2026-08-31 07:00:00-04:00,7709.75,7711.0,7708.25,7708.5,860
2026-08-31 07:05:00-04:00,7708.5,7710.25,7707.25,7709.25,586
2026-08-31 07:10:00-04:00,7709.0,7710.0,7707.25,7707.5,394
2026-08-31 07:15:00-04:00,7707.25,7710.25,7706.75,7709.5,575
2026-08-31 07:20:00-04:00,7709.75,7709.75,7708.0,7709.5,510
2026-08-31 07:25:00-04:00,7709.25,7711.25,7708.75,7710.5,383
2026-08-31 07:30:00-04:00,7710.5,7710.5,7705.75,7706.0,860
2026-08-31 07:35:00-04:00,7705.75,7706.25,7704.75,7705.0,774
2026-08-31 07:40:00-04:00,7705.0,7708.5,7702.75,7702.75,2421
2026-08-31 07:45:00-04:00,7703.0,7704.5,7700.5,7702.75,2270
2026-08-31 07:50:00-04:00,7702.75,7704.75,7702.0,7702.5,887
2026-08-31 07:55:00-04:00,7702.75,7703.75,7702.25,7702.25,525
2026-08-31 08:00:00-04:00,7702.5,7704.75,7702.25,7703.75,1374
2026-08-31 08:05:00-04:00,7703.75,7708.25,7694.25,7705.0,5803
2026-08-31 08:10:00-04:00,7705.0,7706.0,7703.0,7705.0,1131
2026-08-31 08:15:00-04:00,7705.25,7708.0,7705.0,7708.0,1358
2026-08-31 08:20:00-04:00,7708.0,7709.25,7703.25,7703.75,1052
2026-08-31 08:25:00-04:00,7703.5,7703.75,7694.75,7698.0,6231
2026-08-31 08:30:00-04:00,7697.75,7699.25,7695.5,7699.0,2418
2026-08-31 08:35:00-04:00,7699.0,7701.5,7693.75,7694.0,4276
2026-08-31 08:40:00-04:00,7694.0,7694.75,7691.5,7693.0,4058
2026-08-31 08:45:00-04:00,7693.0,7694.75,7692.0,7694.0,1718
2026-08-31 08:50:00-04:00,7694.0,7695.25,7692.25,7692.5,1578
2026-08-31 08:55:00-04:00,7692.75,7695.0,7691.5,7693.75,1947
2026-08-31 09:00:00-04:00,7693.75,7696.0,7692.75,7693.75,3023
2026-08-31 09:05:00-04:00,7693.5,7696.0,7692.75,7695.75,2650
2026-08-31 09:10:00-04:00,7695.75,7698.5,7695.0,7698.25,2297
2026-08-31 09:15:00-04:00,7698.25,7701.0,7698.25,7699.0,2891
2026-08-31 09:20:00-04:00,7699.0,7700.25,7698.5,7699.0,1610
2026-08-31 09:25:00-04:00,7698.75,7702.5,7697.5,7701.5,7567
2026-08-31 09:30:00-04:00,7701.25,7704.25,7690.75,7691.5,32203
2026-08-31 09:35:00-04:00,7691.75,7692.75,7685.25,7690.5,24557
2026-08-31 09:40:00-04:00,7690.5,7694.5,7685.25,7686.0,19277
2026-08-31 09:45:00-04:00,7686.25,7694.0,7682.5,7689.0,28456
2026-08-31 09:50:00-04:00,7689.0,7693.25,7685.5,7692.75,16129
2026-08-31 09:55:00-04:00,7692.75,7695.0,7688.75,7689.5,14414
2026-08-31 10:00:00-04:00,7689.75,7691.0,7685.0,7685.75,11254
2026-08-31 10:05:00-04:00,7685.75,7688.75,7682.25,7682.75,13248
2026-08-31 10:10:00-04:00,7682.75,7687.0,7681.25,7686.25,12181
2026-08-31 10:15:00-04:00,7686.25,7688.25,7683.5,7687.25,10499
2026-08-31 10:20:00-04:00,7687.25,7687.5,7677.5,7677.5,14190
2026-08-31 10:25:00-04:00,7677.5,7678.5,7674.75,7676.75,16527
2026-08-31 10:30:00-04:00,7676.75,7679.25,7675.75,7676.25,11400
2026-08-31 10:35:00-04:00,7676.5,7685.75,7675.75,7684.0,14304
2026-08-31 10:40:00-04:00,7684.0,7688.75,7683.75,7686.0,11695
2026-08-31 10:45:00-04:00,7686.0,7686.5,7681.5,7682.25,10869
2026-08-31 10:50:00-04:00,7682.0,7686.5,7681.5,7686.25,8575
2026-08-31 10:55:00-04:00,7686.25,7692.0,7685.25,7687.5,12981
2026-08-31 11:00:00-04:00,7687.5,7692.5,7684.75,7685.5,14390
2026-08-31 11:05:00-04:00,7685.5,7690.0,7684.0,7684.75,7668
2026-08-31 11:10:00-04:00,7684.75,7687.75,7683.25,7685.25,8140
2026-08-31 11:15:00-04:00,7685.5,7687.0,7681.5,7685.75,7592
2026-08-31 11:20:00-04:00,7685.5,7688.75,7683.75,7688.5,7365
2026-08-31 11:25:00-04:00,7688.5,7689.75,7686.0,7687.5,7746
2026-08-31 11:30:00-04:00,7687.25,7688.0,7682.25,7685.5,10548
2026-08-31 11:35:00-04:00,7685.5,7686.5,7682.25,7683.75,7032
2026-08-31 11:40:00-04:00,7684.0,7686.75,7681.75,7686.0,5814
2026-08-31 11:45:00-04:00,7686.25,7688.25,7684.25,7686.5,6128
2026-08-31 11:50:00-04:00,7686.5,7691.25,7686.25,7688.75,7974
2026-08-31 11:55:00-04:00,7688.5,7689.0,7680.75,7682.0,8045
2026-08-31 12:00:00-04:00,7682.0,7682.0,7678.0,7679.5,9848
2026-08-31 12:05:00-04:00,7679.25,7679.75,7677.25,7679.0,7200
2026-08-31 12:10:00-04:00,7679.0,7685.75,7678.25,7685.0,10161
2026-08-31 12:15:00-04:00,7685.0,7685.5,7680.5,7683.75,6727
2026-08-31 12:20:00-04:00,7683.75,7684.5,7680.25,7682.5,5906
2026-08-31 12:25:00-04:00,7682.5,7687.25,7682.25,7687.0,6128
2026-08-31 12:30:00-04:00,7686.75,7687.25,7684.0,7686.0,8977
2026-08-31 12:35:00-04:00,7686.0,7687.25,7679.75,7680.25,6138
2026-08-31 12:40:00-04:00,7680.25,7685.25,7679.5,7682.0,8228
2026-08-31 12:45:00-04:00,7681.75,7686.5,7681.75,7685.25,5658
2026-08-31 12:50:00-04:00,7685.25,7687.75,7684.75,7686.0,4655
2026-08-31 12:55:00-04:00,7686.0,7687.75,7685.5,7686.5,4637
2026-08-31 13:00:00-04:00,7686.5,7686.75,7683.5,7684.75,5562
2026-08-31 13:05:00-04:00,7684.75,7686.0,7683.0,7683.5,4181
2026-08-31 13:10:00-04:00,7683.75,7687.25,7683.5,7687.25,3921
2026-08-31 13:15:00-04:00,7687.0,7688.5,7684.75,7686.5,6124
2026-08-31 13:20:00-04:00,7686.5,7687.5,7684.75,7685.75,4681
2026-08-31 13:25:00-04:00,7685.75,7686.0,7681.5,7682.0,5584
2026-08-31 13:30:00-04:00,7682.0,7683.25,7679.25,7680.75,7925
2026-08-31 13:35:00-04:00,7680.75,7686.25,7680.75,7686.25,6177
2026-08-31 13:40:00-04:00,7686.0,7690.5,7685.5,7690.5,8828
2026-08-31 13:45:00-04:00,7690.5,7692.5,7689.25,7691.25,8728
2026-08-31 13:50:00-04:00,7691.25,7695.75,7691.0,7695.75,8444
2026-08-31 13:55:00-04:00,7695.5,7696.25,7691.5,7693.0,7394
2026-08-31 14:00:00-04:00,7693.0,7694.25,7689.75,7693.5,11400
2026-08-31 14:05:00-04:00,7693.75,7695.0,7692.25,7694.5,5362
2026-08-31 14:10:00-04:00,7694.25,7695.0,7692.25,7695.0,4300
2026-08-31 14:15:00-04:00,7694.75,7695.75,7693.25,7694.75,4790
2026-08-31 14:20:00-04:00,7694.5,7696.25,7692.75,7694.0,5326
2026-08-31 14:25:00-04:00,7694.0,7694.25,7690.75,7691.0,7143
2026-08-31 14:30:00-04:00,7690.75,7692.0,7687.75,7688.25,7541
2026-08-31 14:35:00-04:00,7688.25,7689.0,7680.5,7682.25,16495
2026-08-31 14:40:00-04:00,7682.25,7683.75,7678.0,7681.5,12933
2026-08-31 14:45:00-04:00,7681.25,7682.0,7679.5,7681.75,9558
2026-08-31 14:50:00-04:00,7682.0,7685.0,7679.75,7684.25,9472
2026-08-31 14:55:00-04:00,7684.0,7686.5,7683.25,7684.5,8319
2026-08-31 15:00:00-04:00,7684.5,7688.5,7684.5,7685.75,8671
2026-08-31 15:05:00-04:00,7686.0,7688.25,7684.5,7688.25,6580
2026-08-31 15:10:00-04:00,7688.25,7690.25,7687.25,7689.75,8740
2026-08-31 15:15:00-04:00,7689.75,7690.25,7687.75,7688.25,7908
2026-08-31 15:20:00-04:00,7688.0,7692.75,7687.75,7692.0,10940
2026-08-31 15:25:00-04:00,7692.0,7695.5,7690.5,7694.25,9642
2026-08-31 15:30:00-04:00,7694.25,7694.5,7689.75,7692.5,11751
2026-08-31 15:35:00-04:00,7692.25,7695.0,7691.75,7694.5,6783
2026-08-31 15:40:00-04:00,7694.25,7700.25,7693.75,7698.0,15035
2026-08-31 15:45:00-04:00,7698.0,7700.0,7693.75,7696.5,13471
2026-08-31 15:50:00-04:00,7696.5,7704.5,7696.5,7701.0,32869
2026-08-31 15:55:00-04:00,7701.25,7708.25,7693.75,7697.75,151910
2026-08-31 16:00:00-04:00,7697.75,7704.75,7696.5,7700.75,31135
2026-08-31 16:05:00-04:00,7700.75,7703.75,7700.5,7702.5,5128
2026-08-31 16:10:00-04:00,7702.75,7703.75,7701.0,7701.75,4897
2026-08-31 16:15:00-04:00,7701.5,7702.0,7700.75,7702.0,2421
2026-08-31 16:20:00-04:00,7702.0,7702.0,7700.75,7701.25,1213
2026-08-31 16:25:00-04:00,7701.25,7702.75,7701.0,7702.5,1211
2026-08-31 16:30:00-04:00,7702.5,7702.5,7701.0,7701.75,1353
2026-08-31 16:35:00-04:00,7702.0,7702.75,7701.75,7702.25,932
2026-08-31 16:40:00-04:00,7702.25,7703.0,7702.25,7702.5,714
2026-08-31 16:45:00-04:00,7702.25,7702.75,7700.5,7700.5,1559
2026-08-31 16:50:00-04:00,7700.5,7702.5,7700.25,7701.75,843
2026-08-31 16:55:00-04:00,7702.0,7702.25,7700.75,7701.25,1154
2026-08-31 18:00:00-04:00,7701.25,7702.5,7700.0,7702.0,0
2026-08-31 18:05:00-04:00,7702.25,7702.5,7701.0,7702.25,539
2026-08-31 18:10:00-04:00,7702.5,7702.75,7701.25,7702.25,678
2026-08-31 18:15:00-04:00,7702.5,7702.5,7700.75,7701.5,436
2026-08-31 18:20:00-04:00,7701.5,7702.0,7701.0,7701.75,261
2026-08-31 18:25:00-04:00,7702.0,7702.0,7701.25,7701.5,151
2026-08-31 18:30:00-04:00,7701.5,7702.25,7701.25,7702.0,235
2026-08-31 18:35:00-04:00,7701.75,7702.75,7701.75,7702.25,192
2026-08-31 18:40:00-04:00,7702.25,7702.5,7701.5,7701.5,199
2026-08-31 18:45:00-04:00,7701.75,7702.25,7700.75,7700.75,250
2026-08-31 18:50:00-04:00,7701.0,7701.0,7700.5,7700.5,375
2026-08-31 18:55:00-04:00,7700.5,7701.75,7700.5,7701.25,217
2026-08-31 19:00:00-04:00,7701.0,7702.25,7700.75,7701.25,498
2026-08-31 19:05:00-04:00,7701.25,7702.25,7701.25,7702.25,386
2026-08-31 19:10:00-04:00,7702.25,7703.25,7702.0,7702.25,522
2026-08-31 19:15:00-04:00,7702.25,7702.5,7701.25,7702.0,277
2026-08-31 19:20:00-04:00,7702.0,7702.0,7700.5,7701.0,166
2026-08-31 19:25:00-04:00,7701.25,7703.0,7701.0,7702.75,387
2026-08-31 19:30:00-04:00,7702.5,7705.0,7702.0,7704.5,508
2026-08-31 19:35:00-04:00,7704.5,7705.25,7702.75,7703.5,571
2026-08-31 19:40:00-04:00,7703.5,7704.25,7703.25,7704.0,492
2026-08-31 19:45:00-04:00,7704.0,7704.75,7702.25,7703.0,1338
2026-08-31 19:50:00-04:00,7702.75,7704.0,7702.5,7702.75,583
2026-08-31 19:55:00-04:00,7703.0,7703.5,7702.0,7703.5,508
2026-08-31 20:00:00-04:00,7703.75,7704.75,7700.5,7704.75,1692
2026-08-31 20:05:00-04:00,7704.75,7707.75,7704.25,7707.25,977
2026-08-31 20:10:00-04:00,7707.25,7707.5,7703.25,7703.75,590
2026-08-31 20:15:00-04:00,7703.5,7707.25,7702.5,7707.25,871
2026-08-31 20:20:00-04:00,7707.25,7708.0,7706.5,7706.5,668
2026-08-31 20:25:00-04:00,7706.5,7707.5,7705.75,7706.0,617
2026-08-31 20:30:00-04:00,7706.0,7707.5,7703.75,7705.0,694
2026-08-31 20:35:00-04:00,7704.75,7705.0,7703.5,7704.0,428
2026-08-31 20:40:00-04:00,7704.0,7706.75,7703.75,7705.5,617
2026-08-31 20:45:00-04:00,7705.75,7706.0,7704.0,7705.25,611
2026-08-31 20:50:00-04:00,7705.5,7705.75,7704.5,7704.75,317
2026-08-31 20:55:00-04:00,7705.0,7705.0,7704.0,7705.0,417
2026-08-31 21:00:00-04:00,7704.75,7705.75,7704.25,7704.75,1014
2026-08-31 21:05:00-04:00,7704.75,7705.0,7702.25,7703.5,1396
2026-08-31 21:10:00-04:00,7703.5,7704.75,7702.25,7704.75,1028
2026-08-31 21:15:00-04:00,7704.75,7704.75,7703.5,7703.75,433
2026-08-31 21:20:00-04:00,7704.0,7704.25,7702.5,7702.5,581
2026-08-31 21:25:00-04:00,7702.5,7702.75,7699.0,7699.5,1290
2026-08-31 21:30:00-04:00,7699.25,7702.5,7698.0,7702.5,1328
2026-08-31 21:35:00-04:00,7702.5,7705.0,7702.0,7703.5,934
2026-08-31 21:40:00-04:00,7703.5,7704.5,7702.0,7704.5,665
2026-08-31 21:45:00-04:00,7704.75,7705.25,7703.25,7704.25,821
2026-08-31 21:50:00-04:00,7704.0,7704.5,7702.5,7702.5,583
2026-08-31 21:55:00-04:00,7702.75,7704.25,7702.5,7703.25,455
2026-08-31 22:00:00-04:00,7703.0,7703.75,7702.0,7702.0,467
2026-08-31 22:05:00-04:00,7702.0,7702.25,7700.0,7700.25,990
2026-08-31 22:10:00-04:00,7700.25,7700.25,7698.25,7698.75,666
2026-08-31 22:15:00-04:00,7698.75,7699.25,7697.75,7698.75,574
2026-08-31 22:20:00-04:00,7699.0,7699.5,7697.5,7697.5,407
2026-08-31 22:25:00-04:00,7697.5,7697.5,7695.5,7696.75,830
2026-08-31 22:30:00-04:00,7696.75,7699.0,7696.5,7697.5,851
2026-08-31 22:35:00-04:00,7697.5,7697.5,7694.5,7694.75,379
2026-08-31 22:40:00-04:00,7694.75,7695.25,7693.75,7694.5,653
2026-08-31 22:45:00-04:00,7694.25,7696.25,7694.0,7695.5,724
2026-08-31 22:50:00-04:00,7695.75,7696.75,7695.5,7696.25,353
2026-08-31 22:55:00-04:00,7696.25,7700.5,7696.0,7700.25,783
2026-08-31 23:00:00-04:00,7700.25,7700.25,7697.0,7697.0,737
2026-08-31 23:05:00-04:00,7697.0,7698.25,7696.75,7697.25,375
2026-08-31 23:10:00-04:00,7697.0,7697.5,7696.25,7696.25,249
2026-08-31 23:15:00-04:00,7696.5,7697.5,7696.25,7696.75,332
2026-08-31 23:20:00-04:00,7696.75,7697.0,7696.25,7696.5,249
2026-08-31 23:25:00-04:00,7696.5,7697.5,7695.5,7695.75,466
2026-08-31 23:30:00-04:00,7696.0,7697.25,7695.25,7695.75,401
2026-08-31 23:35:00-04:00,7695.75,7697.5,7695.5,7697.0,350
2026-08-31 23:40:00-04:00,7697.0,7697.75,7696.5,7696.75,295
2026-08-31 23:45:00-04:00,7696.5,7697.75,7695.75,7697.5,549
2026-08-31 23:50:00-04:00,7697.5,7697.75,7696.25,7696.5,307
2026-08-31 23:55:00-04:00,7696.25,7696.5,7696.0,7696.5,206
2026-09-01 00:05:00-04:00,7696.5,7696.5,7696.0,7696.0,798
2026-09-01 00:10:00-04:00,7696.25,7697.0,7696.0,7696.5,244
2026-09-01 00:15:00-04:00,7696.5,7698.0,7696.5,7697.5,386
2026-09-01 00:20:00-04:00,7697.25,7698.0,7696.75,7697.0,211
2026-09-01 00:25:00-04:00,7697.25,7697.5,7695.0,7696.25,409
2026-09-01 00:30:00-04:00,7696.25,7697.25,7695.75,7696.25,298
2026-09-01 00:35:00-04:00,7696.5,7697.0,7695.5,7695.5,176
2026-09-01 00:40:00-04:00,7695.75,7696.0,7693.25,7693.5,453
2026-09-01 00:45:00-04:00,7693.75,7696.75,7693.5,7696.0,386
2026-09-01 00:50:00-04:00,7696.0,7696.25,7693.5,7693.5,273
2026-09-01 00:55:00-04:00,7693.5,7693.75,7692.0,7692.75,851
2026-09-01 01:00:00-04:00,7692.75,7692.75,7690.75,7692.5,667
2026-09-01 01:05:00-04:00,7692.75,7693.25,7692.5,7693.0,318
2026-09-01 01:10:00-04:00,7693.0,7693.0,7691.75,7691.75,351
2026-09-01 01:15:00-04:00,7691.75,7692.25,7690.5,7690.75,309
2026-09-01 01:20:00-04:00,7690.75,7691.25,7690.0,7691.25,527
2026-09-01 01:25:00-04:00,7691.25,7695.0,7691.0,7694.5,763
2026-09-01 01:30:00-04:00,7694.5,7696.75,7694.0,7695.75,1081
2026-09-01 01:35:00-04:00,7695.75,7701.25,7695.25,7699.5,1176
2026-09-01 01:40:00-04:00,7699.75,7703.25,7699.5,7702.75,1050
2026-09-01 01:45:00-04:00,7703.0,7703.5,7701.5,7701.75,752
2026-09-01 01:50:00-04:00,7701.75,7703.5,7701.25,7703.25,704
2026-09-01 01:55:00-04:00,7703.25,7706.25,7703.25,7704.5,1538
2026-09-01 02:00:00-04:00,7704.75,7705.5,7702.0,7702.0,1188
2026-09-01 02:05:00-04:00,7702.25,7703.5,7701.0,7701.0,1708
2026-09-01 02:10:00-04:00,7701.25,7701.75,7700.0,7700.5,985
2026-09-01 02:15:00-04:00,7700.25,7700.5,7698.0,7699.25,969
2026-09-01 02:20:00-04:00,7699.25,7700.0,7697.25,7697.75,848
2026-09-01 02:25:00-04:00,7698.0,7699.5,7696.5,7696.75,475
2026-09-01 02:30:00-04:00,7696.75,7699.5,7696.0,7697.75,655
2026-09-01 02:35:00-04:00,7697.5,7700.25,7696.0,7700.0,386
2026-09-01 02:40:00-04:00,7700.0,7700.0,7698.75,7699.25,257
2026-09-01 02:45:00-04:00,7699.5,7699.5,7697.75,7698.0,319
2026-09-01 02:50:00-04:00,7698.0,7699.0,7697.5,7699.0,426
2026-09-01 02:55:00-04:00,7698.75,7699.0,7697.25,7697.5,799
2026-09-01 03:00:00-04:00,7697.25,7704.5,7696.5,7704.25,2910
2026-09-01 03:05:00-04:00,7704.0,7705.5,7701.0,7701.0,1850
2026-09-01 03:10:00-04:00,7701.0,7705.25,7698.75,7705.0,1418
2026-09-01 03:15:00-04:00,7704.75,7705.25,7701.25,7703.0,604
2026-09-01 03:20:00-04:00,7703.0,7704.25,7701.5,7702.5,614
2026-09-01 03:25:00-04:00,7702.25,7704.5,7702.25,7703.0,567
2026-09-01 03:30:00-04:00,7703.0,7703.25,7698.5,7698.75,1726
2026-09-01 03:35:00-04:00,7698.5,7698.5,7692.25,7692.25,2065
2026-09-01 03:40:00-04:00,7692.5,7693.25,7691.0,7691.25,1473
2026-09-01 03:45:00-04:00,7691.0,7693.75,7687.0,7693.25,2156
2026-09-01 03:50:00-04:00,7693.0,7694.0,7692.0,7692.25,1335
2026-09-01 03:55:00-04:00,7692.25,7693.25,7689.25,7690.5,1635
2026-09-01 04:00:00-04:00,7690.5,7691.25,7687.75,7689.5,1630
2026-09-01 04:05:00-04:00,7689.25,7693.0,7673.5,7675.25,7816
2026-09-01 04:10:00-04:00,7675.25,7678.75,7674.0,7676.5,2962
2026-09-01 04:15:00-04:00,7677.0,7679.25,7670.5,7672.5,2898
2026-09-01 04:20:00-04:00,7672.5,7673.0,7667.75,7668.5,4102
2026-09-01 04:25:00-04:00,7668.5,7669.5,7664.5,7665.75,4968
2026-09-01 04:30:00-04:00,7665.75,7669.0,7663.75,7668.0,3823
2026-09-01 04:35:00-04:00,7668.0,7668.0,7661.25,7662.75,4230
2026-09-01 04:40:00-04:00,7663.0,7664.75,7658.75,7661.0,4337
2026-09-01 04:45:00-04:00,7661.0,7663.25,7659.5,7661.5,2800
2026-09-01 04:50:00-04:00,7661.5,7665.0,7660.0,7663.75,2519
2026-09-01 04:55:00-04:00,7663.75,7666.0,7658.5,7658.5,2907
2026-09-01 05:00:00-04:00,7658.75,7660.0,7656.5,7658.25,2907
2026-09-01 05:05:00-04:00,7658.25,7659.0,7653.5,7654.0,3157
2026-09-01 05:10:00-04:00,7654.25,7655.75,7651.5,7652.25,2940
2026-09-01 05:15:00-04:00,7652.0,7654.5,7650.25,7652.0,3185
2026-09-01 05:20:00-04:00,7652.0,7652.5,7649.75,7650.0,2773
2026-09-01 05:25:00-04:00,7650.25,7651.5,7648.5,7651.0,1643
2026-09-01 05:30:00-04:00,7651.25,7653.25,7650.0,7652.75,2453
2026-09-01 05:35:00-04:00,7652.75,7653.5,7649.5,7650.0,2329
2026-09-01 05:40:00-04:00,7650.0,7653.25,7649.75,7652.5,1397
2026-09-01 05:45:00-04:00,7652.75,7656.25,7652.5,7655.0,1910
2026-09-01 05:50:00-04:00,7654.75,7655.75,7654.25,7655.25,1055
2026-09-01 05:55:00-04:00,7655.5,7655.75,7653.25,7653.25,1612
2026-09-01 06:00:00-04:00,7653.5,7655.75,7650.75,7652.5,1697
2026-09-01 06:05:00-04:00,7652.75,7654.5,7652.25,7653.0,1075
2026-09-01 06:10:00-04:00,7653.25,7656.5,7652.5,7655.5,944
2026-09-01 06:15:00-04:00,7655.5,7656.5,7653.25,7654.75,1638
2026-09-01 06:20:00-04:00,7655.0,7661.25,7654.75,7661.0,1930
2026-09-01 06:25:00-04:00,7661.0,7662.0,7660.0,7660.5,1389
2026-09-01 06:30:00-04:00,7660.5,7663.75,7660.5,7663.75,1192
2026-09-01 06:35:00-04:00,7663.75,7664.5,7662.75,7663.0,877
2026-09-01 06:40:00-04:00,7663.0,7663.0,7658.75,7659.0,1562
2026-09-01 06:45:00-04:00,7659.0,7662.5,7657.75,7658.75,3955
2026-09-01 06:50:00-04:00,7658.75,7658.75,7654.25,7656.5,1446
2026-09-01 06:55:00-04:00,7656.25,7657.25,7655.75,7656.5,984
2026-09-01 07:00:00-04:00,7656.25,7657.0,7653.75,7656.0,2044
2026-09-01 07:05:00-04:00,7655.75,7656.0,7652.5,7655.25,2005
2026-09-01 07:10:00-04:00,7655.25,7656.75,7655.0,7655.75,1332
2026-09-01 07:15:00-04:00,7655.75,7657.25,7655.5,7657.0,1424
2026-09-01 07:20:00-04:00,7657.0,7658.25,7654.5,7655.25,1648
2026-09-01 07:25:00-04:00,7655.25,7657.75,7654.5,7657.25,1793
2026-09-01 07:30:00-04:00,7657.0,7659.5,7656.75,7657.5,1958
2026-09-01 07:35:00-04:00,7657.5,7662.25,7656.75,7662.0,1809
2026-09-01 07:40:00-04:00,7662.25,7663.25,7660.75,7660.75,1444
2026-09-01 07:45:00-04:00,7661.0,7661.5,7659.0,7659.5,1481
2026-09-01 07:50:00-04:00,7659.5,7660.25,7657.0,7657.5,1416
2026-09-01 07:55:00-04:00,7657.25,7657.25,7651.25,7652.5,2734
2026-09-01 08:00:00-04:00,7652.25,7653.0,7650.0,7652.5,3809
2026-09-01 08:05:00-04:00,7652.5,7653.0,7649.75,7650.5,2635
2026-09-01 08:10:00-04:00,7650.5,7652.5,7648.5,7652.25,2655
2026-09-01 08:15:00-04:00,7652.0,7654.75,7650.5,7650.5,3220
2026-09-01 08:20:00-04:00,7650.5,7652.5,7648.75,7651.25,2492
2026-09-01 08:25:00-04:00,7651.25,7654.0,7650.5,7653.25,1925
2026-09-01 08:30:00-04:00,7653.0,7653.0,7647.25,7649.0,3803
2026-09-01 08:35:00-04:00,7648.75,7651.0,7645.0,7648.5,4378
2026-09-01 08:40:00-04:00,7648.25,7649.25,7646.0,7647.75,3141
2026-09-01 08:45:00-04:00,7647.5,7651.5,7647.25,7647.75,3145
2026-09-01 08:50:00-04:00,7647.75,7649.5,7646.5,7647.75,3139
2026-09-01 08:55:00-04:00,7647.75,7649.25,7647.0,7647.5,1971
2026-09-01 09:00:00-04:00,7647.25,7647.5,7640.5,7643.25,5789
2026-09-01 09:05:00-04:00,7643.25,7645.25,7641.75,7644.0,5610
2026-09-01 09:10:00-04:00,7644.0,7645.25,7642.75,7644.0,2930
2026-09-01 09:15:00-04:00,7644.0,7645.75,7643.0,7645.25,4251
2026-09-01 09:20:00-04:00,7645.25,7648.0,7644.5,7647.75,4361
2026-09-01 09:25:00-04:00,7647.75,7648.75,7644.75,7647.0,6579
2026-09-01 09:30:00-04:00,7647.0,7648.25,7638.75,7646.25,46364
2026-09-01 09:35:00-04:00,7646.25,7650.75,7642.75,7644.75,24853
2026-09-01 09:40:00-04:00,7644.5,7648.25,7641.0,7646.5,18427
2026-09-01 09:45:00-04:00,7646.5,7649.0,7643.75,7649.0,17183
2026-09-01 09:50:00-04:00,7649.0,7652.75,7642.75,7645.0,17755
2026-09-01 09:55:00-04:00,7645.25,7648.0,7641.5,7647.0,15296
2026-09-01 10:00:00-04:00,7647.25,7652.75,7644.5,7648.5,19448
2026-09-01 10:05:00-04:00,7648.75,7656.75,7648.75,7656.25,18133
2026-09-01 10:10:00-04:00,7656.25,7658.0,7651.75,7657.0,18262
2026-09-01 10:15:00-04:00,7657.0,7662.5,7656.75,7660.25,23254
2026-09-01 10:20:00-04:00,7660.25,7667.75,7660.25,7664.0,24174
2026-09-01 10:25:00-04:00,7664.0,7667.25,7663.25,7664.75,19287
2026-09-01 10:30:00-04:00,7664.75,7672.25,7664.5,7671.5,21393
2026-09-01 10:35:00-04:00,7671.5,7673.0,7668.0,7669.75,17553
2026-09-01 10:40:00-04:00,7670.0,7670.75,7665.75,7668.5,13819
2026-09-01 10:45:00-04:00,7668.75,7670.75,7666.25,7666.5,12915
2026-09-01 10:50:00-04:00,7666.25,7666.5,7662.0,7663.0,17952
2026-09-01 10:55:00-04:00,7663.0,7664.0,7660.25,7662.25,13962
2026-09-01 11:00:00-04:00,7662.5,7663.5,7657.0,7658.0,16734
2026-09-01 11:05:00-04:00,7658.0,7658.75,7653.75,7654.75,16794
2026-09-01 11:10:00-04:00,7654.75,7658.75,7654.0,7656.25,12849
2026-09-01 11:15:00-04:00,7656.25,7660.75,7655.5,7660.0,11215
2026-09-01 11:20:00-04:00,7660.0,7661.75,7657.75,7661.25,10954
2026-09-01 11:25:00-04:00,7661.25,7663.0,7658.75,7662.75,10855
2026-09-01 11:30:00-04:00,7663.0,7664.75,7661.25,7663.25,16042
2026-09-01 11:35:00-04:00,7663.0,7668.0,7661.75,7667.75,11945
2026-09-01 11:40:00-04:00,7668.0,7669.5,7666.5,7669.25,11934
2026-09-01 11:45:00-04:00,7669.0,7673.0,7668.0,7672.75,18028
2026-09-01 11:50:00-04:00,7672.75,7673.75,7669.75,7672.25,11465
2026-09-01 11:55:00-04:00,7672.5,7672.75,7668.25,7670.0,9661
2026-09-01 12:00:00-04:00,7670.0,7670.5,7667.5,7669.5,9746
2026-09-01 12:05:00-04:00,7669.25,7670.0,7664.75,7666.0,10354
2026-09-01 12:10:00-04:00,7665.75,7668.0,7661.75,7662.0,11420
2026-09-01 12:15:00-04:00,7662.25,7663.0,7656.25,7657.0,14885
2026-09-01 12:20:00-04:00,7657.0,7657.75,7650.5,7655.25,24862
2026-09-01 12:25:00-04:00,7655.25,7656.25,7649.25,7652.0,25740
2026-09-01 12:30:00-04:00,7652.0,7653.25,7642.5,7643.75,24082
2026-09-01 12:35:00-04:00,7643.75,7649.0,7643.75,7649.0,18246
2026-09-01 12:40:00-04:00,7649.0,7650.75,7643.5,7643.75,13822
2026-09-01 12:45:00-04:00,7643.75,7647.0,7643.0,7646.25,10811
2026-09-01 12:50:00-04:00,7646.25,7647.5,7644.25,7645.5,9149
2026-09-01 12:55:00-04:00,7645.75,7650.75,7645.75,7649.5,10121
2026-09-01 13:00:00-04:00,7649.5,7649.5,7643.5,7643.75,11282
2026-09-01 13:05:00-04:00,7643.5,7645.0,7641.75,7643.75,10355
2026-09-01 13:10:00-04:00,7643.75,7647.5,7643.0,7646.5,10056
2026-09-01 13:15:00-04:00,7646.25,7648.25,7641.75,7642.75,10105
2026-09-01 13:20:00-04:00,7642.75,7644.5,7641.75,7642.75,7571
2026-09-01 13:25:00-04:00,7643.0,7644.0,7635.0,7643.5,19416
2026-09-01 13:30:00-04:00,7643.75,7647.25,7642.75,7646.5,12479
2026-09-01 13:35:00-04:00,7646.75,7649.0,7644.5,7645.75,9840
2026-09-01 13:40:00-04:00,7645.75,7649.0,7645.25,7647.25,7920
2026-09-01 13:45:00-04:00,7647.25,7648.0,7642.25,7642.5,8148
2026-09-01 13:50:00-04:00,7642.5,7645.0,7641.25,7642.25,8619
2026-09-01 13:55:00-04:00,7642.5,7645.5,7641.25,7644.75,7514
2026-09-01 14:00:00-04:00,7645.0,7647.0,7642.25,7642.75,8569
2026-09-01 14:05:00-04:00,7642.75,7643.75,7641.0,7643.25,6950
2026-09-01 14:10:00-04:00,7643.0,7644.0,7639.75,7640.25,6855
2026-09-01 14:15:00-04:00,7640.25,7645.0,7639.25,7644.5,9177
2026-09-01 14:20:00-04:00,7644.5,7645.25,7641.75,7643.25,6851
2026-09-01 14:25:00-04:00,7643.25,7643.25,7637.25,7638.75,13258
2026-09-01 14:30:00-04:00,7638.75,7639.5,7633.5,7634.25,15630
2026-09-01 14:35:00-04:00,7634.25,7636.0,7631.75,7632.0,11021
2026-09-01 14:40:00-04:00,7632.0,7633.25,7623.5,7624.0,21747
2026-09-01 14:45:00-04:00,7624.0,7629.5,7621.5,7628.75,19555
2026-09-01 14:50:00-04:00,7628.75,7630.5,7627.0,7629.25,11565
2026-09-01 14:55:00-04:00,7629.0,7635.75,7628.25,7634.0,16730
2026-09-01 15:00:00-04:00,7634.0,7639.0,7632.75,7638.5,17329
2026-09-01 15:05:00-04:00,7638.25,7638.75,7635.25,7637.75,12851
2026-09-01 15:10:00-04:00,7637.75,7641.75,7637.25,7641.75,13765
2026-09-01 15:15:00-04:00,7641.5,7643.0,7639.0,7641.25,12770
2026-09-01 15:20:00-04:00,7641.0,7641.75,7637.5,7640.0,11642
2026-09-01 15:25:00-04:00,7640.0,7641.5,7638.5,7640.75,8820
2026-09-01 15:30:00-04:00,7640.75,7641.0,7634.5,7638.25,15797
2026-09-01 15:35:00-04:00,7638.25,7640.25,7635.25,7635.5,10702
2026-09-01 15:40:00-04:00,7635.75,7639.75,7634.25,7637.75,11906
2026-09-01 15:45:00-04:00,7637.75,7641.75,7636.75,7639.75,16296
2026-09-01 15:50:00-04:00,7639.75,7640.25,7633.0,7636.5,25119
2026-09-01 15:55:00-04:00,7636.75,7645.5,7633.0,7644.0,97036
2026-09-01 16:00:00-04:00,7644.0,7647.25,7640.75,7643.0,29065
2026-09-01 16:05:00-04:00,7643.0,7645.0,7641.25,7643.5,5787
2026-09-01 16:10:00-04:00,7643.5,7645.0,7643.0,7644.5,3336
2026-09-01 16:15:00-04:00,7644.5,7648.0,7644.25,7647.5,3547
2026-09-01 16:20:00-04:00,7647.75,7648.75,7647.25,7647.75,1506
2026-09-01 16:25:00-04:00,7647.5,7648.25,7646.75,7647.0,1301
2026-09-01 16:30:00-04:00,7646.75,7647.5,7645.5,7645.5,1396
2026-09-01 16:35:00-04:00,7645.75,7646.0,7645.5,7645.75,946
2026-09-01 16:40:00-04:00,7645.75,7648.75,7645.0,7647.5,2288
2026-09-01 16:45:00-04:00,7647.25,7647.5,7646.0,7646.75,1247
2026-09-01 16:50:00-04:00,7646.5,7648.0,7646.5,7647.5,1449
2026-09-01 16:55:00-04:00,7647.5,7648.0,7645.75,7647.5,1449
2026-09-01 18:00:00-04:00,7645.0,7648.0,7642.75,7643.0,0
2026-09-01 18:05:00-04:00,7643.0,7644.25,7641.5,7643.0,761
2026-09-01 18:10:00-04:00,7642.75,7642.75,7641.5,7642.5,266
2026-09-01 18:15:00-04:00,7642.25,7643.25,7642.25,7642.75,258
2026-09-01 18:20:00-04:00,7642.5,7643.25,7641.75,7643.25,317
2026-09-01 18:25:00-04:00,7643.0,7644.0,7642.25,7643.25,325
2026-09-01 18:30:00-04:00,7643.0,7644.25,7643.0,7643.5,210
2026-09-01 18:35:00-04:00,7643.5,7644.25,7642.75,7643.75,396
2026-09-01 18:40:00-04:00,7644.0,7644.0,7643.0,7643.25,133
2026-09-01 18:45:00-04:00,7643.5,7646.25,7643.5,7646.0,553
2026-09-01 18:50:00-04:00,7645.75,7647.25,7645.5,7645.5,434
2026-09-01 18:55:00-04:00,7645.5,7646.5,7644.75,7645.25,215
2026-09-01 19:00:00-04:00,7645.25,7646.0,7645.0,7645.25,391
2026-09-01 19:05:00-04:00,7645.5,7646.0,7645.0,7645.25,140
2026-09-01 19:10:00-04:00,7645.5,7646.0,7645.25,7645.5,108
2026-09-01 19:15:00-04:00,7645.75,7646.0,7645.25,7645.25,126
2026-09-01 19:20:00-04:00,7645.5,7646.0,7644.25,7645.25,271
2026-09-01 19:25:00-04:00,7645.0,7645.75,7644.75,7645.75,219
2026-09-01 19:30:00-04:00,7646.0,7646.25,7645.0,7645.75,203
2026-09-01 19:35:00-04:00,7645.5,7646.5,7645.5,7645.75,136
2026-09-01 19:40:00-04:00,7645.5,7646.75,7645.5,7646.25,82
2026-09-01 19:45:00-04:00,7646.5,7647.25,7645.5,7646.5,372
2026-09-01 19:50:00-04:00,7646.5,7647.0,7645.5,7646.25,295
2026-09-01 19:55:00-04:00,7646.25,7647.0,7646.0,7646.25,407
2026-09-01 20:00:00-04:00,7646.5,7647.0,7644.25,7645.0,767
2026-09-01 20:05:00-04:00,7645.0,7646.25,7641.75,7644.75,1194
2026-09-01 20:10:00-04:00,7644.5,7646.0,7643.25,7644.5,945
2026-09-01 20:15:00-04:00,7644.5,7647.25,7644.5,7645.5,1223
2026-09-01 20:20:00-04:00,7645.5,7651.5,7645.25,7647.25,2152
2026-09-01 20:25:00-04:00,7647.25,7647.25,7644.0,7644.25,964
2026-09-01 20:30:00-04:00,7644.25,7647.0,7643.0,7643.75,957
2026-09-01 20:35:00-04:00,7643.75,7645.75,7643.5,7644.5,703
2026-09-01 20:40:00-04:00,7644.25,7645.75,7642.25,7645.5,710
2026-09-01 20:45:00-04:00,7645.5,7646.25,7644.75,7645.5,388
2026-09-01 20:50:00-04:00,7645.25,7645.5,7643.0,7643.0,532
2026-09-01 20:55:00-04:00,7643.25,7644.75,7640.0,7640.0,1054
2026-09-01 21:00:00-04:00,7640.0,7642.75,7639.25,7641.75,1662
2026-09-01 21:05:00-04:00,7641.75,7642.0,7639.0,7639.5,883
2026-09-01 21:10:00-04:00,7639.25,7640.25,7637.0,7638.5,1543
2026-09-01 21:15:00-04:00,7638.25,7640.75,7638.0,7640.0,1847
2026-09-01 21:20:00-04:00,7640.25,7642.0,7639.0,7642.0,688
2026-09-01 21:25:00-04:00,7642.0,7642.75,7640.0,7640.75,488
2026-09-01 21:30:00-04:00,7641.0,7641.75,7639.0,7641.75,440
2026-09-01 21:35:00-04:00,7642.0,7642.25,7637.25,7637.75,912
2026-09-01 21:40:00-04:00,7637.75,7638.5,7636.25,7637.0,1203
2026-09-01 21:45:00-04:00,7637.0,7637.5,7635.25,7635.75,1141
2026-09-01 21:50:00-04:00,7635.75,7635.75,7632.25,7634.5,2409
2026-09-01 21:55:00-04:00,7634.5,7637.0,7634.25,7636.75,1372
2026-09-01 22:00:00-04:00,7637.0,7637.0,7633.5,7634.0,687
2026-09-01 22:05:00-04:00,7634.25,7635.75,7633.75,7634.5,882
2026-09-01 22:10:00-04:00,7634.5,7637.0,7634.5,7636.75,538
2026-09-01 22:15:00-04:00,7636.5,7639.75,7636.5,7639.5,775
2026-09-01 22:20:00-04:00,7639.5,7641.75,7638.75,7641.0,961
2026-09-01 22:25:00-04:00,7640.75,7641.75,7640.25,7640.25,557
2026-09-01 22:30:00-04:00,7640.5,7640.5,7638.5,7639.25,745
2026-09-01 22:35:00-04:00,7639.25,7639.75,7638.0,7639.0,453
2026-09-01 22:40:00-04:00,7639.0,7640.5,7639.0,7640.25,366
2026-09-01 22:45:00-04:00,7640.25,7641.5,7640.25,7641.25,375
2026-09-01 22:50:00-04:00,7641.0,7641.75,7640.25,7640.5,464
2026-09-01 22:55:00-04:00,7640.5,7641.25,7639.5,7641.0,1138
2026-09-01 23:00:00-04:00,7641.25,7642.0,7639.75,7639.75,791
2026-09-01 23:05:00-04:00,7639.75,7640.25,7638.0,7640.25,704
2026-09-01 23:10:00-04:00,7640.0,7641.75,7639.75,7640.75,589
2026-09-01 23:15:00-04:00,7640.75,7641.0,7639.5,7640.0,358
2026-09-01 23:20:00-04:00,7639.75,7640.0,7638.5,7639.25,346
2026-09-01 23:25:00-04:00,7639.25,7640.0,7637.75,7638.0,431
2026-09-01 23:30:00-04:00,7638.25,7638.25,7635.75,7636.75,672
2026-09-01 23:35:00-04:00,7636.5,7638.0,7636.0,7637.75,408
2026-09-01 23:40:00-04:00,7637.75,7638.25,7635.75,7636.0,440
2026-09-01 23:45:00-04:00,7636.0,7637.0,7635.5,7635.75,349
2026-09-01 23:50:00-04:00,7635.5,7635.75,7634.25,7635.75,564
2026-09-01 23:55:00-04:00,7635.5,7635.75,7634.5,7635.5,344
2026-09-02 00:05:00-04:00,7635.25,7635.25,7633.25,7633.5,902
2026-09-02 00:10:00-04:00,7633.5,7634.75,7632.75,7634.5,490
2026-09-02 00:15:00-04:00,7634.5,7636.25,7634.0,7635.75,543
2026-09-02 00:20:00-04:00,7635.75,7636.0,7634.0,7634.75,417
2026-09-02 00:25:00-04:00,7634.75,7635.5,7634.0,7634.25,258
2026-09-02 00:30:00-04:00,7634.25,7636.5,7634.0,7636.0,352
2026-09-02 00:35:00-04:00,7635.5,7636.0,7634.25,7634.25,192
2026-09-02 00:40:00-04:00,7634.5,7635.25,7634.0,7634.75,400
2026-09-02 00:45:00-04:00,7634.75,7636.0,7634.25,7634.5,376
2026-09-02 00:50:00-04:00,7634.75,7635.75,7634.75,7635.5,207
2026-09-02 00:55:00-04:00,7635.5,7635.75,7634.75,7635.25,258
2026-09-02 01:00:00-04:00,7635.5,7636.0,7633.0,7633.75,333
2026-09-02 01:05:00-04:00,7633.75,7634.5,7632.75,7633.0,361
2026-09-02 01:10:00-04:00,7633.0,7637.5,7633.0,7637.0,603
2026-09-02 01:15:00-04:00,7637.0,7639.75,7636.75,7639.25,956
2026-09-02 01:20:00-04:00,7639.25,7639.25,7637.5,7639.25,561
2026-09-02 01:25:00-04:00,7639.25,7640.75,7639.0,7640.5,678
2026-09-02 01:30:00-04:00,7640.5,7643.0,7638.75,7639.75,1622
2026-09-02 01:35:00-04:00,7639.5,7640.5,7637.0,7637.0,585
2026-09-02 01:40:00-04:00,7637.25,7641.5,7637.0,7641.25,425
2026-09-02 01:45:00-04:00,7641.5,7641.75,7640.5,7640.5,325
2026-09-02 01:50:00-04:00,7640.25,7641.0,7636.0,7636.0,553
2026-09-02 01:55:00-04:00,7636.25,7638.0,7635.75,7637.25,302
2026-09-02 02:00:00-04:00,7637.5,7639.25,7633.75,7634.25,1095
2026-09-02 02:05:00-04:00,7634.5,7635.75,7633.75,7635.5,680
2026-09-02 02:10:00-04:00,7635.75,7637.0,7634.75,7635.75,734
2026-09-02 02:15:00-04:00,7636.0,7636.5,7631.75,7632.0,749
2026-09-02 02:20:00-04:00,7632.25,7633.25,7631.75,7633.25,795
2026-09-02 02:25:00-04:00,7633.25,7636.25,7632.0,7632.25,1283
2026-09-02 02:30:00-04:00,7632.25,7634.0,7631.75,7633.75,1322
2026-09-02 02:35:00-04:00,7633.5,7639.5,7633.25,7639.5,1433
2026-09-02 02:40:00-04:00,7639.5,7643.0,7639.0,7639.75,1509
2026-09-02 02:45:00-04:00,7640.0,7640.0,7637.75,7638.0,574
2026-09-02 02:50:00-04:00,7638.0,7639.0,7637.0,7637.25,449
2026-09-02 02:55:00-04:00,7637.5,7641.5,7637.5,7641.25,686
2026-09-02 03:00:00-04:00,7641.25,7645.0,7639.25,7644.0,1777
2026-09-02 03:05:00-04:00,7643.75,7647.25,7643.75,7646.75,1744
2026-09-02 03:10:00-04:00,7646.75,7647.25,7643.25,7643.75,1510
2026-09-02 03:15:00-04:00,7643.5,7646.5,7643.0,7645.75,1158
2026-09-02 03:20:00-04:00,7645.5,7645.5,7642.5,7643.0,917
2026-09-02 03:25:00-04:00,7642.75,7643.5,7639.75,7643.0,1607
2026-09-02 03:30:00-04:00,7642.75,7643.5,7641.5,7642.75,793
2026-09-02 03:35:00-04:00,7643.0,7643.25,7639.5,7639.75,689
2026-09-02 03:40:00-04:00,7639.75,7641.75,7638.0,7639.0,1022
2026-09-02 03:45:00-04:00,7639.0,7640.0,7637.25,7637.5,1040
2026-09-02 03:50:00-04:00,7637.5,7640.0,7635.25,7639.25,1049
2026-09-02 03:55:00-04:00,7638.75,7640.0,7637.5,7637.5,350
2026-09-02 04:00:00-04:00,7637.5,7642.75,7636.0,7642.75,1051
2026-09-02 04:05:00-04:00,7642.5,7643.0,7638.25,7640.0,849
2026-09-02 04:10:00-04:00,7640.25,7642.25,7639.5,7640.0,611
2026-09-02 04:15:00-04:00,7640.0,7642.0,7637.75,7637.75,459
2026-09-02 04:20:00-04:00,7638.0,7638.5,7635.5,7636.5,725
2026-09-02 04:25:00-04:00,7636.5,7638.5,7635.5,7636.5,474
2026-09-02 04:30:00-04:00,7636.75,7639.25,7636.0,7636.25,1303
2026-09-02 04:35:00-04:00,7636.25,7637.5,7634.75,7636.5,545
2026-09-02 04:40:00-04:00,7636.75,7637.5,7633.5,7634.25,593
2026-09-02 04:45:00-04:00,7634.25,7634.5,7632.25,7633.0,721
2026-09-02 04:50:00-04:00,7632.75,7633.25,7623.25,7624.25,3173
2026-09-02 04:55:00-04:00,7624.5,7627.5,7623.25,7626.5,2007
2026-09-02 05:00:00-04:00,7626.5,7631.5,7626.0,7630.25,1668
2026-09-02 05:05:00-04:00,7630.25,7633.0,7628.75,7629.5,938
2026-09-02 05:10:00-04:00,7629.5,7630.5,7624.25,7624.5,1471
2026-09-02 05:15:00-04:00,7624.5,7628.5,7623.75,7628.25,1499
2026-09-02 05:20:00-04:00,7628.0,7628.5,7623.5,7624.75,1403
2026-09-02 05:25:00-04:00,7624.5,7626.5,7624.0,7626.0,1393
2026-09-02 05:30:00-04:00,7626.0,7626.25,7622.0,7622.75,2117
2026-09-02 05:35:00-04:00,7622.5,7624.5,7621.5,7623.25,1702
2026-09-02 05:40:00-04:00,7623.5,7624.5,7622.5,7623.0,789
2026-09-02 05:45:00-04:00,7623.0,7624.75,7622.5,7624.5,1023
2026-09-02 05:50:00-04:00,7624.25,7625.25,7623.75,7624.25,1074
2026-09-02 05:55:00-04:00,7624.5,7626.0,7624.25,7625.75,977
2026-09-02 06:00:00-04:00,7625.75,7626.25,7621.75,7622.0,1238
2026-09-02 06:05:00-04:00,7621.75,7622.75,7621.25,7621.5,1097
2026-09-02 06:10:00-04:00,7621.5,7626.0,7621.5,7626.0,957
2026-09-02 06:15:00-04:00,7625.75,7626.75,7624.75,7625.25,715
2026-09-02 06:20:00-04:00,7625.0,7626.25,7624.5,7625.5,779
2026-09-02 06:25:00-04:00,7625.25,7628.75,7625.25,7627.0,1841
2026-09-02 06:30:00-04:00,7626.75,7627.25,7623.75,7625.5,1188
2026-09-02 06:35:00-04:00,7625.5,7626.0,7623.0,7623.5,999
2026-09-02 06:40:00-04:00,7623.25,7624.0,7622.75,7623.25,873
2026-09-02 06:45:00-04:00,7623.5,7625.0,7622.5,7625.0,873
2026-09-02 06:50:00-04:00,7625.0,7625.0,7621.75,7624.25,784
2026-09-02 06:55:00-04:00,7624.25,7626.75,7623.75,7626.75,1020
2026-09-02 07:00:00-04:00,7626.5,7627.0,7618.5,7620.0,3280
2026-09-02 07:05:00-04:00,7620.0,7630.25,7619.25,7628.25,3058
2026-09-02 07:10:00-04:00,7628.0,7635.75,7626.25,7634.25,3806
2026-09-02 07:15:00-04:00,7634.25,7635.5,7629.75,7632.75,2888
2026-09-02 07:20:00-04:00,7632.5,7634.5,7631.5,7634.25,1065
2026-09-02 07:25:00-04:00,7634.25,7638.0,7633.5,7635.75,2230
2026-09-02 07:30:00-04:00,7636.0,7640.75,7635.0,7640.5,2357
2026-09-02 07:35:00-04:00,7640.75,7641.75,7639.75,7640.5,1998
2026-09-02 07:40:00-04:00,7640.25,7640.5,7636.75,7637.75,2212
2026-09-02 07:45:00-04:00,7637.75,7639.0,7637.25,7637.75,1005
2026-09-02 07:50:00-04:00,7637.75,7641.25,7637.25,7640.0,1330
2026-09-02 07:55:00-04:00,7640.25,7646.25,7639.0,7646.25,3102
2026-09-02 08:00:00-04:00,7646.25,7647.75,7645.0,7647.5,3261
2026-09-02 08:05:00-04:00,7647.5,7651.25,7647.0,7647.0,4780
2026-09-02 08:10:00-04:00,7647.0,7654.0,7645.5,7653.0,4636
2026-09-02 08:15:00-04:00,7652.5,7653.0,7649.0,7649.25,3111
2026-09-02 08:20:00-04:00,7649.25,7658.75,7649.0,7653.25,9906
2026-09-02 08:25:00-04:00,7653.25,7653.75,7649.5,7650.25,3923
2026-09-02 08:30:00-04:00,7650.0,7650.75,7646.5,7647.5,3870
2026-09-02 08:35:00-04:00,7647.5,7648.0,7644.25,7645.5,2477
2026-09-02 08:40:00-04:00,7645.5,7646.75,7644.75,7645.25,1938
2026-09-02 08:45:00-04:00,7645.25,7645.5,7643.5,7643.75,2357
2026-09-02 08:50:00-04:00,7643.75,7644.25,7640.25,7640.75,3077
2026-09-02 08:55:00-04:00,7640.75,7641.25,7639.25,7640.25,2580
2026-09-02 09:00:00-04:00,7640.0,7643.75,7639.75,7643.0,3122
2026-09-02 09:05:00-04:00,7643.0,7645.75,7643.0,7644.5,3164
2026-09-02 09:10:00-04:00,7644.25,7645.25,7642.75,7643.75,2030
2026-09-02 09:15:00-04:00,7643.75,7646.25,7643.0,7645.25,1797
2026-09-02 09:20:00-04:00,7645.5,7649.25,7644.75,7648.75,2852
2026-09-02 09:25:00-04:00,7648.75,7654.5,7647.75,7650.25,9427
2026-09-02 09:30:00-04:00,7650.5,7652.0,7643.5,7650.0,36649
2026-09-02 09:35:00-04:00,7650.0,7651.0,7643.0,7650.75,19253
2026-09-02 09:40:00-04:00,7651.0,7654.5,7648.5,7654.25,18475
2026-09-02 09:45:00-04:00,7654.0,7655.5,7645.75,7646.75,21159
2026-09-02 09:50:00-04:00,7647.0,7652.25,7646.5,7650.5,15590
2026-09-02 09:55:00-04:00,7650.5,7657.0,7647.5,7656.75,15876
2026-09-02 10:00:00-04:00,7656.5,7664.0,7654.75,7664.0,33952
2026-09-02 10:05:00-04:00,7664.0,7667.75,7662.5,7663.5,22775
2026-09-02 10:10:00-04:00,7663.5,7669.25,7662.75,7668.75,22381
2026-09-02 10:15:00-04:00,7668.75,7676.25,7667.0,7674.75,26933
2026-09-02 10:20:00-04:00,7675.0,7680.0,7673.75,7678.5,25279
2026-09-02 10:25:00-04:00,7678.25,7682.5,7676.75,7679.5,21907
2026-09-02 10:30:00-04:00,7679.25,7682.5,7675.5,7682.5,22760
2026-09-02 10:35:00-04:00,7682.25,7685.5,7681.25,7685.5,19588
2026-09-02 10:40:00-04:00,7685.5,7690.25,7684.5,7689.5,18932
2026-09-02 10:45:00-04:00,7689.5,7690.0,7682.75,7685.0,16341
2026-09-02 10:50:00-04:00,7684.75,7685.0,7679.75,7680.75,16466
2026-09-02 10:55:00-04:00,7680.75,7682.5,7678.0,7679.75,13064
2026-09-02 11:00:00-04:00,7679.5,7683.0,7677.5,7680.75,14693
2026-09-02 11:05:00-04:00,7680.75,7682.75,7678.5,7680.75,12270
2026-09-02 11:10:00-04:00,7680.5,7684.25,7678.5,7681.75,14737
2026-09-02 11:15:00-04:00,7681.75,7686.75,7680.25,7686.5,11148
2026-09-02 11:20:00-04:00,7686.25,7687.0,7683.5,7685.25,10619
2026-09-02 11:25:00-04:00,7685.25,7690.75,7685.0,7689.5,12657
2026-09-02 11:30:00-04:00,7689.75,7691.25,7686.5,7686.5,14345
2026-09-02 11:35:00-04:00,7686.5,7688.0,7684.0,7685.25,11502
2026-09-02 11:40:00-04:00,7685.25,7686.5,7682.75,7683.0,9537
2026-09-02 11:45:00-04:00,7683.0,7683.0,7676.25,7676.75,13362
2026-09-02 11:50:00-04:00,7676.75,7682.5,7676.0,7679.0,13316
2026-09-02 11:55:00-04:00,7679.0,7686.0,7677.75,7685.75,11342
2026-09-02 12:00:00-04:00,7685.5,7685.75,7681.75,7684.5,9497
2026-09-02 12:05:00-04:00,7684.5,7685.25,7682.75,7683.75,5948
2026-09-02 12:10:00-04:00,7683.75,7685.0,7682.75,7683.5,5519
2026-09-02 12:15:00-04:00,7683.25,7683.5,7679.5,7680.75,6758
2026-09-02 12:20:00-04:00,7680.75,7682.0,7676.0,7676.25,7261
2026-09-02 12:25:00-04:00,7676.25,7677.75,7673.0,7675.0,11613
2026-09-02 12:30:00-04:00,7674.75,7679.5,7674.5,7677.5,12672
2026-09-02 12:35:00-04:00,7677.25,7679.0,7676.25,7677.0,6214
2026-09-02 12:40:00-04:00,7677.0,7677.25,7673.25,7673.25,6133
2026-09-02 12:45:00-04:00,7673.25,7676.0,7673.25,7674.75,7059
2026-09-02 12:50:00-04:00,7674.75,7678.25,7673.25,7678.0,8173
2026-09-02 12:55:00-04:00,7678.0,7678.75,7674.75,7675.5,6585
2026-09-02 13:00:00-04:00,7675.5,7681.25,7675.5,7680.75,8550
2026-09-02 13:05:00-04:00,7681.0,7681.0,7672.25,7673.25,11017
2026-09-02 13:10:00-04:00,7673.0,7677.5,7673.0,7675.5,8686
2026-09-02 13:15:00-04:00,7675.5,7676.0,7671.5,7672.25,6673
2026-09-02 13:20:00-04:00,7672.25,7674.0,7670.75,7672.5,8024
2026-09-02 13:25:00-04:00,7672.75,7675.25,7672.25,7673.75,6793
2026-09-02 13:30:00-04:00,7673.75,7674.25,7670.25,7670.25,7270
2026-09-02 13:35:00-04:00,7670.5,7672.5,7670.25,7671.0,6270
2026-09-02 13:40:00-04:00,7671.0,7676.0,7670.0,7675.5,11935
2026-09-02 13:45:00-04:00,7675.75,7679.5,7675.5,7676.5,11199
2026-09-02 13:50:00-04:00,7676.75,7677.5,7674.75,7676.25,6474
2026-09-02 13:55:00-04:00,7676.25,7679.25,7674.0,7678.0,8115
2026-09-02 14:00:00-04:00,7678.25,7679.75,7673.75,7679.5,11164
2026-09-02 14:05:00-04:00,7679.25,7680.75,7677.25,7677.5,7369
2026-09-02 14:10:00-04:00,7677.25,7679.5,7677.0,7678.5,5786
2026-09-02 14:15:00-04:00,7678.25,7687.75,7677.75,7682.5,18842
2026-09-02 14:20:00-04:00,7682.5,7683.75,7680.25,7681.25,10402
2026-09-02 14:25:00-04:00,7681.25,7681.75,7678.5,7680.0,6703
2026-09-02 14:30:00-04:00,7680.0,7681.75,7679.0,7679.25,6503
2026-09-02 14:35:00-04:00,7679.25,7680.25,7674.25,7674.5,8714
2026-09-02 14:40:00-04:00,7674.5,7675.25,7672.75,7673.75,7582
2026-09-02 14:45:00-04:00,7673.75,7676.5,7672.5,7675.5,9742
2026-09-02 14:50:00-04:00,7675.5,7676.5,7673.25,7674.75,7857
2026-09-02 14:55:00-04:00,7674.75,7677.0,7673.25,7674.5,6778
2026-09-02 15:00:00-04:00,7674.25,7676.25,7673.25,7675.25,6835
2026-09-02 15:05:00-04:00,7675.5,7679.0,7675.25,7678.75,7299
2026-09-02 15:10:00-04:00,7678.75,7681.5,7678.75,7680.5,7595
2026-09-02 15:15:00-04:00,7680.5,7680.75,7678.25,7680.75,7198
2026-09-02 15:20:00-04:00,7680.5,7680.75,7677.0,7678.75,8095
2026-09-02 15:25:00-04:00,7679.0,7681.75,7678.25,7681.0,5778
2026-09-02 15:30:00-04:00,7681.25,7681.5,7677.5,7679.25,8250
2026-09-02 15:35:00-04:00,7679.25,7680.0,7677.0,7677.25,8631
2026-09-02 15:40:00-04:00,7677.0,7680.25,7676.75,7679.75,8105
2026-09-02 15:45:00-04:00,7680.0,7681.25,7678.5,7680.0,8635
2026-09-02 15:50:00-04:00,7680.0,7681.0,7676.0,7678.75,18780
2026-09-02 15:55:00-04:00,7678.75,7679.25,7674.0,7678.25,66912
2026-09-02 16:00:00-04:00,7678.25,7680.75,7677.25,7680.25,16883
2026-09-02 16:05:00-04:00,7680.25,7682.5,7679.0,7680.75,5367
2026-09-02 16:10:00-04:00,7680.75,7681.75,7680.0,7680.25,3076
2026-09-02 16:15:00-04:00,7680.25,7680.25,7667.5,7669.75,8589
2026-09-02 16:20:00-04:00,7669.75,7672.5,7669.0,7671.75,2797
2026-09-02 16:25:00-04:00,7671.5,7673.5,7671.0,7671.25,1393
2026-09-02 16:30:00-04:00,7671.25,7671.5,7670.25,7671.5,1001
2026-09-02 16:35:00-04:00,7671.25,7672.0,7670.25,7670.5,765
2026-09-02 16:40:00-04:00,7670.5,7672.25,7669.75,7669.75,2332
2026-09-02 16:45:00-04:00,7669.75,7672.0,7669.25,7671.5,1179
2026-09-02 16:50:00-04:00,7671.5,7672.5,7670.5,7672.25,1147
2026-09-02 16:55:00-04:00,7672.0,7672.25,7668.75,7669.25,1654
2026-09-02 18:00:00-04:00,7673.5,7674.75,7671.5,7673.5,0
2026-09-02 18:05:00-04:00,7673.5,7673.75,7672.25,7673.5,349
2026-09-02 18:10:00-04:00,7673.75,7677.5,7673.25,7677.25,560
2026-09-02 18:15:00-04:00,7677.0,7677.5,7675.75,7677.25,333
2026-09-02 18:20:00-04:00,7677.5,7680.0,7677.25,7679.25,404
2026-09-02 18:25:00-04:00,7679.0,7679.25,7677.5,7678.25,255
2026-09-02 18:30:00-04:00,7678.25,7678.25,7677.5,7677.75,151
2026-09-02 18:35:00-04:00,7677.75,7678.5,7677.25,7678.0,295
2026-09-02 18:40:00-04:00,7678.25,7678.75,7678.0,7678.0,279
2026-09-02 18:45:00-04:00,7678.0,7678.0,7676.5,7676.75,376
2026-09-02 18:50:00-04:00,7676.5,7676.5,7675.75,7675.75,176
2026-09-02 18:55:00-04:00,7676.0,7676.75,7675.75,7676.0,186
2026-09-02 19:00:00-04:00,7676.25,7677.75,7676.25,7677.0,351
2026-09-02 19:05:00-04:00,7677.25,7677.75,7676.25,7676.5,327
2026-09-02 19:10:00-04:00,7676.25,7677.5,7675.25,7675.5,271
2026-09-02 19:15:00-04:00,7675.5,7675.5,7674.75,7675.25,175
2026-09-02 19:20:00-04:00,7675.25,7676.0,7674.5,7675.75,301
2026-09-02 19:25:00-04:00,7675.5,7676.75,7675.5,7676.75,268
2026-09-02 19:30:00-04:00,7676.75,7678.0,7676.5,7677.0,384
2026-09-02 19:35:00-04:00,7677.25,7677.75,7676.25,7677.5,187
2026-09-02 19:40:00-04:00,7677.5,7677.75,7677.0,7677.75,164
2026-09-02 19:45:00-04:00,7677.75,7681.25,7677.75,7680.0,1232
2026-09-02 19:50:00-04:00,7680.0,7681.25,7679.75,7680.25,491
2026-09-02 19:55:00-04:00,7680.25,7680.75,7679.75,7679.75,414
2026-09-02 20:00:00-04:00,7679.75,7679.75,7676.25,7677.5,1310
2026-09-02 20:05:00-04:00,7677.25,7677.75,7675.5,7676.25,354
2026-09-02 20:10:00-04:00,7676.5,7677.75,7675.0,7676.0,600
2026-09-02 20:15:00-04:00,7675.75,7675.75,7672.5,7673.5,844
2026-09-02 20:20:00-04:00,7673.25,7673.5,7671.5,7673.25,725
2026-09-02 20:25:00-04:00,7673.0,7674.0,7672.5,7673.25,676
2026-09-02 20:30:00-04:00,7673.25,7673.75,7672.0,7672.25,360
2026-09-02 20:35:00-04:00,7672.5,7673.75,7672.25,7673.25,297
2026-09-02 20:40:00-04:00,7673.5,7673.5,7672.25,7672.75,418
2026-09-02 20:45:00-04:00,7672.75,7673.75,7672.25,7673.25,324
2026-09-02 20:50:00-04:00,7673.25,7673.75,7673.25,7673.5,239
2026-09-02 20:55:00-04:00,7673.5,7673.75,7672.25,7672.75,384
2026-09-02 21:00:00-04:00,7672.5,7674.75,7671.75,7674.75,684
2026-09-02 21:05:00-04:00,7674.75,7677.0,7674.75,7675.75,857
2026-09-02 21:10:00-04:00,7675.75,7677.25,7674.0,7676.75,542
2026-09-02 21:15:00-04:00,7676.5,7679.0,7676.5,7678.5,639
2026-09-02 21:20:00-04:00,7678.25,7678.75,7674.5,7674.5,919
2026-09-02 21:25:00-04:00,7674.5,7676.5,7673.25,7676.5,789
2026-09-02 21:30:00-04:00,7676.25,7679.0,7675.25,7679.0,710
2026-09-02 21:35:00-04:00,7679.0,7679.25,7676.25,7677.0,802
2026-09-02 21:40:00-04:00,7677.25,7677.5,7675.5,7675.75,341
2026-09-02 21:45:00-04:00,7675.5,7677.0,7674.0,7677.0,602
2026-09-02 21:50:00-04:00,7677.0,7677.0,7674.0,7674.0,296
2026-09-02 21:55:00-04:00,7674.75,7674.75,7671.5,7671.75,484
2026-09-02 22:00:00-04:00,7671.75,7673.75,7671.0,7672.75,691
2026-09-02 22:05:00-04:00,7672.75,7676.0,7672.75,7675.75,486
2026-09-02 22:10:00-04:00,7675.75,7679.25,7675.5,7678.5,850
2026-09-02 22:15:00-04:00,7678.5,7679.5,7677.75,7679.0,424
2026-09-02 22:20:00-04:00,7679.0,7679.25,7677.25,7677.5,475
2026-09-02 22:25:00-04:00,7677.5,7678.75,7676.75,7678.5,340
2026-09-02 22:30:00-04:00,7678.5,7680.5,7678.25,7679.5,511
2026-09-02 22:35:00-04:00,7679.5,7679.75,7677.75,7678.25,368
2026-09-02 22:40:00-04:00,7678.25,7678.25,7676.5,7677.0,364
2026-09-02 22:45:00-04:00,7677.0,7679.5,7676.25,7679.5,501
2026-09-02 22:50:00-04:00,7679.25,7679.75,7678.25,7678.5,369
2026-09-02 22:55:00-04:00,7678.75,7679.0,7678.25,7678.75,165
2026-09-02 23:00:00-04:00,7678.5,7680.0,7677.75,7679.75,372
2026-09-02 23:05:00-04:00,7679.5,7680.0,7678.75,7679.0,239
2026-09-02 23:10:00-04:00,7679.0,7680.5,7679.0,7680.25,267
2026-09-02 23:15:00-04:00,7680.25,7683.75,7680.25,7682.75,961
2026-09-02 23:20:00-04:00,7682.75,7683.0,7680.75,7680.75,525
2026-09-02 23:25:00-04:00,7681.0,7682.25,7680.5,7681.25,341
2026-09-02 23:30:00-04:00,7681.25,7682.75,7681.25,7681.75,481
2026-09-02 23:35:00-04:00,7681.75,7682.5,7681.0,7682.5,235
2026-09-02 23:40:00-04:00,7682.25,7682.75,7682.0,7682.0,274
2026-09-02 23:45:00-04:00,7682.0,7682.75,7681.0,7682.25,418
2026-09-02 23:50:00-04:00,7682.25,7683.5,7682.25,7683.25,465
2026-09-02 23:55:00-04:00,7683.25,7683.25,7682.0,7682.0,318
2026-09-03 00:05:00-04:00,7683.5,7683.75,7683.25,7683.75,965
2026-09-03 00:10:00-04:00,7683.75,7684.5,7683.0,7683.25,311
2026-09-03 00:15:00-04:00,7683.5,7683.75,7682.75,7683.5,219
2026-09-03 00:20:00-04:00,7683.5,7683.5,7682.25,7683.5,212
2026-09-03 00:25:00-04:00,7683.5,7683.75,7681.75,7681.75,213
2026-09-03 00:30:00-04:00,7681.75,7683.5,7681.75,7682.75,251
2026-09-03 00:35:00-04:00,7682.75,7683.0,7681.5,7681.75,172
2026-09-03 00:40:00-04:00,7681.75,7682.0,7680.5,7681.25,220
2026-09-03 00:45:00-04:00,7681.25,7682.0,7680.75,7681.0,260
2026-09-03 00:50:00-04:00,7681.25,7681.25,7680.5,7680.75,308
2026-09-03 00:55:00-04:00,7680.75,7680.75,7679.25,7679.75,291
2026-09-03 01:00:00-04:00,7679.5,7679.75,7675.75,7676.0,880
2026-09-03 01:05:00-04:00,7676.0,7676.25,7672.25,7672.75,851
2026-09-03 01:10:00-04:00,7672.75,7673.5,7671.0,7672.0,1014
2026-09-03 01:15:00-04:00,7671.75,7672.0,7665.5,7666.25,1951
2026-09-03 01:20:00-04:00,7666.25,7666.75,7661.25,7663.5,1885
2026-09-03 01:25:00-04:00,7663.75,7665.75,7661.5,7665.25,989
2026-09-03 01:30:00-04:00,7664.75,7671.0,7664.5,7671.0,1245
2026-09-03 01:35:00-04:00,7671.0,7671.75,7667.5,7670.5,1105
2026-09-03 01:40:00-04:00,7670.5,7671.75,7668.25,7670.75,663
2026-09-03 01:45:00-04:00,7670.75,7675.25,7669.0,7675.25,940
2026-09-03 01:50:00-04:00,7675.25,7678.25,7674.75,7675.75,917
2026-09-03 01:55:00-04:00,7675.75,7679.0,7675.5,7678.75,672
2026-09-03 02:00:00-04:00,7678.75,7679.75,7676.5,7678.75,887
2026-09-03 02:05:00-04:00,7678.5,7680.5,7677.5,7677.5,711
2026-09-03 02:10:00-04:00,7677.75,7677.75,7675.5,7677.0,733
2026-09-03 02:15:00-04:00,7677.25,7678.75,7676.75,7677.5,312
2026-09-03 02:20:00-04:00,7677.25,7678.0,7675.0,7675.25,562
2026-09-03 02:25:00-04:00,7675.25,7677.0,7675.0,7676.75,399
2026-09-03 02:30:00-04:00,7676.5,7677.5,7674.25,7676.0,990
2026-09-03 02:35:00-04:00,7676.25,7677.5,7674.5,7676.0,339
2026-09-03 02:40:00-04:00,7675.75,7677.0,7675.5,7676.25,236
2026-09-03 02:45:00-04:00,7676.25,7676.25,7674.25,7675.0,391
2026-09-03 02:50:00-04:00,7675.0,7675.0,7673.5,7674.0,380
2026-09-03 02:55:00-04:00,7674.0,7674.75,7672.0,7674.25,655
2026-09-03 03:00:00-04:00,7674.25,7679.75,7672.25,7679.5,1342
2026-09-03 03:05:00-04:00,7679.5,7683.5,7677.5,7678.25,1373
2026-09-03 03:10:00-04:00,7678.25,7680.0,7677.0,7679.5,535
2026-09-03 03:15:00-04:00,7679.5,7680.0,7678.0,7679.25,374
2026-09-03 03:20:00-04:00,7679.0,7680.5,7679.0,7679.75,393
2026-09-03 03:25:00-04:00,7679.75,7679.75,7675.0,7678.25,938
2026-09-03 03:30:00-04:00,7678.5,7681.75,7677.75,7681.5,878
2026-09-03 03:35:00-04:00,7681.75,7684.0,7679.5,7683.75,766
2026-09-03 03:40:00-04:00,7683.75,7686.25,7682.75,7684.75,1011
2026-09-03 03:45:00-04:00,7685.0,7685.0,7678.0,7678.0,1431
2026-09-03 03:50:00-04:00,7678.25,7683.25,7676.25,7683.0,1055
2026-09-03 03:55:00-04:00,7683.0,7684.0,7681.25,7683.0,737
2026-09-03 04:00:00-04:00,7682.75,7691.75,7681.75,7688.25,5035
2026-09-03 04:05:00-04:00,7688.25,7694.5,7685.75,7686.0,3669
2026-09-03 04:10:00-04:00,7686.25,7689.75,7686.25,7687.25,1121
2026-09-03 04:15:00-04:00,7687.0,7687.5,7685.0,7687.5,700
2026-09-03 04:20:00-04:00,7687.0,7688.5,7685.5,7687.25,602
2026-09-03 04:25:00-04:00,7687.0,7690.25,7687.0,7689.25,738
2026-09-03 04:30:00-04:00,7689.25,7689.25,7687.0,7687.5,594
2026-09-03 04:35:00-04:00,7687.5,7688.75,7685.75,7685.75,385
2026-09-03 04:40:00-04:00,7685.75,7687.5,7685.75,7686.0,432
2026-09-03 04:45:00-04:00,7685.75,7687.0,7685.0,7686.75,565
2026-09-03 04:50:00-04:00,7686.5,7686.75,7684.0,7684.75,658
2026-09-03 04:55:00-04:00,7684.5,7685.25,7683.25,7683.5,531
2026-09-03 05:00:00-04:00,7683.5,7685.25,7683.5,7685.0,801
2026-09-03 05:05:00-04:00,7685.0,7685.25,7683.5,7684.75,564
2026-09-03 05:10:00-04:00,7685.0,7686.75,7685.0,7686.25,728
2026-09-03 05:15:00-04:00,7686.5,7686.75,7684.0,7684.5,490
2026-09-03 05:20:00-04:00,7685.0,7685.25,7683.0,7684.25,691
2026-09-03 05:25:00-04:00,7684.0,7684.25,7682.25,7682.25,590
2026-09-03 05:30:00-04:00,7682.25,7683.25,7680.5,7682.0,843
2026-09-03 05:35:00-04:00,7681.75,7681.75,7680.0,7680.5,546
2026-09-03 05:40:00-04:00,7680.5,7680.75,7679.0,7680.0,776
2026-09-03 05:45:00-04:00,7680.0,7680.25,7676.0,7677.0,1525
2026-09-03 05:50:00-04:00,7677.0,7678.25,7675.25,7675.25,1024
2026-09-03 05:55:00-04:00,7675.5,7676.0,7672.0,7673.5,1312
2026-09-03 06:00:00-04:00,7673.75,7677.0,7673.75,7676.0,1370
2026-09-03 06:05:00-04:00,7676.0,7677.25,7674.25,7674.5,1017
2026-09-03 06:10:00-04:00,7674.25,7675.25,7671.5,7672.5,1726
2026-09-03 06:15:00-04:00,7672.25,7673.75,7671.75,7672.75,716
2026-09-03 06:20:00-04:00,7672.75,7672.75,7670.75,7670.75,732
2026-09-03 06:25:00-04:00,7670.75,7672.25,7669.75,7671.25,869
2026-09-03 06:30:00-04:00,7671.25,7673.25,7670.75,7671.0,1061
2026-09-03 06:35:00-04:00,7671.0,7672.0,7669.25,7671.5,1014
2026-09-03 06:40:00-04:00,7671.5,7673.5,7671.0,7673.0,902
2026-09-03 06:45:00-04:00,7673.0,7673.0,7669.25,7669.5,885
2026-09-03 06:50:00-04:00,7669.5,7672.75,7669.5,7672.5,877
2026-09-03 06:55:00-04:00,7672.5,7673.25,7670.75,7673.25,994
2026-09-03 07:00:00-04:00,7673.25,7675.5,7670.25,7675.5,1622
2026-09-03 07:05:00-04:00,7675.25,7681.75,7675.0,7680.75,2267
2026-09-03 07:10:00-04:00,7680.75,7681.5,7679.5,7681.0,1250
2026-09-03 07:15:00-04:00,7681.0,7685.25,7681.0,7682.25,1629
2026-09-03 07:20:00-04:00,7682.25,7684.5,7680.75,7684.25,616
2026-09-03 07:25:00-04:00,7684.25,7684.75,7681.0,7682.5,720
2026-09-03 07:30:00-04:00,7682.5,7684.0,7671.5,7682.5,4006
2026-09-03 07:35:00-04:00,7682.25,7682.5,7679.25,7679.25,591
2026-09-03 07:40:00-04:00,7679.0,7680.25,7677.5,7678.75,587
2026-09-03 07:45:00-04:00,7678.75,7678.75,7672.75,7673.0,1214
2026-09-03 07:50:00-04:00,7673.25,7674.5,7672.75,7673.5,1013
2026-09-03 07:55:00-04:00,7673.25,7675.25,7673.0,7673.75,1077
2026-09-03 08:00:00-04:00,7673.5,7677.5,7673.5,7677.0,2316
2026-09-03 08:05:00-04:00,7677.25,7678.25,7676.0,7678.25,878
2026-09-03 08:10:00-04:00,7678.0,7680.75,7676.25,7677.0,1577
2026-09-03 08:15:00-04:00,7677.25,7678.25,7675.25,7675.75,2191
2026-09-03 08:20:00-04:00,7675.75,7681.0,7674.5,7680.0,1440
2026-09-03 08:25:00-04:00,7680.0,7683.0,7678.75,7681.0,2404
2026-09-03 08:30:00-04:00,7681.25,7701.5,7680.75,7693.25,11085
2026-09-03 08:35:00-04:00,7693.25,7693.5,7688.75,7692.5,3603
2026-09-03 08:40:00-04:00,7692.5,7693.25,7689.25,7690.75,3594
2026-09-03 08:45:00-04:00,7690.75,7694.0,7690.25,7693.5,3119
2026-09-03 08:50:00-04:00,7693.5,7700.5,7693.0,7699.5,5446
2026-09-03 08:55:00-04:00,7699.5,7704.0,7699.5,7701.25,6528
2026-09-03 09:00:00-04:00,7701.25,7701.25,7695.25,7697.25,5400
2026-09-03 09:05:00-04:00,7697.25,7699.25,7694.0,7696.0,4651
2026-09-03 09:10:00-04:00,7696.25,7703.75,7695.75,7702.25,4858
2026-09-03 09:15:00-04:00,7702.0,7703.75,7697.25,7697.5,4615
2026-09-03 09:20:00-04:00,7697.5,7701.0,7697.0,7701.0,3764
2026-09-03 09:25:00-04:00,7700.75,7706.25,7699.25,7704.0,8503
2026-09-03 09:30:00-04:00,7704.25,7718.0,7704.0,7715.0,41100
2026-09-03 09:35:00-04:00,7715.25,7723.5,7710.75,7723.0,33728
2026-09-03 09:40:00-04:00,7722.75,7724.5,7719.25,7723.75,23535
2026-09-03 09:45:00-04:00,7723.5,7725.5,7720.0,7722.5,22105
2026-09-03 09:50:00-04:00,7722.25,7726.5,7719.0,7721.75,20665
2026-09-03 09:55:00-04:00,7721.75,7722.0,7717.0,7721.75,17429
2026-09-03 10:00:00-04:00,7722.0,7722.0,7706.5,7706.75,29800
2026-09-03 10:05:00-04:00,7707.0,7709.0,7700.5,7703.5,27198
2026-09-03 10:10:00-04:00,7703.5,7709.25,7700.5,7709.25,20631
2026-09-03 10:15:00-04:00,7709.0,7714.25,7707.5,7714.0,21378
2026-09-03 10:20:00-04:00,7714.0,7716.25,7710.5,7714.25,17212
2026-09-03 10:25:00-04:00,7714.0,7715.25,7710.5,7712.25,16138
2026-09-03 10:30:00-04:00,7712.25,7715.25,7703.75,7704.0,18541
2026-09-03 10:35:00-04:00,7704.25,7710.5,7703.75,7707.0,14824
2026-09-03 10:40:00-04:00,7707.0,7712.25,7705.5,7707.25,14275
2026-09-03 10:45:00-04:00,7707.25,7713.25,7705.75,7712.75,13791
2026-09-03 10:50:00-04:00,7712.75,7714.0,7707.5,7711.75,15970
2026-09-03 10:55:00-04:00,7711.75,7719.0,7700.0,7718.25,23697
2026-09-03 11:00:00-04:00,7718.25,7730.5,7718.0,7730.25,26591
2026-09-03 11:05:00-04:00,7730.5,7734.75,7730.0,7733.25,32749
2026-09-03 11:10:00-04:00,7733.25,7741.25,7732.5,7741.25,28511
2026-09-03 11:15:00-04:00,7741.5,7746.75,7741.0,7746.25,29180
2026-09-03 11:20:00-04:00,7746.25,7748.5,7740.75,7746.75,23157
2026-09-03 11:25:00-04:00,7746.75,7756.0,7746.25,7755.5,22982
2026-09-03 11:30:00-04:00,7755.5,7758.5,7752.5,7754.75,25681
2026-09-03 11:35:00-04:00,7755.0,7756.0,7750.25,7750.75,20667
2026-09-03 11:40:00-04:00,7750.75,7754.75,7749.0,7752.25,14339
2026-09-03 11:45:00-04:00,7752.25,7756.25,7752.0,7755.75,12572
2026-09-03 11:50:00-04:00,7755.75,7759.0,7755.5,7757.75,13836
2026-09-03 11:55:00-04:00,7757.75,7759.5,7755.75,7759.5,13019
2026-09-03 12:00:00-04:00,7759.5,7759.5,7753.75,7754.0,19547
2026-09-03 12:05:00-04:00,7754.0,7755.0,7750.75,7751.25,11061
2026-09-03 12:10:00-04:00,7751.0,7753.0,7749.75,7752.75,9463
2026-09-03 12:15:00-04:00,7752.75,7754.75,7751.25,7753.25,8533
2026-09-03 12:20:00-04:00,7753.0,7754.25,7750.5,7751.25,7237
2026-09-03 12:25:00-04:00,7751.0,7751.25,7748.0,7750.25,9076
2026-09-03 12:30:00-04:00,7750.25,7752.0,7748.75,7750.5,9253
2026-09-03 12:35:00-04:00,7750.5,7756.5,7749.5,7755.75,12016
2026-09-03 12:40:00-04:00,7755.75,7758.25,7755.25,7757.5,9276
2026-09-03 12:45:00-04:00,7757.5,7758.25,7756.0,7757.0,11436
2026-09-03 12:50:00-04:00,7757.0,7757.25,7753.25,7754.25,7842
2026-09-03 12:55:00-04:00,7754.25,7756.0,7753.25,7755.0,6244
2026-09-03 13:00:00-04:00,7755.0,7756.0,7752.5,7753.75,6230
2026-09-03 13:05:00-04:00,7754.0,7754.75,7750.0,7750.25,5214
2026-09-03 13:10:00-04:00,7750.0,7751.0,7749.0,7750.25,5996
2026-09-03 13:15:00-04:00,7750.25,7751.5,7749.0,7749.25,5229
2026-09-03 13:20:00-04:00,7749.25,7749.25,7747.0,7748.75,7309
2026-09-03 13:25:00-04:00,7748.5,7752.75,7748.5,7752.5,6465
2026-09-03 13:30:00-04:00,7752.25,7755.25,7752.25,7754.25,6332
2026-09-03 13:35:00-04:00,7754.5,7757.25,7754.0,7756.0,6278
2026-09-03 13:40:00-04:00,7756.0,7757.75,7755.75,7756.5,6269
2026-09-03 13:45:00-04:00,7756.5,7757.75,7754.75,7756.0,7230
2026-09-03 13:50:00-04:00,7755.75,7761.0,7755.25,7760.0,9906
2026-09-03 13:55:00-04:00,7760.0,7760.75,7758.25,7758.25,7384
2026-09-03 14:00:00-04:00,7760.75,7765.5,7760.75,7763.5,17976
2026-09-03 14:05:00-04:00,7763.75,7765.25,7762.5,7764.0,8298
2026-09-03 14:10:00-04:00,7764.0,7765.25,7763.0,7764.0,7072
2026-09-03 14:15:00-04:00,7764.25,7766.5,7762.25,7763.0,8864
2026-09-03 14:20:00-04:00,7763.25,7764.25,7761.25,7763.25,6089
2026-09-03 14:25:00-04:00,7763.5,7764.5,7762.25,7763.0,5776
2026-09-03 14:30:00-04:00,7763.25,7764.75,7761.5,7764.25,6609
2026-09-03 14:35:00-04:00,7764.25,7765.0,7763.5,7763.75,4645
2026-09-03 14:40:00-04:00,7763.75,7764.0,7761.0,7761.75,6677
2026-09-03 14:45:00-04:00,7761.75,7763.75,7761.75,7763.5,5587
2026-09-03 14:50:00-04:00,7763.25,7764.25,7761.25,7762.0,5424
2026-09-03 14:55:00-04:00,7762.0,7762.5,7759.75,7762.5,7406
2026-09-03 15:00:00-04:00,7762.5,7763.0,7760.0,7761.75,7224
2026-09-03 15:05:00-04:00,7761.75,7762.75,7760.5,7761.5,5647
2026-09-03 15:10:00-04:00,7761.5,7762.25,7758.75,7759.5,7039
2026-09-03 15:15:00-04:00,7759.25,7761.5,7758.5,7761.5,9743
2026-09-03 15:20:00-04:00,7761.5,7761.75,7756.75,7757.5,11013
2026-09-03 15:25:00-04:00,7757.5,7759.75,7757.0,7759.75,9757
2026-09-03 15:30:00-04:00,7759.75,7761.0,7758.0,7758.25,11707
2026-09-03 15:35:00-04:00,7758.25,7761.0,7758.25,7759.75,8809
2026-09-03 15:40:00-04:00,7759.5,7760.75,7757.25,7757.5,10673
2026-09-03 15:45:00-04:00,7757.5,7759.5,7756.5,7757.75,11564
2026-09-03 15:50:00-04:00,7757.75,7759.0,7755.75,7757.5,21651
2026-09-03 15:55:00-04:00,7757.75,7757.75,7752.0,7756.0,89585
2026-09-03 16:00:00-04:00,7756.25,7757.0,7751.0,7753.0,21835
2026-09-03 16:05:00-04:00,7753.25,7754.75,7752.0,7753.75,5549
2026-09-03 16:10:00-04:00,7754.0,7754.25,7752.5,7753.5,3393
2026-09-03 16:15:00-04:00,7753.5,7753.75,7750.75,7750.75,2949
2026-09-03 16:20:00-04:00,7750.75,7751.25,7750.0,7750.25,1439
2026-09-03 16:25:00-04:00,7750.25,7751.0,7750.0,7750.25,990
2026-09-03 16:30:00-04:00,7750.25,7751.25,7750.0,7751.0,802
2026-09-03 16:35:00-04:00,7751.0,7752.0,7750.75,7751.0,815
2026-09-03 16:40:00-04:00,7750.75,7751.5,7750.5,7750.75,1149
2026-09-03 16:45:00-04:00,7750.5,7751.0,7749.0,7749.25,1301
2026-09-03 16:50:00-04:00,7749.25,7749.5,7748.0,7749.25,2081
2026-09-03 16:55:00-04:00,7749.5,7750.0,7748.75,7749.25,1083
2026-09-03 18:00:00-04:00,7749.75,7751.75,7749.0,7750.0,0
2026-09-03 18:05:00-04:00,7750.0,7750.25,7748.25,7748.5,306
2026-09-03 18:10:00-04:00,7748.5,7750.25,7748.25,7749.5,242
2026-09-03 18:15:00-04:00,7749.5,7751.75,7749.5,7751.0,449
2026-09-03 18:20:00-04:00,7751.0,7751.0,7750.0,7750.75,165
2026-09-03 18:25:00-04:00,7750.5,7751.25,7749.75,7751.0,216
2026-09-03 18:30:00-04:00,7750.75,7752.25,7750.75,7752.25,304
2026-09-03 18:35:00-04:00,7752.25,7752.5,7751.5,7751.75,150
2026-09-03 18:40:00-04:00,7751.75,7752.0,7751.25,7751.75,121
2026-09-03 18:45:00-04:00,7751.75,7752.25,7751.5,7751.75,135
2026-09-03 18:50:00-04:00,7751.75,7752.5,7751.75,7752.0,129
2026-09-03 18:55:00-04:00,7752.25,7753.25,7752.25,7753.0,281
2026-09-03 19:00:00-04:00,7753.0,7753.5,7752.5,7753.5,168
2026-09-03 19:05:00-04:00,7753.25,7753.75,7752.5,7753.5,252
2026-09-03 19:10:00-04:00,7753.5,7753.75,7752.25,7752.5,184
2026-09-03 19:15:00-04:00,7752.5,7752.75,7751.25,7752.75,302
2026-09-03 19:20:00-04:00,7752.75,7752.75,7752.0,7752.25,126
2026-09-03 19:25:00-04:00,7752.5,7753.25,7752.25,7752.75,151
2026-09-03 19:30:00-04:00,7752.75,7753.0,7752.0,7752.25,202
2026-09-03 19:35:00-04:00,7752.5,7752.75,7752.25,7752.75,72
2026-09-03 19:40:00-04:00,7752.75,7753.5,7752.75,7752.75,230
2026-09-03 19:45:00-04:00,7752.75,7754.0,7752.5,7753.5,363
2026-09-03 19:50:00-04:00,7753.5,7754.25,7752.0,7752.25,422
2026-09-03 19:55:00-04:00,7752.5,7753.25,7752.25,7752.75,233
2026-09-03 20:00:00-04:00,7752.5,7752.5,7750.5,7752.25,1035
2026-09-03 20:05:00-04:00,7752.25,7753.25,7751.75,7752.75,491
2026-09-03 20:10:00-04:00,7752.5,7754.0,7751.75,7752.25,380
2026-09-03 20:15:00-04:00,7752.0,7753.75,7751.25,7753.5,477
2026-09-03 20:20:00-04:00,7753.75,7755.0,7753.5,7754.75,495
2026-09-03 20:25:00-04:00,7754.5,7754.75,7753.0,7754.0,393
2026-09-03 20:30:00-04:00,7754.0,7755.0,7753.5,7754.5,569
2026-09-03 20:35:00-04:00,7754.25,7755.0,7753.5,7755.0,306
2026-09-03 20:40:00-04:00,7754.75,7755.0,7754.5,7754.75,416
2026-09-03 20:45:00-04:00,7754.75,7756.0,7754.75,7756.0,500
2026-09-03 20:50:00-04:00,7755.75,7757.0,7755.75,7756.75,451
2026-09-03 20:55:00-04:00,7756.5,7756.5,7756.0,7756.0,260
2026-09-03 21:00:00-04:00,7756.0,7756.0,7753.75,7754.75,785
2026-09-03 21:05:00-04:00,7754.75,7755.25,7754.25,7755.0,261
2026-09-03 21:10:00-04:00,7754.75,7755.25,7753.5,7754.0,267
2026-09-03 21:15:00-04:00,7754.0,7754.75,7753.0,7754.5,376
2026-09-03 21:20:00-04:00,7754.5,7756.5,7754.5,7756.0,467
2026-09-03 21:25:00-04:00,7756.0,7756.5,7754.75,7756.0,327
2026-09-03 21:30:00-04:00,7756.0,7756.5,7755.5,7756.5,412
2026-09-03 21:35:00-04:00,7756.5,7757.25,7755.5,7755.75,483
2026-09-03 21:40:00-04:00,7755.75,7757.0,7755.25,7756.75,442
2026-09-03 21:45:00-04:00,7756.75,7756.75,7755.25,7755.25,315
2026-09-03 21:50:00-04:00,7755.25,7755.5,7754.5,7754.75,457
2026-09-03 21:55:00-04:00,7754.5,7756.75,7753.75,7756.5,511
2026-09-03 22:00:00-04:00,7756.5,7756.75,7755.0,7755.75,424
2026-09-03 22:05:00-04:00,7755.5,7756.75,7755.5,7756.75,265
2026-09-03 22:10:00-04:00,7756.5,7757.5,7756.5,7757.0,347
2026-09-03 22:15:00-04:00,7757.0,7757.0,7756.5,7757.0,207
2026-09-03 22:20:00-04:00,7757.0,7757.5,7756.25,7757.25,234
2026-09-03 22:25:00-04:00,7757.5,7757.75,7757.0,7757.25,253
2026-09-03 22:30:00-04:00,7757.5,7758.75,7756.75,7756.75,539
2026-09-03 22:35:00-04:00,7756.5,7757.0,7755.75,7757.0,246
2026-09-03 22:40:00-04:00,7757.25,7757.5,7756.25,7756.5,191
2026-09-03 22:45:00-04:00,7756.5,7757.5,7756.0,7757.25,415
2026-09-03 22:50:00-04:00,7757.5,7758.25,7757.25,7758.25,298
2026-09-03 22:55:00-04:00,7758.5,7758.5,7758.0,7758.0,202
2026-09-03 23:00:00-04:00,7758.0,7758.25,7757.75,7757.75,175
2026-09-03 23:05:00-04:00,7757.75,7758.0,7757.5,7757.5,114
2026-09-03 23:10:00-04:00,7757.5,7757.5,7756.75,7757.25,264
2026-09-03 23:15:00-04:00,7757.25,7758.75,7757.25,7758.75,310
2026-09-03 23:20:00-04:00,7758.5,7759.25,7757.5,7757.75,360
2026-09-03 23:25:00-04:00,7758.0,7758.25,7757.5,7757.75,240
2026-09-03 23:30:00-04:00,7758.0,7758.75,7758.0,7758.5,238
2026-09-03 23:35:00-04:00,7758.5,7759.25,7758.5,7758.75,297
2026-09-03 23:40:00-04:00,7759.0,7759.0,7757.75,7757.75,194
2026-09-03 23:45:00-04:00,7757.75,7758.0,7757.0,7757.75,403
2026-09-03 23:50:00-04:00,7757.75,7758.0,7757.5,7758.0,184
2026-09-03 23:55:00-04:00,7757.75,7758.25,7757.75,7757.75,90
2026-09-04 00:05:00-04:00,7757.0,7757.5,7757.0,7757.5,693
2026-09-04 00:10:00-04:00,7757.5,7759.0,7757.25,7758.75,359
2026-09-04 00:15:00-04:00,7758.75,7758.75,7757.75,7758.0,295
2026-09-04 00:20:00-04:00,7758.0,7759.75,7758.0,7759.5,232
2026-09-04 00:25:00-04:00,7759.5,7761.0,7759.25,7760.75,729
2026-09-04 00:30:00-04:00,7760.75,7761.75,7760.5,7761.5,545
2026-09-04 00:35:00-04:00,7761.5,7761.5,7760.0,7760.25,233
2026-09-04 00:40:00-04:00,7760.25,7760.25,7759.75,7760.25,219
2026-09-04 00:45:00-04:00,7760.25,7760.5,7759.5,7759.75,288
2026-09-04 00:50:00-04:00,7759.5,7760.5,7759.5,7760.5,153
2026-09-04 00:55:00-04:00,7760.5,7761.5,7760.25,7761.25,248
2026-09-04 01:00:00-04:00,7761.25,7761.75,7760.5,7761.5,309
2026-09-04 01:05:00-04:00,7761.25,7762.75,7761.25,7762.25,409
2026-09-04 01:10:00-04:00,7762.25,7763.25,7761.75,7762.75,339
2026-09-04 01:15:00-04:00,7762.75,7764.5,7762.5,7764.25,529
2026-09-04 01:20:00-04:00,7764.0,7764.5,7762.75,7763.5,372
2026-09-04 01:25:00-04:00,7763.75,7764.0,7762.25,7762.5,338
2026-09-04 01:30:00-04:00,7762.5,7763.5,7762.0,7763.5,382
2026-09-04 01:35:00-04:00,7763.5,7763.75,7762.75,7763.5,497
2026-09-04 01:40:00-04:00,7763.5,7763.5,7762.0,7762.25,598
2026-09-04 01:45:00-04:00,7762.5,7763.0,7761.0,7761.0,378
2026-09-04 01:50:00-04:00,7761.0,7761.0,7759.5,7760.25,654
2026-09-04 01:55:00-04:00,7760.0,7762.0,7759.75,7761.5,760
2026-09-04 02:00:00-04:00,7761.25,7762.25,7760.75,7761.25,850
2026-09-04 02:05:00-04:00,7761.25,7762.0,7760.75,7761.5,342
2026-09-04 02:10:00-04:00,7761.5,7763.75,7761.5,7763.5,440
2026-09-04 02:15:00-04:00,7763.5,7763.5,7760.75,7762.0,589
2026-09-04 02:20:00-04:00,7762.0,7763.25,7762.0,7763.0,719
2026-09-04 02:25:00-04:00,7763.0,7764.0,7762.5,7762.75,580
2026-09-04 02:30:00-04:00,7762.5,7762.75,7760.0,7760.5,762
2026-09-04 02:35:00-04:00,7760.5,7760.75,7759.25,7759.75,787
2026-09-04 02:40:00-04:00,7759.75,7760.5,7759.0,7759.5,602
2026-09-04 02:45:00-04:00,7759.5,7759.5,7757.25,7757.5,551
2026-09-04 02:50:00-04:00,7757.5,7757.5,7756.0,7756.5,674
2026-09-04 02:55:00-04:00,7756.5,7756.5,7755.0,7755.75,741
2026-09-04 03:00:00-04:00,7755.75,7757.0,7754.75,7756.25,1858
2026-09-04 03:05:00-04:00,7756.25,7757.75,7755.0,7757.25,1218
2026-09-04 03:10:00-04:00,7757.5,7759.25,7757.25,7758.25,1141
2026-09-04 03:15:00-04:00,7758.5,7759.25,7756.25,7759.0,984
2026-09-04 03:20:00-04:00,7759.0,7759.5,7757.75,7758.5,811
2026-09-04 03:25:00-04:00,7758.25,7759.75,7757.0,7759.5,814
2026-09-04 03:30:00-04:00,7759.75,7761.5,7759.75,7761.0,962
2026-09-04 03:35:00-04:00,7761.25,7761.25,7759.25,7760.75,878
2026-09-04 03:40:00-04:00,7760.75,7762.75,7760.75,7762.0,860
2026-09-04 03:45:00-04:00,7761.75,7763.0,7761.5,7763.0,801
2026-09-04 03:50:00-04:00,7762.75,7762.75,7760.25,7760.25,973
2026-09-04 03:55:00-04:00,7760.5,7760.5,7758.75,7759.75,1030
2026-09-04 04:00:00-04:00,7760.0,7761.0,7758.5,7759.0,2114
2026-09-04 04:05:00-04:00,7759.0,7760.5,7758.5,7758.5,1230
2026-09-04 04:10:00-04:00,7758.75,7761.0,7758.5,7759.25,1407
2026-09-04 04:15:00-04:00,7759.5,7760.25,7759.0,7759.75,847
2026-09-04 04:20:00-04:00,7759.75,7760.75,7759.5,7759.5,1013
2026-09-04 04:25:00-04:00,7759.5,7761.75,7758.75,7761.5,1023
2026-09-04 04:30:00-04:00,7761.5,7762.25,7760.25,7760.25,798
2026-09-04 04:35:00-04:00,7760.5,7761.0,7759.0,7759.75,698
2026-09-04 04:40:00-04:00,7760.0,7761.25,7759.75,7761.0,586
2026-09-04 04:45:00-04:00,7761.0,7761.5,7759.75,7760.25,1057
2026-09-04 04:50:00-04:00,7760.25,7762.25,7760.0,7761.75,570
2026-09-04 04:55:00-04:00,7761.75,7763.0,7761.25,7762.0,820
2026-09-04 05:00:00-04:00,7762.0,7762.25,7760.75,7761.75,618
2026-09-04 05:05:00-04:00,7761.75,7761.75,7760.0,7760.5,668
2026-09-04 05:10:00-04:00,7760.5,7760.75,7757.75,7758.0,1253
2026-09-04 05:15:00-04:00,7758.0,7759.0,7757.75,7758.75,814
2026-09-04 05:20:00-04:00,7758.5,7758.5,7755.5,7755.75,1014
2026-09-04 05:25:00-04:00,7755.75,7757.0,7755.5,7756.5,605
2026-09-04 05:30:00-04:00,7756.5,7757.25,7755.5,7756.75,487
2026-09-04 05:35:00-04:00,7756.75,7757.75,7756.75,7757.75,408
2026-09-04 05:40:00-04:00,7757.75,7758.75,7757.75,7758.0,631
2026-09-04 05:45:00-04:00,7758.0,7759.0,7757.75,7758.25,572
2026-09-04 05:50:00-04:00,7758.25,7759.0,7757.75,7758.25,504
2026-09-04 05:55:00-04:00,7758.25,7759.75,7757.5,7758.25,1042
2026-09-04 06:00:00-04:00,7758.25,7759.25,7758.25,7759.0,664
2026-09-04 06:05:00-04:00,7758.75,7759.75,7758.25,7759.75,471
2026-09-04 06:10:00-04:00,7759.5,7760.75,7758.75,7760.0,656
2026-09-04 06:15:00-04:00,7760.0,7760.25,7759.25,7760.0,556
2026-09-04 06:20:00-04:00,7760.0,7760.25,7759.5,7760.25,322
2026-09-04 06:25:00-04:00,7760.5,7763.25,7760.0,7761.25,1744
2026-09-04 06:30:00-04:00,7761.0,7761.0,7759.5,7759.5,790
2026-09-04 06:35:00-04:00,7759.5,7760.75,7759.0,7760.75,845
2026-09-04 06:40:00-04:00,7760.75,7762.25,7760.0,7761.25,948
2026-09-04 06:45:00-04:00,7761.0,7763.75,7761.0,7762.25,923
2026-09-04 06:50:00-04:00,7762.25,7762.5,7761.5,7762.25,290
2026-09-04 06:55:00-04:00,7762.0,7762.25,7761.25,7761.75,359
2026-09-04 07:00:00-04:00,7761.75,7762.25,7757.75,7758.5,1523
2026-09-04 07:05:00-04:00,7758.25,7759.5,7758.0,7758.0,570
2026-09-04 07:10:00-04:00,7757.75,7758.5,7757.25,7758.25,732
2026-09-04 07:15:00-04:00,7758.25,7759.25,7758.25,7758.5,595
2026-09-04 07:20:00-04:00,7758.75,7759.5,7758.25,7759.0,574
2026-09-04 07:25:00-04:00,7759.0,7760.5,7758.5,7758.5,700
2026-09-04 07:30:00-04:00,7758.75,7760.75,7758.75,7759.75,815
2026-09-04 07:35:00-04:00,7760.0,7760.5,7759.5,7759.75,653
2026-09-04 07:40:00-04:00,7759.75,7761.0,7759.5,7760.5,1072
2026-09-04 07:45:00-04:00,7760.5,7762.0,7760.25,7761.5,1225
2026-09-04 07:50:00-04:00,7761.5,7762.25,7761.0,7762.0,593
2026-09-04 07:55:00-04:00,7762.0,7764.0,7761.75,7762.0,1119
2026-09-04 08:00:00-04:00,7762.0,7763.0,7754.75,7755.0,5760
2026-09-04 08:05:00-04:00,7755.0,7756.75,7750.75,7755.0,5618
2026-09-04 08:10:00-04:00,7755.25,7755.75,7749.75,7750.25,4959
2026-09-04 08:15:00-04:00,7750.25,7753.25,7748.5,7753.0,5192
2026-09-04 08:20:00-04:00,7753.0,7755.75,7753.0,7755.75,2441
2026-09-04 08:25:00-04:00,7755.5,7761.5,7754.5,7758.75,3322
2026-09-04 08:30:00-04:00,7760.75,7762.0,7732.0,7738.0,15699
2026-09-04 08:35:00-04:00,7738.25,7743.25,7736.75,7740.5,6347
2026-09-04 08:40:00-04:00,7740.5,7744.5,7739.0,7739.5,4453
2026-09-04 08:45:00-04:00,7739.75,7740.0,7731.25,7734.75,8353
2026-09-04 08:50:00-04:00,7734.75,7740.5,7734.0,7736.5,5073
2026-09-04 08:55:00-04:00,7736.5,7739.25,7735.0,7738.25,3576
2026-09-04 09:00:00-04:00,7738.25,7739.5,7733.75,7736.25,6468
2026-09-04 09:05:00-04:00,7736.25,7739.5,7735.25,7736.25,3814
2026-09-04 09:10:00-04:00,7736.5,7738.75,7735.25,7738.5,3586
2026-09-04 09:15:00-04:00,7738.25,7741.25,7737.75,7739.75,4230
2026-09-04 09:20:00-04:00,7739.75,7743.25,7739.25,7743.25,5381
2026-09-04 09:25:00-04:00,7743.0,7743.0,7740.5,7741.75,7727
2026-09-04 09:30:00-04:00,7742.0,7750.5,7740.75,7749.0,31962
2026-09-04 09:35:00-04:00,7749.0,7751.0,7744.75,7746.75,19869
2026-09-04 09:40:00-04:00,7746.75,7747.25,7739.75,7743.5,24461
2026-09-04 09:45:00-04:00,7743.5,7748.25,7740.25,7747.25,16244
2026-09-04 09:50:00-04:00,7747.0,7747.0,7741.75,7745.75,14782
2026-09-04 09:55:00-04:00,7745.75,7747.75,7743.0,7745.0,13149
2026-09-04 10:00:00-04:00,7745.25,7745.5,7740.0,7741.75,15856
2026-09-04 10:05:00-04:00,7741.75,7743.25,7736.75,7737.25,13794
2026-09-04 10:10:00-04:00,7737.25,7738.75,7730.25,7738.5,20114
2026-09-04 10:15:00-04:00,7738.25,7739.0,7731.5,7731.5,14248
2026-09-04 10:20:00-04:00,7731.75,7734.5,7730.5,7732.75,15005
2026-09-04 10:25:00-04:00,7733.0,7735.0,7729.5,7734.25,13889
2026-09-04 10:30:00-04:00,7734.25,7735.25,7729.5,7730.0,13055
2026-09-04 10:35:00-04:00,7730.0,7733.75,7729.75,7733.25,10590
2026-09-04 10:40:00-04:00,7733.25,7733.25,7724.5,7725.0,16885
2026-09-04 10:45:00-04:00,7725.0,7727.0,7719.5,7719.75,19874
2026-09-04 10:50:00-04:00,7719.75,7723.5,7717.25,7717.5,19049
2026-09-04 10:55:00-04:00,7717.75,7719.75,7715.0,7716.25,18349
2026-09-04 11:00:00-04:00,7716.25,7718.25,7712.25,7717.0,22018
2026-09-04 11:05:00-04:00,7716.75,7719.5,7715.5,7718.5,16785
2026-09-04 11:10:00-04:00,7718.5,7721.5,7716.0,7721.25,16465
2026-09-04 11:15:00-04:00,7721.25,7722.0,7714.5,7715.25,14372
2026-09-04 11:20:00-04:00,7715.5,7716.5,7712.75,7714.75,11691
2026-09-04 11:25:00-04:00,7714.75,7717.0,7713.0,7716.25,11322
2026-09-04 11:30:00-04:00,7716.5,7716.75,7711.75,7714.0,15670
2026-09-04 11:35:00-04:00,7714.0,7717.25,7713.75,7717.0,9777
2026-09-04 11:40:00-04:00,7717.25,7722.5,7716.5,7721.75,12432
2026-09-04 11:45:00-04:00,7721.75,7722.75,7718.25,7720.0,9761
2026-09-04 11:50:00-04:00,7720.0,7721.75,7718.75,7721.0,9382
2026-09-04 11:55:00-04:00,7720.75,7722.25,7718.25,7721.25,7626
2026-09-04 12:00:00-04:00,7721.25,7723.25,7720.25,7722.75,9258
2026-09-04 12:05:00-04:00,7722.75,7726.25,7721.0,7725.5,9920
2026-09-04 12:10:00-04:00,7725.5,7729.5,7724.75,7729.25,8071
2026-09-04 12:15:00-04:00,7729.5,7730.75,7727.5,7730.5,8792
2026-09-04 12:20:00-04:00,7730.5,7733.5,7729.75,7730.5,9368
2026-09-04 12:25:00-04:00,7730.75,7730.75,7727.75,7728.5,8602
2026-09-04 12:30:00-04:00,7728.5,7731.25,7727.25,7731.0,7643
2026-09-04 12:35:00-04:00,7731.0,7731.25,7728.75,7729.5,6046
2026-09-04 12:40:00-04:00,7729.75,7731.75,7729.0,7731.25,6801
2026-09-04 12:45:00-04:00,7731.25,7734.25,7730.75,7734.0,8235
2026-09-04 12:50:00-04:00,7734.0,7735.25,7732.5,7732.75,10383
2026-09-04 12:55:00-04:00,7732.75,7733.5,7730.5,7730.75,8293
2026-09-04 13:00:00-04:00,7730.75,7731.5,7725.5,7726.25,10985
2026-09-04 13:05:00-04:00,7726.25,7728.5,7725.25,7725.25,10534
2026-09-04 13:10:00-04:00,7725.25,7726.75,7724.75,7725.5,6956
2026-09-04 13:15:00-04:00,7725.5,7726.75,7724.0,7724.75,7387
2026-09-04 13:20:00-04:00,7724.5,7725.75,7722.5,7723.0,5712
2026-09-04 13:25:00-04:00,7722.75,7724.0,7719.75,7720.5,9108
2026-09-04 13:30:00-04:00,7720.5,7720.5,7716.25,7718.25,13733
2026-09-04 13:35:00-04:00,7718.25,7719.25,7717.0,7718.5,8345
2026-09-04 13:40:00-04:00,7718.5,7718.5,7714.5,7715.0,9033
2026-09-04 13:45:00-04:00,7714.75,7717.0,7712.75,7715.5,10226
2026-09-04 13:50:00-04:00,7715.5,7716.75,7714.5,7715.5,6818
2026-09-04 13:55:00-04:00,7715.5,7717.0,7714.5,7716.25,6400
2026-09-04 14:00:00-04:00,7716.0,7717.75,7713.75,7715.0,8464
2026-09-04 14:05:00-04:00,7715.0,7717.75,7713.5,7717.75,6992
2026-09-04 14:10:00-04:00,7717.75,7719.0,7717.0,7718.25,6954
2026-09-04 14:15:00-04:00,7718.25,7720.0,7717.5,7719.5,5972
2026-09-04 14:20:00-04:00,7719.75,7721.5,7719.0,7720.5,5555
2026-09-04 14:25:00-04:00,7720.75,7721.5,7719.25,7720.5,6054
2026-09-04 14:30:00-04:00,7720.75,7722.25,7720.25,7721.75,4669
2026-09-04 14:35:00-04:00,7721.75,7722.0,7719.5,7720.5,5819
2026-09-04 14:40:00-04:00,7720.5,7723.75,7719.5,7723.25,7989
2026-09-04 14:45:00-04:00,7723.5,7724.5,7722.5,7724.25,6394
2026-09-04 14:50:00-04:00,7724.25,7725.0,7723.25,7724.0,5332
2026-09-04 14:55:00-04:00,7724.25,7725.75,7723.25,7724.25,5649
2026-09-04 15:00:00-04:00,7724.25,7726.0,7718.25,7718.75,11224
2026-09-04 15:05:00-04:00,7719.0,7720.0,7718.0,7718.5,7541
2026-09-04 15:10:00-04:00,7718.75,7720.0,7717.5,7718.0,6197
2026-09-04 15:15:00-04:00,7718.0,7719.5,7717.5,7718.0,5665
2026-09-04 15:20:00-04:00,7718.0,7720.0,7717.75,7719.25,7191
2026-09-04 15:25:00-04:00,7719.0,7722.5,7719.0,7722.0,7307
2026-09-04 15:30:00-04:00,7721.75,7722.5,7720.25,7721.75,8718
2026-09-04 15:35:00-04:00,7721.75,7721.75,7718.0,7719.5,8718
2026-09-04 15:40:00-04:00,7719.25,7721.25,7718.5,7720.75,8658
2026-09-04 15:45:00-04:00,7721.0,7724.0,7720.5,7723.25,11589
2026-09-04 15:50:00-04:00,7723.25,7726.0,7722.5,7725.5,22220
2026-09-04 15:55:00-04:00,7725.75,7726.75,7719.25,7723.75,88165
2026-09-04 16:00:00-04:00,7723.75,7724.25,7718.75,7718.75,21258
2026-09-04 16:05:00-04:00,7719.0,7719.25,7716.25,7717.5,5881
2026-09-04 16:10:00-04:00,7717.25,7719.75,7717.25,7718.5,4646
2026-09-04 16:15:00-04:00,7718.75,7719.25,7717.5,7717.75,2417
2026-09-04 16:20:00-04:00,7718.0,7718.25,7716.0,7716.5,1531
2026-09-04 16:25:00-04:00,7716.5,7716.75,7716.0,7716.25,939
2026-09-04 16:30:00-04:00,7716.25,7716.5,7713.75,7714.75,3064
2026-09-04 16:35:00-04:00,7714.75,7715.75,7714.0,7714.5,1492
2026-09-04 16:40:00-04:00,7714.5,7715.75,7714.25,7715.75,1069
2026-09-04 16:45:00-04:00,7716.0,7716.5,7714.75,7715.0,1311
2026-09-04 16:50:00-04:00,7715.0,7717.0,7714.5,7716.5,1043
2026-09-04 16:55:00-04:00,7716.5,7722.0,7714.5,7722.0,1292
2026-09-08 00:00:00-04:00,7722.5,7722.75,7721.25,7722.5,569
2026-09-08 00:05:00-04:00,7722.5,7723.75,7722.5,7723.25,412
2026-09-08 00:10:00-04:00,7723.25,7723.5,7722.5,7723.0,291
2026-09-08 00:15:00-04:00,7723.0,7723.5,7722.25,7723.25,314
2026-09-08 00:20:00-04:00,7723.25,7724.5,7723.25,7724.25,472
2026-09-08 00:25:00-04:00,7724.25,7725.0,7723.5,7724.0,413
2026-09-08 00:30:00-04:00,7723.75,7723.75,7722.75,7723.0,329
2026-09-08 00:35:00-04:00,7722.75,7725.0,7721.25,7724.75,722
2026-09-08 00:40:00-04:00,7725.0,7725.5,7724.25,7725.0,523
2026-09-08 00:45:00-04:00,7725.0,7725.75,7723.5,7724.0,413
2026-09-08 00:50:00-04:00,7724.25,7724.25,7723.25,7724.0,253
2026-09-08 00:55:00-04:00,7723.75,7724.5,7722.25,7723.25,432
2026-09-08 01:00:00-04:00,7723.25,7723.5,7721.75,7721.75,452
2026-09-08 01:05:00-04:00,7721.5,7722.0,7717.5,7718.25,1056
2026-09-08 01:10:00-04:00,7718.25,7718.25,7715.5,7716.25,1204
2026-09-08 01:15:00-04:00,7716.5,7720.5,7715.0,7720.5,792
2026-09-08 01:20:00-04:00,7720.75,7722.5,7719.0,7720.0,961
2026-09-08 01:25:00-04:00,7719.5,7720.75,7716.5,7716.5,626
2026-09-08 01:30:00-04:00,7716.25,7716.25,7711.5,7711.75,1237
2026-09-08 01:35:00-04:00,7711.75,7716.0,7711.5,7716.0,863
2026-09-08 01:40:00-04:00,7716.0,7716.0,7709.0,7709.5,936
2026-09-08 01:45:00-04:00,7709.5,7711.0,7708.75,7710.75,650
2026-09-08 01:50:00-04:00,7710.5,7710.75,7705.75,7705.75,1120
2026-09-08 01:55:00-04:00,7705.75,7706.75,7705.0,7705.5,1040
2026-09-08 02:00:00-04:00,7705.75,7707.0,7702.25,7704.75,1902
2026-09-08 02:05:00-04:00,7704.75,7704.75,7701.5,7703.5,1378
2026-09-08 02:10:00-04:00,7703.5,7703.5,7700.5,7701.75,829
2026-09-08 02:15:00-04:00,7701.5,7702.75,7695.25,7695.25,1709
2026-09-08 02:20:00-04:00,7695.25,7701.0,7694.75,7699.25,1389
2026-09-08 02:25:00-04:00,7699.0,7699.75,7697.5,7697.75,1175
2026-09-08 02:30:00-04:00,7697.75,7699.5,7696.0,7697.5,1649
2026-09-08 02:35:00-04:00,7697.5,7701.75,7695.0,7701.75,1103
2026-09-08 02:40:00-04:00,7701.5,7703.75,7701.5,7702.75,1362
2026-09-08 02:45:00-04:00,7702.75,7704.75,7702.5,7702.75,1232
2026-09-08 02:50:00-04:00,7702.75,7703.5,7701.0,7701.25,1000
2026-09-08 02:55:00-04:00,7701.5,7703.5,7701.0,7703.25,635
2026-09-08 03:00:00-04:00,7703.5,7706.5,7701.25,7706.5,2365
2026-09-08 03:05:00-04:00,7706.5,7710.5,7705.5,7705.5,2258
2026-09-08 03:10:00-04:00,7705.5,7707.5,7704.75,7705.5,1707
2026-09-08 03:15:00-04:00,7705.25,7705.75,7702.25,7705.25,1901
2026-09-08 03:20:00-04:00,7705.25,7706.25,7702.25,7705.75,1165
2026-09-08 03:25:00-04:00,7706.0,7706.0,7703.5,7704.5,1092
2026-09-08 03:30:00-04:00,7704.5,7704.75,7698.75,7699.25,1690
2026-09-08 03:35:00-04:00,7699.25,7701.0,7695.75,7695.75,1494
2026-09-08 03:40:00-04:00,7696.0,7698.0,7693.5,7696.0,2288
2026-09-08 03:45:00-04:00,7696.0,7696.5,7694.25,7695.25,1239
2026-09-08 03:50:00-04:00,7695.25,7695.25,7690.0,7690.5,1868
2026-09-08 03:55:00-04:00,7690.5,7693.25,7690.25,7692.25,1835
2026-09-08 04:00:00-04:00,7692.25,7693.75,7687.5,7689.0,3906
2026-09-08 04:05:00-04:00,7689.0,7696.5,7689.0,7692.0,3224
2026-09-08 04:10:00-04:00,7692.0,7692.75,7689.25,7692.75,1627
2026-09-08 04:15:00-04:00,7693.0,7695.25,7692.0,7693.25,1736
2026-09-08 04:20:00-04:00,7693.0,7693.5,7690.5,7692.5,1193
2026-09-08 04:25:00-04:00,7692.5,7694.5,7690.25,7690.75,1282
2026-09-08 04:30:00-04:00,7690.5,7694.25,7688.25,7694.0,2029
2026-09-08 04:35:00-04:00,7693.75,7694.0,7688.5,7690.75,779
2026-09-08 04:40:00-04:00,7690.75,7692.0,7689.25,7690.0,844
2026-09-08 04:45:00-04:00,7689.75,7695.5,7688.25,7691.0,2435
2026-09-08 04:50:00-04:00,7691.0,7692.0,7688.25,7690.75,838
2026-09-08 04:55:00-04:00,7690.75,7692.75,7689.75,7692.5,629
2026-09-08 05:00:00-04:00,7692.5,7694.25,7689.0,7693.25,758
2026-09-08 05:05:00-04:00,7693.0,7696.0,7692.75,7695.0,824
2026-09-08 05:10:00-04:00,7695.25,7699.0,7694.75,7697.75,1596
2026-09-08 05:15:00-04:00,7697.75,7698.0,7696.0,7697.0,541
2026-09-08 05:20:00-04:00,7696.75,7699.5,7696.75,7699.25,694
2026-09-08 05:25:00-04:00,7699.5,7700.5,7698.25,7700.25,1371
2026-09-08 05:30:00-04:00,7700.25,7702.75,7699.5,7701.75,1361
2026-09-08 05:35:00-04:00,7701.75,7703.25,7701.5,7703.25,1036
2026-09-08 05:40:00-04:00,7703.0,7706.75,7702.25,7703.0,2908
2026-09-08 05:45:00-04:00,7703.0,7705.5,7702.75,7705.25,1214
2026-09-08 05:50:00-04:00,7705.5,7707.25,7705.0,7706.25,1058
2026-09-08 05:55:00-04:00,7706.25,7709.0,7706.0,7709.0,943
2026-09-08 06:00:00-04:00,7709.0,7709.0,7705.75,7706.25,1651
2026-09-08 06:05:00-04:00,7706.0,7707.0,7705.5,7705.5,708
2026-09-08 06:10:00-04:00,7705.5,7706.25,7703.75,7705.75,1625
2026-09-08 06:15:00-04:00,7705.75,7706.5,7705.0,7706.5,669
2026-09-08 06:20:00-04:00,7706.25,7718.25,7706.25,7707.25,8419
2026-09-08 06:25:00-04:00,7707.25,7708.25,7706.0,7706.75,827
2026-09-08 06:30:00-04:00,7707.0,7707.0,7701.25,7702.5,1411
2026-09-08 06:35:00-04:00,7702.5,7704.5,7702.5,7703.75,787
2026-09-08 06:40:00-04:00,7703.75,7704.0,7702.0,7703.25,1225
2026-09-08 06:45:00-04:00,7703.0,7703.0,7699.5,7699.75,1393
2026-09-08 06:50:00-04:00,7700.0,7700.5,7695.75,7698.5,2408
2026-09-08 06:55:00-04:00,7698.5,7700.25,7698.25,7698.5,1034
2026-09-08 07:00:00-04:00,7698.75,7700.0,7697.5,7699.25,1130
2026-09-08 07:05:00-04:00,7699.0,7702.0,7694.0,7698.0,3872
2026-09-08 07:10:00-04:00,7698.0,7698.0,7693.0,7695.5,1429
2026-09-08 07:15:00-04:00,7695.5,7700.0,7695.5,7700.0,1537
2026-09-08 07:20:00-04:00,7700.25,7700.5,7697.25,7698.5,1121
2026-09-08 07:25:00-04:00,7698.5,7699.25,7697.75,7698.0,719
2026-09-08 07:30:00-04:00,7698.25,7701.25,7696.75,7700.5,1033
2026-09-08 07:35:00-04:00,7700.5,7701.0,7698.5,7698.5,1029
2026-09-08 07:40:00-04:00,7698.5,7699.25,7697.25,7697.75,999
2026-09-08 07:45:00-04:00,7698.0,7698.5,7695.75,7697.25,2022
2026-09-08 07:50:00-04:00,7697.25,7701.5,7697.25,7701.25,2577
2026-09-08 07:55:00-04:00,7701.0,7706.25,7700.75,7705.75,2556
2026-09-08 08:00:00-04:00,7706.0,7706.0,7702.25,7703.25,2163
2026-09-08 08:05:00-04:00,7703.0,7704.5,7702.0,7704.25,1643
2026-09-08 08:10:00-04:00,7704.0,7704.0,7697.75,7698.0,2047
2026-09-08 08:15:00-04:00,7698.25,7703.0,7696.25,7703.0,2072
2026-09-08 08:20:00-04:00,7703.0,7704.0,7701.0,7703.0,2370
2026-09-08 08:25:00-04:00,7703.0,7705.5,7703.0,7705.5,1975
2026-09-08 08:30:00-04:00,7705.5,7710.0,7705.0,7708.25,2844
2026-09-08 08:35:00-04:00,7708.0,7709.75,7707.5,7709.25,1518
2026-09-08 08:40:00-04:00,7709.5,7710.5,7708.25,7710.5,2400
2026-09-08 08:45:00-04:00,7710.5,7712.5,7708.5,7712.0,2158
2026-09-08 08:50:00-04:00,7712.0,7713.75,7710.25,7713.5,2678
2026-09-08 08:55:00-04:00,7713.5,7714.25,7711.75,7714.0,2113
2026-09-08 09:00:00-04:00,7714.0,7714.25,7711.0,7713.25,3297
2026-09-08 09:05:00-04:00,7713.0,7714.75,7712.25,7713.0,3102
2026-09-08 09:10:00-04:00,7713.0,7715.0,7712.75,7713.5,1986
2026-09-08 09:15:00-04:00,7713.5,7715.5,7713.0,7715.25,2733
2026-09-08 09:20:00-04:00,7715.25,7715.5,7713.5,7714.0,2451
2026-09-08 09:25:00-04:00,7713.75,7715.5,7709.75,7711.25,6934
2026-09-08 09:30:00-04:00,7711.5,7717.75,7707.0,7708.5,31660
2026-09-08 09:35:00-04:00,7708.5,7708.5,7701.5,7701.75,23273
2026-09-08 09:40:00-04:00,7702.0,7702.0,7691.25,7693.5,27555
2026-09-08 09:45:00-04:00,7693.5,7698.5,7692.25,7697.75,20433
2026-09-08 09:50:00-04:00,7697.5,7697.75,7688.25,7694.0,21982
2026-09-08 09:55:00-04:00,7694.0,7701.25,7693.0,7695.0,21414
2026-09-08 10:00:00-04:00,7695.0,7696.75,7685.75,7690.0,27391
2026-09-08 10:05:00-04:00,7690.0,7691.0,7684.25,7684.5,20340
2026-09-08 10:10:00-04:00,7684.5,7688.25,7680.0,7685.0,24798
2026-09-08 10:15:00-04:00,7684.75,7687.75,7681.25,7685.5,18697
2026-09-08 10:20:00-04:00,7685.5,7691.75,7683.5,7691.25,16149
2026-09-08 10:25:00-04:00,7691.5,7692.0,7684.25,7687.25,14831
2026-09-08 10:30:00-04:00,7687.25,7690.75,7684.5,7690.25,12431
2026-09-08 10:35:00-04:00,7690.25,7691.25,7686.75,7689.0,10648
2026-09-08 10:40:00-04:00,7689.0,7692.5,7687.75,7691.5,11759
2026-09-08 10:45:00-04:00,7691.75,7693.5,7686.75,7693.0,13115
2026-09-08 10:50:00-04:00,7692.75,7698.0,7692.0,7696.5,14191
2026-09-08 10:55:00-04:00,7696.5,7700.0,7693.5,7696.75,13145
2026-09-08 11:00:00-04:00,7697.0,7699.0,7695.25,7697.25,11547
2026-09-08 11:05:00-04:00,7697.25,7698.75,7695.0,7697.0,7576
2026-09-08 11:10:00-04:00,7697.0,7703.75,7697.0,7700.75,12189
2026-09-08 11:15:00-04:00,7700.75,7704.0,7699.5,7701.25,10175
2026-09-08 11:20:00-04:00,7701.25,7701.5,7693.75,7700.0,14799
2026-09-08 11:25:00-04:00,7700.25,7704.0,7698.5,7698.75,17132
2026-09-08 11:30:00-04:00,7698.75,7701.25,7696.75,7698.5,11592
2026-09-08 11:35:00-04:00,7698.5,7698.75,7694.0,7695.5,9935
2026-09-08 11:40:00-04:00,7695.75,7701.0,7694.5,7700.25,9971
2026-09-08 11:45:00-04:00,7700.5,7701.0,7695.0,7696.0,8473
2026-09-08 11:50:00-04:00,7696.0,7698.25,7695.5,7696.0,8107
2026-09-08 11:55:00-04:00,7696.0,7697.5,7693.75,7694.25,7783
2026-09-08 12:00:00-04:00,7694.25,7697.0,7692.25,7697.0,11448
2026-09-08 12:05:00-04:00,7697.0,7698.25,7693.5,7693.75,9572
2026-09-08 12:10:00-04:00,7693.5,7694.0,7690.5,7692.75,9812
2026-09-08 12:15:00-04:00,7692.75,7693.0,7688.25,7689.75,9644
2026-09-08 12:20:00-04:00,7689.75,7694.5,7688.5,7694.5,8294
2026-09-08 12:25:00-04:00,7694.5,7697.0,7691.25,7691.75,9744
2026-09-08 12:30:00-04:00,7691.5,7693.75,7690.5,7692.25,9063
2026-09-08 12:35:00-04:00,7692.25,7693.0,7689.75,7690.5,6288
2026-09-08 12:40:00-04:00,7690.5,7692.0,7688.5,7690.75,7125
2026-09-08 12:45:00-04:00,7690.75,7693.75,7689.5,7692.75,6449
2026-09-08 12:50:00-04:00,7693.0,7697.0,7691.5,7693.0,14085
2026-09-08 12:55:00-04:00,7693.0,7693.5,7685.75,7690.0,20571
2026-09-08 13:00:00-04:00,7689.75,7699.75,7689.75,7699.75,15184
2026-09-08 13:05:00-04:00,7699.75,7701.75,7696.0,7696.0,10892
2026-09-08 13:10:00-04:00,7696.25,7697.75,7695.5,7696.75,5810
2026-09-08 13:15:00-04:00,7696.75,7697.75,7695.75,7696.75,5554
2026-09-08 13:20:00-04:00,7696.75,7697.75,7694.75,7696.75,6098
2026-09-08 13:25:00-04:00,7696.5,7696.75,7692.5,7695.25,6318
2026-09-08 13:30:00-04:00,7695.5,7699.0,7695.0,7697.5,7725
2026-09-08 13:35:00-04:00,7697.5,7699.5,7696.75,7697.5,6359
2026-09-08 13:40:00-04:00,7697.5,7697.5,7693.75,7694.25,7354
2026-09-08 13:45:00-04:00,7694.0,7697.0,7694.0,7696.5,6199
2026-09-08 13:50:00-04:00,7696.5,7699.0,7695.25,7698.5,5979
2026-09-08 13:55:00-04:00,7698.25,7698.25,7695.0,7695.25,6441
2026-09-08 14:00:00-04:00,7695.25,7697.0,7695.0,7696.75,6066
2026-09-08 14:05:00-04:00,7696.5,7698.75,7695.75,7698.25,5970
2026-09-08 14:10:00-04:00,7698.25,7699.25,7697.25,7698.0,7355
2026-09-08 14:15:00-04:00,7698.0,7699.25,7697.25,7698.5,5025
2026-09-08 14:20:00-04:00,7698.5,7699.5,7696.0,7696.5,6260
2026-09-08 14:25:00-04:00,7696.25,7698.5,7695.5,7698.25,5805
2026-09-08 14:30:00-04:00,7698.25,7698.5,7695.5,7695.75,5288
2026-09-08 14:35:00-04:00,7695.75,7695.75,7691.75,7692.5,9145
2026-09-08 14:40:00-04:00,7692.5,7696.0,7691.0,7695.75,6780
2026-09-08 14:45:00-04:00,7695.75,7696.75,7676.75,7683.0,40237
2026-09-08 14:50:00-04:00,7683.25,7691.0,7682.25,7690.25,25593
2026-09-08 14:55:00-04:00,7690.25,7691.5,7687.75,7688.0,12352
2026-09-08 15:00:00-04:00,7688.25,7689.75,7685.25,7686.75,10381
2026-09-08 15:05:00-04:00,7686.5,7690.25,7686.0,7688.75,8409
2026-09-08 15:10:00-04:00,7688.75,7691.5,7688.5,7689.5,7503
2026-09-08 15:15:00-04:00,7689.5,7690.75,7686.5,7687.5,6786
2026-09-08 15:20:00-04:00,7687.25,7689.25,7685.5,7686.25,7923
2026-09-08 15:25:00-04:00,7686.25,7691.25,7685.75,7690.75,10324
2026-09-08 15:30:00-04:00,7690.5,7692.25,7687.75,7691.5,8524
2026-09-08 15:35:00-04:00,7691.5,7691.75,7688.25,7690.5,8087
2026-09-08 15:40:00-04:00,7690.25,7691.5,7687.5,7689.0,7791
2026-09-08 15:45:00-04:00,7688.75,7689.75,7683.75,7686.0,28067
2026-09-08 15:50:00-04:00,7686.0,7687.0,7675.75,7678.0,46237
2026-09-08 15:55:00-04:00,7678.0,7682.75,7672.25,7681.0,94230
2026-09-08 16:00:00-04:00,7681.25,7683.0,7675.25,7676.25,21687
2026-09-08 16:05:00-04:00,7676.25,7678.25,7673.75,7677.5,5246
2026-09-08 16:10:00-04:00,7677.5,7679.5,7676.75,7678.75,5293
2026-09-08 16:15:00-04:00,7678.75,7679.25,7677.0,7678.75,2736
2026-09-08 16:20:00-04:00,7678.75,7679.75,7678.25,7678.75,1230
2026-09-08 16:25:00-04:00,7678.75,7679.25,7674.5,7675.5,3879
2026-09-08 16:30:00-04:00,7675.75,7675.75,7674.0,7675.5,1580
2026-09-08 16:35:00-04:00,7675.75,7677.75,7675.75,7676.75,1190
2026-09-08 16:40:00-04:00,7676.75,7677.5,7676.25,7677.5,997
2026-09-08 16:45:00-04:00,7677.5,7678.0,7676.75,7676.75,932
2026-09-08 16:50:00-04:00,7676.75,7678.25,7676.75,7677.75,913
2026-09-08 16:55:00-04:00,7677.5,7679.25,7677.5,7678.25,1978
2026-09-08 18:00:00-04:00,7681.0,7681.0,7676.5,7680.0,0
2026-09-08 18:05:00-04:00,7679.75,7680.0,7678.25,7679.25,312
2026-09-08 18:10:00-04:00,7679.25,7679.5,7678.25,7678.5,145
2026-09-08 18:15:00-04:00,7678.25,7679.75,7678.25,7679.25,241
2026-09-08 18:20:00-04:00,7679.25,7679.5,7677.75,7678.75,357
2026-09-08 18:25:00-04:00,7679.0,7680.25,7679.0,7679.5,236
2026-09-08 18:30:00-04:00,7679.5,7679.75,7678.25,7679.5,279
2026-09-08 18:35:00-04:00,7679.75,7680.0,7679.25,7679.5,136
2026-09-08 18:40:00-04:00,7679.5,7680.0,7679.25,7679.5,208
2026-09-08 18:45:00-04:00,7679.25,7680.5,7679.25,7680.25,152
2026-09-08 18:50:00-04:00,7680.25,7681.0,7679.5,7680.5,303
2026-09-08 18:55:00-04:00,7680.75,7682.75,7680.5,7682.5,567
2026-09-08 19:00:00-04:00,7682.5,7682.75,7680.25,7681.0,322
2026-09-08 19:05:00-04:00,7681.0,7681.5,7681.0,7681.0,160
2026-09-08 19:10:00-04:00,7681.0,7681.0,7680.0,7680.25,153
2026-09-08 19:15:00-04:00,7680.25,7680.25,7678.5,7679.25,219
2026-09-08 19:20:00-04:00,7679.0,7679.5,7678.25,7679.0,207
2026-09-08 19:25:00-04:00,7679.25,7679.25,7677.75,7678.0,703
2026-09-08 19:30:00-04:00,7678.0,7678.5,7677.0,7677.25,382
2026-09-08 19:35:00-04:00,7677.25,7677.25,7675.5,7676.25,493
2026-09-08 19:40:00-04:00,7676.25,7677.0,7675.5,7676.0,431
2026-09-08 19:45:00-04:00,7676.0,7676.75,7674.25,7675.0,725
2026-09-08 19:50:00-04:00,7675.25,7675.75,7673.0,7673.0,873
2026-09-08 19:55:00-04:00,7673.25,7674.75,7672.75,7674.5,899
2026-09-08 20:00:00-04:00,7674.75,7682.0,7674.5,7682.0,2237
2026-09-08 20:05:00-04:00,7681.75,7684.25,7681.0,7681.25,1383
2026-09-08 20:10:00-04:00,7681.0,7683.0,7680.25,7681.0,859
2026-09-08 20:15:00-04:00,7681.0,7681.0,7676.25,7678.25,1575
2026-09-08 20:20:00-04:00,7678.25,7679.5,7677.5,7678.25,593
2026-09-08 20:25:00-04:00,7678.25,7678.75,7676.25,7678.25,482
2026-09-08 20:30:00-04:00,7678.0,7678.5,7675.25,7677.25,726
2026-09-08 20:35:00-04:00,7677.25,7679.0,7675.5,7678.0,461
2026-09-08 20:40:00-04:00,7678.25,7680.0,7676.25,7679.75,525
2026-09-08 20:45:00-04:00,7679.75,7680.0,7678.5,7679.5,292
2026-09-08 20:50:00-04:00,7679.75,7682.5,7679.75,7682.25,789
2026-09-08 20:55:00-04:00,7682.0,7682.5,7681.0,7682.25,460
2026-09-08 21:00:00-04:00,7682.25,7683.75,7681.5,7682.0,1408
2026-09-08 21:05:00-04:00,7682.0,7683.75,7681.25,7683.75,612
2026-09-08 21:10:00-04:00,7683.5,7684.25,7683.0,7683.25,442
2026-09-08 21:15:00-04:00,7683.25,7684.75,7682.75,7684.75,801
2026-09-08 21:20:00-04:00,7684.5,7686.5,7684.25,7686.0,1199
2026-09-08 21:25:00-04:00,7686.0,7687.0,7685.5,7685.75,3499
2026-09-08 21:30:00-04:00,7685.75,7687.25,7684.75,7686.5,1112
2026-09-08 21:35:00-04:00,7686.75,7687.75,7686.0,7686.75,1288
2026-09-08 21:40:00-04:00,7686.75,7686.75,7684.75,7684.75,574
2026-09-08 21:45:00-04:00,7684.75,7686.75,7684.75,7686.25,546
2026-09-08 21:50:00-04:00,7686.0,7686.0,7683.75,7684.75,611
2026-09-08 21:55:00-04:00,7684.5,7685.5,7684.25,7685.25,418
2026-09-08 22:00:00-04:00,7685.25,7687.0,7684.5,7687.0,700
2026-09-08 22:05:00-04:00,7686.75,7687.0,7685.5,7686.75,610
2026-09-08 22:10:00-04:00,7686.75,7687.0,7684.0,7684.5,771
2026-09-08 22:15:00-04:00,7684.5,7684.75,7682.75,7684.25,857
2026-09-08 22:20:00-04:00,7684.25,7685.75,7684.25,7685.5,572
2026-09-08 22:25:00-04:00,7685.5,7686.0,7684.75,7685.25,386
2026-09-08 22:30:00-04:00,7685.25,7686.0,7684.75,7685.25,341
2026-09-08 22:35:00-04:00,7685.25,7685.5,7684.5,7685.5,304
2026-09-08 22:40:00-04:00,7685.5,7687.0,7685.5,7686.5,906
2026-09-08 22:45:00-04:00,7686.5,7686.75,7685.75,7686.5,380
2026-09-08 22:50:00-04:00,7686.5,7687.25,7686.5,7686.75,245
2026-09-08 22:55:00-04:00,7686.75,7686.75,7685.75,7686.0,344
2026-09-08 23:00:00-04:00,7686.0,7686.5,7683.75,7683.75,646
2026-09-08 23:05:00-04:00,7684.0,7684.5,7682.75,7683.5,495
2026-09-08 23:10:00-04:00,7683.5,7685.0,7683.25,7683.75,505
2026-09-08 23:15:00-04:00,7684.0,7685.0,7684.0,7684.25,444
2026-09-08 23:20:00-04:00,7684.5,7685.25,7684.25,7685.25,333
2026-09-08 23:25:00-04:00,7685.0,7686.0,7684.75,7685.0,476
2026-09-08 23:30:00-04:00,7684.75,7685.25,7683.75,7684.5,565
2026-09-08 23:35:00-04:00,7684.5,7685.75,7684.25,7685.75,260
2026-09-08 23:40:00-04:00,7685.5,7685.75,7684.5,7685.0,248
2026-09-08 23:45:00-04:00,7684.75,7685.25,7683.25,7683.75,547
2026-09-08 23:50:00-04:00,7683.5,7684.0,7682.0,7682.5,536
2026-09-08 23:55:00-04:00,7682.5,7683.75,7682.5,7683.0,225
2026-09-09 00:05:00-04:00,7684.0,7684.25,7683.0,7683.0,855
2026-09-09 00:10:00-04:00,7683.0,7683.25,7680.5,7681.5,771
2026-09-09 00:15:00-04:00,7681.5,7682.25,7681.25,7682.0,341
2026-09-09 00:20:00-04:00,7682.0,7686.25,7682.0,7685.75,607
2026-09-09 00:25:00-04:00,7685.75,7686.75,7685.0,7685.5,544
2026-09-09 00:30:00-04:00,7685.5,7687.0,7684.25,7687.0,495
2026-09-09 00:35:00-04:00,7686.75,7688.0,7686.75,7687.5,432
2026-09-09 00:40:00-04:00,7687.25,7688.25,7686.5,7688.0,342
2026-09-09 00:45:00-04:00,7688.0,7688.5,7687.75,7688.25,307
2026-09-09 00:50:00-04:00,7688.5,7689.5,7688.0,7689.25,415
2026-09-09 00:55:00-04:00,7689.0,7689.75,7688.5,7688.75,432
2026-09-09 01:00:00-04:00,7688.75,7689.0,7687.25,7687.5,563
2026-09-09 01:05:00-04:00,7687.75,7688.5,7686.75,7688.25,404
2026-09-09 01:10:00-04:00,7688.5,7689.0,7688.0,7688.25,393
2026-09-09 01:15:00-04:00,7688.25,7688.25,7685.75,7685.75,495
2026-09-09 01:20:00-04:00,7686.0,7686.0,7683.75,7685.5,815
2026-09-09 01:25:00-04:00,7685.5,7687.0,7685.25,7686.0,602
2026-09-09 01:30:00-04:00,7686.25,7687.5,7684.0,7685.75,755
2026-09-09 01:35:00-04:00,7685.75,7687.25,7685.0,7686.75,451
2026-09-09 01:40:00-04:00,7686.5,7687.5,7686.0,7686.25,595
2026-09-09 01:45:00-04:00,7686.0,7687.75,7685.75,7687.5,475
2026-09-09 01:50:00-04:00,7687.5,7690.25,7687.5,7690.25,999
2026-09-09 01:55:00-04:00,7690.25,7691.0,7689.25,7691.0,791
2026-09-09 02:00:00-04:00,7691.0,7691.25,7690.25,7691.0,1262
2026-09-09 02:05:00-04:00,7690.75,7691.0,7687.75,7688.0,730
2026-09-09 02:10:00-04:00,7688.0,7690.75,7687.5,7690.5,894
2026-09-09 02:15:00-04:00,7690.5,7690.75,7689.75,7689.75,542
2026-09-09 02:20:00-04:00,7689.75,7689.75,7687.5,7689.0,847
2026-09-09 02:25:00-04:00,7689.0,7689.25,7684.5,7685.25,932
2026-09-09 02:30:00-04:00,7685.25,7687.5,7684.5,7687.5,817
2026-09-09 02:35:00-04:00,7687.5,7688.5,7686.75,7687.75,546
2026-09-09 02:40:00-04:00,7688.0,7688.25,7687.0,7688.25,284
2026-09-09 02:45:00-04:00,7688.25,7688.5,7686.0,7686.75,584
2026-09-09 02:50:00-04:00,7687.0,7687.75,7685.25,7685.5,482
2026-09-09 02:55:00-04:00,7685.25,7685.75,7684.75,7685.25,523
2026-09-09 03:00:00-04:00,7685.25,7687.5,7683.0,7687.5,1877
2026-09-09 03:05:00-04:00,7687.5,7688.75,7687.5,7688.25,739
2026-09-09 03:10:00-04:00,7688.25,7691.25,7684.75,7684.75,1602
2026-09-09 03:15:00-04:00,7685.0,7686.0,7683.5,7684.75,1430
2026-09-09 03:20:00-04:00,7685.0,7689.5,7684.75,7688.5,1242
2026-09-09 03:25:00-04:00,7688.5,7691.0,7687.0,7691.0,1322
2026-09-09 03:30:00-04:00,7690.75,7691.0,7688.5,7689.0,893
2026-09-09 03:35:00-04:00,7689.0,7690.25,7687.0,7687.75,944
2026-09-09 03:40:00-04:00,7687.75,7688.25,7686.25,7687.0,829
2026-09-09 03:45:00-04:00,7687.0,7687.0,7683.0,7683.25,1367
2026-09-09 03:50:00-04:00,7683.0,7683.75,7681.5,7683.75,1149
2026-09-09 03:55:00-04:00,7683.75,7685.25,7683.25,7685.25,1065
2026-09-09 04:00:00-04:00,7685.25,7687.75,7683.5,7686.25,1703
2026-09-09 04:05:00-04:00,7686.25,7687.5,7684.5,7685.25,1207
2026-09-09 04:10:00-04:00,7685.0,7686.25,7683.25,7683.75,608
2026-09-09 04:15:00-04:00,7684.0,7685.25,7683.5,7685.0,719
2026-09-09 04:20:00-04:00,7684.75,7685.25,7681.0,7681.25,998
2026-09-09 04:25:00-04:00,7681.5,7685.75,7681.25,7684.75,1306
2026-09-09 04:30:00-04:00,7684.75,7686.0,7683.75,7683.75,918
2026-09-09 04:35:00-04:00,7683.75,7684.0,7679.75,7680.0,1236
2026-09-09 04:40:00-04:00,7680.0,7682.75,7678.5,7678.5,2035
2026-09-09 04:45:00-04:00,7678.5,7680.25,7677.75,7679.75,1050
2026-09-09 04:50:00-04:00,7679.75,7683.25,7679.5,7682.75,906
2026-09-09 04:55:00-04:00,7683.0,7683.25,7681.75,7682.0,959
2026-09-09 05:00:00-04:00,7682.0,7683.75,7680.5,7681.5,940
2026-09-09 05:05:00-04:00,7681.5,7682.25,7678.75,7679.25,1132
2026-09-09 05:10:00-04:00,7679.0,7681.25,7677.75,7680.75,1305
2026-09-09 05:15:00-04:00,7680.75,7681.75,7679.75,7680.0,555
2026-09-09 05:20:00-04:00,7680.0,7680.0,7675.0,7675.5,1866
2026-09-09 05:25:00-04:00,7675.5,7678.0,7675.5,7677.25,1333
2026-09-09 05:30:00-04:00,7677.25,7679.5,7674.25,7674.25,2292
2026-09-09 05:35:00-04:00,7674.25,7674.25,7672.25,7673.0,2071
2026-09-09 05:40:00-04:00,7673.0,7673.5,7669.5,7670.5,2696
2026-09-09 05:45:00-04:00,7670.25,7671.75,7667.75,7668.5,1840
2026-09-09 05:50:00-04:00,7668.25,7669.0,7662.0,7662.0,3205
2026-09-09 05:55:00-04:00,7662.0,7663.0,7657.0,7659.25,4105
2026-09-09 06:00:00-04:00,7659.5,7662.75,7655.75,7662.5,3839
2026-09-09 06:05:00-04:00,7662.5,7664.5,7660.75,7661.0,2869
2026-09-09 06:10:00-04:00,7660.75,7663.25,7658.0,7659.75,2807
2026-09-09 06:15:00-04:00,7659.5,7664.0,7657.5,7663.75,2143
2026-09-09 06:20:00-04:00,7663.75,7665.0,7659.75,7661.0,1672
2026-09-09 06:25:00-04:00,7660.75,7662.0,7659.75,7661.0,1231
2026-09-09 06:30:00-04:00,7661.0,7661.25,7658.75,7659.25,3079
2026-09-09 06:35:00-04:00,7659.25,7661.0,7658.25,7659.0,2457
2026-09-09 06:40:00-04:00,7659.0,7659.5,7654.5,7654.75,1765
2026-09-09 06:45:00-04:00,7654.75,7655.0,7651.75,7652.75,2775
2026-09-09 06:50:00-04:00,7652.75,7654.0,7647.25,7650.25,3602
2026-09-09 06:55:00-04:00,7650.25,7652.5,7649.0,7650.0,2803
2026-09-09 07:00:00-04:00,7650.0,7653.5,7649.0,7651.75,2390
2026-09-09 07:05:00-04:00,7651.75,7655.25,7650.0,7655.25,1865
2026-09-09 07:10:00-04:00,7655.25,7657.5,7653.75,7654.25,2314
2026-09-09 07:15:00-04:00,7654.5,7654.5,7650.0,7652.0,1789
2026-09-09 07:20:00-04:00,7652.0,7658.25,7649.75,7658.0,2232
2026-09-09 07:25:00-04:00,7657.75,7658.5,7655.0,7656.0,1209
2026-09-09 07:30:00-04:00,7656.0,7656.0,7650.75,7651.25,2417
2026-09-09 07:35:00-04:00,7651.25,7654.5,7650.5,7654.25,1687
2026-09-09 07:40:00-04:00,7654.25,7655.0,7650.75,7651.25,2551
2026-09-09 07:45:00-04:00,7651.0,7662.0,7651.0,7660.5,5599
2026-09-09 07:50:00-04:00,7660.25,7663.5,7655.75,7656.5,6502
2026-09-09 07:55:00-04:00,7656.5,7656.5,7651.75,7652.75,1942
2026-09-09 08:00:00-04:00,7652.75,7653.5,7649.5,7650.0,2835
2026-09-09 08:05:00-04:00,7650.0,7651.25,7648.0,7649.25,2250
2026-09-09 08:10:00-04:00,7649.5,7649.5,7644.5,7644.75,3115
2026-09-09 08:15:00-04:00,7644.75,7647.75,7644.75,7646.0,2995
2026-09-09 08:20:00-04:00,7646.25,7649.75,7645.75,7648.25,2609
2026-09-09 08:25:00-04:00,7648.25,7649.0,7646.75,7647.0,1752
2026-09-09 08:30:00-04:00,7646.75,7652.5,7645.75,7651.75,2389
2026-09-09 08:35:00-04:00,7651.75,7654.0,7651.5,7653.0,2233
2026-09-09 08:40:00-04:00,7653.0,7653.25,7650.75,7652.75,2215
2026-09-09 08:45:00-04:00,7652.5,7656.75,7652.5,7655.75,3124
2026-09-09 08:50:00-04:00,7655.75,7656.5,7653.75,7654.0,2268
2026-09-09 08:55:00-04:00,7654.0,7657.0,7654.0,7655.5,3039
2026-09-09 09:00:00-04:00,7655.5,7659.25,7654.0,7658.0,3899
2026-09-09 09:05:00-04:00,7658.0,7658.0,7655.5,7656.0,2983
2026-09-09 09:10:00-04:00,7656.0,7657.0,7655.0,7656.5,1959
2026-09-09 09:15:00-04:00,7656.5,7657.5,7655.0,7657.25,2484
2026-09-09 09:20:00-04:00,7657.0,7657.75,7655.25,7657.0,1718
2026-09-09 09:25:00-04:00,7657.0,7662.25,7657.0,7660.5,7584
2026-09-09 09:30:00-04:00,7660.75,7663.75,7651.75,7660.75,35851
2026-09-09 09:35:00-04:00,7661.0,7661.75,7655.75,7658.0,19328
2026-09-09 09:40:00-04:00,7657.75,7660.25,7653.75,7656.75,17340
2026-09-09 09:45:00-04:00,7656.75,7661.75,7654.0,7658.5,19339
2026-09-09 09:50:00-04:00,7658.5,7659.5,7654.25,7657.5,13062
2026-09-09 09:55:00-04:00,7657.5,7662.0,7656.25,7661.0,17509
2026-09-09 10:00:00-04:00,7660.75,7662.0,7653.5,7658.0,18878
2026-09-09 10:05:00-04:00,7658.0,7661.25,7657.25,7660.5,12712
2026-09-09 10:10:00-04:00,7660.5,7661.25,7656.0,7658.75,14064
2026-09-09 10:15:00-04:00,7658.5,7659.0,7647.5,7650.0,23221
2026-09-09 10:20:00-04:00,7650.25,7651.25,7644.5,7645.0,20060
2026-09-09 10:25:00-04:00,7645.0,7660.75,7644.5,7659.5,27206
2026-09-09 10:30:00-04:00,7659.5,7660.0,7654.0,7654.75,19897
2026-09-09 10:35:00-04:00,7654.75,7658.0,7652.25,7656.0,15278
2026-09-09 10:40:00-04:00,7655.75,7659.0,7654.5,7657.5,11336
2026-09-09 10:45:00-04:00,7657.5,7657.75,7654.0,7657.25,10563
2026-09-09 10:50:00-04:00,7657.25,7659.25,7655.5,7656.25,12310
2026-09-09 10:55:00-04:00,7656.25,7659.0,7654.25,7657.75,9976
2026-09-09 11:00:00-04:00,7658.0,7665.0,7646.25,7648.75,40026
2026-09-09 11:05:00-04:00,7648.5,7650.5,7641.0,7642.25,24982
2026-09-09 11:10:00-04:00,7642.25,7642.75,7633.5,7636.0,36399
2026-09-09 11:15:00-04:00,7635.75,7641.5,7634.5,7640.0,24897
2026-09-09 11:20:00-04:00,7640.0,7641.0,7629.5,7630.25,25262
2026-09-09 11:25:00-04:00,7630.25,7635.5,7628.75,7635.25,24073
2026-09-09 11:30:00-04:00,7635.25,7641.5,7634.5,7641.25,23803
2026-09-09 11:35:00-04:00,7641.25,7649.5,7637.25,7648.5,25552
2026-09-09 11:40:00-04:00,7648.75,7650.75,7640.75,7642.25,19812
2026-09-09 11:45:00-04:00,7642.25,7643.5,7640.0,7642.5,11054
2026-09-09 11:50:00-04:00,7642.5,7646.25,7642.5,7645.25,11491
2026-09-09 11:55:00-04:00,7645.25,7645.25,7638.25,7641.25,10844
2026-09-09 12:00:00-04:00,7641.5,7643.75,7640.25,7643.5,8485
2026-09-09 12:05:00-04:00,7643.5,7643.75,7634.75,7634.75,12935
2026-09-09 12:10:00-04:00,7634.75,7638.75,7633.75,7636.0,11307
2026-09-09 12:15:00-04:00,7636.0,7636.25,7633.25,7634.0,7950
2026-09-09 12:20:00-04:00,7634.0,7637.0,7632.75,7636.75,9074
2026-09-09 12:25:00-04:00,7637.0,7638.0,7634.0,7635.75,9186
2026-09-09 12:30:00-04:00,7635.75,7642.25,7635.5,7640.75,8968
2026-09-09 12:35:00-04:00,7641.0,7642.5,7639.0,7642.25,9208
2026-09-09 12:40:00-04:00,7642.5,7644.5,7640.75,7644.25,9447
2026-09-09 12:45:00-04:00,7644.5,7645.25,7641.5,7644.75,8571
2026-09-09 12:50:00-04:00,7644.75,7648.75,7644.75,7646.25,10492
2026-09-09 12:55:00-04:00,7646.0,7647.75,7645.0,7645.75,8130
2026-09-09 13:00:00-04:00,7645.75,7650.25,7643.5,7643.5,17174
2026-09-09 13:05:00-04:00,7643.75,7647.75,7643.75,7645.5,10153
2026-09-09 13:10:00-04:00,7645.5,7652.25,7645.25,7651.25,11555
2026-09-09 13:15:00-04:00,7651.5,7653.0,7648.5,7648.5,11811
2026-09-09 13:20:00-04:00,7648.5,7651.75,7647.5,7651.75,8378
2026-09-09 13:25:00-04:00,7652.0,7652.0,7648.5,7649.0,7879
2026-09-09 13:30:00-04:00,7649.25,7650.5,7646.75,7648.0,9168
2026-09-09 13:35:00-04:00,7648.0,7648.75,7643.5,7644.25,9009
2026-09-09 13:40:00-04:00,7644.5,7649.75,7644.25,7648.75,7617
2026-09-09 13:45:00-04:00,7649.0,7651.5,7648.75,7650.5,7781
2026-09-09 13:50:00-04:00,7650.75,7653.25,7649.25,7652.5,7318
2026-09-09 13:55:00-04:00,7652.5,7653.25,7650.0,7650.25,7707
2026-09-09 14:00:00-04:00,7650.25,7652.0,7649.5,7651.0,6492
2026-09-09 14:05:00-04:00,7651.0,7651.0,7647.0,7647.5,7687
2026-09-09 14:10:00-04:00,7647.5,7647.75,7643.75,7644.0,7704
2026-09-09 14:15:00-04:00,7644.0,7646.75,7642.75,7645.5,9124
2026-09-09 14:20:00-04:00,7645.5,7650.25,7645.5,7649.75,7888
2026-09-09 14:25:00-04:00,7649.5,7650.5,7647.25,7648.5,7354
2026-09-09 14:30:00-04:00,7648.25,7648.75,7645.75,7647.5,7213
2026-09-09 14:35:00-04:00,7647.5,7650.25,7647.0,7650.0,5411
2026-09-09 14:40:00-04:00,7650.0,7653.0,7650.0,7651.75,10097
2026-09-09 14:45:00-04:00,7651.5,7652.0,7649.25,7650.0,6381
2026-09-09 14:50:00-04:00,7650.25,7653.5,7650.0,7652.75,6797
2026-09-09 14:55:00-04:00,7652.75,7653.75,7648.75,7648.75,9219
2026-09-09 15:00:00-04:00,7648.75,7650.75,7646.25,7646.75,9230
2026-09-09 15:05:00-04:00,7647.0,7651.0,7646.25,7650.5,8791
2026-09-09 15:10:00-04:00,7650.75,7651.5,7649.5,7649.5,5621
2026-09-09 15:15:00-04:00,7649.75,7653.5,7649.5,7652.75,6114
2026-09-09 15:20:00-04:00,7652.75,7653.5,7651.25,7652.5,7368
2026-09-09 15:25:00-04:00,7652.5,7654.5,7651.0,7651.25,6676
2026-09-09 15:30:00-04:00,7651.25,7652.25,7649.0,7650.0,8400
2026-09-09 15:35:00-04:00,7650.0,7651.0,7647.75,7648.0,8248
2026-09-09 15:40:00-04:00,7647.75,7648.5,7646.0,7648.25,10457
2026-09-09 15:45:00-04:00,7648.25,7649.75,7646.5,7648.75,8457
2026-09-09 15:50:00-04:00,7648.75,7649.0,7642.25,7644.75,20015
2026-09-09 15:55:00-04:00,7644.75,7645.75,7641.25,7644.5,74268
2026-09-09 16:00:00-04:00,7644.5,7646.25,7642.5,7643.0,16339
2026-09-09 16:05:00-04:00,7643.0,7646.25,7643.0,7645.75,4997
2026-09-09 16:10:00-04:00,7645.75,7647.25,7644.75,7646.0,4689
2026-09-09 16:15:00-04:00,7646.25,7646.5,7645.0,7645.5,2815
2026-09-09 16:20:00-04:00,7645.5,7646.25,7644.75,7645.75,1038
2026-09-09 16:25:00-04:00,7645.75,7646.25,7645.25,7645.25,829
2026-09-09 16:30:00-04:00,7645.25,7646.5,7645.0,7646.5,1558
2026-09-09 16:35:00-04:00,7646.25,7647.75,7646.25,7647.25,1499
2026-09-09 16:40:00-04:00,7647.25,7647.25,7646.5,7646.75,1001
2026-09-09 16:45:00-04:00,7647.0,7647.0,7646.5,7646.75,1062
2026-09-09 16:50:00-04:00,7646.75,7647.0,7645.75,7647.0,1043
2026-09-09 16:55:00-04:00,7647.0,7648.25,7646.75,7648.0,1243
2026-09-09 18:00:00-04:00,7646.5,7651.0,7646.5,7647.25,0
2026-09-09 18:05:00-04:00,7647.0,7648.0,7646.25,7647.25,363
2026-09-09 18:10:00-04:00,7647.5,7648.25,7646.75,7646.75,370
2026-09-09 18:15:00-04:00,7647.0,7647.25,7646.5,7646.5,163
2026-09-09 18:20:00-04:00,7646.75,7647.25,7646.25,7646.5,230
2026-09-09 18:25:00-04:00,7646.5,7647.0,7645.75,7646.0,305
2026-09-09 18:30:00-04:00,7646.0,7647.5,7646.0,7647.25,320
2026-09-09 18:35:00-04:00,7647.25,7647.75,7646.75,7647.0,157
2026-09-09 18:40:00-04:00,7647.25,7647.75,7646.75,7647.5,153
2026-09-09 18:45:00-04:00,7647.5,7648.0,7647.25,7647.5,96
2026-09-09 18:50:00-04:00,7647.5,7647.5,7646.5,7646.75,166
2026-09-09 18:55:00-04:00,7647.0,7647.0,7646.25,7647.0,207
2026-09-09 19:00:00-04:00,7647.0,7647.25,7646.25,7646.5,169
2026-09-09 19:05:00-04:00,7646.75,7647.0,7646.25,7646.25,183
2026-09-09 19:10:00-04:00,7646.5,7646.5,7646.25,7646.25,206
2026-09-09 19:15:00-04:00,7646.25,7648.0,7645.75,7647.5,370
2026-09-09 19:20:00-04:00,7647.5,7647.75,7646.75,7647.0,238
2026-09-09 19:25:00-04:00,7647.0,7647.5,7646.25,7647.25,255
2026-09-09 19:30:00-04:00,7647.5,7647.75,7647.25,7647.5,114
2026-09-09 19:35:00-04:00,7647.25,7648.25,7647.25,7647.5,111
2026-09-09 19:40:00-04:00,7647.75,7648.25,7647.25,7648.0,182
2026-09-09 19:45:00-04:00,7648.0,7648.75,7647.25,7648.75,449
2026-09-09 19:50:00-04:00,7648.75,7653.0,7648.25,7652.75,853
2026-09-09 19:55:00-04:00,7652.5,7652.75,7650.5,7652.0,697
2026-09-09 20:00:00-04:00,7652.25,7652.75,7650.5,7652.5,1291
2026-09-09 20:05:00-04:00,7652.5,7654.5,7652.5,7653.75,974
2026-09-09 20:10:00-04:00,7653.75,7654.75,7650.75,7651.75,1088
2026-09-09 20:15:00-04:00,7651.75,7655.0,7651.5,7654.25,1426
2026-09-09 20:20:00-04:00,7654.0,7655.25,7653.5,7654.0,940
2026-09-09 20:25:00-04:00,7654.0,7656.5,7653.25,7656.25,1041
2026-09-09 20:30:00-04:00,7656.0,7656.25,7653.5,7654.0,756
2026-09-09 20:35:00-04:00,7654.0,7654.5,7653.25,7653.5,621
2026-09-09 20:40:00-04:00,7653.75,7654.25,7652.25,7654.25,826
2026-09-09 20:45:00-04:00,7654.0,7654.0,7651.0,7651.5,775
2026-09-09 20:50:00-04:00,7651.5,7651.5,7648.75,7649.5,1021
2026-09-09 20:55:00-04:00,7649.5,7649.5,7647.25,7647.5,1072
2026-09-09 21:00:00-04:00,7647.5,7650.0,7647.0,7648.75,1257
2026-09-09 21:05:00-04:00,7648.75,7650.5,7647.75,7649.0,852
2026-09-09 21:10:00-04:00,7648.75,7649.25,7646.25,7648.0,1076
2026-09-09 21:15:00-04:00,7648.0,7650.5,7646.75,7650.25,660
2026-09-09 21:20:00-04:00,7650.25,7650.5,7646.5,7647.0,972
2026-09-09 21:25:00-04:00,7647.0,7647.75,7644.75,7645.5,774
2026-09-09 21:30:00-04:00,7645.5,7646.25,7644.0,7644.25,851
2026-09-09 21:35:00-04:00,7644.25,7646.25,7644.0,7646.25,582
2026-09-09 21:40:00-04:00,7646.25,7649.75,7646.25,7649.25,914
2026-09-09 21:45:00-04:00,7649.0,7652.0,7648.25,7651.25,1008
2026-09-09 21:50:00-04:00,7651.5,7652.0,7648.25,7648.25,934
2026-09-09 21:55:00-04:00,7648.5,7651.5,7648.5,7651.5,761
2026-09-09 22:00:00-04:00,7651.5,7652.0,7650.25,7651.0,580
2026-09-09 22:05:00-04:00,7651.0,7652.25,7650.5,7650.75,689
2026-09-09 22:10:00-04:00,7650.5,7651.25,7648.5,7651.25,838
2026-09-09 22:15:00-04:00,7651.0,7651.25,7648.25,7648.75,576
2026-09-09 22:20:00-04:00,7649.0,7650.75,7649.0,7650.0,407
2026-09-09 22:25:00-04:00,7650.0,7650.25,7648.5,7649.0,352
2026-09-09 22:30:00-04:00,7649.0,7652.0,7648.75,7651.75,615
2026-09-09 22:35:00-04:00,7651.75,7654.0,7651.25,7653.5,615
2026-09-09 22:40:00-04:00,7653.75,7655.5,7653.25,7654.25,709
2026-09-09 22:45:00-04:00,7654.0,7654.75,7653.0,7653.5,514
2026-09-09 22:50:00-04:00,7653.25,7655.0,7653.25,7655.0,457
2026-09-09 22:55:00-04:00,7654.75,7654.75,7653.5,7654.5,372
2026-09-09 23:00:00-04:00,7654.5,7656.5,7654.5,7655.75,603
2026-09-09 23:05:00-04:00,7655.75,7655.75,7654.75,7655.5,408
2026-09-09 23:10:00-04:00,7655.5,7656.75,7654.25,7654.5,553
2026-09-09 23:15:00-04:00,7654.5,7655.0,7654.25,7655.0,337
2026-09-09 23:20:00-04:00,7655.0,7656.0,7653.25,7653.25,782
2026-09-09 23:25:00-04:00,7653.25,7654.25,7652.0,7654.25,574
2026-09-09 23:30:00-04:00,7654.0,7654.75,7653.25,7654.25,427
2026-09-09 23:35:00-04:00,7654.0,7654.5,7653.25,7654.0,380
2026-09-09 23:40:00-04:00,7653.75,7655.0,7653.75,7654.75,357
2026-09-09 23:45:00-04:00,7654.75,7656.5,7654.5,7656.0,566
2026-09-09 23:50:00-04:00,7655.75,7656.0,7654.75,7655.75,500
2026-09-09 23:55:00-04:00,7655.5,7656.25,7655.25,7655.75,257
2026-09-10 00:05:00-04:00,7656.25,7656.5,7656.0,7656.25,989
2026-09-10 00:10:00-04:00,7656.5,7657.25,7656.5,7656.75,294
2026-09-10 00:15:00-04:00,7656.75,7657.0,7655.5,7656.0,558
2026-09-10 00:20:00-04:00,7655.75,7656.75,7655.0,7656.25,476
2026-09-10 00:25:00-04:00,7656.5,7657.25,7655.75,7656.25,302
2026-09-10 00:30:00-04:00,7656.25,7656.75,7655.75,7656.5,230
2026-09-10 00:35:00-04:00,7656.5,7657.5,7655.75,7657.25,310
2026-09-10 00:40:00-04:00,7657.25,7657.75,7655.75,7656.0,426
2026-09-10 00:45:00-04:00,7656.25,7658.5,7656.0,7658.0,459
2026-09-10 00:50:00-04:00,7658.0,7660.0,7658.0,7659.0,588
2026-09-10 00:55:00-04:00,7659.0,7659.5,7658.25,7659.0,402
2026-09-10 01:00:00-04:00,7659.0,7660.5,7658.5,7658.75,500
2026-09-10 01:05:00-04:00,7659.0,7659.0,7657.75,7658.25,346
2026-09-10 01:10:00-04:00,7658.25,7660.0,7658.0,7660.0,411
2026-09-10 01:15:00-04:00,7660.0,7660.0,7659.25,7660.0,205
2026-09-10 01:20:00-04:00,7659.75,7660.5,7659.25,7660.25,321
2026-09-10 01:25:00-04:00,7660.5,7663.0,7660.0,7662.75,1086
2026-09-10 01:30:00-04:00,7663.0,7664.5,7661.25,7663.75,1069
2026-09-10 01:35:00-04:00,7663.75,7664.75,7662.75,7662.75,629
2026-09-10 01:40:00-04:00,7662.75,7664.0,7662.75,7662.75,469
2026-09-10 01:45:00-04:00,7663.0,7665.75,7663.0,7663.25,768
2026-09-10 01:50:00-04:00,7663.25,7663.5,7662.0,7662.0,541
2026-09-10 01:55:00-04:00,7662.0,7663.75,7661.0,7663.5,538
2026-09-10 02:00:00-04:00,7663.5,7664.75,7662.5,7663.25,760
2026-09-10 02:05:00-04:00,7663.25,7663.25,7661.0,7661.5,689
2026-09-10 02:10:00-04:00,7661.5,7662.75,7661.25,7661.5,579
2026-09-10 02:15:00-04:00,7661.75,7662.0,7659.5,7660.25,640
2026-09-10 02:20:00-04:00,7660.25,7661.0,7659.25,7660.5,600
2026-09-10 02:25:00-04:00,7660.5,7663.5,7660.0,7663.5,873
2026-09-10 02:30:00-04:00,7663.75,7665.25,7662.75,7664.0,1137
2026-09-10 02:35:00-04:00,7664.0,7665.75,7663.0,7665.75,696
2026-09-10 02:40:00-04:00,7665.75,7666.25,7664.5,7664.75,657
2026-09-10 02:45:00-04:00,7664.75,7666.0,7664.75,7665.75,410
2026-09-10 02:50:00-04:00,7666.0,7666.25,7663.75,7664.25,1001
2026-09-10 02:55:00-04:00,7664.25,7664.25,7663.0,7664.0,581
2026-09-10 03:00:00-04:00,7664.0,7664.0,7660.5,7660.5,1353
2026-09-10 03:05:00-04:00,7660.75,7662.25,7660.0,7661.75,829
2026-09-10 03:10:00-04:00,7661.5,7663.5,7661.25,7662.75,821
2026-09-10 03:15:00-04:00,7662.75,7663.75,7661.5,7663.5,686
2026-09-10 03:20:00-04:00,7663.75,7664.0,7662.5,7662.75,1104
2026-09-10 03:25:00-04:00,7662.75,7663.0,7657.5,7657.75,1199
2026-09-10 03:30:00-04:00,7657.75,7659.25,7656.25,7657.0,1074
2026-09-10 03:35:00-04:00,7657.5,7660.0,7657.0,7657.75,1027
2026-09-10 03:40:00-04:00,7658.0,7660.75,7657.5,7660.5,748
2026-09-10 03:45:00-04:00,7660.5,7661.0,7658.5,7659.5,1247
2026-09-10 03:50:00-04:00,7659.75,7661.25,7659.0,7660.25,823
2026-09-10 03:55:00-04:00,7660.25,7661.0,7659.25,7659.25,467
2026-09-10 04:00:00-04:00,7659.5,7662.5,7659.25,7659.75,2047
2026-09-10 04:05:00-04:00,7659.5,7661.25,7658.0,7659.0,1202
2026-09-10 04:10:00-04:00,7659.25,7661.0,7657.5,7658.0,753
2026-09-10 04:15:00-04:00,7658.0,7658.0,7656.5,7657.5,936
2026-09-10 04:20:00-04:00,7657.25,7659.75,7657.25,7659.0,968
2026-09-10 04:25:00-04:00,7659.0,7660.75,7658.25,7660.0,1253
2026-09-10 04:30:00-04:00,7660.25,7661.0,7656.0,7656.25,1274
2026-09-10 04:35:00-04:00,7656.25,7659.25,7656.25,7657.5,759
2026-09-10 04:40:00-04:00,7657.25,7657.75,7652.75,7653.5,1288
2026-09-10 04:45:00-04:00,7653.75,7655.25,7652.25,7652.25,1149
2026-09-10 04:50:00-04:00,7652.5,7653.25,7651.25,7652.75,1085
2026-09-10 04:55:00-04:00,7653.0,7653.0,7651.25,7652.5,969
2026-09-10 05:00:00-04:00,7652.5,7655.5,7651.5,7654.75,1586
2026-09-10 05:05:00-04:00,7654.5,7655.0,7651.25,7652.0,1066
2026-09-10 05:10:00-04:00,7652.25,7653.75,7651.75,7652.75,835
2026-09-10 05:15:00-04:00,7653.0,7653.75,7651.75,7653.5,486
2026-09-10 05:20:00-04:00,7653.75,7654.25,7651.25,7651.25,931
2026-09-10 05:25:00-04:00,7651.25,7652.25,7649.75,7650.5,1021
2026-09-10 05:30:00-04:00,7650.25,7650.25,7647.25,7649.75,1024
2026-09-10 05:35:00-04:00,7649.75,7650.0,7647.25,7647.75,1014
2026-09-10 05:40:00-04:00,7647.5,7650.75,7646.0,7650.5,1926
2026-09-10 05:45:00-04:00,7650.5,7652.25,7650.25,7652.0,1349
2026-09-10 05:50:00-04:00,7651.75,7654.75,7650.75,7652.75,1792
2026-09-10 05:55:00-04:00,7652.75,7653.25,7651.5,7652.0,812
2026-09-10 06:00:00-04:00,7652.0,7654.0,7650.5,7653.0,1442
2026-09-10 06:05:00-04:00,7653.0,7653.5,7649.75,7650.5,1015
2026-09-10 06:10:00-04:00,7650.5,7652.0,7649.75,7650.5,927
2026-09-10 06:15:00-04:00,7650.5,7652.0,7650.5,7651.75,659
2026-09-10 06:20:00-04:00,7651.75,7652.5,7650.5,7651.5,671
2026-09-10 06:25:00-04:00,7651.5,7653.5,7650.5,7651.0,1110
2026-09-10 06:30:00-04:00,7651.25,7651.5,7647.25,7648.25,871
2026-09-10 06:35:00-04:00,7648.0,7652.25,7647.5,7652.0,1618
2026-09-10 06:40:00-04:00,7652.0,7653.25,7651.25,7651.25,952
2026-09-10 06:45:00-04:00,7651.25,7651.5,7649.25,7650.75,1030
2026-09-10 06:50:00-04:00,7650.75,7651.0,7646.5,7646.5,1154
2026-09-10 06:55:00-04:00,7646.5,7657.0,7646.25,7648.25,6417
2026-09-10 07:00:00-04:00,7648.0,7648.75,7644.5,7646.5,2188
2026-09-10 07:05:00-04:00,7646.75,7647.5,7643.5,7644.75,1544
2026-09-10 07:10:00-04:00,7644.75,7646.0,7642.75,7645.25,1705
2026-09-10 07:15:00-04:00,7645.0,7645.75,7644.0,7644.25,1126
2026-09-10 07:20:00-04:00,7644.25,7644.75,7642.5,7644.5,1135
2026-09-10 07:25:00-04:00,7644.5,7644.75,7643.0,7643.0,820
2026-09-10 07:30:00-04:00,7643.25,7648.5,7643.0,7647.5,1433
2026-09-10 07:35:00-04:00,7647.25,7648.5,7646.0,7647.25,868
2026-09-10 07:40:00-04:00,7647.0,7647.0,7643.5,7644.5,1192
2026-09-10 07:45:00-04:00,7644.5,7645.75,7641.5,7641.5,2269
2026-09-10 07:50:00-04:00,7641.5,7641.75,7636.75,7637.75,3435
2026-09-10 07:55:00-04:00,7637.5,7637.5,7632.0,7632.0,5492
2026-09-10 08:00:00-04:00,7632.0,7635.0,7629.5,7630.5,5367
2026-09-10 08:05:00-04:00,7630.25,7632.0,7629.0,7629.25,5658
2026-09-10 08:10:00-04:00,7629.25,7634.25,7628.75,7632.75,2794
2026-09-10 08:15:00-04:00,7633.0,7633.75,7627.75,7628.0,3768
2026-09-10 08:20:00-04:00,7628.25,7628.25,7626.0,7626.75,3975
2026-09-10 08:25:00-04:00,7626.75,7630.0,7623.75,7625.75,3814
2026-09-10 08:30:00-04:00,7627.0,7630.0,7605.25,7605.75,17191
2026-09-10 08:35:00-04:00,7605.75,7613.5,7605.75,7608.75,15395
2026-09-10 08:40:00-04:00,7609.0,7609.25,7598.75,7602.5,20487
2026-09-10 08:45:00-04:00,7602.5,7605.0,7597.75,7604.5,13463
2026-09-10 08:50:00-04:00,7604.5,7606.75,7603.0,7605.75,10256
2026-09-10 08:55:00-04:00,7605.75,7605.75,7600.0,7601.5,8530
2026-09-10 09:00:00-04:00,7601.5,7609.0,7601.0,7608.25,8352
2026-09-10 09:05:00-04:00,7608.5,7608.75,7601.75,7603.5,7119
2026-09-10 09:10:00-04:00,7603.25,7605.75,7600.5,7601.0,6247
2026-09-10 09:15:00-04:00,7600.75,7603.5,7599.0,7601.5,6448
2026-09-10 09:20:00-04:00,7601.25,7603.0,7598.5,7598.75,4083
2026-09-10 09:25:00-04:00,7599.0,7600.75,7595.0,7598.75,10371
2026-09-10 09:30:00-04:00,7599.0,7603.0,7595.0,7596.75,42321
2026-09-10 09:35:00-04:00,7597.0,7604.5,7593.75,7603.5,34463
2026-09-10 09:40:00-04:00,7603.25,7606.75,7599.5,7600.25,29633
2026-09-10 09:45:00-04:00,7600.25,7609.0,7600.0,7605.5,25808
2026-09-10 09:50:00-04:00,7605.75,7605.75,7591.25,7592.25,27212
2026-09-10 09:55:00-04:00,7592.25,7592.75,7586.0,7586.75,26959
2026-09-10 10:00:00-04:00,7586.75,7596.75,7586.5,7592.0,29550
2026-09-10 10:05:00-04:00,7592.0,7593.25,7585.5,7587.5,22033
2026-09-10 10:10:00-04:00,7587.5,7597.0,7586.5,7593.0,24689
2026-09-10 10:15:00-04:00,7592.75,7600.0,7590.5,7599.25,22985
2026-09-10 10:20:00-04:00,7599.25,7620.0,7598.5,7613.0,48035
2026-09-10 10:25:00-04:00,7613.0,7618.25,7604.75,7606.25,38903
2026-09-10 10:30:00-04:00,7606.25,7612.0,7605.5,7608.0,19652
2026-09-10 10:35:00-04:00,7608.25,7615.5,7608.0,7612.5,17114
2026-09-10 10:40:00-04:00,7612.25,7613.5,7606.0,7607.75,17128
2026-09-10 10:45:00-04:00,7607.75,7609.75,7603.75,7607.25,17598
2026-09-10 10:50:00-04:00,7607.25,7611.25,7604.5,7611.0,15913
2026-09-10 10:55:00-04:00,7611.25,7614.5,7608.25,7613.5,14046
2026-09-10 11:00:00-04:00,7613.25,7614.0,7604.75,7607.75,18651
2026-09-10 11:05:00-04:00,7607.75,7614.0,7607.75,7609.5,12265
2026-09-10 11:10:00-04:00,7609.5,7614.0,7608.75,7609.75,15462
2026-09-10 11:15:00-04:00,7609.75,7611.75,7608.0,7610.25,11930
2026-09-10 11:20:00-04:00,7610.25,7613.0,7605.75,7612.5,14007
2026-09-10 11:25:00-04:00,7612.5,7615.0,7610.75,7611.25,13606
2026-09-10 11:30:00-04:00,7611.5,7615.5,7609.25,7614.0,14178
2026-09-10 11:35:00-04:00,7613.75,7619.25,7610.0,7612.0,17283
2026-09-10 11:40:00-04:00,7611.75,7613.75,7610.25,7613.25,10585
2026-09-10 11:45:00-04:00,7613.5,7614.75,7606.75,7610.5,13051
2026-09-10 11:50:00-04:00,7610.5,7613.0,7605.25,7605.5,13198
2026-09-10 11:55:00-04:00,7605.25,7606.5,7601.25,7604.75,15741
2026-09-10 12:00:00-04:00,7605.0,7610.25,7603.5,7605.0,17145
2026-09-10 12:05:00-04:00,7604.75,7605.75,7599.75,7600.25,12105
2026-09-10 12:10:00-04:00,7600.0,7602.75,7597.5,7600.5,13836
2026-09-10 12:15:00-04:00,7600.25,7603.75,7598.0,7599.75,11443
2026-09-10 12:20:00-04:00,7599.75,7602.5,7599.25,7600.0,8958
2026-09-10 12:25:00-04:00,7599.75,7600.25,7597.0,7600.25,8946
2026-09-10 12:30:00-04:00,7600.0,7603.5,7594.25,7594.25,21728
2026-09-10 12:35:00-04:00,7594.25,7601.75,7591.5,7601.0,17154
2026-09-10 12:40:00-04:00,7601.0,7608.5,7600.5,7607.25,11626
2026-09-10 12:45:00-04:00,7607.25,7613.0,7607.0,7607.5,16837
2026-09-10 12:50:00-04:00,7607.5,7611.25,7606.25,7611.0,10421
2026-09-10 12:55:00-04:00,7611.0,7613.0,7609.75,7611.5,9711
2026-09-10 13:00:00-04:00,7611.25,7617.75,7607.0,7609.5,22195
2026-09-10 13:05:00-04:00,7609.75,7612.0,7607.5,7609.0,12909
2026-09-10 13:10:00-04:00,7608.75,7613.75,7608.75,7609.5,10106
2026-09-10 13:15:00-04:00,7609.5,7611.25,7607.75,7609.0,9808
2026-09-10 13:20:00-04:00,7609.25,7610.25,7605.5,7606.0,7789
2026-09-10 13:25:00-04:00,7606.0,7606.5,7604.25,7605.25,9844
2026-09-10 13:30:00-04:00,7605.0,7607.25,7602.75,7605.0,10755
2026-09-10 13:35:00-04:00,7605.0,7607.25,7599.5,7600.0,9298
2026-09-10 13:40:00-04:00,7600.0,7604.0,7599.5,7603.5,7185
2026-09-10 13:45:00-04:00,7603.75,7604.25,7601.25,7602.0,5915
2026-09-10 13:50:00-04:00,7602.25,7605.0,7601.25,7603.25,7611
2026-09-10 13:55:00-04:00,7603.25,7604.75,7601.25,7602.25,6895
2026-09-10 14:00:00-04:00,7602.25,7605.25,7597.75,7599.0,12246
2026-09-10 14:05:00-04:00,7599.0,7601.25,7596.0,7597.0,11147
2026-09-10 14:10:00-04:00,7596.75,7598.5,7594.25,7596.5,12085
2026-09-10 14:15:00-04:00,7596.25,7597.0,7594.0,7596.25,8382
2026-09-10 14:20:00-04:00,7596.25,7600.0,7596.0,7597.5,8517
2026-09-10 14:25:00-04:00,7597.5,7598.75,7595.25,7596.75,7050
2026-09-10 14:30:00-04:00,7596.5,7596.5,7591.75,7595.25,10688
2026-09-10 14:35:00-04:00,7595.5,7598.25,7594.25,7597.75,7131
2026-09-10 14:40:00-04:00,7598.0,7598.75,7596.25,7597.75,6636
2026-09-10 14:45:00-04:00,7597.5,7600.5,7593.5,7597.0,11285
2026-09-10 14:50:00-04:00,7597.0,7603.5,7595.0,7599.25,19726
2026-09-10 14:55:00-04:00,7599.25,7600.75,7596.0,7597.0,8678
2026-09-10 15:00:00-04:00,7597.0,7597.0,7592.75,7592.75,13269
2026-09-10 15:05:00-04:00,7592.5,7599.5,7592.5,7599.25,16013
2026-09-10 15:10:00-04:00,7599.25,7599.25,7594.75,7597.5,13174
2026-09-10 15:15:00-04:00,7597.75,7599.25,7593.0,7594.75,11036
2026-09-10 15:20:00-04:00,7594.75,7596.75,7593.0,7596.5,8805
2026-09-10 15:25:00-04:00,7596.5,7597.5,7594.75,7595.75,8255
2026-09-10 15:30:00-04:00,7595.75,7599.75,7594.25,7599.0,11677
2026-09-10 15:35:00-04:00,7599.25,7601.0,7596.25,7599.75,11276
2026-09-10 15:40:00-04:00,7599.75,7602.75,7599.5,7600.0,10917
2026-09-10 15:45:00-04:00,7600.25,7602.0,7597.5,7600.75,12430
2026-09-10 15:50:00-04:00,7600.75,7602.75,7595.75,7598.5,22251
2026-09-10 15:55:00-04:00,7598.5,7600.5,7596.0,7598.5,80272
2026-09-10 16:00:00-04:00,7598.75,7599.5,7596.5,7598.0,21059
2026-09-10 16:05:00-04:00,7598.0,7602.0,7595.75,7601.5,5655
2026-09-10 16:10:00-04:00,7601.25,7606.25,7599.75,7605.75,6558
2026-09-10 16:15:00-04:00,7606.0,7606.5,7603.75,7604.75,2260
2026-09-10 16:20:00-04:00,7604.75,7606.25,7604.5,7605.5,1227
2026-09-10 16:25:00-04:00,7605.5,7605.75,7603.25,7603.5,1585
2026-09-10 16:30:00-04:00,7603.75,7604.5,7603.25,7604.5,1490
2026-09-10 16:35:00-04:00,7604.25,7605.0,7603.75,7604.75,1160
2026-09-10 16:40:00-04:00,7604.75,7605.0,7604.0,7604.0,1024
2026-09-10 16:45:00-04:00,7604.25,7605.0,7603.75,7604.5,1628
2026-09-10 16:50:00-04:00,7604.25,7605.5,7604.0,7605.0,1179
2026-09-10 16:55:00-04:00,7605.0,7605.25,7599.25,7602.0,2563
2026-09-10 18:00:00-04:00,7599.5,7603.25,7599.5,7602.5,0
2026-09-10 18:05:00-04:00,7602.5,7603.0,7600.25,7602.5,542
2026-09-10 18:10:00-04:00,7602.5,7603.75,7602.0,7602.75,233
2026-09-10 18:15:00-04:00,7602.5,7605.25,7602.5,7605.0,832
2026-09-10 18:20:00-04:00,7604.75,7607.25,7603.75,7604.25,1432
2026-09-10 18:25:00-04:00,7604.25,7604.5,7601.0,7601.0,654
2026-09-10 18:30:00-04:00,7601.0,7602.0,7600.0,7601.25,859
2026-09-10 18:35:00-04:00,7601.25,7601.75,7600.5,7600.5,347
2026-09-10 18:40:00-04:00,7600.5,7600.75,7598.75,7599.0,831
2026-09-10 18:45:00-04:00,7599.0,7602.0,7598.25,7601.25,598
2026-09-10 18:50:00-04:00,7601.5,7601.5,7599.0,7599.0,407
2026-09-10 18:55:00-04:00,7599.25,7600.25,7598.75,7599.75,279
2026-09-10 19:00:00-04:00,7599.5,7601.25,7599.25,7599.5,410
2026-09-10 19:05:00-04:00,7599.5,7600.75,7599.5,7600.75,235
2026-09-10 19:10:00-04:00,7600.75,7601.5,7600.25,7601.25,221
2026-09-10 19:15:00-04:00,7601.25,7601.75,7600.75,7601.0,268
2026-09-10 19:20:00-04:00,7601.25,7601.5,7599.5,7599.5,250
2026-09-10 19:25:00-04:00,7599.75,7601.5,7599.75,7600.25,218
2026-09-10 19:30:00-04:00,7600.25,7601.75,7600.25,7601.0,396
2026-09-10 19:35:00-04:00,7600.75,7601.25,7600.0,7600.75,212
2026-09-10 19:40:00-04:00,7600.75,7601.25,7599.75,7601.0,419
2026-09-10 19:45:00-04:00,7601.0,7601.0,7599.25,7599.25,417
2026-09-10 19:50:00-04:00,7599.5,7599.75,7597.0,7597.5,747
2026-09-10 19:55:00-04:00,7597.25,7597.25,7594.5,7595.0,1545
2026-09-10 20:00:00-04:00,7595.0,7601.25,7594.25,7600.25,3087
2026-09-10 20:05:00-04:00,7600.25,7606.0,7600.0,7603.75,3352
2026-09-10 20:10:00-04:00,7603.5,7606.25,7603.25,7604.25,1668
2026-09-10 20:15:00-04:00,7604.5,7606.0,7603.5,7604.25,1252
2026-09-10 20:20:00-04:00,7604.25,7606.25,7603.0,7605.5,952
2026-09-10 20:25:00-04:00,7605.25,7609.0,7604.75,7608.5,1101
2026-09-10 20:30:00-04:00,7608.5,7608.5,7605.25,7606.75,952
2026-09-10 20:35:00-04:00,7606.5,7612.25,7606.5,7610.75,1381
2026-09-10 20:40:00-04:00,7610.75,7611.0,7606.5,7606.75,1857
2026-09-10 20:45:00-04:00,7607.0,7609.25,7606.75,7608.5,845
2026-09-10 20:50:00-04:00,7608.75,7611.75,7608.5,7611.25,990
2026-09-10 20:55:00-04:00,7611.25,7613.75,7610.75,7613.25,923
2026-09-10 21:00:00-04:00,7613.25,7616.25,7612.5,7615.25,1901
2026-09-10 21:05:00-04:00,7615.25,7615.5,7613.0,7614.25,1219
2026-09-10 21:10:00-04:00,7614.25,7615.5,7613.0,7613.25,995
2026-09-10 21:15:00-04:00,7613.25,7613.5,7611.5,7611.5,984
2026-09-10 21:20:00-04:00,7611.75,7612.0,7609.0,7609.75,876
2026-09-10 21:25:00-04:00,7609.75,7611.0,7609.0,7609.25,835
2026-09-10 21:30:00-04:00,7609.25,7611.25,7609.0,7610.0,1027
2026-09-10 21:35:00-04:00,7610.25,7611.5,7607.75,7608.0,880
2026-09-10 21:40:00-04:00,7608.0,7608.75,7606.75,7608.5,1293
2026-09-10 21:45:00-04:00,7608.5,7608.5,7606.75,7608.0,843
2026-09-10 21:50:00-04:00,7607.75,7608.5,7607.0,7608.0,479
2026-09-10 21:55:00-04:00,7608.0,7610.0,7607.75,7610.0,960
2026-09-10 22:00:00-04:00,7610.0,7611.25,7608.5,7609.0,669
2026-09-10 22:05:00-04:00,7609.25,7610.5,7608.5,7609.0,608
2026-09-10 22:10:00-04:00,7609.25,7610.75,7609.25,7610.0,410
2026-09-10 22:15:00-04:00,7610.25,7610.25,7607.5,7608.25,832
2026-09-10 22:20:00-04:00,7608.0,7609.0,7607.25,7607.5,418
2026-09-10 22:25:00-04:00,7607.75,7607.75,7605.0,7606.25,1105
2026-09-10 22:30:00-04:00,7606.25,7606.75,7603.25,7603.75,946
2026-09-10 22:35:00-04:00,7603.5,7606.0,7603.5,7605.5,576
2026-09-10 22:40:00-04:00,7605.5,7606.5,7602.25,7603.0,880
2026-09-10 22:45:00-04:00,7603.25,7607.5,7602.5,7607.5,813
2026-09-10 22:50:00-04:00,7607.25,7608.0,7603.25,7603.5,844
2026-09-10 22:55:00-04:00,7603.5,7604.5,7602.75,7603.75,892
2026-09-10 23:00:00-04:00,7603.5,7604.25,7602.0,7602.25,784
2026-09-10 23:05:00-04:00,7602.25,7602.5,7601.0,7602.0,777
2026-09-10 23:10:00-04:00,7602.0,7602.75,7599.75,7602.25,800
2026-09-10 23:15:00-04:00,7602.0,7603.5,7601.0,7602.75,558
2026-09-10 23:20:00-04:00,7602.75,7603.0,7600.0,7600.5,657
2026-09-10 23:25:00-04:00,7600.5,7602.5,7600.25,7601.25,491
2026-09-10 23:30:00-04:00,7601.25,7601.5,7597.75,7599.25,1026
2026-09-10 23:35:00-04:00,7599.25,7601.75,7598.5,7600.5,722
2026-09-10 23:40:00-04:00,7600.25,7604.25,7600.25,7603.75,835
2026-09-10 23:45:00-04:00,7603.75,7604.0,7599.75,7600.25,960
2026-09-10 23:50:00-04:00,7600.0,7601.75,7599.25,7601.5,601
2026-09-10 23:55:00-04:00,7601.5,7602.75,7601.25,7602.75,392
2026-09-11 00:05:00-04:00,7605.0,7605.0,7604.0,7604.25,3141
2026-09-11 00:10:00-04:00,7604.0,7607.25,7601.25,7606.75,1384
2026-09-11 00:15:00-04:00,7606.5,7606.75,7604.75,7605.25,582
2026-09-11 00:20:00-04:00,7605.0,7608.0,7605.0,7608.0,822
2026-09-11 00:25:00-04:00,7608.0,7611.0,7608.0,7610.75,1037
2026-09-11 00:30:00-04:00,7610.75,7612.25,7610.0,7610.25,855
2026-09-11 00:35:00-04:00,7610.0,7611.5,7610.0,7610.75,519
2026-09-11 00:40:00-04:00,7610.75,7612.5,7610.5,7612.5,596
2026-09-11 00:45:00-04:00,7612.5,7613.0,7611.5,7612.75,773
2026-09-11 00:50:00-04:00,7612.5,7614.5,7612.0,7612.75,766
2026-09-11 00:55:00-04:00,7612.75,7613.5,7611.0,7611.25,689
2026-09-11 01:00:00-04:00,7611.0,7611.75,7610.75,7611.75,776
2026-09-11 01:05:00-04:00,7611.75,7615.0,7611.25,7614.75,1289
2026-09-11 01:10:00-04:00,7614.75,7616.5,7613.5,7616.25,1245
2026-09-11 01:15:00-04:00,7616.25,7617.0,7613.5,7614.25,726
2026-09-11 01:20:00-04:00,7614.25,7615.0,7612.75,7614.25,552
2026-09-11 01:25:00-04:00,7614.25,7614.25,7611.5,7612.0,724
2026-09-11 01:30:00-04:00,7612.0,7615.75,7612.0,7615.0,1508
2026-09-11 01:35:00-04:00,7615.25,7617.5,7614.75,7617.0,1090
2026-09-11 01:40:00-04:00,7617.0,7620.75,7616.75,7620.25,1600
2026-09-11 01:45:00-04:00,7620.0,7623.0,7617.5,7622.75,1853
2026-09-11 01:50:00-04:00,7622.75,7625.5,7621.0,7624.5,1679
2026-09-11 01:55:00-04:00,7624.5,7627.5,7624.25,7626.0,2029
2026-09-11 02:00:00-04:00,7626.0,7626.5,7623.25,7623.5,1377
2026-09-11 02:05:00-04:00,7623.5,7629.0,7622.5,7626.0,1728
2026-09-11 02:10:00-04:00,7626.0,7629.5,7624.75,7627.75,1266
2026-09-11 02:15:00-04:00,7628.0,7629.0,7626.5,7628.0,2038
2026-09-11 02:20:00-04:00,7628.25,7628.5,7626.0,7627.25,1681
2026-09-11 02:25:00-04:00,7627.25,7627.75,7625.25,7627.0,1672
2026-09-11 02:30:00-04:00,7627.0,7629.0,7623.75,7624.25,2777
2026-09-11 02:35:00-04:00,7624.5,7628.0,7624.5,7627.25,1128
2026-09-11 02:40:00-04:00,7627.25,7627.25,7625.0,7626.25,1150
2026-09-11 02:45:00-04:00,7626.5,7632.25,7626.5,7630.5,2083
2026-09-11 02:50:00-04:00,7630.5,7631.5,7629.5,7630.5,1198
2026-09-11 02:55:00-04:00,7630.5,7632.0,7629.75,7631.0,1559
2026-09-11 03:00:00-04:00,7631.0,7632.75,7630.0,7632.75,2948
2026-09-11 03:05:00-04:00,7633.0,7633.0,7630.5,7631.25,1874
2026-09-11 03:10:00-04:00,7631.25,7632.75,7629.0,7630.5,2078
2026-09-11 03:15:00-04:00,7630.5,7631.5,7628.75,7630.0,1793
2026-09-11 03:20:00-04:00,7630.25,7631.25,7628.75,7630.0,1303
2026-09-11 03:25:00-04:00,7630.0,7630.0,7627.0,7627.0,1541
2026-09-11 03:30:00-04:00,7627.0,7629.0,7625.5,7625.75,2001
2026-09-11 03:35:00-04:00,7625.75,7628.0,7625.75,7627.25,1966
2026-09-11 03:40:00-04:00,7627.25,7627.5,7625.25,7626.25,1325
2026-09-11 03:45:00-04:00,7626.0,7626.5,7624.5,7625.0,1287
2026-09-11 03:50:00-04:00,7624.75,7626.25,7624.75,7625.75,1210
2026-09-11 03:55:00-04:00,7625.75,7627.5,7625.5,7626.75,1123
2026-09-11 04:00:00-04:00,7626.75,7630.25,7625.25,7626.0,2544
2026-09-11 04:05:00-04:00,7626.0,7626.5,7623.5,7624.25,1679
2026-09-11 04:10:00-04:00,7624.25,7628.5,7623.25,7627.0,3766
2026-09-11 04:15:00-04:00,7627.0,7631.0,7626.0,7628.5,2246
2026-09-11 04:20:00-04:00,7628.5,7644.25,7628.25,7635.0,8993
2026-09-11 04:25:00-04:00,7635.0,7635.75,7630.5,7631.25,2783
2026-09-11 04:30:00-04:00,7631.25,7638.0,7631.25,7636.5,2857
2026-09-11 04:35:00-04:00,7636.75,7637.25,7634.5,7634.75,1591
2026-09-11 04:40:00-04:00,7635.0,7636.0,7633.75,7634.5,1233
2026-09-11 04:45:00-04:00,7634.5,7637.5,7633.5,7636.5,2500
2026-09-11 04:50:00-04:00,7636.5,7642.25,7636.5,7640.75,4296
2026-09-11 04:55:00-04:00,7640.5,7643.75,7640.0,7643.75,3232
2026-09-11 05:00:00-04:00,7643.75,7647.75,7642.75,7643.25,5834
2026-09-11 05:05:00-04:00,7643.25,7643.25,7639.25,7639.25,1908
2026-09-11 05:10:00-04:00,7639.25,7640.0,7637.25,7637.5,2381
2026-09-11 05:15:00-04:00,7637.25,7639.75,7636.5,7639.25,1583
2026-09-11 05:20:00-04:00,7639.25,7640.25,7638.5,7639.0,1182
2026-09-11 05:25:00-04:00,7639.25,7639.75,7638.5,7638.75,1083
2026-09-11 05:30:00-04:00,7638.75,7640.25,7638.5,7639.5,1641
2026-09-11 05:35:00-04:00,7639.75,7640.25,7639.0,7640.0,791
2026-09-11 05:40:00-04:00,7639.75,7640.75,7639.0,7639.25,930
2026-09-11 05:45:00-04:00,7639.25,7641.0,7638.75,7640.0,820
2026-09-11 05:50:00-04:00,7640.0,7640.5,7639.25,7639.75,894
2026-09-11 05:55:00-04:00,7639.75,7642.25,7639.5,7641.0,1143
2026-09-11 06:00:00-04:00,7640.75,7645.25,7635.5,7644.75,5773
2026-09-11 06:05:00-04:00,7644.5,7644.5,7643.0,7643.75,1186
2026-09-11 06:10:00-04:00,7643.75,7644.0,7641.5,7642.25,2063
2026-09-11 06:15:00-04:00,7642.5,7643.5,7641.25,7642.5,1176
2026-09-11 06:20:00-04:00,7642.25,7643.25,7640.25,7641.75,1409
2026-09-11 06:25:00-04:00,7641.75,7642.25,7639.75,7640.75,783
2026-09-11 06:30:00-04:00,7640.75,7642.75,7640.25,7642.5,739
2026-09-11 06:35:00-04:00,7642.5,7643.5,7640.5,7641.75,805
2026-09-11 06:40:00-04:00,7641.75,7641.75,7640.0,7640.0,1554
2026-09-11 06:45:00-04:00,7640.0,7640.0,7638.0,7638.75,1009
2026-09-11 06:50:00-04:00,7638.75,7639.75,7638.0,7638.5,748
2026-09-11 06:55:00-04:00,7638.5,7639.5,7638.0,7638.5,1624
2026-09-11 07:00:00-04:00,7638.75,7639.5,7637.75,7638.5,1683
2026-09-11 07:05:00-04:00,7638.25,7638.5,7635.5,7636.5,1594
2026-09-11 07:10:00-04:00,7636.25,7637.25,7635.75,7636.25,920
2026-09-11 07:15:00-04:00,7636.25,7638.75,7635.5,7638.5,1428
2026-09-11 07:20:00-04:00,7638.75,7638.75,7636.0,7638.25,899
2026-09-11 07:25:00-04:00,7638.25,7641.25,7638.25,7639.5,1719
2026-09-11 07:30:00-04:00,7639.5,7640.5,7636.25,7636.5,1623
2026-09-11 07:35:00-04:00,7636.75,7638.5,7635.75,7638.0,2183
2026-09-11 07:40:00-04:00,7637.75,7640.5,7637.5,7640.5,1339
2026-09-11 07:45:00-04:00,7640.75,7641.5,7637.75,7641.0,1635
2026-09-11 07:50:00-04:00,7641.0,7641.0,7639.0,7640.5,1200
2026-09-11 07:55:00-04:00,7640.5,7642.5,7640.0,7640.75,1506
2026-09-11 08:00:00-04:00,7640.75,7641.25,7637.5,7639.5,2777
2026-09-11 08:05:00-04:00,7639.5,7640.25,7638.25,7640.25,2685
2026-09-11 08:10:00-04:00,7640.5,7644.0,7639.25,7641.75,3778
2026-09-11 08:15:00-04:00,7641.75,7645.75,7640.75,7644.5,2902
2026-09-11 08:20:00-04:00,7644.75,7646.75,7643.25,7643.5,3662
2026-09-11 08:25:00-04:00,7643.75,7657.5,7642.75,7653.75,10261
2026-09-11 08:30:00-04:00,7653.5,7655.25,7620.5,7643.0,27122
2026-09-11 08:35:00-04:00,7642.75,7650.5,7640.25,7647.75,11571
2026-09-11 08:40:00-04:00,7647.5,7650.0,7644.75,7646.5,8022
2026-09-11 08:45:00-04:00,7646.75,7658.25,7644.75,7656.0,9320
2026-09-11 08:50:00-04:00,7656.0,7668.75,7655.5,7667.25,12783
2026-09-11 08:55:00-04:00,7667.25,7677.5,7666.5,7676.25,12738
2026-09-11 09:00:00-04:00,7676.25,7683.5,7675.75,7677.25,15912
2026-09-11 09:05:00-04:00,7677.25,7680.25,7671.25,7673.5,12866
2026-09-11 09:10:00-04:00,7673.25,7674.5,7665.5,7667.25,11658
2026-09-11 09:15:00-04:00,7667.5,7669.0,7665.25,7665.75,6458
2026-09-11 09:20:00-04:00,7665.75,7668.25,7665.75,7667.0,5207
2026-09-11 09:25:00-04:00,7667.0,7673.0,7664.5,7665.0,13054
2026-09-11 09:30:00-04:00,7665.0,7676.5,7659.75,7675.5,50090
2026-09-11 09:35:00-04:00,7675.25,7677.75,7671.5,7673.5,36985
2026-09-11 09:40:00-04:00,7673.25,7676.5,7664.25,7672.25,38739
2026-09-11 09:45:00-04:00,7672.5,7677.0,7665.75,7667.75,32468
2026-09-11 09:50:00-04:00,7667.5,7670.75,7664.75,7668.75,26484
2026-09-11 09:55:00-04:00,7668.75,7682.0,7667.75,7681.0,20826
2026-09-11 10:00:00-04:00,7681.0,7681.25,7671.25,7672.25,31411
2026-09-11 10:05:00-04:00,7672.25,7673.75,7667.0,7672.0,25103
2026-09-11 10:10:00-04:00,7672.0,7674.75,7664.5,7666.5,30686
2026-09-11 10:15:00-04:00,7666.75,7675.5,7664.0,7674.75,22703
2026-09-11 10:20:00-04:00,7675.0,7678.25,7673.5,7675.25,23205
2026-09-11 10:25:00-04:00,7675.5,7678.75,7673.5,7675.0,19267
2026-09-11 10:30:00-04:00,7675.0,7676.0,7664.25,7664.75,24075
2026-09-11 10:35:00-04:00,7664.75,7665.0,7657.75,7660.5,30057
2026-09-11 10:40:00-04:00,7660.5,7665.0,7656.0,7657.75,24900
2026-09-11 10:45:00-04:00,7657.75,7665.5,7653.25,7664.5,47236
2026-09-11 10:50:00-04:00,7664.5,7665.0,7657.25,7658.0,24244
2026-09-11 10:55:00-04:00,7658.0,7659.5,7654.25,7657.25,19065
2026-09-11 11:00:00-04:00,7657.25,7664.25,7655.25,7664.25,18073
2026-09-11 11:05:00-04:00,7664.0,7670.25,7663.25,7666.5,24094
2026-09-11 11:10:00-04:00,7666.5,7667.25,7658.5,7663.5,24876
2026-09-11 11:15:00-04:00,7663.5,7673.25,7663.5,7671.5,19417
2026-09-11 11:20:00-04:00,7671.5,7676.75,7670.75,7676.25,19738
2026-09-11 11:25:00-04:00,7676.25,7680.25,7674.25,7677.5,22537
2026-09-11 11:30:00-04:00,7677.5,7679.25,7675.0,7676.5,20437
2026-09-11 11:35:00-04:00,7676.5,7678.25,7673.75,7677.0,15694
2026-09-11 11:40:00-04:00,7677.25,7680.5,7676.25,7679.0,19577
2026-09-11 11:45:00-04:00,7679.0,7679.25,7675.25,7676.75,14697
2026-09-11 11:50:00-04:00,7676.75,7677.5,7671.75,7673.0,14211
2026-09-11 11:55:00-04:00,7673.0,7676.0,7671.5,7675.0,17476
2026-09-11 12:00:00-04:00,7674.75,7680.0,7674.75,7679.25,13372
2026-09-11 12:05:00-04:00,7679.25,7679.75,7675.25,7676.75,11279
2026-09-11 12:10:00-04:00,7677.0,7678.0,7673.0,7673.5,9279
2026-09-11 12:15:00-04:00,7673.75,7674.25,7671.5,7672.75,12155
2026-09-11 12:20:00-04:00,7672.75,7674.0,7670.25,7671.25,11411
2026-09-11 12:25:00-04:00,7671.25,7673.75,7666.25,7667.0,26277
2026-09-11 12:30:00-04:00,7667.0,7675.5,7665.75,7673.5,21370
2026-09-11 12:35:00-04:00,7673.5,7673.75,7666.75,7667.0,13427
2026-09-11 12:40:00-04:00,7667.0,7672.5,7666.25,7672.0,16278
2026-09-11 12:45:00-04:00,7672.0,7673.75,7670.75,7671.0,11335
2026-09-11 12:50:00-04:00,7670.75,7673.5,7670.5,7671.75,9458
2026-09-11 12:55:00-04:00,7672.0,7674.5,7671.75,7674.25,8938
2026-09-11 13:00:00-04:00,7674.25,7676.5,7673.25,7674.0,12740
2026-09-11 13:05:00-04:00,7674.25,7678.75,7673.75,7675.0,16079
2026-09-11 13:10:00-04:00,7675.0,7676.75,7673.0,7673.25,11591
2026-09-11 13:15:00-04:00,7673.5,7677.0,7673.5,7676.75,8323
2026-09-11 13:20:00-04:00,7677.0,7680.5,7676.5,7680.0,11005
2026-09-11 13:25:00-04:00,7680.25,7681.0,7677.0,7677.5,10636
2026-09-11 13:30:00-04:00,7677.75,7680.25,7676.75,7677.75,12386
2026-09-11 13:35:00-04:00,7677.5,7678.25,7675.5,7676.0,9374
2026-09-11 13:40:00-04:00,7675.75,7677.75,7675.5,7676.5,8632
2026-09-11 13:45:00-04:00,7676.25,7677.25,7675.0,7676.75,7820
2026-09-11 13:50:00-04:00,7676.75,7677.5,7676.0,7676.25,10006
2026-09-11 13:55:00-04:00,7676.25,7676.25,7674.0,7674.75,7976
2026-09-11 14:00:00-04:00,7675.0,7677.75,7674.5,7676.5,12275
2026-09-11 14:05:00-04:00,7676.5,7676.5,7673.5,7674.5,7977
2026-09-11 14:10:00-04:00,7674.75,7675.0,7672.75,7673.5,9016
2026-09-11 14:15:00-04:00,7673.25,7675.0,7672.75,7673.75,9542
2026-09-11 14:20:00-04:00,7673.5,7673.75,7668.75,7671.25,22571
2026-09-11 14:25:00-04:00,7671.25,7673.25,7669.75,7672.0,12361
2026-09-11 14:30:00-04:00,7672.0,7673.5,7669.0,7672.0,13366
2026-09-11 14:35:00-04:00,7672.0,7673.25,7670.0,7670.5,9511
2026-09-11 14:40:00-04:00,7670.5,7671.75,7668.5,7669.25,8917
2026-09-11 14:45:00-04:00,7669.0,7671.5,7667.5,7668.25,15330
2026-09-11 14:50:00-04:00,7668.0,7669.5,7668.0,7668.5,10222
2026-09-11 14:55:00-04:00,7668.25,7670.25,7667.0,7668.0,11526
2026-09-11 15:00:00-04:00,7668.0,7669.5,7667.5,7669.25,9250
2026-09-11 15:05:00-04:00,7669.0,7669.0,7664.75,7665.25,13739
2026-09-11 15:10:00-04:00,7665.25,7666.75,7663.0,7666.75,13573
2026-09-11 15:15:00-04:00,7666.75,7668.5,7666.25,7667.5,11133
2026-09-11 15:20:00-04:00,7667.5,7669.75,7666.5,7669.5,9124
2026-09-11 15:25:00-04:00,7669.5,7670.5,7667.5,7667.75,9195
2026-09-11 15:30:00-04:00,7667.75,7668.75,7666.25,7667.0,12333
2026-09-11 15:35:00-04:00,7667.25,7667.75,7666.0,7666.5,8266
2026-09-11 15:40:00-04:00,7666.75,7668.0,7666.25,7667.5,11458
2026-09-11 15:45:00-04:00,7667.5,7667.75,7664.5,7664.5,18311
2026-09-11 15:50:00-04:00,7664.75,7665.5,7661.75,7664.0,30337
2026-09-11 15:55:00-04:00,7664.0,7664.5,7657.5,7659.0,116563
2026-09-11 16:00:00-04:00,7659.0,7661.25,7658.5,7660.75,26406
2026-09-11 16:05:00-04:00,7661.0,7661.75,7660.5,7661.25,7227
2026-09-11 16:10:00-04:00,7661.25,7662.0,7659.5,7660.5,5476
2026-09-11 16:15:00-04:00,7660.5,7660.75,7659.75,7660.0,2917
2026-09-11 16:20:00-04:00,7660.0,7661.75,7660.0,7661.5,2153
2026-09-11 16:25:00-04:00,7661.75,7661.75,7660.5,7661.0,1236
2026-09-11 16:30:00-04:00,7661.0,7663.5,7660.75,7662.25,1942
2026-09-11 16:35:00-04:00,7662.25,7662.75,7661.75,7661.75,1343
2026-09-11 16:40:00-04:00,7662.0,7662.25,7660.0,7660.75,1141
2026-09-11 16:45:00-04:00,7661.0,7661.25,7659.75,7660.25,1653
2026-09-11 16:50:00-04:00,7660.25,7661.5,7660.0,7661.5,1392
2026-09-11 16:55:00-04:00,7661.25,7661.5,7659.5,7659.5,1154
2026-09-13 18:10:00-04:00,7609.5,7612.75,7607.75,7612.25,1565
2026-09-13 18:15:00-04:00,7612.25,7613.75,7609.25,7613.5,1334
2026-09-13 18:20:00-04:00,7613.25,7615.75,7612.25,7614.0,1198
2026-09-13 18:25:00-04:00,7614.0,7619.0,7613.75,7619.0,1328
2026-09-13 18:30:00-04:00,7618.5,7622.75,7618.25,7622.25,1071
2026-09-13 18:35:00-04:00,7622.25,7622.25,7619.0,7620.75,565
2026-09-13 18:40:00-04:00,7620.5,7620.5,7617.25,7617.5,509
2026-09-13 18:45:00-04:00,7617.5,7619.25,7616.75,7618.25,406
2026-09-13 18:50:00-04:00,7618.25,7619.75,7618.0,7619.25,268
2026-09-13 18:55:00-04:00,7619.25,7620.75,7618.0,7618.5,394
2026-09-13 19:00:00-04:00,7618.75,7619.75,7617.5,7618.0,282
2026-09-13 19:05:00-04:00,7618.0,7619.25,7617.5,7619.0,312
2026-09-13 19:10:00-04:00,7619.0,7620.25,7619.0,7620.0,182
2026-09-13 19:15:00-04:00,7619.75,7620.0,7619.0,7619.25,106
2026-09-13 19:20:00-04:00,7619.25,7624.0,7619.0,7623.75,419
2026-09-13 19:25:00-04:00,7623.75,7624.75,7622.75,7624.75,587
2026-09-13 19:30:00-04:00,7624.5,7625.5,7623.75,7623.75,551
2026-09-13 19:35:00-04:00,7623.5,7623.5,7618.25,7619.75,1023
2026-09-13 19:40:00-04:00,7620.0,7620.75,7617.75,7619.0,576
2026-09-13 19:45:00-04:00,7618.75,7618.75,7616.25,7616.75,604
2026-09-13 19:50:00-04:00,7616.75,7619.5,7616.25,7617.0,438
2026-09-13 19:55:00-04:00,7617.0,7617.25,7614.75,7615.5,750
2026-09-13 20:00:00-04:00,7615.25,7620.0,7614.5,7618.75,1277
2026-09-13 20:05:00-04:00,7618.75,7623.0,7618.5,7622.5,771
2026-09-13 20:10:00-04:00,7622.0,7623.25,7619.75,7620.75,603
2026-09-13 20:15:00-04:00,7621.0,7623.0,7620.0,7621.25,979
2026-09-13 20:20:00-04:00,7621.5,7621.5,7619.25,7620.5,1308
2026-09-13 20:25:00-04:00,7620.75,7621.0,7617.75,7620.0,772
2026-09-13 20:30:00-04:00,7620.0,7622.5,7619.75,7621.25,419
2026-09-13 20:35:00-04:00,7621.25,7621.75,7619.25,7619.75,359
2026-09-13 20:40:00-04:00,7620.0,7623.0,7619.25,7622.75,652
2026-09-13 20:45:00-04:00,7622.75,7624.25,7622.0,7623.25,420
2026-09-13 20:50:00-04:00,7623.0,7624.25,7622.5,7623.75,516
2026-09-13 20:55:00-04:00,7623.75,7624.5,7621.0,7621.5,475
2026-09-13 21:00:00-04:00,7621.75,7624.25,7620.5,7623.25,748
2026-09-13 21:05:00-04:00,7622.25,7624.5,7622.25,7624.5,309
2026-09-13 21:10:00-04:00,7624.25,7625.75,7622.0,7622.0,588
2026-09-13 21:15:00-04:00,7622.25,7622.5,7620.75,7621.25,275
2026-09-13 21:20:00-04:00,7621.25,7622.75,7620.0,7621.75,326
2026-09-13 21:25:00-04:00,7622.0,7624.0,7620.5,7623.5,400
2026-09-13 21:30:00-04:00,7623.5,7624.0,7621.5,7622.0,335
2026-09-13 21:35:00-04:00,7622.0,7627.0,7622.0,7626.75,594
2026-09-13 21:40:00-04:00,7626.75,7627.75,7626.0,7626.75,312
2026-09-13 21:45:00-04:00,7626.75,7630.5,7626.75,7630.25,954
2026-09-13 21:50:00-04:00,7630.25,7632.0,7630.0,7632.0,813
2026-09-13 21:55:00-04:00,7631.75,7634.5,7631.75,7632.75,1004
2026-09-13 22:00:00-04:00,7633.0,7634.0,7631.5,7631.75,641
2026-09-13 22:05:00-04:00,7631.75,7633.75,7631.5,7633.25,433
2026-09-13 22:10:00-04:00,7632.75,7633.75,7632.0,7632.5,438
2026-09-13 22:15:00-04:00,7632.5,7633.0,7631.5,7632.25,592
2026-09-13 22:20:00-04:00,7632.5,7633.25,7631.75,7632.0,203
2026-09-13 22:25:00-04:00,7632.25,7632.75,7632.0,7632.0,237
2026-09-13 22:30:00-04:00,7632.0,7633.0,7631.5,7632.25,335
2026-09-13 22:35:00-04:00,7632.25,7632.75,7631.0,7631.25,1289
2026-09-13 22:40:00-04:00,7631.25,7631.5,7629.0,7629.5,663
2026-09-13 22:45:00-04:00,7629.25,7631.75,7629.0,7631.25,279
2026-09-13 22:50:00-04:00,7631.5,7632.0,7630.75,7631.5,247
2026-09-13 22:55:00-04:00,7631.25,7631.25,7629.25,7629.5,459
2026-09-13 23:00:00-04:00,7629.5,7629.5,7627.0,7627.0,712
2026-09-13 23:05:00-04:00,7627.0,7628.25,7626.75,7627.5,559
2026-09-13 23:10:00-04:00,7627.75,7627.75,7625.25,7625.5,721
2026-09-13 23:15:00-04:00,7625.75,7626.5,7624.0,7625.0,753
2026-09-13 23:20:00-04:00,7625.0,7625.5,7624.25,7625.25,465
2026-09-13 23:25:00-04:00,7625.25,7626.5,7624.5,7626.5,299
2026-09-13 23:30:00-04:00,7626.25,7626.25,7623.25,7624.25,532
2026-09-13 23:35:00-04:00,7624.5,7624.75,7623.5,7623.75,269
2026-09-13 23:40:00-04:00,7624.0,7624.25,7622.25,7622.5,392
2026-09-13 23:45:00-04:00,7622.75,7623.75,7621.75,7622.75,360
2026-09-13 23:50:00-04:00,7622.5,7624.0,7622.0,7623.75,183
2026-09-13 23:55:00-04:00,7623.5,7623.75,7622.0,7622.25,202
2026-09-14 00:00:00-04:00,7622.5,7624.0,7622.25,7624.0,231
2026-09-14 00:05:00-04:00,7624.0,7624.25,7622.5,7623.0,338
2026-09-14 00:10:00-04:00,7623.0,7623.0,7620.75,7621.25,488
2026-09-14 00:15:00-04:00,7621.25,7622.25,7620.75,7622.0,200
2026-09-14 00:20:00-04:00,7622.25,7622.25,7621.25,7622.25,272
2026-09-14 00:25:00-04:00,7622.0,7622.75,7621.75,7622.0,316
2026-09-14 00:30:00-04:00,7622.0,7622.0,7619.25,7619.75,454
2026-09-14 00:35:00-04:00,7619.5,7622.0,7619.25,7622.0,450
2026-09-14 00:40:00-04:00,7622.25,7622.75,7619.5,7620.0,313
2026-09-14 00:45:00-04:00,7620.25,7622.5,7620.25,7622.0,265
2026-09-14 00:50:00-04:00,7622.25,7623.25,7620.25,7620.5,311
2026-09-14 00:55:00-04:00,7620.5,7621.25,7619.5,7620.25,373
2026-09-14 01:00:00-04:00,7620.25,7621.0,7619.5,7620.75,296
2026-09-14 01:05:00-04:00,7620.5,7621.25,7620.0,7620.25,194
2026-09-14 01:10:00-04:00,7620.0,7620.5,7618.5,7620.25,560
2026-09-14 01:15:00-04:00,7620.25,7620.5,7618.5,7618.75,191
2026-09-14 01:20:00-04:00,7618.75,7618.75,7616.0,7616.25,743
2026-09-14 01:25:00-04:00,7616.25,7619.75,7616.25,7618.75,389
2026-09-14 01:30:00-04:00,7618.75,7619.75,7617.75,7619.0,364
2026-09-14 01:35:00-04:00,7618.75,7620.25,7618.0,7619.0,355
2026-09-14 01:40:00-04:00,7619.0,7619.25,7615.25,7616.75,550
2026-09-14 01:45:00-04:00,7616.75,7617.75,7615.5,7616.0,586
2026-09-14 01:50:00-04:00,7615.75,7619.0,7615.5,7619.0,461
2026-09-14 01:55:00-04:00,7619.25,7620.25,7617.75,7620.0,588
2026-09-14 02:00:00-04:00,7620.0,7623.25,7619.75,7622.5,965
2026-09-14 02:05:00-04:00,7622.5,7623.5,7621.5,7622.75,414
2026-09-14 02:10:00-04:00,7622.5,7624.75,7622.0,7623.5,388
2026-09-14 02:15:00-04:00,7623.5,7624.25,7622.75,7623.5,398
2026-09-14 02:20:00-04:00,7623.25,7624.0,7621.0,7623.0,454
2026-09-14 02:25:00-04:00,7623.0,7623.75,7621.0,7621.0,1170
2026-09-14 02:30:00-04:00,7621.0,7621.0,7616.25,7617.25,1348
2026-09-14 02:35:00-04:00,7617.25,7617.5,7616.0,7616.75,325
2026-09-14 02:40:00-04:00,7616.5,7617.25,7612.25,7614.25,1367
2026-09-14 02:45:00-04:00,7614.5,7615.5,7612.0,7612.0,670
2026-09-14 02:50:00-04:00,7612.25,7614.25,7611.5,7613.0,1265
2026-09-14 02:55:00-04:00,7613.25,7613.75,7606.25,7609.5,1917
2026-09-14 03:00:00-04:00,7609.75,7613.5,7607.25,7613.5,1832
2026-09-14 03:05:00-04:00,7613.5,7615.25,7611.5,7613.25,1227
2026-09-14 03:10:00-04:00,7613.25,7615.5,7611.25,7614.5,1604
2026-09-14 03:15:00-04:00,7614.5,7615.25,7612.0,7612.75,790
2026-09-14 03:20:00-04:00,7612.5,7615.25,7610.75,7614.0,884
2026-09-14 03:25:00-04:00,7614.25,7614.5,7610.75,7611.25,1203
2026-09-14 03:30:00-04:00,7611.25,7613.0,7610.5,7611.5,1509
2026-09-14 03:35:00-04:00,7611.25,7612.0,7609.5,7610.25,1649
2026-09-14 03:40:00-04:00,7610.25,7611.25,7605.25,7606.0,2959
2026-09-14 03:45:00-04:00,7606.25,7608.25,7604.5,7607.75,2583
2026-09-14 03:50:00-04:00,7608.0,7608.25,7604.0,7606.0,1137
2026-09-14 03:55:00-04:00,7605.75,7609.0,7605.75,7608.5,1690
2026-09-14 04:00:00-04:00,7608.75,7613.25,7607.25,7611.75,2368
2026-09-14 04:05:00-04:00,7611.75,7613.5,7610.0,7613.0,3318
2026-09-14 04:10:00-04:00,7613.25,7613.25,7608.25,7610.25,1439
2026-09-14 04:15:00-04:00,7610.25,7610.5,7606.25,7607.5,812
2026-09-14 04:20:00-04:00,7607.25,7609.0,7606.25,7606.5,1158
2026-09-14 04:25:00-04:00,7606.75,7607.5,7603.5,7603.75,1475
2026-09-14 04:30:00-04:00,7603.75,7606.75,7603.75,7605.75,1804
2026-09-14 04:35:00-04:00,7605.75,7609.25,7605.75,7609.0,1712
2026-09-14 04:40:00-04:00,7609.5,7610.75,7607.0,7607.75,2186
2026-09-14 04:45:00-04:00,7607.75,7609.0,7600.0,7604.75,2416
2026-09-14 04:50:00-04:00,7604.75,7606.5,7602.0,7602.25,863
2026-09-14 04:55:00-04:00,7602.5,7608.25,7602.0,7608.25,1499
2026-09-14 05:00:00-04:00,7608.0,7609.75,7606.25,7606.75,1352
2026-09-14 05:05:00-04:00,7607.0,7607.75,7605.5,7606.25,1606
2026-09-14 05:10:00-04:00,7606.25,7607.5,7599.25,7601.0,2413
2026-09-14 05:15:00-04:00,7601.0,7601.25,7597.5,7598.25,1647
2026-09-14 05:20:00-04:00,7598.25,7599.0,7593.75,7595.0,2310
2026-09-14 05:25:00-04:00,7595.0,7600.5,7594.0,7599.25,3010
2026-09-14 05:30:00-04:00,7599.0,7601.25,7598.5,7599.25,3053
2026-09-14 05:35:00-04:00,7599.0,7599.0,7595.25,7596.0,3698
2026-09-14 05:40:00-04:00,7596.0,7599.25,7594.5,7595.0,3712
2026-09-14 05:45:00-04:00,7595.25,7597.75,7594.25,7595.5,2272
2026-09-14 05:50:00-04:00,7595.5,7598.5,7594.5,7598.0,1789
2026-09-14 05:55:00-04:00,7598.25,7598.75,7594.75,7596.5,2234
2026-09-14 06:00:00-04:00,7596.5,7598.75,7596.25,7597.25,1792
2026-09-14 06:05:00-04:00,7597.5,7599.25,7597.0,7598.25,1236
2026-09-14 06:10:00-04:00,7598.25,7600.75,7597.5,7599.25,1524
2026-09-14 06:15:00-04:00,7599.5,7599.75,7596.25,7597.75,2467
2026-09-14 06:20:00-04:00,7598.0,7603.25,7597.75,7602.0,1637
2026-09-14 06:25:00-04:00,7602.25,7604.5,7602.0,7604.0,1341
2026-09-14 06:30:00-04:00,7604.0,7605.5,7603.25,7605.0,829
2026-09-14 06:35:00-04:00,7605.25,7607.25,7605.25,7605.25,989
2026-09-14 06:40:00-04:00,7605.5,7609.0,7605.25,7607.75,2399
2026-09-14 06:45:00-04:00,7607.75,7609.75,7607.5,7608.75,924
2026-09-14 06:50:00-04:00,7609.0,7609.5,7606.0,7607.0,2623
2026-09-14 06:55:00-04:00,7606.75,7610.75,7606.75,7609.25,1702
2026-09-14 07:00:00-04:00,7609.25,7612.25,7607.0,7612.0,2577
2026-09-14 07:05:00-04:00,7611.75,7613.0,7611.0,7612.25,3611
2026-09-14 07:10:00-04:00,7612.5,7613.75,7609.75,7611.75,1928
2026-09-14 07:15:00-04:00,7612.0,7613.75,7612.0,7613.5,2202
2026-09-14 07:20:00-04:00,7613.25,7615.25,7612.5,7615.0,5535
2026-09-14 07:25:00-04:00,7615.0,7617.5,7614.25,7616.5,5135
2026-09-14 07:30:00-04:00,7616.75,7617.75,7613.0,7613.5,1304
2026-09-14 07:35:00-04:00,7613.5,7614.75,7610.5,7614.0,1913
2026-09-14 07:40:00-04:00,7614.25,7617.5,7613.5,7615.0,1871
2026-09-14 07:45:00-04:00,7615.0,7617.25,7613.75,7616.0,2279
2026-09-14 07:50:00-04:00,7615.75,7616.0,7611.75,7613.25,1873
2026-09-14 07:55:00-04:00,7613.5,7614.5,7611.25,7611.5,2068
2026-09-14 08:00:00-04:00,7611.5,7611.75,7606.75,7608.0,3069
2026-09-14 08:05:00-04:00,7608.0,7610.25,7606.75,7610.0,2719
2026-09-14 08:10:00-04:00,7609.75,7612.0,7608.25,7609.75,4762
2026-09-14 08:15:00-04:00,7610.0,7615.0,7609.75,7610.75,4848
2026-09-14 08:20:00-04:00,7611.0,7612.5,7609.0,7610.5,2328
2026-09-14 08:25:00-04:00,7610.25,7610.75,7607.5,7610.0,5497
2026-09-14 08:30:00-04:00,7610.0,7612.5,7606.0,7607.0,6873
2026-09-14 08:35:00-04:00,7607.0,7607.0,7596.5,7601.25,10815
2026-09-14 08:40:00-04:00,7601.25,7608.25,7597.0,7607.75,8134
2026-09-14 08:45:00-04:00,7607.75,7609.5,7603.75,7606.0,3010
2026-09-14 08:50:00-04:00,7606.0,7607.75,7603.25,7603.75,3158
2026-09-14 08:55:00-04:00,7603.5,7607.0,7601.25,7606.5,5107
2026-09-14 09:00:00-04:00,7606.5,7606.75,7597.75,7598.75,7159
2026-09-14 09:05:00-04:00,7598.75,7602.0,7596.5,7599.0,7254
2026-09-14 09:10:00-04:00,7599.0,7607.0,7598.5,7606.0,6141
2026-09-14 09:15:00-04:00,7606.0,7608.75,7604.5,7607.75,4691
2026-09-14 09:20:00-04:00,7607.5,7609.25,7607.0,7607.75,6969
2026-09-14 09:25:00-04:00,7607.75,7609.0,7605.75,7606.25,13628
2026-09-14 09:30:00-04:00,7606.5,7608.5,7602.25,7603.0,34861
2026-09-14 09:35:00-04:00,7603.25,7605.25,7601.0,7602.0,28182
2026-09-14 09:40:00-04:00,7602.0,7611.5,7601.0,7610.5,30766
2026-09-14 09:45:00-04:00,7610.5,7622.25,7610.25,7619.25,35608
2026-09-14 09:50:00-04:00,7619.25,7622.25,7617.0,7618.0,29973
2026-09-14 09:55:00-04:00,7617.75,7618.5,7613.5,7615.75,25505
2026-09-14 10:00:00-04:00,7615.75,7622.0,7615.25,7620.5,29542
2026-09-14 10:05:00-04:00,7620.25,7627.0,7619.0,7624.75,24051
2026-09-14 10:10:00-04:00,7624.5,7626.25,7620.0,7620.25,17538
2026-09-14 10:15:00-04:00,7620.25,7622.75,7613.75,7614.5,30005
2026-09-14 10:20:00-04:00,7614.5,7614.5,7603.75,7604.0,25529
2026-09-14 10:25:00-04:00,7604.0,7604.5,7597.75,7604.0,48340
2026-09-14 10:30:00-04:00,7604.0,7607.0,7601.0,7606.5,35213
2026-09-14 10:35:00-04:00,7606.5,7606.75,7598.75,7600.75,25049
2026-09-14 10:40:00-04:00,7600.5,7602.75,7596.75,7602.5,24887
2026-09-14 10:45:00-04:00,7602.75,7606.5,7600.5,7602.5,17669
2026-09-14 10:50:00-04:00,7602.25,7602.75,7596.75,7598.0,14973
2026-09-14 10:55:00-04:00,7598.0,7601.75,7595.25,7601.5,20806
2026-09-14 11:00:00-04:00,7601.5,7602.25,7597.5,7597.75,19012
2026-09-14 11:05:00-04:00,7597.75,7615.0,7597.5,7607.25,25739
2026-09-14 11:10:00-04:00,7607.5,7608.25,7602.0,7602.25,9504
2026-09-14 11:15:00-04:00,7602.0,7608.5,7601.0,7606.75,17353
2026-09-14 11:20:00-04:00,7606.75,7611.75,7605.75,7611.5,22099
2026-09-14 11:25:00-04:00,7611.5,7615.0,7609.0,7612.0,21976
2026-09-14 11:30:00-04:00,7612.0,7692.5,7611.5,7691.5,64789
2026-09-14 11:35:00-04:00,7691.5,7696.25,7688.0,7696.0,33035
2026-09-14 11:40:00-04:00,7696.0,7706.5,7693.75,7705.0,39240
2026-09-14 11:45:00-04:00,7705.25,7705.5,7698.5,7698.75,23026
2026-09-14 11:50:00-04:00,7698.5,7703.0,7697.0,7702.5,18624
2026-09-14 11:55:00-04:00,7702.25,7704.5,7701.0,7702.0,20641
2026-09-14 12:00:00-04:00,7701.75,7703.5,7697.25,7697.25,22077
2026-09-14 12:05:00-04:00,7697.25,7699.25,7696.0,7698.0,13933
2026-09-14 12:10:00-04:00,7698.25,7701.0,7697.75,7698.75,16418
2026-09-14 12:15:00-04:00,7699.0,7709.0,7698.75,7708.0,22691
2026-09-14 12:20:00-04:00,7708.0,7710.5,7704.5,7708.25,20095
2026-09-14 12:25:00-04:00,7708.5,7709.25,7703.0,7704.25,16940
2026-09-14 12:30:00-04:00,7704.25,7708.75,7703.5,7703.75,22864
2026-09-14 12:35:00-04:00,7703.5,7705.75,7702.25,7704.75,13751
2026-09-14 12:40:00-04:00,7704.5,7707.25,7703.25,7707.25,23938
2026-09-14 12:45:00-04:00,7707.25,7719.25,7704.5,7717.0,35515
2026-09-14 12:50:00-04:00,7717.0,7719.75,7714.5,7714.75,22658
2026-09-14 12:55:00-04:00,7715.0,7715.25,7709.5,7713.0,15583
2026-09-14 13:00:00-04:00,7713.0,7714.75,7709.25,7710.75,11740
2026-09-14 13:05:00-04:00,7710.75,7712.25,7707.5,7708.5,11520
2026-09-14 13:10:00-04:00,7708.5,7712.5,7705.5,7705.5,19074
2026-09-14 13:15:00-04:00,7705.75,7706.75,7703.0,7704.5,12783
2026-09-14 13:20:00-04:00,7704.5,7708.25,7704.25,7707.0,13923
2026-09-14 13:25:00-04:00,7707.0,7711.25,7705.75,7711.25,11845
2026-09-14 13:30:00-04:00,7711.25,7712.75,7709.0,7710.75,13900
2026-09-14 13:35:00-04:00,7710.75,7712.75,7709.25,7712.5,21964
2026-09-14 13:40:00-04:00,7712.25,7712.5,7709.25,7710.25,10518
2026-09-14 13:45:00-04:00,7710.25,7712.5,7709.5,7710.75,11198
2026-09-14 13:50:00-04:00,7710.75,7712.75,7709.75,7712.0,14028
2026-09-14 13:55:00-04:00,7712.0,7712.5,7707.5,7707.5,11464
2026-09-14 14:00:00-04:00,7707.5,7712.25,7706.0,7706.5,13832
2026-09-14 14:05:00-04:00,7706.5,7710.25,7705.25,7708.5,7559
2026-09-14 14:10:00-04:00,7708.5,7708.75,7705.75,7707.5,12624
2026-09-14 14:15:00-04:00,7707.75,7709.0,7706.0,7706.75,8099
2026-09-14 14:20:00-04:00,7706.75,7707.5,7705.25,7705.5,11492
2026-09-14 14:25:00-04:00,7705.5,7706.25,7703.25,7704.5,12929
2026-09-14 14:30:00-04:00,7704.75,7708.0,7704.0,7706.5,8225
2026-09-14 14:35:00-04:00,7706.5,7709.25,7706.25,7707.5,9182
2026-09-14 14:40:00-04:00,7707.5,7709.5,7706.5,7707.75,8395
2026-09-14 14:45:00-04:00,7707.75,7709.75,7705.25,7709.5,11907
2026-09-14 14:50:00-04:00,7709.25,7709.75,7707.25,7707.5,6746
2026-09-14 14:55:00-04:00,7707.5,7709.0,7705.25,7705.5,10130
2026-09-14 15:00:00-04:00,7705.5,7706.5,7703.0,7703.5,12952
2026-09-14 15:05:00-04:00,7703.75,7704.25,7700.5,7703.0,10972
2026-09-14 15:10:00-04:00,7702.75,7705.75,7702.75,7704.75,16631
2026-09-14 15:15:00-04:00,7704.75,7705.0,7702.25,7703.25,10008
2026-09-14 15:20:00-04:00,7703.25,7704.0,7700.75,7702.75,9849
2026-09-14 15:25:00-04:00,7702.5,7703.5,7701.5,7702.0,9498
2026-09-14 15:30:00-04:00,7701.75,7704.0,7701.25,7702.0,11198
2026-09-14 15:35:00-04:00,7702.0,7702.25,7700.25,7700.75,17205
2026-09-14 15:40:00-04:00,7700.75,7702.0,7700.0,7700.5,12199
2026-09-14 15:45:00-04:00,7700.5,7703.0,7700.25,7702.0,15875
2026-09-14 15:50:00-04:00,7701.75,7703.25,7695.5,7697.25,24603
2026-09-14 15:55:00-04:00,7697.25,7698.25,7691.25,7692.5,99111
2026-09-14 16:00:00-04:00,7692.5,7694.75,7690.5,7692.25,24356
2026-09-14 16:05:00-04:00,7692.25,7692.5,7690.75,7691.25,4659
2026-09-14 16:10:00-04:00,7691.0,7693.0,7690.75,7692.25,5299
2026-09-14 16:15:00-04:00,7692.25,7692.5,7689.5,7692.0,3920
2026-09-14 16:20:00-04:00,7692.25,7694.75,7692.25,7694.5,1535
2026-09-14 16:25:00-04:00,7694.5,7695.75,7694.0,7695.5,1020
2026-09-14 16:30:00-04:00,7695.5,7695.75,7694.0,7694.75,1535
2026-09-14 16:35:00-04:00,7694.75,7695.75,7694.25,7695.0,1112
2026-09-14 16:40:00-04:00,7695.0,7695.75,7694.75,7695.0,1765
2026-09-14 16:45:00-04:00,7695.0,7698.0,7695.0,7698.0,1312
2026-09-14 16:50:00-04:00,7698.0,7699.25,7697.5,7699.0,2122
2026-09-14 16:55:00-04:00,7699.25,7700.25,7698.25,7700.0,1617
2026-09-14 18:00:00-04:00,7699.25,7700.25,7696.0,7698.0,0
2026-09-14 18:05:00-04:00,7697.75,7697.75,7695.5,7696.0,503
2026-09-14 18:10:00-04:00,7696.25,7697.0,7696.0,7696.75,300
2026-09-14 18:15:00-04:00,7696.75,7697.5,7695.0,7696.25,545
2026-09-14 18:20:00-04:00,7696.5,7696.75,7696.0,7696.25,241
2026-09-14 18:25:00-04:00,7696.25,7696.5,7695.0,7696.25,192
2026-09-14 18:30:00-04:00,7696.5,7697.25,7696.25,7697.0,305
2026-09-14 18:35:00-04:00,7697.0,7697.25,7696.25,7696.25,175
2026-09-14 18:40:00-04:00,7696.25,7696.25,7695.5,7695.5,113
2026-09-14 18:45:00-04:00,7695.75,7697.5,7695.75,7697.5,121
2026-09-14 18:50:00-04:00,7697.5,7698.5,7697.5,7697.75,282
2026-09-14 18:55:00-04:00,7697.75,7697.75,7696.75,7696.75,174
2026-09-14 19:00:00-04:00,7696.75,7697.0,7694.75,7696.0,330
2026-09-14 19:05:00-04:00,7696.0,7696.25,7695.25,7696.25,79
2026-09-14 19:10:00-04:00,7696.25,7697.5,7696.0,7697.0,197
2026-09-14 19:15:00-04:00,7697.0,7697.25,7694.75,7695.0,309
2026-09-14 19:20:00-04:00,7695.0,7696.5,7694.5,7696.25,370
2026-09-14 19:25:00-04:00,7696.0,7696.75,7695.0,7695.0,315
2026-09-14 19:30:00-04:00,7695.0,7696.25,7694.75,7695.5,477
2026-09-14 19:35:00-04:00,7695.75,7696.75,7695.5,7696.5,218
2026-09-14 19:40:00-04:00,7696.5,7697.0,7695.25,7696.0,204
2026-09-14 19:45:00-04:00,7696.25,7696.75,7694.75,7695.5,436
2026-09-14 19:50:00-04:00,7695.5,7695.5,7694.0,7694.75,498
2026-09-14 19:55:00-04:00,7694.75,7696.5,7694.75,7696.0,657
2026-09-14 20:00:00-04:00,7696.0,7697.5,7693.25,7694.0,1440
2026-09-14 20:05:00-04:00,7694.25,7696.75,7692.0,7696.25,848
2026-09-14 20:10:00-04:00,7696.25,7696.5,7694.0,7696.0,464
2026-09-14 20:15:00-04:00,7696.0,7696.0,7692.75,7694.0,662
2026-09-14 20:20:00-04:00,7693.75,7696.25,7692.75,7696.25,473
2026-09-14 20:25:00-04:00,7696.25,7696.5,7694.5,7694.75,617
2026-09-14 20:30:00-04:00,7695.0,7695.75,7694.25,7694.25,374
2026-09-14 20:35:00-04:00,7694.25,7697.5,7694.0,7697.25,434
2026-09-14 20:40:00-04:00,7697.5,7700.25,7697.5,7699.5,708
2026-09-14 20:45:00-04:00,7699.5,7699.5,7697.25,7698.75,470
2026-09-14 20:50:00-04:00,7698.5,7700.5,7698.5,7699.5,609
2026-09-14 20:55:00-04:00,7699.5,7700.0,7697.25,7697.75,482
2026-09-14 21:00:00-04:00,7697.5,7700.75,7696.25,7700.0,729
2026-09-14 21:05:00-04:00,7699.75,7699.75,7697.25,7698.75,516
2026-09-14 21:10:00-04:00,7698.5,7700.5,7698.5,7700.25,340
2026-09-14 21:15:00-04:00,7700.25,7701.0,7699.75,7700.25,639
2026-09-14 21:20:00-04:00,7700.0,7700.5,7699.5,7700.0,370
2026-09-14 21:25:00-04:00,7699.75,7700.0,7697.75,7698.0,546
2026-09-14 21:30:00-04:00,7698.25,7698.25,7695.25,7695.25,777
2026-09-14 21:35:00-04:00,7695.25,7695.5,7693.0,7694.25,908
2026-09-14 21:40:00-04:00,7694.25,7694.25,7690.0,7692.0,1383
2026-09-14 21:45:00-04:00,7692.0,7693.5,7690.75,7693.5,528
2026-09-14 21:50:00-04:00,7693.5,7695.0,7690.5,7693.5,736
2026-09-14 21:55:00-04:00,7693.25,7694.75,7692.75,7693.5,609
2026-09-14 22:00:00-04:00,7693.25,7695.25,7692.75,7694.5,663
2026-09-14 22:05:00-04:00,7694.75,7694.75,7692.75,7694.0,623
2026-09-14 22:10:00-04:00,7694.0,7694.5,7693.25,7693.5,302
2026-09-14 22:15:00-04:00,7693.5,7693.5,7692.0,7692.0,233
2026-09-14 22:20:00-04:00,7692.25,7693.0,7691.5,7692.75,385
2026-09-14 22:25:00-04:00,7692.75,7693.5,7692.25,7692.5,219
2026-09-14 22:30:00-04:00,7692.5,7693.5,7691.75,7692.25,504
2026-09-14 22:35:00-04:00,7692.0,7692.75,7690.5,7691.5,1187
2026-09-14 22:40:00-04:00,7691.5,7692.0,7690.0,7690.5,1175
2026-09-14 22:45:00-04:00,7690.5,7691.75,7690.0,7691.5,751
2026-09-14 22:50:00-04:00,7691.5,7691.75,7689.75,7691.25,474
2026-09-14 22:55:00-04:00,7691.25,7692.0,7690.25,7690.5,440
2026-09-14 23:00:00-04:00,7690.25,7691.75,7689.5,7689.75,821
2026-09-14 23:05:00-04:00,7690.0,7690.0,7688.5,7688.5,818
2026-09-14 23:10:00-04:00,7688.25,7689.25,7687.75,7688.75,554
2026-09-14 23:15:00-04:00,7688.75,7689.25,7688.0,7688.0,412
2026-09-14 23:20:00-04:00,7688.0,7688.5,7687.75,7688.0,396
2026-09-14 23:25:00-04:00,7688.0,7688.25,7687.25,7688.0,520
2026-09-14 23:30:00-04:00,7688.0,7688.5,7687.0,7688.0,596
2026-09-14 23:35:00-04:00,7688.25,7688.75,7687.25,7687.5,247
2026-09-14 23:40:00-04:00,7687.5,7687.75,7687.0,7687.75,256
2026-09-14 23:45:00-04:00,7687.75,7688.5,7685.75,7686.5,970
2026-09-14 23:50:00-04:00,7686.5,7686.5,7683.0,7683.25,1899
2026-09-14 23:55:00-04:00,7683.25,7683.5,7681.75,7682.25,521
2026-09-15 00:05:00-04:00,7682.0,7682.0,7681.75,7682.0,1191
2026-09-15 00:10:00-04:00,7682.0,7682.75,7680.25,7680.5,379
2026-09-15 00:15:00-04:00,7680.5,7681.0,7679.5,7679.75,658
2026-09-15 00:20:00-04:00,7680.0,7680.25,7676.5,7677.0,1102
2026-09-15 00:25:00-04:00,7677.0,7677.25,7674.25,7675.5,1348
2026-09-15 00:30:00-04:00,7675.75,7676.75,7674.75,7675.5,804
2026-09-15 00:35:00-04:00,7675.75,7675.75,7671.75,7673.25,1057
2026-09-15 00:40:00-04:00,7673.5,7677.0,7673.0,7675.75,1083
2026-09-15 00:45:00-04:00,7675.5,7676.75,7674.25,7675.0,663
2026-09-15 00:50:00-04:00,7674.75,7675.0,7670.75,7672.25,1422
2026-09-15 00:55:00-04:00,7672.25,7672.25,7668.75,7669.0,796
2026-09-15 01:00:00-04:00,7668.75,7671.25,7668.75,7669.0,770
2026-09-15 01:05:00-04:00,7669.0,7670.0,7666.0,7666.0,1181
2026-09-15 01:10:00-04:00,7666.0,7666.75,7664.75,7665.75,1090
2026-09-15 01:15:00-04:00,7665.5,7665.5,7663.0,7664.25,904
2026-09-15 01:20:00-04:00,7664.25,7666.0,7663.75,7665.0,700
2026-09-15 01:25:00-04:00,7665.0,7669.0,7664.5,7668.25,577
2026-09-15 01:30:00-04:00,7668.0,7670.0,7667.0,7669.25,1015
2026-09-15 01:35:00-04:00,7669.0,7669.25,7665.75,7668.25,823
2026-09-15 01:40:00-04:00,7668.5,7675.0,7668.25,7674.5,1328
2026-09-15 01:45:00-04:00,7674.5,7677.0,7673.25,7674.5,1180
2026-09-15 01:50:00-04:00,7674.75,7679.25,7673.75,7679.0,1076
2026-09-15 01:55:00-04:00,7679.0,7679.0,7674.5,7674.75,541
2026-09-15 02:00:00-04:00,7675.0,7677.75,7674.75,7676.75,1119
2026-09-15 02:05:00-04:00,7676.75,7677.0,7673.5,7674.5,893
2026-09-15 02:10:00-04:00,7674.5,7676.0,7673.0,7674.75,1413
2026-09-15 02:15:00-04:00,7674.5,7675.25,7673.75,7675.0,721
2026-09-15 02:20:00-04:00,7674.75,7675.75,7672.75,7673.0,678
2026-09-15 02:25:00-04:00,7673.25,7673.5,7671.5,7672.0,1025
2026-09-15 02:30:00-04:00,7672.0,7672.25,7669.5,7669.5,2235
2026-09-15 02:35:00-04:00,7669.75,7671.75,7668.0,7669.25,1131
2026-09-15 02:40:00-04:00,7669.25,7671.0,7667.5,7668.0,1040
2026-09-15 02:45:00-04:00,7668.0,7669.75,7667.5,7668.25,737
2026-09-15 02:50:00-04:00,7668.25,7668.75,7665.75,7666.5,1387
2026-09-15 02:55:00-04:00,7666.25,7668.75,7664.75,7667.5,1093
2026-09-15 03:00:00-04:00,7667.5,7670.0,7664.25,7668.0,3377
2026-09-15 03:05:00-04:00,7668.0,7669.0,7664.0,7666.25,1653
2026-09-15 03:10:00-04:00,7666.5,7667.25,7660.25,7660.75,2476
2026-09-15 03:15:00-04:00,7660.5,7664.25,7660.5,7664.25,2138
2026-09-15 03:20:00-04:00,7664.25,7668.0,7663.25,7668.0,2146
2026-09-15 03:25:00-04:00,7668.25,7668.75,7662.75,7665.25,1739
2026-09-15 03:30:00-04:00,7665.25,7666.75,7663.75,7665.0,1531
2026-09-15 03:35:00-04:00,7664.75,7665.25,7660.25,7660.5,2670
2026-09-15 03:40:00-04:00,7660.5,7661.0,7656.25,7656.5,3607
2026-09-15 03:45:00-04:00,7656.25,7659.75,7656.0,7657.75,2587
2026-09-15 03:50:00-04:00,7658.0,7658.75,7653.5,7656.25,2515
2026-09-15 03:55:00-04:00,7656.0,7659.0,7654.5,7658.5,2672
2026-09-15 04:00:00-04:00,7658.75,7658.75,7653.0,7654.0,9039
2026-09-15 04:05:00-04:00,7654.0,7654.5,7647.25,7647.25,5056
2026-09-15 04:10:00-04:00,7647.0,7653.5,7645.0,7653.25,3725
2026-09-15 04:15:00-04:00,7653.25,7658.25,7652.75,7658.25,4356
2026-09-15 04:20:00-04:00,7658.25,7660.0,7654.75,7655.25,2357
2026-09-15 04:25:00-04:00,7655.5,7657.0,7651.25,7654.0,4076
2026-09-15 04:30:00-04:00,7654.0,7655.0,7651.75,7652.25,2789
2026-09-15 04:35:00-04:00,7652.25,7654.75,7650.75,7652.5,2814
2026-09-15 04:40:00-04:00,7652.5,7652.5,7649.5,7650.0,1228
2026-09-15 04:45:00-04:00,7650.25,7650.5,7649.25,7650.5,1064
2026-09-15 04:50:00-04:00,7650.0,7652.0,7650.0,7651.0,1532
2026-09-15 04:55:00-04:00,7651.0,7653.75,7649.0,7651.0,2339
2026-09-15 05:00:00-04:00,7651.25,7651.5,7648.25,7650.75,2531
2026-09-15 05:05:00-04:00,7650.5,7653.25,7649.25,7649.5,3095
2026-09-15 05:10:00-04:00,7649.25,7651.75,7648.5,7650.25,3417
2026-09-15 05:15:00-04:00,7650.0,7651.0,7645.75,7646.75,4986
2026-09-15 05:20:00-04:00,7647.0,7652.0,7646.5,7647.5,5899
2026-09-15 05:25:00-04:00,7647.75,7652.25,7646.75,7652.0,2252
2026-09-15 05:30:00-04:00,7652.0,7654.25,7650.75,7654.25,2082
2026-09-15 05:35:00-04:00,7654.0,7658.75,7653.75,7658.25,2551
2026-09-15 05:40:00-04:00,7658.25,7659.0,7657.0,7657.5,1565
2026-09-15 05:45:00-04:00,7657.5,7664.0,7657.5,7663.25,2903
2026-09-15 05:50:00-04:00,7663.25,7666.25,7663.0,7665.75,3153
2026-09-15 05:55:00-04:00,7666.0,7666.5,7663.75,7666.0,2927
2026-09-15 06:00:00-04:00,7666.25,7667.5,7665.0,7665.5,3835
2026-09-15 06:05:00-04:00,7665.5,7667.0,7664.25,7666.75,1584
2026-09-15 06:10:00-04:00,7666.75,7672.0,7666.75,7667.75,5221
2026-09-15 06:15:00-04:00,7667.5,7667.5,7665.0,7666.0,2280
2026-09-15 06:20:00-04:00,7666.25,7669.0,7666.0,7668.75,2652
2026-09-15 06:25:00-04:00,7668.75,7669.25,7667.25,7668.25,1673
2026-09-15 06:30:00-04:00,7668.5,7669.75,7667.0,7669.75,1781
2026-09-15 06:35:00-04:00,7669.5,7671.5,7668.75,7671.25,1815
2026-09-15 06:40:00-04:00,7671.0,7676.25,7670.5,7672.0,2392
2026-09-15 06:45:00-04:00,7672.25,7673.5,7670.25,7673.0,1461
2026-09-15 06:50:00-04:00,7673.0,7676.5,7672.75,7676.0,1870
2026-09-15 06:55:00-04:00,7676.0,7680.5,7675.25,7676.25,2335
2026-09-15 07:00:00-04:00,7676.0,7678.25,7675.5,7677.25,2082
2026-09-15 07:05:00-04:00,7677.25,7680.0,7675.25,7679.75,2435
2026-09-15 07:10:00-04:00,7679.5,7680.25,7678.25,7678.75,1703
2026-09-15 07:15:00-04:00,7678.75,7681.5,7678.0,7680.0,2440
2026-09-15 07:20:00-04:00,7680.25,7680.75,7678.25,7679.0,1879
2026-09-15 07:25:00-04:00,7679.0,7679.5,7677.25,7678.25,1839
2026-09-15 07:30:00-04:00,7678.25,7678.5,7675.5,7678.5,3122
2026-09-15 07:35:00-04:00,7678.5,7680.0,7677.0,7677.25,2628
2026-09-15 07:40:00-04:00,7677.25,7679.0,7676.75,7678.0,4954
2026-09-15 07:45:00-04:00,7678.0,7679.75,7677.75,7678.0,3407
2026-09-15 07:50:00-04:00,7678.25,7681.25,7677.5,7678.75,5497
2026-09-15 07:55:00-04:00,7678.5,7682.25,7678.0,7681.75,4747
2026-09-15 08:00:00-04:00,7681.75,7683.25,7679.25,7681.75,7240
2026-09-15 08:05:00-04:00,7682.0,7682.0,7679.75,7680.75,2853
2026-09-15 08:10:00-04:00,7681.0,7684.25,7680.5,7683.75,2314
2026-09-15 08:15:00-04:00,7683.75,7685.25,7681.5,7683.5,3839
2026-09-15 08:20:00-04:00,7683.5,7683.75,7678.5,7679.5,4633
2026-09-15 08:25:00-04:00,7679.5,7683.75,7679.5,7683.0,2734
2026-09-15 08:30:00-04:00,7683.0,7685.75,7679.75,7685.75,3261
2026-09-15 08:35:00-04:00,7686.0,7686.25,7683.75,7685.25,3673
2026-09-15 08:40:00-04:00,7685.25,7685.5,7681.75,7684.0,3348
2026-09-15 08:45:00-04:00,7684.0,7695.0,7683.5,7692.5,9516
2026-09-15 08:50:00-04:00,7692.5,7696.25,7690.75,7695.75,5389
2026-09-15 08:55:00-04:00,7696.0,7697.5,7687.75,7689.25,10296
2026-09-15 09:00:00-04:00,7689.0,7692.25,7688.0,7692.25,5638
2026-09-15 09:05:00-04:00,7692.25,7692.5,7689.25,7689.75,8300
2026-09-15 09:10:00-04:00,7690.0,7691.25,7688.0,7688.5,5254
2026-09-15 09:15:00-04:00,7688.5,7692.5,7687.75,7689.25,4469
2026-09-15 09:20:00-04:00,7689.0,7690.75,7687.5,7690.25,8581
2026-09-15 09:25:00-04:00,7690.25,7693.5,7684.25,7684.25,12010
2026-09-15 09:30:00-04:00,7684.25,7687.0,7670.25,7672.0,46876
2026-09-15 09:35:00-04:00,7672.0,7681.75,7671.75,7681.0,33180
2026-09-15 09:40:00-04:00,7681.0,7683.25,7677.0,7682.5,23257
2026-09-15 09:45:00-04:00,7682.5,7684.75,7675.0,7676.25,26444
2026-09-15 09:50:00-04:00,7676.25,7680.5,7674.5,7679.5,20406
2026-09-15 09:55:00-04:00,7679.5,7680.0,7676.5,7678.25,17503
2026-09-15 10:00:00-04:00,7678.5,7678.5,7671.0,7671.0,20201
2026-09-15 10:05:00-04:00,7671.0,7673.75,7667.5,7668.0,21864
2026-09-15 10:10:00-04:00,7667.75,7667.75,7661.5,7662.25,29710
2026-09-15 10:15:00-04:00,7662.25,7667.0,7661.75,7664.75,26986
2026-09-15 10:20:00-04:00,7665.0,7666.25,7654.0,7658.75,29382
2026-09-15 10:25:00-04:00,7659.0,7659.75,7657.0,7657.0,23115
2026-09-15 10:30:00-04:00,7657.25,7658.75,7652.0,7655.75,25712
2026-09-15 10:35:00-04:00,7655.75,7658.5,7652.5,7653.5,18355
2026-09-15 10:40:00-04:00,7653.5,7654.75,7650.75,7654.0,20257
2026-09-15 10:45:00-04:00,7654.25,7656.0,7651.5,7651.5,18683
2026-09-15 10:50:00-04:00,7651.25,7652.0,7643.5,7647.75,43189
2026-09-15 10:55:00-04:00,7647.75,7650.75,7645.5,7646.25,25240
2026-09-15 11:00:00-04:00,7646.5,7654.0,7646.25,7654.0,26874
2026-09-15 11:05:00-04:00,7654.0,7655.0,7650.0,7650.75,18268
2026-09-15 11:10:00-04:00,7651.0,7653.0,7649.0,7651.75,19850
2026-09-15 11:15:00-04:00,7651.5,7655.75,7650.0,7654.5,15937
2026-09-15 11:20:00-04:00,7654.5,7657.25,7651.75,7656.75,16756
2026-09-15 11:25:00-04:00,7656.75,7657.25,7653.75,7656.75,14159
2026-09-15 11:30:00-04:00,7657.0,7657.75,7651.25,7655.25,20414
2026-09-15 11:35:00-04:00,7655.5,7657.25,7653.5,7655.0,13492
2026-09-15 11:40:00-04:00,7655.0,7659.75,7655.0,7657.25,18492
2026-09-15 11:45:00-04:00,7657.25,7657.75,7651.0,7651.75,14756
2026-09-15 11:50:00-04:00,7651.75,7657.75,7651.5,7652.75,19976
2026-09-15 11:55:00-04:00,7653.0,7658.0,7651.5,7653.0,21613
2026-09-15 12:00:00-04:00,7653.0,7655.25,7651.75,7655.25,10223
2026-09-15 12:05:00-04:00,7655.0,7655.0,7648.0,7649.25,12376
2026-09-15 12:10:00-04:00,7649.25,7650.25,7648.5,7649.75,10707
2026-09-15 12:15:00-04:00,7649.75,7653.0,7649.0,7653.0,9019
2026-09-15 12:20:00-04:00,7652.75,7659.0,7652.75,7658.75,16354
2026-09-15 12:25:00-04:00,7658.75,7661.0,7657.0,7658.0,12600
2026-09-15 12:30:00-04:00,7657.75,7660.0,7655.0,7658.75,14226
2026-09-15 12:35:00-04:00,7658.5,7659.5,7656.5,7657.5,11341
2026-09-15 12:40:00-04:00,7657.25,7658.75,7656.5,7658.25,8529
2026-09-15 12:45:00-04:00,7658.25,7659.5,7655.0,7656.5,8773
2026-09-15 12:50:00-04:00,7656.5,7662.25,7656.25,7662.0,13323
2026-09-15 12:55:00-04:00,7662.0,7662.75,7657.5,7659.25,12628
2026-09-15 13:00:00-04:00,7659.5,7660.25,7653.25,7653.5,13534
2026-09-15 13:05:00-04:00,7653.5,7656.25,7652.25,7654.0,12550
2026-09-15 13:10:00-04:00,7654.0,7657.5,7653.0,7653.0,11076
2026-09-15 13:15:00-04:00,7653.0,7653.25,7650.5,7652.25,10136
2026-09-15 13:20:00-04:00,7652.0,7652.75,7648.5,7648.5,9718
2026-09-15 13:25:00-04:00,7648.5,7651.25,7648.0,7650.75,10623
2026-09-15 13:30:00-04:00,7650.75,7654.0,7650.25,7652.25,12276
2026-09-15 13:35:00-04:00,7652.25,7653.75,7651.25,7653.25,8397
2026-09-15 13:40:00-04:00,7653.25,7654.75,7651.0,7653.75,9395
2026-09-15 13:45:00-04:00,7653.5,7655.0,7651.5,7652.0,10281
2026-09-15 13:50:00-04:00,7651.75,7655.0,7651.75,7654.75,8102
2026-09-15 13:55:00-04:00,7654.75,7656.25,7653.75,7655.25,9667
2026-09-15 14:00:00-04:00,7655.5,7657.5,7653.5,7657.5,10759
2026-09-15 14:05:00-04:00,7657.5,7659.25,7656.5,7659.25,7926
2026-09-15 14:10:00-04:00,7659.25,7662.0,7658.0,7660.25,10516
2026-09-15 14:15:00-04:00,7660.5,7660.75,7657.0,7657.5,12987
2026-09-15 14:20:00-04:00,7657.5,7658.75,7656.25,7657.0,8339
2026-09-15 14:25:00-04:00,7657.25,7659.25,7655.75,7659.25,9838
2026-09-15 14:30:00-04:00,7659.25,7659.25,7653.5,7654.25,9562
2026-09-15 14:35:00-04:00,7654.25,7655.5,7653.75,7655.0,6051
2026-09-15 14:40:00-04:00,7654.75,7658.5,7653.5,7654.0,12970
2026-09-15 14:45:00-04:00,7654.25,7654.75,7649.5,7650.75,11353
2026-09-15 14:50:00-04:00,7650.75,7653.75,7650.75,7653.25,11238
2026-09-15 14:55:00-04:00,7653.0,7657.25,7652.5,7657.0,8791
2026-09-15 15:00:00-04:00,7657.25,7658.75,7655.0,7655.75,10644
2026-09-15 15:05:00-04:00,7655.75,7656.25,7654.5,7655.75,6890
2026-09-15 15:10:00-04:00,7655.75,7656.0,7653.0,7654.0,7743
2026-09-15 15:15:00-04:00,7654.0,7655.25,7653.0,7654.5,8527
2026-09-15 15:20:00-04:00,7654.25,7654.5,7653.0,7653.75,7030
2026-09-15 15:25:00-04:00,7653.5,7654.0,7651.75,7652.5,9254
2026-09-15 15:30:00-04:00,7652.5,7653.5,7651.5,7651.75,11662
2026-09-15 15:35:00-04:00,7652.0,7652.0,7648.5,7649.25,10286
2026-09-15 15:40:00-04:00,7649.5,7651.0,7648.0,7650.25,11540
2026-09-15 15:45:00-04:00,7650.25,7653.25,7649.25,7652.75,17153
2026-09-15 15:50:00-04:00,7652.75,7653.5,7648.75,7652.75,20267
2026-09-15 15:55:00-04:00,7652.75,7657.75,7651.0,7656.75,90311
2026-09-15 16:00:00-04:00,7657.0,7662.25,7656.5,7661.75,20085
2026-09-15 16:05:00-04:00,7662.0,7662.75,7661.0,7662.0,5104
2026-09-15 16:10:00-04:00,7661.75,7665.0,7661.5,7664.25,5642
2026-09-15 16:15:00-04:00,7664.5,7664.75,7663.0,7663.75,3322
2026-09-15 16:20:00-04:00,7663.75,7664.25,7663.0,7664.0,1837
2026-09-15 16:25:00-04:00,7663.75,7664.25,7663.0,7663.5,1488
2026-09-15 16:30:00-04:00,7663.25,7665.25,7663.0,7663.25,1887
2026-09-15 16:35:00-04:00,7663.5,7664.0,7663.0,7663.25,1177
2026-09-15 16:40:00-04:00,7663.0,7664.25,7663.0,7663.5,609
2026-09-15 16:45:00-04:00,7663.75,7664.5,7663.0,7664.5,1088
2026-09-15 16:50:00-04:00,7664.25,7664.5,7663.25,7663.75,846
2026-09-15 16:55:00-04:00,7663.5,7664.0,7663.25,7663.75,1374
2026-09-15 18:00:00-04:00,7663.25,7665.0,7661.75,7663.75,0
2026-09-15 18:05:00-04:00,7663.5,7663.5,7661.75,7662.75,513
2026-09-15 18:10:00-04:00,7662.75,7662.75,7661.5,7661.75,221
2026-09-15 18:15:00-04:00,7662.0,7663.0,7661.75,7661.75,312
2026-09-15 18:20:00-04:00,7661.75,7663.75,7661.5,7663.0,746
2026-09-15 18:25:00-04:00,7663.0,7663.75,7662.75,7663.25,528
2026-09-15 18:30:00-04:00,7663.0,7665.0,7663.0,7664.5,343
2026-09-15 18:35:00-04:00,7664.5,7666.75,7664.5,7666.5,533
2026-09-15 18:40:00-04:00,7666.25,7666.25,7665.0,7665.75,478
2026-09-15 18:45:00-04:00,7665.75,7666.75,7665.25,7666.5,484
2026-09-15 18:50:00-04:00,7666.5,7667.0,7666.25,7667.0,202
2026-09-15 18:55:00-04:00,7667.0,7667.25,7666.5,7666.5,136
2026-09-15 19:00:00-04:00,7666.5,7666.75,7664.75,7665.0,495
2026-09-15 19:05:00-04:00,7665.0,7665.25,7664.5,7664.75,145
2026-09-15 19:10:00-04:00,7665.0,7665.25,7664.25,7664.25,153
2026-09-15 19:15:00-04:00,7664.5,7664.75,7663.5,7663.75,164
2026-09-15 19:20:00-04:00,7663.75,7664.0,7663.25,7663.5,175
2026-09-15 19:25:00-04:00,7663.5,7663.75,7662.5,7663.0,257
2026-09-15 19:30:00-04:00,7662.75,7663.5,7662.75,7663.0,208
2026-09-15 19:35:00-04:00,7663.0,7664.25,7662.5,7664.25,351
2026-09-15 19:40:00-04:00,7664.25,7666.25,7664.0,7665.5,503
2026-09-15 19:45:00-04:00,7665.75,7666.25,7664.75,7665.0,267
2026-09-15 19:50:00-04:00,7665.0,7666.5,7664.75,7666.5,263
2026-09-15 19:55:00-04:00,7666.5,7666.5,7665.0,7665.5,210
2026-09-15 20:00:00-04:00,7665.5,7667.0,7663.0,7664.25,872
2026-09-15 20:05:00-04:00,7664.5,7665.75,7664.0,7664.0,272
2026-09-15 20:10:00-04:00,7664.25,7667.25,7663.5,7666.25,464
2026-09-15 20:15:00-04:00,7666.25,7667.0,7665.0,7666.5,752
2026-09-15 20:20:00-04:00,7666.25,7666.5,7665.25,7665.25,405
2026-09-15 20:25:00-04:00,7665.0,7666.25,7664.5,7666.25,374
2026-09-15 20:30:00-04:00,7666.25,7667.25,7664.5,7664.75,361
2026-09-15 20:35:00-04:00,7664.75,7665.75,7663.75,7665.5,491
2026-09-15 20:40:00-04:00,7665.5,7665.75,7664.5,7664.5,360
2026-09-15 20:45:00-04:00,7664.5,7666.25,7663.75,7665.5,525
2026-09-15 20:50:00-04:00,7665.75,7666.25,7665.25,7665.75,376
2026-09-15 20:55:00-04:00,7665.5,7665.75,7664.25,7665.0,424
2026-09-15 21:00:00-04:00,7665.0,7665.75,7663.25,7663.25,574
2026-09-15 21:05:00-04:00,7663.25,7663.5,7660.0,7661.0,1712
2026-09-15 21:10:00-04:00,7661.0,7666.5,7660.0,7666.25,1271
2026-09-15 21:15:00-04:00,7666.25,7666.75,7665.0,7666.0,659
2026-09-15 21:20:00-04:00,7666.0,7667.5,7665.5,7667.0,524
2026-09-15 21:25:00-04:00,7667.0,7667.75,7666.0,7666.0,500
2026-09-15 21:30:00-04:00,7666.0,7666.0,7663.5,7665.0,578
2026-09-15 21:35:00-04:00,7665.25,7665.75,7661.75,7662.5,647
2026-09-15 21:40:00-04:00,7662.25,7663.5,7662.25,7662.25,474
2026-09-15 21:45:00-04:00,7662.25,7664.25,7661.75,7661.75,658
2026-09-15 21:50:00-04:00,7661.75,7662.0,7659.0,7659.5,1049
2026-09-15 21:55:00-04:00,7659.5,7660.25,7658.75,7659.0,678
2026-09-15 22:00:00-04:00,7659.0,7664.25,7659.0,7663.25,1066
2026-09-15 22:05:00-04:00,7663.25,7663.5,7660.5,7662.25,713
2026-09-15 22:10:00-04:00,7662.25,7663.5,7659.75,7660.75,952
2026-09-15 22:15:00-04:00,7660.75,7662.5,7660.5,7662.25,1190
2026-09-15 22:20:00-04:00,7662.0,7663.75,7661.25,7663.5,464
2026-09-15 22:25:00-04:00,7663.25,7666.25,7663.25,7666.0,746
2026-09-15 22:30:00-04:00,7666.0,7668.0,7665.5,7667.0,945
2026-09-15 22:35:00-04:00,7667.0,7668.25,7666.25,7666.75,546
2026-09-15 22:40:00-04:00,7666.75,7666.75,7664.25,7665.0,787
2026-09-15 22:45:00-04:00,7665.0,7666.5,7665.0,7666.0,513
2026-09-15 22:50:00-04:00,7665.75,7667.25,7665.25,7666.5,261
2026-09-15 22:55:00-04:00,7666.75,7668.25,7666.25,7668.0,389
2026-09-15 23:00:00-04:00,7668.0,7671.0,7668.0,7670.25,1007
2026-09-15 23:05:00-04:00,7670.0,7671.5,7669.75,7670.25,723
2026-09-15 23:10:00-04:00,7670.5,7673.5,7669.5,7672.5,1285
2026-09-15 23:15:00-04:00,7672.75,7676.0,7672.5,7675.5,1301
2026-09-15 23:20:00-04:00,7675.75,7678.0,7674.75,7676.75,1445
2026-09-15 23:25:00-04:00,7676.75,7677.25,7674.0,7674.0,569
2026-09-15 23:30:00-04:00,7673.75,7674.0,7671.5,7671.5,681
2026-09-15 23:35:00-04:00,7671.75,7671.75,7670.0,7671.5,590
2026-09-15 23:40:00-04:00,7671.75,7672.75,7671.0,7672.25,597
2026-09-15 23:45:00-04:00,7672.25,7674.0,7672.25,7672.75,511
2026-09-15 23:50:00-04:00,7672.5,7673.75,7672.5,7672.5,668
2026-09-15 23:55:00-04:00,7672.25,7673.5,7672.0,7672.5,313
2026-09-16 00:05:00-04:00,7672.75,7673.0,7672.75,7672.75,905
2026-09-16 00:10:00-04:00,7672.75,7673.25,7672.25,7672.25,234
2026-09-16 00:15:00-04:00,7672.25,7672.75,7671.25,7671.25,338
2026-09-16 00:20:00-04:00,7671.5,7673.25,7671.5,7672.5,424
2026-09-16 00:25:00-04:00,7672.5,7672.5,7670.25,7670.75,447
2026-09-16 00:30:00-04:00,7670.5,7671.0,7667.5,7668.0,634
2026-09-16 00:35:00-04:00,7668.0,7669.0,7667.25,7668.5,360
2026-09-16 00:40:00-04:00,7668.5,7669.75,7667.25,7668.0,361
2026-09-16 00:45:00-04:00,7668.0,7670.0,7668.0,7669.75,241
2026-09-16 00:50:00-04:00,7669.75,7670.5,7668.75,7669.0,333
2026-09-16 00:55:00-04:00,7669.0,7669.5,7668.0,7668.0,342
2026-09-16 01:00:00-04:00,7668.0,7668.5,7665.5,7668.25,815
2026-09-16 01:05:00-04:00,7668.5,7669.25,7667.25,7669.0,436
2026-09-16 01:10:00-04:00,7669.0,7670.0,7668.0,7669.25,324
2026-09-16 01:15:00-04:00,7669.25,7671.25,7669.25,7670.5,343
2026-09-16 01:20:00-04:00,7670.25,7670.75,7668.75,7669.5,400
2026-09-16 01:25:00-04:00,7669.5,7671.5,7668.75,7671.25,482
2026-09-16 01:30:00-04:00,7671.25,7671.25,7669.5,7670.75,244
2026-09-16 01:35:00-04:00,7670.75,7672.0,7670.5,7671.25,384
2026-09-16 01:40:00-04:00,7671.25,7673.5,7671.25,7673.5,759
2026-09-16 01:45:00-04:00,7673.25,7674.0,7670.25,7670.25,664
2026-09-16 01:50:00-04:00,7670.25,7671.75,7670.0,7671.5,627
2026-09-16 01:55:00-04:00,7671.5,7672.0,7670.5,7670.75,597
2026-09-16 02:00:00-04:00,7670.5,7674.5,7669.5,7670.25,1344
2026-09-16 02:05:00-04:00,7670.25,7674.0,7670.25,7673.0,922
2026-09-16 02:10:00-04:00,7673.0,7675.25,7672.75,7673.75,955
2026-09-16 02:15:00-04:00,7673.5,7674.25,7672.25,7674.0,455
2026-09-16 02:20:00-04:00,7674.0,7674.25,7671.0,7672.0,357
2026-09-16 02:25:00-04:00,7672.0,7672.75,7669.75,7671.5,722
2026-09-16 02:30:00-04:00,7671.5,7672.25,7669.75,7671.75,898
2026-09-16 02:35:00-04:00,7671.5,7671.75,7670.0,7670.75,1102
2026-09-16 02:40:00-04:00,7670.75,7671.0,7669.25,7671.0,778
2026-09-16 02:45:00-04:00,7671.0,7671.5,7669.5,7671.0,1075
2026-09-16 02:50:00-04:00,7670.75,7674.5,7670.75,7673.0,657
2026-09-16 02:55:00-04:00,7672.75,7674.5,7672.0,7673.75,917
2026-09-16 03:00:00-04:00,7673.75,7678.0,7672.5,7677.5,2582
2026-09-16 03:05:00-04:00,7677.5,7677.75,7674.25,7676.0,2202
2026-09-16 03:10:00-04:00,7676.25,7677.25,7675.0,7676.5,1674
2026-09-16 03:15:00-04:00,7676.5,7676.75,7672.25,7672.25,1500
2026-09-16 03:20:00-04:00,7672.25,7675.5,7671.75,7674.5,1301
2026-09-16 03:25:00-04:00,7674.25,7675.5,7674.0,7674.5,992
2026-09-16 03:30:00-04:00,7674.5,7676.75,7674.5,7675.0,1506
2026-09-16 03:35:00-04:00,7675.25,7675.25,7672.75,7673.0,1002
2026-09-16 03:40:00-04:00,7673.0,7673.75,7672.0,7672.25,1287
2026-09-16 03:45:00-04:00,7672.5,7673.0,7671.75,7672.0,1583
2026-09-16 03:50:00-04:00,7672.0,7672.25,7669.75,7669.75,1162
2026-09-16 03:55:00-04:00,7669.75,7672.75,7669.75,7670.75,1046
2026-09-16 04:00:00-04:00,7670.75,7671.25,7666.75,7667.25,1683
2026-09-16 04:05:00-04:00,7667.25,7668.25,7664.75,7666.25,1604
2026-09-16 04:10:00-04:00,7666.0,7666.5,7663.5,7666.0,1758
2026-09-16 04:15:00-04:00,7666.0,7672.25,7665.75,7668.5,3260
2026-09-16 04:20:00-04:00,7668.5,7671.25,7666.5,7667.0,2948
2026-09-16 04:25:00-04:00,7667.0,7669.0,7665.25,7668.5,1387
2026-09-16 04:30:00-04:00,7668.5,7671.0,7666.0,7667.75,1541
2026-09-16 04:35:00-04:00,7667.75,7668.5,7665.75,7665.75,1439
2026-09-16 04:40:00-04:00,7666.0,7670.5,7665.75,7670.0,1371
2026-09-16 04:45:00-04:00,7670.25,7671.0,7668.75,7669.25,721
2026-09-16 04:50:00-04:00,7669.0,7672.25,7669.0,7671.75,995
2026-09-16 04:55:00-04:00,7671.5,7673.5,7671.5,7672.75,925
2026-09-16 05:00:00-04:00,7672.5,7673.25,7670.75,7672.75,1157
2026-09-16 05:05:00-04:00,7672.75,7673.75,7671.0,7672.25,1238
2026-09-16 05:10:00-04:00,7672.0,7672.5,7669.0,7669.25,1203
2026-09-16 05:15:00-04:00,7669.25,7669.75,7665.5,7666.0,1198
2026-09-16 05:20:00-04:00,7665.75,7667.75,7665.5,7665.75,1741
2026-09-16 05:25:00-04:00,7666.0,7670.75,7665.75,7667.5,3063
2026-09-16 05:30:00-04:00,7667.5,7669.5,7667.0,7669.0,796
2026-09-16 05:35:00-04:00,7669.25,7671.75,7668.5,7671.75,1582
2026-09-16 05:40:00-04:00,7671.75,7674.75,7671.25,7673.5,1098
2026-09-16 05:45:00-04:00,7673.75,7673.75,7670.75,7671.75,882
2026-09-16 05:50:00-04:00,7671.75,7674.25,7671.75,7673.75,639
2026-09-16 05:55:00-04:00,7673.75,7675.0,7673.0,7673.0,764
2026-09-16 06:00:00-04:00,7673.25,7674.0,7671.0,7671.25,1200
2026-09-16 06:05:00-04:00,7671.25,7673.5,7670.25,7673.0,2125
2026-09-16 06:10:00-04:00,7673.0,7673.5,7669.5,7671.75,2314
2026-09-16 06:15:00-04:00,7671.75,7672.75,7670.5,7672.25,1255
2026-09-16 06:20:00-04:00,7672.0,7673.0,7671.25,7671.75,1157
2026-09-16 06:25:00-04:00,7672.0,7673.0,7671.5,7672.75,930
2026-09-16 06:30:00-04:00,7672.75,7673.0,7672.0,7672.0,809
2026-09-16 06:35:00-04:00,7672.25,7673.0,7671.75,7673.0,1068
2026-09-16 06:40:00-04:00,7673.25,7673.5,7672.75,7673.25,686
2026-09-16 06:45:00-04:00,7673.25,7673.25,7672.0,7673.0,682
2026-09-16 06:50:00-04:00,7673.0,7673.25,7671.75,7672.0,760
2026-09-16 06:55:00-04:00,7672.0,7677.0,7671.75,7676.25,1562
2026-09-16 07:00:00-04:00,7676.25,7681.5,7674.5,7675.75,7671
2026-09-16 07:05:00-04:00,7675.75,7678.0,7673.5,7676.25,3215
2026-09-16 07:10:00-04:00,7676.25,7677.25,7673.5,7673.5,1404
2026-09-16 07:15:00-04:00,7673.75,7674.25,7672.0,7674.25,1505
2026-09-16 07:20:00-04:00,7674.0,7675.25,7672.75,7674.75,1587
2026-09-16 07:25:00-04:00,7675.0,7676.25,7674.5,7675.0,1990
2026-09-16 07:30:00-04:00,7675.25,7677.75,7675.0,7677.25,2399
2026-09-16 07:35:00-04:00,7677.25,7679.5,7676.75,7678.75,1719
2026-09-16 07:40:00-04:00,7678.75,7681.25,7675.5,7680.0,4177
2026-09-16 07:45:00-04:00,7680.0,7681.0,7679.75,7680.75,1235
2026-09-16 07:50:00-04:00,7681.0,7683.0,7680.75,7682.75,2231
2026-09-16 07:55:00-04:00,7682.75,7683.5,7681.75,7683.25,2227
2026-09-16 08:00:00-04:00,7683.0,7689.25,7682.5,7683.75,4234
2026-09-16 08:05:00-04:00,7684.0,7686.25,7682.75,7685.5,2263
2026-09-16 08:10:00-04:00,7685.5,7685.5,7683.25,7683.25,1998
2026-09-16 08:15:00-04:00,7683.25,7684.0,7682.0,7683.0,3335
2026-09-16 08:20:00-04:00,7683.0,7683.25,7679.5,7679.75,4832
2026-09-16 08:25:00-04:00,7680.0,7684.0,7680.0,7683.75,2619
2026-09-16 08:30:00-04:00,7683.5,7684.0,7679.25,7681.25,4035
2026-09-16 08:35:00-04:00,7681.0,7681.5,7675.5,7676.5,3094
2026-09-16 08:40:00-04:00,7676.25,7677.5,7675.0,7675.25,2524
2026-09-16 08:45:00-04:00,7675.0,7679.0,7674.0,7679.0,2554
2026-09-16 08:50:00-04:00,7679.0,7680.75,7676.0,7676.0,2801
2026-09-16 08:55:00-04:00,7676.0,7680.75,7675.5,7679.75,3841
2026-09-16 09:00:00-04:00,7679.75,7681.0,7673.0,7673.75,5138
2026-09-16 09:05:00-04:00,7673.75,7677.25,7673.25,7677.0,3501
2026-09-16 09:10:00-04:00,7677.0,7680.5,7676.25,7680.5,3507
2026-09-16 09:15:00-04:00,7680.5,7681.25,7677.5,7678.0,4866
2026-09-16 09:20:00-04:00,7677.75,7682.25,7677.25,7679.75,7990
2026-09-16 09:25:00-04:00,7680.0,7680.75,7676.25,7676.25,5702
2026-09-16 09:30:00-04:00,7676.5,7679.0,7673.25,7673.75,26576
2026-09-16 09:35:00-04:00,7674.0,7676.75,7669.25,7670.25,16880
2026-09-16 09:40:00-04:00,7670.0,7673.25,7669.0,7669.75,16469
2026-09-16 09:45:00-04:00,7669.5,7681.5,7669.5,7681.25,22155
2026-09-16 09:50:00-04:00,7681.25,7686.5,7680.75,7684.5,16973
2026-09-16 09:55:00-04:00,7684.5,7686.25,7681.75,7684.25,16621
2026-09-16 10:00:00-04:00,7684.5,7686.5,7678.0,7678.75,17617
2026-09-16 10:05:00-04:00,7678.75,7680.5,7675.25,7679.0,16088
2026-09-16 10:10:00-04:00,7679.0,7680.0,7673.0,7677.5,13691
2026-09-16 10:15:00-04:00,7677.75,7679.25,7674.0,7675.0,11992
2026-09-16 10:20:00-04:00,7674.75,7675.5,7671.25,7671.75,15236
2026-09-16 10:25:00-04:00,7671.75,7672.25,7669.5,7671.75,13509
2026-09-16 10:30:00-04:00,7671.75,7674.25,7670.0,7673.75,17462
2026-09-16 10:35:00-04:00,7673.75,7677.25,7671.25,7676.0,16022
2026-09-16 10:40:00-04:00,7676.0,7680.75,7675.5,7680.75,13569
2026-09-16 10:45:00-04:00,7680.5,7682.0,7678.0,7678.25,12813
2026-09-16 10:50:00-04:00,7678.25,7681.25,7678.0,7678.75,10022
2026-09-16 10:55:00-04:00,7679.0,7685.0,7679.0,7684.25,11469
2026-09-16 11:00:00-04:00,7684.25,7688.5,7683.75,7687.25,15860
2026-09-16 11:05:00-04:00,7687.25,7692.75,7684.5,7691.25,23746
2026-09-16 11:10:00-04:00,7691.25,7692.5,7687.25,7689.75,18725
2026-09-16 11:15:00-04:00,7690.0,7690.25,7685.75,7688.5,11872
2026-09-16 11:20:00-04:00,7688.5,7688.5,7686.25,7688.0,8659
2026-09-16 11:25:00-04:00,7687.75,7690.5,7685.25,7685.75,11248
2026-09-16 11:30:00-04:00,7686.0,7687.0,7682.0,7683.75,10790
2026-09-16 11:35:00-04:00,7683.75,7688.0,7683.5,7686.25,10609
2026-09-16 11:40:00-04:00,7686.25,7688.25,7685.5,7688.0,6569
2026-09-16 11:45:00-04:00,7687.75,7699.0,7687.0,7692.5,30083
2026-09-16 11:50:00-04:00,7692.75,7693.0,7688.75,7689.75,12168
2026-09-16 11:55:00-04:00,7690.0,7690.75,7688.25,7689.0,9398
2026-09-16 12:00:00-04:00,7689.0,7689.75,7685.25,7685.5,9309
2026-09-16 12:05:00-04:00,7685.25,7687.25,7685.0,7686.75,7670
2026-09-16 12:10:00-04:00,7686.75,7687.25,7683.75,7685.75,7433
2026-09-16 12:15:00-04:00,7685.75,7686.75,7684.75,7685.5,5362
2026-09-16 12:20:00-04:00,7685.25,7685.25,7681.5,7681.75,7827
2026-09-16 12:25:00-04:00,7681.75,7683.5,7680.25,7683.25,6810
2026-09-16 12:30:00-04:00,7683.25,7684.0,7678.25,7678.75,6229
2026-09-16 12:35:00-04:00,7678.75,7681.25,7678.5,7680.75,4555
2026-09-16 12:40:00-04:00,7680.75,7682.0,7679.75,7680.75,3484
2026-09-16 12:45:00-04:00,7680.75,7683.5,7680.75,7682.5,5647
2026-09-16 12:50:00-04:00,7682.5,7683.0,7678.75,7680.75,8655
2026-09-16 12:55:00-04:00,7680.75,7681.75,7679.25,7679.25,4735
2026-09-16 13:00:00-04:00,7679.5,7679.75,7674.0,7675.5,8814
2026-09-16 13:05:00-04:00,7675.5,7677.75,7675.5,7677.5,5661
2026-09-16 13:10:00-04:00,7677.5,7679.75,7675.75,7678.75,5769
2026-09-16 13:15:00-04:00,7678.75,7680.0,7678.25,7679.25,6194
2026-09-16 13:20:00-04:00,7679.25,7680.75,7676.75,7677.75,5343
2026-09-16 13:25:00-04:00,7677.75,7681.0,7677.75,7680.75,5785
2026-09-16 13:30:00-04:00,7681.0,7682.25,7678.0,7679.5,7139
2026-09-16 13:35:00-04:00,7679.5,7680.5,7677.75,7677.75,4180
2026-09-16 13:40:00-04:00,7677.75,7678.0,7674.5,7674.75,7424
2026-09-16 13:45:00-04:00,7674.75,7678.75,7674.75,7677.0,6262
2026-09-16 13:50:00-04:00,7677.25,7680.0,7676.25,7679.25,5358
2026-09-16 13:55:00-04:00,7679.25,7684.75,7677.75,7683.5,6509
2026-09-16 14:00:00-04:00,7684.5,7691.0,7668.75,7683.75,30854
2026-09-16 14:05:00-04:00,7684.0,7694.25,7682.75,7688.5,26984
2026-09-16 14:10:00-04:00,7688.25,7690.25,7679.5,7681.25,17342
2026-09-16 14:15:00-04:00,7681.25,7685.0,7678.0,7681.0,17868
2026-09-16 14:20:00-04:00,7681.0,7684.5,7677.5,7680.25,13557
2026-09-16 14:25:00-04:00,7680.25,7681.5,7669.25,7678.0,20742
2026-09-16 14:30:00-04:00,7678.25,7680.75,7656.25,7657.5,39125
2026-09-16 14:35:00-04:00,7657.5,7661.25,7641.0,7660.0,49224
2026-09-16 14:40:00-04:00,7659.75,7683.25,7658.75,7671.25,38134
2026-09-16 14:45:00-04:00,7671.25,7677.25,7655.25,7656.5,28000
2026-09-16 14:50:00-04:00,7656.25,7659.25,7631.0,7631.75,41873
2026-09-16 14:55:00-04:00,7632.0,7638.0,7617.5,7618.75,51898
2026-09-16 15:00:00-04:00,7618.75,7633.75,7617.0,7627.5,42362
2026-09-16 15:05:00-04:00,7627.25,7627.75,7609.75,7611.75,38416
2026-09-16 15:10:00-04:00,7611.75,7613.5,7591.0,7592.5,43670
2026-09-16 15:15:00-04:00,7592.5,7600.75,7584.0,7588.75,34547
2026-09-16 15:20:00-04:00,7589.0,7593.0,7580.25,7586.25,35607
2026-09-16 15:25:00-04:00,7586.5,7592.75,7575.0,7591.75,33741
2026-09-16 15:30:00-04:00,7591.75,7606.0,7590.5,7605.25,37099
2026-09-16 15:35:00-04:00,7605.5,7606.25,7594.0,7604.0,25257
2026-09-16 15:40:00-04:00,7604.0,7608.0,7597.25,7600.75,23118
2026-09-16 15:45:00-04:00,7600.75,7616.75,7600.5,7615.0,22025
2026-09-16 15:50:00-04:00,7615.0,7623.25,7614.0,7621.75,29228
2026-09-16 15:55:00-04:00,7621.75,7625.0,7618.5,7622.25,79207
2026-09-16 16:00:00-04:00,7622.25,7626.0,7620.0,7623.75,26735
2026-09-16 16:05:00-04:00,7623.5,7624.25,7620.5,7622.0,7297
2026-09-16 16:10:00-04:00,7621.75,7622.75,7620.75,7621.75,3859
2026-09-16 16:15:00-04:00,7621.75,7623.0,7620.0,7621.25,3439
2026-09-16 16:20:00-04:00,7621.25,7621.5,7620.0,7620.0,1714
2026-09-16 16:25:00-04:00,7620.0,7620.5,7617.25,7620.25,3299
2026-09-16 16:30:00-04:00,7620.25,7622.75,7619.0,7622.5,1572
2026-09-16 16:35:00-04:00,7622.25,7622.5,7620.5,7622.5,1508
2026-09-16 16:40:00-04:00,7622.5,7623.0,7619.75,7621.25,2011
2026-09-16 16:45:00-04:00,7621.25,7622.5,7620.75,7622.25,1468
2026-09-16 16:50:00-04:00,7622.25,7623.0,7620.5,7621.5,1122
2026-09-16 16:55:00-04:00,7621.5,7622.75,7618.5,7622.0,2243
2026-09-16 18:00:00-04:00,7624.0,7625.0,7617.5,7618.0,0
2026-09-16 18:05:00-04:00,7618.25,7625.75,7618.25,7625.25,1151
2026-09-16 18:10:00-04:00,7625.25,7628.25,7624.75,7626.25,927
2026-09-16 18:15:00-04:00,7626.25,7627.75,7625.5,7627.5,674
2026-09-16 18:20:00-04:00,7627.75,7629.75,7627.25,7629.25,1024
2026-09-16 18:25:00-04:00,7629.5,7632.5,7629.0,7632.25,885
2026-09-16 18:30:00-04:00,7632.25,7634.75,7632.0,7634.25,1017
2026-09-16 18:35:00-04:00,7634.5,7637.5,7634.0,7637.0,800
2026-09-16 18:40:00-04:00,7637.0,7639.75,7637.0,7638.75,1281
2026-09-16 18:45:00-04:00,7638.5,7639.25,7635.75,7636.0,1206
2026-09-16 18:50:00-04:00,7636.0,7636.5,7635.0,7635.25,697
2026-09-16 18:55:00-04:00,7635.25,7636.75,7634.75,7636.75,843
2026-09-16 19:00:00-04:00,7636.5,7638.25,7635.75,7637.0,623
2026-09-16 19:05:00-04:00,7637.0,7640.0,7636.5,7639.5,759
2026-09-16 19:10:00-04:00,7639.5,7640.0,7638.0,7638.5,389
2026-09-16 19:15:00-04:00,7638.75,7643.25,7638.75,7641.25,1017
2026-09-16 19:20:00-04:00,7641.5,7644.75,7641.5,7644.25,735
2026-09-16 19:25:00-04:00,7644.25,7647.75,7643.0,7645.0,1378
2026-09-16 19:30:00-04:00,7645.25,7648.25,7645.25,7647.75,717
2026-09-16 19:35:00-04:00,7647.75,7647.75,7645.0,7646.5,639
2026-09-16 19:40:00-04:00,7646.5,7654.0,7645.5,7652.0,4013
2026-09-16 19:45:00-04:00,7652.25,7656.25,7651.5,7655.25,2856
2026-09-16 19:50:00-04:00,7655.0,7657.0,7653.75,7655.75,997
2026-09-16 19:55:00-04:00,7655.5,7657.5,7654.75,7657.25,1197
2026-09-16 20:00:00-04:00,7657.5,7660.0,7656.0,7659.0,2634
2026-09-16 20:05:00-04:00,7658.75,7662.25,7657.5,7661.25,1515
2026-09-16 20:10:00-04:00,7661.5,7662.0,7656.0,7656.0,1853
2026-09-16 20:15:00-04:00,7656.0,7660.25,7654.0,7659.5,3104
2026-09-16 20:20:00-04:00,7659.25,7660.0,7655.75,7657.5,1355
2026-09-16 20:25:00-04:00,7657.0,7658.75,7656.0,7656.75,737
2026-09-16 20:30:00-04:00,7656.75,7663.5,7656.75,7662.25,2453
2026-09-16 20:35:00-04:00,7662.25,7664.75,7661.75,7664.5,1643
2026-09-16 20:40:00-04:00,7664.25,7667.75,7664.0,7665.5,2340
2026-09-16 20:45:00-04:00,7665.5,7665.5,7662.0,7663.75,1640
2026-09-16 20:50:00-04:00,7663.75,7664.0,7659.75,7660.75,1489
2026-09-16 20:55:00-04:00,7660.75,7666.0,7660.5,7664.0,1529
2026-09-16 21:00:00-04:00,7664.0,7665.0,7662.0,7664.5,1245
2026-09-16 21:05:00-04:00,7664.25,7668.0,7664.0,7664.25,1025
2026-09-16 21:10:00-04:00,7664.25,7664.25,7660.75,7663.75,1241
2026-09-16 21:15:00-04:00,7663.5,7664.0,7662.0,7663.25,1002
2026-09-16 21:20:00-04:00,7663.0,7664.5,7662.75,7663.25,859
2026-09-16 21:25:00-04:00,7663.5,7664.25,7662.5,7663.25,812
2026-09-16 21:30:00-04:00,7663.25,7666.75,7663.25,7664.25,1005
2026-09-16 21:35:00-04:00,7664.5,7666.25,7662.0,7662.25,802
2026-09-16 21:40:00-04:00,7662.0,7663.75,7659.5,7663.5,1981
2026-09-16 21:45:00-04:00,7663.25,7664.25,7663.0,7663.5,626
2026-09-16 21:50:00-04:00,7663.25,7663.75,7660.5,7662.5,1569
2026-09-16 21:55:00-04:00,7662.5,7663.0,7658.25,7660.0,1297
2026-09-16 22:00:00-04:00,7660.0,7664.0,7659.75,7664.0,1003
2026-09-16 22:05:00-04:00,7664.0,7664.75,7660.75,7661.5,1287
2026-09-16 22:10:00-04:00,7661.5,7662.75,7661.0,7662.0,752
2026-09-16 22:15:00-04:00,7661.5,7663.75,7661.5,7663.25,728
2026-09-16 22:20:00-04:00,7663.25,7664.25,7662.25,7663.5,627
2026-09-16 22:25:00-04:00,7663.25,7665.25,7662.75,7663.75,1052
2026-09-16 22:30:00-04:00,7664.0,7667.25,7663.75,7666.0,1270
2026-09-16 22:35:00-04:00,7666.25,7668.75,7665.75,7668.0,864
2026-09-16 22:40:00-04:00,7667.75,7669.75,7667.5,7668.75,678
2026-09-16 22:45:00-04:00,7668.5,7668.75,7666.75,7667.75,551
2026-09-16 22:50:00-04:00,7667.5,7668.5,7665.0,7665.5,630
2026-09-16 22:55:00-04:00,7665.25,7666.5,7664.75,7665.25,633
2026-09-16 23:00:00-04:00,7665.25,7666.5,7664.75,7666.25,649
2026-09-16 23:05:00-04:00,7666.25,7667.5,7666.0,7666.25,442
2026-09-16 23:10:00-04:00,7666.5,7667.5,7664.75,7667.25,453
2026-09-16 23:15:00-04:00,7667.5,7667.75,7665.75,7666.25,512
2026-09-16 23:20:00-04:00,7666.0,7668.0,7664.75,7668.0,541
2026-09-16 23:25:00-04:00,7668.0,7668.25,7667.5,7668.0,276
2026-09-16 23:30:00-04:00,7667.75,7668.5,7666.75,7667.75,470
2026-09-16 23:35:00-04:00,7668.0,7668.75,7667.0,7668.75,313
2026-09-16 23:40:00-04:00,7668.75,7670.25,7668.5,7669.5,604
2026-09-16 23:45:00-04:00,7669.5,7669.75,7666.75,7669.25,1085
2026-09-16 23:50:00-04:00,7669.25,7669.25,7667.75,7668.0,581
2026-09-16 23:55:00-04:00,7668.25,7670.0,7668.0,7669.75,531
2026-09-17 00:05:00-04:00,7669.25,7669.25,7668.75,7668.75,768
2026-09-17 00:10:00-04:00,7668.75,7669.0,7667.25,7668.25,529
2026-09-17 00:15:00-04:00,7668.25,7668.25,7666.75,7666.75,454
2026-09-17 00:20:00-04:00,7666.75,7667.0,7666.25,7666.5,425
2026-09-17 00:25:00-04:00,7666.5,7668.0,7665.75,7667.25,397
2026-09-17 00:30:00-04:00,7667.25,7667.75,7666.0,7666.75,578
2026-09-17 00:35:00-04:00,7667.0,7669.25,7666.75,7669.0,452
2026-09-17 00:40:00-04:00,7669.0,7670.25,7668.5,7668.75,654
2026-09-17 00:45:00-04:00,7669.0,7670.25,7668.75,7668.75,433
2026-09-17 00:50:00-04:00,7668.75,7668.75,7666.5,7667.0,474
2026-09-17 00:55:00-04:00,7667.0,7668.0,7666.75,7667.25,239
2026-09-17 01:00:00-04:00,7667.25,7667.75,7666.5,7667.0,458
2026-09-17 01:05:00-04:00,7667.0,7667.0,7666.0,7666.0,469
2026-09-17 01:10:00-04:00,7666.0,7666.25,7664.0,7664.5,523
2026-09-17 01:15:00-04:00,7664.5,7664.75,7663.5,7663.75,772
2026-09-17 01:20:00-04:00,7663.75,7663.75,7662.5,7663.5,663
2026-09-17 01:25:00-04:00,7663.25,7665.25,7663.25,7663.5,494
2026-09-17 01:30:00-04:00,7663.5,7664.0,7661.25,7662.75,1153
2026-09-17 01:35:00-04:00,7662.75,7662.75,7660.0,7661.25,1015
2026-09-17 01:40:00-04:00,7661.25,7661.5,7659.0,7659.0,851
2026-09-17 01:45:00-04:00,7659.0,7660.0,7658.75,7659.25,739
2026-09-17 01:50:00-04:00,7659.25,7660.25,7657.75,7658.25,728
2026-09-17 01:55:00-04:00,7658.25,7658.25,7656.25,7657.25,686
2026-09-17 02:00:00-04:00,7657.0,7663.25,7656.75,7662.25,1462
2026-09-17 02:05:00-04:00,7662.0,7664.5,7660.25,7661.5,1605
2026-09-17 02:10:00-04:00,7661.5,7662.25,7659.75,7661.5,1136
2026-09-17 02:15:00-04:00,7661.75,7662.0,7658.5,7661.5,1921
2026-09-17 02:20:00-04:00,7661.5,7665.5,7660.75,7665.5,1106
2026-09-17 02:25:00-04:00,7665.75,7671.5,7665.25,7671.25,2379
2026-09-17 02:30:00-04:00,7671.25,7674.0,7671.0,7672.25,2523
2026-09-17 02:35:00-04:00,7672.25,7675.0,7671.75,7672.0,1331
2026-09-17 02:40:00-04:00,7672.25,7676.75,7672.25,7676.25,1401
2026-09-17 02:45:00-04:00,7676.0,7677.5,7675.0,7676.0,1578
2026-09-17 02:50:00-04:00,7676.0,7677.0,7675.5,7676.25,1353
2026-09-17 02:55:00-04:00,7676.25,7676.25,7674.25,7675.25,1460
2026-09-17 03:00:00-04:00,7675.25,7679.0,7673.5,7678.5,3194
2026-09-17 03:05:00-04:00,7678.25,7683.25,7678.25,7682.5,3248
2026-09-17 03:10:00-04:00,7682.75,7684.0,7679.5,7680.25,2369
2026-09-17 03:15:00-04:00,7680.5,7683.75,7679.5,7680.75,1887
2026-09-17 03:20:00-04:00,7680.5,7683.0,7678.75,7682.25,2025
2026-09-17 03:25:00-04:00,7682.25,7687.0,7682.0,7686.75,3807
2026-09-17 03:30:00-04:00,7686.5,7689.25,7685.75,7686.5,3587
2026-09-17 03:35:00-04:00,7686.5,7686.75,7685.0,7686.5,1920
2026-09-17 03:40:00-04:00,7686.25,7686.75,7684.75,7685.75,1559
2026-09-17 03:45:00-04:00,7685.75,7686.25,7683.0,7683.0,1994
2026-09-17 03:50:00-04:00,7683.0,7683.5,7680.5,7680.75,2460
2026-09-17 03:55:00-04:00,7680.75,7680.75,7679.0,7680.25,1592
2026-09-17 04:00:00-04:00,7680.0,7681.75,7678.25,7680.75,2725
2026-09-17 04:05:00-04:00,7680.5,7681.0,7679.0,7679.5,1831
2026-09-17 04:10:00-04:00,7679.25,7680.25,7673.5,7674.5,2271
2026-09-17 04:15:00-04:00,7674.25,7675.25,7671.25,7672.75,1686
2026-09-17 04:20:00-04:00,7672.75,7675.25,7672.25,7675.25,1301
2026-09-17 04:25:00-04:00,7675.25,7678.25,7675.0,7677.75,1735
2026-09-17 04:30:00-04:00,7677.75,7679.75,7676.25,7679.75,1707
2026-09-17 04:35:00-04:00,7679.75,7680.5,7678.5,7680.25,1115
2026-09-17 04:40:00-04:00,7680.5,7680.75,7678.0,7679.0,788
2026-09-17 04:45:00-04:00,7679.0,7680.75,7678.75,7680.25,898
2026-09-17 04:50:00-04:00,7680.5,7684.0,7680.25,7683.5,1276
2026-09-17 04:55:00-04:00,7683.5,7684.5,7682.5,7683.25,1313
2026-09-17 05:00:00-04:00,7683.25,7686.5,7683.0,7685.0,1171
2026-09-17 05:05:00-04:00,7685.25,7687.0,7684.75,7686.25,1000
2026-09-17 05:10:00-04:00,7686.5,7689.25,7686.5,7686.75,1667
2026-09-17 05:15:00-04:00,7686.75,7687.75,7684.5,7684.5,1144
2026-09-17 05:20:00-04:00,7684.5,7686.0,7684.25,7685.25,1278
2026-09-17 05:25:00-04:00,7685.25,7685.25,7683.5,7683.75,1349
2026-09-17 05:30:00-04:00,7683.5,7686.75,7683.5,7686.25,832
2026-09-17 05:35:00-04:00,7686.25,7687.0,7685.0,7685.25,1656
2026-09-17 05:40:00-04:00,7685.0,7686.5,7685.0,7685.75,1180
2026-09-17 05:45:00-04:00,7685.5,7685.75,7681.25,7682.0,1061
2026-09-17 05:50:00-04:00,7682.25,7684.0,7682.25,7683.75,912
2026-09-17 05:55:00-04:00,7683.75,7685.0,7682.25,7682.75,1009
2026-09-17 06:00:00-04:00,7682.5,7684.75,7682.5,7684.25,763
2026-09-17 06:05:00-04:00,7684.25,7687.0,7684.0,7685.75,1636
2026-09-17 06:10:00-04:00,7685.75,7686.75,7685.25,7685.25,708
2026-09-17 06:15:00-04:00,7685.25,7686.0,7683.5,7683.5,1092
2026-09-17 06:20:00-04:00,7683.5,7688.5,7683.5,7688.5,1421
2026-09-17 06:25:00-04:00,7688.5,7689.5,7687.25,7687.5,1431
2026-09-17 06:30:00-04:00,7687.75,7689.5,7685.75,7685.75,2279
2026-09-17 06:35:00-04:00,7686.0,7688.25,7685.5,7687.25,1662
2026-09-17 06:40:00-04:00,7687.25,7687.75,7684.25,7684.75,964
2026-09-17 06:45:00-04:00,7684.75,7685.5,7684.25,7685.0,682
2026-09-17 06:50:00-04:00,7685.0,7687.0,7685.0,7686.25,739
2026-09-17 06:55:00-04:00,7686.5,7688.75,7686.0,7687.5,958
2026-09-17 07:00:00-04:00,7687.75,7690.75,7687.5,7688.0,4332
2026-09-17 07:05:00-04:00,7688.25,7688.75,7687.0,7687.0,2742
2026-09-17 07:10:00-04:00,7687.0,7688.5,7685.75,7688.0,2663
2026-09-17 07:15:00-04:00,7688.25,7688.75,7684.75,7686.0,1676
2026-09-17 07:20:00-04:00,7686.25,7688.25,7685.75,7686.0,2070
2026-09-17 07:25:00-04:00,7686.0,7687.25,7685.0,7686.25,1529
2026-09-17 07:30:00-04:00,7686.0,7687.5,7685.25,7685.25,1592
2026-09-17 07:35:00-04:00,7685.5,7687.25,7684.5,7686.5,1317
2026-09-17 07:40:00-04:00,7686.25,7686.25,7683.0,7683.0,1382
2026-09-17 07:45:00-04:00,7683.0,7685.0,7682.5,7683.5,1403
2026-09-17 07:50:00-04:00,7683.75,7688.0,7682.25,7687.0,2499
2026-09-17 07:55:00-04:00,7687.0,7695.5,7685.5,7695.25,9940
2026-09-17 08:00:00-04:00,7695.0,7695.75,7690.0,7694.5,8048
2026-09-17 08:05:00-04:00,7694.75,7701.75,7693.5,7701.5,8872
2026-09-17 08:10:00-04:00,7701.5,7703.5,7700.75,7701.75,5366
2026-09-17 08:15:00-04:00,7702.0,7708.25,7701.25,7708.0,7883
2026-09-17 08:20:00-04:00,7708.25,7712.0,7708.0,7710.75,7702
2026-09-17 08:25:00-04:00,7710.75,7716.75,7710.0,7716.5,7040
2026-09-17 08:30:00-04:00,7716.25,7722.25,7713.0,7721.25,8943
2026-09-17 08:35:00-04:00,7721.5,7722.25,7717.5,7720.75,8868
2026-09-17 08:40:00-04:00,7720.5,7721.5,7717.5,7717.75,5291
2026-09-17 08:45:00-04:00,7717.75,7718.0,7715.25,7716.25,6632
2026-09-17 08:50:00-04:00,7716.5,7720.0,7716.25,7718.0,3700
2026-09-17 08:55:00-04:00,7718.0,7719.25,7716.25,7717.5,3416
2026-09-17 09:00:00-04:00,7717.75,7722.0,7716.5,7718.5,5565
2026-09-17 09:05:00-04:00,7718.75,7719.5,7716.5,7716.5,3837
2026-09-17 09:10:00-04:00,7716.5,7717.5,7714.75,7716.0,4483
2026-09-17 09:15:00-04:00,7716.0,7718.5,7715.5,7715.75,5257
2026-09-17 09:20:00-04:00,7716.0,7717.0,7713.5,7713.75,3025
2026-09-17 09:25:00-04:00,7713.75,7717.0,7712.5,7713.25,7188
2026-09-17 09:30:00-04:00,7713.5,7716.25,7695.5,7695.5,39243
2026-09-17 09:35:00-04:00,7695.75,7697.75,7691.75,7693.0,26449
2026-09-17 09:40:00-04:00,7693.0,7694.25,7688.25,7690.5,25537
2026-09-17 09:45:00-04:00,7690.75,7696.0,7688.25,7694.75,27064
2026-09-17 09:50:00-04:00,7695.0,7697.25,7691.25,7691.25,22602
2026-09-17 09:55:00-04:00,7691.0,7693.75,7688.5,7693.75,19180
2026-09-17 10:00:00-04:00,7693.5,7693.75,7683.75,7686.75,21785
2026-09-17 10:05:00-04:00,7687.0,7687.25,7680.5,7683.0,17930
2026-09-17 10:10:00-04:00,7683.0,7692.75,7681.75,7692.25,18928
2026-09-17 10:15:00-04:00,7692.25,7695.75,7691.0,7695.75,18942
2026-09-17 10:20:00-04:00,7695.5,7701.5,7693.25,7700.75,17553
2026-09-17 10:25:00-04:00,7700.75,7703.75,7697.0,7697.75,18204
2026-09-17 10:30:00-04:00,7697.5,7701.25,7696.25,7700.75,12612
2026-09-17 10:35:00-04:00,7700.75,7701.5,7697.25,7697.75,11296
2026-09-17 10:40:00-04:00,7697.75,7703.25,7697.25,7699.5,14710
2026-09-17 10:45:00-04:00,7699.5,7700.25,7691.25,7693.0,17114
2026-09-17 10:50:00-04:00,7693.0,7693.75,7685.5,7686.5,17739
2026-09-17 10:55:00-04:00,7686.25,7691.5,7684.5,7688.25,16333
2026-09-17 11:00:00-04:00,7688.0,7690.25,7686.0,7686.25,13389
2026-09-17 11:05:00-04:00,7686.25,7689.25,7683.75,7688.0,11510
2026-09-17 11:10:00-04:00,7688.0,7692.75,7686.75,7692.0,13630
2026-09-17 11:15:00-04:00,7691.75,7695.5,7689.75,7694.75,10477
2026-09-17 11:20:00-04:00,7695.0,7695.25,7691.0,7693.25,8491
2026-09-17 11:25:00-04:00,7693.25,7698.0,7693.0,7696.25,11994
2026-09-17 11:30:00-04:00,7696.25,7698.75,7695.25,7698.0,9186
2026-09-17 11:35:00-04:00,7698.25,7701.25,7697.5,7701.0,9801
2026-09-17 11:40:00-04:00,7700.75,7706.25,7700.75,7703.5,12587
2026-09-17 11:45:00-04:00,7703.5,7705.5,7702.75,7704.25,9481
2026-09-17 11:50:00-04:00,7704.5,7705.5,7701.75,7705.0,10779
2026-09-17 11:55:00-04:00,7704.75,7706.5,7701.5,7706.5,9170
2026-09-17 12:00:00-04:00,7706.5,7707.25,7704.25,7704.5,9829
2026-09-17 12:05:00-04:00,7704.25,7706.25,7701.5,7705.75,9510
2026-09-17 12:10:00-04:00,7705.75,7706.25,7702.25,7704.0,6602
2026-09-17 12:15:00-04:00,7703.75,7705.0,7702.75,7704.0,5242
2026-09-17 12:20:00-04:00,7703.75,7706.75,7703.25,7706.0,7484
2026-09-17 12:25:00-04:00,7706.0,7707.5,7705.0,7706.25,7032
2026-09-17 12:30:00-04:00,7706.25,7707.75,7700.5,7702.0,11017
2026-09-17 12:35:00-04:00,7702.0,7704.25,7701.0,7703.0,7665
2026-09-17 12:40:00-04:00,7703.0,7707.75,7702.0,7707.5,8405
2026-09-17 12:45:00-04:00,7707.5,7708.0,7705.25,7705.75,7167
2026-09-17 12:50:00-04:00,7706.0,7706.75,7704.75,7705.0,5235
2026-09-17 12:55:00-04:00,7705.0,7706.0,7697.0,7706.0,28137
2026-09-17 13:00:00-04:00,7706.0,7708.75,7704.25,7707.75,11691
2026-09-17 13:05:00-04:00,7707.75,7709.25,7704.25,7705.25,6576
2026-09-17 13:10:00-04:00,7705.0,7705.5,7702.75,7703.5,6965
2026-09-17 13:15:00-04:00,7703.75,7704.5,7702.25,7703.25,5841
2026-09-17 13:20:00-04:00,7703.0,7703.75,7699.75,7700.25,7836
2026-09-17 13:25:00-04:00,7700.5,7702.5,7699.5,7702.0,6133
2026-09-17 13:30:00-04:00,7702.0,7704.75,7700.25,7704.75,6134
2026-09-17 13:35:00-04:00,7704.75,7705.25,7703.0,7703.75,5969
2026-09-17 13:40:00-04:00,7703.75,7706.5,7703.75,7706.0,6459
2026-09-17 13:45:00-04:00,7705.75,7708.0,7705.25,7706.0,6473
2026-09-17 13:50:00-04:00,7706.0,7706.0,7704.25,7705.0,6792
2026-09-17 13:55:00-04:00,7705.0,7707.75,7705.0,7707.75,6949
2026-09-17 14:00:00-04:00,7707.75,7709.75,7706.5,7709.25,7320
2026-09-17 14:05:00-04:00,7709.0,7710.0,7705.75,7706.75,8382
2026-09-17 14:10:00-04:00,7706.5,7709.25,7705.75,7708.75,8631
2026-09-17 14:15:00-04:00,7709.0,7711.25,7707.75,7710.25,8953
2026-09-17 14:20:00-04:00,7710.25,7710.75,7707.0,7707.25,8196
2026-09-17 14:25:00-04:00,7707.25,7709.75,7706.75,7708.5,8019
2026-09-17 14:30:00-04:00,7708.75,7710.25,7706.25,7706.5,8047
2026-09-17 14:35:00-04:00,7706.5,7706.75,7703.25,7703.5,8816
2026-09-17 14:40:00-04:00,7703.5,7705.25,7702.75,7704.75,7928
2026-09-17 14:45:00-04:00,7705.0,7708.0,7704.25,7706.25,7157
2026-09-17 14:50:00-04:00,7706.25,7706.5,7703.25,7704.25,7012
2026-09-17 14:55:00-04:00,7704.5,7706.0,7703.75,7705.75,6954
2026-09-17 15:00:00-04:00,7705.75,7710.0,7705.5,7709.75,10289
2026-09-17 15:05:00-04:00,7709.75,7711.75,7708.5,7709.25,9551
2026-09-17 15:10:00-04:00,7709.25,7710.25,7708.0,7709.0,7160
2026-09-17 15:15:00-04:00,7709.0,7710.5,7708.0,7710.25,5724
2026-09-17 15:20:00-04:00,7710.25,7710.25,7707.0,7707.25,5913
2026-09-17 15:25:00-04:00,7707.25,7709.0,7706.25,7706.75,6648
2026-09-17 15:30:00-04:00,7706.75,7710.25,7706.75,7709.0,8604
2026-09-17 15:35:00-04:00,7709.25,7711.5,7709.0,7710.5,9160
2026-09-17 15:40:00-04:00,7710.75,7712.0,7708.0,7711.75,12971
2026-09-17 15:45:00-04:00,7711.5,7711.75,7707.75,7708.25,11945
2026-09-17 15:50:00-04:00,7708.5,7715.5,7707.75,7711.25,27743
2026-09-17 15:55:00-04:00,7711.25,7712.75,7705.0,7707.25,78708
2026-09-17 16:00:00-04:00,7707.25,7708.0,7704.75,7705.0,19387
2026-09-17 16:05:00-04:00,7705.0,7708.5,7705.0,7708.0,5581
2026-09-17 16:10:00-04:00,7707.75,7708.0,7704.0,7704.5,5457
2026-09-17 16:15:00-04:00,7704.25,7705.25,7702.0,7702.25,3760
2026-09-17 16:20:00-04:00,7702.0,7703.0,7702.0,7702.25,1620
2026-09-17 16:25:00-04:00,7702.25,7703.0,7701.75,7702.0,1109
2026-09-17 16:30:00-04:00,7701.75,7702.5,7701.5,7701.75,1099
2026-09-17 16:35:00-04:00,7701.75,7703.0,7701.75,7702.5,1039
2026-09-17 16:40:00-04:00,7702.5,7703.0,7701.5,7701.75,1480
2026-09-17 16:45:00-04:00,7701.5,7702.0,7701.0,7701.5,1561
2026-09-17 16:50:00-04:00,7701.5,7703.0,7701.0,7702.75,1201
2026-09-17 16:55:00-04:00,7702.5,7704.0,7701.75,7702.25,1371
2026-09-17 18:00:00-04:00,7703.5,7704.25,7701.0,7701.25,0
2026-09-17 18:05:00-04:00,7701.5,7702.0,7699.5,7700.0,729
2026-09-17 18:10:00-04:00,7700.25,7701.5,7700.25,7701.5,322
2026-09-17 18:15:00-04:00,7701.25,7701.5,7699.75,7700.5,256
2026-09-17 18:20:00-04:00,7700.75,7701.0,7698.5,7699.0,420
2026-09-17 18:25:00-04:00,7699.5,7700.0,7697.75,7698.0,500
2026-09-17 18:30:00-04:00,7697.75,7698.5,7697.5,7697.75,372
2026-09-17 18:35:00-04:00,7698.0,7699.25,7697.75,7698.25,725
2026-09-17 18:40:00-04:00,7698.25,7698.25,7697.0,7698.0,481
2026-09-17 18:45:00-04:00,7698.0,7698.25,7697.25,7698.0,236
2026-09-17 18:50:00-04:00,7698.0,7698.25,7697.0,7697.0,281
2026-09-17 18:55:00-04:00,7697.25,7699.25,7697.0,7699.0,287
2026-09-17 19:00:00-04:00,7699.25,7700.75,7699.25,7700.5,460
2026-09-17 19:05:00-04:00,7700.5,7701.75,7700.5,7701.75,400
2026-09-17 19:10:00-04:00,7701.75,7702.0,7699.5,7700.0,454
2026-09-17 19:15:00-04:00,7700.0,7700.25,7699.0,7700.25,186
2026-09-17 19:20:00-04:00,7700.0,7701.5,7700.0,7700.75,184
2026-09-17 19:25:00-04:00,7700.75,7701.0,7699.25,7700.0,178
2026-09-17 19:30:00-04:00,7700.0,7701.0,7699.5,7700.75,315
2026-09-17 19:35:00-04:00,7700.75,7701.5,7700.5,7701.0,159
2026-09-17 19:40:00-04:00,7701.0,7702.25,7701.0,7701.25,274
2026-09-17 19:45:00-04:00,7701.5,7702.5,7700.75,7701.5,344
2026-09-17 19:50:00-04:00,7701.5,7702.0,7700.5,7701.5,450
2026-09-17 19:55:00-04:00,7701.5,7701.75,7700.75,7700.75,263
2026-09-17 20:00:00-04:00,7700.75,7701.75,7698.5,7700.0,1758
2026-09-17 20:05:00-04:00,7700.0,7701.0,7698.0,7700.0,824
2026-09-17 20:10:00-04:00,7700.25,7701.25,7698.0,7701.25,522
2026-09-17 20:15:00-04:00,7701.0,7702.0,7699.75,7701.5,696
2026-09-17 20:20:00-04:00,7701.5,7702.25,7700.25,7702.0,668
2026-09-17 20:25:00-04:00,7702.0,7702.75,7700.25,7701.0,739
2026-09-17 20:30:00-04:00,7701.0,7703.0,7701.0,7702.75,715
2026-09-17 20:35:00-04:00,7702.75,7702.75,7699.75,7699.75,534
2026-09-17 20:40:00-04:00,7699.75,7701.75,7698.75,7701.25,997
2026-09-17 20:45:00-04:00,7701.25,7701.5,7698.75,7699.0,504
2026-09-17 20:50:00-04:00,7699.0,7699.75,7698.25,7699.5,545
2026-09-17 20:55:00-04:00,7699.5,7699.5,7699.0,7699.5,439
2026-09-17 21:00:00-04:00,7699.5,7701.25,7698.0,7698.5,907
2026-09-17 21:05:00-04:00,7698.25,7699.75,7698.25,7698.5,498
2026-09-17 21:10:00-04:00,7698.5,7699.0,7697.5,7698.0,497
2026-09-17 21:15:00-04:00,7697.75,7697.75,7696.0,7697.5,753
2026-09-17 21:20:00-04:00,7697.5,7698.5,7696.75,7697.25,433
2026-09-17 21:25:00-04:00,7697.5,7697.5,7696.75,7697.25,311
2026-09-17 21:30:00-04:00,7697.5,7697.75,7696.25,7697.25,424
2026-09-17 21:35:00-04:00,7697.0,7698.25,7696.5,7697.5,573
2026-09-17 21:40:00-04:00,7697.5,7699.75,7697.5,7697.5,602
2026-09-17 21:45:00-04:00,7697.75,7700.75,7697.75,7700.0,578
2026-09-17 21:50:00-04:00,7700.25,7700.5,7698.5,7700.0,497
2026-09-17 21:55:00-04:00,7700.0,7701.25,7699.25,7701.0,440
2026-09-17 22:00:00-04:00,7701.0,7701.75,7700.75,7700.75,550
2026-09-17 22:05:00-04:00,7700.75,7701.5,7700.0,7700.25,311
2026-09-17 22:10:00-04:00,7700.25,7700.75,7699.0,7700.75,404
2026-09-17 22:15:00-04:00,7700.75,7701.5,7700.25,7701.5,292
2026-09-17 22:20:00-04:00,7701.75,7703.0,7701.25,7702.75,369
2026-09-17 22:25:00-04:00,7702.75,7703.25,7701.75,7703.0,354
2026-09-17 22:30:00-04:00,7703.0,7704.0,7702.5,7703.75,429
2026-09-17 22:35:00-04:00,7704.0,7704.0,7702.25,7703.0,344
2026-09-17 22:40:00-04:00,7703.0,7704.25,7702.75,7703.0,235
2026-09-17 22:45:00-04:00,7703.0,7704.0,7703.0,7703.75,359
2026-09-17 22:50:00-04:00,7704.0,7705.0,7702.75,7703.75,870
2026-09-17 22:55:00-04:00,7703.5,7704.5,7703.0,7703.75,564
2026-09-17 23:00:00-04:00,7703.75,7705.75,7703.5,7705.75,662
2026-09-17 23:05:00-04:00,7705.75,7708.0,7705.75,7707.5,1018
2026-09-17 23:10:00-04:00,7707.5,7709.5,7707.5,7709.25,1041
2026-09-17 23:15:00-04:00,7709.0,7709.0,7707.0,7708.0,599
2026-09-17 23:20:00-04:00,7708.0,7709.5,7708.0,7708.5,493
2026-09-17 23:25:00-04:00,7708.75,7709.75,7708.75,7709.0,337
2026-09-17 23:30:00-04:00,7709.0,7710.5,7708.5,7709.75,792
2026-09-17 23:35:00-04:00,7710.0,7711.0,7710.0,7710.75,447
2026-09-17 23:40:00-04:00,7710.75,7712.0,7710.75,7711.5,403
2026-09-17 23:45:00-04:00,7711.75,7714.25,7711.75,7713.75,956
2026-09-17 23:50:00-04:00,7713.75,7714.25,7712.75,7713.25,395
2026-09-17 23:55:00-04:00,7713.25,7713.5,7712.5,7713.25,287
2026-09-18 00:05:00-04:00,7714.75,7715.0,7714.75,7715.0,911
2026-09-18 00:10:00-04:00,7715.0,7715.75,7714.5,7714.75,366
2026-09-18 00:15:00-04:00,7714.75,7715.5,7713.75,7714.75,427
2026-09-18 00:20:00-04:00,7714.5,7714.75,7713.75,7714.0,399
2026-09-18 00:25:00-04:00,7713.75,7715.0,7712.75,7715.0,434
2026-09-18 00:30:00-04:00,7715.25,7717.0,7715.25,7716.0,503
2026-09-18 00:35:00-04:00,7716.0,7716.25,7715.25,7716.0,317
2026-09-18 00:40:00-04:00,7716.0,7719.25,7715.5,7718.75,739
2026-09-18 00:45:00-04:00,7719.0,7719.5,7718.5,7719.25,441
2026-09-18 00:50:00-04:00,7719.5,7721.25,7719.5,7720.25,866
2026-09-18 00:55:00-04:00,7720.25,7721.75,7720.0,7721.75,650
2026-09-18 01:00:00-04:00,7721.5,7722.5,7721.25,7722.5,475
2026-09-18 01:05:00-04:00,7722.25,7722.5,7721.75,7722.0,433
2026-09-18 01:10:00-04:00,7722.25,7723.0,7722.0,7722.75,489
2026-09-18 01:15:00-04:00,7723.0,7723.5,7722.5,7722.75,463
2026-09-18 01:20:00-04:00,7723.0,7723.5,7722.25,7723.5,505
2026-09-18 01:25:00-04:00,7723.75,7724.5,7722.25,7723.25,801
2026-09-18 01:30:00-04:00,7723.5,7725.5,7723.0,7725.0,869
2026-09-18 01:35:00-04:00,7725.0,7728.0,7725.0,7727.75,1162
2026-09-18 01:40:00-04:00,7727.75,7730.0,7727.25,7730.0,1305
2026-09-18 01:45:00-04:00,7729.75,7730.25,7727.0,7727.0,1304
2026-09-18 01:50:00-04:00,7727.0,7728.5,7726.25,7726.5,695
2026-09-18 01:55:00-04:00,7726.25,7727.0,7725.75,7726.75,768
2026-09-18 02:00:00-04:00,7726.75,7729.25,7726.75,7728.0,1743
2026-09-18 02:05:00-04:00,7728.0,7728.25,7726.75,7727.25,796
2026-09-18 02:10:00-04:00,7727.5,7728.25,7727.25,7728.0,699
2026-09-18 02:15:00-04:00,7728.0,7729.0,7725.75,7726.5,980
2026-09-18 02:20:00-04:00,7726.5,7730.25,7726.25,7729.5,922
2026-09-18 02:25:00-04:00,7729.5,7730.75,7728.25,7728.75,1472
2026-09-18 02:30:00-04:00,7728.75,7733.5,7728.75,7733.0,1643
2026-09-18 02:35:00-04:00,7733.0,7734.25,7732.25,7734.25,1111
2026-09-18 02:40:00-04:00,7734.0,7734.5,7732.5,7733.5,1011
2026-09-18 02:45:00-04:00,7733.5,7734.5,7732.5,7734.0,1095
2026-09-18 02:50:00-04:00,7734.0,7734.5,7733.25,7733.5,702
2026-09-18 02:55:00-04:00,7733.75,7734.75,7733.25,7733.75,900
2026-09-18 03:00:00-04:00,7733.75,7734.75,7732.25,7733.5,1816
2026-09-18 03:05:00-04:00,7733.5,7734.0,7732.25,7733.75,1201
2026-09-18 03:10:00-04:00,7733.75,7736.0,7733.25,7733.25,1438
2026-09-18 03:15:00-04:00,7733.25,7735.25,7733.0,7734.5,1185
2026-09-18 03:20:00-04:00,7734.5,7735.25,7733.75,7734.75,1615
2026-09-18 03:25:00-04:00,7735.0,7738.0,7734.75,7737.75,1913
2026-09-18 03:30:00-04:00,7738.0,7739.25,7735.0,7735.75,1870
2026-09-18 03:35:00-04:00,7736.0,7737.0,7734.5,7736.5,1631
2026-09-18 03:40:00-04:00,7736.5,7736.5,7733.25,7734.25,1766
2026-09-18 03:45:00-04:00,7734.25,7735.75,7733.75,7735.25,1291
2026-09-18 03:50:00-04:00,7735.5,7736.75,7734.25,7736.75,728
2026-09-18 03:55:00-04:00,7736.5,7736.5,7733.75,7734.5,1333
2026-09-18 04:00:00-04:00,7734.25,7735.5,7732.5,7732.5,2001
2026-09-18 04:05:00-04:00,7732.5,7733.5,7730.5,7730.5,1159
2026-09-18 04:10:00-04:00,7730.75,7731.5,7728.75,7729.25,1659
2026-09-18 04:15:00-04:00,7729.25,7730.25,7728.5,7730.25,968
2026-09-18 04:20:00-04:00,7730.25,7732.0,7728.5,7729.0,1203
2026-09-18 04:25:00-04:00,7729.25,7729.75,7725.0,7725.25,1609
2026-09-18 04:30:00-04:00,7725.5,7727.75,7724.5,7727.5,1435
2026-09-18 04:35:00-04:00,7727.5,7728.25,7726.25,7727.5,961
2026-09-18 04:40:00-04:00,7727.25,7729.25,7726.75,7729.0,1208
2026-09-18 04:45:00-04:00,7728.75,7730.25,7728.25,7728.5,990
2026-09-18 04:50:00-04:00,7728.75,7729.5,7727.5,7727.5,1115
2026-09-18 04:55:00-04:00,7727.5,7729.0,7727.0,7727.5,617
2026-09-18 05:00:00-04:00,7727.5,7727.5,7725.5,7726.5,1220
2026-09-18 05:05:00-04:00,7726.5,7728.5,7726.25,7726.75,892
2026-09-18 05:10:00-04:00,7726.75,7728.25,7726.25,7726.75,559
2026-09-18 05:15:00-04:00,7726.75,7728.5,7726.5,7728.25,548
2026-09-18 05:20:00-04:00,7728.5,7728.5,7727.0,7727.0,563
2026-09-18 05:25:00-04:00,7727.0,7727.25,7723.5,7723.75,1338
2026-09-18 05:30:00-04:00,7723.75,7723.75,7721.5,7721.75,1287
2026-09-18 05:35:00-04:00,7721.75,7723.0,7718.75,7718.75,1294
2026-09-18 05:40:00-04:00,7718.75,7720.0,7717.25,7717.25,1508
2026-09-18 05:45:00-04:00,7717.5,7719.0,7716.75,7718.25,1205
2026-09-18 05:50:00-04:00,7718.0,7719.75,7717.5,7719.0,1233
2026-09-18 05:55:00-04:00,7719.0,7719.25,7716.75,7717.0,1314
2026-09-18 06:00:00-04:00,7716.75,7718.25,7716.0,7717.0,1366
2026-09-18 06:05:00-04:00,7716.75,7718.5,7716.5,7717.5,989
2026-09-18 06:10:00-04:00,7717.75,7718.5,7716.75,7718.5,933
2026-09-18 06:15:00-04:00,7718.25,7719.75,7718.0,7719.0,1077
2026-09-18 06:20:00-04:00,7719.0,7720.25,7718.75,7719.0,749
2026-09-18 06:25:00-04:00,7719.0,7719.25,7717.25,7719.25,4193
2026-09-18 06:30:00-04:00,7719.25,7723.0,7719.0,7722.75,2420
2026-09-18 06:35:00-04:00,7723.0,7725.25,7722.75,7724.5,1737
2026-09-18 06:40:00-04:00,7724.75,7725.25,7724.25,7724.75,1052
2026-09-18 06:45:00-04:00,7724.75,7725.0,7721.75,7722.5,996
2026-09-18 06:50:00-04:00,7722.75,7722.75,7720.25,7720.75,1043
2026-09-18 06:55:00-04:00,7720.75,7721.75,7719.75,7720.25,1281
2026-09-18 07:00:00-04:00,7720.25,7724.0,7717.25,7724.0,3155
2026-09-18 07:05:00-04:00,7724.0,7724.0,7713.75,7717.75,7506
2026-09-18 07:10:00-04:00,7718.0,7719.25,7714.75,7717.5,1647
2026-09-18 07:15:00-04:00,7717.25,7717.25,7711.75,7713.25,2109
2026-09-18 07:20:00-04:00,7713.25,7714.75,7711.5,7713.25,1856
2026-09-18 07:25:00-04:00,7713.25,7714.0,7712.25,7713.0,1458
2026-09-18 07:30:00-04:00,7712.75,7716.5,7712.75,7715.0,2281
2026-09-18 07:35:00-04:00,7715.0,7717.75,7714.5,7716.25,1404
2026-09-18 07:40:00-04:00,7716.25,7716.5,7712.25,7713.0,1616
2026-09-18 07:45:00-04:00,7713.0,7714.25,7712.0,7713.75,1172
2026-09-18 07:50:00-04:00,7713.5,7714.0,7712.25,7713.5,1070
2026-09-18 07:55:00-04:00,7713.75,7714.0,7710.25,7712.0,1840
2026-09-18 08:00:00-04:00,7712.25,7714.5,7708.25,7712.5,4065
2026-09-18 08:05:00-04:00,7712.5,7715.0,7705.5,7705.5,7037
2026-09-18 08:10:00-04:00,7705.75,7705.75,7702.0,7703.0,3459
2026-09-18 08:15:00-04:00,7703.25,7705.5,7701.0,7701.0,3670
2026-09-18 08:20:00-04:00,7701.0,7702.5,7697.75,7697.75,4777
2026-09-18 08:25:00-04:00,7698.0,7700.5,7697.75,7699.0,2185
2026-09-18 08:30:00-04:00,7699.0,7703.0,7698.0,7702.25,2846
2026-09-18 08:35:00-04:00,7702.0,7703.25,7699.5,7702.0,3043
2026-09-18 08:40:00-04:00,7702.0,7703.75,7700.75,7702.5,2585
2026-09-18 08:45:00-04:00,7702.25,7703.5,7701.0,7701.0,2475
2026-09-18 08:50:00-04:00,7701.0,7702.25,7700.5,7701.5,1839
2026-09-18 08:55:00-04:00,7701.75,7702.0,7699.25,7700.75,2391
2026-09-18 09:00:00-04:00,7700.75,7702.25,7699.25,7700.25,3974
2026-09-18 09:05:00-04:00,7700.25,7702.5,7700.0,7701.75,3994
2026-09-18 09:10:00-04:00,7701.75,7703.0,7701.0,7701.5,2764
2026-09-18 09:15:00-04:00,7701.5,7703.25,7701.0,7702.75,3773
2026-09-18 09:20:00-04:00,7702.5,7702.75,7698.0,7698.25,3517
2026-09-18 09:25:00-04:00,7698.0,7710.0,7692.25,7709.75,29453
2026-09-18 09:30:00-04:00,7710.0,7714.5,7706.25,7706.75,39532
2026-09-18 09:35:00-04:00,7706.75,7708.0,7701.75,7705.0,22178
2026-09-18 09:40:00-04:00,7705.25,7710.25,7703.5,7705.0,17812
2026-09-18 09:45:00-04:00,7705.0,7707.5,7700.5,7701.0,15520
2026-09-18 09:50:00-04:00,7700.75,7701.25,7694.75,7695.0,19599
2026-09-18 09:55:00-04:00,7695.0,7697.0,7691.25,7693.0,17596
2026-09-18 10:00:00-04:00,7693.0,7695.25,7685.0,7686.25,25446
2026-09-18 10:05:00-04:00,7686.25,7690.5,7684.0,7690.25,21800
2026-09-18 10:10:00-04:00,7690.0,7695.0,7687.5,7688.0,23202
2026-09-18 10:15:00-04:00,7687.75,7689.5,7683.25,7689.25,17404
2026-09-18 10:20:00-04:00,7689.25,7691.75,7686.5,7687.0,15445
2026-09-18 10:25:00-04:00,7687.25,7692.0,7686.25,7689.0,10419
2026-09-18 10:30:00-04:00,7688.75,7690.0,7686.25,7687.5,13290
2026-09-18 10:35:00-04:00,7687.5,7693.5,7685.25,7690.5,17919
2026-09-18 10:40:00-04:00,7690.5,7690.75,7684.0,7685.5,13242
2026-09-18 10:45:00-04:00,7685.75,7690.75,7684.0,7690.0,13331
2026-09-18 10:50:00-04:00,7690.0,7695.25,7688.75,7693.75,15621
2026-09-18 10:55:00-04:00,7694.0,7695.25,7691.75,7695.0,10313
2026-09-18 11:00:00-04:00,7695.0,7695.5,7689.5,7692.5,12219
2026-09-18 11:05:00-04:00,7692.25,7696.0,7691.5,7693.0,10479
2026-09-18 11:10:00-04:00,7692.75,7695.0,7690.5,7691.25,9180
2026-09-18 11:15:00-04:00,7691.25,7693.5,7690.0,7693.25,8161
2026-09-18 11:20:00-04:00,7693.25,7694.5,7692.0,7693.75,7625
2026-09-18 11:25:00-04:00,7693.75,7696.25,7693.5,7695.5,8675
2026-09-18 11:30:00-04:00,7695.5,7697.0,7690.5,7693.75,17012
2026-09-18 11:35:00-04:00,7693.5,7694.75,7687.75,7688.5,11173
2026-09-18 11:40:00-04:00,7688.25,7689.5,7686.5,7688.25,12580
2026-09-18 11:45:00-04:00,7688.5,7689.5,7686.25,7687.0,8211
2026-09-18 11:50:00-04:00,7687.0,7689.0,7684.25,7684.75,6700
2026-09-18 11:55:00-04:00,7685.0,7687.5,7683.75,7685.5,8316
2026-09-18 12:00:00-04:00,7685.25,7685.5,7682.0,7683.5,8461
2026-09-18 12:05:00-04:00,7683.5,7687.75,7683.25,7687.0,7919
2026-09-18 12:10:00-04:00,7687.0,7687.5,7685.0,7685.75,6934
2026-09-18 12:15:00-04:00,7685.75,7687.25,7684.25,7686.5,6384
2026-09-18 12:20:00-04:00,7686.5,7686.5,7677.25,7677.75,11704
2026-09-18 12:25:00-04:00,7677.75,7684.75,7675.0,7683.25,24915
2026-09-18 12:30:00-04:00,7683.25,7689.0,7681.25,7687.0,16026
2026-09-18 12:35:00-04:00,7687.0,7688.5,7684.0,7685.5,8056
2026-09-18 12:40:00-04:00,7685.5,7688.75,7684.0,7686.75,6372
2026-09-18 12:45:00-04:00,7686.75,7687.75,7683.5,7687.5,7257
2026-09-18 12:50:00-04:00,7687.5,7691.5,7687.5,7690.25,8619
2026-09-18 12:55:00-04:00,7690.5,7691.5,7689.0,7689.75,7587
2026-09-18 13:00:00-04:00,7690.0,7690.75,7687.5,7689.75,5957
2026-09-18 13:05:00-04:00,7689.5,7691.5,7688.5,7689.25,4919
2026-09-18 13:10:00-04:00,7689.25,7689.5,7686.25,7689.25,6134
2026-09-18 13:15:00-04:00,7689.25,7691.0,7688.5,7689.5,5830
2026-09-18 13:20:00-04:00,7689.75,7691.25,7688.5,7691.25,3387
2026-09-18 13:25:00-04:00,7691.25,7692.0,7689.75,7690.0,3660
2026-09-18 13:30:00-04:00,7690.25,7690.75,7688.25,7690.25,5145
2026-09-18 13:35:00-04:00,7690.25,7693.5,7690.25,7693.0,5235
2026-09-18 13:40:00-04:00,7693.0,7694.0,7691.5,7694.0,5110
2026-09-18 13:45:00-04:00,7694.0,7694.5,7692.25,7692.75,5879
2026-09-18 13:50:00-04:00,7692.5,7695.0,7692.5,7694.25,4188
2026-09-18 13:55:00-04:00,7694.0,7695.0,7693.5,7694.5,4385
2026-09-18 14:00:00-04:00,7694.75,7696.0,7693.0,7695.25,6283
2026-09-18 14:05:00-04:00,7695.5,7695.75,7693.75,7694.25,4334
2026-09-18 14:10:00-04:00,7694.5,7695.5,7693.0,7694.5,5468
2026-09-18 14:15:00-04:00,7694.5,7697.75,7694.5,7697.75,5310
2026-09-18 14:20:00-04:00,7697.75,7703.25,7697.5,7700.25,15821
2026-09-18 14:25:00-04:00,7700.0,7701.75,7698.75,7701.75,6713
2026-09-18 14:30:00-04:00,7701.75,7702.25,7699.5,7702.25,6061
2026-09-18 14:35:00-04:00,7702.0,7702.5,7699.0,7700.5,7083
2026-09-18 14:40:00-04:00,7700.5,7702.75,7699.75,7702.5,4519
2026-09-18 14:45:00-04:00,7702.25,7712.25,7702.25,7709.75,23939
2026-09-18 14:50:00-04:00,7709.75,7715.75,7709.0,7712.25,15786
2026-09-18 14:55:00-04:00,7712.25,7712.25,7708.75,7710.0,8722
2026-09-18 15:00:00-04:00,7709.75,7711.75,7708.0,7710.5,7864
2026-09-18 15:05:00-04:00,7710.5,7712.0,7708.0,7709.25,7076
2026-09-18 15:10:00-04:00,7709.5,7711.25,7707.75,7709.0,8030
2026-09-18 15:15:00-04:00,7709.0,7709.75,7707.5,7709.25,5970
2026-09-18 15:20:00-04:00,7709.25,7710.5,7707.5,7708.5,6595
2026-09-18 15:25:00-04:00,7708.25,7709.0,7705.75,7706.25,6650
2026-09-18 15:30:00-04:00,7706.25,7706.5,7704.25,7704.75,9327
2026-09-18 15:35:00-04:00,7704.75,7710.0,7704.25,7709.5,10751
2026-09-18 15:40:00-04:00,7709.5,7712.25,7708.25,7712.0,9111
2026-09-18 15:45:00-04:00,7712.25,7715.0,7711.0,7715.0,13273
2026-09-18 15:50:00-04:00,7714.75,7716.75,7710.25,7712.75,25350
2026-09-18 15:55:00-04:00,7712.75,7718.25,7710.25,7712.5,118507
2026-09-18 16:00:00-04:00,7712.5,7723.5,7711.5,7722.25,36030
2026-09-18 16:05:00-04:00,7722.25,7724.0,7721.75,7722.5,7487
2026-09-18 16:10:00-04:00,7722.75,7729.25,7722.5,7725.5,10723
2026-09-18 16:15:00-04:00,7725.5,7726.25,7723.75,7723.75,3644
2026-09-18 16:20:00-04:00,7724.0,7725.5,7724.0,7725.0,2470
2026-09-18 16:25:00-04:00,7724.75,7726.0,7724.75,7726.0,2190
2026-09-18 16:30:00-04:00,7726.25,7726.75,7724.75,7725.5,2406
2026-09-18 16:35:00-04:00,7725.5,7726.0,7724.5,7725.75,1946
2026-09-18 16:40:00-04:00,7725.75,7727.5,7725.5,7727.25,2531
2026-09-18 16:45:00-04:00,7727.0,7728.75,7726.0,7726.75,2728
2026-09-18 16:50:00-04:00,7726.75,7728.0,7724.75,7725.0,1867
2026-09-18 16:55:00-04:00,7725.0,7725.75,7712.5,7712.5,1775
2026-09-20 18:10:00-04:00,7721.75,7726.5,7721.25,7725.75,1430
2026-09-20 18:15:00-04:00,7725.5,7727.75,7724.25,7726.0,1148
2026-09-20 18:20:00-04:00,7725.75,7727.0,7725.25,7725.5,523
2026-09-20 18:25:00-04:00,7725.5,7728.0,7725.5,7727.75,711
2026-09-20 18:30:00-04:00,7727.75,7730.75,7727.25,7730.75,1094
2026-09-20 18:35:00-04:00,7730.75,7733.75,7730.75,7731.25,1054
2026-09-20 18:40:00-04:00,7731.0,7733.0,7729.75,7730.25,723
2026-09-20 18:45:00-04:00,7730.25,7732.25,7729.25,7730.25,523
2026-09-20 18:50:00-04:00,7730.25,7731.5,7730.0,7730.75,397
2026-09-20 18:55:00-04:00,7731.0,7734.5,7731.0,7733.75,640
2026-09-20 19:00:00-04:00,7733.75,7734.0,7731.75,7732.0,400
2026-09-20 19:05:00-04:00,7732.0,7732.5,7731.5,7732.25,252
2026-09-20 19:10:00-04:00,7732.0,7732.75,7731.5,7732.0,136
2026-09-20 19:15:00-04:00,7732.25,7732.5,7731.25,7732.0,244
2026-09-20 19:20:00-04:00,7732.25,7732.5,7731.25,7732.5,240
2026-09-20 19:25:00-04:00,7732.5,7733.5,7732.0,7733.0,428
2026-09-20 19:30:00-04:00,7733.25,7734.0,7732.75,7733.25,326
2026-09-20 19:35:00-04:00,7733.25,7735.25,7733.25,7734.25,542
2026-09-20 19:40:00-04:00,7734.0,7734.75,7733.75,7734.25,175
2026-09-20 19:45:00-04:00,7734.0,7734.5,7733.0,7733.5,571
2026-09-20 19:50:00-04:00,7733.5,7733.75,7732.5,7733.0,256
2026-09-20 19:55:00-04:00,7733.5,7735.0,7733.25,7734.5,280
2026-09-20 20:00:00-04:00,7734.5,7736.25,7733.25,7735.75,1345
2026-09-20 20:05:00-04:00,7736.0,7737.75,7735.0,7735.75,1075
2026-09-20 20:10:00-04:00,7735.75,7736.0,7733.5,7734.5,581
2026-09-20 20:15:00-04:00,7734.25,7734.75,7730.75,7731.5,1594
2026-09-20 20:20:00-04:00,7731.25,7736.75,7731.0,7736.25,1347
2026-09-20 20:25:00-04:00,7736.0,7737.75,7735.5,7736.5,987
2026-09-20 20:30:00-04:00,7736.5,7740.25,7736.5,7739.75,1149
2026-09-20 20:35:00-04:00,7739.75,7740.75,7738.75,7740.75,1060
2026-09-20 20:40:00-04:00,7740.5,7741.25,7738.0,7738.5,963
2026-09-20 20:45:00-04:00,7738.5,7739.0,7737.75,7738.25,803
2026-09-20 20:50:00-04:00,7738.25,7740.0,7738.0,7738.75,528
2026-09-20 20:55:00-04:00,7738.75,7740.25,7737.75,7739.5,769
2026-09-20 21:00:00-04:00,7739.5,7742.5,7739.5,7741.5,1390
2026-09-20 21:05:00-04:00,7741.25,7743.75,7741.0,7743.25,1331
2026-09-20 21:10:00-04:00,7743.25,7743.5,7741.0,7742.5,2489
2026-09-20 21:15:00-04:00,7742.25,7743.25,7741.5,7742.25,811
2026-09-20 21:20:00-04:00,7742.0,7742.5,7741.0,7742.0,586
2026-09-20 21:25:00-04:00,7742.0,7743.5,7740.75,7741.0,632
2026-09-20 21:30:00-04:00,7741.0,7742.75,7740.75,7742.5,615
2026-09-20 21:35:00-04:00,7742.5,7742.5,7741.0,7742.0,515
2026-09-20 21:40:00-04:00,7742.25,7743.25,7741.75,7742.25,484
2026-09-20 21:45:00-04:00,7742.25,7742.25,7739.5,7740.25,950
2026-09-20 21:50:00-04:00,7740.25,7741.5,7739.0,7740.5,934
2026-09-20 21:55:00-04:00,7740.5,7740.75,7738.25,7738.75,712
2026-09-20 22:00:00-04:00,7738.5,7741.5,7737.75,7740.75,861
2026-09-20 22:05:00-04:00,7740.75,7741.0,7738.75,7740.25,734
2026-09-20 22:10:00-04:00,7740.25,7740.5,7739.25,7739.75,505
2026-09-20 22:15:00-04:00,7739.75,7740.0,7738.25,7739.0,689
2026-09-20 22:20:00-04:00,7738.75,7740.25,7738.25,7739.75,624
2026-09-20 22:25:00-04:00,7739.75,7740.75,7739.25,7739.75,539
2026-09-20 22:30:00-04:00,7739.5,7739.5,7737.5,7738.75,613
2026-09-20 22:35:00-04:00,7738.5,7740.0,7738.5,7739.5,510
2026-09-20 22:40:00-04:00,7739.25,7740.75,7739.25,7740.0,477
2026-09-20 22:45:00-04:00,7740.0,7742.5,7740.0,7742.5,752
2026-09-20 22:50:00-04:00,7742.5,7742.75,7740.75,7741.25,532
2026-09-20 22:55:00-04:00,7741.25,7741.5,7739.75,7740.25,604
2026-09-20 23:00:00-04:00,7740.25,7743.5,7740.25,7743.25,525
2026-09-20 23:05:00-04:00,7743.25,7743.5,7742.5,7742.75,396
2026-09-20 23:10:00-04:00,7743.0,7743.75,7742.5,7743.5,331
2026-09-20 23:15:00-04:00,7743.5,7745.5,7743.25,7745.0,578
2026-09-20 23:20:00-04:00,7745.0,7745.25,7744.5,7745.0,341
2026-09-20 23:25:00-04:00,7744.75,7746.0,7744.0,7744.25,491
2026-09-20 23:30:00-04:00,7744.25,7744.5,7743.0,7744.25,452
2026-09-20 23:35:00-04:00,7744.5,7744.75,7743.5,7744.25,370
2026-09-20 23:40:00-04:00,7744.0,7744.75,7743.75,7744.5,174
2026-09-20 23:45:00-04:00,7744.5,7746.25,7744.5,7744.75,441
2026-09-20 23:50:00-04:00,7744.75,7745.5,7744.5,7745.25,285
2026-09-20 23:55:00-04:00,7745.0,7745.0,7744.25,7744.5,198
2026-09-21 00:00:00-04:00,7744.0,7746.0,7744.0,7744.0,463
2026-09-21 00:05:00-04:00,7744.0,7744.5,7742.5,7743.75,595
2026-09-21 00:10:00-04:00,7744.0,7744.25,7742.5,7744.25,340
2026-09-21 00:15:00-04:00,7744.0,7746.25,7744.0,7746.0,366
2026-09-21 00:20:00-04:00,7746.0,7746.5,7744.75,7745.25,353
2026-09-21 00:25:00-04:00,7745.25,7746.25,7745.25,7745.75,231
2026-09-21 00:30:00-04:00,7745.5,7745.5,7743.75,7744.75,262
2026-09-21 00:35:00-04:00,7744.75,7745.0,7744.25,7745.0,250
2026-09-21 00:40:00-04:00,7744.75,7746.0,7744.75,7744.75,240
2026-09-21 00:45:00-04:00,7745.0,7746.0,7745.0,7745.25,189
2026-09-21 00:50:00-04:00,7745.5,7745.5,7744.75,7745.0,200
2026-09-21 00:55:00-04:00,7745.0,7745.5,7744.5,7744.75,260
2026-09-21 01:00:00-04:00,7745.0,7745.25,7744.5,7744.5,324
2026-09-21 01:05:00-04:00,7744.25,7744.75,7743.5,7744.0,303
2026-09-21 01:10:00-04:00,7744.0,7744.25,7743.75,7743.75,272
2026-09-21 01:15:00-04:00,7743.75,7744.5,7743.25,7743.75,446
2026-09-21 01:20:00-04:00,7744.0,7744.75,7743.5,7744.75,343
2026-09-21 01:25:00-04:00,7744.75,7744.75,7743.5,7744.5,276
2026-09-21 01:30:00-04:00,7744.25,7746.0,7744.0,7745.5,709
2026-09-21 01:35:00-04:00,7745.5,7747.75,7745.0,7746.5,834
2026-09-21 01:40:00-04:00,7746.75,7748.5,7745.75,7746.0,717
2026-09-21 01:45:00-04:00,7745.75,7746.0,7744.0,7744.0,549
2026-09-21 01:50:00-04:00,7744.25,7745.75,7743.75,7745.25,365
2026-09-21 01:55:00-04:00,7745.0,7746.0,7745.0,7745.5,301
2026-09-21 02:00:00-04:00,7745.5,7748.0,7745.5,7748.0,836
2026-09-21 02:05:00-04:00,7747.75,7748.0,7746.5,7748.0,590
2026-09-21 02:10:00-04:00,7747.75,7749.25,7746.25,7747.0,1666
2026-09-21 02:15:00-04:00,7746.75,7748.25,7746.75,7747.0,1179
2026-09-21 02:20:00-04:00,7747.25,7747.25,7745.5,7746.25,1000
2026-09-21 02:25:00-04:00,7746.25,7747.5,7745.5,7747.5,1080
2026-09-21 02:30:00-04:00,7747.25,7749.75,7747.25,7749.75,677
2026-09-21 02:35:00-04:00,7749.75,7749.75,7748.5,7749.0,717
2026-09-21 02:40:00-04:00,7749.0,7749.75,7748.75,7749.0,564
2026-09-21 02:45:00-04:00,7749.25,7750.75,7749.25,7750.5,783
2026-09-21 02:50:00-04:00,7750.5,7751.0,7748.5,7749.5,860
2026-09-21 02:55:00-04:00,7749.25,7752.25,7749.25,7752.0,786
2026-09-21 03:00:00-04:00,7752.0,7757.25,7751.5,7757.0,6054
2026-09-21 03:05:00-04:00,7757.0,7757.0,7754.5,7756.0,2134
2026-09-21 03:10:00-04:00,7756.25,7756.25,7752.0,7755.25,2114
2026-09-21 03:15:00-04:00,7755.25,7757.0,7754.5,7756.0,1163
2026-09-21 03:20:00-04:00,7756.0,7756.0,7753.0,7754.25,1260
2026-09-21 03:25:00-04:00,7754.25,7755.75,7752.75,7755.75,1199
2026-09-21 03:30:00-04:00,7755.75,7756.75,7754.75,7755.75,1721
2026-09-21 03:35:00-04:00,7756.0,7757.0,7755.0,7756.0,1365
2026-09-21 03:40:00-04:00,7756.0,7756.25,7753.0,7754.25,1538
2026-09-21 03:45:00-04:00,7754.25,7755.25,7752.5,7754.5,1091
2026-09-21 03:50:00-04:00,7754.5,7757.75,7754.25,7757.75,1412
2026-09-21 03:55:00-04:00,7757.75,7759.0,7757.25,7757.25,1446
2026-09-21 04:00:00-04:00,7757.25,7761.5,7757.0,7760.25,4640
2026-09-21 04:05:00-04:00,7760.25,7760.75,7758.25,7760.5,2237
2026-09-21 04:10:00-04:00,7760.5,7761.25,7759.5,7760.25,1692
2026-09-21 04:15:00-04:00,7760.5,7760.75,7759.5,7759.5,865
2026-09-21 04:20:00-04:00,7759.5,7761.25,7759.0,7760.25,1307
2026-09-21 04:25:00-04:00,7760.25,7760.75,7759.25,7760.0,1000
2026-09-21 04:30:00-04:00,7759.75,7763.25,7759.5,7762.5,1882
2026-09-21 04:35:00-04:00,7762.5,7763.5,7761.5,7762.0,1344
2026-09-21 04:40:00-04:00,7762.0,7764.0,7761.5,7763.5,1695
2026-09-21 04:45:00-04:00,7763.25,7764.25,7762.0,7763.25,2782
2026-09-21 04:50:00-04:00,7763.0,7763.0,7760.75,7760.75,1657
2026-09-21 04:55:00-04:00,7760.75,7761.75,7760.5,7761.0,1164
2026-09-21 05:00:00-04:00,7761.25,7761.25,7759.25,7759.75,1271
2026-09-21 05:05:00-04:00,7759.5,7762.25,7759.25,7760.75,928
2026-09-21 05:10:00-04:00,7761.0,7761.25,7760.0,7760.75,880
2026-09-21 05:15:00-04:00,7761.0,7761.75,7760.0,7760.25,794
2026-09-21 05:20:00-04:00,7760.5,7762.5,7760.0,7761.25,889
2026-09-21 05:25:00-04:00,7761.0,7763.25,7760.75,7761.0,1115
2026-09-21 05:30:00-04:00,7760.75,7761.5,7760.5,7761.5,843
2026-09-21 05:35:00-04:00,7761.5,7762.25,7761.0,7762.0,930
2026-09-21 05:40:00-04:00,7762.0,7762.75,7761.5,7762.25,545
2026-09-21 05:45:00-04:00,7762.25,7762.75,7761.75,7762.25,726
2026-09-21 05:50:00-04:00,7762.25,7764.5,7762.25,7764.25,1353
2026-09-21 05:55:00-04:00,7764.0,7764.25,7762.25,7762.5,668
2026-09-21 06:00:00-04:00,7762.25,7764.5,7762.25,7764.5,818
2026-09-21 06:05:00-04:00,7764.25,7765.5,7764.0,7764.75,1103
2026-09-21 06:10:00-04:00,7765.0,7765.5,7764.5,7765.5,594
2026-09-21 06:15:00-04:00,7765.75,7766.75,7765.25,7765.5,1220
2026-09-21 06:20:00-04:00,7765.5,7766.0,7764.75,7765.25,653
2026-09-21 06:25:00-04:00,7765.25,7767.0,7765.0,7766.25,662
2026-09-21 06:30:00-04:00,7766.25,7769.0,7765.25,7768.25,2278
2026-09-21 06:35:00-04:00,7768.25,7768.5,7765.75,7767.5,1716
2026-09-21 06:40:00-04:00,7767.25,7767.5,7766.5,7767.25,596
2026-09-21 06:45:00-04:00,7767.25,7768.75,7766.25,7766.75,751
2026-09-21 06:50:00-04:00,7766.75,7768.0,7766.25,7768.0,993
2026-09-21 06:55:00-04:00,7767.75,7768.0,7765.75,7766.0,1452
2026-09-21 07:00:00-04:00,7765.75,7767.0,7765.0,7765.0,1518
2026-09-21 07:05:00-04:00,7765.25,7765.25,7763.25,7764.0,1027
2026-09-21 07:10:00-04:00,7763.75,7764.75,7763.25,7764.5,645
2026-09-21 07:15:00-04:00,7764.25,7766.0,7763.5,7765.75,689
2026-09-21 07:20:00-04:00,7765.75,7765.75,7763.0,7763.5,1272
2026-09-21 07:25:00-04:00,7763.5,7764.5,7763.25,7764.25,870
2026-09-21 07:30:00-04:00,7764.0,7766.75,7763.75,7766.25,1327
2026-09-21 07:35:00-04:00,7766.25,7767.75,7764.5,7766.5,1854
2026-09-21 07:40:00-04:00,7766.5,7768.25,7766.25,7768.25,1110
2026-09-21 07:45:00-04:00,7768.0,7768.5,7767.0,7768.0,1059
2026-09-21 07:50:00-04:00,7768.25,7769.75,7767.25,7769.25,1639
2026-09-21 07:55:00-04:00,7769.0,7771.25,7767.5,7767.5,2207
2026-09-21 08:00:00-04:00,7767.75,7769.5,7764.0,7769.5,4301
2026-09-21 08:05:00-04:00,7769.5,7770.5,7768.25,7768.75,2369
2026-09-21 08:10:00-04:00,7768.75,7769.0,7765.25,7765.25,1795
2026-09-21 08:15:00-04:00,7765.25,7766.5,7765.0,7765.5,1511
2026-09-21 08:20:00-04:00,7765.75,7767.0,7763.25,7764.0,1716
2026-09-21 08:25:00-04:00,7764.0,7765.0,7763.25,7763.5,851
2026-09-21 08:30:00-04:00,7763.5,7765.0,7763.25,7763.75,1442
2026-09-21 08:35:00-04:00,7764.0,7764.5,7763.0,7764.0,1716
2026-09-21 08:40:00-04:00,7764.0,7768.0,7763.75,7767.75,3835
2026-09-21 08:45:00-04:00,7767.75,7767.75,7763.0,7763.75,2018
2026-09-21 08:50:00-04:00,7763.75,7764.0,7762.5,7763.0,1265
2026-09-21 08:55:00-04:00,7762.75,7762.75,7761.25,7761.5,1785
2026-09-21 09:00:00-04:00,7761.5,7763.5,7760.75,7763.25,2515
2026-09-21 09:05:00-04:00,7763.25,7764.25,7762.0,7764.0,2025
2026-09-21 09:10:00-04:00,7764.25,7764.5,7761.75,7762.5,1979
2026-09-21 09:15:00-04:00,7762.5,7763.75,7761.5,7763.25,2036
2026-09-21 09:20:00-04:00,7763.5,7763.5,7759.75,7759.75,2465
2026-09-21 09:25:00-04:00,7760.0,7763.25,7758.75,7760.25,8808
2026-09-21 09:30:00-04:00,7760.5,7764.5,7758.25,7761.75,28084
2026-09-21 09:35:00-04:00,7762.0,7765.0,7761.25,7764.5,15873
2026-09-21 09:40:00-04:00,7764.25,7766.25,7762.25,7766.0,14029
2026-09-21 09:45:00-04:00,7766.25,7769.25,7765.75,7767.75,16244
2026-09-21 09:50:00-04:00,7767.75,7773.25,7767.25,7773.0,14819
2026-09-21 09:55:00-04:00,7772.75,7775.0,7770.5,7774.75,13542
2026-09-21 10:00:00-04:00,7774.75,7776.0,7772.0,7772.25,14592
2026-09-21 10:05:00-04:00,7772.5,7772.75,7767.75,7771.5,15023
2026-09-21 10:10:00-04:00,7771.25,7777.0,7771.25,7775.5,17430
2026-09-21 10:15:00-04:00,7775.5,7782.75,7775.25,7782.0,16053
2026-09-21 10:20:00-04:00,7781.75,7789.5,7780.25,7788.5,22432
2026-09-21 10:25:00-04:00,7788.5,7791.0,7787.25,7788.0,16713
2026-09-21 10:30:00-04:00,7788.25,7791.5,7786.5,7789.25,16241
2026-09-21 10:35:00-04:00,7789.25,7793.5,7789.0,7790.75,13852
2026-09-21 10:40:00-04:00,7790.75,7793.25,7786.25,7787.75,17311
2026-09-21 10:45:00-04:00,7787.75,7790.75,7785.0,7787.75,14100
2026-09-21 10:50:00-04:00,7787.5,7790.0,7786.25,7789.75,9902
2026-09-21 10:55:00-04:00,7789.5,7792.25,7787.5,7790.0,10079
2026-09-21 11:00:00-04:00,7790.0,7793.5,7789.0,7793.25,12567
2026-09-21 11:05:00-04:00,7793.5,7794.5,7791.5,7793.25,10764
2026-09-21 11:10:00-04:00,7793.5,7796.25,7791.5,7796.0,11736
2026-09-21 11:15:00-04:00,7796.25,7800.0,7796.25,7799.5,13646
2026-09-21 11:20:00-04:00,7799.5,7799.75,7796.75,7797.25,8986
2026-09-21 11:25:00-04:00,7797.25,7798.75,7795.75,7796.25,8847
2026-09-21 11:30:00-04:00,7796.25,7798.25,7795.75,7796.5,9664
2026-09-21 11:35:00-04:00,7796.5,7803.5,7796.25,7802.75,15737
2026-09-21 11:40:00-04:00,7802.75,7805.0,7801.25,7805.0,11362
2026-09-21 11:45:00-04:00,7804.75,7809.75,7804.75,7807.5,13607
2026-09-21 11:50:00-04:00,7807.25,7811.5,7804.5,7804.5,18267
2026-09-21 11:55:00-04:00,7804.75,7805.75,7803.0,7805.25,10253
2026-09-21 12:00:00-04:00,7805.25,7808.75,7802.75,7808.0,9973
2026-09-21 12:05:00-04:00,7808.25,7815.25,7806.25,7814.5,21780
2026-09-21 12:10:00-04:00,7814.5,7816.5,7812.0,7813.25,13092
2026-09-21 12:15:00-04:00,7813.5,7815.75,7812.0,7813.75,11607
2026-09-21 12:20:00-04:00,7813.75,7815.0,7812.0,7814.25,8221
2026-09-21 12:25:00-04:00,7814.25,7818.25,7813.75,7816.0,9987
2026-09-21 12:30:00-04:00,7816.0,7824.75,7815.75,7822.25,17223
2026-09-21 12:35:00-04:00,7822.0,7823.5,7816.25,7816.75,10264
2026-09-21 12:40:00-04:00,7816.5,7819.5,7815.75,7818.0,10491
2026-09-21 12:45:00-04:00,7818.0,7821.25,7817.75,7820.0,7153
2026-09-21 12:50:00-04:00,7820.25,7821.0,7817.25,7819.25,7475
2026-09-21 12:55:00-04:00,7819.25,7821.25,7818.0,7821.0,7370
2026-09-21 13:00:00-04:00,7821.25,7822.75,7819.5,7820.5,9061
2026-09-21 13:05:00-04:00,7820.5,7823.0,7820.5,7821.5,6826
2026-09-21 13:10:00-04:00,7821.75,7827.0,7821.25,7826.0,9363
2026-09-21 13:15:00-04:00,7826.25,7827.75,7824.0,7826.5,9787
2026-09-21 13:20:00-04:00,7826.5,7828.0,7823.0,7824.0,9665
2026-09-21 13:25:00-04:00,7823.75,7826.0,7822.0,7826.0,8427
2026-09-21 13:30:00-04:00,7826.25,7826.5,7820.75,7821.5,11534
2026-09-21 13:35:00-04:00,7821.5,7823.5,7820.5,7820.75,8254
2026-09-21 13:40:00-04:00,7820.75,7827.25,7820.0,7826.75,9407
2026-09-21 13:45:00-04:00,7826.75,7830.0,7825.25,7826.0,13692
2026-09-21 13:50:00-04:00,7825.75,7828.5,7825.5,7827.25,6167
2026-09-21 13:55:00-04:00,7827.25,7827.75,7825.25,7826.75,5859
2026-09-21 14:00:00-04:00,7827.0,7830.25,7827.0,7830.25,8849
2026-09-21 14:05:00-04:00,7830.0,7831.75,7829.25,7830.0,9140
2026-09-21 14:10:00-04:00,7830.0,7832.5,7828.75,7830.75,8421
2026-09-21 14:15:00-04:00,7830.75,7832.5,7829.75,7831.5,7789
2026-09-21 14:20:00-04:00,7831.5,7837.0,7831.0,7836.5,10643
2026-09-21 14:25:00-04:00,7836.25,7838.25,7835.5,7837.0,9592
2026-09-21 14:30:00-04:00,7837.0,7838.25,7833.75,7835.5,10745
2026-09-21 14:35:00-04:00,7835.75,7837.75,7834.0,7837.5,5910
2026-09-21 14:40:00-04:00,7837.5,7839.75,7836.75,7839.75,8926
2026-09-21 14:45:00-04:00,7839.5,7842.25,7839.0,7842.0,11557
2026-09-21 14:50:00-04:00,7841.75,7844.75,7841.5,7843.0,14676
2026-09-21 14:55:00-04:00,7843.25,7844.0,7840.0,7841.25,10846
2026-09-21 15:00:00-04:00,7841.5,7843.5,7840.0,7840.0,11305
2026-09-21 15:05:00-04:00,7840.0,7840.5,7838.25,7840.25,9311
2026-09-21 15:10:00-04:00,7840.5,7843.0,7837.75,7842.75,10040
2026-09-21 15:15:00-04:00,7842.75,7843.0,7840.75,7842.0,7725
2026-09-21 15:20:00-04:00,7841.75,7842.0,7838.75,7839.25,9542
2026-09-21 15:25:00-04:00,7839.25,7841.25,7838.25,7839.25,8389
2026-09-21 15:30:00-04:00,7839.25,7843.75,7838.75,7843.0,11085
2026-09-21 15:35:00-04:00,7843.0,7847.25,7842.25,7846.0,12955
2026-09-21 15:40:00-04:00,7845.75,7846.5,7840.75,7842.5,16967
2026-09-21 15:45:00-04:00,7842.25,7843.5,7839.0,7839.75,16087
2026-09-21 15:50:00-04:00,7839.75,7839.75,7834.75,7835.0,32161
2026-09-21 15:55:00-04:00,7835.0,7837.25,7832.0,7833.25,107016
2026-09-21 16:00:00-04:00,7833.25,7835.0,7828.5,7829.5,20047
2026-09-21 16:05:00-04:00,7829.5,7832.75,7829.0,7831.75,6366
2026-09-21 16:10:00-04:00,7831.75,7832.0,7829.75,7831.0,3419
2026-09-21 16:15:00-04:00,7831.0,7831.25,7827.25,7828.5,3675
2026-09-21 16:20:00-04:00,7828.25,7829.0,7828.0,7828.0,1340
2026-09-21 16:25:00-04:00,7828.0,7830.75,7828.0,7830.25,2046
2026-09-21 16:30:00-04:00,7830.25,7830.5,7828.75,7829.25,1189
2026-09-21 16:35:00-04:00,7829.25,7829.5,7827.5,7828.0,1099
2026-09-21 16:40:00-04:00,7828.0,7828.25,7826.75,7827.5,1122
2026-09-21 16:45:00-04:00,7827.25,7828.0,7826.5,7827.25,1625
2026-09-21 16:50:00-04:00,7827.25,7828.25,7827.0,7828.25,1063
2026-09-21 16:55:00-04:00,7828.0,7830.25,7827.75,7829.25,3087
2026-09-21 18:00:00-04:00,7830.0,7832.25,7829.0,7832.0,0
2026-09-21 18:05:00-04:00,7832.0,7833.0,7831.25,7833.0,821
2026-09-21 18:10:00-04:00,7832.75,7833.5,7830.5,7832.25,735
2026-09-21 18:15:00-04:00,7832.5,7833.75,7831.5,7833.0,362
2026-09-21 18:20:00-04:00,7833.0,7833.25,7831.75,7832.75,238
2026-09-21 18:25:00-04:00,7833.0,7835.0,7832.75,7834.75,465
2026-09-21 18:30:00-04:00,7834.5,7835.75,7833.5,7834.75,475
2026-09-21 18:35:00-04:00,7834.5,7835.0,7834.0,7834.25,217
2026-09-21 18:40:00-04:00,7834.25,7834.5,7832.75,7834.5,507
2026-09-21 18:45:00-04:00,7834.5,7835.0,7833.0,7834.75,211
2026-09-21 18:50:00-04:00,7835.0,7835.25,7833.75,7835.25,290
2026-09-21 18:55:00-04:00,7835.5,7835.75,7834.5,7834.5,235
2026-09-21 19:00:00-04:00,7834.75,7835.5,7833.5,7834.75,493
2026-09-21 19:05:00-04:00,7835.0,7836.0,7834.75,7836.0,154
2026-09-21 19:10:00-04:00,7836.0,7837.75,7835.5,7836.75,479
2026-09-21 19:15:00-04:00,7836.75,7837.25,7835.0,7836.0,508
2026-09-21 19:20:00-04:00,7836.25,7836.25,7835.25,7835.5,226
2026-09-21 19:25:00-04:00,7835.75,7835.75,7834.0,7835.0,411
2026-09-21 19:30:00-04:00,7835.0,7835.75,7834.0,7835.5,422
2026-09-21 19:35:00-04:00,7835.75,7836.25,7834.75,7835.25,214
2026-09-21 19:40:00-04:00,7835.25,7836.75,7835.25,7836.0,288
2026-09-21 19:45:00-04:00,7836.0,7836.25,7835.0,7835.5,284
2026-09-21 19:50:00-04:00,7835.75,7835.75,7834.75,7835.5,303
2026-09-21 19:55:00-04:00,7835.75,7836.25,7835.0,7835.25,332
2026-09-21 20:00:00-04:00,7835.25,7837.5,7834.5,7837.0,1192
2026-09-21 20:05:00-04:00,7837.25,7839.75,7836.75,7839.75,1034
2026-09-21 20:10:00-04:00,7839.75,7840.0,7837.75,7837.75,843
2026-09-21 20:15:00-04:00,7838.0,7838.0,7835.25,7835.5,1563
2026-09-21 20:20:00-04:00,7835.75,7836.75,7835.0,7836.25,815
2026-09-21 20:25:00-04:00,7836.25,7837.5,7835.5,7837.25,444
2026-09-21 20:30:00-04:00,7837.25,7838.5,7834.0,7834.0,1267
2026-09-21 20:35:00-04:00,7834.25,7834.75,7832.25,7833.5,1315
2026-09-21 20:40:00-04:00,7833.25,7835.25,7832.5,7834.75,807
2026-09-21 20:45:00-04:00,7835.0,7836.25,7834.5,7835.0,777
2026-09-21 20:50:00-04:00,7835.5,7836.0,7834.75,7836.0,348
2026-09-21 20:55:00-04:00,7836.0,7836.0,7834.75,7835.25,383
2026-09-21 21:00:00-04:00,7835.5,7835.5,7833.75,7834.5,699
2026-09-21 21:05:00-04:00,7834.5,7835.25,7833.5,7834.25,613
2026-09-21 21:10:00-04:00,7834.5,7834.5,7832.5,7833.75,997
2026-09-21 21:15:00-04:00,7834.0,7834.0,7832.0,7832.5,701
2026-09-21 21:20:00-04:00,7832.5,7833.5,7831.75,7833.25,763
2026-09-21 21:25:00-04:00,7833.25,7834.25,7832.5,7833.5,735
2026-09-21 21:30:00-04:00,7833.75,7835.0,7832.25,7835.0,916
2026-09-21 21:35:00-04:00,7835.25,7836.25,7834.5,7835.25,1309
2026-09-21 21:40:00-04:00,7835.25,7836.0,7834.75,7835.0,577
2026-09-21 21:45:00-04:00,7835.0,7836.0,7834.25,7834.5,619
2026-09-21 21:50:00-04:00,7834.25,7835.5,7834.0,7835.25,538
2026-09-21 21:55:00-04:00,7835.5,7835.5,7833.5,7833.5,535
2026-09-21 22:00:00-04:00,7833.5,7836.5,7833.25,7836.25,674
2026-09-21 22:05:00-04:00,7836.5,7836.5,7835.0,7835.0,466
2026-09-21 22:10:00-04:00,7835.25,7835.25,7833.75,7834.25,364
2026-09-21 22:15:00-04:00,7834.25,7834.75,7833.5,7834.25,544
2026-09-21 22:20:00-04:00,7834.25,7836.0,7834.25,7835.0,552
2026-09-21 22:25:00-04:00,7835.0,7835.75,7834.75,7835.25,319
2026-09-21 22:30:00-04:00,7835.5,7835.5,7833.5,7834.25,557
2026-09-21 22:35:00-04:00,7834.0,7835.5,7834.0,7835.25,516
2026-09-21 22:40:00-04:00,7835.25,7836.0,7834.5,7835.25,369
2026-09-21 22:45:00-04:00,7835.25,7835.5,7834.75,7835.0,234
2026-09-21 22:50:00-04:00,7834.75,7835.25,7834.25,7835.25,371
2026-09-21 22:55:00-04:00,7834.75,7835.25,7834.0,7834.75,368
2026-09-21 23:00:00-04:00,7834.75,7834.75,7833.25,7834.0,682
2026-09-21 23:05:00-04:00,7834.0,7834.0,7832.5,7833.0,632
2026-09-21 23:10:00-04:00,7833.0,7834.0,7832.75,7834.0,462
2026-09-21 23:15:00-04:00,7834.0,7835.0,7833.75,7834.25,440
2026-09-21 23:20:00-04:00,7834.5,7834.75,7834.0,7834.0,360
2026-09-21 23:25:00-04:00,7834.0,7834.5,7834.0,7834.0,201
2026-09-21 23:30:00-04:00,7834.25,7834.25,7833.25,7834.25,290
2026-09-21 23:35:00-04:00,7834.5,7835.5,7834.5,7834.5,418
2026-09-21 23:40:00-04:00,7834.5,7834.75,7833.5,7833.5,451
2026-09-21 23:45:00-04:00,7833.75,7833.75,7832.75,7833.75,272
2026-09-21 23:50:00-04:00,7833.75,7833.75,7832.75,7833.0,256
2026-09-21 23:55:00-04:00,7832.75,7833.5,7831.0,7833.25,716
2026-09-22 00:05:00-04:00,7833.25,7833.25,7832.75,7833.0,1591
2026-09-22 00:10:00-04:00,7832.75,7835.0,7832.5,7834.25,1066
2026-09-22 00:15:00-04:00,7834.0,7834.5,7833.0,7833.25,927
2026-09-22 00:20:00-04:00,7833.25,7834.25,7833.0,7834.25,403
2026-09-22 00:25:00-04:00,7834.25,7835.5,7833.75,7834.5,467
2026-09-22 00:30:00-04:00,7834.75,7836.0,7834.75,7835.0,503
2026-09-22 00:35:00-04:00,7835.0,7836.0,7834.75,7835.25,355
2026-09-22 00:40:00-04:00,7835.25,7836.5,7834.75,7835.0,389
2026-09-22 00:45:00-04:00,7835.0,7835.5,7834.25,7834.25,386
2026-09-22 00:50:00-04:00,7834.5,7834.5,7833.5,7834.0,567
2026-09-22 00:55:00-04:00,7834.25,7834.75,7834.0,7834.25,281
2026-09-22 01:00:00-04:00,7834.25,7834.25,7832.75,7833.5,817
2026-09-22 01:05:00-04:00,7833.5,7834.25,7832.75,7833.0,421
2026-09-22 01:10:00-04:00,7833.0,7834.25,7832.75,7834.0,355
2026-09-22 01:15:00-04:00,7834.25,7834.25,7832.5,7833.0,720
2026-09-22 01:20:00-04:00,7833.0,7835.0,7832.75,7833.25,1098
2026-09-22 01:25:00-04:00,7833.0,7834.0,7832.75,7833.5,622
2026-09-22 01:30:00-04:00,7833.75,7834.5,7832.25,7834.25,781
2026-09-22 01:35:00-04:00,7834.5,7836.25,7834.5,7836.25,545
2026-09-22 01:40:00-04:00,7836.25,7837.25,7836.0,7837.0,584
2026-09-22 01:45:00-04:00,7837.0,7839.5,7837.0,7839.0,904
2026-09-22 01:50:00-04:00,7839.25,7839.25,7837.75,7838.25,583
2026-09-22 01:55:00-04:00,7838.0,7839.0,7837.75,7838.25,390
2026-09-22 02:00:00-04:00,7838.25,7838.25,7834.25,7835.0,1821
2026-09-22 02:05:00-04:00,7834.75,7837.0,7834.25,7837.0,893
2026-09-22 02:10:00-04:00,7836.75,7837.75,7835.75,7837.0,979
2026-09-22 02:15:00-04:00,7836.75,7837.75,7835.25,7835.25,752
2026-09-22 02:20:00-04:00,7835.25,7836.25,7833.75,7834.75,853
2026-09-22 02:25:00-04:00,7834.75,7836.75,7834.75,7836.75,496
2026-09-22 02:30:00-04:00,7836.5,7837.25,7836.25,7836.75,848
2026-09-22 02:35:00-04:00,7836.75,7838.5,7836.75,7837.5,752
2026-09-22 02:40:00-04:00,7837.5,7838.25,7836.25,7837.0,697
2026-09-22 02:45:00-04:00,7836.75,7838.25,7836.25,7837.5,695
2026-09-22 02:50:00-04:00,7837.5,7838.25,7836.0,7836.0,423
2026-09-22 02:55:00-04:00,7836.25,7837.75,7836.0,7836.25,728
2026-09-22 03:00:00-04:00,7836.25,7837.75,7834.75,7836.25,1859
2026-09-22 03:05:00-04:00,7836.5,7837.5,7834.0,7836.25,1638
2026-09-22 03:10:00-04:00,7835.75,7837.0,7833.75,7836.0,1495
2026-09-22 03:15:00-04:00,7835.75,7837.5,7834.25,7834.25,1677
2026-09-22 03:20:00-04:00,7834.25,7836.5,7834.25,7835.5,1764
2026-09-22 03:25:00-04:00,7835.5,7835.75,7834.5,7835.0,1271
2026-09-22 03:30:00-04:00,7835.25,7835.25,7832.75,7833.0,2208
2026-09-22 03:35:00-04:00,7833.25,7833.25,7831.75,7832.5,1651
2026-09-22 03:40:00-04:00,7832.25,7832.75,7831.5,7832.25,1054
2026-09-22 03:45:00-04:00,7832.5,7832.75,7829.25,7829.75,2266
2026-09-22 03:50:00-04:00,7829.75,7830.25,7827.5,7828.25,2201
2026-09-22 03:55:00-04:00,7828.0,7829.25,7826.5,7826.5,2770
2026-09-22 04:00:00-04:00,7826.5,7826.75,7822.75,7823.0,4866
2026-09-22 04:05:00-04:00,7823.0,7825.5,7822.0,7823.0,3263
2026-09-22 04:10:00-04:00,7823.0,7823.25,7820.25,7820.25,2737
2026-09-22 04:15:00-04:00,7820.5,7820.5,7816.25,7819.0,4533
2026-09-22 04:20:00-04:00,7819.0,7819.25,7815.0,7817.0,3010
2026-09-22 04:25:00-04:00,7816.75,7821.75,7812.25,7813.5,5268
2026-09-22 04:30:00-04:00,7813.5,7816.0,7810.5,7813.75,5894
2026-09-22 04:35:00-04:00,7813.5,7824.5,7813.5,7823.25,5103
2026-09-22 04:40:00-04:00,7823.25,7829.0,7821.25,7828.5,4418
2026-09-22 04:45:00-04:00,7828.5,7833.75,7827.0,7833.5,5144
2026-09-22 04:50:00-04:00,7833.5,7836.0,7832.5,7835.0,4596
2026-09-22 04:55:00-04:00,7834.75,7836.0,7832.5,7833.5,2973
2026-09-22 05:00:00-04:00,7833.25,7836.25,7827.25,7827.25,4644
2026-09-22 05:05:00-04:00,7827.25,7831.0,7827.0,7829.0,3459
2026-09-22 05:10:00-04:00,7829.0,7831.25,7826.0,7827.25,3654
2026-09-22 05:15:00-04:00,7827.0,7830.75,7826.5,7827.5,3509
2026-09-22 05:20:00-04:00,7827.25,7828.25,7825.5,7826.75,1532
2026-09-22 05:25:00-04:00,7827.0,7827.75,7826.25,7827.0,1010
2026-09-22 05:30:00-04:00,7827.25,7830.0,7827.25,7829.0,2712
2026-09-22 05:35:00-04:00,7829.0,7829.0,7827.0,7827.75,1159
2026-09-22 05:40:00-04:00,7827.75,7833.5,7827.75,7833.25,2233
2026-09-22 05:45:00-04:00,7833.25,7833.25,7831.5,7832.0,1648
2026-09-22 05:50:00-04:00,7832.25,7843.0,7832.25,7838.25,11069
2026-09-22 05:55:00-04:00,7838.0,7842.25,7833.0,7838.75,7229
2026-09-22 06:00:00-04:00,7838.75,7840.0,7835.0,7839.25,3243
2026-09-22 06:05:00-04:00,7839.25,7840.75,7838.0,7839.25,2226
2026-09-22 06:10:00-04:00,7839.25,7840.0,7835.0,7837.25,2027
2026-09-22 06:15:00-04:00,7837.25,7838.5,7836.0,7836.5,1786
2026-09-22 06:20:00-04:00,7836.75,7837.25,7835.25,7836.0,1562
2026-09-22 06:25:00-04:00,7835.75,7837.75,7834.75,7836.75,892
2026-09-22 06:30:00-04:00,7836.75,7838.0,7836.25,7837.0,1219
2026-09-22 06:35:00-04:00,7837.0,7838.5,7836.5,7838.5,692
2026-09-22 06:40:00-04:00,7838.5,7841.5,7837.75,7840.75,1447
2026-09-22 06:45:00-04:00,7840.75,7842.75,7838.75,7842.5,1720
2026-09-22 06:50:00-04:00,7842.5,7843.75,7841.5,7842.5,1133
2026-09-22 06:55:00-04:00,7842.5,7842.75,7838.0,7838.25,1245
2026-09-22 07:00:00-04:00,7838.25,7839.5,7835.25,7837.75,2795
2026-09-22 07:05:00-04:00,7837.75,7838.75,7828.25,7833.25,5636
2026-09-22 07:10:00-04:00,7833.5,7836.5,7831.0,7833.75,4163
2026-09-22 07:15:00-04:00,7833.75,7835.5,7833.75,7834.5,1071
2026-09-22 07:20:00-04:00,7834.5,7837.75,7833.5,7837.0,1470
2026-09-22 07:25:00-04:00,7837.25,7838.25,7835.25,7835.75,970
2026-09-22 07:30:00-04:00,7835.75,7837.5,7835.25,7836.5,940
2026-09-22 07:35:00-04:00,7836.5,7840.25,7836.5,7838.5,1403
2026-09-22 07:40:00-04:00,7838.75,7839.5,7837.25,7839.0,1999
2026-09-22 07:45:00-04:00,7839.0,7842.0,7837.0,7839.0,1966
2026-09-22 07:50:00-04:00,7839.0,7839.25,7836.75,7836.75,1319
2026-09-22 07:55:00-04:00,7837.0,7839.5,7835.25,7835.5,1786
2026-09-22 08:00:00-04:00,7835.75,7839.5,7835.25,7838.75,2465
2026-09-22 08:05:00-04:00,7838.75,7840.0,7834.0,7835.75,2328
2026-09-22 08:10:00-04:00,7836.0,7838.25,7836.0,7837.0,1573
2026-09-22 08:15:00-04:00,7837.0,7839.0,7835.25,7836.5,2168
2026-09-22 08:20:00-04:00,7836.5,7839.75,7836.5,7838.25,1607
2026-09-22 08:25:00-04:00,7838.0,7840.25,7838.0,7840.0,1490
2026-09-22 08:30:00-04:00,7840.0,7842.75,7839.25,7841.25,2670
2026-09-22 08:35:00-04:00,7841.5,7841.75,7838.0,7838.0,2313
2026-09-22 08:40:00-04:00,7838.0,7841.5,7838.0,7839.0,1826
2026-09-22 08:45:00-04:00,7839.0,7839.75,7838.0,7838.75,1810
2026-09-22 08:50:00-04:00,7838.75,7839.0,7835.75,7836.75,1964
2026-09-22 08:55:00-04:00,7836.5,7837.75,7835.75,7837.0,2556
2026-09-22 09:00:00-04:00,7837.0,7840.5,7836.5,7839.5,3707
2026-09-22 09:05:00-04:00,7839.5,7842.0,7836.75,7840.0,4987
2026-09-22 09:10:00-04:00,7840.0,7841.25,7838.75,7841.0,2169
2026-09-22 09:15:00-04:00,7840.75,7843.25,7839.75,7840.75,3316
2026-09-22 09:20:00-04:00,7840.5,7841.0,7839.0,7839.5,2386
2026-09-22 09:25:00-04:00,7839.25,7839.75,7836.25,7836.75,6598
2026-09-22 09:30:00-04:00,7837.0,7847.25,7835.5,7844.75,31930
2026-09-22 09:35:00-04:00,7845.0,7848.5,7843.5,7846.25,18630
2026-09-22 09:40:00-04:00,7846.25,7846.25,7840.5,7842.75,18845
2026-09-22 09:45:00-04:00,7842.75,7843.75,7835.5,7839.75,21349
2026-09-22 09:50:00-04:00,7839.75,7840.75,7836.5,7837.0,12864
2026-09-22 09:55:00-04:00,7837.25,7838.0,7833.25,7835.0,22182
2026-09-22 10:00:00-04:00,7835.0,7839.5,7834.5,7837.75,13903
2026-09-22 10:05:00-04:00,7837.75,7838.75,7834.25,7834.5,12149
2026-09-22 10:10:00-04:00,7834.5,7845.75,7834.5,7840.25,24243
2026-09-22 10:15:00-04:00,7840.25,7841.25,7832.0,7835.25,16537
2026-09-22 10:20:00-04:00,7835.25,7836.5,7832.5,7834.25,12625
2026-09-22 10:25:00-04:00,7834.0,7835.5,7831.5,7831.75,9677
2026-09-22 10:30:00-04:00,7832.0,7837.5,7831.5,7833.75,13673
2026-09-22 10:35:00-04:00,7833.5,7840.5,7829.25,7831.5,28308
2026-09-22 10:40:00-04:00,7831.5,7832.25,7826.75,7829.5,23005
2026-09-22 10:45:00-04:00,7829.5,7834.0,7826.5,7833.75,18334
2026-09-22 10:50:00-04:00,7833.5,7835.75,7830.0,7832.5,10159
2026-09-22 10:55:00-04:00,7832.5,7834.5,7829.5,7831.0,8403
2026-09-22 11:00:00-04:00,7831.0,7834.25,7830.25,7832.0,14796
2026-09-22 11:05:00-04:00,7832.0,7834.75,7830.0,7830.25,13571
2026-09-22 11:10:00-04:00,7830.25,7833.0,7828.5,7832.5,11889
2026-09-22 11:15:00-04:00,7832.5,7833.75,7830.75,7832.0,8198
2026-09-22 11:20:00-04:00,7832.25,7833.5,7830.75,7831.5,7494
2026-09-22 11:25:00-04:00,7831.75,7834.25,7829.75,7830.25,7479
2026-09-22 11:30:00-04:00,7830.25,7830.5,7825.75,7826.5,13430
2026-09-22 11:35:00-04:00,7826.75,7827.0,7823.0,7824.0,12647
2026-09-22 11:40:00-04:00,7824.0,7825.75,7822.25,7824.5,11012
2026-09-22 11:45:00-04:00,7824.5,7827.5,7824.0,7825.25,9927
2026-09-22 11:50:00-04:00,7825.25,7826.25,7824.0,7824.5,6621
2026-09-22 11:55:00-04:00,7824.25,7827.0,7822.75,7826.75,8685
2026-09-22 12:00:00-04:00,7826.75,7828.75,7824.75,7826.25,9607
2026-09-22 12:05:00-04:00,7826.25,7830.25,7825.0,7829.0,10629
2026-09-22 12:10:00-04:00,7829.0,7830.25,7828.0,7830.0,6576
2026-09-22 12:15:00-04:00,7830.0,7830.0,7826.5,7826.75,6875
2026-09-22 12:20:00-04:00,7826.75,7828.5,7823.5,7824.0,10106
2026-09-22 12:25:00-04:00,7823.75,7826.0,7823.25,7825.5,5628
2026-09-22 12:30:00-04:00,7825.5,7828.75,7825.0,7828.5,7632
2026-09-22 12:35:00-04:00,7828.75,7828.75,7824.75,7826.5,5630
2026-09-22 12:40:00-04:00,7826.75,7827.0,7824.25,7826.75,4856
2026-09-22 12:45:00-04:00,7826.75,7833.75,7826.5,7833.0,17223
2026-09-22 12:50:00-04:00,7833.0,7833.75,7830.75,7831.5,10753
2026-09-22 12:55:00-04:00,7831.75,7832.75,7830.0,7832.0,6975
2026-09-22 13:00:00-04:00,7832.0,7832.75,7829.75,7829.75,6679
2026-09-22 13:05:00-04:00,7829.75,7833.0,7828.75,7830.0,5908
2026-09-22 13:10:00-04:00,7830.0,7831.0,7828.75,7829.5,4972
2026-09-22 13:15:00-04:00,7829.5,7829.75,7828.0,7829.0,4554
2026-09-22 13:20:00-04:00,7829.0,7829.0,7827.25,7828.5,5023
2026-09-22 13:25:00-04:00,7828.25,7832.5,7828.0,7832.25,6212
2026-09-22 13:30:00-04:00,7832.25,7832.5,7829.25,7830.0,5225
2026-09-22 13:35:00-04:00,7830.25,7830.25,7828.0,7828.5,5181
2026-09-22 13:40:00-04:00,7828.25,7831.5,7827.25,7831.5,5235
2026-09-22 13:45:00-04:00,7831.25,7832.25,7829.75,7831.0,4809
2026-09-22 13:50:00-04:00,7831.0,7839.0,7829.75,7837.25,30249
2026-09-22 13:55:00-04:00,7837.5,7838.75,7836.0,7837.5,10636
2026-09-22 14:00:00-04:00,7837.5,7838.5,7833.5,7835.5,12454
2026-09-22 14:05:00-04:00,7835.75,7838.0,7835.0,7837.25,6893
2026-09-22 14:10:00-04:00,7837.25,7838.0,7835.0,7835.75,6330
2026-09-22 14:15:00-04:00,7835.75,7837.5,7835.5,7837.0,5498
2026-09-22 14:20:00-04:00,7836.75,7840.5,7836.75,7839.25,8704
2026-09-22 14:25:00-04:00,7839.0,7839.75,7837.5,7837.75,6546
2026-09-22 14:30:00-04:00,7837.75,7839.25,7836.5,7837.0,6054
2026-09-22 14:35:00-04:00,7837.0,7837.25,7833.75,7835.5,9287
2026-09-22 14:40:00-04:00,7835.5,7838.5,7833.5,7837.5,8630
2026-09-22 14:45:00-04:00,7837.5,7838.5,7836.75,7838.0,4298
2026-09-22 14:50:00-04:00,7838.0,7838.25,7836.25,7837.0,4797
2026-09-22 14:55:00-04:00,7836.75,7837.0,7832.75,7834.25,7895
2026-09-22 15:00:00-04:00,7834.0,7835.5,7833.5,7835.0,7658
2026-09-22 15:05:00-04:00,7835.25,7836.5,7834.5,7835.25,5977
2026-09-22 15:10:00-04:00,7835.25,7837.5,7835.0,7836.75,7109
2026-09-22 15:15:00-04:00,7836.75,7839.25,7836.5,7839.0,7452
2026-09-22 15:20:00-04:00,7839.0,7839.75,7837.5,7838.5,9430
2026-09-22 15:25:00-04:00,7838.75,7841.5,7838.25,7840.25,14745
2026-09-22 15:30:00-04:00,7840.5,7845.75,7839.5,7845.25,19618
2026-09-22 15:35:00-04:00,7845.25,7846.75,7844.25,7845.5,18671
2026-09-22 15:40:00-04:00,7845.25,7845.75,7839.75,7841.5,16029
2026-09-22 15:45:00-04:00,7841.75,7844.5,7841.5,7844.0,10535
2026-09-22 15:50:00-04:00,7844.0,7846.0,7840.0,7840.25,23648
2026-09-22 15:55:00-04:00,7840.25,7840.25,7829.75,7831.0,79783
2026-09-22 16:00:00-04:00,7830.75,7833.25,7830.25,7832.5,15430
2026-09-22 16:05:00-04:00,7832.75,7834.25,7831.25,7833.5,3592
2026-09-22 16:10:00-04:00,7833.25,7834.0,7832.0,7832.0,3656
2026-09-22 16:15:00-04:00,7832.0,7832.25,7831.0,7831.0,2587
2026-09-22 16:20:00-04:00,7831.25,7831.5,7828.75,7830.0,2331
2026-09-22 16:25:00-04:00,7830.0,7830.75,7829.5,7830.25,1233
2026-09-22 16:30:00-04:00,7830.0,7830.5,7829.5,7829.75,982
2026-09-22 16:35:00-04:00,7829.75,7830.0,7829.0,7829.25,1098
2026-09-22 16:40:00-04:00,7829.25,7830.0,7828.75,7828.75,1258
2026-09-22 16:45:00-04:00,7829.0,7829.25,7827.25,7827.75,1310
2026-09-22 16:50:00-04:00,7828.0,7829.0,7826.75,7827.75,1152
2026-09-22 16:55:00-04:00,7827.75,7828.75,7826.0,7827.75,2749
2026-09-22 18:00:00-04:00,7830.0,7833.75,7829.0,7830.25,0
2026-09-22 18:05:00-04:00,7830.25,7833.25,7830.25,7831.5,739
2026-09-22 18:10:00-04:00,7831.5,7832.5,7830.25,7832.25,375
2026-09-22 18:15:00-04:00,7832.25,7832.75,7831.25,7831.75,337
2026-09-22 18:20:00-04:00,7831.75,7834.0,7831.75,7833.0,459
2026-09-22 18:25:00-04:00,7833.25,7833.5,7832.0,7832.25,382
2026-09-22 18:30:00-04:00,7832.5,7833.75,7832.5,7833.25,243
2026-09-22 18:35:00-04:00,7833.5,7833.75,7832.5,7832.75,169
2026-09-22 18:40:00-04:00,7833.0,7834.0,7832.75,7832.75,248
2026-09-22 18:45:00-04:00,7833.0,7833.0,7830.25,7830.25,494
2026-09-22 18:50:00-04:00,7830.25,7831.75,7829.75,7831.75,298
2026-09-22 18:55:00-04:00,7831.75,7832.0,7831.25,7831.25,201
2026-09-22 19:00:00-04:00,7831.5,7832.5,7831.5,7832.0,226
2026-09-22 19:05:00-04:00,7832.25,7832.75,7832.0,7832.25,115
2026-09-22 19:10:00-04:00,7832.25,7832.25,7831.5,7831.75,160
2026-09-22 19:15:00-04:00,7832.0,7832.25,7831.5,7832.25,106
2026-09-22 19:20:00-04:00,7832.25,7833.25,7832.0,7832.75,198
2026-09-22 19:25:00-04:00,7832.5,7832.5,7831.75,7832.5,124
2026-09-22 19:30:00-04:00,7832.25,7832.75,7832.25,7832.75,115
2026-09-22 19:35:00-04:00,7832.75,7833.0,7832.5,7833.0,57
2026-09-22 19:40:00-04:00,7832.75,7833.0,7832.25,7832.25,233
2026-09-22 19:45:00-04:00,7832.5,7832.5,7831.0,7831.5,353
2026-09-22 19:50:00-04:00,7831.5,7832.75,7831.0,7832.5,323
2026-09-22 19:55:00-04:00,7832.5,7834.0,7832.0,7833.5,478
2026-09-22 20:00:00-04:00,7833.25,7833.75,7830.5,7833.0,1099
2026-09-22 20:05:00-04:00,7833.0,7833.5,7831.5,7832.5,672
2026-09-22 20:10:00-04:00,7832.5,7833.75,7832.0,7832.5,457
2026-09-22 20:15:00-04:00,7832.25,7833.0,7831.5,7832.0,620
2026-09-22 20:20:00-04:00,7832.25,7832.5,7830.25,7832.25,632
2026-09-22 20:25:00-04:00,7832.5,7832.75,7831.0,7831.0,383
2026-09-22 20:30:00-04:00,7831.0,7832.25,7830.25,7830.5,460
2026-09-22 20:35:00-04:00,7830.5,7831.75,7830.0,7831.25,555
2026-09-22 20:40:00-04:00,7831.5,7831.75,7830.75,7831.25,434
2026-09-22 20:45:00-04:00,7831.25,7831.75,7829.0,7829.0,650
2026-09-22 20:50:00-04:00,7829.25,7830.25,7828.0,7828.0,752
2026-09-22 20:55:00-04:00,7828.25,7829.25,7827.75,7829.0,849
2026-09-22 21:00:00-04:00,7829.0,7829.5,7827.75,7829.25,841
2026-09-22 21:05:00-04:00,7829.25,7831.25,7829.0,7830.75,737
2026-09-22 21:10:00-04:00,7830.75,7830.75,7829.5,7830.75,358
2026-09-22 21:15:00-04:00,7830.5,7831.5,7829.75,7831.5,494
2026-09-22 21:20:00-04:00,7831.5,7832.75,7831.0,7832.75,381
2026-09-22 21:25:00-04:00,7832.5,7834.25,7831.75,7833.75,774
2026-09-22 21:30:00-04:00,7833.75,7835.25,7832.25,7833.0,1038
2026-09-22 21:35:00-04:00,7833.0,7833.75,7832.25,7833.5,621
2026-09-22 21:40:00-04:00,7833.5,7833.5,7831.0,7831.5,851
2026-09-22 21:45:00-04:00,7831.25,7832.5,7831.25,7832.0,565
2026-09-22 21:50:00-04:00,7832.0,7832.75,7831.5,7832.25,425
2026-09-22 21:55:00-04:00,7832.25,7832.75,7831.5,7832.5,569
2026-09-22 22:00:00-04:00,7832.75,7832.75,7831.25,7831.5,630
2026-09-22 22:05:00-04:00,7831.75,7832.0,7830.25,7830.25,448
2026-09-22 22:10:00-04:00,7830.25,7830.5,7829.0,7829.5,772
2026-09-22 22:15:00-04:00,7829.5,7832.5,7827.25,7830.75,1457
2026-09-22 22:20:00-04:00,7830.5,7832.0,7830.5,7832.0,698
2026-09-22 22:25:00-04:00,7832.0,7833.25,7831.75,7832.0,404
2026-09-22 22:30:00-04:00,7832.25,7832.75,7831.75,7832.0,460
2026-09-22 22:35:00-04:00,7831.75,7832.25,7831.0,7831.25,432
2026-09-22 22:40:00-04:00,7831.25,7832.25,7831.0,7831.5,311
2026-09-22 22:45:00-04:00,7831.5,7833.0,7831.5,7832.25,364
2026-09-22 22:50:00-04:00,7832.25,7832.75,7832.0,7832.75,224
2026-09-22 22:55:00-04:00,7833.0,7833.0,7832.25,7832.25,309
2026-09-22 23:00:00-04:00,7832.25,7832.5,7831.75,7832.0,485
2026-09-22 23:05:00-04:00,7832.25,7832.75,7831.75,7832.5,270
2026-09-22 23:10:00-04:00,7832.5,7833.75,7832.5,7833.75,328
2026-09-22 23:15:00-04:00,7833.75,7834.0,7832.75,7833.5,333
2026-09-22 23:20:00-04:00,7833.5,7835.25,7833.5,7835.0,533
2026-09-22 23:25:00-04:00,7835.0,7836.0,7834.25,7834.25,440
2026-09-22 23:30:00-04:00,7834.25,7836.0,7834.0,7836.0,550
2026-09-22 23:35:00-04:00,7836.25,7836.25,7835.25,7835.75,242
2026-09-22 23:40:00-04:00,7835.75,7837.5,7835.75,7836.25,444
2026-09-22 23:45:00-04:00,7836.25,7837.0,7836.25,7836.5,392
2026-09-22 23:50:00-04:00,7836.5,7837.25,7836.5,7837.0,359
2026-09-22 23:55:00-04:00,7837.0,7837.0,7835.5,7835.5,179
2026-09-23 00:05:00-04:00,7839.25,7839.25,7838.75,7838.75,918
2026-09-23 00:10:00-04:00,7838.75,7839.5,7838.25,7838.75,393
2026-09-23 00:15:00-04:00,7839.0,7839.5,7838.75,7839.5,356
2026-09-23 00:20:00-04:00,7839.5,7840.5,7839.0,7839.25,450
2026-09-23 00:25:00-04:00,7839.0,7839.5,7838.75,7839.0,316
2026-09-23 00:30:00-04:00,7839.25,7840.5,7839.25,7840.0,309
2026-09-23 00:35:00-04:00,7840.25,7840.75,7839.75,7840.0,362
2026-09-23 00:40:00-04:00,7840.0,7840.75,7839.75,7840.5,175
2026-09-23 00:45:00-04:00,7840.25,7840.75,7840.0,7840.5,200
2026-09-23 00:50:00-04:00,7840.5,7840.75,7839.0,7839.5,491
2026-09-23 00:55:00-04:00,7839.5,7839.75,7838.25,7839.0,558
2026-09-23 01:00:00-04:00,7839.0,7839.5,7837.5,7838.75,854
2026-09-23 01:05:00-04:00,7838.5,7839.5,7838.0,7838.5,491
2026-09-23 01:10:00-04:00,7838.5,7839.75,7838.5,7838.75,382
2026-09-23 01:15:00-04:00,7838.75,7839.25,7838.0,7838.5,306
2026-09-23 01:20:00-04:00,7838.25,7838.25,7836.75,7837.5,671
2026-09-23 01:25:00-04:00,7837.25,7839.0,7837.25,7838.25,621
2026-09-23 01:30:00-04:00,7838.5,7838.5,7835.5,7836.0,1063
2026-09-23 01:35:00-04:00,7836.0,7837.5,7835.75,7837.25,811
2026-09-23 01:40:00-04:00,7837.0,7838.25,7835.75,7836.75,727
2026-09-23 01:45:00-04:00,7836.75,7838.5,7836.5,7837.0,478
2026-09-23 01:50:00-04:00,7837.0,7838.75,7837.0,7838.0,565
2026-09-23 01:55:00-04:00,7838.25,7838.25,7836.0,7836.25,660
2026-09-23 02:00:00-04:00,7836.5,7839.5,7836.0,7837.75,1013
2026-09-23 02:05:00-04:00,7837.75,7840.25,7837.5,7837.75,832
2026-09-23 02:10:00-04:00,7838.0,7839.75,7838.0,7839.75,550
2026-09-23 02:15:00-04:00,7839.75,7840.0,7838.75,7839.25,498
2026-09-23 02:20:00-04:00,7839.25,7839.5,7836.0,7837.75,1384
2026-09-23 02:25:00-04:00,7838.0,7839.5,7838.0,7838.5,589
2026-09-23 02:30:00-04:00,7838.75,7841.0,7838.5,7841.0,994
2026-09-23 02:35:00-04:00,7841.25,7842.75,7841.0,7842.5,1202
2026-09-23 02:40:00-04:00,7842.25,7843.25,7841.25,7843.0,586
2026-09-23 02:45:00-04:00,7842.75,7842.75,7839.0,7842.0,987
2026-09-23 02:50:00-04:00,7842.0,7842.0,7839.25,7839.75,349
2026-09-23 02:55:00-04:00,7839.5,7839.5,7837.0,7837.5,616
2026-09-23 03:00:00-04:00,7837.25,7839.0,7836.75,7839.0,1562
2026-09-23 03:05:00-04:00,7839.0,7839.25,7836.0,7836.25,1175
2026-09-23 03:10:00-04:00,7836.5,7838.75,7835.75,7838.5,1341
2026-09-23 03:15:00-04:00,7838.75,7839.25,7836.75,7837.0,550
2026-09-23 03:20:00-04:00,7837.25,7837.75,7836.0,7836.0,576
2026-09-23 03:25:00-04:00,7836.0,7839.25,7835.25,7838.75,756
2026-09-23 03:30:00-04:00,7838.75,7839.0,7835.75,7836.25,1178
2026-09-23 03:35:00-04:00,7836.25,7838.75,7836.25,7837.0,952
2026-09-23 03:40:00-04:00,7837.0,7838.75,7837.0,7838.0,627
2026-09-23 03:45:00-04:00,7838.25,7840.25,7837.75,7840.0,944
2026-09-23 03:50:00-04:00,7840.0,7841.25,7838.0,7838.5,821
2026-09-23 03:55:00-04:00,7838.5,7840.5,7838.5,7839.25,777
2026-09-23 04:00:00-04:00,7839.5,7840.5,7837.25,7838.0,1289
2026-09-23 04:05:00-04:00,7838.0,7840.25,7837.0,7840.0,1309
2026-09-23 04:10:00-04:00,7839.75,7841.25,7839.75,7840.5,944
2026-09-23 04:15:00-04:00,7840.5,7841.0,7839.25,7840.75,798
2026-09-23 04:20:00-04:00,7840.75,7842.25,7840.5,7841.75,694
2026-09-23 04:25:00-04:00,7841.75,7842.0,7839.0,7839.5,644
2026-09-23 04:30:00-04:00,7839.5,7840.25,7839.0,7839.5,821
2026-09-23 04:35:00-04:00,7839.75,7839.75,7835.5,7836.75,1509
2026-09-23 04:40:00-04:00,7836.5,7837.25,7835.0,7835.5,966
2026-09-23 04:45:00-04:00,7835.5,7836.25,7834.25,7836.25,786
2026-09-23 04:50:00-04:00,7836.25,7836.75,7835.5,7836.5,567
2026-09-23 04:55:00-04:00,7836.75,7837.75,7836.0,7836.75,631
2026-09-23 05:00:00-04:00,7836.5,7838.0,7834.75,7835.25,832
2026-09-23 05:05:00-04:00,7835.0,7837.5,7834.75,7837.25,675
2026-09-23 05:10:00-04:00,7837.0,7837.0,7834.75,7835.0,875
2026-09-23 05:15:00-04:00,7835.0,7835.75,7834.0,7835.75,595
2026-09-23 05:20:00-04:00,7836.0,7838.5,7835.25,7838.5,648
2026-09-23 05:25:00-04:00,7838.75,7839.25,7837.0,7837.0,776
2026-09-23 05:30:00-04:00,7837.0,7838.0,7836.0,7836.75,663
2026-09-23 05:35:00-04:00,7836.75,7838.0,7836.5,7836.5,488
2026-09-23 05:40:00-04:00,7836.5,7836.75,7835.25,7836.0,501
2026-09-23 05:45:00-04:00,7835.75,7835.75,7832.5,7833.75,1240
2026-09-23 05:50:00-04:00,7833.75,7835.5,7833.5,7835.25,534
2026-09-23 05:55:00-04:00,7835.0,7835.5,7833.75,7834.75,762
2026-09-23 06:00:00-04:00,7834.75,7837.0,7834.25,7836.25,774
2026-09-23 06:05:00-04:00,7836.25,7837.25,7835.75,7836.5,501
2026-09-23 06:10:00-04:00,7836.75,7838.0,7836.0,7837.75,883
2026-09-23 06:15:00-04:00,7837.75,7839.25,7837.75,7839.25,628
2026-09-23 06:20:00-04:00,7839.25,7839.25,7836.75,7837.5,514
2026-09-23 06:25:00-04:00,7837.75,7838.5,7837.0,7838.25,514
2026-09-23 06:30:00-04:00,7838.5,7838.5,7836.0,7836.0,867
2026-09-23 06:35:00-04:00,7836.0,7837.5,7834.5,7837.25,547
2026-09-23 06:40:00-04:00,7837.0,7837.0,7835.25,7836.0,541
2026-09-23 06:45:00-04:00,7836.0,7836.0,7834.25,7834.75,708
2026-09-23 06:50:00-04:00,7835.0,7835.75,7834.0,7835.75,606
2026-09-23 06:55:00-04:00,7835.75,7837.0,7835.75,7836.0,607
2026-09-23 07:00:00-04:00,7835.75,7836.25,7833.0,7833.5,1725
2026-09-23 07:05:00-04:00,7833.25,7834.5,7832.25,7834.0,1168
2026-09-23 07:10:00-04:00,7834.0,7835.0,7833.0,7833.5,967
2026-09-23 07:15:00-04:00,7833.5,7835.25,7833.25,7833.75,971
2026-09-23 07:20:00-04:00,7833.5,7833.75,7828.0,7828.5,2222
2026-09-23 07:25:00-04:00,7828.5,7830.0,7826.5,7827.0,1916
2026-09-23 07:30:00-04:00,7827.0,7827.25,7823.25,7824.0,2281
2026-09-23 07:35:00-04:00,7824.0,7824.5,7820.0,7822.25,2731
2026-09-23 07:40:00-04:00,7822.25,7822.5,7819.0,7821.75,3201
2026-09-23 07:45:00-04:00,7821.5,7827.25,7821.5,7826.25,3574
2026-09-23 07:50:00-04:00,7826.0,7827.25,7824.5,7825.75,1363
2026-09-23 07:55:00-04:00,7825.75,7827.25,7825.5,7826.5,1457
2026-09-23 08:00:00-04:00,7826.5,7828.25,7822.5,7822.75,2983
2026-09-23 08:05:00-04:00,7822.75,7824.25,7821.5,7822.5,1797
2026-09-23 08:10:00-04:00,7822.5,7823.25,7819.5,7820.5,2057
2026-09-23 08:15:00-04:00,7820.5,7821.5,7818.75,7820.75,2330
2026-09-23 08:20:00-04:00,7820.75,7822.5,7819.75,7822.5,1915
2026-09-23 08:25:00-04:00,7822.5,7823.25,7820.75,7822.5,1565
2026-09-23 08:30:00-04:00,7822.5,7824.0,7822.25,7823.25,1918
2026-09-23 08:35:00-04:00,7823.0,7824.75,7822.5,7823.5,2367
2026-09-23 08:40:00-04:00,7823.5,7823.5,7821.25,7821.5,2352
2026-09-23 08:45:00-04:00,7821.75,7823.5,7820.75,7821.75,1627
2026-09-23 08:50:00-04:00,7821.75,7821.75,7819.75,7821.0,1714
2026-09-23 08:55:00-04:00,7820.75,7824.0,7819.5,7823.5,1907
2026-09-23 09:00:00-04:00,7823.75,7824.0,7821.5,7822.5,2320
2026-09-23 09:05:00-04:00,7822.75,7822.75,7820.25,7820.75,1978
2026-09-23 09:10:00-04:00,7820.75,7821.75,7819.25,7821.5,2390
2026-09-23 09:15:00-04:00,7821.25,7823.5,7820.25,7822.5,2940
2026-09-23 09:20:00-04:00,7822.25,7823.25,7820.5,7821.5,2886
2026-09-23 09:25:00-04:00,7821.75,7825.75,7821.25,7823.5,7917
2026-09-23 09:30:00-04:00,7823.5,7826.25,7819.75,7819.75,23340
2026-09-23 09:35:00-04:00,7819.75,7820.25,7815.75,7816.75,18366
2026-09-23 09:40:00-04:00,7817.0,7817.75,7814.5,7814.5,13903
2026-09-23 09:45:00-04:00,7814.75,7815.0,7805.0,7806.25,25451
2026-09-23 09:50:00-04:00,7806.5,7808.25,7801.75,7802.25,24683
2026-09-23 09:55:00-04:00,7802.25,7804.0,7799.25,7801.75,21261
2026-09-23 10:00:00-04:00,7801.75,7805.5,7798.25,7799.5,22606
2026-09-23 10:05:00-04:00,7799.75,7800.75,7793.75,7795.0,22312
2026-09-23 10:10:00-04:00,7795.0,7795.25,7787.5,7790.75,36832
2026-09-23 10:15:00-04:00,7790.75,7793.75,7785.75,7785.75,29625
2026-09-23 10:20:00-04:00,7785.75,7788.0,7779.25,7783.25,31970
2026-09-23 10:25:00-04:00,7783.0,7784.75,7778.0,7783.0,30457
2026-09-23 10:30:00-04:00,7783.0,7789.5,7782.5,7788.75,25617
2026-09-23 10:35:00-04:00,7788.5,7793.5,7782.75,7783.0,33189
2026-09-23 10:40:00-04:00,7783.0,7788.0,7781.0,7786.0,19669
2026-09-23 10:45:00-04:00,7786.0,7788.0,7784.75,7786.75,16719
2026-09-23 10:50:00-04:00,7787.0,7800.75,7783.0,7798.5,42154
2026-09-23 10:55:00-04:00,7798.75,7799.5,7793.0,7797.25,20617
2026-09-23 11:00:00-04:00,7797.25,7797.5,7790.5,7793.0,15999
2026-09-23 11:05:00-04:00,7793.0,7795.0,7790.25,7794.0,10626
2026-09-23 11:10:00-04:00,7794.25,7795.0,7790.75,7791.25,11933
2026-09-23 11:15:00-04:00,7791.5,7793.25,7788.0,7791.0,11986
2026-09-23 11:20:00-04:00,7791.0,7794.75,7789.5,7793.5,11045
2026-09-23 11:25:00-04:00,7793.5,7795.0,7784.25,7785.0,14619
2026-09-23 11:30:00-04:00,7785.0,7785.75,7783.0,7783.75,14022
2026-09-23 11:35:00-04:00,7783.75,7785.5,7782.0,7784.0,9714
2026-09-23 11:40:00-04:00,7783.75,7787.25,7780.75,7786.25,12928
2026-09-23 11:45:00-04:00,7786.25,7787.0,7779.0,7779.5,13407
2026-09-23 11:50:00-04:00,7779.25,7781.5,7776.5,7781.5,14302
2026-09-23 11:55:00-04:00,7781.75,7783.0,7779.5,7780.5,8937
2026-09-23 12:00:00-04:00,7780.5,7780.5,7777.0,7778.25,9280
2026-09-23 12:05:00-04:00,7778.25,7781.0,7777.0,7779.0,8312
2026-09-23 12:10:00-04:00,7779.0,7781.25,7778.5,7780.25,6159
2026-09-23 12:15:00-04:00,7780.0,7781.5,7775.5,7778.0,10171
2026-09-23 12:20:00-04:00,7777.75,7778.25,7775.25,7778.0,9345
2026-09-23 12:25:00-04:00,7777.75,7779.0,7776.25,7778.25,7123
2026-09-23 12:30:00-04:00,7778.25,7781.5,7777.75,7778.25,8179
2026-09-23 12:35:00-04:00,7778.5,7779.5,7776.0,7777.0,7215
2026-09-23 12:40:00-04:00,7777.0,7777.25,7772.0,7772.25,10318
2026-09-23 12:45:00-04:00,7772.25,7775.25,7769.5,7770.0,20353
2026-09-23 12:50:00-04:00,7770.0,7770.0,7764.25,7764.75,20434
2026-09-23 12:55:00-04:00,7764.75,7769.75,7764.25,7768.5,14989
2026-09-23 13:00:00-04:00,7768.5,7771.5,7758.75,7761.75,26711
2026-09-23 13:05:00-04:00,7761.75,7766.5,7760.25,7765.75,14293
2026-09-23 13:10:00-04:00,7765.5,7767.25,7762.5,7765.5,11657
2026-09-23 13:15:00-04:00,7765.5,7773.75,7763.75,7773.25,14611
2026-09-23 13:20:00-04:00,7773.5,7774.0,7766.0,7766.0,14154
2026-09-23 13:25:00-04:00,7766.0,7768.25,7765.5,7767.0,8808
2026-09-23 13:30:00-04:00,7767.25,7770.25,7764.75,7769.75,11542
2026-09-23 13:35:00-04:00,7770.0,7770.5,7767.0,7767.75,8167
2026-09-23 13:40:00-04:00,7768.0,7780.5,7765.75,7779.25,27908
2026-09-23 13:45:00-04:00,7779.25,7783.0,7776.75,7778.5,19236
2026-09-23 13:50:00-04:00,7778.5,7780.5,7776.5,7779.25,11679
2026-09-23 13:55:00-04:00,7779.5,7785.25,7778.0,7784.25,9729
2026-09-23 14:00:00-04:00,7784.25,7784.75,7775.5,7776.0,15293
2026-09-23 14:05:00-04:00,7776.0,7779.0,7774.75,7778.25,9770
2026-09-23 14:10:00-04:00,7778.5,7779.75,7777.25,7779.0,7202
2026-09-23 14:15:00-04:00,7779.0,7781.75,7777.0,7779.5,9036
2026-09-23 14:20:00-04:00,7779.5,7780.25,7777.5,7779.25,6547
2026-09-23 14:25:00-04:00,7779.5,7780.25,7776.25,7777.25,7382
2026-09-23 14:30:00-04:00,7777.0,7778.0,7773.5,7775.5,8731
2026-09-23 14:35:00-04:00,7775.5,7776.25,7770.25,7771.5,8468
2026-09-23 14:40:00-04:00,7771.5,7775.25,7771.5,7773.5,7112
2026-09-23 14:45:00-04:00,7773.5,7776.0,7772.5,7775.75,5965
2026-09-23 14:50:00-04:00,7775.75,7776.5,7772.75,7774.25,6315
2026-09-23 14:55:00-04:00,7774.25,7778.25,7773.25,7776.75,8168
2026-09-23 15:00:00-04:00,7777.0,7778.25,7772.5,7773.0,9366
2026-09-23 15:05:00-04:00,7773.0,7778.0,7771.75,7776.25,8655
2026-09-23 15:10:00-04:00,7776.25,7777.25,7773.0,7774.5,7469
2026-09-23 15:15:00-04:00,7774.5,7775.0,7770.75,7773.0,9217
2026-09-23 15:20:00-04:00,7772.75,7772.75,7770.5,7771.5,6487
2026-09-23 15:25:00-04:00,7771.75,7773.25,7769.25,7771.75,10171
2026-09-23 15:30:00-04:00,7771.75,7775.5,7770.25,7775.0,13666
2026-09-23 15:35:00-04:00,7775.0,7775.5,7773.0,7775.5,11115
2026-09-23 15:40:00-04:00,7775.5,7777.0,7768.25,7771.0,16207
2026-09-23 15:45:00-04:00,7771.0,7775.25,7770.5,7774.75,13805
2026-09-23 15:50:00-04:00,7774.75,7775.75,7761.0,7764.0,38702
2026-09-23 15:55:00-04:00,7764.0,7776.0,7764.0,7773.75,121579
2026-09-23 16:00:00-04:00,7773.75,7774.75,7771.25,7772.0,22876
2026-09-23 16:05:00-04:00,7772.0,7772.5,7770.25,7772.0,4211
2026-09-23 16:10:00-04:00,7772.25,7773.25,7771.0,7771.25,2676
2026-09-23 16:15:00-04:00,7771.25,7772.75,7770.25,7772.5,2223
2026-09-23 16:20:00-04:00,7772.75,7772.75,7771.75,7772.5,1024
2026-09-23 16:25:00-04:00,7772.75,7772.75,7770.75,7772.0,1377
2026-09-23 16:30:00-04:00,7772.0,7773.0,7771.0,7771.0,1278
2026-09-23 16:35:00-04:00,7771.25,7773.75,7771.0,7773.25,936
2026-09-23 16:40:00-04:00,7773.25,7773.75,7773.25,7773.25,399
2026-09-23 16:45:00-04:00,7773.0,7773.0,7772.0,7772.0,1744
2026-09-23 16:50:00-04:00,7772.0,7772.75,7772.0,7772.75,853
2026-09-23 16:55:00-04:00,7772.75,7773.0,7771.25,7772.75,1502
2026-09-23 18:00:00-04:00,7774.75,7778.0,7773.5,7776.5,0
2026-09-23 18:05:00-04:00,7776.25,7778.0,7775.0,7778.0,563
2026-09-23 18:10:00-04:00,7778.0,7778.0,7777.25,7777.75,245
2026-09-23 18:15:00-04:00,7778.0,7779.25,7776.75,7777.25,697
2026-09-23 18:20:00-04:00,7777.25,7777.75,7776.25,7777.0,252
2026-09-23 18:25:00-04:00,7777.0,7777.5,7776.75,7777.0,170
2026-09-23 18:30:00-04:00,7776.75,7777.5,7775.5,7775.75,398
2026-09-23 18:35:00-04:00,7775.5,7775.5,7774.0,7774.5,299
2026-09-23 18:40:00-04:00,7774.75,7776.25,7774.5,7775.5,250
2026-09-23 18:45:00-04:00,7775.5,7775.5,7774.75,7775.5,138
2026-09-23 18:50:00-04:00,7775.5,7775.75,7774.75,7775.0,134
2026-09-23 18:55:00-04:00,7775.0,7775.0,7774.75,7775.0,103
2026-09-23 19:00:00-04:00,7775.25,7775.75,7774.25,7775.5,180
2026-09-23 19:05:00-04:00,7775.5,7775.5,7774.5,7775.0,99
2026-09-23 19:10:00-04:00,7774.75,7775.0,7773.0,7773.0,420
2026-09-23 19:15:00-04:00,7773.0,7774.25,7771.75,7772.0,353
2026-09-23 19:20:00-04:00,7772.25,7772.5,7769.75,7770.25,830
2026-09-23 19:25:00-04:00,7770.5,7770.75,7768.5,7769.5,675
2026-09-23 19:30:00-04:00,7769.5,7769.75,7768.0,7769.0,346
2026-09-23 19:35:00-04:00,7769.0,7770.0,7768.5,7769.5,285
2026-09-23 19:40:00-04:00,7769.5,7770.25,7768.25,7769.0,392
2026-09-23 19:45:00-04:00,7769.0,7770.25,7767.5,7767.75,584
2026-09-23 19:50:00-04:00,7767.75,7770.25,7767.0,7769.25,581
2026-09-23 19:55:00-04:00,7769.25,7769.25,7768.0,7768.25,278
2026-09-23 20:00:00-04:00,7768.25,7769.75,7767.0,7768.75,850
2026-09-23 20:05:00-04:00,7768.75,7769.25,7767.75,7768.25,306
2026-09-23 20:10:00-04:00,7768.25,7768.25,7764.75,7765.5,1888
2026-09-23 20:15:00-04:00,7765.5,7769.0,7765.25,7768.75,1262
2026-09-23 20:20:00-04:00,7769.0,7769.25,7766.0,7767.25,663
2026-09-23 20:25:00-04:00,7767.5,7767.75,7765.75,7766.5,721
2026-09-23 20:30:00-04:00,7766.5,7768.25,7766.0,7767.75,449
2026-09-23 20:35:00-04:00,7767.75,7768.0,7766.25,7766.25,323
2026-09-23 20:40:00-04:00,7766.25,7766.5,7763.5,7764.5,943
2026-09-23 20:45:00-04:00,7764.25,7764.25,7762.0,7763.0,998
2026-09-23 20:50:00-04:00,7763.0,7763.75,7761.5,7762.0,736
2026-09-23 20:55:00-04:00,7762.25,7765.25,7761.25,7764.5,885
2026-09-23 21:00:00-04:00,7764.25,7766.0,7764.0,7765.0,1324
2026-09-23 21:05:00-04:00,7764.75,7768.0,7763.5,7767.0,1140
2026-09-23 21:10:00-04:00,7766.75,7766.75,7764.75,7766.75,884
2026-09-23 21:15:00-04:00,7767.0,7767.25,7766.0,7766.75,417
2026-09-23 21:20:00-04:00,7766.5,7767.25,7765.5,7766.25,377
2026-09-23 21:25:00-04:00,7766.25,7767.0,7765.0,7765.25,532
2026-09-23 21:30:00-04:00,7765.25,7767.5,7764.75,7767.25,891
2026-09-23 21:35:00-04:00,7767.25,7767.25,7764.75,7765.25,650
2026-09-23 21:40:00-04:00,7765.25,7766.25,7763.75,7764.0,700
2026-09-23 21:45:00-04:00,7763.75,7764.0,7760.5,7762.25,1497
2026-09-23 21:50:00-04:00,7762.5,7765.0,7759.5,7763.75,1263
2026-09-23 21:55:00-04:00,7763.5,7765.0,7762.5,7764.75,625
2026-09-23 22:00:00-04:00,7764.75,7765.75,7762.0,7762.25,975
2026-09-23 22:05:00-04:00,7762.25,7762.25,7758.0,7759.0,1296
2026-09-23 22:10:00-04:00,7759.25,7761.25,7759.0,7760.75,663
2026-09-23 22:15:00-04:00,7760.75,7764.75,7760.75,7764.25,992
2026-09-23 22:20:00-04:00,7764.25,7764.25,7762.75,7763.25,507
2026-09-23 22:25:00-04:00,7763.25,7764.0,7762.25,7763.25,503
2026-09-23 22:30:00-04:00,7763.0,7766.75,7763.0,7765.5,847
2026-09-23 22:35:00-04:00,7765.5,7766.75,7764.75,7765.0,652
2026-09-23 22:40:00-04:00,7765.25,7766.5,7765.0,7766.5,410
2026-09-23 22:45:00-04:00,7766.5,7766.75,7764.75,7765.5,596
2026-09-23 22:50:00-04:00,7765.75,7765.75,7764.0,7765.0,616
2026-09-23 22:55:00-04:00,7765.0,7765.5,7764.75,7764.75,510
2026-09-23 23:00:00-04:00,7764.75,7765.0,7763.0,7763.5,652
2026-09-23 23:05:00-04:00,7763.5,7763.5,7759.25,7759.5,732
2026-09-23 23:10:00-04:00,7759.5,7761.25,7758.75,7761.25,610
2026-09-23 23:15:00-04:00,7761.5,7762.0,7760.25,7761.0,552
2026-09-23 23:20:00-04:00,7761.0,7761.25,7760.0,7760.5,462
2026-09-23 23:25:00-04:00,7760.5,7761.25,7758.75,7759.25,1078
2026-09-23 23:30:00-04:00,7759.25,7759.5,7757.5,7758.75,777
2026-09-23 23:35:00-04:00,7758.5,7759.25,7757.75,7759.25,652
2026-09-23 23:40:00-04:00,7759.25,7759.25,7756.0,7756.75,1106
2026-09-23 23:45:00-04:00,7756.75,7758.75,7756.5,7758.5,570
2026-09-23 23:50:00-04:00,7758.25,7758.75,7757.25,7758.75,711
2026-09-23 23:55:00-04:00,7758.75,7759.0,7758.0,7759.0,688
2026-09-24 00:05:00-04:00,7747.5,7749.25,7747.5,7748.25,10970
2026-09-24 00:10:00-04:00,7748.5,7749.25,7746.25,7746.75,1868
2026-09-24 00:15:00-04:00,7746.75,7748.0,7745.0,7747.75,2028
2026-09-24 00:20:00-04:00,7748.0,7750.5,7747.5,7748.75,776
2026-09-24 00:25:00-04:00,7748.75,7753.0,7748.75,7752.75,722
2026-09-24 00:30:00-04:00,7752.75,7756.5,7752.0,7756.0,953
2026-09-24 00:35:00-04:00,7755.75,7757.25,7755.0,7756.25,620
2026-09-24 00:40:00-04:00,7756.25,7756.5,7754.25,7755.0,662
2026-09-24 00:45:00-04:00,7755.0,7755.0,7753.5,7754.5,505
2026-09-24 00:50:00-04:00,7754.5,7754.75,7753.75,7754.0,363
2026-09-24 00:55:00-04:00,7754.0,7754.75,7753.25,7754.25,622
2026-09-24 01:00:00-04:00,7754.25,7759.0,7754.25,7758.0,794
2026-09-24 01:05:00-04:00,7758.0,7760.0,7757.0,7757.25,744
2026-09-24 01:10:00-04:00,7757.25,7757.25,7754.25,7754.5,350
2026-09-24 01:15:00-04:00,7754.5,7755.5,7754.0,7755.0,359
2026-09-24 01:20:00-04:00,7755.0,7755.25,7751.75,7753.25,1219
2026-09-24 01:25:00-04:00,7752.75,7756.25,7752.75,7756.25,419
2026-09-24 01:30:00-04:00,7756.0,7757.0,7754.75,7754.75,618
2026-09-24 01:35:00-04:00,7754.75,7755.0,7751.75,7752.5,723
2026-09-24 01:40:00-04:00,7752.5,7754.25,7749.25,7750.0,750
2026-09-24 01:45:00-04:00,7749.5,7749.75,7747.75,7748.0,672
2026-09-24 01:50:00-04:00,7747.75,7750.0,7747.5,7747.5,492
2026-09-24 01:55:00-04:00,7747.25,7747.25,7742.0,7742.0,1791
2026-09-24 02:00:00-04:00,7742.0,7742.75,7738.75,7739.5,2581
2026-09-24 02:05:00-04:00,7739.5,7746.0,7738.25,7745.0,2510
2026-09-24 02:10:00-04:00,7745.0,7747.75,7744.0,7746.5,1062
2026-09-24 02:15:00-04:00,7746.75,7748.0,7745.25,7745.5,809
2026-09-24 02:20:00-04:00,7745.5,7745.5,7741.75,7743.0,1256
2026-09-24 02:25:00-04:00,7742.75,7743.5,7739.5,7741.0,1324
2026-09-24 02:30:00-04:00,7741.0,7741.25,7737.25,7737.25,1255
2026-09-24 02:35:00-04:00,7737.25,7738.0,7735.5,7736.75,1835
2026-09-24 02:40:00-04:00,7737.0,7741.25,7736.75,7739.0,1430
2026-09-24 02:45:00-04:00,7739.0,7740.25,7737.0,7738.5,955
2026-09-24 02:50:00-04:00,7738.5,7739.0,7735.5,7735.5,1087
2026-09-24 02:55:00-04:00,7736.0,7737.25,7734.25,7735.5,1194
2026-09-24 03:00:00-04:00,7735.25,7736.5,7730.75,7735.25,4081
2026-09-24 03:05:00-04:00,7735.5,7743.25,7733.0,7742.75,2710
2026-09-24 03:10:00-04:00,7742.75,7745.25,7741.5,7745.0,1830
2026-09-24 03:15:00-04:00,7744.75,7745.75,7740.75,7744.5,2079
2026-09-24 03:20:00-04:00,7744.5,7744.75,7741.25,7741.75,1240
2026-09-24 03:25:00-04:00,7741.75,7745.0,7741.0,7744.75,1232
2026-09-24 03:30:00-04:00,7744.75,7746.25,7743.0,7744.0,2573
2026-09-24 03:35:00-04:00,7744.25,7748.0,7743.25,7746.25,1947
2026-09-24 03:40:00-04:00,7746.25,7747.5,7744.25,7746.75,1039
2026-09-24 03:45:00-04:00,7746.5,7747.25,7743.5,7744.25,1216
2026-09-24 03:50:00-04:00,7744.0,7744.25,7740.75,7741.25,1286
2026-09-24 03:55:00-04:00,7741.25,7741.25,7733.5,7734.0,2163
2026-09-24 04:00:00-04:00,7734.0,7741.25,7732.0,7736.75,3257
2026-09-24 04:05:00-04:00,7736.75,7737.75,7732.5,7733.5,2103
2026-09-24 04:10:00-04:00,7733.25,7733.5,7725.0,7726.5,4790
2026-09-24 04:15:00-04:00,7726.25,7730.75,7725.0,7727.5,3978
2026-09-24 04:20:00-04:00,7727.25,7727.75,7724.25,7726.75,3298
2026-09-24 04:25:00-04:00,7726.75,7728.75,7722.5,7723.25,3427
2026-09-24 04:30:00-04:00,7723.5,7731.5,7722.0,7722.75,6599
2026-09-24 04:35:00-04:00,7722.75,7725.25,7721.0,7724.75,3875
2026-09-24 04:40:00-04:00,7724.75,7728.0,7722.0,7726.0,2684
2026-09-24 04:45:00-04:00,7726.0,7727.75,7722.25,7723.0,1787
2026-09-24 04:50:00-04:00,7722.75,7725.5,7721.5,7722.25,1718
2026-09-24 04:55:00-04:00,7722.0,7723.75,7721.0,7723.25,1479
2026-09-24 05:00:00-04:00,7723.5,7727.5,7722.5,7725.25,2533
2026-09-24 05:05:00-04:00,7725.0,7729.75,7723.5,7727.75,2292
2026-09-24 05:10:00-04:00,7727.75,7729.0,7723.5,7725.5,1822
2026-09-24 05:15:00-04:00,7725.25,7726.75,7723.25,7726.5,1764
2026-09-24 05:20:00-04:00,7726.25,7728.25,7724.25,7727.75,1740
2026-09-24 05:25:00-04:00,7727.5,7729.5,7724.25,7725.0,1534
2026-09-24 05:30:00-04:00,7724.75,7725.25,7721.25,7725.0,1634
2026-09-24 05:35:00-04:00,7725.0,7725.75,7719.0,7721.25,2283
2026-09-24 05:40:00-04:00,7721.25,7721.75,7707.25,7713.25,9784
2026-09-24 05:45:00-04:00,7713.0,7719.5,7711.75,7719.25,3096
2026-09-24 05:50:00-04:00,7719.0,7721.0,7716.5,7720.25,2581
2026-09-24 05:55:00-04:00,7720.25,7724.5,7720.0,7724.25,2451
2026-09-24 06:00:00-04:00,7724.0,7726.5,7722.0,7722.0,2143
2026-09-24 06:05:00-04:00,7722.25,7722.75,7720.0,7721.0,1383
2026-09-24 06:10:00-04:00,7721.0,7725.25,7721.0,7725.0,2122
2026-09-24 06:15:00-04:00,7725.0,7728.25,7724.5,7726.5,2543
2026-09-24 06:20:00-04:00,7726.75,7727.25,7720.75,7720.75,3573
2026-09-24 06:25:00-04:00,7721.0,7725.25,7719.0,7721.75,4754
2026-09-24 06:30:00-04:00,7721.75,7725.5,7719.5,7724.75,2738
2026-09-24 06:35:00-04:00,7725.0,7730.25,7724.25,7729.25,2847
2026-09-24 06:40:00-04:00,7729.75,7731.5,7729.25,7730.5,2944
2026-09-24 06:45:00-04:00,7730.75,7737.75,7729.5,7737.0,5431
2026-09-24 06:50:00-04:00,7737.0,7737.75,7730.75,7730.75,2547
2026-09-24 06:55:00-04:00,7730.75,7733.5,7728.75,7733.0,2176
2026-09-24 07:00:00-04:00,7733.0,7735.5,7730.5,7730.5,2506
2026-09-24 07:05:00-04:00,7730.25,7731.5,7727.25,7729.0,1448
2026-09-24 07:10:00-04:00,7729.0,7732.25,7726.25,7731.75,1845
2026-09-24 07:15:00-04:00,7731.75,7736.25,7729.75,7732.5,5166
2026-09-24 07:20:00-04:00,7732.5,7736.0,7731.25,7734.75,2310
2026-09-24 07:25:00-04:00,7734.5,7734.5,7730.5,7730.75,1254
2026-09-24 07:30:00-04:00,7730.75,7734.5,7729.0,7729.5,1643
2026-09-24 07:35:00-04:00,7729.25,7729.75,7726.25,7727.0,1498
2026-09-24 07:40:00-04:00,7727.0,7727.5,7725.25,7726.5,1051
2026-09-24 07:45:00-04:00,7726.5,7726.5,7722.0,7722.25,2527
2026-09-24 07:50:00-04:00,7722.5,7726.0,7722.0,7726.0,2160
2026-09-24 07:55:00-04:00,7726.0,7734.0,7724.5,7732.25,4840
2026-09-24 08:00:00-04:00,7732.0,7732.5,7726.5,7727.25,3952
2026-09-24 08:05:00-04:00,7727.0,7730.75,7727.0,7730.0,1466
2026-09-24 08:10:00-04:00,7730.0,7734.5,7729.5,7733.75,2258
2026-09-24 08:15:00-04:00,7733.75,7737.75,7733.0,7736.5,3123
2026-09-24 08:20:00-04:00,7736.25,7739.5,7735.25,7737.5,3492
2026-09-24 08:25:00-04:00,7737.25,7738.25,7731.25,7734.0,6244
2026-09-24 08:30:00-04:00,7733.75,7735.25,7727.75,7728.0,2421
2026-09-24 08:35:00-04:00,7727.75,7728.5,7724.5,7727.25,3149
2026-09-24 08:40:00-04:00,7727.25,7735.25,7727.0,7733.75,4052
2026-09-24 08:45:00-04:00,7734.0,7735.75,7731.75,7732.25,1961
2026-09-24 08:50:00-04:00,7732.0,7734.75,7729.75,7734.75,2237
2026-09-24 08:55:00-04:00,7734.5,7737.25,7733.5,7735.0,4229
2026-09-24 09:00:00-04:00,7734.75,7738.5,7734.75,7736.25,5650
2026-09-24 09:05:00-04:00,7736.0,7736.75,7734.0,7735.25,2914
2026-09-24 09:10:00-04:00,7735.5,7739.5,7735.25,7738.0,2681
2026-09-24 09:15:00-04:00,7737.75,7741.5,7737.25,7740.75,4387
2026-09-24 09:20:00-04:00,7740.5,7741.0,7737.5,7738.5,2759
2026-09-24 09:25:00-04:00,7738.5,7739.25,7734.0,7734.0,7845
2026-09-24 09:30:00-04:00,7734.0,7742.75,7730.0,7741.0,32712
2026-09-24 09:35:00-04:00,7741.0,7744.75,7738.75,7744.25,20254
2026-09-24 09:40:00-04:00,7744.0,7744.25,7737.5,7740.5,15270
2026-09-24 09:45:00-04:00,7740.25,7747.75,7738.75,7743.75,18508
2026-09-24 09:50:00-04:00,7743.75,7746.5,7741.25,7743.25,13520
2026-09-24 09:55:00-04:00,7743.0,7749.0,7741.5,7747.75,12804
2026-09-24 10:00:00-04:00,7748.0,7753.75,7746.25,7753.5,19279
2026-09-24 10:05:00-04:00,7753.75,7758.0,7753.25,7755.5,15135
2026-09-24 10:10:00-04:00,7755.75,7756.0,7751.75,7754.0,17306
2026-09-24 10:15:00-04:00,7753.75,7757.5,7749.5,7755.75,21319
2026-09-24 10:20:00-04:00,7756.0,7756.0,7751.75,7752.0,15016
2026-09-24 10:25:00-04:00,7752.0,7757.25,7750.5,7754.5,16186
2026-09-24 10:30:00-04:00,7754.5,7755.25,7749.0,7753.25,12620
2026-09-24 10:35:00-04:00,7753.0,7755.25,7750.5,7753.0,11990
2026-09-24 10:40:00-04:00,7753.0,7754.25,7745.5,7746.25,12656
2026-09-24 10:45:00-04:00,7746.5,7748.75,7743.0,7746.5,14892
2026-09-24 10:50:00-04:00,7746.5,7750.5,7741.5,7742.25,16739
2026-09-24 10:55:00-04:00,7742.25,7742.5,7735.0,7738.25,18663
2026-09-24 11:00:00-04:00,7738.5,7741.25,7736.25,7737.0,15802
2026-09-24 11:05:00-04:00,7737.25,7738.0,7733.5,7734.5,14596
2026-09-24 11:10:00-04:00,7734.25,7736.25,7725.25,7726.75,18132
2026-09-24 11:15:00-04:00,7726.75,7734.75,7725.5,7731.5,24656
2026-09-24 11:20:00-04:00,7731.5,7738.75,7729.5,7738.0,17762
2026-09-24 11:25:00-04:00,7738.0,7738.0,7728.25,7729.25,15579
2026-09-24 11:30:00-04:00,7729.25,7730.5,7726.75,7727.75,13361
2026-09-24 11:35:00-04:00,7728.0,7733.5,7728.0,7730.75,14371
2026-09-24 11:40:00-04:00,7730.75,7735.0,7728.75,7733.75,10163
2026-09-24 11:45:00-04:00,7734.0,7736.5,7727.25,7728.5,10273
2026-09-24 11:50:00-04:00,7728.75,7737.5,7728.0,7736.0,11470
2026-09-24 11:55:00-04:00,7736.25,7737.25,7732.75,7735.75,8753
2026-09-24 12:00:00-04:00,7735.75,7736.25,7730.0,7734.25,9720
2026-09-24 12:05:00-04:00,7734.0,7735.0,7730.25,7732.0,8689
2026-09-24 12:10:00-04:00,7731.75,7740.0,7729.5,7739.5,10263
2026-09-24 12:15:00-04:00,7739.5,7778.0,7738.75,7762.0,90693
2026-09-24 12:20:00-04:00,7762.0,7768.0,7759.25,7763.25,31399
2026-09-24 12:25:00-04:00,7763.5,7767.5,7756.25,7765.5,21692
2026-09-24 12:30:00-04:00,7765.5,7766.25,7757.0,7762.25,18623
2026-09-24 12:35:00-04:00,7762.25,7772.0,7761.0,7771.75,17705
2026-09-24 12:40:00-04:00,7771.5,7783.0,7769.75,7770.0,27648
2026-09-24 12:45:00-04:00,7770.0,7780.5,7765.75,7779.5,29205
2026-09-24 12:50:00-04:00,7779.5,7781.5,7772.25,7774.5,23101
2026-09-24 12:55:00-04:00,7774.5,7783.5,7774.0,7776.5,17508
2026-09-24 13:00:00-04:00,7776.25,7780.75,7769.0,7776.25,23148
2026-09-24 13:05:00-04:00,7776.25,7780.5,7774.25,7776.0,12330
2026-09-24 13:10:00-04:00,7775.75,7779.25,7770.0,7777.75,19674
2026-09-24 13:15:00-04:00,7777.75,7778.0,7768.75,7768.75,14672
2026-09-24 13:20:00-04:00,7768.75,7772.75,7766.0,7767.5,14103
2026-09-24 13:25:00-04:00,7767.25,7767.5,7759.5,7766.25,15323
2026-09-24 13:30:00-04:00,7766.0,7770.5,7761.75,7762.5,15287
2026-09-24 13:35:00-04:00,7762.25,7764.25,7758.75,7762.5,13798
2026-09-24 13:40:00-04:00,7762.25,7764.5,7755.0,7755.75,16147
2026-09-24 13:45:00-04:00,7755.75,7762.25,7753.75,7760.5,16585
2026-09-24 13:50:00-04:00,7760.5,7762.0,7757.5,7759.0,12194
2026-09-24 13:55:00-04:00,7759.25,7764.75,7758.0,7763.0,11594
2026-09-24 14:00:00-04:00,7763.25,7764.0,7749.5,7750.5,20958
2026-09-24 14:05:00-04:00,7750.25,7763.5,7750.25,7761.25,17736
2026-09-24 14:10:00-04:00,7761.25,7765.0,7759.5,7764.0,11388
2026-09-24 14:15:00-04:00,7763.75,7769.0,7762.25,7766.25,11642
2026-09-24 14:20:00-04:00,7766.25,7766.75,7761.75,7765.5,8390
2026-09-24 14:25:00-04:00,7765.5,7774.25,7765.0,7769.5,19123
2026-09-24 14:30:00-04:00,7769.5,7770.75,7764.5,7764.5,11083
2026-09-24 14:35:00-04:00,7764.5,7777.75,7762.5,7772.0,25175
2026-09-24 14:40:00-04:00,7772.0,7772.0,7765.5,7768.5,10240
2026-09-24 14:45:00-04:00,7768.5,7770.75,7768.0,7769.25,6190
2026-09-24 14:50:00-04:00,7769.25,7774.75,7768.75,7771.5,10558
2026-09-24 14:55:00-04:00,7771.25,7777.0,7771.25,7773.25,8888
2026-09-24 15:00:00-04:00,7773.25,7774.5,7764.0,7765.75,18154
2026-09-24 15:05:00-04:00,7765.75,7769.5,7765.5,7768.25,7028
2026-09-24 15:10:00-04:00,7768.0,7769.5,7765.75,7766.75,7014
2026-09-24 15:15:00-04:00,7766.75,7771.25,7766.75,7770.5,9193
2026-09-24 15:20:00-04:00,7770.25,7772.5,7768.5,7771.75,6486
2026-09-24 15:25:00-04:00,7771.75,7772.5,7768.25,7769.5,7366
2026-09-24 15:30:00-04:00,7769.5,7770.75,7767.5,7770.75,9138
2026-09-24 15:35:00-04:00,7770.75,7771.25,7767.5,7771.0,8781
2026-09-24 15:40:00-04:00,7770.75,7772.25,7768.25,7769.0,8719
2026-09-24 15:45:00-04:00,7768.75,7770.25,7766.25,7766.5,9787
2026-09-24 15:50:00-04:00,7766.5,7774.5,7766.25,7772.5,22543
2026-09-24 15:55:00-04:00,7772.75,7772.75,7765.0,7765.5,71557
2026-09-24 16:00:00-04:00,7765.5,7766.0,7760.25,7761.5,21341
2026-09-24 16:05:00-04:00,7761.5,7762.5,7760.75,7761.75,4211
2026-09-24 16:10:00-04:00,7761.75,7762.25,7757.25,7757.5,5045
2026-09-24 16:15:00-04:00,7757.5,7758.5,7751.25,7753.0,6127
2026-09-24 16:20:00-04:00,7753.0,7753.25,7751.0,7751.25,2097
2026-09-24 16:25:00-04:00,7751.25,7752.0,7748.75,7749.5,2455
2026-09-24 16:30:00-04:00,7749.5,7753.0,7749.5,7752.25,2007
2026-09-24 16:35:00-04:00,7752.25,7753.75,7751.75,7753.75,1699
2026-09-24 16:40:00-04:00,7753.75,7756.0,7752.75,7755.0,1458
2026-09-24 16:45:00-04:00,7755.25,7758.25,7755.0,7758.0,1688
2026-09-24 16:50:00-04:00,7758.0,7759.0,7757.5,7758.5,1549
2026-09-24 16:55:00-04:00,7758.75,7760.75,7758.0,7759.5,2160
2026-09-24 18:00:00-04:00,7759.0,7763.75,7756.75,7762.25,0
2026-09-24 18:05:00-04:00,7762.25,7762.5,7756.5,7759.25,792
2026-09-24 18:10:00-04:00,7759.5,7760.0,7757.5,7758.25,417
2026-09-24 18:15:00-04:00,7758.25,7758.75,7757.0,7757.0,482
2026-09-24 18:20:00-04:00,7756.75,7757.0,7755.0,7755.5,423
2026-09-24 18:25:00-04:00,7755.5,7756.0,7754.0,7755.0,554
2026-09-24 18:30:00-04:00,7755.0,7757.25,7754.5,7756.25,784
2026-09-24 18:35:00-04:00,7756.25,7756.75,7755.75,7755.75,219
2026-09-24 18:40:00-04:00,7755.75,7758.5,7755.5,7757.75,414
2026-09-24 18:45:00-04:00,7758.0,7758.0,7756.25,7757.25,317
2026-09-24 18:50:00-04:00,7757.25,7758.0,7757.0,7757.25,101
2026-09-24 18:55:00-04:00,7757.25,7757.75,7756.25,7756.75,159
2026-09-24 19:00:00-04:00,7756.75,7758.0,7756.75,7758.0,288
2026-09-24 19:05:00-04:00,7758.0,7759.25,7755.25,7756.25,374
2026-09-24 19:10:00-04:00,7756.0,7756.0,7754.25,7755.5,202
2026-09-24 19:15:00-04:00,7755.5,7756.25,7755.0,7755.5,148
2026-09-24 19:20:00-04:00,7755.5,7757.75,7754.75,7757.75,201
2026-09-24 19:25:00-04:00,7757.5,7759.25,7756.75,7757.5,449
2026-09-24 19:30:00-04:00,7757.75,7759.25,7757.75,7758.25,215
2026-09-24 19:35:00-04:00,7758.25,7759.25,7757.5,7758.0,229
2026-09-24 19:40:00-04:00,7758.25,7758.5,7755.25,7755.5,304
2026-09-24 19:45:00-04:00,7755.5,7756.5,7754.0,7755.0,447
2026-09-24 19:50:00-04:00,7755.0,7755.25,7750.75,7751.75,862
2026-09-24 19:55:00-04:00,7752.0,7752.5,7750.75,7751.5,336
2026-09-24 20:00:00-04:00,7751.25,7755.0,7751.0,7753.5,1136
2026-09-24 20:05:00-04:00,7753.0,7753.75,7750.0,7753.0,715
2026-09-24 20:10:00-04:00,7753.0,7753.5,7751.25,7752.25,521
2026-09-24 20:15:00-04:00,7752.25,7754.0,7750.25,7753.25,1125
2026-09-24 20:20:00-04:00,7753.25,7757.25,7752.75,7756.25,799
2026-09-24 20:25:00-04:00,7756.25,7757.25,7754.5,7755.0,1179
2026-09-24 20:30:00-04:00,7754.75,7755.25,7751.75,7752.5,1117
2026-09-24 20:35:00-04:00,7752.75,7753.25,7748.5,7749.5,1117
2026-09-24 20:40:00-04:00,7749.5,7751.25,7748.75,7750.5,1282
2026-09-24 20:45:00-04:00,7750.25,7752.5,7750.0,7752.25,1098
2026-09-24 20:50:00-04:00,7752.25,7752.25,7749.5,7752.0,702
2026-09-24 20:55:00-04:00,7751.75,7752.75,7750.5,7751.75,609
2026-09-24 21:00:00-04:00,7751.75,7753.25,7749.25,7752.75,1254
2026-09-24 21:05:00-04:00,7752.5,7754.5,7750.0,7753.5,659
2026-09-24 21:10:00-04:00,7753.5,7761.5,7753.25,7760.0,2181
2026-09-24 21:15:00-04:00,7760.0,7763.25,7758.25,7760.0,1472
2026-09-24 21:20:00-04:00,7760.25,7763.5,7760.0,7761.75,993
2026-09-24 21:25:00-04:00,7761.75,7763.75,7761.0,7761.5,925
2026-09-24 21:30:00-04:00,7761.5,7761.75,7757.75,7757.75,1468
2026-09-24 21:35:00-04:00,7757.5,7762.75,7756.5,7762.75,1367
2026-09-24 21:40:00-04:00,7762.75,7765.25,7762.25,7763.75,1207
2026-09-24 21:45:00-04:00,7763.5,7763.75,7761.25,7763.5,660
2026-09-24 21:50:00-04:00,7763.25,7763.25,7760.5,7760.5,457
2026-09-24 21:55:00-04:00,7760.5,7762.25,7759.25,7762.0,568
2026-09-24 22:00:00-04:00,7762.25,7763.25,7761.25,7762.5,522
2026-09-24 22:05:00-04:00,7762.75,7764.5,7762.25,7764.25,704
2026-09-24 22:10:00-04:00,7764.25,7764.75,7762.5,7763.0,558
2026-09-24 22:15:00-04:00,7763.0,7765.25,7763.0,7765.0,462
2026-09-24 22:20:00-04:00,7765.0,7766.25,7764.75,7765.0,570
2026-09-24 22:25:00-04:00,7764.75,7764.75,7761.5,7762.0,493
2026-09-24 22:30:00-04:00,7761.75,7762.0,7758.25,7758.5,615
2026-09-24 22:35:00-04:00,7758.25,7759.75,7757.25,7759.5,593
2026-09-24 22:40:00-04:00,7759.75,7762.75,7759.5,7762.0,661
2026-09-24 22:45:00-04:00,7762.0,7762.75,7759.0,7759.5,571
2026-09-24 22:50:00-04:00,7759.5,7761.5,7758.5,7761.5,561
2026-09-24 22:55:00-04:00,7761.0,7762.25,7760.25,7762.0,208
2026-09-24 23:00:00-04:00,7762.0,7762.75,7761.0,7762.25,341
2026-09-24 23:05:00-04:00,7762.5,7766.0,7762.25,7765.25,679
2026-09-24 23:10:00-04:00,7765.25,7765.5,7763.75,7764.75,296
2026-09-24 23:15:00-04:00,7765.0,7766.25,7763.5,7765.25,678
2026-09-24 23:20:00-04:00,7765.25,7767.25,7765.0,7766.0,473
2026-09-24 23:25:00-04:00,7766.0,7766.5,7764.75,7765.25,314
2026-09-24 23:30:00-04:00,7765.5,7766.25,7764.5,7765.5,533
2026-09-24 23:35:00-04:00,7765.5,7766.25,7763.75,7765.75,464
2026-09-24 23:40:00-04:00,7765.75,7766.75,7761.5,7761.5,640
2026-09-24 23:45:00-04:00,7761.75,7763.0,7760.75,7762.75,786
2026-09-24 23:50:00-04:00,7762.5,7763.5,7761.5,7762.5,449
2026-09-24 23:55:00-04:00,7762.75,7764.25,7762.25,7763.5,355
2026-09-25 00:05:00-04:00,7760.5,7761.25,7760.25,7760.75,1479
2026-09-25 00:10:00-04:00,7760.75,7761.5,7760.0,7760.25,623
2026-09-25 00:15:00-04:00,7760.25,7761.75,7758.75,7759.5,646
2026-09-25 00:20:00-04:00,7759.5,7760.0,7758.5,7760.0,522
2026-09-25 00:25:00-04:00,7760.25,7760.75,7758.75,7759.0,419
2026-09-25 00:30:00-04:00,7759.25,7760.5,7758.5,7760.25,582
2026-09-25 00:35:00-04:00,7760.25,7761.75,7760.0,7761.5,401
2026-09-25 00:40:00-04:00,7761.5,7762.25,7760.25,7760.5,490
2026-09-25 00:45:00-04:00,7760.5,7761.75,7760.5,7761.0,411
2026-09-25 00:50:00-04:00,7760.75,7761.75,7759.5,7760.25,481
2026-09-25 00:55:00-04:00,7760.25,7760.5,7757.75,7759.5,514
2026-09-25 01:00:00-04:00,7759.25,7761.25,7759.0,7760.75,637
2026-09-25 01:05:00-04:00,7761.0,7763.25,7760.0,7763.0,825
2026-09-25 01:10:00-04:00,7763.0,7763.75,7762.0,7762.0,733
2026-09-25 01:15:00-04:00,7762.25,7764.25,7762.0,7762.75,469
2026-09-25 01:20:00-04:00,7762.75,7763.5,7760.75,7760.75,504
2026-09-25 01:25:00-04:00,7760.75,7763.75,7760.75,7763.5,417
2026-09-25 01:30:00-04:00,7763.5,7771.0,7763.0,7769.25,2495
2026-09-25 01:35:00-04:00,7769.5,7771.75,7769.5,7771.0,605
2026-09-25 01:40:00-04:00,7771.0,7773.25,7770.25,7773.25,608
2026-09-25 01:45:00-04:00,7773.0,7774.0,7770.5,7770.75,686
2026-09-25 01:50:00-04:00,7770.5,7772.5,7770.5,7772.5,376
2026-09-25 01:55:00-04:00,7772.5,7772.5,7769.75,7770.0,571
2026-09-25 02:00:00-04:00,7770.0,7772.75,7769.75,7772.25,1174
2026-09-25 02:05:00-04:00,7772.25,7773.5,7771.75,7773.25,790
2026-09-25 02:10:00-04:00,7773.5,7776.0,7773.0,7775.5,1526
2026-09-25 02:15:00-04:00,7775.5,7777.75,7774.75,7777.0,1208
2026-09-25 02:20:00-04:00,7777.0,7778.5,7775.75,7777.5,975
2026-09-25 02:25:00-04:00,7777.75,7778.0,7774.0,7775.0,1861
2026-09-25 02:30:00-04:00,7775.25,7777.5,7774.25,7777.5,1320
2026-09-25 02:35:00-04:00,7777.25,7777.75,7775.5,7776.5,844
2026-09-25 02:40:00-04:00,7776.5,7777.75,7776.0,7776.75,600
2026-09-25 02:45:00-04:00,7776.75,7777.5,7775.0,7777.0,758
2026-09-25 02:50:00-04:00,7777.0,7777.5,7775.0,7777.25,867
2026-09-25 02:55:00-04:00,7777.25,7778.25,7774.5,7774.75,1199
2026-09-25 03:00:00-04:00,7774.75,7778.25,7774.25,7775.75,2354
2026-09-25 03:05:00-04:00,7775.75,7778.0,7775.0,7777.0,1047
2026-09-25 03:10:00-04:00,7777.0,7778.5,7776.25,7777.5,1256
2026-09-25 03:15:00-04:00,7777.5,7778.5,7774.75,7775.5,1676
2026-09-25 03:20:00-04:00,7775.75,7778.75,7775.5,7777.75,1541
2026-09-25 03:25:00-04:00,7777.75,7780.5,7775.75,7780.25,1513
2026-09-25 03:30:00-04:00,7780.25,7781.75,7773.5,7774.0,1764
2026-09-25 03:35:00-04:00,7774.25,7777.0,7774.0,7774.75,1395
2026-09-25 03:40:00-04:00,7774.75,7776.75,7774.25,7775.25,1062
2026-09-25 03:45:00-04:00,7775.5,7778.5,7775.0,7775.25,1340
2026-09-25 03:50:00-04:00,7775.25,7776.25,7774.5,7775.25,1184
2026-09-25 03:55:00-04:00,7775.25,7776.75,7774.5,7775.25,1331
2026-09-25 04:00:00-04:00,7775.25,7776.25,7771.75,7772.5,1990
2026-09-25 04:05:00-04:00,7772.5,7775.5,7771.5,7775.0,1763
2026-09-25 04:10:00-04:00,7775.0,7780.75,7775.0,7779.0,1823
2026-09-25 04:15:00-04:00,7779.0,7781.75,7777.75,7779.0,1363
2026-09-25 04:20:00-04:00,7779.0,7782.25,7778.5,7782.25,1257
2026-09-25 04:25:00-04:00,7782.25,7784.5,7780.25,7784.25,2136
2026-09-25 04:30:00-04:00,7784.25,7786.5,7783.25,7785.75,1444
2026-09-25 04:35:00-04:00,7785.5,7786.25,7782.5,7783.5,1368
2026-09-25 04:40:00-04:00,7783.5,7787.25,7783.5,7786.75,812
2026-09-25 04:45:00-04:00,7786.75,7788.75,7786.75,7787.25,1281
2026-09-25 04:50:00-04:00,7787.25,7789.0,7786.75,7788.75,1140
2026-09-25 04:55:00-04:00,7789.0,7790.75,7789.0,7789.25,1361
2026-09-25 05:00:00-04:00,7789.25,7791.75,7788.75,7790.25,2216
2026-09-25 05:05:00-04:00,7790.25,7792.5,7790.0,7792.25,1110
2026-09-25 05:10:00-04:00,7792.25,7792.25,7790.0,7790.25,1082
2026-09-25 05:15:00-04:00,7790.25,7792.5,7789.5,7789.75,1544
2026-09-25 05:20:00-04:00,7790.0,7790.0,7788.0,7789.5,1750
2026-09-25 05:25:00-04:00,7789.75,7789.75,7788.0,7788.25,1096
2026-09-25 05:30:00-04:00,7788.25,7790.5,7786.5,7790.0,1660
2026-09-25 05:35:00-04:00,7789.75,7790.5,7789.25,7790.5,1937
2026-09-25 05:40:00-04:00,7790.5,7791.25,7789.0,7790.25,1364
2026-09-25 05:45:00-04:00,7790.25,7790.25,7786.5,7787.75,1308
2026-09-25 05:50:00-04:00,7787.75,7787.75,7786.0,7787.5,1206
2026-09-25 05:55:00-04:00,7787.5,7789.0,7786.75,7786.75,1134
2026-09-25 06:00:00-04:00,7787.0,7788.25,7785.0,7785.5,1567
2026-09-25 06:05:00-04:00,7785.5,7786.5,7784.25,7786.0,1599
2026-09-25 06:10:00-04:00,7786.25,7789.75,7785.75,7789.5,1170
2026-09-25 06:15:00-04:00,7789.25,7791.5,7788.75,7789.25,1330
2026-09-25 06:20:00-04:00,7789.25,7790.5,7788.5,7789.0,1043
2026-09-25 06:25:00-04:00,7788.75,7789.75,7788.25,7788.75,795
2026-09-25 06:30:00-04:00,7788.75,7790.25,7787.25,7789.0,1188
2026-09-25 06:35:00-04:00,7788.75,7789.5,7785.5,7785.75,1077
2026-09-25 06:40:00-04:00,7785.75,7786.5,7785.0,7785.75,1054
2026-09-25 06:45:00-04:00,7785.5,7786.75,7784.0,7785.75,1911
2026-09-25 06:50:00-04:00,7785.5,7787.5,7783.5,7786.75,1054
2026-09-25 06:55:00-04:00,7786.75,7786.75,7785.0,7785.75,897
2026-09-25 07:00:00-04:00,7785.75,7788.5,7785.25,7786.25,1759
2026-09-25 07:05:00-04:00,7786.0,7793.5,7786.0,7793.25,1464
2026-09-25 07:10:00-04:00,7793.25,7795.75,7793.0,7795.5,2071
2026-09-25 07:15:00-04:00,7795.75,7798.75,7795.0,7796.5,2619
2026-09-25 07:20:00-04:00,7796.25,7796.75,7795.25,7796.0,1198
2026-09-25 07:25:00-04:00,7796.0,7798.0,7795.5,7795.5,1097
2026-09-25 07:30:00-04:00,7795.5,7797.25,7794.5,7796.5,1381
2026-09-25 07:35:00-04:00,7796.5,7800.75,7794.0,7794.25,3531
2026-09-25 07:40:00-04:00,7794.5,7795.75,7794.25,7795.0,1007
2026-09-25 07:45:00-04:00,7794.75,7796.0,7794.25,7794.5,1043
2026-09-25 07:50:00-04:00,7794.5,7796.25,7793.75,7796.0,1229
2026-09-25 07:55:00-04:00,7795.75,7796.0,7792.5,7792.5,1315
2026-09-25 08:00:00-04:00,7792.5,7795.75,7792.0,7795.25,2795
2026-09-25 08:05:00-04:00,7795.25,7796.25,7793.5,7794.0,1943
2026-09-25 08:10:00-04:00,7794.0,7796.0,7791.5,7793.0,3217
2026-09-25 08:15:00-04:00,7793.0,7793.25,7788.0,7789.75,2421
2026-09-25 08:20:00-04:00,7789.75,7794.25,7789.0,7793.0,2100
2026-09-25 08:25:00-04:00,7792.75,7794.75,7791.75,7792.5,1278
2026-09-25 08:30:00-04:00,7792.75,7793.0,7787.25,7790.25,2934
2026-09-25 08:35:00-04:00,7790.0,7790.75,7787.5,7788.0,3192
2026-09-25 08:40:00-04:00,7788.5,7789.5,7783.25,7786.75,4790
2026-09-25 08:45:00-04:00,7786.75,7792.75,7784.25,7785.5,9275
2026-09-25 08:50:00-04:00,7785.5,7786.0,7783.0,7784.5,2400
2026-09-25 08:55:00-04:00,7784.5,7786.25,7783.5,7785.0,1937
2026-09-25 09:00:00-04:00,7785.0,7786.75,7782.0,7785.5,3935
2026-09-25 09:05:00-04:00,7785.25,7787.5,7785.25,7787.5,2974
2026-09-25 09:10:00-04:00,7787.5,7790.5,7786.5,7788.75,3268
2026-09-25 09:15:00-04:00,7788.75,7789.0,7781.75,7781.75,3906
2026-09-25 09:20:00-04:00,7781.75,7782.75,7779.0,7779.0,4444
2026-09-25 09:25:00-04:00,7779.25,7781.25,7776.0,7777.5,7371
2026-09-25 09:30:00-04:00,7777.75,7785.25,7767.25,7784.5,37388
2026-09-25 09:35:00-04:00,7784.5,7788.25,7782.75,7787.5,21207
2026-09-25 09:40:00-04:00,7787.5,7790.75,7783.5,7785.25,19954
2026-09-25 09:45:00-04:00,7785.25,7787.0,7780.0,7785.25,20572
2026-09-25 09:50:00-04:00,7785.25,7793.25,7784.0,7791.5,18196
2026-09-25 09:55:00-04:00,7791.5,7793.75,7785.25,7787.5,18262
2026-09-25 10:00:00-04:00,7787.5,7788.25,7765.25,7766.0,32782
2026-09-25 10:05:00-04:00,7765.75,7767.75,7755.0,7767.0,39457
2026-09-25 10:10:00-04:00,7767.0,7769.5,7758.0,7759.5,23196
2026-09-25 10:15:00-04:00,7759.25,7762.5,7752.75,7760.5,31909
2026-09-25 10:20:00-04:00,7760.5,7766.75,7759.25,7764.75,20226
2026-09-25 10:25:00-04:00,7764.75,7770.0,7762.0,7764.25,19845
2026-09-25 10:30:00-04:00,7764.0,7770.0,7762.0,7768.0,17980
2026-09-25 10:35:00-04:00,7768.0,7775.75,7766.75,7772.75,15543
2026-09-25 10:40:00-04:00,7772.75,7773.75,7764.75,7769.5,17386
2026-09-25 10:45:00-04:00,7769.75,7774.75,7765.75,7773.25,18173
2026-09-25 10:50:00-04:00,7773.25,7773.5,7765.25,7772.25,12181
2026-09-25 10:55:00-04:00,7772.5,7779.25,7771.75,7778.0,13109
2026-09-25 11:00:00-04:00,7778.25,7787.25,7776.75,7784.0,21210
2026-09-25 11:05:00-04:00,7784.25,7789.0,7781.0,7781.5,15398
2026-09-25 11:10:00-04:00,7781.25,7782.0,7773.5,7779.75,19474
2026-09-25 11:15:00-04:00,7780.0,7782.0,7774.5,7775.5,12202
2026-09-25 11:20:00-04:00,7775.75,7783.5,7774.5,7776.5,15856
2026-09-25 11:25:00-04:00,7776.5,7781.0,7775.75,7777.75,10540
2026-09-25 11:30:00-04:00,7778.0,7788.75,7778.0,7781.75,29134
2026-09-25 11:35:00-04:00,7781.75,7782.25,7771.5,7772.5,14832
2026-09-25 11:40:00-04:00,7772.5,7776.0,7767.0,7767.75,11940
2026-09-25 11:45:00-04:00,7767.5,7774.0,7764.5,7773.5,14018
2026-09-25 11:50:00-04:00,7773.5,7776.75,7765.5,7774.75,19648
2026-09-25 11:55:00-04:00,7774.75,7790.75,7774.5,7790.5,25105
2026-09-25 12:00:00-04:00,7790.5,7806.0,7788.75,7804.0,45604
2026-09-25 12:05:00-04:00,7804.0,7809.0,7802.25,7806.0,33164
2026-09-25 12:10:00-04:00,7806.25,7811.0,7803.5,7806.5,22785
2026-09-25 12:15:00-04:00,7806.5,7809.5,7798.25,7801.0,19465
2026-09-25 12:20:00-04:00,7800.75,7802.0,7791.0,7795.25,25911
2026-09-25 12:25:00-04:00,7795.25,7807.5,7794.0,7807.0,19759
2026-09-25 12:30:00-04:00,7807.0,7808.75,7794.25,7797.75,30070
2026-09-25 12:35:00-04:00,7797.75,7804.25,7797.25,7800.75,16799
2026-09-25 12:40:00-04:00,7800.75,7805.5,7797.5,7802.5,14544
2026-09-25 12:45:00-04:00,7802.5,7802.75,7793.5,7797.25,10921
2026-09-25 12:50:00-04:00,7797.5,7799.75,7796.0,7799.0,7855
2026-09-25 12:55:00-04:00,7799.25,7801.0,7792.25,7795.25,13582
2026-09-25 13:00:00-04:00,7795.25,7802.75,7794.0,7801.25,15057
2026-09-25 13:05:00-04:00,7801.5,7802.75,7796.25,7801.5,7990
2026-09-25 13:10:00-04:00,7801.5,7804.0,7797.75,7804.0,7554
2026-09-25 13:15:00-04:00,7803.75,7804.0,7799.25,7800.0,7535
2026-09-25 13:20:00-04:00,7800.0,7803.75,7799.5,7803.25,6644
2026-09-25 13:25:00-04:00,7803.25,7804.25,7802.25,7804.0,5140
2026-09-25 13:30:00-04:00,7804.0,7805.25,7796.75,7798.75,10371
2026-09-25 13:35:00-04:00,7798.75,7803.0,7796.0,7800.0,11604
2026-09-25 13:40:00-04:00,7800.0,7803.5,7799.75,7800.75,10075
2026-09-25 13:45:00-04:00,7800.5,7803.0,7799.25,7802.25,5942
2026-09-25 13:50:00-04:00,7802.25,7802.5,7797.0,7799.0,7357
2026-09-25 13:55:00-04:00,7799.0,7802.75,7798.25,7802.75,4671
2026-09-25 14:00:00-04:00,7802.75,7803.75,7801.25,7801.75,6276
2026-09-25 14:05:00-04:00,7801.75,7802.5,7799.25,7802.25,6095
2026-09-25 14:10:00-04:00,7802.25,7805.75,7800.25,7805.75,5580
2026-09-25 14:15:00-04:00,7805.75,7806.25,7803.5,7804.25,5618
2026-09-25 14:20:00-04:00,7804.25,7805.0,7802.25,7804.25,4889
2026-09-25 14:25:00-04:00,7804.25,7805.25,7795.25,7800.25,24436
2026-09-25 14:30:00-04:00,7800.25,7805.0,7800.25,7803.25,11758
2026-09-25 14:35:00-04:00,7803.0,7803.5,7797.0,7797.5,9448
2026-09-25 14:40:00-04:00,7797.5,7801.75,7796.25,7801.5,9167
2026-09-25 14:45:00-04:00,7801.75,7802.5,7798.25,7799.75,6472
2026-09-25 14:50:00-04:00,7799.75,7800.5,7797.5,7797.75,5146
2026-09-25 14:55:00-04:00,7797.75,7799.75,7797.25,7798.0,5519
2026-09-25 15:00:00-04:00,7798.25,7801.25,7795.25,7797.25,10494
2026-09-25 15:05:00-04:00,7797.5,7800.0,7796.75,7798.5,5606
2026-09-25 15:10:00-04:00,7798.25,7802.5,7797.5,7802.25,7137
2026-09-25 15:15:00-04:00,7802.25,7803.0,7799.25,7799.5,7507
2026-09-25 15:20:00-04:00,7799.5,7800.25,7796.25,7797.0,7956
2026-09-25 15:25:00-04:00,7797.25,7797.25,7793.25,7794.75,11601
2026-09-25 15:30:00-04:00,7794.75,7796.5,7793.75,7793.75,11767
2026-09-25 15:35:00-04:00,7794.0,7801.25,7793.5,7801.0,16848
2026-09-25 15:40:00-04:00,7801.0,7805.0,7799.25,7803.75,11964
2026-09-25 15:45:00-04:00,7803.75,7811.75,7803.75,7809.0,32252
2026-09-25 15:50:00-04:00,7809.25,7814.75,7809.25,7809.5,28072
2026-09-25 15:55:00-04:00,7809.5,7810.5,7802.5,7804.5,78192
2026-09-25 16:00:00-04:00,7804.5,7807.25,7802.5,7806.0,21579
2026-09-25 16:05:00-04:00,7806.0,7806.5,7803.75,7804.75,5231
2026-09-25 16:10:00-04:00,7804.75,7804.75,7803.0,7803.0,4286
2026-09-25 16:15:00-04:00,7803.0,7803.75,7801.75,7803.25,2863
2026-09-25 16:20:00-04:00,7803.25,7803.75,7802.25,7802.25,1342
2026-09-25 16:25:00-04:00,7802.25,7803.25,7801.5,7802.25,1690
2026-09-25 16:30:00-04:00,7802.5,7805.0,7802.25,7804.25,1706
2026-09-25 16:35:00-04:00,7804.5,7805.5,7804.25,7805.0,902
2026-09-25 16:40:00-04:00,7804.75,7806.5,7804.75,7806.25,1108
2026-09-25 16:45:00-04:00,7806.25,7806.5,7805.5,7805.5,855
2026-09-25 16:50:00-04:00,7805.5,7807.25,7805.5,7805.75,1014
2026-09-25 16:55:00-04:00,7805.75,7806.0,7803.75,7803.75,1475
2026-09-27 18:10:00-04:00,7791.0,7792.25,7786.0,7786.25,802
2026-09-27 18:15:00-04:00,7786.5,7788.25,7785.5,7786.0,736
2026-09-27 18:20:00-04:00,7786.0,7787.5,7783.0,7786.75,1012
2026-09-27 18:25:00-04:00,7787.0,7789.5,7785.5,7785.75,692
2026-09-27 18:30:00-04:00,7785.75,7785.75,7781.5,7782.0,828
2026-09-27 18:35:00-04:00,7782.0,7783.25,7781.5,7783.0,695
2026-09-27 18:40:00-04:00,7783.0,7783.75,7782.75,7783.5,377
2026-09-27 18:45:00-04:00,7783.25,7783.5,7781.25,7781.5,311
2026-09-27 18:50:00-04:00,7781.25,7781.75,7778.75,7780.75,723
2026-09-27 18:55:00-04:00,7780.75,7781.75,7780.5,7781.0,256
2026-09-27 19:00:00-04:00,7781.25,7782.25,7780.25,7780.75,394
2026-09-27 19:05:00-04:00,7781.0,7783.0,7780.5,7781.75,350
2026-09-27 19:10:00-04:00,7782.0,7783.5,7781.75,7783.0,231
2026-09-27 19:15:00-04:00,7783.25,7783.5,7782.25,7783.25,235
2026-09-27 19:20:00-04:00,7783.5,7785.25,7783.25,7783.25,627
2026-09-27 19:25:00-04:00,7783.0,7784.0,7782.5,7783.25,376
2026-09-27 19:30:00-04:00,7783.5,7784.25,7781.25,7782.0,1053
2026-09-27 19:35:00-04:00,7782.0,7782.75,7781.25,7781.75,376
2026-09-27 19:40:00-04:00,7781.5,7782.25,7778.75,7781.5,816
2026-09-27 19:45:00-04:00,7781.5,7785.0,7781.25,7784.0,980
2026-09-27 19:50:00-04:00,7784.25,7785.5,7780.25,7781.25,905
2026-09-27 19:55:00-04:00,7781.25,7784.5,7781.0,7784.0,850
2026-09-27 20:00:00-04:00,7783.75,7788.0,7782.75,7786.5,2155
2026-09-27 20:05:00-04:00,7786.75,7788.0,7785.25,7787.75,1159
2026-09-27 20:10:00-04:00,7787.5,7790.75,7787.5,7790.5,1107
2026-09-27 20:15:00-04:00,7790.25,7790.25,7787.0,7788.75,1286
2026-09-27 20:20:00-04:00,7788.75,7790.5,7788.25,7789.0,1061
2026-09-27 20:25:00-04:00,7789.0,7789.75,7786.75,7787.5,856
2026-09-27 20:30:00-04:00,7787.5,7789.0,7783.5,7785.5,1475
2026-09-27 20:35:00-04:00,7785.25,7786.0,7782.75,7784.5,1020
2026-09-27 20:40:00-04:00,7784.5,7785.25,7781.5,7784.5,1433
2026-09-27 20:45:00-04:00,7784.75,7788.75,7784.75,7787.25,1494
2026-09-27 20:50:00-04:00,7787.5,7789.25,7786.5,7787.5,1097
2026-09-27 20:55:00-04:00,7787.75,7788.0,7781.0,7782.5,2002
2026-09-27 21:00:00-04:00,7782.5,7787.25,7782.25,7787.25,2107
2026-09-27 21:05:00-04:00,7787.25,7787.25,7782.25,7785.25,1002
2026-09-27 21:10:00-04:00,7784.75,7786.0,7783.75,7784.25,568
2026-09-27 21:15:00-04:00,7784.25,7785.0,7782.0,7783.25,715
2026-09-27 21:20:00-04:00,7783.5,7787.75,7783.25,7784.75,839
2026-09-27 21:25:00-04:00,7784.75,7787.75,7784.75,7786.75,671
2026-09-27 21:30:00-04:00,7786.75,7788.75,7786.0,7786.75,1255
2026-09-27 21:35:00-04:00,7787.0,7787.25,7785.75,7787.25,341
2026-09-27 21:40:00-04:00,7787.25,7788.25,7784.75,7785.0,778
2026-09-27 21:45:00-04:00,7785.0,7785.75,7781.75,7782.5,915
2026-09-27 21:50:00-04:00,7782.5,7783.75,7780.75,7781.75,1404
2026-09-27 21:55:00-04:00,7781.75,7784.25,7781.25,7781.5,822
2026-09-27 22:00:00-04:00,7781.25,7781.25,7777.25,7779.25,1587
2026-09-27 22:05:00-04:00,7779.25,7779.25,7775.25,7778.75,1356
2026-09-27 22:10:00-04:00,7778.5,7781.0,7778.25,7780.0,1093
2026-09-27 22:15:00-04:00,7780.0,7780.0,7776.25,7777.75,903
2026-09-27 22:20:00-04:00,7778.0,7778.0,7775.5,7776.25,980
2026-09-27 22:25:00-04:00,7776.25,7780.0,7776.0,7778.5,1058
2026-09-27 22:30:00-04:00,7778.5,7780.25,7776.5,7778.0,1256
2026-09-27 22:35:00-04:00,7777.75,7779.0,7776.25,7777.25,681
2026-09-27 22:40:00-04:00,7777.25,7778.5,7776.5,7778.0,519
2026-09-27 22:45:00-04:00,7778.0,7778.25,7774.75,7775.25,966
2026-09-27 22:50:00-04:00,7775.0,7777.25,7774.0,7776.5,1039
2026-09-27 22:55:00-04:00,7776.25,7776.25,7773.75,7775.25,941
2026-09-27 23:00:00-04:00,7775.25,7777.5,7775.0,7776.5,823
2026-09-27 23:05:00-04:00,7776.75,7778.75,7776.0,7778.25,633
2026-09-27 23:10:00-04:00,7778.25,7779.25,7776.0,7776.25,616
2026-09-27 23:15:00-04:00,7776.25,7777.5,7775.25,7776.0,587
2026-09-27 23:20:00-04:00,7776.25,7777.5,7775.25,7776.0,740
2026-09-27 23:25:00-04:00,7776.0,7776.25,7775.25,7775.25,506
2026-09-27 23:30:00-04:00,7775.5,7775.75,7773.25,7773.25,1040
2026-09-27 23:35:00-04:00,7773.0,7774.5,7771.75,7773.75,1415
2026-09-27 23:40:00-04:00,7774.0,7775.75,7772.5,7775.25,848
2026-09-27 23:45:00-04:00,7775.5,7777.0,7774.5,7776.5,800
2026-09-27 23:50:00-04:00,7776.5,7776.5,7774.0,7775.5,607
2026-09-27 23:55:00-04:00,7775.75,7775.75,7773.0,7773.25,522
2026-09-28 00:00:00-04:00,7772.75,7773.5,7771.5,7773.0,885
2026-09-28 00:05:00-04:00,7773.0,7775.0,7772.25,7774.5,620
2026-09-28 00:10:00-04:00,7774.75,7777.5,7774.75,7777.25,628
2026-09-28 00:15:00-04:00,7777.25,7777.25,7775.25,7777.0,461
2026-09-28 00:20:00-04:00,7777.25,7778.75,7777.25,7778.5,617
2026-09-28 00:25:00-04:00,7778.5,7778.5,7775.5,7776.75,799
2026-09-28 00:30:00-04:00,7776.5,7776.75,7775.5,7776.25,1003
2026-09-28 00:35:00-04:00,7776.5,7777.0,7775.75,7776.5,405
2026-09-28 00:40:00-04:00,7776.5,7777.0,7776.0,7776.5,506
2026-09-28 00:45:00-04:00,7776.25,7776.5,7774.5,7775.0,385
2026-09-28 00:50:00-04:00,7775.25,7777.0,7775.25,7776.0,504
2026-09-28 00:55:00-04:00,7776.0,7776.5,7774.75,7775.25,536
2026-09-28 01:00:00-04:00,7775.25,7779.0,7775.25,7777.25,1136
2026-09-28 01:05:00-04:00,7777.25,7777.75,7775.5,7776.25,807
2026-09-28 01:10:00-04:00,7776.25,7777.0,7773.5,7775.25,977
2026-09-28 01:15:00-04:00,7775.25,7776.25,7773.75,7774.5,712
2026-09-28 01:20:00-04:00,7774.5,7775.0,7773.0,7774.5,781
2026-09-28 01:25:00-04:00,7774.25,7776.75,7773.75,7775.25,799
2026-09-28 01:30:00-04:00,7775.25,7775.75,7772.0,7773.25,1823
2026-09-28 01:35:00-04:00,7773.5,7775.25,7771.25,7772.0,806
2026-09-28 01:40:00-04:00,7772.0,7773.0,7770.5,7772.25,976
2026-09-28 01:45:00-04:00,7772.25,7774.25,7771.25,7773.5,702
2026-09-28 01:50:00-04:00,7773.75,7775.0,7772.25,7773.25,694
2026-09-28 01:55:00-04:00,7773.5,7777.0,7773.25,7775.75,1005
2026-09-28 02:00:00-04:00,7776.0,7779.5,7774.75,7775.0,2214
2026-09-28 02:05:00-04:00,7775.0,7781.5,7774.0,7780.0,2429
2026-09-28 02:10:00-04:00,7780.0,7783.25,7777.0,7778.0,2398
2026-09-28 02:15:00-04:00,7777.75,7779.5,7774.25,7774.75,2239
2026-09-28 02:20:00-04:00,7774.75,7775.0,7771.25,7771.25,2347
2026-09-28 02:25:00-04:00,7771.5,7771.75,7768.5,7769.75,2686
2026-09-28 02:30:00-04:00,7769.5,7773.25,7768.25,7770.75,1898
2026-09-28 02:35:00-04:00,7771.0,7774.0,7771.0,7773.5,1328
2026-09-28 02:40:00-04:00,7773.5,7775.5,7771.5,7771.5,919
2026-09-28 02:45:00-04:00,7771.5,7774.75,7770.75,7774.75,570
2026-09-28 02:50:00-04:00,7774.75,7777.0,7772.5,7773.5,834
2026-09-28 02:55:00-04:00,7773.5,7776.75,7772.25,7776.25,700
2026-09-28 03:00:00-04:00,7776.25,7776.25,7770.25,7773.0,2072
2026-09-28 03:05:00-04:00,7773.0,7773.25,7770.75,7772.0,1348
2026-09-28 03:10:00-04:00,7772.0,7773.0,7768.25,7769.0,1880
2026-09-28 03:15:00-04:00,7769.0,7770.75,7768.0,7770.0,1660
2026-09-28 03:20:00-04:00,7770.25,7771.5,7767.5,7770.25,2802
2026-09-28 03:25:00-04:00,7770.0,7772.0,7767.75,7768.75,1522
2026-09-28 03:30:00-04:00,7768.75,7770.5,7766.75,7769.0,1625
2026-09-28 03:35:00-04:00,7768.75,7770.5,7765.25,7768.25,1564
2026-09-28 03:40:00-04:00,7768.25,7772.0,7765.25,7766.25,1699
2026-09-28 03:45:00-04:00,7766.0,7772.25,7766.0,7771.5,1272
2026-09-28 03:50:00-04:00,7771.5,7773.0,7768.5,7772.75,890
2026-09-28 03:55:00-04:00,7773.0,7775.25,7770.25,7771.0,1404
2026-09-28 04:00:00-04:00,7771.0,7772.75,7768.25,7771.0,2222
2026-09-28 04:05:00-04:00,7771.0,7772.75,7768.25,7771.5,1212
2026-09-28 04:10:00-04:00,7771.25,7775.5,7770.25,7775.5,1852
2026-09-28 04:15:00-04:00,7775.5,7776.75,7770.75,7771.25,1437
2026-09-28 04:20:00-04:00,7771.25,7771.75,7768.5,7770.0,1856
2026-09-28 04:25:00-04:00,7770.0,7774.25,7770.0,7774.0,1394
2026-09-28 04:30:00-04:00,7774.0,7775.25,7771.25,7771.75,1271
2026-09-28 04:35:00-04:00,7771.75,7772.25,7765.25,7767.5,1693
2026-09-28 04:40:00-04:00,7767.5,7770.25,7767.0,7768.0,1523
2026-09-28 04:45:00-04:00,7768.0,7769.5,7766.0,7768.75,1260
2026-09-28 04:50:00-04:00,7768.5,7770.5,7767.0,7767.75,839
2026-09-28 04:55:00-04:00,7768.0,7769.25,7767.0,7767.75,570
2026-09-28 05:00:00-04:00,7767.25,7772.0,7764.25,7764.75,3238
2026-09-28 05:05:00-04:00,7764.75,7766.0,7761.25,7761.75,2050
2026-09-28 05:10:00-04:00,7761.75,7762.75,7760.0,7761.0,2128
2026-09-28 05:15:00-04:00,7761.0,7765.75,7760.0,7765.75,1881
2026-09-28 05:20:00-04:00,7765.75,7768.5,7765.5,7766.5,1852
2026-09-28 05:25:00-04:00,7766.5,7766.75,7763.75,7766.25,2170
2026-09-28 05:30:00-04:00,7766.25,7766.5,7761.25,7761.5,1712
2026-09-28 05:35:00-04:00,7761.5,7765.25,7761.25,7763.5,1112
2026-09-28 05:40:00-04:00,7763.5,7766.75,7763.25,7766.75,1440
2026-09-28 05:45:00-04:00,7767.0,7768.25,7766.5,7767.5,1441
2026-09-28 05:50:00-04:00,7767.75,7769.0,7765.75,7765.75,1425
2026-09-28 05:55:00-04:00,7765.75,7766.75,7763.25,7764.75,1456
2026-09-28 06:00:00-04:00,7764.75,7767.0,7764.0,7766.25,1304
2026-09-28 06:05:00-04:00,7766.25,7766.25,7760.0,7761.25,2268
2026-09-28 06:10:00-04:00,7761.0,7763.5,7757.0,7760.25,3629
2026-09-28 06:15:00-04:00,7760.75,7762.75,7760.25,7760.25,1257
2026-09-28 06:20:00-04:00,7760.25,7762.25,7759.5,7760.25,1101
2026-09-28 06:25:00-04:00,7760.25,7762.0,7759.25,7762.0,1173
2026-09-28 06:30:00-04:00,7761.75,7762.5,7759.5,7761.75,840
2026-09-28 06:35:00-04:00,7762.0,7762.75,7759.5,7760.5,877
2026-09-28 06:40:00-04:00,7760.5,7762.5,7760.25,7760.75,542
2026-09-28 06:45:00-04:00,7761.0,7763.0,7760.75,7762.25,809
2026-09-28 06:50:00-04:00,7762.0,7767.5,7761.5,7764.25,2927
2026-09-28 06:55:00-04:00,7764.25,7764.5,7760.25,7761.5,2254
2026-09-28 07:00:00-04:00,7761.5,7769.75,7761.5,7763.5,9373
2026-09-28 07:05:00-04:00,7763.25,7764.25,7761.0,7764.25,1931
2026-09-28 07:10:00-04:00,7764.25,7765.25,7762.0,7764.0,1287
2026-09-28 07:15:00-04:00,7763.75,7770.75,7762.5,7762.75,6097
2026-09-28 07:20:00-04:00,7763.0,7770.75,7762.5,7770.75,1552
2026-09-28 07:25:00-04:00,7770.5,7770.5,7768.5,7770.25,1176
2026-09-28 07:30:00-04:00,7770.0,7770.25,7766.0,7768.5,1756
2026-09-28 07:35:00-04:00,7768.5,7769.25,7767.0,7768.25,1100
2026-09-28 07:40:00-04:00,7768.25,7769.75,7767.25,7768.75,1807
2026-09-28 07:45:00-04:00,7768.75,7769.75,7767.75,7768.5,1090
2026-09-28 07:50:00-04:00,7768.5,7769.5,7766.25,7767.0,1116
2026-09-28 07:55:00-04:00,7766.75,7770.0,7766.5,7768.25,1045
2026-09-28 08:00:00-04:00,7768.25,7778.5,7762.75,7775.5,9309
2026-09-28 08:05:00-04:00,7775.25,7779.5,7773.5,7776.25,4871
2026-09-28 08:10:00-04:00,7776.25,7779.0,7773.25,7776.25,3116
2026-09-28 08:15:00-04:00,7776.0,7779.25,7775.5,7779.0,2601
2026-09-28 08:20:00-04:00,7778.75,7781.0,7772.75,7776.0,3802
2026-09-28 08:25:00-04:00,7776.0,7781.25,7774.5,7774.5,3497
2026-09-28 08:30:00-04:00,7774.5,7779.0,7773.75,7778.25,2573
2026-09-28 08:35:00-04:00,7778.0,7778.5,7775.25,7776.75,1802
2026-09-28 08:40:00-04:00,7776.75,7778.25,7774.0,7778.25,2510
2026-09-28 08:45:00-04:00,7778.25,7780.5,7776.25,7777.0,2859
2026-09-28 08:50:00-04:00,7777.0,7781.0,7776.5,7780.25,3012
2026-09-28 08:55:00-04:00,7780.25,7781.75,7777.25,7780.75,3117
2026-09-28 09:00:00-04:00,7780.5,7780.5,7774.5,7775.25,3858
2026-09-28 09:05:00-04:00,7775.0,7776.75,7774.0,7776.0,2374
2026-09-28 09:10:00-04:00,7776.0,7777.0,7775.25,7775.75,2700
2026-09-28 09:15:00-04:00,7775.75,7778.25,7773.5,7774.75,5830
2026-09-28 09:20:00-04:00,7774.75,7775.25,7772.0,7773.25,3323
2026-09-28 09:25:00-04:00,7773.25,7774.25,7769.5,7772.75,7084
2026-09-28 09:30:00-04:00,7772.75,7775.25,7763.75,7766.5,30816
2026-09-28 09:35:00-04:00,7766.5,7766.5,7758.75,7764.0,24155
2026-09-28 09:40:00-04:00,7763.75,7766.75,7759.25,7765.0,17974
2026-09-28 09:45:00-04:00,7765.0,7772.75,7762.75,7769.5,23538
2026-09-28 09:50:00-04:00,7769.75,7774.75,7764.5,7771.75,19946
2026-09-28 09:55:00-04:00,7771.75,7773.75,7765.5,7773.0,19917
2026-09-28 10:00:00-04:00,7773.0,7773.75,7766.0,7766.25,15413
2026-09-28 10:05:00-04:00,7766.5,7770.0,7763.75,7767.0,14654
2026-09-28 10:10:00-04:00,7767.0,7767.75,7759.25,7762.0,17586
2026-09-28 10:15:00-04:00,7762.25,7766.5,7760.0,7764.25,18002
2026-09-28 10:20:00-04:00,7764.5,7769.0,7761.25,7766.5,13359
2026-09-28 10:25:00-04:00,7766.5,7767.75,7762.75,7764.0,12798
2026-09-28 10:30:00-04:00,7764.0,7764.25,7760.25,7761.25,12818
2026-09-28 10:35:00-04:00,7761.25,7762.25,7753.0,7753.75,19582
2026-09-28 10:40:00-04:00,7753.75,7755.0,7741.25,7741.75,32532
2026-09-28 10:45:00-04:00,7741.75,7742.25,7726.25,7731.75,41061
2026-09-28 10:50:00-04:00,7731.75,7737.25,7728.0,7728.5,30633
2026-09-28 10:55:00-04:00,7728.5,7733.75,7726.0,7730.75,26478
2026-09-28 11:00:00-04:00,7730.75,7736.75,7730.5,7735.25,24155
2026-09-28 11:05:00-04:00,7735.25,7746.25,7733.0,7746.0,22969
2026-09-28 11:10:00-04:00,7746.25,7747.25,7740.0,7741.0,23018
2026-09-28 11:15:00-04:00,7741.0,7742.0,7737.0,7740.5,17980
2026-09-28 11:20:00-04:00,7740.5,7740.5,7735.5,7738.0,12809
2026-09-28 11:25:00-04:00,7738.0,7742.25,7735.5,7740.25,19282
2026-09-28 11:30:00-04:00,7740.5,7741.25,7736.5,7740.0,13957
2026-09-28 11:35:00-04:00,7740.0,7746.75,7738.75,7746.5,15389
2026-09-28 11:40:00-04:00,7746.5,7746.75,7736.0,7738.75,14429
2026-09-28 11:45:00-04:00,7739.0,7740.0,7736.5,7738.75,10857
2026-09-28 11:50:00-04:00,7738.5,7741.75,7737.5,7741.75,10178
2026-09-28 11:55:00-04:00,7741.75,7745.25,7741.25,7744.25,11505
2026-09-28 12:00:00-04:00,7744.25,7745.75,7741.0,7742.25,11944
2026-09-28 12:05:00-04:00,7742.25,7746.5,7740.75,7745.5,9781
2026-09-28 12:10:00-04:00,7745.5,7748.25,7742.5,7743.25,8462
2026-09-28 12:15:00-04:00,7743.25,7758.5,7743.0,7755.25,35769
2026-09-28 12:20:00-04:00,7755.5,7769.25,7753.5,7768.25,38600
2026-09-28 12:25:00-04:00,7768.25,7786.25,7767.75,7777.0,51816
2026-09-28 12:30:00-04:00,7777.25,7778.0,7764.5,7768.75,30584
2026-09-28 12:35:00-04:00,7768.75,7772.25,7763.75,7765.25,14768
2026-09-28 12:40:00-04:00,7765.25,7767.0,7756.25,7760.25,13320
2026-09-28 12:45:00-04:00,7760.25,7764.75,7756.75,7759.0,15728
2026-09-28 12:50:00-04:00,7759.0,7763.5,7757.0,7762.5,11959
2026-09-28 12:55:00-04:00,7762.5,7763.75,7760.5,7761.75,8235
2026-09-28 13:00:00-04:00,7761.5,7761.75,7756.25,7759.0,10946
2026-09-28 13:05:00-04:00,7759.0,7759.5,7755.0,7756.75,10422
2026-09-28 13:10:00-04:00,7756.75,7783.5,7756.25,7779.75,58590
2026-09-28 13:15:00-04:00,7779.75,7779.75,7763.25,7763.5,24746
2026-09-28 13:20:00-04:00,7763.5,7765.5,7761.0,7764.0,11218
2026-09-28 13:25:00-04:00,7763.75,7765.75,7759.25,7761.25,11214
2026-09-28 13:30:00-04:00,7761.25,7766.0,7759.75,7762.5,9200
2026-09-28 13:35:00-04:00,7762.5,7765.5,7759.0,7762.75,7436
2026-09-28 13:40:00-04:00,7762.75,7764.5,7761.25,7762.75,6344
2026-09-28 13:45:00-04:00,7762.75,7765.25,7760.75,7764.5,7162
2026-09-28 13:50:00-04:00,7764.5,7765.75,7762.0,7765.25,6189
2026-09-28 13:55:00-04:00,7765.5,7766.0,7761.5,7763.75,10819
2026-09-28 14:00:00-04:00,7763.5,7765.5,7759.5,7765.25,8552
2026-09-28 14:05:00-04:00,7765.25,7765.5,7762.0,7763.75,5895
2026-09-28 14:10:00-04:00,7763.75,7766.25,7762.75,7765.5,6585
2026-09-28 14:15:00-04:00,7765.5,7766.5,7760.75,7761.0,6687
2026-09-28 14:20:00-04:00,7761.0,7763.5,7757.5,7759.25,5949
2026-09-28 14:25:00-04:00,7759.5,7761.5,7759.0,7760.0,6421
2026-09-28 14:30:00-04:00,7760.0,7761.25,7756.0,7758.75,12416
2026-09-28 14:35:00-04:00,7758.5,7760.25,7754.0,7755.0,9128
2026-09-28 14:40:00-04:00,7755.0,7762.5,7753.75,7762.0,9706
2026-09-28 14:45:00-04:00,7762.0,7763.75,7758.75,7762.25,11399
2026-09-28 14:50:00-04:00,7762.25,7764.0,7758.25,7761.25,12482
2026-09-28 14:55:00-04:00,7761.0,7762.75,7759.5,7760.75,7490
2026-09-28 15:00:00-04:00,7760.75,7761.25,7753.5,7756.5,12275
2026-09-28 15:05:00-04:00,7756.25,7757.5,7753.75,7754.0,7699
2026-09-28 15:10:00-04:00,7754.0,7754.0,7748.75,7749.5,12855
2026-09-28 15:15:00-04:00,7749.25,7751.75,7747.0,7750.0,14220
2026-09-28 15:20:00-04:00,7750.0,7752.0,7749.0,7751.25,8455
2026-09-28 15:25:00-04:00,7751.25,7753.25,7749.0,7751.0,13177
2026-09-28 15:30:00-04:00,7750.75,7751.5,7746.5,7749.5,16819
2026-09-28 15:35:00-04:00,7749.5,7751.5,7742.0,7742.75,12706
2026-09-28 15:40:00-04:00,7743.0,7747.0,7742.25,7745.5,13154
2026-09-28 15:45:00-04:00,7745.5,7748.25,7743.0,7744.0,13070
2026-09-28 15:50:00-04:00,7744.0,7746.25,7739.5,7739.75,26706
2026-09-28 15:55:00-04:00,7739.75,7748.25,7739.25,7746.5,100586
2026-09-28 16:00:00-04:00,7746.25,7749.0,7745.75,7747.75,19356
2026-09-28 16:05:00-04:00,7748.0,7748.0,7743.25,7745.0,6733
2026-09-28 16:10:00-04:00,7744.75,7745.5,7742.75,7744.0,4012
2026-09-28 16:15:00-04:00,7744.0,7744.75,7742.5,7744.5,2139
2026-09-28 16:20:00-04:00,7744.75,7745.5,7744.0,7744.75,1088
2026-09-28 16:25:00-04:00,7744.75,7746.0,7744.5,7745.75,1204
2026-09-28 16:30:00-04:00,7745.75,7745.75,7744.25,7744.75,1007
2026-09-28 16:35:00-04:00,7744.75,7745.0,7744.25,7744.25,574
2026-09-28 16:40:00-04:00,7744.5,7745.0,7743.25,7743.25,1479
2026-09-28 16:45:00-04:00,7743.25,7744.0,7742.25,7742.5,1124
2026-09-28 16:50:00-04:00,7742.25,7743.0,7740.5,7743.0,1719
2026-09-28 16:55:00-04:00,7742.75,7748.0,7742.75,7746.25,3872
2026-09-28 18:00:00-04:00,7746.5,7748.25,7741.0,7743.0,0
2026-09-28 18:05:00-04:00,7743.0,7749.5,7742.0,7749.25,895
2026-09-28 18:10:00-04:00,7749.25,7752.75,7747.75,7751.0,643
2026-09-28 18:15:00-04:00,7751.0,7752.5,7749.75,7750.75,792
2026-09-28 18:20:00-04:00,7750.5,7751.0,7749.5,7749.75,194
2026-09-28 18:25:00-04:00,7750.0,7751.5,7749.5,7751.0,244
2026-09-28 18:30:00-04:00,7751.0,7751.5,7749.25,7750.0,292
2026-09-28 18:35:00-04:00,7750.0,7750.5,7749.25,7749.5,166
2026-09-28 18:40:00-04:00,7749.5,7750.0,7749.25,7749.5,221
2026-09-28 18:45:00-04:00,7749.25,7750.0,7748.75,7749.5,190
2026-09-28 18:50:00-04:00,7749.5,7750.5,7749.5,7749.75,135
2026-09-28 18:55:00-04:00,7749.75,7750.5,7749.25,7750.25,137
2026-09-28 19:00:00-04:00,7750.0,7750.25,7749.0,7749.0,202
2026-09-28 19:05:00-04:00,7749.25,7750.25,7749.25,7750.0,131
2026-09-28 19:10:00-04:00,7749.75,7750.25,7748.5,7749.0,204
2026-09-28 19:15:00-04:00,7749.25,7750.5,7749.25,7749.75,202
2026-09-28 19:20:00-04:00,7749.75,7751.75,7749.75,7751.25,223
2026-09-28 19:25:00-04:00,7751.25,7751.25,7750.25,7751.0,117
2026-09-28 19:30:00-04:00,7751.0,7751.25,7749.0,7749.75,531
2026-09-28 19:35:00-04:00,7749.75,7750.25,7748.25,7750.25,188
2026-09-28 19:40:00-04:00,7750.25,7751.25,7749.75,7750.0,134
2026-09-28 19:45:00-04:00,7750.25,7750.25,7745.25,7746.75,792
2026-09-28 19:50:00-04:00,7746.5,7750.75,7746.0,7750.75,625
2026-09-28 19:55:00-04:00,7750.5,7751.0,7747.5,7747.5,672
2026-09-28 20:00:00-04:00,7747.5,7750.75,7745.5,7750.25,1878
2026-09-28 20:05:00-04:00,7750.0,7751.5,7747.5,7749.5,799
2026-09-28 20:10:00-04:00,7749.75,7749.75,7745.75,7748.0,1332
2026-09-28 20:15:00-04:00,7748.0,7749.0,7739.25,7741.5,2329
2026-09-28 20:20:00-04:00,7741.25,7742.75,7739.25,7740.25,1562
2026-09-28 20:25:00-04:00,7740.0,7743.0,7739.75,7740.75,938
2026-09-28 20:30:00-04:00,7740.75,7742.75,7738.0,7742.25,1538
2026-09-28 20:35:00-04:00,7742.25,7744.0,7741.5,7741.5,871
2026-09-28 20:40:00-04:00,7741.5,7743.0,7740.5,7741.75,597
2026-09-28 20:45:00-04:00,7741.5,7741.75,7736.25,7736.5,1067
2026-09-28 20:50:00-04:00,7736.5,7737.75,7736.0,7737.5,851
2026-09-28 20:55:00-04:00,7737.5,7739.0,7735.25,7735.25,816
2026-09-28 21:00:00-04:00,7735.5,7739.5,7735.0,7737.75,1785
2026-09-28 21:05:00-04:00,7737.5,7737.5,7734.0,7736.25,2016
2026-09-28 21:10:00-04:00,7736.25,7736.25,7733.5,7734.5,1485
2026-09-28 21:15:00-04:00,7734.5,7735.5,7729.25,7729.5,3752
2026-09-28 21:20:00-04:00,7729.75,7736.25,7729.5,7734.0,2134
2026-09-28 21:25:00-04:00,7733.75,7736.0,7733.5,7735.5,888
2026-09-28 21:30:00-04:00,7735.75,7739.5,7734.75,7736.25,1343
2026-09-28 21:35:00-04:00,7736.25,7737.25,7735.0,7736.25,806
2026-09-28 21:40:00-04:00,7736.25,7737.75,7735.5,7736.5,785
2026-09-28 21:45:00-04:00,7736.25,7737.0,7734.5,7735.0,746
2026-09-28 21:50:00-04:00,7735.0,7737.0,7734.0,7736.0,513
2026-09-28 21:55:00-04:00,7736.25,7736.75,7735.25,7736.0,409
2026-09-28 22:00:00-04:00,7736.25,7737.0,7735.25,7735.75,1002
2026-09-28 22:05:00-04:00,7735.5,7735.75,7734.0,7735.0,807
2026-09-28 22:10:00-04:00,7734.75,7739.5,7734.5,7737.75,1317
2026-09-28 22:15:00-04:00,7737.75,7740.5,7736.0,7740.5,1870
2026-09-28 22:20:00-04:00,7740.5,7740.5,7735.75,7737.25,2221
2026-09-28 22:25:00-04:00,7737.0,7737.5,7735.5,7737.0,852
2026-09-28 22:30:00-04:00,7737.0,7738.0,7732.5,7733.75,1017
2026-09-28 22:35:00-04:00,7734.0,7735.5,7732.5,7735.0,619
2026-09-28 22:40:00-04:00,7735.25,7735.25,7732.0,7733.5,633
2026-09-28 22:45:00-04:00,7733.5,7735.0,7732.75,7732.75,536
2026-09-28 22:50:00-04:00,7732.5,7733.0,7727.5,7727.75,2919
2026-09-28 22:55:00-04:00,7728.0,7731.25,7727.5,7730.75,1087
2026-09-28 23:00:00-04:00,7731.0,7732.75,7728.25,7728.5,938
2026-09-28 23:05:00-04:00,7728.5,7729.25,7727.0,7727.75,895
2026-09-28 23:10:00-04:00,7727.75,7728.75,7725.5,7726.5,1420
2026-09-28 23:15:00-04:00,7726.5,7732.25,7726.0,7731.75,1099
2026-09-28 23:20:00-04:00,7732.0,7735.0,7731.75,7734.25,1351
2026-09-28 23:25:00-04:00,7734.5,7735.0,7733.25,7733.75,679
2026-09-28 23:30:00-04:00,7733.5,7734.0,7731.5,7733.0,1997
2026-09-28 23:35:00-04:00,7733.25,7734.25,7731.5,7733.5,982
2026-09-28 23:40:00-04:00,7733.5,7736.5,7733.25,7734.5,991
2026-09-28 23:45:00-04:00,7734.5,7734.75,7732.75,7733.0,800
2026-09-28 23:50:00-04:00,7733.25,7733.25,7730.0,7730.25,1040
2026-09-28 23:55:00-04:00,7730.0,7730.25,7725.5,7726.25,2940
2026-09-29 00:05:00-04:00,7726.25,7727.25,7726.25,7727.0,2048
2026-09-29 00:10:00-04:00,7727.0,7727.75,7725.75,7726.75,512
2026-09-29 00:15:00-04:00,7726.75,7728.5,7726.5,7728.25,662
2026-09-29 00:20:00-04:00,7728.5,7729.0,7727.75,7729.0,575
2026-09-29 00:25:00-04:00,7729.0,7729.5,7726.75,7727.0,467
2026-09-29 00:30:00-04:00,7726.75,7728.25,7725.5,7727.75,1033
2026-09-29 00:35:00-04:00,7727.75,7727.75,7726.0,7726.25,463
2026-09-29 00:40:00-04:00,7726.25,7727.25,7725.5,7726.5,415
2026-09-29 00:45:00-04:00,7726.5,7727.0,7725.5,7726.5,576
2026-09-29 00:50:00-04:00,7726.5,7728.5,7726.0,7727.5,642
2026-09-29 00:55:00-04:00,7727.25,7727.5,7726.5,7726.75,388
2026-09-29 01:00:00-04:00,7726.5,7729.5,7726.5,7726.75,846
2026-09-29 01:05:00-04:00,7726.75,7727.5,7725.5,7726.75,742
2026-09-29 01:10:00-04:00,7726.75,7727.5,7724.0,7727.0,1374
2026-09-29 01:15:00-04:00,7727.0,7729.75,7726.0,7728.0,871
2026-09-29 01:20:00-04:00,7728.0,7728.5,7726.75,7727.5,451
2026-09-29 01:25:00-04:00,7727.25,7727.25,7724.0,7725.0,943
2026-09-29 01:30:00-04:00,7724.75,7725.0,7718.5,7719.0,5279
2026-09-29 01:35:00-04:00,7719.0,7723.5,7716.0,7723.5,2431
2026-09-29 01:40:00-04:00,7723.25,7726.0,7721.25,7723.0,1758
2026-09-29 01:45:00-04:00,7722.75,7727.25,7720.75,7726.75,1629
2026-09-29 01:50:00-04:00,7726.5,7728.5,7725.75,7726.75,1885
2026-09-29 01:55:00-04:00,7726.75,7728.5,7726.75,7728.5,1719
2026-09-29 02:00:00-04:00,7728.75,7732.25,7727.75,7731.75,4165
2026-09-29 02:05:00-04:00,7731.5,7735.75,7731.25,7735.25,3329
2026-09-29 02:10:00-04:00,7735.75,7740.25,7735.5,7738.25,1740
2026-09-29 02:15:00-04:00,7738.25,7739.25,7734.75,7735.5,2280
2026-09-29 02:20:00-04:00,7735.75,7738.75,7734.5,7737.75,1627
2026-09-29 02:25:00-04:00,7737.75,7741.5,7737.0,7741.0,1698
2026-09-29 02:30:00-04:00,7741.0,7744.5,7741.0,7744.0,2750
2026-09-29 02:35:00-04:00,7744.0,7744.25,7742.5,7743.5,2026
2026-09-29 02:40:00-04:00,7743.5,7745.25,7743.5,7745.25,1289
2026-09-29 02:45:00-04:00,7745.25,7745.5,7743.75,7745.25,963
2026-09-29 02:50:00-04:00,7745.0,7745.5,7744.0,7744.75,1134
2026-09-29 02:55:00-04:00,7744.5,7744.5,7741.0,7742.75,1279
2026-09-29 03:00:00-04:00,7743.0,7743.25,7738.5,7742.25,2306
2026-09-29 03:05:00-04:00,7742.5,7743.5,7740.5,7743.25,1307
2026-09-29 03:10:00-04:00,7743.25,7743.5,7740.0,7741.5,1891
2026-09-29 03:15:00-04:00,7741.75,7742.5,7740.5,7742.0,1295
2026-09-29 03:20:00-04:00,7742.0,7745.5,7742.0,7745.0,1451
2026-09-29 03:25:00-04:00,7745.25,7748.25,7745.0,7745.5,1992
2026-09-29 03:30:00-04:00,7745.5,7750.0,7745.0,7749.5,1775
2026-09-29 03:35:00-04:00,7749.25,7754.5,7749.0,7751.25,3696
2026-09-29 03:40:00-04:00,7751.25,7751.25,7746.25,7747.25,2024
2026-09-29 03:45:00-04:00,7747.0,7748.0,7745.75,7745.75,1197
2026-09-29 03:50:00-04:00,7745.75,7746.0,7744.25,7744.75,786
2026-09-29 03:55:00-04:00,7744.5,7744.75,7742.25,7742.75,847
2026-09-29 04:00:00-04:00,7742.75,7747.0,7742.5,7743.75,2071
2026-09-29 04:05:00-04:00,7744.0,7745.0,7740.5,7741.25,1687
2026-09-29 04:10:00-04:00,7741.5,7742.75,7740.75,7741.5,1143
2026-09-29 04:15:00-04:00,7741.5,7745.5,7741.25,7745.0,1374
2026-09-29 04:20:00-04:00,7745.25,7748.5,7743.5,7744.5,1888
2026-09-29 04:25:00-04:00,7744.5,7745.25,7742.75,7743.75,1355
2026-09-29 04:30:00-04:00,7743.75,7745.5,7742.75,7743.25,1505
2026-09-29 04:35:00-04:00,7743.25,7747.25,7742.75,7746.75,900
2026-09-29 04:40:00-04:00,7746.5,7748.25,7744.5,7748.25,1217
2026-09-29 04:45:00-04:00,7748.25,7748.75,7747.25,7747.75,1646
2026-09-29 04:50:00-04:00,7748.0,7748.0,7741.0,7741.5,1757
2026-09-29 04:55:00-04:00,7741.5,7745.75,7741.25,7745.25,1215
2026-09-29 05:00:00-04:00,7745.25,7747.25,7742.25,7743.75,2322
2026-09-29 05:05:00-04:00,7743.75,7744.5,7742.0,7744.25,736
2026-09-29 05:10:00-04:00,7744.25,7745.0,7742.5,7742.5,1197
2026-09-29 05:15:00-04:00,7742.5,7743.0,7740.25,7743.0,1054
2026-09-29 05:20:00-04:00,7742.75,7742.75,7738.0,7739.25,1158
2026-09-29 05:25:00-04:00,7739.25,7739.5,7737.75,7738.0,810
2026-09-29 05:30:00-04:00,7737.75,7739.0,7736.25,7738.75,1333
2026-09-29 05:35:00-04:00,7738.75,7739.75,7738.0,7739.25,888
2026-09-29 05:40:00-04:00,7739.25,7742.75,7738.25,7742.75,1363
2026-09-29 05:45:00-04:00,7742.75,7745.5,7741.0,7742.5,2645
2026-09-29 05:50:00-04:00,7742.5,7745.25,7738.75,7742.5,2051
2026-09-29 05:55:00-04:00,7742.5,7743.75,7736.75,7738.5,2255
2026-09-29 06:00:00-04:00,7738.5,7741.75,7738.0,7741.5,1455
2026-09-29 06:05:00-04:00,7741.75,7746.0,7741.5,7745.75,1260
2026-09-29 06:10:00-04:00,7746.0,7747.25,7745.0,7745.0,1403
2026-09-29 06:15:00-04:00,7745.0,7745.0,7742.75,7742.75,1326
2026-09-29 06:20:00-04:00,7742.75,7744.75,7742.5,7743.75,888
2026-09-29 06:25:00-04:00,7743.75,7747.0,7743.5,7747.0,1030
2026-09-29 06:30:00-04:00,7747.25,7748.5,7743.25,7743.75,1842
2026-09-29 06:35:00-04:00,7743.75,7747.0,7743.5,7746.75,779
2026-09-29 06:40:00-04:00,7746.75,7747.25,7745.5,7747.0,327
2026-09-29 06:45:00-04:00,7747.25,7748.75,7746.5,7747.75,1438
2026-09-29 06:50:00-04:00,7748.0,7750.0,7746.5,7749.0,2015
2026-09-29 06:55:00-04:00,7749.0,7753.5,7747.25,7753.25,3546
2026-09-29 07:00:00-04:00,7753.5,7758.5,7753.0,7756.0,3907
2026-09-29 07:05:00-04:00,7756.0,7758.5,7752.75,7753.75,2424
2026-09-29 07:10:00-04:00,7753.5,7753.75,7751.75,7753.5,1554
2026-09-29 07:15:00-04:00,7753.5,7757.25,7753.25,7755.5,2678
2026-09-29 07:20:00-04:00,7755.5,7757.75,7754.5,7757.5,1477
2026-09-29 07:25:00-04:00,7757.75,7759.0,7756.25,7757.25,1499
2026-09-29 07:30:00-04:00,7757.25,7760.25,7756.0,7758.75,2071
2026-09-29 07:35:00-04:00,7758.5,7760.5,7758.5,7759.5,1277
2026-09-29 07:40:00-04:00,7759.75,7760.25,7756.75,7759.0,1584
2026-09-29 07:45:00-04:00,7758.75,7770.75,7755.25,7766.0,7121
2026-09-29 07:50:00-04:00,7766.25,7767.5,7760.0,7763.0,4822
2026-09-29 07:55:00-04:00,7763.25,7764.25,7762.25,7763.0,2333
2026-09-29 08:00:00-04:00,7763.0,7767.25,7762.75,7766.25,2833
2026-09-29 08:05:00-04:00,7766.25,7766.25,7763.25,7763.75,1845
2026-09-29 08:10:00-04:00,7764.0,7766.0,7763.0,7763.75,2261
2026-09-29 08:15:00-04:00,7764.0,7767.0,7762.0,7762.75,3269
2026-09-29 08:20:00-04:00,7762.75,7763.75,7759.0,7760.0,2573
2026-09-29 08:25:00-04:00,7760.0,7760.0,7755.75,7759.25,3546
2026-09-29 08:30:00-04:00,7759.0,7760.0,7756.75,7758.25,2629
2026-09-29 08:35:00-04:00,7758.0,7758.75,7755.75,7756.0,2097
2026-09-29 08:40:00-04:00,7756.0,7758.5,7755.5,7757.75,2721
2026-09-29 08:45:00-04:00,7758.0,7758.0,7753.5,7755.75,2803
2026-09-29 08:50:00-04:00,7755.75,7756.0,7753.0,7753.5,1688
2026-09-29 08:55:00-04:00,7753.75,7754.25,7751.75,7752.5,2123
2026-09-29 09:00:00-04:00,7752.75,7755.75,7752.25,7753.25,3322
2026-09-29 09:05:00-04:00,7753.0,7756.25,7752.75,7756.25,2526
2026-09-29 09:10:00-04:00,7756.5,7757.75,7755.0,7757.5,2463
2026-09-29 09:15:00-04:00,7757.5,7757.75,7754.75,7755.25,3339
2026-09-29 09:20:00-04:00,7755.0,7756.5,7753.75,7755.5,2260
2026-09-29 09:25:00-04:00,7755.25,7759.0,7755.25,7757.5,6562
2026-09-29 09:30:00-04:00,7757.5,7758.5,7740.75,7743.25,33700
2026-09-29 09:35:00-04:00,7743.25,7747.75,7742.25,7747.75,21767
2026-09-29 09:40:00-04:00,7748.0,7749.0,7739.0,7740.5,19274
2026-09-29 09:45:00-04:00,7740.5,7744.75,7735.75,7739.5,22710
2026-09-29 09:50:00-04:00,7739.5,7744.75,7738.0,7741.75,18158
2026-09-29 09:55:00-04:00,7742.0,7746.0,7734.75,7736.25,16952
2026-09-29 10:00:00-04:00,7736.25,7745.75,7736.0,7738.5,22067
2026-09-29 10:05:00-04:00,7738.25,7740.75,7735.25,7739.75,14031
2026-09-29 10:10:00-04:00,7739.5,7744.25,7735.75,7741.0,16003
2026-09-29 10:15:00-04:00,7741.0,7745.25,7737.5,7743.5,22316
2026-09-29 10:20:00-04:00,7743.75,7745.25,7737.0,7739.25,30890
2026-09-29 10:25:00-04:00,7739.25,7747.0,7738.75,7742.0,15631
2026-09-29 10:30:00-04:00,7742.0,7745.75,7738.25,7742.25,14157
2026-09-29 10:35:00-04:00,7742.25,7743.5,7738.5,7742.5,11909
2026-09-29 10:40:00-04:00,7742.5,7746.75,7737.25,7740.0,18310
2026-09-29 10:45:00-04:00,7740.0,7741.75,7733.25,7734.25,13982
2026-09-29 10:50:00-04:00,7734.0,7744.75,7733.75,7744.25,13862
2026-09-29 10:55:00-04:00,7744.5,7745.0,7737.0,7737.75,12239
2026-09-29 11:00:00-04:00,7737.75,7738.25,7731.0,7731.5,20992
2026-09-29 11:05:00-04:00,7731.25,7733.25,7727.5,7729.75,19873
2026-09-29 11:10:00-04:00,7729.5,7731.5,7724.5,7730.75,14924
2026-09-29 11:15:00-04:00,7730.5,7732.5,7721.75,7722.0,16649
2026-09-29 11:20:00-04:00,7721.75,7722.75,7715.25,7717.75,24187
2026-09-29 11:25:00-04:00,7718.0,7720.5,7714.5,7718.5,21845
2026-09-29 11:30:00-04:00,7718.5,7728.0,7717.5,7727.0,22007
2026-09-29 11:35:00-04:00,7727.25,7730.75,7725.5,7727.75,16044
2026-09-29 11:40:00-04:00,7727.75,7728.25,7723.5,7726.5,13003
2026-09-29 11:45:00-04:00,7726.75,7732.25,7722.25,7728.25,32740
2026-09-29 11:50:00-04:00,7728.25,7730.25,7718.0,7720.0,16782
2026-09-29 11:55:00-04:00,7720.0,7722.25,7718.5,7722.25,12702
2026-09-29 12:00:00-04:00,7722.25,7722.25,7715.5,7716.5,14707
2026-09-29 12:05:00-04:00,7716.5,7723.0,7715.25,7721.5,13039
2026-09-29 12:10:00-04:00,7721.75,7723.5,7717.25,7718.75,9521
2026-09-29 12:15:00-04:00,7718.5,7721.25,7718.0,7720.5,8967
2026-09-29 12:20:00-04:00,7720.75,7723.5,7717.75,7720.25,9150
2026-09-29 12:25:00-04:00,7720.25,7724.75,7720.0,7723.0,8207
2026-09-29 12:30:00-04:00,7723.0,7723.0,7720.0,7721.25,9332
2026-09-29 12:35:00-04:00,7721.0,7723.75,7721.0,7723.25,7476
2026-09-29 12:40:00-04:00,7723.0,7723.25,7715.25,7715.5,12743
2026-09-29 12:45:00-04:00,7715.5,7720.5,7713.0,7719.25,14569
2026-09-29 12:50:00-04:00,7719.0,7722.25,7717.5,7719.5,10382
2026-09-29 12:55:00-04:00,7719.5,7719.5,7714.25,7718.5,9832
2026-09-29 13:00:00-04:00,7718.5,7718.5,7712.25,7715.75,10465
2026-09-29 13:05:00-04:00,7715.5,7716.75,7714.0,7714.25,7311
2026-09-29 13:10:00-04:00,7714.25,7718.0,7713.5,7716.5,7847
2026-09-29 13:15:00-04:00,7716.5,7717.25,7712.25,7714.5,7805
2026-09-29 13:20:00-04:00,7714.5,7719.25,7713.0,7719.25,8238
2026-09-29 13:25:00-04:00,7719.25,7720.75,7717.75,7719.75,8842
2026-09-29 13:30:00-04:00,7719.75,7722.0,7718.0,7721.25,7297
2026-09-29 13:35:00-04:00,7721.25,7722.25,7719.25,7720.75,6186
2026-09-29 13:40:00-04:00,7720.75,7722.25,7717.0,7721.75,8013
2026-09-29 13:45:00-04:00,7721.75,7723.75,7719.0,7719.5,10111
2026-09-29 13:50:00-04:00,7719.5,7720.5,7714.5,7716.5,8786
2026-09-29 13:55:00-04:00,7716.25,7716.5,7712.5,7715.0,9938
2026-09-29 14:00:00-04:00,7715.0,7727.75,7715.0,7726.0,38567
2026-09-29 14:05:00-04:00,7726.0,7729.25,7718.75,7719.0,18304
2026-09-29 14:10:00-04:00,7719.25,7727.5,7718.5,7726.5,13882
2026-09-29 14:15:00-04:00,7726.5,7729.0,7725.5,7728.0,11567
2026-09-29 14:20:00-04:00,7728.0,7733.0,7726.75,7728.0,15222
2026-09-29 14:25:00-04:00,7728.0,7731.0,7727.0,7728.0,10585
2026-09-29 14:30:00-04:00,7728.25,7732.75,7724.25,7727.25,17367
2026-09-29 14:35:00-04:00,7727.0,7738.0,7726.25,7737.5,16000
2026-09-29 14:40:00-04:00,7737.5,7742.0,7735.0,7737.25,18500
2026-09-29 14:45:00-04:00,7737.25,7738.5,7732.5,7735.25,10043
2026-09-29 14:50:00-04:00,7735.25,7736.75,7733.75,7734.5,7097
2026-09-29 14:55:00-04:00,7734.5,7737.75,7733.25,7737.25,8826
2026-09-29 15:00:00-04:00,7737.25,7739.25,7735.75,7739.0,11715
2026-09-29 15:05:00-04:00,7738.75,7739.25,7735.75,7736.0,8788
2026-09-29 15:10:00-04:00,7735.75,7737.0,7731.75,7732.25,8471
2026-09-29 15:15:00-04:00,7732.5,7734.5,7731.25,7733.75,9448
2026-09-29 15:20:00-04:00,7733.75,7737.0,7732.25,7734.5,10820
2026-09-29 15:25:00-04:00,7734.5,7735.75,7733.0,7734.75,8005
2026-09-29 15:30:00-04:00,7734.75,7737.25,7732.5,7734.5,8745
2026-09-29 15:35:00-04:00,7734.5,7735.75,7733.25,7734.0,6710
2026-09-29 15:40:00-04:00,7734.0,7734.25,7729.0,7730.0,11704
2026-09-29 15:45:00-04:00,7730.25,7732.5,7728.0,7731.25,11381
2026-09-29 15:50:00-04:00,7731.25,7737.5,7730.25,7735.0,18856
2026-09-29 15:55:00-04:00,7735.25,7735.25,7727.0,7732.5,112992
2026-09-29 16:00:00-04:00,7732.5,7738.75,7732.0,7736.25,22232
2026-09-29 16:05:00-04:00,7736.0,7736.25,7733.75,7735.0,4555
2026-09-29 16:10:00-04:00,7735.0,7737.0,7734.25,7735.75,3117
2026-09-29 16:15:00-04:00,7735.75,7736.5,7734.75,7736.25,2201
2026-09-29 16:20:00-04:00,7736.5,7736.75,7735.25,7736.25,1555
2026-09-29 16:25:00-04:00,7736.25,7738.5,7735.75,7738.25,2728
2026-09-29 16:30:00-04:00,7738.25,7740.0,7737.5,7739.75,1355
2026-09-29 16:35:00-04:00,7740.0,7740.5,7738.25,7740.25,1548
2026-09-29 16:40:00-04:00,7740.25,7741.25,7739.75,7741.0,1259
2026-09-29 16:45:00-04:00,7740.75,7741.0,7739.25,7739.75,938
2026-09-29 16:50:00-04:00,7739.75,7739.75,7738.25,7739.25,713
2026-09-29 16:55:00-04:00,7739.25,7739.5,7737.5,7738.25,1819
2026-09-29 18:00:00-04:00,7739.0,7744.5,7738.0,7744.0,0
2026-09-29 18:05:00-04:00,7743.5,7746.0,7743.25,7745.75,823
2026-09-29 18:10:00-04:00,7745.75,7747.0,7744.5,7744.75,411
2026-09-29 18:15:00-04:00,7744.5,7748.5,7744.5,7748.0,875
2026-09-29 18:20:00-04:00,7748.25,7749.25,7745.75,7746.0,638
2026-09-29 18:25:00-04:00,7746.0,7746.75,7742.75,7743.75,978
2026-09-29 18:30:00-04:00,7743.5,7744.25,7740.5,7742.5,1166
2026-09-29 18:35:00-04:00,7742.75,7743.25,7741.75,7742.25,261
2026-09-29 18:40:00-04:00,7742.5,7743.25,7742.25,7743.0,226
2026-09-29 18:45:00-04:00,7742.75,7742.75,7742.0,7742.75,146
2026-09-29 18:50:00-04:00,7742.5,7743.5,7742.25,7742.75,232
2026-09-29 18:55:00-04:00,7742.75,7743.0,7742.0,7742.25,247
2026-09-29 19:00:00-04:00,7742.5,7743.0,7741.75,7742.0,382
2026-09-29 19:05:00-04:00,7742.0,7743.0,7741.75,7742.75,240
2026-09-29 19:10:00-04:00,7742.75,7744.0,7742.75,7743.75,273
2026-09-29 19:15:00-04:00,7743.75,7744.5,7743.5,7743.75,207
2026-09-29 19:20:00-04:00,7744.0,7744.0,7743.0,7743.5,197
2026-09-29 19:25:00-04:00,7743.5,7745.0,7743.25,7744.75,135
2026-09-29 19:30:00-04:00,7744.75,7745.75,7743.75,7745.5,231
2026-09-29 19:35:00-04:00,7745.75,7748.25,7745.75,7747.75,602
2026-09-29 19:40:00-04:00,7747.75,7748.25,7746.5,7747.0,457
2026-09-29 19:45:00-04:00,7747.25,7749.75,7746.75,7749.0,802
2026-09-29 19:50:00-04:00,7748.75,7749.5,7747.75,7749.0,357
2026-09-29 19:55:00-04:00,7749.0,7750.75,7749.0,7750.75,704
2026-09-29 20:00:00-04:00,7750.5,7750.5,7749.0,7750.0,1484
2026-09-29 20:05:00-04:00,7749.75,7755.75,7749.5,7752.25,1778
2026-09-29 20:10:00-04:00,7752.5,7753.25,7750.75,7752.75,884
2026-09-29 20:15:00-04:00,7752.5,7753.75,7749.25,7749.75,1888
2026-09-29 20:20:00-04:00,7750.0,7750.25,7748.75,7749.0,1172
2026-09-29 20:25:00-04:00,7749.25,7749.75,7747.0,7748.0,802
2026-09-29 20:30:00-04:00,7747.75,7749.75,7747.5,7749.5,446
2026-09-29 20:35:00-04:00,7749.5,7749.5,7744.75,7745.0,998
2026-09-29 20:40:00-04:00,7745.0,7746.5,7744.75,7745.5,478
2026-09-29 20:45:00-04:00,7745.5,7745.75,7742.75,7743.75,1053
2026-09-29 20:50:00-04:00,7743.75,7744.0,7742.25,7742.75,655
2026-09-29 20:55:00-04:00,7742.75,7745.0,7742.75,7744.5,589
2026-09-29 21:00:00-04:00,7744.25,7745.75,7743.5,7744.75,928
2026-09-29 21:05:00-04:00,7744.75,7745.0,7742.25,7743.5,700
2026-09-29 21:10:00-04:00,7743.5,7743.75,7741.25,7742.5,894
2026-09-29 21:15:00-04:00,7742.5,7743.25,7742.25,7743.0,521
2026-09-29 21:20:00-04:00,7742.75,7743.75,7741.5,7742.25,551
2026-09-29 21:25:00-04:00,7742.0,7742.5,7740.75,7740.75,524
2026-09-29 21:30:00-04:00,7740.75,7745.25,7740.5,7744.5,1160
2026-09-29 21:35:00-04:00,7744.5,7746.0,7741.75,7743.0,1386
2026-09-29 21:40:00-04:00,7743.0,7745.25,7743.0,7744.0,711
2026-09-29 21:45:00-04:00,7744.25,7745.25,7743.25,7745.0,450
2026-09-29 21:50:00-04:00,7745.0,7746.0,7744.0,7745.75,420
2026-09-29 21:55:00-04:00,7745.75,7746.75,7744.75,7746.75,784
2026-09-29 22:00:00-04:00,7746.75,7748.75,7746.75,7747.0,1033
2026-09-29 22:05:00-04:00,7747.25,7747.75,7744.5,7745.0,1466
2026-09-29 22:10:00-04:00,7745.0,7745.5,7742.25,7744.75,1302
2026-09-29 22:15:00-04:00,7744.75,7747.75,7744.5,7746.75,1123
2026-09-29 22:20:00-04:00,7746.5,7748.25,7746.0,7746.75,737
2026-09-29 22:25:00-04:00,7746.75,7747.0,7745.25,7746.0,642
2026-09-29 22:30:00-04:00,7745.75,7746.5,7742.25,7742.5,868
2026-09-29 22:35:00-04:00,7742.5,7744.25,7741.25,7742.5,720
2026-09-29 22:40:00-04:00,7742.25,7743.25,7741.25,7743.25,541
2026-09-29 22:45:00-04:00,7743.0,7746.75,7742.5,7745.25,811
2026-09-29 22:50:00-04:00,7745.0,7746.0,7744.5,7745.5,418
2026-09-29 22:55:00-04:00,7745.75,7746.0,7742.0,7743.25,488
2026-09-29 23:00:00-04:00,7743.25,7745.5,7743.25,7745.0,589
2026-09-29 23:05:00-04:00,7745.25,7745.25,7742.75,7743.75,427
2026-09-29 23:10:00-04:00,7743.5,7744.25,7742.5,7743.25,541
2026-09-29 23:15:00-04:00,7743.5,7744.5,7743.0,7743.75,340
2026-09-29 23:20:00-04:00,7743.5,7744.75,7743.0,7743.75,369
2026-09-29 23:25:00-04:00,7743.75,7744.75,7742.75,7744.5,293
2026-09-29 23:30:00-04:00,7744.5,7748.5,7743.75,7747.5,916
2026-09-29 23:35:00-04:00,7747.5,7750.5,7745.75,7749.25,900
2026-09-29 23:40:00-04:00,7749.0,7750.25,7747.75,7748.0,471
2026-09-29 23:45:00-04:00,7748.25,7749.5,7747.25,7748.75,467
2026-09-29 23:50:00-04:00,7749.0,7750.0,7748.25,7749.75,251
2026-09-29 23:55:00-04:00,7749.5,7750.0,7748.75,7749.0,257
2026-09-30 00:05:00-04:00,7749.25,7749.5,7748.75,7749.5,1081
2026-09-30 00:10:00-04:00,7749.5,7750.75,7749.25,7750.25,428
2026-09-30 00:15:00-04:00,7750.5,7751.25,7749.75,7750.75,444
2026-09-30 00:20:00-04:00,7750.75,7751.25,7749.25,7750.25,442
2026-09-30 00:25:00-04:00,7750.25,7751.5,7750.25,7750.75,300
2026-09-30 00:30:00-04:00,7750.75,7753.25,7749.75,7752.0,608
2026-09-30 00:35:00-04:00,7752.0,7753.25,7752.0,7752.75,405
2026-09-30 00:40:00-04:00,7752.75,7753.25,7752.0,7752.25,568
2026-09-30 00:45:00-04:00,7752.25,7752.5,7750.75,7751.25,408
2026-09-30 00:50:00-04:00,7751.0,7751.0,7749.0,7749.25,532
2026-09-30 00:55:00-04:00,7749.0,7750.25,7748.5,7750.0,528
2026-09-30 01:00:00-04:00,7750.25,7752.0,7748.25,7748.5,1066
2026-09-30 01:05:00-04:00,7748.25,7748.75,7747.0,7748.25,577
2026-09-30 01:10:00-04:00,7748.25,7748.25,7744.5,7744.5,1157
2026-09-30 01:15:00-04:00,7744.5,7745.5,7741.25,7745.5,1495
2026-09-30 01:20:00-04:00,7745.5,7746.75,7744.75,7746.25,474
2026-09-30 01:25:00-04:00,7746.25,7746.5,7743.5,7746.0,507
2026-09-30 01:30:00-04:00,7745.75,7748.0,7745.75,7747.75,782
2026-09-30 01:35:00-04:00,7747.5,7749.5,7745.25,7745.25,1342
2026-09-30 01:40:00-04:00,7745.25,7746.75,7744.5,7745.75,855
2026-09-30 01:45:00-04:00,7745.75,7747.0,7743.5,7744.5,1131
2026-09-30 01:50:00-04:00,7744.5,7745.0,7741.75,7742.0,765
2026-09-30 01:55:00-04:00,7742.0,7750.0,7741.25,7746.25,2547
2026-09-30 02:00:00-04:00,7746.0,7749.0,7744.0,7745.5,1621
2026-09-30 02:05:00-04:00,7745.5,7746.75,7744.0,7745.25,746
2026-09-30 02:10:00-04:00,7745.5,7747.0,7744.0,7744.0,654
2026-09-30 02:15:00-04:00,7744.25,7747.0,7744.0,7745.75,727
2026-09-30 02:20:00-04:00,7745.75,7747.0,7745.0,7745.25,673
2026-09-30 02:25:00-04:00,7745.0,7745.25,7742.0,7742.75,797
2026-09-30 02:30:00-04:00,7742.5,7743.25,7738.75,7739.0,1624
2026-09-30 02:35:00-04:00,7739.25,7740.25,7736.5,7737.25,2147
2026-09-30 02:40:00-04:00,7737.0,7739.0,7735.25,7738.75,970
2026-09-30 02:45:00-04:00,7738.5,7738.5,7734.0,7736.75,1637
2026-09-30 02:50:00-04:00,7737.0,7741.0,7736.75,7740.25,1120
2026-09-30 02:55:00-04:00,7740.25,7743.25,7739.0,7739.25,1012
2026-09-30 03:00:00-04:00,7739.0,7745.5,7738.25,7745.25,2542
2026-09-30 03:05:00-04:00,7745.25,7748.0,7744.5,7745.5,2579
2026-09-30 03:10:00-04:00,7745.75,7749.5,7745.5,7749.0,1762
2026-09-30 03:15:00-04:00,7749.0,7755.25,7748.75,7753.5,3226
2026-09-30 03:20:00-04:00,7753.5,7754.75,7751.75,7753.0,1805
2026-09-30 03:25:00-04:00,7752.75,7753.5,7748.25,7749.25,2388
2026-09-30 03:30:00-04:00,7749.25,7751.75,7748.5,7751.25,1327
2026-09-30 03:35:00-04:00,7751.25,7753.5,7751.25,7753.25,1115
2026-09-30 03:40:00-04:00,7753.25,7754.5,7751.75,7751.75,1183
2026-09-30 03:45:00-04:00,7751.5,7754.0,7751.5,7753.75,990
2026-09-30 03:50:00-04:00,7753.75,7755.25,7753.0,7753.5,912
2026-09-30 03:55:00-04:00,7753.75,7754.5,7752.5,7754.0,864
2026-09-30 04:00:00-04:00,7753.75,7756.5,7752.5,7753.75,2007
2026-09-30 04:05:00-04:00,7753.5,7753.75,7749.5,7750.5,1672
2026-09-30 04:10:00-04:00,7750.75,7751.75,7748.75,7749.5,1389
2026-09-30 04:15:00-04:00,7749.5,7751.75,7748.0,7749.0,1018
2026-09-30 04:20:00-04:00,7749.0,7750.75,7748.75,7750.75,523
2026-09-30 04:25:00-04:00,7750.75,7752.25,7750.0,7751.0,906
2026-09-30 04:30:00-04:00,7751.25,7752.75,7748.5,7752.25,981
2026-09-30 04:35:00-04:00,7752.0,7752.5,7749.25,7749.25,802
2026-09-30 04:40:00-04:00,7749.5,7749.75,7745.75,7746.25,1466
2026-09-30 04:45:00-04:00,7746.25,7749.25,7745.75,7748.75,1029
2026-09-30 04:50:00-04:00,7748.75,7748.75,7745.25,7745.25,1074
2026-09-30 04:55:00-04:00,7745.25,7746.0,7743.0,7743.25,1243
2026-09-30 05:00:00-04:00,7743.0,7744.0,7741.75,7743.5,1527
2026-09-30 05:05:00-04:00,7743.5,7743.75,7737.75,7739.25,4112
2026-09-30 05:10:00-04:00,7739.25,7744.25,7739.0,7744.25,1502
2026-09-30 05:15:00-04:00,7744.25,7745.25,7742.25,7743.25,1504
2026-09-30 05:20:00-04:00,7743.25,7743.75,7741.0,7741.75,1236
2026-09-30 05:25:00-04:00,7741.75,7742.25,7740.0,7741.0,1616
2026-09-30 05:30:00-04:00,7741.0,7746.0,7741.0,7744.25,1330
2026-09-30 05:35:00-04:00,7744.0,7744.0,7740.0,7740.5,751
2026-09-30 05:40:00-04:00,7740.75,7741.0,7737.25,7739.0,1379
2026-09-30 05:45:00-04:00,7739.25,7740.25,7738.5,7739.25,1009
2026-09-30 05:50:00-04:00,7739.25,7740.25,7738.75,7739.5,994
2026-09-30 05:55:00-04:00,7739.5,7740.75,7739.25,7740.5,1034
2026-09-30 06:00:00-04:00,7740.25,7740.5,7737.75,7737.75,1164
2026-09-30 06:05:00-04:00,7737.75,7738.75,7736.5,7737.0,1059
2026-09-30 06:10:00-04:00,7737.0,7737.5,7734.25,7734.5,2324
2026-09-30 06:15:00-04:00,7734.5,7738.5,7733.0,7736.0,3108
2026-09-30 06:20:00-04:00,7735.5,7738.0,7735.0,7737.5,1200
2026-09-30 06:25:00-04:00,7737.25,7738.5,7734.75,7734.75,823
2026-09-30 06:30:00-04:00,7734.75,7735.5,7733.25,7734.0,1237
2026-09-30 06:35:00-04:00,7734.25,7735.5,7732.5,7735.25,1237
2026-09-30 06:40:00-04:00,7735.25,7736.0,7733.5,7734.25,901
2026-09-30 06:45:00-04:00,7734.25,7734.5,7733.0,7733.5,638
2026-09-30 06:50:00-04:00,7733.5,7735.5,7733.0,7734.75,953
2026-09-30 06:55:00-04:00,7734.75,7736.5,7733.0,7733.25,1651
2026-09-30 07:00:00-04:00,7733.0,7733.0,7728.75,7729.25,2709
2026-09-30 07:05:00-04:00,7729.5,7730.5,7725.0,7725.5,2389
2026-09-30 07:10:00-04:00,7725.5,7725.75,7720.75,7723.75,4015
2026-09-30 07:15:00-04:00,7723.5,7723.75,7719.75,7720.0,2281
2026-09-30 07:20:00-04:00,7720.25,7730.5,7719.5,7730.5,2788
2026-09-30 07:25:00-04:00,7730.25,7734.25,7730.25,7732.5,2586
2026-09-30 07:30:00-04:00,7732.5,7735.75,7731.75,7735.25,2224
2026-09-30 07:35:00-04:00,7735.5,7736.0,7733.75,7734.75,1298
2026-09-30 07:40:00-04:00,7735.0,7735.0,7731.75,7733.25,1498
2026-09-30 07:45:00-04:00,7733.25,7735.75,7726.75,7727.75,5017
2026-09-30 07:50:00-04:00,7727.75,7731.5,7725.5,7731.25,2151
2026-09-30 07:55:00-04:00,7731.25,7736.5,7730.75,7736.0,2642
2026-09-30 08:00:00-04:00,7735.5,7738.0,7731.5,7734.0,3263
2026-09-30 08:05:00-04:00,7734.0,7734.5,7730.75,7732.25,1224
2026-09-30 08:10:00-04:00,7732.0,7735.75,7731.5,7735.5,1199
2026-09-30 08:15:00-04:00,7735.0,7735.75,7728.75,7731.25,3456
2026-09-30 08:20:00-04:00,7731.25,7738.25,7731.25,7738.25,2533
2026-09-30 08:25:00-04:00,7738.0,7745.0,7736.25,7744.0,4057
2026-09-30 08:30:00-04:00,7743.25,7771.25,7741.5,7764.25,27813
2026-09-30 08:35:00-04:00,7764.25,7766.75,7753.5,7755.25,15130
2026-09-30 08:40:00-04:00,7755.25,7763.5,7755.25,7758.5,11719
2026-09-30 08:45:00-04:00,7758.5,7760.25,7750.5,7754.0,13306
2026-09-30 08:50:00-04:00,7754.25,7760.5,7751.5,7759.5,5911
2026-09-30 08:55:00-04:00,7759.25,7759.75,7753.75,7754.5,5544
2026-09-30 09:00:00-04:00,7754.5,7761.25,7754.25,7761.0,6471
2026-09-30 09:05:00-04:00,7761.25,7764.0,7758.5,7760.5,6921
2026-09-30 09:10:00-04:00,7760.25,7763.0,7756.75,7757.5,6062
2026-09-30 09:15:00-04:00,7757.75,7759.25,7752.5,7752.5,5232
2026-09-30 09:20:00-04:00,7752.75,7754.25,7748.75,7752.5,7723
2026-09-30 09:25:00-04:00,7752.25,7757.5,7750.0,7751.5,9386
2026-09-30 09:30:00-04:00,7751.75,7760.75,7748.75,7755.0,33748
2026-09-30 09:35:00-04:00,7755.0,7757.25,7749.0,7756.5,23188
2026-09-30 09:40:00-04:00,7756.25,7758.5,7750.75,7754.25,15065
2026-09-30 09:45:00-04:00,7754.25,7759.75,7748.0,7759.0,26997
2026-09-30 09:50:00-04:00,7759.0,7761.75,7752.5,7761.0,23505
2026-09-30 09:55:00-04:00,7761.0,7767.75,7758.0,7767.25,26894
2026-09-30 10:00:00-04:00,7767.25,7775.0,7767.0,7773.75,32871
2026-09-30 10:05:00-04:00,7773.75,7779.5,7772.0,7773.25,29298
2026-09-30 10:10:00-04:00,7773.25,7773.75,7767.0,7769.0,23314
2026-09-30 10:15:00-04:00,7769.25,7776.0,7769.25,7775.5,26079
2026-09-30 10:20:00-04:00,7775.5,7779.0,7771.5,7772.0,21654
2026-09-30 10:25:00-04:00,7772.0,7772.5,7762.5,7766.0,25671
2026-09-30 10:30:00-04:00,7766.25,7770.25,7761.5,7763.25,25326
2026-09-30 10:35:00-04:00,7763.25,7767.5,7760.25,7764.75,21903
2026-09-30 10:40:00-04:00,7764.75,7771.75,7760.75,7764.0,20919
2026-09-30 10:45:00-04:00,7764.0,7774.5,7763.25,7774.25,18425
2026-09-30 10:50:00-04:00,7774.25,7782.0,7772.0,7780.0,27786
2026-09-30 10:55:00-04:00,7780.0,7781.25,7772.75,7772.75,20496
2026-09-30 11:00:00-04:00,7773.0,7773.25,7767.5,7773.0,26177
2026-09-30 11:05:00-04:00,7772.75,7773.5,7766.25,7772.5,18676
2026-09-30 11:10:00-04:00,7772.5,7774.25,7764.5,7769.5,26417
2026-09-30 11:15:00-04:00,7769.25,7777.0,7769.0,7772.25,14394
2026-09-30 11:20:00-04:00,7772.25,7772.5,7766.25,7768.5,15536
2026-09-30 11:25:00-04:00,7768.5,7775.25,7766.0,7775.25,15764
2026-09-30 11:30:00-04:00,7775.0,7778.0,7773.5,7774.0,19109
2026-09-30 11:35:00-04:00,7774.0,7776.0,7770.25,7774.0,13249
2026-09-30 11:40:00-04:00,7774.0,7776.0,7766.0,7767.5,17122
2026-09-30 11:45:00-04:00,7767.5,7780.0,7766.0,7779.5,16650
2026-09-30 11:50:00-04:00,7779.25,7780.25,7769.5,7769.75,18011
2026-09-30 11:55:00-04:00,7769.75,7775.0,7768.25,7774.75,13948
2026-09-30 12:00:00-04:00,7774.75,7777.75,7772.25,7776.25,18137
2026-09-30 12:05:00-04:00,7776.5,7778.25,7774.75,7775.5,9849
2026-09-30 12:10:00-04:00,7775.5,7778.5,7774.0,7777.5,11198
2026-09-30 12:15:00-04:00,7777.5,7777.75,7769.0,7772.0,13087
2026-09-30 12:20:00-04:00,7771.75,7772.5,7769.75,7770.25,7940
2026-09-30 12:25:00-04:00,7770.25,7771.0,7767.25,7767.5,8301
2026-09-30 12:30:00-04:00,7767.5,7768.25,7765.0,7767.5,13053
2026-09-30 12:35:00-04:00,7767.5,7768.0,7763.75,7766.5,9351
2026-09-30 12:40:00-04:00,7766.25,7772.5,7765.75,7771.25,10364
2026-09-30 12:45:00-04:00,7771.0,7771.0,7764.25,7765.5,9795
2026-09-30 12:50:00-04:00,7765.75,7768.5,7765.5,7767.0,6775
2026-09-30 12:55:00-04:00,7767.0,7770.25,7765.5,7769.75,7554
2026-09-30 13:00:00-04:00,7769.5,7772.0,7768.75,7769.75,9169
2026-09-30 13:05:00-04:00,7769.75,7772.25,7769.5,7770.0,7390
2026-09-30 13:10:00-04:00,7770.0,7770.5,7763.25,7764.25,10000
2026-09-30 13:15:00-04:00,7764.25,7764.25,7755.0,7755.25,23020
2026-09-30 13:20:00-04:00,7755.25,7759.0,7753.25,7757.25,15169
2026-09-30 13:25:00-04:00,7757.25,7757.75,7749.5,7757.25,17415
2026-09-30 13:30:00-04:00,7757.25,7761.0,7756.75,7759.0,13695
2026-09-30 13:35:00-04:00,7759.25,7762.5,7757.5,7762.0,11667
2026-09-30 13:40:00-04:00,7762.25,7764.75,7760.25,7762.25,12012
2026-09-30 13:45:00-04:00,7762.5,7766.25,7759.5,7766.25,13957
2026-09-30 13:50:00-04:00,7766.25,7767.25,7763.0,7764.75,10671
2026-09-30 13:55:00-04:00,7764.75,7765.0,7762.75,7764.5,8813
2026-09-30 14:00:00-04:00,7764.5,7764.75,7759.0,7760.75,11357
2026-09-30 14:05:00-04:00,7761.0,7761.75,7756.0,7759.5,11871
2026-09-30 14:10:00-04:00,7759.5,7763.0,7758.5,7761.0,11111
2026-09-30 14:15:00-04:00,7760.75,7761.25,7757.0,7757.25,8653
2026-09-30 14:20:00-04:00,7757.5,7758.0,7753.5,7753.5,10617
2026-09-30 14:25:00-04:00,7753.5,7756.0,7750.5,7755.0,14714
2026-09-30 14:30:00-04:00,7755.25,7756.0,7748.25,7749.75,15138
2026-09-30 14:35:00-04:00,7749.75,7756.5,7749.0,7755.5,12963
2026-09-30 14:40:00-04:00,7755.5,7757.0,7754.5,7756.0,8594
2026-09-30 14:45:00-04:00,7756.0,7756.5,7748.75,7750.0,9471
2026-09-30 14:50:00-04:00,7750.0,7751.5,7747.25,7749.5,11496
2026-09-30 14:55:00-04:00,7749.25,7754.0,7749.0,7752.25,12090
2026-09-30 15:00:00-04:00,7752.0,7755.75,7752.0,7755.0,10187
2026-09-30 15:05:00-04:00,7755.0,7756.0,7753.5,7755.5,10016
2026-09-30 15:10:00-04:00,7755.5,7756.0,7752.75,7755.5,10695
2026-09-30 15:15:00-04:00,7755.25,7755.5,7752.0,7753.75,10121
2026-09-30 15:20:00-04:00,7753.75,7754.0,7749.25,7750.0,9911
2026-09-30 15:25:00-04:00,7750.25,7752.0,7749.25,7750.5,8153
2026-09-30 15:30:00-04:00,7750.5,7751.25,7747.25,7748.25,12480
2026-09-30 15:35:00-04:00,7748.5,7751.25,7744.0,7746.75,19737
2026-09-30 15:40:00-04:00,7746.75,7748.0,7742.0,7744.5,15699
2026-09-30 15:45:00-04:00,7744.5,7745.5,7740.0,7740.5,18866
2026-09-30 15:50:00-04:00,7740.5,7740.5,7726.5,7727.0,55644
2026-09-30 15:55:00-04:00,7727.25,7730.0,7709.25,7713.0,193897
2026-09-30 16:00:00-04:00,7713.0,7719.75,7705.5,7712.75,59354
2026-09-30 16:05:00-04:00,7712.75,7721.0,7711.75,7716.5,20160
2026-09-30 16:10:00-04:00,7716.75,7722.75,7716.25,7721.75,10547
2026-09-30 16:15:00-04:00,7721.5,7723.0,7719.0,7722.0,5459
2026-09-30 16:20:00-04:00,7722.25,7725.0,7721.75,7724.25,3979
2026-09-30 16:25:00-04:00,7724.5,7726.0,7723.25,7723.25,4332
2026-09-30 16:30:00-04:00,7723.25,7723.5,7719.5,7722.0,3364
2026-09-30 16:35:00-04:00,7721.75,7724.0,7721.0,7722.75,2878
2026-09-30 16:40:00-04:00,7723.0,7723.0,7720.25,7721.0,2400
2026-09-30 16:45:00-04:00,7721.25,7722.0,7719.5,7721.0,2833
2026-09-30 16:50:00-04:00,7721.0,7722.75,7719.75,7722.75,2629
2026-09-30 16:55:00-04:00,7722.5,7723.0,7720.0,7721.0,2860
2026-09-30 17:00:00-04:00,7721.5,7721.5,7721.5,7721.5,12
2026-09-30 18:00:00-04:00,7719.5,7726.0,7717.5,7722.0,0
2026-09-30 18:05:00-04:00,7722.0,7727.75,7722.0,7726.0,979
2026-09-30 18:10:00-04:00,7726.0,7727.75,7724.0,7727.5,680
2026-09-30 18:15:00-04:00,7727.25,7729.75,7726.5,7729.25,971
2026-09-30 18:20:00-04:00,7729.0,7731.5,7728.5,7730.75,1000
2026-09-30 18:25:00-04:00,7730.75,7731.75,7730.0,7731.0,1082
2026-09-30 18:30:00-04:00,7731.0,7732.0,7730.25,7730.75,1120
2026-09-30 18:35:00-04:00,7731.0,7733.25,7730.25,7732.75,683
2026-09-30 18:40:00-04:00,7732.75,7736.0,7732.25,7734.25,1144
2026-09-30 18:45:00-04:00,7734.25,7734.75,7733.75,7734.25,541
2026-09-30 18:50:00-04:00,7734.0,7734.75,7733.75,7734.0,563
2026-09-30 18:55:00-04:00,7734.0,7734.5,7733.25,7733.5,421
2026-09-30 19:00:00-04:00,7733.75,7735.5,7733.75,7734.75,464
2026-09-30 19:05:00-04:00,7734.75,7734.75,7733.25,7733.75,416
2026-09-30 19:10:00-04:00,7733.75,7733.75,7732.5,7733.75,567
2026-09-30 19:15:00-04:00,7734.0,7736.75,7734.0,7735.75,995
2026-09-30 19:20:00-04:00,7736.0,7738.25,7735.75,7738.0,867
2026-09-30 19:25:00-04:00,7738.0,7738.25,7735.75,7736.5,498
2026-09-30 19:30:00-04:00,7736.75,7739.75,7736.75,7739.5,783
2026-09-30 19:35:00-04:00,7739.25,7744.0,7738.5,7742.75,1649
2026-09-30 19:40:00-04:00,7742.75,7744.5,7742.75,7743.25,646
2026-09-30 19:45:00-04:00,7743.25,7744.25,7742.5,7744.0,855
2026-09-30 19:50:00-04:00,7743.75,7745.25,7743.0,7744.25,785
2026-09-30 19:55:00-04:00,7744.25,7744.75,7743.25,7743.75,550
2026-09-30 20:00:00-04:00,7743.5,7744.0,7740.25,7740.5,1953
2026-09-30 20:05:00-04:00,7740.5,7741.25,7737.25,7739.25,2366
2026-09-30 20:10:00-04:00,7739.5,7741.0,7739.0,7740.25,943
2026-09-30 20:15:00-04:00,7740.25,7740.5,7734.5,7735.5,2166
2026-09-30 20:20:00-04:00,7735.5,7736.75,7733.0,7734.5,1919
2026-09-30 20:25:00-04:00,7734.5,7737.25,7734.25,7735.25,1092
2026-09-30 20:30:00-04:00,7735.0,7735.0,7730.0,7730.25,2320
2026-09-30 20:35:00-04:00,7730.25,7733.75,7730.25,7732.25,1120
2026-09-30 20:40:00-04:00,7732.25,7740.5,7732.25,7739.75,2248
2026-09-30 20:45:00-04:00,7739.75,7740.25,7735.75,7737.5,1237
2026-09-30 20:50:00-04:00,7737.25,7737.5,7733.5,7733.5,942
2026-09-30 20:55:00-04:00,7733.75,7738.75,7733.5,7737.5,1277
2026-09-30 21:00:00-04:00,7737.75,7739.75,7737.25,7738.5,1185
2026-09-30 21:05:00-04:00,7738.5,7740.75,7738.25,7740.75,1365
2026-09-30 21:10:00-04:00,7740.75,7743.0,7739.5,7739.5,1980
2026-09-30 21:15:00-04:00,7739.75,7741.75,7737.5,7741.0,1578
2026-09-30 21:20:00-04:00,7741.25,7743.75,7741.25,7743.25,879
2026-09-30 21:25:00-04:00,7743.0,7744.25,7741.25,7741.25,851
2026-09-30 21:30:00-04:00,7741.25,7743.0,7740.25,7742.5,1212
2026-09-30 21:35:00-04:00,7742.5,7742.75,7740.25,7741.75,843
2026-09-30 21:40:00-04:00,7741.75,7741.75,7739.5,7740.25,911
2026-09-30 21:45:00-04:00,7740.5,7740.75,7737.25,7738.0,1098
2026-09-30 21:50:00-04:00,7737.75,7740.25,7737.75,7739.75,676
2026-09-30 21:55:00-04:00,7739.5,7740.0,7737.5,7739.0,592
2026-09-30 22:00:00-04:00,7739.0,7740.5,7738.0,7739.5,829
2026-09-30 22:05:00-04:00,7739.5,7741.0,7738.0,7739.5,794
2026-09-30 22:10:00-04:00,7739.75,7742.0,7738.25,7738.75,957
2026-09-30 22:15:00-04:00,7738.75,7741.25,7738.5,7739.25,1345
2026-09-30 22:20:00-04:00,7739.5,7742.5,7737.75,7741.0,1409
2026-09-30 22:25:00-04:00,7740.75,7742.25,7739.0,7742.25,843
2026-09-30 22:30:00-04:00,7742.25,7743.0,7741.5,7742.25,841
2026-09-30 22:35:00-04:00,7742.25,7742.75,7741.0,7741.75,931
2026-09-30 22:40:00-04:00,7741.75,7743.0,7741.5,7742.25,605
2026-09-30 22:45:00-04:00,7742.0,7742.75,7740.5,7741.0,994
2026-09-30 22:50:00-04:00,7740.75,7742.25,7740.25,7741.75,1133
2026-09-30 22:55:00-04:00,7741.75,7743.0,7741.0,7742.75,779
2026-09-30 23:00:00-04:00,7742.75,7745.0,7742.25,7742.75,1397
2026-09-30 23:05:00-04:00,7742.75,7743.75,7742.75,7743.5,715
2026-09-30 23:10:00-04:00,7743.5,7744.5,7743.5,7743.5,683
2026-09-30 23:15:00-04:00,7743.75,7744.5,7742.5,7743.0,1071
2026-09-30 23:20:00-04:00,7743.0,7743.5,7741.75,7742.5,638
2026-09-30 23:25:00-04:00,7742.75,7744.0,7742.5,7743.75,418
2026-09-30 23:30:00-04:00,7743.75,7743.75,7741.5,7742.0,794
2026-09-30 23:35:00-04:00,7742.0,7743.0,7741.25,7743.0,624
2026-09-30 23:40:00-04:00,7743.0,7744.0,7742.25,7743.75,572
2026-09-30 23:45:00-04:00,7743.75,7744.0,7742.75,7744.0,698
2026-09-30 23:50:00-04:00,7744.0,7746.75,7743.75,7746.5,1263
2026-09-30 23:55:00-04:00,7746.25,7748.25,7745.75,7748.25,1014
2026-10-01 00:05:00-04:00,7749.25,7749.25,7748.75,7749.0,2785
2026-10-01 00:10:00-04:00,7749.0,7750.5,7748.75,7749.75,727
2026-10-01 00:15:00-04:00,7749.75,7750.0,7747.5,7748.25,739
2026-10-01 00:20:00-04:00,7748.25,7749.25,7747.75,7748.5,570
2026-10-01 00:25:00-04:00,7748.5,7749.75,7748.25,7749.0,598
2026-10-01 00:30:00-04:00,7749.0,7751.25,7748.75,7751.25,717
2026-10-01 00:35:00-04:00,7751.0,7752.25,7750.75,7751.0,830
2026-10-01 00:40:00-04:00,7751.0,7751.5,7749.75,7751.5,633
2026-10-01 00:45:00-04:00,7751.25,7754.0,7751.0,7753.25,908
2026-10-01 00:50:00-04:00,7753.5,7754.5,7752.75,7754.0,919
2026-10-01 00:55:00-04:00,7754.25,7755.75,7753.0,7755.75,1214
2026-10-01 01:00:00-04:00,7756.0,7757.5,7755.5,7757.5,1419
2026-10-01 01:05:00-04:00,7757.5,7759.75,7757.5,7758.75,1569
2026-10-01 01:10:00-04:00,7758.75,7759.5,7757.75,7759.0,789
2026-10-01 01:15:00-04:00,7759.0,7760.5,7758.25,7760.25,737
2026-10-01 01:20:00-04:00,7760.0,7762.25,7760.0,7761.75,1015
2026-10-01 01:25:00-04:00,7761.75,7764.75,7761.5,7764.5,1745
2026-10-01 01:30:00-04:00,7764.5,7765.25,7763.0,7765.25,1741
2026-10-01 01:35:00-04:00,7765.5,7766.75,7764.25,7764.75,1800
2026-10-01 01:40:00-04:00,7764.75,7766.5,7763.75,7764.25,1362
2026-10-01 01:45:00-04:00,7764.25,7764.25,7760.75,7762.0,1752
2026-10-01 01:50:00-04:00,7762.0,7765.0,7762.0,7764.25,1638
2026-10-01 01:55:00-04:00,7764.5,7764.5,7762.5,7764.5,1052
2026-10-01 02:00:00-04:00,7764.25,7767.75,7764.0,7766.25,2447
2026-10-01 02:05:00-04:00,7766.25,7766.5,7764.25,7764.25,1334
2026-10-01 02:10:00-04:00,7764.5,7765.75,7762.75,7763.0,1743
2026-10-01 02:15:00-04:00,7763.0,7763.25,7760.75,7761.25,1529
2026-10-01 02:20:00-04:00,7761.25,7762.75,7760.75,7761.0,1015
2026-10-01 02:25:00-04:00,7760.75,7763.25,7759.5,7763.25,1656
2026-10-01 02:30:00-04:00,7763.0,7764.25,7759.0,7760.5,1820
2026-10-01 02:35:00-04:00,7760.5,7761.75,7753.5,7753.75,1940
2026-10-01 02:40:00-04:00,7753.75,7753.75,7749.5,7753.25,3603
2026-10-01 02:45:00-04:00,7753.25,7755.0,7751.25,7752.0,2066
2026-10-01 02:50:00-04:00,7752.0,7755.75,7752.0,7752.75,1768
2026-10-01 02:55:00-04:00,7752.75,7753.5,7748.5,7748.5,2419
2026-10-01 03:00:00-04:00,7748.5,7752.0,7745.0,7749.0,6377
2026-10-01 03:05:00-04:00,7749.25,7752.5,7748.75,7750.75,3155
2026-10-01 03:10:00-04:00,7750.75,7751.25,7736.75,7737.25,4118
2026-10-01 03:15:00-04:00,7737.5,7738.0,7728.5,7729.5,5591
2026-10-01 03:20:00-04:00,7729.5,7729.75,7720.25,7720.75,5684
2026-10-01 03:25:00-04:00,7721.0,7721.25,7707.25,7708.25,8941
2026-10-01 03:30:00-04:00,7708.0,7722.0,7707.75,7721.75,6582
2026-10-01 03:35:00-04:00,7722.0,7723.25,7717.25,7717.25,3607
2026-10-01 03:40:00-04:00,7717.5,7721.0,7713.25,7717.25,4470
2026-10-01 03:45:00-04:00,7717.25,7718.25,7712.0,7713.5,3360
2026-10-01 03:50:00-04:00,7713.75,7722.75,7713.75,7721.5,2543
2026-10-01 03:55:00-04:00,7721.75,7723.5,7715.0,7715.5,2336
2026-10-01 04:00:00-04:00,7715.5,7725.0,7715.0,7724.5,4266
2026-10-01 04:05:00-04:00,7724.5,7726.25,7715.0,7716.0,3235
2026-10-01 04:10:00-04:00,7716.0,7717.75,7714.25,7716.25,2091
2026-10-01 04:15:00-04:00,7716.5,7716.75,7712.75,7713.5,2186
2026-10-01 04:20:00-04:00,7713.25,7716.0,7711.0,7712.75,1983
2026-10-01 04:25:00-04:00,7712.75,7717.0,7708.5,7708.5,3540
2026-10-01 04:30:00-04:00,7708.5,7710.25,7705.0,7709.5,4109
2026-10-01 04:35:00-04:00,7709.5,7718.5,7708.75,7717.5,3356
2026-10-01 04:40:00-04:00,7717.25,7721.0,7716.5,7716.75,2909
2026-10-01 04:45:00-04:00,7716.75,7717.0,7712.25,7715.25,2735
2026-10-01 04:50:00-04:00,7715.25,7718.75,7712.5,7714.0,3176
2026-10-01 04:55:00-04:00,7714.25,7720.75,7713.75,7720.5,2245
2026-10-01 05:00:00-04:00,7720.5,7727.0,7719.75,7727.0,2390
2026-10-01 05:05:00-04:00,7727.0,7728.25,7725.5,7727.0,3286
2026-10-01 05:10:00-04:00,7727.0,7729.0,7726.5,7728.0,1101
2026-10-01 05:15:00-04:00,7728.0,7729.25,7725.75,7726.75,1797
2026-10-01 05:20:00-04:00,7726.75,7733.0,7726.5,7732.75,4579
2026-10-01 05:25:00-04:00,7732.5,7733.75,7731.25,7733.25,1397
2026-10-01 05:30:00-04:00,7733.25,7734.75,7732.5,7734.0,1982
2026-10-01 05:35:00-04:00,7734.0,7735.5,7731.0,7731.5,2365
2026-10-01 05:40:00-04:00,7731.25,7731.25,7728.5,7729.5,1354
2026-10-01 05:45:00-04:00,7729.5,7734.75,7728.0,7731.75,2290
2026-10-01 05:50:00-04:00,7731.75,7733.25,7728.0,7728.25,1860
2026-10-01 05:55:00-04:00,7728.0,7729.5,7725.75,7727.75,1651
2026-10-01 06:00:00-04:00,7727.5,7730.25,7719.75,7720.0,3921
2026-10-01 06:05:00-04:00,7719.75,7724.75,7718.25,7724.0,3115
2026-10-01 06:10:00-04:00,7723.5,7730.5,7723.5,7729.75,2300
2026-10-01 06:15:00-04:00,7729.5,7733.75,7726.25,7730.75,2773
2026-10-01 06:20:00-04:00,7730.75,7734.5,7729.75,7730.75,2944
2026-10-01 06:25:00-04:00,7730.5,7733.5,7730.0,7732.5,1260
2026-10-01 06:30:00-04:00,7732.5,7736.5,7732.25,7736.5,3427
2026-10-01 06:35:00-04:00,7736.5,7737.25,7735.0,7736.5,2610
2026-10-01 06:40:00-04:00,7736.5,7743.25,7735.75,7741.75,4439
2026-10-01 06:45:00-04:00,7741.75,7744.0,7741.25,7743.5,2459
2026-10-01 06:50:00-04:00,7743.75,7745.5,7742.0,7745.0,4199
2026-10-01 06:55:00-04:00,7744.75,7744.75,7741.25,7743.0,3313
2026-10-01 07:00:00-04:00,7743.0,7744.25,7739.5,7741.0,3966
2026-10-01 07:05:00-04:00,7740.75,7742.0,7737.75,7738.25,5024
2026-10-01 07:10:00-04:00,7738.0,7738.25,7732.75,7733.25,3450
2026-10-01 07:15:00-04:00,7733.0,7733.25,7729.5,7730.0,2195
2026-10-01 07:20:00-04:00,7729.75,7731.75,7726.25,7726.25,2561
2026-10-01 07:25:00-04:00,7726.0,7729.75,7726.0,7729.0,2150
2026-10-01 07:30:00-04:00,7729.25,7732.5,7728.25,7730.75,2982
2026-10-01 07:35:00-04:00,7730.5,7736.25,7730.25,7735.25,3083
2026-10-01 07:40:00-04:00,7735.25,7738.75,7734.75,7737.5,2663
2026-10-01 07:45:00-04:00,7737.5,7743.5,7737.5,7742.0,2546
2026-10-01 07:50:00-04:00,7742.0,7744.75,7740.5,7742.75,3101
2026-10-01 07:55:00-04:00,7743.0,7744.75,7742.25,7743.5,2754
2026-10-01 08:00:00-04:00,7743.5,7745.0,7741.75,7742.25,4385
2026-10-01 08:05:00-04:00,7742.25,7744.5,7741.75,7743.25,2427
2026-10-01 08:10:00-04:00,7743.0,7745.0,7741.0,7741.5,2820
2026-10-01 08:15:00-04:00,7741.25,7744.75,7739.25,7742.5,5156
2026-10-01 08:20:00-04:00,7742.5,7744.0,7738.25,7740.25,2164
2026-10-01 08:25:00-04:00,7740.0,7742.5,7737.5,7742.0,4846
2026-10-01 08:30:00-04:00,7742.25,7746.0,7740.5,7745.5,4084
2026-10-01 08:35:00-04:00,7745.25,7748.75,7743.5,7746.5,3492
2026-10-01 08:40:00-04:00,7746.5,7748.25,7741.0,7741.5,3621
2026-10-01 08:45:00-04:00,7741.25,7743.0,7738.5,7741.5,3496
2026-10-01 08:50:00-04:00,7741.5,7742.5,7735.5,7736.0,3616
2026-10-01 08:55:00-04:00,7736.0,7736.5,7733.0,7733.5,3826
2026-10-01 09:00:00-04:00,7733.5,7735.75,7731.5,7733.75,5950
2026-10-01 09:05:00-04:00,7733.75,7741.0,7733.5,7737.75,5021
2026-10-01 09:10:00-04:00,7737.5,7739.75,7734.75,7735.0,3619
2026-10-01 09:15:00-04:00,7735.0,7735.5,7730.25,7732.5,5108
2026-10-01 09:20:00-04:00,7732.5,7734.25,7728.5,7729.0,5337
2026-10-01 09:25:00-04:00,7729.0,7734.0,7729.0,7729.75,7313
2026-10-01 09:30:00-04:00,7730.0,7739.5,7720.5,7734.25,49280
2026-10-01 09:35:00-04:00,7734.5,7740.0,7731.25,7732.5,29424
2026-10-01 09:40:00-04:00,7732.75,7732.75,7717.5,7720.0,30950
2026-10-01 09:45:00-04:00,7720.25,7725.25,7711.75,7712.0,31818
2026-10-01 09:50:00-04:00,7712.0,7726.0,7712.0,7723.75,24419
2026-10-01 09:55:00-04:00,7723.75,7726.75,7710.0,7711.25,22014
2026-10-01 10:00:00-04:00,7711.5,7712.5,7683.75,7686.0,57490
2026-10-01 10:05:00-04:00,7686.0,7702.0,7682.25,7701.25,48765
2026-10-01 10:10:00-04:00,7701.5,7701.75,7688.0,7694.5,30193
2026-10-01 10:15:00-04:00,7694.25,7698.5,7686.5,7691.5,28528
2026-10-01 10:20:00-04:00,7691.5,7694.0,7683.0,7689.25,28422
2026-10-01 10:25:00-04:00,7689.25,7696.0,7685.5,7689.75,25879
2026-10-01 10:30:00-04:00,7689.5,7701.0,7686.75,7701.0,32402
2026-10-01 10:35:00-04:00,7701.0,7707.0,7696.75,7705.75,24610
2026-10-01 10:40:00-04:00,7705.75,7707.75,7698.5,7699.75,25700
2026-10-01 10:45:00-04:00,7699.5,7707.0,7693.5,7697.75,26971
2026-10-01 10:50:00-04:00,7697.75,7700.25,7686.0,7690.0,28242
2026-10-01 10:55:00-04:00,7690.0,7698.5,7684.25,7689.25,28038
2026-10-01 11:00:00-04:00,7689.25,7690.75,7677.5,7680.25,29658
2026-10-01 11:05:00-04:00,7680.25,7684.0,7675.0,7678.25,24220
2026-10-01 11:10:00-04:00,7678.0,7688.75,7672.75,7688.0,27590
2026-10-01 11:15:00-04:00,7687.75,7697.0,7685.0,7692.5,28265
2026-10-01 11:20:00-04:00,7692.5,7697.0,7688.25,7692.0,22443
2026-10-01 11:25:00-04:00,7692.25,7698.75,7688.75,7689.25,20784
2026-10-01 11:30:00-04:00,7689.5,7690.25,7679.75,7680.0,23494
2026-10-01 11:35:00-04:00,7680.25,7693.75,7677.25,7690.0,25333
2026-10-01 11:40:00-04:00,7690.25,7693.75,7678.0,7681.75,23605
2026-10-01 11:45:00-04:00,7681.5,7688.75,7679.75,7686.5,21637
2026-10-01 11:50:00-04:00,7686.25,7686.5,7677.25,7681.75,19420
2026-10-01 11:55:00-04:00,7681.75,7694.25,7681.5,7691.25,26659
2026-10-01 12:00:00-04:00,7691.5,7697.5,7687.0,7695.5,21985
2026-10-01 12:05:00-04:00,7695.5,7698.0,7690.5,7694.0,15980
2026-10-01 12:10:00-04:00,7693.75,7696.75,7689.0,7690.25,11974
2026-10-01 12:15:00-04:00,7690.25,7701.25,7689.0,7695.25,14927
2026-10-01 12:20:00-04:00,7695.0,7702.5,7692.5,7701.25,11450
2026-10-01 12:25:00-04:00,7701.5,7702.0,7697.25,7697.5,13236
2026-10-01 12:30:00-04:00,7697.75,7709.5,7696.25,7708.25,17045
2026-10-01 12:35:00-04:00,7708.0,7711.0,7702.0,7703.75,14625
2026-10-01 12:40:00-04:00,7703.75,7706.5,7699.25,7704.75,12322
2026-10-01 12:45:00-04:00,7705.0,7708.0,7702.75,7703.5,9391
2026-10-01 12:50:00-04:00,7703.5,7705.0,7692.5,7693.5,16189
2026-10-01 12:55:00-04:00,7693.5,7694.5,7687.5,7694.0,18017
2026-10-01 13:00:00-04:00,7693.75,7703.75,7691.75,7703.25,17275
2026-10-01 13:05:00-04:00,7703.25,7705.0,7700.0,7701.25,13584
2026-10-01 13:10:00-04:00,7701.25,7707.5,7700.25,7704.0,12162
2026-10-01 13:15:00-04:00,7704.0,7712.5,7702.5,7710.5,13883
2026-10-01 13:20:00-04:00,7710.5,7721.75,7710.25,7721.5,21873
2026-10-01 13:25:00-04:00,7721.75,7725.0,7719.75,7722.0,23543
2026-10-01 13:30:00-04:00,7722.25,7737.25,7721.75,7731.5,45218
2026-10-01 13:35:00-04:00,7731.5,7731.75,7725.5,7727.75,13727
2026-10-01 13:40:00-04:00,7728.0,7735.25,7726.0,7733.75,18136
2026-10-01 13:45:00-04:00,7733.75,7738.75,7730.25,7730.25,20077
2026-10-01 13:50:00-04:00,7730.5,7733.0,7723.25,7723.5,24083
2026-10-01 13:55:00-04:00,7723.75,7726.5,7717.75,7720.75,31276
2026-10-01 14:00:00-04:00,7720.75,7722.5,7713.5,7716.0,23650
2026-10-01 14:05:00-04:00,7715.75,7716.75,7706.75,7711.75,20998
2026-10-01 14:10:00-04:00,7711.75,7720.5,7709.5,7718.25,20742
2026-10-01 14:15:00-04:00,7718.5,7723.5,7718.0,7720.25,12233
2026-10-01 14:20:00-04:00,7720.0,7727.75,7715.0,7725.0,21602
2026-10-01 14:25:00-04:00,7724.75,7727.75,7722.5,7726.75,12690
2026-10-01 14:30:00-04:00,7726.75,7736.5,7722.25,7736.5,17336
2026-10-01 14:35:00-04:00,7736.5,7736.75,7727.75,7728.5,15614
2026-10-01 14:40:00-04:00,7728.75,7731.0,7725.75,7728.5,9480
2026-10-01 14:45:00-04:00,7728.5,7729.25,7725.5,7727.75,7409
2026-10-01 14:50:00-04:00,7728.0,7732.0,7726.25,7731.0,7942
2026-10-01 14:55:00-04:00,7730.75,7733.5,7729.0,7733.25,9787
2026-10-01 15:00:00-04:00,7733.25,7734.25,7727.0,7730.5,10893
2026-10-01 15:05:00-04:00,7730.5,7731.75,7727.0,7730.75,6728
2026-10-01 15:10:00-04:00,7730.5,7733.0,7729.0,7731.0,6638
2026-10-01 15:15:00-04:00,7730.75,7732.0,7728.0,7731.75,7535
2026-10-01 15:20:00-04:00,7731.75,7733.25,7728.25,7728.5,7229
2026-10-01 15:25:00-04:00,7728.5,7730.25,7727.25,7730.0,6818
2026-10-01 15:30:00-04:00,7729.75,7733.0,7728.0,7729.0,9771
2026-10-01 15:35:00-04:00,7728.75,7732.25,7726.5,7730.75,9151
2026-10-01 15:40:00-04:00,7730.5,7733.75,7730.25,7730.5,8446
2026-10-01 15:45:00-04:00,7730.5,7735.25,7729.75,7732.75,12704
2026-10-01 15:50:00-04:00,7732.75,7741.25,7729.5,7729.75,26136
2026-10-01 15:55:00-04:00,7730.0,7730.0,7719.75,7726.25,97479
2026-10-01 16:00:00-04:00,7726.0,7730.5,7724.75,7728.0,21492
2026-10-01 16:05:00-04:00,7728.25,7731.25,7727.5,7730.0,5743
2026-10-01 16:10:00-04:00,7729.75,7732.75,7728.75,7732.25,3679
2026-10-01 16:15:00-04:00,7732.25,7732.5,7730.25,7731.25,2722
2026-10-01 16:20:00-04:00,7731.5,7731.5,7730.0,7730.25,1562
2026-10-01 16:25:00-04:00,7730.25,7731.25,7729.5,7729.75,1178
2026-10-01 16:30:00-04:00,7729.75,7730.25,7728.5,7729.5,834
2026-10-01 16:35:00-04:00,7729.5,7729.75,7726.75,7726.75,1878
2026-10-01 16:40:00-04:00,7726.75,7727.25,7726.5,7727.0,1052
2026-10-01 16:45:00-04:00,7726.75,7727.0,7725.25,7726.0,1251
2026-10-01 16:50:00-04:00,7726.0,7727.5,7725.0,7725.25,2769
2026-10-01 16:55:00-04:00,7725.25,7726.0,7724.25,7725.0,2039
2026-10-01 18:00:00-04:00,7724.0,7727.25,7723.25,7726.0,0
2026-10-01 18:05:00-04:00,7725.5,7730.5,7725.5,7728.0,786
2026-10-01 18:10:00-04:00,7728.0,7728.75,7725.75,7726.25,352
2026-10-01 18:15:00-04:00,7726.25,7726.5,7724.75,7726.25,360
2026-10-01 18:20:00-04:00,7726.5,7726.75,7724.0,7724.75,477
2026-10-01 18:25:00-04:00,7725.0,7726.75,7724.75,7726.5,285
2026-10-01 18:30:00-04:00,7726.5,7728.5,7726.25,7727.5,315
2026-10-01 18:35:00-04:00,7727.5,7728.5,7727.25,7727.75,251
2026-10-01 18:40:00-04:00,7727.75,7728.25,7726.75,7727.0,186
2026-10-01 18:45:00-04:00,7727.25,7727.75,7726.25,7727.0,134
2026-10-01 18:50:00-04:00,7727.0,7729.75,7726.75,7729.5,296
2026-10-01 18:55:00-04:00,7729.5,7732.75,7729.5,7732.0,1273
2026-10-01 19:00:00-04:00,7732.0,7735.75,7729.75,7734.5,1205
2026-10-01 19:05:00-04:00,7734.5,7734.75,7731.75,7733.0,807
2026-10-01 19:10:00-04:00,7733.0,7734.75,7732.25,7734.75,516
2026-10-01 19:15:00-04:00,7734.5,7735.0,7732.75,7734.75,545
2026-10-01 19:20:00-04:00,7734.75,7735.0,7732.0,7732.75,230
2026-10-01 19:25:00-04:00,7732.75,7733.5,7732.75,7733.0,220
2026-10-01 19:30:00-04:00,7733.0,7733.5,7728.75,7730.5,804
2026-10-01 19:35:00-04:00,7730.25,7731.25,7727.5,7728.25,466
2026-10-01 19:40:00-04:00,7728.0,7730.25,7727.25,7729.75,739
2026-10-01 19:45:00-04:00,7729.5,7730.5,7727.5,7730.5,969
2026-10-01 19:50:00-04:00,7730.5,7734.5,7729.75,7732.25,1852
2026-10-01 19:55:00-04:00,7732.5,7734.25,7731.75,7733.25,448
2026-10-01 20:00:00-04:00,7733.0,7733.25,7729.75,7731.5,1420
2026-10-01 20:05:00-04:00,7731.75,7732.5,7730.0,7730.5,889
2026-10-01 20:10:00-04:00,7730.5,7736.25,7730.5,7735.0,1924
2026-10-01 20:15:00-04:00,7735.25,7739.75,7733.0,7739.0,3030
2026-10-01 20:20:00-04:00,7738.75,7740.5,7737.5,7738.0,4126
2026-10-01 20:25:00-04:00,7738.0,7738.0,7730.75,7731.25,2847
2026-10-01 20:30:00-04:00,7731.25,7735.25,7730.5,7734.75,2191
2026-10-01 20:35:00-04:00,7734.75,7736.25,7732.75,7733.75,1174
2026-10-01 20:40:00-04:00,7733.5,7734.5,7731.0,7732.5,1734
2026-10-01 20:45:00-04:00,7732.5,7734.5,7731.75,7734.0,1098
2026-10-01 20:50:00-04:00,7733.5,7735.0,7732.5,7733.25,645
2026-10-01 20:55:00-04:00,7733.5,7734.25,7731.0,7731.75,798
2026-10-01 21:00:00-04:00,7731.5,7733.5,7729.5,7729.5,1760
2026-10-01 21:05:00-04:00,7729.5,7731.5,7729.0,7731.25,944
2026-10-01 21:10:00-04:00,7731.25,7731.75,7729.75,7730.25,931
2026-10-01 21:15:00-04:00,7730.25,7731.75,7728.75,7729.25,865
2026-10-01 21:20:00-04:00,7729.25,7730.25,7725.75,7730.0,1287
2026-10-01 21:25:00-04:00,7730.0,7730.0,7726.5,7728.0,790
2026-10-01 21:30:00-04:00,7728.25,7729.75,7726.75,7727.5,1085
2026-10-01 21:35:00-04:00,7727.25,7728.75,7726.25,7728.25,1091
2026-10-01 21:40:00-04:00,7728.25,7730.0,7728.0,7729.75,780
2026-10-01 21:45:00-04:00,7729.75,7731.0,7729.5,7730.75,716
2026-10-01 21:50:00-04:00,7730.5,7737.25,7730.25,7734.5,1925
2026-10-01 21:55:00-04:00,7734.5,7737.0,7733.0,7737.0,989
2026-10-01 22:00:00-04:00,7736.75,7737.25,7734.25,7736.25,1433
2026-10-01 22:05:00-04:00,7736.0,7736.25,7733.5,7734.25,1090
2026-10-01 22:10:00-04:00,7734.25,7737.5,7733.25,7737.25,1217
2026-10-01 22:15:00-04:00,7737.0,7740.25,7736.5,7737.5,1256
2026-10-01 22:20:00-04:00,7737.5,7738.5,7736.25,7736.5,518
2026-10-01 22:25:00-04:00,7736.25,7740.5,7736.25,7738.75,628
2026-10-01 22:30:00-04:00,7738.75,7739.25,7737.5,7737.75,586
2026-10-01 22:35:00-04:00,7737.5,7739.5,7737.0,7737.75,665
2026-10-01 22:40:00-04:00,7737.5,7739.5,7737.5,7739.5,455
2026-10-01 22:45:00-04:00,7739.5,7742.0,7739.25,7741.75,920
2026-10-01 22:50:00-04:00,7741.75,7741.75,7738.5,7738.75,628
2026-10-01 22:55:00-04:00,7738.75,7741.5,7737.75,7741.25,593
2026-10-01 23:00:00-04:00,7741.5,7742.5,7740.75,7742.25,761
2026-10-01 23:05:00-04:00,7742.25,7742.5,7738.75,7739.25,739
2026-10-01 23:10:00-04:00,7739.5,7741.0,7738.75,7741.0,624
2026-10-01 23:15:00-04:00,7741.0,7741.5,7740.25,7741.25,443
2026-10-01 23:20:00-04:00,7741.25,7741.75,7740.0,7741.5,336
2026-10-01 23:25:00-04:00,7741.75,7742.25,7740.5,7740.75,488
2026-10-01 23:30:00-04:00,7740.5,7741.5,7739.75,7741.25,608
2026-10-01 23:35:00-04:00,7741.0,7741.5,7739.5,7740.5,407
2026-10-01 23:40:00-04:00,7740.5,7741.5,7739.5,7741.0,362
2026-10-01 23:45:00-04:00,7741.25,7742.5,7739.75,7740.0,724
2026-10-01 23:50:00-04:00,7740.0,7742.25,7740.0,7742.0,635
2026-10-01 23:55:00-04:00,7742.0,7743.0,7741.75,7742.75,298
2026-10-02 00:05:00-04:00,7744.5,7745.0,7744.5,7744.5,2138
2026-10-02 00:10:00-04:00,7744.5,7746.25,7743.75,7745.75,710
2026-10-02 00:15:00-04:00,7745.5,7746.0,7744.75,7744.75,444
2026-10-02 00:20:00-04:00,7744.75,7746.5,7744.75,7745.5,391
2026-10-02 00:25:00-04:00,7745.75,7746.5,7745.0,7745.5,443
2026-10-02 00:30:00-04:00,7745.5,7746.25,7744.25,7744.5,454
2026-10-02 00:35:00-04:00,7744.5,7745.0,7744.0,7744.5,379
2026-10-02 00:40:00-04:00,7744.25,7745.75,7744.25,7744.75,403
2026-10-02 00:45:00-04:00,7744.75,7745.5,7743.5,7745.5,518
2026-10-02 00:50:00-04:00,7745.25,7748.0,7745.0,7747.5,810
2026-10-02 00:55:00-04:00,7747.5,7750.0,7747.0,7749.75,1004
2026-10-02 01:00:00-04:00,7749.75,7754.25,7747.75,7748.5,1707
2026-10-02 01:05:00-04:00,7748.25,7751.25,7746.75,7749.75,938
2026-10-02 01:10:00-04:00,7749.75,7750.75,7748.25,7749.0,1203
2026-10-02 01:15:00-04:00,7749.0,7749.0,7747.0,7748.25,738
2026-10-02 01:20:00-04:00,7748.25,7748.25,7746.75,7747.0,570
2026-10-02 01:25:00-04:00,7747.0,7747.75,7745.5,7745.75,732
2026-10-02 01:30:00-04:00,7745.75,7746.75,7743.25,7746.5,896
2026-10-02 01:35:00-04:00,7746.25,7746.5,7744.5,7744.5,411
2026-10-02 01:40:00-04:00,7744.5,7747.0,7744.5,7745.75,490
2026-10-02 01:45:00-04:00,7746.0,7746.0,7743.25,7744.25,507
2026-10-02 01:50:00-04:00,7744.0,7744.5,7743.0,7743.25,420
2026-10-02 01:55:00-04:00,7743.5,7744.75,7743.0,7744.5,825
2026-10-02 02:00:00-04:00,7744.5,7747.75,7744.5,7746.75,1897
2026-10-02 02:05:00-04:00,7747.0,7750.75,7746.75,7748.5,2182
2026-10-02 02:10:00-04:00,7748.25,7750.0,7747.75,7747.75,1562
2026-10-02 02:15:00-04:00,7748.0,7748.25,7743.5,7744.0,1745
2026-10-02 02:20:00-04:00,7744.0,7745.75,7743.75,7744.5,1293
2026-10-02 02:25:00-04:00,7744.5,7747.75,7743.75,7746.0,1610
2026-10-02 02:30:00-04:00,7746.0,7748.0,7745.0,7746.5,2183
2026-10-02 02:35:00-04:00,7746.25,7747.5,7743.25,7745.0,2520
2026-10-02 02:40:00-04:00,7745.25,7745.25,7740.75,7741.5,2846
2026-10-02 02:45:00-04:00,7741.5,7741.5,7737.75,7738.75,2391
2026-10-02 02:50:00-04:00,7739.0,7741.5,7737.0,7741.5,1304
2026-10-02 02:55:00-04:00,7741.5,7744.25,7740.75,7743.5,1762
2026-10-02 03:00:00-04:00,7743.75,7745.0,7741.75,7744.25,2062
2026-10-02 03:05:00-04:00,7744.0,7746.5,7743.0,7744.5,2361
2026-10-02 03:10:00-04:00,7744.25,7750.5,7744.25,7750.25,2741
2026-10-02 03:15:00-04:00,7750.5,7750.75,7744.5,7744.5,2483
2026-10-02 03:20:00-04:00,7744.5,7746.25,7743.25,7744.5,1788
2026-10-02 03:25:00-04:00,7744.5,7746.0,7741.25,7743.0,1562
2026-10-02 03:30:00-04:00,7743.25,7745.5,7741.5,7744.5,1522
2026-10-02 03:35:00-04:00,7744.25,7747.25,7744.25,7746.5,1423
2026-10-02 03:40:00-04:00,7746.5,7747.25,7744.5,7746.25,1762
2026-10-02 03:45:00-04:00,7746.5,7748.5,7746.0,7748.25,1713
2026-10-02 03:50:00-04:00,7748.25,7754.5,7748.25,7752.5,2625
2026-10-02 03:55:00-04:00,7752.5,7760.75,7751.25,7755.75,5426
2026-10-02 04:00:00-04:00,7755.75,7757.25,7752.75,7755.0,3496
2026-10-02 04:05:00-04:00,7755.0,7763.25,7755.0,7763.0,3186
2026-10-02 04:10:00-04:00,7763.0,7764.25,7760.75,7761.0,2840
2026-10-02 04:15:00-04:00,7761.25,7761.75,7757.0,7757.75,2373
2026-10-02 04:20:00-04:00,7757.75,7761.5,7755.0,7755.75,4399
2026-10-02 04:25:00-04:00,7756.0,7758.25,7755.0,7757.25,2291
2026-10-02 04:30:00-04:00,7757.25,7758.5,7755.0,7755.75,1747
2026-10-02 04:35:00-04:00,7756.0,7760.25,7756.0,7759.25,1639
2026-10-02 04:40:00-04:00,7759.25,7760.5,7758.0,7758.5,2660
2026-10-02 04:45:00-04:00,7758.5,7762.25,7758.5,7762.0,2153
2026-10-02 04:50:00-04:00,7762.25,7764.0,7761.0,7763.5,2025
2026-10-02 04:55:00-04:00,7763.5,7764.75,7762.25,7762.5,1982
2026-10-02 05:00:00-04:00,7762.75,7762.75,7758.25,7759.25,2716
2026-10-02 05:05:00-04:00,7759.0,7760.25,7758.5,7760.25,1250
2026-10-02 05:10:00-04:00,7760.25,7765.75,7759.5,7763.5,2616
2026-10-02 05:15:00-04:00,7763.25,7765.5,7762.0,7763.5,3075
2026-10-02 05:20:00-04:00,7763.5,7764.75,7762.25,7763.0,1775
2026-10-02 05:25:00-04:00,7763.25,7764.0,7761.25,7762.5,1383
2026-10-02 05:30:00-04:00,7762.5,7763.0,7759.25,7759.5,1442
2026-10-02 05:35:00-04:00,7759.5,7762.75,7758.75,7762.0,1522
2026-10-02 05:40:00-04:00,7762.0,7763.25,7761.25,7761.5,1221
2026-10-02 05:45:00-04:00,7761.25,7765.5,7757.75,7763.0,6201
2026-10-02 05:50:00-04:00,7763.0,7764.0,7759.25,7760.5,1585
2026-10-02 05:55:00-04:00,7760.5,7761.0,7759.25,7759.75,1274
2026-10-02 06:00:00-04:00,7759.75,7760.5,7756.75,7758.0,2477
2026-10-02 06:05:00-04:00,7758.0,7758.25,7754.75,7755.5,1399
2026-10-02 06:10:00-04:00,7755.75,7756.0,7752.25,7754.0,1533
2026-10-02 06:15:00-04:00,7753.75,7755.25,7753.25,7754.0,1379
2026-10-02 06:20:00-04:00,7754.0,7755.0,7749.0,7750.75,3770
2026-10-02 06:25:00-04:00,7751.0,7757.0,7751.0,7756.5,2619
2026-10-02 06:30:00-04:00,7756.75,7759.75,7754.25,7759.75,1774
2026-10-02 06:35:00-04:00,7759.5,7761.25,7758.75,7760.25,1214
2026-10-02 06:40:00-04:00,7760.25,7761.75,7760.25,7761.0,1173
2026-10-02 06:45:00-04:00,7761.25,7762.5,7760.0,7760.25,1780
2026-10-02 06:50:00-04:00,7760.25,7763.0,7760.25,7761.5,1473
2026-10-02 06:55:00-04:00,7761.5,7763.25,7761.25,7763.0,1157
2026-10-02 07:00:00-04:00,7763.0,7764.5,7761.0,7762.0,2536
2026-10-02 07:05:00-04:00,7762.25,7764.25,7760.75,7763.0,1988
2026-10-02 07:10:00-04:00,7762.75,7763.25,7759.0,7763.25,2140
2026-10-02 07:15:00-04:00,7763.25,7764.25,7761.25,7764.0,1649
2026-10-02 07:20:00-04:00,7764.0,7765.75,7763.5,7765.0,1751
2026-10-02 07:25:00-04:00,7765.0,7765.5,7763.25,7764.0,1481
2026-10-02 07:30:00-04:00,7763.75,7765.5,7762.25,7762.25,2311
2026-10-02 07:35:00-04:00,7762.25,7763.5,7761.5,7761.5,1652
2026-10-02 07:40:00-04:00,7761.5,7761.75,7757.75,7759.0,1841
2026-10-02 07:45:00-04:00,7759.0,7759.5,7756.25,7757.0,2245
2026-10-02 07:50:00-04:00,7757.25,7758.5,7756.25,7757.0,1507
2026-10-02 07:55:00-04:00,7757.25,7758.0,7754.25,7757.25,2039
2026-10-02 08:00:00-04:00,7757.25,7757.25,7753.75,7754.25,2190
2026-10-02 08:05:00-04:00,7754.0,7757.25,7754.0,7755.25,2269
2026-10-02 08:10:00-04:00,7755.25,7757.75,7754.75,7755.5,2121
2026-10-02 08:15:00-04:00,7755.25,7757.0,7753.75,7755.25,3274
2026-10-02 08:20:00-04:00,7755.25,7759.25,7754.75,7757.5,3043
2026-10-02 08:25:00-04:00,7757.75,7765.75,7757.5,7765.25,4149
2026-10-02 08:30:00-04:00,7765.75,7800.0,7764.25,7791.25,28046
2026-10-02 08:35:00-04:00,7791.25,7797.25,7789.75,7791.75,15685
2026-10-02 08:40:00-04:00,7791.5,7792.5,7785.0,7787.0,11398
2026-10-02 08:45:00-04:00,7787.0,7791.25,7782.75,7789.25,7990
2026-10-02 08:50:00-04:00,7789.25,7793.25,7787.25,7792.5,6494
2026-10-02 08:55:00-04:00,7792.5,7798.75,7791.75,7797.25,6870
2026-10-02 09:00:00-04:00,7797.25,7802.75,7795.0,7800.5,10906
2026-10-02 09:05:00-04:00,7800.5,7802.75,7793.5,7795.75,9833
2026-10-02 09:10:00-04:00,7795.75,7798.0,7793.25,7793.5,6251
2026-10-02 09:15:00-04:00,7793.5,7794.25,7790.75,7792.0,6957
2026-10-02 09:20:00-04:00,7792.0,7795.0,7789.75,7791.75,5144
2026-10-02 09:25:00-04:00,7792.0,7793.5,7788.75,7789.5,8262
2026-10-02 09:30:00-04:00,7789.5,7792.0,7778.25,7790.5,43690
2026-10-02 09:35:00-04:00,7790.5,7795.25,7787.5,7791.75,31355
2026-10-02 09:40:00-04:00,7791.75,7800.75,7786.0,7800.25,29452
2026-10-02 09:45:00-04:00,7800.25,7804.75,7795.25,7797.25,31849
2026-10-02 09:50:00-04:00,7797.25,7801.25,7784.75,7785.25,33971
2026-10-02 09:55:00-04:00,7785.0,7789.75,7773.5,7788.5,58210
2026-10-02 10:00:00-04:00,7788.75,7800.0,7781.75,7799.5,31721
2026-10-02 10:05:00-04:00,7799.5,7801.5,7793.75,7794.75,27090
2026-10-02 10:10:00-04:00,7795.0,7800.5,7790.0,7798.0,24062
2026-10-02 10:15:00-04:00,7798.0,7804.25,7795.0,7803.5,22053
2026-10-02 10:20:00-04:00,7803.5,7807.25,7799.75,7807.0,21062
2026-10-02 10:25:00-04:00,7807.0,7808.75,7803.5,7804.25,16648
2026-10-02 10:30:00-04:00,7804.25,7804.75,7796.25,7801.0,22790
2026-10-02 10:35:00-04:00,7801.0,7805.5,7799.75,7804.25,17225
2026-10-02 10:40:00-04:00,7804.25,7810.25,7802.0,7804.75,19839
2026-10-02 10:45:00-04:00,7804.75,7808.0,7801.25,7804.0,15267
2026-10-02 10:50:00-04:00,7804.25,7804.25,7791.5,7793.0,24791
2026-10-02 10:55:00-04:00,7793.0,7800.0,7790.75,7793.0,20217
2026-10-02 11:00:00-04:00,7793.0,7794.5,7782.25,7783.0,24052
2026-10-02 11:05:00-04:00,7783.0,7783.75,7772.25,7773.25,39030
2026-10-02 11:10:00-04:00,7773.0,7775.75,7764.25,7769.5,39057
2026-10-02 11:15:00-04:00,7769.5,7773.75,7762.0,7764.5,31595
2026-10-02 11:20:00-04:00,7764.5,7768.0,7756.0,7756.25,33260
2026-10-02 11:25:00-04:00,7756.25,7771.5,7754.0,7771.0,25097
2026-10-02 11:30:00-04:00,7770.75,7775.25,7764.0,7774.5,25302
2026-10-02 11:35:00-04:00,7774.5,7777.5,7771.0,7775.5,20055
2026-10-02 11:40:00-04:00,7775.75,7778.0,7770.0,7773.0,16449
2026-10-02 11:45:00-04:00,7773.0,7776.25,7771.0,7772.25,17250
2026-10-02 11:50:00-04:00,7772.25,7775.5,7768.0,7769.5,16685
2026-10-02 11:55:00-04:00,7769.5,7775.75,7768.0,7775.25,13367
2026-10-02 12:00:00-04:00,7775.5,7781.75,7773.75,7778.0,23421
2026-10-02 12:05:00-04:00,7778.25,7781.5,7775.5,7781.0,11502
2026-10-02 12:10:00-04:00,7781.0,7782.25,7775.5,7778.25,13716
2026-10-02 12:15:00-04:00,7778.5,7781.0,7776.25,7779.75,10777
2026-10-02 12:20:00-04:00,7779.75,7780.25,7773.0,7774.0,13257
2026-10-02 12:25:00-04:00,7774.0,7777.25,7771.0,7772.25,12643
2026-10-02 12:30:00-04:00,7772.5,7777.5,7772.25,7775.25,10175
2026-10-02 12:35:00-04:00,7775.0,7781.75,7773.75,7780.75,11172
2026-10-02 12:40:00-04:00,7780.75,7780.75,7769.75,7773.0,13256
2026-10-02 12:45:00-04:00,7772.75,7776.25,7771.25,7773.0,10806
2026-10-02 12:50:00-04:00,7772.75,7779.25,7770.75,7777.75,10834
2026-10-02 12:55:00-04:00,7778.0,7779.0,7774.75,7776.0,8625
2026-10-02 13:00:00-04:00,7776.0,7783.75,7775.75,7780.5,14077
2026-10-02 13:05:00-04:00,7780.5,7781.75,7774.5,7777.75,7670
2026-10-02 13:10:00-04:00,7777.75,7779.5,7773.0,7775.75,8112
2026-10-02 13:15:00-04:00,7776.0,7779.5,7774.0,7778.5,6500
2026-10-02 13:20:00-04:00,7778.25,7778.75,7769.0,7770.25,12690
2026-10-02 13:25:00-04:00,7770.25,7771.5,7765.5,7767.5,16084
2026-10-02 13:30:00-04:00,7767.25,7776.0,7766.75,7773.5,16078
2026-10-02 13:35:00-04:00,7773.5,7774.0,7769.0,7771.25,8882
2026-10-02 13:40:00-04:00,7771.5,7773.25,7768.0,7772.0,8434
2026-10-02 13:45:00-04:00,7772.25,7774.75,7771.0,7774.25,8523
2026-10-02 13:50:00-04:00,7774.5,7777.5,7769.0,7776.75,13244
2026-10-02 13:55:00-04:00,7776.75,7777.0,7770.5,7774.5,8991
2026-10-02 14:00:00-04:00,7774.5,7776.25,7771.75,7774.5,9467
2026-10-02 14:05:00-04:00,7774.25,7775.0,7771.5,7773.75,5644
2026-10-02 14:10:00-04:00,7774.0,7776.25,7772.0,7775.25,6599
2026-10-02 14:15:00-04:00,7775.0,7775.25,7769.75,7771.25,8097
2026-10-02 14:20:00-04:00,7771.25,7772.0,7767.25,7768.5,7767
2026-10-02 14:25:00-04:00,7768.5,7772.75,7767.25,7772.25,8308
2026-10-02 14:30:00-04:00,7772.25,7775.0,7770.0,7772.5,8194
2026-10-02 14:35:00-04:00,7772.75,7774.25,7770.25,7770.75,6317
2026-10-02 14:40:00-04:00,7770.75,7775.75,7770.0,7775.0,7037
2026-10-02 14:45:00-04:00,7775.25,7776.0,7773.75,7774.5,6170
2026-10-02 14:50:00-04:00,7774.5,7776.25,7773.75,7776.0,5865
2026-10-02 14:55:00-04:00,7776.0,7777.0,7774.0,7775.5,6388
2026-10-02 15:00:00-04:00,7775.75,7777.0,7774.25,7775.75,7542
2026-10-02 15:05:00-04:00,7775.75,7775.75,7772.0,7772.75,5873
2026-10-02 15:10:00-04:00,7772.5,7774.5,7772.25,7774.0,8053
2026-10-02 15:15:00-04:00,7774.25,7777.75,7773.0,7776.0,10542
2026-10-02 15:20:00-04:00,7776.0,7776.75,7773.5,7776.25,8758
2026-10-02 15:25:00-04:00,7776.25,7778.5,7773.75,7775.5,7600
2026-10-02 15:30:00-04:00,7775.5,7779.75,7775.25,7779.5,10914
2026-10-02 15:35:00-04:00,7779.25,7782.75,7778.25,7780.0,11410
2026-10-02 15:40:00-04:00,7780.0,7780.75,7776.75,7778.25,10427
2026-10-02 15:45:00-04:00,7778.25,7782.75,7775.75,7777.25,18696
2026-10-02 15:50:00-04:00,7777.0,7781.75,7776.25,7777.0,17052
2026-10-02 15:55:00-04:00,7777.25,7779.75,7773.75,7779.0,71780
2026-10-02 16:00:00-04:00,7779.0,7782.25,7778.25,7781.25,17767
2026-10-02 16:05:00-04:00,7781.5,7784.5,7781.0,7782.5,6231
2026-10-02 16:10:00-04:00,7782.25,7784.5,7781.5,7783.25,3748
2026-10-02 16:15:00-04:00,7783.25,7784.0,7780.5,7780.5,2317
2026-10-02 16:20:00-04:00,7780.5,7780.75,7779.0,7780.0,1603
2026-10-02 16:25:00-04:00,7780.25,7780.5,7779.5,7780.25,687
2026-10-02 16:30:00-04:00,7780.5,7780.75,7779.75,7780.75,538
2026-10-02 16:35:00-04:00,7780.5,7780.5,7779.0,7779.5,714
2026-10-02 16:40:00-04:00,7779.5,7779.5,7778.0,7779.0,1113
2026-10-02 16:45:00-04:00,7778.75,7778.75,7776.0,7776.75,1373
2026-10-02 16:50:00-04:00,7777.0,7777.25,7775.0,7776.5,1775
2026-10-02 16:55:00-04:00,7776.5,7777.25,7775.25,7777.25,2312
2026-10-02 17:00:00-04:00,7777.25,7777.25,7777.25,7777.25,0
