time,open,high,low,close,volume
2026-08-21 00:09:00-04:00,7669.75,7670.0,7669.0,7669.25,0
2026-08-21 00:10:00-04:00,7669.25,7669.25,7668.75,7668.75,68
2026-08-21 00:11:00-04:00,7668.75,7669.0,7668.5,7668.75,55
2026-08-21 00:12:00-04:00,7669.0,7669.0,7668.0,7668.5,88
2026-08-21 00:13:00-04:00,7668.5,7669.75,7668.5,7669.5,106
2026-08-21 00:14:00-04:00,7669.5,7669.75,7669.25,7669.75,69
2026-08-21 00:15:00-04:00,7669.5,7670.0,7669.5,7669.75,80
2026-08-21 00:16:00-04:00,7670.0,7670.0,7668.25,7668.25,87
2026-08-21 00:17:00-04:00,7668.25,7668.5,7668.0,7668.25,155
2026-08-21 00:18:00-04:00,7668.0,7668.75,7668.0,7668.75,71
2026-08-21 00:19:00-04:00,7668.75,7668.75,7668.25,7668.5,50
2026-08-21 00:20:00-04:00,7668.5,7668.5,7667.5,7667.5,86
2026-08-21 00:21:00-04:00,7667.75,7668.0,7666.75,7667.0,84
2026-08-21 00:22:00-04:00,7666.75,7666.75,7665.75,7666.75,256
2026-08-21 00:23:00-04:00,7666.5,7667.0,7666.25,7666.25,132
2026-08-21 00:24:00-04:00,7666.25,7667.0,7666.25,7666.5,101
2026-08-21 00:25:00-04:00,7666.25,7666.5,7665.75,7666.5,102
2026-08-21 00:26:00-04:00,7666.75,7666.75,7666.25,7666.25,55
2026-08-21 00:27:00-04:00,7666.25,7666.5,7666.0,7666.25,31
2026-08-21 00:28:00-04:00,7666.25,7666.5,7666.0,7666.0,23
2026-08-21 00:29:00-04:00,7666.0,7666.25,7665.75,7665.75,37
2026-08-21 00:30:00-04:00,7665.75,7665.75,7664.75,7665.5,223
2026-08-21 00:31:00-04:00,7665.5,7666.25,7665.25,7666.0,102
2026-08-21 00:32:00-04:00,7666.0,7666.5,7666.0,7666.25,40
2026-08-21 00:33:00-04:00,7666.5,7666.75,7665.5,7665.5,63
2026-08-21 00:34:00-04:00,7665.75,7665.75,7665.5,7665.5,12
2026-08-21 00:35:00-04:00,7665.5,7665.75,7664.25,7664.5,113
2026-08-21 00:36:00-04:00,7664.75,7665.0,7664.25,7664.25,91
2026-08-21 00:37:00-04:00,7664.75,7665.0,7664.25,7665.0,33
2026-08-21 00:38:00-04:00,7664.75,7664.75,7664.5,7664.75,25
2026-08-21 00:39:00-04:00,7664.75,7664.75,7664.5,7664.5,46
2026-08-21 00:40:00-04:00,7664.75,7665.25,7664.5,7665.0,61
2026-08-21 00:41:00-04:00,7665.25,7665.75,7664.75,7665.75,67
2026-08-21 00:42:00-04:00,7665.5,7666.0,7665.25,7666.0,48
2026-08-21 00:43:00-04:00,7665.75,7666.0,7665.0,7665.0,65
2026-08-21 00:44:00-04:00,7665.25,7665.75,7665.25,7665.5,53
2026-08-21 00:45:00-04:00,7665.75,7666.0,7665.25,7665.75,66
2026-08-21 00:46:00-04:00,7666.0,7667.25,7666.0,7667.0,155
2026-08-21 00:47:00-04:00,7667.0,7667.75,7666.75,7667.5,144
2026-08-21 00:48:00-04:00,7667.5,7667.75,7667.25,7667.5,68
2026-08-21 00:49:00-04:00,7667.75,7669.0,7667.25,7668.75,132
2026-08-21 00:50:00-04:00,7669.0,7669.25,7668.75,7668.75,186
2026-08-21 00:51:00-04:00,7668.75,7669.75,7668.5,7669.5,157
2026-08-21 00:52:00-04:00,7669.5,7669.5,7669.0,7669.25,119
2026-08-21 00:53:00-04:00,7669.25,7669.5,7668.75,7669.25,41
2026-08-21 00:54:00-04:00,7669.25,7669.5,7669.0,7669.25,75
2026-08-21 00:55:00-04:00,7669.25,7669.5,7669.0,7669.25,62
2026-08-21 00:56:00-04:00,7669.25,7669.25,7668.5,7668.5,73
2026-08-21 00:57:00-04:00,7668.5,7668.75,7667.75,7668.0,38
2026-08-21 00:58:00-04:00,7668.0,7668.75,7668.0,7668.5,68
2026-08-21 00:59:00-04:00,7668.75,7668.75,7668.5,7668.5,21
2026-08-21 01:00:00-04:00,7668.75,7669.5,7668.25,7668.5,115
2026-08-21 01:01:00-04:00,7668.5,7669.25,7668.5,7669.25,32
2026-08-21 01:02:00-04:00,7669.25,7669.5,7669.0,7669.5,71
2026-08-21 01:03:00-04:00,7669.5,7670.0,7669.25,7669.75,84
2026-08-21 01:04:00-04:00,7670.0,7670.5,7669.75,7670.25,166
2026-08-21 01:05:00-04:00,7670.5,7670.5,7670.0,7670.0,114
2026-08-21 01:06:00-04:00,7670.0,7670.0,7669.5,7669.5,54
2026-08-21 01:07:00-04:00,7669.5,7670.0,7669.25,7669.25,49
2026-08-21 01:08:00-04:00,7669.5,7669.75,7668.75,7669.0,40
2026-08-21 01:09:00-04:00,7669.0,7669.0,7668.25,7668.25,74
2026-08-21 01:10:00-04:00,7668.5,7668.75,7668.0,7668.25,91
2026-08-21 01:11:00-04:00,7668.25,7669.25,7668.25,7669.25,45
2026-08-21 01:12:00-04:00,7669.75,7670.25,7669.5,7670.0,49
2026-08-21 01:13:00-04:00,7670.0,7670.25,7669.25,7669.25,45
2026-08-21 01:14:00-04:00,7669.25,7670.0,7669.25,7669.75,59
2026-08-21 01:15:00-04:00,7669.75,7670.0,7669.5,7669.75,38
2026-08-21 01:16:00-04:00,7669.75,7669.75,7669.5,7669.75,24
2026-08-21 01:17:00-04:00,7669.75,7670.0,7669.25,7670.0,78
2026-08-21 01:18:00-04:00,7669.75,7671.25,7669.75,7670.75,220
2026-08-21 01:19:00-04:00,7671.0,7671.25,7670.5,7670.75,73
2026-08-21 01:20:00-04:00,7670.75,7670.75,7668.75,7669.0,77
2026-08-21 01:21:00-04:00,7668.75,7669.25,7668.75,7668.75,36
2026-08-21 01:22:00-04:00,7669.25,7669.75,7668.75,7669.0,47
2026-08-21 01:23:00-04:00,7669.25,7669.25,7668.5,7669.0,84
2026-08-21 01:24:00-04:00,7668.75,7668.75,7668.25,7668.25,79
2026-08-21 01:25:00-04:00,7668.0,7669.0,7668.0,7669.0,100
2026-08-21 01:26:00-04:00,7669.0,7669.0,7668.5,7668.5,92
2026-08-21 01:27:00-04:00,7668.5,7668.5,7667.5,7667.75,79
2026-08-21 01:28:00-04:00,7667.75,7668.0,7667.0,7667.75,126
2026-08-21 01:29:00-04:00,7667.5,7668.0,7667.25,7667.25,38
2026-08-21 01:30:00-04:00,7667.0,7668.0,7666.75,7667.5,133
2026-08-21 01:31:00-04:00,7667.5,7667.5,7666.75,7666.75,57
2026-08-21 01:32:00-04:00,7667.0,7667.5,7666.5,7667.25,113
2026-08-21 01:33:00-04:00,7667.5,7668.25,7667.5,7668.0,47
2026-08-21 01:34:00-04:00,7668.25,7670.25,7668.0,7669.5,163
2026-08-21 01:35:00-04:00,7669.5,7669.75,7669.0,7669.5,102
2026-08-21 01:36:00-04:00,7669.75,7670.5,7669.75,7670.25,112
2026-08-21 01:37:00-04:00,7670.25,7670.25,7669.25,7669.25,67
2026-08-21 01:38:00-04:00,7669.5,7669.75,7669.5,7669.75,42
2026-08-21 01:39:00-04:00,7669.75,7670.25,7669.25,7669.5,92
2026-08-21 01:40:00-04:00,7669.75,7669.75,7668.0,7668.0,80
2026-08-21 01:41:00-04:00,7668.0,7668.25,7667.75,7667.75,27
2026-08-21 01:42:00-04:00,7667.75,7668.25,7667.25,7668.25,66
2026-08-21 01:43:00-04:00,7668.25,7668.75,7668.0,7668.75,29
2026-08-21 01:44:00-04:00,7669.0,7669.0,7668.0,7668.5,35
2026-08-21 01:45:00-04:00,7668.25,7668.5,7667.75,7667.75,28
2026-08-21 01:46:00-04:00,7667.75,7667.75,7666.75,7666.75,144
2026-08-21 01:47:00-04:00,7667.0,7667.25,7666.75,7666.75,31
2026-08-21 01:48:00-04:00,7666.5,7666.75,7665.75,7665.75,105
2026-08-21 01:49:00-04:00,7666.0,7666.5,7666.0,7666.25,59
2026-08-21 01:50:00-04:00,7666.25,7666.5,7665.75,7666.5,54
2026-08-21 01:51:00-04:00,7666.5,7666.5,7665.75,7665.75,116
2026-08-21 01:52:00-04:00,7665.75,7666.75,7665.75,7666.5,62
2026-08-21 01:53:00-04:00,7666.75,7667.25,7666.25,7666.75,89
2026-08-21 01:54:00-04:00,7666.75,7666.75,7666.25,7666.5,50
2026-08-21 01:55:00-04:00,7666.75,7667.0,7666.5,7667.0,66
2026-08-21 01:56:00-04:00,7667.0,7667.5,7667.0,7667.5,63
2026-08-21 01:57:00-04:00,7667.25,7667.5,7667.0,7667.25,37
2026-08-21 01:58:00-04:00,7667.5,7668.25,7667.5,7668.25,80
2026-08-21 01:59:00-04:00,7668.0,7668.75,7667.75,7668.25,58
2026-08-21 02:00:00-04:00,7668.25,7668.5,7667.25,7667.25,160
2026-08-21 02:01:00-04:00,7667.75,7668.5,7667.25,7668.25,87
2026-08-21 02:02:00-04:00,7668.0,7668.0,7667.25,7667.5,61
2026-08-21 02:03:00-04:00,7667.5,7668.75,7667.5,7668.25,100
2026-08-21 02:04:00-04:00,7668.0,7668.25,7667.75,7667.75,92
2026-08-21 02:05:00-04:00,7667.75,7668.75,7667.25,7668.75,78
2026-08-21 02:06:00-04:00,7668.75,7668.75,7668.5,7668.75,63
2026-08-21 02:07:00-04:00,7668.75,7669.25,7668.75,7668.75,51
2026-08-21 02:08:00-04:00,7668.5,7669.0,7667.75,7667.75,60
2026-08-21 02:09:00-04:00,7667.5,7668.5,7667.5,7668.0,37
2026-08-21 02:10:00-04:00,7668.25,7669.5,7668.0,7669.5,115
2026-08-21 02:11:00-04:00,7669.75,7669.75,7669.0,7669.25,94
2026-08-21 02:12:00-04:00,7669.5,7669.75,7669.0,7669.25,53
2026-08-21 02:13:00-04:00,7669.25,7669.75,7669.0,7669.25,59
2026-08-21 02:14:00-04:00,7669.5,7670.0,7669.25,7669.75,125
2026-08-21 02:15:00-04:00,7669.75,7670.25,7669.5,7669.75,104
2026-08-21 02:16:00-04:00,7669.25,7669.75,7669.0,7669.75,88
2026-08-21 02:17:00-04:00,7670.0,7670.5,7669.75,7669.75,146
2026-08-21 02:18:00-04:00,7670.0,7670.0,7669.25,7669.75,90
2026-08-21 02:19:00-04:00,7669.75,7669.75,7669.0,7669.75,34
2026-08-21 02:20:00-04:00,7669.5,7670.25,7669.5,7669.75,45
2026-08-21 02:21:00-04:00,7669.5,7669.75,7669.0,7669.0,92
2026-08-21 02:22:00-04:00,7669.25,7669.25,7668.75,7669.0,61
2026-08-21 02:23:00-04:00,7669.25,7669.25,7668.75,7669.0,16
2026-08-21 02:24:00-04:00,7669.0,7669.25,7668.75,7669.0,21
2026-08-21 02:25:00-04:00,7669.0,7669.5,7668.5,7669.5,50
2026-08-21 02:26:00-04:00,7669.75,7670.5,7669.75,7670.5,52
2026-08-21 02:27:00-04:00,7670.5,7670.5,7669.75,7670.0,27
2026-08-21 02:28:00-04:00,7670.25,7670.75,7670.25,7670.25,96
2026-08-21 02:29:00-04:00,7670.25,7670.5,7670.0,7670.25,82
2026-08-21 02:30:00-04:00,7670.0,7670.75,7670.0,7670.0,78
2026-08-21 02:31:00-04:00,7670.25,7670.75,7670.25,7670.75,25
2026-08-21 02:32:00-04:00,7670.25,7671.75,7670.25,7671.5,169
2026-08-21 02:33:00-04:00,7671.5,7672.75,7671.5,7672.25,199
2026-08-21 02:34:00-04:00,7672.5,7673.75,7672.0,7673.75,300
2026-08-21 02:35:00-04:00,7673.75,7675.25,7673.5,7675.0,434
2026-08-21 02:36:00-04:00,7674.75,7674.75,7672.5,7672.5,231
2026-08-21 02:37:00-04:00,7673.0,7673.25,7672.75,7673.0,101
2026-08-21 02:38:00-04:00,7673.0,7673.0,7672.25,7672.5,111
2026-08-21 02:39:00-04:00,7672.75,7673.0,7672.25,7672.5,55
2026-08-21 02:40:00-04:00,7672.0,7672.5,7671.75,7672.25,121
2026-08-21 02:41:00-04:00,7672.0,7672.0,7671.5,7671.5,54
2026-08-21 02:42:00-04:00,7671.5,7672.25,7671.5,7672.0,59
2026-08-21 02:43:00-04:00,7671.75,7672.0,7670.75,7670.75,87
2026-08-21 02:44:00-04:00,7671.0,7671.0,7670.0,7670.0,87
2026-08-21 02:45:00-04:00,7670.25,7670.5,7669.75,7669.75,132
2026-08-21 02:46:00-04:00,7669.75,7669.75,7669.0,7669.5,121
2026-08-21 02:47:00-04:00,7669.0,7670.0,7669.0,7669.5,59
2026-08-21 02:48:00-04:00,7669.25,7670.5,7669.25,7670.0,39
2026-08-21 02:49:00-04:00,7670.5,7672.75,7670.25,7672.75,311
2026-08-21 02:50:00-04:00,7672.5,7672.75,7670.75,7671.75,74
2026-08-21 02:51:00-04:00,7671.75,7671.75,7671.0,7671.75,70
2026-08-21 02:52:00-04:00,7671.75,7672.25,7671.75,7672.0,58
2026-08-21 02:53:00-04:00,7672.25,7672.25,7671.5,7671.75,42
2026-08-21 02:54:00-04:00,7672.0,7672.5,7671.75,7672.0,87
2026-08-21 02:55:00-04:00,7672.25,7672.25,7672.0,7672.25,33
2026-08-21 02:56:00-04:00,7672.0,7673.25,7672.0,7672.5,127
2026-08-21 02:57:00-04:00,7672.75,7672.75,7672.0,7672.75,73
2026-08-21 02:58:00-04:00,7672.5,7673.0,7672.5,7673.0,50
2026-08-21 02:59:00-04:00,7672.75,7674.0,7672.75,7673.75,268
2026-08-21 03:00:00-04:00,7673.25,7673.5,7671.25,7671.75,305
2026-08-21 03:01:00-04:00,7671.75,7674.25,7671.5,7673.75,283
2026-08-21 03:02:00-04:00,7673.75,7674.25,7673.5,7674.25,117
2026-08-21 03:03:00-04:00,7674.25,7675.5,7674.25,7675.25,240
2026-08-21 03:04:00-04:00,7675.25,7675.5,7674.75,7675.5,180
2026-08-21 03:05:00-04:00,7675.25,7676.0,7675.0,7675.75,159
2026-08-21 03:06:00-04:00,7676.0,7677.0,7675.25,7676.0,443
2026-08-21 03:07:00-04:00,7675.75,7676.75,7675.25,7676.25,173
2026-08-21 03:08:00-04:00,7676.25,7676.5,7675.75,7676.5,109
2026-08-21 03:09:00-04:00,7676.5,7676.75,7675.75,7675.75,105
2026-08-21 03:10:00-04:00,7676.0,7676.5,7675.5,7676.0,99
2026-08-21 03:11:00-04:00,7676.0,7676.75,7676.0,7676.25,74
2026-08-21 03:12:00-04:00,7676.25,7676.5,7675.75,7675.75,149
2026-08-21 03:13:00-04:00,7675.75,7676.5,7675.25,7676.5,141
2026-08-21 03:14:00-04:00,7676.5,7678.25,7676.5,7678.0,501
2026-08-21 03:15:00-04:00,7677.75,7678.0,7676.5,7677.0,183
2026-08-21 03:16:00-04:00,7677.0,7677.75,7676.0,7676.25,178
2026-08-21 03:17:00-04:00,7676.5,7677.25,7676.25,7677.0,88
2026-08-21 03:18:00-04:00,7677.0,7678.0,7676.75,7676.75,134
2026-08-21 03:19:00-04:00,7676.75,7677.5,7676.75,7677.5,119
2026-08-21 03:20:00-04:00,7677.5,7677.5,7676.5,7676.75,64
2026-08-21 03:21:00-04:00,7676.75,7677.25,7676.75,7676.75,113
2026-08-21 03:22:00-04:00,7676.75,7677.75,7676.75,7677.75,200
2026-08-21 03:23:00-04:00,7677.75,7678.0,7677.25,7678.0,138
2026-08-21 03:24:00-04:00,7678.0,7679.25,7677.75,7679.25,330
2026-08-21 03:25:00-04:00,7679.0,7679.25,7677.5,7678.5,222
2026-08-21 03:26:00-04:00,7678.5,7678.75,7678.0,7678.0,71
2026-08-21 03:27:00-04:00,7678.0,7678.0,7677.0,7677.25,59
2026-08-21 03:28:00-04:00,7677.0,7677.0,7676.5,7676.75,104
2026-08-21 03:29:00-04:00,7677.0,7677.0,7676.25,7676.5,91
2026-08-21 03:30:00-04:00,7676.5,7677.5,7676.0,7677.0,268
2026-08-21 03:31:00-04:00,7677.0,7677.75,7676.75,7677.25,168
2026-08-21 03:32:00-04:00,7677.25,7678.75,7677.25,7678.75,132
2026-08-21 03:33:00-04:00,7678.75,7680.75,7678.75,7680.25,735
2026-08-21 03:34:00-04:00,7680.25,7680.5,7679.75,7680.5,171
2026-08-21 03:35:00-04:00,7680.75,7680.75,7679.5,7679.5,130
2026-08-21 03:36:00-04:00,7679.5,7680.75,7679.0,7680.0,188
2026-08-21 03:37:00-04:00,7680.25,7680.75,7679.5,7680.0,216
2026-08-21 03:38:00-04:00,7680.0,7680.25,7679.0,7679.75,146
2026-08-21 03:39:00-04:00,7679.75,7680.5,7679.75,7680.5,164
2026-08-21 03:40:00-04:00,7680.25,7681.0,7679.5,7679.75,187
2026-08-21 03:41:00-04:00,7679.75,7681.0,7679.75,7680.75,181
2026-08-21 03:42:00-04:00,7680.75,7681.75,7680.75,7681.5,227
2026-08-21 03:43:00-04:00,7681.25,7682.0,7680.75,7681.0,285
2026-08-21 03:44:00-04:00,7680.75,7681.0,7678.75,7679.25,421
2026-08-21 03:45:00-04:00,7679.25,7680.0,7678.75,7679.0,253
2026-08-21 03:46:00-04:00,7679.0,7679.25,7678.75,7678.75,129
2026-08-21 03:47:00-04:00,7678.75,7682.25,7678.75,7682.25,286
2026-08-21 03:48:00-04:00,7681.75,7682.25,7681.25,7682.0,294
2026-08-21 03:49:00-04:00,7681.75,7682.0,7680.25,7681.0,116
2026-08-21 03:50:00-04:00,7681.0,7681.25,7680.0,7680.25,69
2026-08-21 03:51:00-04:00,7680.5,7680.75,7680.0,7680.25,60
2026-08-21 03:52:00-04:00,7680.25,7681.25,7680.0,7681.0,132
2026-08-21 03:53:00-04:00,7681.0,7681.75,7681.0,7681.25,143
2026-08-21 03:54:00-04:00,7681.0,7681.0,7680.5,7680.5,35
2026-08-21 03:55:00-04:00,7680.5,7680.75,7679.25,7680.75,246
2026-08-21 03:56:00-04:00,7681.0,7681.5,7681.0,7681.25,91
2026-08-21 03:57:00-04:00,7681.5,7681.5,7680.5,7680.75,64
2026-08-21 03:58:00-04:00,7680.75,7681.25,7680.5,7681.0,43
2026-08-21 03:59:00-04:00,7681.0,7682.0,7680.75,7682.0,76
2026-08-21 04:00:00-04:00,7682.0,7683.5,7681.25,7683.25,502
2026-08-21 04:01:00-04:00,7683.25,7683.5,7682.25,7682.5,279
2026-08-21 04:02:00-04:00,7682.5,7682.5,7681.75,7682.5,139
2026-08-21 04:03:00-04:00,7682.5,7683.5,7682.5,7683.0,187
2026-08-21 04:04:00-04:00,7683.0,7683.5,7682.75,7683.0,74
2026-08-21 04:05:00-04:00,7683.0,7683.25,7680.0,7680.25,302
2026-08-21 04:06:00-04:00,7680.25,7680.25,7677.75,7678.0,500
2026-08-21 04:07:00-04:00,7678.25,7679.25,7678.0,7678.75,174
2026-08-21 04:08:00-04:00,7679.0,7679.0,7678.25,7678.5,151
2026-08-21 04:09:00-04:00,7678.25,7680.0,7678.0,7679.75,169
2026-08-21 04:10:00-04:00,7680.0,7680.75,7679.0,7679.25,217
2026-08-21 04:11:00-04:00,7679.25,7679.25,7678.75,7679.0,103
2026-08-21 04:12:00-04:00,7679.25,7680.75,7679.25,7680.25,82
2026-08-21 04:13:00-04:00,7680.25,7680.5,7679.0,7679.5,155
2026-08-21 04:14:00-04:00,7679.5,7680.0,7679.5,7679.5,66
2026-08-21 04:15:00-04:00,7679.75,7680.25,7679.5,7679.5,72
2026-08-21 04:16:00-04:00,7679.5,7679.5,7678.75,7678.75,119
2026-08-21 04:17:00-04:00,7678.75,7681.5,7678.5,7681.25,177
2026-08-21 04:18:00-04:00,7681.25,7682.0,7680.75,7682.0,182
2026-08-21 04:19:00-04:00,7682.0,7683.0,7681.25,7682.25,229
2026-08-21 04:20:00-04:00,7682.0,7682.5,7681.75,7682.0,109
2026-08-21 04:21:00-04:00,7682.0,7682.0,7680.25,7681.25,159
2026-08-21 04:22:00-04:00,7681.25,7681.25,7679.5,7680.25,227
2026-08-21 04:23:00-04:00,7680.25,7680.75,7679.5,7680.75,183
2026-08-21 04:24:00-04:00,7680.75,7681.0,7680.25,7681.0,59
2026-08-21 04:25:00-04:00,7681.0,7682.5,7681.0,7682.5,243
2026-08-21 04:26:00-04:00,7682.5,7683.0,7682.0,7682.75,83
2026-08-21 04:27:00-04:00,7682.75,7684.0,7682.75,7684.0,358
2026-08-21 04:28:00-04:00,7684.0,7684.25,7683.5,7683.5,114
2026-08-21 04:29:00-04:00,7683.5,7684.0,7683.25,7683.5,86
2026-08-21 04:30:00-04:00,7684.0,7685.0,7683.25,7684.5,253
2026-08-21 04:31:00-04:00,7684.5,7684.5,7683.25,7684.0,257
2026-08-21 04:32:00-04:00,7684.0,7684.25,7683.5,7683.75,119
2026-08-21 04:33:00-04:00,7684.0,7684.5,7683.75,7684.5,78
2026-08-21 04:34:00-04:00,7684.5,7684.5,7683.25,7683.75,118
2026-08-21 04:35:00-04:00,7684.0,7685.0,7683.75,7685.0,89
2026-08-21 04:36:00-04:00,7684.75,7685.25,7684.5,7684.75,381
2026-08-21 04:37:00-04:00,7684.75,7685.25,7684.75,7685.25,85
2026-08-21 04:38:00-04:00,7685.25,7685.5,7685.0,7685.25,142
2026-08-21 04:39:00-04:00,7685.25,7685.75,7685.0,7685.5,101
2026-08-21 04:40:00-04:00,7685.75,7686.75,7685.25,7685.75,514
2026-08-21 04:41:00-04:00,7685.75,7686.5,7685.75,7686.25,137
2026-08-21 04:42:00-04:00,7686.25,7686.5,7685.25,7685.75,375
2026-08-21 04:43:00-04:00,7685.5,7686.0,7685.0,7685.5,180
2026-08-21 04:44:00-04:00,7685.5,7686.75,7685.5,7686.25,161
2026-08-21 04:45:00-04:00,7686.5,7686.5,7685.75,7686.0,182
2026-08-21 04:46:00-04:00,7686.25,7686.5,7686.0,7686.5,70
2026-08-21 04:47:00-04:00,7686.5,7686.5,7686.0,7686.25,65
2026-08-21 04:48:00-04:00,7686.25,7686.25,7685.75,7686.25,49
2026-08-21 04:49:00-04:00,7686.25,7686.25,7685.75,7685.75,51
2026-08-21 04:50:00-04:00,7685.5,7686.5,7685.5,7686.25,68
2026-08-21 04:51:00-04:00,7686.25,7688.75,7686.25,7688.75,954
2026-08-21 04:52:00-04:00,7688.5,7688.75,7687.25,7687.75,351
2026-08-21 04:53:00-04:00,7687.75,7687.75,7686.25,7686.75,128
2026-08-21 04:54:00-04:00,7687.0,7687.75,7686.75,7687.5,93
2026-08-21 04:55:00-04:00,7687.25,7687.5,7687.25,7687.5,60
2026-08-21 04:56:00-04:00,7687.5,7687.75,7687.25,7687.5,70
2026-08-21 04:57:00-04:00,7687.5,7688.0,7687.25,7687.75,65
2026-08-21 04:58:00-04:00,7687.5,7688.75,7687.25,7687.75,205
2026-08-21 04:59:00-04:00,7687.75,7688.0,7687.25,7687.5,91
2026-08-21 05:00:00-04:00,7687.5,7687.75,7686.75,7686.75,177
2026-08-21 05:01:00-04:00,7687.0,7687.25,7686.25,7686.5,141
2026-08-21 05:02:00-04:00,7686.5,7686.5,7684.25,7685.0,367
2026-08-21 05:03:00-04:00,7685.0,7685.5,7684.25,7685.5,145
2026-08-21 05:04:00-04:00,7685.5,7685.5,7685.0,7685.0,63
2026-08-21 05:05:00-04:00,7685.0,7685.25,7684.0,7684.5,156
2026-08-21 05:06:00-04:00,7684.5,7684.5,7683.75,7684.25,101
2026-08-21 05:07:00-04:00,7684.25,7684.25,7682.75,7684.0,382
2026-08-21 05:08:00-04:00,7684.0,7684.0,7682.25,7683.5,233
2026-08-21 05:09:00-04:00,7683.5,7683.75,7682.25,7683.0,281
2026-08-21 05:10:00-04:00,7683.0,7684.0,7682.0,7684.0,260
2026-08-21 05:11:00-04:00,7684.0,7684.75,7683.75,7684.5,250
2026-08-21 05:12:00-04:00,7684.5,7684.5,7683.0,7684.5,300
2026-08-21 05:13:00-04:00,7684.5,7684.5,7684.0,7684.25,82
2026-08-21 05:14:00-04:00,7684.25,7686.5,7684.25,7686.25,387
2026-08-21 05:15:00-04:00,7686.25,7686.5,7685.5,7685.5,192
2026-08-21 05:16:00-04:00,7685.25,7687.0,7685.0,7686.25,250
2026-08-21 05:17:00-04:00,7686.5,7686.75,7686.25,7686.75,103
2026-08-21 05:18:00-04:00,7686.75,7686.75,7686.0,7686.5,86
2026-08-21 05:19:00-04:00,7686.5,7686.5,7685.75,7686.0,96
2026-08-21 05:20:00-04:00,7686.0,7686.5,7685.75,7686.5,82
2026-08-21 05:21:00-04:00,7686.5,7686.5,7686.0,7686.25,38
2026-08-21 05:22:00-04:00,7686.25,7686.5,7686.0,7686.5,55
2026-08-21 05:23:00-04:00,7686.5,7686.5,7685.5,7686.0,82
2026-08-21 05:24:00-04:00,7686.25,7686.25,7685.25,7685.5,88
2026-08-21 05:25:00-04:00,7685.75,7686.25,7685.25,7685.5,86
2026-08-21 05:26:00-04:00,7685.25,7685.75,7685.25,7685.5,50
2026-08-21 05:27:00-04:00,7685.25,7686.0,7685.25,7686.0,43
2026-08-21 05:28:00-04:00,7685.75,7685.75,7685.0,7685.25,56
2026-08-21 05:29:00-04:00,7685.25,7685.25,7684.75,7685.0,71
2026-08-21 05:30:00-04:00,7685.0,7686.0,7684.75,7685.0,73
2026-08-21 05:31:00-04:00,7685.0,7685.5,7684.25,7685.25,177
2026-08-21 05:32:00-04:00,7685.0,7685.75,7685.0,7685.5,45
2026-08-21 05:33:00-04:00,7685.5,7685.75,7685.0,7685.0,81
2026-08-21 05:34:00-04:00,7685.25,7685.5,7684.75,7685.0,75
2026-08-21 05:35:00-04:00,7685.0,7686.75,7685.0,7686.75,414
2026-08-21 05:36:00-04:00,7686.75,7687.5,7686.25,7687.5,239
2026-08-21 05:37:00-04:00,7688.0,7688.0,7687.25,7687.5,185
2026-08-21 05:38:00-04:00,7687.75,7687.75,7687.25,7687.25,42
2026-08-21 05:39:00-04:00,7687.25,7687.25,7686.75,7687.25,50
2026-08-21 05:40:00-04:00,7687.25,7688.0,7687.0,7687.5,199
2026-08-21 05:41:00-04:00,7687.75,7687.75,7687.0,7687.5,132
2026-08-21 05:42:00-04:00,7687.25,7687.75,7687.25,7687.5,149
2026-08-21 05:43:00-04:00,7687.5,7688.5,7687.5,7688.0,141
2026-08-21 05:44:00-04:00,7688.0,7688.25,7687.5,7687.5,51
2026-08-21 05:45:00-04:00,7687.5,7687.75,7686.25,7686.5,135
2026-08-21 05:46:00-04:00,7686.5,7686.75,7686.25,7686.75,81
2026-08-21 05:47:00-04:00,7686.5,7686.75,7686.0,7686.75,43
2026-08-21 05:48:00-04:00,7686.75,7686.75,7686.0,7686.25,60
2026-08-21 05:49:00-04:00,7686.5,7687.5,7686.5,7687.5,83
2026-08-21 05:50:00-04:00,7687.25,7687.5,7686.0,7687.0,133
2026-08-21 05:51:00-04:00,7686.75,7688.0,7686.75,7688.0,107
2026-08-21 05:52:00-04:00,7688.0,7688.25,7687.25,7687.25,129
2026-08-21 05:53:00-04:00,7687.5,7687.75,7687.25,7687.5,67
2026-08-21 05:54:00-04:00,7687.25,7687.75,7687.25,7687.75,29
2026-08-21 05:55:00-04:00,7688.0,7688.25,7687.75,7688.0,122
2026-08-21 05:56:00-04:00,7688.0,7688.5,7687.75,7688.25,56
2026-08-21 05:57:00-04:00,7688.25,7688.75,7688.25,7688.5,120
2026-08-21 05:58:00-04:00,7688.5,7689.0,7688.0,7688.0,201
2026-08-21 05:59:00-04:00,7688.25,7688.25,7687.5,7688.0,79
2026-08-21 06:00:00-04:00,7687.75,7691.25,7687.75,7690.5,962
2026-08-21 06:01:00-04:00,7690.75,7691.75,7690.25,7691.5,483
2026-08-21 06:02:00-04:00,7691.25,7692.25,7690.75,7691.25,240
2026-08-21 06:03:00-04:00,7691.25,7691.5,7690.75,7690.75,111
2026-08-21 06:04:00-04:00,7690.75,7691.5,7690.75,7690.75,77
2026-08-21 06:05:00-04:00,7691.0,7691.5,7690.75,7691.5,101
2026-08-21 06:06:00-04:00,7691.5,7691.75,7690.75,7691.25,157
2026-08-21 06:07:00-04:00,7691.25,7691.25,7689.0,7689.0,261
2026-08-21 06:08:00-04:00,7688.25,7689.0,7687.75,7688.25,351
2026-08-21 06:09:00-04:00,7687.75,7688.5,7687.25,7688.25,243
2026-08-21 06:10:00-04:00,7688.25,7688.25,7687.5,7687.75,175
2026-08-21 06:11:00-04:00,7688.0,7688.25,7686.75,7686.75,214
2026-08-21 06:12:00-04:00,7687.0,7687.25,7686.5,7686.75,119
2026-08-21 06:13:00-04:00,7686.5,7686.75,7685.5,7686.25,285
2026-08-21 06:14:00-04:00,7686.5,7687.25,7686.25,7686.75,189
2026-08-21 06:15:00-04:00,7687.0,7687.25,7686.25,7687.25,196
2026-08-21 06:16:00-04:00,7687.25,7688.0,7687.0,7687.5,145
2026-08-21 06:17:00-04:00,7687.25,7687.75,7687.0,7687.75,89
2026-08-21 06:18:00-04:00,7687.75,7688.0,7687.25,7687.75,105
2026-08-21 06:19:00-04:00,7687.75,7688.25,7686.5,7686.75,145
2026-08-21 06:20:00-04:00,7686.75,7687.0,7685.5,7686.0,137
2026-08-21 06:21:00-04:00,7686.25,7686.75,7686.0,7686.25,64
2026-08-21 06:22:00-04:00,7686.25,7687.25,7686.25,7687.0,63
2026-08-21 06:23:00-04:00,7687.25,7687.25,7686.25,7686.5,87
2026-08-21 06:24:00-04:00,7686.5,7687.25,7686.25,7687.25,36
2026-08-21 06:25:00-04:00,7687.0,7688.0,7687.0,7687.5,123
2026-08-21 06:26:00-04:00,7687.75,7688.5,7687.5,7688.0,161
2026-08-21 06:27:00-04:00,7688.0,7688.25,7687.5,7687.75,69
2026-08-21 06:28:00-04:00,7687.75,7688.75,7687.75,7688.5,52
2026-08-21 06:29:00-04:00,7688.5,7688.75,7688.25,7688.75,61
2026-08-21 06:30:00-04:00,7689.0,7689.0,7688.5,7688.75,120
2026-08-21 06:31:00-04:00,7688.75,7688.75,7688.25,7688.25,112
2026-08-21 06:32:00-04:00,7688.5,7689.0,7688.25,7688.25,79
2026-08-21 06:33:00-04:00,7688.25,7688.25,7687.25,7688.0,129
2026-08-21 06:34:00-04:00,7687.75,7687.75,7687.25,7687.25,30
2026-08-21 06:35:00-04:00,7687.5,7687.75,7687.0,7687.25,78
2026-08-21 06:36:00-04:00,7687.25,7688.75,7687.25,7687.25,163
2026-08-21 06:37:00-04:00,7687.25,7687.75,7687.25,7687.75,52
2026-08-21 06:38:00-04:00,7687.25,7688.25,7687.25,7687.75,33
2026-08-21 06:39:00-04:00,7687.75,7688.25,7687.75,7688.0,31
2026-08-21 06:40:00-04:00,7688.0,7688.5,7688.0,7688.5,21
2026-08-21 06:41:00-04:00,7688.25,7688.5,7688.0,7688.5,48
2026-08-21 06:42:00-04:00,7688.25,7688.5,7687.75,7687.75,33
2026-08-21 06:43:00-04:00,7688.0,7688.0,7687.5,7687.75,89
2026-08-21 06:44:00-04:00,7687.5,7687.5,7686.5,7686.75,121
2026-08-21 06:45:00-04:00,7686.75,7687.25,7686.75,7687.0,129
2026-08-21 06:46:00-04:00,7687.0,7687.5,7686.75,7687.5,46
2026-08-21 06:47:00-04:00,7687.5,7687.75,7687.0,7687.25,40
2026-08-21 06:48:00-04:00,7687.25,7688.0,7687.25,7687.75,63
2026-08-21 06:49:00-04:00,7687.5,7687.75,7687.25,7687.25,43
2026-08-21 06:50:00-04:00,7687.25,7687.5,7686.75,7687.0,66
2026-08-21 06:51:00-04:00,7686.75,7687.5,7686.75,7687.5,53
2026-08-21 06:52:00-04:00,7687.5,7689.0,7687.25,7688.5,228
2026-08-21 06:53:00-04:00,7688.0,7688.25,7687.5,7688.0,179
2026-08-21 06:54:00-04:00,7688.0,7688.25,7687.75,7688.25,24
2026-08-21 06:55:00-04:00,7688.0,7688.5,7688.0,7688.25,36
2026-08-21 06:56:00-04:00,7688.25,7688.5,7688.25,7688.5,53
2026-08-21 06:57:00-04:00,7688.5,7688.5,7687.75,7688.0,118
2026-08-21 06:58:00-04:00,7688.0,7688.0,7687.25,7687.5,120
2026-08-21 06:59:00-04:00,7687.5,7688.75,7687.5,7688.25,71
2026-08-21 07:00:00-04:00,7688.25,7688.5,7685.75,7686.25,297
2026-08-21 07:01:00-04:00,7686.0,7686.25,7685.5,7685.75,156
2026-08-21 07:02:00-04:00,7686.0,7686.0,7685.0,7685.0,180
2026-08-21 07:03:00-04:00,7685.0,7685.5,7684.75,7685.25,236
2026-08-21 07:04:00-04:00,7685.0,7686.0,7684.75,7686.0,192
2026-08-21 07:05:00-04:00,7686.0,7689.25,7686.0,7688.5,405
2026-08-21 07:06:00-04:00,7688.5,7689.75,7687.75,7688.75,373
2026-08-21 07:07:00-04:00,7688.25,7688.75,7688.0,7688.0,124
2026-08-21 07:08:00-04:00,7688.0,7688.25,7687.25,7687.25,138
2026-08-21 07:09:00-04:00,7687.25,7688.75,7687.25,7688.5,101
2026-08-21 07:10:00-04:00,7688.5,7689.0,7688.25,7688.75,126
2026-08-21 07:11:00-04:00,7689.0,7689.25,7688.25,7689.0,185
2026-08-21 07:12:00-04:00,7689.0,7689.0,7687.0,7687.25,125
2026-08-21 07:13:00-04:00,7687.25,7687.5,7687.0,7687.25,63
2026-08-21 07:14:00-04:00,7687.25,7687.75,7687.25,7687.5,45
2026-08-21 07:15:00-04:00,7687.75,7689.25,7687.5,7688.75,130
2026-08-21 07:16:00-04:00,7689.0,7689.25,7688.5,7688.75,102
2026-08-21 07:17:00-04:00,7688.75,7689.5,7688.75,7689.5,95
2026-08-21 07:18:00-04:00,7689.5,7690.0,7689.0,7690.0,156
2026-08-21 07:19:00-04:00,7690.0,7690.0,7689.0,7689.0,74
2026-08-21 07:20:00-04:00,7689.0,7689.75,7689.0,7689.5,63
2026-08-21 07:21:00-04:00,7689.0,7690.5,7689.0,7690.5,187
2026-08-21 07:22:00-04:00,7690.5,7694.5,7690.25,7692.0,2404
2026-08-21 07:23:00-04:00,7692.25,7694.75,7691.25,7694.25,593
2026-08-21 07:24:00-04:00,7694.25,7697.25,7693.75,7696.75,1444
2026-08-21 07:25:00-04:00,7697.0,7698.25,7694.0,7697.75,1061
2026-08-21 07:26:00-04:00,7698.0,7698.25,7695.5,7695.5,462
2026-08-21 07:27:00-04:00,7695.75,7697.75,7695.0,7695.25,712
2026-08-21 07:28:00-04:00,7695.0,7696.75,7694.75,7696.25,329
2026-08-21 07:29:00-04:00,7696.25,7696.75,7695.75,7696.75,204
2026-08-21 07:30:00-04:00,7696.75,7697.25,7695.75,7697.0,296
2026-08-21 07:31:00-04:00,7697.0,7698.25,7696.25,7698.25,463
2026-08-21 07:32:00-04:00,7698.25,7698.5,7694.0,7694.5,456
2026-08-21 07:33:00-04:00,7694.75,7696.75,7694.5,7696.75,311
2026-08-21 07:34:00-04:00,7696.75,7697.0,7693.5,7695.75,689
2026-08-21 07:35:00-04:00,7695.75,7698.5,7695.5,7698.5,251
2026-08-21 07:36:00-04:00,7698.25,7699.75,7697.25,7697.75,697
2026-08-21 07:37:00-04:00,7697.5,7699.0,7697.25,7698.25,287
2026-08-21 07:38:00-04:00,7698.5,7699.0,7696.5,7696.5,303
2026-08-21 07:39:00-04:00,7696.75,7697.5,7695.75,7696.5,206
2026-08-21 07:40:00-04:00,7696.25,7697.75,7696.0,7696.0,357
2026-08-21 07:41:00-04:00,7696.0,7697.0,7695.25,7696.75,260
2026-08-21 07:42:00-04:00,7696.75,7698.25,7696.75,7697.25,309
2026-08-21 07:43:00-04:00,7697.25,7697.5,7696.25,7696.75,173
2026-08-21 07:44:00-04:00,7697.0,7698.75,7696.75,7698.5,153
2026-08-21 07:45:00-04:00,7698.75,7699.0,7697.25,7697.75,214
2026-08-21 07:46:00-04:00,7697.5,7697.75,7696.0,7696.0,230
2026-08-21 07:47:00-04:00,7696.25,7697.0,7695.75,7696.0,140
2026-08-21 07:48:00-04:00,7695.75,7696.0,7693.5,7695.5,726
2026-08-21 07:49:00-04:00,7695.5,7696.0,7695.25,7695.5,122
2026-08-21 07:50:00-04:00,7695.5,7695.75,7694.5,7695.25,152
2026-08-21 07:51:00-04:00,7695.25,7695.25,7694.75,7695.0,130
2026-08-21 07:52:00-04:00,7695.0,7695.5,7694.5,7695.25,139
2026-08-21 07:53:00-04:00,7695.25,7695.75,7695.0,7695.5,96
2026-08-21 07:54:00-04:00,7695.25,7695.75,7695.0,7695.0,72
2026-08-21 07:55:00-04:00,7695.0,7695.5,7694.75,7695.5,81
2026-08-21 07:56:00-04:00,7695.5,7696.25,7695.25,7695.25,202
2026-08-21 07:57:00-04:00,7695.25,7696.0,7695.0,7696.0,122
2026-08-21 07:58:00-04:00,7696.0,7696.75,7695.25,7695.5,162
2026-08-21 07:59:00-04:00,7695.25,7695.75,7695.0,7695.0,167
2026-08-21 08:00:00-04:00,7695.0,7696.25,7694.25,7694.5,381
2026-08-21 08:01:00-04:00,7694.5,7695.5,7694.0,7695.0,291
2026-08-21 08:02:00-04:00,7694.75,7694.75,7693.0,7693.25,440
2026-08-21 08:03:00-04:00,7693.0,7694.75,7692.75,7693.75,230
2026-08-21 08:04:00-04:00,7693.75,7694.75,7693.25,7694.75,257
2026-08-21 08:05:00-04:00,7694.75,7696.75,7694.5,7695.25,650
2026-08-21 08:06:00-04:00,7695.0,7696.25,7694.75,7695.75,297
2026-08-21 08:07:00-04:00,7695.75,7696.0,7695.25,7695.75,157
2026-08-21 08:08:00-04:00,7695.75,7696.75,7695.75,7696.0,132
2026-08-21 08:09:00-04:00,7696.0,7696.75,7695.75,7696.5,90
2026-08-21 08:10:00-04:00,7696.5,7696.5,7695.5,7696.25,153
2026-08-21 08:11:00-04:00,7696.0,7696.5,7695.5,7696.0,135
2026-08-21 08:12:00-04:00,7695.75,7696.25,7695.0,7695.75,219
2026-08-21 08:13:00-04:00,7696.0,7696.0,7695.5,7695.75,75
2026-08-21 08:14:00-04:00,7695.5,7695.75,7693.75,7694.0,318
2026-08-21 08:15:00-04:00,7694.0,7694.5,7693.25,7694.5,254
2026-08-21 08:16:00-04:00,7694.5,7694.5,7693.75,7693.75,138
2026-08-21 08:17:00-04:00,7693.75,7696.5,7693.5,7696.0,289
2026-08-21 08:18:00-04:00,7696.25,7696.5,7695.25,7695.75,174
2026-08-21 08:19:00-04:00,7695.75,7696.5,7695.5,7696.0,133
2026-08-21 08:20:00-04:00,7695.75,7695.75,7694.5,7694.5,332
2026-08-21 08:21:00-04:00,7694.5,7694.75,7694.25,7694.25,91
2026-08-21 08:22:00-04:00,7694.5,7694.75,7693.25,7694.5,376
2026-08-21 08:23:00-04:00,7694.75,7696.0,7694.25,7696.0,203
2026-08-21 08:24:00-04:00,7696.0,7698.25,7695.75,7697.75,607
2026-08-21 08:25:00-04:00,7697.75,7698.0,7697.25,7697.75,139
2026-08-21 08:26:00-04:00,7698.0,7698.75,7697.75,7698.75,307
2026-08-21 08:27:00-04:00,7698.75,7699.75,7698.25,7698.75,696
2026-08-21 08:28:00-04:00,7698.75,7699.25,7698.5,7699.0,163
2026-08-21 08:29:00-04:00,7699.5,7701.0,7699.25,7700.75,739
2026-08-21 08:30:00-04:00,7700.75,7702.0,7699.75,7700.5,1006
2026-08-21 08:31:00-04:00,7700.25,7702.75,7699.75,7702.5,550
2026-08-21 08:32:00-04:00,7702.25,7702.75,7701.5,7702.5,587
2026-08-21 08:33:00-04:00,7702.25,7703.25,7700.25,7700.75,679
2026-08-21 08:34:00-04:00,7700.5,7701.25,7700.0,7700.75,450
2026-08-21 08:35:00-04:00,7700.75,7701.25,7699.5,7699.75,423
2026-08-21 08:36:00-04:00,7699.75,7700.75,7699.5,7700.75,158
2026-08-21 08:37:00-04:00,7700.5,7700.5,7699.0,7699.75,1035
2026-08-21 08:38:00-04:00,7699.5,7699.75,7698.0,7699.0,460
2026-08-21 08:39:00-04:00,7699.25,7700.25,7699.0,7700.25,271
2026-08-21 08:40:00-04:00,7700.0,7700.25,7699.5,7700.0,235
2026-08-21 08:41:00-04:00,7700.0,7702.0,7700.0,7701.75,305
2026-08-21 08:42:00-04:00,7702.0,7702.25,7701.5,7702.0,188
2026-08-21 08:43:00-04:00,7702.0,7704.75,7702.0,7704.0,1322
2026-08-21 08:44:00-04:00,7703.75,7704.0,7703.25,7704.0,326
2026-08-21 08:45:00-04:00,7704.25,7704.5,7702.75,7703.0,453
2026-08-21 08:46:00-04:00,7703.0,7703.25,7701.75,7701.75,253
2026-08-21 08:47:00-04:00,7702.0,7702.75,7700.75,7702.0,586
2026-08-21 08:48:00-04:00,7702.25,7703.0,7702.25,7702.75,192
2026-08-21 08:49:00-04:00,7703.0,7703.75,7702.75,7703.75,162
2026-08-21 08:50:00-04:00,7703.5,7703.75,7703.0,7703.25,171
2026-08-21 08:51:00-04:00,7703.25,7703.5,7702.5,7703.0,145
2026-08-21 08:52:00-04:00,7702.75,7702.75,7701.25,7701.25,204
2026-08-21 08:53:00-04:00,7701.25,7701.5,7700.75,7701.0,284
2026-08-21 08:54:00-04:00,7701.25,7701.25,7700.0,7700.75,284
2026-08-21 08:55:00-04:00,7700.75,7701.0,7700.25,7700.5,132
2026-08-21 08:56:00-04:00,7700.5,7701.25,7700.0,7700.5,171
2026-08-21 08:57:00-04:00,7700.5,7701.0,7700.5,7700.5,107
2026-08-21 08:58:00-04:00,7700.75,7701.0,7700.5,7701.0,174
2026-08-21 08:59:00-04:00,7701.0,7701.25,7700.5,7700.75,156
2026-08-21 09:00:00-04:00,7701.0,7702.5,7700.5,7702.25,577
2026-08-21 09:01:00-04:00,7702.25,7702.25,7701.5,7702.0,192
2026-08-21 09:02:00-04:00,7701.75,7702.0,7701.25,7701.75,200
2026-08-21 09:03:00-04:00,7701.5,7701.75,7700.0,7700.0,488
2026-08-21 09:04:00-04:00,7700.0,7700.5,7699.5,7700.5,470
2026-08-21 09:05:00-04:00,7700.25,7700.25,7698.5,7698.5,490
2026-08-21 09:06:00-04:00,7698.75,7698.75,7697.5,7698.5,811
2026-08-21 09:07:00-04:00,7698.25,7699.0,7697.75,7698.5,427
2026-08-21 09:08:00-04:00,7698.75,7698.75,7697.75,7698.0,336
2026-08-21 09:09:00-04:00,7698.0,7698.0,7695.0,7695.75,1190
2026-08-21 09:10:00-04:00,7696.0,7696.25,7694.25,7695.0,1079
2026-08-21 09:11:00-04:00,7695.0,7695.25,7693.75,7694.0,741
2026-08-21 09:12:00-04:00,7694.0,7694.25,7693.25,7694.0,708
2026-08-21 09:13:00-04:00,7694.0,7694.25,7692.25,7692.25,748
2026-08-21 09:14:00-04:00,7692.25,7692.75,7690.75,7691.75,1188
2026-08-21 09:15:00-04:00,7692.0,7692.75,7690.75,7691.25,987
2026-08-21 09:16:00-04:00,7690.75,7691.75,7690.5,7691.0,548
2026-08-21 09:17:00-04:00,7690.75,7693.0,7690.75,7691.75,1643
2026-08-21 09:18:00-04:00,7691.75,7692.0,7689.75,7690.25,1356
2026-08-21 09:19:00-04:00,7690.0,7691.0,7689.25,7689.75,981
2026-08-21 09:20:00-04:00,7689.25,7690.0,7688.5,7689.25,923
2026-08-21 09:21:00-04:00,7689.25,7689.75,7688.5,7689.5,653
2026-08-21 09:22:00-04:00,7689.25,7689.75,7688.5,7689.0,656
2026-08-21 09:23:00-04:00,7689.0,7690.0,7688.5,7690.0,539
2026-08-21 09:24:00-04:00,7690.0,7690.75,7689.5,7690.25,578
2026-08-21 09:25:00-04:00,7690.25,7690.25,7685.0,7685.75,3044
2026-08-21 09:26:00-04:00,7686.0,7687.75,7685.75,7687.0,847
2026-08-21 09:27:00-04:00,7687.0,7693.25,7686.75,7692.5,2694
2026-08-21 09:28:00-04:00,7692.5,7695.25,7692.0,7694.75,2592
2026-08-21 09:29:00-04:00,7694.5,7696.75,7692.0,7696.0,2512
2026-08-21 09:30:00-04:00,7695.75,7696.25,7688.0,7689.25,8481
2026-08-21 09:31:00-04:00,7689.25,7690.5,7687.0,7688.75,4087
2026-08-21 09:32:00-04:00,7688.75,7691.25,7685.5,7687.5,3960
2026-08-21 09:33:00-04:00,7687.5,7687.5,7683.5,7685.5,4483
2026-08-21 09:34:00-04:00,7685.5,7687.25,7683.5,7683.75,3225
2026-08-21 09:35:00-04:00,7683.75,7684.25,7681.5,7683.5,4886
2026-08-21 09:36:00-04:00,7683.5,7684.75,7682.0,7684.75,3316
2026-08-21 09:37:00-04:00,7684.75,7687.25,7682.5,7686.75,3818
2026-08-21 09:38:00-04:00,7686.75,7687.0,7683.75,7685.5,2595
2026-08-21 09:39:00-04:00,7685.25,7686.75,7681.25,7686.0,4074
2026-08-21 09:40:00-04:00,7686.25,7687.75,7685.25,7685.75,3588
2026-08-21 09:41:00-04:00,7685.75,7688.25,7685.25,7686.0,2584
2026-08-21 09:42:00-04:00,7685.75,7688.0,7685.0,7685.25,1655
2026-08-21 09:43:00-04:00,7685.5,7685.5,7683.0,7683.5,2006
2026-08-21 09:44:00-04:00,7683.5,7687.5,7682.75,7686.75,1850
2026-08-21 09:45:00-04:00,7686.5,7689.5,7685.0,7686.75,2711
2026-08-21 09:46:00-04:00,7686.5,7688.5,7685.25,7687.25,2207
2026-08-21 09:47:00-04:00,7687.0,7687.75,7683.25,7685.25,2457
2026-08-21 09:48:00-04:00,7685.25,7686.75,7682.5,7682.75,2164
2026-08-21 09:49:00-04:00,7683.0,7685.25,7682.0,7685.25,2704
2026-08-21 09:50:00-04:00,7685.0,7687.75,7684.25,7685.5,2222
2026-08-21 09:51:00-04:00,7685.5,7687.0,7682.5,7683.0,2088
2026-08-21 09:52:00-04:00,7683.25,7683.25,7680.0,7680.5,3702
2026-08-21 09:53:00-04:00,7680.5,7682.25,7679.25,7679.5,3186
2026-08-21 09:54:00-04:00,7679.5,7680.0,7676.5,7679.5,5227
2026-08-21 09:55:00-04:00,7679.5,7681.75,7679.0,7679.25,4514
2026-08-21 09:56:00-04:00,7679.25,7683.75,7678.75,7682.5,3540
2026-08-21 09:57:00-04:00,7682.5,7682.75,7679.75,7681.0,2063
2026-08-21 09:58:00-04:00,7681.0,7681.25,7678.0,7680.0,2323
2026-08-21 09:59:00-04:00,7680.0,7683.25,7679.5,7680.75,2110
2026-08-21 10:00:00-04:00,7680.75,7684.75,7680.25,7683.75,3703
2026-08-21 10:01:00-04:00,7683.5,7684.75,7682.5,7683.5,1926
2026-08-21 10:02:00-04:00,7683.75,7684.0,7680.75,7681.5,2115
2026-08-21 10:03:00-04:00,7681.25,7684.25,7680.75,7682.5,1837
2026-08-21 10:04:00-04:00,7682.5,7685.0,7682.0,7684.75,2114
2026-08-21 10:05:00-04:00,7684.75,7688.5,7684.5,7688.0,4503
2026-08-21 10:06:00-04:00,7688.25,7691.0,7687.25,7689.0,4385
2026-08-21 10:07:00-04:00,7689.0,7689.75,7687.0,7687.75,2385
2026-08-21 10:08:00-04:00,7687.5,7689.75,7686.75,7689.25,1993
2026-08-21 10:09:00-04:00,7689.25,7689.75,7687.0,7687.75,1544
2026-08-21 10:10:00-04:00,7687.75,7690.25,7686.25,7689.0,2666
2026-08-21 10:11:00-04:00,7689.0,7689.0,7686.5,7688.25,1751
2026-08-21 10:12:00-04:00,7688.25,7688.25,7684.5,7685.25,2949
2026-08-21 10:13:00-04:00,7685.5,7686.0,7682.5,7684.0,3256
2026-08-21 10:14:00-04:00,7683.75,7684.0,7681.25,7682.5,3126
2026-08-21 10:15:00-04:00,7682.25,7685.0,7682.25,7684.5,3271
2026-08-21 10:16:00-04:00,7684.25,7685.75,7681.75,7685.5,2324
2026-08-21 10:17:00-04:00,7685.5,7686.0,7682.0,7683.75,1863
2026-08-21 10:18:00-04:00,7683.5,7684.5,7682.5,7682.75,992
2026-08-21 10:19:00-04:00,7682.5,7683.5,7681.0,7681.75,1857
2026-08-21 10:20:00-04:00,7681.5,7682.75,7680.5,7682.25,1840
2026-08-21 10:21:00-04:00,7682.25,7682.25,7679.75,7682.0,2131
2026-08-21 10:22:00-04:00,7682.0,7687.25,7681.75,7686.25,3579
2026-08-21 10:23:00-04:00,7686.5,7686.5,7683.5,7686.0,1898
2026-08-21 10:24:00-04:00,7685.75,7687.25,7682.25,7683.0,2561
2026-08-21 10:25:00-04:00,7683.0,7686.0,7682.5,7685.25,1660
2026-08-21 10:26:00-04:00,7685.0,7686.0,7684.0,7684.75,1392
2026-08-21 10:27:00-04:00,7684.75,7686.5,7684.25,7684.5,1764
2026-08-21 10:28:00-04:00,7684.5,7686.5,7684.0,7685.25,1409
2026-08-21 10:29:00-04:00,7685.0,7685.5,7681.25,7681.5,2060
2026-08-21 10:30:00-04:00,7681.75,7684.0,7681.5,7683.0,1717
2026-08-21 10:31:00-04:00,7683.0,7684.25,7682.25,7683.75,1836
2026-08-21 10:32:00-04:00,7683.75,7684.0,7681.0,7682.25,1760
2026-08-21 10:33:00-04:00,7682.5,7683.75,7681.25,7681.25,1082
2026-08-21 10:34:00-04:00,7681.25,7683.0,7679.75,7680.0,2197
2026-08-21 10:35:00-04:00,7680.0,7680.5,7678.5,7678.5,2491
2026-08-21 10:36:00-04:00,7678.75,7680.5,7677.5,7678.25,3100
2026-08-21 10:37:00-04:00,7678.25,7679.75,7677.5,7678.25,1885
2026-08-21 10:38:00-04:00,7677.75,7681.0,7677.75,7680.75,2149
2026-08-21 10:39:00-04:00,7681.25,7681.75,7678.25,7678.75,2273
2026-08-21 10:40:00-04:00,7678.5,7681.5,7678.5,7680.25,1492
2026-08-21 10:41:00-04:00,7680.25,7680.5,7677.25,7677.5,1565
2026-08-21 10:42:00-04:00,7677.5,7679.5,7677.25,7679.0,1399
2026-08-21 10:43:00-04:00,7678.75,7684.0,7678.5,7682.75,4156
2026-08-21 10:44:00-04:00,7683.0,7683.0,7680.5,7681.5,2029
2026-08-21 10:45:00-04:00,7681.5,7682.75,7680.5,7682.5,2236
2026-08-21 10:46:00-04:00,7682.25,7685.0,7682.0,7684.5,2524
2026-08-21 10:47:00-04:00,7684.25,7684.75,7681.0,7682.25,2544
2026-08-21 10:48:00-04:00,7682.75,7684.75,7682.25,7684.25,1479
2026-08-21 10:49:00-04:00,7684.5,7686.25,7683.75,7685.75,1883
2026-08-21 10:50:00-04:00,7685.75,7686.75,7684.75,7685.5,2164
2026-08-21 10:51:00-04:00,7685.75,7686.25,7684.25,7685.25,1140
2026-08-21 10:52:00-04:00,7684.75,7688.25,7684.25,7687.25,2651
2026-08-21 10:53:00-04:00,7686.75,7688.5,7686.25,7686.5,1756
2026-08-21 10:54:00-04:00,7686.25,7687.0,7684.0,7686.25,2194
2026-08-21 10:55:00-04:00,7686.0,7689.5,7684.75,7689.0,1909
2026-08-21 10:56:00-04:00,7689.25,7691.25,7688.0,7690.75,3271
2026-08-21 10:57:00-04:00,7691.0,7692.25,7690.0,7691.0,2801
2026-08-21 10:58:00-04:00,7691.0,7692.75,7690.5,7692.0,1879
2026-08-21 10:59:00-04:00,7692.25,7694.0,7692.0,7693.75,2831
2026-08-21 11:00:00-04:00,7693.75,7697.75,7692.75,7696.0,6697
2026-08-21 11:01:00-04:00,7696.25,7696.75,7693.0,7694.0,3391
2026-08-21 11:02:00-04:00,7694.0,7695.0,7693.0,7693.5,2055
2026-08-21 11:03:00-04:00,7693.25,7697.75,7693.0,7697.0,2203
2026-08-21 11:04:00-04:00,7697.0,7699.25,7696.75,7697.75,3533
2026-08-21 11:05:00-04:00,7698.0,7698.75,7695.75,7697.0,3877
2026-08-21 11:06:00-04:00,7697.25,7699.5,7696.75,7697.25,2513
2026-08-21 11:07:00-04:00,7697.75,7698.75,7696.5,7696.75,1817
2026-08-21 11:08:00-04:00,7697.0,7697.75,7695.75,7696.25,1347
2026-08-21 11:09:00-04:00,7696.25,7696.5,7693.25,7694.0,3524
2026-08-21 11:10:00-04:00,7694.0,7694.5,7693.25,7693.75,1579
2026-08-21 11:11:00-04:00,7693.5,7696.0,7693.5,7695.25,1821
2026-08-21 11:12:00-04:00,7695.25,7695.75,7693.75,7694.75,1112
2026-08-21 11:13:00-04:00,7694.5,7695.25,7693.5,7694.5,1768
2026-08-21 11:14:00-04:00,7694.75,7694.75,7692.25,7692.5,2326
2026-08-21 11:15:00-04:00,7692.5,7695.0,7692.25,7693.25,2121
2026-08-21 11:16:00-04:00,7693.5,7693.5,7691.5,7691.5,2038
2026-08-21 11:17:00-04:00,7691.5,7692.75,7691.0,7692.0,1561
2026-08-21 11:18:00-04:00,7692.0,7693.25,7691.25,7691.25,1361
2026-08-21 11:19:00-04:00,7691.25,7692.25,7690.75,7691.25,1392
2026-08-21 11:20:00-04:00,7691.5,7692.5,7690.5,7690.75,1499
2026-08-21 11:21:00-04:00,7690.5,7692.5,7689.75,7692.0,2044
2026-08-21 11:22:00-04:00,7692.0,7694.0,7691.75,7693.25,2027
2026-08-21 11:23:00-04:00,7693.25,7693.75,7692.75,7693.75,853
2026-08-21 11:24:00-04:00,7693.5,7693.75,7689.75,7690.75,1907
2026-08-21 11:25:00-04:00,7690.25,7691.0,7689.5,7690.25,1456
2026-08-21 11:26:00-04:00,7690.5,7692.75,7689.75,7692.5,1199
2026-08-21 11:27:00-04:00,7692.5,7694.0,7692.0,7693.25,1641
2026-08-21 11:28:00-04:00,7693.5,7695.5,7692.75,7695.0,1927
2026-08-21 11:29:00-04:00,7695.0,7695.25,7694.0,7694.75,917
2026-08-21 11:30:00-04:00,7694.75,7695.75,7693.75,7694.0,1896
2026-08-21 11:31:00-04:00,7694.25,7695.5,7693.25,7694.25,1240
2026-08-21 11:32:00-04:00,7694.0,7697.25,7694.0,7697.25,2102
2026-08-21 11:33:00-04:00,7697.25,7698.0,7696.75,7697.75,1851
2026-08-21 11:34:00-04:00,7697.75,7700.25,7697.5,7700.25,3795
2026-08-21 11:35:00-04:00,7700.0,7700.75,7699.5,7700.75,2352
2026-08-21 11:36:00-04:00,7700.75,7703.75,7700.25,7702.5,3757
2026-08-21 11:37:00-04:00,7702.5,7704.5,7701.5,7701.5,2809
2026-08-21 11:38:00-04:00,7701.5,7702.5,7700.75,7701.75,1569
2026-08-21 11:39:00-04:00,7702.0,7706.0,7701.75,7706.0,3598
2026-08-21 11:40:00-04:00,7706.0,7708.0,7704.75,7707.75,3860
2026-08-21 11:41:00-04:00,7707.75,7710.0,7707.5,7709.25,3032
2026-08-21 11:42:00-04:00,7709.25,7709.5,7707.0,7707.0,2339
2026-08-21 11:43:00-04:00,7707.0,7708.5,7706.25,7707.0,1908
2026-08-21 11:44:00-04:00,7706.75,7708.75,7706.75,7708.25,1295
2026-08-21 11:45:00-04:00,7708.75,7710.0,7708.25,7708.75,2478
2026-08-21 11:46:00-04:00,7708.75,7709.25,7707.5,7708.5,1201
2026-08-21 11:47:00-04:00,7709.0,7709.0,7707.25,7707.5,1122
2026-08-21 11:48:00-04:00,7707.75,7708.0,7705.0,7705.5,2877
2026-08-21 11:49:00-04:00,7705.5,7706.0,7704.75,7705.75,1036
2026-08-21 11:50:00-04:00,7705.75,7710.0,7705.5,7709.25,2745
2026-08-21 11:51:00-04:00,7709.25,7711.5,7709.0,7710.75,2426
2026-08-21 11:52:00-04:00,7710.75,7713.0,7710.5,7712.75,2313
2026-08-21 11:53:00-04:00,7712.5,7714.0,7712.0,7713.25,2105
2026-08-21 11:54:00-04:00,7713.5,7714.0,7712.0,7712.0,1193
2026-08-21 11:55:00-04:00,7712.25,7712.25,7710.25,7710.75,1827
2026-08-21 11:56:00-04:00,7710.75,7711.0,7708.75,7709.25,1503
2026-08-21 11:57:00-04:00,7709.0,7709.5,7707.25,7707.75,1708
2026-08-21 11:58:00-04:00,7707.5,7708.0,7706.75,7707.5,1196
2026-08-21 11:59:00-04:00,7707.5,7708.0,7706.0,7707.25,1391
2026-08-21 12:00:00-04:00,7707.25,7708.75,7705.25,7705.75,2738
2026-08-21 12:01:00-04:00,7705.75,7706.75,7705.0,7705.5,910
2026-08-21 12:02:00-04:00,7705.25,7705.75,7703.25,7704.0,2385
2026-08-21 12:03:00-04:00,7703.75,7705.0,7703.5,7704.25,1030
2026-08-21 12:04:00-04:00,7704.25,7705.0,7701.5,7702.75,1972
2026-08-21 12:05:00-04:00,7703.0,7703.0,7700.5,7701.5,2348
2026-08-21 12:06:00-04:00,7701.75,7702.25,7699.25,7700.25,2915
2026-08-21 12:07:00-04:00,7700.0,7701.5,7699.75,7700.75,1476
2026-08-21 12:08:00-04:00,7701.0,7701.75,7700.75,7701.0,1259
2026-08-21 12:09:00-04:00,7701.25,7701.5,7698.0,7698.5,2054
2026-08-21 12:10:00-04:00,7698.75,7700.0,7698.0,7699.5,1623
2026-08-21 12:11:00-04:00,7699.75,7701.25,7699.0,7699.5,2197
2026-08-21 12:12:00-04:00,7699.5,7699.75,7698.0,7699.5,1029
2026-08-21 12:13:00-04:00,7699.25,7700.25,7699.0,7699.75,988
2026-08-21 12:14:00-04:00,7699.5,7699.75,7697.5,7697.5,1586
2026-08-21 12:15:00-04:00,7697.5,7698.75,7696.75,7698.75,2050
2026-08-21 12:16:00-04:00,7698.5,7700.5,7698.0,7699.75,1674
2026-08-21 12:17:00-04:00,7699.75,7700.5,7698.75,7699.5,1168
2026-08-21 12:18:00-04:00,7699.25,7699.5,7696.5,7696.5,1706
2026-08-21 12:19:00-04:00,7696.75,7697.0,7694.25,7695.5,3347
2026-08-21 12:20:00-04:00,7695.25,7695.5,7693.75,7695.0,1786
2026-08-21 12:21:00-04:00,7695.0,7706.0,7694.5,7697.75,15731
2026-08-21 12:22:00-04:00,7698.0,7699.25,7696.25,7697.5,3225
2026-08-21 12:23:00-04:00,7697.5,7698.0,7695.75,7697.75,1564
2026-08-21 12:24:00-04:00,7697.5,7698.25,7696.75,7697.0,1203
2026-08-21 12:25:00-04:00,7697.0,7698.75,7696.75,7697.5,1331
2026-08-21 12:26:00-04:00,7697.5,7698.25,7696.5,7697.25,1030
2026-08-21 12:27:00-04:00,7697.25,7699.5,7697.25,7699.25,1342
2026-08-21 12:28:00-04:00,7699.75,7701.0,7699.25,7700.25,1722
2026-08-21 12:29:00-04:00,7700.25,7700.5,7699.5,7700.25,736
2026-08-21 12:30:00-04:00,7700.25,7700.75,7698.25,7699.5,2393
2026-08-21 12:31:00-04:00,7699.75,7699.75,7696.5,7696.5,1304
2026-08-21 12:32:00-04:00,7696.75,7698.0,7696.5,7698.0,1022
2026-08-21 12:33:00-04:00,7697.75,7698.5,7697.5,7698.0,427
2026-08-21 12:34:00-04:00,7697.75,7698.0,7695.5,7695.5,1355
2026-08-21 12:35:00-04:00,7695.25,7696.5,7695.25,7696.0,923
2026-08-21 12:36:00-04:00,7696.0,7698.0,7696.0,7697.75,1022
2026-08-21 12:37:00-04:00,7697.25,7698.75,7697.0,7697.75,951
2026-08-21 12:38:00-04:00,7697.75,7699.5,7697.25,7699.25,932
2026-08-21 12:39:00-04:00,7699.5,7701.0,7699.0,7700.75,1219
2026-08-21 12:40:00-04:00,7700.75,7701.0,7699.25,7699.75,1042
2026-08-21 12:41:00-04:00,7700.0,7700.75,7699.25,7699.5,861
2026-08-21 12:42:00-04:00,7699.75,7700.5,7699.25,7700.0,369
2026-08-21 12:43:00-04:00,7700.0,7700.25,7697.75,7699.25,1320
2026-08-21 12:44:00-04:00,7699.0,7699.25,7698.5,7698.75,374
2026-08-21 12:45:00-04:00,7698.75,7699.0,7696.0,7696.75,1738
2026-08-21 12:46:00-04:00,7697.0,7698.25,7696.75,7697.0,638
2026-08-21 12:47:00-04:00,7696.75,7697.5,7696.75,7697.25,455
2026-08-21 12:48:00-04:00,7697.25,7697.75,7697.0,7697.5,570
2026-08-21 12:49:00-04:00,7697.5,7698.0,7696.75,7697.0,787
2026-08-21 12:50:00-04:00,7696.75,7697.0,7693.0,7694.25,3408
2026-08-21 12:51:00-04:00,7694.0,7695.0,7693.5,7694.25,1118
2026-08-21 12:52:00-04:00,7694.5,7695.25,7694.0,7694.75,947
2026-08-21 12:53:00-04:00,7695.0,7695.25,7694.5,7694.75,551
2026-08-21 12:54:00-04:00,7694.75,7696.0,7694.5,7695.25,1002
2026-08-21 12:55:00-04:00,7695.25,7696.25,7694.5,7695.5,1264
2026-08-21 12:56:00-04:00,7695.5,7696.5,7695.0,7695.25,664
2026-08-21 12:57:00-04:00,7695.25,7698.0,7695.0,7698.0,1269
2026-08-21 12:58:00-04:00,7697.75,7699.75,7697.25,7699.25,1303
2026-08-21 12:59:00-04:00,7699.25,7699.25,7698.0,7699.25,737
2026-08-21 13:00:00-04:00,7699.0,7700.0,7698.5,7699.0,1317
2026-08-21 13:01:00-04:00,7698.75,7699.5,7698.0,7699.0,1038
2026-08-21 13:02:00-04:00,7699.0,7699.5,7697.25,7698.25,1376
2026-08-21 13:03:00-04:00,7698.0,7698.75,7697.5,7698.5,793
2026-08-21 13:04:00-04:00,7698.25,7698.75,7697.75,7698.25,498
2026-08-21 13:05:00-04:00,7697.75,7698.5,7696.75,7698.5,838
2026-08-21 13:06:00-04:00,7698.5,7699.0,7696.75,7698.5,791
2026-08-21 13:07:00-04:00,7698.5,7699.5,7698.0,7698.25,1001
2026-08-21 13:08:00-04:00,7698.0,7699.75,7697.75,7699.5,761
2026-08-21 13:09:00-04:00,7699.75,7700.75,7698.75,7699.0,1595
2026-08-21 13:10:00-04:00,7699.0,7699.0,7697.25,7697.5,693
2026-08-21 13:11:00-04:00,7697.25,7698.0,7696.25,7697.0,816
2026-08-21 13:12:00-04:00,7697.0,7697.75,7696.5,7697.0,487
2026-08-21 13:13:00-04:00,7697.25,7697.5,7696.5,7696.5,524
2026-08-21 13:14:00-04:00,7696.75,7697.25,7696.0,7697.0,487
2026-08-21 13:15:00-04:00,7697.25,7698.0,7696.0,7698.0,763
2026-08-21 13:16:00-04:00,7697.75,7698.0,7697.0,7697.75,432
2026-08-21 13:17:00-04:00,7697.75,7698.25,7696.25,7696.5,576
2026-08-21 13:18:00-04:00,7696.5,7697.0,7696.25,7696.5,471
2026-08-21 13:19:00-04:00,7696.5,7697.25,7696.0,7696.5,565
2026-08-21 13:20:00-04:00,7696.75,7697.0,7694.75,7695.5,1572
2026-08-21 13:21:00-04:00,7695.25,7696.0,7694.25,7694.5,779
2026-08-21 13:22:00-04:00,7694.5,7695.0,7692.25,7693.5,1725
2026-08-21 13:23:00-04:00,7693.25,7693.75,7692.75,7693.5,958
2026-08-21 13:24:00-04:00,7693.25,7694.25,7692.5,7693.75,1135
2026-08-21 13:25:00-04:00,7693.75,7694.0,7692.5,7693.0,633
2026-08-21 13:26:00-04:00,7693.0,7694.5,7692.25,7692.5,694
2026-08-21 13:27:00-04:00,7692.5,7693.75,7692.5,7693.75,521
2026-08-21 13:28:00-04:00,7693.75,7695.75,7693.5,7695.0,1207
2026-08-21 13:29:00-04:00,7695.25,7695.5,7693.5,7693.75,527
2026-08-21 13:30:00-04:00,7693.75,7694.5,7692.75,7693.25,978
2026-08-21 13:31:00-04:00,7693.75,7694.0,7692.75,7693.0,442
2026-08-21 13:32:00-04:00,7693.25,7693.5,7692.25,7692.5,590
2026-08-21 13:33:00-04:00,7692.5,7693.5,7692.0,7693.0,596
2026-08-21 13:34:00-04:00,7693.0,7693.25,7690.5,7690.75,1299
2026-08-21 13:35:00-04:00,7690.5,7691.5,7690.25,7691.0,1743
2026-08-21 13:36:00-04:00,7691.0,7692.75,7690.75,7692.5,978
2026-08-21 13:37:00-04:00,7693.0,7693.5,7691.5,7691.75,943
2026-08-21 13:38:00-04:00,7691.75,7692.0,7691.0,7691.25,648
2026-08-21 13:39:00-04:00,7691.25,7692.0,7690.75,7691.25,336
2026-08-21 13:40:00-04:00,7691.0,7691.5,7690.0,7690.25,930
2026-08-21 13:41:00-04:00,7690.5,7692.5,7690.25,7692.0,672
2026-08-21 13:42:00-04:00,7692.0,7692.5,7691.5,7692.0,563
2026-08-21 13:43:00-04:00,7692.0,7692.25,7691.0,7691.5,396
2026-08-21 13:44:00-04:00,7691.5,7692.25,7690.75,7692.0,690
2026-08-21 13:45:00-04:00,7692.25,7693.25,7691.0,7691.75,1188
2026-08-21 13:46:00-04:00,7691.75,7693.0,7691.25,7693.0,363
2026-08-21 13:47:00-04:00,7693.0,7693.5,7692.25,7693.25,925
2026-08-21 13:48:00-04:00,7693.25,7694.25,7692.75,7692.75,807
2026-08-21 13:49:00-04:00,7692.5,7692.75,7691.5,7692.5,678
2026-08-21 13:50:00-04:00,7692.25,7692.75,7691.25,7692.5,840
2026-08-21 13:51:00-04:00,7692.5,7693.0,7691.5,7691.5,715
2026-08-21 13:52:00-04:00,7691.5,7692.0,7690.5,7690.5,992
2026-08-21 13:53:00-04:00,7690.25,7692.5,7690.25,7692.25,584
2026-08-21 13:54:00-04:00,7692.25,7692.5,7690.75,7691.0,376
2026-08-21 13:55:00-04:00,7691.0,7691.25,7689.75,7690.5,999
2026-08-21 13:56:00-04:00,7690.75,7691.0,7690.0,7690.5,661
2026-08-21 13:57:00-04:00,7690.75,7691.0,7690.0,7690.5,633
2026-08-21 13:58:00-04:00,7690.75,7691.25,7690.0,7690.5,590
2026-08-21 13:59:00-04:00,7690.5,7691.0,7689.5,7689.5,949
2026-08-21 14:00:00-04:00,7689.75,7691.5,7688.5,7691.5,2228
2026-08-21 14:01:00-04:00,7691.25,7691.75,7690.0,7690.0,1095
2026-08-21 14:02:00-04:00,7690.0,7691.5,7689.75,7691.25,819
2026-08-21 14:03:00-04:00,7691.5,7692.75,7691.25,7692.25,833
2026-08-21 14:04:00-04:00,7692.25,7692.75,7691.5,7692.0,495
2026-08-21 14:05:00-04:00,7692.25,7692.25,7690.25,7690.5,847
2026-08-21 14:06:00-04:00,7690.5,7690.75,7689.25,7689.5,675
2026-08-21 14:07:00-04:00,7689.75,7689.75,7688.0,7689.25,1351
2026-08-21 14:08:00-04:00,7689.0,7689.75,7688.75,7689.5,458
2026-08-21 14:09:00-04:00,7689.25,7689.75,7688.25,7688.25,820
2026-08-21 14:10:00-04:00,7688.25,7689.25,7688.0,7688.5,1141
2026-08-21 14:11:00-04:00,7688.5,7689.25,7688.25,7688.75,589
2026-08-21 14:12:00-04:00,7688.75,7690.75,7688.75,7690.5,958
2026-08-21 14:13:00-04:00,7690.5,7690.5,7689.25,7689.5,579
2026-08-21 14:14:00-04:00,7689.75,7689.75,7688.25,7688.5,561
2026-08-21 14:15:00-04:00,7688.5,7689.5,7688.5,7688.75,659
2026-08-21 14:16:00-04:00,7688.5,7689.25,7688.25,7689.0,567
2026-08-21 14:17:00-04:00,7688.75,7689.25,7688.5,7688.75,474
2026-08-21 14:18:00-04:00,7688.5,7689.25,7688.25,7688.75,590
2026-08-21 14:19:00-04:00,7688.75,7690.5,7688.5,7689.75,715
2026-08-21 14:20:00-04:00,7690.0,7691.0,7689.5,7690.5,566
2026-08-21 14:21:00-04:00,7690.75,7691.5,7689.5,7690.75,759
2026-08-21 14:22:00-04:00,7690.75,7690.75,7690.0,7690.75,564
2026-08-21 14:23:00-04:00,7691.0,7691.25,7690.0,7690.0,552
2026-08-21 14:24:00-04:00,7690.0,7690.25,7689.5,7690.0,538
2026-08-21 14:25:00-04:00,7690.5,7690.5,7688.25,7688.5,956
2026-08-21 14:26:00-04:00,7688.5,7689.25,7688.25,7688.75,639
2026-08-21 14:27:00-04:00,7689.0,7689.25,7688.5,7688.75,356
2026-08-21 14:28:00-04:00,7688.5,7688.75,7687.75,7688.0,768
2026-08-21 14:29:00-04:00,7688.0,7688.5,7687.75,7688.0,510
2026-08-21 14:30:00-04:00,7688.0,7689.0,7686.25,7686.5,1723
2026-08-21 14:31:00-04:00,7686.75,7687.5,7686.0,7687.5,883
2026-08-21 14:32:00-04:00,7687.25,7687.5,7686.25,7686.5,650
2026-08-21 14:33:00-04:00,7686.75,7687.25,7685.75,7687.25,726
2026-08-21 14:34:00-04:00,7687.25,7687.5,7686.25,7687.0,600
2026-08-21 14:35:00-04:00,7687.0,7688.5,7687.0,7687.75,882
2026-08-21 14:36:00-04:00,7687.75,7688.5,7687.25,7687.75,548
2026-08-21 14:37:00-04:00,7687.75,7688.75,7687.5,7688.25,973
2026-08-21 14:38:00-04:00,7688.25,7688.75,7687.25,7687.5,357
2026-08-21 14:39:00-04:00,7687.75,7688.0,7687.0,7687.75,339
2026-08-21 14:40:00-04:00,7687.75,7689.5,7687.25,7688.75,831
2026-08-21 14:41:00-04:00,7688.75,7689.25,7688.25,7688.75,438
2026-08-21 14:42:00-04:00,7688.75,7689.5,7688.25,7689.0,551
2026-08-21 14:43:00-04:00,7689.0,7690.0,7688.5,7690.0,659
2026-08-21 14:44:00-04:00,7690.0,7690.5,7689.0,7689.25,1171
2026-08-21 14:45:00-04:00,7689.5,7690.0,7688.75,7689.0,576
2026-08-21 14:46:00-04:00,7689.0,7690.25,7688.5,7690.0,698
2026-08-21 14:47:00-04:00,7690.0,7691.0,7689.75,7690.0,728
2026-08-21 14:48:00-04:00,7690.0,7690.75,7689.5,7690.5,464
2026-08-21 14:49:00-04:00,7690.25,7692.25,7690.25,7692.0,1395
2026-08-21 14:50:00-04:00,7691.75,7694.0,7691.75,7693.0,2393
2026-08-21 14:51:00-04:00,7693.0,7693.75,7692.0,7692.0,925
2026-08-21 14:52:00-04:00,7692.25,7693.75,7692.0,7693.75,415
2026-08-21 14:53:00-04:00,7693.5,7693.75,7692.75,7693.25,735
2026-08-21 14:54:00-04:00,7693.5,7695.25,7693.25,7694.0,1365
2026-08-21 14:55:00-04:00,7694.25,7694.25,7693.0,7694.0,922
2026-08-21 14:56:00-04:00,7693.75,7694.5,7693.5,7694.25,524
2026-08-21 14:57:00-04:00,7694.25,7695.0,7694.0,7695.0,476
2026-08-21 14:58:00-04:00,7695.0,7696.0,7694.5,7695.75,1079
2026-08-21 14:59:00-04:00,7695.5,7697.75,7695.0,7697.25,2056
2026-08-21 15:00:00-04:00,7697.25,7698.75,7697.0,7697.75,2979
2026-08-21 15:01:00-04:00,7697.75,7699.0,7697.0,7698.5,1468
2026-08-21 15:02:00-04:00,7698.5,7698.75,7696.0,7696.25,1792
2026-08-21 15:03:00-04:00,7696.5,7697.25,7696.0,7696.75,1192
2026-08-21 15:04:00-04:00,7696.75,7697.0,7695.25,7695.5,1507
2026-08-21 15:05:00-04:00,7695.25,7696.25,7695.0,7695.25,1187
2026-08-21 15:06:00-04:00,7696.0,7696.0,7695.25,7695.5,527
2026-08-21 15:07:00-04:00,7695.75,7697.75,7695.25,7697.5,994
2026-08-21 15:08:00-04:00,7697.5,7698.5,7696.75,7697.25,1212
2026-08-21 15:09:00-04:00,7697.0,7697.25,7696.0,7696.0,553
2026-08-21 15:10:00-04:00,7696.0,7696.25,7694.75,7695.75,1639
2026-08-21 15:11:00-04:00,7696.0,7696.0,7694.75,7695.5,639
2026-08-21 15:12:00-04:00,7695.5,7696.0,7693.75,7694.25,1231
2026-08-21 15:13:00-04:00,7694.25,7695.25,7693.75,7695.25,956
2026-08-21 15:14:00-04:00,7695.25,7695.75,7695.0,7695.75,537
2026-08-21 15:15:00-04:00,7695.5,7695.75,7694.25,7694.25,965
2026-08-21 15:16:00-04:00,7694.25,7694.75,7693.5,7694.25,1136
2026-08-21 15:17:00-04:00,7694.25,7695.5,7694.0,7695.0,868
2026-08-21 15:18:00-04:00,7695.0,7696.25,7695.0,7696.0,747
2026-08-21 15:19:00-04:00,7696.0,7696.25,7694.5,7694.75,670
2026-08-21 15:20:00-04:00,7694.5,7696.25,7693.75,7696.0,1111
2026-08-21 15:21:00-04:00,7696.25,7696.5,7695.75,7696.0,574
2026-08-21 15:22:00-04:00,7696.0,7696.25,7695.5,7695.75,253
2026-08-21 15:23:00-04:00,7696.0,7696.5,7695.75,7695.75,558
2026-08-21 15:24:00-04:00,7695.75,7697.5,7695.5,7697.0,1079
2026-08-21 15:25:00-04:00,7697.25,7697.25,7695.5,7695.75,1344
2026-08-21 15:26:00-04:00,7696.0,7696.0,7694.5,7694.75,845
2026-08-21 15:27:00-04:00,7694.75,7696.0,7694.5,7696.0,576
2026-08-21 15:28:00-04:00,7696.0,7697.25,7695.0,7697.25,712
2026-08-21 15:29:00-04:00,7697.0,7697.25,7695.75,7695.75,453
2026-08-21 15:30:00-04:00,7695.75,7698.25,7695.75,7697.0,1721
2026-08-21 15:31:00-04:00,7697.0,7697.25,7695.75,7696.0,958
2026-08-21 15:32:00-04:00,7695.75,7697.0,7695.75,7696.5,971
2026-08-21 15:33:00-04:00,7696.25,7696.5,7695.25,7695.75,1017
2026-08-21 15:34:00-04:00,7695.75,7696.25,7695.5,7696.0,318
2026-08-21 15:35:00-04:00,7696.0,7697.0,7694.75,7696.25,1906
2026-08-21 15:36:00-04:00,7696.25,7697.0,7696.25,7696.5,576
2026-08-21 15:37:00-04:00,7696.5,7697.75,7696.25,7697.5,485
2026-08-21 15:38:00-04:00,7697.5,7698.75,7697.5,7697.75,1276
2026-08-21 15:39:00-04:00,7697.5,7698.0,7697.25,7697.75,862
2026-08-21 15:40:00-04:00,7697.75,7697.75,7696.0,7696.5,926
2026-08-21 15:41:00-04:00,7696.5,7696.75,7695.75,7696.0,1357
2026-08-21 15:42:00-04:00,7695.75,7697.75,7695.75,7697.25,1007
2026-08-21 15:43:00-04:00,7697.0,7698.25,7696.5,7698.25,1008
2026-08-21 15:44:00-04:00,7698.25,7699.75,7698.0,7699.5,2335
2026-08-21 15:45:00-04:00,7699.5,7701.0,7698.75,7699.5,3603
2026-08-21 15:46:00-04:00,7699.5,7700.0,7698.5,7700.0,1780
2026-08-21 15:47:00-04:00,7699.75,7701.75,7699.75,7701.5,1789
2026-08-21 15:48:00-04:00,7701.75,7702.75,7701.25,7701.25,2171
2026-08-21 15:49:00-04:00,7701.5,7703.0,7700.5,7701.5,2071
2026-08-21 15:50:00-04:00,7699.75,7702.25,7696.5,7697.0,5755
2026-08-21 15:51:00-04:00,7697.0,7699.0,7696.5,7696.75,2108
2026-08-21 15:52:00-04:00,7696.5,7697.25,7695.0,7695.0,2273
2026-08-21 15:53:00-04:00,7695.25,7695.75,7694.25,7695.0,1943
2026-08-21 15:54:00-04:00,7695.5,7695.75,7693.75,7694.25,2773
2026-08-21 15:55:00-04:00,7693.25,7694.5,7690.5,7693.75,6158
2026-08-21 15:56:00-04:00,7693.75,7695.75,7693.0,7695.25,1655
2026-08-21 15:57:00-04:00,7695.5,7696.0,7694.25,7695.5,1685
2026-08-21 15:58:00-04:00,7695.25,7697.5,7695.25,7696.5,2833
2026-08-21 15:59:00-04:00,7696.75,7698.25,7689.0,7691.75,16191
2026-08-21 16:00:00-04:00,7691.75,7692.25,7689.5,7691.25,3803
2026-08-21 16:01:00-04:00,7691.0,7691.75,7690.0,7690.25,909
2026-08-21 16:02:00-04:00,7690.25,7691.25,7690.25,7690.5,384
2026-08-21 16:03:00-04:00,7690.75,7691.25,7690.0,7691.0,648
2026-08-21 16:04:00-04:00,7691.0,7691.75,7690.75,7691.5,296
2026-08-21 16:05:00-04:00,7691.5,7692.0,7691.25,7691.75,235
2026-08-21 16:06:00-04:00,7691.75,7691.75,7691.0,7691.25,279
2026-08-21 16:07:00-04:00,7691.25,7691.75,7691.0,7691.75,137
2026-08-21 16:08:00-04:00,7691.5,7691.75,7691.25,7691.5,127
2026-08-21 16:09:00-04:00,7691.25,7691.5,7690.0,7691.25,326
2026-08-21 16:10:00-04:00,7691.25,7691.25,7690.0,7690.75,357
2026-08-21 16:11:00-04:00,7690.5,7690.75,7690.0,7690.75,229
2026-08-21 16:12:00-04:00,7690.75,7691.0,7690.5,7690.5,229
2026-08-21 16:13:00-04:00,7690.5,7690.75,7688.75,7689.75,434
2026-08-21 16:14:00-04:00,7690.0,7691.5,7689.75,7690.75,704
2026-08-21 16:15:00-04:00,7691.0,7692.0,7690.25,7690.75,267
2026-08-21 16:16:00-04:00,7690.75,7691.5,7690.75,7691.25,44
2026-08-21 16:17:00-04:00,7691.25,7691.25,7689.5,7689.75,177
2026-08-21 16:18:00-04:00,7689.5,7689.75,7689.25,7689.75,129
2026-08-21 16:19:00-04:00,7689.5,7689.75,7689.25,7689.5,224
2026-08-21 16:20:00-04:00,7689.25,7690.75,7689.0,7689.5,583
2026-08-21 16:21:00-04:00,7689.75,7690.25,7689.25,7689.75,57
2026-08-21 16:22:00-04:00,7689.75,7689.75,7688.5,7688.75,69
2026-08-21 16:23:00-04:00,7688.75,7688.75,7687.75,7688.25,433
2026-08-21 16:24:00-04:00,7688.25,7689.5,7688.0,7689.25,563
2026-08-21 16:25:00-04:00,7689.5,7689.5,7688.25,7688.25,188
2026-08-21 16:26:00-04:00,7688.25,7688.75,7688.25,7688.5,98
2026-08-21 16:27:00-04:00,7688.25,7688.75,7687.75,7688.0,122
2026-08-21 16:28:00-04:00,7688.0,7688.0,7687.5,7687.5,247
2026-08-21 16:29:00-04:00,7687.75,7688.0,7687.5,7687.5,105
2026-08-21 16:30:00-04:00,7687.5,7688.0,7687.25,7688.0,768
2026-08-21 16:31:00-04:00,7687.75,7689.0,7687.5,7688.75,189
2026-08-21 16:32:00-04:00,7688.75,7689.25,7688.5,7688.75,189
2026-08-21 16:33:00-04:00,7688.75,7689.5,7688.75,7688.75,118
2026-08-21 16:34:00-04:00,7688.75,7689.5,7688.75,7689.25,140
2026-08-21 16:35:00-04:00,7689.25,7689.5,7689.0,7689.25,154
2026-08-21 16:36:00-04:00,7689.25,7689.5,7689.0,7689.5,72
2026-08-21 16:37:00-04:00,7689.25,7689.25,7688.75,7689.0,113
2026-08-21 16:38:00-04:00,7689.0,7689.5,7689.0,7689.25,59
2026-08-21 16:39:00-04:00,7689.5,7689.5,7689.25,7689.5,95
2026-08-21 16:40:00-04:00,7689.25,7689.75,7689.25,7689.25,224
2026-08-21 16:41:00-04:00,7689.25,7689.5,7689.0,7689.25,81
2026-08-21 16:42:00-04:00,7689.25,7689.75,7689.25,7689.25,62
2026-08-21 16:43:00-04:00,7689.25,7689.75,7689.25,7689.75,125
2026-08-21 16:44:00-04:00,7689.5,7690.0,7689.25,7689.5,168
2026-08-21 16:45:00-04:00,7689.5,7690.0,7689.5,7689.5,305
2026-08-21 16:46:00-04:00,7689.5,7690.0,7689.5,7689.5,123
2026-08-21 16:47:00-04:00,7689.5,7689.5,7689.0,7689.0,139
2026-08-21 16:48:00-04:00,7689.0,7689.25,7687.75,7687.75,577
2026-08-21 16:49:00-04:00,7688.0,7688.0,7687.5,7687.5,214
2026-08-21 16:50:00-04:00,7687.5,7687.75,7687.0,7687.5,312
2026-08-21 16:51:00-04:00,7687.5,7688.25,7687.5,7688.0,193
2026-08-21 16:52:00-04:00,7688.0,7688.5,7687.75,7688.5,82
2026-08-21 16:53:00-04:00,7688.5,7688.5,7688.0,7688.0,126
2026-08-21 16:54:00-04:00,7688.25,7688.25,7687.5,7687.5,81
2026-08-21 16:55:00-04:00,7687.75,7687.75,7687.0,7687.75,303
2026-08-21 16:56:00-04:00,7687.5,7688.0,7687.5,7688.0,87
2026-08-21 16:57:00-04:00,7687.75,7687.75,7687.5,7687.75,55
2026-08-21 16:58:00-04:00,7687.5,7687.75,7687.25,7687.5,217
2026-08-21 16:59:00-04:00,7687.5,7691.25,7687.25,7691.25,848225
2026-08-23 18:10:00-04:00,7684.0,7684.0,7683.0,7683.75,0
2026-08-23 18:11:00-04:00,7684.0,7684.5,7683.5,7684.0,167
2026-08-23 18:12:00-04:00,7684.0,7684.75,7683.75,7684.25,109
2026-08-23 18:13:00-04:00,7684.25,7684.5,7683.5,7684.25,117
2026-08-23 18:14:00-04:00,7684.25,7684.5,7683.5,7684.0,103
2026-08-23 18:15:00-04:00,7684.0,7684.0,7683.0,7683.75,87
2026-08-23 18:16:00-04:00,7683.75,7684.25,7683.75,7684.0,132
2026-08-23 18:17:00-04:00,7684.25,7684.25,7681.5,7682.0,245
2026-08-23 18:18:00-04:00,7682.0,7682.75,7681.5,7682.5,196
2026-08-23 18:19:00-04:00,7682.5,7683.0,7681.75,7683.0,148
2026-08-23 18:20:00-04:00,7683.0,7684.25,7682.75,7684.0,190
2026-08-23 18:21:00-04:00,7684.0,7684.5,7683.5,7684.5,105
2026-08-23 18:22:00-04:00,7685.0,7685.5,7683.5,7683.5,265
2026-08-23 18:23:00-04:00,7683.75,7684.75,7683.75,7684.0,98
2026-08-23 18:24:00-04:00,7684.25,7684.25,7683.75,7683.75,47
2026-08-23 18:25:00-04:00,7684.0,7684.5,7683.75,7684.5,51
2026-08-23 18:26:00-04:00,7684.5,7684.5,7683.25,7684.25,167
2026-08-23 18:27:00-04:00,7684.0,7684.5,7683.5,7683.5,396
2026-08-23 18:28:00-04:00,7684.0,7684.25,7683.5,7684.0,131
2026-08-23 18:29:00-04:00,7684.0,7684.0,7683.5,7683.75,85
2026-08-23 18:30:00-04:00,7683.75,7685.0,7683.25,7684.25,282
2026-08-23 18:31:00-04:00,7684.25,7685.0,7684.0,7684.5,91
2026-08-23 18:32:00-04:00,7684.5,7685.0,7684.5,7684.5,98
2026-08-23 18:33:00-04:00,7684.5,7684.5,7684.0,7684.25,72
2026-08-23 18:34:00-04:00,7684.0,7684.0,7683.75,7683.75,53
2026-08-23 18:35:00-04:00,7684.0,7684.25,7683.5,7683.75,124
2026-08-23 18:36:00-04:00,7683.75,7684.75,7683.5,7684.75,142
2026-08-23 18:37:00-04:00,7684.5,7684.75,7684.25,7684.25,63
2026-08-23 18:38:00-04:00,7684.5,7685.0,7684.25,7685.0,72
2026-08-23 18:39:00-04:00,7685.25,7686.75,7685.0,7686.0,488
2026-08-23 18:40:00-04:00,7686.0,7686.25,7685.5,7686.0,109
2026-08-23 18:41:00-04:00,7686.0,7686.0,7685.25,7685.25,88
2026-08-23 18:42:00-04:00,7685.5,7688.5,7685.5,7688.25,604
2026-08-23 18:43:00-04:00,7688.0,7689.25,7687.75,7689.25,350
2026-08-23 18:44:00-04:00,7689.0,7689.25,7688.5,7689.25,198
2026-08-23 18:45:00-04:00,7689.25,7690.75,7689.0,7690.25,402
2026-08-23 18:46:00-04:00,7689.75,7690.5,7689.25,7689.75,234
2026-08-23 18:47:00-04:00,7689.75,7690.25,7689.5,7689.75,155
2026-08-23 18:48:00-04:00,7690.0,7690.0,7689.25,7689.5,139
2026-08-23 18:49:00-04:00,7689.75,7690.0,7689.5,7689.5,72
2026-08-23 18:50:00-04:00,7689.75,7690.0,7689.5,7689.5,109
2026-08-23 18:51:00-04:00,7689.5,7690.0,7689.25,7689.5,81
2026-08-23 18:52:00-04:00,7689.5,7690.0,7689.25,7690.0,75
2026-08-23 18:53:00-04:00,7689.75,7690.0,7689.25,7689.25,89
2026-08-23 18:54:00-04:00,7689.75,7689.75,7689.25,7689.75,62
2026-08-23 18:55:00-04:00,7689.75,7690.25,7689.5,7690.0,148
2026-08-23 18:56:00-04:00,7690.0,7690.0,7689.5,7690.0,85
2026-08-23 18:57:00-04:00,7690.0,7690.0,7689.25,7689.5,44
2026-08-23 18:58:00-04:00,7689.25,7689.75,7689.25,7689.5,53
2026-08-23 18:59:00-04:00,7689.5,7689.75,7689.5,7689.5,47
2026-08-23 19:00:00-04:00,7689.25,7689.75,7689.25,7689.75,78
2026-08-23 19:01:00-04:00,7689.75,7689.75,7689.25,7689.5,59
2026-08-23 19:02:00-04:00,7689.5,7690.25,7689.5,7689.5,107
2026-08-23 19:03:00-04:00,7689.5,7689.75,7689.5,7689.5,61
2026-08-23 19:04:00-04:00,7689.5,7689.75,7689.25,7689.5,28
2026-08-23 19:05:00-04:00,7689.75,7689.75,7689.0,7689.25,85
2026-08-23 19:06:00-04:00,7689.5,7690.0,7689.5,7689.75,50
2026-08-23 19:07:00-04:00,7689.75,7690.0,7689.25,7689.25,77
2026-08-23 19:08:00-04:00,7689.5,7689.75,7689.5,7689.75,66
2026-08-23 19:09:00-04:00,7689.75,7690.5,7689.75,7689.75,61
2026-08-23 19:10:00-04:00,7690.25,7690.75,7690.25,7690.5,65
2026-08-23 19:11:00-04:00,7690.75,7690.75,7689.5,7689.75,107
2026-08-23 19:12:00-04:00,7690.0,7690.0,7689.75,7690.0,22
2026-08-23 19:13:00-04:00,7689.75,7690.25,7689.75,7690.25,51
2026-08-23 19:14:00-04:00,7690.25,7690.25,7689.75,7689.75,35
2026-08-23 19:15:00-04:00,7690.0,7690.0,7689.25,7690.0,78
2026-08-23 19:16:00-04:00,7690.25,7691.25,7690.25,7691.25,297
2026-08-23 19:17:00-04:00,7691.25,7691.5,7691.0,7691.0,124
2026-08-23 19:18:00-04:00,7691.25,7692.0,7690.75,7692.0,187
2026-08-23 19:19:00-04:00,7692.0,7692.5,7691.5,7691.75,195
2026-08-23 19:20:00-04:00,7691.5,7692.25,7691.25,7692.0,129
2026-08-23 19:21:00-04:00,7692.0,7692.25,7691.5,7691.75,98
2026-08-23 19:22:00-04:00,7691.75,7692.0,7691.5,7692.0,98
2026-08-23 19:23:00-04:00,7692.0,7692.25,7691.75,7692.0,79
2026-08-23 19:24:00-04:00,7692.25,7693.0,7692.0,7692.75,155
2026-08-23 19:25:00-04:00,7692.75,7694.25,7692.75,7694.25,436
2026-08-23 19:26:00-04:00,7694.0,7695.0,7694.0,7694.75,593
2026-08-23 19:27:00-04:00,7695.0,7695.25,7694.75,7694.75,138
2026-08-23 19:33:00-04:00,7695.75,7696.0,7695.5,7695.5,1659
2026-08-23 19:34:00-04:00,7695.5,7696.5,7695.5,7696.5,104
2026-08-23 19:35:00-04:00,7696.25,7696.75,7696.0,7696.5,102
2026-08-23 19:36:00-04:00,7696.25,7697.0,7696.0,7696.5,137
2026-08-23 19:37:00-04:00,7696.5,7696.75,7696.0,7696.25,133
2026-08-23 19:38:00-04:00,7696.25,7696.5,7696.25,7696.5,70
2026-08-23 19:39:00-04:00,7696.25,7696.5,7696.0,7696.0,108
2026-08-23 19:40:00-04:00,7696.0,7696.25,7696.0,7696.25,99
2026-08-23 19:41:00-04:00,7696.25,7696.5,7696.0,7696.0,66
2026-08-23 19:42:00-04:00,7696.0,7696.0,7695.25,7695.25,223
2026-08-23 19:43:00-04:00,7695.5,7695.5,7695.0,7695.0,227
2026-08-23 19:44:00-04:00,7695.0,7695.25,7694.5,7694.5,189
2026-08-23 19:45:00-04:00,7694.5,7696.25,7694.5,7695.25,284
2026-08-23 19:46:00-04:00,7695.0,7696.75,7694.75,7696.5,274
2026-08-23 19:47:00-04:00,7696.5,7697.5,7696.5,7697.25,220
2026-08-23 19:48:00-04:00,7697.25,7700.0,7697.0,7699.75,706
2026-08-23 19:49:00-04:00,7699.5,7700.75,7699.25,7700.5,577
2026-08-23 19:50:00-04:00,7700.5,7701.0,7700.0,7700.5,345
2026-08-23 19:51:00-04:00,7700.5,7701.75,7699.75,7700.25,476
2026-08-23 19:52:00-04:00,7700.0,7700.25,7699.25,7700.0,242
2026-08-23 19:53:00-04:00,7700.0,7700.75,7699.5,7700.25,140
2026-08-23 19:54:00-04:00,7700.5,7700.5,7699.5,7700.25,79
2026-08-23 19:55:00-04:00,7700.0,7700.75,7700.0,7700.5,117
2026-08-23 19:56:00-04:00,7700.75,7702.5,7700.5,7702.5,190
2026-08-23 19:57:00-04:00,7702.0,7702.5,7700.5,7702.0,261
2026-08-23 19:58:00-04:00,7702.25,7702.25,7701.5,7701.75,93
2026-08-23 19:59:00-04:00,7701.75,7702.25,7701.5,7702.25,84
2026-08-23 20:00:00-04:00,7702.25,7703.25,7700.75,7701.0,903
2026-08-23 20:01:00-04:00,7701.0,7702.5,7700.25,7701.5,418
2026-08-23 20:02:00-04:00,7701.75,7702.0,7700.25,7700.25,146
2026-08-23 20:03:00-04:00,7700.5,7700.75,7699.0,7700.25,458
2026-08-23 20:04:00-04:00,7700.25,7700.25,7698.0,7698.25,634
2026-08-23 20:05:00-04:00,7698.25,7699.75,7698.0,7698.25,260
2026-08-23 20:06:00-04:00,7698.25,7699.25,7697.5,7698.75,390
2026-08-23 20:07:00-04:00,7698.0,7699.75,7697.5,7699.75,295
2026-08-23 20:08:00-04:00,7699.75,7700.25,7698.0,7699.75,279
2026-08-23 20:09:00-04:00,7699.75,7700.5,7699.25,7699.75,173
2026-08-23 20:10:00-04:00,7700.0,7700.75,7699.5,7700.5,179
2026-08-23 20:11:00-04:00,7700.75,7700.75,7697.0,7697.75,387
2026-08-23 20:12:00-04:00,7698.0,7699.0,7697.5,7699.0,179
2026-08-23 20:13:00-04:00,7698.75,7699.25,7698.25,7698.75,196
2026-08-23 20:14:00-04:00,7699.0,7700.25,7698.0,7698.25,196
2026-08-23 20:15:00-04:00,7698.25,7698.25,7694.0,7694.25,1040
2026-08-23 20:16:00-04:00,7694.25,7694.75,7691.25,7692.0,1142
2026-08-23 20:17:00-04:00,7691.75,7693.0,7690.5,7690.75,790
2026-08-23 20:18:00-04:00,7690.75,7692.0,7690.25,7691.25,439
2026-08-23 20:19:00-04:00,7691.75,7691.75,7689.25,7689.5,726
2026-08-23 20:20:00-04:00,7689.75,7690.25,7688.75,7689.5,682
2026-08-23 20:21:00-04:00,7689.25,7690.5,7688.25,7690.0,412
2026-08-23 20:22:00-04:00,7690.0,7691.0,7687.75,7689.5,692
2026-08-23 20:23:00-04:00,7689.75,7690.5,7689.25,7690.25,224
2026-08-23 20:24:00-04:00,7690.0,7691.25,7690.0,7690.75,253
2026-08-23 20:25:00-04:00,7690.5,7690.75,7688.0,7688.5,556
2026-08-23 20:26:00-04:00,7688.5,7688.75,7685.5,7685.5,1224
2026-08-23 20:27:00-04:00,7685.75,7688.25,7685.25,7688.25,731
2026-08-23 20:28:00-04:00,7688.0,7688.75,7687.25,7688.75,262
2026-08-23 20:29:00-04:00,7688.75,7689.5,7688.25,7689.0,238
2026-08-23 20:30:00-04:00,7689.25,7689.25,7686.75,7688.25,515
2026-08-23 20:31:00-04:00,7688.0,7689.0,7687.25,7688.75,169
2026-08-23 20:32:00-04:00,7688.75,7688.75,7687.0,7687.75,246
2026-08-23 20:33:00-04:00,7687.75,7688.0,7687.0,7687.5,113
2026-08-23 20:34:00-04:00,7687.5,7688.75,7687.25,7688.25,180
2026-08-23 20:35:00-04:00,7688.25,7689.25,7687.75,7688.75,274
2026-08-23 20:36:00-04:00,7688.75,7688.75,7687.0,7687.75,219
2026-08-23 20:37:00-04:00,7688.0,7689.0,7687.5,7688.5,146
2026-08-23 20:38:00-04:00,7688.5,7690.25,7688.5,7689.75,338
2026-08-23 20:39:00-04:00,7689.75,7690.25,7688.5,7689.0,164
2026-08-23 20:40:00-04:00,7688.75,7689.75,7688.25,7689.5,226
2026-08-23 20:41:00-04:00,7689.5,7689.75,7688.75,7688.75,85
2026-08-23 20:42:00-04:00,7688.25,7689.75,7688.25,7689.25,127
2026-08-23 20:43:00-04:00,7689.0,7689.75,7688.25,7688.25,139
2026-08-23 20:44:00-04:00,7688.25,7688.5,7687.75,7688.0,122
2026-08-23 20:45:00-04:00,7687.75,7689.25,7687.75,7688.25,160
2026-08-23 20:46:00-04:00,7688.5,7688.75,7687.25,7688.0,183
2026-08-23 20:47:00-04:00,7688.25,7688.75,7687.5,7688.75,146
2026-08-23 20:48:00-04:00,7688.75,7690.25,7688.75,7690.0,255
2026-08-23 20:49:00-04:00,7690.25,7692.25,7689.75,7692.0,389
2026-08-23 20:50:00-04:00,7692.0,7692.25,7691.0,7691.5,321
2026-08-23 20:51:00-04:00,7691.25,7692.0,7690.75,7691.25,233
2026-08-23 20:52:00-04:00,7691.0,7691.75,7690.75,7691.75,136
2026-08-23 20:53:00-04:00,7691.75,7692.0,7690.5,7691.5,172
2026-08-23 20:54:00-04:00,7691.25,7692.5,7690.5,7691.75,140
2026-08-23 20:55:00-04:00,7692.0,7693.5,7691.5,7693.5,353
2026-08-23 20:56:00-04:00,7693.5,7697.0,7693.25,7696.5,1246
2026-08-23 20:57:00-04:00,7696.5,7698.0,7695.25,7696.5,958
2026-08-23 20:58:00-04:00,7696.5,7696.75,7695.75,7696.75,196
2026-08-23 20:59:00-04:00,7696.5,7697.75,7696.25,7697.5,190
2026-08-23 21:00:00-04:00,7697.5,7699.5,7697.5,7699.25,647
2026-08-23 21:01:00-04:00,7699.5,7700.75,7698.25,7698.5,551
2026-08-23 21:02:00-04:00,7698.5,7699.0,7696.0,7696.5,659
2026-08-23 21:03:00-04:00,7696.25,7698.0,7696.0,7697.0,343
2026-08-23 21:04:00-04:00,7697.0,7697.75,7697.0,7697.75,166
2026-08-23 21:05:00-04:00,7698.0,7700.5,7697.25,7700.5,312
2026-08-23 21:06:00-04:00,7700.25,7700.5,7699.25,7700.25,239
2026-08-23 21:11:00-04:00,7700.5,7702.0,7700.5,7701.75,1315
2026-08-23 21:12:00-04:00,7701.5,7702.5,7700.5,7700.75,418
2026-08-23 21:13:00-04:00,7700.75,7701.25,7700.25,7700.75,182
2026-08-23 21:14:00-04:00,7700.75,7701.5,7700.5,7700.75,141
2026-08-23 21:15:00-04:00,7701.0,7701.5,7700.75,7701.25,74
2026-08-23 21:16:00-04:00,7701.0,7701.5,7700.0,7700.75,175
2026-08-23 21:17:00-04:00,7701.0,7701.5,7700.5,7700.5,130
2026-08-23 21:18:00-04:00,7700.75,7701.25,7700.25,7701.0,83
2026-08-23 21:19:00-04:00,7701.0,7702.5,7700.75,7701.5,204
2026-08-23 21:20:00-04:00,7701.5,7701.5,7699.25,7699.25,335
2026-08-23 21:21:00-04:00,7699.5,7699.5,7698.75,7699.25,256
2026-08-23 21:22:00-04:00,7699.5,7699.75,7698.0,7699.25,234
2026-08-23 21:23:00-04:00,7699.25,7699.25,7698.0,7698.5,143
2026-08-23 21:24:00-04:00,7698.5,7699.0,7698.0,7698.75,131
2026-08-23 21:25:00-04:00,7698.5,7699.75,7698.25,7699.25,186
2026-08-23 21:26:00-04:00,7699.5,7700.0,7698.75,7699.25,167
2026-08-23 21:27:00-04:00,7699.25,7699.25,7697.25,7697.5,230
2026-08-23 21:28:00-04:00,7697.75,7697.75,7697.0,7697.25,157
2026-08-23 21:29:00-04:00,7697.5,7698.0,7697.0,7697.5,154
2026-08-23 21:30:00-04:00,7697.5,7697.5,7696.0,7696.25,313
2026-08-23 21:31:00-04:00,7696.25,7696.5,7695.25,7695.75,349
2026-08-23 21:32:00-04:00,7695.75,7697.0,7695.25,7695.75,275
2026-08-23 21:33:00-04:00,7695.5,7696.75,7694.5,7696.5,326
2026-08-23 21:34:00-04:00,7696.25,7696.75,7695.5,7696.75,187
2026-08-23 21:35:00-04:00,7697.0,7697.0,7695.0,7695.75,181
2026-08-23 21:36:00-04:00,7695.75,7695.75,7694.25,7695.5,230
2026-08-23 21:37:00-04:00,7695.0,7696.5,7695.0,7696.5,160
2026-08-23 21:38:00-04:00,7696.25,7697.25,7696.0,7696.75,213
2026-08-23 21:39:00-04:00,7696.75,7697.0,7696.25,7697.0,125
2026-08-23 21:40:00-04:00,7696.75,7697.25,7696.5,7696.75,105
2026-08-23 21:41:00-04:00,7697.0,7697.0,7695.75,7696.5,112
2026-08-23 21:42:00-04:00,7696.75,7698.0,7696.25,7697.75,259
2026-08-23 21:43:00-04:00,7697.5,7698.75,7697.25,7697.25,315
2026-08-23 21:44:00-04:00,7697.25,7697.25,7696.25,7696.75,197
2026-08-23 21:45:00-04:00,7696.75,7696.75,7695.25,7696.25,212
2026-08-23 21:46:00-04:00,7696.5,7697.5,7696.25,7696.75,131
2026-08-23 21:47:00-04:00,7696.75,7697.25,7695.75,7696.5,135
2026-08-23 21:48:00-04:00,7696.25,7696.5,7694.75,7695.75,234
2026-08-23 21:49:00-04:00,7695.75,7697.25,7695.5,7696.25,329
2026-08-23 21:50:00-04:00,7696.5,7698.5,7696.25,7698.0,193
2026-08-23 21:51:00-04:00,7698.0,7699.5,7697.75,7698.0,305
2026-08-23 21:52:00-04:00,7698.25,7699.0,7698.0,7698.0,86
2026-08-23 21:53:00-04:00,7698.25,7698.25,7696.0,7696.5,259
2026-08-23 21:54:00-04:00,7696.75,7696.75,7695.25,7695.25,139
2026-08-23 21:55:00-04:00,7695.25,7695.5,7694.5,7695.0,203
2026-08-23 21:56:00-04:00,7694.75,7695.0,7693.25,7694.0,416
2026-08-23 21:57:00-04:00,7693.75,7693.75,7692.5,7692.5,342
2026-08-23 21:58:00-04:00,7692.5,7692.75,7690.75,7692.25,660
2026-08-23 21:59:00-04:00,7692.25,7692.25,7690.25,7690.5,437
2026-08-23 22:00:00-04:00,7690.25,7691.0,7689.0,7689.5,863
2026-08-23 22:01:00-04:00,7689.75,7691.0,7688.75,7689.0,504
2026-08-23 22:02:00-04:00,7689.25,7689.5,7688.25,7689.0,343
2026-08-23 22:03:00-04:00,7689.0,7689.25,7688.25,7688.75,381
2026-08-23 22:04:00-04:00,7689.0,7692.25,7688.25,7691.0,631
2026-08-23 22:05:00-04:00,7691.5,7691.5,7690.0,7690.75,284
2026-08-23 22:06:00-04:00,7691.0,7691.0,7687.25,7687.25,658
2026-08-23 22:07:00-04:00,7687.25,7688.5,7687.0,7688.25,385
2026-08-23 22:08:00-04:00,7688.25,7688.5,7688.0,7688.5,183
2026-08-23 22:09:00-04:00,7688.5,7690.5,7688.25,7690.0,376
2026-08-23 22:10:00-04:00,7690.0,7690.75,7687.5,7690.5,549
2026-08-23 22:11:00-04:00,7690.75,7692.25,7690.25,7692.0,298
2026-08-23 22:12:00-04:00,7692.0,7692.5,7690.75,7691.75,296
2026-08-23 22:13:00-04:00,7691.75,7694.0,7691.75,7693.75,390
2026-08-23 22:14:00-04:00,7693.75,7695.5,7693.5,7695.0,341
2026-08-23 22:15:00-04:00,7694.75,7696.0,7694.75,7696.0,405
2026-08-23 22:16:00-04:00,7696.0,7696.5,7695.5,7695.75,344
2026-08-23 22:17:00-04:00,7696.0,7696.5,7695.5,7696.0,182
2026-08-23 22:18:00-04:00,7695.75,7696.25,7695.25,7695.75,141
2026-08-23 22:19:00-04:00,7695.5,7696.25,7694.25,7695.25,283
2026-08-23 22:20:00-04:00,7695.25,7695.75,7695.0,7695.75,163
2026-08-23 22:21:00-04:00,7695.75,7696.25,7694.5,7695.5,190
2026-08-23 22:22:00-04:00,7696.0,7696.25,7694.25,7695.25,125
2026-08-23 22:28:00-04:00,7694.5,7694.5,7693.75,7694.25,1045
2026-08-23 22:29:00-04:00,7694.75,7695.0,7694.25,7695.0,62
2026-08-23 22:30:00-04:00,7694.75,7695.25,7694.0,7694.5,74
2026-08-23 22:31:00-04:00,7694.5,7695.75,7694.5,7695.0,153
2026-08-23 22:32:00-04:00,7695.0,7695.5,7695.0,7695.25,68
2026-08-23 22:33:00-04:00,7695.25,7695.5,7694.75,7695.5,70
2026-08-23 22:34:00-04:00,7695.5,7695.5,7694.75,7695.25,42
2026-08-23 22:35:00-04:00,7695.25,7695.75,7694.5,7694.75,100
2026-08-23 22:36:00-04:00,7694.5,7695.25,7694.5,7694.5,96
2026-08-23 22:37:00-04:00,7694.5,7695.25,7694.5,7695.25,29
2026-08-23 22:38:00-04:00,7695.25,7695.5,7694.5,7695.0,35
2026-08-23 22:39:00-04:00,7695.25,7695.5,7694.0,7695.25,68
2026-08-23 22:40:00-04:00,7695.25,7695.75,7694.5,7695.5,87
2026-08-23 22:41:00-04:00,7695.5,7695.5,7695.0,7695.25,38
2026-08-23 22:42:00-04:00,7695.25,7695.5,7694.75,7695.25,26
2026-08-23 22:43:00-04:00,7695.0,7695.5,7694.25,7694.5,89
2026-08-23 22:44:00-04:00,7694.5,7696.5,7694.5,7696.25,236
2026-08-23 22:45:00-04:00,7696.75,7697.5,7696.0,7696.75,326
2026-08-23 22:46:00-04:00,7696.75,7696.75,7696.0,7696.5,49
2026-08-23 22:47:00-04:00,7696.25,7696.5,7695.5,7695.5,87
2026-08-23 22:48:00-04:00,7695.5,7695.5,7694.25,7695.25,139
2026-08-23 22:49:00-04:00,7695.5,7696.5,7695.25,7695.5,168
2026-08-23 22:50:00-04:00,7696.0,7696.0,7692.5,7693.5,447
2026-08-23 22:51:00-04:00,7693.75,7694.75,7693.75,7694.25,166
2026-08-23 22:52:00-04:00,7694.25,7695.25,7693.5,7694.25,85
2026-08-23 22:53:00-04:00,7694.25,7695.0,7694.0,7694.75,91
2026-08-23 22:54:00-04:00,7694.5,7694.75,7693.25,7694.5,100
2026-08-23 22:55:00-04:00,7694.25,7696.5,7694.0,7696.5,215
2026-08-23 22:56:00-04:00,7696.75,7697.25,7694.75,7695.0,276
2026-08-23 22:57:00-04:00,7694.75,7695.25,7694.25,7695.25,126
2026-08-23 22:58:00-04:00,7695.5,7695.5,7693.5,7693.75,113
2026-08-23 22:59:00-04:00,7694.25,7696.75,7694.25,7696.75,124
2026-08-23 23:00:00-04:00,7696.5,7696.5,7695.75,7696.0,125
2026-08-23 23:01:00-04:00,7695.75,7695.75,7693.25,7693.5,177
2026-08-23 23:02:00-04:00,7693.5,7694.25,7692.75,7693.25,107
2026-08-23 23:03:00-04:00,7693.25,7694.0,7693.0,7693.25,138
2026-08-23 23:04:00-04:00,7693.5,7693.75,7693.25,7693.25,46
2026-08-23 23:05:00-04:00,7693.25,7693.5,7692.5,7692.5,113
2026-08-23 23:06:00-04:00,7692.5,7692.75,7692.0,7692.75,158
2026-08-23 23:07:00-04:00,7692.25,7692.5,7691.5,7691.75,216
2026-08-23 23:08:00-04:00,7691.75,7692.25,7690.75,7691.25,193
2026-08-23 23:09:00-04:00,7691.25,7691.75,7690.5,7690.75,186
2026-08-23 23:10:00-04:00,7690.75,7691.25,7690.0,7690.0,196
2026-08-23 23:11:00-04:00,7690.25,7690.5,7688.5,7689.25,440
2026-08-23 23:12:00-04:00,7689.0,7689.25,7688.0,7689.0,273
2026-08-23 23:13:00-04:00,7689.0,7689.0,7688.5,7689.0,138
2026-08-23 23:14:00-04:00,7689.0,7689.25,7688.75,7689.0,140
2026-08-23 23:15:00-04:00,7688.75,7689.75,7688.5,7689.0,276
2026-08-23 23:16:00-04:00,7689.0,7690.25,7688.75,7689.75,121
2026-08-23 23:17:00-04:00,7689.75,7689.75,7688.75,7689.5,162
2026-08-23 23:18:00-04:00,7689.5,7689.75,7689.0,7689.5,82
2026-08-23 23:19:00-04:00,7689.25,7689.25,7688.25,7688.5,101
2026-08-23 23:20:00-04:00,7688.75,7689.75,7688.75,7689.25,189
2026-08-23 23:21:00-04:00,7689.0,7689.5,7688.25,7689.5,144
2026-08-23 23:22:00-04:00,7689.5,7689.75,7689.0,7689.25,120
2026-08-23 23:23:00-04:00,7689.5,7690.5,7689.5,7690.25,188
2026-08-23 23:24:00-04:00,7690.25,7690.5,7689.5,7689.5,207
2026-08-23 23:25:00-04:00,7689.75,7689.75,7689.0,7689.25,129
2026-08-23 23:26:00-04:00,7689.0,7689.25,7688.5,7688.75,94
2026-08-23 23:27:00-04:00,7689.0,7689.25,7688.75,7689.0,34
2026-08-23 23:28:00-04:00,7689.25,7689.25,7688.75,7689.25,37
2026-08-23 23:29:00-04:00,7689.25,7689.25,7688.75,7689.0,58
2026-08-23 23:30:00-04:00,7688.75,7688.75,7687.75,7688.0,299
2026-08-23 23:31:00-04:00,7688.0,7688.25,7687.0,7687.0,212
2026-08-23 23:32:00-04:00,7687.0,7687.25,7686.5,7686.5,299
2026-08-23 23:33:00-04:00,7686.75,7688.0,7686.5,7687.5,163
2026-08-23 23:34:00-04:00,7687.5,7688.0,7687.25,7688.0,49
2026-08-23 23:35:00-04:00,7688.0,7688.5,7687.25,7688.0,108
2026-08-23 23:36:00-04:00,7688.0,7688.5,7687.5,7687.75,133
2026-08-23 23:37:00-04:00,7687.5,7688.0,7686.75,7687.75,118
2026-08-23 23:38:00-04:00,7688.25,7689.0,7687.5,7689.0,122
2026-08-23 23:39:00-04:00,7689.0,7689.0,7687.0,7687.0,102
2026-08-23 23:40:00-04:00,7687.25,7688.75,7687.25,7687.5,105
2026-08-23 23:41:00-04:00,7687.5,7687.5,7685.25,7686.0,487
2026-08-23 23:42:00-04:00,7685.75,7686.75,7685.25,7686.5,191
2026-08-23 23:43:00-04:00,7686.5,7686.75,7686.25,7686.5,61
2026-08-23 23:44:00-04:00,7686.75,7687.0,7685.0,7685.0,217
2026-08-23 23:45:00-04:00,7685.0,7685.75,7684.5,7685.75,185
2026-08-23 23:46:00-04:00,7685.75,7685.75,7684.5,7685.25,202
2026-08-23 23:47:00-04:00,7685.0,7685.0,7684.0,7685.0,144
2026-08-23 23:48:00-04:00,7685.0,7686.75,7684.75,7686.25,190
2026-08-23 23:54:00-04:00,7682.75,7683.5,7682.75,7683.25,1032
2026-08-23 23:55:00-04:00,7683.0,7683.5,7682.75,7683.0,93
2026-08-23 23:56:00-04:00,7682.75,7683.0,7682.25,7683.0,191
2026-08-23 23:57:00-04:00,7682.75,7682.75,7682.25,7682.5,66
2026-08-23 23:58:00-04:00,7682.5,7682.75,7682.25,7682.5,131
2026-08-24 00:00:00-04:00,7683.0,7684.25,7682.75,7683.75,318
2026-08-24 00:01:00-04:00,7683.75,7684.0,7682.5,7682.5,143
2026-08-24 00:02:00-04:00,7682.75,7683.25,7682.75,7683.25,59
2026-08-24 00:03:00-04:00,7683.25,7683.75,7683.25,7683.5,87
2026-08-24 00:04:00-04:00,7683.25,7683.5,7682.5,7683.5,84
2026-08-24 00:05:00-04:00,7683.5,7683.75,7683.25,7683.5,75
2026-08-24 00:06:00-04:00,7683.5,7683.5,7682.25,7682.5,105
2026-08-24 00:07:00-04:00,7682.5,7683.5,7682.5,7683.25,80
2026-08-24 00:08:00-04:00,7683.0,7683.0,7682.25,7682.5,59
2026-08-24 00:09:00-04:00,7682.5,7682.75,7681.75,7682.0,147
2026-08-24 00:10:00-04:00,7682.0,7683.0,7682.0,7683.0,77
2026-08-24 00:11:00-04:00,7682.75,7683.25,7682.5,7683.0,85
2026-08-24 00:12:00-04:00,7683.0,7684.0,7683.0,7683.75,148
2026-08-24 00:13:00-04:00,7683.75,7684.75,7683.5,7683.5,257
2026-08-24 00:14:00-04:00,7683.25,7684.75,7683.0,7684.75,107
2026-08-24 00:15:00-04:00,7684.75,7685.0,7684.0,7684.25,210
2026-08-24 00:16:00-04:00,7684.0,7684.25,7683.25,7683.75,84
2026-08-24 00:17:00-04:00,7684.0,7684.25,7683.75,7684.0,52
2026-08-24 00:18:00-04:00,7684.0,7684.0,7682.75,7683.75,135
2026-08-24 00:19:00-04:00,7683.5,7683.5,7682.75,7683.5,95
2026-08-24 00:20:00-04:00,7683.75,7685.0,7683.75,7685.0,195
2026-08-24 00:21:00-04:00,7684.75,7684.75,7683.5,7684.25,141
2026-08-24 00:22:00-04:00,7684.5,7684.5,7683.0,7683.0,70
2026-08-24 00:23:00-04:00,7683.0,7683.5,7682.25,7682.5,107
2026-08-24 00:24:00-04:00,7682.25,7682.75,7681.25,7681.25,321
2026-08-24 00:25:00-04:00,7681.25,7682.75,7681.25,7682.5,290
2026-08-24 00:26:00-04:00,7682.5,7684.0,7681.5,7682.75,744
2026-08-24 00:27:00-04:00,7682.5,7682.75,7680.5,7681.25,535
2026-08-24 00:28:00-04:00,7681.25,7683.0,7680.5,7682.75,236
2026-08-24 00:29:00-04:00,7682.5,7683.75,7682.25,7683.25,133
2026-08-24 00:30:00-04:00,7683.5,7684.5,7683.0,7683.5,225
2026-08-24 00:31:00-04:00,7684.0,7684.0,7682.0,7682.5,206
2026-08-24 00:32:00-04:00,7682.75,7683.25,7682.0,7683.25,91
2026-08-24 00:33:00-04:00,7683.25,7683.25,7681.0,7681.5,302
2026-08-24 00:34:00-04:00,7681.5,7682.75,7681.5,7682.0,145
2026-08-24 00:35:00-04:00,7682.0,7682.0,7680.75,7681.5,174
2026-08-24 00:36:00-04:00,7681.5,7682.0,7680.75,7682.0,118
2026-08-24 00:37:00-04:00,7682.0,7682.75,7681.75,7682.25,90
2026-08-24 00:38:00-04:00,7682.5,7682.5,7681.5,7681.75,147
2026-08-24 00:39:00-04:00,7682.0,7682.5,7681.5,7681.5,177
2026-08-24 00:40:00-04:00,7681.5,7681.5,7681.0,7681.25,102
2026-08-24 00:41:00-04:00,7681.0,7682.25,7681.0,7682.0,41
2026-08-24 00:42:00-04:00,7681.75,7681.75,7681.0,7681.25,58
2026-08-24 00:43:00-04:00,7681.5,7682.25,7681.25,7682.0,41
2026-08-24 00:44:00-04:00,7682.0,7683.75,7682.0,7683.75,224
2026-08-24 00:45:00-04:00,7683.75,7684.0,7683.25,7683.25,155
2026-08-24 00:46:00-04:00,7683.5,7683.75,7682.0,7683.5,183
2026-08-24 00:47:00-04:00,7683.25,7683.5,7681.75,7682.25,146
2026-08-24 00:48:00-04:00,7682.5,7682.75,7681.5,7681.5,40
2026-08-24 00:49:00-04:00,7682.0,7682.0,7681.25,7681.25,92
2026-08-24 00:50:00-04:00,7681.25,7682.25,7681.0,7681.75,103
2026-08-24 00:51:00-04:00,7681.75,7682.0,7681.0,7681.5,68
2026-08-24 00:52:00-04:00,7681.5,7682.0,7681.0,7681.25,43
2026-08-24 00:53:00-04:00,7681.0,7681.5,7681.0,7681.0,49
2026-08-24 00:54:00-04:00,7680.75,7681.5,7680.75,7681.0,80
2026-08-24 00:55:00-04:00,7680.75,7681.0,7680.0,7680.0,211
2026-08-24 00:56:00-04:00,7680.25,7680.25,7679.75,7680.0,158
2026-08-24 00:57:00-04:00,7679.75,7680.5,7679.75,7680.0,131
2026-08-24 00:58:00-04:00,7679.75,7680.0,7679.5,7680.0,104
2026-08-24 00:59:00-04:00,7680.0,7680.0,7679.5,7679.75,245
2026-08-24 01:00:00-04:00,7680.0,7681.25,7679.5,7680.75,139
2026-08-24 01:01:00-04:00,7680.75,7681.25,7680.0,7680.5,156
2026-08-24 01:02:00-04:00,7680.75,7681.0,7680.25,7680.5,50
2026-08-24 01:03:00-04:00,7680.75,7681.25,7680.25,7680.5,76
2026-08-24 01:04:00-04:00,7680.25,7681.0,7679.75,7680.5,176
2026-08-24 01:05:00-04:00,7680.75,7683.75,7680.75,7683.25,279
2026-08-24 01:06:00-04:00,7683.25,7684.5,7683.0,7684.0,353
2026-08-24 01:07:00-04:00,7684.0,7684.25,7682.75,7684.0,135
2026-08-24 01:08:00-04:00,7684.25,7685.0,7683.5,7684.5,232
2026-08-24 01:09:00-04:00,7684.25,7684.5,7683.75,7684.0,128
2026-08-24 01:10:00-04:00,7683.75,7684.5,7682.75,7684.0,124
2026-08-24 01:11:00-04:00,7683.75,7685.0,7683.25,7685.0,124
2026-08-24 01:12:00-04:00,7684.75,7685.0,7683.75,7683.75,63
2026-08-24 01:13:00-04:00,7684.0,7684.25,7683.5,7683.75,71
2026-08-24 01:14:00-04:00,7683.75,7685.5,7683.75,7685.5,179
2026-08-24 01:15:00-04:00,7685.25,7685.25,7683.0,7683.0,190
2026-08-24 01:16:00-04:00,7683.25,7683.75,7682.75,7683.0,122
2026-08-24 01:17:00-04:00,7683.0,7684.0,7683.0,7683.25,103
2026-08-24 01:18:00-04:00,7683.5,7683.75,7683.0,7683.75,72
2026-08-24 01:19:00-04:00,7683.5,7683.75,7681.75,7681.75,208
2026-08-24 01:20:00-04:00,7682.0,7682.5,7681.75,7682.5,139
2026-08-24 01:21:00-04:00,7682.5,7682.75,7681.75,7682.25,73
2026-08-24 01:22:00-04:00,7682.25,7682.25,7681.5,7682.0,70
2026-08-24 01:23:00-04:00,7682.0,7682.75,7681.75,7682.0,422
2026-08-24 01:24:00-04:00,7682.25,7682.5,7681.75,7681.75,119
2026-08-24 01:25:00-04:00,7681.75,7682.0,7681.25,7681.75,68
2026-08-24 01:26:00-04:00,7681.75,7682.0,7681.5,7681.5,42
2026-08-24 01:27:00-04:00,7681.5,7681.75,7681.25,7681.75,103
2026-08-24 01:28:00-04:00,7681.75,7681.75,7680.25,7680.75,180
2026-08-24 01:29:00-04:00,7680.75,7681.0,7680.5,7680.5,132
2026-08-24 01:30:00-04:00,7680.5,7680.75,7679.0,7679.25,296
2026-08-24 01:31:00-04:00,7679.25,7679.75,7677.5,7677.5,497
2026-08-24 01:32:00-04:00,7677.5,7677.75,7677.0,7677.25,287
2026-08-24 01:33:00-04:00,7677.25,7677.25,7676.0,7676.75,459
2026-08-24 01:34:00-04:00,7676.75,7677.25,7675.25,7676.5,381
2026-08-24 01:35:00-04:00,7676.5,7677.0,7676.0,7676.25,244
2026-08-24 01:36:00-04:00,7676.5,7677.25,7675.75,7676.75,204
2026-08-24 01:37:00-04:00,7676.75,7677.75,7676.25,7677.25,207
2026-08-24 01:38:00-04:00,7677.25,7679.5,7677.25,7679.5,305
2026-08-24 01:39:00-04:00,7679.25,7680.0,7677.75,7677.75,436
2026-08-24 01:40:00-04:00,7677.75,7681.0,7677.75,7681.0,302
2026-08-24 01:41:00-04:00,7680.5,7682.0,7680.5,7681.0,368
2026-08-24 01:42:00-04:00,7681.25,7681.5,7678.75,7679.75,263
2026-08-24 01:43:00-04:00,7679.5,7680.25,7679.0,7679.75,101
2026-08-24 01:44:00-04:00,7679.75,7680.25,7678.25,7678.5,100
2026-08-24 01:45:00-04:00,7678.25,7679.25,7678.0,7678.75,175
2026-08-24 01:46:00-04:00,7678.75,7679.0,7678.0,7678.25,59
2026-08-24 01:47:00-04:00,7678.25,7678.25,7676.5,7677.25,271
2026-08-24 01:48:00-04:00,7677.0,7677.5,7675.75,7676.5,117
2026-08-24 01:49:00-04:00,7676.75,7677.5,7676.5,7677.25,47
2026-08-24 01:50:00-04:00,7677.0,7678.0,7676.5,7676.75,147
2026-08-24 01:51:00-04:00,7676.75,7678.0,7676.5,7678.0,70
2026-08-24 01:52:00-04:00,7677.75,7678.0,7677.25,7678.0,67
2026-08-24 01:53:00-04:00,7678.0,7678.25,7677.25,7677.75,174
2026-08-24 01:54:00-04:00,7677.5,7678.0,7677.0,7677.0,177
2026-08-24 02:00:00-04:00,7676.5,7678.75,7676.25,7676.5,1369
2026-08-24 02:01:00-04:00,7676.5,7676.75,7674.75,7675.25,414
2026-08-24 02:02:00-04:00,7675.0,7675.25,7673.75,7674.75,447
2026-08-24 02:03:00-04:00,7674.75,7675.0,7673.75,7674.25,125
2026-08-24 02:04:00-04:00,7674.0,7674.25,7673.25,7673.25,244
2026-08-24 02:05:00-04:00,7673.0,7673.5,7672.0,7673.0,631
2026-08-24 02:06:00-04:00,7673.0,7673.25,7672.0,7672.5,204
2026-08-24 02:07:00-04:00,7672.5,7674.5,7672.5,7673.75,382
2026-08-24 02:08:00-04:00,7673.5,7673.5,7671.75,7672.5,282
2026-08-24 02:09:00-04:00,7672.25,7673.25,7672.25,7673.25,166
2026-08-24 02:10:00-04:00,7673.0,7673.25,7672.0,7672.75,129
2026-08-24 02:11:00-04:00,7672.75,7673.25,7672.25,7672.25,135
2026-08-24 02:12:00-04:00,7672.5,7673.75,7672.25,7673.25,143
2026-08-24 02:13:00-04:00,7673.0,7673.75,7672.75,7673.25,91
2026-08-24 02:14:00-04:00,7673.5,7674.5,7672.25,7673.5,209
2026-08-24 02:15:00-04:00,7673.25,7674.75,7673.25,7674.25,164
2026-08-24 02:16:00-04:00,7674.0,7675.25,7673.25,7675.25,221
2026-08-24 02:17:00-04:00,7675.25,7676.25,7672.5,7672.75,290
2026-08-24 02:18:00-04:00,7672.75,7673.25,7671.75,7672.5,249
2026-08-24 02:19:00-04:00,7672.75,7673.0,7670.5,7671.0,434
2026-08-24 02:20:00-04:00,7670.75,7672.5,7669.0,7672.25,832
2026-08-24 02:21:00-04:00,7672.5,7673.75,7672.0,7673.25,267
2026-08-24 02:22:00-04:00,7672.75,7673.5,7672.5,7673.0,140
2026-08-24 02:23:00-04:00,7672.75,7673.25,7672.0,7672.5,141
2026-08-24 02:24:00-04:00,7672.5,7674.0,7672.25,7673.75,154
2026-08-24 02:25:00-04:00,7674.0,7674.5,7673.0,7674.25,126
2026-08-24 02:26:00-04:00,7674.0,7674.25,7673.5,7674.0,100
2026-08-24 02:27:00-04:00,7674.0,7674.0,7673.5,7673.75,40
2026-08-24 02:28:00-04:00,7673.75,7674.25,7673.75,7674.25,51
2026-08-24 02:29:00-04:00,7674.5,7674.5,7673.25,7673.5,71
2026-08-24 02:30:00-04:00,7673.0,7674.0,7672.25,7672.25,222
2026-08-24 02:31:00-04:00,7672.5,7673.75,7671.5,7673.5,278
2026-08-24 02:32:00-04:00,7673.5,7673.5,7671.75,7671.75,96
2026-08-24 02:33:00-04:00,7672.0,7673.5,7671.75,7673.5,103
2026-08-24 02:34:00-04:00,7673.5,7674.0,7673.0,7673.75,126
2026-08-24 02:35:00-04:00,7673.75,7675.25,7673.25,7673.5,122
2026-08-24 02:36:00-04:00,7673.5,7673.75,7672.75,7673.75,233
2026-08-24 02:37:00-04:00,7673.75,7674.75,7673.5,7674.75,64
2026-08-24 02:38:00-04:00,7674.75,7675.25,7674.5,7675.25,190
2026-08-24 02:39:00-04:00,7675.25,7675.5,7674.75,7675.0,108
2026-08-24 02:40:00-04:00,7675.0,7675.0,7673.25,7674.25,181
2026-08-24 02:41:00-04:00,7674.25,7674.25,7671.5,7671.75,153
2026-08-24 02:42:00-04:00,7671.5,7672.0,7671.0,7671.75,227
2026-08-24 02:43:00-04:00,7671.5,7672.25,7671.25,7671.75,149
2026-08-24 02:44:00-04:00,7671.75,7672.0,7671.0,7671.5,117
2026-08-24 02:45:00-04:00,7671.5,7672.0,7670.75,7671.25,237
2026-08-24 02:46:00-04:00,7671.5,7671.5,7671.0,7671.25,77
2026-08-24 02:47:00-04:00,7671.25,7671.75,7671.0,7671.75,51
2026-08-24 02:48:00-04:00,7671.75,7672.75,7671.75,7672.25,88
2026-08-24 02:49:00-04:00,7672.25,7673.25,7672.25,7672.75,175
2026-08-24 02:50:00-04:00,7673.0,7674.0,7672.5,7673.5,149
2026-08-24 02:51:00-04:00,7673.25,7673.75,7672.75,7673.0,43
2026-08-24 02:52:00-04:00,7673.0,7674.75,7673.0,7674.5,171
2026-08-24 02:53:00-04:00,7674.5,7674.5,7673.75,7674.5,60
2026-08-24 02:54:00-04:00,7674.0,7674.75,7674.0,7674.75,38
2026-08-24 02:55:00-04:00,7675.0,7675.25,7674.5,7675.25,44
2026-08-24 02:56:00-04:00,7675.25,7675.75,7674.25,7674.25,103
2026-08-24 02:57:00-04:00,7674.25,7674.25,7673.5,7674.25,73
2026-08-24 02:58:00-04:00,7674.0,7674.25,7673.0,7674.0,49
2026-08-24 02:59:00-04:00,7674.0,7674.0,7673.25,7673.5,70
2026-08-24 03:00:00-04:00,7673.0,7676.75,7672.5,7676.25,591
2026-08-24 03:01:00-04:00,7675.75,7675.75,7672.0,7672.5,583
2026-08-24 03:02:00-04:00,7672.75,7673.75,7672.0,7672.25,137
2026-08-24 03:03:00-04:00,7672.5,7673.75,7672.25,7673.0,97
2026-08-24 03:04:00-04:00,7673.25,7675.0,7673.25,7674.75,219
2026-08-24 03:05:00-04:00,7674.75,7674.75,7673.25,7674.5,89
2026-08-24 03:06:00-04:00,7674.75,7676.5,7674.75,7676.0,155
2026-08-24 03:07:00-04:00,7676.0,7677.5,7675.75,7677.5,258
2026-08-24 03:08:00-04:00,7677.25,7677.5,7676.75,7677.0,150
2026-08-24 03:09:00-04:00,7677.0,7677.75,7676.75,7676.75,124
2026-08-24 03:10:00-04:00,7677.25,7677.25,7676.0,7676.25,82
2026-08-24 03:11:00-04:00,7676.5,7677.5,7676.25,7677.5,94
2026-08-24 03:12:00-04:00,7678.0,7678.0,7676.75,7678.0,109
2026-08-24 03:13:00-04:00,7677.75,7678.25,7677.25,7677.75,110
2026-08-24 03:14:00-04:00,7678.0,7678.5,7677.5,7678.0,104
2026-08-24 03:15:00-04:00,7678.0,7679.25,7677.75,7678.0,179
2026-08-24 03:16:00-04:00,7678.0,7678.0,7675.75,7676.5,182
2026-08-24 03:17:00-04:00,7676.5,7676.5,7675.5,7676.25,130
2026-08-24 03:18:00-04:00,7676.0,7676.25,7675.25,7675.75,54
2026-08-24 03:19:00-04:00,7675.75,7677.5,7675.5,7677.0,67
2026-08-24 03:20:00-04:00,7676.75,7676.75,7675.5,7676.0,135
2026-08-24 03:21:00-04:00,7676.25,7676.25,7675.75,7676.0,52
2026-08-24 03:22:00-04:00,7675.75,7676.5,7675.5,7676.5,93
2026-08-24 03:23:00-04:00,7676.5,7676.5,7675.75,7675.75,46
2026-08-24 03:24:00-04:00,7675.75,7676.0,7674.75,7675.75,128
2026-08-24 03:25:00-04:00,7676.25,7677.75,7675.75,7677.75,101
2026-08-24 03:26:00-04:00,7677.75,7678.0,7675.75,7676.0,117
2026-08-24 03:27:00-04:00,7676.25,7677.0,7676.25,7677.0,42
2026-08-24 03:28:00-04:00,7677.0,7677.25,7675.5,7675.75,114
2026-08-24 03:29:00-04:00,7675.5,7675.75,7674.75,7675.0,81
2026-08-24 03:30:00-04:00,7675.0,7676.25,7673.5,7675.5,316
2026-08-24 03:31:00-04:00,7675.5,7675.5,7674.75,7675.25,49
2026-08-24 03:32:00-04:00,7675.0,7677.25,7675.0,7677.25,130
2026-08-24 03:33:00-04:00,7677.25,7677.75,7677.0,7677.75,108
2026-08-24 03:34:00-04:00,7677.75,7678.5,7677.5,7678.25,103
2026-08-24 03:35:00-04:00,7678.25,7679.5,7678.0,7679.25,202
2026-08-24 03:36:00-04:00,7679.25,7679.5,7678.5,7679.0,113
2026-08-24 03:37:00-04:00,7678.75,7679.0,7678.0,7678.5,70
2026-08-24 03:38:00-04:00,7678.5,7678.75,7677.75,7678.0,62
2026-08-24 03:39:00-04:00,7677.5,7677.5,7676.75,7676.75,58
2026-08-24 03:40:00-04:00,7676.75,7677.0,7675.0,7675.75,190
2026-08-24 03:41:00-04:00,7675.5,7675.75,7673.5,7674.0,308
2026-08-24 03:42:00-04:00,7674.25,7675.0,7673.75,7673.75,117
2026-08-24 03:43:00-04:00,7674.0,7674.0,7672.5,7673.0,273
2026-08-24 03:44:00-04:00,7673.0,7673.75,7672.25,7672.5,195
2026-08-24 03:45:00-04:00,7672.5,7674.25,7672.5,7674.0,119
2026-08-24 03:46:00-04:00,7674.0,7674.75,7673.75,7674.25,60
2026-08-24 03:47:00-04:00,7674.5,7674.75,7673.0,7673.5,137
2026-08-24 03:48:00-04:00,7674.0,7674.0,7672.25,7673.25,109
2026-08-24 03:49:00-04:00,7673.25,7673.75,7672.5,7672.5,144
2026-08-24 03:50:00-04:00,7672.5,7673.0,7672.5,7672.75,62
2026-08-24 03:51:00-04:00,7673.0,7673.5,7672.75,7673.0,60
2026-08-24 03:52:00-04:00,7673.25,7673.25,7671.0,7671.5,244
2026-08-24 03:53:00-04:00,7671.75,7672.0,7670.5,7671.25,208
2026-08-24 03:54:00-04:00,7671.5,7672.5,7671.0,7672.0,144
2026-08-24 03:55:00-04:00,7671.75,7672.25,7670.75,7671.75,96
2026-08-24 03:56:00-04:00,7671.25,7671.5,7670.5,7670.75,131
2026-08-24 03:57:00-04:00,7671.0,7671.25,7670.5,7670.75,132
2026-08-24 03:58:00-04:00,7670.75,7672.25,7670.75,7671.0,86
2026-08-24 03:59:00-04:00,7671.0,7671.5,7670.5,7671.0,71
2026-08-24 04:00:00-04:00,7671.0,7672.75,7670.25,7672.0,461
2026-08-24 04:01:00-04:00,7671.5,7672.0,7668.5,7670.5,554
2026-08-24 04:02:00-04:00,7670.5,7670.75,7669.5,7670.5,219
2026-08-24 04:03:00-04:00,7670.5,7672.0,7669.75,7671.0,209
2026-08-24 04:04:00-04:00,7670.25,7671.75,7669.25,7670.5,191
2026-08-24 04:05:00-04:00,7670.5,7673.0,7670.25,7672.5,269
2026-08-24 04:06:00-04:00,7672.75,7674.25,7672.0,7673.5,515
2026-08-24 04:07:00-04:00,7673.25,7681.5,7673.25,7675.25,1977
2026-08-24 04:08:00-04:00,7675.25,7676.5,7674.5,7674.5,236
2026-08-24 04:09:00-04:00,7674.25,7674.75,7673.0,7673.25,312
2026-08-24 04:10:00-04:00,7673.25,7675.0,7673.25,7674.75,119
2026-08-24 04:11:00-04:00,7674.5,7675.0,7674.25,7674.5,116
2026-08-24 04:12:00-04:00,7674.0,7675.5,7674.0,7675.0,87
2026-08-24 04:17:00-04:00,7674.5,7675.0,7674.5,7674.75,660
2026-08-24 04:18:00-04:00,7674.75,7678.5,7674.75,7678.0,188
2026-08-24 04:19:00-04:00,7678.0,7679.75,7678.0,7678.75,271
2026-08-24 04:20:00-04:00,7678.75,7679.25,7678.0,7678.0,99
2026-08-24 04:21:00-04:00,7678.0,7678.25,7676.75,7678.0,94
2026-08-24 04:22:00-04:00,7677.75,7678.25,7677.5,7678.0,46
2026-08-24 04:23:00-04:00,7677.75,7677.75,7676.0,7676.5,84
2026-08-24 04:24:00-04:00,7676.25,7677.0,7676.25,7676.75,138
2026-08-24 04:25:00-04:00,7677.0,7677.25,7675.25,7675.5,222
2026-08-24 04:26:00-04:00,7675.5,7676.0,7674.75,7675.25,89
2026-08-24 04:27:00-04:00,7675.25,7677.25,7675.25,7676.75,99
2026-08-24 04:28:00-04:00,7677.0,7678.0,7676.5,7678.0,135
2026-08-24 04:29:00-04:00,7678.0,7678.75,7677.0,7677.25,134
2026-08-24 04:30:00-04:00,7677.5,7678.0,7677.25,7677.75,93
2026-08-24 04:31:00-04:00,7678.0,7678.0,7676.25,7677.5,84
2026-08-24 04:32:00-04:00,7678.25,7679.25,7678.25,7679.0,126
2026-08-24 04:33:00-04:00,7678.75,7679.0,7677.25,7678.0,89
2026-08-24 04:34:00-04:00,7678.25,7678.5,7678.0,7678.25,50
2026-08-24 04:35:00-04:00,7678.5,7678.75,7678.0,7678.75,50
2026-08-24 04:36:00-04:00,7678.5,7680.0,7678.25,7679.75,76
2026-08-24 04:37:00-04:00,7679.75,7679.75,7678.75,7679.0,84
2026-08-24 04:38:00-04:00,7678.75,7680.0,7678.5,7680.0,72
2026-08-24 04:39:00-04:00,7680.0,7682.25,7679.75,7682.25,382
2026-08-24 04:40:00-04:00,7682.25,7682.25,7680.5,7681.0,166
2026-08-24 04:41:00-04:00,7681.25,7682.0,7681.25,7681.75,120
2026-08-24 04:42:00-04:00,7681.5,7682.25,7681.0,7682.0,67
2026-08-24 04:43:00-04:00,7682.25,7683.25,7682.0,7682.5,200
2026-08-24 04:44:00-04:00,7682.5,7683.0,7682.0,7682.5,119
2026-08-24 04:45:00-04:00,7682.5,7682.75,7681.5,7682.75,130
2026-08-24 04:46:00-04:00,7682.5,7682.75,7681.75,7682.5,73
2026-08-24 04:47:00-04:00,7682.75,7683.0,7681.75,7682.25,90
2026-08-24 04:48:00-04:00,7682.25,7682.5,7682.0,7682.25,40
2026-08-24 04:49:00-04:00,7682.0,7682.25,7681.0,7681.5,152
2026-08-24 04:50:00-04:00,7681.5,7682.25,7681.25,7682.0,91
2026-08-24 04:51:00-04:00,7682.0,7683.0,7681.75,7682.5,76
2026-08-24 04:52:00-04:00,7682.75,7684.0,7682.5,7684.0,208
2026-08-24 04:53:00-04:00,7683.75,7683.75,7682.75,7683.25,77
2026-08-24 04:54:00-04:00,7683.0,7683.25,7682.75,7683.25,57
2026-08-24 04:55:00-04:00,7683.0,7683.5,7683.0,7683.5,34
2026-08-24 04:56:00-04:00,7683.0,7683.0,7682.25,7682.25,36
2026-08-24 04:57:00-04:00,7682.5,7683.25,7682.25,7682.5,66
2026-08-24 04:58:00-04:00,7682.5,7683.0,7682.25,7682.5,45
2026-08-24 04:59:00-04:00,7682.25,7682.5,7680.75,7680.75,146
2026-08-24 05:00:00-04:00,7680.75,7680.75,7678.5,7679.0,340
2026-08-24 05:01:00-04:00,7679.25,7680.75,7679.25,7680.25,82
2026-08-24 05:02:00-04:00,7680.0,7681.0,7679.5,7679.75,78
2026-08-24 05:03:00-04:00,7679.75,7683.0,7679.75,7682.25,236
2026-08-24 05:04:00-04:00,7682.5,7684.5,7682.5,7684.0,279
2026-08-24 05:05:00-04:00,7683.75,7684.0,7682.5,7682.5,146
2026-08-24 05:06:00-04:00,7682.5,7683.75,7682.5,7683.25,80
2026-08-24 05:07:00-04:00,7683.25,7684.0,7682.75,7683.0,104
2026-08-24 05:08:00-04:00,7682.75,7683.25,7682.75,7682.75,36
2026-08-24 05:09:00-04:00,7683.0,7683.5,7683.0,7683.25,26
2026-08-24 05:10:00-04:00,7683.25,7684.0,7683.25,7683.25,101
2026-08-24 05:11:00-04:00,7683.25,7683.75,7682.5,7682.5,85
2026-08-24 05:12:00-04:00,7682.5,7683.5,7682.5,7682.75,90
2026-08-24 05:13:00-04:00,7682.5,7682.5,7682.0,7682.25,40
2026-08-24 05:14:00-04:00,7682.25,7682.5,7682.0,7682.0,45
2026-08-24 05:15:00-04:00,7682.25,7682.5,7681.75,7682.0,109
2026-08-24 05:16:00-04:00,7682.25,7682.5,7681.5,7681.75,82
2026-08-24 05:17:00-04:00,7682.0,7682.25,7681.25,7681.5,75
2026-08-24 05:18:00-04:00,7681.5,7681.75,7680.75,7680.75,91
2026-08-24 05:19:00-04:00,7680.75,7681.0,7679.5,7679.75,143
2026-08-24 05:20:00-04:00,7679.5,7680.0,7679.5,7679.75,90
2026-08-24 05:21:00-04:00,7680.0,7680.0,7679.0,7679.75,135
2026-08-24 05:22:00-04:00,7679.5,7679.75,7679.0,7679.5,108
2026-08-24 05:23:00-04:00,7679.25,7679.25,7678.5,7679.0,108
2026-08-24 05:24:00-04:00,7679.0,7680.25,7679.0,7679.75,161
2026-08-24 05:25:00-04:00,7679.5,7679.75,7678.0,7678.5,144
2026-08-24 05:26:00-04:00,7678.5,7679.0,7677.75,7678.75,86
2026-08-24 05:27:00-04:00,7678.5,7678.75,7678.25,7678.5,17
2026-08-24 05:28:00-04:00,7678.25,7678.75,7678.0,7678.5,23
2026-08-24 05:29:00-04:00,7678.25,7678.75,7678.25,7678.75,107
2026-08-24 05:30:00-04:00,7678.5,7679.5,7678.25,7679.5,103
2026-08-24 05:31:00-04:00,7679.25,7679.5,7678.75,7679.0,67
2026-08-24 05:32:00-04:00,7679.0,7680.0,7678.5,7679.25,114
2026-08-24 05:33:00-04:00,7679.25,7679.75,7678.5,7679.5,82
2026-08-24 05:34:00-04:00,7679.5,7680.0,7679.0,7680.0,54
2026-08-24 05:35:00-04:00,7679.5,7680.75,7679.5,7680.5,129
2026-08-24 05:36:00-04:00,7680.25,7681.5,7680.25,7681.25,156
2026-08-24 05:37:00-04:00,7681.25,7682.0,7681.0,7681.75,107
2026-08-24 05:38:00-04:00,7681.75,7682.0,7680.75,7681.25,95
2026-08-24 05:39:00-04:00,7681.0,7681.25,7680.75,7681.25,27
2026-08-24 05:40:00-04:00,7681.0,7681.25,7679.5,7679.5,88
2026-08-24 05:41:00-04:00,7679.75,7681.25,7679.75,7680.25,97
2026-08-24 05:42:00-04:00,7680.0,7681.0,7680.0,7680.5,51
2026-08-24 05:43:00-04:00,7680.5,7680.75,7680.25,7680.5,33
2026-08-24 05:44:00-04:00,7680.5,7681.0,7680.25,7680.75,81
2026-08-24 05:45:00-04:00,7681.0,7681.5,7680.5,7680.5,89
2026-08-24 05:46:00-04:00,7680.0,7681.5,7680.0,7681.25,62
2026-08-24 05:47:00-04:00,7681.25,7682.75,7681.0,7682.5,79
2026-08-24 05:48:00-04:00,7682.5,7682.5,7681.25,7682.0,142
2026-08-24 05:49:00-04:00,7681.75,7682.25,7681.5,7682.25,67
2026-08-24 05:50:00-04:00,7682.25,7682.5,7681.25,7681.25,86
2026-08-24 05:51:00-04:00,7681.5,7681.5,7680.25,7680.5,94
2026-08-24 05:52:00-04:00,7680.5,7680.75,7680.25,7680.25,16
2026-08-24 05:53:00-04:00,7680.25,7680.25,7679.5,7680.25,46
2026-08-24 05:54:00-04:00,7680.25,7680.25,7680.0,7680.25,44
2026-08-24 05:55:00-04:00,7680.0,7680.75,7680.0,7680.75,53
2026-08-24 05:56:00-04:00,7681.0,7681.25,7679.75,7679.75,51
2026-08-24 05:57:00-04:00,7679.75,7680.5,7679.75,7680.25,53
2026-08-24 05:58:00-04:00,7680.5,7680.5,7680.0,7680.25,21
2026-08-24 05:59:00-04:00,7680.5,7680.5,7680.0,7680.25,73
2026-08-24 06:00:00-04:00,7680.5,7681.0,7680.25,7680.75,137
2026-08-24 06:01:00-04:00,7680.75,7681.0,7680.5,7680.5,23
2026-08-24 06:02:00-04:00,7680.5,7681.0,7680.0,7680.5,75
2026-08-24 06:03:00-04:00,7680.5,7681.5,7680.5,7681.0,57
2026-08-24 06:04:00-04:00,7681.25,7681.75,7681.25,7681.5,88
2026-08-24 06:05:00-04:00,7681.75,7682.0,7681.0,7681.0,102
2026-08-24 06:06:00-04:00,7680.75,7681.0,7680.25,7680.25,52
2026-08-24 06:07:00-04:00,7680.25,7681.75,7680.0,7681.5,111
2026-08-24 06:08:00-04:00,7681.75,7681.75,7680.5,7680.75,160
2026-08-24 06:09:00-04:00,7680.75,7680.75,7680.0,7680.0,76
2026-08-24 06:10:00-04:00,7680.0,7680.25,7679.5,7679.5,60
2026-08-24 06:11:00-04:00,7679.5,7679.75,7679.0,7679.5,115
2026-08-24 06:12:00-04:00,7679.5,7679.75,7678.25,7678.25,131
2026-08-24 06:13:00-04:00,7678.25,7678.25,7676.5,7677.5,349
2026-08-24 06:14:00-04:00,7677.5,7678.0,7676.75,7677.25,94
2026-08-24 06:15:00-04:00,7677.0,7677.5,7676.75,7677.0,117
2026-08-24 06:16:00-04:00,7677.0,7677.25,7676.75,7676.75,83
2026-08-24 06:17:00-04:00,7677.0,7677.25,7676.75,7676.75,30
2026-08-24 06:18:00-04:00,7676.75,7677.5,7676.75,7677.25,29
2026-08-24 06:19:00-04:00,7677.25,7677.25,7676.5,7676.5,41
2026-08-24 06:20:00-04:00,7676.75,7676.75,7675.5,7675.5,217
2026-08-24 06:21:00-04:00,7676.0,7676.25,7675.5,7676.25,66
2026-08-24 06:22:00-04:00,7676.5,7677.25,7676.0,7676.5,134
2026-08-24 06:23:00-04:00,7676.75,7678.25,7676.5,7678.25,82
2026-08-24 06:24:00-04:00,7678.25,7680.0,7677.75,7679.5,174
2026-08-24 06:25:00-04:00,7679.5,7679.5,7678.0,7678.5,93
2026-08-24 06:26:00-04:00,7678.0,7678.5,7677.75,7677.75,62
2026-08-24 06:27:00-04:00,7677.75,7678.5,7676.25,7676.25,73
2026-08-24 06:28:00-04:00,7676.5,7677.5,7676.5,7677.0,76
2026-08-24 06:29:00-04:00,7677.0,7677.25,7675.75,7675.75,101
2026-08-24 06:30:00-04:00,7676.25,7676.5,7675.5,7675.75,179
2026-08-24 06:31:00-04:00,7675.75,7677.0,7675.75,7677.0,121
2026-08-24 06:32:00-04:00,7676.75,7678.5,7676.75,7678.5,128
2026-08-24 06:33:00-04:00,7678.5,7679.0,7678.0,7678.75,211
2026-08-24 06:34:00-04:00,7678.5,7680.25,7678.5,7679.5,154
2026-08-24 06:35:00-04:00,7679.5,7679.5,7678.75,7679.0,73
2026-08-24 06:36:00-04:00,7679.0,7679.25,7678.75,7679.25,64
2026-08-24 06:37:00-04:00,7678.75,7678.75,7677.5,7678.0,45
2026-08-24 06:38:00-04:00,7678.0,7678.25,7677.75,7678.25,40
2026-08-24 06:39:00-04:00,7678.5,7678.5,7677.0,7677.0,85
2026-08-24 06:40:00-04:00,7676.75,7677.0,7675.75,7676.0,111
2026-08-24 06:41:00-04:00,7676.0,7676.0,7674.5,7674.75,242
2026-08-24 06:42:00-04:00,7674.75,7675.0,7674.25,7674.75,102
2026-08-24 06:43:00-04:00,7674.75,7674.75,7674.25,7674.5,77
2026-08-24 06:44:00-04:00,7674.25,7675.0,7673.5,7674.5,280
2026-08-24 06:45:00-04:00,7674.5,7675.0,7673.25,7673.5,148
2026-08-24 06:46:00-04:00,7673.0,7674.25,7672.75,7673.0,173
2026-08-24 06:47:00-04:00,7673.0,7673.5,7672.0,7672.25,180
2026-08-24 06:48:00-04:00,7672.25,7672.75,7672.0,7672.75,96
2026-08-24 06:49:00-04:00,7673.25,7673.25,7672.5,7672.75,68
2026-08-24 06:50:00-04:00,7672.75,7672.75,7671.25,7671.75,203
2026-08-24 06:51:00-04:00,7671.75,7672.0,7670.25,7670.25,345
2026-08-24 06:52:00-04:00,7670.25,7670.75,7669.75,7670.75,325
2026-08-24 06:53:00-04:00,7670.75,7671.5,7670.5,7671.0,181
2026-08-24 06:54:00-04:00,7671.0,7671.0,7670.25,7670.75,95
2026-08-24 06:55:00-04:00,7670.75,7671.5,7670.75,7671.0,89
2026-08-24 06:56:00-04:00,7670.75,7671.25,7669.75,7670.5,294
2026-08-24 06:57:00-04:00,7670.5,7670.75,7670.0,7670.75,113
2026-08-24 06:58:00-04:00,7670.75,7670.75,7670.25,7670.25,66
2026-08-24 06:59:00-04:00,7670.25,7671.0,7670.0,7670.25,127
2026-08-24 07:00:00-04:00,7670.5,7671.75,7668.0,7668.5,1143
2026-08-24 07:01:00-04:00,7668.5,7668.5,7667.0,7667.5,492
2026-08-24 07:02:00-04:00,7667.5,7668.5,7666.5,7668.0,327
2026-08-24 07:03:00-04:00,7668.0,7668.0,7666.25,7667.0,195
2026-08-24 07:04:00-04:00,7667.0,7667.25,7666.5,7666.75,105
2026-08-24 07:05:00-04:00,7666.75,7666.75,7665.5,7666.0,273
2026-08-24 07:06:00-04:00,7666.0,7667.0,7665.75,7666.5,156
2026-08-24 07:07:00-04:00,7666.25,7666.5,7664.25,7664.5,505
2026-08-24 07:08:00-04:00,7664.75,7667.75,7664.75,7665.75,368
2026-08-24 07:09:00-04:00,7665.75,7667.75,7665.5,7667.5,114
2026-08-24 07:10:00-04:00,7667.25,7668.25,7666.75,7667.75,226
2026-08-24 07:11:00-04:00,7667.0,7667.5,7665.5,7667.25,281
2026-08-24 07:12:00-04:00,7667.25,7668.25,7667.0,7667.5,214
2026-08-24 07:13:00-04:00,7667.5,7668.25,7667.5,7668.25,134
2026-08-24 07:14:00-04:00,7668.0,7668.0,7667.0,7667.5,85
2026-08-24 07:15:00-04:00,7668.0,7668.5,7667.5,7668.0,219
2026-08-24 07:16:00-04:00,7668.0,7668.5,7667.75,7668.25,62
2026-08-24 07:17:00-04:00,7668.25,7669.25,7668.0,7669.0,217
2026-08-24 07:18:00-04:00,7668.75,7669.25,7668.0,7669.25,179
2026-08-24 07:19:00-04:00,7669.0,7669.25,7668.5,7668.75,108
2026-08-24 07:20:00-04:00,7669.0,7669.25,7668.25,7668.25,210
2026-08-24 07:21:00-04:00,7668.0,7668.75,7667.75,7668.5,185
2026-08-24 07:22:00-04:00,7668.5,7669.5,7668.5,7669.25,195
2026-08-24 07:23:00-04:00,7669.25,7669.25,7668.25,7669.0,66
2026-08-24 07:24:00-04:00,7669.0,7669.75,7668.5,7669.75,129
2026-08-24 07:25:00-04:00,7669.5,7672.0,7669.5,7671.0,465
2026-08-24 07:26:00-04:00,7670.75,7671.5,7670.75,7671.0,107
2026-08-24 07:27:00-04:00,7671.0,7671.0,7669.5,7670.0,91
2026-08-24 07:28:00-04:00,7669.75,7670.25,7669.75,7670.25,55
2026-08-24 07:29:00-04:00,7670.25,7670.25,7669.5,7670.25,109
2026-08-24 07:30:00-04:00,7670.5,7673.25,7670.25,7673.25,355
2026-08-24 07:31:00-04:00,7673.25,7675.5,7673.25,7673.75,641
2026-08-24 07:32:00-04:00,7673.75,7677.75,7673.25,7675.25,1304
2026-08-24 07:33:00-04:00,7675.25,7675.75,7674.5,7675.25,211
2026-08-24 07:34:00-04:00,7675.25,7677.5,7675.0,7677.5,240
2026-08-24 07:35:00-04:00,7677.0,7681.75,7676.75,7679.75,1702
2026-08-24 07:36:00-04:00,7679.75,7683.5,7678.25,7682.75,792
2026-08-24 07:37:00-04:00,7682.5,7684.25,7681.5,7682.75,626
2026-08-24 07:38:00-04:00,7683.0,7686.5,7681.75,7682.75,1284
2026-08-24 07:39:00-04:00,7683.0,7684.25,7682.0,7682.25,537
2026-08-24 07:40:00-04:00,7682.25,7685.25,7682.0,7684.0,435
2026-08-24 07:41:00-04:00,7684.25,7684.25,7682.25,7682.75,211
2026-08-24 07:42:00-04:00,7683.25,7683.75,7682.5,7683.0,142
2026-08-24 07:43:00-04:00,7682.75,7683.25,7680.5,7680.75,427
2026-08-24 07:44:00-04:00,7680.75,7681.75,7680.25,7681.75,199
2026-08-24 07:45:00-04:00,7681.0,7681.5,7678.25,7678.5,530
2026-08-24 07:46:00-04:00,7678.5,7680.5,7678.5,7679.25,833
2026-08-24 07:47:00-04:00,7679.25,7680.0,7679.0,7679.75,188
2026-08-24 07:48:00-04:00,7679.75,7680.0,7678.5,7678.5,207
2026-08-24 07:49:00-04:00,7678.25,7678.5,7676.25,7677.75,524
2026-08-24 07:50:00-04:00,7677.75,7679.0,7677.5,7678.5,311
2026-08-24 07:51:00-04:00,7678.25,7678.75,7677.5,7678.75,124
2026-08-24 07:52:00-04:00,7678.5,7679.75,7678.0,7679.75,250
2026-08-24 07:53:00-04:00,7679.75,7680.0,7679.25,7680.0,167
2026-08-24 07:54:00-04:00,7679.5,7680.0,7679.0,7680.0,110
2026-08-24 07:55:00-04:00,7679.75,7680.5,7679.5,7680.25,243
2026-08-24 07:56:00-04:00,7680.25,7680.75,7679.0,7679.5,202
2026-08-24 07:57:00-04:00,7679.25,7679.5,7678.0,7678.25,292
2026-08-24 07:58:00-04:00,7678.75,7680.0,7678.5,7679.75,121
2026-08-24 07:59:00-04:00,7679.5,7680.0,7679.5,7680.0,147
2026-08-24 08:00:00-04:00,7679.75,7680.0,7678.5,7678.75,581
2026-08-24 08:01:00-04:00,7678.5,7678.75,7677.5,7677.5,217
2026-08-24 08:02:00-04:00,7677.75,7678.25,7677.0,7677.75,170
2026-08-24 08:03:00-04:00,7677.5,7678.0,7676.5,7676.75,134
2026-08-24 08:04:00-04:00,7676.5,7677.25,7676.5,7677.0,103
2026-08-24 08:05:00-04:00,7677.0,7677.5,7676.5,7677.0,95
2026-08-24 08:06:00-04:00,7677.25,7679.0,7676.5,7677.75,247
2026-08-24 08:07:00-04:00,7677.5,7677.75,7676.25,7677.0,252
2026-08-24 08:08:00-04:00,7676.75,7677.0,7676.0,7676.25,125
2026-08-24 08:09:00-04:00,7676.5,7677.25,7676.0,7677.0,141
2026-08-24 08:10:00-04:00,7677.0,7677.5,7676.25,7677.5,122
2026-08-24 08:11:00-04:00,7677.5,7677.5,7675.5,7676.75,252
2026-08-24 08:12:00-04:00,7676.5,7676.75,7676.25,7676.75,62
2026-08-24 08:13:00-04:00,7676.75,7678.25,7676.5,7678.0,245
2026-08-24 08:14:00-04:00,7678.0,7678.25,7677.0,7677.25,241
2026-08-24 08:15:00-04:00,7677.0,7678.5,7676.5,7676.5,219
2026-08-24 08:16:00-04:00,7676.5,7677.75,7676.25,7677.5,147
2026-08-24 08:17:00-04:00,7677.5,7677.5,7677.0,7677.25,75
2026-08-24 08:18:00-04:00,7677.25,7678.0,7675.75,7675.75,178
2026-08-24 08:19:00-04:00,7676.0,7677.75,7675.75,7677.0,75
2026-08-24 08:20:00-04:00,7677.0,7679.0,7677.0,7678.25,279
2026-08-24 08:21:00-04:00,7678.5,7679.5,7677.75,7678.75,461
2026-08-24 08:22:00-04:00,7678.75,7680.0,7678.25,7679.5,245
2026-08-24 08:23:00-04:00,7679.5,7680.75,7679.25,7679.5,282
2026-08-24 08:24:00-04:00,7680.0,7681.0,7679.5,7680.5,223
2026-08-24 08:25:00-04:00,7680.5,7680.75,7679.5,7680.5,62
2026-08-24 08:26:00-04:00,7680.0,7680.75,7678.75,7680.0,280
2026-08-24 08:27:00-04:00,7680.0,7681.25,7680.0,7680.25,180
2026-08-24 08:28:00-04:00,7680.5,7681.25,7680.25,7681.0,130
2026-08-24 08:29:00-04:00,7681.0,7681.25,7680.75,7681.0,92
2026-08-24 08:30:00-04:00,7681.0,7681.25,7680.5,7680.5,107
2026-08-24 08:31:00-04:00,7681.0,7681.0,7679.25,7679.5,147
2026-08-24 08:32:00-04:00,7679.5,7680.25,7668.75,7670.5,4254
2026-08-24 08:33:00-04:00,7671.25,7676.0,7670.0,7675.75,2492
2026-08-24 08:34:00-04:00,7674.75,7676.25,7674.25,7675.75,508
2026-08-24 08:35:00-04:00,7675.0,7676.75,7675.0,7676.5,217
2026-08-24 08:36:00-04:00,7676.25,7676.75,7675.5,7675.5,176
2026-08-24 08:37:00-04:00,7675.75,7676.25,7675.25,7675.75,107
2026-08-24 08:38:00-04:00,7676.0,7678.25,7676.0,7678.0,465
2026-08-24 08:39:00-04:00,7678.0,7679.75,7675.75,7676.5,604
2026-08-24 08:40:00-04:00,7676.5,7677.5,7676.25,7677.0,137
2026-08-24 08:41:00-04:00,7677.0,7682.5,7674.5,7677.25,1840
2026-08-24 08:42:00-04:00,7677.0,7678.5,7676.25,7677.25,674
2026-08-24 08:43:00-04:00,7677.25,7677.25,7675.0,7675.25,268
2026-08-24 08:44:00-04:00,7675.5,7676.5,7675.25,7676.25,167
2026-08-24 08:45:00-04:00,7676.25,7677.5,7675.75,7676.25,276
2026-08-24 08:46:00-04:00,7676.25,7678.0,7676.0,7676.0,174
2026-08-24 08:47:00-04:00,7675.75,7677.75,7675.5,7677.0,207
2026-08-24 08:48:00-04:00,7677.5,7678.75,7677.25,7678.75,171
2026-08-24 08:49:00-04:00,7678.75,7678.75,7678.0,7678.5,140
2026-08-24 08:50:00-04:00,7678.25,7679.5,7678.25,7679.0,191
2026-08-24 08:51:00-04:00,7679.25,7679.75,7677.5,7677.75,196
2026-08-24 08:52:00-04:00,7677.5,7678.0,7677.25,7678.0,91
2026-08-24 08:53:00-04:00,7678.0,7678.25,7677.5,7678.0,57
2026-08-24 08:54:00-04:00,7677.75,7678.25,7677.25,7678.0,64
2026-08-24 08:55:00-04:00,7678.0,7679.5,7677.75,7678.75,199
2026-08-24 08:56:00-04:00,7678.5,7678.75,7677.75,7678.5,93
2026-08-24 08:57:00-04:00,7678.5,7678.75,7677.5,7678.5,128
2026-08-24 08:58:00-04:00,7678.25,7679.0,7677.75,7677.75,119
2026-08-24 08:59:00-04:00,7677.75,7678.25,7677.5,7678.0,133
2026-08-24 09:00:00-04:00,7677.75,7679.75,7677.75,7679.75,277
2026-08-24 09:01:00-04:00,7679.5,7680.0,7678.5,7679.0,391
2026-08-24 09:02:00-04:00,7678.75,7679.5,7678.25,7679.0,178
2026-08-24 09:03:00-04:00,7679.0,7679.25,7677.75,7678.75,145
2026-08-24 09:04:00-04:00,7679.0,7679.75,7679.0,7679.5,172
2026-08-24 09:05:00-04:00,7679.25,7679.75,7678.25,7678.25,129
2026-08-24 09:06:00-04:00,7678.75,7679.5,7677.75,7678.25,182
2026-08-24 09:07:00-04:00,7678.0,7678.75,7676.75,7678.5,351
2026-08-24 09:08:00-04:00,7678.25,7679.75,7677.75,7679.0,235
2026-08-24 09:09:00-04:00,7679.0,7679.0,7677.5,7678.25,239
2026-08-24 09:10:00-04:00,7678.0,7678.5,7677.25,7678.25,275
2026-08-24 09:11:00-04:00,7678.5,7679.75,7678.0,7679.0,189
2026-08-24 09:12:00-04:00,7679.0,7679.25,7676.75,7677.0,255
2026-08-24 09:13:00-04:00,7677.25,7677.75,7676.75,7677.25,150
2026-08-24 09:14:00-04:00,7677.5,7679.25,7677.0,7677.0,225
2026-08-24 09:15:00-04:00,7677.25,7678.25,7676.25,7676.75,407
2026-08-24 09:16:00-04:00,7676.75,7679.5,7676.25,7678.75,297
2026-08-24 09:17:00-04:00,7679.25,7679.75,7678.25,7678.5,351
2026-08-24 09:18:00-04:00,7678.25,7679.75,7678.0,7679.5,251
2026-08-24 09:19:00-04:00,7679.5,7680.0,7676.25,7676.75,332
2026-08-24 09:20:00-04:00,7676.75,7678.5,7676.25,7678.25,283
2026-08-24 09:21:00-04:00,7678.25,7679.0,7678.25,7678.25,153
2026-08-24 09:22:00-04:00,7678.5,7678.75,7678.25,7678.5,94
2026-08-24 09:23:00-04:00,7678.25,7678.25,7676.75,7677.5,205
2026-08-24 09:24:00-04:00,7677.25,7677.75,7677.0,7677.0,146
2026-08-24 09:25:00-04:00,7676.5,7677.25,7676.0,7676.5,376
2026-08-24 09:26:00-04:00,7676.25,7678.0,7676.0,7676.75,323
2026-08-24 09:27:00-04:00,7676.5,7679.25,7676.5,7679.25,886
2026-08-24 09:28:00-04:00,7679.0,7682.0,7678.75,7682.0,1656
2026-08-24 09:29:00-04:00,7681.75,7681.75,7679.5,7681.5,1016
2026-08-24 09:30:00-04:00,7681.75,7682.75,7671.25,7671.75,8483
2026-08-24 09:31:00-04:00,7671.5,7676.5,7669.25,7675.75,5194
2026-08-24 09:32:00-04:00,7675.75,7676.25,7670.0,7670.75,2772
2026-08-24 09:33:00-04:00,7670.5,7670.75,7666.0,7668.75,4486
2026-08-24 09:34:00-04:00,7668.5,7670.0,7667.5,7669.0,2702
2026-08-24 09:35:00-04:00,7669.0,7671.75,7665.75,7670.75,4429
2026-08-24 09:36:00-04:00,7670.75,7672.75,7668.5,7672.75,2592
2026-08-24 09:37:00-04:00,7672.25,7672.5,7669.0,7669.25,2169
2026-08-24 09:38:00-04:00,7669.5,7671.25,7664.5,7667.0,6472
2026-08-24 09:39:00-04:00,7666.5,7669.0,7665.5,7668.25,2910
2026-08-24 09:40:00-04:00,7668.0,7670.0,7665.25,7669.75,3294
2026-08-24 09:41:00-04:00,7670.0,7671.75,7668.0,7669.75,3077
2026-08-24 09:42:00-04:00,7669.25,7669.75,7662.75,7663.25,4187
2026-08-24 09:43:00-04:00,7663.25,7663.75,7661.5,7661.75,3650
2026-08-24 09:44:00-04:00,7662.0,7662.75,7655.75,7656.0,6515
2026-08-24 09:45:00-04:00,7656.25,7659.5,7655.0,7658.0,5751
2026-08-24 09:46:00-04:00,7658.0,7665.0,7657.75,7664.5,6148
2026-08-24 09:47:00-04:00,7664.5,7668.25,7663.75,7665.5,5146
2026-08-24 09:48:00-04:00,7665.5,7668.25,7665.0,7668.0,3154
2026-08-24 09:49:00-04:00,7668.0,7670.25,7665.0,7665.75,4640
2026-08-24 09:50:00-04:00,7665.5,7666.25,7663.25,7664.25,3505
2026-08-24 09:51:00-04:00,7664.25,7666.75,7663.5,7664.0,2486
2026-08-24 09:52:00-04:00,7664.25,7665.75,7662.0,7662.25,2973
2026-08-24 09:53:00-04:00,7662.0,7666.5,7662.0,7666.25,2290
2026-08-24 09:54:00-04:00,7666.25,7670.0,7665.75,7669.0,3344
2026-08-24 09:55:00-04:00,7669.0,7669.5,7666.75,7668.5,2802
2026-08-24 09:56:00-04:00,7668.25,7670.75,7667.75,7669.5,3143
2026-08-24 09:57:00-04:00,7669.5,7670.75,7667.75,7668.0,2046
2026-08-24 09:58:00-04:00,7668.0,7671.0,7666.75,7670.5,2563
2026-08-24 09:59:00-04:00,7670.75,7671.25,7667.5,7668.5,1680
2026-08-24 10:00:00-04:00,7668.75,7670.25,7666.25,7669.25,3968
2026-08-24 10:01:00-04:00,7669.5,7674.0,7669.0,7671.75,4162
2026-08-24 10:02:00-04:00,7672.0,7672.25,7664.0,7664.75,6803
2026-08-24 10:03:00-04:00,7665.0,7666.0,7662.75,7664.25,3747
2026-08-24 10:04:00-04:00,7664.25,7665.0,7662.25,7664.25,2716
2026-08-24 10:05:00-04:00,7664.25,7666.5,7663.5,7666.0,2329
2026-08-24 10:06:00-04:00,7665.75,7666.0,7662.5,7663.5,1974
2026-08-24 10:07:00-04:00,7663.5,7664.25,7662.25,7663.0,1461
2026-08-24 10:08:00-04:00,7663.25,7663.75,7661.25,7661.5,2689
2026-08-24 10:09:00-04:00,7661.25,7663.75,7660.5,7663.5,2163
2026-08-24 10:10:00-04:00,7663.5,7663.5,7661.75,7663.25,1664
2026-08-24 10:11:00-04:00,7663.75,7664.0,7660.5,7661.25,1832
2026-08-24 10:12:00-04:00,7661.5,7661.5,7659.75,7659.75,1872
2026-08-24 10:13:00-04:00,7659.75,7663.0,7659.5,7661.5,2173
2026-08-24 10:14:00-04:00,7661.75,7664.75,7661.0,7664.0,2220
2026-08-24 10:15:00-04:00,7664.25,7664.75,7661.0,7663.0,2048
2026-08-24 10:16:00-04:00,7663.0,7665.0,7662.75,7664.0,2260
2026-08-24 10:17:00-04:00,7664.0,7664.75,7661.25,7661.5,1699
2026-08-24 10:18:00-04:00,7661.5,7662.5,7660.5,7662.5,1370
2026-08-24 10:19:00-04:00,7662.25,7664.25,7661.5,7662.75,1023
2026-08-24 10:20:00-04:00,7662.75,7666.0,7662.5,7665.0,2599
2026-08-24 10:21:00-04:00,7665.5,7668.25,7665.0,7668.25,3345
2026-08-24 10:22:00-04:00,7668.25,7669.0,7666.75,7668.5,2538
2026-08-24 10:23:00-04:00,7668.5,7669.25,7664.5,7666.0,2981
2026-08-24 10:24:00-04:00,7665.75,7665.75,7662.0,7662.5,2412
2026-08-24 10:25:00-04:00,7663.0,7663.0,7661.5,7662.0,1511
2026-08-24 10:26:00-04:00,7661.75,7663.0,7660.75,7662.0,2010
2026-08-24 10:27:00-04:00,7662.25,7663.0,7661.25,7662.0,1231
2026-08-24 10:28:00-04:00,7662.0,7665.75,7661.5,7664.75,2253
2026-08-24 10:29:00-04:00,7664.75,7665.0,7662.25,7663.25,1476
2026-08-24 10:30:00-04:00,7663.25,7667.75,7661.75,7667.75,2591
2026-08-24 10:31:00-04:00,7667.5,7669.5,7666.75,7668.5,2859
2026-08-24 10:32:00-04:00,7668.25,7670.0,7668.0,7669.0,1902
2026-08-24 10:33:00-04:00,7669.5,7671.75,7669.25,7670.25,2201
2026-08-24 10:34:00-04:00,7670.5,7671.25,7670.0,7670.25,1738
2026-08-24 10:35:00-04:00,7670.5,7672.0,7669.5,7670.75,1933
2026-08-24 10:36:00-04:00,7670.5,7673.0,7670.0,7673.0,2083
2026-08-24 10:37:00-04:00,7672.75,7673.0,7670.75,7671.25,1572
2026-08-24 10:38:00-04:00,7671.75,7673.25,7670.75,7672.25,1267
2026-08-24 10:39:00-04:00,7672.0,7672.25,7670.25,7671.0,1194
2026-08-24 10:40:00-04:00,7671.0,7672.5,7670.0,7672.0,1368
2026-08-24 10:41:00-04:00,7671.75,7675.5,7671.0,7675.0,3879
2026-08-24 10:42:00-04:00,7675.0,7675.25,7672.25,7672.75,2020
2026-08-24 10:43:00-04:00,7672.75,7673.5,7669.25,7669.25,2175
2026-08-24 10:44:00-04:00,7669.5,7672.0,7669.25,7671.25,2212
2026-08-24 10:45:00-04:00,7671.25,7672.25,7669.75,7671.25,1736
2026-08-24 10:46:00-04:00,7671.5,7671.75,7669.0,7670.5,1831
2026-08-24 10:47:00-04:00,7670.5,7672.25,7669.5,7671.5,1177
2026-08-24 10:48:00-04:00,7671.0,7672.25,7670.25,7671.5,899
2026-08-24 10:49:00-04:00,7671.0,7673.25,7670.75,7673.0,1135
2026-08-24 10:50:00-04:00,7673.25,7673.5,7669.75,7669.75,1654
2026-08-24 10:51:00-04:00,7669.75,7670.0,7668.5,7669.25,1722
2026-08-24 10:52:00-04:00,7669.25,7670.0,7668.0,7669.5,1448
2026-08-24 10:53:00-04:00,7669.75,7670.25,7668.5,7669.5,949
2026-08-24 10:54:00-04:00,7669.75,7670.75,7669.25,7670.5,1032
2026-08-24 10:55:00-04:00,7670.5,7671.0,7669.5,7670.0,776
2026-08-24 10:56:00-04:00,7670.0,7671.75,7669.5,7671.5,1410
2026-08-24 10:57:00-04:00,7671.75,7673.75,7671.25,7671.75,2036
2026-08-24 10:58:00-04:00,7671.75,7672.0,7670.25,7671.0,1133
2026-08-24 10:59:00-04:00,7671.25,7671.5,7669.75,7670.75,834
2026-08-24 11:00:00-04:00,7671.0,7672.75,7668.0,7668.75,2477
2026-08-24 11:01:00-04:00,7668.75,7668.75,7666.5,7666.75,2015
2026-08-24 11:02:00-04:00,7666.75,7667.0,7666.0,7666.75,1237
2026-08-24 11:03:00-04:00,7667.0,7667.25,7665.25,7665.25,1664
2026-08-24 11:04:00-04:00,7665.75,7666.0,7664.25,7664.5,1585
2026-08-24 11:05:00-04:00,7664.5,7665.0,7662.5,7662.75,1993
2026-08-24 11:06:00-04:00,7662.75,7664.25,7662.0,7663.5,1543
2026-08-24 11:07:00-04:00,7663.5,7664.0,7662.5,7663.25,870
2026-08-24 11:08:00-04:00,7663.25,7663.5,7661.75,7663.0,905
2026-08-24 11:09:00-04:00,7663.0,7665.0,7662.5,7664.0,1544
2026-08-24 11:10:00-04:00,7664.0,7664.0,7662.0,7663.0,1120
2026-08-24 11:11:00-04:00,7663.25,7663.75,7662.25,7663.25,975
2026-08-24 11:12:00-04:00,7663.25,7664.0,7662.5,7663.25,794
2026-08-24 11:13:00-04:00,7663.5,7666.0,7662.75,7663.0,1856
2026-08-24 11:14:00-04:00,7663.0,7663.0,7660.75,7661.5,1647
2026-08-24 11:15:00-04:00,7661.0,7662.0,7660.25,7660.5,1455
2026-08-24 11:16:00-04:00,7660.75,7661.75,7660.25,7660.5,1156
2026-08-24 11:17:00-04:00,7660.5,7661.75,7660.25,7661.5,850
2026-08-24 11:18:00-04:00,7661.25,7662.0,7660.75,7661.5,843
2026-08-24 11:19:00-04:00,7661.5,7662.5,7660.5,7660.75,794
2026-08-24 11:20:00-04:00,7660.75,7661.0,7658.0,7659.5,3211
2026-08-24 11:21:00-04:00,7659.25,7660.0,7657.5,7660.0,1946
2026-08-24 11:22:00-04:00,7660.0,7660.5,7658.75,7659.5,1376
2026-08-24 11:23:00-04:00,7659.5,7663.5,7659.25,7663.0,2896
2026-08-24 11:24:00-04:00,7662.75,7666.0,7662.5,7665.5,2525
2026-08-24 11:25:00-04:00,7665.5,7667.25,7665.0,7665.75,2576
2026-08-24 11:26:00-04:00,7666.0,7666.25,7664.5,7665.25,1432
2026-08-24 11:27:00-04:00,7666.0,7666.75,7665.0,7665.75,1281
2026-08-24 11:28:00-04:00,7665.75,7668.25,7664.75,7667.5,1603
2026-08-24 11:29:00-04:00,7667.75,7674.25,7667.5,7671.5,14961
2026-08-24 11:30:00-04:00,7671.5,7673.5,7668.0,7673.25,8428
2026-08-24 11:31:00-04:00,7673.25,7674.5,7671.25,7672.25,2540
2026-08-24 11:32:00-04:00,7672.0,7672.75,7669.5,7670.5,2162
2026-08-24 11:33:00-04:00,7670.25,7673.5,7670.0,7673.0,1401
2026-08-24 11:34:00-04:00,7673.25,7673.75,7671.5,7672.75,1789
2026-08-24 11:35:00-04:00,7672.5,7673.5,7671.0,7672.0,1342
2026-08-24 11:36:00-04:00,7671.75,7673.0,7671.25,7671.75,1109
2026-08-24 11:37:00-04:00,7672.0,7674.25,7671.25,7674.0,1116
2026-08-24 11:38:00-04:00,7674.0,7674.25,7672.5,7672.75,946
2026-08-24 11:39:00-04:00,7672.75,7675.75,7672.75,7674.25,2456
2026-08-24 11:40:00-04:00,7674.5,7677.75,7674.25,7677.0,3433
2026-08-24 11:41:00-04:00,7677.0,7677.25,7676.0,7676.75,1133
2026-08-24 11:42:00-04:00,7677.0,7677.25,7675.25,7676.75,1683
2026-08-24 11:43:00-04:00,7676.75,7678.75,7675.5,7676.25,1730
2026-08-24 11:44:00-04:00,7676.5,7677.25,7675.0,7676.5,1305
2026-08-24 11:45:00-04:00,7676.75,7679.25,7676.5,7678.5,1920
2026-08-24 11:46:00-04:00,7678.75,7680.0,7678.0,7679.5,2006
2026-08-24 11:47:00-04:00,7679.5,7680.75,7679.0,7680.25,1437
2026-08-24 11:48:00-04:00,7680.0,7681.5,7677.0,7677.25,2655
2026-08-24 11:49:00-04:00,7677.0,7677.75,7676.75,7677.0,1078
2026-08-24 11:50:00-04:00,7677.25,7678.25,7677.0,7677.25,1242
2026-08-24 11:51:00-04:00,7677.25,7679.25,7676.75,7678.25,916
2026-08-24 11:52:00-04:00,7678.25,7679.25,7677.5,7678.75,785
2026-08-24 11:53:00-04:00,7679.0,7680.25,7678.5,7679.75,928
2026-08-24 11:54:00-04:00,7679.75,7680.25,7677.0,7677.5,915
2026-08-24 11:55:00-04:00,7677.25,7677.75,7675.75,7677.75,2108
2026-08-24 11:56:00-04:00,7677.5,7677.5,7676.25,7677.5,1214
2026-08-24 11:57:00-04:00,7677.25,7677.75,7676.25,7677.0,1160
2026-08-24 11:58:00-04:00,7677.0,7678.0,7676.75,7676.75,830
2026-08-24 11:59:00-04:00,7676.75,7679.5,7676.25,7679.5,1211
2026-08-24 12:00:00-04:00,7679.25,7684.0,7678.25,7678.5,5666
2026-08-24 12:01:00-04:00,7678.5,7684.0,7678.5,7682.0,3664
2026-08-24 12:02:00-04:00,7682.5,7684.75,7680.5,7683.5,3706
2026-08-24 12:03:00-04:00,7683.5,7685.5,7682.75,7684.25,2639
2026-08-24 12:04:00-04:00,7684.25,7685.25,7683.25,7683.5,1518
2026-08-24 12:05:00-04:00,7683.5,7684.0,7681.25,7681.5,1817
2026-08-24 12:06:00-04:00,7681.75,7682.0,7680.5,7681.25,1266
2026-08-24 12:07:00-04:00,7681.25,7681.5,7680.5,7680.75,917
2026-08-24 12:08:00-04:00,7681.0,7681.0,7679.25,7680.25,1242
2026-08-24 12:09:00-04:00,7680.25,7680.5,7678.75,7679.0,1119
2026-08-24 12:10:00-04:00,7679.0,7679.75,7678.25,7679.25,1394
2026-08-24 12:11:00-04:00,7679.25,7680.25,7678.5,7678.5,704
2026-08-24 12:12:00-04:00,7679.0,7679.75,7678.75,7679.5,637
2026-08-24 12:13:00-04:00,7679.5,7680.0,7678.75,7679.25,611
2026-08-24 12:14:00-04:00,7679.5,7680.75,7679.25,7680.75,635
2026-08-24 12:15:00-04:00,7680.5,7683.0,7680.25,7682.5,1846
2026-08-24 12:16:00-04:00,7682.25,7685.0,7682.0,7684.75,1823
2026-08-24 12:17:00-04:00,7685.0,7685.0,7683.25,7684.0,991
2026-08-24 12:18:00-04:00,7683.75,7685.75,7683.75,7684.5,1235
2026-08-24 12:19:00-04:00,7684.75,7685.5,7684.5,7684.75,799
2026-08-24 12:20:00-04:00,7684.5,7684.75,7683.5,7684.25,1300
2026-08-24 12:21:00-04:00,7684.25,7685.5,7684.0,7685.25,1097
2026-08-24 12:22:00-04:00,7685.25,7686.5,7684.5,7684.75,2072
2026-08-24 12:23:00-04:00,7684.75,7684.75,7682.25,7683.0,1835
2026-08-24 12:24:00-04:00,7683.0,7683.25,7682.0,7682.5,949
2026-08-24 12:25:00-04:00,7682.75,7683.0,7682.0,7682.5,741
2026-08-24 12:26:00-04:00,7682.75,7683.0,7682.0,7682.5,763
2026-08-24 12:27:00-04:00,7682.75,7683.75,7682.25,7682.5,814
2026-08-24 12:28:00-04:00,7682.75,7683.75,7682.5,7683.5,611
2026-08-24 12:29:00-04:00,7683.25,7684.25,7683.0,7683.25,1176
2026-08-24 12:30:00-04:00,7683.0,7684.25,7681.25,7681.75,1866
2026-08-24 12:31:00-04:00,7682.0,7682.0,7680.0,7680.0,2164
2026-08-24 12:32:00-04:00,7680.0,7680.25,7679.0,7679.75,1294
2026-08-24 12:33:00-04:00,7679.75,7680.25,7679.0,7679.75,610
2026-08-24 12:34:00-04:00,7679.5,7680.0,7679.0,7679.75,596
2026-08-24 12:35:00-04:00,7680.0,7680.75,7679.25,7680.25,730
2026-08-24 12:36:00-04:00,7680.25,7681.0,7679.75,7680.0,476
2026-08-24 12:37:00-04:00,7680.25,7681.0,7680.0,7680.75,481
2026-08-24 12:38:00-04:00,7680.75,7681.25,7677.75,7678.0,1629
2026-08-24 12:39:00-04:00,7677.75,7678.5,7677.25,7677.5,973
2026-08-24 12:40:00-04:00,7677.5,7678.25,7677.0,7678.0,1040
2026-08-24 12:41:00-04:00,7678.0,7678.0,7676.75,7677.75,558
2026-08-24 12:42:00-04:00,7677.75,7677.75,7676.0,7676.0,717
2026-08-24 12:43:00-04:00,7676.0,7677.0,7676.0,7676.5,731
2026-08-24 12:44:00-04:00,7676.75,7677.75,7676.75,7677.25,639
2026-08-24 12:45:00-04:00,7677.25,7677.5,7675.5,7675.75,1130
2026-08-24 12:46:00-04:00,7676.25,7676.5,7675.75,7676.25,1041
2026-08-24 12:47:00-04:00,7676.0,7677.0,7675.75,7676.5,1063
2026-08-24 12:48:00-04:00,7676.5,7678.25,7676.25,7676.25,1218
2026-08-24 12:49:00-04:00,7676.25,7677.75,7675.75,7677.5,818
2026-08-24 12:55:00-04:00,7676.25,7676.5,7675.25,7675.5,4588
2026-08-24 12:56:00-04:00,7675.75,7676.25,7675.5,7676.0,522
2026-08-24 12:57:00-04:00,7675.75,7677.5,7675.75,7676.0,1125
2026-08-24 12:58:00-04:00,7676.0,7676.25,7675.5,7676.0,525
2026-08-24 12:59:00-04:00,7675.75,7676.25,7675.75,7676.0,405
2026-08-24 13:00:00-04:00,7676.25,7676.25,7674.5,7674.5,1230
2026-08-24 13:01:00-04:00,7674.5,7675.5,7674.5,7674.5,583
2026-08-24 13:02:00-04:00,7674.75,7675.0,7673.5,7673.75,1822
2026-08-24 13:03:00-04:00,7674.0,7674.5,7673.25,7673.75,1043
2026-08-24 13:04:00-04:00,7673.25,7674.5,7672.75,7674.0,1137
2026-08-24 13:05:00-04:00,7674.25,7675.0,7673.5,7674.25,951
2026-08-24 13:06:00-04:00,7674.5,7675.75,7674.25,7675.0,1015
2026-08-24 13:07:00-04:00,7674.75,7679.5,7674.75,7679.25,3150
2026-08-24 13:08:00-04:00,7679.25,7681.0,7677.75,7679.0,2903
2026-08-24 13:09:00-04:00,7679.0,7679.0,7678.25,7678.5,968
2026-08-24 13:10:00-04:00,7678.75,7680.0,7677.25,7677.75,1634
2026-08-24 13:11:00-04:00,7677.75,7681.75,7677.5,7681.75,1698
2026-08-24 13:12:00-04:00,7681.75,7682.0,7680.0,7680.5,1590
2026-08-24 13:13:00-04:00,7680.5,7681.25,7678.5,7678.75,1651
2026-08-24 13:14:00-04:00,7678.75,7679.5,7677.25,7679.25,1227
2026-08-24 13:15:00-04:00,7679.0,7679.5,7677.25,7678.0,706
2026-08-24 13:16:00-04:00,7678.25,7678.25,7674.25,7676.75,3265
2026-08-24 13:17:00-04:00,7676.75,7679.75,7676.75,7679.25,1301
2026-08-24 13:18:00-04:00,7679.5,7679.5,7676.0,7676.25,782
2026-08-24 13:19:00-04:00,7676.5,7677.0,7675.25,7675.25,841
2026-08-24 13:20:00-04:00,7675.5,7676.0,7673.5,7673.5,1667
2026-08-24 13:21:00-04:00,7673.5,7673.75,7670.75,7671.25,3164
2026-08-24 13:22:00-04:00,7671.25,7671.75,7670.25,7671.25,1958
2026-08-24 13:23:00-04:00,7671.25,7671.75,7669.0,7670.75,2239
2026-08-24 13:24:00-04:00,7670.75,7671.5,7669.75,7669.75,1048
2026-08-24 13:25:00-04:00,7669.75,7670.0,7667.25,7669.25,3033
2026-08-24 13:26:00-04:00,7669.0,7671.0,7669.0,7670.75,1297
2026-08-24 13:27:00-04:00,7670.5,7670.75,7669.5,7670.5,1102
2026-08-24 13:28:00-04:00,7670.5,7671.5,7669.75,7669.75,1023
2026-08-24 13:29:00-04:00,7669.75,7670.5,7667.75,7667.75,1003
2026-08-24 13:30:00-04:00,7668.0,7668.75,7666.75,7667.75,1846
2026-08-24 13:31:00-04:00,7668.0,7669.0,7667.5,7668.25,748
2026-08-24 13:32:00-04:00,7668.25,7669.75,7668.25,7669.0,1210
2026-08-24 13:33:00-04:00,7668.75,7669.0,7667.75,7669.0,628
2026-08-24 13:34:00-04:00,7668.75,7669.25,7667.0,7667.0,920
2026-08-24 13:35:00-04:00,7667.0,7667.75,7665.5,7666.25,1838
2026-08-24 13:36:00-04:00,7666.0,7667.0,7665.5,7667.0,961
2026-08-24 13:37:00-04:00,7666.75,7667.5,7665.5,7665.75,669
2026-08-24 13:38:00-04:00,7665.5,7666.5,7665.5,7666.25,623
2026-08-24 13:39:00-04:00,7666.25,7668.25,7666.0,7668.0,824
2026-08-24 13:40:00-04:00,7668.0,7668.75,7667.0,7667.5,1272
2026-08-24 13:41:00-04:00,7667.0,7667.5,7666.0,7667.5,867
2026-08-24 13:42:00-04:00,7667.75,7668.25,7667.25,7667.5,770
2026-08-24 13:43:00-04:00,7667.5,7667.75,7666.25,7666.5,469
2026-08-24 13:44:00-04:00,7666.5,7666.75,7664.75,7665.25,1458
2026-08-24 13:45:00-04:00,7665.0,7665.5,7664.25,7665.25,1254
2026-08-24 13:46:00-04:00,7665.25,7666.0,7664.75,7665.0,800
2026-08-24 13:47:00-04:00,7665.0,7666.25,7665.0,7665.5,683
2026-08-24 13:48:00-04:00,7665.5,7667.0,7665.25,7666.75,944
2026-08-24 13:49:00-04:00,7666.5,7667.0,7665.5,7666.5,828
2026-08-24 13:50:00-04:00,7666.25,7669.0,7666.0,7668.75,1810
2026-08-24 13:51:00-04:00,7668.75,7668.75,7666.5,7667.0,901
2026-08-24 13:52:00-04:00,7667.0,7667.5,7665.5,7665.5,1209
2026-08-24 13:53:00-04:00,7665.75,7666.75,7665.25,7666.5,951
2026-08-24 13:54:00-04:00,7666.5,7666.75,7665.75,7666.0,535
2026-08-24 13:55:00-04:00,7666.25,7666.5,7665.25,7666.25,418
2026-08-24 13:56:00-04:00,7666.5,7667.75,7666.0,7667.25,925
2026-08-24 13:57:00-04:00,7667.25,7668.0,7666.25,7666.5,656
2026-08-24 13:58:00-04:00,7666.5,7667.25,7666.5,7667.0,390
2026-08-24 13:59:00-04:00,7666.75,7667.25,7666.5,7667.0,330
2026-08-24 14:00:00-04:00,7667.0,7670.25,7666.75,7669.5,2866
2026-08-24 14:01:00-04:00,7669.25,7670.0,7668.25,7670.0,1264
2026-08-24 14:02:00-04:00,7670.0,7670.75,7669.0,7669.5,978
2026-08-24 14:03:00-04:00,7669.5,7670.25,7668.5,7669.5,884
2026-08-24 14:04:00-04:00,7669.75,7670.0,7669.0,7669.5,483
2026-08-24 14:05:00-04:00,7669.5,7670.75,7669.0,7670.25,606
2026-08-24 14:06:00-04:00,7670.25,7671.5,7670.25,7671.25,1029
2026-08-24 14:07:00-04:00,7671.25,7672.5,7671.0,7671.75,1627
2026-08-24 14:08:00-04:00,7672.0,7672.5,7671.0,7672.5,875
2026-08-24 14:09:00-04:00,7672.25,7674.25,7672.0,7673.0,2140
2026-08-24 14:10:00-04:00,7673.25,7673.5,7672.25,7673.0,1034
2026-08-24 14:11:00-04:00,7673.0,7674.0,7672.5,7673.5,605
2026-08-24 14:12:00-04:00,7673.25,7673.25,7672.5,7673.0,504
2026-08-24 14:13:00-04:00,7673.25,7674.75,7673.0,7674.25,1100
2026-08-24 14:14:00-04:00,7674.25,7677.0,7674.25,7676.5,2483
2026-08-24 14:15:00-04:00,7676.75,7678.0,7676.5,7676.75,2175
2026-08-24 14:16:00-04:00,7676.75,7679.0,7676.5,7677.25,2195
2026-08-24 14:17:00-04:00,7677.25,7677.5,7676.0,7676.25,1300
2026-08-24 14:18:00-04:00,7676.5,7676.75,7675.25,7676.25,1273
2026-08-24 14:19:00-04:00,7676.25,7676.75,7675.75,7676.25,516
2026-08-24 14:20:00-04:00,7676.25,7678.0,7676.0,7677.75,1145
2026-08-24 14:21:00-04:00,7677.75,7679.25,7677.75,7679.0,1132
2026-08-24 14:22:00-04:00,7679.25,7681.25,7679.0,7679.5,2955
2026-08-24 14:23:00-04:00,7679.5,7680.0,7678.75,7680.0,846
2026-08-24 14:24:00-04:00,7680.0,7680.75,7679.75,7680.25,894
2026-08-24 14:25:00-04:00,7680.0,7680.75,7679.5,7680.0,786
2026-08-24 14:26:00-04:00,7680.0,7681.25,7679.75,7681.0,690
2026-08-24 14:27:00-04:00,7680.75,7681.75,7680.25,7680.5,1365
2026-08-24 14:28:00-04:00,7680.5,7682.0,7680.25,7681.75,830
2026-08-24 14:29:00-04:00,7681.75,7682.75,7681.5,7682.0,1393
2026-08-24 14:30:00-04:00,7682.25,7685.25,7682.0,7683.75,4045
2026-08-24 14:31:00-04:00,7683.5,7683.75,7681.25,7681.5,1774
2026-08-24 14:32:00-04:00,7681.5,7682.75,7681.5,7682.5,754
2026-08-24 14:33:00-04:00,7682.75,7682.75,7681.5,7681.5,752
2026-08-24 14:34:00-04:00,7681.75,7682.0,7680.75,7680.75,853
2026-08-24 14:35:00-04:00,7681.25,7681.75,7680.25,7680.25,840
2026-08-24 14:36:00-04:00,7680.5,7680.5,7677.75,7678.0,2727
2026-08-24 14:37:00-04:00,7678.25,7678.5,7677.5,7677.75,946
2026-08-24 14:38:00-04:00,7677.75,7678.0,7676.0,7676.25,1290
2026-08-24 14:39:00-04:00,7676.0,7676.75,7675.25,7676.5,1823
2026-08-24 14:40:00-04:00,7676.5,7677.5,7675.75,7677.5,1224
2026-08-24 14:41:00-04:00,7677.5,7677.75,7676.75,7677.5,898
2026-08-24 14:42:00-04:00,7677.5,7677.75,7676.5,7677.25,829
2026-08-24 14:43:00-04:00,7677.25,7678.5,7677.25,7677.75,656
2026-08-24 14:44:00-04:00,7677.75,7678.0,7676.75,7677.5,661
2026-08-24 14:45:00-04:00,7677.5,7678.5,7676.5,7676.5,852
2026-08-24 14:46:00-04:00,7676.25,7676.5,7675.25,7676.0,1263
2026-08-24 14:47:00-04:00,7676.0,7677.25,7675.75,7676.5,563
2026-08-24 14:48:00-04:00,7676.75,7676.75,7675.75,7676.75,506
2026-08-24 14:49:00-04:00,7676.75,7678.0,7676.5,7677.5,700
2026-08-24 14:50:00-04:00,7677.5,7678.5,7677.25,7678.0,1002
2026-08-24 14:51:00-04:00,7678.0,7678.25,7676.5,7676.5,542
2026-08-24 14:52:00-04:00,7676.75,7676.75,7675.25,7676.25,1071
2026-08-24 14:53:00-04:00,7676.25,7676.5,7675.0,7675.25,625
2026-08-24 14:54:00-04:00,7675.5,7676.25,7675.25,7675.5,597
2026-08-24 14:55:00-04:00,7675.75,7677.0,7675.25,7675.5,992
2026-08-24 14:56:00-04:00,7675.25,7676.0,7675.0,7675.5,329
2026-08-24 14:57:00-04:00,7675.75,7676.5,7675.25,7675.5,679
2026-08-24 14:58:00-04:00,7675.75,7676.0,7675.5,7675.75,309
2026-08-24 14:59:00-04:00,7676.0,7676.0,7674.0,7674.25,1582
2026-08-24 15:00:00-04:00,7674.25,7675.0,7673.25,7673.5,1835
2026-08-24 15:01:00-04:00,7673.5,7674.75,7672.5,7674.75,1739
2026-08-24 15:02:00-04:00,7674.75,7674.75,7673.75,7674.0,828
2026-08-24 15:03:00-04:00,7673.75,7674.0,7672.5,7673.0,817
2026-08-24 15:04:00-04:00,7673.25,7674.0,7672.75,7673.75,423
2026-08-24 15:05:00-04:00,7673.75,7675.0,7673.5,7675.0,863
2026-08-24 15:06:00-04:00,7674.75,7675.0,7673.75,7674.25,469
2026-08-24 15:07:00-04:00,7674.5,7675.25,7674.25,7674.5,612
2026-08-24 15:08:00-04:00,7674.25,7674.25,7673.5,7674.0,552
2026-08-24 15:09:00-04:00,7674.0,7674.25,7672.5,7673.0,527
2026-08-24 15:10:00-04:00,7673.0,7673.75,7672.75,7673.25,455
2026-08-24 15:11:00-04:00,7673.75,7675.25,7673.0,7675.0,1086
2026-08-24 15:12:00-04:00,7675.0,7675.5,7674.5,7674.75,620
2026-08-24 15:13:00-04:00,7675.0,7675.75,7674.75,7675.5,446
2026-08-24 15:14:00-04:00,7675.75,7676.5,7674.75,7675.25,884
2026-08-24 15:15:00-04:00,7675.5,7675.5,7673.25,7674.5,978
2026-08-24 15:16:00-04:00,7674.25,7674.75,7674.0,7674.25,310
2026-08-24 15:17:00-04:00,7674.25,7675.25,7674.0,7675.25,454
2026-08-24 15:18:00-04:00,7675.0,7676.75,7674.75,7676.5,768
2026-08-24 15:19:00-04:00,7676.5,7676.75,7675.25,7675.25,712
2026-08-24 15:20:00-04:00,7675.25,7675.5,7673.75,7675.0,906
2026-08-24 15:21:00-04:00,7675.25,7676.0,7675.0,7676.0,287
2026-08-24 15:22:00-04:00,7675.75,7676.5,7674.75,7675.0,876
2026-08-24 15:23:00-04:00,7675.0,7675.75,7674.5,7674.75,1046
2026-08-24 15:24:00-04:00,7674.75,7675.0,7674.25,7674.75,521
2026-08-24 15:25:00-04:00,7674.5,7676.0,7674.5,7675.75,436
2026-08-24 15:26:00-04:00,7676.0,7676.0,7674.5,7674.5,504
2026-08-24 15:27:00-04:00,7674.25,7674.75,7673.5,7674.75,774
2026-08-24 15:28:00-04:00,7675.0,7675.25,7674.0,7674.25,302
2026-08-24 15:29:00-04:00,7674.5,7674.75,7673.5,7674.25,564
2026-08-24 15:30:00-04:00,7674.25,7677.0,7674.0,7677.0,1533
2026-08-24 15:31:00-04:00,7676.75,7677.0,7675.25,7675.75,1236
2026-08-24 15:32:00-04:00,7675.75,7675.75,7673.75,7674.0,878
2026-08-24 15:33:00-04:00,7674.0,7674.25,7673.0,7673.5,824
2026-08-24 15:34:00-04:00,7673.75,7673.75,7672.0,7672.25,1377
2026-08-24 15:35:00-04:00,7672.0,7672.5,7671.0,7672.0,2460
2026-08-24 15:36:00-04:00,7672.25,7672.25,7671.75,7672.0,655
2026-08-24 15:37:00-04:00,7672.0,7673.0,7672.0,7672.25,1217
2026-08-24 15:38:00-04:00,7672.5,7672.75,7671.75,7672.5,460
2026-08-24 15:39:00-04:00,7672.25,7672.5,7670.75,7671.0,1065
2026-08-24 15:40:00-04:00,7671.25,7671.75,7671.0,7671.5,651
2026-08-24 15:41:00-04:00,7671.5,7671.75,7670.0,7670.5,1076
2026-08-24 15:42:00-04:00,7670.5,7671.25,7670.25,7670.25,720
2026-08-24 15:43:00-04:00,7670.25,7672.25,7670.0,7671.75,1306
2026-08-24 15:44:00-04:00,7671.5,7672.0,7670.75,7671.0,831
2026-08-24 15:45:00-04:00,7671.25,7671.75,7670.25,7670.5,2204
2026-08-24 15:46:00-04:00,7670.25,7670.5,7669.25,7669.75,1681
2026-08-24 15:47:00-04:00,7669.75,7671.75,7669.25,7670.75,1674
2026-08-24 15:48:00-04:00,7670.75,7671.5,7670.0,7671.5,711
2026-08-24 15:49:00-04:00,7671.5,7672.5,7671.25,7672.0,1041
2026-08-24 15:50:00-04:00,7673.75,7674.25,7671.25,7671.25,3579
2026-08-24 15:51:00-04:00,7671.5,7672.0,7670.0,7670.0,1140
2026-08-24 15:52:00-04:00,7669.75,7670.0,7668.0,7669.25,4618
2026-08-24 15:53:00-04:00,7669.25,7669.5,7668.25,7668.5,1321
2026-08-24 15:54:00-04:00,7669.25,7672.25,7668.75,7672.25,3200
2026-08-24 15:55:00-04:00,7671.5,7672.25,7668.25,7670.75,5369
2026-08-24 15:56:00-04:00,7671.0,7673.25,7670.5,7671.75,1763
2026-08-24 15:57:00-04:00,7671.5,7672.5,7670.75,7672.5,1061
2026-08-24 15:58:00-04:00,7672.5,7674.0,7672.0,7673.0,2792
2026-08-24 15:59:00-04:00,7673.25,7673.5,7668.5,7669.5,13411
2026-08-24 16:00:00-04:00,7669.25,7670.75,7668.0,7668.75,5186
2026-08-24 16:01:00-04:00,7668.75,7670.0,7668.5,7669.75,860
2026-08-24 16:02:00-04:00,7670.25,7670.25,7669.0,7669.5,393
2026-08-24 16:03:00-04:00,7669.5,7670.75,7669.0,7670.5,462
2026-08-24 16:04:00-04:00,7670.75,7672.5,7670.75,7671.25,825
2026-08-24 16:05:00-04:00,7671.0,7671.75,7670.25,7671.5,391
2026-08-24 16:06:00-04:00,7671.5,7672.25,7670.75,7671.75,283
2026-08-24 16:07:00-04:00,7671.75,7673.25,7671.75,7672.5,727
2026-08-24 16:08:00-04:00,7672.5,7672.5,7671.0,7671.5,286
2026-08-24 16:09:00-04:00,7671.75,7671.75,7670.5,7671.0,235
2026-08-24 16:10:00-04:00,7671.25,7671.5,7670.75,7670.75,167
2026-08-24 16:11:00-04:00,7670.75,7670.75,7670.0,7670.25,276
2026-08-24 16:12:00-04:00,7670.25,7670.5,7670.0,7670.25,224
2026-08-24 16:13:00-04:00,7670.0,7670.75,7670.0,7670.25,193
2026-08-24 16:14:00-04:00,7670.5,7671.75,7670.25,7670.75,267
2026-08-24 16:15:00-04:00,7671.0,7671.25,7670.25,7670.25,184
2026-08-24 16:16:00-04:00,7670.5,7670.75,7670.25,7670.75,279
2026-08-24 16:17:00-04:00,7670.25,7670.75,7669.25,7669.5,535
2026-08-24 16:18:00-04:00,7669.75,7670.0,7669.5,7669.75,103
2026-08-24 16:19:00-04:00,7669.75,7670.5,7669.75,7670.0,167
2026-08-24 16:20:00-04:00,7670.0,7670.0,7668.0,7668.25,336
2026-08-24 16:21:00-04:00,7668.0,7668.75,7668.0,7668.25,295
2026-08-24 16:22:00-04:00,7668.25,7668.5,7668.0,7668.0,141
2026-08-24 16:23:00-04:00,7668.0,7668.25,7667.5,7668.25,317
2026-08-24 16:24:00-04:00,7668.25,7668.25,7666.5,7666.5,474
2026-08-24 16:25:00-04:00,7666.75,7667.0,7666.5,7667.0,168
2026-08-24 16:26:00-04:00,7667.0,7667.25,7666.5,7666.5,272
2026-08-24 16:27:00-04:00,7666.75,7667.25,7666.5,7666.75,160
2026-08-24 16:28:00-04:00,7666.5,7667.25,7666.5,7667.0,69
2026-08-24 16:29:00-04:00,7667.25,7667.25,7666.75,7667.0,67
2026-08-24 16:30:00-04:00,7666.75,7668.0,7666.5,7668.0,306
2026-08-24 16:31:00-04:00,7668.0,7668.5,7667.75,7668.5,191
2026-08-24 16:32:00-04:00,7668.5,7668.5,7668.0,7668.5,176
2026-08-24 16:33:00-04:00,7668.5,7669.0,7668.5,7668.75,147
2026-08-24 16:34:00-04:00,7668.75,7669.0,7668.75,7669.0,87
2026-08-24 16:35:00-04:00,7669.0,7669.25,7668.75,7669.25,138
2026-08-24 16:36:00-04:00,7669.0,7670.0,7669.0,7669.25,244
2026-08-24 16:37:00-04:00,7669.25,7670.25,7669.0,7670.0,220
2026-08-24 16:38:00-04:00,7669.75,7671.0,7669.75,7671.0,265
2026-08-24 16:39:00-04:00,7671.0,7671.0,7670.5,7671.0,133
2026-08-24 16:40:00-04:00,7670.75,7671.0,7670.5,7671.0,188
2026-08-24 16:41:00-04:00,7670.75,7671.0,7670.5,7671.0,117
2026-08-24 16:42:00-04:00,7670.75,7671.25,7670.75,7671.0,125
2026-08-24 16:43:00-04:00,7670.75,7671.5,7670.75,7671.0,93
2026-08-24 16:44:00-04:00,7671.25,7671.5,7671.0,7671.0,226
2026-08-24 16:45:00-04:00,7671.0,7671.5,7671.0,7671.25,266
2026-08-24 16:46:00-04:00,7671.25,7671.75,7671.0,7671.25,166
2026-08-24 16:47:00-04:00,7671.25,7671.5,7671.0,7671.25,165
2026-08-24 16:48:00-04:00,7671.25,7671.75,7671.0,7671.25,159
2026-08-24 16:49:00-04:00,7671.25,7671.5,7670.0,7670.25,285
2026-08-24 16:50:00-04:00,7670.5,7670.5,7670.25,7670.5,108
2026-08-24 16:51:00-04:00,7670.25,7670.75,7670.0,7670.75,87
2026-08-24 16:52:00-04:00,7670.75,7670.75,7670.0,7670.0,141
2026-08-24 16:53:00-04:00,7670.0,7670.25,7670.0,7670.25,99
2026-08-24 16:54:00-04:00,7670.25,7671.0,7670.25,7670.75,67
2026-08-24 16:55:00-04:00,7670.75,7671.75,7670.75,7671.75,249
2026-08-24 16:56:00-04:00,7671.75,7672.5,7671.5,7672.5,76
2026-08-24 16:57:00-04:00,7672.5,7674.25,7672.5,7674.25,387
2026-08-24 16:58:00-04:00,7674.0,7675.0,7674.0,7674.25,283
2026-08-24 16:59:00-04:00,7674.25,7675.0,7674.0,7674.5,431
2026-08-24 18:00:00-04:00,7675.0,7677.5,7674.75,7676.5,0
2026-08-24 18:01:00-04:00,7676.75,7677.0,7674.5,7674.75,364
2026-08-24 18:02:00-04:00,7675.0,7677.25,7675.0,7675.5,245
2026-08-24 18:03:00-04:00,7676.0,7676.5,7674.5,7675.0,245
2026-08-24 18:04:00-04:00,7674.5,7675.0,7673.5,7674.0,255
2026-08-24 18:05:00-04:00,7674.25,7675.25,7674.0,7674.75,182
2026-08-24 18:06:00-04:00,7674.75,7677.0,7674.75,7675.75,431
2026-08-24 18:07:00-04:00,7675.5,7676.0,7674.5,7675.25,180
2026-08-24 18:08:00-04:00,7675.0,7675.25,7674.75,7675.0,74
2026-08-24 18:09:00-04:00,7675.0,7675.25,7674.5,7675.0,46
2026-08-24 18:10:00-04:00,7675.25,7675.25,7674.5,7674.5,74
2026-08-24 18:11:00-04:00,7674.75,7674.75,7674.0,7674.25,61
2026-08-24 18:12:00-04:00,7674.5,7674.5,7673.75,7674.0,94
2026-08-24 18:13:00-04:00,7674.25,7674.5,7673.75,7673.75,87
2026-08-24 18:14:00-04:00,7673.75,7674.25,7673.75,7674.0,59
2026-08-24 18:15:00-04:00,7674.25,7674.75,7674.0,7674.25,169
2026-08-24 18:16:00-04:00,7674.0,7675.0,7674.0,7674.25,46
2026-08-24 18:17:00-04:00,7674.25,7674.25,7674.0,7674.25,29
2026-08-24 18:18:00-04:00,7674.0,7675.0,7674.0,7675.0,41
2026-08-24 18:19:00-04:00,7674.75,7675.0,7674.0,7674.0,33
2026-08-24 18:20:00-04:00,7674.0,7674.75,7673.75,7674.0,39
2026-08-24 18:21:00-04:00,7674.0,7675.25,7674.0,7675.0,58
2026-08-24 18:22:00-04:00,7674.75,7675.0,7673.75,7674.75,27
2026-08-24 18:23:00-04:00,7674.5,7675.0,7674.25,7674.75,44
2026-08-24 18:24:00-04:00,7674.5,7674.75,7674.5,7674.75,32
2026-08-24 18:25:00-04:00,7674.5,7674.5,7674.25,7674.5,12
2026-08-24 18:26:00-04:00,7674.5,7674.5,7673.75,7674.25,21
2026-08-24 18:27:00-04:00,7674.25,7674.25,7674.0,7674.0,8
2026-08-24 18:28:00-04:00,7674.25,7674.5,7673.75,7674.0,41
2026-08-24 18:29:00-04:00,7674.25,7674.5,7674.0,7674.25,21
2026-08-24 18:30:00-04:00,7674.25,7674.5,7673.5,7673.75,69
2026-08-24 18:31:00-04:00,7673.75,7674.0,7673.25,7674.0,111
2026-08-24 18:32:00-04:00,7674.0,7674.75,7674.0,7674.0,51
2026-08-24 18:33:00-04:00,7674.0,7674.25,7673.75,7673.75,19
2026-08-24 18:34:00-04:00,7674.25,7674.5,7674.0,7674.25,46
2026-08-24 18:35:00-04:00,7674.5,7674.5,7674.25,7674.25,11
2026-08-24 18:36:00-04:00,7674.5,7674.5,7674.25,7674.25,18
2026-08-24 18:37:00-04:00,7674.5,7674.5,7674.25,7674.5,20
2026-08-24 18:38:00-04:00,7674.25,7674.5,7674.0,7674.25,11
2026-08-24 18:39:00-04:00,7674.5,7674.5,7674.25,7674.25,30
2026-08-24 18:40:00-04:00,7674.25,7674.5,7673.5,7673.75,43
2026-08-24 18:41:00-04:00,7673.75,7674.0,7673.25,7673.75,92
2026-08-24 18:42:00-04:00,7673.5,7673.75,7673.25,7673.75,107
2026-08-24 18:43:00-04:00,7673.5,7673.75,7673.25,7673.25,55
2026-08-24 18:44:00-04:00,7673.25,7673.75,7673.25,7673.5,39
2026-08-24 18:45:00-04:00,7673.5,7673.75,7673.25,7673.5,27
2026-08-24 18:46:00-04:00,7673.75,7673.75,7673.5,7673.75,7
2026-08-24 18:47:00-04:00,7673.75,7674.0,7673.5,7674.0,36
2026-08-24 18:48:00-04:00,7673.75,7674.0,7673.5,7673.75,22
2026-08-24 18:49:00-04:00,7673.75,7674.25,7673.75,7674.0,27
2026-08-24 18:50:00-04:00,7674.0,7674.25,7673.75,7673.75,20
2026-08-24 18:51:00-04:00,7674.25,7674.25,7674.0,7674.25,21
2026-08-24 18:52:00-04:00,7674.0,7674.5,7673.75,7674.5,53
2026-08-24 18:53:00-04:00,7674.25,7674.25,7674.0,7674.25,12
2026-08-24 18:54:00-04:00,7674.25,7674.25,7674.0,7674.0,9
2026-08-24 18:55:00-04:00,7674.25,7674.25,7673.5,7673.5,70
2026-08-24 18:56:00-04:00,7673.5,7673.75,7673.5,7673.75,22
2026-08-24 18:57:00-04:00,7673.75,7674.5,7673.5,7674.25,33
2026-08-24 18:58:00-04:00,7674.0,7674.75,7674.0,7674.25,35
2026-08-24 18:59:00-04:00,7674.0,7674.5,7674.0,7674.25,15
2026-08-24 19:00:00-04:00,7674.5,7674.75,7674.25,7674.5,49
2026-08-24 19:01:00-04:00,7674.5,7674.75,7674.0,7674.0,81
2026-08-24 19:02:00-04:00,7674.0,7674.5,7674.0,7674.5,20
2026-08-24 19:03:00-04:00,7674.5,7674.5,7674.0,7674.25,36
2026-08-24 19:04:00-04:00,7674.5,7674.5,7674.25,7674.25,5
2026-08-24 19:05:00-04:00,7674.5,7674.5,7674.25,7674.5,15
2026-08-24 19:06:00-04:00,7674.25,7674.5,7674.25,7674.25,7
2026-08-24 19:07:00-04:00,7674.5,7674.5,7674.25,7674.25,14
2026-08-24 19:08:00-04:00,7674.5,7675.25,7674.25,7675.0,92
2026-08-24 19:09:00-04:00,7675.0,7675.75,7674.5,7675.5,131
2026-08-24 19:10:00-04:00,7675.25,7675.25,7674.75,7674.75,47
2026-08-24 19:11:00-04:00,7674.75,7675.0,7674.75,7675.0,20
2026-08-24 19:12:00-04:00,7675.0,7675.0,7674.75,7674.75,7
2026-08-24 19:13:00-04:00,7675.0,7675.25,7674.75,7675.25,23
2026-08-24 19:14:00-04:00,7675.0,7675.25,7675.0,7675.25,72
2026-08-24 19:15:00-04:00,7675.25,7675.75,7675.25,7675.75,111
2026-08-24 19:16:00-04:00,7675.25,7675.75,7675.25,7675.25,43
2026-08-24 19:17:00-04:00,7675.25,7675.25,7674.5,7674.5,63
2026-08-24 19:18:00-04:00,7675.0,7675.0,7673.75,7674.25,130
2026-08-24 19:19:00-04:00,7674.0,7674.5,7673.75,7674.5,50
2026-08-24 19:20:00-04:00,7674.25,7674.5,7674.25,7674.25,16
2026-08-24 19:21:00-04:00,7674.25,7674.5,7674.0,7674.5,56
2026-08-24 19:22:00-04:00,7674.5,7675.25,7674.5,7675.25,83
2026-08-24 19:23:00-04:00,7675.25,7675.25,7674.25,7674.75,107
2026-08-24 19:24:00-04:00,7674.5,7674.5,7674.25,7674.5,15
2026-08-24 19:25:00-04:00,7674.5,7674.5,7674.0,7674.0,33
2026-08-24 19:26:00-04:00,7674.0,7674.25,7674.0,7674.25,14
2026-08-24 19:27:00-04:00,7674.0,7674.0,7672.75,7673.0,221
2026-08-24 19:28:00-04:00,7673.0,7673.25,7672.5,7672.5,162
2026-08-24 19:29:00-04:00,7672.5,7673.0,7672.5,7672.75,53
2026-08-24 19:30:00-04:00,7672.5,7672.75,7671.5,7672.0,232
2026-08-24 19:33:00-04:00,7672.25,7672.25,7672.0,7672.0,327
2026-08-24 19:34:00-04:00,7672.0,7672.5,7672.0,7672.25,52
2026-08-24 19:35:00-04:00,7672.5,7672.5,7671.75,7671.75,129
2026-08-24 19:36:00-04:00,7671.75,7672.25,7671.75,7672.25,62
2026-08-24 19:37:00-04:00,7672.25,7672.25,7671.25,7671.25,77
2026-08-24 19:38:00-04:00,7671.25,7671.5,7671.0,7671.0,47
2026-08-24 19:39:00-04:00,7670.75,7671.0,7670.5,7670.75,101
2026-08-24 19:40:00-04:00,7670.75,7671.0,7670.25,7671.0,142
2026-08-24 19:41:00-04:00,7671.0,7672.5,7670.75,7671.0,458
2026-08-24 19:42:00-04:00,7670.75,7670.75,7669.25,7669.5,886
2026-08-24 19:43:00-04:00,7669.25,7669.75,7667.75,7669.0,492
2026-08-24 19:44:00-04:00,7669.0,7669.25,7668.5,7669.25,179
2026-08-24 19:45:00-04:00,7669.25,7669.25,7668.5,7668.75,114
2026-08-24 19:46:00-04:00,7668.75,7669.5,7668.25,7668.5,319
2026-08-24 19:47:00-04:00,7668.5,7669.25,7668.5,7669.0,89
2026-08-24 19:48:00-04:00,7668.75,7669.5,7668.75,7669.5,51
2026-08-24 19:49:00-04:00,7669.25,7669.5,7668.75,7669.25,85
2026-08-24 19:50:00-04:00,7669.0,7670.0,7669.0,7669.75,203
2026-08-24 19:51:00-04:00,7669.75,7670.25,7669.25,7670.25,91
2026-08-24 19:52:00-04:00,7670.25,7671.0,7670.0,7670.5,195
2026-08-24 19:53:00-04:00,7670.5,7670.5,7669.25,7669.25,120
2026-08-24 19:54:00-04:00,7669.5,7669.5,7668.75,7668.75,70
2026-08-24 19:55:00-04:00,7668.75,7669.5,7668.75,7669.5,51
2026-08-24 19:56:00-04:00,7669.0,7669.25,7669.0,7669.25,31
2026-08-24 19:57:00-04:00,7669.0,7670.25,7669.0,7670.0,61
2026-08-24 19:58:00-04:00,7670.0,7670.5,7669.75,7670.5,72
2026-08-24 19:59:00-04:00,7670.25,7670.75,7670.0,7670.75,61
2026-08-24 20:00:00-04:00,7670.0,7671.25,7668.25,7669.25,511
2026-08-24 20:01:00-04:00,7669.0,7670.25,7668.25,7669.5,210
2026-08-24 20:02:00-04:00,7669.5,7670.0,7668.75,7668.75,126
2026-08-24 20:03:00-04:00,7668.75,7669.0,7667.75,7668.0,213
2026-08-24 20:04:00-04:00,7668.25,7668.75,7667.25,7667.25,230
2026-08-24 20:05:00-04:00,7667.25,7668.0,7667.0,7668.0,258
2026-08-24 20:06:00-04:00,7667.75,7668.0,7667.25,7667.75,184
2026-08-24 20:07:00-04:00,7667.5,7669.75,7667.5,7668.5,271
2026-08-24 20:08:00-04:00,7668.25,7668.75,7667.75,7668.0,178
2026-08-24 20:09:00-04:00,7667.5,7668.0,7667.25,7667.75,100
2026-08-24 20:10:00-04:00,7667.75,7667.75,7665.0,7665.25,542
2026-08-24 20:11:00-04:00,7665.25,7666.25,7664.25,7664.5,464
2026-08-24 20:12:00-04:00,7664.25,7665.25,7663.5,7664.75,460
2026-08-24 20:13:00-04:00,7664.75,7665.25,7664.5,7665.25,176
2026-08-24 20:14:00-04:00,7665.25,7665.5,7664.25,7664.25,143
2026-08-24 20:15:00-04:00,7664.25,7664.5,7661.75,7662.0,829
2026-08-24 20:16:00-04:00,7662.0,7662.25,7660.5,7660.5,731
2026-08-24 20:17:00-04:00,7660.5,7661.5,7660.25,7661.25,346
2026-08-24 20:18:00-04:00,7661.25,7661.75,7660.5,7660.5,360
2026-08-24 20:19:00-04:00,7660.75,7661.25,7660.25,7660.75,245
2026-08-24 20:20:00-04:00,7661.0,7662.75,7660.75,7662.5,266
2026-08-24 20:21:00-04:00,7662.75,7663.75,7662.0,7663.75,383
2026-08-24 20:22:00-04:00,7663.5,7664.0,7663.0,7663.5,188
2026-08-24 20:23:00-04:00,7663.5,7666.75,7663.5,7666.25,763
2026-08-24 20:24:00-04:00,7666.0,7666.0,7663.5,7664.0,337
2026-08-24 20:25:00-04:00,7664.0,7664.75,7662.75,7664.0,319
2026-08-24 20:26:00-04:00,7664.0,7666.0,7664.0,7666.0,263
2026-08-24 20:27:00-04:00,7666.0,7666.75,7665.5,7666.25,431
2026-08-24 20:28:00-04:00,7666.25,7667.75,7666.25,7667.75,523
2026-08-24 20:29:00-04:00,7667.75,7668.5,7667.5,7668.0,318
2026-08-24 20:30:00-04:00,7668.0,7669.75,7667.25,7669.75,430
2026-08-24 20:31:00-04:00,7669.5,7670.0,7668.5,7669.0,375
2026-08-24 20:32:00-04:00,7669.0,7669.5,7668.25,7668.5,160
2026-08-24 20:33:00-04:00,7668.5,7669.25,7668.25,7668.75,104
2026-08-24 20:34:00-04:00,7668.75,7669.75,7668.25,7669.5,174
2026-08-24 20:35:00-04:00,7669.75,7670.0,7669.25,7670.0,103
2026-08-24 20:36:00-04:00,7669.75,7670.75,7669.25,7669.5,278
2026-08-24 20:37:00-04:00,7669.5,7670.5,7669.25,7669.75,87
2026-08-24 20:38:00-04:00,7669.75,7669.75,7668.75,7669.5,119
2026-08-24 20:39:00-04:00,7669.25,7669.75,7668.5,7668.75,111
2026-08-24 20:40:00-04:00,7669.0,7669.25,7668.75,7668.75,87
2026-08-24 20:41:00-04:00,7669.0,7669.5,7668.5,7669.5,142
2026-08-24 20:42:00-04:00,7669.75,7671.75,7669.5,7671.75,620
2026-08-24 20:43:00-04:00,7671.75,7674.25,7671.5,7673.75,1020
2026-08-24 20:44:00-04:00,7673.75,7674.25,7672.75,7673.5,287
2026-08-24 20:45:00-04:00,7673.0,7674.25,7671.5,7674.25,348
2026-08-24 20:46:00-04:00,7674.0,7675.75,7673.25,7674.75,751
2026-08-24 20:47:00-04:00,7674.75,7675.0,7673.75,7674.25,176
2026-08-24 20:48:00-04:00,7674.0,7674.75,7673.75,7673.75,113
2026-08-24 20:49:00-04:00,7673.75,7674.0,7673.0,7673.25,150
2026-08-24 20:50:00-04:00,7673.25,7674.5,7673.0,7674.0,120
2026-08-24 20:51:00-04:00,7674.0,7674.25,7673.75,7674.0,38
2026-08-24 20:52:00-04:00,7674.25,7674.25,7673.5,7674.0,80
2026-08-24 20:53:00-04:00,7673.75,7675.75,7673.75,7675.0,183
2026-08-24 20:54:00-04:00,7674.75,7675.0,7674.5,7674.5,173
2026-08-24 20:55:00-04:00,7674.75,7675.0,7674.0,7674.75,145
2026-08-24 20:56:00-04:00,7674.75,7675.0,7674.0,7674.75,100
2026-08-24 20:57:00-04:00,7674.75,7675.5,7674.5,7675.25,70
2026-08-24 20:58:00-04:00,7674.75,7674.75,7674.0,7674.5,111
2026-08-24 20:59:00-04:00,7674.75,7674.75,7673.5,7673.75,81
2026-08-24 21:00:00-04:00,7674.0,7674.0,7672.5,7672.5,405
2026-08-24 21:01:00-04:00,7672.5,7673.5,7672.25,7673.25,276
2026-08-24 21:02:00-04:00,7673.0,7673.75,7672.75,7673.25,109
2026-08-24 21:03:00-04:00,7673.25,7673.5,7672.25,7673.5,261
2026-08-24 21:04:00-04:00,7673.5,7674.5,7673.25,7674.5,273
2026-08-24 21:05:00-04:00,7674.25,7675.0,7673.75,7674.0,215
2026-08-24 21:06:00-04:00,7674.0,7674.5,7674.0,7674.0,154
2026-08-24 21:07:00-04:00,7674.0,7674.25,7673.0,7674.25,138
2026-08-24 21:08:00-04:00,7673.75,7674.75,7672.75,7674.5,147
2026-08-24 21:09:00-04:00,7674.25,7675.25,7674.25,7675.0,117
2026-08-24 21:10:00-04:00,7675.0,7675.0,7672.75,7673.0,208
2026-08-24 21:11:00-04:00,7673.25,7674.0,7673.25,7673.5,128
2026-08-24 21:12:00-04:00,7673.5,7674.25,7673.25,7674.25,61
2026-08-24 21:13:00-04:00,7674.25,7675.25,7674.25,7675.25,93
2026-08-24 21:14:00-04:00,7675.25,7675.5,7674.0,7674.25,153
2026-08-24 21:15:00-04:00,7674.25,7674.5,7672.75,7673.25,187
2026-08-24 21:16:00-04:00,7673.0,7674.5,7673.0,7674.25,74
2026-08-24 21:17:00-04:00,7674.0,7675.0,7674.0,7674.25,86
2026-08-24 21:18:00-04:00,7674.5,7674.5,7673.75,7674.0,37
2026-08-24 21:19:00-04:00,7674.0,7675.25,7673.75,7674.5,118
2026-08-24 21:20:00-04:00,7674.5,7674.75,7673.25,7673.5,92
2026-08-24 21:21:00-04:00,7673.25,7673.5,7672.0,7673.0,260
2026-08-24 21:22:00-04:00,7672.75,7672.75,7672.0,7672.25,96
2026-08-24 21:23:00-04:00,7672.25,7672.5,7672.0,7672.0,85
2026-08-24 21:24:00-04:00,7672.0,7672.25,7671.0,7671.0,384
2026-08-24 21:25:00-04:00,7671.0,7671.25,7670.5,7671.0,294
2026-08-24 21:26:00-04:00,7671.0,7672.0,7671.0,7671.25,140
2026-08-24 21:27:00-04:00,7671.5,7672.25,7671.25,7671.5,111
2026-08-24 21:28:00-04:00,7671.5,7673.25,7671.5,7673.25,224
2026-08-24 21:29:00-04:00,7672.75,7673.25,7672.0,7672.25,147
2026-08-24 21:30:00-04:00,7672.25,7675.25,7672.0,7675.25,402
2026-08-24 21:31:00-04:00,7675.5,7675.5,7674.25,7675.0,246
2026-08-24 21:32:00-04:00,7675.0,7675.25,7672.75,7673.5,207
2026-08-24 21:33:00-04:00,7673.75,7673.75,7671.75,7672.75,275
2026-08-24 21:34:00-04:00,7673.0,7673.75,7672.5,7672.75,98
2026-08-24 21:35:00-04:00,7672.5,7673.75,7672.25,7673.75,116
2026-08-24 21:36:00-04:00,7673.75,7676.0,7673.5,7676.0,231
2026-08-24 21:37:00-04:00,7676.0,7676.75,7675.75,7676.0,341
2026-08-24 21:38:00-04:00,7676.25,7676.75,7676.0,7676.0,168
2026-08-24 21:39:00-04:00,7676.25,7676.5,7675.75,7676.25,124
2026-08-24 21:40:00-04:00,7676.25,7676.5,7675.75,7676.0,127
2026-08-24 21:41:00-04:00,7676.0,7677.0,7675.25,7675.25,226
2026-08-24 21:42:00-04:00,7675.25,7675.5,7673.25,7673.5,352
2026-08-24 21:43:00-04:00,7673.75,7675.0,7673.0,7675.0,246
2026-08-24 21:44:00-04:00,7674.5,7675.0,7674.25,7674.75,108
2026-08-24 21:45:00-04:00,7674.75,7675.25,7674.5,7675.25,103
2026-08-24 21:46:00-04:00,7675.0,7675.5,7674.5,7674.75,71
2026-08-24 21:47:00-04:00,7675.0,7675.5,7674.25,7675.5,54
2026-08-24 21:48:00-04:00,7675.5,7676.25,7675.25,7675.75,128
2026-08-24 21:49:00-04:00,7675.75,7676.25,7675.75,7676.25,74
2026-08-24 21:50:00-04:00,7675.5,7675.75,7675.25,7675.25,44
2026-08-24 21:51:00-04:00,7675.0,7675.5,7674.5,7675.0,104
2026-08-24 21:52:00-04:00,7674.75,7674.75,7674.25,7674.25,120
2026-08-24 21:53:00-04:00,7673.75,7675.75,7673.75,7675.25,103
2026-08-24 21:54:00-04:00,7675.0,7675.75,7675.0,7675.75,44
2026-08-24 21:55:00-04:00,7675.5,7675.5,7675.0,7675.25,18
2026-08-24 21:56:00-04:00,7675.25,7675.25,7674.0,7674.25,67
2026-08-24 21:57:00-04:00,7674.5,7674.5,7674.0,7674.25,108
2026-08-24 21:58:00-04:00,7674.0,7674.25,7673.5,7673.75,132
2026-08-24 21:59:00-04:00,7673.75,7674.0,7673.0,7673.25,127
2026-08-24 22:00:00-04:00,7673.25,7674.75,7673.25,7674.25,269
2026-08-24 22:01:00-04:00,7674.25,7675.25,7674.0,7674.75,215
2026-08-24 22:02:00-04:00,7674.5,7675.0,7674.0,7674.75,128
2026-08-24 22:03:00-04:00,7674.5,7674.75,7673.75,7673.75,55
2026-08-24 22:04:00-04:00,7674.25,7674.5,7674.0,7674.0,34
2026-08-24 22:05:00-04:00,7674.0,7674.25,7672.75,7673.0,211
2026-08-24 22:06:00-04:00,7673.0,7673.25,7671.0,7671.0,462
2026-08-24 22:07:00-04:00,7670.75,7671.75,7670.5,7671.5,209
2026-08-24 22:08:00-04:00,7671.0,7671.25,7670.5,7670.75,211
2026-08-24 22:09:00-04:00,7671.0,7671.0,7669.25,7669.75,594
2026-08-24 22:10:00-04:00,7669.75,7670.0,7669.5,7669.75,169
2026-08-24 22:11:00-04:00,7669.75,7670.25,7669.25,7669.5,102
2026-08-24 22:12:00-04:00,7669.5,7669.5,7668.25,7668.75,347
2026-08-24 22:13:00-04:00,7668.75,7669.25,7668.25,7669.0,142
2026-08-24 22:14:00-04:00,7669.0,7669.75,7668.0,7669.5,273
2026-08-24 22:15:00-04:00,7669.75,7669.75,7668.25,7668.5,139
2026-08-24 22:16:00-04:00,7668.25,7669.0,7668.0,7668.75,126
2026-08-24 22:17:00-04:00,7669.0,7669.5,7668.5,7669.0,86
2026-08-24 22:18:00-04:00,7669.25,7670.5,7669.0,7670.25,263
2026-08-24 22:19:00-04:00,7670.5,7671.5,7670.25,7671.25,318
2026-08-24 22:20:00-04:00,7671.25,7671.25,7668.75,7669.0,272
2026-08-24 22:21:00-04:00,7669.0,7669.75,7669.0,7669.0,85
2026-08-24 22:22:00-04:00,7669.25,7669.75,7669.0,7669.25,65
2026-08-24 22:23:00-04:00,7669.25,7669.75,7669.0,7669.25,63
2026-08-24 22:24:00-04:00,7669.5,7671.75,7669.5,7671.75,107
2026-08-24 22:25:00-04:00,7671.75,7672.5,7669.75,7670.75,396
2026-08-24 22:26:00-04:00,7670.5,7670.5,7668.25,7668.75,244
2026-08-24 22:27:00-04:00,7668.75,7670.25,7668.75,7669.75,168
2026-08-24 22:28:00-04:00,7670.0,7672.5,7669.75,7672.5,190
2026-08-24 22:29:00-04:00,7672.25,7672.25,7671.25,7671.75,176
2026-08-24 22:30:00-04:00,7672.0,7672.0,7670.75,7671.75,137
2026-08-24 22:31:00-04:00,7671.75,7674.5,7671.5,7674.0,571
2026-08-24 22:32:00-04:00,7674.5,7675.0,7674.0,7674.25,338
2026-08-24 22:33:00-04:00,7674.0,7674.25,7671.5,7672.5,276
2026-08-24 22:34:00-04:00,7672.5,7674.0,7672.25,7673.25,170
2026-08-24 22:35:00-04:00,7673.5,7674.25,7673.0,7673.25,151
2026-08-24 22:36:00-04:00,7673.5,7674.25,7673.25,7673.25,67
2026-08-24 22:37:00-04:00,7673.25,7673.5,7672.0,7672.0,91
2026-08-24 22:38:00-04:00,7672.0,7672.25,7671.25,7672.25,312
2026-08-24 22:39:00-04:00,7672.25,7673.0,7672.25,7673.0,61
2026-08-24 22:40:00-04:00,7673.0,7673.25,7672.5,7672.75,79
2026-08-24 22:41:00-04:00,7672.75,7673.25,7672.75,7673.0,32
2026-08-24 22:42:00-04:00,7673.25,7675.5,7673.25,7675.25,253
2026-08-24 22:43:00-04:00,7675.25,7675.5,7673.25,7674.0,127
2026-08-24 22:44:00-04:00,7674.0,7674.0,7671.75,7672.25,177
2026-08-24 22:45:00-04:00,7672.25,7672.5,7671.0,7671.25,184
2026-08-24 22:46:00-04:00,7671.25,7671.25,7669.75,7670.75,351
2026-08-24 22:47:00-04:00,7670.75,7671.5,7670.5,7671.5,103
2026-08-24 22:48:00-04:00,7671.75,7671.75,7670.5,7670.5,47
2026-08-24 22:49:00-04:00,7670.25,7670.75,7670.0,7670.25,91
2026-08-24 22:50:00-04:00,7670.0,7670.25,7668.5,7669.5,406
2026-08-24 22:51:00-04:00,7669.75,7669.75,7668.25,7668.5,253
2026-08-24 22:52:00-04:00,7668.25,7669.25,7668.25,7668.25,160
2026-08-24 22:53:00-04:00,7668.75,7669.5,7668.5,7669.25,98
2026-08-24 22:54:00-04:00,7669.0,7669.75,7669.0,7669.0,73
2026-08-24 22:55:00-04:00,7669.0,7669.25,7668.75,7669.0,62
2026-08-24 22:56:00-04:00,7668.75,7668.75,7666.5,7667.25,483
2026-08-24 22:57:00-04:00,7667.0,7667.75,7666.75,7667.5,120
2026-08-24 22:58:00-04:00,7667.25,7668.0,7667.25,7667.75,161
2026-08-24 22:59:00-04:00,7667.5,7668.25,7667.5,7667.75,34
2026-08-24 23:00:00-04:00,7668.25,7669.25,7667.75,7669.0,185
2026-08-24 23:01:00-04:00,7669.0,7669.25,7668.5,7668.75,87
2026-08-24 23:02:00-04:00,7669.0,7671.25,7668.75,7670.5,469
2026-08-24 23:03:00-04:00,7670.5,7671.25,7670.25,7671.0,135
2026-08-24 23:04:00-04:00,7671.0,7671.5,7670.25,7670.5,108
2026-08-24 23:05:00-04:00,7670.5,7671.75,7670.25,7671.5,124
2026-08-24 23:06:00-04:00,7671.75,7674.0,7671.5,7673.75,473
2026-08-24 23:07:00-04:00,7673.75,7675.25,7673.5,7674.75,506
2026-08-24 23:08:00-04:00,7674.0,7674.25,7673.5,7673.5,113
2026-08-24 23:09:00-04:00,7673.75,7677.0,7673.5,7675.0,1235
2026-08-24 23:10:00-04:00,7675.0,7676.75,7675.0,7676.25,370
2026-08-24 23:11:00-04:00,7676.0,7676.25,7674.25,7674.25,271
2026-08-24 23:12:00-04:00,7674.5,7675.5,7674.25,7675.25,271
2026-08-24 23:13:00-04:00,7675.5,7675.5,7675.0,7675.25,83
2026-08-24 23:14:00-04:00,7675.25,7675.25,7674.75,7674.75,96
2026-08-24 23:15:00-04:00,7674.75,7676.5,7674.75,7676.25,121
2026-08-24 23:16:00-04:00,7676.0,7677.0,7676.0,7676.75,290
2026-08-24 23:17:00-04:00,7676.75,7677.25,7676.0,7676.25,303
2026-08-24 23:18:00-04:00,7676.0,7676.75,7675.75,7676.75,171
2026-08-24 23:19:00-04:00,7676.75,7677.5,7676.5,7677.0,213
2026-08-24 23:20:00-04:00,7677.0,7677.25,7676.0,7676.25,102
2026-08-24 23:21:00-04:00,7676.25,7676.75,7676.0,7676.75,55
2026-08-24 23:22:00-04:00,7676.5,7677.0,7676.5,7676.5,82
2026-08-24 23:23:00-04:00,7676.5,7676.75,7675.5,7675.5,155
2026-08-24 23:24:00-04:00,7675.25,7675.75,7675.0,7675.0,58
2026-08-24 23:25:00-04:00,7675.5,7676.25,7675.25,7676.25,82
2026-08-24 23:26:00-04:00,7676.0,7677.75,7675.75,7677.0,177
2026-08-24 23:27:00-04:00,7677.5,7677.5,7676.5,7676.5,38
2026-08-24 23:28:00-04:00,7676.5,7677.5,7676.25,7677.5,60
2026-08-24 23:29:00-04:00,7677.0,7677.75,7677.0,7677.5,74
2026-08-24 23:30:00-04:00,7677.0,7677.5,7676.75,7677.25,86
2026-08-24 23:31:00-04:00,7677.25,7677.75,7676.75,7677.5,95
2026-08-24 23:32:00-04:00,7677.5,7678.5,7677.25,7678.25,368
2026-08-24 23:33:00-04:00,7678.25,7678.75,7678.0,7678.25,119
2026-08-24 23:34:00-04:00,7678.5,7678.5,7678.0,7678.0,44
2026-08-24 23:35:00-04:00,7678.25,7678.25,7677.25,7677.5,115
2026-08-24 23:36:00-04:00,7677.5,7677.75,7676.75,7677.0,176
2026-08-24 23:37:00-04:00,7677.0,7677.75,7676.75,7676.75,111
2026-08-24 23:38:00-04:00,7676.75,7676.75,7675.75,7675.75,129
2026-08-24 23:39:00-04:00,7676.0,7676.5,7675.75,7676.5,75
2026-08-24 23:40:00-04:00,7676.5,7677.0,7676.0,7676.75,76
2026-08-24 23:41:00-04:00,7676.5,7676.5,7676.0,7676.25,56
2026-08-24 23:42:00-04:00,7676.25,7677.25,7676.0,7677.25,94
2026-08-24 23:43:00-04:00,7677.0,7677.0,7676.25,7676.5,60
2026-08-24 23:44:00-04:00,7676.5,7676.5,7676.25,7676.25,26
2026-08-24 23:45:00-04:00,7676.25,7676.25,7675.5,7675.5,109
2026-08-24 23:46:00-04:00,7675.5,7675.75,7675.25,7675.5,49
2026-08-24 23:47:00-04:00,7675.5,7675.5,7675.0,7675.25,75
2026-08-24 23:48:00-04:00,7675.25,7675.25,7674.5,7674.5,256
2026-08-24 23:49:00-04:00,7674.5,7674.75,7674.0,7674.25,134
2026-08-24 23:50:00-04:00,7674.5,7674.5,7673.75,7673.75,123
2026-08-24 23:51:00-04:00,7673.5,7674.0,7673.5,7674.0,150
2026-08-24 23:52:00-04:00,7673.5,7674.75,7673.5,7674.5,140
2026-08-24 23:53:00-04:00,7674.5,7675.5,7674.25,7675.25,110
2026-08-24 23:54:00-04:00,7675.25,7675.25,7674.0,7674.75,237
2026-08-24 23:55:00-04:00,7674.75,7674.75,7674.0,7674.0,77
2026-08-24 23:56:00-04:00,7674.5,7674.75,7674.25,7674.75,11
2026-08-24 23:57:00-04:00,7674.75,7675.0,7674.25,7675.0,47
2026-08-24 23:58:00-04:00,7674.75,7675.0,7674.25,7674.5,56
2026-08-25 00:09:00-04:00,7677.5,7678.25,7677.0,7678.25,87
2026-08-25 00:10:00-04:00,7678.25,7678.25,7677.25,7678.0,101
2026-08-25 00:11:00-04:00,7677.75,7678.0,7677.25,7677.25,17
2026-08-25 00:12:00-04:00,7677.25,7677.25,7676.75,7677.25,33
2026-08-25 00:13:00-04:00,7677.25,7677.75,7677.25,7677.75,41
2026-08-25 00:14:00-04:00,7677.75,7678.25,7677.75,7678.25,52
2026-08-25 00:15:00-04:00,7678.25,7678.25,7677.5,7677.5,46
2026-08-25 00:16:00-04:00,7677.75,7678.5,7677.75,7678.5,92
2026-08-25 00:17:00-04:00,7678.5,7678.5,7678.0,7678.25,65
2026-08-25 00:18:00-04:00,7678.25,7678.25,7677.0,7677.5,93
2026-08-25 00:19:00-04:00,7677.75,7678.0,7677.25,7677.25,26
2026-08-25 00:20:00-04:00,7677.25,7678.25,7677.25,7678.0,42
2026-08-25 00:21:00-04:00,7678.25,7678.25,7677.25,7677.5,71
2026-08-25 00:22:00-04:00,7677.5,7678.0,7677.0,7678.0,47
2026-08-25 00:23:00-04:00,7677.75,7678.0,7677.5,7678.0,51
2026-08-25 00:24:00-04:00,7678.0,7678.25,7677.75,7678.25,58
2026-08-25 00:25:00-04:00,7678.25,7678.75,7678.0,7678.5,104
2026-08-25 00:26:00-04:00,7678.25,7678.25,7677.25,7677.75,75
2026-08-25 00:27:00-04:00,7677.5,7677.5,7677.0,7677.5,32
2026-08-25 00:28:00-04:00,7678.0,7678.0,7677.5,7677.75,35
2026-08-25 00:29:00-04:00,7677.75,7678.0,7677.75,7677.75,39
2026-08-25 00:30:00-04:00,7677.75,7678.0,7677.5,7677.75,39
2026-08-25 00:31:00-04:00,7677.75,7678.0,7677.25,7677.75,90
2026-08-25 00:32:00-04:00,7677.5,7679.5,7677.5,7679.25,291
2026-08-25 00:33:00-04:00,7679.25,7679.5,7678.5,7678.75,128
2026-08-25 00:34:00-04:00,7678.75,7679.0,7678.0,7678.25,92
2026-08-25 00:35:00-04:00,7678.25,7678.5,7677.75,7678.25,26
2026-08-25 00:36:00-04:00,7678.5,7678.5,7677.75,7677.75,82
2026-08-25 00:37:00-04:00,7677.75,7677.75,7676.75,7677.75,110
2026-08-25 00:38:00-04:00,7677.5,7677.75,7677.0,7677.5,68
2026-08-25 00:39:00-04:00,7677.75,7678.25,7677.5,7677.75,48
2026-08-25 00:40:00-04:00,7678.0,7678.0,7677.5,7678.0,31
2026-08-25 00:41:00-04:00,7678.25,7679.0,7678.25,7679.0,42
2026-08-25 00:42:00-04:00,7679.25,7679.25,7678.5,7678.75,60
2026-08-25 00:43:00-04:00,7679.0,7679.0,7678.25,7678.25,47
2026-08-25 00:44:00-04:00,7678.25,7678.75,7678.0,7678.5,112
2026-08-25 00:45:00-04:00,7678.5,7679.0,7678.25,7678.75,47
2026-08-25 00:46:00-04:00,7678.75,7679.0,7678.5,7679.0,43
2026-08-25 00:47:00-04:00,7679.0,7679.0,7678.5,7678.5,22
2026-08-25 00:48:00-04:00,7679.0,7679.25,7678.5,7679.25,36
2026-08-25 00:49:00-04:00,7678.75,7678.75,7677.75,7678.75,70
2026-08-25 00:50:00-04:00,7678.25,7678.25,7676.25,7676.5,254
2026-08-25 00:51:00-04:00,7676.25,7676.75,7675.75,7676.0,220
2026-08-25 00:52:00-04:00,7676.0,7676.75,7675.75,7676.25,97
2026-08-25 00:53:00-04:00,7676.25,7677.0,7675.75,7675.75,70
2026-08-25 00:54:00-04:00,7675.75,7676.5,7675.25,7676.5,156
2026-08-25 00:55:00-04:00,7676.5,7676.75,7676.0,7676.75,27
2026-08-25 00:56:00-04:00,7676.75,7677.0,7675.25,7675.5,95
2026-08-25 00:57:00-04:00,7675.5,7676.25,7675.25,7676.25,113
2026-08-25 00:58:00-04:00,7675.75,7676.25,7675.75,7676.25,33
2026-08-25 00:59:00-04:00,7676.0,7677.0,7676.0,7677.0,47
2026-08-25 01:00:00-04:00,7677.0,7677.0,7676.0,7676.0,102
2026-08-25 01:01:00-04:00,7676.75,7678.5,7676.5,7678.5,180
2026-08-25 01:02:00-04:00,7678.5,7678.75,7677.5,7677.75,118
2026-08-25 01:03:00-04:00,7677.75,7678.75,7677.5,7678.0,77
2026-08-25 01:04:00-04:00,7677.75,7678.0,7677.75,7678.0,35
2026-08-25 01:05:00-04:00,7678.0,7678.0,7677.5,7677.75,19
2026-08-25 01:06:00-04:00,7677.75,7678.75,7677.75,7678.75,70
2026-08-25 01:07:00-04:00,7678.75,7678.75,7678.0,7678.0,35
2026-08-25 01:08:00-04:00,7678.25,7678.75,7678.0,7678.5,79
2026-08-25 01:09:00-04:00,7678.5,7678.5,7677.25,7677.75,46
2026-08-25 01:10:00-04:00,7678.0,7678.0,7677.5,7677.5,29
2026-08-25 01:11:00-04:00,7677.5,7679.25,7677.5,7679.25,61
2026-08-25 01:12:00-04:00,7679.0,7680.0,7678.75,7679.0,215
2026-08-25 01:13:00-04:00,7679.0,7679.25,7678.0,7678.0,81
2026-08-25 01:14:00-04:00,7678.0,7678.25,7677.75,7678.0,63
2026-08-25 01:15:00-04:00,7677.75,7678.75,7677.75,7678.5,44
2026-08-25 01:16:00-04:00,7679.0,7680.0,7679.0,7679.75,135
2026-08-25 01:17:00-04:00,7679.75,7680.0,7679.0,7679.25,71
2026-08-25 01:18:00-04:00,7679.25,7679.5,7679.0,7679.25,42
2026-08-25 01:19:00-04:00,7679.25,7679.5,7678.75,7679.0,68
2026-08-25 01:20:00-04:00,7679.0,7679.25,7678.5,7679.0,75
2026-08-25 01:21:00-04:00,7679.0,7679.25,7678.75,7679.0,57
2026-08-25 01:22:00-04:00,7679.0,7679.75,7679.0,7679.75,116
2026-08-25 01:23:00-04:00,7679.5,7679.5,7679.0,7679.25,39
2026-08-25 01:24:00-04:00,7679.0,7679.25,7678.75,7679.25,62
2026-08-25 01:25:00-04:00,7679.0,7679.25,7679.0,7679.0,43
2026-08-25 01:26:00-04:00,7679.0,7679.0,7678.5,7679.0,30
2026-08-25 01:27:00-04:00,7679.0,7679.5,7678.75,7679.0,47
2026-08-25 01:28:00-04:00,7679.0,7679.25,7678.75,7678.75,34
2026-08-25 01:29:00-04:00,7678.75,7679.25,7678.75,7679.0,28
2026-08-25 01:30:00-04:00,7679.0,7679.5,7679.0,7679.25,55
2026-08-25 01:31:00-04:00,7678.75,7679.0,7678.5,7678.75,27
2026-08-25 01:32:00-04:00,7678.75,7679.0,7678.0,7679.0,91
2026-08-25 01:33:00-04:00,7679.0,7679.5,7678.5,7679.5,113
2026-08-25 01:34:00-04:00,7679.5,7680.0,7679.25,7679.75,181
2026-08-25 01:35:00-04:00,7679.75,7680.25,7679.25,7680.0,128
2026-08-25 01:36:00-04:00,7680.25,7680.75,7680.0,7680.0,163
2026-08-25 01:37:00-04:00,7680.0,7680.25,7679.25,7679.75,74
2026-08-25 01:38:00-04:00,7679.5,7680.5,7679.25,7680.5,79
2026-08-25 01:39:00-04:00,7680.25,7680.5,7679.5,7679.75,51
2026-08-25 01:40:00-04:00,7680.0,7680.5,7679.75,7679.75,144
2026-08-25 01:41:00-04:00,7679.5,7679.75,7678.5,7678.5,92
2026-08-25 01:42:00-04:00,7678.5,7678.75,7677.75,7678.0,125
2026-08-25 01:43:00-04:00,7677.75,7678.5,7677.5,7678.25,152
2026-08-25 01:44:00-04:00,7678.25,7678.25,7677.75,7677.75,74
2026-08-25 01:45:00-04:00,7677.75,7678.5,7677.0,7678.0,125
2026-08-25 01:46:00-04:00,7678.0,7679.25,7678.0,7679.0,63
2026-08-25 01:47:00-04:00,7679.0,7679.25,7678.5,7678.75,69
2026-08-25 01:48:00-04:00,7679.0,7679.0,7678.5,7678.75,41
2026-08-25 01:49:00-04:00,7678.5,7678.75,7678.25,7678.5,36
2026-08-25 01:50:00-04:00,7678.5,7678.5,7677.75,7678.25,72
2026-08-25 01:51:00-04:00,7678.25,7679.25,7678.25,7678.75,77
2026-08-25 01:52:00-04:00,7678.75,7679.25,7678.75,7679.0,15
2026-08-25 01:53:00-04:00,7679.5,7679.75,7679.25,7679.5,68
2026-08-25 01:54:00-04:00,7679.5,7679.5,7679.0,7679.0,65
2026-08-25 01:55:00-04:00,7679.5,7680.0,7679.5,7679.75,63
2026-08-25 01:56:00-04:00,7680.0,7681.25,7679.75,7681.25,203
2026-08-25 01:57:00-04:00,7681.0,7681.25,7680.5,7680.75,103
2026-08-25 01:58:00-04:00,7680.25,7680.5,7679.75,7680.0,71
2026-08-25 01:59:00-04:00,7680.0,7680.5,7679.75,7680.0,59
2026-08-25 02:00:00-04:00,7680.0,7682.5,7680.0,7681.75,454
2026-08-25 02:01:00-04:00,7682.0,7682.0,7680.75,7680.75,109
2026-08-25 02:02:00-04:00,7680.75,7681.0,7680.75,7680.75,15
2026-08-25 02:11:00-04:00,7669.75,7669.75,7669.75,7669.75,826
2026-08-25 02:12:00-04:00,7682.25,7682.25,7681.75,7682.25,70
2026-08-25 02:13:00-04:00,7682.0,7682.25,7681.5,7681.75,52
2026-08-25 02:14:00-04:00,7682.0,7682.0,7681.0,7681.5,49
2026-08-25 02:15:00-04:00,7681.5,7681.5,7680.75,7680.75,123
2026-08-25 02:16:00-04:00,7680.5,7681.75,7680.25,7681.5,238
2026-08-25 02:17:00-04:00,7681.5,7682.25,7681.25,7682.25,97
2026-08-25 02:18:00-04:00,7682.25,7682.75,7682.0,7682.75,112
2026-08-25 02:19:00-04:00,7682.5,7682.5,7681.75,7682.0,67
2026-08-25 02:20:00-04:00,7682.25,7682.25,7681.5,7681.5,63
2026-08-25 02:21:00-04:00,7681.25,7682.25,7681.25,7681.75,52
2026-08-25 02:22:00-04:00,7682.0,7682.5,7682.0,7682.5,61
2026-08-25 02:23:00-04:00,7682.5,7687.5,7682.5,7686.5,1716
2026-08-25 02:24:00-04:00,7686.25,7686.75,7685.0,7685.25,410
2026-08-25 02:25:00-04:00,7685.5,7686.0,7685.5,7685.5,164
2026-08-25 02:26:00-04:00,7685.5,7686.25,7685.5,7686.0,155
2026-08-25 02:27:00-04:00,7686.0,7686.75,7685.75,7686.5,144
2026-08-25 02:28:00-04:00,7686.75,7687.0,7684.75,7685.25,221
2026-08-25 02:29:00-04:00,7685.5,7685.75,7684.75,7685.5,104
2026-08-25 02:30:00-04:00,7685.0,7685.25,7684.0,7685.0,220
2026-08-25 02:31:00-04:00,7685.25,7685.5,7684.75,7685.0,155
2026-08-25 02:32:00-04:00,7685.0,7685.5,7685.0,7685.5,107
2026-08-25 02:33:00-04:00,7685.75,7686.25,7684.75,7685.25,158
2026-08-25 02:34:00-04:00,7685.5,7687.0,7685.5,7686.25,126
2026-08-25 02:35:00-04:00,7686.0,7686.25,7685.0,7685.25,84
2026-08-25 02:36:00-04:00,7685.25,7685.5,7685.0,7685.0,57
2026-08-25 02:37:00-04:00,7685.25,7685.5,7685.0,7685.25,38
2026-08-25 02:38:00-04:00,7685.25,7685.25,7684.0,7684.25,148
2026-08-25 02:39:00-04:00,7684.25,7684.5,7683.5,7684.25,122
2026-08-25 02:40:00-04:00,7684.5,7685.0,7684.25,7684.75,60
2026-08-25 02:41:00-04:00,7685.25,7685.75,7685.25,7685.75,140
2026-08-25 02:42:00-04:00,7685.5,7686.25,7685.5,7686.0,56
2026-08-25 02:43:00-04:00,7686.0,7686.5,7685.75,7686.5,108
2026-08-25 02:44:00-04:00,7686.75,7688.0,7686.75,7688.0,239
2026-08-25 02:45:00-04:00,7688.0,7688.0,7687.25,7688.0,129
2026-08-25 02:46:00-04:00,7687.75,7688.0,7687.25,7687.5,114
2026-08-25 02:47:00-04:00,7687.25,7687.25,7686.0,7686.0,96
2026-08-25 02:48:00-04:00,7686.25,7686.75,7686.0,7686.5,108
2026-08-25 02:49:00-04:00,7686.25,7686.25,7685.5,7685.5,62
2026-08-25 02:50:00-04:00,7685.5,7686.0,7685.5,7685.75,76
2026-08-25 02:51:00-04:00,7685.75,7686.0,7685.25,7686.0,48
2026-08-25 02:52:00-04:00,7685.75,7686.25,7685.5,7686.0,49
2026-08-25 02:53:00-04:00,7686.0,7686.75,7686.0,7686.75,38
2026-08-25 02:54:00-04:00,7686.5,7687.5,7686.5,7687.5,95
2026-08-25 02:55:00-04:00,7687.5,7687.75,7687.0,7687.75,49
2026-08-25 02:56:00-04:00,7687.5,7687.75,7687.25,7687.75,74
2026-08-25 02:57:00-04:00,7687.75,7688.0,7687.5,7687.75,40
2026-08-25 02:58:00-04:00,7687.25,7688.25,7687.0,7688.0,85
2026-08-25 02:59:00-04:00,7688.25,7689.75,7688.25,7689.75,360
2026-08-25 03:00:00-04:00,7689.75,7691.75,7689.25,7690.5,1044
2026-08-25 03:01:00-04:00,7690.5,7691.0,7690.25,7691.0,211
2026-08-25 03:02:00-04:00,7691.0,7691.0,7690.0,7690.5,137
2026-08-25 03:03:00-04:00,7690.5,7690.75,7690.0,7690.5,161
2026-08-25 03:04:00-04:00,7690.5,7692.5,7690.5,7692.25,332
2026-08-25 03:05:00-04:00,7692.25,7692.5,7691.25,7691.5,253
2026-08-25 03:06:00-04:00,7691.5,7691.5,7690.75,7691.5,141
2026-08-25 03:07:00-04:00,7691.25,7691.5,7689.5,7689.5,138
2026-08-25 03:08:00-04:00,7689.5,7690.25,7689.5,7690.0,93
2026-08-25 03:09:00-04:00,7689.75,7690.0,7689.5,7689.75,65
2026-08-25 03:10:00-04:00,7689.5,7690.0,7688.5,7688.5,164
2026-08-25 03:11:00-04:00,7688.75,7689.0,7687.75,7688.0,182
2026-08-25 03:12:00-04:00,7687.5,7688.5,7687.5,7688.5,210
2026-08-25 03:13:00-04:00,7688.5,7688.5,7687.5,7688.25,98
2026-08-25 03:14:00-04:00,7688.25,7688.75,7687.75,7688.0,159
2026-08-25 03:15:00-04:00,7688.0,7689.75,7688.0,7689.75,257
2026-08-25 03:16:00-04:00,7689.5,7689.5,7685.0,7685.0,472
2026-08-25 03:17:00-04:00,7685.25,7685.75,7684.75,7685.0,206
2026-08-25 03:18:00-04:00,7684.75,7685.0,7683.75,7684.25,308
2026-08-25 03:19:00-04:00,7684.0,7684.75,7684.0,7684.5,105
2026-08-25 03:20:00-04:00,7684.25,7685.0,7683.75,7684.75,102
2026-08-25 03:21:00-04:00,7684.5,7685.5,7684.5,7685.0,125
2026-08-25 03:22:00-04:00,7685.25,7685.75,7685.0,7685.0,106
2026-08-25 03:23:00-04:00,7685.5,7687.0,7685.5,7686.0,217
2026-08-25 03:24:00-04:00,7686.0,7686.0,7685.25,7685.25,69
2026-08-25 03:25:00-04:00,7685.0,7685.5,7684.0,7684.25,117
2026-08-25 03:26:00-04:00,7684.0,7684.75,7683.0,7683.25,197
2026-08-25 03:30:00-04:00,7684.5,7685.25,7684.0,7684.5,601
2026-08-25 03:31:00-04:00,7684.5,7685.75,7684.5,7684.75,112
2026-08-25 03:32:00-04:00,7684.75,7685.0,7684.25,7684.25,40
2026-08-25 03:33:00-04:00,7684.75,7685.0,7684.5,7684.5,60
2026-08-25 03:34:00-04:00,7684.75,7684.75,7684.5,7684.75,32
2026-08-25 03:35:00-04:00,7685.0,7685.25,7684.5,7684.75,47
2026-08-25 03:36:00-04:00,7684.5,7684.75,7683.75,7684.5,165
2026-08-25 03:37:00-04:00,7684.5,7684.75,7684.0,7684.0,36
2026-08-25 03:38:00-04:00,7684.25,7684.5,7684.0,7684.25,74
2026-08-25 03:39:00-04:00,7684.5,7684.5,7684.0,7684.5,29
2026-08-25 03:40:00-04:00,7684.5,7684.5,7683.75,7684.0,42
2026-08-25 03:41:00-04:00,7683.75,7684.5,7683.25,7684.0,62
2026-08-25 03:42:00-04:00,7684.0,7684.5,7683.75,7684.5,55
2026-08-25 03:43:00-04:00,7684.5,7686.25,7684.5,7686.0,201
2026-08-25 03:44:00-04:00,7686.0,7686.75,7685.75,7685.75,184
2026-08-25 03:45:00-04:00,7686.0,7686.0,7685.0,7685.0,60
2026-08-25 03:46:00-04:00,7684.75,7685.75,7684.75,7685.25,100
2026-08-25 03:47:00-04:00,7685.5,7686.25,7684.25,7684.5,83
2026-08-25 03:48:00-04:00,7684.75,7685.5,7684.75,7684.75,31
2026-08-25 03:49:00-04:00,7684.75,7684.75,7683.0,7683.5,207
2026-08-25 03:50:00-04:00,7683.5,7683.5,7682.5,7682.75,98
2026-08-25 03:51:00-04:00,7682.75,7683.75,7682.75,7682.75,102
2026-08-25 03:52:00-04:00,7682.75,7683.0,7682.0,7682.0,147
2026-08-25 03:53:00-04:00,7682.5,7682.75,7681.75,7681.75,176
2026-08-25 03:54:00-04:00,7681.75,7682.25,7681.5,7681.75,171
2026-08-25 03:55:00-04:00,7681.75,7683.25,7681.5,7683.0,109
2026-08-25 03:56:00-04:00,7683.0,7683.0,7682.5,7682.5,44
2026-08-25 03:57:00-04:00,7682.75,7683.75,7682.75,7683.75,171
2026-08-25 03:58:00-04:00,7683.75,7684.0,7683.25,7683.75,81
2026-08-25 03:59:00-04:00,7683.75,7683.75,7682.5,7682.5,45
2026-08-25 04:00:00-04:00,7682.75,7685.5,7682.5,7684.25,285
2026-08-25 04:01:00-04:00,7684.5,7684.75,7683.5,7684.5,130
2026-08-25 04:02:00-04:00,7684.5,7685.25,7681.5,7682.0,290
2026-08-25 04:03:00-04:00,7682.25,7682.75,7681.75,7682.0,104
2026-08-25 04:04:00-04:00,7681.75,7681.75,7680.5,7681.0,307
2026-08-25 04:05:00-04:00,7681.25,7682.0,7681.0,7681.75,74
2026-08-25 04:06:00-04:00,7681.75,7682.5,7681.25,7682.0,116
2026-08-25 04:07:00-04:00,7682.25,7682.75,7681.75,7682.5,115
2026-08-25 04:08:00-04:00,7682.5,7683.5,7682.25,7682.75,106
2026-08-25 04:09:00-04:00,7682.75,7683.75,7682.5,7683.0,105
2026-08-25 04:10:00-04:00,7682.75,7682.75,7681.75,7682.25,74
2026-08-25 04:11:00-04:00,7682.5,7682.5,7681.0,7681.25,82
2026-08-25 04:12:00-04:00,7681.25,7682.5,7681.25,7682.25,83
2026-08-25 04:13:00-04:00,7682.0,7682.25,7681.75,7682.25,93
2026-08-25 04:14:00-04:00,7682.25,7682.25,7681.25,7681.5,60
2026-08-25 04:15:00-04:00,7681.5,7683.75,7681.25,7683.0,210
2026-08-25 04:16:00-04:00,7683.25,7684.5,7682.75,7684.5,188
2026-08-25 04:17:00-04:00,7684.5,7685.25,7684.25,7684.25,170
2026-08-25 04:18:00-04:00,7684.75,7685.75,7684.75,7685.5,131
2026-08-25 04:19:00-04:00,7685.5,7686.0,7684.0,7684.25,79
2026-08-25 04:20:00-04:00,7684.5,7684.5,7683.75,7684.25,100
2026-08-25 04:21:00-04:00,7684.5,7686.75,7683.75,7686.5,209
2026-08-25 04:22:00-04:00,7686.5,7688.75,7686.25,7688.75,687
2026-08-25 04:23:00-04:00,7688.75,7695.25,7686.5,7692.75,2892
2026-08-25 04:24:00-04:00,7693.0,7699.75,7690.0,7698.75,1927
2026-08-25 04:25:00-04:00,7697.25,7698.5,7694.0,7694.5,867
2026-08-25 04:26:00-04:00,7694.25,7695.75,7692.25,7693.5,489
2026-08-25 04:27:00-04:00,7694.0,7694.25,7692.25,7692.75,316
2026-08-25 04:28:00-04:00,7692.75,7693.25,7691.0,7691.5,199
2026-08-25 04:29:00-04:00,7691.5,7692.25,7691.0,7691.5,228
2026-08-25 04:30:00-04:00,7691.75,7694.5,7691.5,7692.75,300
2026-08-25 04:31:00-04:00,7692.75,7693.0,7691.25,7692.75,251
2026-08-25 04:32:00-04:00,7692.75,7693.25,7692.0,7692.25,111
2026-08-25 04:33:00-04:00,7692.25,7692.5,7689.75,7690.0,241
2026-08-25 04:34:00-04:00,7690.0,7695.25,7690.0,7693.5,426
2026-08-25 04:35:00-04:00,7693.75,7694.0,7692.5,7693.25,135
2026-08-25 04:36:00-04:00,7693.25,7694.75,7693.0,7694.0,155
2026-08-25 04:37:00-04:00,7694.25,7694.25,7693.25,7693.25,87
2026-08-25 04:38:00-04:00,7693.25,7693.5,7690.25,7690.5,192
2026-08-25 04:39:00-04:00,7690.5,7690.5,7689.25,7690.0,221
2026-08-25 04:40:00-04:00,7690.25,7692.0,7690.0,7691.0,142
2026-08-25 04:41:00-04:00,7691.0,7691.0,7689.75,7690.5,50
2026-08-25 04:42:00-04:00,7690.75,7691.0,7690.5,7690.75,45
2026-08-25 04:43:00-04:00,7690.75,7691.75,7690.75,7691.5,82
2026-08-25 04:44:00-04:00,7691.5,7692.75,7691.25,7692.75,98
2026-08-25 04:45:00-04:00,7693.0,7694.75,7692.5,7693.75,236
2026-08-25 04:46:00-04:00,7694.0,7694.75,7693.75,7694.5,133
2026-08-25 04:47:00-04:00,7694.25,7695.25,7694.25,7695.0,145
2026-08-25 04:48:00-04:00,7695.25,7695.25,7693.75,7694.25,177
2026-08-25 04:49:00-04:00,7694.25,7695.0,7694.0,7694.75,83
2026-08-25 04:50:00-04:00,7694.75,7697.25,7694.5,7697.0,343
2026-08-25 04:51:00-04:00,7696.5,7697.0,7695.0,7695.25,135
2026-08-25 04:52:00-04:00,7695.25,7695.75,7694.5,7695.25,86
2026-08-25 04:53:00-04:00,7695.5,7695.5,7694.5,7694.5,74
2026-08-25 04:54:00-04:00,7694.75,7695.0,7694.5,7694.5,65
2026-08-25 04:55:00-04:00,7694.5,7694.5,7694.0,7694.0,74
2026-08-25 04:56:00-04:00,7694.0,7695.0,7693.25,7695.0,138
2026-08-25 04:57:00-04:00,7695.0,7695.25,7694.75,7695.0,61
2026-08-25 04:58:00-04:00,7695.0,7696.75,7695.0,7696.25,178
2026-08-25 04:59:00-04:00,7696.25,7697.25,7696.0,7697.0,111
2026-08-25 05:00:00-04:00,7697.0,7697.25,7695.5,7696.75,130
2026-08-25 05:01:00-04:00,7697.0,7697.25,7695.75,7695.75,119
2026-08-25 05:02:00-04:00,7695.75,7697.0,7694.5,7696.25,174
2026-08-25 05:03:00-04:00,7695.5,7696.0,7694.5,7695.5,170
2026-08-25 05:04:00-04:00,7695.25,7697.5,7695.25,7697.25,105
2026-08-25 05:05:00-04:00,7697.5,7697.5,7696.0,7697.5,79
2026-08-25 05:06:00-04:00,7697.75,7699.0,7697.25,7698.0,294
2026-08-25 05:07:00-04:00,7698.0,7699.5,7697.5,7699.25,344
2026-08-25 05:08:00-04:00,7699.0,7699.5,7697.75,7698.0,182
2026-08-25 05:09:00-04:00,7698.0,7698.25,7697.5,7697.75,76
2026-08-25 05:10:00-04:00,7698.0,7698.25,7697.75,7698.25,84
2026-08-25 05:11:00-04:00,7698.25,7699.75,7697.75,7698.75,219
2026-08-25 05:12:00-04:00,7699.0,7699.0,7697.75,7698.75,163
2026-08-25 05:13:00-04:00,7698.75,7700.75,7698.75,7700.75,375
2026-08-25 05:14:00-04:00,7700.75,7701.0,7698.75,7699.0,357
2026-08-25 05:15:00-04:00,7698.75,7699.5,7698.75,7699.0,131
2026-08-25 05:16:00-04:00,7698.75,7699.75,7698.75,7699.25,62
2026-08-25 05:17:00-04:00,7699.25,7699.5,7698.75,7699.5,85
2026-08-25 05:18:00-04:00,7699.5,7700.25,7699.5,7699.5,116
2026-08-25 05:19:00-04:00,7699.75,7700.5,7699.0,7699.75,94
2026-08-25 05:20:00-04:00,7700.25,7700.5,7700.0,7700.5,202
2026-08-25 05:21:00-04:00,7700.5,7700.75,7699.25,7699.25,168
2026-08-25 05:22:00-04:00,7699.5,7700.25,7699.5,7699.75,132
2026-08-25 05:23:00-04:00,7700.0,7700.0,7699.5,7699.75,121
2026-08-25 05:24:00-04:00,7700.0,7700.25,7699.25,7699.5,181
2026-08-25 05:25:00-04:00,7699.5,7699.5,7698.0,7698.5,187
2026-08-25 05:26:00-04:00,7698.5,7698.75,7697.5,7698.5,213
2026-08-25 05:27:00-04:00,7698.25,7698.25,7697.5,7697.75,167
2026-08-25 05:28:00-04:00,7697.75,7699.0,7697.5,7698.25,127
2026-08-25 05:29:00-04:00,7698.5,7699.25,7698.5,7699.25,99
2026-08-25 05:30:00-04:00,7699.25,7699.5,7698.75,7699.25,90
2026-08-25 05:31:00-04:00,7699.25,7699.5,7699.0,7699.5,44
2026-08-25 05:32:00-04:00,7699.5,7701.0,7699.5,7700.75,200
2026-08-25 05:33:00-04:00,7701.0,7701.75,7700.25,7701.25,347
2026-08-25 05:34:00-04:00,7701.0,7709.5,7701.0,7708.25,2953
2026-08-25 05:35:00-04:00,7708.25,7708.75,7706.0,7706.25,837
2026-08-25 05:36:00-04:00,7706.5,7707.75,7706.0,7706.25,332
2026-08-25 05:37:00-04:00,7706.0,7707.25,7704.75,7705.0,349
2026-08-25 05:38:00-04:00,7705.25,7705.5,7703.5,7705.25,361
2026-08-25 05:39:00-04:00,7705.0,7705.25,7703.5,7704.25,120
2026-08-25 05:40:00-04:00,7704.5,7706.75,7704.0,7706.5,188
2026-08-25 05:41:00-04:00,7706.5,7708.5,7706.25,7708.25,254
2026-08-25 05:42:00-04:00,7708.0,7708.25,7706.25,7707.0,221
2026-08-25 05:43:00-04:00,7707.0,7707.75,7706.25,7706.5,314
2026-08-25 05:44:00-04:00,7706.75,7706.75,7705.0,7705.0,164
2026-08-25 05:45:00-04:00,7705.25,7706.0,7704.25,7706.0,269
2026-08-25 05:46:00-04:00,7706.25,7707.75,7706.25,7707.5,142
2026-08-25 05:47:00-04:00,7707.5,7708.75,7706.0,7706.0,340
2026-08-25 05:48:00-04:00,7706.5,7707.75,7706.25,7707.5,97
2026-08-25 05:49:00-04:00,7707.5,7709.0,7707.5,7709.0,186
2026-08-25 05:50:00-04:00,7709.0,7709.5,7708.5,7709.0,276
2026-08-25 05:51:00-04:00,7709.0,7709.5,7708.5,7709.25,168
2026-08-25 05:52:00-04:00,7709.5,7710.5,7709.0,7710.0,404
2026-08-25 05:53:00-04:00,7710.25,7711.0,7710.0,7710.25,219
2026-08-25 05:54:00-04:00,7710.25,7711.0,7709.75,7710.5,283
2026-08-25 05:55:00-04:00,7710.75,7712.0,7710.5,7711.5,359
2026-08-25 05:56:00-04:00,7711.75,7711.75,7710.5,7710.5,157
2026-08-25 05:57:00-04:00,7710.0,7714.0,7709.75,7710.5,1327
2026-08-25 05:58:00-04:00,7710.5,7710.75,7708.75,7709.25,266
2026-08-25 05:59:00-04:00,7709.5,7710.25,7709.0,7709.5,75
2026-08-25 06:00:00-04:00,7709.25,7709.75,7708.5,7708.75,174
2026-08-25 06:01:00-04:00,7708.75,7708.75,7706.75,7707.25,239
2026-08-25 06:02:00-04:00,7707.25,7707.5,7705.75,7706.75,347
2026-08-25 06:03:00-04:00,7706.5,7706.75,7705.75,7705.75,94
2026-08-25 06:04:00-04:00,7705.75,7706.25,7705.0,7706.25,284
2026-08-25 06:05:00-04:00,7706.5,7707.75,7706.25,7707.75,184
2026-08-25 06:06:00-04:00,7707.5,7707.75,7706.5,7707.0,148
2026-08-25 06:07:00-04:00,7706.75,7707.25,7706.5,7707.25,111
2026-08-25 06:08:00-04:00,7707.5,7708.75,7707.25,7708.5,226
2026-08-25 06:09:00-04:00,7708.5,7710.0,7708.25,7709.5,286
2026-08-25 06:10:00-04:00,7709.5,7710.0,7708.75,7709.0,116
2026-08-25 06:11:00-04:00,7709.25,7710.25,7708.75,7709.0,172
2026-08-25 06:12:00-04:00,7708.75,7709.0,7708.25,7708.5,154
2026-08-25 06:13:00-04:00,7708.25,7708.25,7706.5,7707.0,260
2026-08-25 06:14:00-04:00,7707.0,7708.0,7706.75,7707.75,187
2026-08-25 06:15:00-04:00,7708.0,7708.0,7707.25,7707.25,113
2026-08-25 06:16:00-04:00,7707.25,7707.5,7706.25,7706.5,203
2026-08-25 06:17:00-04:00,7706.5,7706.5,7705.75,7706.0,196
2026-08-25 06:18:00-04:00,7706.25,7706.5,7705.25,7705.5,259
2026-08-25 06:19:00-04:00,7705.25,7706.5,7705.25,7706.0,161
2026-08-25 06:20:00-04:00,7706.0,7706.25,7705.0,7705.0,207
2026-08-25 06:21:00-04:00,7705.25,7705.75,7705.0,7705.75,220
2026-08-25 06:22:00-04:00,7705.75,7706.0,7705.0,7705.25,107
2026-08-25 06:23:00-04:00,7705.5,7705.75,7705.0,7705.75,134
2026-08-25 06:24:00-04:00,7705.75,7705.75,7705.0,7705.25,147
2026-08-25 06:25:00-04:00,7705.0,7705.0,7704.0,7704.5,192
2026-08-25 06:26:00-04:00,7704.25,7705.25,7704.25,7704.75,108
2026-08-25 06:27:00-04:00,7704.5,7705.0,7704.5,7704.5,69
2026-08-25 06:28:00-04:00,7704.25,7704.5,7704.0,7704.0,69
2026-08-25 06:29:00-04:00,7704.0,7704.0,7703.25,7703.5,220
2026-08-25 06:30:00-04:00,7703.5,7704.0,7703.25,7703.75,181
2026-08-25 06:31:00-04:00,7704.0,7704.25,7703.5,7703.75,161
2026-08-25 06:32:00-04:00,7703.75,7704.0,7703.25,7703.25,120
2026-08-25 06:33:00-04:00,7703.0,7703.25,7702.25,7703.0,243
2026-08-25 06:34:00-04:00,7702.75,7703.5,7702.75,7703.25,61
2026-08-25 06:35:00-04:00,7703.25,7703.25,7701.75,7702.75,368
2026-08-25 06:36:00-04:00,7702.75,7703.25,7702.5,7703.0,94
2026-08-25 06:37:00-04:00,7703.25,7703.25,7702.75,7702.75,95
2026-08-25 06:38:00-04:00,7702.75,7703.25,7702.5,7703.0,65
2026-08-25 06:39:00-04:00,7703.0,7703.0,7702.5,7702.75,70
2026-08-25 06:40:00-04:00,7702.75,7703.5,7702.75,7702.75,69
2026-08-25 06:41:00-04:00,7702.5,7703.0,7702.5,7702.5,67
2026-08-25 06:42:00-04:00,7702.25,7702.75,7701.75,7701.75,106
2026-08-25 06:43:00-04:00,7702.0,7702.0,7700.5,7700.75,353
2026-08-25 06:44:00-04:00,7700.5,7701.0,7700.0,7700.0,214
2026-08-25 06:45:00-04:00,7700.0,7701.5,7700.0,7701.25,191
2026-08-25 06:46:00-04:00,7701.25,7702.0,7701.0,7701.75,90
2026-08-25 06:47:00-04:00,7701.75,7702.5,7701.5,7702.0,78
2026-08-25 06:48:00-04:00,7701.75,7702.25,7701.5,7702.25,85
2026-08-25 06:49:00-04:00,7702.25,7702.25,7701.75,7702.25,70
2026-08-25 06:50:00-04:00,7702.25,7702.5,7701.75,7702.0,86
2026-08-25 06:51:00-04:00,7701.75,7702.75,7701.75,7702.0,160
2026-08-25 06:52:00-04:00,7702.0,7703.0,7702.0,7702.5,124
2026-08-25 06:53:00-04:00,7702.75,7703.0,7702.5,7703.0,205
2026-08-25 06:54:00-04:00,7703.0,7703.0,7702.0,7702.0,109
2026-08-25 06:55:00-04:00,7702.0,7702.0,7701.25,7701.5,120
2026-08-25 06:56:00-04:00,7701.5,7702.5,7701.5,7702.5,40
2026-08-25 06:57:00-04:00,7702.75,7702.75,7701.0,7701.25,68
2026-08-25 06:58:00-04:00,7701.25,7701.5,7700.75,7701.5,95
2026-08-25 06:59:00-04:00,7701.5,7702.0,7701.5,7702.0,70
2026-08-25 07:00:00-04:00,7702.0,7702.5,7700.75,7700.75,283
2026-08-25 07:01:00-04:00,7700.75,7700.75,7699.0,7699.75,495
2026-08-25 07:02:00-04:00,7699.75,7700.0,7698.75,7698.75,263
2026-08-25 07:03:00-04:00,7698.75,7699.25,7698.25,7698.75,288
2026-08-25 07:04:00-04:00,7698.75,7699.5,7698.75,7699.0,69
2026-08-25 07:05:00-04:00,7698.5,7698.75,7698.0,7698.25,142
2026-08-25 07:06:00-04:00,7698.25,7698.5,7697.5,7697.75,116
2026-08-25 07:07:00-04:00,7697.5,7698.0,7697.0,7697.75,228
2026-08-25 07:08:00-04:00,7697.5,7698.0,7697.5,7698.0,506
2026-08-25 07:09:00-04:00,7698.0,7698.25,7693.0,7697.25,1443
2026-08-25 07:10:00-04:00,7697.0,7698.75,7696.25,7698.75,371
2026-08-25 07:11:00-04:00,7698.75,7699.0,7697.5,7697.5,179
2026-08-25 07:12:00-04:00,7697.25,7698.25,7697.25,7698.0,68
2026-08-25 07:13:00-04:00,7698.0,7698.25,7696.5,7697.5,158
2026-08-25 07:14:00-04:00,7697.5,7698.5,7697.25,7698.5,106
2026-08-25 07:15:00-04:00,7698.5,7699.25,7698.5,7698.75,169
2026-08-25 07:16:00-04:00,7698.75,7699.0,7697.0,7697.0,214
2026-08-25 07:17:00-04:00,7697.0,7698.0,7697.0,7697.0,99
2026-08-25 07:18:00-04:00,7697.0,7698.0,7696.5,7697.75,143
2026-08-25 07:19:00-04:00,7697.5,7698.0,7697.5,7697.75,41
2026-08-25 07:20:00-04:00,7698.0,7699.75,7697.75,7699.0,164
2026-08-25 07:21:00-04:00,7699.0,7699.25,7698.5,7698.5,130
2026-08-25 07:22:00-04:00,7698.5,7699.0,7697.75,7698.25,128
2026-08-25 07:23:00-04:00,7698.25,7699.75,7698.25,7699.5,123
2026-08-25 07:24:00-04:00,7699.5,7700.25,7699.5,7699.5,347
2026-08-25 07:25:00-04:00,7699.75,7699.75,7698.5,7698.75,101
2026-08-25 07:26:00-04:00,7699.0,7699.0,7696.5,7698.5,373
2026-08-25 07:27:00-04:00,7698.25,7698.5,7697.5,7697.5,56
2026-08-25 07:28:00-04:00,7697.75,7698.25,7697.75,7698.25,42
2026-08-25 07:29:00-04:00,7698.5,7699.25,7698.25,7699.0,72
2026-08-25 07:30:00-04:00,7698.75,7700.5,7698.75,7700.5,269
2026-08-25 07:31:00-04:00,7700.5,7701.0,7699.75,7700.0,237
2026-08-25 07:32:00-04:00,7700.0,7700.0,7699.0,7699.0,73
2026-08-25 07:33:00-04:00,7699.25,7699.75,7698.75,7699.25,101
2026-08-25 07:34:00-04:00,7699.5,7700.0,7698.5,7699.0,122
2026-08-25 07:35:00-04:00,7698.75,7700.25,7698.75,7700.25,224
2026-08-25 07:36:00-04:00,7700.25,7700.25,7699.25,7699.75,188
2026-08-25 07:37:00-04:00,7700.0,7700.25,7699.75,7699.75,75
2026-08-25 07:38:00-04:00,7700.0,7701.25,7699.75,7700.75,244
2026-08-25 07:39:00-04:00,7701.0,7701.75,7700.75,7701.5,247
2026-08-25 07:40:00-04:00,7701.75,7702.25,7701.25,7702.25,466
2026-08-25 07:41:00-04:00,7702.25,7702.75,7701.75,7702.25,284
2026-08-25 07:42:00-04:00,7702.25,7702.5,7701.0,7701.0,179
2026-08-25 07:43:00-04:00,7700.75,7701.75,7700.5,7701.0,122
2026-08-25 07:44:00-04:00,7701.25,7702.0,7701.0,7701.5,110
2026-08-25 07:45:00-04:00,7701.75,7702.75,7701.5,7702.25,123
2026-08-25 07:46:00-04:00,7702.5,7703.25,7701.75,7703.0,204
2026-08-25 07:47:00-04:00,7703.0,7704.5,7702.75,7704.0,381
2026-08-25 07:48:00-04:00,7703.75,7704.5,7703.5,7704.5,150
2026-08-25 07:49:00-04:00,7704.25,7705.0,7704.25,7704.75,180
2026-08-25 07:50:00-04:00,7704.75,7706.5,7704.25,7706.0,408
2026-08-25 07:51:00-04:00,7706.0,7706.0,7704.5,7704.75,420
2026-08-25 07:52:00-04:00,7704.75,7705.25,7703.75,7703.75,204
2026-08-25 07:53:00-04:00,7704.0,7704.25,7703.0,7703.5,241
2026-08-25 07:54:00-04:00,7703.25,7704.5,7703.0,7703.75,314
2026-08-25 07:55:00-04:00,7703.75,7703.75,7703.0,7703.5,132
2026-08-25 07:56:00-04:00,7703.75,7704.25,7703.5,7704.0,98
2026-08-25 07:57:00-04:00,7704.0,7704.0,7703.25,7704.0,92
2026-08-25 07:58:00-04:00,7704.25,7704.5,7703.5,7703.5,159
2026-08-25 07:59:00-04:00,7703.75,7705.0,7703.0,7705.0,309
2026-08-25 08:00:00-04:00,7704.75,7705.75,7704.25,7704.25,297
2026-08-25 08:01:00-04:00,7704.25,7704.75,7703.5,7704.0,193
2026-08-25 08:02:00-04:00,7703.75,7704.5,7703.5,7703.5,108
2026-08-25 08:03:00-04:00,7703.0,7703.25,7701.25,7703.25,594
2026-08-25 08:04:00-04:00,7703.25,7704.75,7703.0,7704.5,196
2026-08-25 08:05:00-04:00,7704.5,7704.5,7703.0,7703.75,175
2026-08-25 08:06:00-04:00,7703.5,7704.0,7703.5,7703.5,167
2026-08-25 08:07:00-04:00,7703.5,7704.25,7703.0,7704.0,165
2026-08-25 08:08:00-04:00,7703.5,7705.75,7703.25,7705.0,346
2026-08-25 08:09:00-04:00,7704.75,7705.25,7704.5,7705.0,160
2026-08-25 08:10:00-04:00,7705.0,7705.5,7704.25,7704.75,238
2026-08-25 08:11:00-04:00,7705.0,7705.0,7704.25,7705.0,149
2026-08-25 08:12:00-04:00,7704.75,7704.75,7701.5,7704.25,553
2026-08-25 08:13:00-04:00,7703.75,7704.0,7703.5,7703.75,113
2026-08-25 08:14:00-04:00,7703.75,7704.5,7703.75,7704.25,77
2026-08-25 08:15:00-04:00,7704.25,7705.0,7704.0,7704.25,175
2026-08-25 08:16:00-04:00,7704.75,7704.75,7704.0,7704.25,86
2026-08-25 08:17:00-04:00,7704.5,7706.5,7704.5,7706.25,334
2026-08-25 08:18:00-04:00,7706.25,7708.75,7705.25,7707.0,1156
2026-08-25 08:19:00-04:00,7707.25,7707.5,7706.75,7706.75,147
2026-08-25 08:20:00-04:00,7707.0,7707.0,7704.25,7704.5,261
2026-08-25 08:21:00-04:00,7704.5,7705.0,7703.25,7704.0,420
2026-08-25 08:22:00-04:00,7704.0,7704.5,7703.75,7704.0,143
2026-08-25 08:23:00-04:00,7704.25,7704.25,7703.5,7703.75,141
2026-08-25 08:24:00-04:00,7704.0,7704.5,7703.75,7704.5,66
2026-08-25 08:25:00-04:00,7704.75,7705.75,7704.75,7705.75,257
2026-08-25 08:26:00-04:00,7705.25,7706.0,7704.5,7705.5,228
2026-08-25 08:27:00-04:00,7705.5,7705.5,7705.0,7705.25,77
2026-08-25 08:28:00-04:00,7705.0,7705.75,7705.0,7705.75,57
2026-08-25 08:29:00-04:00,7705.5,7705.5,7705.0,7705.5,53
2026-08-25 08:30:00-04:00,7705.25,7705.5,7703.0,7703.25,439
2026-08-25 08:31:00-04:00,7703.5,7703.5,7701.5,7701.5,496
2026-08-25 08:32:00-04:00,7701.25,7701.5,7700.25,7700.75,499
2026-08-25 08:33:00-04:00,7701.0,7701.25,7700.25,7700.5,200
2026-08-25 08:34:00-04:00,7700.25,7700.5,7698.25,7699.0,1185
2026-08-25 08:35:00-04:00,7699.25,7699.25,7697.75,7698.0,384
2026-08-25 08:36:00-04:00,7698.0,7699.0,7697.25,7697.5,516
2026-08-25 08:37:00-04:00,7697.25,7697.75,7695.75,7696.25,612
2026-08-25 08:38:00-04:00,7696.25,7696.75,7695.75,7696.25,289
2026-08-25 08:39:00-04:00,7696.5,7696.5,7695.5,7695.75,386
2026-08-25 08:40:00-04:00,7695.5,7695.75,7694.75,7695.5,402
2026-08-25 08:41:00-04:00,7695.75,7697.0,7695.5,7696.25,537
2026-08-25 08:42:00-04:00,7696.5,7697.25,7696.25,7697.0,324
2026-08-25 08:43:00-04:00,7696.75,7698.0,7696.75,7698.0,352
2026-08-25 08:44:00-04:00,7698.0,7698.25,7696.75,7697.5,379
2026-08-25 08:45:00-04:00,7697.25,7698.0,7696.75,7696.75,470
2026-08-25 08:46:00-04:00,7696.75,7697.5,7696.5,7696.75,230
2026-08-25 08:47:00-04:00,7696.75,7697.25,7696.5,7696.5,180
2026-08-25 08:48:00-04:00,7696.75,7697.75,7696.5,7697.0,127
2026-08-25 08:49:00-04:00,7697.25,7697.5,7696.75,7697.5,97
2026-08-25 08:50:00-04:00,7697.5,7699.25,7697.5,7699.25,459
2026-08-25 08:51:00-04:00,7699.5,7700.0,7699.0,7699.0,484
2026-08-25 08:52:00-04:00,7699.0,7700.0,7698.0,7699.75,470
2026-08-25 08:53:00-04:00,7700.0,7700.75,7698.25,7699.0,1090
2026-08-25 08:54:00-04:00,7698.75,7699.25,7698.5,7698.75,131
2026-08-25 08:55:00-04:00,7698.75,7699.0,7698.5,7698.5,99
2026-08-25 08:56:00-04:00,7698.5,7699.25,7698.25,7698.75,174
2026-08-25 08:57:00-04:00,7698.75,7699.0,7698.0,7698.0,293
2026-08-25 08:58:00-04:00,7698.0,7698.25,7697.25,7697.25,390
2026-08-25 08:59:00-04:00,7697.5,7698.5,7697.25,7698.0,187
2026-08-25 09:00:00-04:00,7697.75,7699.75,7697.75,7697.75,664
2026-08-25 09:01:00-04:00,7697.75,7698.5,7697.25,7697.25,424
2026-08-25 09:02:00-04:00,7697.25,7697.5,7696.5,7697.25,414
2026-08-25 09:03:00-04:00,7697.25,7698.0,7696.5,7697.75,302
2026-08-25 09:04:00-04:00,7697.75,7698.0,7697.0,7697.5,295
2026-08-25 09:05:00-04:00,7697.75,7698.0,7696.75,7697.5,374
2026-08-25 09:06:00-04:00,7697.5,7698.5,7697.0,7697.0,388
2026-08-25 09:07:00-04:00,7697.0,7698.5,7696.75,7697.75,297
2026-08-25 09:08:00-04:00,7697.5,7698.0,7695.5,7696.0,948
2026-08-25 09:09:00-04:00,7696.25,7697.5,7696.0,7697.0,262
2026-08-25 09:10:00-04:00,7697.25,7699.25,7697.0,7699.25,674
2026-08-25 09:11:00-04:00,7699.0,7700.0,7697.0,7698.75,1233
2026-08-25 09:12:00-04:00,7698.75,7700.25,7698.25,7699.25,492
2026-08-25 09:13:00-04:00,7699.5,7700.5,7698.25,7700.25,428
2026-08-25 09:14:00-04:00,7700.0,7700.0,7697.75,7698.5,418
2026-08-25 09:15:00-04:00,7698.0,7698.5,7696.75,7697.0,590
2026-08-25 09:16:00-04:00,7696.75,7699.0,7696.75,7697.5,426
2026-08-25 09:17:00-04:00,7697.5,7700.0,7697.5,7700.0,609
2026-08-25 09:18:00-04:00,7699.75,7700.75,7699.0,7700.0,830
2026-08-25 09:19:00-04:00,7700.0,7700.5,7699.0,7699.25,466
2026-08-25 09:20:00-04:00,7699.0,7699.5,7698.0,7698.5,600
2026-08-25 09:21:00-04:00,7698.75,7698.75,7697.25,7697.5,210
2026-08-25 09:22:00-04:00,7697.75,7698.0,7696.75,7697.0,352
2026-08-25 09:23:00-04:00,7697.0,7698.0,7696.75,7697.5,373
2026-08-25 09:24:00-04:00,7697.5,7697.75,7696.75,7697.0,344
2026-08-25 09:25:00-04:00,7697.25,7700.0,7697.0,7699.75,1104
2026-08-25 09:26:00-04:00,7699.25,7700.0,7699.25,7700.0,285
2026-08-25 09:27:00-04:00,7700.0,7700.25,7697.5,7697.75,1043
2026-08-25 09:28:00-04:00,7698.0,7698.25,7696.75,7696.75,850
2026-08-25 09:29:00-04:00,7697.0,7697.25,7694.75,7695.0,1211
2026-08-25 09:30:00-04:00,7695.0,7697.75,7692.5,7696.0,6562
2026-08-25 09:31:00-04:00,7696.0,7698.75,7692.75,7695.0,3893
2026-08-25 09:32:00-04:00,7695.0,7700.0,7695.0,7696.75,3366
2026-08-25 09:33:00-04:00,7696.75,7700.0,7694.75,7700.0,2800
2026-08-25 09:34:00-04:00,7699.75,7701.25,7698.0,7700.5,3029
2026-08-25 09:35:00-04:00,7700.0,7700.5,7697.25,7697.75,3423
2026-08-25 09:36:00-04:00,7698.0,7699.25,7695.25,7695.75,3172
2026-08-25 09:37:00-04:00,7695.75,7699.75,7695.5,7699.25,2385
2026-08-25 09:38:00-04:00,7699.25,7699.5,7695.0,7695.5,2399
2026-08-25 09:39:00-04:00,7695.5,7697.75,7694.5,7695.0,3105
2026-08-25 09:40:00-04:00,7695.25,7697.5,7694.25,7696.75,3875
2026-08-25 09:41:00-04:00,7697.0,7699.75,7696.0,7697.25,2614
2026-08-25 09:42:00-04:00,7697.25,7698.5,7694.75,7696.0,2463
2026-08-25 09:43:00-04:00,7695.75,7696.0,7692.0,7694.0,4524
2026-08-25 09:44:00-04:00,7694.0,7695.75,7693.5,7694.75,2696
2026-08-25 09:45:00-04:00,7694.75,7698.5,7694.5,7695.5,4834
2026-08-25 09:46:00-04:00,7695.5,7698.5,7694.5,7697.5,2714
2026-08-25 09:47:00-04:00,7697.75,7697.75,7695.25,7697.5,1821
2026-08-25 09:48:00-04:00,7697.25,7700.0,7696.25,7700.0,2774
2026-08-25 09:49:00-04:00,7700.0,7700.5,7697.75,7698.0,2949
2026-08-25 09:50:00-04:00,7698.0,7698.75,7695.25,7695.5,3821
2026-08-25 09:51:00-04:00,7695.5,7696.75,7694.5,7695.75,2322
2026-08-25 09:52:00-04:00,7695.75,7696.25,7693.25,7694.75,2891
2026-08-25 09:53:00-04:00,7694.75,7695.5,7693.75,7695.25,1783
2026-08-25 09:54:00-04:00,7695.0,7695.75,7693.0,7693.25,1839
2026-08-25 09:55:00-04:00,7693.25,7694.0,7690.25,7691.25,4308
2026-08-25 09:56:00-04:00,7691.0,7692.0,7689.25,7691.5,4038
2026-08-25 09:57:00-04:00,7691.5,7692.25,7689.5,7689.75,3080
2026-08-25 09:58:00-04:00,7690.0,7690.25,7688.25,7689.5,2553
2026-08-25 09:59:00-04:00,7689.5,7690.25,7688.0,7690.0,1674
2026-08-25 10:00:00-04:00,7689.75,7690.75,7687.5,7689.75,2954
2026-08-25 10:01:00-04:00,7689.75,7690.75,7687.75,7690.25,2368
2026-08-25 10:02:00-04:00,7690.25,7691.25,7686.75,7687.75,4837
2026-08-25 10:03:00-04:00,7688.0,7689.75,7687.0,7687.25,2344
2026-08-25 10:04:00-04:00,7687.5,7688.0,7685.25,7688.0,3807
2026-08-25 10:05:00-04:00,7687.75,7689.0,7687.0,7688.0,2425
2026-08-25 10:06:00-04:00,7687.5,7688.5,7685.5,7685.5,2148
2026-08-25 10:07:00-04:00,7685.75,7687.25,7684.5,7685.0,2829
2026-08-25 10:08:00-04:00,7685.0,7686.75,7684.5,7685.25,1714
2026-08-25 10:09:00-04:00,7685.25,7686.75,7684.5,7686.5,1889
2026-08-25 10:10:00-04:00,7686.5,7688.5,7686.0,7686.75,3108
2026-08-25 10:11:00-04:00,7687.0,7687.25,7684.5,7684.5,2624
2026-08-25 10:12:00-04:00,7685.5,7687.0,7685.0,7686.75,1438
2026-08-25 10:13:00-04:00,7686.75,7687.25,7684.5,7686.25,1919
2026-08-25 10:14:00-04:00,7686.0,7686.5,7684.0,7685.0,1984
2026-08-25 10:15:00-04:00,7684.5,7686.75,7683.5,7686.75,2343
2026-08-25 10:16:00-04:00,7686.25,7688.0,7686.0,7686.25,2535
2026-08-25 10:17:00-04:00,7686.25,7686.5,7685.0,7686.25,1425
2026-08-25 10:18:00-04:00,7686.0,7688.5,7685.5,7688.5,2355
2026-08-25 10:19:00-04:00,7688.0,7689.5,7686.5,7687.25,3243
2026-08-25 10:20:00-04:00,7687.5,7688.0,7686.0,7687.0,2035
2026-08-25 10:21:00-04:00,7687.0,7687.25,7684.5,7684.75,2448
2026-08-25 10:22:00-04:00,7684.5,7685.25,7682.75,7683.0,3244
2026-08-25 10:23:00-04:00,7683.0,7683.75,7681.5,7681.75,4032
2026-08-25 10:24:00-04:00,7681.75,7684.5,7681.25,7684.0,3192
2026-08-25 10:25:00-04:00,7684.25,7685.0,7683.0,7683.25,2295
2026-08-25 10:26:00-04:00,7683.25,7684.5,7682.25,7684.0,1679
2026-08-25 10:27:00-04:00,7684.0,7684.25,7683.0,7683.25,1761
2026-08-25 10:28:00-04:00,7683.25,7683.5,7681.75,7682.0,1330
2026-08-25 10:29:00-04:00,7682.0,7682.5,7679.75,7680.0,3399
2026-08-25 10:30:00-04:00,7680.0,7680.25,7662.75,7676.5,21543
2026-08-25 10:31:00-04:00,7676.75,7679.5,7676.25,7679.0,5057
2026-08-25 10:32:00-04:00,7679.0,7682.0,7678.5,7679.75,5033
2026-08-25 10:33:00-04:00,7680.0,7681.0,7678.5,7680.5,2231
2026-08-25 10:34:00-04:00,7680.75,7681.0,7676.0,7676.25,3030
2026-08-25 10:35:00-04:00,7676.5,7679.25,7676.25,7677.25,2126
2026-08-25 10:36:00-04:00,7677.25,7680.75,7677.25,7680.5,1901
2026-08-25 10:37:00-04:00,7680.5,7680.75,7679.5,7680.75,1002
2026-08-25 10:38:00-04:00,7680.5,7681.75,7679.75,7681.0,1964
2026-08-25 10:39:00-04:00,7681.25,7683.75,7681.25,7683.0,2969
2026-08-25 10:40:00-04:00,7683.0,7683.5,7680.25,7680.5,2214
2026-08-25 10:41:00-04:00,7680.5,7681.0,7678.0,7678.5,2766
2026-08-25 10:42:00-04:00,7678.75,7679.0,7675.5,7676.0,2858
2026-08-25 10:43:00-04:00,7676.25,7677.25,7674.5,7676.0,2646
2026-08-25 10:44:00-04:00,7676.0,7676.75,7674.5,7676.75,1614
2026-08-25 10:45:00-04:00,7676.25,7676.5,7674.5,7675.5,1843
2026-08-25 10:46:00-04:00,7675.75,7678.25,7674.75,7675.75,2139
2026-08-25 10:47:00-04:00,7675.5,7677.0,7675.25,7676.5,1387
2026-08-25 10:48:00-04:00,7676.25,7677.0,7675.0,7675.25,1298
2026-08-25 10:49:00-04:00,7675.25,7676.25,7674.75,7675.5,1479
2026-08-25 10:50:00-04:00,7675.0,7675.75,7673.25,7675.5,1887
2026-08-25 10:51:00-04:00,7675.75,7677.5,7674.25,7677.5,1732
2026-08-25 10:52:00-04:00,7677.5,7679.25,7677.0,7679.0,2062
2026-08-25 10:53:00-04:00,7679.0,7681.0,7678.5,7681.0,1880
2026-08-25 10:54:00-04:00,7680.75,7681.25,7679.5,7679.5,1306
2026-08-25 10:55:00-04:00,7679.5,7680.75,7679.0,7680.0,1295
2026-08-25 10:56:00-04:00,7680.0,7680.5,7677.75,7678.5,2017
2026-08-25 10:57:00-04:00,7678.5,7681.25,7677.75,7681.25,1339
2026-08-25 10:58:00-04:00,7681.25,7681.25,7679.75,7680.75,1237
2026-08-25 10:59:00-04:00,7680.5,7681.75,7679.75,7680.25,1400
2026-08-25 11:00:00-04:00,7680.25,7681.0,7677.5,7679.0,2530
2026-08-25 11:01:00-04:00,7679.0,7681.0,7678.5,7678.5,1623
2026-08-25 11:02:00-04:00,7678.5,7679.75,7677.5,7678.75,1339
2026-08-25 11:03:00-04:00,7679.0,7679.5,7676.0,7677.0,1933
2026-08-25 11:04:00-04:00,7676.75,7679.0,7676.25,7677.5,1981
2026-08-25 11:05:00-04:00,7677.25,7679.5,7677.25,7679.5,1079
2026-08-25 11:06:00-04:00,7679.25,7679.5,7677.25,7678.25,1271
2026-08-25 11:07:00-04:00,7678.25,7681.0,7678.0,7678.75,1490
2026-08-25 11:08:00-04:00,7678.75,7679.5,7678.25,7679.5,709
2026-08-25 11:09:00-04:00,7679.5,7680.0,7678.75,7679.0,779
2026-08-25 11:10:00-04:00,7679.0,7679.75,7677.75,7679.25,1036
2026-08-25 11:11:00-04:00,7679.25,7681.25,7679.0,7680.75,1053
2026-08-25 11:12:00-04:00,7680.75,7681.0,7678.0,7678.75,1193
2026-08-25 11:13:00-04:00,7678.5,7679.5,7676.75,7677.25,1303
2026-08-25 11:14:00-04:00,7677.25,7679.0,7677.0,7678.75,1099
2026-08-25 11:15:00-04:00,7679.0,7680.5,7677.75,7680.25,1336
2026-08-25 11:16:00-04:00,7680.5,7681.0,7680.0,7680.75,1186
2026-08-25 11:17:00-04:00,7680.75,7681.5,7680.5,7681.0,730
2026-08-25 11:18:00-04:00,7681.0,7681.5,7679.0,7679.5,1294
2026-08-25 11:19:00-04:00,7679.5,7682.5,7679.0,7682.25,1455
2026-08-25 11:20:00-04:00,7682.25,7684.0,7682.0,7683.5,2500
2026-08-25 11:21:00-04:00,7683.5,7685.0,7683.5,7684.5,1824
2026-08-25 11:22:00-04:00,7684.75,7684.75,7683.5,7683.75,1018
2026-08-25 11:23:00-04:00,7684.0,7684.0,7679.75,7680.75,2931
2026-08-25 11:24:00-04:00,7680.75,7682.25,7680.5,7680.75,1354
2026-08-25 11:25:00-04:00,7681.0,7681.5,7679.25,7681.0,1149
2026-08-25 11:26:00-04:00,7681.0,7681.5,7680.25,7681.25,819
2026-08-25 11:27:00-04:00,7681.75,7684.0,7680.25,7684.0,1572
2026-08-25 11:28:00-04:00,7684.0,7686.25,7683.75,7685.5,2366
2026-08-25 11:29:00-04:00,7685.75,7687.0,7685.25,7686.0,1841
2026-08-25 11:30:00-04:00,7686.25,7686.75,7685.5,7686.25,2372
2026-08-25 11:31:00-04:00,7686.0,7687.0,7685.5,7685.75,1802
2026-08-25 11:32:00-04:00,7686.0,7686.0,7684.5,7685.0,1326
2026-08-25 11:33:00-04:00,7685.0,7691.0,7683.5,7688.25,6813
2026-08-25 11:34:00-04:00,7688.0,7688.5,7683.5,7684.0,3472
2026-08-25 11:35:00-04:00,7684.0,7690.0,7683.75,7686.25,9505
2026-08-25 11:36:00-04:00,7686.25,7686.75,7685.0,7685.75,1255
2026-08-25 11:37:00-04:00,7685.5,7686.0,7684.5,7685.25,1051
2026-08-25 11:38:00-04:00,7685.25,7686.0,7684.25,7685.75,617
2026-08-25 11:39:00-04:00,7685.5,7685.75,7683.75,7684.25,1008
2026-08-25 11:40:00-04:00,7684.25,7685.5,7683.5,7684.0,1077
2026-08-25 11:41:00-04:00,7683.75,7684.0,7682.0,7682.75,1949
2026-08-25 11:42:00-04:00,7682.75,7684.75,7682.25,7683.5,1201
2026-08-25 11:43:00-04:00,7683.5,7684.5,7683.25,7684.0,868
2026-08-25 11:44:00-04:00,7684.0,7685.25,7683.75,7685.25,840
2026-08-25 11:45:00-04:00,7685.0,7685.25,7682.75,7683.0,1237
2026-08-25 11:46:00-04:00,7683.25,7683.25,7681.5,7682.25,1635
2026-08-25 11:47:00-04:00,7682.25,7683.25,7680.25,7680.75,1604
2026-08-25 11:48:00-04:00,7680.75,7681.0,7679.25,7679.25,1427
2026-08-25 11:49:00-04:00,7679.5,7680.25,7679.0,7680.0,1303
2026-08-25 11:50:00-04:00,7680.25,7681.75,7679.25,7681.0,1394
2026-08-25 11:51:00-04:00,7681.25,7682.0,7680.5,7681.75,988
2026-08-25 11:52:00-04:00,7681.75,7683.0,7680.75,7681.5,1257
2026-08-25 11:53:00-04:00,7681.75,7684.75,7681.75,7684.5,1314
2026-08-25 11:54:00-04:00,7684.5,7686.25,7684.5,7685.5,1832
2026-08-25 11:55:00-04:00,7685.25,7686.75,7685.25,7686.5,942
2026-08-25 11:56:00-04:00,7686.5,7687.75,7686.25,7687.5,2479
2026-08-25 11:57:00-04:00,7687.5,7688.0,7687.0,7687.75,1044
2026-08-25 11:58:00-04:00,7687.5,7689.25,7687.5,7688.75,2581
2026-08-25 11:59:00-04:00,7688.75,7689.0,7687.0,7687.75,1979
2026-08-25 12:00:00-04:00,7687.75,7688.75,7687.25,7688.5,1506
2026-08-25 12:01:00-04:00,7688.75,7688.75,7687.5,7688.0,1202
2026-08-25 12:02:00-04:00,7688.0,7690.5,7688.0,7689.75,2671
2026-08-25 12:03:00-04:00,7690.0,7691.5,7689.75,7691.25,1918
2026-08-25 12:04:00-04:00,7691.25,7691.25,7688.25,7688.5,2072
2026-08-25 12:05:00-04:00,7688.75,7689.5,7687.75,7687.75,1692
2026-08-25 12:06:00-04:00,7688.0,7689.5,7687.75,7688.5,1169
2026-08-25 12:07:00-04:00,7688.75,7689.5,7688.25,7688.5,723
2026-08-25 12:08:00-04:00,7688.5,7689.0,7687.5,7687.5,954
2026-08-25 12:09:00-04:00,7687.75,7687.75,7686.25,7686.75,1684
2026-08-25 12:10:00-04:00,7686.75,7688.5,7686.5,7688.5,1558
2026-08-25 12:11:00-04:00,7688.5,7689.0,7687.25,7687.5,954
2026-08-25 12:12:00-04:00,7687.5,7687.75,7686.75,7686.75,778
2026-08-25 12:13:00-04:00,7687.25,7687.5,7686.25,7687.5,676
2026-08-25 12:14:00-04:00,7687.5,7688.5,7687.25,7688.5,608
2026-08-25 12:15:00-04:00,7688.25,7688.5,7687.25,7688.25,539
2026-08-25 12:16:00-04:00,7688.0,7689.25,7687.75,7688.5,989
2026-08-25 12:17:00-04:00,7688.25,7688.5,7687.25,7687.75,662
2026-08-25 12:18:00-04:00,7687.75,7689.25,7687.75,7688.75,675
2026-08-25 12:19:00-04:00,7688.75,7688.75,7687.75,7688.0,349
2026-08-25 12:20:00-04:00,7688.0,7688.25,7687.0,7687.75,808
2026-08-25 12:21:00-04:00,7687.75,7688.0,7687.0,7687.75,423
2026-08-25 12:22:00-04:00,7688.0,7689.25,7687.75,7688.5,450
2026-08-25 12:23:00-04:00,7688.5,7689.5,7688.25,7689.0,565
2026-08-25 12:24:00-04:00,7689.0,7689.5,7688.75,7689.5,929
2026-08-25 12:25:00-04:00,7689.25,7690.0,7689.0,7689.5,839
2026-08-25 12:26:00-04:00,7689.75,7689.75,7688.75,7688.75,1007
2026-08-25 12:27:00-04:00,7689.0,7690.5,7688.75,7690.25,760
2026-08-25 12:28:00-04:00,7690.25,7692.0,7689.75,7689.75,3129
2026-08-25 12:29:00-04:00,7689.75,7690.75,7689.75,7690.75,863
2026-08-25 12:30:00-04:00,7690.5,7691.5,7690.25,7691.0,958
2026-08-25 12:31:00-04:00,7691.25,7691.75,7690.75,7691.0,820
2026-08-25 12:32:00-04:00,7691.0,7691.75,7690.5,7691.5,475
2026-08-25 12:33:00-04:00,7691.25,7691.5,7690.5,7690.5,501
2026-08-25 12:34:00-04:00,7690.5,7690.75,7689.75,7690.5,1642
2026-08-25 12:35:00-04:00,7690.75,7691.0,7689.0,7689.5,1272
2026-08-25 12:36:00-04:00,7689.25,7689.75,7689.0,7689.5,1007
2026-08-25 12:37:00-04:00,7689.5,7690.75,7689.25,7690.0,817
2026-08-25 12:38:00-04:00,7690.0,7692.5,7690.0,7692.5,1239
2026-08-25 12:39:00-04:00,7692.5,7692.75,7691.5,7692.25,1144
2026-08-25 12:40:00-04:00,7692.0,7692.25,7691.0,7691.5,982
2026-08-25 12:41:00-04:00,7691.5,7692.25,7691.0,7691.0,692
2026-08-25 12:42:00-04:00,7691.0,7691.75,7691.0,7691.0,620
2026-08-25 12:43:00-04:00,7690.75,7691.0,7688.5,7688.75,1696
2026-08-25 12:44:00-04:00,7688.5,7689.0,7688.0,7688.75,1561
2026-08-25 12:45:00-04:00,7688.75,7690.5,7688.75,7689.5,1077
2026-08-25 12:46:00-04:00,7689.75,7691.0,7689.5,7690.5,661
2026-08-25 12:47:00-04:00,7690.5,7690.75,7688.25,7688.5,736
2026-08-25 12:48:00-04:00,7688.25,7689.0,7687.25,7688.5,2474
2026-08-25 12:49:00-04:00,7688.25,7689.75,7688.25,7689.25,696
2026-08-25 12:50:00-04:00,7689.5,7689.5,7687.25,7687.5,774
2026-08-25 12:51:00-04:00,7687.25,7687.75,7686.25,7686.5,1456
2026-08-25 12:52:00-04:00,7686.5,7688.25,7686.5,7688.25,1009
2026-08-25 12:53:00-04:00,7688.0,7688.25,7687.25,7687.5,711
2026-08-25 12:54:00-04:00,7687.5,7687.75,7686.5,7687.25,752
2026-08-25 12:55:00-04:00,7687.25,7687.75,7687.0,7687.5,583
2026-08-25 12:56:00-04:00,7687.5,7688.75,7687.25,7688.75,714
2026-08-25 12:57:00-04:00,7688.75,7690.0,7688.25,7688.5,1416
2026-08-25 12:58:00-04:00,7688.5,7689.75,7687.5,7689.75,1451
2026-08-25 12:59:00-04:00,7689.75,7692.25,7689.0,7690.75,2856
2026-08-25 13:00:00-04:00,7690.75,7691.0,7689.25,7689.5,1292
2026-08-25 13:01:00-04:00,7689.75,7691.75,7689.5,7690.25,1691
2026-08-25 13:02:00-04:00,7690.25,7691.0,7688.25,7688.25,1263
2026-08-25 13:03:00-04:00,7688.25,7689.5,7687.5,7688.0,859
2026-08-25 13:04:00-04:00,7688.0,7688.0,7686.5,7686.75,937
2026-08-25 13:05:00-04:00,7686.5,7687.0,7685.75,7686.0,1363
2026-08-25 13:06:00-04:00,7686.25,7686.75,7685.0,7686.25,1465
2026-08-25 13:07:00-04:00,7686.5,7686.5,7685.25,7685.25,548
2026-08-25 13:08:00-04:00,7685.25,7685.75,7682.25,7683.5,4345
2026-08-25 13:09:00-04:00,7683.5,7684.25,7683.25,7684.25,1138
2026-08-25 13:10:00-04:00,7684.0,7684.5,7682.75,7683.25,982
2026-08-25 13:11:00-04:00,7683.25,7683.75,7682.75,7683.5,916
2026-08-25 13:12:00-04:00,7683.5,7685.0,7683.25,7684.75,1043
2026-08-25 13:13:00-04:00,7684.75,7685.5,7684.0,7684.75,955
2026-08-25 13:14:00-04:00,7685.0,7686.5,7684.75,7686.0,1269
2026-08-25 13:15:00-04:00,7685.75,7686.0,7685.0,7686.0,669
2026-08-25 13:16:00-04:00,7685.75,7687.0,7685.5,7685.5,956
2026-08-25 13:17:00-04:00,7685.5,7686.25,7684.75,7686.25,693
2026-08-25 13:18:00-04:00,7686.25,7686.25,7685.25,7685.25,649
2026-08-25 13:19:00-04:00,7685.0,7687.5,7685.0,7687.25,981
2026-08-25 13:20:00-04:00,7687.25,7687.5,7685.0,7685.0,1296
2026-08-25 13:21:00-04:00,7685.0,7685.25,7683.75,7684.5,1390
2026-08-25 13:22:00-04:00,7684.5,7685.0,7684.0,7684.5,461
2026-08-25 13:23:00-04:00,7684.75,7685.0,7683.75,7684.0,375
2026-08-25 13:24:00-04:00,7684.0,7684.25,7683.25,7683.25,495
2026-08-25 13:25:00-04:00,7683.25,7683.25,7681.75,7681.75,1737
2026-08-25 13:26:00-04:00,7681.75,7682.25,7680.75,7681.0,1627
2026-08-25 13:27:00-04:00,7681.25,7681.75,7680.75,7680.75,749
2026-08-25 13:28:00-04:00,7680.75,7681.0,7679.25,7680.5,2895
2026-08-25 13:29:00-04:00,7680.75,7681.5,7680.5,7681.0,1191
2026-08-25 13:30:00-04:00,7681.25,7681.75,7680.25,7680.75,1342
2026-08-25 13:31:00-04:00,7680.75,7682.75,7680.75,7682.5,1154
2026-08-25 13:32:00-04:00,7682.25,7682.5,7681.25,7681.5,605
2026-08-25 13:33:00-04:00,7681.5,7682.5,7681.25,7682.25,497
2026-08-25 13:34:00-04:00,7682.25,7682.25,7680.75,7681.25,620
2026-08-25 13:35:00-04:00,7681.5,7682.0,7680.5,7681.25,818
2026-08-25 13:36:00-04:00,7681.25,7682.0,7680.75,7681.5,561
2026-08-25 13:37:00-04:00,7681.5,7682.5,7681.25,7682.25,435
2026-08-25 13:38:00-04:00,7682.0,7683.25,7681.5,7682.75,1358
2026-08-25 13:39:00-04:00,7682.5,7683.0,7682.0,7682.25,650
2026-08-25 13:40:00-04:00,7682.0,7682.75,7681.5,7681.5,810
2026-08-25 13:41:00-04:00,7681.5,7683.5,7681.5,7683.5,722
2026-08-25 13:42:00-04:00,7683.5,7683.5,7682.0,7682.0,562
2026-08-25 13:43:00-04:00,7682.0,7682.75,7682.0,7682.25,285
2026-08-25 13:44:00-04:00,7682.25,7682.25,7681.25,7681.75,370
2026-08-25 13:45:00-04:00,7681.75,7682.5,7681.5,7682.0,443
2026-08-25 13:46:00-04:00,7682.25,7682.5,7681.5,7682.25,632
2026-08-25 13:47:00-04:00,7682.25,7683.5,7681.5,7683.25,516
2026-08-25 13:48:00-04:00,7683.5,7683.75,7681.75,7682.0,760
2026-08-25 13:49:00-04:00,7682.0,7682.5,7681.75,7682.25,376
2026-08-25 13:50:00-04:00,7682.25,7682.25,7681.25,7682.0,529
2026-08-25 13:51:00-04:00,7682.0,7682.25,7681.5,7682.0,434
2026-08-25 13:52:00-04:00,7682.25,7683.75,7682.25,7683.25,819
2026-08-25 13:53:00-04:00,7683.25,7684.25,7683.0,7683.75,769
2026-08-25 13:54:00-04:00,7683.75,7684.5,7683.5,7684.25,878
2026-08-25 13:55:00-04:00,7684.25,7684.75,7683.75,7684.25,816
2026-08-25 13:56:00-04:00,7684.25,7684.25,7683.5,7683.5,332
2026-08-25 13:57:00-04:00,7683.5,7683.75,7682.25,7683.25,706
2026-08-25 13:58:00-04:00,7683.25,7684.0,7683.25,7684.0,429
2026-08-25 13:59:00-04:00,7684.0,7684.25,7683.25,7683.5,440
2026-08-25 14:00:00-04:00,7683.25,7683.5,7682.5,7682.5,716
2026-08-25 14:01:00-04:00,7682.75,7682.75,7681.5,7682.0,900
2026-08-25 14:02:00-04:00,7682.0,7682.5,7682.0,7682.5,383
2026-08-25 14:03:00-04:00,7682.25,7683.25,7681.5,7681.75,605
2026-08-25 14:04:00-04:00,7681.5,7681.75,7681.0,7681.0,752
2026-08-25 14:05:00-04:00,7681.25,7681.75,7681.0,7681.75,599
2026-08-25 14:06:00-04:00,7682.0,7683.25,7681.75,7683.0,790
2026-08-25 14:07:00-04:00,7683.0,7683.25,7681.5,7682.0,625
2026-08-25 14:08:00-04:00,7682.0,7682.25,7681.0,7681.25,718
2026-08-25 14:09:00-04:00,7681.25,7682.25,7681.25,7682.25,271
2026-08-25 14:10:00-04:00,7682.25,7682.5,7681.5,7682.25,476
2026-08-25 14:11:00-04:00,7682.25,7683.25,7682.0,7683.25,350
2026-08-25 14:12:00-04:00,7683.25,7683.75,7682.75,7683.0,718
2026-08-25 14:13:00-04:00,7683.0,7683.25,7681.75,7682.0,506
2026-08-25 14:14:00-04:00,7682.0,7682.25,7680.75,7680.75,464
2026-08-25 14:15:00-04:00,7681.25,7681.75,7680.75,7681.25,564
2026-08-25 14:16:00-04:00,7681.0,7681.25,7680.25,7680.75,731
2026-08-25 14:17:00-04:00,7680.5,7681.25,7680.25,7681.25,392
2026-08-25 14:18:00-04:00,7681.0,7681.25,7680.5,7680.75,197
2026-08-25 14:19:00-04:00,7680.75,7681.75,7680.75,7681.25,422
2026-08-25 14:20:00-04:00,7681.25,7682.25,7681.25,7682.0,642
2026-08-25 14:21:00-04:00,7682.0,7682.25,7681.5,7682.25,494
2026-08-25 14:22:00-04:00,7682.25,7683.0,7682.0,7682.25,449
2026-08-25 14:23:00-04:00,7682.25,7682.5,7681.25,7681.75,462
2026-08-25 14:24:00-04:00,7681.75,7682.25,7681.5,7682.25,329
2026-08-25 14:25:00-04:00,7682.0,7682.0,7680.75,7681.25,392
2026-08-25 14:26:00-04:00,7681.25,7682.5,7681.0,7682.5,543
2026-08-25 14:27:00-04:00,7682.25,7683.0,7681.5,7681.5,608
2026-08-25 14:28:00-04:00,7681.75,7682.25,7681.5,7682.25,464
2026-08-25 14:29:00-04:00,7682.5,7683.0,7682.25,7682.75,271
2026-08-25 14:30:00-04:00,7682.75,7685.25,7682.75,7684.5,1951
2026-08-25 14:31:00-04:00,7684.75,7685.75,7684.5,7684.75,1794
2026-08-25 14:32:00-04:00,7684.75,7685.25,7684.5,7685.0,678
2026-08-25 14:33:00-04:00,7685.25,7687.25,7685.0,7686.5,1803
2026-08-25 14:34:00-04:00,7686.5,7687.25,7686.25,7686.75,952
2026-08-25 14:35:00-04:00,7686.75,7687.0,7685.5,7686.5,1309
2026-08-25 14:36:00-04:00,7686.5,7686.75,7685.75,7685.75,584
2026-08-25 14:37:00-04:00,7685.75,7687.0,7685.75,7686.75,579
2026-08-25 14:38:00-04:00,7686.75,7686.75,7685.75,7686.25,898
2026-08-25 14:39:00-04:00,7686.25,7686.5,7685.5,7686.0,676
2026-08-25 14:40:00-04:00,7686.0,7686.75,7685.75,7686.25,552
2026-08-25 14:41:00-04:00,7686.25,7687.0,7686.25,7687.0,413
2026-08-25 14:42:00-04:00,7687.0,7687.75,7686.25,7687.5,899
2026-08-25 14:43:00-04:00,7687.5,7689.0,7687.25,7688.75,1891
2026-08-25 14:44:00-04:00,7688.75,7689.0,7688.25,7688.5,975
2026-08-25 14:45:00-04:00,7689.0,7691.0,7688.75,7690.75,3016
2026-08-25 14:46:00-04:00,7690.5,7691.75,7690.5,7691.0,3083
2026-08-25 14:47:00-04:00,7690.75,7691.25,7690.25,7690.75,1063
2026-08-25 14:48:00-04:00,7690.75,7691.5,7690.25,7690.5,812
2026-08-25 14:49:00-04:00,7690.75,7691.0,7690.25,7691.0,508
2026-08-25 14:50:00-04:00,7691.25,7691.5,7689.25,7689.25,1323
2026-08-25 14:51:00-04:00,7689.5,7690.5,7689.25,7690.25,981
2026-08-25 14:52:00-04:00,7690.25,7691.0,7690.0,7690.5,585
2026-08-25 14:53:00-04:00,7690.75,7691.0,7690.0,7690.5,423
2026-08-25 14:54:00-04:00,7690.25,7690.5,7690.0,7690.25,503
2026-08-25 14:55:00-04:00,7690.25,7691.0,7689.75,7690.25,543
2026-08-25 14:56:00-04:00,7690.25,7690.25,7688.75,7689.0,971
2026-08-25 14:57:00-04:00,7689.0,7689.25,7688.25,7688.5,1118
2026-08-25 14:58:00-04:00,7688.5,7689.75,7688.5,7689.75,560
2026-08-25 14:59:00-04:00,7689.5,7690.0,7689.0,7689.5,675
2026-08-25 15:00:00-04:00,7689.5,7691.5,7689.25,7691.0,1640
2026-08-25 15:01:00-04:00,7691.0,7691.25,7689.0,7689.0,958
2026-08-25 15:02:00-04:00,7689.25,7689.5,7687.75,7687.75,1097
2026-08-25 15:03:00-04:00,7688.0,7688.5,7687.5,7687.5,893
2026-08-25 15:04:00-04:00,7687.75,7688.5,7687.5,7687.75,489
2026-08-25 15:05:00-04:00,7687.25,7688.5,7687.25,7687.75,497
2026-08-25 15:06:00-04:00,7687.75,7688.0,7686.75,7687.25,748
2026-08-25 15:07:00-04:00,7687.25,7688.0,7687.25,7687.5,431
2026-08-25 15:08:00-04:00,7687.5,7687.75,7685.75,7686.75,1495
2026-08-25 15:09:00-04:00,7686.5,7687.0,7686.0,7686.75,662
2026-08-25 15:10:00-04:00,7686.5,7686.75,7685.5,7685.75,1107
2026-08-25 15:11:00-04:00,7685.75,7686.25,7684.75,7684.75,1203
2026-08-25 15:12:00-04:00,7685.0,7685.5,7684.5,7684.75,1182
2026-08-25 15:13:00-04:00,7685.0,7686.0,7684.5,7684.5,951
2026-08-25 15:14:00-04:00,7684.5,7685.0,7683.75,7684.25,1448
2026-08-25 15:15:00-04:00,7684.0,7684.75,7683.75,7684.0,1209
2026-08-25 15:16:00-04:00,7684.25,7684.75,7683.75,7684.0,691
2026-08-25 15:17:00-04:00,7684.0,7684.0,7682.25,7683.0,2059
2026-08-25 15:18:00-04:00,7683.25,7683.5,7682.5,7682.5,708
2026-08-25 15:19:00-04:00,7682.5,7684.0,7682.5,7683.0,610
2026-08-25 15:20:00-04:00,7683.0,7683.25,7681.75,7682.75,1497
2026-08-25 15:21:00-04:00,7682.75,7683.25,7682.5,7682.75,614
2026-08-25 15:22:00-04:00,7682.75,7683.25,7682.5,7682.75,536
2026-08-25 15:23:00-04:00,7682.75,7683.5,7682.5,7683.25,477
2026-08-25 15:24:00-04:00,7683.5,7683.75,7682.75,7683.5,800
2026-08-25 15:25:00-04:00,7683.75,7684.75,7683.0,7684.75,1054
2026-08-25 15:26:00-04:00,7684.75,7685.0,7683.5,7684.0,848
2026-08-25 15:27:00-04:00,7683.75,7684.0,7683.25,7684.0,698
2026-08-25 15:28:00-04:00,7683.75,7684.5,7683.75,7684.25,547
2026-08-25 15:29:00-04:00,7684.0,7684.75,7683.75,7684.5,711
2026-08-25 15:30:00-04:00,7684.5,7685.5,7684.0,7684.75,1835
2026-08-25 15:31:00-04:00,7684.75,7685.0,7684.0,7684.25,716
2026-08-25 15:32:00-04:00,7684.25,7684.75,7683.0,7683.0,701
2026-08-25 15:33:00-04:00,7683.0,7684.75,7683.0,7684.25,700
2026-08-25 15:34:00-04:00,7684.5,7684.5,7683.5,7684.25,605
2026-08-25 15:35:00-04:00,7684.0,7685.5,7683.75,7685.5,1252
2026-08-25 15:36:00-04:00,7685.5,7685.75,7685.25,7685.5,989
2026-08-25 15:37:00-04:00,7685.5,7685.75,7684.75,7685.25,712
2026-08-25 15:38:00-04:00,7685.25,7686.5,7685.25,7685.5,1137
2026-08-25 15:39:00-04:00,7685.25,7685.5,7684.75,7685.5,589
2026-08-25 15:40:00-04:00,7685.5,7687.0,7685.5,7686.75,1154
2026-08-25 15:41:00-04:00,7686.5,7688.5,7686.5,7688.25,1829
2026-08-25 15:42:00-04:00,7688.0,7688.75,7688.0,7688.5,1720
2026-08-25 15:43:00-04:00,7688.5,7689.25,7688.25,7688.5,1078
2026-08-25 15:44:00-04:00,7688.75,7688.75,7686.5,7686.75,2047
2026-08-25 15:45:00-04:00,7686.75,7687.25,7685.75,7686.0,1917
2026-08-25 15:46:00-04:00,7686.0,7686.25,7685.25,7686.0,768
2026-08-25 15:47:00-04:00,7686.0,7686.75,7685.5,7686.0,528
2026-08-25 15:48:00-04:00,7686.0,7687.75,7685.75,7687.25,1356
2026-08-25 15:49:00-04:00,7687.25,7688.25,7687.0,7687.75,1426
2026-08-25 15:50:00-04:00,7686.5,7687.5,7685.25,7686.75,3445
2026-08-25 15:51:00-04:00,7686.75,7687.5,7686.25,7686.5,395
2026-08-25 15:52:00-04:00,7686.5,7689.0,7686.5,7688.5,2246
2026-08-25 15:53:00-04:00,7688.75,7692.75,7688.75,7692.5,4758
2026-08-25 15:54:00-04:00,7692.5,7694.5,7692.0,7694.0,5430
2026-08-25 15:55:00-04:00,7694.0,7695.25,7691.75,7692.25,4994
2026-08-25 15:56:00-04:00,7692.5,7693.25,7690.75,7692.5,2186
2026-08-25 15:57:00-04:00,7692.75,7694.75,7692.5,7693.0,1716
2026-08-25 15:58:00-04:00,7694.0,7694.0,7692.0,7692.75,1594
2026-08-25 15:59:00-04:00,7692.75,7694.75,7689.5,7691.25,10886
2026-08-25 16:00:00-04:00,7691.25,7693.5,7689.75,7690.5,5168
2026-08-25 16:01:00-04:00,7690.25,7690.5,7689.75,7690.25,767
2026-08-25 16:02:00-04:00,7689.5,7691.25,7689.0,7691.25,824
2026-08-25 16:03:00-04:00,7691.25,7691.75,7690.25,7690.5,441
2026-08-25 16:04:00-04:00,7690.75,7691.25,7690.5,7691.0,389
2026-08-25 16:05:00-04:00,7691.0,7691.75,7690.25,7691.5,377
2026-08-25 16:06:00-04:00,7691.25,7692.0,7690.5,7691.75,236
2026-08-25 16:07:00-04:00,7691.75,7692.0,7691.25,7691.5,156
2026-08-25 16:08:00-04:00,7691.75,7693.0,7691.5,7692.75,392
2026-08-25 16:09:00-04:00,7692.5,7693.25,7691.75,7692.25,435
2026-08-25 16:10:00-04:00,7692.25,7693.25,7692.25,7693.0,268
2026-08-25 16:11:00-04:00,7693.0,7693.0,7691.75,7692.0,436
2026-08-25 16:12:00-04:00,7692.0,7692.5,7691.75,7691.75,201
2026-08-25 16:13:00-04:00,7691.75,7692.5,7691.75,7692.0,137
2026-08-25 16:14:00-04:00,7692.0,7692.75,7691.25,7692.25,480
2026-08-25 16:15:00-04:00,7692.25,7692.75,7691.25,7692.5,915
2026-08-25 16:16:00-04:00,7692.25,7692.75,7692.0,7692.25,215
2026-08-25 16:17:00-04:00,7692.0,7692.75,7691.5,7691.75,329
2026-08-25 16:18:00-04:00,7691.5,7692.25,7691.25,7692.0,164
2026-08-25 16:19:00-04:00,7691.75,7692.5,7691.75,7692.5,182
2026-08-25 16:20:00-04:00,7692.5,7693.0,7692.25,7693.0,198
2026-08-25 16:21:00-04:00,7693.0,7693.0,7692.75,7692.75,406
2026-08-25 16:22:00-04:00,7693.0,7694.5,7692.75,7694.5,538
2026-08-25 16:23:00-04:00,7694.75,7694.75,7694.25,7694.5,208
2026-08-25 16:24:00-04:00,7694.25,7695.75,7694.25,7695.0,727
2026-08-25 16:25:00-04:00,7695.0,7696.0,7695.0,7695.5,258
2026-08-25 16:26:00-04:00,7695.75,7696.0,7695.25,7695.5,252
2026-08-25 16:27:00-04:00,7695.5,7695.5,7694.25,7694.25,277
2026-08-25 16:28:00-04:00,7694.5,7695.0,7694.0,7695.0,189
2026-08-25 16:29:00-04:00,7694.75,7695.0,7694.0,7694.5,132
2026-08-25 16:30:00-04:00,7694.5,7695.5,7694.25,7695.0,207
2026-08-25 16:31:00-04:00,7695.25,7695.5,7694.5,7694.75,72
2026-08-25 16:32:00-04:00,7695.0,7695.0,7694.25,7695.0,125
2026-08-25 16:33:00-04:00,7695.25,7695.5,7695.0,7695.0,164
2026-08-25 16:34:00-04:00,7694.75,7695.0,7694.5,7694.75,115
2026-08-25 16:35:00-04:00,7694.75,7694.75,7694.25,7694.25,72
2026-08-25 16:36:00-04:00,7694.25,7694.5,7694.0,7694.25,59
2026-08-25 16:37:00-04:00,7694.0,7694.25,7693.75,7693.75,71
2026-08-25 16:38:00-04:00,7694.0,7694.0,7693.25,7693.75,207
2026-08-25 16:39:00-04:00,7693.75,7693.75,7692.75,7692.75,263
2026-08-25 16:40:00-04:00,7693.0,7693.0,7692.25,7692.75,458
2026-08-25 16:41:00-04:00,7692.75,7693.0,7692.25,7692.5,103
2026-08-25 16:42:00-04:00,7692.25,7692.5,7692.25,7692.5,112
2026-08-25 16:43:00-04:00,7692.5,7692.75,7691.75,7691.75,261
2026-08-25 16:44:00-04:00,7691.75,7692.0,7691.5,7691.75,248
2026-08-25 16:45:00-04:00,7691.5,7692.0,7691.25,7691.5,454
2026-08-25 16:46:00-04:00,7691.5,7692.0,7690.75,7690.75,371
2026-08-25 16:47:00-04:00,7690.75,7690.75,7690.25,7690.5,292
2026-08-25 16:48:00-04:00,7690.5,7690.75,7690.0,7690.25,182
2026-08-25 16:49:00-04:00,7690.25,7690.25,7689.75,7690.0,152
2026-08-25 16:50:00-04:00,7690.5,7690.5,7690.0,7690.25,132
2026-08-25 16:51:00-04:00,7690.25,7690.75,7689.75,7690.5,150
2026-08-25 16:52:00-04:00,7690.5,7691.0,7690.5,7691.0,379
2026-08-25 16:53:00-04:00,7691.0,7691.0,7690.5,7690.75,161
2026-08-25 16:54:00-04:00,7691.0,7691.25,7690.5,7691.25,407
2026-08-25 16:55:00-04:00,7691.25,7691.5,7691.0,7691.0,225
2026-08-25 16:56:00-04:00,7691.0,7691.25,7690.75,7690.75,64
2026-08-25 16:57:00-04:00,7690.75,7691.0,7690.5,7691.0,142
2026-08-25 16:58:00-04:00,7691.0,7691.25,7690.75,7691.0,119
2026-08-25 16:59:00-04:00,7691.25,7691.25,7690.5,7690.75,268
2026-08-25 18:00:00-04:00,7691.5,7694.0,7691.25,7693.25,0
2026-08-25 18:01:00-04:00,7693.25,7693.25,7690.75,7692.0,338
2026-08-25 18:02:00-04:00,7692.5,7693.25,7692.0,7692.5,133
2026-08-25 18:03:00-04:00,7692.5,7693.0,7692.25,7693.0,29
2026-08-25 18:04:00-04:00,7692.75,7693.0,7692.5,7692.5,31
2026-08-25 18:05:00-04:00,7692.75,7692.75,7691.0,7691.75,255
2026-08-25 18:06:00-04:00,7692.5,7692.75,7692.0,7692.0,56
2026-08-25 18:07:00-04:00,7692.25,7692.75,7691.75,7692.0,91
2026-08-25 18:08:00-04:00,7692.5,7693.75,7692.0,7692.25,109
2026-08-25 18:09:00-04:00,7692.75,7693.25,7692.25,7692.75,44
2026-08-25 18:10:00-04:00,7692.75,7693.0,7691.75,7692.0,104
2026-08-25 18:11:00-04:00,7692.25,7692.25,7691.75,7692.0,57
2026-08-25 18:12:00-04:00,7692.25,7692.25,7692.0,7692.25,48
2026-08-25 18:13:00-04:00,7692.0,7692.0,7691.25,7691.75,127
2026-08-25 18:14:00-04:00,7692.0,7692.25,7691.5,7692.0,110
2026-08-25 18:15:00-04:00,7691.75,7692.0,7691.5,7691.75,100
2026-08-25 18:16:00-04:00,7692.0,7692.25,7691.5,7691.75,46
2026-08-25 18:17:00-04:00,7691.5,7692.0,7691.5,7692.0,28
2026-08-25 18:18:00-04:00,7692.0,7692.0,7691.5,7691.5,23
2026-08-25 18:19:00-04:00,7691.75,7691.75,7691.25,7691.5,48
2026-08-25 18:20:00-04:00,7691.25,7691.75,7691.0,7691.0,86
2026-08-25 18:21:00-04:00,7691.25,7691.25,7690.75,7690.75,82
2026-08-25 18:22:00-04:00,7690.75,7690.75,7690.5,7690.5,44
2026-08-25 18:23:00-04:00,7690.75,7691.0,7690.5,7691.0,61
2026-08-25 18:24:00-04:00,7690.75,7692.5,7690.75,7692.0,133
2026-08-25 18:25:00-04:00,7692.0,7692.5,7691.75,7692.0,105
2026-08-25 18:26:00-04:00,7692.0,7692.25,7691.75,7692.25,85
2026-08-25 18:27:00-04:00,7692.25,7693.25,7692.0,7693.0,130
2026-08-25 18:28:00-04:00,7693.0,7693.0,7692.5,7692.75,30
2026-08-25 18:29:00-04:00,7692.75,7693.0,7692.75,7693.0,37
2026-08-25 18:30:00-04:00,7692.75,7693.25,7692.75,7692.75,41
2026-08-25 18:31:00-04:00,7693.0,7693.0,7692.75,7693.0,23
2026-08-25 18:32:00-04:00,7693.0,7693.25,7693.0,7693.0,61
2026-08-25 18:33:00-04:00,7693.25,7693.5,7693.0,7693.25,52
2026-08-25 18:34:00-04:00,7693.25,7693.25,7693.0,7693.25,37
2026-08-25 18:35:00-04:00,7693.25,7693.25,7692.75,7693.25,46
2026-08-25 18:36:00-04:00,7693.25,7693.25,7692.75,7692.75,41
2026-08-25 18:37:00-04:00,7692.75,7693.0,7692.75,7693.0,18
2026-08-25 18:38:00-04:00,7692.75,7693.0,7692.25,7692.25,83
2026-08-25 18:39:00-04:00,7692.25,7692.5,7692.0,7692.25,80
2026-08-25 18:40:00-04:00,7692.25,7692.25,7692.0,7692.25,101
2026-08-25 18:41:00-04:00,7692.0,7692.25,7692.0,7692.0,108
2026-08-25 18:42:00-04:00,7692.0,7692.25,7691.75,7692.25,46
2026-08-25 18:43:00-04:00,7692.0,7692.25,7692.0,7692.25,18
2026-08-25 18:44:00-04:00,7692.25,7693.0,7692.25,7692.75,110
2026-08-25 18:45:00-04:00,7692.75,7692.75,7692.5,7692.75,32
2026-08-25 18:46:00-04:00,7692.5,7692.5,7692.25,7692.25,93
2026-08-25 18:47:00-04:00,7692.25,7692.5,7692.0,7692.25,47
2026-08-25 18:48:00-04:00,7692.5,7692.5,7692.25,7692.25,38
2026-08-25 18:49:00-04:00,7692.25,7692.25,7692.0,7692.0,22
2026-08-25 18:50:00-04:00,7692.0,7692.5,7692.0,7692.25,17
2026-08-25 18:51:00-04:00,7692.25,7692.5,7691.75,7692.0,44
2026-08-25 18:52:00-04:00,7692.0,7692.25,7692.0,7692.0,18
2026-08-25 18:53:00-04:00,7692.25,7692.25,7692.0,7692.0,44
2026-08-25 18:54:00-04:00,7692.25,7692.25,7692.0,7692.0,13
2026-08-25 18:55:00-04:00,7692.25,7692.5,7692.0,7692.0,67
2026-08-25 18:56:00-04:00,7692.0,7692.0,7691.75,7691.75,25
2026-08-25 18:57:00-04:00,7691.75,7692.75,7691.75,7692.5,123
2026-08-25 18:58:00-04:00,7692.75,7692.75,7692.25,7692.5,47
2026-08-25 18:59:00-04:00,7692.5,7692.5,7692.25,7692.25,33
2026-08-25 19:00:00-04:00,7692.25,7692.75,7692.0,7692.25,45
2026-08-25 19:01:00-04:00,7692.5,7692.5,7692.25,7692.25,67
2026-08-25 19:02:00-04:00,7692.25,7692.25,7692.0,7692.0,22
2026-08-25 19:03:00-04:00,7692.0,7692.25,7692.0,7692.25,15
2026-08-25 19:04:00-04:00,7692.25,7692.25,7692.0,7692.25,19
2026-08-25 19:05:00-04:00,7692.25,7692.5,7691.75,7692.0,121
2026-08-25 19:06:00-04:00,7692.0,7692.0,7691.25,7691.5,127
2026-08-25 19:07:00-04:00,7691.25,7691.5,7691.25,7691.5,60
2026-08-25 19:08:00-04:00,7691.75,7691.75,7691.25,7691.75,118
2026-08-25 19:09:00-04:00,7691.75,7692.0,7691.5,7691.75,19
2026-08-25 19:10:00-04:00,7691.5,7691.75,7691.5,7691.75,18
2026-08-25 19:11:00-04:00,7691.75,7692.0,7691.5,7691.5,31
2026-08-25 19:12:00-04:00,7692.0,7692.0,7691.25,7691.75,55
2026-08-25 19:13:00-04:00,7691.5,7691.5,7691.25,7691.25,31
2026-08-25 19:14:00-04:00,7691.5,7691.5,7691.25,7691.25,30
2026-08-25 19:15:00-04:00,7691.25,7691.75,7690.75,7691.0,69
2026-08-25 19:16:00-04:00,7691.0,7691.25,7691.0,7691.0,24
2026-08-25 19:17:00-04:00,7691.25,7691.25,7691.0,7691.0,22
2026-08-25 19:18:00-04:00,7691.0,7691.25,7691.0,7691.25,20
2026-08-25 19:19:00-04:00,7691.25,7691.5,7691.0,7691.25,41
2026-08-25 19:20:00-04:00,7691.0,7691.25,7690.5,7690.5,96
2026-08-25 19:21:00-04:00,7690.75,7690.75,7689.0,7689.5,327
2026-08-25 19:22:00-04:00,7689.5,7689.75,7689.0,7689.0,133
2026-08-25 19:23:00-04:00,7689.25,7689.75,7689.0,7689.5,90
2026-08-25 19:24:00-04:00,7689.5,7690.0,7689.25,7689.25,106
2026-08-25 19:25:00-04:00,7689.25,7689.5,7688.75,7689.25,102
2026-08-25 19:26:00-04:00,7689.0,7689.25,7688.0,7688.25,211
2026-08-25 19:27:00-04:00,7688.0,7688.5,7688.0,7688.0,125
2026-08-25 19:28:00-04:00,7688.25,7688.5,7687.75,7688.0,95
2026-08-25 19:29:00-04:00,7688.0,7688.0,7687.5,7687.5,79
2026-08-25 19:30:00-04:00,7687.5,7688.25,7685.75,7686.5,600
2026-08-25 19:31:00-04:00,7686.5,7687.25,7686.0,7686.5,208
2026-08-25 19:32:00-04:00,7686.5,7687.0,7686.25,7687.0,129
2026-08-25 19:33:00-04:00,7686.75,7687.0,7686.75,7686.75,32
2026-08-25 19:34:00-04:00,7687.0,7687.0,7686.0,7686.0,71
2026-08-25 19:35:00-04:00,7686.25,7686.5,7685.5,7686.0,264
2026-08-25 19:36:00-04:00,7686.0,7686.75,7685.75,7686.75,65
2026-08-25 19:37:00-04:00,7686.75,7687.0,7686.25,7686.5,83
2026-08-25 19:38:00-04:00,7686.5,7686.5,7686.0,7686.25,72
2026-08-25 19:39:00-04:00,7686.25,7686.25,7686.0,7686.0,41
2026-08-25 19:40:00-04:00,7686.0,7686.25,7685.75,7686.25,92
2026-08-25 19:41:00-04:00,7686.0,7686.0,7685.75,7686.0,52
2026-08-25 19:42:00-04:00,7686.0,7686.0,7685.25,7685.5,125
2026-08-25 19:43:00-04:00,7685.75,7685.75,7685.0,7685.0,227
2026-08-25 19:44:00-04:00,7685.0,7685.25,7684.25,7684.5,246
2026-08-25 19:45:00-04:00,7684.5,7684.75,7683.25,7683.75,411
2026-08-25 19:46:00-04:00,7683.75,7684.0,7683.25,7683.5,172
2026-08-25 19:47:00-04:00,7683.75,7683.75,7683.0,7683.5,123
2026-08-25 19:48:00-04:00,7683.25,7683.75,7682.75,7682.75,329
2026-08-25 19:49:00-04:00,7682.75,7683.0,7682.25,7682.25,221
2026-08-25 19:55:00-04:00,7682.5,7682.75,7682.25,7682.5,2050
2026-08-25 19:56:00-04:00,7682.25,7683.0,7682.25,7682.75,83
2026-08-25 19:57:00-04:00,7682.75,7683.5,7682.75,7683.0,293
2026-08-25 19:58:00-04:00,7683.0,7683.25,7682.5,7682.5,160
2026-08-25 19:59:00-04:00,7682.5,7683.0,7681.75,7681.75,146
2026-08-25 20:00:00-04:00,7681.25,7682.75,7679.5,7682.25,1191
2026-08-25 20:01:00-04:00,7682.0,7682.25,7680.5,7681.75,455
2026-08-25 20:02:00-04:00,7681.75,7683.75,7681.5,7683.5,455
2026-08-25 20:03:00-04:00,7683.25,7683.5,7680.25,7682.25,587
2026-08-25 20:04:00-04:00,7682.5,7683.25,7682.5,7682.5,215
2026-08-25 20:05:00-04:00,7682.5,7683.0,7681.0,7681.5,180
2026-08-25 20:06:00-04:00,7681.5,7682.5,7680.5,7681.25,218
2026-08-25 20:07:00-04:00,7681.0,7682.0,7680.5,7681.5,206
2026-08-25 20:08:00-04:00,7681.75,7683.5,7681.75,7683.25,204
2026-08-25 20:09:00-04:00,7683.5,7683.75,7682.75,7683.5,376
2026-08-25 20:10:00-04:00,7683.25,7683.5,7682.5,7683.5,301
2026-08-25 20:11:00-04:00,7684.0,7684.25,7683.25,7684.25,534
2026-08-25 20:12:00-04:00,7684.25,7684.25,7682.5,7683.0,266
2026-08-25 20:13:00-04:00,7683.25,7683.25,7681.75,7682.25,174
2026-08-25 20:14:00-04:00,7682.25,7682.5,7681.25,7681.25,133
2026-08-25 20:15:00-04:00,7681.25,7683.75,7681.25,7683.25,278
2026-08-25 20:16:00-04:00,7683.5,7683.75,7682.0,7683.0,324
2026-08-25 20:17:00-04:00,7683.0,7684.75,7683.0,7684.25,458
2026-08-25 20:18:00-04:00,7683.75,7686.0,7683.75,7685.75,618
2026-08-25 20:19:00-04:00,7685.5,7685.5,7683.5,7684.5,250
2026-08-25 20:20:00-04:00,7684.5,7684.5,7684.0,7684.0,140
2026-08-25 20:21:00-04:00,7683.75,7684.75,7683.25,7684.0,171
2026-08-25 20:22:00-04:00,7684.0,7684.25,7682.75,7683.25,155
2026-08-25 20:23:00-04:00,7683.5,7683.5,7683.0,7683.0,66
2026-08-25 20:24:00-04:00,7683.5,7683.5,7682.25,7682.75,189
2026-08-25 20:25:00-04:00,7683.0,7683.0,7681.5,7682.25,279
2026-08-25 20:26:00-04:00,7682.0,7682.5,7681.25,7681.5,254
2026-08-25 20:27:00-04:00,7681.5,7681.75,7681.25,7681.5,74
2026-08-25 20:28:00-04:00,7681.5,7681.75,7678.75,7680.25,1353
2026-08-25 20:29:00-04:00,7680.5,7681.0,7680.0,7680.75,208
2026-08-25 20:30:00-04:00,7680.75,7681.0,7680.5,7681.0,176
2026-08-25 20:31:00-04:00,7681.25,7681.25,7679.5,7679.5,212
2026-08-25 20:32:00-04:00,7679.5,7680.5,7679.5,7680.5,256
2026-08-25 20:33:00-04:00,7680.25,7680.5,7679.75,7680.25,113
2026-08-25 20:34:00-04:00,7680.25,7680.25,7678.25,7679.0,488
2026-08-25 20:35:00-04:00,7678.75,7679.5,7677.5,7677.5,662
2026-08-25 20:36:00-04:00,7677.75,7678.5,7677.25,7677.5,559
2026-08-25 20:37:00-04:00,7677.75,7677.75,7676.75,7677.5,413
2026-08-25 20:38:00-04:00,7677.25,7678.25,7677.0,7677.5,340
2026-08-25 20:39:00-04:00,7677.5,7678.5,7677.0,7677.25,143
2026-08-25 20:40:00-04:00,7677.5,7678.5,7676.25,7677.75,417
2026-08-25 20:41:00-04:00,7677.5,7678.25,7677.5,7678.0,194
2026-08-25 20:42:00-04:00,7678.0,7678.0,7677.5,7678.0,147
2026-08-25 20:43:00-04:00,7677.75,7677.75,7677.25,7677.75,71
2026-08-25 20:44:00-04:00,7677.75,7678.25,7677.25,7678.0,103
2026-08-25 20:45:00-04:00,7677.75,7679.25,7677.0,7678.5,274
2026-08-25 20:46:00-04:00,7678.25,7678.75,7677.5,7678.5,168
2026-08-25 20:47:00-04:00,7678.75,7678.75,7678.0,7678.5,128
2026-08-25 20:48:00-04:00,7678.5,7679.0,7678.0,7678.25,139
2026-08-25 20:49:00-04:00,7678.25,7678.75,7677.75,7678.0,89
2026-08-25 20:50:00-04:00,7678.0,7678.25,7677.5,7677.5,131
2026-08-25 20:51:00-04:00,7677.5,7678.0,7677.0,7677.25,97
2026-08-25 20:52:00-04:00,7676.75,7677.25,7676.5,7677.25,199
2026-08-25 20:53:00-04:00,7677.5,7677.5,7676.0,7676.0,302
2026-08-25 20:54:00-04:00,7676.0,7677.0,7676.0,7676.25,253
2026-08-25 20:55:00-04:00,7676.5,7676.5,7675.5,7676.0,382
2026-08-25 20:56:00-04:00,7675.75,7676.25,7675.5,7676.25,203
2026-08-25 20:57:00-04:00,7676.0,7676.25,7675.5,7675.5,131
2026-08-25 20:58:00-04:00,7675.5,7676.0,7675.25,7675.25,234
2026-08-25 20:59:00-04:00,7675.25,7675.5,7673.5,7674.25,707
2026-08-25 21:00:00-04:00,7674.0,7676.75,7673.5,7676.75,610
2026-08-25 21:01:00-04:00,7676.75,7676.75,7675.25,7676.0,226
2026-08-25 21:02:00-04:00,7676.25,7676.5,7675.5,7675.75,188
2026-08-25 21:03:00-04:00,7675.75,7677.25,7675.75,7676.75,208
2026-08-25 21:04:00-04:00,7677.0,7677.25,7676.75,7677.25,163
2026-08-25 21:05:00-04:00,7677.0,7677.75,7677.0,7677.5,360
2026-08-25 21:06:00-04:00,7677.5,7677.75,7677.25,7677.25,331
2026-08-25 21:07:00-04:00,7677.5,7677.75,7676.25,7676.5,423
2026-08-25 21:08:00-04:00,7676.25,7677.0,7675.75,7676.0,222
2026-08-25 21:09:00-04:00,7676.25,7677.0,7676.25,7676.75,132
2026-08-25 21:10:00-04:00,7676.75,7678.0,7676.25,7678.0,144
2026-08-25 21:11:00-04:00,7677.75,7678.0,7677.5,7677.75,103
2026-08-25 21:12:00-04:00,7677.25,7677.5,7676.5,7677.25,150
2026-08-25 21:13:00-04:00,7677.0,7677.5,7676.5,7676.75,85
2026-08-25 21:14:00-04:00,7676.5,7676.75,7676.25,7676.75,72
2026-08-25 21:15:00-04:00,7676.75,7677.0,7676.0,7676.5,121
2026-08-25 21:16:00-04:00,7676.5,7677.5,7676.25,7677.5,90
2026-08-25 21:17:00-04:00,7677.25,7677.25,7676.0,7676.25,110
2026-08-25 21:18:00-04:00,7676.5,7677.0,7675.0,7675.5,239
2026-08-25 21:19:00-04:00,7675.25,7675.75,7674.25,7674.25,137
2026-08-25 21:20:00-04:00,7674.25,7676.0,7674.0,7675.0,197
2026-08-25 21:21:00-04:00,7675.0,7675.5,7674.25,7675.0,111
2026-08-25 21:22:00-04:00,7675.25,7675.5,7674.25,7674.25,120
2026-08-25 21:23:00-04:00,7674.25,7674.25,7674.0,7674.25,100
2026-08-25 21:24:00-04:00,7674.25,7674.25,7673.25,7673.5,326
2026-08-25 21:25:00-04:00,7673.75,7674.0,7672.75,7673.0,329
2026-08-25 21:26:00-04:00,7673.25,7673.75,7673.25,7673.5,118
2026-08-25 21:27:00-04:00,7673.5,7673.75,7673.5,7673.5,72
2026-08-25 21:28:00-04:00,7673.5,7673.75,7673.0,7673.5,128
2026-08-25 21:29:00-04:00,7673.5,7673.75,7673.0,7673.25,106
2026-08-25 21:30:00-04:00,7673.5,7673.75,7672.0,7673.0,496
2026-08-25 21:31:00-04:00,7673.25,7673.5,7672.5,7673.25,148
2026-08-25 21:32:00-04:00,7673.0,7674.25,7672.75,7673.5,228
2026-08-25 21:33:00-04:00,7673.25,7673.5,7670.75,7671.0,448
2026-08-25 21:34:00-04:00,7671.25,7672.0,7670.75,7671.75,253
2026-08-25 21:35:00-04:00,7672.0,7673.5,7671.0,7673.0,316
2026-08-25 21:36:00-04:00,7672.75,7674.25,7672.75,7674.0,178
2026-08-25 21:37:00-04:00,7674.25,7674.75,7674.0,7674.5,269
2026-08-25 21:38:00-04:00,7674.25,7674.5,7674.0,7674.25,98
2026-08-25 21:39:00-04:00,7674.25,7674.75,7674.0,7674.25,87
2026-08-25 21:40:00-04:00,7674.25,7674.75,7674.0,7674.5,130
2026-08-25 21:41:00-04:00,7674.25,7674.5,7673.75,7673.75,81
2026-08-25 21:42:00-04:00,7674.0,7674.25,7673.0,7673.5,84
2026-08-25 21:43:00-04:00,7673.5,7674.0,7672.25,7672.5,125
2026-08-25 21:44:00-04:00,7672.5,7673.5,7672.25,7673.0,91
2026-08-25 21:45:00-04:00,7673.25,7673.5,7672.75,7673.25,79
2026-08-25 21:46:00-04:00,7673.25,7673.5,7672.0,7672.5,111
2026-08-25 21:47:00-04:00,7672.5,7673.25,7672.5,7672.5,195
2026-08-25 21:48:00-04:00,7672.5,7673.0,7671.75,7672.25,103
2026-08-25 21:49:00-04:00,7672.25,7672.5,7671.75,7672.25,57
2026-08-25 21:50:00-04:00,7672.25,7673.25,7672.0,7673.25,129
2026-08-25 21:51:00-04:00,7673.0,7673.25,7672.25,7672.25,126
2026-08-25 21:52:00-04:00,7672.25,7672.25,7671.75,7672.25,75
2026-08-25 21:53:00-04:00,7672.25,7672.75,7672.0,7672.75,125
2026-08-25 21:54:00-04:00,7672.5,7673.25,7672.25,7673.25,119
2026-08-25 21:55:00-04:00,7673.25,7674.0,7673.0,7674.0,252
2026-08-25 21:56:00-04:00,7673.75,7674.0,7672.75,7673.5,144
2026-08-25 22:02:00-04:00,7675.25,7675.25,7674.25,7674.75,1094
2026-08-25 22:03:00-04:00,7674.25,7675.0,7674.25,7674.5,100
2026-08-25 22:04:00-04:00,7674.5,7675.25,7674.0,7675.0,88
2026-08-25 22:05:00-04:00,7675.25,7675.25,7674.0,7674.0,89
2026-08-25 22:06:00-04:00,7674.0,7674.75,7672.5,7672.75,387
2026-08-25 22:07:00-04:00,7672.5,7673.25,7672.25,7672.75,204
2026-08-25 22:08:00-04:00,7672.75,7672.75,7672.0,7672.0,90
2026-08-25 22:09:00-04:00,7672.25,7673.25,7672.0,7673.25,92
2026-08-25 22:10:00-04:00,7673.25,7674.25,7672.75,7674.0,163
2026-08-25 22:11:00-04:00,7674.0,7674.75,7673.5,7674.25,173
2026-08-25 22:12:00-04:00,7674.0,7674.75,7673.75,7674.75,110
2026-08-25 22:13:00-04:00,7674.75,7675.25,7674.5,7674.75,142
2026-08-25 22:14:00-04:00,7674.75,7675.25,7674.75,7674.75,65
2026-08-25 22:15:00-04:00,7675.0,7675.25,7674.75,7675.25,104
2026-08-25 22:16:00-04:00,7675.5,7676.5,7675.25,7676.25,289
2026-08-25 22:17:00-04:00,7676.0,7677.0,7675.75,7676.75,264
2026-08-25 22:18:00-04:00,7676.5,7676.75,7675.0,7675.75,291
2026-08-25 22:19:00-04:00,7676.25,7676.25,7676.0,7676.25,60
2026-08-25 22:20:00-04:00,7676.25,7677.0,7676.0,7677.0,191
2026-08-25 22:21:00-04:00,7677.0,7677.25,7676.75,7677.25,129
2026-08-25 22:22:00-04:00,7677.25,7677.75,7677.0,7677.5,242
2026-08-25 22:23:00-04:00,7677.5,7678.0,7677.5,7677.5,100
2026-08-25 22:24:00-04:00,7677.75,7678.5,7677.5,7677.75,316
2026-08-25 22:25:00-04:00,7677.75,7678.25,7677.5,7678.25,131
2026-08-25 22:26:00-04:00,7678.25,7679.0,7677.75,7678.75,259
2026-08-25 22:27:00-04:00,7678.5,7678.75,7678.0,7678.5,112
2026-08-25 22:28:00-04:00,7678.25,7678.5,7678.0,7678.25,68
2026-08-25 22:29:00-04:00,7678.25,7678.75,7678.0,7678.75,95
2026-08-25 22:30:00-04:00,7678.5,7680.0,7678.5,7680.0,439
2026-08-25 22:31:00-04:00,7679.75,7680.75,7679.75,7680.0,429
2026-08-25 22:32:00-04:00,7680.0,7680.0,7679.5,7680.0,175
2026-08-25 22:33:00-04:00,7680.0,7680.5,7680.0,7680.25,103
2026-08-25 22:34:00-04:00,7680.25,7680.75,7679.75,7680.25,163
2026-08-25 22:35:00-04:00,7680.5,7680.75,7680.0,7680.25,92
2026-08-25 22:36:00-04:00,7680.0,7680.0,7679.5,7679.75,136
2026-08-25 22:37:00-04:00,7679.75,7680.0,7679.25,7679.5,121
2026-08-25 22:38:00-04:00,7679.25,7681.5,7679.0,7681.25,376
2026-08-25 22:39:00-04:00,7681.5,7681.5,7681.0,7681.5,173
2026-08-25 22:40:00-04:00,7681.25,7683.0,7681.25,7683.0,445
2026-08-25 22:41:00-04:00,7683.0,7684.25,7682.75,7684.25,426
2026-08-25 22:42:00-04:00,7684.25,7684.25,7683.25,7683.75,243
2026-08-25 22:43:00-04:00,7684.0,7685.0,7683.5,7685.0,327
2026-08-25 22:44:00-04:00,7684.75,7685.0,7684.5,7684.75,179
2026-08-25 22:45:00-04:00,7684.75,7685.25,7684.0,7685.0,572
2026-08-25 22:46:00-04:00,7684.5,7686.25,7684.5,7686.0,398
2026-08-25 22:47:00-04:00,7685.75,7685.75,7684.75,7685.5,215
2026-08-25 22:48:00-04:00,7685.5,7686.25,7685.5,7686.25,151
2026-08-25 22:49:00-04:00,7685.75,7687.0,7685.75,7686.25,465
2026-08-25 22:50:00-04:00,7686.25,7687.0,7685.75,7686.75,271
2026-08-25 22:51:00-04:00,7686.75,7687.25,7686.5,7687.25,356
2026-08-25 22:52:00-04:00,7687.25,7687.25,7686.25,7686.25,122
2026-08-25 22:53:00-04:00,7686.25,7686.5,7685.75,7686.0,201
2026-08-25 22:54:00-04:00,7686.0,7686.25,7685.5,7685.75,141
2026-08-25 22:55:00-04:00,7685.75,7686.0,7685.25,7685.75,189
2026-08-25 22:56:00-04:00,7685.75,7686.25,7685.5,7685.75,86
2026-08-25 22:57:00-04:00,7685.75,7686.75,7685.75,7686.0,211
2026-08-25 22:58:00-04:00,7686.25,7686.5,7685.75,7686.25,56
2026-08-25 23:03:00-04:00,7685.0,7685.0,7685.0,7685.0,811
2026-08-25 23:04:00-04:00,7685.0,7686.25,7685.0,7686.0,117
2026-08-25 23:05:00-04:00,7686.0,7686.0,7685.5,7685.5,80
2026-08-25 23:06:00-04:00,7685.5,7685.75,7685.25,7685.5,66
2026-08-25 23:07:00-04:00,7685.5,7685.75,7685.25,7685.5,128
2026-08-25 23:08:00-04:00,7685.75,7685.75,7685.25,7685.5,98
2026-08-25 23:09:00-04:00,7685.75,7685.75,7685.25,7685.5,208
2026-08-25 23:10:00-04:00,7685.5,7686.25,7685.5,7686.25,97
2026-08-25 23:11:00-04:00,7686.0,7686.25,7686.0,7686.0,40
2026-08-25 23:12:00-04:00,7686.25,7686.75,7686.25,7686.75,120
2026-08-25 23:13:00-04:00,7686.75,7687.0,7686.25,7686.75,230
2026-08-25 23:14:00-04:00,7686.75,7688.25,7686.75,7688.0,482
2026-08-25 23:15:00-04:00,7687.75,7688.0,7686.5,7687.0,322
2026-08-25 23:16:00-04:00,7687.0,7687.5,7686.75,7687.0,62
2026-08-25 23:17:00-04:00,7687.25,7687.25,7686.0,7686.25,77
2026-08-25 23:18:00-04:00,7686.25,7687.5,7686.25,7687.0,38
2026-08-25 23:19:00-04:00,7686.75,7687.0,7686.5,7686.5,43
2026-08-25 23:20:00-04:00,7686.5,7687.25,7686.5,7687.25,63
2026-08-25 23:21:00-04:00,7686.75,7687.0,7686.5,7686.75,70
2026-08-25 23:22:00-04:00,7686.5,7686.75,7686.25,7686.5,59
2026-08-25 23:23:00-04:00,7686.5,7686.75,7685.75,7685.75,67
2026-08-25 23:24:00-04:00,7686.0,7686.0,7685.5,7685.75,127
2026-08-25 23:25:00-04:00,7685.75,7686.25,7685.75,7686.0,71
2026-08-25 23:26:00-04:00,7686.0,7686.25,7685.75,7686.25,42
2026-08-25 23:27:00-04:00,7686.0,7686.0,7685.75,7685.75,26
2026-08-25 23:28:00-04:00,7685.75,7686.0,7685.25,7685.25,85
2026-08-25 23:29:00-04:00,7685.5,7685.5,7685.0,7685.25,175
2026-08-25 23:30:00-04:00,7685.25,7685.75,7684.25,7685.25,322
2026-08-25 23:31:00-04:00,7685.5,7685.75,7684.75,7684.75,85
2026-08-25 23:32:00-04:00,7685.0,7686.0,7684.75,7685.75,131
2026-08-25 23:33:00-04:00,7685.75,7686.75,7685.75,7686.75,111
2026-08-25 23:34:00-04:00,7686.75,7687.0,7686.25,7686.75,86
2026-08-25 23:35:00-04:00,7686.75,7687.75,7686.75,7687.5,303
2026-08-25 23:36:00-04:00,7687.25,7687.75,7687.0,7687.75,88
2026-08-25 23:37:00-04:00,7687.75,7688.0,7687.25,7687.75,67
2026-08-25 23:38:00-04:00,7688.0,7688.5,7687.5,7688.0,227
2026-08-25 23:39:00-04:00,7688.0,7688.25,7687.25,7688.0,103
2026-08-25 23:40:00-04:00,7687.75,7688.25,7687.5,7687.75,118
2026-08-25 23:41:00-04:00,7687.75,7688.0,7687.5,7687.75,69
2026-08-25 23:42:00-04:00,7688.0,7688.0,7687.25,7687.25,85
2026-08-25 23:43:00-04:00,7687.0,7687.5,7687.0,7687.25,42
2026-08-25 23:44:00-04:00,7687.5,7687.75,7687.25,7687.75,24
2026-08-25 23:45:00-04:00,7687.75,7688.25,7687.5,7688.25,134
2026-08-25 23:46:00-04:00,7688.25,7690.25,7688.0,7690.0,649
2026-08-25 23:47:00-04:00,7690.0,7690.75,7689.75,7689.75,437
2026-08-25 23:48:00-04:00,7689.75,7690.75,7689.75,7690.5,157
2026-08-25 23:49:00-04:00,7690.5,7690.75,7690.25,7690.75,120
2026-08-25 23:50:00-04:00,7691.0,7691.0,7690.25,7690.75,213
2026-08-25 23:51:00-04:00,7690.75,7691.75,7690.75,7691.5,201
2026-08-25 23:52:00-04:00,7691.5,7692.0,7691.0,7691.5,194
2026-08-25 23:53:00-04:00,7691.75,7691.75,7690.75,7690.75,135
2026-08-25 23:54:00-04:00,7690.75,7691.25,7690.5,7690.5,108
2026-08-25 23:55:00-04:00,7690.75,7691.0,7690.5,7690.75,48
2026-08-25 23:56:00-04:00,7690.75,7691.0,7690.0,7690.25,161
2026-08-25 23:57:00-04:00,7690.0,7691.0,7690.0,7691.0,88
2026-08-25 23:58:00-04:00,7690.75,7690.75,7690.25,7690.25,40
2026-08-26 00:09:00-04:00,7689.75,7690.25,7689.75,7690.25,46
2026-08-26 00:10:00-04:00,7690.25,7691.5,7690.25,7691.25,114
2026-08-26 00:11:00-04:00,7691.25,7691.25,7690.0,7690.0,72
2026-08-26 00:12:00-04:00,7690.0,7690.25,7689.5,7689.75,81
2026-08-26 00:13:00-04:00,7689.75,7690.0,7689.25,7689.25,72
2026-08-26 00:14:00-04:00,7689.75,7690.75,7689.5,7690.75,75
2026-08-26 00:15:00-04:00,7690.5,7690.5,7690.0,7690.0,61
2026-08-26 00:16:00-04:00,7690.0,7690.25,7689.75,7689.75,38
2026-08-26 00:17:00-04:00,7689.75,7689.75,7689.5,7689.5,110
2026-08-26 00:18:00-04:00,7689.5,7690.25,7689.5,7690.25,51
2026-08-26 00:19:00-04:00,7690.25,7690.5,7690.0,7690.5,35
2026-08-26 00:20:00-04:00,7690.5,7690.75,7690.25,7690.25,29
2026-08-26 00:21:00-04:00,7690.25,7690.75,7690.25,7690.5,27
2026-08-26 00:22:00-04:00,7690.75,7691.0,7690.5,7690.5,62
2026-08-26 00:23:00-04:00,7690.5,7690.5,7690.0,7690.0,16
2026-08-26 00:24:00-04:00,7690.25,7690.25,7689.75,7690.0,32
2026-08-26 00:25:00-04:00,7690.25,7691.0,7690.25,7690.75,87
2026-08-26 00:26:00-04:00,7690.5,7690.5,7690.0,7690.25,22
2026-08-26 00:27:00-04:00,7690.5,7690.5,7689.5,7689.75,79
2026-08-26 00:28:00-04:00,7690.0,7690.0,7689.5,7690.0,32
2026-08-26 00:29:00-04:00,7690.25,7690.25,7689.75,7689.75,59
2026-08-26 00:30:00-04:00,7689.75,7690.0,7689.5,7689.75,47
2026-08-26 00:31:00-04:00,7689.75,7690.5,7689.75,7690.25,64
2026-08-26 00:32:00-04:00,7690.25,7690.5,7689.5,7689.75,83
2026-08-26 00:33:00-04:00,7689.75,7689.75,7689.25,7689.5,115
2026-08-26 00:34:00-04:00,7689.5,7689.75,7688.75,7689.0,207
2026-08-26 00:35:00-04:00,7689.0,7689.25,7688.75,7689.25,148
2026-08-26 00:36:00-04:00,7689.25,7689.5,7689.25,7689.25,72
2026-08-26 00:37:00-04:00,7689.5,7689.5,7689.25,7689.25,23
2026-08-26 00:38:00-04:00,7689.5,7689.5,7688.75,7689.0,43
2026-08-26 00:39:00-04:00,7688.75,7689.0,7687.75,7688.0,408
2026-08-26 00:40:00-04:00,7688.0,7688.5,7687.75,7688.5,89
2026-08-26 00:41:00-04:00,7688.5,7688.5,7687.75,7688.0,59
2026-08-26 00:42:00-04:00,7688.25,7688.25,7687.75,7688.0,58
2026-08-26 00:43:00-04:00,7688.0,7688.25,7687.75,7687.75,47
2026-08-26 00:44:00-04:00,7687.75,7688.0,7687.0,7687.25,244
2026-08-26 00:45:00-04:00,7687.25,7687.25,7685.75,7686.0,321
2026-08-26 00:46:00-04:00,7686.0,7686.0,7684.25,7684.5,293
2026-08-26 00:47:00-04:00,7684.5,7684.75,7683.5,7683.75,264
2026-08-26 00:48:00-04:00,7683.75,7684.0,7683.25,7683.25,218
2026-08-26 00:49:00-04:00,7683.0,7683.25,7682.0,7682.75,341
2026-08-26 00:50:00-04:00,7683.0,7683.75,7682.75,7682.75,226
2026-08-26 00:51:00-04:00,7683.25,7683.75,7682.5,7682.5,164
2026-08-26 00:52:00-04:00,7682.5,7683.25,7682.5,7682.75,87
2026-08-26 00:53:00-04:00,7683.0,7683.5,7682.25,7683.25,216
2026-08-26 00:54:00-04:00,7683.25,7684.25,7683.25,7683.75,134
2026-08-26 00:55:00-04:00,7683.75,7684.5,7683.75,7684.0,74
2026-08-26 00:56:00-04:00,7683.75,7684.0,7682.75,7683.0,119
2026-08-26 00:57:00-04:00,7682.75,7683.25,7682.5,7683.0,100
2026-08-26 00:58:00-04:00,7683.0,7683.25,7682.25,7683.25,104
2026-08-26 00:59:00-04:00,7683.25,7683.25,7682.75,7683.0,51
2026-08-26 01:00:00-04:00,7683.25,7684.75,7683.0,7684.75,232
2026-08-26 01:01:00-04:00,7684.5,7686.5,7684.0,7686.0,423
2026-08-26 01:02:00-04:00,7685.75,7687.25,7685.75,7687.0,354
2026-08-26 01:03:00-04:00,7687.0,7687.25,7686.0,7686.5,179
2026-08-26 01:04:00-04:00,7686.5,7686.5,7685.75,7686.25,85
2026-08-26 01:05:00-04:00,7686.25,7686.25,7684.25,7684.75,200
2026-08-26 01:06:00-04:00,7684.5,7686.0,7684.5,7686.0,42
2026-08-26 01:07:00-04:00,7686.25,7687.0,7686.0,7686.0,138
2026-08-26 01:08:00-04:00,7686.0,7686.0,7685.0,7685.5,106
2026-08-26 01:09:00-04:00,7685.5,7687.75,7685.5,7687.5,226
2026-08-26 01:10:00-04:00,7687.25,7687.5,7686.75,7687.0,97
2026-08-26 01:11:00-04:00,7687.0,7687.25,7686.5,7686.5,70
2026-08-26 01:12:00-04:00,7686.25,7686.5,7686.0,7686.0,65
2026-08-26 01:13:00-04:00,7686.0,7686.25,7686.0,7686.0,40
2026-08-26 01:14:00-04:00,7686.0,7686.25,7685.5,7686.0,54
2026-08-26 01:15:00-04:00,7685.75,7686.25,7685.0,7685.25,141
2026-08-26 01:16:00-04:00,7685.0,7685.25,7684.25,7684.75,143
2026-08-26 01:17:00-04:00,7684.75,7685.0,7684.5,7684.75,96
2026-08-26 01:18:00-04:00,7685.0,7686.25,7684.75,7685.75,135
2026-08-26 01:19:00-04:00,7686.0,7686.25,7685.25,7685.25,67
2026-08-26 01:20:00-04:00,7685.25,7685.5,7684.75,7685.25,45
2026-08-26 01:21:00-04:00,7685.25,7685.25,7684.75,7685.0,29
2026-08-26 01:22:00-04:00,7685.0,7685.75,7685.0,7685.25,44
2026-08-26 01:23:00-04:00,7685.5,7685.75,7685.25,7685.75,42
2026-08-26 01:24:00-04:00,7685.5,7686.0,7685.5,7685.75,43
2026-08-26 01:25:00-04:00,7685.75,7685.75,7684.0,7684.25,96
2026-08-26 01:26:00-04:00,7684.25,7685.25,7684.25,7684.75,95
2026-08-26 01:27:00-04:00,7684.75,7685.0,7684.75,7684.75,21
2026-08-26 01:28:00-04:00,7684.75,7685.5,7684.75,7685.25,29
2026-08-26 01:29:00-04:00,7685.25,7686.25,7685.25,7686.0,82
2026-08-26 01:30:00-04:00,7686.25,7687.5,7686.0,7687.5,257
2026-08-26 01:31:00-04:00,7687.25,7687.5,7687.0,7687.25,83
2026-08-26 01:32:00-04:00,7687.5,7687.75,7687.0,7687.5,61
2026-08-26 01:33:00-04:00,7687.25,7687.75,7687.0,7687.5,37
2026-08-26 01:34:00-04:00,7687.25,7687.25,7687.0,7687.0,41
2026-08-26 01:35:00-04:00,7687.25,7687.25,7685.75,7686.0,85
2026-08-26 01:36:00-04:00,7686.25,7686.25,7685.5,7685.5,74
2026-08-26 01:37:00-04:00,7685.5,7686.25,7685.25,7686.0,62
2026-08-26 01:38:00-04:00,7686.0,7686.0,7685.25,7686.0,32
2026-08-26 01:39:00-04:00,7686.0,7686.0,7685.0,7685.75,48
2026-08-26 01:40:00-04:00,7685.75,7686.0,7685.5,7686.0,45
2026-08-26 01:41:00-04:00,7685.75,7686.25,7685.25,7686.0,32
2026-08-26 01:42:00-04:00,7686.0,7686.0,7685.25,7685.25,42
2026-08-26 01:43:00-04:00,7685.25,7685.75,7685.0,7685.25,38
2026-08-26 01:44:00-04:00,7685.75,7686.25,7685.5,7686.0,19
2026-08-26 01:45:00-04:00,7685.75,7686.0,7685.25,7685.25,53
2026-08-26 01:46:00-04:00,7685.25,7685.25,7684.75,7684.75,33
2026-08-26 01:47:00-04:00,7684.75,7684.75,7684.25,7684.5,96
2026-08-26 01:48:00-04:00,7684.75,7685.5,7684.5,7684.5,54
2026-08-26 01:49:00-04:00,7684.75,7684.75,7683.75,7684.5,204
2026-08-26 01:50:00-04:00,7684.5,7684.75,7684.0,7684.75,99
2026-08-26 01:51:00-04:00,7684.75,7685.5,7684.5,7684.5,69
2026-08-26 01:52:00-04:00,7684.5,7684.5,7684.25,7684.5,24
2026-08-26 01:53:00-04:00,7684.5,7684.5,7684.25,7684.25,29
2026-08-26 01:54:00-04:00,7684.75,7684.75,7684.0,7684.25,35
2026-08-26 02:01:00-04:00,7685.25,7685.5,7685.25,7685.25,461
2026-08-26 02:02:00-04:00,7685.0,7685.0,7684.0,7684.5,203
2026-08-26 02:03:00-04:00,7684.25,7684.25,7682.5,7682.75,249
2026-08-26 02:04:00-04:00,7682.75,7683.25,7681.25,7681.5,366
2026-08-26 02:05:00-04:00,7681.25,7682.0,7681.0,7681.75,173
2026-08-26 02:06:00-04:00,7681.75,7681.75,7681.0,7681.25,116
2026-08-26 02:07:00-04:00,7681.25,7681.75,7681.25,7681.25,194
2026-08-26 02:08:00-04:00,7681.25,7681.5,7680.75,7681.0,110
2026-08-26 02:09:00-04:00,7681.25,7682.0,7681.0,7682.0,226
2026-08-26 02:10:00-04:00,7682.0,7684.0,7681.75,7684.0,232
2026-08-26 02:11:00-04:00,7684.0,7684.25,7683.75,7684.0,134
2026-08-26 02:12:00-04:00,7684.0,7684.25,7683.0,7684.0,114
2026-08-26 02:13:00-04:00,7684.0,7684.25,7683.0,7683.5,67
2026-08-26 02:14:00-04:00,7683.25,7683.5,7682.75,7682.75,62
2026-08-26 02:15:00-04:00,7682.25,7683.0,7682.0,7682.25,126
2026-08-26 02:16:00-04:00,7682.5,7682.5,7680.75,7681.5,216
2026-08-26 02:17:00-04:00,7681.75,7682.0,7681.0,7681.75,82
2026-08-26 02:18:00-04:00,7681.75,7682.0,7681.5,7681.75,55
2026-08-26 02:19:00-04:00,7682.0,7682.75,7681.75,7682.75,81
2026-08-26 02:20:00-04:00,7682.5,7683.0,7682.0,7682.5,124
2026-08-26 02:21:00-04:00,7682.25,7682.75,7682.25,7682.5,39
2026-08-26 02:22:00-04:00,7682.5,7682.75,7682.25,7682.5,57
2026-08-26 02:23:00-04:00,7682.25,7682.25,7681.5,7681.75,108
2026-08-26 02:24:00-04:00,7681.75,7682.25,7681.5,7682.25,57
2026-08-26 02:25:00-04:00,7682.25,7683.5,7680.5,7683.5,694
2026-08-26 02:26:00-04:00,7683.25,7684.0,7682.75,7683.75,161
2026-08-26 02:27:00-04:00,7683.5,7683.5,7682.5,7682.75,97
2026-08-26 02:28:00-04:00,7683.0,7683.25,7682.75,7683.0,53
2026-08-26 02:29:00-04:00,7682.75,7683.0,7682.25,7682.75,115
2026-08-26 02:30:00-04:00,7682.75,7682.75,7681.25,7682.0,218
2026-08-26 02:31:00-04:00,7681.75,7683.25,7681.75,7682.75,106
2026-08-26 02:32:00-04:00,7682.75,7683.0,7682.5,7683.0,15
2026-08-26 02:33:00-04:00,7682.75,7683.0,7682.5,7682.75,56
2026-08-26 02:34:00-04:00,7683.0,7685.25,7683.0,7685.0,273
2026-08-26 02:35:00-04:00,7685.75,7686.25,7684.75,7685.75,611
2026-08-26 02:36:00-04:00,7686.25,7686.75,7685.0,7686.25,476
2026-08-26 02:37:00-04:00,7686.25,7686.75,7685.75,7685.75,106
2026-08-26 02:38:00-04:00,7686.0,7686.0,7685.0,7685.5,141
2026-08-26 02:39:00-04:00,7685.75,7686.0,7685.0,7685.75,90
2026-08-26 02:40:00-04:00,7685.5,7686.75,7685.5,7686.75,159
2026-08-26 02:41:00-04:00,7686.5,7687.25,7686.5,7686.75,152
2026-08-26 02:42:00-04:00,7686.75,7688.0,7686.5,7687.75,232
2026-08-26 02:43:00-04:00,7687.75,7687.75,7687.0,7687.25,34
2026-08-26 02:44:00-04:00,7687.5,7689.0,7687.25,7688.75,268
2026-08-26 02:45:00-04:00,7688.5,7690.25,7688.25,7689.75,599
2026-08-26 02:46:00-04:00,7690.25,7690.5,7690.0,7690.25,110
2026-08-26 02:47:00-04:00,7690.25,7690.25,7689.75,7690.25,92
2026-08-26 02:48:00-04:00,7690.0,7691.0,7688.75,7688.75,361
2026-08-26 02:49:00-04:00,7688.5,7689.0,7688.5,7688.75,44
2026-08-26 02:50:00-04:00,7688.75,7689.0,7688.5,7688.5,48
2026-08-26 02:51:00-04:00,7688.75,7688.75,7687.75,7688.0,118
2026-08-26 02:52:00-04:00,7687.75,7688.0,7686.75,7687.5,202
2026-08-26 02:53:00-04:00,7687.5,7687.75,7685.75,7686.0,200
2026-08-26 02:54:00-04:00,7685.75,7686.5,7685.75,7686.25,77
2026-08-26 02:55:00-04:00,7686.5,7686.75,7685.5,7685.75,62
2026-08-26 02:56:00-04:00,7685.75,7688.5,7685.5,7688.25,148
2026-08-26 02:57:00-04:00,7688.25,7689.0,7687.75,7688.75,116
2026-08-26 02:58:00-04:00,7688.75,7689.25,7688.25,7688.25,86
2026-08-26 02:59:00-04:00,7688.5,7689.0,7688.5,7688.5,74
2026-08-26 03:00:00-04:00,7688.0,7688.5,7686.5,7686.5,530
2026-08-26 03:01:00-04:00,7686.25,7687.25,7686.0,7686.75,364
2026-08-26 03:02:00-04:00,7686.5,7687.0,7685.5,7685.75,213
2026-08-26 03:03:00-04:00,7685.75,7687.25,7685.25,7686.75,56
2026-08-26 03:04:00-04:00,7686.75,7688.75,7686.75,7688.25,116
2026-08-26 03:05:00-04:00,7688.25,7688.75,7687.75,7687.75,113
2026-08-26 03:06:00-04:00,7687.75,7688.5,7686.5,7687.5,127
2026-08-26 03:07:00-04:00,7687.25,7687.5,7685.25,7685.25,135
2026-08-26 03:08:00-04:00,7685.75,7685.75,7684.0,7684.25,201
2026-08-26 03:09:00-04:00,7684.5,7684.5,7683.25,7683.5,164
2026-08-26 03:10:00-04:00,7683.75,7684.0,7683.0,7683.25,148
2026-08-26 03:11:00-04:00,7683.25,7683.75,7682.0,7682.75,189
2026-08-26 03:12:00-04:00,7682.75,7685.25,7682.5,7684.75,342
2026-08-26 03:13:00-04:00,7684.75,7686.75,7684.75,7686.75,233
2026-08-26 03:14:00-04:00,7686.75,7688.0,7686.75,7687.5,163
2026-08-26 03:15:00-04:00,7687.75,7688.75,7686.75,7687.5,196
2026-08-26 03:16:00-04:00,7687.5,7688.25,7687.0,7687.0,124
2026-08-26 03:17:00-04:00,7687.25,7687.5,7686.5,7687.0,98
2026-08-26 03:18:00-04:00,7687.0,7687.75,7686.75,7687.75,104
2026-08-26 03:19:00-04:00,7687.75,7687.75,7686.0,7686.5,107
2026-08-26 03:20:00-04:00,7686.5,7687.0,7686.25,7686.25,37
2026-08-26 03:21:00-04:00,7686.0,7686.25,7684.25,7684.25,126
2026-08-26 03:22:00-04:00,7684.25,7684.75,7683.5,7684.25,142
2026-08-26 03:23:00-04:00,7684.25,7685.25,7684.0,7684.5,126
2026-08-26 03:24:00-04:00,7684.75,7685.0,7684.25,7684.75,48
2026-08-26 03:25:00-04:00,7684.75,7685.25,7684.5,7685.0,53
2026-08-26 03:26:00-04:00,7684.75,7684.75,7682.75,7683.25,145
2026-08-26 03:27:00-04:00,7683.5,7683.75,7682.25,7683.5,155
2026-08-26 03:28:00-04:00,7683.25,7683.75,7682.75,7683.75,125
2026-08-26 03:29:00-04:00,7683.75,7684.25,7682.75,7682.75,212
2026-08-26 03:30:00-04:00,7683.0,7683.75,7682.5,7682.5,93
2026-08-26 03:31:00-04:00,7682.75,7682.75,7680.75,7681.0,280
2026-08-26 03:32:00-04:00,7681.25,7681.75,7680.5,7681.75,187
2026-08-26 03:33:00-04:00,7681.75,7682.75,7681.5,7682.25,165
2026-08-26 03:34:00-04:00,7682.25,7682.75,7682.25,7682.75,47
2026-08-26 03:35:00-04:00,7682.5,7684.25,7682.0,7684.0,177
2026-08-26 03:36:00-04:00,7684.0,7684.5,7683.0,7683.25,123
2026-08-26 03:37:00-04:00,7683.5,7683.75,7682.5,7683.25,91
2026-08-26 03:38:00-04:00,7683.25,7683.5,7683.0,7683.5,25
2026-08-26 03:39:00-04:00,7683.5,7683.5,7682.0,7682.5,152
2026-08-26 03:40:00-04:00,7682.75,7682.75,7682.0,7682.5,56
2026-08-26 03:41:00-04:00,7682.75,7683.25,7682.5,7683.25,208
2026-08-26 03:42:00-04:00,7683.0,7683.25,7682.5,7683.0,55
2026-08-26 03:43:00-04:00,7683.0,7683.75,7683.0,7683.25,97
2026-08-26 03:44:00-04:00,7683.0,7683.5,7682.75,7683.25,40
2026-08-26 03:45:00-04:00,7683.25,7683.5,7683.0,7683.25,38
2026-08-26 03:46:00-04:00,7683.25,7683.75,7682.75,7683.75,87
2026-08-26 03:47:00-04:00,7683.75,7684.75,7683.75,7684.75,91
2026-08-26 03:48:00-04:00,7684.5,7686.0,7684.5,7686.0,379
2026-08-26 03:49:00-04:00,7686.25,7686.5,7684.0,7684.0,166
2026-08-26 03:50:00-04:00,7684.25,7684.5,7682.5,7684.25,185
2026-08-26 03:51:00-04:00,7684.5,7685.0,7683.5,7683.5,108
2026-08-26 03:52:00-04:00,7683.75,7684.75,7683.75,7684.75,48
2026-08-26 03:53:00-04:00,7684.25,7684.75,7684.0,7684.25,32
2026-08-26 03:54:00-04:00,7684.25,7684.75,7684.25,7684.75,44
2026-08-26 03:55:00-04:00,7684.75,7684.75,7684.25,7684.75,38
2026-08-26 03:56:00-04:00,7684.75,7686.0,7684.5,7686.0,131
2026-08-26 03:57:00-04:00,7685.75,7686.5,7685.5,7685.75,72
2026-08-26 03:58:00-04:00,7685.75,7686.0,7685.5,7685.75,47
2026-08-26 03:59:00-04:00,7685.75,7686.0,7685.25,7685.75,47
2026-08-26 04:00:00-04:00,7685.75,7686.0,7683.5,7685.0,314
2026-08-26 04:01:00-04:00,7685.0,7686.5,7685.0,7686.0,150
2026-08-26 04:02:00-04:00,7686.25,7686.5,7685.0,7686.5,234
2026-08-26 04:03:00-04:00,7686.25,7686.75,7685.5,7685.75,97
2026-08-26 04:04:00-04:00,7685.75,7689.0,7685.5,7688.25,398
2026-08-26 04:05:00-04:00,7688.0,7688.25,7686.0,7687.0,150
2026-08-26 04:06:00-04:00,7687.0,7688.75,7686.5,7687.5,193
2026-08-26 04:07:00-04:00,7687.25,7688.0,7687.0,7687.25,119
2026-08-26 04:08:00-04:00,7687.5,7688.5,7687.0,7688.25,69
2026-08-26 04:09:00-04:00,7688.25,7689.5,7688.25,7689.0,220
2026-08-26 04:10:00-04:00,7689.0,7689.75,7688.75,7689.25,99
2026-08-26 04:11:00-04:00,7689.5,7690.0,7688.25,7689.25,287
2026-08-26 04:12:00-04:00,7688.75,7689.25,7687.0,7687.0,191
2026-08-26 04:13:00-04:00,7687.0,7687.75,7686.75,7686.75,75
2026-08-26 04:14:00-04:00,7687.0,7687.0,7684.75,7685.0,221
2026-08-26 04:15:00-04:00,7685.0,7685.25,7684.25,7685.0,79
2026-08-26 04:16:00-04:00,7685.25,7688.5,7685.0,7687.75,286
2026-08-26 04:17:00-04:00,7687.5,7687.5,7686.5,7686.75,86
2026-08-26 04:18:00-04:00,7686.75,7686.75,7684.75,7685.0,99
2026-08-26 04:19:00-04:00,7684.75,7685.25,7684.25,7684.75,88
2026-08-26 04:20:00-04:00,7684.75,7685.0,7684.25,7684.25,91
2026-08-26 04:21:00-04:00,7684.0,7684.75,7683.75,7684.25,230
2026-08-26 04:22:00-04:00,7684.5,7684.5,7683.0,7683.0,162
2026-08-26 04:23:00-04:00,7683.25,7683.75,7683.0,7683.25,133
2026-08-26 04:24:00-04:00,7683.75,7683.75,7683.5,7683.75,45
2026-08-26 04:25:00-04:00,7683.5,7685.5,7683.5,7685.0,119
2026-08-26 04:26:00-04:00,7685.25,7685.75,7684.75,7685.75,74
2026-08-26 04:27:00-04:00,7685.75,7686.25,7685.0,7685.75,106
2026-08-26 04:28:00-04:00,7686.0,7687.0,7685.75,7687.0,105
2026-08-26 04:29:00-04:00,7687.25,7689.0,7686.5,7689.0,241
2026-08-26 04:30:00-04:00,7689.0,7689.0,7685.75,7686.75,293
2026-08-26 04:31:00-04:00,7687.0,7687.75,7686.25,7687.5,96
2026-08-26 04:32:00-04:00,7687.5,7688.5,7687.25,7688.25,78
2026-08-26 04:33:00-04:00,7688.0,7690.25,7687.5,7690.25,248
2026-08-26 04:34:00-04:00,7690.0,7690.0,7688.25,7688.5,177
2026-08-26 04:35:00-04:00,7688.25,7688.5,7687.75,7688.25,51
2026-08-26 04:36:00-04:00,7688.25,7689.0,7688.0,7688.75,70
2026-08-26 04:37:00-04:00,7689.0,7689.25,7688.75,7688.75,80
2026-08-26 04:38:00-04:00,7689.0,7689.25,7688.75,7689.25,40
2026-08-26 04:39:00-04:00,7689.5,7689.5,7689.0,7689.5,71
2026-08-26 04:40:00-04:00,7689.5,7689.75,7689.0,7689.5,74
2026-08-26 04:41:00-04:00,7689.75,7689.75,7689.25,7689.5,47
2026-08-26 04:42:00-04:00,7689.5,7691.0,7689.5,7691.0,97
2026-08-26 04:43:00-04:00,7690.75,7691.0,7690.0,7690.25,184
2026-08-26 04:44:00-04:00,7690.25,7690.25,7689.75,7690.0,31
2026-08-26 04:45:00-04:00,7690.25,7690.25,7689.5,7689.75,111
2026-08-26 04:46:00-04:00,7689.75,7690.0,7689.0,7689.25,62
2026-08-26 04:47:00-04:00,7689.5,7689.5,7688.5,7688.75,71
2026-08-26 04:48:00-04:00,7689.0,7689.5,7688.5,7689.5,67
2026-08-26 04:49:00-04:00,7689.25,7689.5,7689.0,7689.0,82
2026-08-26 04:50:00-04:00,7689.5,7689.75,7689.25,7689.75,51
2026-08-26 04:51:00-04:00,7690.0,7690.0,7689.0,7689.25,52
2026-08-26 04:52:00-04:00,7689.25,7689.5,7689.25,7689.25,35
2026-08-26 04:53:00-04:00,7689.25,7689.5,7689.0,7689.25,25
2026-08-26 04:54:00-04:00,7689.25,7689.25,7687.75,7688.0,108
2026-08-26 04:55:00-04:00,7688.25,7688.25,7686.25,7686.75,147
2026-08-26 04:56:00-04:00,7687.0,7687.0,7686.25,7686.5,79
2026-08-26 04:57:00-04:00,7686.5,7686.5,7685.5,7686.25,141
2026-08-26 04:58:00-04:00,7686.25,7687.25,7686.25,7687.0,116
2026-08-26 04:59:00-04:00,7687.25,7688.75,7687.25,7688.75,121
2026-08-26 05:00:00-04:00,7688.75,7689.0,7687.75,7688.25,140
2026-08-26 05:01:00-04:00,7688.25,7689.75,7687.25,7688.25,659
2026-08-26 05:02:00-04:00,7688.25,7688.75,7687.75,7687.75,46
2026-08-26 05:03:00-04:00,7687.5,7688.5,7687.5,7688.0,27
2026-08-26 05:04:00-04:00,7688.25,7688.25,7687.5,7687.5,36
2026-08-26 05:05:00-04:00,7687.5,7687.75,7687.0,7687.0,52
2026-08-26 05:06:00-04:00,7687.0,7687.25,7687.0,7687.0,44
2026-08-26 05:07:00-04:00,7687.25,7687.25,7687.0,7687.0,28
2026-08-26 05:08:00-04:00,7687.0,7687.25,7686.5,7686.75,48
2026-08-26 05:09:00-04:00,7686.75,7686.75,7686.0,7686.25,33
2026-08-26 05:10:00-04:00,7686.0,7687.0,7686.0,7686.75,86
2026-08-26 05:11:00-04:00,7687.0,7687.75,7686.75,7687.5,115
2026-08-26 05:12:00-04:00,7687.75,7687.75,7686.5,7686.5,37
2026-08-26 05:13:00-04:00,7686.25,7686.75,7686.25,7686.25,24
2026-08-26 05:14:00-04:00,7686.25,7686.5,7686.25,7686.5,52
2026-08-26 05:15:00-04:00,7686.5,7687.25,7686.25,7686.75,109
2026-08-26 05:16:00-04:00,7686.75,7686.75,7685.5,7686.25,96
2026-08-26 05:17:00-04:00,7686.25,7686.5,7685.5,7686.0,62
2026-08-26 05:18:00-04:00,7686.0,7686.75,7686.0,7686.25,55
2026-08-26 05:19:00-04:00,7686.25,7686.5,7685.0,7685.5,73
2026-08-26 05:20:00-04:00,7685.75,7687.0,7685.75,7686.5,386
2026-08-26 05:21:00-04:00,7686.5,7687.0,7686.0,7686.75,28
2026-08-26 05:22:00-04:00,7686.75,7686.75,7685.5,7686.25,71
2026-08-26 05:23:00-04:00,7686.25,7686.25,7684.0,7684.25,154
2026-08-26 05:24:00-04:00,7684.5,7684.75,7683.75,7683.75,126
2026-08-26 05:25:00-04:00,7683.75,7685.25,7683.0,7685.0,171
2026-08-26 05:26:00-04:00,7684.75,7685.25,7684.5,7684.5,145
2026-08-26 05:27:00-04:00,7684.5,7685.0,7684.25,7684.5,93
2026-08-26 05:28:00-04:00,7684.5,7684.5,7683.75,7683.75,53
2026-08-26 05:29:00-04:00,7683.75,7685.0,7683.75,7684.75,114
2026-08-26 05:30:00-04:00,7685.0,7686.25,7685.0,7685.25,262
2026-08-26 05:31:00-04:00,7685.25,7686.25,7685.25,7686.25,156
2026-08-26 05:32:00-04:00,7686.0,7686.25,7686.0,7686.25,31
2026-08-26 05:33:00-04:00,7686.0,7687.75,7685.75,7687.75,238
2026-08-26 05:34:00-04:00,7687.75,7687.75,7685.75,7686.25,71
2026-08-26 05:35:00-04:00,7686.5,7686.75,7685.75,7686.0,78
2026-08-26 05:36:00-04:00,7686.0,7686.5,7686.0,7686.5,64
2026-08-26 05:37:00-04:00,7686.5,7686.75,7686.0,7686.0,24
2026-08-26 05:38:00-04:00,7686.0,7686.0,7685.25,7685.75,104
2026-08-26 05:39:00-04:00,7685.75,7686.5,7685.75,7686.5,33
2026-08-26 05:40:00-04:00,7686.5,7686.75,7686.0,7686.5,58
2026-08-26 05:41:00-04:00,7686.5,7686.5,7686.25,7686.25,3
2026-08-26 05:42:00-04:00,7686.0,7686.25,7685.75,7686.25,10
2026-08-26 05:43:00-04:00,7686.25,7687.25,7686.25,7687.0,37
2026-08-26 05:44:00-04:00,7686.75,7687.25,7686.25,7686.5,100
2026-08-26 05:45:00-04:00,7686.5,7687.0,7686.25,7687.0,56
2026-08-26 05:46:00-04:00,7687.25,7688.5,7687.25,7687.5,231
2026-08-26 05:47:00-04:00,7687.5,7687.5,7686.75,7686.75,26
2026-08-26 05:48:00-04:00,7687.0,7687.5,7687.0,7687.25,37
2026-08-26 05:49:00-04:00,7687.5,7687.5,7687.25,7687.25,13
2026-08-26 05:50:00-04:00,7687.5,7688.0,7687.0,7687.5,55
2026-08-26 05:51:00-04:00,7687.5,7688.0,7687.5,7687.5,42
2026-08-26 05:52:00-04:00,7687.75,7687.75,7687.25,7687.5,14
2026-08-26 05:53:00-04:00,7687.5,7687.75,7687.25,7687.25,36
2026-08-26 05:54:00-04:00,7687.25,7688.5,7687.25,7688.25,79
2026-08-26 05:55:00-04:00,7688.0,7688.5,7687.75,7688.25,30
2026-08-26 05:56:00-04:00,7688.25,7688.75,7688.0,7688.5,165
2026-08-26 05:57:00-04:00,7688.5,7689.0,7688.25,7689.0,54
2026-08-26 05:58:00-04:00,7689.0,7689.5,7688.75,7689.5,130
2026-08-26 05:59:00-04:00,7689.25,7689.5,7689.0,7689.25,65
2026-08-26 06:00:00-04:00,7689.0,7689.0,7687.75,7689.0,172
2026-08-26 06:01:00-04:00,7688.75,7689.0,7687.75,7687.75,89
2026-08-26 06:02:00-04:00,7687.75,7688.0,7686.75,7687.0,135
2026-08-26 06:03:00-04:00,7687.0,7687.25,7686.25,7686.75,109
2026-08-26 06:04:00-04:00,7686.75,7687.25,7686.75,7686.75,23
2026-08-26 06:05:00-04:00,7686.75,7687.0,7686.75,7687.0,38
2026-08-26 06:06:00-04:00,7687.0,7687.25,7686.5,7686.5,77
2026-08-26 06:07:00-04:00,7686.75,7686.75,7686.25,7686.25,26
2026-08-26 06:08:00-04:00,7686.5,7686.5,7685.75,7686.0,85
2026-08-26 06:09:00-04:00,7686.0,7686.5,7686.0,7686.5,22
2026-08-26 06:10:00-04:00,7686.25,7686.25,7685.25,7685.25,166
2026-08-26 06:11:00-04:00,7685.25,7685.5,7684.75,7685.25,111
2026-08-26 06:12:00-04:00,7684.75,7685.0,7684.25,7684.5,96
2026-08-26 06:13:00-04:00,7684.5,7685.0,7684.25,7684.75,121
2026-08-26 06:14:00-04:00,7684.75,7685.0,7684.0,7684.5,167
2026-08-26 06:15:00-04:00,7684.5,7685.75,7684.5,7685.5,111
2026-08-26 06:16:00-04:00,7685.5,7686.0,7685.5,7685.75,119
2026-08-26 06:17:00-04:00,7685.5,7686.0,7685.5,7685.5,35
2026-08-26 06:18:00-04:00,7685.75,7685.75,7685.0,7685.5,22
2026-08-26 06:19:00-04:00,7685.5,7685.75,7685.25,7685.5,49
2026-08-26 06:20:00-04:00,7685.75,7685.75,7683.75,7684.0,211
2026-08-26 06:21:00-04:00,7684.25,7684.5,7684.0,7684.0,98
2026-08-26 06:22:00-04:00,7684.25,7684.75,7684.0,7684.75,47
2026-08-26 06:23:00-04:00,7685.0,7685.5,7684.5,7685.5,66
2026-08-26 06:24:00-04:00,7685.5,7686.5,7685.5,7686.25,97
2026-08-26 06:25:00-04:00,7686.0,7686.5,7685.5,7686.25,51
2026-08-26 06:26:00-04:00,7686.25,7686.25,7685.25,7685.25,34
2026-08-26 06:27:00-04:00,7685.5,7685.5,7684.25,7684.5,106
2026-08-26 06:28:00-04:00,7684.5,7684.75,7684.5,7684.75,64
2026-08-26 06:29:00-04:00,7684.5,7684.5,7683.5,7683.5,102
2026-08-26 06:30:00-04:00,7683.75,7683.75,7681.75,7682.25,365
2026-08-26 06:31:00-04:00,7682.5,7683.0,7681.75,7682.75,250
2026-08-26 06:32:00-04:00,7683.0,7684.25,7682.5,7684.25,73
2026-08-26 06:33:00-04:00,7684.25,7685.5,7684.0,7685.25,316
2026-08-26 06:34:00-04:00,7685.25,7687.25,7685.25,7687.25,509
2026-08-26 06:35:00-04:00,7687.5,7688.5,7687.25,7688.5,326
2026-08-26 06:36:00-04:00,7688.5,7688.5,7687.5,7687.75,233
2026-08-26 06:37:00-04:00,7687.5,7688.0,7687.25,7688.0,288
2026-08-26 06:38:00-04:00,7687.75,7689.5,7687.75,7689.25,309
2026-08-26 06:39:00-04:00,7689.5,7689.75,7688.75,7689.0,268
2026-08-26 06:40:00-04:00,7688.75,7690.25,7688.5,7689.5,211
2026-08-26 06:41:00-04:00,7689.5,7689.75,7688.75,7689.0,127
2026-08-26 06:42:00-04:00,7688.75,7688.75,7687.5,7687.5,117
2026-08-26 06:43:00-04:00,7687.75,7688.0,7687.0,7687.25,171
2026-08-26 06:44:00-04:00,7687.0,7687.5,7687.0,7687.5,97
2026-08-26 06:45:00-04:00,7687.5,7687.5,7686.75,7687.25,114
2026-08-26 06:46:00-04:00,7687.25,7688.25,7687.0,7688.0,56
2026-08-26 06:47:00-04:00,7687.75,7687.75,7687.25,7687.5,45
2026-08-26 06:48:00-04:00,7687.5,7688.0,7687.25,7688.0,38
2026-08-26 06:49:00-04:00,7688.0,7689.0,7687.75,7688.5,86
2026-08-26 06:50:00-04:00,7688.0,7688.25,7686.0,7687.5,971
2026-08-26 06:51:00-04:00,7687.75,7687.75,7687.0,7687.25,88
2026-08-26 06:52:00-04:00,7687.25,7687.5,7687.0,7687.25,42
2026-08-26 06:53:00-04:00,7686.75,7686.75,7686.0,7686.25,50
2026-08-26 06:54:00-04:00,7686.25,7687.0,7686.25,7686.5,66
2026-08-26 06:55:00-04:00,7686.5,7686.75,7686.25,7686.25,108
2026-08-26 06:56:00-04:00,7686.5,7686.5,7686.25,7686.5,59
2026-08-26 06:57:00-04:00,7686.5,7686.75,7686.25,7686.5,54
2026-08-26 06:58:00-04:00,7686.75,7687.0,7686.5,7686.75,52
2026-08-26 06:59:00-04:00,7686.75,7687.5,7686.5,7687.0,259
2026-08-26 07:00:00-04:00,7687.25,7689.25,7686.75,7689.0,457
2026-08-26 07:01:00-04:00,7689.0,7690.5,7688.75,7690.0,250
2026-08-26 07:02:00-04:00,7690.25,7691.0,7689.75,7690.25,242
2026-08-26 07:03:00-04:00,7690.5,7690.5,7690.0,7690.0,104
2026-08-26 07:04:00-04:00,7690.0,7690.0,7689.5,7689.75,133
2026-08-26 07:05:00-04:00,7689.5,7689.5,7688.75,7689.0,150
2026-08-26 07:06:00-04:00,7689.0,7689.0,7688.25,7688.5,79
2026-08-26 07:07:00-04:00,7688.25,7688.75,7688.25,7688.25,41
2026-08-26 07:08:00-04:00,7688.25,7688.5,7687.5,7687.5,145
2026-08-26 07:09:00-04:00,7687.5,7687.75,7687.0,7687.5,74
2026-08-26 07:10:00-04:00,7687.5,7688.0,7687.25,7688.0,54
2026-08-26 07:11:00-04:00,7687.75,7688.75,7687.5,7688.0,118
2026-08-26 07:12:00-04:00,7688.25,7689.25,7688.0,7689.0,46
2026-08-26 07:13:00-04:00,7689.0,7690.0,7688.75,7689.5,58
2026-08-26 07:14:00-04:00,7689.75,7690.5,7689.5,7690.0,54
2026-08-26 07:15:00-04:00,7690.25,7691.25,7689.75,7691.0,298
2026-08-26 07:16:00-04:00,7690.5,7691.5,7690.5,7691.5,140
2026-08-26 07:17:00-04:00,7691.25,7691.5,7691.0,7691.5,103
2026-08-26 07:18:00-04:00,7691.5,7694.0,7691.5,7691.5,1483
2026-08-26 07:19:00-04:00,7691.5,7692.25,7690.75,7690.75,279
2026-08-26 07:20:00-04:00,7691.0,7691.25,7689.75,7690.25,144
2026-08-26 07:21:00-04:00,7690.25,7691.0,7690.0,7690.5,221
2026-08-26 07:22:00-04:00,7690.5,7690.75,7690.0,7690.25,76
2026-08-26 07:23:00-04:00,7690.25,7690.5,7690.0,7690.0,79
2026-08-26 07:24:00-04:00,7690.0,7690.25,7689.0,7689.0,173
2026-08-26 07:25:00-04:00,7689.25,7689.75,7689.0,7689.5,109
2026-08-26 07:26:00-04:00,7689.5,7689.75,7689.0,7689.0,105
2026-08-26 07:27:00-04:00,7688.75,7689.75,7688.5,7689.5,114
2026-08-26 07:28:00-04:00,7689.75,7689.75,7687.75,7689.75,285
2026-08-26 07:29:00-04:00,7689.5,7690.25,7689.5,7690.0,97
2026-08-26 07:30:00-04:00,7689.75,7690.25,7689.75,7689.75,149
2026-08-26 07:31:00-04:00,7689.75,7691.5,7689.5,7691.25,282
2026-08-26 07:32:00-04:00,7691.0,7692.0,7690.5,7692.0,183
2026-08-26 07:33:00-04:00,7691.75,7692.0,7690.0,7690.0,238
2026-08-26 07:34:00-04:00,7690.25,7690.25,7689.25,7689.5,151
2026-08-26 07:35:00-04:00,7689.5,7690.0,7688.5,7689.0,188
2026-08-26 07:36:00-04:00,7688.75,7689.25,7687.75,7688.0,171
2026-08-26 07:37:00-04:00,7687.75,7688.0,7686.25,7686.5,319
2026-08-26 07:38:00-04:00,7686.5,7686.75,7684.0,7684.5,539
2026-08-26 07:39:00-04:00,7684.5,7685.25,7684.25,7684.5,228
2026-08-26 07:40:00-04:00,7684.75,7685.0,7684.25,7684.5,193
2026-08-26 07:41:00-04:00,7684.25,7685.75,7684.25,7685.25,232
2026-08-26 07:42:00-04:00,7685.0,7685.75,7683.75,7685.5,341
2026-08-26 07:43:00-04:00,7685.5,7686.25,7685.25,7685.25,175
2026-08-26 07:44:00-04:00,7685.25,7686.5,7685.0,7686.0,255
2026-08-26 07:45:00-04:00,7686.25,7686.5,7685.25,7685.25,286
2026-08-26 07:46:00-04:00,7685.5,7685.75,7684.5,7685.0,226
2026-08-26 07:47:00-04:00,7685.25,7685.75,7684.75,7685.0,125
2026-08-26 07:48:00-04:00,7685.0,7685.0,7682.75,7683.25,497
2026-08-26 07:49:00-04:00,7683.25,7684.75,7683.0,7683.5,220
2026-08-26 07:50:00-04:00,7683.75,7685.25,7683.5,7685.0,253
2026-08-26 07:51:00-04:00,7685.0,7687.75,7684.75,7687.5,526
2026-08-26 07:52:00-04:00,7687.25,7687.5,7686.5,7687.5,191
2026-08-26 07:53:00-04:00,7687.5,7688.0,7687.0,7687.5,177
2026-08-26 07:54:00-04:00,7687.5,7687.5,7686.25,7686.75,197
2026-08-26 07:55:00-04:00,7686.5,7687.75,7686.5,7687.0,143
2026-08-26 07:56:00-04:00,7687.0,7687.5,7686.0,7687.0,190
2026-08-26 07:57:00-04:00,7687.25,7688.0,7686.75,7687.75,115
2026-08-26 07:58:00-04:00,7688.0,7688.25,7687.25,7688.0,178
2026-08-26 07:59:00-04:00,7688.0,7688.25,7687.5,7687.75,215
2026-08-26 08:00:00-04:00,7687.75,7688.25,7686.75,7688.0,313
2026-08-26 08:01:00-04:00,7688.0,7688.25,7685.75,7686.5,381
2026-08-26 08:02:00-04:00,7686.5,7687.75,7686.5,7687.5,175
2026-08-26 08:03:00-04:00,7687.5,7688.0,7685.25,7686.5,277
2026-08-26 08:04:00-04:00,7686.75,7687.75,7686.75,7687.25,148
2026-08-26 08:05:00-04:00,7687.25,7688.0,7686.75,7687.0,134
2026-08-26 08:06:00-04:00,7687.0,7687.25,7686.0,7686.0,127
2026-08-26 08:07:00-04:00,7686.25,7686.25,7685.25,7685.5,108
2026-08-26 08:08:00-04:00,7685.5,7686.25,7685.5,7686.0,103
2026-08-26 08:09:00-04:00,7686.0,7686.5,7686.0,7686.25,93
2026-08-26 08:10:00-04:00,7686.5,7686.5,7685.25,7686.0,121
2026-08-26 08:11:00-04:00,7686.0,7686.0,7685.5,7686.0,110
2026-08-26 08:12:00-04:00,7685.75,7687.0,7685.5,7685.75,249
2026-08-26 08:13:00-04:00,7686.0,7688.0,7686.0,7687.75,131
2026-08-26 08:14:00-04:00,7688.0,7688.0,7687.25,7687.75,172
2026-08-26 08:15:00-04:00,7687.5,7687.75,7685.75,7685.75,181
2026-08-26 08:16:00-04:00,7685.75,7686.25,7685.5,7685.75,201
2026-08-26 08:17:00-04:00,7685.5,7686.5,7684.75,7686.5,128
2026-08-26 08:18:00-04:00,7686.5,7687.75,7686.25,7687.0,167
2026-08-26 08:19:00-04:00,7686.75,7688.25,7686.75,7687.75,170
2026-08-26 08:20:00-04:00,7687.5,7689.25,7687.25,7689.25,317
2026-08-26 08:21:00-04:00,7689.25,7690.75,7689.25,7690.75,543
2026-08-26 08:22:00-04:00,7690.75,7690.75,7690.0,7690.5,316
2026-08-26 08:23:00-04:00,7690.5,7691.5,7690.5,7691.5,288
2026-08-26 08:24:00-04:00,7691.5,7691.5,7690.75,7691.0,211
2026-08-26 08:25:00-04:00,7691.25,7692.5,7691.0,7691.75,374
2026-08-26 08:26:00-04:00,7692.0,7692.0,7691.0,7692.0,224
2026-08-26 08:27:00-04:00,7691.75,7692.75,7691.75,7692.5,274
2026-08-26 08:28:00-04:00,7692.5,7694.75,7692.5,7694.5,886
2026-08-26 08:29:00-04:00,7694.5,7698.25,7693.75,7696.0,1243
2026-08-26 08:30:00-04:00,7697.0,7697.75,7687.25,7689.75,1914
2026-08-26 08:31:00-04:00,7689.75,7690.25,7683.25,7684.75,1892
2026-08-26 08:32:00-04:00,7684.75,7685.75,7682.5,7683.75,1164
2026-08-26 08:33:00-04:00,7683.75,7684.25,7681.75,7684.0,911
2026-08-26 08:34:00-04:00,7684.0,7685.25,7682.0,7683.75,924
2026-08-26 08:35:00-04:00,7683.75,7684.25,7680.5,7681.5,1433
2026-08-26 08:36:00-04:00,7681.25,7682.0,7679.75,7680.5,968
2026-08-26 08:37:00-04:00,7680.75,7682.5,7680.0,7682.5,802
2026-08-26 08:38:00-04:00,7682.5,7683.0,7681.0,7681.75,443
2026-08-26 08:39:00-04:00,7681.5,7682.25,7680.75,7681.5,383
2026-08-26 08:40:00-04:00,7681.5,7682.0,7680.75,7682.0,509
2026-08-26 08:41:00-04:00,7681.75,7683.0,7681.0,7681.0,535
2026-08-26 08:42:00-04:00,7681.25,7683.25,7680.75,7683.0,387
2026-08-26 08:43:00-04:00,7683.0,7684.25,7681.5,7683.5,564
2026-08-26 08:44:00-04:00,7683.5,7683.5,7680.75,7681.0,509
2026-08-26 08:45:00-04:00,7681.0,7683.0,7680.5,7681.5,570
2026-08-26 08:46:00-04:00,7681.5,7681.75,7679.25,7679.75,756
2026-08-26 08:47:00-04:00,7679.75,7682.25,7679.5,7681.5,557
2026-08-26 08:48:00-04:00,7681.75,7683.0,7681.5,7682.25,512
2026-08-26 08:49:00-04:00,7682.5,7683.5,7682.25,7683.5,303
2026-08-26 08:50:00-04:00,7683.5,7684.0,7682.5,7683.75,487
2026-08-26 08:51:00-04:00,7683.5,7684.25,7683.0,7683.75,349
2026-08-26 08:52:00-04:00,7683.75,7684.0,7679.5,7680.75,665
2026-08-26 08:53:00-04:00,7680.5,7681.0,7680.0,7680.0,297
2026-08-26 08:54:00-04:00,7680.0,7680.0,7676.5,7679.0,3536
2026-08-26 08:55:00-04:00,7679.25,7680.5,7677.0,7680.0,1176
2026-08-26 08:56:00-04:00,7679.75,7680.25,7679.0,7679.75,539
2026-08-26 08:57:00-04:00,7679.75,7682.25,7679.75,7682.0,576
2026-08-26 08:58:00-04:00,7682.25,7682.25,7678.0,7679.25,1957
2026-08-26 08:59:00-04:00,7679.75,7680.25,7679.25,7679.25,423
2026-08-26 09:00:00-04:00,7679.5,7680.75,7678.5,7680.75,660
2026-08-26 09:01:00-04:00,7680.75,7682.0,7679.25,7681.5,543
2026-08-26 09:02:00-04:00,7681.5,7682.0,7681.0,7681.5,524
2026-08-26 09:03:00-04:00,7682.0,7682.25,7680.5,7681.0,385
2026-08-26 09:04:00-04:00,7681.0,7681.75,7680.5,7680.75,288
2026-08-26 09:05:00-04:00,7680.75,7681.75,7680.25,7681.0,479
2026-08-26 09:06:00-04:00,7681.0,7682.75,7680.5,7680.5,642
2026-08-26 09:07:00-04:00,7680.5,7680.5,7679.5,7679.75,273
2026-08-26 09:08:00-04:00,7679.75,7680.25,7678.0,7678.75,473
2026-08-26 09:09:00-04:00,7678.75,7679.0,7677.5,7678.25,571
2026-08-26 09:10:00-04:00,7678.25,7678.25,7677.25,7677.5,386
2026-08-26 09:11:00-04:00,7677.5,7678.25,7677.0,7678.25,480
2026-08-26 09:12:00-04:00,7678.5,7679.0,7678.0,7679.0,426
2026-08-26 09:13:00-04:00,7679.25,7681.0,7679.0,7681.0,658
2026-08-26 09:14:00-04:00,7681.0,7682.25,7680.5,7682.0,450
2026-08-26 09:15:00-04:00,7682.0,7682.0,7680.5,7680.5,468
2026-08-26 09:16:00-04:00,7680.0,7681.75,7679.25,7681.25,579
2026-08-26 09:17:00-04:00,7681.5,7682.0,7680.25,7680.5,448
2026-08-26 09:18:00-04:00,7680.5,7681.75,7679.75,7680.25,814
2026-08-26 09:19:00-04:00,7680.25,7681.5,7680.25,7681.25,198
2026-08-26 09:20:00-04:00,7681.0,7681.0,7680.25,7680.5,187
2026-08-26 09:21:00-04:00,7680.75,7681.25,7680.0,7680.5,223
2026-08-26 09:22:00-04:00,7680.25,7680.5,7679.75,7680.5,203
2026-08-26 09:23:00-04:00,7680.5,7680.75,7679.5,7679.75,134
2026-08-26 09:24:00-04:00,7680.0,7680.25,7679.5,7680.25,279
2026-08-26 09:25:00-04:00,7680.5,7682.25,7679.5,7681.0,869
2026-08-26 09:26:00-04:00,7680.75,7681.5,7680.75,7681.25,252
2026-08-26 09:27:00-04:00,7681.0,7681.5,7679.25,7680.0,449
2026-08-26 09:28:00-04:00,7680.0,7681.25,7679.25,7681.25,538
2026-08-26 09:29:00-04:00,7681.25,7681.25,7678.25,7678.5,1313
2026-08-26 09:30:00-04:00,7679.25,7684.0,7678.75,7680.5,6040
2026-08-26 09:31:00-04:00,7680.75,7687.25,7679.5,7687.0,5236
2026-08-26 09:32:00-04:00,7686.25,7688.0,7684.25,7684.5,3894
2026-08-26 09:33:00-04:00,7684.5,7687.0,7684.0,7686.75,2432
2026-08-26 09:34:00-04:00,7687.0,7690.75,7686.0,7689.25,4096
2026-08-26 09:35:00-04:00,7689.0,7689.5,7680.25,7682.75,6538
2026-08-26 09:36:00-04:00,7682.5,7686.5,7680.5,7685.75,5476
2026-08-26 09:37:00-04:00,7685.5,7689.0,7685.25,7689.0,3069
2026-08-26 09:38:00-04:00,7689.0,7690.5,7687.75,7689.25,3381
2026-08-26 09:39:00-04:00,7689.0,7689.25,7686.5,7688.0,2879
2026-08-26 09:40:00-04:00,7688.0,7691.0,7686.5,7690.0,3239
2026-08-26 09:41:00-04:00,7689.75,7690.5,7687.75,7689.25,2308
2026-08-26 09:42:00-04:00,7688.75,7690.75,7686.75,7690.5,2383
2026-08-26 09:43:00-04:00,7690.25,7697.5,7690.0,7695.25,8751
2026-08-26 09:44:00-04:00,7695.0,7698.25,7695.0,7695.5,4685
2026-08-26 09:45:00-04:00,7695.5,7699.25,7695.25,7698.75,3550
2026-08-26 09:46:00-04:00,7698.75,7699.25,7693.5,7694.5,4132
2026-08-26 09:47:00-04:00,7694.5,7694.75,7693.0,7694.5,1993
2026-08-26 09:48:00-04:00,7694.25,7696.75,7694.0,7695.5,2507
2026-08-26 09:49:00-04:00,7695.25,7696.0,7691.25,7691.5,2317
2026-08-26 09:50:00-04:00,7691.0,7691.75,7688.5,7689.0,4181
2026-08-26 09:51:00-04:00,7689.25,7692.25,7688.5,7692.0,2954
2026-08-26 09:52:00-04:00,7692.0,7694.0,7691.75,7693.0,2430
2026-08-26 09:53:00-04:00,7693.0,7696.75,7692.25,7696.25,2793
2026-08-26 09:54:00-04:00,7696.25,7698.75,7695.5,7698.75,2315
2026-08-26 09:55:00-04:00,7698.5,7700.0,7696.75,7699.5,3747
2026-08-26 09:56:00-04:00,7699.5,7701.25,7697.75,7700.0,3659
2026-08-26 09:57:00-04:00,7700.0,7700.75,7698.5,7698.75,1979
2026-08-26 09:58:00-04:00,7698.75,7700.25,7698.25,7699.0,2048
2026-08-26 09:59:00-04:00,7699.0,7701.5,7697.5,7701.25,2256
2026-08-26 10:00:00-04:00,7701.5,7701.5,7698.25,7700.25,3453
2026-08-26 10:01:00-04:00,7700.0,7700.75,7698.5,7699.5,1664
2026-08-26 10:02:00-04:00,7699.25,7701.0,7699.25,7700.75,1104
2026-08-26 10:03:00-04:00,7700.5,7701.5,7699.5,7701.0,1723
2026-08-26 10:04:00-04:00,7700.75,7702.0,7700.25,7700.75,2589
2026-08-26 10:05:00-04:00,7701.0,7701.25,7699.0,7699.5,3153
2026-08-26 10:06:00-04:00,7699.75,7701.75,7698.0,7701.75,2574
2026-08-26 10:07:00-04:00,7701.75,7701.75,7698.75,7698.75,1540
2026-08-26 10:08:00-04:00,7698.75,7699.75,7698.0,7698.5,1065
2026-08-26 10:09:00-04:00,7698.75,7699.25,7697.0,7698.5,1985
2026-08-26 10:10:00-04:00,7698.5,7698.75,7696.25,7697.5,2278
2026-08-26 10:11:00-04:00,7697.5,7698.75,7696.75,7697.5,1378
2026-08-26 10:12:00-04:00,7697.5,7697.75,7694.0,7694.5,4094
2026-08-26 10:13:00-04:00,7694.75,7695.25,7693.0,7695.0,2826
2026-08-26 10:14:00-04:00,7694.75,7696.25,7693.5,7694.0,1926
2026-08-26 10:15:00-04:00,7694.0,7695.0,7692.5,7693.0,2399
2026-08-26 10:16:00-04:00,7692.75,7693.75,7692.0,7693.5,2086
2026-08-26 10:17:00-04:00,7693.5,7694.5,7693.0,7693.5,1615
2026-08-26 10:18:00-04:00,7693.75,7696.0,7692.5,7693.5,2438
2026-08-26 10:19:00-04:00,7693.25,7694.5,7691.5,7691.75,1996
2026-08-26 10:20:00-04:00,7691.5,7692.75,7691.25,7691.25,1821
2026-08-26 10:21:00-04:00,7691.5,7691.75,7690.0,7690.25,2971
2026-08-26 10:22:00-04:00,7690.25,7690.75,7688.0,7689.0,3806
2026-08-26 10:23:00-04:00,7689.0,7690.75,7688.0,7688.0,2063
2026-08-26 10:24:00-04:00,7688.25,7688.5,7686.0,7686.5,3620
2026-08-26 10:25:00-04:00,7686.5,7687.25,7683.75,7683.75,3798
2026-08-26 10:26:00-04:00,7683.5,7684.0,7682.0,7682.5,4937
2026-08-26 10:27:00-04:00,7682.5,7683.25,7680.75,7681.0,3999
2026-08-26 10:28:00-04:00,7681.25,7684.0,7680.25,7684.0,3065
2026-08-26 10:29:00-04:00,7684.0,7684.5,7682.25,7682.75,2440
2026-08-26 10:30:00-04:00,7682.75,7684.75,7682.0,7683.5,2694
2026-08-26 10:31:00-04:00,7683.75,7683.75,7681.0,7683.0,2190
2026-08-26 10:32:00-04:00,7683.25,7683.75,7681.75,7683.25,1519
2026-08-26 10:33:00-04:00,7682.75,7683.5,7682.25,7683.25,907
2026-08-26 10:34:00-04:00,7683.5,7685.25,7682.5,7683.25,2065
2026-08-26 10:35:00-04:00,7683.25,7684.0,7682.0,7683.0,1260
2026-08-26 10:36:00-04:00,7682.75,7686.25,7682.75,7685.75,2583
2026-08-26 10:37:00-04:00,7685.75,7688.25,7685.5,7688.0,3469
2026-08-26 10:38:00-04:00,7688.0,7688.0,7684.5,7684.5,2082
2026-08-26 10:39:00-04:00,7684.5,7685.75,7684.25,7684.25,1559
2026-08-26 10:40:00-04:00,7684.25,7687.5,7684.0,7687.25,1878
2026-08-26 10:41:00-04:00,7687.0,7687.5,7684.75,7685.75,1093
2026-08-26 10:42:00-04:00,7686.0,7686.25,7683.5,7684.0,1387
2026-08-26 10:43:00-04:00,7684.0,7685.0,7683.75,7684.25,1052
2026-08-26 10:44:00-04:00,7684.25,7686.5,7684.25,7685.75,1199
2026-08-26 10:45:00-04:00,7686.0,7686.5,7683.0,7683.25,2645
2026-08-26 10:46:00-04:00,7683.5,7685.5,7682.75,7685.25,1497
2026-08-26 10:47:00-04:00,7685.0,7686.0,7684.75,7685.0,923
2026-08-26 10:48:00-04:00,7685.5,7686.75,7684.5,7686.75,1495
2026-08-26 10:49:00-04:00,7686.75,7687.75,7686.0,7687.75,1421
2026-08-26 10:50:00-04:00,7687.75,7689.5,7687.25,7689.25,2409
2026-08-26 10:51:00-04:00,7689.25,7689.75,7688.25,7689.0,1894
2026-08-26 10:52:00-04:00,7689.0,7691.25,7689.0,7691.0,2592
2026-08-26 10:53:00-04:00,7691.0,7691.5,7689.25,7689.25,2015
2026-08-26 10:54:00-04:00,7689.25,7690.0,7688.0,7688.5,2085
2026-08-26 10:55:00-04:00,7688.5,7689.75,7687.25,7689.5,2145
2026-08-26 10:56:00-04:00,7689.5,7690.75,7689.25,7689.5,1361
2026-08-26 10:57:00-04:00,7689.75,7690.75,7689.5,7690.5,814
2026-08-26 10:58:00-04:00,7690.75,7691.0,7689.75,7690.0,839
2026-08-26 10:59:00-04:00,7689.75,7691.25,7689.0,7690.75,1222
2026-08-26 11:00:00-04:00,7690.25,7692.75,7690.25,7691.75,3032
2026-08-26 11:01:00-04:00,7691.75,7694.0,7691.5,7693.75,2085
2026-08-26 11:02:00-04:00,7694.25,7696.5,7693.25,7695.75,3849
2026-08-26 11:03:00-04:00,7695.75,7695.75,7693.0,7694.25,1953
2026-08-26 11:04:00-04:00,7694.25,7694.75,7693.25,7694.0,1032
2026-08-26 11:05:00-04:00,7694.0,7695.5,7693.75,7695.25,1533
2026-08-26 11:06:00-04:00,7695.5,7696.0,7694.5,7695.5,1242
2026-08-26 11:07:00-04:00,7695.5,7696.75,7695.25,7696.0,1722
2026-08-26 11:08:00-04:00,7695.75,7697.0,7695.75,7696.75,1197
2026-08-26 11:09:00-04:00,7696.5,7696.75,7695.5,7695.75,1133
2026-08-26 11:10:00-04:00,7695.75,7696.0,7693.5,7695.25,2024
2026-08-26 11:11:00-04:00,7695.5,7696.5,7694.75,7695.75,1095
2026-08-26 11:12:00-04:00,7695.75,7696.75,7695.25,7695.25,1281
2026-08-26 11:13:00-04:00,7695.25,7695.5,7693.25,7693.75,1856
2026-08-26 11:14:00-04:00,7693.75,7695.25,7693.0,7694.75,1507
2026-08-26 11:15:00-04:00,7695.0,7695.0,7692.0,7692.25,1830
2026-08-26 11:16:00-04:00,7692.5,7692.5,7689.25,7689.75,3092
2026-08-26 11:17:00-04:00,7689.5,7689.75,7687.5,7688.75,2735
2026-08-26 11:18:00-04:00,7689.0,7690.75,7688.5,7690.5,1452
2026-08-26 11:19:00-04:00,7690.25,7690.5,7689.0,7690.0,1117
2026-08-26 11:20:00-04:00,7689.75,7691.5,7689.25,7690.25,1940
2026-08-26 11:21:00-04:00,7690.5,7692.5,7690.25,7692.0,1597
2026-08-26 11:22:00-04:00,7692.0,7692.25,7689.25,7689.5,2040
2026-08-26 11:23:00-04:00,7689.5,7690.75,7689.0,7690.5,1121
2026-08-26 11:24:00-04:00,7690.25,7690.5,7689.5,7689.75,965
2026-08-26 11:25:00-04:00,7689.75,7690.5,7689.0,7689.5,1154
2026-08-26 11:26:00-04:00,7689.75,7690.75,7689.25,7690.0,1402
2026-08-26 11:27:00-04:00,7690.0,7691.75,7689.5,7691.0,1060
2026-08-26 11:28:00-04:00,7691.0,7692.25,7689.75,7692.0,910
2026-08-26 11:29:00-04:00,7692.0,7692.75,7690.25,7690.75,1339
2026-08-26 11:30:00-04:00,7690.5,7691.25,7689.0,7690.0,2156
2026-08-26 11:31:00-04:00,7690.0,7690.5,7688.0,7689.5,1785
2026-08-26 11:32:00-04:00,7689.25,7690.0,7687.0,7687.0,1729
2026-08-26 11:33:00-04:00,7687.0,7687.5,7685.5,7686.25,1898
2026-08-26 11:34:00-04:00,7686.0,7686.25,7683.25,7684.75,2939
2026-08-26 11:35:00-04:00,7684.75,7686.75,7684.25,7685.75,2106
2026-08-26 11:36:00-04:00,7685.75,7686.25,7685.0,7685.5,932
2026-08-26 11:37:00-04:00,7685.5,7687.0,7685.0,7686.75,1439
2026-08-26 11:38:00-04:00,7686.75,7687.0,7685.5,7685.75,953
2026-08-26 11:39:00-04:00,7685.75,7687.75,7685.5,7686.75,1184
2026-08-26 11:40:00-04:00,7686.75,7689.0,7686.25,7688.5,1838
2026-08-26 11:41:00-04:00,7688.75,7689.75,7688.25,7689.0,1410
2026-08-26 11:42:00-04:00,7689.0,7691.25,7688.25,7690.5,1570
2026-08-26 11:43:00-04:00,7690.75,7693.0,7690.25,7692.5,2132
2026-08-26 11:44:00-04:00,7692.5,7693.5,7692.25,7693.0,1461
2026-08-26 11:45:00-04:00,7692.75,7693.5,7692.5,7692.5,1290
2026-08-26 11:46:00-04:00,7692.75,7693.25,7691.5,7692.5,1402
2026-08-26 11:47:00-04:00,7692.75,7694.0,7691.75,7693.75,1388
2026-08-26 11:48:00-04:00,7693.75,7694.5,7692.75,7694.5,1319
2026-08-26 11:49:00-04:00,7694.25,7695.0,7694.0,7694.75,1185
2026-08-26 11:50:00-04:00,7694.75,7695.25,7692.5,7693.0,1754
2026-08-26 11:51:00-04:00,7692.75,7693.0,7686.75,7687.5,8615
2026-08-26 11:52:00-04:00,7687.0,7689.25,7686.25,7687.75,5137
2026-08-26 11:53:00-04:00,7687.75,7688.75,7686.0,7687.5,2085
2026-08-26 11:54:00-04:00,7687.5,7688.25,7685.25,7686.0,1848
2026-08-26 11:55:00-04:00,7686.0,7687.5,7685.75,7686.25,1310
2026-08-26 11:56:00-04:00,7686.25,7689.75,7686.0,7689.75,1662
2026-08-26 11:57:00-04:00,7689.5,7690.0,7687.5,7687.75,1240
2026-08-26 11:58:00-04:00,7687.5,7688.5,7686.25,7686.25,1127
2026-08-26 11:59:00-04:00,7686.5,7687.0,7685.25,7685.5,1435
2026-08-26 12:00:00-04:00,7685.25,7685.75,7682.75,7682.75,2612
2026-08-26 12:01:00-04:00,7682.75,7683.25,7680.75,7681.5,3190
2026-08-26 12:02:00-04:00,7681.25,7683.25,7681.25,7682.5,2020
2026-08-26 12:03:00-04:00,7682.5,7684.0,7681.25,7684.0,1396
2026-08-26 12:04:00-04:00,7684.0,7684.5,7682.75,7684.0,1662
2026-08-26 12:05:00-04:00,7683.75,7684.5,7682.25,7684.0,1450
2026-08-26 12:06:00-04:00,7684.0,7685.5,7683.75,7684.25,1757
2026-08-26 12:07:00-04:00,7684.0,7685.25,7682.75,7684.75,957
2026-08-26 12:08:00-04:00,7684.75,7686.5,7684.25,7684.75,1748
2026-08-26 12:09:00-04:00,7684.5,7684.75,7683.5,7683.5,678
2026-08-26 12:10:00-04:00,7683.25,7683.75,7681.5,7682.5,1539
2026-08-26 12:11:00-04:00,7682.75,7684.25,7682.5,7684.0,981
2026-08-26 12:12:00-04:00,7684.0,7685.0,7683.75,7684.25,1297
2026-08-26 12:13:00-04:00,7684.0,7684.75,7683.25,7683.75,843
2026-08-26 12:14:00-04:00,7683.5,7684.25,7682.0,7682.5,616
2026-08-26 12:15:00-04:00,7682.5,7683.5,7682.25,7683.25,577
2026-08-26 12:16:00-04:00,7683.25,7683.25,7680.75,7681.5,1309
2026-08-26 12:17:00-04:00,7681.25,7681.5,7680.25,7681.0,1728
2026-08-26 12:18:00-04:00,7681.25,7682.0,7680.75,7681.5,792
2026-08-26 12:19:00-04:00,7681.5,7682.5,7681.25,7682.0,634
2026-08-26 12:20:00-04:00,7682.0,7682.5,7681.25,7682.5,882
2026-08-26 12:21:00-04:00,7682.5,7683.0,7680.5,7683.0,1096
2026-08-26 12:22:00-04:00,7683.0,7683.25,7682.0,7682.25,786
2026-08-26 12:23:00-04:00,7682.0,7682.25,7681.0,7681.5,710
2026-08-26 12:24:00-04:00,7681.25,7682.0,7681.0,7681.5,393
2026-08-26 12:25:00-04:00,7681.25,7682.0,7681.0,7681.75,561
2026-08-26 12:26:00-04:00,7682.0,7682.0,7679.5,7680.0,1564
2026-08-26 12:27:00-04:00,7680.0,7680.5,7679.5,7679.5,581
2026-08-26 12:28:00-04:00,7679.75,7680.5,7679.5,7680.0,569
2026-08-26 12:29:00-04:00,7680.0,7681.0,7679.75,7680.0,645
2026-08-26 12:30:00-04:00,7679.75,7681.0,7679.5,7680.0,797
2026-08-26 12:31:00-04:00,7680.25,7681.75,7680.0,7681.0,861
2026-08-26 12:32:00-04:00,7681.0,7681.0,7679.5,7680.25,804
2026-08-26 12:33:00-04:00,7680.5,7681.5,7680.0,7680.0,758
2026-08-26 12:34:00-04:00,7680.25,7681.25,7680.0,7680.5,513
2026-08-26 12:35:00-04:00,7680.25,7681.0,7679.5,7680.75,820
2026-08-26 12:36:00-04:00,7680.5,7680.75,7679.25,7679.5,620
2026-08-26 12:37:00-04:00,7679.5,7679.5,7676.25,7676.75,3236
2026-08-26 12:38:00-04:00,7676.5,7678.0,7675.5,7677.5,1918
2026-08-26 12:39:00-04:00,7677.25,7677.5,7673.25,7673.25,2809
2026-08-26 12:40:00-04:00,7673.25,7674.5,7672.0,7674.5,3017
2026-08-26 12:41:00-04:00,7674.5,7675.75,7673.5,7675.5,1392
2026-08-26 12:42:00-04:00,7675.25,7676.0,7673.75,7673.75,883
2026-08-26 12:43:00-04:00,7673.75,7674.0,7671.0,7671.5,2159
2026-08-26 12:44:00-04:00,7671.75,7672.25,7671.0,7672.25,1532
2026-08-26 12:45:00-04:00,7672.0,7673.25,7671.5,7672.5,1610
2026-08-26 12:46:00-04:00,7672.25,7673.75,7671.25,7673.75,1821
2026-08-26 12:47:00-04:00,7673.75,7675.5,7673.25,7675.25,1894
2026-08-26 12:48:00-04:00,7675.0,7675.75,7674.25,7674.5,1014
2026-08-26 12:49:00-04:00,7674.75,7675.0,7672.25,7672.75,1173
2026-08-26 12:50:00-04:00,7672.75,7675.25,7672.5,7675.25,1326
2026-08-26 12:51:00-04:00,7675.25,7675.25,7673.25,7673.5,1214
2026-08-26 12:52:00-04:00,7673.25,7674.0,7672.5,7674.0,926
2026-08-26 12:53:00-04:00,7673.75,7674.5,7673.5,7674.0,766
2026-08-26 12:54:00-04:00,7674.0,7674.25,7673.25,7674.0,699
2026-08-26 12:55:00-04:00,7673.75,7676.0,7673.75,7675.75,1265
2026-08-26 12:56:00-04:00,7675.75,7678.0,7675.5,7677.5,2897
2026-08-26 12:57:00-04:00,7677.25,7679.75,7677.25,7679.25,3015
2026-08-26 12:58:00-04:00,7679.25,7679.5,7678.25,7678.75,2092
2026-08-26 12:59:00-04:00,7678.5,7679.5,7678.0,7679.25,1090
2026-08-26 13:00:00-04:00,7679.0,7681.25,7677.75,7680.75,2659
2026-08-26 13:01:00-04:00,7680.75,7681.25,7679.75,7680.25,1207
2026-08-26 13:02:00-04:00,7680.25,7680.5,7679.0,7680.0,877
2026-08-26 13:03:00-04:00,7679.75,7680.5,7678.75,7680.5,802
2026-08-26 13:04:00-04:00,7680.25,7681.75,7680.0,7681.0,1575
2026-08-26 13:05:00-04:00,7680.75,7681.0,7679.5,7680.0,1307
2026-08-26 13:06:00-04:00,7680.0,7680.5,7679.0,7680.5,958
2026-08-26 13:07:00-04:00,7680.25,7682.0,7680.25,7681.75,896
2026-08-26 13:08:00-04:00,7681.75,7683.25,7681.5,7682.5,2054
2026-08-26 13:09:00-04:00,7682.5,7683.25,7682.25,7682.75,994
2026-08-26 13:10:00-04:00,7682.5,7683.0,7681.75,7683.0,1030
2026-08-26 13:11:00-04:00,7682.75,7683.25,7682.0,7682.25,846
2026-08-26 13:12:00-04:00,7682.25,7683.75,7682.25,7682.75,826
2026-08-26 13:13:00-04:00,7683.0,7683.25,7682.5,7683.0,656
2026-08-26 13:14:00-04:00,7682.75,7683.5,7682.75,7683.5,662
2026-08-26 13:15:00-04:00,7683.75,7686.0,7683.75,7685.75,3099
2026-08-26 13:16:00-04:00,7685.75,7687.25,7685.25,7686.75,3360
2026-08-26 13:17:00-04:00,7686.5,7686.75,7685.5,7685.75,1391
2026-08-26 13:18:00-04:00,7686.0,7686.25,7684.75,7685.25,1596
2026-08-26 13:19:00-04:00,7685.25,7685.75,7684.75,7685.5,709
2026-08-26 13:20:00-04:00,7685.5,7687.5,7685.25,7686.75,1036
2026-08-26 13:21:00-04:00,7687.0,7687.25,7686.0,7686.25,1088
2026-08-26 13:22:00-04:00,7686.25,7687.25,7686.0,7687.0,812
2026-08-26 13:23:00-04:00,7687.25,7689.0,7686.5,7688.0,1925
2026-08-26 13:24:00-04:00,7688.25,7689.0,7687.75,7688.75,934
2026-08-26 13:25:00-04:00,7688.75,7689.25,7686.5,7686.75,1389
2026-08-26 13:26:00-04:00,7687.0,7687.75,7686.5,7687.25,885
2026-08-26 13:27:00-04:00,7687.25,7689.0,7687.0,7688.75,679
2026-08-26 13:28:00-04:00,7689.0,7689.75,7688.5,7688.75,1067
2026-08-26 13:29:00-04:00,7688.75,7689.0,7687.75,7688.75,723
2026-08-26 13:30:00-04:00,7689.0,7690.25,7688.5,7690.25,2086
2026-08-26 13:31:00-04:00,7690.0,7690.25,7688.0,7688.5,1534
2026-08-26 13:32:00-04:00,7688.5,7689.0,7687.5,7687.75,1345
2026-08-26 13:33:00-04:00,7687.75,7688.75,7687.5,7688.5,799
2026-08-26 13:34:00-04:00,7688.25,7690.25,7688.25,7690.0,766
2026-08-26 13:35:00-04:00,7690.0,7690.75,7689.0,7690.5,1344
2026-08-26 13:36:00-04:00,7690.5,7690.75,7689.25,7689.5,1087
2026-08-26 13:37:00-04:00,7689.25,7689.5,7688.75,7689.0,1047
2026-08-26 13:38:00-04:00,7689.0,7690.25,7689.0,7689.0,554
2026-08-26 13:39:00-04:00,7689.25,7689.25,7688.0,7688.0,650
2026-08-26 13:40:00-04:00,7688.5,7689.5,7688.0,7689.0,556
2026-08-26 13:41:00-04:00,7688.75,7689.5,7688.25,7689.5,560
2026-08-26 13:42:00-04:00,7689.5,7689.5,7686.75,7688.0,1404
2026-08-26 13:43:00-04:00,7688.25,7689.25,7688.0,7689.25,554
2026-08-26 13:44:00-04:00,7689.25,7689.75,7688.75,7689.0,625
2026-08-26 13:45:00-04:00,7689.0,7689.25,7688.5,7688.75,534
2026-08-26 13:46:00-04:00,7688.5,7688.75,7687.25,7687.25,469
2026-08-26 13:47:00-04:00,7687.5,7688.0,7686.5,7687.75,1268
2026-08-26 13:48:00-04:00,7687.75,7688.25,7687.0,7687.25,785
2026-08-26 13:49:00-04:00,7687.25,7687.5,7686.75,7686.75,562
2026-08-26 13:50:00-04:00,7686.75,7688.5,7686.75,7688.0,539
2026-08-26 13:51:00-04:00,7688.0,7688.5,7687.0,7687.25,1083
2026-08-26 13:52:00-04:00,7687.25,7688.0,7686.75,7687.5,502
2026-08-26 13:53:00-04:00,7687.5,7689.0,7687.5,7688.75,680
2026-08-26 13:54:00-04:00,7689.0,7690.0,7688.75,7690.0,894
2026-08-26 13:55:00-04:00,7689.75,7691.0,7689.5,7690.25,1834
2026-08-26 13:56:00-04:00,7690.25,7690.25,7689.0,7689.25,555
2026-08-26 13:57:00-04:00,7689.25,7689.75,7688.75,7689.5,557
2026-08-26 13:58:00-04:00,7689.5,7690.0,7689.0,7689.75,380
2026-08-26 13:59:00-04:00,7689.75,7689.75,7688.5,7688.75,505
2026-08-26 14:00:00-04:00,7689.0,7689.0,7687.75,7688.5,901
2026-08-26 14:01:00-04:00,7688.25,7688.75,7687.0,7687.25,651
2026-08-26 14:02:00-04:00,7687.5,7688.25,7687.25,7687.75,615
2026-08-26 14:03:00-04:00,7687.75,7688.5,7687.5,7687.75,544
2026-08-26 14:04:00-04:00,7688.0,7688.25,7687.25,7687.5,352
2026-08-26 14:05:00-04:00,7687.25,7689.25,7687.25,7688.25,874
2026-08-26 14:06:00-04:00,7688.25,7689.25,7688.25,7688.5,480
2026-08-26 14:07:00-04:00,7688.75,7689.5,7688.5,7689.0,487
2026-08-26 14:08:00-04:00,7689.25,7690.25,7688.75,7690.0,593
2026-08-26 14:09:00-04:00,7690.0,7690.75,7689.5,7689.75,910
2026-08-26 14:10:00-04:00,7690.0,7690.0,7688.25,7688.25,643
2026-08-26 14:11:00-04:00,7688.25,7688.5,7687.5,7687.5,695
2026-08-26 14:12:00-04:00,7687.5,7687.75,7686.25,7686.75,1252
2026-08-26 14:13:00-04:00,7686.75,7687.0,7686.25,7686.75,706
2026-08-26 14:14:00-04:00,7686.5,7686.75,7685.75,7686.25,1227
2026-08-26 14:15:00-04:00,7686.25,7686.75,7685.5,7686.0,923
2026-08-26 14:16:00-04:00,7686.25,7687.25,7686.25,7686.5,588
2026-08-26 14:17:00-04:00,7686.5,7688.5,7686.25,7688.5,1085
2026-08-26 14:18:00-04:00,7688.5,7689.75,7688.0,7689.0,1141
2026-08-26 14:19:00-04:00,7689.25,7689.75,7688.75,7689.25,571
2026-08-26 14:20:00-04:00,7689.25,7692.5,7689.25,7691.25,2990
2026-08-26 14:21:00-04:00,7691.5,7691.75,7689.75,7690.0,1433
2026-08-26 14:22:00-04:00,7690.0,7690.5,7689.5,7689.75,802
2026-08-26 14:23:00-04:00,7689.75,7690.25,7688.5,7688.75,835
2026-08-26 14:24:00-04:00,7688.75,7689.25,7687.5,7687.75,803
2026-08-26 14:25:00-04:00,7687.5,7688.75,7687.0,7688.5,1250
2026-08-26 14:26:00-04:00,7688.75,7689.0,7688.0,7688.25,407
2026-08-26 14:27:00-04:00,7688.0,7689.25,7687.75,7689.0,570
2026-08-26 14:28:00-04:00,7689.0,7689.25,7688.25,7688.75,400
2026-08-26 14:29:00-04:00,7689.0,7689.5,7687.75,7688.25,550
2026-08-26 14:30:00-04:00,7688.0,7688.5,7687.25,7687.5,809
2026-08-26 14:31:00-04:00,7687.75,7688.25,7687.25,7688.25,339
2026-08-26 14:32:00-04:00,7688.0,7689.25,7687.5,7689.0,528
2026-08-26 14:33:00-04:00,7689.25,7691.0,7689.25,7690.5,1404
2026-08-26 14:34:00-04:00,7690.5,7690.75,7689.25,7689.75,632
2026-08-26 14:35:00-04:00,7689.75,7690.0,7689.5,7690.0,613
2026-08-26 14:36:00-04:00,7690.0,7690.0,7689.25,7690.0,266
2026-08-26 14:37:00-04:00,7690.0,7690.0,7688.5,7688.75,469
2026-08-26 14:38:00-04:00,7688.75,7689.5,7688.25,7689.25,481
2026-08-26 14:39:00-04:00,7689.25,7690.25,7689.0,7689.25,464
2026-08-26 14:40:00-04:00,7689.25,7689.5,7688.5,7689.5,463
2026-08-26 14:41:00-04:00,7689.25,7690.25,7689.0,7690.0,364
2026-08-26 14:42:00-04:00,7690.0,7690.75,7689.5,7689.5,812
2026-08-26 14:43:00-04:00,7689.5,7690.0,7689.25,7689.5,261
2026-08-26 14:44:00-04:00,7689.5,7690.75,7689.5,7690.75,574
2026-08-26 14:45:00-04:00,7690.75,7694.0,7690.5,7693.5,3565
2026-08-26 14:46:00-04:00,7693.5,7695.0,7693.0,7694.75,1914
2026-08-26 14:47:00-04:00,7695.0,7696.5,7694.75,7696.0,3253
2026-08-26 14:48:00-04:00,7695.75,7696.5,7694.25,7694.5,1466
2026-08-26 14:49:00-04:00,7694.5,7695.5,7694.5,7695.25,1295
2026-08-26 14:50:00-04:00,7695.25,7695.75,7694.25,7694.5,1178
2026-08-26 14:51:00-04:00,7694.5,7695.0,7694.0,7694.75,629
2026-08-26 14:52:00-04:00,7695.0,7696.25,7694.75,7696.25,826
2026-08-26 14:53:00-04:00,7696.25,7698.0,7695.75,7697.25,2309
2026-08-26 14:54:00-04:00,7697.25,7697.75,7696.5,7696.75,879
2026-08-26 14:55:00-04:00,7697.0,7697.0,7695.5,7695.75,1063
2026-08-26 14:56:00-04:00,7695.5,7696.5,7695.5,7696.25,811
2026-08-26 14:57:00-04:00,7696.5,7697.75,7696.25,7697.0,987
2026-08-26 14:58:00-04:00,7697.0,7698.5,7696.75,7697.75,2076
2026-08-26 14:59:00-04:00,7698.0,7698.0,7697.25,7697.25,590
2026-08-26 15:00:00-04:00,7697.5,7702.0,7696.75,7702.0,3667
2026-08-26 15:01:00-04:00,7702.0,7703.0,7700.25,7701.0,3270
2026-08-26 15:02:00-04:00,7701.25,7704.5,7701.0,7702.75,3012
2026-08-26 15:03:00-04:00,7703.0,7703.75,7702.25,7703.0,1154
2026-08-26 15:04:00-04:00,7702.75,7705.5,7702.25,7704.75,2053
2026-08-26 15:05:00-04:00,7704.75,7705.0,7702.75,7703.0,1679
2026-08-26 15:06:00-04:00,7703.0,7703.5,7702.25,7703.25,1383
2026-08-26 15:07:00-04:00,7703.5,7703.5,7702.25,7702.5,1111
2026-08-26 15:08:00-04:00,7702.5,7702.75,7700.75,7701.5,1547
2026-08-26 15:09:00-04:00,7701.5,7702.0,7701.25,7701.75,724
2026-08-26 15:10:00-04:00,7701.75,7702.5,7701.75,7701.75,732
2026-08-26 15:11:00-04:00,7701.75,7703.0,7701.5,7703.0,796
2026-08-26 15:12:00-04:00,7703.25,7703.25,7701.75,7702.75,1313
2026-08-26 15:13:00-04:00,7702.75,7702.75,7701.25,7701.5,925
2026-08-26 15:14:00-04:00,7701.5,7702.0,7701.0,7702.0,904
2026-08-26 15:15:00-04:00,7701.75,7703.25,7701.75,7703.0,737
2026-08-26 15:16:00-04:00,7702.75,7704.0,7702.0,7703.75,1102
2026-08-26 15:17:00-04:00,7703.75,7704.0,7703.0,7703.75,540
2026-08-26 15:18:00-04:00,7703.75,7703.75,7702.75,7703.5,725
2026-08-26 15:19:00-04:00,7703.75,7705.0,7703.5,7704.25,1001
2026-08-26 15:20:00-04:00,7704.0,7704.25,7700.75,7701.25,1570
2026-08-26 15:21:00-04:00,7701.0,7701.25,7700.25,7701.0,1465
2026-08-26 15:22:00-04:00,7701.25,7702.5,7701.0,7701.5,1204
2026-08-26 15:23:00-04:00,7701.5,7702.25,7700.75,7702.25,504
2026-08-26 15:24:00-04:00,7702.0,7703.25,7702.0,7702.75,797
2026-08-26 15:25:00-04:00,7702.5,7703.0,7702.25,7702.75,457
2026-08-26 15:26:00-04:00,7702.75,7703.75,7702.25,7703.25,735
2026-08-26 15:27:00-04:00,7703.0,7703.75,7702.5,7703.25,425
2026-08-26 15:28:00-04:00,7703.25,7703.25,7701.5,7701.5,574
2026-08-26 15:29:00-04:00,7701.75,7702.25,7700.75,7701.25,803
2026-08-26 15:30:00-04:00,7701.5,7701.5,7700.0,7700.5,1642
2026-08-26 15:31:00-04:00,7700.25,7701.25,7700.0,7701.0,723
2026-08-26 15:32:00-04:00,7701.0,7701.75,7700.0,7701.25,935
2026-08-26 15:33:00-04:00,7701.0,7701.5,7700.0,7700.5,695
2026-08-26 15:34:00-04:00,7700.5,7701.25,7700.25,7701.0,535
2026-08-26 15:35:00-04:00,7701.0,7701.25,7700.0,7700.75,679
2026-08-26 15:36:00-04:00,7700.5,7700.75,7699.0,7699.0,1485
2026-08-26 15:37:00-04:00,7699.25,7699.75,7698.5,7699.25,1154
2026-08-26 15:38:00-04:00,7699.25,7700.0,7698.75,7698.75,779
2026-08-26 15:39:00-04:00,7699.0,7699.5,7698.25,7699.25,989
2026-08-26 15:40:00-04:00,7699.25,7700.75,7699.25,7700.25,1534
2026-08-26 15:41:00-04:00,7700.25,7700.25,7699.0,7699.75,891
2026-08-26 15:42:00-04:00,7699.25,7699.75,7699.0,7699.75,558
2026-08-26 15:43:00-04:00,7700.0,7701.0,7699.0,7699.0,1650
2026-08-26 15:44:00-04:00,7699.0,7699.75,7698.5,7699.25,1017
2026-08-26 15:45:00-04:00,7699.25,7700.25,7698.75,7699.75,1468
2026-08-26 15:46:00-04:00,7700.0,7702.0,7700.0,7701.0,1680
2026-08-26 15:47:00-04:00,7701.0,7701.25,7699.75,7701.25,808
2026-08-26 15:48:00-04:00,7701.0,7702.25,7700.5,7702.0,758
2026-08-26 15:49:00-04:00,7702.25,7703.75,7702.0,7703.5,1713
2026-08-26 15:50:00-04:00,7703.5,7704.75,7700.75,7702.0,3198
2026-08-26 15:51:00-04:00,7702.0,7702.5,7700.5,7700.5,1265
2026-08-26 15:52:00-04:00,7700.75,7701.5,7697.75,7698.25,2454
2026-08-26 15:53:00-04:00,7698.0,7698.5,7696.0,7696.0,2976
2026-08-26 15:54:00-04:00,7696.25,7697.0,7692.25,7694.0,6069
2026-08-26 15:55:00-04:00,7694.0,7694.75,7691.75,7694.5,5286
2026-08-26 15:56:00-04:00,7694.25,7695.75,7694.0,7695.5,1882
2026-08-26 15:57:00-04:00,7695.25,7696.75,7694.25,7694.5,2023
2026-08-26 15:58:00-04:00,7694.5,7694.75,7691.0,7692.5,3761
2026-08-26 15:59:00-04:00,7691.75,7693.25,7686.75,7692.0,14531
2026-08-26 16:00:00-04:00,7692.25,7694.75,7690.5,7693.25,5293
2026-08-26 16:01:00-04:00,7693.25,7698.0,7693.25,7697.0,2278
2026-08-26 16:02:00-04:00,7696.75,7699.0,7696.0,7698.75,724
2026-08-26 16:03:00-04:00,7698.75,7700.25,7698.0,7699.5,652
2026-08-26 16:04:00-04:00,7699.75,7703.0,7699.5,7700.25,1081
2026-08-26 16:05:00-04:00,7700.0,7703.25,7700.0,7701.75,876
2026-08-26 16:06:00-04:00,7701.75,7703.25,7701.25,7703.0,695
2026-08-26 16:07:00-04:00,7703.25,7703.5,7701.25,7702.75,408
2026-08-26 16:08:00-04:00,7702.5,7703.25,7701.25,7702.0,279
2026-08-26 16:09:00-04:00,7701.75,7702.5,7701.0,7702.0,266
2026-08-26 16:10:00-04:00,7701.75,7702.5,7701.0,7702.25,265
2026-08-26 16:11:00-04:00,7702.5,7702.75,7701.0,7701.75,211
2026-08-26 16:12:00-04:00,7701.75,7702.5,7701.5,7702.25,137
2026-08-26 16:13:00-04:00,7702.5,7703.5,7702.5,7703.25,248
2026-08-26 16:14:00-04:00,7703.25,7703.75,7702.5,7703.0,263
2026-08-26 16:15:00-04:00,7703.25,7704.5,7703.0,7704.25,345
2026-08-26 16:16:00-04:00,7704.5,7705.0,7701.25,7703.0,564
2026-08-26 16:17:00-04:00,7703.0,7704.0,7702.5,7703.25,249
2026-08-26 16:18:00-04:00,7703.0,7707.25,7702.75,7704.5,740
2026-08-26 16:19:00-04:00,7704.5,7707.25,7704.0,7706.0,359
2026-08-26 16:20:00-04:00,7703.5,7706.5,7695.75,7695.75,3102
2026-08-26 16:21:00-04:00,7696.25,7699.25,7691.5,7692.0,1998
2026-08-26 16:22:00-04:00,7692.75,7694.75,7690.25,7694.75,1880
2026-08-26 16:23:00-04:00,7693.5,7700.0,7693.0,7697.5,1993
2026-08-26 16:24:00-04:00,7697.75,7701.0,7697.25,7698.0,1193
2026-08-26 16:25:00-04:00,7698.0,7701.5,7697.5,7697.75,1182
2026-08-26 16:26:00-04:00,7697.75,7699.0,7694.5,7696.75,1184
2026-08-26 16:27:00-04:00,7696.75,7697.75,7694.5,7696.25,618
2026-08-26 16:28:00-04:00,7696.5,7700.0,7696.25,7697.75,728
2026-08-26 16:29:00-04:00,7697.5,7698.0,7696.25,7697.75,428
2026-08-26 16:30:00-04:00,7697.5,7697.75,7695.0,7696.0,475
2026-08-26 16:31:00-04:00,7695.25,7696.25,7693.5,7694.0,506
2026-08-26 16:32:00-04:00,7694.0,7696.0,7694.0,7694.75,433
2026-08-26 16:33:00-04:00,7694.75,7695.25,7692.5,7695.0,355
2026-08-26 16:34:00-04:00,7695.0,7695.75,7694.5,7694.5,220
2026-08-26 16:35:00-04:00,7694.5,7696.75,7694.25,7695.75,261
2026-08-26 16:36:00-04:00,7695.75,7696.75,7695.75,7696.75,120
2026-08-26 16:37:00-04:00,7696.75,7697.5,7695.75,7697.25,307
2026-08-26 16:38:00-04:00,7697.25,7698.5,7697.25,7698.5,285
2026-08-26 16:39:00-04:00,7697.75,7697.75,7696.25,7697.0,187
2026-08-26 16:40:00-04:00,7697.0,7698.5,7696.75,7698.5,286
2026-08-26 16:41:00-04:00,7698.25,7699.0,7696.75,7696.75,241
2026-08-26 16:42:00-04:00,7697.0,7697.25,7695.75,7696.0,210
2026-08-26 16:43:00-04:00,7695.75,7697.0,7695.5,7696.25,147
2026-08-26 16:44:00-04:00,7696.25,7697.25,7695.75,7696.75,186
2026-08-26 16:45:00-04:00,7696.5,7697.75,7696.25,7697.25,400
2026-08-26 16:46:00-04:00,7697.0,7698.25,7697.0,7697.25,195
2026-08-26 16:47:00-04:00,7697.25,7698.75,7697.0,7698.75,297
2026-08-26 16:48:00-04:00,7699.0,7700.25,7698.5,7700.25,420
2026-08-26 16:49:00-04:00,7700.0,7702.25,7700.0,7702.25,378
2026-08-26 16:50:00-04:00,7702.5,7705.0,7701.75,7705.0,542
2026-08-26 16:51:00-04:00,7704.5,7705.0,7701.5,7701.5,608
2026-08-26 16:52:00-04:00,7701.5,7703.5,7701.5,7703.5,185
2026-08-26 16:53:00-04:00,7703.75,7704.25,7703.25,7703.75,179
2026-08-26 16:54:00-04:00,7703.5,7704.75,7702.75,7704.25,232
2026-08-26 16:55:00-04:00,7704.25,7705.0,7703.75,7704.5,303
2026-08-26 16:56:00-04:00,7704.25,7705.75,7704.25,7705.25,169
2026-08-26 16:57:00-04:00,7705.25,7706.5,7704.75,7706.25,291
2026-08-26 16:58:00-04:00,7706.5,7709.25,7706.0,7709.25,475
2026-08-26 16:59:00-04:00,7708.75,7710.75,7707.75,7710.0,742
2026-08-26 18:00:00-04:00,7721.75,7729.5,7721.25,7729.5,0
2026-08-26 18:01:00-04:00,7729.25,7734.75,7729.25,7731.5,1405
2026-08-26 18:02:00-04:00,7731.25,7731.75,7729.5,7731.25,776
2026-08-26 18:03:00-04:00,7731.25,7734.0,7731.25,7731.5,591
2026-08-26 18:04:00-04:00,7732.0,7734.5,7730.5,7734.25,477
2026-08-26 18:05:00-04:00,7734.5,7735.25,7731.75,7732.25,590
2026-08-26 18:06:00-04:00,7732.0,7733.0,7730.5,7730.75,607
2026-08-26 18:07:00-04:00,7730.75,7732.25,7730.25,7732.25,346
2026-08-26 18:08:00-04:00,7731.75,7732.0,7729.75,7730.25,298
2026-08-26 18:09:00-04:00,7730.25,7731.0,7730.25,7730.75,155
2026-08-26 18:10:00-04:00,7730.75,7732.25,7730.5,7731.75,277
2026-08-26 18:11:00-04:00,7732.25,7732.75,7729.5,7730.0,445
2026-08-26 18:12:00-04:00,7730.25,7732.5,7730.25,7732.5,322
2026-08-26 18:13:00-04:00,7732.75,7734.0,7732.25,7733.75,225
2026-08-26 18:14:00-04:00,7733.5,7733.75,7730.75,7733.25,456
2026-08-26 18:15:00-04:00,7733.5,7734.0,7732.75,7732.75,343
2026-08-26 18:16:00-04:00,7732.5,7733.25,7731.25,7733.0,298
2026-08-26 18:17:00-04:00,7732.75,7735.75,7732.25,7735.25,500
2026-08-26 18:18:00-04:00,7735.5,7737.5,7734.25,7737.25,605
2026-08-26 18:19:00-04:00,7737.5,7738.25,7735.75,7736.0,496
2026-08-26 18:20:00-04:00,7736.0,7736.5,7734.5,7736.5,473
2026-08-26 18:21:00-04:00,7736.5,7737.75,7736.25,7737.75,322
2026-08-26 18:22:00-04:00,7737.75,7738.5,7737.25,7737.75,668
2026-08-26 18:23:00-04:00,7737.5,7737.75,7736.75,7736.75,251
2026-08-26 18:24:00-04:00,7736.75,7737.25,7735.75,7737.0,325
2026-08-26 18:25:00-04:00,7737.0,7737.0,7736.25,7737.0,181
2026-08-26 18:26:00-04:00,7736.5,7738.5,7736.5,7737.75,316
2026-08-26 18:27:00-04:00,7737.75,7737.75,7736.5,7737.0,198
2026-08-26 18:28:00-04:00,7736.75,7738.0,7736.75,7738.0,122
2026-08-26 18:29:00-04:00,7738.0,7738.25,7737.75,7738.0,175
2026-08-26 18:30:00-04:00,7738.25,7738.5,7737.5,7737.75,252
2026-08-26 18:31:00-04:00,7737.5,7738.5,7737.25,7737.5,172
2026-08-26 18:32:00-04:00,7737.5,7738.75,7737.5,7738.5,193
2026-08-26 18:33:00-04:00,7738.75,7739.0,7738.25,7738.75,397
2026-08-26 18:34:00-04:00,7739.0,7739.0,7738.75,7739.0,108
2026-08-26 18:35:00-04:00,7738.75,7741.25,7738.75,7740.5,950
2026-08-26 18:36:00-04:00,7740.5,7740.75,7739.25,7739.5,248
2026-08-26 18:37:00-04:00,7739.5,7740.0,7739.25,7739.5,121
2026-08-26 18:38:00-04:00,7739.5,7740.0,7738.75,7739.5,224
2026-08-26 18:39:00-04:00,7739.75,7739.75,7738.25,7738.25,343
2026-08-26 18:40:00-04:00,7738.5,7739.5,7738.0,7739.25,225
2026-08-26 18:41:00-04:00,7739.25,7739.25,7738.75,7739.0,114
2026-08-26 18:42:00-04:00,7738.75,7739.75,7738.75,7739.75,83
2026-08-26 18:43:00-04:00,7740.0,7740.0,7739.25,7739.75,110
2026-08-26 18:44:00-04:00,7740.0,7741.25,7739.75,7741.25,417
2026-08-26 18:45:00-04:00,7740.75,7741.25,7740.0,7740.25,118
2026-08-26 18:46:00-04:00,7740.25,7740.75,7740.25,7740.5,89
2026-08-26 18:47:00-04:00,7740.75,7740.75,7739.5,7740.0,296
2026-08-26 18:48:00-04:00,7740.0,7740.25,7739.0,7739.0,145
2026-08-26 18:49:00-04:00,7739.0,7739.5,7738.25,7738.5,255
2026-08-26 18:50:00-04:00,7738.5,7738.75,7737.75,7738.75,299
2026-08-26 18:51:00-04:00,7739.0,7739.0,7737.25,7738.25,328
2026-08-26 18:52:00-04:00,7738.5,7739.5,7738.5,7738.75,274
2026-08-26 18:53:00-04:00,7738.75,7738.75,7736.5,7736.75,294
2026-08-26 18:54:00-04:00,7736.5,7737.0,7736.5,7736.75,177
2026-08-26 18:55:00-04:00,7736.75,7736.75,7736.25,7736.25,193
2026-08-26 18:56:00-04:00,7736.25,7736.5,7735.75,7735.75,194
2026-08-26 18:57:00-04:00,7736.0,7736.75,7735.5,7736.0,168
2026-08-26 18:58:00-04:00,7736.0,7736.5,7736.0,7736.5,96
2026-08-26 18:59:00-04:00,7736.5,7736.75,7736.25,7736.25,101
2026-08-26 19:00:00-04:00,7736.25,7737.0,7735.5,7736.25,274
2026-08-26 19:01:00-04:00,7736.25,7736.75,7736.25,7736.75,94
2026-08-26 19:02:00-04:00,7736.75,7737.0,7735.75,7735.75,199
2026-08-26 19:03:00-04:00,7736.0,7736.5,7735.5,7735.5,120
2026-08-26 19:04:00-04:00,7735.5,7736.0,7735.5,7735.75,184
2026-08-26 19:05:00-04:00,7735.5,7736.0,7735.5,7735.75,95
2026-08-26 19:06:00-04:00,7735.75,7736.25,7735.5,7736.0,101
2026-08-26 19:07:00-04:00,7735.75,7736.0,7734.75,7735.0,352
2026-08-26 19:08:00-04:00,7735.0,7735.0,7734.5,7734.5,247
2026-08-26 19:09:00-04:00,7734.75,7735.25,7734.25,7735.25,143
2026-08-26 19:10:00-04:00,7735.25,7735.5,7734.75,7735.5,121
2026-08-26 19:11:00-04:00,7735.25,7735.5,7734.0,7734.0,164
2026-08-26 19:12:00-04:00,7734.25,7734.75,7734.0,7734.5,102
2026-08-26 19:13:00-04:00,7734.5,7734.75,7734.25,7734.5,80
2026-08-26 19:14:00-04:00,7734.75,7735.25,7734.75,7735.0,142
2026-08-26 19:15:00-04:00,7735.0,7735.25,7734.5,7734.5,63
2026-08-26 19:16:00-04:00,7734.75,7734.75,7733.5,7734.0,171
2026-08-26 19:17:00-04:00,7734.0,7734.0,7733.25,7733.5,200
2026-08-26 19:18:00-04:00,7733.75,7734.25,7733.5,7734.0,122
2026-08-26 19:19:00-04:00,7734.25,7734.5,7734.0,7734.0,58
2026-08-26 19:20:00-04:00,7733.75,7734.25,7733.75,7734.0,45
2026-08-26 19:21:00-04:00,7734.0,7735.25,7733.75,7734.25,321
2026-08-26 19:22:00-04:00,7734.5,7734.5,7734.0,7734.25,121
2026-08-26 19:23:00-04:00,7734.25,7735.0,7734.25,7734.25,83
2026-08-26 19:24:00-04:00,7734.5,7735.0,7734.25,7735.0,49
2026-08-26 19:25:00-04:00,7734.75,7735.75,7734.75,7735.5,206
2026-08-26 19:26:00-04:00,7735.5,7736.0,7735.25,7735.5,162
2026-08-26 19:27:00-04:00,7735.25,7735.25,7733.25,7733.5,474
2026-08-26 19:28:00-04:00,7733.75,7734.25,7733.5,7734.25,102
2026-08-26 19:29:00-04:00,7734.25,7734.25,7733.5,7734.25,100
2026-08-26 19:30:00-04:00,7734.25,7734.75,7733.5,7734.25,189
2026-08-26 19:31:00-04:00,7734.25,7735.5,7734.25,7735.0,170
2026-08-26 19:32:00-04:00,7735.0,7735.25,7734.0,7734.5,161
2026-08-26 19:33:00-04:00,7734.25,7734.75,7734.25,7734.75,32
2026-08-26 19:34:00-04:00,7734.75,7735.0,7734.25,7734.25,61
2026-08-26 19:35:00-04:00,7734.5,7734.75,7734.25,7734.5,59
2026-08-26 19:36:00-04:00,7734.5,7734.75,7734.5,7734.75,69
2026-08-26 19:37:00-04:00,7734.75,7735.25,7734.5,7735.25,123
2026-08-26 19:38:00-04:00,7735.25,7735.5,7734.5,7735.0,145
2026-08-26 19:39:00-04:00,7735.0,7735.0,7734.25,7734.5,139
2026-08-26 19:40:00-04:00,7734.5,7734.5,7734.25,7734.5,52
2026-08-26 19:41:00-04:00,7734.5,7734.75,7734.25,7734.5,70
2026-08-26 19:42:00-04:00,7734.5,7734.75,7734.25,7734.5,67
2026-08-26 19:43:00-04:00,7734.5,7735.0,7734.25,7734.5,196
2026-08-26 19:44:00-04:00,7734.5,7734.5,7734.0,7734.25,64
2026-08-26 19:45:00-04:00,7734.0,7735.25,7734.0,7734.75,236
2026-08-26 19:46:00-04:00,7734.5,7735.5,7734.0,7735.5,185
2026-08-26 19:47:00-04:00,7735.5,7735.5,7735.0,7735.5,110
2026-08-26 19:48:00-04:00,7735.25,7735.75,7735.25,7735.25,115
2026-08-26 19:49:00-04:00,7735.5,7736.75,7735.5,7736.0,436
2026-08-26 19:50:00-04:00,7736.0,7736.0,7734.75,7735.0,287
2026-08-26 19:51:00-04:00,7735.0,7735.0,7734.5,7735.0,260
2026-08-26 19:52:00-04:00,7735.0,7736.0,7734.75,7736.0,141
2026-08-26 19:53:00-04:00,7736.0,7736.0,7734.5,7735.0,131
2026-08-26 19:54:00-04:00,7734.75,7735.0,7734.25,7735.0,105
2026-08-26 19:55:00-04:00,7735.0,7736.25,7734.75,7736.25,273
2026-08-26 19:56:00-04:00,7736.0,7738.25,7736.0,7738.0,609
2026-08-26 19:57:00-04:00,7738.0,7739.25,7738.0,7739.0,466
2026-08-26 19:58:00-04:00,7739.0,7739.25,7738.25,7738.5,253
2026-08-26 19:59:00-04:00,7738.75,7739.25,7738.5,7738.5,270
2026-08-26 20:00:00-04:00,7738.5,7739.5,7737.25,7738.0,583
2026-08-26 20:01:00-04:00,7738.25,7738.25,7736.0,7736.5,477
2026-08-26 20:02:00-04:00,7736.5,7736.5,7735.25,7735.25,305
2026-08-26 20:03:00-04:00,7735.25,7735.25,7733.5,7734.25,501
2026-08-26 20:04:00-04:00,7734.25,7734.25,7733.25,7733.75,386
2026-08-26 20:05:00-04:00,7733.5,7735.5,7733.5,7735.25,293
2026-08-26 20:06:00-04:00,7735.0,7735.25,7733.25,7734.5,316
2026-08-26 20:07:00-04:00,7734.75,7736.75,7734.5,7735.5,365
2026-08-26 20:08:00-04:00,7735.5,7736.25,7734.5,7734.75,408
2026-08-26 20:09:00-04:00,7734.75,7734.75,7733.75,7734.25,179
2026-08-26 20:10:00-04:00,7734.0,7734.0,7733.0,7733.5,328
2026-08-26 20:11:00-04:00,7733.25,7733.75,7732.0,7732.25,439
2026-08-26 20:12:00-04:00,7732.5,7733.0,7732.25,7732.5,221
2026-08-26 20:13:00-04:00,7732.5,7732.5,7731.5,7731.5,294
2026-08-26 20:14:00-04:00,7731.75,7732.25,7731.0,7732.25,363
2026-08-26 20:15:00-04:00,7731.75,7732.25,7729.75,7730.75,569
2026-08-26 20:16:00-04:00,7730.75,7731.5,7730.0,7731.25,329
2026-08-26 20:17:00-04:00,7731.5,7732.25,7730.25,7730.25,387
2026-08-26 20:18:00-04:00,7730.25,7730.5,7729.0,7729.5,488
2026-08-26 20:19:00-04:00,7729.75,7731.0,7729.5,7730.0,216
2026-08-26 20:20:00-04:00,7730.25,7731.25,7730.25,7730.75,246
2026-08-26 20:21:00-04:00,7731.0,7731.25,7730.0,7730.25,333
2026-08-26 20:22:00-04:00,7730.25,7731.25,7729.75,7731.25,189
2026-08-26 20:23:00-04:00,7731.0,7732.25,7731.0,7732.0,243
2026-08-26 20:24:00-04:00,7731.75,7732.75,7731.25,7732.25,242
2026-08-26 20:25:00-04:00,7732.25,7732.5,7731.5,7731.5,137
2026-08-26 20:26:00-04:00,7731.75,7731.75,7730.25,7731.25,244
2026-08-26 20:27:00-04:00,7731.25,7731.5,7731.0,7731.0,72
2026-08-26 20:28:00-04:00,7731.25,7732.0,7731.0,7731.5,136
2026-08-26 20:29:00-04:00,7731.5,7732.25,7731.5,7732.25,63
2026-08-26 20:30:00-04:00,7732.25,7732.25,7729.75,7729.75,306
2026-08-26 20:31:00-04:00,7729.75,7730.25,7729.25,7729.75,253
2026-08-26 20:32:00-04:00,7729.5,7730.0,7728.0,7728.5,514
2026-08-26 20:33:00-04:00,7728.25,7728.75,7728.0,7728.25,364
2026-08-26 20:34:00-04:00,7728.5,7728.5,7728.0,7728.25,197
2026-08-26 20:35:00-04:00,7728.25,7728.5,7727.5,7728.0,327
2026-08-26 20:36:00-04:00,7728.25,7728.25,7726.5,7726.75,469
2026-08-26 20:37:00-04:00,7726.5,7726.75,7725.25,7725.5,505
2026-08-26 20:38:00-04:00,7725.5,7726.0,7724.75,7725.5,377
2026-08-26 20:39:00-04:00,7725.25,7726.0,7725.0,7726.0,360
2026-08-26 20:40:00-04:00,7725.5,7726.0,7724.5,7725.0,327
2026-08-26 20:41:00-04:00,7725.25,7726.0,7724.0,7724.25,378
2026-08-26 20:42:00-04:00,7724.0,7724.5,7723.0,7723.25,569
2026-08-26 20:43:00-04:00,7723.5,7723.75,7723.25,7723.5,166
2026-08-26 20:44:00-04:00,7723.75,7724.25,7720.5,7721.0,1387
2026-08-26 20:45:00-04:00,7720.75,7721.5,7719.25,7719.75,1136
2026-08-26 20:46:00-04:00,7719.75,7719.75,7716.5,7717.25,1026
2026-08-26 20:47:00-04:00,7717.0,7717.75,7716.25,7717.0,637
2026-08-26 20:48:00-04:00,7716.75,7717.5,7716.25,7716.75,676
2026-08-26 20:49:00-04:00,7716.75,7717.0,7715.75,7716.75,566
2026-08-26 20:50:00-04:00,7716.5,7717.5,7715.5,7716.25,565
2026-08-26 20:51:00-04:00,7716.75,7717.5,7716.0,7716.5,481
2026-08-26 20:52:00-04:00,7716.5,7717.0,7714.5,7716.75,845
2026-08-26 20:53:00-04:00,7716.5,7716.75,7715.25,7716.5,261
2026-08-26 20:54:00-04:00,7716.5,7717.0,7716.0,7716.25,318
2026-08-26 20:55:00-04:00,7716.0,7717.25,7716.0,7717.0,275
2026-08-26 20:56:00-04:00,7717.0,7717.25,7715.0,7716.25,446
2026-08-26 20:57:00-04:00,7716.5,7717.25,7716.0,7716.5,294
2026-08-26 20:58:00-04:00,7716.5,7716.5,7715.25,7716.5,253
2026-08-26 20:59:00-04:00,7716.25,7717.0,7716.25,7716.25,130
2026-08-26 21:00:00-04:00,7716.0,7717.0,7714.75,7714.75,537
2026-08-26 21:01:00-04:00,7714.75,7716.75,7714.5,7716.75,725
2026-08-26 21:02:00-04:00,7717.0,7718.5,7716.5,7717.0,1200
2026-08-26 21:03:00-04:00,7717.25,7717.5,7715.75,7717.25,375
2026-08-26 21:04:00-04:00,7717.5,7718.25,7717.0,7717.5,385
2026-08-26 21:05:00-04:00,7717.75,7718.0,7716.75,7717.25,284
2026-08-26 21:06:00-04:00,7717.5,7719.75,7717.25,7719.0,637
2026-08-26 21:07:00-04:00,7719.25,7719.75,7718.5,7719.5,243
2026-08-26 21:12:00-04:00,7718.75,7719.5,7718.75,7719.25,1775
2026-08-26 21:13:00-04:00,7719.25,7719.5,7717.25,7718.25,496
2026-08-26 21:14:00-04:00,7718.0,7718.0,7716.75,7717.75,292
2026-08-26 21:15:00-04:00,7717.5,7719.25,7717.5,7718.75,196
2026-08-26 21:16:00-04:00,7719.25,7719.5,7717.75,7719.0,231
2026-08-26 21:17:00-04:00,7718.25,7718.75,7717.25,7717.5,154
2026-08-26 21:18:00-04:00,7717.5,7718.75,7717.25,7718.25,76
2026-08-26 21:19:00-04:00,7718.25,7720.25,7718.25,7720.25,177
2026-08-26 21:20:00-04:00,7720.0,7720.25,7719.5,7720.0,148
2026-08-26 21:21:00-04:00,7720.0,7721.5,7720.0,7721.0,360
2026-08-26 21:22:00-04:00,7721.0,7721.75,7720.5,7721.25,313
2026-08-26 21:23:00-04:00,7721.25,7722.5,7721.25,7722.0,295
2026-08-26 21:24:00-04:00,7722.0,7722.5,7721.5,7722.25,310
2026-08-26 21:25:00-04:00,7722.25,7722.5,7721.25,7721.75,327
2026-08-26 21:26:00-04:00,7721.75,7723.5,7721.75,7723.25,497
2026-08-26 21:27:00-04:00,7723.25,7723.5,7722.0,7722.25,174
2026-08-26 21:28:00-04:00,7722.5,7723.0,7722.25,7722.75,129
2026-08-26 21:29:00-04:00,7722.75,7723.5,7722.5,7723.0,166
2026-08-26 21:30:00-04:00,7723.0,7724.0,7722.75,7723.75,340
2026-08-26 21:31:00-04:00,7723.5,7724.25,7723.25,7723.5,273
2026-08-26 21:32:00-04:00,7723.5,7725.0,7723.5,7724.5,330
2026-08-26 21:33:00-04:00,7725.0,7725.0,7724.0,7724.25,165
2026-08-26 21:34:00-04:00,7724.25,7724.5,7724.0,7724.25,192
2026-08-26 21:35:00-04:00,7724.25,7724.75,7724.0,7724.25,146
2026-08-26 21:36:00-04:00,7724.5,7725.25,7724.25,7725.25,189
2026-08-26 21:37:00-04:00,7725.25,7726.25,7725.25,7726.25,394
2026-08-26 21:38:00-04:00,7726.0,7726.25,7725.75,7726.0,206
2026-08-26 21:39:00-04:00,7726.0,7726.5,7725.75,7725.75,200
2026-08-26 21:40:00-04:00,7725.75,7725.75,7724.0,7724.0,450
2026-08-26 21:41:00-04:00,7724.5,7724.75,7722.75,7722.75,418
2026-08-26 21:42:00-04:00,7723.0,7723.25,7722.0,7722.0,408
2026-08-26 21:43:00-04:00,7722.0,7723.0,7721.75,7722.25,230
2026-08-26 21:44:00-04:00,7722.25,7722.25,7719.75,7719.75,672
2026-08-26 21:45:00-04:00,7720.0,7722.25,7719.75,7721.5,372
2026-08-26 21:46:00-04:00,7721.25,7721.5,7720.25,7720.75,131
2026-08-26 21:47:00-04:00,7720.75,7721.5,7720.5,7721.5,123
2026-08-26 21:48:00-04:00,7721.75,7724.5,7721.75,7724.25,537
2026-08-26 21:49:00-04:00,7723.75,7725.5,7723.5,7725.25,263
2026-08-26 21:50:00-04:00,7725.25,7726.0,7725.25,7726.0,199
2026-08-26 21:51:00-04:00,7726.0,7726.25,7725.25,7725.5,163
2026-08-26 21:52:00-04:00,7725.5,7725.5,7724.5,7724.5,151
2026-08-26 21:53:00-04:00,7724.75,7726.25,7724.75,7726.0,135
2026-08-26 21:54:00-04:00,7726.25,7726.75,7725.75,7726.5,211
2026-08-26 21:55:00-04:00,7726.75,7726.75,7725.5,7725.75,211
2026-08-26 21:56:00-04:00,7725.75,7726.25,7725.25,7726.25,184
2026-08-26 21:57:00-04:00,7726.5,7726.5,7725.5,7725.75,59
2026-08-26 21:58:00-04:00,7725.25,7725.75,7724.5,7724.75,199
2026-08-26 21:59:00-04:00,7724.75,7725.0,7724.25,7724.25,196
2026-08-26 22:00:00-04:00,7724.5,7725.75,7723.75,7725.75,319
2026-08-26 22:01:00-04:00,7725.5,7725.5,7724.75,7724.75,96
2026-08-26 22:02:00-04:00,7725.25,7726.25,7725.25,7726.0,126
2026-08-26 22:03:00-04:00,7725.75,7726.0,7725.25,7725.5,138
2026-08-26 22:04:00-04:00,7725.5,7726.25,7725.25,7725.75,73
2026-08-26 22:05:00-04:00,7725.75,7726.0,7725.0,7725.0,148
2026-08-26 22:06:00-04:00,7724.75,7725.5,7724.25,7724.25,245
2026-08-26 22:07:00-04:00,7724.25,7725.5,7724.0,7725.25,58
2026-08-26 22:08:00-04:00,7725.5,7726.0,7725.0,7726.0,90
2026-08-26 22:09:00-04:00,7726.0,7727.0,7725.5,7727.0,228
2026-08-26 22:10:00-04:00,7726.75,7727.25,7726.25,7727.0,333
2026-08-26 22:11:00-04:00,7727.0,7727.25,7726.5,7726.75,167
2026-08-26 22:12:00-04:00,7726.75,7727.75,7726.5,7727.5,182
2026-08-26 22:13:00-04:00,7727.75,7727.75,7726.75,7727.0,100
2026-08-26 22:14:00-04:00,7727.0,7727.5,7726.75,7726.75,122
2026-08-26 22:15:00-04:00,7727.0,7727.25,7726.75,7726.75,69
2026-08-26 22:16:00-04:00,7727.0,7727.0,7726.25,7726.75,127
2026-08-26 22:17:00-04:00,7726.75,7727.0,7726.0,7726.25,105
2026-08-26 22:18:00-04:00,7726.5,7726.5,7725.5,7726.0,146
2026-08-26 22:19:00-04:00,7726.0,7726.25,7725.75,7726.0,54
2026-08-26 22:20:00-04:00,7726.0,7726.25,7725.25,7725.25,118
2026-08-26 22:21:00-04:00,7725.25,7726.0,7725.25,7725.5,124
2026-08-26 22:22:00-04:00,7725.75,7726.75,7725.25,7726.25,56
2026-08-26 22:23:00-04:00,7726.0,7726.0,7725.5,7725.75,80
2026-08-26 22:24:00-04:00,7726.0,7726.5,7725.75,7726.25,98
2026-08-26 22:25:00-04:00,7726.25,7726.5,7725.75,7725.75,103
2026-08-26 22:26:00-04:00,7726.0,7726.0,7725.0,7726.0,111
2026-08-26 22:27:00-04:00,7726.0,7726.75,7725.75,7726.5,153
2026-08-26 22:28:00-04:00,7726.75,7727.5,7726.25,7727.5,134
2026-08-26 22:29:00-04:00,7727.25,7727.25,7726.5,7726.75,90
2026-08-26 22:30:00-04:00,7726.75,7726.75,7726.25,7726.25,93
2026-08-26 22:31:00-04:00,7726.25,7727.5,7726.25,7727.25,85
2026-08-26 22:32:00-04:00,7727.25,7727.5,7727.0,7727.5,71
2026-08-26 22:33:00-04:00,7727.5,7728.25,7727.5,7728.25,292
2026-08-26 22:34:00-04:00,7728.0,7728.25,7727.75,7728.0,175
2026-08-26 22:35:00-04:00,7728.0,7728.0,7727.25,7727.5,101
2026-08-26 22:36:00-04:00,7727.5,7728.0,7727.25,7727.75,124
2026-08-26 22:37:00-04:00,7727.75,7727.75,7727.0,7727.25,83
2026-08-26 22:38:00-04:00,7727.0,7727.25,7726.75,7727.0,69
2026-08-26 22:39:00-04:00,7727.0,7728.25,7727.0,7728.25,163
2026-08-26 22:40:00-04:00,7728.25,7728.5,7728.0,7728.25,112
2026-08-26 22:41:00-04:00,7728.25,7728.75,7727.25,7727.5,203
2026-08-26 22:42:00-04:00,7727.25,7727.5,7726.25,7726.25,148
2026-08-26 22:43:00-04:00,7726.5,7727.0,7726.25,7726.5,281
2026-08-26 22:44:00-04:00,7726.0,7727.75,7726.0,7727.5,210
2026-08-26 22:45:00-04:00,7727.5,7728.25,7727.5,7728.0,166
2026-08-26 22:46:00-04:00,7728.0,7728.25,7727.75,7727.75,101
2026-08-26 22:47:00-04:00,7728.25,7728.25,7727.5,7728.0,61
2026-08-26 22:48:00-04:00,7727.75,7728.0,7727.5,7728.0,68
2026-08-26 22:49:00-04:00,7727.75,7728.5,7727.25,7727.5,81
2026-08-26 22:50:00-04:00,7727.5,7728.75,7727.5,7728.75,70
2026-08-26 22:51:00-04:00,7728.5,7729.25,7728.25,7729.0,189
2026-08-26 22:52:00-04:00,7729.0,7729.75,7729.0,7729.25,149
2026-08-26 22:53:00-04:00,7729.25,7729.5,7729.0,7729.0,165
2026-08-26 22:54:00-04:00,7729.25,7729.25,7728.5,7728.5,73
2026-08-26 22:55:00-04:00,7728.75,7728.75,7728.25,7728.5,114
2026-08-26 22:56:00-04:00,7728.25,7728.75,7728.0,7728.75,99
2026-08-26 23:01:00-04:00,7727.75,7728.0,7727.5,7728.0,382
2026-08-26 23:02:00-04:00,7727.75,7728.75,7727.5,7728.25,158
2026-08-26 23:03:00-04:00,7728.75,7729.25,7728.0,7728.0,108
2026-08-26 23:04:00-04:00,7728.0,7728.25,7727.75,7728.0,37
2026-08-26 23:05:00-04:00,7728.25,7728.25,7727.75,7727.75,81
2026-08-26 23:06:00-04:00,7727.5,7727.75,7726.5,7726.75,329
2026-08-26 23:07:00-04:00,7726.75,7727.0,7726.25,7726.25,161
2026-08-26 23:08:00-04:00,7726.25,7726.75,7726.25,7726.25,55
2026-08-26 23:09:00-04:00,7726.25,7726.75,7726.25,7726.25,78
2026-08-26 23:10:00-04:00,7726.25,7726.75,7726.25,7726.75,90
2026-08-26 23:11:00-04:00,7726.75,7726.75,7726.5,7726.5,85
2026-08-26 23:12:00-04:00,7726.25,7726.25,7725.75,7725.75,152
2026-08-26 23:13:00-04:00,7725.75,7726.25,7725.75,7726.25,94
2026-08-26 23:14:00-04:00,7726.5,7727.25,7726.25,7727.25,203
2026-08-26 23:15:00-04:00,7727.5,7728.0,7727.25,7727.75,182
2026-08-26 23:16:00-04:00,7727.25,7727.5,7727.0,7727.25,122
2026-08-26 23:17:00-04:00,7727.0,7727.75,7727.0,7727.25,72
2026-08-26 23:18:00-04:00,7727.25,7727.5,7727.0,7727.5,30
2026-08-26 23:19:00-04:00,7727.25,7728.5,7727.25,7728.5,84
2026-08-26 23:20:00-04:00,7728.75,7729.0,7728.0,7728.0,143
2026-08-26 23:21:00-04:00,7728.5,7728.5,7728.0,7728.25,32
2026-08-26 23:22:00-04:00,7728.25,7728.75,7728.25,7728.5,39
2026-08-26 23:23:00-04:00,7728.75,7729.5,7728.5,7729.5,173
2026-08-26 23:24:00-04:00,7730.0,7730.75,7729.75,7730.75,461
2026-08-26 23:25:00-04:00,7730.5,7730.5,7729.75,7730.0,151
2026-08-26 23:26:00-04:00,7729.75,7730.25,7729.75,7730.25,131
2026-08-26 23:27:00-04:00,7730.5,7730.5,7730.25,7730.5,68
2026-08-26 23:28:00-04:00,7730.75,7730.75,7730.25,7730.25,54
2026-08-26 23:29:00-04:00,7730.5,7730.5,7729.5,7729.75,78
2026-08-26 23:30:00-04:00,7729.75,7730.75,7728.5,7728.75,298
2026-08-26 23:31:00-04:00,7729.0,7729.75,7728.75,7729.75,76
2026-08-26 23:32:00-04:00,7729.75,7730.25,7729.5,7729.75,59
2026-08-26 23:33:00-04:00,7729.25,7729.75,7729.25,7729.25,40
2026-08-26 23:34:00-04:00,7729.5,7730.0,7729.0,7730.0,56
2026-08-26 23:35:00-04:00,7729.75,7730.0,7729.5,7730.0,37
2026-08-26 23:36:00-04:00,7729.75,7729.75,7729.0,7729.25,63
2026-08-26 23:37:00-04:00,7729.25,7729.5,7728.75,7729.0,44
2026-08-26 23:38:00-04:00,7729.0,7729.0,7728.5,7728.5,61
2026-08-26 23:39:00-04:00,7728.75,7729.25,7728.75,7728.75,33
2026-08-26 23:40:00-04:00,7729.0,7729.25,7728.25,7728.25,171
2026-08-26 23:41:00-04:00,7728.0,7729.0,7728.0,7728.75,69
2026-08-26 23:42:00-04:00,7728.75,7729.25,7728.5,7728.5,54
2026-08-26 23:43:00-04:00,7728.5,7728.75,7728.25,7728.25,38
2026-08-26 23:44:00-04:00,7728.25,7728.5,7727.5,7727.5,146
2026-08-26 23:45:00-04:00,7728.0,7728.75,7727.75,7728.75,63
2026-08-26 23:46:00-04:00,7728.75,7728.75,7727.25,7727.5,164
2026-08-26 23:47:00-04:00,7727.5,7727.5,7727.0,7727.25,127
2026-08-26 23:48:00-04:00,7727.5,7727.75,7727.0,7727.0,73
2026-08-26 23:49:00-04:00,7727.25,7727.75,7727.25,7727.5,44
2026-08-26 23:50:00-04:00,7727.5,7728.5,7727.25,7728.0,179
2026-08-26 23:51:00-04:00,7728.0,7728.0,7726.75,7726.75,81
2026-08-26 23:52:00-04:00,7726.75,7726.75,7725.75,7725.75,215
2026-08-26 23:53:00-04:00,7726.0,7726.0,7725.25,7725.5,145
2026-08-26 23:54:00-04:00,7725.75,7726.5,7725.5,7726.0,110
2026-08-26 23:55:00-04:00,7726.25,7727.0,7726.0,7727.0,98
2026-08-26 23:56:00-04:00,7727.0,7727.25,7727.0,7727.0,101
2026-08-26 23:57:00-04:00,7727.25,7727.25,7726.25,7726.25,51
2026-08-26 23:58:00-04:00,7726.25,7726.25,7725.5,7725.75,171
2026-08-27 00:09:00-04:00,7725.5,7726.25,7725.5,7726.25,37
2026-08-27 00:10:00-04:00,7726.5,7726.5,7725.75,7726.0,88
2026-08-27 00:11:00-04:00,7725.75,7726.0,7725.5,7726.0,47
2026-08-27 00:12:00-04:00,7726.25,7726.25,7726.0,7726.25,38
2026-08-27 00:13:00-04:00,7726.5,7726.75,7726.0,7726.0,47
2026-08-27 00:14:00-04:00,7725.75,7726.25,7725.5,7726.25,29
2026-08-27 00:15:00-04:00,7726.25,7726.5,7726.0,7726.0,76
2026-08-27 00:16:00-04:00,7726.0,7726.75,7725.75,7726.5,83
2026-08-27 00:17:00-04:00,7726.75,7727.0,7726.5,7726.75,60
2026-08-27 00:18:00-04:00,7727.0,7727.75,7726.75,7727.75,142
2026-08-27 00:19:00-04:00,7727.5,7727.5,7727.0,7727.0,43
2026-08-27 00:20:00-04:00,7726.75,7727.0,7726.5,7726.75,38
2026-08-27 00:21:00-04:00,7726.75,7727.0,7726.0,7726.25,31
2026-08-27 00:22:00-04:00,7726.0,7726.25,7725.75,7725.75,25
2026-08-27 00:23:00-04:00,7725.25,7726.5,7725.25,7726.25,140
2026-08-27 00:24:00-04:00,7726.5,7726.75,7726.25,7726.5,21
2026-08-27 00:25:00-04:00,7726.5,7726.5,7726.25,7726.25,16
2026-08-27 00:26:00-04:00,7726.75,7727.0,7726.75,7726.75,27
2026-08-27 00:27:00-04:00,7726.75,7726.75,7726.0,7726.0,19
2026-08-27 00:28:00-04:00,7725.75,7725.75,7724.75,7725.25,144
2026-08-27 00:29:00-04:00,7724.75,7725.0,7724.25,7724.25,121
2026-08-27 00:30:00-04:00,7724.25,7724.25,7723.5,7723.75,363
2026-08-27 00:31:00-04:00,7723.75,7723.75,7723.0,7723.5,265
2026-08-27 00:32:00-04:00,7723.5,7723.75,7723.25,7723.5,115
2026-08-27 00:33:00-04:00,7723.75,7723.75,7723.25,7723.5,50
2026-08-27 00:34:00-04:00,7723.25,7723.25,7722.25,7722.5,276
2026-08-27 00:35:00-04:00,7722.5,7723.0,7722.25,7722.75,96
2026-08-27 00:36:00-04:00,7722.75,7722.75,7722.0,7722.25,84
2026-08-27 00:37:00-04:00,7722.0,7722.25,7721.5,7721.75,177
2026-08-27 00:38:00-04:00,7721.75,7722.0,7721.0,7721.25,239
2026-08-27 00:39:00-04:00,7721.25,7721.5,7720.5,7720.5,182
2026-08-27 00:40:00-04:00,7720.5,7720.5,7719.5,7719.75,421
2026-08-27 00:41:00-04:00,7720.0,7721.5,7719.75,7721.25,225
2026-08-27 00:42:00-04:00,7721.5,7721.75,7720.75,7721.75,192
2026-08-27 00:43:00-04:00,7721.75,7721.75,7721.25,7721.5,162
2026-08-27 00:44:00-04:00,7721.25,7721.25,7720.25,7720.5,92
2026-08-27 00:45:00-04:00,7720.5,7721.5,7720.5,7721.5,91
2026-08-27 00:46:00-04:00,7721.25,7722.0,7721.0,7721.75,129
2026-08-27 00:47:00-04:00,7722.0,7722.5,7721.5,7722.5,120
2026-08-27 00:48:00-04:00,7722.25,7722.25,7720.5,7720.75,142
2026-08-27 00:49:00-04:00,7720.5,7720.75,7719.75,7720.75,78
2026-08-27 00:50:00-04:00,7721.0,7721.5,7720.75,7720.75,82
2026-08-27 00:51:00-04:00,7720.5,7720.75,7720.25,7720.25,45
2026-08-27 00:52:00-04:00,7720.25,7720.25,7718.75,7719.5,175
2026-08-27 00:53:00-04:00,7719.5,7719.75,7719.25,7719.75,34
2026-08-27 00:54:00-04:00,7719.5,7719.75,7719.25,7719.75,104
2026-08-27 00:55:00-04:00,7719.75,7719.75,7719.5,7719.5,87
2026-08-27 00:56:00-04:00,7719.75,7719.75,7719.0,7719.5,100
2026-08-27 00:57:00-04:00,7719.25,7720.25,7719.25,7720.25,116
2026-08-27 00:58:00-04:00,7720.25,7720.25,7719.75,7720.0,53
2026-08-27 00:59:00-04:00,7719.75,7720.0,7719.25,7719.75,131
2026-08-27 01:00:00-04:00,7720.0,7721.0,7718.5,7719.25,358
2026-08-27 01:01:00-04:00,7718.75,7719.25,7718.25,7718.75,138
2026-08-27 01:02:00-04:00,7718.5,7718.75,7717.0,7717.0,257
2026-08-27 01:03:00-04:00,7717.25,7717.25,7716.25,7716.75,310
2026-08-27 01:04:00-04:00,7717.0,7717.25,7716.75,7717.0,90
2026-08-27 01:05:00-04:00,7717.0,7717.25,7716.25,7717.0,167
2026-08-27 01:06:00-04:00,7717.0,7717.75,7716.75,7716.75,123
2026-08-27 01:07:00-04:00,7716.75,7717.75,7716.25,7716.5,95
2026-08-27 01:08:00-04:00,7716.25,7716.75,7716.0,7716.25,114
2026-08-27 01:09:00-04:00,7716.25,7716.75,7715.5,7715.5,240
2026-08-27 01:10:00-04:00,7715.5,7716.75,7715.25,7716.0,203
2026-08-27 01:11:00-04:00,7715.75,7716.0,7715.5,7715.5,74
2026-08-27 01:12:00-04:00,7715.5,7716.75,7715.25,7716.5,187
2026-08-27 01:13:00-04:00,7716.75,7717.5,7716.0,7716.5,301
2026-08-27 01:14:00-04:00,7716.5,7717.25,7716.5,7717.0,68
2026-08-27 01:15:00-04:00,7716.75,7716.75,7715.25,7715.25,199
2026-08-27 01:16:00-04:00,7715.25,7716.0,7715.25,7715.5,80
2026-08-27 01:17:00-04:00,7715.5,7715.5,7714.25,7714.25,429
2026-08-27 01:18:00-04:00,7713.75,7714.25,7713.25,7713.75,524
2026-08-27 01:19:00-04:00,7714.0,7714.0,7712.25,7712.75,279
2026-08-27 01:20:00-04:00,7712.75,7713.5,7712.5,7713.5,137
2026-08-27 01:21:00-04:00,7713.5,7714.25,7713.0,7714.0,261
2026-08-27 01:22:00-04:00,7714.0,7715.25,7713.75,7714.5,163
2026-08-27 01:23:00-04:00,7714.5,7715.75,7714.0,7715.5,172
2026-08-27 01:24:00-04:00,7715.25,7715.75,7714.75,7715.5,126
2026-08-27 01:25:00-04:00,7715.75,7715.75,7714.5,7715.5,155
2026-08-27 01:26:00-04:00,7715.75,7716.25,7715.0,7715.5,138
2026-08-27 01:27:00-04:00,7715.5,7715.75,7715.25,7715.5,109
2026-08-27 01:28:00-04:00,7715.75,7716.0,7714.25,7714.75,171
2026-08-27 01:29:00-04:00,7715.0,7715.0,7713.25,7714.25,184
2026-08-27 01:30:00-04:00,7714.0,7714.5,7713.0,7713.5,203
2026-08-27 01:31:00-04:00,7713.5,7713.75,7713.25,7713.5,113
2026-08-27 01:32:00-04:00,7713.5,7713.75,7712.5,7713.0,113
2026-08-27 01:33:00-04:00,7713.0,7713.75,7712.75,7713.0,246
2026-08-27 01:34:00-04:00,7713.0,7713.0,7712.0,7713.0,264
2026-08-27 01:35:00-04:00,7712.5,7713.0,7711.75,7712.25,232
2026-08-27 01:36:00-04:00,7712.25,7712.75,7712.0,7712.0,116
2026-08-27 01:37:00-04:00,7712.0,7712.75,7712.0,7712.5,131
2026-08-27 01:38:00-04:00,7712.75,7713.75,7712.75,7713.0,96
2026-08-27 01:39:00-04:00,7713.0,7714.25,7713.0,7713.75,323
2026-08-27 01:40:00-04:00,7714.0,7714.5,7713.5,7714.5,81
2026-08-27 01:41:00-04:00,7714.5,7714.75,7712.0,7712.5,204
2026-08-27 01:42:00-04:00,7712.5,7712.5,7710.5,7710.75,577
2026-08-27 01:43:00-04:00,7710.75,7711.0,7710.25,7710.5,330
2026-08-27 01:44:00-04:00,7710.5,7710.75,7710.0,7710.5,384
2026-08-27 01:45:00-04:00,7710.25,7711.25,7710.25,7710.75,340
2026-08-27 01:46:00-04:00,7710.75,7711.5,7710.5,7711.5,125
2026-08-27 01:47:00-04:00,7711.75,7712.0,7711.25,7711.75,122
2026-08-27 01:48:00-04:00,7712.0,7712.0,7711.75,7712.0,66
2026-08-27 01:49:00-04:00,7712.0,7712.5,7712.0,7712.5,112
2026-08-27 01:50:00-04:00,7712.25,7713.25,7712.25,7712.75,171
2026-08-27 01:51:00-04:00,7712.75,7713.25,7712.25,7713.25,113
2026-08-27 01:52:00-04:00,7713.0,7713.25,7710.75,7711.25,320
2026-08-27 01:53:00-04:00,7711.5,7712.0,7711.25,7711.5,90
2026-08-27 01:54:00-04:00,7711.5,7711.75,7711.25,7711.5,67
2026-08-27 01:55:00-04:00,7711.75,7711.75,7710.5,7710.75,156
2026-08-27 01:56:00-04:00,7711.0,7711.0,7710.25,7710.5,126
2026-08-27 01:57:00-04:00,7710.5,7712.25,7710.25,7712.25,386
2026-08-27 01:58:00-04:00,7712.0,7712.5,7711.5,7711.75,80
2026-08-27 01:59:00-04:00,7711.5,7712.25,7711.5,7712.25,91
2026-08-27 02:00:00-04:00,7712.5,7712.5,7710.5,7711.5,144
2026-08-27 02:01:00-04:00,7711.25,7712.0,7710.75,7711.5,131
2026-08-27 02:02:00-04:00,7711.5,7711.5,7711.0,7711.5,88
2026-08-27 02:03:00-04:00,7711.25,7711.5,7710.5,7711.5,113
2026-08-27 02:04:00-04:00,7711.75,7712.0,7710.0,7710.0,260
2026-08-27 02:05:00-04:00,7710.0,7711.0,7709.5,7710.25,281
2026-08-27 02:06:00-04:00,7710.5,7711.25,7709.5,7709.5,188
2026-08-27 02:07:00-04:00,7709.75,7710.0,7708.0,7708.5,354
2026-08-27 02:08:00-04:00,7708.75,7709.25,7707.75,7708.0,235
2026-08-27 02:09:00-04:00,7708.0,7708.0,7707.25,7707.75,196
2026-08-27 02:10:00-04:00,7708.0,7708.0,7706.75,7707.5,224
2026-08-27 02:11:00-04:00,7707.5,7708.0,7707.5,7708.0,160
2026-08-27 02:12:00-04:00,7707.75,7708.0,7707.0,7707.5,176
2026-08-27 02:13:00-04:00,7707.25,7710.0,7707.25,7709.5,281
2026-08-27 02:14:00-04:00,7709.75,7711.5,7709.5,7710.5,701
2026-08-27 02:15:00-04:00,7710.5,7713.0,7710.5,7711.75,471
2026-08-27 02:16:00-04:00,7711.75,7712.75,7711.5,7712.25,187
2026-08-27 02:17:00-04:00,7712.25,7713.0,7712.0,7712.25,130
2026-08-27 02:18:00-04:00,7712.25,7713.0,7712.0,7712.75,166
2026-08-27 02:19:00-04:00,7712.5,7713.25,7712.25,7713.0,71
2026-08-27 02:20:00-04:00,7713.0,7713.25,7712.5,7712.75,171
2026-08-27 02:21:00-04:00,7712.5,7712.75,7712.0,7712.25,86
2026-08-27 02:22:00-04:00,7712.25,7713.0,7712.25,7712.5,103
2026-08-27 02:23:00-04:00,7712.25,7712.25,7712.0,7712.25,65
2026-08-27 02:24:00-04:00,7712.25,7712.75,7712.0,7712.5,21
2026-08-27 02:25:00-04:00,7712.25,7713.0,7711.5,7713.0,281
2026-08-27 02:26:00-04:00,7713.0,7713.25,7712.5,7713.0,87
2026-08-27 02:27:00-04:00,7713.0,7713.0,7711.75,7712.0,64
2026-08-27 02:28:00-04:00,7712.0,7712.75,7711.75,7712.75,69
2026-08-27 02:29:00-04:00,7712.75,7712.75,7712.5,7712.5,50
2026-08-27 02:30:00-04:00,7712.75,7714.0,7712.5,7713.75,250
2026-08-27 02:31:00-04:00,7713.5,7714.0,7713.25,7713.5,189
2026-08-27 02:32:00-04:00,7713.5,7714.25,7712.75,7713.0,140
2026-08-27 02:33:00-04:00,7713.0,7713.75,7713.0,7713.5,82
2026-08-27 02:34:00-04:00,7713.75,7714.25,7713.25,7714.0,85
2026-08-27 02:35:00-04:00,7714.0,7715.0,7713.75,7714.75,165
2026-08-27 02:36:00-04:00,7714.25,7714.25,7713.0,7713.25,123
2026-08-27 02:37:00-04:00,7713.5,7714.0,7713.0,7713.0,63
2026-08-27 02:38:00-04:00,7713.5,7713.5,7713.0,7713.5,30
2026-08-27 02:39:00-04:00,7713.75,7714.5,7713.75,7714.5,103
2026-08-27 02:40:00-04:00,7714.5,7715.25,7714.25,7714.5,206
2026-08-27 02:41:00-04:00,7714.75,7715.25,7714.75,7715.0,97
2026-08-27 02:42:00-04:00,7715.0,7715.0,7714.25,7714.5,71
2026-08-27 02:43:00-04:00,7714.75,7716.5,7714.75,7716.0,239
2026-08-27 02:44:00-04:00,7716.25,7716.5,7716.0,7716.25,69
2026-08-27 02:45:00-04:00,7716.25,7716.75,7716.0,7716.75,202
2026-08-27 02:46:00-04:00,7716.5,7717.5,7716.25,7716.5,229
2026-08-27 02:47:00-04:00,7716.75,7716.75,7715.25,7716.0,174
2026-08-27 02:48:00-04:00,7716.25,7716.5,7715.75,7716.5,81
2026-08-27 02:49:00-04:00,7716.5,7716.75,7715.25,7715.5,192
2026-08-27 02:50:00-04:00,7715.5,7715.75,7714.75,7715.5,141
2026-08-27 02:51:00-04:00,7715.25,7715.5,7714.75,7715.25,49
2026-08-27 02:52:00-04:00,7715.5,7715.5,7714.75,7715.0,41
2026-08-27 02:53:00-04:00,7715.25,7716.0,7715.25,7715.5,108
2026-08-27 02:54:00-04:00,7715.75,7716.25,7715.5,7715.75,80
2026-08-27 02:55:00-04:00,7715.75,7717.25,7715.5,7717.0,110
2026-08-27 02:56:00-04:00,7717.0,7717.5,7716.5,7717.0,111
2026-08-27 02:57:00-04:00,7717.25,7717.75,7716.75,7717.75,156
2026-08-27 02:58:00-04:00,7717.75,7717.75,7717.0,7717.75,160
2026-08-27 02:59:00-04:00,7717.5,7718.25,7717.25,7718.0,160
2026-08-27 03:00:00-04:00,7718.0,7718.0,7714.75,7715.75,512
2026-08-27 03:01:00-04:00,7716.0,7716.0,7713.5,7714.0,413
2026-08-27 03:02:00-04:00,7714.5,7716.5,7714.0,7716.25,283
2026-08-27 03:03:00-04:00,7716.25,7717.0,7716.0,7716.75,186
2026-08-27 03:04:00-04:00,7716.75,7717.0,7715.75,7717.0,116
2026-08-27 03:05:00-04:00,7717.0,7718.5,7716.75,7718.25,205
2026-08-27 03:06:00-04:00,7717.75,7719.5,7717.75,7719.0,342
2026-08-27 03:07:00-04:00,7718.75,7719.25,7718.25,7719.0,182
2026-08-27 03:08:00-04:00,7719.0,7719.25,7718.5,7719.25,196
2026-08-27 03:09:00-04:00,7719.5,7719.75,7719.25,7719.25,145
2026-08-27 03:10:00-04:00,7719.5,7719.75,7719.0,7719.25,107
2026-08-27 03:11:00-04:00,7719.25,7719.5,7718.25,7718.5,81
2026-08-27 03:12:00-04:00,7718.5,7719.0,7718.0,7718.5,158
2026-08-27 03:13:00-04:00,7718.25,7719.5,7718.25,7719.5,75
2026-08-27 03:14:00-04:00,7719.5,7720.75,7719.5,7720.5,236
2026-08-27 03:15:00-04:00,7720.75,7721.5,7720.0,7720.0,282
2026-08-27 03:16:00-04:00,7720.25,7720.75,7720.25,7720.25,106
2026-08-27 03:17:00-04:00,7720.0,7720.0,7718.5,7719.25,253
2026-08-27 03:18:00-04:00,7719.5,7720.75,7719.25,7720.5,168
2026-08-27 03:19:00-04:00,7720.25,7721.0,7719.75,7720.5,105
2026-08-27 03:20:00-04:00,7720.75,7720.75,7720.0,7720.25,127
2026-08-27 03:21:00-04:00,7720.0,7720.0,7719.25,7719.5,115
2026-08-27 03:22:00-04:00,7719.75,7719.75,7719.0,7719.5,85
2026-08-27 03:23:00-04:00,7719.5,7719.75,7718.75,7719.25,100
2026-08-27 03:24:00-04:00,7719.25,7719.5,7718.5,7718.5,102
2026-08-27 03:25:00-04:00,7718.5,7719.25,7718.25,7719.0,162
2026-08-27 03:26:00-04:00,7719.0,7719.5,7718.75,7719.25,90
2026-08-27 03:27:00-04:00,7719.0,7719.25,7718.0,7718.25,42
2026-08-27 03:28:00-04:00,7718.5,7720.25,7718.5,7719.75,130
2026-08-27 03:29:00-04:00,7719.5,7721.5,7719.5,7721.5,151
2026-08-27 03:35:00-04:00,7721.25,7721.5,7720.75,7720.75,837
2026-08-27 03:36:00-04:00,7720.5,7721.0,7719.5,7719.5,201
2026-08-27 03:37:00-04:00,7719.5,7719.75,7717.0,7717.5,541
2026-08-27 03:38:00-04:00,7717.5,7718.75,7717.0,7717.75,232
2026-08-27 03:39:00-04:00,7717.5,7717.75,7716.5,7717.0,121
2026-08-27 03:40:00-04:00,7716.75,7717.5,7716.5,7717.25,254
2026-08-27 03:41:00-04:00,7717.5,7717.75,7716.75,7717.0,67
2026-08-27 03:42:00-04:00,7717.25,7717.75,7716.75,7717.5,65
2026-08-27 03:43:00-04:00,7717.25,7717.5,7716.0,7716.5,239
2026-08-27 03:44:00-04:00,7716.75,7717.25,7716.5,7717.0,130
2026-08-27 03:45:00-04:00,7717.0,7717.75,7716.75,7717.25,121
2026-08-27 03:46:00-04:00,7717.25,7717.25,7716.5,7717.0,61
2026-08-27 03:47:00-04:00,7716.75,7717.25,7716.75,7717.25,83
2026-08-27 03:48:00-04:00,7717.0,7718.5,7717.0,7718.5,160
2026-08-27 03:49:00-04:00,7718.75,7719.0,7717.5,7717.5,139
2026-08-27 03:50:00-04:00,7718.0,7719.0,7717.75,7719.0,76
2026-08-27 03:51:00-04:00,7719.0,7719.0,7717.75,7718.25,103
2026-08-27 03:52:00-04:00,7718.5,7719.25,7718.25,7719.25,82
2026-08-27 03:53:00-04:00,7719.5,7720.75,7719.5,7720.5,147
2026-08-27 03:54:00-04:00,7720.5,7720.75,7720.0,7720.25,68
2026-08-27 03:55:00-04:00,7720.25,7721.5,7720.0,7721.25,172
2026-08-27 03:56:00-04:00,7721.5,7722.25,7721.0,7721.0,151
2026-08-27 03:57:00-04:00,7721.0,7721.25,7720.25,7720.75,81
2026-08-27 03:58:00-04:00,7720.75,7721.0,7720.25,7720.5,151
2026-08-27 03:59:00-04:00,7720.5,7721.25,7720.5,7720.5,32
2026-08-27 04:00:00-04:00,7720.75,7722.25,7720.5,7722.0,341
2026-08-27 04:01:00-04:00,7721.75,7724.0,7721.25,7724.0,510
2026-08-27 04:02:00-04:00,7724.0,7724.5,7723.0,7724.5,269
2026-08-27 04:03:00-04:00,7724.5,7725.25,7724.25,7724.75,304
2026-08-27 04:04:00-04:00,7724.75,7726.0,7724.75,7725.75,162
2026-08-27 04:05:00-04:00,7726.0,7727.5,7725.75,7726.25,599
2026-08-27 04:06:00-04:00,7726.5,7728.25,7725.75,7728.0,328
2026-08-27 04:07:00-04:00,7727.75,7729.75,7727.5,7729.0,595
2026-08-27 04:08:00-04:00,7729.0,7730.0,7729.0,7729.75,207
2026-08-27 04:09:00-04:00,7729.5,7729.75,7729.0,7729.5,165
2026-08-27 04:10:00-04:00,7729.5,7729.75,7729.0,7729.5,121
2026-08-27 04:11:00-04:00,7729.25,7729.75,7728.5,7729.25,261
2026-08-27 04:12:00-04:00,7729.5,7731.0,7729.25,7731.0,422
2026-08-27 04:13:00-04:00,7730.75,7733.0,7730.75,7732.25,667
2026-08-27 04:14:00-04:00,7731.75,7732.25,7731.25,7731.5,228
2026-08-27 04:15:00-04:00,7732.0,7732.0,7731.25,7731.5,744
2026-08-27 04:16:00-04:00,7731.5,7731.75,7729.0,7729.0,374
2026-08-27 04:17:00-04:00,7729.0,7730.0,7728.5,7728.5,389
2026-08-27 04:18:00-04:00,7728.5,7728.75,7727.0,7727.5,485
2026-08-27 04:19:00-04:00,7727.25,7728.75,7727.25,7728.25,203
2026-08-27 04:20:00-04:00,7728.25,7728.75,7727.0,7727.0,189
2026-08-27 04:21:00-04:00,7727.25,7728.0,7726.75,7727.75,154
2026-08-27 04:22:00-04:00,7727.5,7728.25,7727.0,7727.75,164
2026-08-27 04:23:00-04:00,7727.5,7728.5,7727.5,7728.5,111
2026-08-27 04:24:00-04:00,7728.5,7730.25,7728.0,7729.75,355
2026-08-27 04:25:00-04:00,7729.75,7730.75,7729.0,7730.75,249
2026-08-27 04:26:00-04:00,7730.75,7732.25,7730.5,7732.25,276
2026-08-27 04:27:00-04:00,7732.25,7732.75,7731.75,7732.75,327
2026-08-27 04:28:00-04:00,7732.5,7733.75,7732.25,7733.75,420
2026-08-27 04:29:00-04:00,7733.5,7734.5,7733.25,7734.25,373
2026-08-27 04:30:00-04:00,7734.25,7734.25,7732.0,7732.25,332
2026-08-27 04:31:00-04:00,7732.5,7732.75,7732.0,7732.5,200
2026-08-27 04:32:00-04:00,7732.5,7732.75,7731.5,7731.5,144
2026-08-27 04:33:00-04:00,7731.5,7731.5,7730.5,7731.0,132
2026-08-27 04:34:00-04:00,7731.0,7731.25,7730.0,7730.5,134
2026-08-27 04:35:00-04:00,7730.25,7730.5,7729.5,7730.5,112
2026-08-27 04:36:00-04:00,7730.5,7730.75,7729.75,7729.75,107
2026-08-27 04:37:00-04:00,7729.5,7730.25,7729.25,7730.25,145
2026-08-27 04:38:00-04:00,7730.0,7731.0,7730.0,7730.5,183
2026-08-27 04:39:00-04:00,7730.25,7730.75,7729.25,7729.5,107
2026-08-27 04:40:00-04:00,7729.75,7730.0,7728.5,7728.75,157
2026-08-27 04:41:00-04:00,7728.75,7731.0,7728.75,7729.75,289
2026-08-27 04:42:00-04:00,7729.5,7730.5,7728.75,7730.0,172
2026-08-27 04:43:00-04:00,7730.0,7731.25,7730.0,7730.75,151
2026-08-27 04:44:00-04:00,7730.5,7730.75,7729.5,7730.0,92
2026-08-27 04:45:00-04:00,7730.25,7731.0,7729.75,7731.0,117
2026-08-27 04:46:00-04:00,7731.25,7732.25,7731.0,7731.25,141
2026-08-27 04:47:00-04:00,7731.75,7732.25,7731.25,7731.75,117
2026-08-27 04:48:00-04:00,7732.0,7733.75,7731.75,7733.0,370
2026-08-27 04:49:00-04:00,7733.0,7733.0,7731.75,7732.5,73
2026-08-27 04:50:00-04:00,7732.5,7732.5,7731.75,7732.25,95
2026-08-27 04:51:00-04:00,7732.25,7733.75,7732.25,7733.25,134
2026-08-27 04:52:00-04:00,7733.25,7733.25,7730.75,7731.0,295
2026-08-27 04:53:00-04:00,7731.5,7731.5,7730.0,7730.75,113
2026-08-27 04:54:00-04:00,7730.75,7731.25,7728.5,7729.0,250
2026-08-27 04:55:00-04:00,7728.5,7728.75,7727.5,7728.25,304
2026-08-27 04:56:00-04:00,7728.0,7728.75,7727.75,7728.25,164
2026-08-27 04:57:00-04:00,7728.25,7728.5,7728.0,7728.5,90
2026-08-27 04:58:00-04:00,7728.5,7729.75,7728.5,7729.5,273
2026-08-27 04:59:00-04:00,7729.5,7729.75,7727.75,7728.0,249
2026-08-27 05:00:00-04:00,7728.25,7728.75,7726.75,7728.75,500
2026-08-27 05:01:00-04:00,7728.75,7728.75,7725.75,7726.75,420
2026-08-27 05:02:00-04:00,7726.5,7726.75,7721.5,7723.25,1363
2026-08-27 05:03:00-04:00,7723.5,7724.0,7722.5,7722.5,338
2026-08-27 05:04:00-04:00,7722.75,7723.75,7722.5,7722.75,220
2026-08-27 05:05:00-04:00,7722.5,7723.0,7720.75,7722.0,706
2026-08-27 05:06:00-04:00,7722.25,7723.5,7721.75,7722.5,309
2026-08-27 05:07:00-04:00,7722.5,7722.75,7722.0,7722.25,114
2026-08-27 05:08:00-04:00,7722.5,7724.5,7722.0,7724.25,351
2026-08-27 05:09:00-04:00,7724.5,7725.5,7724.25,7725.0,252
2026-08-27 05:10:00-04:00,7724.75,7725.5,7724.25,7725.0,125
2026-08-27 05:11:00-04:00,7725.0,7725.25,7723.5,7725.0,140
2026-08-27 05:12:00-04:00,7725.25,7725.5,7723.75,7724.0,111
2026-08-27 05:13:00-04:00,7724.25,7724.5,7723.75,7723.75,71
2026-08-27 05:14:00-04:00,7723.75,7724.0,7721.0,7721.0,346
2026-08-27 05:15:00-04:00,7721.0,7722.0,7720.5,7720.75,230
2026-08-27 05:16:00-04:00,7720.75,7721.0,7719.5,7720.0,324
2026-08-27 05:17:00-04:00,7719.75,7720.25,7719.5,7719.5,174
2026-08-27 05:18:00-04:00,7719.75,7720.0,7718.75,7720.0,198
2026-08-27 05:19:00-04:00,7720.0,7721.75,7719.5,7721.5,134
2026-08-27 05:20:00-04:00,7721.5,7723.0,7721.25,7722.5,203
2026-08-27 05:21:00-04:00,7722.5,7724.0,7722.25,7723.5,278
2026-08-27 05:22:00-04:00,7723.25,7724.0,7723.25,7723.75,100
2026-08-27 05:23:00-04:00,7723.75,7723.75,7722.75,7723.5,134
2026-08-27 05:24:00-04:00,7723.25,7725.75,7723.25,7725.25,284
2026-08-27 05:25:00-04:00,7725.5,7725.5,7725.0,7725.5,128
2026-08-27 05:26:00-04:00,7725.5,7726.0,7725.0,7725.0,211
2026-08-27 05:27:00-04:00,7725.25,7726.25,7724.75,7725.25,124
2026-08-27 05:28:00-04:00,7725.25,7725.25,7723.75,7724.25,149
2026-08-27 05:29:00-04:00,7724.25,7725.0,7724.0,7724.75,118
2026-08-27 05:30:00-04:00,7724.75,7727.0,7724.75,7726.75,292
2026-08-27 05:31:00-04:00,7726.75,7728.25,7726.75,7727.75,438
2026-08-27 05:32:00-04:00,7727.75,7728.5,7727.25,7727.75,176
2026-08-27 05:33:00-04:00,7728.0,7728.25,7727.25,7728.25,142
2026-08-27 05:34:00-04:00,7728.25,7728.25,7727.75,7728.0,184
2026-08-27 05:35:00-04:00,7727.75,7728.0,7727.25,7727.5,283
2026-08-27 05:36:00-04:00,7727.0,7727.5,7726.5,7727.25,169
2026-08-27 05:37:00-04:00,7727.25,7727.25,7726.75,7727.25,88
2026-08-27 05:38:00-04:00,7727.25,7727.5,7726.75,7726.75,71
2026-08-27 05:39:00-04:00,7727.0,7727.25,7727.0,7727.25,62
2026-08-27 05:40:00-04:00,7727.0,7727.5,7726.75,7727.25,52
2026-08-27 05:41:00-04:00,7727.5,7728.25,7727.25,7727.75,85
2026-08-27 05:42:00-04:00,7727.5,7727.5,7727.25,7727.25,68
2026-08-27 05:43:00-04:00,7727.25,7727.75,7727.25,7727.5,46
2026-08-27 05:44:00-04:00,7727.5,7727.5,7726.0,7726.5,154
2026-08-27 05:45:00-04:00,7726.75,7727.25,7726.5,7726.75,101
2026-08-27 05:46:00-04:00,7727.0,7728.25,7726.75,7728.0,174
2026-08-27 05:47:00-04:00,7728.0,7728.75,7727.75,7728.25,130
2026-08-27 05:48:00-04:00,7727.75,7728.25,7727.0,7727.75,93
2026-08-27 05:49:00-04:00,7727.5,7727.75,7726.25,7726.5,95
2026-08-27 05:50:00-04:00,7726.5,7727.0,7724.75,7726.0,355
2026-08-27 05:51:00-04:00,7726.25,7727.5,7726.25,7726.75,93
2026-08-27 05:52:00-04:00,7726.75,7728.25,7726.75,7728.0,113
2026-08-27 05:53:00-04:00,7727.75,7728.5,7727.75,7727.75,154
2026-08-27 05:54:00-04:00,7727.75,7727.75,7726.75,7727.0,77
2026-08-27 05:55:00-04:00,7727.0,7727.25,7725.0,7725.5,211
2026-08-27 05:56:00-04:00,7725.75,7726.25,7725.25,7725.5,118
2026-08-27 05:57:00-04:00,7725.5,7725.75,7724.25,7724.25,173
2026-08-27 05:58:00-04:00,7724.25,7724.75,7723.75,7724.25,182
2026-08-27 05:59:00-04:00,7724.0,7725.0,7724.0,7724.25,113
2026-08-27 06:00:00-04:00,7724.5,7724.5,7722.25,7723.25,390
2026-08-27 06:01:00-04:00,7723.25,7723.5,7722.75,7723.0,177
2026-08-27 06:02:00-04:00,7723.25,7723.5,7721.5,7721.75,308
2026-08-27 06:03:00-04:00,7722.0,7722.5,7721.5,7721.75,153
2026-08-27 06:04:00-04:00,7721.75,7722.75,7720.5,7722.75,387
2026-08-27 06:05:00-04:00,7722.25,7722.75,7722.25,7722.5,64
2026-08-27 06:06:00-04:00,7722.25,7723.75,7722.25,7723.5,82
2026-08-27 06:07:00-04:00,7723.5,7723.75,7722.75,7723.0,176
2026-08-27 06:08:00-04:00,7723.0,7723.5,7722.75,7723.0,105
2026-08-27 06:09:00-04:00,7723.25,7723.25,7722.0,7722.25,104
2026-08-27 06:10:00-04:00,7722.25,7724.25,7722.25,7724.25,193
2026-08-27 06:11:00-04:00,7724.0,7724.0,7722.0,7722.25,124
2026-08-27 06:12:00-04:00,7722.0,7722.5,7721.25,7722.25,82
2026-08-27 06:13:00-04:00,7721.75,7723.0,7721.75,7722.25,40
2026-08-27 06:14:00-04:00,7722.25,7722.75,7722.0,7722.75,117
2026-08-27 06:15:00-04:00,7723.0,7724.0,7723.0,7723.25,212
2026-08-27 06:16:00-04:00,7723.25,7723.75,7722.5,7723.5,108
2026-08-27 06:17:00-04:00,7723.25,7723.75,7722.75,7723.25,46
2026-08-27 06:18:00-04:00,7723.0,7724.0,7723.0,7723.5,71
2026-08-27 06:19:00-04:00,7723.5,7723.5,7721.5,7721.5,77
2026-08-27 06:20:00-04:00,7721.75,7722.75,7721.75,7721.75,106
2026-08-27 06:21:00-04:00,7722.0,7722.0,7721.25,7721.25,147
2026-08-27 06:22:00-04:00,7721.5,7721.5,7721.0,7721.0,118
2026-08-27 06:23:00-04:00,7721.25,7721.5,7721.0,7721.25,53
2026-08-27 06:24:00-04:00,7721.5,7721.5,7721.25,7721.25,43
2026-08-27 06:25:00-04:00,7721.25,7721.5,7720.0,7720.0,185
2026-08-27 06:26:00-04:00,7720.0,7721.0,7719.75,7720.0,207
2026-08-27 06:27:00-04:00,7720.0,7720.5,7719.75,7720.0,113
2026-08-27 06:28:00-04:00,7720.0,7720.25,7719.75,7720.0,65
2026-08-27 06:29:00-04:00,7720.0,7720.5,7719.75,7720.25,80
2026-08-27 06:30:00-04:00,7720.25,7721.0,7720.0,7721.0,105
2026-08-27 06:31:00-04:00,7720.75,7721.25,7720.25,7720.25,161
2026-08-27 06:32:00-04:00,7720.0,7721.0,7719.75,7720.5,120
2026-08-27 06:33:00-04:00,7720.5,7720.75,7720.0,7720.25,72
2026-08-27 06:34:00-04:00,7720.25,7721.0,7720.25,7720.75,57
2026-08-27 06:35:00-04:00,7720.75,7721.0,7719.25,7719.5,179
2026-08-27 06:36:00-04:00,7719.25,7719.75,7718.75,7718.75,143
2026-08-27 06:37:00-04:00,7718.75,7719.25,7718.25,7718.75,293
2026-08-27 06:38:00-04:00,7719.25,7720.5,7719.0,7719.75,197
2026-08-27 06:39:00-04:00,7719.5,7720.0,7718.5,7718.75,80
2026-08-27 06:40:00-04:00,7719.0,7721.0,7718.5,7720.75,153
2026-08-27 06:41:00-04:00,7720.5,7721.25,7720.25,7721.25,124
2026-08-27 06:42:00-04:00,7721.25,7722.0,7720.75,7721.5,309
2026-08-27 06:43:00-04:00,7721.5,7722.5,7721.25,7722.5,170
2026-08-27 06:44:00-04:00,7722.25,7723.25,7722.25,7722.5,113
2026-08-27 06:45:00-04:00,7722.75,7723.0,7722.25,7722.25,159
2026-08-27 06:46:00-04:00,7722.5,7722.75,7722.0,7722.75,140
2026-08-27 06:47:00-04:00,7722.75,7723.0,7722.5,7722.75,114
2026-08-27 06:48:00-04:00,7722.5,7722.75,7722.25,7722.5,100
2026-08-27 06:49:00-04:00,7722.5,7723.75,7721.5,7721.5,201
2026-08-27 06:50:00-04:00,7721.5,7721.5,7720.25,7720.25,290
2026-08-27 06:51:00-04:00,7720.5,7721.0,7719.5,7721.0,264
2026-08-27 06:52:00-04:00,7720.75,7721.0,7720.25,7720.5,85
2026-08-27 06:53:00-04:00,7720.75,7722.5,7720.75,7722.5,91
2026-08-27 06:54:00-04:00,7722.5,7723.75,7722.5,7723.5,223
2026-08-27 06:55:00-04:00,7723.5,7724.25,7723.25,7724.25,179
2026-08-27 06:56:00-04:00,7724.25,7724.5,7723.0,7723.5,116
2026-08-27 06:57:00-04:00,7723.0,7723.75,7723.0,7723.5,59
2026-08-27 06:58:00-04:00,7723.75,7724.0,7722.75,7723.0,101
2026-08-27 06:59:00-04:00,7723.5,7724.0,7723.0,7724.0,103
2026-08-27 07:00:00-04:00,7724.25,7725.0,7722.5,7722.75,692
2026-08-27 07:01:00-04:00,7722.75,7724.25,7722.25,7722.5,236
2026-08-27 07:02:00-04:00,7722.75,7723.0,7721.75,7722.0,166
2026-08-27 07:03:00-04:00,7722.25,7723.25,7722.0,7723.0,140
2026-08-27 07:04:00-04:00,7722.75,7726.0,7722.75,7726.0,349
2026-08-27 07:05:00-04:00,7725.75,7726.25,7725.25,7726.0,133
2026-08-27 07:06:00-04:00,7726.0,7726.25,7725.25,7725.5,135
2026-08-27 07:07:00-04:00,7725.5,7726.25,7725.25,7725.75,175
2026-08-27 07:08:00-04:00,7725.5,7725.75,7723.0,7724.5,396
2026-08-27 07:09:00-04:00,7724.5,7727.5,7724.0,7727.25,462
2026-08-27 07:10:00-04:00,7727.0,7727.5,7726.5,7727.25,133
2026-08-27 07:11:00-04:00,7726.75,7727.25,7726.0,7726.5,108
2026-08-27 07:12:00-04:00,7726.25,7727.75,7726.25,7727.25,145
2026-08-27 07:13:00-04:00,7727.5,7729.75,7727.25,7729.0,518
2026-08-27 07:14:00-04:00,7729.0,7729.5,7727.75,7728.25,197
2026-08-27 07:15:00-04:00,7728.25,7729.25,7728.25,7729.0,131
2026-08-27 07:16:00-04:00,7728.5,7729.25,7728.5,7729.0,109
2026-08-27 07:17:00-04:00,7728.75,7729.0,7727.25,7727.5,195
2026-08-27 07:18:00-04:00,7727.5,7727.75,7725.25,7726.0,380
2026-08-27 07:19:00-04:00,7725.5,7726.5,7725.25,7726.0,267
2026-08-27 07:20:00-04:00,7725.75,7726.5,7725.5,7726.0,161
2026-08-27 07:21:00-04:00,7726.25,7726.5,7725.25,7726.0,299
2026-08-27 07:22:00-04:00,7726.25,7727.0,7725.75,7726.25,430
2026-08-27 07:23:00-04:00,7726.0,7726.25,7724.75,7725.0,279
2026-08-27 07:24:00-04:00,7725.0,7726.25,7725.0,7726.0,176
2026-08-27 07:25:00-04:00,7726.0,7726.75,7725.5,7726.5,168
2026-08-27 07:26:00-04:00,7726.75,7726.75,7724.75,7725.0,165
2026-08-27 07:27:00-04:00,7725.0,7725.0,7722.75,7723.25,397
2026-08-27 07:28:00-04:00,7723.5,7724.25,7723.25,7724.0,166
2026-08-27 07:29:00-04:00,7724.0,7724.0,7722.25,7722.25,327
2026-08-27 07:30:00-04:00,7722.25,7722.5,7720.0,7720.75,692
2026-08-27 07:31:00-04:00,7720.75,7725.25,7720.5,7722.25,2340
2026-08-27 07:32:00-04:00,7722.25,7722.25,7719.25,7721.75,1031
2026-08-27 07:33:00-04:00,7721.25,7723.0,7721.0,7722.25,429
2026-08-27 07:34:00-04:00,7722.25,7722.25,7721.0,7722.0,153
2026-08-27 07:35:00-04:00,7721.75,7722.75,7720.25,7720.25,776
2026-08-27 07:36:00-04:00,7720.5,7720.75,7718.75,7719.0,383
2026-08-27 07:37:00-04:00,7719.0,7719.25,7718.5,7719.25,346
2026-08-27 07:38:00-04:00,7719.0,7719.25,7717.75,7718.5,360
2026-08-27 07:39:00-04:00,7718.5,7719.25,7718.0,7718.75,259
2026-08-27 07:40:00-04:00,7718.75,7719.5,7718.25,7719.0,167
2026-08-27 07:41:00-04:00,7719.0,7720.25,7719.0,7720.0,267
2026-08-27 07:42:00-04:00,7719.75,7720.5,7718.75,7720.0,316
2026-08-27 07:43:00-04:00,7720.0,7721.5,7720.0,7721.25,347
2026-08-27 07:44:00-04:00,7721.0,7721.5,7720.25,7721.25,183
2026-08-27 07:45:00-04:00,7721.0,7721.0,7719.25,7719.25,226
2026-08-27 07:46:00-04:00,7719.0,7719.25,7716.25,7717.0,745
2026-08-27 07:47:00-04:00,7717.0,7717.5,7716.5,7716.5,213
2026-08-27 07:48:00-04:00,7716.0,7717.0,7715.5,7716.25,446
2026-08-27 07:49:00-04:00,7716.25,7716.25,7715.0,7715.5,365
2026-08-27 07:50:00-04:00,7715.5,7716.25,7715.0,7716.0,520
2026-08-27 07:51:00-04:00,7716.25,7716.5,7715.5,7716.0,294
2026-08-27 07:52:00-04:00,7716.0,7717.25,7715.5,7717.0,270
2026-08-27 07:53:00-04:00,7716.75,7718.5,7716.5,7718.5,504
2026-08-27 07:54:00-04:00,7718.25,7719.0,7718.0,7718.5,260
2026-08-27 07:55:00-04:00,7718.5,7719.5,7718.5,7719.0,141
2026-08-27 07:56:00-04:00,7718.75,7718.75,7718.25,7718.5,117
2026-08-27 07:57:00-04:00,7718.75,7720.5,7718.5,7719.5,252
2026-08-27 07:58:00-04:00,7719.5,7721.75,7719.5,7721.5,339
2026-08-27 07:59:00-04:00,7721.5,7722.5,7721.25,7722.25,397
2026-08-27 08:00:00-04:00,7722.0,7722.5,7721.25,7722.0,501
2026-08-27 08:01:00-04:00,7722.25,7723.25,7721.5,7723.0,443
2026-08-27 08:02:00-04:00,7722.75,7723.5,7721.75,7723.25,205
2026-08-27 08:03:00-04:00,7723.25,7723.5,7721.25,7722.0,311
2026-08-27 08:04:00-04:00,7722.25,7723.0,7721.75,7722.75,192
2026-08-27 08:05:00-04:00,7722.75,7723.5,7721.0,7721.75,474
2026-08-27 08:06:00-04:00,7721.5,7723.0,7721.0,7721.5,229
2026-08-27 08:07:00-04:00,7721.25,7722.5,7721.25,7721.5,210
2026-08-27 08:08:00-04:00,7721.5,7723.0,7721.25,7722.25,307
2026-08-27 08:09:00-04:00,7722.5,7723.75,7722.25,7723.75,352
2026-08-27 08:10:00-04:00,7723.75,7724.5,7723.25,7724.5,537
2026-08-27 08:11:00-04:00,7724.5,7725.75,7724.0,7725.5,527
2026-08-27 08:12:00-04:00,7725.25,7726.5,7725.25,7726.25,494
2026-08-27 08:13:00-04:00,7726.25,7726.5,7725.5,7726.25,330
2026-08-27 08:14:00-04:00,7726.0,7726.25,7725.25,7725.5,146
2026-08-27 08:15:00-04:00,7725.5,7725.75,7724.5,7724.75,381
2026-08-27 08:16:00-04:00,7724.5,7725.25,7723.5,7723.75,489
2026-08-27 08:17:00-04:00,7724.0,7724.5,7723.0,7724.25,298
2026-08-27 08:18:00-04:00,7724.5,7724.5,7723.25,7723.25,225
2026-08-27 08:19:00-04:00,7723.25,7724.25,7723.0,7724.0,195
2026-08-27 08:20:00-04:00,7724.0,7724.5,7723.75,7724.25,218
2026-08-27 08:21:00-04:00,7724.5,7724.75,7722.0,7723.25,416
2026-08-27 08:22:00-04:00,7723.5,7724.25,7722.0,7723.5,366
2026-08-27 08:23:00-04:00,7723.75,7724.75,7723.5,7723.75,109
2026-08-27 08:24:00-04:00,7724.0,7724.0,7723.0,7723.5,101
2026-08-27 08:25:00-04:00,7723.5,7724.75,7723.5,7724.75,199
2026-08-27 08:26:00-04:00,7724.75,7725.0,7723.75,7723.75,192
2026-08-27 08:27:00-04:00,7724.0,7724.25,7722.5,7722.75,585
2026-08-27 08:28:00-04:00,7722.5,7723.75,7721.75,7722.5,644
2026-08-27 08:29:00-04:00,7722.5,7723.25,7722.0,7723.25,156
2026-08-27 08:30:00-04:00,7723.25,7723.5,7721.25,7722.25,370
2026-08-27 08:31:00-04:00,7722.5,7723.25,7719.75,7719.75,683
2026-08-27 08:32:00-04:00,7720.0,7721.0,7719.5,7720.0,361
2026-08-27 08:33:00-04:00,7720.25,7720.5,7719.25,7719.25,212
2026-08-27 08:34:00-04:00,7719.5,7719.75,7718.5,7719.25,337
2026-08-27 08:35:00-04:00,7719.0,7719.25,7718.5,7719.0,270
2026-08-27 08:36:00-04:00,7719.0,7719.25,7716.75,7717.0,441
2026-08-27 08:37:00-04:00,7716.75,7717.25,7715.0,7715.5,1138
2026-08-27 08:38:00-04:00,7715.5,7716.0,7714.25,7714.25,618
2026-08-27 08:39:00-04:00,7714.5,7716.0,7714.5,7714.75,608
2026-08-27 08:40:00-04:00,7714.5,7714.75,7713.25,7714.25,742
2026-08-27 08:41:00-04:00,7714.25,7715.25,7713.75,7713.75,379
2026-08-27 08:42:00-04:00,7714.0,7714.5,7713.25,7713.5,267
2026-08-27 08:43:00-04:00,7713.5,7715.25,7713.5,7714.75,455
2026-08-27 08:44:00-04:00,7715.0,7715.25,7711.5,7712.0,786
2026-08-27 08:45:00-04:00,7712.25,7712.75,7711.5,7712.75,454
2026-08-27 08:46:00-04:00,7712.5,7713.5,7710.75,7711.0,605
2026-08-27 08:47:00-04:00,7711.0,7712.75,7711.0,7712.75,386
2026-08-27 08:48:00-04:00,7712.75,7713.25,7712.0,7712.25,382
2026-08-27 08:49:00-04:00,7712.25,7713.25,7712.0,7712.75,177
2026-08-27 08:50:00-04:00,7712.5,7712.75,7712.0,7712.5,412
2026-08-27 08:51:00-04:00,7712.25,7713.0,7711.25,7711.75,312
2026-08-27 08:52:00-04:00,7712.0,7712.0,7710.75,7711.5,327
2026-08-27 08:53:00-04:00,7711.75,7713.0,7711.0,7712.5,348
2026-08-27 08:54:00-04:00,7712.75,7713.75,7712.25,7713.0,437
2026-08-27 08:55:00-04:00,7713.0,7713.5,7712.25,7712.25,216
2026-08-27 08:56:00-04:00,7712.5,7713.75,7712.25,7713.75,240
2026-08-27 08:57:00-04:00,7713.75,7714.0,7712.25,7712.75,383
2026-08-27 08:58:00-04:00,7712.5,7712.75,7711.25,7711.25,286
2026-08-27 08:59:00-04:00,7711.0,7711.75,7711.0,7711.75,222
2026-08-27 09:00:00-04:00,7711.25,7712.25,7711.0,7712.25,489
2026-08-27 09:01:00-04:00,7712.25,7712.25,7710.25,7710.5,512
2026-08-27 09:02:00-04:00,7710.75,7714.5,7710.25,7714.25,665
2026-08-27 09:03:00-04:00,7714.0,7714.75,7713.0,7713.0,796
2026-08-27 09:04:00-04:00,7713.0,7715.0,7713.0,7714.5,518
2026-08-27 09:05:00-04:00,7714.5,7714.75,7713.25,7714.25,532
2026-08-27 09:06:00-04:00,7714.5,7715.25,7714.0,7715.25,354
2026-08-27 09:07:00-04:00,7715.25,7715.5,7714.0,7714.25,440
2026-08-27 09:08:00-04:00,7714.25,7714.25,7713.0,7713.25,445
2026-08-27 09:09:00-04:00,7713.0,7713.25,7711.5,7712.0,598
2026-08-27 09:10:00-04:00,7712.25,7713.25,7711.75,7712.5,354
2026-08-27 09:11:00-04:00,7712.5,7712.5,7711.0,7712.5,343
2026-08-27 09:12:00-04:00,7713.0,7714.5,7712.25,7714.0,405
2026-08-27 09:13:00-04:00,7714.0,7714.25,7712.25,7713.25,337
2026-08-27 09:14:00-04:00,7713.25,7713.5,7712.75,7713.25,203
2026-08-27 09:15:00-04:00,7713.0,7715.0,7712.75,7714.25,312
2026-08-27 09:16:00-04:00,7714.25,7716.5,7712.75,7713.0,1153
2026-08-27 09:17:00-04:00,7713.25,7716.25,7713.25,7715.25,811
2026-08-27 09:18:00-04:00,7715.0,7715.5,7714.0,7714.5,546
2026-08-27 09:19:00-04:00,7714.75,7715.5,7713.75,7714.5,282
2026-08-27 09:20:00-04:00,7714.5,7715.0,7714.25,7714.75,175
2026-08-27 09:21:00-04:00,7714.75,7714.75,7712.75,7713.75,333
2026-08-27 09:22:00-04:00,7714.0,7714.5,7712.25,7712.75,833
2026-08-27 09:23:00-04:00,7713.25,7714.25,7712.75,7713.0,230
2026-08-27 09:24:00-04:00,7713.25,7713.75,7712.75,7713.25,194
2026-08-27 09:25:00-04:00,7713.5,7716.5,7713.25,7716.25,951
2026-08-27 09:26:00-04:00,7717.0,7717.0,7716.0,7716.5,667
2026-08-27 09:27:00-04:00,7716.0,7716.75,7714.75,7716.25,576
2026-08-27 09:28:00-04:00,7716.5,7717.0,7715.0,7716.0,1021
2026-08-27 09:29:00-04:00,7715.75,7717.5,7715.0,7716.25,1242
2026-08-27 09:30:00-04:00,7716.25,7719.25,7712.25,7717.75,8715
2026-08-27 09:31:00-04:00,7717.75,7719.75,7706.5,7706.5,8520
2026-08-27 09:32:00-04:00,7706.5,7709.5,7703.0,7708.25,7465
2026-08-27 09:33:00-04:00,7708.25,7713.25,7708.25,7710.0,5447
2026-08-27 09:34:00-04:00,7710.0,7710.5,7704.25,7706.0,4517
2026-08-27 09:35:00-04:00,7706.0,7707.75,7702.75,7707.25,6045
2026-08-27 09:36:00-04:00,7707.5,7710.25,7707.25,7708.5,4324
2026-08-27 09:37:00-04:00,7708.5,7709.5,7704.5,7708.25,3476
2026-08-27 09:38:00-04:00,7708.25,7709.5,7706.75,7708.25,2532
2026-08-27 09:39:00-04:00,7708.0,7714.0,7707.75,7713.5,5365
2026-08-27 09:40:00-04:00,7713.75,7714.5,7712.25,7713.5,4911
2026-08-27 09:41:00-04:00,7713.5,7719.0,7713.25,7715.25,5238
2026-08-27 09:42:00-04:00,7715.0,7717.0,7710.75,7716.25,5642
2026-08-27 09:43:00-04:00,7716.5,7717.75,7715.5,7716.25,3029
2026-08-27 09:44:00-04:00,7716.0,7723.5,7716.0,7723.5,10972
2026-08-27 09:45:00-04:00,7723.5,7727.25,7722.25,7726.5,6947
2026-08-27 09:46:00-04:00,7726.5,7728.5,7720.5,7720.75,6604
2026-08-27 09:47:00-04:00,7720.75,7721.5,7711.5,7714.5,10394
2026-08-27 09:48:00-04:00,7714.5,7715.5,7712.0,7713.5,5381
2026-08-27 09:49:00-04:00,7713.5,7713.75,7708.25,7712.0,5569
2026-08-27 09:50:00-04:00,7712.0,7719.75,7712.0,7719.0,6187
2026-08-27 09:51:00-04:00,7719.25,7721.5,7718.0,7720.75,4049
2026-08-27 09:52:00-04:00,7720.75,7723.5,7719.25,7722.75,6849
2026-08-27 09:53:00-04:00,7722.5,7724.25,7721.5,7724.0,3170
2026-08-27 09:54:00-04:00,7724.0,7725.25,7722.5,7723.25,2406
2026-08-27 09:55:00-04:00,7723.25,7724.0,7716.25,7719.75,5590
2026-08-27 09:56:00-04:00,7719.75,7720.0,7713.25,7713.25,3981
2026-08-27 09:57:00-04:00,7713.0,7713.5,7707.25,7708.75,7028
2026-08-27 09:58:00-04:00,7708.75,7712.75,7708.75,7712.5,4646
2026-08-27 09:59:00-04:00,7712.5,7716.25,7711.25,7715.25,4121
2026-08-27 10:00:00-04:00,7715.0,7717.5,7713.25,7716.5,4126
2026-08-27 10:01:00-04:00,7716.25,7719.5,7714.5,7718.25,3245
2026-08-27 10:02:00-04:00,7718.5,7719.25,7715.5,7717.5,3345
2026-08-27 10:03:00-04:00,7717.5,7721.0,7716.0,7720.75,2614
2026-08-27 10:04:00-04:00,7720.75,7721.75,7718.0,7719.25,3150
2026-08-27 10:05:00-04:00,7719.25,7722.25,7719.0,7720.75,2324
2026-08-27 10:06:00-04:00,7720.75,7721.25,7713.0,7713.0,4290
2026-08-27 10:07:00-04:00,7713.25,7718.5,7711.75,7717.25,3634
2026-08-27 10:08:00-04:00,7717.0,7717.5,7713.25,7714.75,2764
2026-08-27 10:09:00-04:00,7714.75,7717.75,7714.25,7715.75,2483
2026-08-27 10:10:00-04:00,7715.5,7720.75,7715.5,7720.25,2998
2026-08-27 10:11:00-04:00,7720.0,7721.0,7718.5,7718.75,1731
2026-08-27 10:12:00-04:00,7719.0,7720.5,7718.25,7719.75,1611
2026-08-27 10:13:00-04:00,7719.75,7721.25,7717.75,7721.25,1891
2026-08-27 10:14:00-04:00,7721.25,7721.25,7717.25,7717.75,1947
2026-08-27 10:15:00-04:00,7718.0,7722.25,7718.0,7721.75,2131
2026-08-27 10:16:00-04:00,7722.0,7722.0,7719.0,7719.25,1427
2026-08-27 10:17:00-04:00,7719.25,7723.0,7719.25,7722.25,2308
2026-08-27 10:18:00-04:00,7722.5,7724.75,7721.5,7723.75,2828
2026-08-27 10:19:00-04:00,7723.75,7724.5,7722.0,7722.75,1866
2026-08-27 10:20:00-04:00,7723.25,7725.75,7722.75,7725.5,2976
2026-08-27 10:21:00-04:00,7725.75,7726.5,7722.25,7722.25,2557
2026-08-27 10:22:00-04:00,7722.5,7724.5,7721.75,7723.75,2169
2026-08-27 10:23:00-04:00,7723.5,7727.0,7723.25,7723.5,3060
2026-08-27 10:24:00-04:00,7723.75,7726.25,7722.75,7726.25,2225
2026-08-27 10:25:00-04:00,7726.25,7726.5,7724.25,7725.75,1728
2026-08-27 10:26:00-04:00,7725.75,7727.75,7725.0,7727.25,1990
2026-08-27 10:27:00-04:00,7727.25,7730.5,7727.0,7728.25,5312
2026-08-27 10:28:00-04:00,7728.5,7730.0,7726.75,7727.0,2361
2026-08-27 10:29:00-04:00,7727.0,7728.75,7726.5,7728.5,1261
2026-08-27 10:30:00-04:00,7728.5,7729.25,7721.75,7723.5,5961
2026-08-27 10:31:00-04:00,7723.5,7725.25,7723.25,7724.5,2236
2026-08-27 10:32:00-04:00,7724.5,7725.0,7722.75,7724.0,1715
2026-08-27 10:33:00-04:00,7724.0,7727.25,7722.5,7727.25,2431
2026-08-27 10:34:00-04:00,7727.0,7727.0,7724.75,7725.25,1518
2026-08-27 10:35:00-04:00,7725.75,7729.25,7725.5,7728.75,2281
2026-08-27 10:36:00-04:00,7728.75,7729.75,7728.0,7729.5,1901
2026-08-27 10:37:00-04:00,7729.5,7732.25,7729.0,7729.5,3635
2026-08-27 10:38:00-04:00,7729.75,7730.25,7727.5,7728.25,1940
2026-08-27 10:39:00-04:00,7728.5,7728.75,7724.75,7724.75,3082
2026-08-27 10:40:00-04:00,7725.25,7727.25,7724.5,7726.25,2625
2026-08-27 10:41:00-04:00,7726.25,7727.75,7725.0,7726.5,1504
2026-08-27 10:42:00-04:00,7726.5,7728.25,7726.25,7728.25,1633
2026-08-27 10:43:00-04:00,7728.0,7728.25,7726.25,7727.0,1253
2026-08-27 10:44:00-04:00,7727.25,7728.25,7725.5,7727.75,1744
2026-08-27 10:45:00-04:00,7727.75,7728.25,7725.75,7728.0,1527
2026-08-27 10:46:00-04:00,7728.0,7729.5,7727.5,7729.5,1792
2026-08-27 10:47:00-04:00,7729.25,7729.25,7724.75,7725.75,1927
2026-08-27 10:48:00-04:00,7726.0,7730.75,7725.25,7730.75,1917
2026-08-27 10:49:00-04:00,7730.75,7734.5,7730.0,7733.75,4871
2026-08-27 10:50:00-04:00,7733.75,7734.75,7732.5,7733.0,3448
2026-08-27 10:51:00-04:00,7733.0,7733.75,7732.25,7732.5,1865
2026-08-27 10:52:00-04:00,7732.75,7736.0,7731.75,7734.25,3201
2026-08-27 10:53:00-04:00,7734.25,7734.5,7730.25,7732.25,2530
2026-08-27 10:54:00-04:00,7732.0,7733.5,7730.5,7732.75,1793
2026-08-27 10:55:00-04:00,7733.0,7733.5,7729.0,7729.75,2978
2026-08-27 10:56:00-04:00,7729.75,7731.25,7728.75,7729.5,1441
2026-08-27 10:57:00-04:00,7729.75,7732.75,7729.5,7731.0,1689
2026-08-27 10:58:00-04:00,7731.0,7734.0,7730.5,7733.5,1398
2026-08-27 10:59:00-04:00,7734.0,7735.75,7733.5,7735.5,2765
2026-08-27 11:00:00-04:00,7735.5,7737.25,7734.0,7736.5,4118
2026-08-27 11:01:00-04:00,7736.75,7738.25,7736.0,7737.5,2119
2026-08-27 11:02:00-04:00,7737.25,7738.0,7736.5,7736.75,1646
2026-08-27 11:03:00-04:00,7737.0,7737.25,7733.75,7734.25,2540
2026-08-27 11:04:00-04:00,7734.25,7738.0,7734.0,7737.75,1930
2026-08-27 11:05:00-04:00,7738.0,7738.75,7737.0,7737.75,1558
2026-08-27 11:06:00-04:00,7737.5,7737.75,7735.75,7735.75,1440
2026-08-27 11:07:00-04:00,7736.0,7737.25,7735.0,7736.25,1608
2026-08-27 11:08:00-04:00,7735.75,7736.25,7734.75,7736.25,1024
2026-08-27 11:09:00-04:00,7736.0,7737.5,7735.25,7737.25,878
2026-08-27 11:10:00-04:00,7737.0,7738.0,7736.75,7737.0,933
2026-08-27 11:11:00-04:00,7737.25,7738.5,7737.25,7738.0,1948
2026-08-27 11:12:00-04:00,7738.25,7739.25,7736.75,7737.0,1781
2026-08-27 11:13:00-04:00,7737.0,7738.25,7736.75,7737.75,801
2026-08-27 11:14:00-04:00,7737.75,7740.25,7737.75,7740.0,2265
2026-08-27 11:15:00-04:00,7740.0,7742.0,7739.75,7741.75,3491
2026-08-27 11:16:00-04:00,7741.5,7742.75,7741.25,7742.25,2092
2026-08-27 11:17:00-04:00,7742.5,7742.75,7741.5,7741.75,1396
2026-08-27 11:18:00-04:00,7742.0,7742.5,7740.75,7742.5,1423
2026-08-27 11:19:00-04:00,7742.75,7742.75,7740.25,7741.0,1667
2026-08-27 11:20:00-04:00,7741.25,7742.5,7740.5,7741.25,1410
2026-08-27 11:21:00-04:00,7741.25,7742.0,7739.5,7740.0,1647
2026-08-27 11:22:00-04:00,7740.0,7740.75,7739.5,7740.5,1014
2026-08-27 11:23:00-04:00,7740.5,7741.0,7739.0,7741.0,1498
2026-08-27 11:24:00-04:00,7741.0,7741.25,7739.0,7739.75,1811
2026-08-27 11:25:00-04:00,7739.75,7739.75,7736.75,7738.25,3090
2026-08-27 11:26:00-04:00,7738.0,7739.0,7737.0,7738.25,1437
2026-08-27 11:27:00-04:00,7738.0,7738.75,7736.25,7736.25,1558
2026-08-27 11:28:00-04:00,7736.5,7737.5,7736.0,7736.5,1224
2026-08-27 11:29:00-04:00,7736.25,7736.75,7733.75,7734.75,3114
2026-08-27 11:30:00-04:00,7734.75,7735.25,7732.25,7734.0,4267
2026-08-27 11:31:00-04:00,7734.0,7734.75,7732.75,7734.75,3110
2026-08-27 11:32:00-04:00,7734.75,7736.75,7732.75,7736.75,2428
2026-08-27 11:33:00-04:00,7736.75,7737.75,7735.25,7735.75,2263
2026-08-27 11:34:00-04:00,7735.25,7735.75,7732.25,7733.5,2608
2026-08-27 11:35:00-04:00,7733.75,7735.0,7732.25,7733.25,1935
2026-08-27 11:36:00-04:00,7733.25,7733.5,7731.75,7732.0,1394
2026-08-27 11:37:00-04:00,7732.25,7732.5,7730.75,7731.5,2502
2026-08-27 11:38:00-04:00,7731.75,7732.5,7730.5,7731.25,1462
2026-08-27 11:39:00-04:00,7731.0,7731.25,7729.5,7730.5,2820
2026-08-27 11:40:00-04:00,7730.5,7732.0,7729.75,7731.75,2049
2026-08-27 11:41:00-04:00,7731.5,7735.25,7731.25,7735.0,3275
2026-08-27 11:42:00-04:00,7734.75,7735.0,7731.75,7732.0,1431
2026-08-27 11:43:00-04:00,7732.25,7732.25,7729.0,7729.25,2705
2026-08-27 11:44:00-04:00,7729.0,7729.5,7727.25,7728.0,4638
2026-08-27 11:45:00-04:00,7727.75,7728.0,7725.25,7726.75,3607
2026-08-27 11:46:00-04:00,7726.75,7727.5,7725.0,7727.0,2342
2026-08-27 11:47:00-04:00,7727.25,7728.75,7727.0,7727.5,1891
2026-08-27 11:48:00-04:00,7727.25,7728.25,7726.25,7727.25,1269
2026-08-27 11:49:00-04:00,7727.5,7728.75,7726.5,7728.25,1474
2026-08-27 11:50:00-04:00,7728.25,7732.25,7727.75,7731.75,3482
2026-08-27 11:51:00-04:00,7732.0,7735.5,7731.0,7734.75,2536
2026-08-27 11:52:00-04:00,7734.75,7737.75,7733.5,7737.75,3059
2026-08-27 11:53:00-04:00,7737.5,7739.75,7737.0,7738.0,2621
2026-08-27 11:54:00-04:00,7738.0,7740.5,7737.75,7740.25,2108
2026-08-27 11:55:00-04:00,7740.5,7740.5,7737.0,7737.25,2403
2026-08-27 11:56:00-04:00,7737.25,7738.0,7737.0,7737.0,1324
2026-08-27 11:57:00-04:00,7737.25,7739.25,7737.0,7739.25,1050
2026-08-27 11:58:00-04:00,7739.5,7739.75,7738.75,7739.0,1075
2026-08-27 11:59:00-04:00,7738.75,7739.25,7737.5,7738.0,1350
2026-08-27 12:00:00-04:00,7737.75,7739.0,7737.5,7737.75,1166
2026-08-27 12:01:00-04:00,7737.75,7739.5,7737.25,7739.0,1106
2026-08-27 12:02:00-04:00,7738.75,7740.0,7737.5,7739.75,1211
2026-08-27 12:03:00-04:00,7739.75,7741.25,7739.5,7741.0,1444
2026-08-27 12:04:00-04:00,7741.0,7741.5,7740.0,7740.25,977
2026-08-27 12:05:00-04:00,7740.25,7740.5,7738.0,7738.0,1322
2026-08-27 12:06:00-04:00,7738.0,7738.75,7737.25,7737.5,1781
2026-08-27 12:07:00-04:00,7737.5,7739.0,7736.5,7737.0,1310
2026-08-27 12:08:00-04:00,7736.75,7738.0,7736.25,7736.75,908
2026-08-27 12:09:00-04:00,7736.5,7737.25,7736.0,7736.75,810
2026-08-27 12:10:00-04:00,7736.75,7739.25,7736.75,7739.0,1231
2026-08-27 12:11:00-04:00,7739.25,7739.5,7735.75,7736.75,1085
2026-08-27 12:12:00-04:00,7737.0,7737.75,7737.0,7737.5,600
2026-08-27 12:13:00-04:00,7737.25,7738.25,7736.75,7737.75,565
2026-08-27 12:14:00-04:00,7738.0,7738.0,7736.0,7737.75,748
2026-08-27 12:15:00-04:00,7737.75,7739.0,7737.5,7738.75,939
2026-08-27 12:16:00-04:00,7739.0,7740.0,7738.5,7738.5,1114
2026-08-27 12:17:00-04:00,7738.5,7740.0,7737.75,7738.25,1358
2026-08-27 12:18:00-04:00,7738.25,7738.5,7737.0,7737.75,695
2026-08-27 12:19:00-04:00,7737.75,7738.5,7736.75,7737.75,957
2026-08-27 12:20:00-04:00,7737.75,7738.0,7737.0,7737.0,504
2026-08-27 12:21:00-04:00,7737.0,7737.5,7734.75,7735.75,2578
2026-08-27 12:22:00-04:00,7735.5,7737.0,7735.5,7736.25,788
2026-08-27 12:23:00-04:00,7736.0,7737.5,7736.0,7736.75,690
2026-08-27 12:24:00-04:00,7737.0,7737.25,7736.25,7737.0,641
2026-08-27 12:25:00-04:00,7737.0,7737.75,7736.5,7736.75,733
2026-08-27 12:26:00-04:00,7736.5,7737.5,7735.75,7737.5,826
2026-08-27 12:27:00-04:00,7737.25,7740.25,7737.0,7740.25,1224
2026-08-27 12:28:00-04:00,7740.0,7740.75,7739.5,7740.0,1562
2026-08-27 12:29:00-04:00,7740.0,7740.75,7739.75,7740.75,869
2026-08-27 12:30:00-04:00,7740.5,7741.0,7739.75,7740.5,1016
2026-08-27 12:31:00-04:00,7740.5,7742.25,7740.25,7741.75,1868
2026-08-27 12:32:00-04:00,7741.5,7742.5,7740.75,7742.5,1132
2026-08-27 12:33:00-04:00,7742.5,7742.5,7740.5,7741.5,917
2026-08-27 12:34:00-04:00,7741.25,7743.5,7741.25,7743.25,2174
2026-08-27 12:35:00-04:00,7743.0,7744.0,7742.75,7743.5,1355
2026-08-27 12:36:00-04:00,7743.5,7744.25,7743.25,7744.0,815
2026-08-27 12:37:00-04:00,7744.25,7746.0,7743.75,7746.0,2158
2026-08-27 12:38:00-04:00,7745.75,7746.0,7744.25,7745.0,1522
2026-08-27 12:39:00-04:00,7745.0,7747.0,7745.0,7746.75,1815
2026-08-27 12:40:00-04:00,7746.75,7748.25,7746.5,7747.75,2456
2026-08-27 12:41:00-04:00,7747.5,7748.25,7746.75,7748.0,1203
2026-08-27 12:42:00-04:00,7748.0,7748.5,7747.75,7748.25,964
2026-08-27 12:43:00-04:00,7748.25,7749.75,7748.0,7748.75,1863
2026-08-27 12:44:00-04:00,7749.0,7749.25,7747.5,7748.25,1161
2026-08-27 12:45:00-04:00,7748.5,7751.25,7748.5,7750.25,2902
2026-08-27 12:46:00-04:00,7750.75,7750.75,7748.75,7749.0,1424
2026-08-27 12:47:00-04:00,7749.0,7749.25,7748.25,7748.25,959
2026-08-27 12:48:00-04:00,7748.25,7750.25,7748.0,7750.25,1080
2026-08-27 12:49:00-04:00,7750.0,7750.25,7748.75,7748.75,831
2026-08-27 12:50:00-04:00,7748.75,7750.0,7747.75,7749.0,1197
2026-08-27 12:51:00-04:00,7749.0,7750.0,7748.5,7749.5,802
2026-08-27 12:52:00-04:00,7749.5,7750.75,7749.25,7750.25,707
2026-08-27 12:53:00-04:00,7750.5,7751.0,7749.75,7751.0,838
2026-08-27 12:54:00-04:00,7751.0,7752.0,7750.0,7751.0,1788
2026-08-27 12:55:00-04:00,7751.0,7751.0,7749.25,7749.25,889
2026-08-27 12:56:00-04:00,7749.25,7750.5,7748.75,7750.25,990
2026-08-27 12:57:00-04:00,7750.5,7751.25,7750.0,7750.5,651
2026-08-27 12:58:00-04:00,7750.25,7751.0,7750.0,7750.25,530
2026-08-27 12:59:00-04:00,7750.25,7752.25,7750.25,7752.0,926
2026-08-27 13:00:00-04:00,7752.0,7753.0,7751.5,7752.0,1478
2026-08-27 13:01:00-04:00,7752.25,7753.5,7751.75,7752.75,761
2026-08-27 13:02:00-04:00,7752.75,7753.5,7752.25,7752.5,856
2026-08-27 13:03:00-04:00,7752.5,7753.25,7751.75,7752.5,913
2026-08-27 13:04:00-04:00,7753.0,7753.0,7751.75,7752.5,547
2026-08-27 13:05:00-04:00,7752.25,7752.5,7751.0,7751.5,920
2026-08-27 13:06:00-04:00,7751.5,7751.75,7749.25,7749.5,1676
2026-08-27 13:07:00-04:00,7749.5,7750.75,7749.5,7749.75,1219
2026-08-27 13:08:00-04:00,7749.75,7754.5,7749.75,7753.0,3600
2026-08-27 13:09:00-04:00,7752.75,7754.5,7752.5,7754.0,1803
2026-08-27 13:10:00-04:00,7754.25,7755.75,7754.0,7754.25,2030
2026-08-27 13:11:00-04:00,7754.25,7754.5,7753.75,7754.25,828
2026-08-27 13:12:00-04:00,7754.25,7754.75,7753.5,7754.25,721
2026-08-27 13:13:00-04:00,7754.0,7754.25,7753.0,7753.25,772
2026-08-27 13:14:00-04:00,7753.0,7753.75,7752.75,7753.5,652
2026-08-27 13:15:00-04:00,7753.75,7755.0,7753.75,7754.0,725
2026-08-27 13:16:00-04:00,7754.0,7754.5,7752.75,7753.25,1006
2026-08-27 13:17:00-04:00,7753.0,7753.5,7752.5,7752.75,554
2026-08-27 13:18:00-04:00,7752.75,7753.25,7752.0,7752.75,612
2026-08-27 13:19:00-04:00,7752.75,7754.0,7752.75,7753.0,665
2026-08-27 13:20:00-04:00,7753.0,7753.25,7752.5,7752.75,512
2026-08-27 13:21:00-04:00,7752.75,7754.25,7752.5,7753.5,739
2026-08-27 13:22:00-04:00,7753.75,7753.75,7752.25,7752.5,817
2026-08-27 13:23:00-04:00,7752.5,7754.5,7752.25,7753.75,1046
2026-08-27 13:24:00-04:00,7753.75,7754.0,7753.0,7753.75,482
2026-08-27 13:25:00-04:00,7753.75,7753.75,7752.0,7752.25,710
2026-08-27 13:26:00-04:00,7752.25,7752.25,7750.75,7751.5,1544
2026-08-27 13:27:00-04:00,7751.25,7751.75,7749.75,7750.0,1296
2026-08-27 13:28:00-04:00,7750.0,7751.25,7749.75,7750.75,865
2026-08-27 13:29:00-04:00,7750.5,7750.5,7748.5,7749.0,1496
2026-08-27 13:30:00-04:00,7749.0,7750.75,7748.5,7750.0,2565
2026-08-27 13:31:00-04:00,7750.0,7750.5,7748.25,7749.75,1656
2026-08-27 13:32:00-04:00,7749.5,7752.25,7749.5,7752.0,1438
2026-08-27 13:33:00-04:00,7752.0,7752.25,7750.75,7751.25,1209
2026-08-27 13:34:00-04:00,7751.25,7751.25,7749.25,7749.25,924
2026-08-27 13:35:00-04:00,7749.25,7750.5,7749.0,7750.0,770
2026-08-27 13:36:00-04:00,7750.0,7750.5,7749.5,7750.25,384
2026-08-27 13:37:00-04:00,7750.0,7750.25,7749.25,7749.5,251
2026-08-27 13:38:00-04:00,7749.5,7750.0,7749.25,7749.25,321
2026-08-27 13:39:00-04:00,7749.5,7749.75,7748.25,7749.0,936
2026-08-27 13:40:00-04:00,7749.0,7750.0,7748.75,7749.5,536
2026-08-27 13:41:00-04:00,7749.5,7750.25,7749.25,7749.75,556
2026-08-27 13:42:00-04:00,7749.75,7750.25,7749.25,7749.75,849
2026-08-27 13:43:00-04:00,7749.75,7751.25,7749.5,7751.25,671
2026-08-27 13:44:00-04:00,7751.25,7751.25,7747.5,7747.75,2401
2026-08-27 13:45:00-04:00,7747.75,7748.25,7746.0,7746.0,2923
2026-08-27 13:46:00-04:00,7746.25,7746.75,7745.5,7745.5,1812
2026-08-27 13:47:00-04:00,7745.75,7747.5,7745.75,7745.75,1335
2026-08-27 13:48:00-04:00,7746.0,7746.0,7744.5,7744.5,1785
2026-08-27 13:49:00-04:00,7744.5,7745.75,7744.25,7745.75,1313
2026-08-27 13:50:00-04:00,7745.5,7746.0,7744.5,7744.75,995
2026-08-27 13:51:00-04:00,7744.75,7745.0,7743.5,7744.5,1505
2026-08-27 13:52:00-04:00,7744.75,7745.0,7743.5,7744.75,874
2026-08-27 13:53:00-04:00,7744.5,7745.25,7743.75,7743.75,873
2026-08-27 13:54:00-04:00,7743.75,7745.5,7743.75,7745.25,1279
2026-08-27 13:55:00-04:00,7745.0,7745.75,7744.25,7745.0,861
2026-08-27 13:56:00-04:00,7744.75,7746.0,7744.0,7746.0,741
2026-08-27 13:57:00-04:00,7746.0,7746.0,7744.0,7744.0,1076
2026-08-27 13:58:00-04:00,7744.25,7744.5,7742.75,7743.75,1589
2026-08-27 13:59:00-04:00,7743.25,7744.0,7743.25,7743.5,566
2026-08-27 14:00:00-04:00,7744.0,7745.5,7743.5,7744.0,1569
2026-08-27 14:01:00-04:00,7744.0,7744.0,7737.75,7739.0,5401
2026-08-27 14:02:00-04:00,7738.75,7739.5,7737.5,7739.5,3976
2026-08-27 14:03:00-04:00,7739.75,7740.0,7738.25,7739.75,1730
2026-08-27 14:04:00-04:00,7740.0,7740.0,7736.5,7736.75,2091
2026-08-27 14:05:00-04:00,7736.75,7738.25,7736.25,7737.75,1814
2026-08-27 14:06:00-04:00,7737.75,7739.0,7737.5,7738.0,1137
2026-08-27 14:07:00-04:00,7738.0,7738.0,7735.75,7737.25,1674
2026-08-27 14:08:00-04:00,7737.0,7737.75,7736.25,7736.75,979
2026-08-27 14:09:00-04:00,7736.5,7737.5,7735.0,7736.25,1666
2026-08-27 14:10:00-04:00,7736.25,7737.0,7733.75,7735.0,2443
2026-08-27 14:11:00-04:00,7735.0,7736.25,7734.0,7736.0,1265
2026-08-27 14:12:00-04:00,7736.25,7736.25,7733.5,7735.0,1621
2026-08-27 14:13:00-04:00,7735.0,7736.0,7732.75,7733.0,1835
2026-08-27 14:14:00-04:00,7732.75,7734.5,7731.0,7734.25,3727
2026-08-27 14:15:00-04:00,7734.0,7735.0,7733.0,7733.75,1805
2026-08-27 14:16:00-04:00,7733.5,7734.0,7732.0,7733.0,1224
2026-08-27 14:17:00-04:00,7733.0,7734.25,7732.5,7734.0,1593
2026-08-27 14:18:00-04:00,7734.0,7735.75,7733.75,7735.75,1554
2026-08-27 14:19:00-04:00,7735.75,7736.5,7733.5,7734.0,1670
2026-08-27 14:20:00-04:00,7734.25,7735.75,7733.75,7735.25,1252
2026-08-27 14:21:00-04:00,7735.25,7735.5,7733.75,7735.0,1047
2026-08-27 14:22:00-04:00,7734.75,7735.75,7733.75,7734.25,1007
2026-08-27 14:23:00-04:00,7734.25,7734.75,7732.0,7732.0,1509
2026-08-27 14:24:00-04:00,7732.0,7732.75,7731.5,7732.25,1319
2026-08-27 14:25:00-04:00,7732.25,7732.5,7730.25,7730.75,1658
2026-08-27 14:26:00-04:00,7731.0,7731.5,7729.5,7729.75,1853
2026-08-27 14:27:00-04:00,7729.25,7729.5,7726.25,7726.25,3301
2026-08-27 14:28:00-04:00,7726.5,7727.25,7724.25,7726.25,4153
2026-08-27 14:29:00-04:00,7726.25,7726.75,7723.5,7726.0,2635
2026-08-27 14:30:00-04:00,7726.0,7727.75,7725.25,7727.5,2417
2026-08-27 14:31:00-04:00,7727.5,7729.75,7727.25,7729.0,2416
2026-08-27 14:32:00-04:00,7729.0,7730.75,7728.25,7730.0,2252
2026-08-27 14:33:00-04:00,7730.0,7730.25,7726.25,7726.25,2036
2026-08-27 14:34:00-04:00,7726.25,7727.0,7725.75,7726.75,1388
2026-08-27 14:35:00-04:00,7726.75,7727.75,7726.0,7727.25,1444
2026-08-27 14:36:00-04:00,7727.0,7728.75,7726.5,7728.5,1127
2026-08-27 14:37:00-04:00,7728.25,7729.75,7727.75,7729.0,1527
2026-08-27 14:38:00-04:00,7729.0,7731.25,7728.25,7730.5,1796
2026-08-27 14:39:00-04:00,7730.25,7732.0,7729.5,7732.0,994
2026-08-27 14:40:00-04:00,7732.0,7732.0,7730.5,7732.0,843
2026-08-27 14:41:00-04:00,7732.25,7732.5,7730.0,7730.25,1544
2026-08-27 14:42:00-04:00,7730.5,7731.5,7729.75,7730.0,889
2026-08-27 14:43:00-04:00,7730.0,7731.25,7729.0,7730.25,982
2026-08-27 14:44:00-04:00,7730.0,7730.75,7729.75,7730.25,442
2026-08-27 14:45:00-04:00,7730.0,7731.25,7729.25,7729.5,1306
2026-08-27 14:46:00-04:00,7729.5,7730.75,7728.75,7730.25,1241
2026-08-27 14:47:00-04:00,7730.25,7731.75,7730.0,7731.75,974
2026-08-27 14:48:00-04:00,7731.75,7732.25,7729.75,7730.0,1014
2026-08-27 14:49:00-04:00,7729.75,7730.0,7726.25,7726.25,2037
2026-08-27 14:50:00-04:00,7726.5,7726.5,7724.75,7726.25,2381
2026-08-27 14:51:00-04:00,7726.25,7727.5,7725.25,7727.0,1444
2026-08-27 14:52:00-04:00,7727.0,7727.25,7726.0,7726.5,913
2026-08-27 14:53:00-04:00,7726.75,7727.5,7725.0,7725.0,968
2026-08-27 14:54:00-04:00,7725.25,7725.25,7724.25,7724.5,1478
2026-08-27 14:55:00-04:00,7724.5,7726.25,7722.75,7725.25,2749
2026-08-27 14:56:00-04:00,7725.5,7725.5,7724.25,7725.0,896
2026-08-27 14:57:00-04:00,7725.0,7727.25,7725.0,7727.0,1573
2026-08-27 14:58:00-04:00,7727.25,7729.0,7726.5,7728.5,1600
2026-08-27 14:59:00-04:00,7728.5,7729.0,7727.5,7727.5,1499
2026-08-27 15:00:00-04:00,7727.75,7730.0,7726.5,7729.5,2390
2026-08-27 15:01:00-04:00,7729.75,7730.5,7729.0,7729.25,1178
2026-08-27 15:02:00-04:00,7729.5,7729.5,7726.5,7726.75,1706
2026-08-27 15:03:00-04:00,7726.75,7729.25,7726.5,7729.25,860
2026-08-27 15:04:00-04:00,7729.0,7731.75,7728.75,7730.75,2004
2026-08-27 15:05:00-04:00,7730.75,7733.25,7729.25,7729.5,3695
2026-08-27 15:06:00-04:00,7729.25,7731.25,7728.25,7731.25,1913
2026-08-27 15:07:00-04:00,7731.0,7732.25,7731.0,7731.75,3042
2026-08-27 15:08:00-04:00,7731.75,7732.25,7729.5,7731.75,1168
2026-08-27 15:09:00-04:00,7732.25,7733.25,7731.75,7732.5,1123
2026-08-27 15:10:00-04:00,7732.5,7733.5,7731.75,7732.25,1148
2026-08-27 15:11:00-04:00,7732.25,7732.5,7731.5,7732.0,634
2026-08-27 15:12:00-04:00,7731.75,7732.5,7731.0,7731.75,766
2026-08-27 15:13:00-04:00,7731.75,7733.5,7731.5,7732.75,755
2026-08-27 15:14:00-04:00,7732.5,7733.5,7730.0,7730.0,1595
2026-08-27 15:15:00-04:00,7730.5,7732.25,7730.25,7732.25,1443
2026-08-27 15:16:00-04:00,7732.5,7733.75,7732.25,7732.75,1452
2026-08-27 15:17:00-04:00,7733.0,7733.0,7731.5,7731.5,849
2026-08-27 15:18:00-04:00,7731.75,7732.25,7730.5,7732.0,1333
2026-08-27 15:19:00-04:00,7732.0,7733.5,7731.0,7733.0,864
2026-08-27 15:20:00-04:00,7733.0,7733.25,7731.75,7732.5,706
2026-08-27 15:21:00-04:00,7732.5,7734.0,7732.0,7732.75,1098
2026-08-27 15:22:00-04:00,7733.25,7733.5,7732.0,7733.25,1006
2026-08-27 15:23:00-04:00,7733.0,7733.75,7732.75,7732.75,934
2026-08-27 15:24:00-04:00,7733.0,7733.0,7731.0,7731.5,954
2026-08-27 15:25:00-04:00,7731.5,7731.75,7729.25,7730.75,2221
2026-08-27 15:26:00-04:00,7730.75,7732.0,7730.5,7731.25,811
2026-08-27 15:27:00-04:00,7731.25,7731.75,7729.25,7729.25,1256
2026-08-27 15:28:00-04:00,7729.25,7731.0,7729.0,7730.75,1438
2026-08-27 15:29:00-04:00,7731.0,7731.75,7730.0,7730.5,882
2026-08-27 15:30:00-04:00,7730.5,7732.5,7729.75,7732.0,1825
2026-08-27 15:31:00-04:00,7732.0,7734.75,7731.5,7734.75,1783
2026-08-27 15:32:00-04:00,7734.5,7735.25,7733.75,7734.25,1389
2026-08-27 15:33:00-04:00,7734.0,7735.5,7733.75,7734.5,1002
2026-08-27 15:34:00-04:00,7734.25,7736.0,7734.25,7735.75,1107
2026-08-27 15:35:00-04:00,7736.0,7737.25,7735.25,7736.75,1739
2026-08-27 15:36:00-04:00,7736.75,7736.75,7735.5,7735.75,1447
2026-08-27 15:37:00-04:00,7735.75,7737.25,7735.5,7737.25,999
2026-08-27 15:38:00-04:00,7737.0,7737.75,7735.75,7736.5,1066
2026-08-27 15:39:00-04:00,7736.25,7737.5,7736.0,7737.0,827
2026-08-27 15:40:00-04:00,7737.0,7737.75,7736.75,7737.25,1026
2026-08-27 15:41:00-04:00,7737.25,7738.25,7736.5,7737.75,1146
2026-08-27 15:42:00-04:00,7737.5,7737.75,7736.0,7736.25,1088
2026-08-27 15:43:00-04:00,7735.75,7737.25,7735.25,7737.0,1619
2026-08-27 15:44:00-04:00,7737.25,7738.0,7736.75,7737.75,787
2026-08-27 15:45:00-04:00,7737.5,7738.5,7737.0,7738.25,2010
2026-08-27 15:46:00-04:00,7738.75,7739.5,7738.0,7738.25,1728
2026-08-27 15:47:00-04:00,7738.0,7739.25,7737.75,7738.25,1466
2026-08-27 15:48:00-04:00,7738.25,7739.75,7737.25,7739.25,1461
2026-08-27 15:49:00-04:00,7739.25,7739.75,7738.75,7739.0,1101
2026-08-27 15:50:00-04:00,7738.25,7739.0,7735.25,7736.75,3689
2026-08-27 15:51:00-04:00,7737.0,7737.5,7735.25,7736.75,1564
2026-08-27 15:52:00-04:00,7736.75,7741.0,7736.75,7740.75,2501
2026-08-27 15:53:00-04:00,7741.0,7742.0,7740.0,7741.5,2898
2026-08-27 15:54:00-04:00,7741.5,7744.5,7740.5,7743.5,3861
2026-08-27 15:55:00-04:00,7743.25,7743.25,7741.0,7741.25,4514
2026-08-27 15:56:00-04:00,7741.0,7742.0,7740.25,7741.25,2485
2026-08-27 15:57:00-04:00,7741.0,7742.75,7740.25,7740.5,4011
2026-08-27 15:58:00-04:00,7740.75,7743.5,7740.75,7741.25,4895
2026-08-27 15:59:00-04:00,7741.5,7744.75,7739.75,7741.25,22091
2026-08-27 16:00:00-04:00,7741.25,7743.25,7740.75,7742.0,3819
2026-08-27 16:01:00-04:00,7741.75,7742.25,7739.75,7740.0,2022
2026-08-27 16:02:00-04:00,7740.0,7740.25,7738.5,7738.5,961
2026-08-27 16:03:00-04:00,7738.5,7738.75,7738.0,7738.5,716
2026-08-27 16:04:00-04:00,7738.25,7739.0,7738.0,7738.25,540
2026-08-27 16:05:00-04:00,7738.5,7740.0,7735.5,7738.0,1622
2026-08-27 16:06:00-04:00,7738.25,7739.0,7737.5,7738.5,372
2026-08-27 16:07:00-04:00,7738.5,7738.75,7737.5,7737.75,220
2026-08-27 16:08:00-04:00,7737.75,7737.75,7736.75,7736.75,504
2026-08-27 16:09:00-04:00,7736.75,7737.5,7736.25,7737.0,360
2026-08-27 16:10:00-04:00,7737.0,7738.25,7737.0,7737.75,266
2026-08-27 16:11:00-04:00,7737.75,7738.25,7737.0,7737.0,233
2026-08-27 16:12:00-04:00,7736.75,7737.25,7736.25,7736.25,246
2026-08-27 16:13:00-04:00,7736.25,7737.0,7735.75,7736.0,285
2026-08-27 16:14:00-04:00,7735.75,7736.25,7735.25,7735.5,486
2026-08-27 16:15:00-04:00,7735.5,7736.25,7735.25,7736.0,332
2026-08-27 16:16:00-04:00,7736.25,7736.25,7735.25,7735.75,393
2026-08-27 16:17:00-04:00,7735.75,7736.25,7735.5,7736.0,325
2026-08-27 16:18:00-04:00,7735.75,7736.25,7735.25,7735.75,178
2026-08-27 16:19:00-04:00,7735.5,7736.25,7735.5,7736.0,156
2026-08-27 16:20:00-04:00,7736.0,7736.25,7735.25,7735.5,128
2026-08-27 16:21:00-04:00,7735.5,7736.25,7735.5,7735.5,78
2026-08-27 16:22:00-04:00,7735.5,7735.75,7735.25,7735.5,107
2026-08-27 16:23:00-04:00,7735.25,7735.25,7734.25,7735.0,458
2026-08-27 16:24:00-04:00,7734.75,7734.75,7732.75,7733.0,668
2026-08-27 16:25:00-04:00,7733.0,7733.5,7732.5,7733.25,275
2026-08-27 16:26:00-04:00,7733.25,7733.25,7732.75,7733.25,92
2026-08-27 16:27:00-04:00,7733.0,7733.75,7731.75,7733.5,384
2026-08-27 16:28:00-04:00,7733.25,7733.75,7733.25,7733.25,106
2026-08-27 16:29:00-04:00,7733.25,7733.5,7733.0,7733.5,109
2026-08-27 16:30:00-04:00,7733.25,7734.0,7733.0,7733.25,531
2026-08-27 16:31:00-04:00,7733.0,7733.5,7733.0,7733.25,87
2026-08-27 16:32:00-04:00,7733.0,7734.0,7733.0,7733.75,140
2026-08-27 16:33:00-04:00,7734.0,7734.0,7733.5,7733.75,96
2026-08-27 16:34:00-04:00,7733.75,7734.0,7733.5,7733.5,57
2026-08-27 16:35:00-04:00,7733.5,7734.0,7732.75,7732.75,127
2026-08-27 16:36:00-04:00,7733.0,7733.0,7732.5,7732.5,143
2026-08-27 16:37:00-04:00,7732.5,7733.0,7732.5,7732.75,146
2026-08-27 16:38:00-04:00,7733.0,7733.5,7733.0,7733.25,100
2026-08-27 16:39:00-04:00,7733.25,7733.25,7733.0,7733.0,152
2026-08-27 16:40:00-04:00,7733.0,7734.0,7732.75,7733.75,119
2026-08-27 16:41:00-04:00,7733.75,7734.25,7733.5,7733.75,213
2026-08-27 16:42:00-04:00,7733.75,7734.0,7733.5,7733.5,136
2026-08-27 16:43:00-04:00,7733.75,7733.75,7733.25,7733.5,112
2026-08-27 16:44:00-04:00,7733.75,7734.25,7733.25,7733.5,208
2026-08-27 16:45:00-04:00,7733.5,7734.0,7733.25,7733.5,317
2026-08-27 16:46:00-04:00,7733.5,7734.25,7733.5,7734.0,173
2026-08-27 16:47:00-04:00,7733.75,7734.25,7733.75,7733.75,99
2026-08-27 16:48:00-04:00,7733.75,7734.0,7733.0,7733.0,152
2026-08-27 16:49:00-04:00,7733.0,7733.25,7732.75,7733.0,97
2026-08-27 16:50:00-04:00,7732.5,7732.75,7732.0,7732.5,440
2026-08-27 16:51:00-04:00,7732.5,7733.0,7732.5,7732.75,134
2026-08-27 16:52:00-04:00,7732.75,7733.0,7732.5,7733.0,46
2026-08-27 16:53:00-04:00,7732.75,7733.0,7732.5,7732.5,93
2026-08-27 16:54:00-04:00,7732.5,7732.5,7731.75,7731.75,132
2026-08-27 16:55:00-04:00,7731.75,7732.75,7731.5,7732.75,291
2026-08-27 16:56:00-04:00,7732.75,7733.25,7732.5,7733.0,69
2026-08-27 16:57:00-04:00,7733.0,7733.5,7733.0,7733.0,55
2026-08-27 16:58:00-04:00,7733.0,7733.25,7732.5,7732.75,51
2026-08-27 16:59:00-04:00,7732.75,7733.0,7732.0,7732.75,226
2026-08-27 18:00:00-04:00,7733.5,7734.75,7732.25,7732.25,0
2026-08-27 18:01:00-04:00,7732.25,7732.75,7730.25,7732.25,481
2026-08-27 18:02:00-04:00,7732.0,7732.25,7728.25,7729.25,551
2026-08-27 18:03:00-04:00,7728.75,7731.25,7727.75,7731.25,409
2026-08-27 18:04:00-04:00,7731.75,7732.75,7731.25,7732.0,181
2026-08-27 18:05:00-04:00,7732.0,7732.5,7731.25,7731.5,153
2026-08-27 18:06:00-04:00,7731.25,7732.25,7730.75,7732.0,52
2026-08-27 18:07:00-04:00,7732.0,7732.75,7732.0,7732.25,109
2026-08-27 18:08:00-04:00,7732.5,7732.75,7731.5,7732.0,130
2026-08-27 18:09:00-04:00,7732.25,7733.25,7732.0,7732.25,100
2026-08-27 18:10:00-04:00,7732.5,7732.75,7731.25,7731.5,90
2026-08-27 18:11:00-04:00,7731.5,7731.5,7730.5,7731.0,97
2026-08-27 18:12:00-04:00,7730.75,7731.25,7730.5,7730.5,77
2026-08-27 18:13:00-04:00,7730.75,7731.0,7730.5,7731.0,51
2026-08-27 18:14:00-04:00,7731.0,7731.5,7731.0,7731.5,42
2026-08-27 18:15:00-04:00,7731.75,7732.0,7731.0,7731.25,89
2026-08-27 18:16:00-04:00,7731.5,7732.5,7731.5,7732.25,45
2026-08-27 18:17:00-04:00,7732.25,7732.5,7732.0,7732.5,94
2026-08-27 18:18:00-04:00,7732.5,7732.75,7731.75,7732.75,52
2026-08-27 18:19:00-04:00,7732.75,7733.0,7732.25,7733.0,127
2026-08-27 18:20:00-04:00,7733.0,7733.25,7732.25,7732.5,132
2026-08-27 18:21:00-04:00,7732.25,7733.0,7731.75,7732.75,81
2026-08-27 18:22:00-04:00,7732.75,7733.75,7732.75,7733.25,100
2026-08-27 18:23:00-04:00,7733.5,7733.75,7733.0,7733.25,54
2026-08-27 18:24:00-04:00,7733.5,7734.0,7733.25,7733.75,102
2026-08-27 18:25:00-04:00,7733.75,7734.0,7733.5,7733.75,81
2026-08-27 18:26:00-04:00,7733.75,7734.0,7731.5,7732.0,235
2026-08-27 18:27:00-04:00,7732.25,7733.5,7732.0,7732.75,103
2026-08-27 18:28:00-04:00,7732.25,7733.25,7732.0,7733.25,56
2026-08-27 18:29:00-04:00,7733.0,7733.75,7733.0,7733.5,59
2026-08-27 18:30:00-04:00,7733.25,7733.75,7733.25,7733.75,66
2026-08-27 18:31:00-04:00,7734.0,7734.0,7732.0,7732.75,130
2026-08-27 18:32:00-04:00,7733.0,7733.5,7732.5,7733.25,61
2026-08-27 18:33:00-04:00,7733.5,7733.75,7733.0,7733.0,56
2026-08-27 18:34:00-04:00,7733.0,7733.5,7733.0,7733.25,56
2026-08-27 18:35:00-04:00,7733.25,7734.0,7733.25,7734.0,107
2026-08-27 18:36:00-04:00,7734.0,7734.0,7733.0,7733.25,58
2026-08-27 18:37:00-04:00,7733.25,7733.5,7733.0,7733.0,13
2026-08-27 18:38:00-04:00,7733.25,7733.75,7733.25,7733.25,31
2026-08-27 18:39:00-04:00,7733.25,7733.25,7732.25,7732.75,165
2026-08-27 18:40:00-04:00,7733.25,7733.25,7732.75,7733.0,38
2026-08-27 18:41:00-04:00,7733.25,7733.5,7733.25,7733.5,29
2026-08-27 18:42:00-04:00,7733.5,7733.5,7732.75,7732.75,49
2026-08-27 18:43:00-04:00,7733.0,7733.25,7732.5,7733.25,22
2026-08-27 18:44:00-04:00,7733.25,7733.25,7732.75,7733.0,31
2026-08-27 18:45:00-04:00,7733.0,7733.0,7732.75,7733.0,54
2026-08-27 18:46:00-04:00,7733.0,7733.0,7732.5,7733.0,21
2026-08-27 18:47:00-04:00,7732.5,7733.0,7732.5,7732.75,34
2026-08-27 18:48:00-04:00,7733.0,7733.0,7732.5,7732.75,27
2026-08-27 18:49:00-04:00,7733.0,7733.0,7732.75,7732.75,59
2026-08-27 18:50:00-04:00,7732.75,7733.25,7732.5,7732.5,29
2026-08-27 18:51:00-04:00,7732.5,7732.75,7732.5,7732.5,97
2026-08-27 18:52:00-04:00,7732.5,7732.75,7732.25,7732.5,34
2026-08-27 18:53:00-04:00,7732.5,7732.5,7732.0,7732.0,67
2026-08-27 18:54:00-04:00,7732.0,7732.0,7731.5,7731.5,57
2026-08-27 18:55:00-04:00,7731.5,7732.25,7731.5,7731.75,57
2026-08-27 18:56:00-04:00,7732.0,7732.75,7731.75,7732.5,78
2026-08-27 18:57:00-04:00,7732.5,7732.75,7732.25,7732.25,23
2026-08-27 18:58:00-04:00,7732.5,7733.25,7732.5,7733.0,27
2026-08-27 18:59:00-04:00,7733.25,7733.25,7732.25,7732.5,62
2026-08-27 19:00:00-04:00,7732.25,7732.5,7731.0,7731.25,141
2026-08-27 19:01:00-04:00,7731.75,7732.75,7731.5,7732.25,89
2026-08-27 19:02:00-04:00,7732.0,7732.5,7731.75,7731.75,30
2026-08-27 19:03:00-04:00,7732.0,7732.0,7731.25,7731.5,75
2026-08-27 19:04:00-04:00,7731.25,7731.75,7731.0,7731.5,67
2026-08-27 19:05:00-04:00,7731.5,7731.75,7731.25,7731.25,60
2026-08-27 19:06:00-04:00,7731.25,7731.5,7731.0,7731.5,27
2026-08-27 19:07:00-04:00,7731.5,7731.5,7731.0,7731.25,13
2026-08-27 19:08:00-04:00,7731.0,7731.5,7731.0,7731.25,26
2026-08-27 19:09:00-04:00,7731.5,7732.75,7731.5,7732.25,129
2026-08-27 19:10:00-04:00,7732.0,7732.0,7730.5,7730.5,107
2026-08-27 19:11:00-04:00,7730.75,7731.25,7730.0,7730.5,198
2026-08-27 19:12:00-04:00,7730.25,7730.75,7730.25,7730.75,39
2026-08-27 19:13:00-04:00,7730.0,7730.5,7729.5,7730.5,221
2026-08-27 19:14:00-04:00,7730.25,7730.75,7730.25,7730.5,48
2026-08-27 19:15:00-04:00,7730.5,7730.75,7729.75,7730.0,174
2026-08-27 19:16:00-04:00,7730.25,7730.75,7730.0,7730.25,62
2026-08-27 19:17:00-04:00,7730.0,7730.5,7730.0,7730.5,44
2026-08-27 19:18:00-04:00,7730.5,7730.75,7730.25,7730.5,41
2026-08-27 19:19:00-04:00,7730.25,7730.25,7730.0,7730.25,10
2026-08-27 19:20:00-04:00,7730.25,7730.25,7729.75,7730.0,87
2026-08-27 19:21:00-04:00,7730.0,7730.25,7729.75,7730.25,25
2026-08-27 19:22:00-04:00,7730.25,7730.25,7730.0,7730.25,37
2026-08-27 19:23:00-04:00,7730.25,7730.5,7730.0,7730.0,23
2026-08-27 19:24:00-04:00,7730.0,7730.25,7730.0,7730.25,22
2026-08-27 19:25:00-04:00,7730.0,7730.0,7729.5,7729.75,61
2026-08-27 19:26:00-04:00,7730.0,7730.5,7729.75,7730.25,84
2026-08-27 19:27:00-04:00,7730.5,7730.75,7730.25,7730.5,96
2026-08-27 19:28:00-04:00,7730.5,7730.75,7729.75,7729.75,85
2026-08-27 19:29:00-04:00,7730.0,7730.25,7729.75,7729.75,63
2026-08-27 19:30:00-04:00,7730.25,7730.25,7729.5,7729.5,132
2026-08-27 19:31:00-04:00,7729.25,7729.5,7729.0,7729.5,216
2026-08-27 19:36:00-04:00,7730.25,7730.25,7730.0,7730.0,245
2026-08-27 19:37:00-04:00,7730.0,7730.0,7729.25,7729.75,44
2026-08-27 19:38:00-04:00,7729.5,7729.75,7729.5,7729.75,41
2026-08-27 19:39:00-04:00,7729.5,7730.0,7729.5,7730.0,41
2026-08-27 19:40:00-04:00,7729.75,7730.25,7729.75,7729.75,66
2026-08-27 19:41:00-04:00,7729.5,7729.75,7729.5,7729.75,5
2026-08-27 19:42:00-04:00,7729.5,7729.75,7729.25,7729.25,40
2026-08-27 19:43:00-04:00,7729.5,7729.75,7729.5,7729.5,20
2026-08-27 19:44:00-04:00,7729.25,7729.5,7729.0,7729.25,49
2026-08-27 19:45:00-04:00,7729.25,7729.25,7728.0,7728.75,354
2026-08-27 19:46:00-04:00,7728.75,7729.0,7728.25,7728.25,112
2026-08-27 19:47:00-04:00,7728.0,7728.25,7727.25,7728.0,348
2026-08-27 19:48:00-04:00,7727.75,7728.0,7727.5,7727.75,139
2026-08-27 19:49:00-04:00,7727.75,7728.0,7727.5,7727.5,111
2026-08-27 19:50:00-04:00,7727.5,7728.0,7727.0,7727.5,278
2026-08-27 19:51:00-04:00,7727.75,7727.75,7727.25,7727.25,72
2026-08-27 19:52:00-04:00,7727.25,7728.0,7727.25,7728.0,72
2026-08-27 19:53:00-04:00,7728.0,7728.0,7727.75,7728.0,31
2026-08-27 19:54:00-04:00,7728.25,7728.75,7727.75,7728.25,181
2026-08-27 19:55:00-04:00,7728.25,7728.5,7727.75,7728.0,131
2026-08-27 19:56:00-04:00,7728.25,7728.25,7727.5,7727.5,89
2026-08-27 19:57:00-04:00,7727.5,7728.0,7727.5,7728.0,79
2026-08-27 19:58:00-04:00,7727.75,7728.75,7727.75,7728.5,150
2026-08-27 19:59:00-04:00,7728.25,7728.75,7728.0,7728.75,157
2026-08-27 20:00:00-04:00,7729.0,7729.5,7728.0,7729.25,564
2026-08-27 20:01:00-04:00,7729.25,7730.25,7728.5,7730.25,277
2026-08-27 20:02:00-04:00,7730.0,7731.5,7729.75,7730.75,665
2026-08-27 20:03:00-04:00,7731.0,7731.25,7730.5,7730.75,148
2026-08-27 20:04:00-04:00,7731.0,7731.25,7729.5,7730.0,195
2026-08-27 20:05:00-04:00,7730.25,7730.25,7729.25,7729.5,142
2026-08-27 20:06:00-04:00,7729.5,7729.75,7728.75,7729.25,255
2026-08-27 20:07:00-04:00,7729.5,7730.75,7729.5,7730.75,132
2026-08-27 20:08:00-04:00,7730.5,7731.75,7730.25,7731.0,182
2026-08-27 20:09:00-04:00,7730.75,7732.25,7730.75,7731.5,235
2026-08-27 20:10:00-04:00,7731.5,7733.0,7731.5,7733.0,344
2026-08-27 20:11:00-04:00,7733.0,7733.25,7732.5,7732.5,186
2026-08-27 20:12:00-04:00,7732.75,7733.5,7732.25,7733.25,232
2026-08-27 20:13:00-04:00,7733.25,7734.25,7733.0,7734.0,252
2026-08-27 20:14:00-04:00,7733.75,7735.75,7733.5,7735.5,492
2026-08-27 20:15:00-04:00,7735.25,7735.5,7734.25,7734.75,539
2026-08-27 20:16:00-04:00,7734.5,7734.75,7731.75,7732.5,500
2026-08-27 20:17:00-04:00,7732.5,7734.0,7732.5,7733.5,234
2026-08-27 20:18:00-04:00,7733.25,7735.25,7732.25,7735.0,283
2026-08-27 20:19:00-04:00,7734.75,7735.0,7734.25,7734.25,147
2026-08-27 20:20:00-04:00,7734.0,7734.5,7733.75,7734.5,116
2026-08-27 20:21:00-04:00,7734.5,7734.5,7733.5,7734.0,82
2026-08-27 20:22:00-04:00,7734.25,7734.75,7734.25,7734.5,158
2026-08-27 20:23:00-04:00,7734.5,7734.75,7734.0,7734.0,103
2026-08-27 20:24:00-04:00,7734.5,7734.75,7734.0,7734.25,69
2026-08-27 20:25:00-04:00,7734.5,7735.25,7734.25,7735.25,126
2026-08-27 20:26:00-04:00,7735.25,7735.25,7734.25,7735.0,80
2026-08-27 20:27:00-04:00,7734.75,7734.75,7734.25,7734.25,46
2026-08-27 20:28:00-04:00,7734.25,7735.0,7734.0,7734.5,112
2026-08-27 20:29:00-04:00,7734.25,7736.0,7734.25,7736.0,206
2026-08-27 20:30:00-04:00,7736.0,7736.0,7734.5,7734.75,173
2026-08-27 20:31:00-04:00,7734.75,7735.0,7734.5,7734.5,51
2026-08-27 20:32:00-04:00,7734.5,7735.25,7734.25,7734.75,98
2026-08-27 20:33:00-04:00,7735.0,7735.25,7734.5,7735.0,47
2026-08-27 20:34:00-04:00,7735.0,7735.75,7734.75,7735.5,31
2026-08-27 20:35:00-04:00,7735.5,7735.5,7734.75,7735.0,62
2026-08-27 20:36:00-04:00,7735.0,7735.5,7734.5,7735.0,53
2026-08-27 20:37:00-04:00,7735.0,7735.25,7734.5,7735.25,69
2026-08-27 20:38:00-04:00,7735.0,7735.25,7734.5,7734.5,56
2026-08-27 20:39:00-04:00,7734.5,7735.25,7734.0,7734.75,126
2026-08-27 20:40:00-04:00,7734.75,7735.0,7734.0,7734.25,97
2026-08-27 20:41:00-04:00,7734.25,7735.75,7733.75,7735.75,234
2026-08-27 20:42:00-04:00,7735.5,7736.75,7735.25,7736.75,298
2026-08-27 20:43:00-04:00,7736.75,7737.0,7736.0,7736.0,239
2026-08-27 20:44:00-04:00,7736.25,7736.5,7735.75,7736.5,103
2026-08-27 20:45:00-04:00,7736.5,7736.5,7735.5,7736.0,96
2026-08-27 20:46:00-04:00,7736.0,7736.5,7735.5,7735.5,145
2026-08-27 20:47:00-04:00,7736.0,7736.25,7735.75,7736.0,42
2026-08-27 20:48:00-04:00,7736.25,7736.5,7736.0,7736.5,61
2026-08-27 20:49:00-04:00,7736.25,7737.0,7736.25,7736.75,80
2026-08-27 20:50:00-04:00,7736.75,7737.5,7736.25,7737.0,251
2026-08-27 20:51:00-04:00,7736.75,7737.0,7736.75,7736.75,89
2026-08-27 20:52:00-04:00,7736.75,7737.0,7736.5,7737.0,80
2026-08-27 20:53:00-04:00,7737.25,7737.5,7736.5,7736.75,104
2026-08-27 20:54:00-04:00,7736.5,7736.75,7735.5,7735.5,150
2026-08-27 20:55:00-04:00,7735.75,7736.25,7735.5,7735.75,66
2026-08-27 20:56:00-04:00,7735.75,7736.25,7735.75,7735.75,37
2026-08-27 20:57:00-04:00,7735.75,7736.25,7735.5,7735.5,53
2026-08-27 20:58:00-04:00,7735.5,7736.0,7735.5,7735.75,61
2026-08-27 20:59:00-04:00,7735.5,7736.0,7735.5,7736.0,25
2026-08-27 21:00:00-04:00,7736.0,7736.5,7735.5,7736.5,133
2026-08-27 21:01:00-04:00,7736.25,7737.0,7736.0,7736.5,121
2026-08-27 21:02:00-04:00,7736.75,7737.25,7736.5,7736.75,122
2026-08-27 21:03:00-04:00,7736.75,7737.5,7736.5,7737.25,122
2026-08-27 21:04:00-04:00,7737.5,7737.75,7737.25,7737.5,112
2026-08-27 21:05:00-04:00,7737.5,7737.75,7737.25,7737.75,105
2026-08-27 21:06:00-04:00,7737.75,7738.0,7737.0,7737.25,93
2026-08-27 21:07:00-04:00,7737.25,7737.5,7737.0,7737.5,97
2026-08-27 21:08:00-04:00,7737.5,7737.75,7737.25,7737.5,47
2026-08-27 21:09:00-04:00,7737.5,7738.75,7737.25,7738.5,267
2026-08-27 21:10:00-04:00,7738.5,7739.75,7738.5,7739.25,337
2026-08-27 21:11:00-04:00,7739.5,7739.5,7738.75,7739.5,276
2026-08-27 21:12:00-04:00,7739.5,7740.25,7739.5,7740.0,205
2026-08-27 21:13:00-04:00,7740.0,7740.25,7739.25,7739.5,199
2026-08-27 21:14:00-04:00,7739.25,7739.75,7739.0,7739.75,172
2026-08-27 21:15:00-04:00,7739.25,7739.5,7739.0,7739.25,82
2026-08-27 21:16:00-04:00,7739.25,7739.5,7739.0,7739.5,83
2026-08-27 21:17:00-04:00,7739.75,7739.75,7739.0,7739.0,63
2026-08-27 21:18:00-04:00,7739.25,7740.0,7739.0,7740.0,51
2026-08-27 21:19:00-04:00,7739.75,7740.0,7739.5,7739.5,49
2026-08-27 21:20:00-04:00,7739.5,7739.5,7738.75,7739.5,220
2026-08-27 21:21:00-04:00,7739.5,7739.75,7739.25,7739.25,126
2026-08-27 21:22:00-04:00,7739.25,7740.0,7739.0,7739.5,108
2026-08-27 21:23:00-04:00,7739.5,7739.75,7738.5,7738.5,106
2026-08-27 21:24:00-04:00,7738.75,7739.0,7738.5,7739.0,102
2026-08-27 21:25:00-04:00,7739.0,7739.25,7737.5,7737.75,333
2026-08-27 21:26:00-04:00,7737.75,7738.75,7737.5,7738.5,170
2026-08-27 21:27:00-04:00,7738.5,7738.75,7737.75,7738.0,116
2026-08-27 21:28:00-04:00,7738.0,7738.25,7738.0,7738.25,57
2026-08-27 21:29:00-04:00,7738.0,7738.5,7738.0,7738.0,65
2026-08-27 21:30:00-04:00,7738.0,7739.25,7738.0,7738.0,265
2026-08-27 21:31:00-04:00,7738.0,7738.5,7738.0,7738.5,113
2026-08-27 21:32:00-04:00,7738.5,7739.25,7738.25,7739.0,184
2026-08-27 21:33:00-04:00,7739.0,7739.25,7738.75,7739.0,113
2026-08-27 21:34:00-04:00,7739.0,7739.5,7738.75,7739.25,55
2026-08-27 21:35:00-04:00,7739.0,7740.0,7739.0,7739.75,101
2026-08-27 21:36:00-04:00,7739.75,7740.5,7739.5,7739.5,181
2026-08-27 21:37:00-04:00,7739.75,7739.75,7739.25,7739.5,116
2026-08-27 21:38:00-04:00,7739.25,7739.25,7738.0,7738.0,299
2026-08-27 21:39:00-04:00,7738.0,7738.0,7737.25,7737.5,272
2026-08-27 21:40:00-04:00,7737.75,7738.25,7737.25,7738.25,171
2026-08-27 21:41:00-04:00,7738.0,7738.0,7737.5,7737.5,49
2026-08-27 21:42:00-04:00,7737.75,7738.0,7737.5,7737.5,80
2026-08-27 21:43:00-04:00,7737.75,7738.25,7737.75,7738.25,59
2026-08-27 21:44:00-04:00,7738.25,7739.0,7738.0,7739.0,127
2026-08-27 21:45:00-04:00,7738.75,7738.75,7737.75,7738.0,94
2026-08-27 21:46:00-04:00,7738.25,7739.25,7738.0,7739.25,97
2026-08-27 21:47:00-04:00,7739.25,7739.25,7738.25,7738.5,64
2026-08-27 21:48:00-04:00,7738.5,7739.0,7738.5,7738.5,141
2026-08-27 21:49:00-04:00,7738.5,7739.5,7738.5,7739.25,84
2026-08-27 21:50:00-04:00,7739.5,7740.5,7739.5,7740.25,214
2026-08-27 21:51:00-04:00,7740.25,7740.25,7739.75,7740.0,97
2026-08-27 21:52:00-04:00,7740.0,7740.0,7739.25,7739.5,92
2026-08-27 21:53:00-04:00,7739.75,7739.75,7739.25,7739.5,33
2026-08-27 21:54:00-04:00,7739.5,7741.75,7739.25,7741.75,729
2026-08-27 21:55:00-04:00,7741.5,7742.5,7741.5,7742.0,365
2026-08-27 21:56:00-04:00,7742.25,7742.5,7742.0,7742.0,128
2026-08-27 21:57:00-04:00,7742.25,7742.25,7741.5,7741.5,175
2026-08-27 21:58:00-04:00,7741.75,7742.5,7741.75,7742.25,164
2026-08-27 21:59:00-04:00,7742.25,7743.0,7742.0,7742.75,149
2026-08-27 22:00:00-04:00,7742.75,7744.25,7742.75,7743.75,552
2026-08-27 22:01:00-04:00,7744.0,7745.0,7743.75,7744.25,463
2026-08-27 22:02:00-04:00,7744.5,7744.75,7743.75,7743.75,285
2026-08-27 22:03:00-04:00,7744.0,7744.75,7743.75,7744.75,102
2026-08-27 22:04:00-04:00,7744.75,7744.75,7744.0,7744.5,112
2026-08-27 22:05:00-04:00,7744.5,7745.25,7744.25,7745.25,184
2026-08-27 22:06:00-04:00,7745.25,7745.75,7745.0,7745.75,197
2026-08-27 22:07:00-04:00,7745.5,7746.5,7745.5,7746.0,315
2026-08-27 22:08:00-04:00,7746.0,7746.75,7745.75,7746.5,180
2026-08-27 22:09:00-04:00,7746.5,7746.5,7745.75,7746.0,73
2026-08-27 22:10:00-04:00,7746.0,7746.5,7746.0,7746.25,78
2026-08-27 22:11:00-04:00,7746.25,7746.25,7745.25,7745.25,324
2026-08-27 22:12:00-04:00,7745.25,7746.0,7745.25,7745.75,163
2026-08-27 22:13:00-04:00,7745.75,7746.0,7745.5,7745.5,85
2026-08-27 22:14:00-04:00,7745.5,7746.0,7745.5,7746.0,53
2026-08-27 22:15:00-04:00,7745.75,7746.5,7745.75,7746.25,118
2026-08-27 22:16:00-04:00,7746.5,7746.5,7746.0,7746.25,59
2026-08-27 22:17:00-04:00,7746.25,7746.75,7746.25,7746.25,75
2026-08-27 22:18:00-04:00,7746.5,7746.75,7746.25,7746.75,65
2026-08-27 22:19:00-04:00,7746.75,7747.0,7746.5,7747.0,90
2026-08-27 22:20:00-04:00,7746.75,7747.5,7746.5,7747.0,282
2026-08-27 22:21:00-04:00,7746.75,7747.0,7746.25,7746.5,165
2026-08-27 22:22:00-04:00,7746.5,7746.75,7745.25,7745.5,154
2026-08-27 22:23:00-04:00,7745.5,7746.75,7745.25,7746.5,101
2026-08-27 22:24:00-04:00,7746.25,7746.75,7746.0,7746.5,97
2026-08-27 22:25:00-04:00,7746.5,7746.75,7746.0,7746.0,57
2026-08-27 22:26:00-04:00,7746.0,7746.0,7745.5,7745.5,87
2026-08-27 22:27:00-04:00,7745.75,7746.0,7745.5,7745.5,72
2026-08-27 22:28:00-04:00,7745.5,7746.0,7745.5,7745.75,33
2026-08-27 22:29:00-04:00,7745.75,7745.75,7745.25,7745.5,101
2026-08-27 22:30:00-04:00,7745.5,7745.5,7744.25,7744.5,337
2026-08-27 22:31:00-04:00,7744.5,7744.75,7744.0,7744.25,155
2026-08-27 22:32:00-04:00,7744.25,7744.5,7744.0,7744.25,86
2026-08-27 22:33:00-04:00,7744.25,7744.25,7743.0,7743.25,331
2026-08-27 22:34:00-04:00,7743.0,7743.25,7742.5,7742.75,283
2026-08-27 22:35:00-04:00,7742.5,7742.75,7742.0,7742.0,178
2026-08-27 22:36:00-04:00,7742.0,7742.0,7741.0,7741.25,357
2026-08-27 22:37:00-04:00,7741.5,7741.75,7741.0,7741.75,140
2026-08-27 22:38:00-04:00,7741.75,7742.25,7741.5,7742.25,213
2026-08-27 22:39:00-04:00,7742.0,7742.25,7741.75,7742.25,90
2026-08-27 22:40:00-04:00,7742.0,7742.0,7740.5,7740.75,253
2026-08-27 22:41:00-04:00,7740.75,7741.25,7740.5,7740.75,216
2026-08-27 22:42:00-04:00,7741.0,7741.25,7740.5,7740.5,95
2026-08-27 22:43:00-04:00,7740.5,7740.75,7740.25,7740.5,78
2026-08-27 22:44:00-04:00,7740.75,7740.75,7739.75,7740.0,520
2026-08-27 22:45:00-04:00,7740.0,7740.25,7739.75,7740.0,405
2026-08-27 22:46:00-04:00,7740.25,7740.25,7739.25,7739.5,236
2026-08-27 22:47:00-04:00,7739.75,7739.75,7739.0,7739.25,76
2026-08-27 22:48:00-04:00,7739.25,7739.25,7738.5,7739.0,122
2026-08-27 22:49:00-04:00,7739.0,7739.5,7739.0,7739.0,79
2026-08-27 22:50:00-04:00,7739.0,7739.5,7739.0,7739.5,155
2026-08-27 22:51:00-04:00,7739.5,7740.0,7739.25,7740.0,131
2026-08-27 22:52:00-04:00,7740.0,7740.75,7739.75,7740.5,314
2026-08-27 22:53:00-04:00,7740.75,7740.75,7740.25,7740.75,88
2026-08-27 22:54:00-04:00,7740.75,7740.75,7740.0,7740.25,66
2026-08-27 22:55:00-04:00,7740.0,7741.0,7740.0,7740.75,110
2026-08-27 22:56:00-04:00,7741.0,7741.25,7740.75,7741.25,208
2026-08-27 22:57:00-04:00,7741.25,7741.25,7740.75,7741.0,98
2026-08-27 22:58:00-04:00,7741.0,7741.0,7740.75,7740.75,17
2026-08-27 22:59:00-04:00,7741.0,7741.25,7740.75,7741.0,71
2026-08-27 23:00:00-04:00,7741.0,7741.5,7740.75,7741.0,209
2026-08-27 23:01:00-04:00,7741.0,7741.25,7740.75,7741.0,68
2026-08-27 23:02:00-04:00,7741.0,7741.25,7740.75,7741.0,37
2026-08-27 23:03:00-04:00,7741.0,7742.5,7741.0,7742.25,420
2026-08-27 23:04:00-04:00,7742.5,7743.5,7742.0,7743.25,587
2026-08-27 23:05:00-04:00,7743.25,7743.75,7743.25,7743.5,156
2026-08-27 23:06:00-04:00,7743.5,7743.75,7742.75,7742.75,204
2026-08-27 23:07:00-04:00,7743.0,7743.25,7742.5,7742.5,116
2026-08-27 23:08:00-04:00,7742.5,7744.0,7742.5,7743.75,551
2026-08-27 23:09:00-04:00,7743.75,7744.0,7743.5,7743.75,76
2026-08-27 23:10:00-04:00,7743.75,7744.0,7743.5,7744.0,60
2026-08-27 23:11:00-04:00,7744.0,7744.75,7743.75,7744.5,162
2026-08-27 23:12:00-04:00,7744.75,7746.25,7744.5,7746.25,332
2026-08-27 23:13:00-04:00,7745.75,7746.0,7745.25,7745.25,191
2026-08-27 23:14:00-04:00,7745.25,7745.5,7745.0,7745.25,83
2026-08-27 23:15:00-04:00,7745.25,7745.25,7744.75,7744.75,93
2026-08-27 23:16:00-04:00,7745.0,7745.5,7744.75,7745.0,96
2026-08-27 23:17:00-04:00,7745.25,7745.5,7745.0,7745.5,58
2026-08-27 23:18:00-04:00,7745.5,7746.5,7745.5,7746.25,232
2026-08-27 23:19:00-04:00,7746.25,7746.5,7746.0,7746.25,145
2026-08-27 23:20:00-04:00,7746.25,7746.25,7745.5,7745.5,76
2026-08-27 23:21:00-04:00,7745.5,7746.0,7745.5,7746.0,29
2026-08-27 23:22:00-04:00,7746.0,7746.5,7746.0,7746.25,56
2026-08-27 23:23:00-04:00,7746.25,7746.5,7746.0,7746.25,81
2026-08-27 23:24:00-04:00,7746.25,7746.75,7746.25,7746.5,82
2026-08-27 23:25:00-04:00,7746.5,7746.75,7746.5,7746.5,21
2026-08-27 23:26:00-04:00,7746.5,7747.0,7746.5,7746.5,101
2026-08-27 23:27:00-04:00,7746.5,7747.25,7746.5,7747.0,43
2026-08-27 23:28:00-04:00,7747.25,7747.25,7747.0,7747.25,61
2026-08-27 23:34:00-04:00,7744.0,7744.25,7744.0,7744.0,1543
2026-08-27 23:35:00-04:00,7744.0,7744.25,7743.75,7743.75,109
2026-08-27 23:36:00-04:00,7743.75,7744.0,7743.25,7743.75,310
2026-08-27 23:37:00-04:00,7743.75,7743.75,7743.5,7743.5,91
2026-08-27 23:38:00-04:00,7743.75,7743.75,7742.5,7742.5,352
2026-08-27 23:39:00-04:00,7742.75,7742.75,7742.25,7742.5,148
2026-08-27 23:40:00-04:00,7742.25,7742.5,7741.25,7741.75,354
2026-08-27 23:41:00-04:00,7741.75,7741.75,7740.75,7741.25,379
2026-08-27 23:42:00-04:00,7741.5,7741.75,7741.0,7741.25,103
2026-08-27 23:43:00-04:00,7740.75,7741.25,7740.25,7740.5,155
2026-08-27 23:44:00-04:00,7740.25,7740.25,7739.0,7739.25,334
2026-08-27 23:45:00-04:00,7739.0,7739.5,7738.75,7738.75,200
2026-08-27 23:46:00-04:00,7738.5,7740.0,7738.0,7739.75,423
2026-08-27 23:47:00-04:00,7739.75,7740.75,7739.75,7740.5,310
2026-08-27 23:48:00-04:00,7740.75,7741.75,7740.5,7741.0,427
2026-08-27 23:49:00-04:00,7741.25,7741.25,7740.75,7741.25,78
2026-08-27 23:50:00-04:00,7741.25,7742.25,7741.25,7741.75,204
2026-08-27 23:51:00-04:00,7741.75,7742.0,7741.5,7741.75,54
2026-08-27 23:52:00-04:00,7742.0,7742.0,7740.5,7740.5,142
2026-08-27 23:53:00-04:00,7740.5,7741.25,7740.25,7741.0,97
2026-08-27 23:54:00-04:00,7741.0,7741.75,7740.75,7741.75,45
2026-08-27 23:55:00-04:00,7741.75,7741.75,7741.0,7741.0,75
2026-08-27 23:56:00-04:00,7741.25,7741.75,7741.0,7741.5,148
2026-08-27 23:57:00-04:00,7741.5,7742.25,7741.25,7741.75,123
2026-08-27 23:58:00-04:00,7741.5,7741.5,7741.25,7741.25,20
2026-08-28 00:09:00-04:00,7738.25,7739.0,7738.25,7738.5,38
2026-08-28 00:10:00-04:00,7739.0,7739.0,7738.75,7738.75,41
2026-08-28 00:11:00-04:00,7738.5,7739.5,7738.5,7739.5,43
2026-08-28 00:12:00-04:00,7739.5,7740.0,7739.5,7740.0,94
2026-08-28 00:13:00-04:00,7740.0,7740.5,7740.0,7740.25,56
2026-08-28 00:14:00-04:00,7740.25,7741.0,7740.25,7740.25,82
2026-08-28 00:15:00-04:00,7740.25,7741.0,7740.25,7740.75,99
2026-08-28 00:16:00-04:00,7741.0,7741.25,7740.25,7740.25,105
2026-08-28 00:17:00-04:00,7740.25,7740.5,7740.0,7740.5,81
2026-08-28 00:18:00-04:00,7740.25,7740.75,7740.25,7740.5,45
2026-08-28 00:19:00-04:00,7740.75,7740.75,7740.25,7740.5,57
2026-08-28 00:20:00-04:00,7740.25,7740.75,7740.25,7740.75,48
2026-08-28 00:21:00-04:00,7740.75,7740.75,7740.25,7740.25,57
2026-08-28 00:22:00-04:00,7740.25,7740.5,7740.0,7740.5,49
2026-08-28 00:23:00-04:00,7740.25,7740.5,7740.0,7740.0,13
2026-08-28 00:24:00-04:00,7739.75,7740.25,7739.75,7739.75,68
2026-08-28 00:25:00-04:00,7739.75,7740.25,7739.25,7740.25,41
2026-08-28 00:26:00-04:00,7740.25,7740.25,7739.5,7739.5,54
2026-08-28 00:27:00-04:00,7739.75,7740.0,7739.75,7740.0,19
2026-08-28 00:28:00-04:00,7739.75,7740.25,7739.75,7740.0,26
2026-08-28 00:29:00-04:00,7739.75,7739.75,7739.5,7739.75,11
2026-08-28 00:30:00-04:00,7740.0,7740.0,7739.5,7739.75,33
2026-08-28 00:31:00-04:00,7739.75,7739.75,7739.0,7739.25,47
2026-08-28 00:32:00-04:00,7739.25,7739.75,7739.0,7739.0,26
2026-08-28 00:33:00-04:00,7739.25,7739.75,7739.0,7739.25,25
2026-08-28 00:34:00-04:00,7739.0,7739.0,7738.25,7738.25,63
2026-08-28 00:35:00-04:00,7738.5,7738.5,7738.0,7738.0,130
2026-08-28 00:36:00-04:00,7738.25,7738.25,7737.75,7738.25,127
2026-08-28 00:37:00-04:00,7738.25,7738.75,7738.25,7738.75,28
2026-08-28 00:38:00-04:00,7738.75,7739.0,7738.25,7738.5,45
2026-08-28 00:39:00-04:00,7738.25,7738.75,7738.0,7738.75,33
2026-08-28 00:40:00-04:00,7738.5,7739.0,7737.75,7737.75,128
2026-08-28 00:41:00-04:00,7737.75,7738.25,7737.5,7738.0,89
2026-08-28 00:42:00-04:00,7737.75,7738.25,7737.75,7738.25,45
2026-08-28 00:43:00-04:00,7738.0,7738.25,7737.75,7738.25,45
2026-08-28 00:44:00-04:00,7738.0,7738.25,7737.75,7738.25,13
2026-08-28 00:45:00-04:00,7738.25,7738.75,7738.25,7738.5,39
2026-08-28 00:46:00-04:00,7738.75,7738.75,7738.25,7738.5,52
2026-08-28 00:47:00-04:00,7738.5,7738.75,7738.25,7738.5,53
2026-08-28 00:48:00-04:00,7738.5,7738.75,7738.25,7738.25,35
2026-08-28 00:49:00-04:00,7738.25,7738.5,7738.0,7738.25,26
2026-08-28 00:50:00-04:00,7738.0,7738.0,7737.75,7738.0,38
2026-08-28 00:51:00-04:00,7738.0,7738.25,7737.75,7738.25,47
2026-08-28 00:52:00-04:00,7738.25,7738.25,7738.0,7738.25,15
2026-08-28 00:58:00-04:00,7737.25,7737.25,7737.25,7737.25,467
2026-08-28 00:59:00-04:00,7737.25,7737.75,7737.25,7737.75,25
2026-08-28 01:00:00-04:00,7737.5,7738.0,7737.25,7737.25,149
2026-08-28 01:01:00-04:00,7737.25,7738.0,7736.75,7737.5,151
2026-08-28 01:02:00-04:00,7737.25,7737.25,7736.5,7736.5,111
2026-08-28 01:03:00-04:00,7736.5,7736.75,7736.25,7736.75,67
2026-08-28 01:04:00-04:00,7737.0,7737.5,7737.0,7737.5,40
2026-08-28 01:05:00-04:00,7737.25,7737.5,7736.5,7736.75,101
2026-08-28 01:06:00-04:00,7737.0,7737.0,7736.0,7736.0,93
2026-08-28 01:07:00-04:00,7736.25,7736.5,7736.0,7736.25,38
2026-08-28 01:08:00-04:00,7736.25,7736.75,7736.25,7736.5,44
2026-08-28 01:09:00-04:00,7736.5,7736.75,7736.25,7736.5,52
2026-08-28 01:10:00-04:00,7736.75,7736.75,7735.5,7736.0,287
2026-08-28 01:11:00-04:00,7736.0,7736.25,7736.0,7736.0,144
2026-08-28 01:12:00-04:00,7736.0,7736.25,7735.75,7736.25,48
2026-08-28 01:13:00-04:00,7736.0,7736.25,7735.5,7736.25,29
2026-08-28 01:14:00-04:00,7736.25,7736.25,7735.75,7735.75,39
2026-08-28 01:15:00-04:00,7735.75,7736.25,7735.75,7736.0,46
2026-08-28 01:16:00-04:00,7736.0,7736.0,7735.5,7736.0,37
2026-08-28 01:17:00-04:00,7735.75,7736.0,7735.75,7735.75,31
2026-08-28 01:18:00-04:00,7735.5,7735.75,7735.5,7735.75,20
2026-08-28 01:19:00-04:00,7735.5,7736.0,7735.5,7735.5,13
2026-08-28 01:20:00-04:00,7735.5,7736.0,7735.5,7736.0,29
2026-08-28 01:21:00-04:00,7735.75,7736.0,7735.5,7735.5,44
2026-08-28 01:22:00-04:00,7735.5,7735.75,7734.5,7734.5,246
2026-08-28 01:23:00-04:00,7734.75,7734.75,7734.25,7734.25,110
2026-08-28 01:24:00-04:00,7734.5,7735.5,7734.25,7735.5,163
2026-08-28 01:25:00-04:00,7735.5,7735.5,7735.0,7735.0,148
2026-08-28 01:26:00-04:00,7735.25,7735.75,7734.5,7735.25,139
2026-08-28 01:27:00-04:00,7735.25,7735.5,7734.0,7734.5,145
2026-08-28 01:28:00-04:00,7734.25,7735.0,7734.0,7735.0,82
2026-08-28 01:29:00-04:00,7735.0,7735.5,7734.5,7735.0,36
2026-08-28 01:30:00-04:00,7735.25,7735.25,7734.25,7734.25,136
2026-08-28 01:31:00-04:00,7734.5,7735.5,7734.5,7735.25,140
2026-08-28 01:32:00-04:00,7735.25,7735.5,7734.75,7734.75,66
2026-08-28 01:33:00-04:00,7734.75,7735.25,7734.5,7735.0,75
2026-08-28 01:34:00-04:00,7735.0,7735.5,7735.0,7735.0,81
2026-08-28 01:35:00-04:00,7735.0,7735.25,7734.0,7734.75,88
2026-08-28 01:36:00-04:00,7734.5,7734.75,7733.25,7733.25,308
2026-08-28 01:37:00-04:00,7733.25,7733.25,7732.0,7732.25,418
2026-08-28 01:38:00-04:00,7732.25,7733.0,7732.25,7732.75,211
2026-08-28 01:39:00-04:00,7732.5,7733.5,7732.5,7733.25,86
2026-08-28 01:40:00-04:00,7733.25,7733.75,7733.0,7733.25,93
2026-08-28 01:41:00-04:00,7733.0,7733.5,7733.0,7733.25,69
2026-08-28 01:42:00-04:00,7733.0,7733.5,7733.0,7733.25,41
2026-08-28 01:43:00-04:00,7733.25,7733.75,7733.25,7733.75,16
2026-08-28 01:44:00-04:00,7733.75,7734.25,7733.5,7734.25,79
2026-08-28 01:45:00-04:00,7734.0,7734.25,7733.25,7733.25,73
2026-08-28 01:46:00-04:00,7733.25,7733.25,7732.5,7733.0,63
2026-08-28 01:47:00-04:00,7733.25,7733.5,7733.0,7733.0,32
2026-08-28 01:48:00-04:00,7733.0,7733.25,7733.0,7733.25,20
2026-08-28 01:49:00-04:00,7733.0,7733.25,7732.5,7733.0,45
2026-08-28 01:50:00-04:00,7733.0,7733.25,7733.0,7733.25,36
2026-08-28 01:51:00-04:00,7733.25,7733.25,7732.75,7732.75,33
2026-08-28 01:52:00-04:00,7732.75,7733.0,7732.75,7732.75,53
2026-08-28 01:53:00-04:00,7732.75,7732.75,7731.5,7732.25,276
2026-08-28 01:54:00-04:00,7732.25,7733.5,7732.25,7733.0,131
2026-08-28 01:55:00-04:00,7733.0,7733.25,7732.75,7733.0,25
2026-08-28 01:56:00-04:00,7732.75,7733.0,7732.25,7732.25,43
2026-08-28 01:57:00-04:00,7732.5,7732.75,7732.25,7732.75,83
2026-08-28 01:58:00-04:00,7732.75,7732.75,7732.0,7732.25,64
2026-08-28 01:59:00-04:00,7732.25,7732.25,7731.5,7732.0,29
2026-08-28 02:00:00-04:00,7731.75,7732.5,7731.0,7731.0,224
2026-08-28 02:01:00-04:00,7731.0,7732.0,7731.0,7732.0,130
2026-08-28 02:02:00-04:00,7732.0,7732.5,7731.75,7732.25,80
2026-08-28 02:03:00-04:00,7732.25,7733.25,7732.0,7733.0,98
2026-08-28 02:04:00-04:00,7733.0,7734.5,7733.0,7734.0,353
2026-08-28 02:05:00-04:00,7734.0,7734.25,7732.25,7732.5,175
2026-08-28 02:06:00-04:00,7732.5,7733.5,7732.25,7733.5,82
2026-08-28 02:07:00-04:00,7733.5,7734.25,7733.25,7733.5,93
2026-08-28 02:08:00-04:00,7733.5,7733.75,7733.25,7733.75,55
2026-08-28 02:09:00-04:00,7733.75,7734.0,7733.5,7733.75,83
2026-08-28 02:10:00-04:00,7734.0,7735.0,7733.75,7735.0,152
2026-08-28 02:11:00-04:00,7735.75,7735.75,7734.5,7734.75,304
2026-08-28 02:12:00-04:00,7735.0,7735.25,7733.5,7734.0,133
2026-08-28 02:13:00-04:00,7734.0,7734.25,7733.5,7733.75,30
2026-08-28 02:14:00-04:00,7733.75,7734.0,7733.5,7733.5,55
2026-08-28 02:15:00-04:00,7733.5,7735.0,7733.5,7734.75,64
2026-08-28 02:16:00-04:00,7734.75,7735.0,7734.25,7734.75,54
2026-08-28 02:17:00-04:00,7734.75,7736.0,7734.5,7735.75,367
2026-08-28 02:18:00-04:00,7736.0,7736.0,7735.0,7735.25,60
2026-08-28 02:19:00-04:00,7735.0,7735.5,7734.75,7735.5,53
2026-08-28 02:20:00-04:00,7735.25,7737.0,7735.25,7736.25,229
2026-08-28 02:21:00-04:00,7736.0,7736.25,7735.75,7736.0,101
2026-08-28 02:22:00-04:00,7736.0,7737.0,7736.0,7736.5,258
2026-08-28 02:23:00-04:00,7736.25,7736.5,7735.75,7736.0,46
2026-08-28 02:28:00-04:00,7733.75,7734.0,7733.75,7733.75,508
2026-08-28 02:29:00-04:00,7733.75,7733.75,7733.0,7733.5,153
2026-08-28 02:30:00-04:00,7733.5,7735.25,7733.25,7735.25,304
2026-08-28 02:31:00-04:00,7735.0,7736.0,7734.75,7736.0,99
2026-08-28 02:32:00-04:00,7736.0,7736.0,7735.25,7735.25,36
2026-08-28 02:33:00-04:00,7735.25,7735.25,7734.25,7734.5,104
2026-08-28 02:34:00-04:00,7734.5,7737.5,7734.5,7737.25,798
2026-08-28 02:35:00-04:00,7737.25,7737.75,7736.5,7737.5,197
2026-08-28 02:36:00-04:00,7737.5,7737.75,7737.0,7737.0,160
2026-08-28 02:37:00-04:00,7737.0,7737.5,7736.5,7737.25,91
2026-08-28 02:38:00-04:00,7737.5,7737.5,7737.0,7737.25,65
2026-08-28 02:39:00-04:00,7737.5,7737.5,7736.5,7736.75,75
2026-08-28 02:40:00-04:00,7736.75,7736.75,7735.5,7735.75,159
2026-08-28 02:41:00-04:00,7735.5,7737.0,7735.0,7736.75,138
2026-08-28 02:42:00-04:00,7736.25,7736.75,7735.75,7736.5,133
2026-08-28 02:43:00-04:00,7736.25,7737.75,7736.25,7737.75,82
2026-08-28 02:44:00-04:00,7737.75,7739.5,7737.5,7739.0,300
2026-08-28 02:45:00-04:00,7738.5,7740.0,7738.5,7739.5,256
2026-08-28 02:46:00-04:00,7739.75,7740.25,7739.25,7740.0,174
2026-08-28 02:47:00-04:00,7740.0,7740.25,7739.25,7739.25,128
2026-08-28 02:48:00-04:00,7739.25,7740.5,7739.25,7740.25,58
2026-08-28 02:49:00-04:00,7740.5,7740.5,7740.0,7740.5,82
2026-08-28 02:50:00-04:00,7740.75,7740.75,7739.75,7740.0,107
2026-08-28 02:51:00-04:00,7740.25,7740.25,7739.5,7740.25,57
2026-08-28 02:52:00-04:00,7740.25,7740.5,7740.0,7740.5,20
2026-08-28 02:53:00-04:00,7740.25,7741.0,7740.25,7740.5,73
2026-08-28 02:54:00-04:00,7740.5,7741.0,7740.5,7740.75,45
2026-08-28 02:55:00-04:00,7740.5,7741.75,7740.5,7741.5,198
2026-08-28 02:56:00-04:00,7741.25,7742.0,7741.25,7742.0,177
2026-08-28 02:57:00-04:00,7742.25,7743.0,7742.0,7742.5,189
2026-08-28 02:58:00-04:00,7742.5,7742.75,7742.0,7742.25,131
2026-08-28 02:59:00-04:00,7742.5,7743.5,7742.25,7743.5,171
2026-08-28 03:00:00-04:00,7743.5,7745.25,7741.5,7741.75,1180
2026-08-28 03:01:00-04:00,7741.75,7742.5,7741.5,7742.25,141
2026-08-28 03:02:00-04:00,7742.5,7743.75,7742.5,7742.75,122
2026-08-28 03:03:00-04:00,7742.5,7743.0,7742.5,7742.5,82
2026-08-28 03:04:00-04:00,7742.5,7742.75,7741.0,7741.75,179
2026-08-28 03:05:00-04:00,7741.75,7741.75,7741.0,7741.25,214
2026-08-28 03:06:00-04:00,7741.0,7741.25,7740.0,7740.75,276
2026-08-28 03:07:00-04:00,7740.75,7740.75,7739.25,7740.5,324
2026-08-28 03:08:00-04:00,7740.5,7740.5,7739.25,7739.75,150
2026-08-28 03:09:00-04:00,7739.75,7739.75,7738.75,7739.75,136
2026-08-28 03:10:00-04:00,7739.25,7740.0,7739.25,7739.25,147
2026-08-28 03:11:00-04:00,7739.25,7740.5,7739.25,7740.0,248
2026-08-28 03:12:00-04:00,7740.0,7740.25,7739.25,7739.75,83
2026-08-28 03:13:00-04:00,7739.75,7741.0,7739.75,7741.0,155
2026-08-28 03:14:00-04:00,7741.25,7741.5,7740.25,7740.25,318
2026-08-28 03:15:00-04:00,7740.25,7741.25,7740.0,7740.75,197
2026-08-28 03:16:00-04:00,7740.75,7741.5,7740.5,7740.75,171
2026-08-28 03:17:00-04:00,7740.5,7741.25,7740.5,7741.0,54
2026-08-28 03:18:00-04:00,7741.0,7741.0,7739.75,7740.25,183
2026-08-28 03:19:00-04:00,7740.25,7741.75,7740.0,7741.75,113
2026-08-28 03:20:00-04:00,7741.5,7741.5,7740.0,7741.0,113
2026-08-28 03:21:00-04:00,7741.0,7741.0,7739.75,7740.0,60
2026-08-28 03:22:00-04:00,7740.0,7741.5,7740.0,7740.5,190
2026-08-28 03:23:00-04:00,7740.75,7742.0,7740.5,7741.5,98
2026-08-28 03:24:00-04:00,7741.5,7742.5,7741.5,7741.75,112
2026-08-28 03:25:00-04:00,7742.0,7743.25,7741.75,7742.75,135
2026-08-28 03:26:00-04:00,7743.0,7743.0,7741.75,7741.75,117
2026-08-28 03:27:00-04:00,7742.0,7742.25,7741.25,7742.0,129
2026-08-28 03:28:00-04:00,7741.75,7742.0,7741.25,7741.5,34
2026-08-28 03:29:00-04:00,7741.5,7742.5,7741.5,7742.0,68
2026-08-28 03:30:00-04:00,7741.75,7742.75,7741.75,7742.75,103
2026-08-28 03:31:00-04:00,7742.75,7743.25,7742.5,7742.5,66
2026-08-28 03:32:00-04:00,7742.5,7743.0,7741.75,7742.0,72
2026-08-28 03:33:00-04:00,7742.0,7742.5,7741.75,7742.5,30
2026-08-28 03:34:00-04:00,7742.5,7742.5,7741.0,7741.25,54
2026-08-28 03:35:00-04:00,7741.25,7742.5,7741.0,7742.0,65
2026-08-28 03:36:00-04:00,7742.0,7742.75,7742.0,7742.5,43
2026-08-28 03:37:00-04:00,7742.75,7742.75,7741.75,7742.0,111
2026-08-28 03:38:00-04:00,7741.75,7741.75,7741.25,7741.5,32
2026-08-28 03:39:00-04:00,7741.75,7741.75,7740.75,7740.75,50
2026-08-28 03:40:00-04:00,7741.0,7741.25,7740.0,7740.0,69
2026-08-28 03:41:00-04:00,7740.25,7740.5,7740.0,7740.25,74
2026-08-28 03:42:00-04:00,7740.25,7741.0,7740.25,7740.5,82
2026-08-28 03:43:00-04:00,7740.5,7740.5,7739.25,7739.25,81
2026-08-28 03:44:00-04:00,7739.25,7739.75,7738.5,7739.25,253
2026-08-28 03:45:00-04:00,7739.25,7740.0,7739.0,7740.0,154
2026-08-28 03:46:00-04:00,7740.0,7741.0,7739.75,7740.5,95
2026-08-28 03:47:00-04:00,7740.5,7740.5,7740.0,7740.25,42
2026-08-28 03:48:00-04:00,7740.25,7742.25,7740.0,7742.0,161
2026-08-28 03:49:00-04:00,7742.0,7743.25,7742.0,7743.0,158
2026-08-28 03:50:00-04:00,7743.0,7743.75,7742.0,7742.0,288
2026-08-28 03:51:00-04:00,7742.0,7742.5,7741.5,7741.75,112
2026-08-28 03:52:00-04:00,7742.0,7742.25,7741.25,7741.5,29
2026-08-28 03:53:00-04:00,7741.75,7741.75,7739.5,7740.0,100
2026-08-28 03:54:00-04:00,7740.5,7741.25,7740.25,7741.25,57
2026-08-28 03:55:00-04:00,7741.25,7741.25,7740.75,7740.75,49
2026-08-28 03:56:00-04:00,7741.0,7741.25,7740.5,7741.0,26
2026-08-28 03:57:00-04:00,7740.75,7740.75,7739.25,7739.75,66
2026-08-28 03:58:00-04:00,7739.75,7740.5,7739.5,7740.5,43
2026-08-28 03:59:00-04:00,7740.25,7740.5,7740.0,7740.25,54
2026-08-28 04:00:00-04:00,7740.5,7741.25,7740.25,7740.75,203
2026-08-28 04:01:00-04:00,7740.5,7740.5,7738.0,7738.75,389
2026-08-28 04:02:00-04:00,7738.75,7739.5,7738.5,7739.5,141
2026-08-28 04:03:00-04:00,7739.5,7740.75,7739.25,7740.0,242
2026-08-28 04:04:00-04:00,7740.25,7740.5,7737.5,7738.5,205
2026-08-28 04:05:00-04:00,7738.5,7738.5,7737.0,7737.25,190
2026-08-28 04:06:00-04:00,7736.75,7737.25,7736.5,7737.0,224
2026-08-28 04:07:00-04:00,7737.0,7737.5,7736.5,7736.75,111
2026-08-28 04:08:00-04:00,7737.0,7737.25,7736.5,7737.0,93
2026-08-28 04:09:00-04:00,7737.0,7738.0,7737.0,7737.75,120
2026-08-28 04:10:00-04:00,7737.75,7738.0,7737.0,7737.75,108
2026-08-28 04:11:00-04:00,7737.75,7738.0,7736.75,7737.0,74
2026-08-28 04:12:00-04:00,7737.0,7739.75,7737.0,7739.25,562
2026-08-28 04:13:00-04:00,7739.25,7739.25,7738.0,7738.0,130
2026-08-28 04:14:00-04:00,7738.0,7739.0,7738.0,7738.25,60
2026-08-28 04:15:00-04:00,7738.0,7739.0,7737.75,7738.5,109
2026-08-28 04:16:00-04:00,7738.5,7738.5,7737.5,7737.5,66
2026-08-28 04:17:00-04:00,7737.5,7738.5,7737.5,7738.0,34
2026-08-28 04:18:00-04:00,7738.0,7738.25,7737.0,7737.0,94
2026-08-28 04:19:00-04:00,7737.0,7737.75,7737.0,7737.25,138
2026-08-28 04:20:00-04:00,7737.25,7738.0,7736.75,7737.5,207
2026-08-28 04:21:00-04:00,7737.75,7738.25,7737.5,7738.0,101
2026-08-28 04:22:00-04:00,7738.25,7738.5,7737.75,7738.0,62
2026-08-28 04:23:00-04:00,7738.0,7738.25,7737.75,7738.25,45
2026-08-28 04:24:00-04:00,7738.25,7739.0,7738.25,7738.5,75
2026-08-28 04:25:00-04:00,7738.25,7739.5,7738.25,7739.5,101
2026-08-28 04:26:00-04:00,7739.25,7739.25,7738.75,7739.0,67
2026-08-28 04:27:00-04:00,7739.0,7739.75,7739.0,7739.5,96
2026-08-28 04:28:00-04:00,7739.5,7739.75,7739.0,7739.75,57
2026-08-28 04:29:00-04:00,7739.5,7740.25,7739.0,7739.0,158
2026-08-28 04:30:00-04:00,7739.25,7740.75,7738.75,7740.5,211
2026-08-28 04:31:00-04:00,7740.5,7742.0,7740.25,7741.75,345
2026-08-28 04:32:00-04:00,7742.0,7743.5,7741.75,7743.5,235
2026-08-28 04:33:00-04:00,7743.5,7744.25,7743.25,7744.25,252
2026-08-28 04:34:00-04:00,7744.0,7744.5,7743.5,7744.5,295
2026-08-28 04:35:00-04:00,7744.5,7744.75,7743.5,7744.0,214
2026-08-28 04:36:00-04:00,7744.5,7745.25,7744.0,7744.5,182
2026-08-28 04:37:00-04:00,7744.5,7744.5,7743.75,7744.0,87
2026-08-28 04:38:00-04:00,7744.0,7744.0,7743.25,7743.5,187
2026-08-28 04:39:00-04:00,7743.5,7743.75,7743.0,7743.25,51
2026-08-28 04:40:00-04:00,7743.25,7744.0,7743.25,7743.75,90
2026-08-28 04:41:00-04:00,7744.0,7744.5,7743.75,7743.75,67
2026-08-28 04:42:00-04:00,7743.75,7744.0,7743.5,7744.0,33
2026-08-28 04:43:00-04:00,7744.0,7744.0,7743.5,7743.75,38
2026-08-28 04:44:00-04:00,7743.5,7743.75,7742.5,7742.5,219
2026-08-28 04:45:00-04:00,7742.5,7742.75,7740.5,7740.75,468
2026-08-28 04:46:00-04:00,7740.75,7742.75,7740.5,7741.5,114
2026-08-28 04:47:00-04:00,7741.5,7741.75,7739.75,7740.25,179
2026-08-28 04:48:00-04:00,7740.25,7740.75,7740.0,7740.75,46
2026-08-28 04:49:00-04:00,7740.5,7740.75,7740.0,7740.25,70
2026-08-28 04:50:00-04:00,7740.0,7740.0,7739.5,7739.75,143
2026-08-28 04:51:00-04:00,7740.0,7741.25,7740.0,7740.5,107
2026-08-28 04:52:00-04:00,7740.25,7740.5,7739.75,7740.0,82
2026-08-28 04:53:00-04:00,7739.75,7740.5,7739.75,7740.25,65
2026-08-28 04:54:00-04:00,7740.0,7740.0,7738.25,7739.0,173
2026-08-28 05:00:00-04:00,7739.25,7739.75,7738.75,7739.25,561
2026-08-28 05:01:00-04:00,7739.5,7740.25,7739.25,7739.75,114
2026-08-28 05:02:00-04:00,7739.5,7740.0,7738.5,7740.0,150
2026-08-28 05:03:00-04:00,7740.0,7740.0,7738.75,7739.25,46
2026-08-28 05:04:00-04:00,7739.0,7739.0,7738.25,7738.5,173
2026-08-28 05:05:00-04:00,7738.25,7739.25,7737.75,7738.5,96
2026-08-28 05:06:00-04:00,7738.5,7739.0,7738.25,7738.5,79
2026-08-28 05:07:00-04:00,7738.75,7738.75,7738.5,7738.5,88
2026-08-28 05:08:00-04:00,7738.75,7738.75,7738.0,7738.75,53
2026-08-28 05:09:00-04:00,7738.5,7738.75,7738.25,7738.5,44
2026-08-28 05:10:00-04:00,7738.25,7739.0,7738.0,7738.5,56
2026-08-28 05:11:00-04:00,7738.75,7739.5,7738.25,7739.25,76
2026-08-28 05:12:00-04:00,7739.25,7739.5,7738.75,7739.25,42
2026-08-28 05:13:00-04:00,7739.25,7739.25,7738.75,7738.75,31
2026-08-28 05:14:00-04:00,7738.75,7738.75,7738.25,7738.25,71
2026-08-28 05:15:00-04:00,7738.5,7738.5,7738.0,7738.25,54
2026-08-28 05:16:00-04:00,7738.25,7739.0,7737.75,7738.75,60
2026-08-28 05:17:00-04:00,7738.75,7739.25,7738.5,7739.0,42
2026-08-28 05:18:00-04:00,7738.75,7739.0,7738.25,7738.5,46
2026-08-28 05:19:00-04:00,7738.5,7738.5,7738.0,7738.25,37
2026-08-28 05:20:00-04:00,7738.0,7738.0,7737.0,7737.0,124
2026-08-28 05:21:00-04:00,7737.0,7737.25,7736.25,7736.5,245
2026-08-28 05:22:00-04:00,7736.5,7738.25,7736.5,7738.25,71
2026-08-28 05:23:00-04:00,7738.25,7739.0,7738.25,7738.75,121
2026-08-28 05:24:00-04:00,7738.75,7739.25,7738.75,7738.75,46
2026-08-28 05:25:00-04:00,7738.75,7739.25,7738.5,7738.5,44
2026-08-28 05:26:00-04:00,7738.5,7739.75,7738.5,7739.5,90
2026-08-28 05:27:00-04:00,7739.75,7740.5,7739.5,7739.5,209
2026-08-28 05:28:00-04:00,7739.5,7739.75,7739.0,7739.25,75
2026-08-28 05:29:00-04:00,7739.25,7739.75,7739.25,7739.25,241
2026-08-28 05:30:00-04:00,7739.25,7739.25,7738.5,7739.0,46
2026-08-28 05:31:00-04:00,7739.0,7739.25,7738.0,7739.25,67
2026-08-28 05:32:00-04:00,7739.25,7739.25,7738.5,7738.5,125
2026-08-28 05:33:00-04:00,7738.25,7739.25,7737.5,7739.25,64
2026-08-28 05:34:00-04:00,7739.25,7739.75,7738.75,7739.5,45
2026-08-28 05:35:00-04:00,7739.25,7739.25,7738.75,7739.0,24
2026-08-28 05:36:00-04:00,7738.75,7739.0,7738.75,7738.75,76
2026-08-28 05:37:00-04:00,7738.5,7738.5,7737.75,7737.75,46
2026-08-28 05:38:00-04:00,7738.0,7738.0,7737.25,7738.0,48
2026-08-28 05:39:00-04:00,7737.75,7738.25,7737.75,7738.0,43
2026-08-28 05:40:00-04:00,7738.0,7738.0,7737.75,7738.0,23
2026-08-28 05:41:00-04:00,7738.25,7738.25,7737.75,7738.0,38
2026-08-28 05:42:00-04:00,7738.0,7738.0,7737.5,7737.75,58
2026-08-28 05:43:00-04:00,7738.0,7738.25,7738.0,7738.0,41
2026-08-28 05:44:00-04:00,7738.0,7738.5,7737.5,7738.25,97
2026-08-28 05:45:00-04:00,7738.25,7738.5,7737.75,7738.5,42
2026-08-28 05:46:00-04:00,7738.75,7739.25,7738.25,7738.25,86
2026-08-28 05:47:00-04:00,7738.0,7738.25,7737.5,7738.0,36
2026-08-28 05:48:00-04:00,7737.5,7739.0,7737.5,7738.75,112
2026-08-28 05:49:00-04:00,7738.75,7739.25,7738.5,7738.5,51
2026-08-28 05:50:00-04:00,7738.75,7739.75,7738.75,7739.75,84
2026-08-28 05:51:00-04:00,7739.5,7740.75,7739.5,7740.25,186
2026-08-28 05:52:00-04:00,7740.25,7740.75,7740.0,7740.5,167
2026-08-28 05:53:00-04:00,7740.25,7740.25,7739.25,7739.25,105
2026-08-28 05:54:00-04:00,7739.75,7739.75,7739.25,7739.75,28
2026-08-28 05:55:00-04:00,7739.5,7739.75,7738.5,7739.0,97
2026-08-28 05:56:00-04:00,7739.0,7739.5,7739.0,7739.5,46
2026-08-28 05:57:00-04:00,7739.5,7739.75,7738.5,7739.0,174
2026-08-28 05:58:00-04:00,7738.5,7739.0,7738.5,7738.75,24
2026-08-28 05:59:00-04:00,7738.75,7739.0,7738.5,7738.75,50
2026-08-28 06:00:00-04:00,7739.0,7739.0,7737.25,7737.75,130
2026-08-28 06:01:00-04:00,7737.75,7738.25,7737.5,7738.0,39
2026-08-28 06:02:00-04:00,7738.0,7738.25,7737.75,7738.25,63
2026-08-28 06:03:00-04:00,7738.5,7738.75,7738.25,7738.25,59
2026-08-28 06:04:00-04:00,7738.0,7738.25,7738.0,7738.25,31
2026-08-28 06:05:00-04:00,7738.25,7739.25,7738.25,7739.25,88
2026-08-28 06:06:00-04:00,7739.0,7739.25,7738.25,7738.5,51
2026-08-28 06:07:00-04:00,7738.25,7738.25,7737.75,7738.0,63
2026-08-28 06:08:00-04:00,7738.0,7738.0,7737.25,7737.75,88
2026-08-28 06:09:00-04:00,7737.75,7737.75,7737.25,7737.5,106
2026-08-28 06:10:00-04:00,7737.75,7738.0,7737.5,7738.0,94
2026-08-28 06:11:00-04:00,7738.0,7738.5,7738.0,7738.5,30
2026-08-28 06:12:00-04:00,7738.25,7738.5,7738.0,7738.0,80
2026-08-28 06:13:00-04:00,7738.0,7738.0,7737.0,7738.0,149
2026-08-28 06:14:00-04:00,7738.25,7738.5,7737.5,7738.25,220
2026-08-28 06:15:00-04:00,7738.25,7739.25,7738.25,7738.75,103
2026-08-28 06:16:00-04:00,7738.75,7739.0,7738.5,7738.75,60
2026-08-28 06:17:00-04:00,7738.5,7739.0,7738.5,7738.75,58
2026-08-28 06:18:00-04:00,7738.25,7738.75,7738.25,7738.25,16
2026-08-28 06:19:00-04:00,7738.0,7738.0,7737.5,7737.5,47
2026-08-28 06:20:00-04:00,7737.25,7738.0,7737.25,7737.75,53
2026-08-28 06:21:00-04:00,7737.75,7738.25,7737.75,7738.25,28
2026-08-28 06:22:00-04:00,7738.25,7739.5,7738.25,7739.0,50
2026-08-28 06:23:00-04:00,7739.0,7739.5,7739.0,7739.5,22
2026-08-28 06:24:00-04:00,7739.5,7740.0,7739.25,7739.75,117
2026-08-28 06:25:00-04:00,7739.5,7739.75,7738.5,7739.0,86
2026-08-28 06:26:00-04:00,7739.0,7739.5,7739.0,7739.5,29
2026-08-28 06:27:00-04:00,7739.25,7739.5,7738.5,7739.0,78
2026-08-28 06:28:00-04:00,7739.25,7739.75,7739.0,7739.5,57
2026-08-28 06:29:00-04:00,7739.5,7739.75,7739.25,7739.25,29
2026-08-28 06:30:00-04:00,7739.25,7739.75,7739.0,7739.75,44
2026-08-28 06:31:00-04:00,7739.75,7740.25,7739.25,7739.25,84
2026-08-28 06:32:00-04:00,7739.5,7739.5,7739.25,7739.25,51
2026-08-28 06:33:00-04:00,7739.5,7740.0,7739.5,7740.0,25
2026-08-28 06:34:00-04:00,7740.0,7740.0,7739.0,7739.0,49
2026-08-28 06:35:00-04:00,7738.75,7738.75,7738.25,7738.25,52
2026-08-28 06:36:00-04:00,7738.25,7739.0,7738.25,7739.0,72
2026-08-28 06:37:00-04:00,7739.0,7740.25,7739.0,7740.25,51
2026-08-28 06:38:00-04:00,7739.75,7740.0,7739.75,7739.75,40
2026-08-28 06:39:00-04:00,7739.75,7740.5,7739.75,7740.25,58
2026-08-28 06:40:00-04:00,7740.25,7740.25,7739.0,7739.5,82
2026-08-28 06:41:00-04:00,7739.25,7739.5,7739.0,7739.0,30
2026-08-28 06:42:00-04:00,7739.0,7740.0,7739.0,7739.5,122
2026-08-28 06:43:00-04:00,7739.5,7739.5,7737.75,7737.75,223
2026-08-28 06:44:00-04:00,7737.25,7737.75,7737.0,7737.0,214
2026-08-28 06:45:00-04:00,7737.0,7738.0,7736.5,7737.5,253
2026-08-28 06:46:00-04:00,7737.5,7738.25,7737.5,7737.75,108
2026-08-28 06:47:00-04:00,7737.75,7738.25,7737.5,7738.0,39
2026-08-28 06:48:00-04:00,7737.75,7738.25,7737.5,7738.0,118
2026-08-28 06:49:00-04:00,7737.25,7737.25,7736.25,7737.0,335
2026-08-28 06:50:00-04:00,7736.75,7737.25,7736.5,7737.0,109
2026-08-28 06:51:00-04:00,7737.25,7737.25,7736.75,7737.0,90
2026-08-28 06:52:00-04:00,7737.0,7737.0,7736.25,7736.75,103
2026-08-28 06:53:00-04:00,7736.75,7737.25,7736.75,7737.25,85
2026-08-28 06:54:00-04:00,7737.25,7737.5,7737.0,7737.0,61
2026-08-28 06:55:00-04:00,7737.25,7737.75,7737.25,7737.5,69
2026-08-28 06:56:00-04:00,7737.5,7738.5,7737.5,7738.25,83
2026-08-28 06:57:00-04:00,7738.0,7738.5,7738.0,7738.5,43
2026-08-28 06:58:00-04:00,7738.5,7739.5,7738.25,7739.5,106
2026-08-28 06:59:00-04:00,7739.0,7739.75,7739.0,7739.5,91
2026-08-28 07:00:00-04:00,7739.75,7740.0,7737.5,7738.25,364
2026-08-28 07:01:00-04:00,7738.25,7740.0,7738.25,7739.75,188
2026-08-28 07:02:00-04:00,7739.75,7740.75,7739.25,7740.5,154
2026-08-28 07:03:00-04:00,7740.5,7741.0,7740.25,7740.25,251
2026-08-28 07:04:00-04:00,7740.0,7740.5,7739.5,7740.25,62
2026-08-28 07:05:00-04:00,7740.25,7740.25,7739.0,7739.25,45
2026-08-28 07:06:00-04:00,7739.0,7739.25,7738.5,7738.5,118
2026-08-28 07:07:00-04:00,7738.25,7739.0,7738.25,7738.75,53
2026-08-28 07:08:00-04:00,7739.0,7739.0,7738.5,7738.75,72
2026-08-28 07:09:00-04:00,7738.5,7738.5,7737.25,7737.5,133
2026-08-28 07:10:00-04:00,7737.75,7738.25,7737.5,7738.0,54
2026-08-28 07:11:00-04:00,7738.0,7738.0,7737.0,7737.25,106
2026-08-28 07:12:00-04:00,7737.5,7738.75,7737.25,7738.5,83
2026-08-28 07:13:00-04:00,7738.25,7738.75,7738.25,7738.75,59
2026-08-28 07:14:00-04:00,7738.75,7740.0,7738.75,7740.0,110
2026-08-28 07:15:00-04:00,7739.75,7740.5,7739.5,7740.5,229
2026-08-28 07:16:00-04:00,7740.5,7740.5,7739.75,7740.0,84
2026-08-28 07:17:00-04:00,7740.0,7740.0,7739.75,7740.0,37
2026-08-28 07:18:00-04:00,7740.0,7740.25,7739.75,7740.25,70
2026-08-28 07:19:00-04:00,7740.0,7740.75,7740.0,7740.75,63
2026-08-28 07:20:00-04:00,7740.75,7741.75,7740.5,7741.0,287
2026-08-28 07:21:00-04:00,7741.25,7742.0,7741.0,7741.75,119
2026-08-28 07:22:00-04:00,7741.75,7742.25,7741.5,7742.0,127
2026-08-28 07:23:00-04:00,7742.0,7743.0,7742.0,7742.75,340
2026-08-28 07:24:00-04:00,7742.75,7743.0,7742.0,7742.25,155
2026-08-28 07:25:00-04:00,7742.25,7742.5,7741.5,7741.5,67
2026-08-28 07:26:00-04:00,7741.5,7742.5,7741.5,7742.25,86
2026-08-28 07:27:00-04:00,7742.25,7742.5,7742.0,7742.25,35
2026-08-28 07:28:00-04:00,7741.75,7742.0,7741.0,7741.5,84
2026-08-28 07:29:00-04:00,7741.5,7742.0,7741.0,7742.0,152
2026-08-28 07:30:00-04:00,7742.0,7743.25,7741.75,7743.0,233
2026-08-28 07:31:00-04:00,7743.0,7743.5,7742.5,7742.75,173
2026-08-28 07:32:00-04:00,7742.5,7742.75,7741.75,7742.25,79
2026-08-28 07:33:00-04:00,7742.25,7742.5,7741.75,7742.0,48
2026-08-28 07:34:00-04:00,7741.75,7741.75,7740.0,7740.0,136
2026-08-28 07:35:00-04:00,7740.0,7740.5,7739.5,7739.5,154
2026-08-28 07:36:00-04:00,7739.5,7740.0,7739.5,7739.75,119
2026-08-28 07:37:00-04:00,7740.25,7740.25,7739.75,7740.25,45
2026-08-28 07:38:00-04:00,7740.0,7740.25,7739.0,7739.25,135
2026-08-28 07:39:00-04:00,7739.5,7740.25,7739.5,7740.25,74
2026-08-28 07:40:00-04:00,7740.0,7740.25,7739.75,7739.75,45
2026-08-28 07:41:00-04:00,7739.75,7740.75,7739.75,7740.75,39
2026-08-28 07:42:00-04:00,7741.0,7741.0,7740.25,7740.75,136
2026-08-28 07:43:00-04:00,7740.25,7740.75,7739.75,7739.75,47
2026-08-28 07:44:00-04:00,7739.75,7739.75,7738.5,7739.25,159
2026-08-28 07:45:00-04:00,7739.0,7740.25,7738.5,7739.75,128
2026-08-28 07:46:00-04:00,7740.0,7740.5,7739.75,7740.5,80
2026-08-28 07:47:00-04:00,7740.5,7740.5,7739.75,7740.0,36
2026-08-28 07:48:00-04:00,7740.0,7740.0,7739.0,7739.75,37
2026-08-28 07:49:00-04:00,7739.75,7739.75,7739.5,7739.75,109
2026-08-28 07:50:00-04:00,7739.75,7740.0,7739.75,7739.75,58
2026-08-28 07:51:00-04:00,7739.75,7740.25,7739.5,7739.75,23
2026-08-28 07:52:00-04:00,7739.75,7740.75,7739.5,7739.75,85
2026-08-28 07:53:00-04:00,7739.5,7740.0,7739.25,7740.0,42
2026-08-28 07:54:00-04:00,7740.0,7741.25,7740.0,7741.0,91
2026-08-28 07:55:00-04:00,7741.0,7741.0,7739.75,7740.25,82
2026-08-28 07:56:00-04:00,7740.5,7740.75,7739.75,7739.75,53
2026-08-28 07:57:00-04:00,7740.0,7740.25,7739.25,7740.25,52
2026-08-28 07:58:00-04:00,7740.0,7740.25,7739.75,7739.75,39
2026-08-28 07:59:00-04:00,7740.25,7740.5,7739.75,7739.75,53
2026-08-28 08:00:00-04:00,7740.0,7740.25,7739.25,7739.75,109
2026-08-28 08:01:00-04:00,7740.0,7740.5,7739.75,7740.5,64
2026-08-28 08:02:00-04:00,7740.5,7740.75,7740.0,7740.75,96
2026-08-28 08:03:00-04:00,7740.5,7741.5,7740.25,7741.25,177
2026-08-28 08:04:00-04:00,7742.0,7742.75,7741.5,7742.5,229
2026-08-28 08:05:00-04:00,7742.5,7742.75,7742.0,7742.75,133
2026-08-28 08:06:00-04:00,7742.5,7743.75,7742.5,7743.0,311
2026-08-28 08:07:00-04:00,7743.0,7743.5,7743.0,7743.5,131
2026-08-28 08:08:00-04:00,7743.5,7744.0,7743.25,7743.5,289
2026-08-28 08:09:00-04:00,7743.5,7744.5,7743.0,7744.25,358
2026-08-28 08:10:00-04:00,7744.25,7744.25,7743.5,7743.75,257
2026-08-28 08:11:00-04:00,7743.75,7744.0,7742.75,7744.0,289
2026-08-28 08:12:00-04:00,7743.75,7745.5,7743.25,7745.5,651
2026-08-28 08:13:00-04:00,7745.25,7746.75,7744.25,7746.0,908
2026-08-28 08:14:00-04:00,7746.25,7747.0,7746.0,7746.5,686
2026-08-28 08:15:00-04:00,7746.5,7747.5,7746.25,7747.0,443
2026-08-28 08:16:00-04:00,7746.75,7747.75,7746.75,7747.0,242
2026-08-28 08:17:00-04:00,7747.0,7747.75,7746.75,7747.0,169
2026-08-28 08:18:00-04:00,7746.75,7748.75,7746.75,7747.5,576
2026-08-28 08:19:00-04:00,7747.25,7748.75,7747.25,7748.25,177
2026-08-28 08:20:00-04:00,7748.5,7749.0,7748.0,7748.5,223
2026-08-28 08:21:00-04:00,7748.5,7749.75,7748.25,7749.5,487
2026-08-28 08:22:00-04:00,7749.75,7750.0,7749.25,7750.0,231
2026-08-28 08:23:00-04:00,7750.0,7750.75,7749.5,7750.5,548
2026-08-28 08:24:00-04:00,7750.5,7751.0,7750.0,7750.25,344
2026-08-28 08:25:00-04:00,7750.0,7750.5,7749.25,7749.75,498
2026-08-28 08:26:00-04:00,7749.75,7750.0,7749.25,7749.5,207
2026-08-28 08:27:00-04:00,7749.25,7749.75,7748.5,7748.5,716
2026-08-28 08:28:00-04:00,7748.5,7750.25,7748.5,7749.5,466
2026-08-28 08:29:00-04:00,7749.5,7750.5,7749.5,7750.5,127
2026-08-28 08:30:00-04:00,7750.25,7750.5,7747.0,7747.5,747
2026-08-28 08:31:00-04:00,7747.5,7747.75,7746.25,7746.75,427
2026-08-28 08:32:00-04:00,7746.75,7747.0,7745.75,7746.0,423
2026-08-28 08:33:00-04:00,7746.25,7746.75,7746.0,7746.25,203
2026-08-28 08:34:00-04:00,7746.5,7746.75,7745.5,7745.5,239
2026-08-28 08:35:00-04:00,7745.75,7746.0,7743.5,7743.75,813
2026-08-28 08:36:00-04:00,7743.75,7745.5,7743.5,7745.5,362
2026-08-28 08:37:00-04:00,7745.25,7746.25,7745.25,7745.5,332
2026-08-28 08:38:00-04:00,7745.25,7747.25,7745.25,7747.25,331
2026-08-28 08:39:00-04:00,7747.25,7747.5,7745.75,7746.5,384
2026-08-28 08:40:00-04:00,7746.5,7746.5,7745.5,7746.0,104
2026-08-28 08:41:00-04:00,7745.75,7747.0,7745.5,7746.75,150
2026-08-28 08:42:00-04:00,7746.75,7749.25,7746.75,7749.0,462
2026-08-28 08:43:00-04:00,7749.25,7749.5,7748.5,7749.0,279
2026-08-28 08:44:00-04:00,7749.25,7750.25,7749.0,7749.75,334
2026-08-28 08:45:00-04:00,7750.0,7750.5,7749.25,7749.5,401
2026-08-28 08:46:00-04:00,7749.5,7750.0,7749.25,7749.75,347
2026-08-28 08:47:00-04:00,7749.75,7749.75,7748.75,7749.5,286
2026-08-28 08:48:00-04:00,7749.5,7751.25,7749.5,7750.75,543
2026-08-28 08:49:00-04:00,7750.5,7751.0,7750.25,7750.5,222
2026-08-28 08:50:00-04:00,7750.25,7751.25,7750.25,7751.25,279
2026-08-28 08:51:00-04:00,7751.0,7751.25,7750.25,7750.75,209
2026-08-28 08:52:00-04:00,7750.75,7751.0,7750.0,7750.0,164
2026-08-28 08:53:00-04:00,7750.25,7750.5,7749.5,7750.0,208
2026-08-28 08:54:00-04:00,7749.75,7750.25,7749.25,7750.25,193
2026-08-28 08:55:00-04:00,7750.25,7751.0,7749.75,7749.75,402
2026-08-28 08:56:00-04:00,7750.0,7750.25,7749.75,7750.0,200
2026-08-28 08:57:00-04:00,7749.75,7750.25,7749.25,7750.25,146
2026-08-28 08:58:00-04:00,7750.25,7751.0,7750.25,7750.75,132
2026-08-28 08:59:00-04:00,7750.5,7750.75,7749.75,7749.75,139
2026-08-28 09:00:00-04:00,7749.75,7750.0,7748.5,7749.5,699
2026-08-28 09:01:00-04:00,7749.5,7753.5,7749.5,7752.75,1679
2026-08-28 09:02:00-04:00,7753.0,7754.75,7752.25,7754.25,1390
2026-08-28 09:03:00-04:00,7754.25,7754.5,7751.75,7752.0,643
2026-08-28 09:04:00-04:00,7752.25,7752.5,7751.75,7752.0,182
2026-08-28 09:05:00-04:00,7752.0,7753.0,7751.25,7751.5,365
2026-08-28 09:06:00-04:00,7751.5,7752.0,7750.5,7750.5,496
2026-08-28 09:07:00-04:00,7750.75,7752.75,7750.75,7752.5,367
2026-08-28 09:08:00-04:00,7752.25,7752.5,7750.5,7751.5,376
2026-08-28 09:09:00-04:00,7751.25,7752.0,7750.5,7750.75,355
2026-08-28 09:10:00-04:00,7751.0,7752.0,7751.0,7752.0,311
2026-08-28 09:11:00-04:00,7751.75,7752.25,7751.25,7751.25,523
2026-08-28 09:12:00-04:00,7751.25,7751.25,7750.0,7750.25,530
2026-08-28 09:13:00-04:00,7749.75,7750.0,7749.0,7749.0,609
2026-08-28 09:14:00-04:00,7749.0,7750.0,7748.75,7749.75,386
2026-08-28 09:15:00-04:00,7750.0,7750.5,7749.0,7749.0,307
2026-08-28 09:16:00-04:00,7749.25,7750.25,7748.5,7750.0,336
2026-08-28 09:17:00-04:00,7750.25,7750.25,7748.75,7749.0,346
2026-08-28 09:18:00-04:00,7749.25,7749.5,7749.0,7749.5,283
2026-08-28 09:19:00-04:00,7749.5,7749.5,7748.5,7748.5,231
2026-08-28 09:20:00-04:00,7748.5,7749.0,7748.25,7748.25,532
2026-08-28 09:21:00-04:00,7748.25,7748.75,7748.0,7748.5,305
2026-08-28 09:22:00-04:00,7748.25,7748.5,7747.0,7747.75,741
2026-08-28 09:23:00-04:00,7748.0,7748.25,7747.5,7748.0,261
2026-08-28 09:24:00-04:00,7748.0,7748.25,7747.75,7748.0,170
2026-08-28 09:25:00-04:00,7746.75,7748.0,7744.5,7744.75,2279
2026-08-28 09:26:00-04:00,7744.75,7744.75,7743.5,7744.25,919
2026-08-28 09:27:00-04:00,7744.25,7745.0,7742.75,7743.25,1168
2026-08-28 09:28:00-04:00,7743.75,7747.5,7743.5,7747.5,1629
2026-08-28 09:29:00-04:00,7747.5,7748.25,7746.25,7746.5,1163
2026-08-28 09:30:00-04:00,7746.25,7750.0,7743.75,7748.0,7270
2026-08-28 09:31:00-04:00,7747.75,7749.0,7745.25,7746.0,3574
2026-08-28 09:32:00-04:00,7746.25,7748.5,7744.75,7747.25,2393
2026-08-28 09:33:00-04:00,7747.25,7747.75,7744.0,7746.25,2253
2026-08-28 09:34:00-04:00,7746.0,7749.5,7746.0,7749.25,2581
2026-08-28 09:35:00-04:00,7749.0,7750.0,7746.25,7748.0,2593
2026-08-28 09:36:00-04:00,7747.75,7751.0,7747.75,7750.5,2913
2026-08-28 09:37:00-04:00,7750.5,7753.75,7750.0,7750.0,3599
2026-08-28 09:38:00-04:00,7750.25,7751.5,7749.25,7749.5,2075
2026-08-28 09:39:00-04:00,7749.5,7752.25,7749.5,7751.5,1459
2026-08-28 09:40:00-04:00,7751.5,7756.25,7750.5,7755.75,4051
2026-08-28 09:41:00-04:00,7755.75,7757.5,7755.25,7757.5,3162
2026-08-28 09:42:00-04:00,7757.5,7757.5,7754.25,7756.0,2172
2026-08-28 09:43:00-04:00,7756.0,7756.75,7755.0,7756.0,1555
2026-08-28 09:44:00-04:00,7755.75,7756.25,7753.75,7755.0,2153
2026-08-28 09:45:00-04:00,7754.75,7755.5,7751.25,7753.0,3684
2026-08-28 09:46:00-04:00,7753.0,7753.75,7752.0,7753.25,1704
2026-08-28 09:47:00-04:00,7753.5,7755.0,7750.75,7754.75,2570
2026-08-28 09:48:00-04:00,7755.0,7758.0,7754.5,7756.75,3182
2026-08-28 09:49:00-04:00,7756.75,7757.25,7748.0,7750.75,6919
2026-08-28 09:50:00-04:00,7750.75,7751.0,7747.75,7747.75,3685
2026-08-28 09:51:00-04:00,7748.0,7748.75,7745.5,7747.0,2978
2026-08-28 09:52:00-04:00,7747.0,7749.0,7746.5,7747.75,1870
2026-08-28 09:53:00-04:00,7747.75,7748.75,7746.75,7748.0,1129
2026-08-28 09:54:00-04:00,7748.0,7749.5,7746.0,7746.25,1358
2026-08-28 09:55:00-04:00,7746.0,7747.75,7745.75,7746.25,1369
2026-08-28 09:56:00-04:00,7746.5,7750.25,7746.0,7749.25,1758
2026-08-28 09:57:00-04:00,7749.25,7750.5,7748.0,7749.5,1319
2026-08-28 09:58:00-04:00,7749.75,7750.5,7748.25,7749.75,899
2026-08-28 09:59:00-04:00,7750.0,7753.0,7745.0,7745.0,2924
2026-08-28 10:00:00-04:00,7746.75,7760.5,7739.5,7757.25,10655
2026-08-28 10:01:00-04:00,7757.25,7757.75,7748.5,7749.25,3973
2026-08-28 10:02:00-04:00,7749.25,7752.25,7745.5,7750.5,5141
2026-08-28 10:03:00-04:00,7750.5,7751.25,7742.75,7743.25,5175
2026-08-28 10:04:00-04:00,7743.0,7747.0,7741.25,7746.0,5543
2026-08-28 10:05:00-04:00,7746.0,7746.75,7739.5,7739.75,4062
2026-08-28 10:06:00-04:00,7740.0,7741.0,7735.0,7738.5,6922
2026-08-28 10:07:00-04:00,7738.25,7739.75,7735.0,7738.25,5045
2026-08-28 10:08:00-04:00,7737.75,7742.75,7735.25,7742.75,4762
2026-08-28 10:09:00-04:00,7742.5,7744.5,7738.5,7738.75,4488
2026-08-28 10:10:00-04:00,7738.75,7740.0,7735.25,7735.75,3953
2026-08-28 10:11:00-04:00,7735.75,7737.25,7732.25,7734.5,5620
2026-08-28 10:12:00-04:00,7735.0,7735.75,7731.75,7735.25,3744
2026-08-28 10:13:00-04:00,7735.0,7735.25,7726.5,7729.0,6951
2026-08-28 10:14:00-04:00,7729.25,7732.5,7727.75,7731.0,5332
2026-08-28 10:15:00-04:00,7731.0,7734.5,7730.25,7733.5,4087
2026-08-28 10:16:00-04:00,7733.5,7736.25,7731.75,7735.5,3746
2026-08-28 10:17:00-04:00,7735.75,7740.75,7735.0,7740.5,4600
2026-08-28 10:18:00-04:00,7740.5,7743.75,7739.75,7742.0,4645
2026-08-28 10:19:00-04:00,7742.5,7746.5,7742.0,7743.0,4450
2026-08-28 10:20:00-04:00,7743.0,7748.25,7743.0,7745.0,4399
2026-08-28 10:21:00-04:00,7745.0,7749.0,7745.0,7747.75,2627
2026-08-28 10:22:00-04:00,7748.0,7751.5,7746.5,7750.0,4004
2026-08-28 10:23:00-04:00,7750.0,7750.5,7743.25,7744.25,4512
2026-08-28 10:24:00-04:00,7744.75,7745.0,7738.5,7744.5,5453
2026-08-28 10:25:00-04:00,7745.0,7745.75,7741.0,7741.0,3560
2026-08-28 10:26:00-04:00,7741.0,7742.5,7738.0,7742.25,4663
2026-08-28 10:27:00-04:00,7742.25,7742.75,7735.0,7735.5,4853
2026-08-28 10:28:00-04:00,7735.25,7739.5,7735.25,7738.25,3887
2026-08-28 10:29:00-04:00,7738.25,7742.0,7736.75,7742.0,3556
2026-08-28 10:30:00-04:00,7742.0,7743.25,7738.75,7739.75,5111
2026-08-28 10:31:00-04:00,7739.75,7744.0,7738.0,7741.75,3854
2026-08-28 10:32:00-04:00,7741.75,7745.0,7740.25,7743.25,2865
2026-08-28 10:33:00-04:00,7743.25,7748.25,7742.25,7748.0,3670
2026-08-28 10:34:00-04:00,7748.0,7750.75,7747.75,7750.5,3576
2026-08-28 10:35:00-04:00,7750.75,7751.75,7749.0,7751.5,3081
2026-08-28 10:36:00-04:00,7751.75,7754.0,7749.75,7751.75,4193
2026-08-28 10:37:00-04:00,7751.75,7754.0,7751.25,7752.75,1952
2026-08-28 10:38:00-04:00,7753.0,7756.5,7752.25,7755.0,3509
2026-08-28 10:39:00-04:00,7755.0,7755.5,7752.0,7752.5,2398
2026-08-28 10:40:00-04:00,7752.5,7757.5,7752.0,7757.5,3030
2026-08-28 10:41:00-04:00,7757.25,7758.25,7755.5,7756.25,3053
2026-08-28 10:42:00-04:00,7756.0,7759.5,7755.5,7758.5,2483
2026-08-28 10:43:00-04:00,7758.25,7760.5,7757.75,7760.0,2926
2026-08-28 10:44:00-04:00,7760.25,7765.0,7759.75,7763.25,6344
2026-08-28 10:45:00-04:00,7763.25,7765.0,7761.0,7761.25,3755
2026-08-28 10:46:00-04:00,7761.25,7765.75,7761.0,7764.25,3753
2026-08-28 10:47:00-04:00,7764.0,7766.75,7763.5,7764.5,2994
2026-08-28 10:48:00-04:00,7764.5,7767.25,7764.0,7765.75,2215
2026-08-28 10:49:00-04:00,7766.0,7768.0,7765.5,7768.0,1967
2026-08-28 10:50:00-04:00,7768.0,7771.25,7767.0,7769.5,4755
2026-08-28 10:51:00-04:00,7769.5,7770.25,7767.25,7769.25,3190
2026-08-28 10:52:00-04:00,7769.25,7771.75,7769.0,7771.75,2665
2026-08-28 10:53:00-04:00,7771.5,7775.25,7770.0,7774.5,4007
2026-08-28 10:54:00-04:00,7775.0,7776.5,7774.5,7774.5,3771
2026-08-28 10:55:00-04:00,7774.5,7776.75,7774.0,7776.25,3321
2026-08-28 10:56:00-04:00,7776.0,7777.75,7775.75,7776.5,3019
2026-08-28 10:57:00-04:00,7776.75,7778.25,7776.25,7777.5,2617
2026-08-28 10:58:00-04:00,7777.25,7778.5,7777.0,7778.25,2487
2026-08-28 10:59:00-04:00,7778.25,7780.0,7777.5,7779.25,3189
2026-08-28 11:00:00-04:00,7779.0,7782.25,7778.0,7781.75,4517
2026-08-28 11:01:00-04:00,7781.5,7782.5,7780.0,7780.25,3849
2026-08-28 11:02:00-04:00,7780.0,7781.0,7778.0,7779.5,3844
2026-08-28 11:03:00-04:00,7779.5,7779.75,7776.75,7779.0,3431
2026-08-28 11:04:00-04:00,7779.0,7780.5,7777.25,7778.25,3466
2026-08-28 11:05:00-04:00,7778.25,7779.75,7776.5,7778.0,2618
2026-08-28 11:06:00-04:00,7778.25,7779.25,7776.75,7777.25,1960
2026-08-28 11:07:00-04:00,7777.25,7778.0,7775.25,7777.5,2688
2026-08-28 11:08:00-04:00,7777.25,7777.5,7772.5,7772.75,3310
2026-08-28 11:09:00-04:00,7772.75,7773.5,7770.0,7771.75,3526
2026-08-28 11:10:00-04:00,7771.75,7773.5,7771.25,7771.75,2700
2026-08-28 11:11:00-04:00,7771.75,7771.75,7769.25,7771.25,3414
2026-08-28 11:12:00-04:00,7771.25,7771.25,7767.25,7770.0,4176
2026-08-28 11:13:00-04:00,7770.0,7771.75,7768.75,7771.5,3302
2026-08-28 11:14:00-04:00,7771.25,7773.75,7770.0,7771.5,3980
2026-08-28 11:15:00-04:00,7771.25,7775.75,7771.0,7773.0,3453
2026-08-28 11:16:00-04:00,7773.0,7776.25,7772.75,7773.75,2389
2026-08-28 11:17:00-04:00,7774.0,7774.75,7772.25,7774.75,1928
2026-08-28 11:18:00-04:00,7774.5,7775.0,7771.0,7771.75,2043
2026-08-28 11:19:00-04:00,7772.0,7773.75,7771.5,7772.5,1852
2026-08-28 11:20:00-04:00,7772.75,7777.25,7772.25,7777.0,2628
2026-08-28 11:21:00-04:00,7777.0,7777.0,7772.5,7774.25,2138
2026-08-28 11:22:00-04:00,7773.75,7774.5,7772.5,7773.75,1309
2026-08-28 11:23:00-04:00,7773.75,7778.0,7773.75,7777.25,1946
2026-08-28 11:24:00-04:00,7777.5,7778.5,7777.0,7777.5,1526
2026-08-28 11:25:00-04:00,7777.75,7780.0,7777.0,7779.75,2002
2026-08-28 11:26:00-04:00,7779.75,7781.5,7779.25,7780.0,2527
2026-08-28 11:27:00-04:00,7779.75,7780.0,7777.5,7778.5,2034
2026-08-28 11:28:00-04:00,7778.5,7779.75,7776.75,7779.5,1991
2026-08-28 11:29:00-04:00,7779.5,7779.5,7777.0,7779.0,1864
2026-08-28 11:30:00-04:00,7779.25,7779.5,7777.25,7777.25,2093
2026-08-28 11:31:00-04:00,7777.5,7777.75,7775.5,7776.25,2604
2026-08-28 11:32:00-04:00,7776.25,7777.75,7775.75,7777.0,1264
2026-08-28 11:33:00-04:00,7777.0,7778.5,7776.5,7777.0,1591
2026-08-28 11:34:00-04:00,7777.25,7777.5,7773.5,7773.75,2451
2026-08-28 11:35:00-04:00,7774.0,7775.25,7773.25,7774.0,1952
2026-08-28 11:36:00-04:00,7774.0,7775.5,7772.75,7773.25,1517
2026-08-28 11:37:00-04:00,7773.0,7773.5,7771.25,7771.25,2375
2026-08-28 11:38:00-04:00,7771.25,7771.25,7767.5,7767.5,2658
2026-08-28 11:39:00-04:00,7767.5,7768.0,7764.75,7765.75,3711
2026-08-28 11:40:00-04:00,7766.0,7766.0,7757.5,7757.75,8245
2026-08-28 11:41:00-04:00,7758.0,7762.0,7755.5,7761.5,8387
2026-08-28 11:42:00-04:00,7761.5,7762.0,7758.5,7758.75,3910
2026-08-28 11:43:00-04:00,7758.75,7761.75,7757.5,7760.25,2812
2026-08-28 11:44:00-04:00,7760.5,7760.5,7756.25,7757.5,2598
2026-08-28 11:45:00-04:00,7757.5,7759.5,7755.5,7758.25,4097
2026-08-28 11:46:00-04:00,7758.0,7758.5,7755.75,7757.0,2420
2026-08-28 11:47:00-04:00,7757.0,7759.0,7753.75,7754.5,3598
2026-08-28 11:48:00-04:00,7754.5,7754.75,7751.0,7753.25,4203
2026-08-28 11:49:00-04:00,7753.25,7753.5,7750.5,7752.25,3182
2026-08-28 11:50:00-04:00,7752.0,7754.0,7750.5,7750.75,3932
2026-08-28 11:51:00-04:00,7750.5,7752.0,7746.5,7746.75,4507
2026-08-28 11:52:00-04:00,7746.75,7747.0,7743.5,7744.75,4700
2026-08-28 11:53:00-04:00,7744.5,7748.5,7743.75,7745.25,3808
2026-08-28 11:54:00-04:00,7745.25,7750.25,7743.75,7750.0,3773
2026-08-28 11:55:00-04:00,7750.25,7750.5,7744.25,7744.5,3383
2026-08-28 11:56:00-04:00,7744.5,7745.0,7738.75,7739.75,6475
2026-08-28 11:57:00-04:00,7739.5,7740.25,7737.25,7739.0,4581
2026-08-28 11:58:00-04:00,7738.75,7742.25,7738.0,7741.25,3607
2026-08-28 11:59:00-04:00,7741.0,7741.5,7738.0,7739.75,3186
2026-08-28 12:00:00-04:00,7739.75,7741.5,7738.5,7738.75,3454
2026-08-28 12:01:00-04:00,7738.5,7738.75,7733.5,7736.75,5783
2026-08-28 12:02:00-04:00,7736.5,7739.25,7735.5,7739.25,3246
2026-08-28 12:03:00-04:00,7739.25,7741.5,7738.25,7740.25,3637
2026-08-28 12:04:00-04:00,7740.5,7741.5,7736.25,7737.25,2479
2026-08-28 12:05:00-04:00,7737.0,7740.25,7736.5,7740.0,2436
2026-08-28 12:06:00-04:00,7740.25,7741.25,7737.25,7740.5,2795
2026-08-28 12:07:00-04:00,7740.75,7744.25,7740.5,7743.5,3686
2026-08-28 12:08:00-04:00,7743.5,7744.0,7741.0,7743.25,2365
2026-08-28 12:09:00-04:00,7743.25,7745.25,7743.0,7744.5,2832
2026-08-28 12:10:00-04:00,7744.25,7745.0,7742.5,7744.75,2608
2026-08-28 12:11:00-04:00,7744.75,7745.0,7740.0,7740.0,3373
2026-08-28 12:12:00-04:00,7740.0,7741.75,7739.25,7740.5,2504
2026-08-28 12:13:00-04:00,7740.75,7741.25,7738.75,7740.0,1601
2026-08-28 12:14:00-04:00,7739.75,7741.5,7738.25,7738.5,1578
2026-08-28 12:15:00-04:00,7738.75,7741.5,7734.5,7734.5,3297
2026-08-28 12:16:00-04:00,7734.75,7735.0,7732.5,7733.5,3188
2026-08-28 12:17:00-04:00,7734.0,7734.75,7732.0,7732.75,2028
2026-08-28 12:18:00-04:00,7732.0,7733.25,7726.25,7727.75,5617
2026-08-28 12:19:00-04:00,7727.5,7732.0,7727.25,7730.75,2883
2026-08-28 12:20:00-04:00,7730.75,7732.5,7727.25,7728.0,3704
2026-08-28 12:21:00-04:00,7727.75,7729.0,7724.5,7728.75,4328
2026-08-28 12:22:00-04:00,7728.75,7729.0,7725.0,7726.5,2987
2026-08-28 12:23:00-04:00,7726.5,7727.25,7724.75,7726.25,2923
2026-08-28 12:24:00-04:00,7726.0,7726.25,7720.25,7724.0,6060
2026-08-28 12:25:00-04:00,7723.75,7725.5,7721.75,7725.25,2773
2026-08-28 12:26:00-04:00,7725.25,7727.25,7723.75,7725.25,3105
2026-08-28 12:27:00-04:00,7725.25,7726.75,7724.25,7726.5,2331
2026-08-28 12:28:00-04:00,7726.5,7727.75,7724.5,7724.75,2886
2026-08-28 12:29:00-04:00,7724.5,7726.25,7723.75,7725.0,2412
2026-08-28 12:30:00-04:00,7724.5,7729.75,7724.5,7729.25,4634
2026-08-28 12:31:00-04:00,7729.25,7731.5,7727.75,7730.5,3220
2026-08-28 12:32:00-04:00,7730.75,7734.25,7729.25,7733.0,3119
2026-08-28 12:33:00-04:00,7733.0,7733.75,7729.25,7730.5,2291
2026-08-28 12:34:00-04:00,7730.75,7731.0,7725.25,7725.25,2635
2026-08-28 12:35:00-04:00,7725.25,7731.25,7725.25,7731.25,2528
2026-08-28 12:36:00-04:00,7731.25,7733.75,7730.25,7732.25,2014
2026-08-28 12:37:00-04:00,7732.25,7735.0,7730.75,7734.0,3360
2026-08-28 12:38:00-04:00,7734.0,7735.25,7733.0,7733.75,2191
2026-08-28 12:39:00-04:00,7733.75,7734.0,7729.75,7732.25,2093
2026-08-28 12:40:00-04:00,7732.25,7732.75,7726.75,7728.0,2674
2026-08-28 12:41:00-04:00,7727.75,7729.25,7725.75,7726.75,2693
2026-08-28 12:42:00-04:00,7726.5,7728.75,7725.25,7726.75,1871
2026-08-28 12:43:00-04:00,7726.5,7726.75,7724.25,7725.5,2348
2026-08-28 12:44:00-04:00,7725.5,7725.75,7724.25,7725.5,1575
2026-08-28 12:45:00-04:00,7725.5,7733.0,7725.25,7732.75,4533
2026-08-28 12:46:00-04:00,7732.75,7734.25,7731.75,7732.25,2720
2026-08-28 12:47:00-04:00,7732.25,7734.5,7731.5,7733.0,1600
2026-08-28 12:48:00-04:00,7733.0,7734.5,7731.75,7734.0,1256
2026-08-28 12:49:00-04:00,7734.0,7735.25,7731.5,7733.0,2012
2026-08-28 12:50:00-04:00,7732.5,7733.5,7730.0,7731.5,1965
2026-08-28 12:51:00-04:00,7731.5,7734.5,7730.75,7733.75,1587
2026-08-28 12:52:00-04:00,7733.75,7736.0,7732.75,7736.0,1765
2026-08-28 12:53:00-04:00,7735.75,7736.0,7730.75,7731.0,2026
2026-08-28 12:54:00-04:00,7730.5,7733.25,7727.0,7728.0,2837
2026-08-28 12:55:00-04:00,7728.25,7729.5,7727.75,7728.75,1796
2026-08-28 12:56:00-04:00,7728.5,7729.25,7726.25,7727.25,2266
2026-08-28 12:57:00-04:00,7727.5,7729.5,7727.0,7729.5,1806
2026-08-28 12:58:00-04:00,7729.25,7730.25,7728.0,7728.5,1779
2026-08-28 12:59:00-04:00,7728.25,7728.5,7725.75,7725.75,1467
2026-08-28 13:00:00-04:00,7725.75,7726.0,7717.25,7718.0,6890
2026-08-28 13:01:00-04:00,7718.0,7719.25,7716.25,7717.0,3747
2026-08-28 13:02:00-04:00,7717.0,7720.0,7715.25,7718.5,3113
2026-08-28 13:03:00-04:00,7719.25,7721.25,7718.0,7720.75,3149
2026-08-28 13:04:00-04:00,7721.0,7723.5,7718.75,7718.75,2587
2026-08-28 13:05:00-04:00,7718.5,7719.0,7716.75,7717.5,1692
2026-08-28 13:06:00-04:00,7717.5,7717.75,7714.25,7714.75,2109
2026-08-28 13:07:00-04:00,7714.75,7716.5,7713.5,7715.25,2717
2026-08-28 13:08:00-04:00,7715.5,7717.25,7715.0,7717.0,1710
2026-08-28 13:09:00-04:00,7717.0,7717.25,7713.5,7713.5,1515
2026-08-28 13:10:00-04:00,7713.25,7714.75,7711.75,7714.5,2155
2026-08-28 13:11:00-04:00,7714.75,7717.5,7714.25,7717.0,2547
2026-08-28 13:12:00-04:00,7717.25,7720.5,7717.25,7718.75,3136
2026-08-28 13:13:00-04:00,7718.75,7720.75,7717.5,7720.25,3021
2026-08-28 13:14:00-04:00,7720.25,7722.75,7719.25,7722.25,2921
2026-08-28 13:15:00-04:00,7722.25,7723.25,7718.5,7720.5,2024
2026-08-28 13:16:00-04:00,7720.25,7720.5,7718.25,7719.5,1772
2026-08-28 13:17:00-04:00,7719.5,7722.5,7718.25,7722.5,1567
2026-08-28 13:18:00-04:00,7722.75,7722.75,7719.0,7719.5,1454
2026-08-28 13:19:00-04:00,7719.75,7722.25,7719.5,7720.25,1224
2026-08-28 13:20:00-04:00,7720.0,7721.25,7717.75,7717.75,1682
2026-08-28 13:21:00-04:00,7718.0,7718.25,7715.75,7717.75,1616
2026-08-28 13:22:00-04:00,7718.0,7718.5,7714.5,7715.0,1686
2026-08-28 13:23:00-04:00,7715.25,7718.75,7714.5,7715.0,1874
2026-08-28 13:24:00-04:00,7715.25,7718.75,7715.0,7718.5,1627
2026-08-28 13:25:00-04:00,7718.75,7719.5,7716.25,7717.5,983
2026-08-28 13:26:00-04:00,7717.5,7719.25,7716.75,7717.75,1314
2026-08-28 13:27:00-04:00,7717.75,7719.5,7717.25,7718.75,933
2026-08-28 13:28:00-04:00,7718.75,7722.25,7718.75,7720.75,1680
2026-08-28 13:29:00-04:00,7720.75,7721.75,7716.75,7717.0,2007
2026-08-28 13:30:00-04:00,7717.0,7718.5,7715.75,7717.0,1933
2026-08-28 13:31:00-04:00,7717.5,7719.75,7716.75,7719.75,1172
2026-08-28 13:32:00-04:00,7719.75,7721.75,7718.5,7721.75,1686
2026-08-28 13:33:00-04:00,7721.75,7723.75,7721.25,7722.75,1766
2026-08-28 13:34:00-04:00,7722.25,7723.0,7721.25,7722.0,1104
2026-08-28 13:35:00-04:00,7722.25,7724.0,7722.0,7723.5,1436
2026-08-28 13:36:00-04:00,7723.25,7723.75,7722.0,7723.0,1465
2026-08-28 13:37:00-04:00,7723.25,7724.0,7719.5,7721.5,2021
2026-08-28 13:38:00-04:00,7721.5,7721.75,7719.5,7720.0,1009
2026-08-28 13:39:00-04:00,7720.25,7720.25,7714.75,7715.25,3110
2026-08-28 13:40:00-04:00,7715.25,7718.5,7715.25,7717.5,2060
2026-08-28 13:41:00-04:00,7717.25,7718.75,7717.25,7717.75,1255
2026-08-28 13:42:00-04:00,7718.0,7720.5,7717.5,7719.75,1790
2026-08-28 13:43:00-04:00,7719.75,7720.25,7717.75,7718.75,1284
2026-08-28 13:44:00-04:00,7719.0,7719.75,7717.5,7719.75,1284
2026-08-28 13:45:00-04:00,7719.5,7720.75,7717.75,7720.5,976
2026-08-28 13:46:00-04:00,7720.25,7724.5,7720.25,7723.25,2563
2026-08-28 13:47:00-04:00,7723.25,7723.75,7722.0,7722.0,984
2026-08-28 13:48:00-04:00,7721.75,7724.5,7721.75,7724.25,959
2026-08-28 13:49:00-04:00,7724.25,7726.25,7723.75,7725.25,1991
2026-08-28 13:50:00-04:00,7725.25,7725.75,7723.75,7724.0,1097
2026-08-28 13:51:00-04:00,7723.75,7725.25,7723.0,7724.5,1069
2026-08-28 13:52:00-04:00,7724.5,7726.5,7724.25,7724.5,1235
2026-08-28 13:53:00-04:00,7724.5,7725.25,7724.0,7724.5,809
2026-08-28 13:54:00-04:00,7724.75,7725.0,7723.25,7723.75,735
2026-08-28 13:55:00-04:00,7723.75,7723.75,7719.5,7720.0,2692
2026-08-28 13:56:00-04:00,7720.5,7721.25,7719.75,7720.5,1428
2026-08-28 13:57:00-04:00,7720.5,7723.0,7720.5,7721.5,1067
2026-08-28 13:58:00-04:00,7721.5,7724.0,7721.25,7723.75,779
2026-08-28 13:59:00-04:00,7723.75,7724.75,7723.5,7724.25,722
2026-08-28 14:00:00-04:00,7724.5,7725.5,7723.5,7723.75,1533
2026-08-28 14:01:00-04:00,7723.75,7724.5,7722.25,7724.0,1319
2026-08-28 14:02:00-04:00,7724.0,7726.5,7723.0,7726.0,1454
2026-08-28 14:03:00-04:00,7726.0,7726.5,7725.0,7726.25,1502
2026-08-28 14:04:00-04:00,7726.5,7727.25,7723.75,7724.0,1478
2026-08-28 14:05:00-04:00,7724.0,7726.75,7723.25,7724.75,1975
2026-08-28 14:06:00-04:00,7724.5,7725.5,7723.0,7723.5,1124
2026-08-28 14:07:00-04:00,7724.0,7725.75,7723.5,7723.75,644
2026-08-28 14:08:00-04:00,7723.5,7724.75,7722.25,7724.75,934
2026-08-28 14:09:00-04:00,7724.75,7726.0,7723.5,7725.0,1227
2026-08-28 14:10:00-04:00,7724.75,7726.0,7724.5,7726.0,790
2026-08-28 14:11:00-04:00,7725.75,7726.75,7724.25,7726.0,1202
2026-08-28 14:12:00-04:00,7725.75,7726.5,7725.0,7726.0,666
2026-08-28 14:13:00-04:00,7726.0,7726.25,7723.5,7723.75,1778
2026-08-28 14:14:00-04:00,7723.5,7724.0,7720.75,7721.0,1984
2026-08-28 14:15:00-04:00,7721.0,7723.75,7720.5,7723.25,1416
2026-08-28 14:16:00-04:00,7723.25,7724.5,7721.75,7722.0,1154
2026-08-28 14:17:00-04:00,7721.75,7722.5,7720.25,7722.0,1506
2026-08-28 14:18:00-04:00,7722.25,7724.25,7722.25,7723.25,1102
2026-08-28 14:19:00-04:00,7723.25,7723.5,7722.5,7723.25,514
2026-08-28 14:20:00-04:00,7723.25,7724.75,7722.5,7723.25,959
2026-08-28 14:21:00-04:00,7723.0,7724.5,7722.5,7723.75,642
2026-08-28 14:22:00-04:00,7724.0,7724.25,7722.0,7722.5,641
2026-08-28 14:23:00-04:00,7722.5,7722.5,7718.0,7718.75,2324
2026-08-28 14:24:00-04:00,7719.0,7720.5,7718.75,7719.5,944
2026-08-28 14:25:00-04:00,7719.5,7720.25,7717.75,7719.0,1647
2026-08-28 14:26:00-04:00,7719.25,7721.0,7718.75,7720.75,1348
2026-08-28 14:27:00-04:00,7721.0,7722.5,7720.25,7721.0,1152
2026-08-28 14:28:00-04:00,7720.75,7721.5,7719.75,7721.25,449
2026-08-28 14:29:00-04:00,7721.25,7721.75,7719.25,7719.5,659
2026-08-28 14:30:00-04:00,7719.5,7720.75,7719.0,7719.25,1156
2026-08-28 14:31:00-04:00,7719.25,7722.0,7718.75,7721.25,1103
2026-08-28 14:32:00-04:00,7721.25,7721.75,7719.75,7719.75,550
2026-08-28 14:33:00-04:00,7719.75,7721.25,7719.5,7721.25,572
2026-08-28 14:34:00-04:00,7720.75,7724.25,7720.5,7722.75,1360
2026-08-28 14:35:00-04:00,7723.0,7725.0,7722.5,7723.0,1229
2026-08-28 14:36:00-04:00,7723.25,7723.75,7721.75,7722.5,1078
2026-08-28 14:37:00-04:00,7722.25,7723.0,7720.75,7721.0,561
2026-08-28 14:38:00-04:00,7721.25,7721.5,7719.75,7721.25,1280
2026-08-28 14:39:00-04:00,7721.0,7721.75,7720.0,7720.0,614
2026-08-28 14:40:00-04:00,7720.0,7723.0,7720.0,7722.75,1034
2026-08-28 14:41:00-04:00,7723.0,7723.25,7721.0,7721.25,589
2026-08-28 14:42:00-04:00,7721.5,7721.75,7719.25,7720.0,958
2026-08-28 14:43:00-04:00,7720.0,7720.75,7719.5,7720.5,439
2026-08-28 14:44:00-04:00,7720.25,7722.5,7720.0,7722.0,622
2026-08-28 14:45:00-04:00,7722.0,7722.25,7720.25,7721.0,777
2026-08-28 14:46:00-04:00,7720.75,7721.0,7719.25,7719.5,763
2026-08-28 14:47:00-04:00,7719.5,7720.75,7719.25,7720.0,705
2026-08-28 14:48:00-04:00,7719.75,7720.0,7716.75,7717.25,1740
2026-08-28 14:49:00-04:00,7717.0,7718.0,7716.25,7717.0,1172
2026-08-28 14:50:00-04:00,7716.5,7716.75,7713.5,7714.0,3068
2026-08-28 14:51:00-04:00,7714.0,7715.0,7713.0,7714.0,1893
2026-08-28 14:52:00-04:00,7714.25,7714.75,7712.25,7713.0,1293
2026-08-28 14:53:00-04:00,7713.25,7716.0,7712.25,7715.75,1990
2026-08-28 14:54:00-04:00,7715.75,7716.0,7714.5,7714.75,740
2026-08-28 14:55:00-04:00,7714.0,7715.0,7712.75,7714.5,1153
2026-08-28 14:56:00-04:00,7714.75,7716.25,7714.0,7716.25,1100
2026-08-28 14:57:00-04:00,7716.0,7716.5,7715.25,7715.75,1038
2026-08-28 14:58:00-04:00,7716.0,7716.75,7714.75,7716.75,1090
2026-08-28 14:59:00-04:00,7717.0,7717.25,7715.75,7716.0,1532
2026-08-28 15:00:00-04:00,7716.0,7717.0,7713.75,7714.0,1931
2026-08-28 15:01:00-04:00,7714.0,7718.5,7714.0,7718.25,1411
2026-08-28 15:02:00-04:00,7718.0,7718.5,7716.0,7716.75,1198
2026-08-28 15:03:00-04:00,7716.75,7718.25,7716.25,7717.75,948
2026-08-28 15:04:00-04:00,7717.75,7718.75,7716.75,7717.0,850
2026-08-28 15:05:00-04:00,7717.0,7719.5,7716.25,7718.5,1544
2026-08-28 15:06:00-04:00,7718.75,7719.25,7717.0,7717.0,1089
2026-08-28 15:07:00-04:00,7717.0,7719.25,7716.75,7719.25,1255
2026-08-28 15:08:00-04:00,7719.25,7721.0,7718.5,7719.75,1849
2026-08-28 15:09:00-04:00,7720.0,7723.0,7719.75,7722.75,2393
2026-08-28 15:10:00-04:00,7722.75,7723.25,7719.75,7721.25,1422
2026-08-28 15:11:00-04:00,7722.0,7722.25,7720.5,7720.75,947
2026-08-28 15:12:00-04:00,7720.5,7722.0,7720.25,7721.25,886
2026-08-28 15:13:00-04:00,7721.25,7721.25,7719.75,7720.5,744
2026-08-28 15:14:00-04:00,7720.5,7722.0,7719.0,7721.5,806
2026-08-28 15:15:00-04:00,7721.75,7722.0,7720.5,7721.0,983
2026-08-28 15:16:00-04:00,7721.0,7721.5,7720.25,7720.25,706
2026-08-28 15:17:00-04:00,7720.25,7720.75,7719.5,7720.0,639
2026-08-28 15:18:00-04:00,7720.0,7720.75,7719.25,7720.0,769
2026-08-28 15:19:00-04:00,7720.0,7722.25,7719.5,7721.5,851
2026-08-28 15:20:00-04:00,7721.5,7723.75,7721.5,7723.5,1423
2026-08-28 15:21:00-04:00,7723.5,7724.75,7722.25,7723.0,1615
2026-08-28 15:22:00-04:00,7723.25,7724.0,7723.0,7723.0,877
2026-08-28 15:23:00-04:00,7723.25,7723.25,7721.0,7721.0,1320
2026-08-28 15:24:00-04:00,7721.0,7723.0,7720.5,7722.0,1060
2026-08-28 15:25:00-04:00,7722.25,7724.25,7722.25,7724.0,892
2026-08-28 15:26:00-04:00,7724.0,7724.5,7723.25,7724.25,586
2026-08-28 15:27:00-04:00,7724.5,7725.25,7723.75,7725.25,1079
2026-08-28 15:28:00-04:00,7725.25,7725.25,7723.5,7724.0,750
2026-08-28 15:29:00-04:00,7723.5,7724.75,7723.0,7724.5,624
2026-08-28 15:30:00-04:00,7724.5,7724.5,7721.0,7723.0,2390
2026-08-28 15:31:00-04:00,7722.75,7723.5,7722.5,7722.5,896
2026-08-28 15:32:00-04:00,7722.75,7723.75,7722.0,7723.75,824
2026-08-28 15:33:00-04:00,7723.25,7724.0,7722.0,7723.0,724
2026-08-28 15:34:00-04:00,7723.0,7723.5,7722.5,7723.0,554
2026-08-28 15:35:00-04:00,7723.0,7723.0,7721.0,7722.0,1088
2026-08-28 15:36:00-04:00,7722.0,7722.75,7720.5,7721.75,1320
2026-08-28 15:37:00-04:00,7721.75,7722.25,7721.0,7722.0,829
2026-08-28 15:38:00-04:00,7721.75,7723.75,7721.75,7723.25,881
2026-08-28 15:39:00-04:00,7723.0,7725.0,7722.75,7724.75,801
2026-08-28 15:40:00-04:00,7724.75,7727.0,7724.5,7725.5,1743
2026-08-28 15:41:00-04:00,7725.5,7726.25,7724.5,7726.0,838
2026-08-28 15:42:00-04:00,7726.0,7726.5,7725.0,7725.75,770
2026-08-28 15:43:00-04:00,7725.75,7726.75,7725.0,7726.75,866
2026-08-28 15:44:00-04:00,7727.25,7727.25,7725.25,7725.25,1101
2026-08-28 15:45:00-04:00,7725.5,7726.0,7722.5,7723.5,2602
2026-08-28 15:46:00-04:00,7723.5,7724.5,7721.5,7722.75,1536
2026-08-28 15:47:00-04:00,7722.5,7723.0,7720.0,7721.0,1295
2026-08-28 15:48:00-04:00,7720.75,7721.0,7719.5,7720.0,1775
2026-08-28 15:49:00-04:00,7720.25,7722.25,7719.75,7721.75,1558
2026-08-28 15:50:00-04:00,7721.75,7727.25,7720.75,7726.75,5715
2026-08-28 15:51:00-04:00,7726.75,7727.0,7721.0,7722.5,3325
2026-08-28 15:52:00-04:00,7723.0,7723.25,7721.5,7722.0,1863
2026-08-28 15:53:00-04:00,7722.0,7722.5,7720.25,7720.75,1851
2026-08-28 15:54:00-04:00,7721.0,7723.75,7721.0,7723.0,4468
2026-08-28 15:55:00-04:00,7722.75,7726.0,7722.0,7725.5,5845
2026-08-28 15:56:00-04:00,7725.75,7727.25,7725.5,7727.0,1539
2026-08-28 15:57:00-04:00,7726.5,7728.25,7726.25,7727.0,2435
2026-08-28 15:58:00-04:00,7727.0,7727.5,7723.5,7725.25,3515
2026-08-28 15:59:00-04:00,7725.5,7726.75,7719.5,7722.75,19925
2026-08-28 16:00:00-04:00,7722.75,7724.0,7720.75,7722.0,3786
2026-08-28 16:01:00-04:00,7722.25,7723.25,7722.0,7722.25,764
2026-08-28 16:02:00-04:00,7722.0,7722.5,7721.5,7722.0,561
2026-08-28 16:03:00-04:00,7722.0,7722.25,7721.5,7721.5,350
2026-08-28 16:04:00-04:00,7721.75,7723.0,7721.75,7722.5,382
2026-08-28 16:05:00-04:00,7722.0,7722.25,7720.5,7721.0,582
2026-08-28 16:06:00-04:00,7721.0,7721.25,7719.5,7719.75,397
2026-08-28 16:07:00-04:00,7720.0,7720.75,7719.25,7720.25,392
2026-08-28 16:08:00-04:00,7720.25,7721.0,7719.0,7719.75,636
2026-08-28 16:09:00-04:00,7719.5,7720.5,7719.5,7720.0,162
2026-08-28 16:10:00-04:00,7720.0,7721.25,7719.75,7720.75,453
2026-08-28 16:11:00-04:00,7721.0,7721.5,7720.75,7721.0,255
2026-08-28 16:12:00-04:00,7721.25,7721.25,7720.0,7721.0,230
2026-08-28 16:13:00-04:00,7721.25,7721.5,7721.0,7721.0,182
2026-08-28 16:14:00-04:00,7721.25,7721.75,7720.5,7720.5,303
2026-08-28 16:15:00-04:00,7721.0,7721.25,7720.5,7721.0,142
2026-08-28 16:16:00-04:00,7720.5,7720.5,7719.5,7720.25,140
2026-08-28 16:17:00-04:00,7720.25,7720.75,7720.25,7720.25,132
2026-08-28 16:18:00-04:00,7720.25,7720.25,7719.75,7719.75,88
2026-08-28 16:19:00-04:00,7719.75,7720.5,7719.75,7720.25,89
2026-08-28 16:20:00-04:00,7720.25,7720.5,7719.5,7719.5,109
2026-08-28 16:21:00-04:00,7719.75,7720.25,7719.5,7719.75,109
2026-08-28 16:22:00-04:00,7720.0,7720.25,7719.75,7720.25,86
2026-08-28 16:23:00-04:00,7720.5,7720.5,7719.75,7720.0,146
2026-08-28 16:24:00-04:00,7720.0,7720.75,7720.0,7720.75,87
2026-08-28 16:25:00-04:00,7720.75,7721.0,7720.5,7720.75,61
2026-08-28 16:26:00-04:00,7720.5,7720.75,7720.0,7720.25,112
2026-08-28 16:27:00-04:00,7720.0,7720.25,7720.0,7720.25,66
2026-08-28 16:28:00-04:00,7720.25,7720.5,7719.5,7719.75,182
2026-08-28 16:29:00-04:00,7719.75,7720.25,7719.75,7720.25,100
2026-08-28 16:30:00-04:00,7720.5,7720.75,7720.0,7720.25,549
2026-08-28 16:31:00-04:00,7720.5,7720.5,7720.0,7720.0,123
2026-08-28 16:32:00-04:00,7719.75,7720.5,7719.75,7720.25,367
2026-08-28 16:33:00-04:00,7720.25,7720.5,7719.25,7720.0,253
2026-08-28 16:34:00-04:00,7719.75,7720.0,7719.25,7719.75,307
2026-08-28 16:35:00-04:00,7719.5,7720.5,7719.25,7720.0,294
2026-08-28 16:36:00-04:00,7720.0,7721.25,7720.0,7721.0,206
2026-08-28 16:37:00-04:00,7721.25,7722.0,7721.25,7721.25,166
2026-08-28 16:38:00-04:00,7721.25,7721.75,7721.0,7721.25,182
2026-08-28 16:39:00-04:00,7721.5,7721.5,7721.0,7721.0,127
2026-08-28 16:40:00-04:00,7720.75,7721.75,7720.75,7721.5,199
2026-08-28 16:41:00-04:00,7721.75,7721.75,7721.25,7721.25,67
2026-08-28 16:42:00-04:00,7721.0,7723.0,7721.0,7722.5,551
2026-08-28 16:43:00-04:00,7722.75,7723.75,7722.5,7723.75,304
2026-08-28 16:44:00-04:00,7723.75,7724.0,7723.5,7723.75,259
2026-08-28 16:45:00-04:00,7724.0,7725.0,7723.5,7725.0,547
2026-08-28 16:46:00-04:00,7725.25,7725.5,7724.75,7725.0,229
2026-08-28 16:47:00-04:00,7725.25,7725.5,7724.75,7724.75,205
2026-08-28 16:48:00-04:00,7724.75,7725.0,7724.75,7724.75,89
2026-08-28 16:49:00-04:00,7725.0,7725.0,7724.25,7724.5,125
2026-08-28 16:50:00-04:00,7725.0,7725.25,7723.5,7723.75,615
2026-08-28 16:51:00-04:00,7723.5,7724.25,7723.25,7723.5,195
2026-08-28 16:52:00-04:00,7723.5,7723.75,7723.25,7723.5,112
2026-08-28 16:53:00-04:00,7723.5,7724.0,7722.75,7723.75,440
2026-08-28 16:54:00-04:00,7723.75,7724.75,7723.5,7724.75,168
2026-08-28 16:55:00-04:00,7724.75,7725.0,7724.25,7724.25,268
2026-08-28 16:56:00-04:00,7724.5,7725.0,7724.25,7724.25,157
2026-08-28 16:57:00-04:00,7724.75,7724.75,7724.0,7724.0,74
2026-08-28 16:58:00-04:00,7724.5,7724.5,7723.5,7723.75,163
2026-08-28 16:59:00-04:00,7722.0,7722.0,7722.0,7722.0,299
2026-08-30 18:10:00-04:00,7708.0,7708.75,7706.5,7707.25,0
2026-08-30 18:11:00-04:00,7707.0,7707.5,7706.75,7707.0,168
2026-08-30 18:12:00-04:00,7707.0,7710.0,7706.75,7709.75,311
2026-08-30 18:13:00-04:00,7709.75,7710.25,7709.25,7709.75,173
2026-08-30 18:14:00-04:00,7709.75,7710.5,7709.5,7710.5,215
2026-08-30 18:15:00-04:00,7710.5,7711.25,7710.0,7711.0,301
2026-08-30 18:16:00-04:00,7711.25,7711.25,7709.75,7711.0,213
2026-08-30 18:17:00-04:00,7711.25,7711.5,7710.5,7710.75,235
2026-08-30 18:18:00-04:00,7710.75,7711.5,7710.5,7710.75,88
2026-08-30 18:19:00-04:00,7711.0,7713.5,7711.0,7713.25,689
2026-08-30 18:20:00-04:00,7713.25,7714.25,7712.75,7713.25,266
2026-08-30 18:21:00-04:00,7713.25,7713.75,7713.0,7713.5,164
2026-08-30 18:22:00-04:00,7713.0,7714.0,7712.75,7713.5,216
2026-08-30 18:23:00-04:00,7713.5,7714.5,7713.25,7713.5,243
2026-08-30 18:24:00-04:00,7713.5,7714.0,7712.5,7712.5,206
2026-08-30 18:25:00-04:00,7713.0,7713.0,7712.25,7712.75,225
2026-08-30 18:26:00-04:00,7712.75,7713.0,7711.5,7712.5,210
2026-08-30 18:27:00-04:00,7712.5,7712.5,7710.75,7710.75,295
2026-08-30 18:28:00-04:00,7711.0,7712.0,7711.0,7711.5,226
2026-08-30 18:29:00-04:00,7711.5,7711.75,7711.0,7711.25,76
2026-08-30 18:30:00-04:00,7711.0,7712.25,7711.0,7711.75,207
2026-08-30 18:31:00-04:00,7711.25,7711.5,7710.5,7711.25,261
2026-08-30 18:32:00-04:00,7711.0,7712.25,7711.0,7711.75,120
2026-08-30 18:33:00-04:00,7711.75,7712.0,7711.0,7711.25,93
2026-08-30 18:34:00-04:00,7711.25,7711.5,7709.0,7709.25,609
2026-08-30 18:35:00-04:00,7709.75,7710.5,7709.0,7709.5,396
2026-08-30 18:36:00-04:00,7709.75,7709.75,7706.0,7706.5,762
2026-08-30 18:37:00-04:00,7706.5,7708.0,7706.25,7707.75,327
2026-08-30 18:38:00-04:00,7707.75,7709.5,7707.5,7709.25,295
2026-08-30 18:39:00-04:00,7709.25,7710.0,7708.75,7709.25,245
2026-08-30 18:40:00-04:00,7709.25,7709.5,7708.25,7709.5,351
2026-08-30 18:41:00-04:00,7709.5,7710.0,7707.75,7708.0,201
2026-08-30 18:42:00-04:00,7708.0,7708.5,7705.0,7705.25,747
2026-08-30 18:43:00-04:00,7705.25,7706.25,7705.0,7706.0,358
2026-08-30 18:44:00-04:00,7705.75,7706.5,7705.75,7706.5,230
2026-08-30 18:45:00-04:00,7706.25,7707.0,7705.75,7707.0,223
2026-08-30 18:46:00-04:00,7707.0,7708.75,7706.75,7707.75,478
2026-08-30 18:47:00-04:00,7707.75,7708.25,7707.0,7708.25,109
2026-08-30 18:48:00-04:00,7708.0,7708.25,7707.25,7707.75,131
2026-08-30 18:49:00-04:00,7708.25,7708.5,7707.25,7707.75,80
2026-08-30 18:50:00-04:00,7707.75,7708.25,7707.25,7707.75,74
2026-08-30 18:51:00-04:00,7708.0,7708.0,7707.25,7708.0,127
2026-08-30 18:52:00-04:00,7708.0,7708.5,7707.5,7708.25,118
2026-08-30 18:53:00-04:00,7708.25,7709.0,7708.0,7708.75,158
2026-08-30 18:54:00-04:00,7708.75,7709.0,7708.25,7708.25,184
2026-08-30 18:55:00-04:00,7708.75,7709.0,7707.75,7708.25,176
2026-08-30 18:56:00-04:00,7708.5,7709.0,7708.25,7709.0,52
2026-08-30 18:57:00-04:00,7708.75,7709.25,7708.25,7708.5,96
2026-08-30 18:58:00-04:00,7708.5,7709.0,7708.25,7709.0,62
2026-08-30 18:59:00-04:00,7709.0,7709.25,7708.75,7709.25,75
2026-08-30 19:00:00-04:00,7709.0,7709.25,7708.5,7708.75,127
2026-08-30 19:01:00-04:00,7708.5,7709.25,7707.5,7707.75,278
2026-08-30 19:02:00-04:00,7707.75,7708.0,7707.0,7707.25,288
2026-08-30 19:03:00-04:00,7707.5,7708.0,7707.25,7707.5,131
2026-08-30 19:04:00-04:00,7708.0,7708.5,7707.75,7708.0,90
2026-08-30 19:05:00-04:00,7707.75,7708.0,7707.75,7707.75,85
2026-08-30 19:06:00-04:00,7707.75,7708.5,7707.75,7708.0,63
2026-08-30 19:07:00-04:00,7708.25,7709.0,7707.75,7708.0,209
2026-08-30 19:08:00-04:00,7708.25,7708.75,7707.75,7708.0,67
2026-08-30 19:09:00-04:00,7708.5,7708.5,7706.75,7708.0,382
2026-08-30 19:10:00-04:00,7708.0,7708.0,7706.75,7707.25,179
2026-08-30 19:11:00-04:00,7707.25,7707.5,7707.0,7707.0,86
2026-08-30 19:12:00-04:00,7707.5,7708.5,7706.5,7707.0,287
2026-08-30 19:13:00-04:00,7707.0,7707.25,7706.0,7706.0,204
2026-08-30 19:14:00-04:00,7706.25,7706.5,7704.75,7704.75,410
2026-08-30 19:15:00-04:00,7704.75,7705.25,7704.5,7705.0,165
2026-08-30 19:16:00-04:00,7704.75,7705.5,7704.5,7705.25,208
2026-08-30 19:17:00-04:00,7705.0,7705.25,7704.25,7705.25,134
2026-08-30 19:18:00-04:00,7705.75,7706.0,7705.0,7706.0,219
2026-08-30 19:19:00-04:00,7705.75,7706.5,7705.75,7706.0,107
2026-08-30 19:20:00-04:00,7706.25,7706.5,7705.5,7706.0,125
2026-08-30 19:21:00-04:00,7706.25,7706.25,7705.75,7706.0,56
2026-08-30 19:22:00-04:00,7706.0,7706.5,7702.75,7703.25,796
2026-08-30 19:23:00-04:00,7702.75,7703.0,7701.25,7702.0,942
2026-08-30 19:24:00-04:00,7702.0,7703.75,7701.5,7703.0,600
2026-08-30 19:25:00-04:00,7702.75,7703.75,7702.75,7703.25,149
2026-08-30 19:26:00-04:00,7703.25,7703.75,7702.75,7703.0,199
2026-08-30 19:27:00-04:00,7703.0,7703.75,7702.25,7702.5,174
2026-08-30 19:28:00-04:00,7702.5,7702.75,7701.75,7702.0,249
2026-08-30 19:29:00-04:00,7701.75,7702.5,7701.25,7701.5,283
2026-08-30 19:30:00-04:00,7701.5,7701.75,7698.0,7698.5,1567
2026-08-30 19:31:00-04:00,7698.5,7700.25,7695.75,7699.5,1432
2026-08-30 19:32:00-04:00,7699.75,7699.75,7697.5,7698.0,308
2026-08-30 19:33:00-04:00,7698.0,7698.5,7697.25,7698.25,272
2026-08-30 19:34:00-04:00,7698.25,7699.25,7697.5,7699.0,256
2026-08-30 19:35:00-04:00,7699.0,7700.25,7698.5,7699.5,324
2026-08-30 19:36:00-04:00,7699.5,7700.25,7699.25,7699.5,224
2026-08-30 19:37:00-04:00,7699.5,7700.25,7696.75,7697.5,425
2026-08-30 19:38:00-04:00,7697.5,7697.5,7696.25,7696.75,407
2026-08-30 19:39:00-04:00,7696.5,7698.75,7696.5,7697.5,431
2026-08-30 19:40:00-04:00,7697.25,7699.25,7696.75,7697.5,393
2026-08-30 19:41:00-04:00,7697.0,7697.5,7694.0,7697.25,926
2026-08-30 19:42:00-04:00,7697.25,7698.75,7696.75,7697.75,272
2026-08-30 19:43:00-04:00,7697.75,7698.5,7697.5,7698.25,136
2026-08-30 19:44:00-04:00,7698.25,7699.25,7698.0,7699.0,224
2026-08-30 19:45:00-04:00,7698.5,7699.25,7694.75,7694.75,537
2026-08-30 19:46:00-04:00,7694.75,7696.75,7693.25,7694.25,799
2026-08-30 19:47:00-04:00,7694.25,7694.5,7690.5,7692.5,1720
2026-08-30 19:48:00-04:00,7692.5,7692.75,7688.75,7690.0,1332
2026-08-30 19:49:00-04:00,7690.0,7691.25,7688.5,7690.75,638
2026-08-30 19:50:00-04:00,7691.0,7693.75,7690.25,7693.0,655
2026-08-30 19:51:00-04:00,7693.0,7693.0,7689.75,7692.0,351
2026-08-30 19:52:00-04:00,7691.5,7694.0,7691.5,7693.5,262
2026-08-30 19:53:00-04:00,7694.0,7694.0,7692.0,7693.0,361
2026-08-30 19:54:00-04:00,7693.0,7694.25,7691.75,7693.75,310
2026-08-30 19:55:00-04:00,7693.5,7693.75,7689.75,7690.0,481
2026-08-30 19:56:00-04:00,7690.0,7690.75,7689.25,7690.25,286
2026-08-30 19:57:00-04:00,7690.5,7692.25,7690.0,7691.5,259
2026-08-30 19:58:00-04:00,7691.5,7691.75,7689.75,7690.25,235
2026-08-30 19:59:00-04:00,7690.0,7690.0,7688.75,7688.75,326
2026-08-30 20:00:00-04:00,7688.25,7690.5,7687.0,7688.75,1245
2026-08-30 20:01:00-04:00,7689.0,7689.0,7685.5,7687.5,1097
2026-08-30 20:02:00-04:00,7687.5,7688.0,7686.25,7686.75,421
2026-08-30 20:03:00-04:00,7686.5,7687.0,7685.0,7686.25,546
2026-08-30 20:04:00-04:00,7686.75,7687.25,7685.5,7686.75,221
2026-08-30 20:05:00-04:00,7686.75,7687.5,7685.75,7686.0,263
2026-08-30 20:06:00-04:00,7686.0,7686.5,7684.25,7686.0,625
2026-08-30 20:07:00-04:00,7685.75,7688.0,7685.75,7686.75,458
2026-08-30 20:08:00-04:00,7687.0,7688.5,7686.0,7687.75,372
2026-08-30 20:09:00-04:00,7687.75,7689.75,7687.75,7688.75,448
2026-08-30 20:10:00-04:00,7688.75,7689.25,7688.0,7689.0,311
2026-08-30 20:11:00-04:00,7689.25,7691.5,7689.0,7691.25,509
2026-08-30 20:12:00-04:00,7691.5,7693.0,7690.5,7693.0,509
2026-08-30 20:13:00-04:00,7693.0,7695.25,7692.5,7693.75,750
2026-08-30 20:14:00-04:00,7693.75,7694.0,7693.25,7693.5,303
2026-08-30 20:15:00-04:00,7694.0,7695.25,7693.5,7695.25,1084
2026-08-30 20:16:00-04:00,7695.5,7697.0,7694.5,7696.75,773
2026-08-30 20:17:00-04:00,7697.0,7697.75,7695.75,7696.75,627
2026-08-30 20:18:00-04:00,7696.75,7697.25,7696.25,7697.0,297
2026-08-30 20:19:00-04:00,7697.0,7697.5,7694.75,7695.0,442
2026-08-30 20:20:00-04:00,7694.75,7697.5,7694.5,7697.5,466
2026-08-30 20:21:00-04:00,7697.25,7698.0,7696.75,7697.5,391
2026-08-30 20:22:00-04:00,7698.0,7698.5,7697.5,7698.25,299
2026-08-30 20:23:00-04:00,7698.25,7698.5,7697.75,7698.25,324
2026-08-30 20:24:00-04:00,7698.5,7699.25,7698.0,7699.25,253
2026-08-30 20:25:00-04:00,7699.25,7699.25,7698.0,7698.5,209
2026-08-30 20:26:00-04:00,7698.75,7698.75,7696.5,7697.5,476
2026-08-30 20:27:00-04:00,7697.75,7698.5,7697.25,7698.0,194
2026-08-30 20:28:00-04:00,7697.75,7699.25,7697.75,7699.0,212
2026-08-30 20:29:00-04:00,7699.25,7699.5,7698.75,7699.0,323
2026-08-30 20:30:00-04:00,7698.75,7699.75,7698.0,7699.0,263
2026-08-30 20:31:00-04:00,7699.0,7699.75,7698.5,7699.5,286
2026-08-30 20:32:00-04:00,7699.5,7703.25,7699.5,7702.5,1495
2026-08-30 20:33:00-04:00,7702.5,7703.5,7702.25,7703.25,417
2026-08-30 20:34:00-04:00,7703.25,7703.25,7702.25,7702.5,217
2026-08-30 20:35:00-04:00,7702.75,7703.5,7701.75,7702.5,574
2026-08-30 20:36:00-04:00,7702.5,7703.0,7701.25,7702.25,221
2026-08-30 20:37:00-04:00,7702.5,7703.5,7702.25,7703.5,208
2026-08-30 20:38:00-04:00,7703.25,7703.75,7702.25,7702.5,344
2026-08-30 20:39:00-04:00,7702.5,7702.75,7701.75,7702.75,258
2026-08-30 20:40:00-04:00,7702.5,7702.75,7700.75,7701.75,495
2026-08-30 20:41:00-04:00,7701.25,7702.0,7701.25,7702.0,147
2026-08-30 20:42:00-04:00,7701.5,7703.25,7701.0,7703.0,248
2026-08-30 20:43:00-04:00,7703.0,7703.25,7701.25,7701.5,230
2026-08-30 20:44:00-04:00,7701.5,7701.75,7701.0,7701.5,170
2026-08-30 20:45:00-04:00,7701.75,7702.0,7700.5,7700.75,280
2026-08-30 20:46:00-04:00,7700.75,7701.25,7700.0,7700.0,370
2026-08-30 20:47:00-04:00,7700.0,7701.0,7699.5,7701.0,290
2026-08-30 20:48:00-04:00,7701.0,7701.0,7699.75,7700.0,154
2026-08-30 20:49:00-04:00,7700.0,7701.0,7700.0,7700.5,55
2026-08-30 20:50:00-04:00,7700.5,7701.0,7700.0,7700.75,100
2026-08-30 20:51:00-04:00,7700.75,7701.0,7699.75,7700.25,174
2026-08-30 20:52:00-04:00,7700.5,7701.5,7699.25,7700.75,378
2026-08-30 20:53:00-04:00,7701.25,7701.25,7700.0,7700.5,279
2026-08-30 20:54:00-04:00,7700.5,7701.0,7699.0,7700.25,138
2026-08-30 20:55:00-04:00,7700.5,7700.75,7698.0,7698.25,350
2026-08-30 20:56:00-04:00,7698.5,7698.5,7696.25,7696.5,857
2026-08-30 20:57:00-04:00,7696.5,7697.25,7696.0,7696.5,451
2026-08-30 20:58:00-04:00,7696.75,7697.0,7696.25,7696.75,160
2026-08-30 20:59:00-04:00,7696.5,7697.5,7696.5,7697.25,150
2026-08-30 21:00:00-04:00,7697.75,7697.75,7691.25,7692.25,1314
2026-08-30 21:01:00-04:00,7692.0,7693.0,7690.25,7692.5,796
2026-08-30 21:02:00-04:00,7692.5,7693.75,7690.75,7693.25,661
2026-08-30 21:03:00-04:00,7693.5,7695.5,7692.25,7694.75,708
2026-08-30 21:04:00-04:00,7694.75,7695.25,7693.75,7695.25,181
2026-08-30 21:05:00-04:00,7695.25,7695.25,7692.0,7692.25,417
2026-08-30 21:06:00-04:00,7692.5,7693.75,7691.0,7693.75,408
2026-08-30 21:07:00-04:00,7693.75,7694.0,7691.0,7693.0,287
2026-08-30 21:08:00-04:00,7693.0,7693.25,7691.75,7692.25,174
2026-08-30 21:09:00-04:00,7692.0,7692.25,7690.0,7690.5,480
2026-08-30 21:10:00-04:00,7690.75,7691.0,7687.5,7687.5,753
2026-08-30 21:11:00-04:00,7687.5,7688.75,7686.25,7688.0,772
2026-08-30 21:12:00-04:00,7688.0,7690.0,7687.5,7689.25,528
2026-08-30 21:13:00-04:00,7689.25,7690.0,7687.5,7689.5,370
2026-08-30 21:14:00-04:00,7689.25,7692.0,7689.25,7691.0,488
2026-08-30 21:15:00-04:00,7691.0,7691.75,7688.25,7688.25,439
2026-08-30 21:16:00-04:00,7688.25,7690.25,7688.25,7689.5,360
2026-08-30 21:17:00-04:00,7689.75,7691.25,7688.25,7688.75,450
2026-08-30 21:18:00-04:00,7690.0,7690.0,7687.75,7689.75,349
2026-08-30 21:19:00-04:00,7689.5,7692.25,7689.25,7691.25,444
2026-08-30 21:20:00-04:00,7691.5,7692.75,7689.75,7690.0,496
2026-08-30 21:21:00-04:00,7690.0,7690.75,7687.25,7688.75,613
2026-08-30 21:22:00-04:00,7689.0,7690.0,7688.0,7690.0,180
2026-08-30 21:23:00-04:00,7689.75,7691.5,7687.0,7687.0,419
2026-08-30 21:24:00-04:00,7687.0,7690.0,7686.75,7689.25,364
2026-08-30 21:25:00-04:00,7689.25,7689.25,7687.25,7688.5,171
2026-08-30 21:26:00-04:00,7688.5,7689.75,7688.0,7688.75,209
2026-08-30 21:27:00-04:00,7688.5,7690.25,7688.0,7690.0,250
2026-08-30 21:28:00-04:00,7690.5,7691.0,7689.25,7690.25,253
2026-08-30 21:29:00-04:00,7690.0,7691.25,7689.25,7690.0,321
2026-08-30 21:30:00-04:00,7689.75,7690.75,7688.5,7689.0,214
2026-08-30 21:31:00-04:00,7689.5,7690.5,7689.25,7690.0,144
2026-08-30 21:32:00-04:00,7689.75,7690.25,7689.0,7689.5,171
2026-08-30 21:33:00-04:00,7690.0,7690.25,7688.25,7688.25,200
2026-08-30 21:34:00-04:00,7688.25,7688.5,7686.75,7687.75,405
2026-08-30 21:35:00-04:00,7688.0,7689.25,7687.75,7688.0,157
2026-08-30 21:36:00-04:00,7688.0,7688.5,7687.25,7688.0,85
2026-08-30 21:37:00-04:00,7688.0,7690.0,7687.5,7689.75,224
2026-08-30 21:38:00-04:00,7689.5,7690.25,7687.75,7688.25,267
2026-08-30 21:39:00-04:00,7688.5,7691.0,7688.5,7690.0,197
2026-08-30 21:40:00-04:00,7690.25,7691.25,7690.25,7690.75,212
2026-08-30 21:41:00-04:00,7690.75,7691.0,7688.25,7689.75,184
2026-08-30 21:42:00-04:00,7690.25,7691.25,7689.75,7690.75,143
2026-08-30 21:43:00-04:00,7690.75,7691.75,7690.25,7691.0,120
2026-08-30 21:44:00-04:00,7690.5,7690.75,7688.25,7688.5,193
2026-08-30 21:45:00-04:00,7688.5,7690.5,7687.25,7690.5,426
2026-08-30 21:46:00-04:00,7690.5,7690.75,7688.25,7688.25,145
2026-08-30 21:47:00-04:00,7688.5,7689.0,7687.25,7688.5,378
2026-08-30 21:48:00-04:00,7688.75,7688.75,7687.5,7688.5,190
2026-08-30 21:49:00-04:00,7688.75,7689.0,7688.0,7688.75,177
2026-08-30 21:50:00-04:00,7688.75,7689.0,7687.5,7687.5,148
2026-08-30 21:51:00-04:00,7687.25,7689.25,7687.0,7687.75,177
2026-08-30 21:52:00-04:00,7688.0,7689.75,7687.25,7688.25,189
2026-08-30 21:58:00-04:00,7689.25,7689.5,7688.5,7688.75,811
2026-08-30 21:59:00-04:00,7688.75,7690.75,7687.5,7690.0,186
2026-08-30 22:00:00-04:00,7690.5,7690.5,7687.75,7688.75,175
2026-08-30 22:01:00-04:00,7688.75,7690.75,7688.5,7690.0,189
2026-08-30 22:02:00-04:00,7690.25,7691.5,7690.0,7690.5,265
2026-08-30 22:03:00-04:00,7690.5,7691.0,7688.5,7690.5,146
2026-08-30 22:04:00-04:00,7690.5,7692.0,7690.5,7691.75,218
2026-08-30 22:05:00-04:00,7692.0,7692.75,7691.0,7692.25,454
2026-08-30 22:06:00-04:00,7692.5,7693.75,7692.0,7693.25,421
2026-08-30 22:07:00-04:00,7693.5,7693.75,7691.75,7692.25,212
2026-08-30 22:08:00-04:00,7692.5,7694.25,7692.0,7694.25,286
2026-08-30 22:09:00-04:00,7694.25,7694.75,7694.0,7694.25,241
2026-08-30 22:10:00-04:00,7694.25,7696.0,7694.25,7695.0,367
2026-08-30 22:11:00-04:00,7694.75,7695.5,7694.25,7694.75,145
2026-08-30 22:12:00-04:00,7694.5,7695.0,7693.5,7694.75,193
2026-08-30 22:13:00-04:00,7695.0,7696.75,7694.75,7696.75,268
2026-08-30 22:14:00-04:00,7696.25,7696.75,7696.0,7696.0,155
2026-08-30 22:15:00-04:00,7696.0,7696.25,7694.0,7694.5,233
2026-08-30 22:16:00-04:00,7694.75,7695.25,7693.75,7695.25,176
2026-08-30 22:17:00-04:00,7695.0,7695.5,7694.5,7694.5,107
2026-08-30 22:18:00-04:00,7694.25,7694.25,7689.75,7690.25,1489
2026-08-30 22:19:00-04:00,7690.75,7692.25,7688.25,7691.75,1417
2026-08-30 22:20:00-04:00,7691.5,7691.5,7689.0,7689.25,528
2026-08-30 22:21:00-04:00,7689.5,7690.5,7689.25,7689.75,252
2026-08-30 22:22:00-04:00,7689.5,7690.5,7689.0,7689.75,206
2026-08-30 22:23:00-04:00,7689.75,7689.75,7688.75,7689.25,98
2026-08-30 22:24:00-04:00,7689.5,7690.75,7689.0,7689.75,186
2026-08-30 22:25:00-04:00,7689.25,7689.75,7687.25,7687.25,411
2026-08-30 22:26:00-04:00,7687.25,7687.75,7686.5,7687.5,372
2026-08-30 22:27:00-04:00,7687.5,7690.5,7687.25,7690.5,320
2026-08-30 22:28:00-04:00,7690.25,7691.5,7690.0,7691.0,186
2026-08-30 22:29:00-04:00,7691.0,7691.25,7690.0,7690.25,103
2026-08-30 22:30:00-04:00,7690.0,7690.75,7689.25,7689.75,247
2026-08-30 22:31:00-04:00,7690.0,7691.0,7688.0,7688.75,276
2026-08-30 22:32:00-04:00,7688.5,7689.0,7686.75,7687.25,284
2026-08-30 22:33:00-04:00,7687.5,7688.25,7687.0,7687.0,166
2026-08-30 22:34:00-04:00,7687.0,7687.25,7684.5,7685.5,838
2026-08-30 22:35:00-04:00,7685.25,7686.0,7683.5,7684.75,608
2026-08-30 22:36:00-04:00,7684.75,7686.5,7684.5,7686.0,286
2026-08-30 22:37:00-04:00,7685.75,7687.25,7685.75,7686.75,275
2026-08-30 22:38:00-04:00,7686.5,7687.0,7685.0,7686.0,199
2026-08-30 22:39:00-04:00,7685.75,7686.5,7685.25,7686.0,152
2026-08-30 22:40:00-04:00,7686.0,7686.0,7684.0,7684.25,227
2026-08-30 22:41:00-04:00,7684.0,7685.75,7684.0,7685.25,162
2026-08-30 22:42:00-04:00,7685.0,7685.75,7684.75,7685.5,68
2026-08-30 22:43:00-04:00,7685.5,7687.0,7685.25,7686.5,216
2026-08-30 22:44:00-04:00,7686.5,7687.0,7685.25,7686.75,0
