time,open,high,low,close,volume
2026-09-10 00:09:00-04:00,7656.25,7656.5,7656.0,7656.25,0
2026-09-10 00:10:00-04:00,7656.5,7657.0,7656.5,7656.75,58
2026-09-10 00:11:00-04:00,7656.75,7657.25,7656.75,7656.75,79
2026-09-10 00:12:00-04:00,7656.75,7657.0,7656.5,7656.75,47
2026-09-10 00:13:00-04:00,7656.75,7657.0,7656.5,7656.5,34
2026-09-10 00:14:00-04:00,7656.75,7657.0,7656.5,7656.75,76
2026-09-10 00:15:00-04:00,7656.75,7657.0,7656.75,7656.75,39
2026-09-10 00:16:00-04:00,7657.0,7657.0,7656.5,7656.75,69
2026-09-10 00:17:00-04:00,7656.75,7656.75,7656.0,7656.25,236
2026-09-10 00:18:00-04:00,7656.25,7656.25,7655.75,7655.75,59
2026-09-10 00:19:00-04:00,7656.0,7656.25,7655.5,7656.0,155
2026-09-10 00:20:00-04:00,7655.75,7656.0,7655.0,7655.25,112
2026-09-10 00:21:00-04:00,7655.25,7655.75,7655.25,7655.5,54
2026-09-10 00:22:00-04:00,7655.5,7656.5,7655.5,7656.5,152
2026-09-10 00:23:00-04:00,7656.5,7656.5,7656.25,7656.25,46
2026-09-10 00:24:00-04:00,7656.25,7656.75,7656.25,7656.25,112
2026-09-10 00:25:00-04:00,7656.5,7656.5,7656.0,7656.0,36
2026-09-10 00:26:00-04:00,7656.0,7656.25,7655.75,7656.0,47
2026-09-10 00:27:00-04:00,7656.25,7656.5,7656.25,7656.25,55
2026-09-10 00:28:00-04:00,7656.25,7656.75,7656.25,7656.75,64
2026-09-10 00:29:00-04:00,7657.0,7657.25,7656.0,7656.25,100
2026-09-10 00:30:00-04:00,7656.25,7656.5,7656.0,7656.25,54
2026-09-10 00:31:00-04:00,7656.0,7656.5,7656.0,7656.5,42
2026-09-10 00:32:00-04:00,7656.5,7656.75,7656.25,7656.25,65
2026-09-10 00:33:00-04:00,7656.5,7656.5,7656.0,7656.0,34
2026-09-10 00:34:00-04:00,7655.75,7656.5,7655.75,7656.5,35
2026-09-10 00:35:00-04:00,7656.5,7656.5,7655.75,7656.25,126
2026-09-10 00:36:00-04:00,7656.25,7656.25,7656.0,7656.25,34
2026-09-10 00:37:00-04:00,7656.5,7656.75,7656.25,7656.75,66
2026-09-10 00:38:00-04:00,7656.5,7656.75,7656.5,7656.75,20
2026-09-10 00:39:00-04:00,7657.0,7657.5,7657.0,7657.25,64
2026-09-10 00:40:00-04:00,7657.25,7657.75,7657.25,7657.5,137
2026-09-10 00:41:00-04:00,7657.5,7657.5,7657.25,7657.5,56
2026-09-10 00:42:00-04:00,7657.5,7657.5,7656.75,7657.0,46
2026-09-10 00:43:00-04:00,7657.0,7657.25,7656.25,7656.25,128
2026-09-10 00:44:00-04:00,7656.0,7656.25,7655.75,7656.0,59
2026-09-10 00:45:00-04:00,7656.25,7656.5,7656.0,7656.25,57
2026-09-10 00:46:00-04:00,7656.5,7657.5,7656.5,7657.25,119
2026-09-10 00:47:00-04:00,7657.5,7658.0,7657.5,7658.0,114
2026-09-10 00:48:00-04:00,7658.25,7658.5,7657.5,7657.75,101
2026-09-10 00:49:00-04:00,7657.75,7658.0,7657.75,7658.0,68
2026-09-10 00:50:00-04:00,7658.0,7659.25,7658.0,7658.5,184
2026-09-10 00:51:00-04:00,7658.75,7659.0,7658.75,7659.0,118
2026-09-10 00:52:00-04:00,7659.0,7659.0,7658.75,7658.75,37
2026-09-10 00:53:00-04:00,7658.75,7659.5,7658.75,7659.5,73
2026-09-10 00:54:00-04:00,7659.25,7660.0,7659.0,7659.0,176
2026-09-10 00:55:00-04:00,7659.0,7659.0,7658.25,7658.5,108
2026-09-10 00:56:00-04:00,7658.75,7658.75,7658.25,7658.5,62
2026-09-10 00:57:00-04:00,7658.5,7659.0,7658.5,7659.0,43
2026-09-10 00:58:00-04:00,7659.0,7659.5,7658.75,7659.0,145
2026-09-10 00:59:00-04:00,7659.0,7659.25,7658.75,7659.0,44
2026-09-10 01:00:00-04:00,7659.0,7660.5,7659.0,7660.0,231
2026-09-10 01:01:00-04:00,7660.0,7660.25,7659.75,7660.0,75
2026-09-10 01:02:00-04:00,7659.75,7660.0,7659.5,7659.75,80
2026-09-10 01:03:00-04:00,7660.0,7660.0,7659.5,7659.5,64
2026-09-10 01:04:00-04:00,7659.5,7659.5,7658.5,7658.75,50
2026-09-10 01:05:00-04:00,7659.0,7659.0,7658.25,7658.75,107
2026-09-10 01:06:00-04:00,7658.75,7658.75,7657.75,7658.25,98
2026-09-10 01:07:00-04:00,7658.0,7658.75,7658.0,7658.5,40
2026-09-10 01:08:00-04:00,7658.25,7659.0,7658.25,7658.75,60
2026-09-10 01:09:00-04:00,7658.75,7658.75,7658.25,7658.25,41
2026-09-10 01:10:00-04:00,7658.25,7658.75,7658.25,7658.25,87
2026-09-10 01:11:00-04:00,7658.25,7658.75,7658.0,7658.75,81
2026-09-10 01:12:00-04:00,7658.5,7658.75,7658.25,7658.5,74
2026-09-10 01:13:00-04:00,7658.5,7659.0,7658.5,7658.5,29
2026-09-10 01:14:00-04:00,7658.5,7660.0,7658.25,7660.0,140
2026-09-10 01:15:00-04:00,7660.0,7660.0,7659.25,7659.5,43
2026-09-10 01:16:00-04:00,7659.5,7660.0,7659.5,7659.75,51
2026-09-10 01:17:00-04:00,7659.75,7660.0,7659.75,7659.75,30
2026-09-10 01:18:00-04:00,7659.75,7660.0,7659.5,7659.75,59
2026-09-10 01:19:00-04:00,7659.75,7660.0,7659.5,7660.0,22
2026-09-10 01:20:00-04:00,7659.75,7659.75,7659.25,7659.5,47
2026-09-10 01:21:00-04:00,7659.5,7660.5,7659.5,7660.25,127
2026-09-10 01:22:00-04:00,7660.25,7660.5,7660.25,7660.25,64
2026-09-10 01:23:00-04:00,7660.25,7660.5,7660.0,7660.25,42
2026-09-10 01:24:00-04:00,7660.25,7660.25,7660.0,7660.25,41
2026-09-10 01:25:00-04:00,7660.5,7660.75,7660.0,7660.0,50
2026-09-10 01:26:00-04:00,7660.25,7660.75,7660.25,7660.75,68
2026-09-10 01:27:00-04:00,7660.75,7660.75,7660.5,7660.75,27
2026-09-10 01:28:00-04:00,7660.75,7662.75,7660.5,7662.5,672
2026-09-10 01:29:00-04:00,7662.25,7663.0,7662.0,7662.75,269
2026-09-10 01:30:00-04:00,7663.0,7663.5,7661.25,7661.5,377
2026-09-10 01:31:00-04:00,7661.5,7663.25,7661.5,7663.25,140
2026-09-10 01:32:00-04:00,7663.25,7663.75,7662.5,7663.75,151
2026-09-10 01:33:00-04:00,7663.5,7664.5,7663.25,7663.75,325
2026-09-10 01:34:00-04:00,7663.75,7663.75,7663.25,7663.75,76
2026-09-10 01:35:00-04:00,7663.75,7664.75,7663.75,7664.25,141
2026-09-10 01:36:00-04:00,7664.25,7664.75,7664.25,7664.5,199
2026-09-10 01:37:00-04:00,7664.5,7664.75,7664.25,7664.5,81
2026-09-10 01:38:00-04:00,7664.5,7664.5,7663.25,7663.5,121
2026-09-10 01:39:00-04:00,7663.25,7663.25,7662.75,7662.75,87
2026-09-10 01:40:00-04:00,7662.75,7663.25,7662.75,7663.25,107
2026-09-10 01:41:00-04:00,7663.25,7664.0,7663.25,7663.75,161
2026-09-10 01:42:00-04:00,7663.5,7663.75,7663.25,7663.5,68
2026-09-10 01:43:00-04:00,7663.5,7663.5,7662.75,7663.0,53
2026-09-10 01:44:00-04:00,7663.0,7663.5,7662.75,7662.75,80
2026-09-10 01:45:00-04:00,7663.0,7664.5,7663.0,7664.25,217
2026-09-10 01:46:00-04:00,7664.5,7665.75,7664.0,7665.0,196
2026-09-10 01:47:00-04:00,7665.0,7665.0,7664.25,7664.25,111
2026-09-10 01:48:00-04:00,7664.25,7664.25,7663.5,7664.25,143
2026-09-10 01:49:00-04:00,7664.0,7664.0,7663.25,7663.25,101
2026-09-10 01:50:00-04:00,7663.25,7663.5,7662.5,7662.75,153
2026-09-10 01:51:00-04:00,7662.75,7662.75,7662.25,7662.5,100
2026-09-10 01:52:00-04:00,7662.25,7662.5,7662.0,7662.25,159
2026-09-10 01:53:00-04:00,7662.25,7663.0,7662.0,7662.75,92
2026-09-10 01:54:00-04:00,7662.5,7662.5,7662.0,7662.0,37
2026-09-10 01:55:00-04:00,7662.0,7662.0,7661.25,7661.75,132
2026-09-10 01:56:00-04:00,7661.5,7661.5,7661.0,7661.25,106
2026-09-10 01:57:00-04:00,7661.0,7661.25,7661.0,7661.25,110
2026-09-10 01:58:00-04:00,7661.25,7662.75,7661.25,7662.75,86
2026-09-10 01:59:00-04:00,7662.75,7663.75,7662.5,7663.5,104
2026-09-10 02:00:00-04:00,7663.5,7663.75,7662.5,7663.5,234
2026-09-10 02:01:00-04:00,7663.75,7664.75,7663.5,7664.5,143
2026-09-10 02:02:00-04:00,7664.5,7664.5,7664.0,7664.0,113
2026-09-10 02:03:00-04:00,7664.0,7664.5,7663.75,7664.25,157
2026-09-10 02:04:00-04:00,7664.0,7664.0,7663.25,7663.25,113
2026-09-10 02:05:00-04:00,7663.25,7663.25,7662.5,7662.75,130
2026-09-10 02:06:00-04:00,7662.5,7662.5,7661.5,7661.5,151
2026-09-10 02:07:00-04:00,7661.25,7662.0,7661.0,7662.0,157
2026-09-10 02:08:00-04:00,7661.75,7662.5,7661.5,7662.25,185
2026-09-10 02:09:00-04:00,7662.25,7662.25,7661.5,7661.5,66
2026-09-10 02:10:00-04:00,7661.5,7662.5,7661.5,7662.0,129
2026-09-10 02:11:00-04:00,7662.25,7662.5,7662.0,7662.25,65
2026-09-10 02:12:00-04:00,7662.5,7662.75,7661.75,7662.0,117
2026-09-10 02:13:00-04:00,7662.0,7662.0,7661.5,7661.5,84
2026-09-10 02:14:00-04:00,7661.5,7661.75,7661.25,7661.5,184
2026-09-10 02:15:00-04:00,7661.75,7662.0,7661.25,7661.75,103
2026-09-10 02:16:00-04:00,7661.5,7661.75,7661.25,7661.5,46
2026-09-10 02:17:00-04:00,7661.5,7661.5,7661.0,7661.0,128
2026-09-10 02:18:00-04:00,7661.0,7661.25,7660.25,7660.5,133
2026-09-10 02:19:00-04:00,7660.25,7660.5,7659.5,7660.25,230
2026-09-10 02:20:00-04:00,7660.25,7660.75,7659.25,7660.5,148
2026-09-10 02:21:00-04:00,7660.25,7660.5,7659.75,7660.0,80
2026-09-10 02:22:00-04:00,7660.0,7661.0,7660.0,7660.5,240
2026-09-10 02:23:00-04:00,7660.75,7660.75,7660.25,7660.25,72
2026-09-10 02:24:00-04:00,7660.25,7660.75,7660.25,7660.5,60
2026-09-10 02:25:00-04:00,7660.5,7661.0,7660.5,7660.5,193
2026-09-10 02:26:00-04:00,7660.25,7662.25,7660.0,7661.75,275
2026-09-10 02:27:00-04:00,7661.75,7662.25,7661.5,7662.25,140
2026-09-10 02:28:00-04:00,7662.25,7662.25,7662.0,7662.0,90
2026-09-10 02:29:00-04:00,7662.0,7663.5,7661.75,7663.5,175
2026-09-10 02:30:00-04:00,7663.75,7664.25,7662.75,7663.0,459
2026-09-10 02:31:00-04:00,7663.0,7663.75,7663.0,7663.5,76
2026-09-10 02:32:00-04:00,7663.5,7664.5,7663.5,7664.5,132
2026-09-10 02:33:00-04:00,7664.5,7665.25,7664.0,7664.25,343
2026-09-10 02:34:00-04:00,7664.25,7664.25,7663.75,7664.0,127
2026-09-10 02:35:00-04:00,7664.0,7664.25,7663.5,7663.75,119
2026-09-10 02:36:00-04:00,7663.5,7663.75,7663.25,7663.5,104
2026-09-10 02:37:00-04:00,7663.5,7664.0,7663.0,7663.5,141
2026-09-10 02:38:00-04:00,7663.75,7664.25,7663.5,7664.25,97
2026-09-10 02:39:00-04:00,7664.25,7665.75,7664.25,7665.75,235
2026-09-10 02:40:00-04:00,7665.75,7666.25,7665.5,7665.75,259
2026-09-10 02:41:00-04:00,7665.75,7665.75,7665.25,7665.75,97
2026-09-10 02:42:00-04:00,7665.5,7665.75,7665.0,7665.25,128
2026-09-10 02:43:00-04:00,7665.0,7665.5,7665.0,7665.0,62
2026-09-10 02:44:00-04:00,7664.75,7665.0,7664.5,7664.75,111
2026-09-10 02:45:00-04:00,7664.75,7665.75,7664.75,7665.5,96
2026-09-10 02:46:00-04:00,7665.5,7665.75,7665.25,7665.75,95
2026-09-10 02:47:00-04:00,7665.5,7665.75,7665.5,7665.75,52
2026-09-10 02:48:00-04:00,7665.75,7666.0,7665.75,7665.75,70
2026-09-10 02:49:00-04:00,7665.75,7666.0,7665.5,7665.75,97
2026-09-10 02:50:00-04:00,7666.0,7666.25,7665.5,7666.25,179
2026-09-10 02:51:00-04:00,7666.25,7666.25,7666.0,7666.0,104
2026-09-10 02:52:00-04:00,7666.0,7666.25,7664.75,7665.0,453
2026-09-10 02:53:00-04:00,7664.75,7664.75,7664.0,7664.5,166
2026-09-10 02:54:00-04:00,7664.25,7664.25,7663.75,7664.25,99
2026-09-10 02:55:00-04:00,7664.25,7664.25,7663.0,7663.5,160
2026-09-10 02:56:00-04:00,7663.5,7664.25,7663.5,7663.75,141
2026-09-10 02:57:00-04:00,7663.5,7663.75,7663.0,7663.5,146
2026-09-10 02:58:00-04:00,7663.5,7663.5,7663.25,7663.25,47
2026-09-10 02:59:00-04:00,7663.25,7664.25,7663.25,7664.0,87
2026-09-10 03:00:00-04:00,7664.0,7664.0,7662.5,7663.75,576
2026-09-10 03:01:00-04:00,7664.0,7664.0,7662.75,7663.0,193
2026-09-10 03:02:00-04:00,7663.0,7663.0,7661.5,7661.5,270
2026-09-10 03:03:00-04:00,7661.25,7662.0,7660.75,7661.25,184
2026-09-10 03:04:00-04:00,7661.25,7661.5,7660.5,7660.5,130
2026-09-10 03:05:00-04:00,7660.75,7661.0,7660.25,7661.0,200
2026-09-10 03:06:00-04:00,7661.0,7661.75,7660.75,7661.5,164
2026-09-10 03:07:00-04:00,7661.5,7661.5,7660.0,7660.25,120
2026-09-10 03:08:00-04:00,7660.5,7661.0,7660.25,7661.0,160
2026-09-10 03:09:00-04:00,7661.0,7662.25,7661.0,7661.75,185
2026-09-10 03:10:00-04:00,7661.5,7663.0,7661.25,7662.75,185
2026-09-10 03:11:00-04:00,7662.75,7663.25,7662.5,7663.0,160
2026-09-10 03:12:00-04:00,7663.0,7663.5,7662.0,7662.25,158
2026-09-10 03:13:00-04:00,7662.25,7662.75,7661.5,7661.75,134
2026-09-10 03:14:00-04:00,7661.75,7663.0,7661.5,7662.75,184
2026-09-10 03:15:00-04:00,7662.75,7663.25,7662.0,7663.25,178
2026-09-10 03:16:00-04:00,7663.0,7663.25,7661.75,7662.0,138
2026-09-10 03:17:00-04:00,7662.0,7662.5,7661.5,7662.0,87
2026-09-10 03:18:00-04:00,7662.0,7662.75,7662.0,7662.5,98
2026-09-10 03:19:00-04:00,7662.5,7663.75,7662.5,7663.5,185
2026-09-10 03:20:00-04:00,7663.75,7664.0,7663.0,7663.5,349
2026-09-10 03:21:00-04:00,7663.25,7663.75,7662.75,7663.75,179
2026-09-10 03:22:00-04:00,7663.75,7663.75,7662.5,7662.5,147
2026-09-10 03:23:00-04:00,7662.75,7663.75,7662.75,7663.25,283
2026-09-10 03:24:00-04:00,7663.25,7663.25,7662.5,7662.75,146
2026-09-10 03:25:00-04:00,7662.75,7663.0,7661.5,7661.5,193
2026-09-10 03:26:00-04:00,7661.75,7661.75,7661.0,7661.25,120
2026-09-10 03:27:00-04:00,7661.5,7661.5,7660.25,7660.75,196
2026-09-10 03:28:00-04:00,7660.75,7660.75,7659.75,7660.0,180
2026-09-10 03:29:00-04:00,7659.75,7659.75,7657.5,7657.75,510
2026-09-10 03:30:00-04:00,7657.75,7659.0,7657.75,7657.75,291
2026-09-10 03:31:00-04:00,7657.75,7658.0,7657.5,7657.5,155
2026-09-10 03:32:00-04:00,7657.5,7657.5,7656.5,7657.0,210
2026-09-10 03:33:00-04:00,7657.0,7659.25,7656.25,7656.5,224
2026-09-10 03:34:00-04:00,7656.25,7658.0,7656.25,7657.0,194
2026-09-10 03:35:00-04:00,7657.5,7658.25,7657.0,7657.75,150
2026-09-10 03:36:00-04:00,7658.0,7658.5,7657.75,7658.5,152
2026-09-10 03:37:00-04:00,7658.5,7660.0,7658.5,7659.75,341
2026-09-10 03:38:00-04:00,7659.5,7660.0,7659.0,7659.0,148
2026-09-10 03:39:00-04:00,7659.0,7659.25,7657.5,7657.75,236
2026-09-10 03:40:00-04:00,7658.0,7658.0,7657.5,7657.5,153
2026-09-10 03:41:00-04:00,7657.5,7658.75,7657.5,7658.5,153
2026-09-10 03:42:00-04:00,7658.75,7659.25,7658.25,7658.75,132
2026-09-10 03:43:00-04:00,7658.5,7659.25,7658.5,7659.25,99
2026-09-10 03:44:00-04:00,7659.25,7660.75,7659.0,7660.5,211
2026-09-10 03:45:00-04:00,7660.5,7661.0,7659.75,7661.0,200
2026-09-10 03:46:00-04:00,7661.0,7661.0,7659.75,7660.0,189
2026-09-10 03:47:00-04:00,7660.0,7661.0,7660.0,7660.5,373
2026-09-10 03:48:00-04:00,7660.5,7660.75,7660.0,7660.25,140
2026-09-10 03:49:00-04:00,7660.25,7660.25,7658.5,7659.5,345
2026-09-10 03:50:00-04:00,7659.75,7660.0,7659.5,7660.0,81
2026-09-10 03:51:00-04:00,7660.0,7661.25,7660.0,7661.25,189
2026-09-10 03:52:00-04:00,7661.25,7661.25,7659.75,7660.25,212
2026-09-10 03:53:00-04:00,7660.5,7661.0,7659.0,7659.75,240
2026-09-10 03:54:00-04:00,7659.75,7660.25,7659.5,7660.25,101
2026-09-10 03:55:00-04:00,7660.25,7661.0,7660.25,7660.5,116
2026-09-10 03:56:00-04:00,7660.25,7660.5,7659.75,7660.0,105
2026-09-10 03:57:00-04:00,7660.0,7660.25,7660.0,7660.0,81
2026-09-10 03:58:00-04:00,7659.75,7660.0,7659.5,7660.0,70
2026-09-10 03:59:00-04:00,7659.75,7660.0,7659.25,7659.25,95
2026-09-10 04:00:00-04:00,7659.5,7661.75,7659.25,7661.5,631
2026-09-10 04:01:00-04:00,7661.5,7662.5,7660.5,7660.75,522
2026-09-10 04:02:00-04:00,7660.75,7662.0,7660.5,7661.25,282
2026-09-10 04:03:00-04:00,7661.25,7661.75,7660.25,7660.25,305
2026-09-10 04:04:00-04:00,7660.5,7661.25,7659.75,7659.75,307
2026-09-10 04:05:00-04:00,7659.5,7660.25,7659.0,7660.0,294
2026-09-10 04:06:00-04:00,7660.0,7660.0,7658.0,7658.5,322
2026-09-10 04:07:00-04:00,7658.5,7658.75,7658.0,7658.75,299
2026-09-10 04:08:00-04:00,7659.0,7661.25,7659.0,7661.0,160
2026-09-10 04:09:00-04:00,7660.75,7660.75,7659.0,7659.0,127
2026-09-10 04:10:00-04:00,7659.25,7661.0,7659.25,7660.5,171
2026-09-10 04:11:00-04:00,7660.5,7660.5,7658.75,7659.5,222
2026-09-10 04:12:00-04:00,7659.75,7660.0,7658.75,7659.0,165
2026-09-10 04:13:00-04:00,7659.0,7659.25,7658.25,7658.75,99
2026-09-10 04:14:00-04:00,7658.75,7658.75,7657.5,7658.0,96
2026-09-10 04:15:00-04:00,7658.0,7658.0,7657.5,7657.5,140
2026-09-10 04:16:00-04:00,7657.5,7658.0,7657.0,7658.0,86
2026-09-10 04:17:00-04:00,7657.75,7657.75,7657.25,7657.25,158
2026-09-10 04:18:00-04:00,7657.25,7657.25,7656.5,7656.75,307
2026-09-10 04:19:00-04:00,7656.75,7657.75,7656.75,7657.5,245
2026-09-10 04:20:00-04:00,7657.25,7658.75,7657.25,7657.5,301
2026-09-10 04:21:00-04:00,7657.5,7659.75,7657.25,7659.5,260
2026-09-10 04:22:00-04:00,7659.5,7659.5,7658.75,7658.75,157
2026-09-10 04:23:00-04:00,7659.0,7659.25,7658.75,7658.75,115
2026-09-10 04:24:00-04:00,7658.75,7659.5,7658.5,7659.0,135
2026-09-10 04:25:00-04:00,7659.0,7659.75,7658.75,7659.5,200
2026-09-10 04:26:00-04:00,7659.5,7660.0,7659.25,7659.75,106
2026-09-10 04:27:00-04:00,7659.75,7659.75,7658.25,7658.25,158
2026-09-10 04:28:00-04:00,7658.5,7659.75,7658.5,7659.75,215
2026-09-10 04:29:00-04:00,7659.75,7660.75,7658.25,7660.0,574
2026-09-10 04:30:00-04:00,7660.25,7661.0,7659.75,7660.25,248
2026-09-10 04:31:00-04:00,7660.0,7660.25,7659.5,7659.75,313
2026-09-10 04:32:00-04:00,7659.5,7659.5,7657.5,7657.75,263
2026-09-10 04:33:00-04:00,7657.5,7657.5,7656.0,7656.25,336
2026-09-10 04:34:00-04:00,7656.5,7656.5,7656.0,7656.25,114
2026-09-10 04:35:00-04:00,7656.25,7657.5,7656.25,7657.5,124
2026-09-10 04:36:00-04:00,7657.5,7658.25,7657.0,7657.75,121
2026-09-10 04:37:00-04:00,7658.0,7659.25,7657.5,7657.75,220
2026-09-10 04:38:00-04:00,7657.5,7657.5,7656.25,7656.5,181
2026-09-10 04:39:00-04:00,7656.75,7657.75,7656.25,7657.5,113
2026-09-10 04:40:00-04:00,7657.25,7657.75,7657.0,7657.25,90
2026-09-10 04:41:00-04:00,7657.25,7657.5,7656.0,7656.25,123
2026-09-10 04:42:00-04:00,7656.0,7656.0,7654.5,7654.75,373
2026-09-10 04:43:00-04:00,7654.5,7654.5,7653.25,7653.5,333
2026-09-10 04:44:00-04:00,7653.5,7653.75,7652.75,7653.5,369
2026-09-10 04:45:00-04:00,7653.75,7654.75,7653.5,7653.75,295
2026-09-10 04:46:00-04:00,7653.75,7655.25,7653.75,7655.0,241
2026-09-10 04:47:00-04:00,7655.25,7655.25,7654.75,7655.0,131
2026-09-10 04:48:00-04:00,7655.0,7655.0,7652.75,7653.0,230
2026-09-10 04:49:00-04:00,7653.0,7653.0,7652.25,7652.25,252
2026-09-10 04:50:00-04:00,7652.5,7652.75,7651.25,7652.0,356
2026-09-10 04:51:00-04:00,7652.0,7653.25,7652.0,7652.5,252
2026-09-10 04:52:00-04:00,7652.25,7652.75,7652.0,7652.5,155
2026-09-10 04:53:00-04:00,7652.5,7652.75,7651.5,7651.75,157
2026-09-10 04:54:00-04:00,7652.0,7653.0,7652.0,7652.75,165
2026-09-10 04:55:00-04:00,7653.0,7653.0,7652.25,7652.5,157
2026-09-10 04:56:00-04:00,7652.25,7652.25,7651.5,7652.25,173
2026-09-10 04:57:00-04:00,7652.5,7652.5,7651.75,7652.0,83
2026-09-10 04:58:00-04:00,7652.0,7652.25,7651.25,7652.0,301
2026-09-10 04:59:00-04:00,7652.0,7652.75,7651.75,7652.5,255
2026-09-10 05:00:00-04:00,7652.5,7652.75,7651.5,7652.0,424
2026-09-10 05:01:00-04:00,7651.75,7652.5,7651.75,7652.25,260
2026-09-10 05:02:00-04:00,7652.5,7652.75,7652.0,7652.75,264
2026-09-10 05:03:00-04:00,7652.75,7654.75,7652.75,7654.25,325
2026-09-10 05:04:00-04:00,7654.5,7655.5,7654.25,7654.75,313
2026-09-10 05:05:00-04:00,7654.5,7655.0,7653.75,7654.0,195
2026-09-10 05:06:00-04:00,7653.75,7654.0,7653.25,7654.0,246
2026-09-10 05:07:00-04:00,7654.0,7654.25,7653.75,7654.0,125
2026-09-10 05:08:00-04:00,7654.25,7654.75,7653.5,7653.5,222
2026-09-10 05:09:00-04:00,7653.5,7654.0,7651.25,7652.0,278
2026-09-10 05:10:00-04:00,7652.25,7652.75,7652.0,7652.25,137
2026-09-10 05:11:00-04:00,7652.25,7653.0,7652.0,7652.75,131
2026-09-10 05:12:00-04:00,7652.75,7653.75,7652.5,7653.25,134
2026-09-10 05:13:00-04:00,7653.25,7653.25,7652.0,7652.0,221
2026-09-10 05:14:00-04:00,7652.0,7653.0,7651.75,7652.75,212
2026-09-10 05:15:00-04:00,7653.0,7653.25,7651.75,7652.25,143
2026-09-10 05:16:00-04:00,7652.25,7652.5,7652.0,7652.25,94
2026-09-10 05:17:00-04:00,7652.25,7652.75,7652.0,7652.0,68
2026-09-10 05:18:00-04:00,7652.25,7653.25,7652.25,7652.75,104
2026-09-10 05:19:00-04:00,7652.75,7653.75,7652.75,7653.5,77
2026-09-10 05:20:00-04:00,7653.75,7653.75,7652.75,7653.25,226
2026-09-10 05:21:00-04:00,7653.5,7654.25,7653.25,7653.25,233
2026-09-10 05:22:00-04:00,7653.0,7653.5,7652.5,7652.5,208
2026-09-10 05:23:00-04:00,7652.5,7653.25,7652.5,7653.0,138
2026-09-10 05:24:00-04:00,7653.0,7653.0,7651.25,7651.25,126
2026-09-10 05:25:00-04:00,7651.25,7651.5,7650.5,7650.75,303
2026-09-10 05:26:00-04:00,7650.5,7651.0,7650.0,7650.75,193
2026-09-10 05:27:00-04:00,7650.75,7652.25,7650.5,7651.5,221
2026-09-10 05:28:00-04:00,7651.25,7651.5,7649.75,7650.5,205
2026-09-10 05:29:00-04:00,7650.25,7650.75,7650.25,7650.5,99
2026-09-10 05:30:00-04:00,7650.25,7650.25,7648.75,7649.0,244
2026-09-10 05:31:00-04:00,7649.25,7649.25,7647.75,7647.75,224
2026-09-10 05:32:00-04:00,7647.75,7648.25,7647.25,7647.25,175
2026-09-10 05:33:00-04:00,7647.5,7648.5,7647.25,7648.25,187
2026-09-10 05:34:00-04:00,7648.25,7649.75,7647.75,7649.75,194
2026-09-10 05:35:00-04:00,7649.75,7650.0,7649.0,7649.25,213
2026-09-10 05:36:00-04:00,7649.25,7649.5,7648.5,7649.5,138
2026-09-10 05:37:00-04:00,7649.5,7649.75,7648.75,7649.25,184
2026-09-10 05:38:00-04:00,7649.25,7649.5,7648.0,7648.25,207
2026-09-10 05:39:00-04:00,7648.25,7648.25,7647.25,7647.75,272
2026-09-10 05:40:00-04:00,7647.5,7647.75,7646.5,7647.0,480
2026-09-10 05:41:00-04:00,7647.25,7647.25,7646.25,7646.5,371
2026-09-10 05:42:00-04:00,7646.75,7647.0,7646.0,7647.0,320
2026-09-10 05:43:00-04:00,7647.0,7649.5,7647.0,7649.5,461
2026-09-10 05:44:00-04:00,7649.5,7650.75,7649.0,7650.5,294
2026-09-10 05:45:00-04:00,7650.5,7652.25,7650.25,7650.5,429
2026-09-10 05:46:00-04:00,7650.75,7651.75,7650.25,7651.5,338
2026-09-10 05:47:00-04:00,7651.5,7652.25,7651.25,7651.75,167
2026-09-10 05:48:00-04:00,7651.75,7652.0,7651.5,7651.75,249
2026-09-10 05:49:00-04:00,7652.0,7652.25,7651.5,7652.0,166
2026-09-10 05:50:00-04:00,7651.75,7652.25,7650.75,7651.5,349
2026-09-10 05:51:00-04:00,7651.75,7652.75,7651.5,7652.75,243
2026-09-10 05:52:00-04:00,7653.0,7653.25,7652.5,7653.0,216
2026-09-10 05:53:00-04:00,7653.0,7653.5,7652.25,7653.0,201
2026-09-10 05:54:00-04:00,7653.0,7654.75,7652.5,7652.75,783
2026-09-10 05:55:00-04:00,7652.75,7653.25,7652.25,7652.5,217
2026-09-10 05:56:00-04:00,7652.5,7652.75,7652.25,7652.5,126
2026-09-10 05:57:00-04:00,7652.25,7652.5,7651.5,7651.5,204
2026-09-10 05:58:00-04:00,7651.5,7651.75,7651.5,7651.75,133
2026-09-10 05:59:00-04:00,7652.0,7652.25,7651.75,7652.0,132
2026-09-10 06:00:00-04:00,7652.0,7652.5,7650.75,7650.75,406
2026-09-10 06:01:00-04:00,7650.75,7651.5,7650.5,7651.5,224
2026-09-10 06:02:00-04:00,7651.25,7651.75,7650.75,7651.25,328
2026-09-10 06:03:00-04:00,7651.25,7654.0,7651.25,7653.25,303
2026-09-10 06:04:00-04:00,7653.25,7653.25,7652.25,7653.0,181
2026-09-10 06:05:00-04:00,7653.0,7653.5,7652.75,7653.5,182
2026-09-10 06:06:00-04:00,7653.25,7653.25,7653.0,7653.25,96
2026-09-10 06:07:00-04:00,7653.0,7653.0,7651.0,7651.0,223
2026-09-10 06:08:00-04:00,7651.0,7651.5,7650.75,7650.75,354
2026-09-10 06:09:00-04:00,7650.75,7651.25,7649.75,7650.5,160
2026-09-10 06:10:00-04:00,7650.5,7650.75,7649.75,7649.75,85
2026-09-10 06:11:00-04:00,7649.75,7652.0,7649.75,7651.25,465
2026-09-10 06:12:00-04:00,7651.0,7651.25,7650.75,7651.0,83
2026-09-10 06:13:00-04:00,7651.25,7651.5,7651.0,7651.25,131
2026-09-10 06:14:00-04:00,7651.5,7651.5,7650.25,7650.5,163
2026-09-10 06:15:00-04:00,7650.5,7651.25,7650.5,7651.0,135
2026-09-10 06:16:00-04:00,7650.75,7651.75,7650.75,7651.25,136
2026-09-10 06:17:00-04:00,7651.25,7651.25,7650.75,7651.25,67
2026-09-10 06:18:00-04:00,7651.25,7651.75,7651.0,7651.0,133
2026-09-10 06:19:00-04:00,7651.25,7652.0,7651.25,7651.75,188
2026-09-10 06:20:00-04:00,7651.75,7652.0,7650.75,7651.25,195
2026-09-10 06:21:00-04:00,7651.25,7652.5,7651.25,7651.75,76
2026-09-10 06:22:00-04:00,7652.0,7652.25,7651.75,7652.0,113
2026-09-10 06:23:00-04:00,7651.75,7651.75,7650.5,7651.25,160
2026-09-10 06:24:00-04:00,7651.25,7651.75,7651.0,7651.5,127
2026-09-10 06:25:00-04:00,7651.5,7653.25,7651.0,7653.0,516
2026-09-10 06:26:00-04:00,7653.0,7653.5,7651.25,7651.5,223
2026-09-10 06:27:00-04:00,7651.5,7651.75,7650.5,7650.5,238
2026-09-10 06:28:00-04:00,7650.5,7651.5,7650.5,7651.5,81
2026-09-10 06:29:00-04:00,7651.25,7651.25,7651.0,7651.0,52
2026-09-10 06:30:00-04:00,7651.25,7651.5,7650.0,7650.25,136
2026-09-10 06:31:00-04:00,7650.0,7650.0,7648.75,7648.75,125
2026-09-10 06:32:00-04:00,7648.75,7649.0,7648.5,7649.0,181
2026-09-10 06:33:00-04:00,7649.25,7649.5,7648.0,7648.25,262
2026-09-10 06:34:00-04:00,7648.25,7648.25,7647.25,7648.25,167
2026-09-10 06:35:00-04:00,7648.0,7648.5,7647.5,7648.25,196
2026-09-10 06:36:00-04:00,7648.5,7650.5,7648.5,7650.25,539
2026-09-10 06:37:00-04:00,7650.0,7652.25,7650.0,7652.0,410
2026-09-10 06:38:00-04:00,7652.25,7652.25,7651.5,7651.5,244
2026-09-10 06:39:00-04:00,7651.5,7652.25,7651.5,7652.0,229
2026-09-10 06:40:00-04:00,7652.0,7652.75,7651.5,7652.75,324
2026-09-10 06:41:00-04:00,7652.75,7653.25,7652.5,7652.75,225
2026-09-10 06:42:00-04:00,7652.75,7653.0,7652.5,7652.75,149
2026-09-10 06:43:00-04:00,7652.75,7653.0,7651.5,7651.75,100
2026-09-10 06:44:00-04:00,7651.75,7652.25,7651.25,7651.25,154
2026-09-10 06:45:00-04:00,7651.25,7651.25,7650.25,7650.75,119
2026-09-10 06:46:00-04:00,7651.0,7651.25,7650.5,7650.5,156
2026-09-10 06:47:00-04:00,7650.25,7651.0,7649.25,7651.0,420
2026-09-10 06:48:00-04:00,7650.75,7651.5,7650.75,7651.0,223
2026-09-10 06:49:00-04:00,7651.0,7651.5,7650.5,7650.75,112
2026-09-10 06:50:00-04:00,7650.75,7650.75,7649.75,7650.5,306
2026-09-10 06:51:00-04:00,7650.75,7651.0,7649.75,7649.75,229
2026-09-10 06:52:00-04:00,7649.75,7649.75,7648.25,7648.25,135
2026-09-10 06:53:00-04:00,7648.25,7649.0,7648.25,7648.5,62
2026-09-10 06:54:00-04:00,7648.25,7649.0,7646.5,7646.5,422
2026-09-10 06:55:00-04:00,7646.5,7648.0,7646.25,7648.0,168
2026-09-10 06:56:00-04:00,7648.0,7657.0,7648.0,7654.75,3474
2026-09-10 06:57:00-04:00,7654.5,7656.0,7651.5,7651.75,1731
2026-09-10 06:58:00-04:00,7651.75,7651.75,7649.5,7650.0,661
2026-09-10 06:59:00-04:00,7650.0,7650.0,7648.0,7648.25,383
2026-09-10 07:00:00-04:00,7648.0,7648.75,7647.0,7648.0,629
2026-09-10 07:01:00-04:00,7648.0,7648.25,7646.5,7647.75,356
2026-09-10 07:02:00-04:00,7647.5,7647.5,7644.5,7646.75,809
2026-09-10 07:03:00-04:00,7646.75,7647.25,7646.5,7646.5,247
2026-09-10 07:04:00-04:00,7646.75,7646.75,7646.25,7646.5,147
2026-09-10 07:05:00-04:00,7646.75,7647.5,7645.5,7645.75,206
2026-09-10 07:06:00-04:00,7645.75,7645.75,7644.0,7644.0,357
2026-09-10 07:07:00-04:00,7644.0,7645.5,7643.5,7645.0,302
2026-09-10 07:08:00-04:00,7645.25,7646.25,7645.25,7646.25,237
2026-09-10 07:09:00-04:00,7646.25,7646.25,7644.0,7644.75,442
2026-09-10 07:10:00-04:00,7644.75,7646.0,7643.75,7644.0,573
2026-09-10 07:11:00-04:00,7644.25,7644.25,7642.75,7643.75,430
2026-09-10 07:12:00-04:00,7643.75,7644.25,7643.0,7643.25,237
2026-09-10 07:13:00-04:00,7643.5,7646.0,7643.25,7645.25,326
2026-09-10 07:14:00-04:00,7645.5,7645.75,7644.75,7645.25,139
2026-09-10 07:15:00-04:00,7645.0,7645.75,7644.75,7645.75,275
2026-09-10 07:16:00-04:00,7645.5,7645.5,7644.0,7644.25,237
2026-09-10 07:17:00-04:00,7644.5,7645.5,7644.5,7644.75,229
2026-09-10 07:18:00-04:00,7644.5,7644.75,7644.25,7644.5,183
2026-09-10 07:19:00-04:00,7644.25,7644.75,7644.0,7644.25,202
2026-09-10 07:20:00-04:00,7644.25,7644.5,7643.75,7644.5,236
2026-09-10 07:21:00-04:00,7644.5,7644.75,7643.25,7643.25,217
2026-09-10 07:22:00-04:00,7643.0,7643.75,7642.5,7643.5,299
2026-09-10 07:23:00-04:00,7643.5,7644.75,7643.5,7644.75,188
2026-09-10 07:24:00-04:00,7644.5,7644.75,7643.75,7644.5,195
2026-09-10 07:25:00-04:00,7644.5,7644.75,7643.75,7644.0,153
2026-09-10 07:26:00-04:00,7643.75,7643.75,7643.25,7643.75,278
2026-09-10 07:27:00-04:00,7643.75,7644.25,7643.75,7644.0,141
2026-09-10 07:28:00-04:00,7644.0,7644.0,7643.75,7644.0,114
2026-09-10 07:29:00-04:00,7644.0,7644.0,7643.0,7643.0,134
2026-09-10 07:30:00-04:00,7643.25,7643.75,7643.0,7643.5,260
2026-09-10 07:31:00-04:00,7643.5,7645.0,7643.5,7644.75,271
2026-09-10 07:32:00-04:00,7644.75,7645.5,7644.25,7645.5,194
2026-09-10 07:33:00-04:00,7645.5,7647.0,7644.25,7647.0,297
2026-09-10 07:34:00-04:00,7647.0,7648.5,7646.75,7647.5,411
2026-09-10 07:35:00-04:00,7647.25,7648.5,7647.25,7648.0,153
2026-09-10 07:36:00-04:00,7648.0,7648.0,7646.75,7647.0,179
2026-09-10 07:37:00-04:00,7647.0,7647.5,7646.25,7647.5,255
2026-09-10 07:38:00-04:00,7647.25,7647.25,7646.0,7646.75,159
2026-09-10 07:39:00-04:00,7646.5,7647.25,7646.25,7647.25,122
2026-09-10 07:40:00-04:00,7647.0,7647.0,7646.0,7646.25,110
2026-09-10 07:41:00-04:00,7646.25,7646.25,7645.0,7645.0,353
2026-09-10 07:42:00-04:00,7645.0,7646.5,7644.75,7645.0,276
2026-09-10 07:43:00-04:00,7644.75,7644.75,7643.5,7644.5,269
2026-09-10 07:44:00-04:00,7644.75,7644.75,7644.0,7644.5,184
2026-09-10 07:45:00-04:00,7644.5,7645.75,7644.25,7644.5,257
2026-09-10 07:46:00-04:00,7644.5,7644.75,7643.25,7643.25,144
2026-09-10 07:47:00-04:00,7643.5,7643.5,7641.75,7642.0,1224
2026-09-10 07:48:00-04:00,7642.0,7642.5,7641.5,7641.75,333
2026-09-10 07:49:00-04:00,7641.75,7642.25,7641.5,7641.5,311
2026-09-10 07:50:00-04:00,7641.5,7641.75,7638.75,7639.25,1464
2026-09-10 07:51:00-04:00,7639.0,7639.75,7638.25,7638.5,538
2026-09-10 07:52:00-04:00,7638.5,7639.25,7638.0,7638.0,362
2026-09-10 07:53:00-04:00,7638.0,7638.5,7636.75,7637.25,709
2026-09-10 07:54:00-04:00,7637.0,7638.25,7637.0,7637.75,362
2026-09-10 07:55:00-04:00,7637.5,7637.5,7634.25,7634.75,1765
2026-09-10 07:56:00-04:00,7634.75,7636.5,7633.75,7633.75,686
2026-09-10 07:57:00-04:00,7633.75,7635.25,7633.0,7635.25,927
2026-09-10 07:58:00-04:00,7635.5,7636.25,7634.0,7634.5,1248
2026-09-10 07:59:00-04:00,7634.75,7635.0,7632.0,7632.0,866
2026-09-10 08:00:00-04:00,7632.0,7635.0,7632.0,7632.75,1287
2026-09-10 08:01:00-04:00,7632.75,7632.75,7629.5,7630.75,1394
2026-09-10 08:02:00-04:00,7630.75,7633.75,7630.25,7633.0,1048
2026-09-10 08:03:00-04:00,7632.75,7634.0,7630.5,7631.0,1008
2026-09-10 08:04:00-04:00,7630.75,7631.25,7629.75,7630.5,630
2026-09-10 08:05:00-04:00,7630.25,7631.75,7629.5,7631.5,736
2026-09-10 08:06:00-04:00,7631.75,7632.0,7629.25,7630.5,1402
2026-09-10 08:07:00-04:00,7630.75,7631.25,7629.75,7631.0,945
2026-09-10 08:08:00-04:00,7631.25,7631.25,7629.5,7629.75,739
2026-09-10 08:09:00-04:00,7629.5,7630.75,7629.0,7629.25,1836
2026-09-10 08:10:00-04:00,7629.25,7630.5,7628.75,7630.0,647
2026-09-10 08:11:00-04:00,7629.75,7629.75,7628.75,7629.75,618
2026-09-10 08:12:00-04:00,7629.5,7631.25,7629.5,7629.75,447
2026-09-10 08:13:00-04:00,7629.5,7633.25,7629.5,7633.0,640
2026-09-10 08:14:00-04:00,7633.25,7634.25,7632.5,7632.75,442
2026-09-10 08:15:00-04:00,7633.0,7633.75,7629.75,7631.0,1020
2026-09-10 08:16:00-04:00,7630.75,7631.5,7628.0,7628.75,702
2026-09-10 08:17:00-04:00,7628.5,7631.0,7628.5,7629.0,628
2026-09-10 08:18:00-04:00,7629.0,7631.25,7628.5,7630.0,862
2026-09-10 08:19:00-04:00,7629.75,7629.75,7627.75,7628.0,556
2026-09-10 08:20:00-04:00,7628.25,7628.25,7626.0,7627.0,1415
2026-09-10 08:21:00-04:00,7627.0,7628.25,7626.5,7626.5,810
2026-09-10 08:22:00-04:00,7626.75,7628.25,7626.75,7627.0,734
2026-09-10 08:23:00-04:00,7626.75,7627.75,7626.0,7627.5,530
2026-09-10 08:24:00-04:00,7627.5,7627.75,7626.0,7626.75,486
2026-09-10 08:25:00-04:00,7626.75,7627.5,7625.25,7627.0,734
2026-09-10 08:26:00-04:00,7627.25,7627.25,7624.25,7625.25,1046
2026-09-10 08:27:00-04:00,7625.5,7626.25,7624.25,7624.25,490
2026-09-10 08:28:00-04:00,7624.25,7625.0,7623.75,7625.0,899
2026-09-10 08:29:00-04:00,7624.75,7630.0,7623.75,7625.75,645
2026-09-10 08:30:00-04:00,7627.0,7630.0,7620.5,7621.25,3343
2026-09-10 08:31:00-04:00,7621.25,7621.75,7617.0,7618.25,2896
2026-09-10 08:32:00-04:00,7618.25,7618.75,7615.0,7615.25,3026
2026-09-10 08:33:00-04:00,7615.25,7615.25,7611.25,7611.25,2546
2026-09-10 08:34:00-04:00,7611.25,7611.5,7605.25,7605.75,5380
2026-09-10 08:35:00-04:00,7605.75,7610.75,7605.75,7610.0,3284
2026-09-10 08:36:00-04:00,7609.75,7613.5,7609.0,7611.5,4502
2026-09-10 08:37:00-04:00,7611.5,7612.25,7608.25,7609.25,2444
2026-09-10 08:38:00-04:00,7609.0,7611.25,7608.0,7609.0,2545
2026-09-10 08:39:00-04:00,7609.0,7610.25,7606.75,7608.75,2620
2026-09-10 08:40:00-04:00,7609.0,7609.25,7604.25,7605.75,3367
2026-09-10 08:41:00-04:00,7606.0,7608.0,7603.75,7604.0,4675
2026-09-10 08:42:00-04:00,7604.0,7605.25,7601.0,7601.75,4197
2026-09-10 08:43:00-04:00,7601.5,7602.0,7598.75,7600.0,4752
2026-09-10 08:44:00-04:00,7600.0,7603.5,7599.25,7602.5,3496
2026-09-10 08:45:00-04:00,7602.5,7603.5,7599.5,7599.75,3392
2026-09-10 08:46:00-04:00,7599.75,7601.0,7598.25,7600.5,2376
2026-09-10 08:47:00-04:00,7600.25,7603.25,7598.25,7599.75,3714
2026-09-10 08:48:00-04:00,7599.5,7602.0,7597.75,7601.5,2295
2026-09-10 08:49:00-04:00,7601.25,7605.0,7601.25,7604.5,1686
2026-09-10 08:50:00-04:00,7604.5,7606.75,7604.0,7606.5,1995
2026-09-10 08:51:00-04:00,7606.5,7606.75,7604.75,7605.75,2251
2026-09-10 08:52:00-04:00,7606.0,7606.0,7603.0,7604.5,2751
2026-09-10 08:53:00-04:00,7604.5,7605.5,7603.0,7604.0,1722
2026-09-10 08:54:00-04:00,7604.0,7606.75,7603.5,7605.75,1537
2026-09-10 08:55:00-04:00,7605.75,7605.75,7603.0,7603.25,1534
2026-09-10 08:56:00-04:00,7603.25,7604.0,7601.0,7601.25,1436
2026-09-10 08:57:00-04:00,7601.25,7602.0,7600.25,7601.5,2006
2026-09-10 08:58:00-04:00,7601.25,7602.5,7600.75,7601.25,1381
2026-09-10 08:59:00-04:00,7601.25,7601.75,7600.0,7601.5,2173
2026-09-10 09:00:00-04:00,7601.5,7604.5,7601.25,7603.25,2139
2026-09-10 09:01:00-04:00,7603.5,7605.0,7601.0,7603.5,1960
2026-09-10 09:02:00-04:00,7603.5,7606.75,7603.25,7606.75,1326
2026-09-10 09:03:00-04:00,7606.75,7607.5,7605.5,7606.0,1460
2026-09-10 09:04:00-04:00,7606.25,7609.0,7606.0,7608.25,1467
2026-09-10 09:05:00-04:00,7608.5,7608.75,7605.75,7605.75,1864
2026-09-10 09:06:00-04:00,7605.75,7607.0,7604.0,7606.0,1604
2026-09-10 09:07:00-04:00,7606.0,7607.25,7602.0,7602.25,1301
2026-09-10 09:08:00-04:00,7602.25,7604.0,7601.75,7603.5,1328
2026-09-10 09:09:00-04:00,7603.5,7605.0,7603.25,7603.5,1022
2026-09-10 09:10:00-04:00,7603.25,7605.25,7603.0,7604.75,1110
2026-09-10 09:11:00-04:00,7604.5,7605.75,7604.0,7604.5,930
2026-09-10 09:12:00-04:00,7604.5,7604.75,7602.25,7602.5,1145
2026-09-10 09:13:00-04:00,7602.5,7603.75,7602.5,7603.0,1424
2026-09-10 09:14:00-04:00,7603.25,7604.25,7600.5,7601.0,1638
2026-09-10 09:15:00-04:00,7600.75,7603.5,7600.0,7602.5,1883
2026-09-10 09:16:00-04:00,7602.5,7603.0,7600.5,7602.5,1196
2026-09-10 09:17:00-04:00,7602.25,7602.25,7599.0,7599.25,1504
2026-09-10 09:18:00-04:00,7599.5,7601.25,7599.25,7601.25,1005
2026-09-10 09:19:00-04:00,7601.25,7602.0,7600.25,7601.5,860
2026-09-10 09:20:00-04:00,7601.25,7602.5,7600.5,7600.75,781
2026-09-10 09:21:00-04:00,7600.75,7601.5,7599.5,7601.25,1003
2026-09-10 09:22:00-04:00,7601.5,7603.0,7601.25,7602.25,658
2026-09-10 09:23:00-04:00,7602.25,7603.0,7601.75,7602.5,744
2026-09-10 09:24:00-04:00,7602.5,7602.5,7598.5,7598.75,897
2026-09-10 09:25:00-04:00,7599.0,7599.25,7595.0,7596.75,3074
2026-09-10 09:26:00-04:00,7596.75,7598.0,7596.25,7597.5,1250
2026-09-10 09:27:00-04:00,7597.5,7599.5,7596.5,7599.5,1636
2026-09-10 09:28:00-04:00,7599.25,7599.25,7596.25,7598.25,1441
2026-09-10 09:29:00-04:00,7598.25,7600.75,7597.75,7598.75,2970
2026-09-10 09:30:00-04:00,7599.0,7603.0,7596.75,7598.75,12669
2026-09-10 09:31:00-04:00,7598.5,7599.25,7595.25,7598.25,9103
2026-09-10 09:32:00-04:00,7598.0,7600.25,7595.0,7598.0,7600
2026-09-10 09:33:00-04:00,7598.0,7599.75,7595.75,7599.0,7081
2026-09-10 09:34:00-04:00,7599.25,7601.0,7596.0,7596.75,5868
2026-09-10 09:35:00-04:00,7597.0,7601.25,7593.75,7599.0,8874
2026-09-10 09:36:00-04:00,7599.0,7604.5,7598.75,7602.25,8099
2026-09-10 09:37:00-04:00,7602.25,7603.5,7597.25,7599.5,6035
2026-09-10 09:38:00-04:00,7599.5,7602.75,7599.0,7601.75,4789
2026-09-10 09:39:00-04:00,7601.75,7604.5,7599.75,7603.5,6666
2026-09-10 09:40:00-04:00,7603.25,7606.25,7601.25,7603.75,7192
2026-09-10 09:41:00-04:00,7603.75,7606.75,7601.5,7603.75,8103
2026-09-10 09:42:00-04:00,7603.75,7606.0,7600.25,7602.5,4876
2026-09-10 09:43:00-04:00,7602.5,7606.25,7602.25,7604.0,4318
2026-09-10 09:44:00-04:00,7604.0,7605.0,7599.5,7600.25,5144
2026-09-10 09:45:00-04:00,7600.25,7604.0,7600.0,7603.75,5264
2026-09-10 09:46:00-04:00,7603.75,7607.0,7603.0,7606.5,4911
2026-09-10 09:47:00-04:00,7606.75,7607.25,7604.5,7606.25,3979
2026-09-10 09:48:00-04:00,7606.0,7606.75,7601.25,7603.5,3936
2026-09-10 09:49:00-04:00,7603.5,7609.0,7602.25,7605.5,7718
2026-09-10 09:50:00-04:00,7605.75,7605.75,7597.5,7599.25,4797
2026-09-10 09:51:00-04:00,7599.25,7599.25,7591.25,7593.25,6791
2026-09-10 09:52:00-04:00,7593.5,7595.0,7591.5,7594.0,5819
2026-09-10 09:53:00-04:00,7594.0,7595.25,7592.75,7594.0,5329
2026-09-10 09:54:00-04:00,7594.0,7596.25,7592.0,7592.25,4476
2026-09-10 09:55:00-04:00,7592.25,7592.75,7588.5,7589.5,6165
2026-09-10 09:56:00-04:00,7589.5,7590.5,7587.0,7590.0,7707
2026-09-10 09:57:00-04:00,7590.25,7592.5,7588.25,7589.75,6368
2026-09-10 09:58:00-04:00,7589.5,7590.25,7586.75,7587.25,3757
2026-09-10 09:59:00-04:00,7587.25,7588.5,7586.0,7586.75,2962
2026-09-10 10:00:00-04:00,7586.75,7592.25,7586.5,7589.25,7510
2026-09-10 10:01:00-04:00,7589.25,7594.75,7589.0,7594.5,6109
2026-09-10 10:02:00-04:00,7594.75,7596.75,7593.5,7594.5,6273
2026-09-10 10:03:00-04:00,7594.5,7595.75,7591.75,7595.0,4929
2026-09-10 10:04:00-04:00,7595.0,7595.25,7591.75,7592.0,4729
2026-09-10 10:05:00-04:00,7592.0,7593.25,7590.25,7590.75,4345
2026-09-10 10:06:00-04:00,7590.75,7592.0,7590.0,7590.5,3503
2026-09-10 10:07:00-04:00,7590.5,7593.0,7587.75,7587.75,5340
2026-09-10 10:08:00-04:00,7587.75,7588.5,7586.25,7587.5,4776
2026-09-10 10:09:00-04:00,7587.5,7587.75,7585.5,7587.5,4069
2026-09-10 10:10:00-04:00,7587.5,7589.75,7587.0,7588.25,5979
2026-09-10 10:11:00-04:00,7588.25,7592.25,7586.5,7592.0,5632
2026-09-10 10:12:00-04:00,7592.25,7595.0,7592.0,7594.5,4920
2026-09-10 10:13:00-04:00,7594.5,7597.0,7594.5,7595.5,4212
2026-09-10 10:14:00-04:00,7595.5,7596.0,7592.0,7593.0,3946
2026-09-10 10:15:00-04:00,7592.75,7594.75,7590.5,7594.0,5286
2026-09-10 10:16:00-04:00,7593.75,7597.0,7592.25,7596.0,4444
2026-09-10 10:17:00-04:00,7596.0,7596.0,7591.75,7592.5,4593
2026-09-10 10:18:00-04:00,7592.5,7595.75,7592.25,7595.25,3343
2026-09-10 10:19:00-04:00,7595.25,7600.0,7594.75,7599.25,5319
2026-09-10 10:20:00-04:00,7599.25,7602.0,7598.5,7601.25,7523
2026-09-10 10:21:00-04:00,7601.25,7603.0,7599.25,7603.0,5805
2026-09-10 10:22:00-04:00,7602.75,7605.75,7601.25,7605.5,6155
2026-09-10 10:23:00-04:00,7605.5,7605.75,7602.25,7603.0,4384
2026-09-10 10:24:00-04:00,7602.75,7620.0,7601.5,7613.0,24168
2026-09-10 10:25:00-04:00,7613.0,7618.25,7612.5,7613.75,13649
2026-09-10 10:26:00-04:00,7613.75,7615.75,7608.5,7609.5,8786
2026-09-10 10:27:00-04:00,7609.75,7610.25,7607.5,7607.75,6951
2026-09-10 10:28:00-04:00,7607.75,7610.0,7606.75,7608.25,4782
2026-09-10 10:29:00-04:00,7608.25,7608.25,7604.75,7606.25,4735
2026-09-10 10:30:00-04:00,7606.25,7609.25,7605.5,7607.75,5137
2026-09-10 10:31:00-04:00,7607.75,7611.0,7606.5,7609.75,4051
2026-09-10 10:32:00-04:00,7609.5,7610.0,7607.0,7608.25,4162
2026-09-10 10:33:00-04:00,7608.25,7609.75,7607.25,7608.25,2663
2026-09-10 10:34:00-04:00,7608.25,7612.0,7608.0,7608.0,3639
2026-09-10 10:35:00-04:00,7608.25,7613.25,7608.0,7611.75,3729
2026-09-10 10:36:00-04:00,7612.0,7614.25,7610.75,7613.25,3453
2026-09-10 10:37:00-04:00,7613.5,7615.0,7612.0,7614.5,3089
2026-09-10 10:38:00-04:00,7614.5,7615.5,7613.5,7614.5,2874
2026-09-10 10:39:00-04:00,7614.5,7615.0,7612.0,7612.5,3969
2026-09-10 10:40:00-04:00,7612.25,7613.5,7610.25,7611.25,3941
2026-09-10 10:41:00-04:00,7611.5,7613.0,7611.5,7611.75,2290
2026-09-10 10:42:00-04:00,7611.75,7613.5,7609.25,7609.25,3426
2026-09-10 10:43:00-04:00,7609.25,7609.5,7606.75,7607.0,4392
2026-09-10 10:44:00-04:00,7607.25,7608.0,7606.0,7607.75,3079
2026-09-10 10:45:00-04:00,7607.75,7607.75,7605.25,7605.75,3714
2026-09-10 10:46:00-04:00,7605.75,7609.75,7605.5,7609.25,3236
2026-09-10 10:47:00-04:00,7609.25,7609.25,7603.75,7604.0,3582
2026-09-10 10:48:00-04:00,7604.25,7607.5,7603.75,7607.25,3709
2026-09-10 10:49:00-04:00,7607.0,7608.5,7606.0,7607.25,3357
2026-09-10 10:50:00-04:00,7607.25,7607.5,7604.5,7604.75,3588
2026-09-10 10:51:00-04:00,7605.0,7609.5,7604.75,7609.25,3089
2026-09-10 10:52:00-04:00,7609.5,7611.0,7608.25,7609.5,3873
2026-09-10 10:53:00-04:00,7609.5,7611.25,7608.25,7610.0,2562
2026-09-10 10:54:00-04:00,7610.0,7611.25,7609.0,7611.0,2801
2026-09-10 10:55:00-04:00,7611.25,7612.0,7608.5,7608.5,2827
2026-09-10 10:56:00-04:00,7608.5,7612.25,7608.25,7612.0,2515
2026-09-10 10:57:00-04:00,7612.0,7614.5,7611.0,7613.75,4055
2026-09-10 10:58:00-04:00,7613.75,7614.25,7611.75,7613.0,2491
2026-09-10 10:59:00-04:00,7613.0,7614.0,7611.5,7613.5,2158
2026-09-10 11:00:00-04:00,7613.25,7614.0,7609.75,7610.5,5194
2026-09-10 11:01:00-04:00,7610.75,7610.75,7607.25,7608.25,3806
2026-09-10 11:02:00-04:00,7608.0,7608.25,7604.75,7605.75,3770
2026-09-10 11:03:00-04:00,7605.75,7608.25,7605.25,7607.75,3509
2026-09-10 11:04:00-04:00,7607.75,7609.25,7607.0,7607.75,2372
2026-09-10 11:05:00-04:00,7607.75,7613.0,7607.75,7612.25,3576
2026-09-10 11:06:00-04:00,7612.25,7612.25,7610.5,7612.0,2121
2026-09-10 11:07:00-04:00,7612.0,7613.5,7611.25,7612.25,1559
2026-09-10 11:08:00-04:00,7612.0,7614.0,7611.75,7613.25,2219
2026-09-10 11:09:00-04:00,7613.25,7613.5,7609.25,7609.5,2790
2026-09-10 11:10:00-04:00,7609.5,7614.0,7609.5,7614.0,2462
2026-09-10 11:11:00-04:00,7614.0,7614.0,7611.25,7611.75,2544
2026-09-10 11:12:00-04:00,7611.75,7613.5,7611.0,7611.75,1746
2026-09-10 11:13:00-04:00,7611.75,7612.5,7608.75,7611.25,6144
2026-09-10 11:14:00-04:00,7611.0,7611.5,7608.75,7609.75,2566
2026-09-10 11:15:00-04:00,7609.75,7611.5,7608.0,7609.5,2513
2026-09-10 11:16:00-04:00,7609.5,7610.25,7608.5,7609.75,2715
2026-09-10 11:17:00-04:00,7609.5,7611.75,7609.25,7610.75,2250
2026-09-10 11:18:00-04:00,7610.75,7611.0,7608.5,7609.0,2118
2026-09-10 11:19:00-04:00,7609.0,7610.5,7608.25,7610.25,2334
2026-09-10 11:20:00-04:00,7610.25,7611.5,7607.25,7607.5,2843
2026-09-10 11:21:00-04:00,7607.25,7607.5,7605.75,7607.25,4181
2026-09-10 11:22:00-04:00,7607.25,7610.25,7606.75,7610.0,2210
2026-09-10 11:23:00-04:00,7610.25,7610.75,7608.75,7609.25,2549
2026-09-10 11:24:00-04:00,7609.25,7613.0,7609.0,7612.5,2224
2026-09-10 11:25:00-04:00,7612.5,7613.5,7610.75,7612.75,2795
2026-09-10 11:26:00-04:00,7612.75,7613.0,7611.25,7612.25,2743
2026-09-10 11:27:00-04:00,7612.25,7615.0,7611.75,7614.25,3023
2026-09-10 11:28:00-04:00,7614.25,7615.0,7613.25,7613.25,2343
2026-09-10 11:29:00-04:00,7613.25,7613.5,7611.0,7611.25,2702
2026-09-10 11:30:00-04:00,7611.5,7613.5,7611.25,7612.25,3233
2026-09-10 11:31:00-04:00,7612.25,7613.25,7611.0,7611.75,2840
2026-09-10 11:32:00-04:00,7611.5,7612.25,7609.25,7611.5,2914
2026-09-10 11:33:00-04:00,7611.25,7614.5,7611.0,7613.75,2429
2026-09-10 11:34:00-04:00,7613.5,7615.5,7613.0,7614.0,2762
2026-09-10 11:35:00-04:00,7613.75,7615.25,7613.25,7615.25,2571
2026-09-10 11:36:00-04:00,7615.25,7617.5,7615.0,7616.75,3067
2026-09-10 11:37:00-04:00,7617.0,7619.25,7616.25,7618.5,2557
2026-09-10 11:38:00-04:00,7618.25,7618.5,7613.25,7613.5,3905
2026-09-10 11:39:00-04:00,7613.5,7613.5,7610.0,7612.0,5183
2026-09-10 11:40:00-04:00,7611.75,7612.5,7610.25,7610.5,2464
2026-09-10 11:41:00-04:00,7610.5,7613.25,7610.25,7612.0,2527
2026-09-10 11:42:00-04:00,7612.0,7612.75,7610.75,7612.5,1604
2026-09-10 11:43:00-04:00,7612.5,7613.25,7610.5,7613.25,2377
2026-09-10 11:44:00-04:00,7613.25,7613.75,7612.5,7613.25,1613
2026-09-10 11:45:00-04:00,7613.5,7614.75,7611.0,7611.0,2534
2026-09-10 11:46:00-04:00,7611.0,7611.25,7608.25,7608.75,2475
2026-09-10 11:47:00-04:00,7608.75,7609.25,7606.75,7607.5,2877
2026-09-10 11:48:00-04:00,7607.5,7609.0,7607.25,7608.0,2373
2026-09-10 11:49:00-04:00,7608.0,7611.75,7608.0,7610.5,2792
2026-09-10 11:50:00-04:00,7610.5,7610.5,7608.5,7608.5,3435
2026-09-10 11:51:00-04:00,7608.5,7610.75,7608.25,7609.25,1967
2026-09-10 11:52:00-04:00,7609.0,7613.0,7609.0,7609.75,3491
2026-09-10 11:53:00-04:00,7609.75,7610.25,7607.0,7607.25,2183
2026-09-10 11:54:00-04:00,7607.5,7607.75,7605.25,7605.5,2122
2026-09-10 11:55:00-04:00,7605.25,7605.5,7602.5,7603.75,3790
2026-09-10 11:56:00-04:00,7603.75,7604.0,7601.25,7601.75,3892
2026-09-10 11:57:00-04:00,7601.75,7602.75,7601.5,7602.25,2809
2026-09-10 11:58:00-04:00,7602.25,7605.5,7601.75,7605.25,2813
2026-09-10 11:59:00-04:00,7605.25,7606.5,7604.5,7604.75,2437
2026-09-10 12:00:00-04:00,7605.0,7609.25,7604.25,7608.75,6322
2026-09-10 12:01:00-04:00,7608.75,7610.25,7607.25,7607.25,3585
2026-09-10 12:02:00-04:00,7607.25,7608.0,7606.25,7606.25,2230
2026-09-10 12:03:00-04:00,7606.25,7606.75,7603.5,7604.75,2902
2026-09-10 12:04:00-04:00,7604.5,7606.75,7604.5,7605.0,2106
2026-09-10 12:05:00-04:00,7604.75,7605.5,7604.25,7604.75,1896
2026-09-10 12:06:00-04:00,7604.75,7605.75,7604.25,7604.5,1732
2026-09-10 12:07:00-04:00,7604.5,7605.0,7600.75,7601.5,2653
2026-09-10 12:08:00-04:00,7601.25,7602.25,7600.25,7600.75,3227
2026-09-10 12:09:00-04:00,7600.5,7601.5,7599.75,7600.25,2597
2026-09-10 12:10:00-04:00,7600.0,7601.0,7598.75,7599.25,2957
2026-09-10 12:11:00-04:00,7599.0,7599.5,7597.5,7599.0,3056
2026-09-10 12:12:00-04:00,7598.75,7600.25,7598.0,7599.5,2488
2026-09-10 12:13:00-04:00,7599.5,7602.0,7599.25,7601.25,3298
2026-09-10 12:14:00-04:00,7601.25,7602.75,7600.0,7600.5,2037
2026-09-10 12:15:00-04:00,7600.25,7603.0,7600.0,7603.0,2660
2026-09-10 12:16:00-04:00,7602.75,7603.75,7599.5,7600.0,2707
2026-09-10 12:17:00-04:00,7600.25,7600.75,7598.0,7598.75,2451
2026-09-10 12:18:00-04:00,7598.5,7599.75,7598.5,7599.25,1739
2026-09-10 12:19:00-04:00,7599.0,7601.0,7599.0,7599.75,1886
2026-09-10 12:20:00-04:00,7599.75,7602.5,7599.75,7600.75,2766
2026-09-10 12:21:00-04:00,7600.5,7601.5,7599.75,7600.0,1866
2026-09-10 12:22:00-04:00,7600.0,7601.5,7600.0,7601.25,1560
2026-09-10 12:23:00-04:00,7601.25,7601.25,7599.75,7600.25,1441
2026-09-10 12:24:00-04:00,7600.5,7600.75,7599.25,7600.0,1325
2026-09-10 12:25:00-04:00,7599.75,7600.25,7597.75,7598.25,1995
2026-09-10 12:26:00-04:00,7598.0,7598.75,7597.75,7597.75,1421
2026-09-10 12:27:00-04:00,7597.5,7598.5,7597.0,7598.25,1898
2026-09-10 12:28:00-04:00,7598.0,7599.5,7597.75,7599.0,1659
2026-09-10 12:29:00-04:00,7598.75,7600.25,7598.75,7600.25,1973
2026-09-10 12:30:00-04:00,7600.0,7602.0,7599.5,7600.75,2601
2026-09-10 12:31:00-04:00,7601.0,7601.75,7600.5,7601.0,1751
2026-09-10 12:32:00-04:00,7601.25,7603.5,7600.0,7602.0,1959
2026-09-10 12:33:00-04:00,7602.25,7602.25,7601.0,7601.25,1659
2026-09-10 12:34:00-04:00,7601.0,7601.5,7594.25,7594.25,13758
2026-09-10 12:35:00-04:00,7594.25,7595.25,7591.5,7593.75,5554
2026-09-10 12:36:00-04:00,7594.0,7598.0,7593.75,7597.75,3893
2026-09-10 12:37:00-04:00,7597.75,7600.5,7597.25,7599.25,3572
2026-09-10 12:38:00-04:00,7599.25,7601.0,7598.75,7599.5,2137
2026-09-10 12:39:00-04:00,7599.5,7601.75,7599.5,7601.0,1998
2026-09-10 12:40:00-04:00,7601.0,7603.25,7600.5,7602.75,2537
2026-09-10 12:41:00-04:00,7602.75,7604.75,7601.75,7604.25,2433
2026-09-10 12:42:00-04:00,7604.5,7605.0,7603.0,7604.0,1757
2026-09-10 12:43:00-04:00,7604.25,7606.25,7603.25,7606.25,2143
2026-09-10 12:44:00-04:00,7606.0,7608.5,7605.5,7607.25,2756
2026-09-10 12:45:00-04:00,7607.25,7610.25,7607.0,7609.75,3727
2026-09-10 12:46:00-04:00,7610.0,7613.0,7609.0,7611.75,3777
2026-09-10 12:47:00-04:00,7612.0,7612.75,7610.75,7611.25,3090
2026-09-10 12:48:00-04:00,7611.25,7611.75,7610.0,7610.0,2399
2026-09-10 12:49:00-04:00,7610.25,7610.5,7607.25,7607.5,3844
2026-09-10 12:50:00-04:00,7607.5,7609.0,7607.0,7607.5,1839
2026-09-10 12:51:00-04:00,7607.25,7608.75,7606.75,7606.75,1541
2026-09-10 12:52:00-04:00,7606.75,7609.25,7606.25,7608.25,2272
2026-09-10 12:53:00-04:00,7608.5,7610.5,7607.75,7610.5,3190
2026-09-10 12:54:00-04:00,7610.5,7611.25,7610.25,7611.0,1579
2026-09-10 12:55:00-04:00,7611.0,7613.0,7610.25,7612.0,2156
2026-09-10 12:56:00-04:00,7612.0,7612.25,7611.25,7611.5,1706
2026-09-10 12:57:00-04:00,7611.5,7611.75,7609.75,7610.0,1817
2026-09-10 12:58:00-04:00,7610.0,7612.0,7609.75,7611.5,2024
2026-09-10 12:59:00-04:00,7611.75,7612.0,7610.0,7611.5,2008
2026-09-10 13:00:00-04:00,7611.25,7611.75,7609.0,7611.5,2665
2026-09-10 13:01:00-04:00,7611.5,7611.75,7610.25,7610.75,1779
2026-09-10 13:02:00-04:00,7611.0,7617.75,7611.0,7612.0,11336
2026-09-10 13:03:00-04:00,7611.75,7612.0,7607.25,7607.5,3704
2026-09-10 13:04:00-04:00,7607.75,7609.75,7607.0,7609.5,2711
2026-09-10 13:05:00-04:00,7609.75,7612.0,7609.25,7610.75,2883
2026-09-10 13:06:00-04:00,7610.5,7610.75,7607.5,7609.5,5041
2026-09-10 13:07:00-04:00,7609.5,7610.25,7609.0,7609.75,1313
2026-09-10 13:08:00-04:00,7609.75,7610.75,7608.25,7608.75,2145
2026-09-10 13:09:00-04:00,7608.75,7609.75,7608.25,7609.0,1527
2026-09-10 13:10:00-04:00,7608.75,7613.75,7608.75,7613.25,3203
2026-09-10 13:11:00-04:00,7613.25,7613.25,7612.0,7612.5,1550
2026-09-10 13:12:00-04:00,7612.75,7613.75,7612.5,7612.75,1502
2026-09-10 13:13:00-04:00,7612.75,7612.75,7610.25,7610.5,2317
2026-09-10 13:14:00-04:00,7610.5,7611.0,7609.25,7609.5,1534
2026-09-10 13:15:00-04:00,7609.5,7610.5,7609.0,7609.75,1476
2026-09-10 13:16:00-04:00,7609.75,7611.25,7609.75,7610.5,3953
2026-09-10 13:17:00-04:00,7610.5,7610.75,7609.25,7610.0,1157
2026-09-10 13:18:00-04:00,7610.0,7610.75,7608.5,7608.75,1355
2026-09-10 13:19:00-04:00,7608.75,7609.5,7607.75,7609.0,1867
2026-09-10 13:20:00-04:00,7609.25,7610.25,7608.25,7609.5,1922
2026-09-10 13:21:00-04:00,7609.5,7609.75,7607.75,7607.75,1591
2026-09-10 13:22:00-04:00,7607.75,7609.0,7607.0,7607.75,1346
2026-09-10 13:23:00-04:00,7608.0,7608.0,7605.75,7605.75,1563
2026-09-10 13:24:00-04:00,7605.75,7606.5,7605.5,7606.0,1367
2026-09-10 13:25:00-04:00,7606.0,7606.25,7604.25,7604.75,1713
2026-09-10 13:26:00-04:00,7604.75,7606.25,7604.5,7606.0,2524
2026-09-10 13:27:00-04:00,7606.0,7606.5,7605.0,7605.5,1882
2026-09-10 13:28:00-04:00,7605.5,7606.5,7604.5,7605.75,2177
2026-09-10 13:29:00-04:00,7605.75,7606.0,7605.0,7605.25,1548
2026-09-10 13:30:00-04:00,7605.0,7605.25,7602.75,7604.0,3035
2026-09-10 13:31:00-04:00,7604.0,7605.5,7603.0,7605.0,2219
2026-09-10 13:32:00-04:00,7605.25,7606.25,7603.75,7604.25,2199
2026-09-10 13:33:00-04:00,7604.25,7604.5,7603.25,7604.25,1791
2026-09-10 13:34:00-04:00,7604.25,7607.25,7604.25,7605.0,1511
2026-09-10 13:35:00-04:00,7605.0,7606.75,7604.75,7606.25,1244
2026-09-10 13:36:00-04:00,7606.25,7607.25,7604.75,7604.75,1607
2026-09-10 13:37:00-04:00,7605.0,7605.25,7602.25,7602.5,2457
2026-09-10 13:38:00-04:00,7602.25,7603.25,7602.0,7602.5,1835
2026-09-10 13:39:00-04:00,7602.5,7602.75,7599.5,7600.0,2155
2026-09-10 13:40:00-04:00,7600.0,7600.5,7599.5,7600.0,1542
2026-09-10 13:41:00-04:00,7600.0,7602.0,7599.75,7602.0,1632
2026-09-10 13:42:00-04:00,7601.75,7602.0,7600.75,7601.5,1097
2026-09-10 13:43:00-04:00,7601.5,7603.0,7601.5,7602.75,1463
2026-09-10 13:44:00-04:00,7602.5,7604.0,7602.25,7603.5,1451
2026-09-10 13:45:00-04:00,7603.75,7604.25,7602.0,7603.0,1612
2026-09-10 13:46:00-04:00,7603.0,7603.5,7601.25,7601.75,1516
2026-09-10 13:47:00-04:00,7601.75,7603.0,7601.75,7601.75,884
2026-09-10 13:48:00-04:00,7602.0,7603.0,7601.25,7601.5,1162
2026-09-10 13:49:00-04:00,7601.5,7602.5,7601.5,7602.0,741
2026-09-10 13:50:00-04:00,7602.25,7603.0,7601.75,7602.75,937
2026-09-10 13:51:00-04:00,7602.75,7604.25,7602.5,7603.5,1228
2026-09-10 13:52:00-04:00,7603.75,7605.0,7603.5,7603.5,1338
2026-09-10 13:53:00-04:00,7603.75,7604.0,7601.25,7603.25,2971
2026-09-10 13:54:00-04:00,7603.25,7603.75,7602.5,7603.25,1137
2026-09-10 13:55:00-04:00,7603.25,7603.5,7601.25,7602.0,1758
2026-09-10 13:56:00-04:00,7602.0,7602.5,7601.5,7602.5,1381
2026-09-10 13:57:00-04:00,7602.25,7604.75,7601.75,7602.5,1717
2026-09-10 13:58:00-04:00,7602.5,7603.25,7602.0,7602.75,1218
2026-09-10 13:59:00-04:00,7602.75,7603.25,7602.25,7602.25,821
2026-09-10 14:00:00-04:00,7602.25,7605.25,7602.0,7605.25,1957
2026-09-10 14:01:00-04:00,7605.0,7605.25,7600.75,7600.75,3269
2026-09-10 14:02:00-04:00,7601.0,7601.5,7598.5,7599.75,2904
2026-09-10 14:03:00-04:00,7599.5,7599.5,7597.75,7598.25,2020
2026-09-10 14:04:00-04:00,7598.25,7600.0,7598.0,7599.0,2096
2026-09-10 14:05:00-04:00,7599.0,7599.25,7596.75,7598.25,2365
2026-09-10 14:06:00-04:00,7598.0,7599.75,7597.75,7599.25,1630
2026-09-10 14:07:00-04:00,7599.0,7601.25,7599.0,7600.5,2993
2026-09-10 14:08:00-04:00,7600.5,7601.25,7599.5,7599.5,1927
2026-09-10 14:09:00-04:00,7599.25,7599.25,7596.0,7597.0,2232
2026-09-10 14:10:00-04:00,7596.75,7596.75,7594.25,7595.0,4325
2026-09-10 14:11:00-04:00,7595.25,7596.25,7595.0,7596.0,2017
2026-09-10 14:12:00-04:00,7595.75,7596.75,7594.75,7596.5,2009
2026-09-10 14:13:00-04:00,7596.75,7597.25,7595.75,7597.0,2036
2026-09-10 14:14:00-04:00,7597.0,7598.5,7596.25,7596.5,1698
2026-09-10 14:15:00-04:00,7596.25,7596.5,7594.0,7596.0,2684
2026-09-10 14:16:00-04:00,7595.75,7597.0,7594.5,7594.75,1630
2026-09-10 14:17:00-04:00,7595.0,7595.5,7594.25,7595.0,1461
2026-09-10 14:18:00-04:00,7594.75,7595.5,7594.0,7595.25,1420
2026-09-10 14:19:00-04:00,7595.0,7596.5,7595.0,7596.25,1187
2026-09-10 14:20:00-04:00,7596.25,7598.5,7596.0,7597.75,2250
2026-09-10 14:21:00-04:00,7597.5,7598.75,7597.5,7598.25,1612
2026-09-10 14:22:00-04:00,7598.0,7600.0,7598.0,7599.5,1679
2026-09-10 14:23:00-04:00,7599.25,7600.0,7598.0,7598.5,1805
2026-09-10 14:24:00-04:00,7598.5,7599.0,7597.5,7597.5,1171
2026-09-10 14:25:00-04:00,7597.5,7598.75,7596.25,7596.25,1620
2026-09-10 14:26:00-04:00,7596.25,7597.25,7595.25,7595.75,1544
2026-09-10 14:27:00-04:00,7595.75,7596.25,7595.25,7596.0,1044
2026-09-10 14:28:00-04:00,7596.0,7598.5,7596.0,7598.0,1773
2026-09-10 14:29:00-04:00,7597.75,7598.0,7596.25,7596.75,1069
2026-09-10 14:30:00-04:00,7596.5,7596.5,7594.25,7594.75,2238
2026-09-10 14:31:00-04:00,7594.5,7595.5,7594.5,7595.25,1112
2026-09-10 14:32:00-04:00,7595.25,7595.5,7593.25,7593.5,2148
2026-09-10 14:33:00-04:00,7593.5,7594.25,7592.25,7592.5,1705
2026-09-10 14:34:00-04:00,7592.5,7595.75,7591.75,7595.25,3485
2026-09-10 14:35:00-04:00,7595.5,7596.75,7594.25,7596.5,1904
2026-09-10 14:36:00-04:00,7596.5,7597.0,7595.5,7596.25,1672
2026-09-10 14:37:00-04:00,7596.0,7596.25,7595.25,7596.0,1029
2026-09-10 14:38:00-04:00,7596.0,7597.25,7595.0,7597.0,1124
2026-09-10 14:39:00-04:00,7597.0,7598.25,7596.25,7597.75,1402
2026-09-10 14:40:00-04:00,7598.0,7598.25,7597.0,7597.5,1414
2026-09-10 14:41:00-04:00,7597.5,7598.75,7597.0,7597.75,1445
2026-09-10 14:42:00-04:00,7597.75,7598.25,7597.0,7597.25,1197
2026-09-10 14:43:00-04:00,7597.25,7597.75,7596.25,7597.0,1486
2026-09-10 14:44:00-04:00,7597.0,7598.25,7597.0,7597.75,1094
2026-09-10 14:45:00-04:00,7597.5,7597.75,7595.5,7596.0,1467
2026-09-10 14:46:00-04:00,7596.0,7597.25,7595.5,7596.25,1404
2026-09-10 14:47:00-04:00,7596.25,7596.25,7595.5,7596.0,832
2026-09-10 14:48:00-04:00,7596.0,7596.0,7593.5,7595.0,1826
2026-09-10 14:49:00-04:00,7594.75,7600.5,7594.75,7597.0,5756
2026-09-10 14:50:00-04:00,7597.0,7597.75,7595.0,7597.75,2144
2026-09-10 14:51:00-04:00,7597.75,7603.5,7597.25,7601.5,8468
2026-09-10 14:52:00-04:00,7601.25,7603.5,7599.5,7602.5,3548
2026-09-10 14:53:00-04:00,7602.75,7603.0,7600.0,7601.25,3095
2026-09-10 14:54:00-04:00,7601.25,7602.25,7598.75,7599.25,2471
2026-09-10 14:55:00-04:00,7599.25,7600.0,7598.25,7600.0,1860
2026-09-10 14:56:00-04:00,7599.75,7600.75,7599.25,7599.25,1808
2026-09-10 14:57:00-04:00,7599.5,7599.5,7597.0,7598.0,1513
2026-09-10 14:58:00-04:00,7597.75,7598.0,7596.0,7597.25,1937
2026-09-10 14:59:00-04:00,7597.0,7598.0,7596.5,7597.0,1560
2026-09-10 15:00:00-04:00,7597.0,7597.0,7594.5,7595.5,3361
2026-09-10 15:01:00-04:00,7595.5,7597.0,7594.0,7594.25,2711
2026-09-10 15:02:00-04:00,7594.25,7595.25,7594.0,7594.25,2330
2026-09-10 15:03:00-04:00,7594.25,7595.0,7593.0,7594.75,1935
2026-09-10 15:04:00-04:00,7594.5,7595.0,7592.75,7592.75,2932
2026-09-10 15:05:00-04:00,7592.5,7593.75,7592.5,7593.75,1642
2026-09-10 15:06:00-04:00,7593.5,7595.25,7593.5,7594.75,2523
2026-09-10 15:07:00-04:00,7595.0,7596.0,7593.75,7593.75,1662
2026-09-10 15:08:00-04:00,7594.0,7595.25,7593.75,7594.25,2617
2026-09-10 15:09:00-04:00,7594.5,7599.5,7594.25,7599.25,7569
2026-09-10 15:10:00-04:00,7599.25,7599.25,7596.75,7596.75,2452
2026-09-10 15:11:00-04:00,7596.75,7597.5,7595.0,7595.25,2645
2026-09-10 15:12:00-04:00,7595.25,7598.75,7594.75,7598.25,3281
2026-09-10 15:13:00-04:00,7598.0,7599.0,7598.0,7598.0,1877
2026-09-10 15:14:00-04:00,7598.0,7598.5,7597.0,7597.5,2919
2026-09-10 15:15:00-04:00,7597.75,7599.25,7596.0,7596.5,2473
2026-09-10 15:16:00-04:00,7596.5,7597.25,7596.0,7596.25,1322
2026-09-10 15:17:00-04:00,7596.25,7597.5,7594.25,7594.25,1599
2026-09-10 15:18:00-04:00,7594.5,7595.5,7593.0,7594.5,3115
2026-09-10 15:19:00-04:00,7594.5,7595.25,7593.5,7594.75,2527
2026-09-10 15:20:00-04:00,7594.75,7596.75,7594.25,7594.5,2689
2026-09-10 15:21:00-04:00,7594.5,7595.25,7594.25,7595.0,1423
2026-09-10 15:22:00-04:00,7595.0,7595.5,7594.5,7594.75,1012
2026-09-10 15:23:00-04:00,7595.0,7595.0,7593.0,7593.25,1750
2026-09-10 15:24:00-04:00,7593.25,7596.75,7593.25,7596.5,1931
2026-09-10 15:25:00-04:00,7596.5,7597.5,7595.0,7595.25,2306
2026-09-10 15:26:00-04:00,7595.5,7596.25,7595.25,7595.5,1381
2026-09-10 15:27:00-04:00,7595.75,7596.5,7595.5,7595.75,1618
2026-09-10 15:28:00-04:00,7595.75,7596.0,7594.75,7595.5,1693
2026-09-10 15:29:00-04:00,7595.75,7596.25,7595.25,7595.75,1257
2026-09-10 15:30:00-04:00,7595.75,7596.25,7594.25,7594.5,3179
2026-09-10 15:31:00-04:00,7594.25,7596.75,7594.25,7596.5,1802
2026-09-10 15:32:00-04:00,7596.75,7597.25,7595.75,7596.5,2405
2026-09-10 15:33:00-04:00,7596.75,7598.0,7596.25,7597.5,2074
2026-09-10 15:34:00-04:00,7597.5,7599.75,7597.5,7599.0,2217
2026-09-10 15:35:00-04:00,7599.25,7599.25,7597.5,7597.5,2201
2026-09-10 15:36:00-04:00,7597.75,7598.75,7597.25,7598.25,1701
2026-09-10 15:37:00-04:00,7598.25,7598.5,7596.25,7597.0,1396
2026-09-10 15:38:00-04:00,7597.0,7600.5,7596.75,7600.0,3058
2026-09-10 15:39:00-04:00,7599.75,7601.0,7599.25,7599.75,2920
2026-09-10 15:40:00-04:00,7599.75,7601.0,7599.5,7599.75,1624
2026-09-10 15:41:00-04:00,7599.75,7601.5,7599.5,7600.25,2110
2026-09-10 15:42:00-04:00,7600.5,7601.75,7600.25,7601.25,2080
2026-09-10 15:43:00-04:00,7601.25,7602.75,7600.75,7602.25,2573
2026-09-10 15:44:00-04:00,7602.5,7602.5,7599.5,7600.0,2530
2026-09-10 15:45:00-04:00,7600.25,7602.0,7599.75,7602.0,2928
2026-09-10 15:46:00-04:00,7602.0,7602.0,7598.25,7598.25,2480
2026-09-10 15:47:00-04:00,7598.5,7600.5,7597.75,7599.25,2396
2026-09-10 15:48:00-04:00,7599.25,7599.5,7597.5,7598.0,1649
2026-09-10 15:49:00-04:00,7598.25,7601.25,7598.0,7600.75,2977
2026-09-10 15:50:00-04:00,7600.75,7602.75,7598.0,7598.75,6267
2026-09-10 15:51:00-04:00,7598.75,7599.5,7597.5,7598.5,2564
2026-09-10 15:52:00-04:00,7598.25,7598.5,7597.0,7597.5,3169
2026-09-10 15:53:00-04:00,7597.5,7598.25,7595.75,7598.25,3250
2026-09-10 15:54:00-04:00,7598.25,7599.5,7596.5,7598.5,7001
2026-09-10 15:55:00-04:00,7598.5,7600.0,7597.25,7598.75,5276
2026-09-10 15:56:00-04:00,7599.0,7599.5,7597.25,7598.75,3334
2026-09-10 15:57:00-04:00,7598.75,7599.5,7598.0,7598.5,4222
2026-09-10 15:58:00-04:00,7598.25,7600.0,7597.5,7599.25,8807
2026-09-10 15:59:00-04:00,7599.25,7600.5,7596.0,7598.5,58633
2026-09-10 16:00:00-04:00,7598.75,7599.5,7596.75,7598.0,14086
2026-09-10 16:01:00-04:00,7597.75,7598.75,7597.25,7597.5,1889
2026-09-10 16:02:00-04:00,7597.5,7598.75,7596.75,7597.25,2488
2026-09-10 16:03:00-04:00,7597.25,7597.75,7596.5,7597.0,931
2026-09-10 16:04:00-04:00,7597.0,7598.5,7596.5,7598.0,1665
2026-09-10 16:05:00-04:00,7598.0,7599.25,7595.75,7599.0,2041
2026-09-10 16:06:00-04:00,7599.0,7600.75,7599.0,7600.25,1527
2026-09-10 16:07:00-04:00,7600.0,7601.25,7600.0,7600.5,999
2026-09-10 16:08:00-04:00,7600.5,7601.25,7600.25,7600.25,325
2026-09-10 16:09:00-04:00,7600.25,7602.0,7600.0,7601.5,763
2026-09-10 16:10:00-04:00,7601.25,7604.75,7599.75,7604.5,3148
2026-09-10 16:11:00-04:00,7604.5,7606.0,7603.75,7604.75,1004
2026-09-10 16:12:00-04:00,7604.75,7606.0,7604.5,7605.0,1031
2026-09-10 16:13:00-04:00,7604.75,7605.5,7604.0,7605.0,719
2026-09-10 16:14:00-04:00,7605.0,7606.25,7604.75,7605.75,656
2026-09-10 16:15:00-04:00,7606.0,7606.25,7604.75,7606.0,440
2026-09-10 16:16:00-04:00,7606.0,7606.5,7604.0,7604.0,964
2026-09-10 16:17:00-04:00,7604.0,7604.5,7603.75,7604.25,449
2026-09-10 16:18:00-04:00,7604.0,7605.0,7603.75,7605.0,242
2026-09-10 16:19:00-04:00,7604.75,7605.0,7604.5,7604.75,165
2026-09-10 16:20:00-04:00,7604.75,7605.5,7604.75,7605.25,319
2026-09-10 16:21:00-04:00,7605.25,7605.25,7604.5,7605.0,223
2026-09-10 16:22:00-04:00,7605.25,7605.25,7604.5,7605.0,145
2026-09-10 16:23:00-04:00,7605.25,7605.25,7604.5,7604.75,176
2026-09-10 16:24:00-04:00,7604.75,7606.25,7604.75,7605.5,364
2026-09-10 16:25:00-04:00,7605.5,7605.75,7605.5,7605.75,184
2026-09-10 16:26:00-04:00,7605.75,7605.75,7605.0,7605.25,302
2026-09-10 16:27:00-04:00,7605.5,7605.75,7604.75,7604.75,442
2026-09-10 16:28:00-04:00,7604.75,7605.25,7604.5,7604.5,201
2026-09-10 16:29:00-04:00,7604.5,7604.5,7603.25,7603.5,456
2026-09-10 16:30:00-04:00,7603.75,7604.0,7603.25,7604.0,451
2026-09-10 16:31:00-04:00,7604.0,7604.0,7603.25,7603.5,323
2026-09-10 16:32:00-04:00,7603.75,7604.25,7603.75,7604.0,206
2026-09-10 16:33:00-04:00,7604.0,7604.5,7603.75,7604.5,185
2026-09-10 16:34:00-04:00,7604.5,7604.5,7603.75,7604.5,325
2026-09-10 16:35:00-04:00,7604.25,7604.75,7604.25,7604.25,195
2026-09-10 16:36:00-04:00,7604.25,7604.75,7603.75,7603.75,203
2026-09-10 16:37:00-04:00,7603.75,7604.5,7603.75,7604.5,192
2026-09-10 16:38:00-04:00,7604.5,7605.0,7604.5,7604.75,146
2026-09-10 16:39:00-04:00,7604.5,7605.0,7604.25,7604.75,424
2026-09-10 16:40:00-04:00,7604.75,7605.0,7604.0,7604.25,252
2026-09-10 16:41:00-04:00,7604.25,7604.75,7604.25,7604.75,126
2026-09-10 16:42:00-04:00,7604.75,7604.75,7604.0,7604.25,142
2026-09-10 16:43:00-04:00,7604.25,7605.0,7604.25,7604.75,182
2026-09-10 16:44:00-04:00,7604.5,7604.75,7604.0,7604.0,322
2026-09-10 16:45:00-04:00,7604.25,7604.75,7603.75,7604.75,323
2026-09-10 16:46:00-04:00,7604.5,7605.0,7604.0,7604.25,261
2026-09-10 16:47:00-04:00,7604.25,7604.5,7603.75,7604.25,298
2026-09-10 16:48:00-04:00,7604.25,7605.0,7604.0,7604.5,620
2026-09-10 16:49:00-04:00,7604.5,7604.75,7604.25,7604.5,126
2026-09-10 16:50:00-04:00,7604.25,7604.5,7604.0,7604.5,207
2026-09-10 16:51:00-04:00,7604.5,7605.25,7604.5,7605.0,219
2026-09-10 16:52:00-04:00,7605.0,7605.25,7604.75,7605.25,276
2026-09-10 16:53:00-04:00,7605.0,7605.5,7605.0,7605.25,169
2026-09-10 16:54:00-04:00,7605.25,7605.25,7605.0,7605.0,308
2026-09-10 16:55:00-04:00,7605.0,7605.25,7604.5,7604.75,363
2026-09-10 16:56:00-04:00,7605.0,7605.0,7603.75,7603.75,368
2026-09-10 16:57:00-04:00,7604.0,7604.0,7602.75,7602.75,481
2026-09-10 16:58:00-04:00,7602.75,7603.0,7599.25,7600.25,802
2026-09-10 16:59:00-04:00,7600.5,7602.0,7600.5,7602.0,549
2026-09-10 18:00:00-04:00,7599.5,7602.75,7599.5,7601.75,0
2026-09-10 18:01:00-04:00,7601.75,7603.25,7601.5,7602.5,187
2026-09-10 18:02:00-04:00,7602.25,7602.75,7601.0,7602.25,143
2026-09-10 18:03:00-04:00,7602.0,7602.5,7600.25,7601.5,136
2026-09-10 18:04:00-04:00,7601.5,7602.75,7601.5,7602.5,63
2026-09-10 18:05:00-04:00,7602.5,7602.75,7602.0,7602.25,51
2026-09-10 18:06:00-04:00,7602.25,7603.0,7601.5,7602.0,85
2026-09-10 18:07:00-04:00,7601.75,7601.75,7600.25,7600.75,80
2026-09-10 18:08:00-04:00,7601.0,7602.5,7600.75,7602.5,252
2026-09-10 18:09:00-04:00,7602.5,7602.75,7602.0,7602.5,74
2026-09-10 18:10:00-04:00,7602.5,7603.75,7602.25,7603.5,87
2026-09-10 18:11:00-04:00,7603.25,7603.25,7602.75,7602.75,48
2026-09-10 18:12:00-04:00,7603.0,7603.25,7602.25,7602.5,33
2026-09-10 18:13:00-04:00,7602.25,7602.75,7602.0,7602.5,40
2026-09-10 18:14:00-04:00,7602.5,7602.75,7602.25,7602.75,25
2026-09-10 18:15:00-04:00,7602.5,7603.25,7602.5,7602.5,102
2026-09-10 18:16:00-04:00,7602.5,7603.25,7602.5,7603.0,176
2026-09-10 18:17:00-04:00,7603.0,7603.5,7602.5,7603.5,187
2026-09-10 18:18:00-04:00,7603.25,7604.75,7603.25,7604.5,216
2026-09-10 18:19:00-04:00,7604.25,7605.25,7604.25,7605.0,151
2026-09-10 18:20:00-04:00,7604.75,7605.5,7604.75,7605.5,166
2026-09-10 18:21:00-04:00,7605.5,7607.25,7605.5,7607.0,526
2026-09-10 18:22:00-04:00,7607.0,7607.25,7605.75,7606.5,262
2026-09-10 18:23:00-04:00,7606.25,7606.5,7605.5,7605.75,221
2026-09-10 18:24:00-04:00,7605.5,7605.5,7603.75,7604.25,257
2026-09-10 18:25:00-04:00,7604.25,7604.5,7603.5,7604.0,78
2026-09-10 18:26:00-04:00,7603.75,7603.75,7602.25,7602.5,155
2026-09-10 18:27:00-04:00,7602.5,7602.75,7601.75,7602.0,137
2026-09-10 18:28:00-04:00,7601.75,7602.75,7601.5,7602.25,172
2026-09-10 18:29:00-04:00,7602.0,7602.5,7601.0,7601.0,112
2026-09-10 18:30:00-04:00,7601.0,7602.0,7601.0,7601.5,96
2026-09-10 18:31:00-04:00,7601.5,7602.0,7600.75,7600.75,110
2026-09-10 18:32:00-04:00,7601.0,7601.0,7600.25,7601.0,203
2026-09-10 18:33:00-04:00,7601.0,7601.0,7600.0,7600.75,169
2026-09-10 18:34:00-04:00,7600.75,7601.5,7600.5,7601.25,281
2026-09-10 18:35:00-04:00,7601.25,7601.75,7601.0,7601.0,80
2026-09-10 18:36:00-04:00,7600.75,7601.25,7600.5,7600.5,71
2026-09-10 18:37:00-04:00,7601.0,7601.25,7600.75,7601.25,82
2026-09-10 18:38:00-04:00,7601.0,7601.25,7600.75,7600.75,34
2026-09-10 18:39:00-04:00,7600.75,7601.25,7600.5,7600.5,80
2026-09-10 18:40:00-04:00,7600.5,7600.75,7599.5,7599.5,194
2026-09-10 18:41:00-04:00,7599.5,7600.5,7599.25,7600.5,143
2026-09-10 18:42:00-04:00,7600.75,7600.75,7600.0,7600.0,182
2026-09-10 18:43:00-04:00,7600.0,7600.0,7599.0,7599.25,199
2026-09-10 18:44:00-04:00,7599.25,7599.25,7598.75,7599.0,113
2026-09-10 18:45:00-04:00,7599.0,7599.25,7598.75,7599.25,105
2026-09-10 18:46:00-04:00,7599.0,7599.25,7598.25,7599.0,119
2026-09-10 18:47:00-04:00,7598.75,7600.25,7598.75,7599.75,140
2026-09-10 18:48:00-04:00,7599.75,7601.25,7599.75,7601.0,84
2026-09-10 18:49:00-04:00,7601.0,7602.0,7600.75,7601.25,150
2026-09-10 18:50:00-04:00,7601.5,7601.5,7600.5,7600.75,125
2026-09-10 18:51:00-04:00,7600.75,7601.0,7600.75,7600.75,34
2026-09-10 18:52:00-04:00,7600.75,7600.75,7599.75,7600.0,100
2026-09-10 18:53:00-04:00,7600.25,7600.25,7599.5,7599.5,64
2026-09-10 18:54:00-04:00,7599.5,7599.75,7599.0,7599.0,84
2026-09-10 18:55:00-04:00,7599.25,7600.0,7599.25,7599.75,76
2026-09-10 18:56:00-04:00,7600.0,7600.25,7599.5,7599.5,87
2026-09-10 18:57:00-04:00,7599.25,7599.25,7598.75,7599.0,42
2026-09-10 18:58:00-04:00,7599.0,7599.75,7599.0,7599.5,52
2026-09-10 18:59:00-04:00,7599.25,7599.75,7599.0,7599.75,22
2026-09-10 19:00:00-04:00,7599.5,7600.75,7599.5,7600.75,123
2026-09-10 19:01:00-04:00,7600.75,7601.25,7600.5,7601.25,74
2026-09-10 19:02:00-04:00,7601.25,7601.25,7600.5,7600.5,88
2026-09-10 19:03:00-04:00,7600.75,7600.75,7599.25,7599.5,80
2026-09-10 19:04:00-04:00,7599.5,7599.75,7599.25,7599.5,45
2026-09-10 19:05:00-04:00,7599.5,7600.5,7599.5,7600.0,76
2026-09-10 19:06:00-04:00,7600.25,7600.5,7600.25,7600.5,52
2026-09-10 19:07:00-04:00,7600.5,7600.5,7600.0,7600.0,25
2026-09-10 19:08:00-04:00,7600.0,7600.25,7600.0,7600.0,28
2026-09-10 19:09:00-04:00,7600.0,7600.75,7600.0,7600.75,54
2026-09-10 19:10:00-04:00,7600.75,7601.0,7600.25,7600.25,46
2026-09-10 19:11:00-04:00,7600.25,7600.5,7600.25,7600.5,17
2026-09-10 19:12:00-04:00,7600.25,7600.75,7600.25,7600.75,44
2026-09-10 19:13:00-04:00,7600.5,7600.75,7600.5,7600.75,28
2026-09-10 19:14:00-04:00,7601.0,7601.5,7601.0,7601.25,86
2026-09-10 19:15:00-04:00,7601.25,7601.25,7600.75,7601.0,71
2026-09-10 19:16:00-04:00,7600.75,7601.0,7600.75,7601.0,9
2026-09-10 19:17:00-04:00,7601.0,7601.75,7601.0,7601.5,88
2026-09-10 19:18:00-04:00,7601.5,7601.75,7600.75,7600.75,30
2026-09-10 19:19:00-04:00,7601.0,7601.5,7601.0,7601.0,70
2026-09-10 19:20:00-04:00,7601.25,7601.5,7601.25,7601.5,61
2026-09-10 19:21:00-04:00,7601.5,7601.5,7600.75,7600.75,31
2026-09-10 19:22:00-04:00,7600.75,7600.75,7600.25,7600.25,48
2026-09-10 19:23:00-04:00,7600.0,7600.25,7600.0,7600.25,42
2026-09-10 19:24:00-04:00,7600.25,7600.25,7599.5,7599.5,68
2026-09-10 19:25:00-04:00,7599.75,7600.0,7599.75,7600.0,24
2026-09-10 19:26:00-04:00,7600.0,7601.5,7600.0,7601.0,86
2026-09-10 19:27:00-04:00,7601.0,7601.0,7600.0,7600.25,58
2026-09-10 19:28:00-04:00,7600.25,7600.5,7600.0,7600.25,27
2026-09-10 19:29:00-04:00,7600.25,7600.25,7600.25,7600.25,23
2026-09-10 19:30:00-04:00,7600.25,7601.25,7600.25,7600.75,113
2026-09-10 19:31:00-04:00,7601.0,7601.0,7600.25,7600.25,80
2026-09-10 19:32:00-04:00,7600.5,7601.25,7600.5,7601.25,59
2026-09-10 19:33:00-04:00,7601.25,7601.75,7601.25,7601.75,86
2026-09-10 19:34:00-04:00,7601.5,7601.5,7600.25,7601.0,58
2026-09-10 19:35:00-04:00,7600.75,7600.75,7600.0,7600.25,46
2026-09-10 19:36:00-04:00,7600.5,7601.25,7600.5,7601.0,67
2026-09-10 19:37:00-04:00,7600.75,7600.75,7600.5,7600.5,20
2026-09-10 19:38:00-04:00,7600.5,7600.75,7600.5,7600.75,35
2026-09-10 19:39:00-04:00,7601.0,7601.25,7600.75,7600.75,44
2026-09-10 19:40:00-04:00,7600.75,7600.75,7600.25,7600.75,27
2026-09-10 19:41:00-04:00,7600.75,7601.0,7599.75,7600.0,112
2026-09-10 19:42:00-04:00,7600.0,7601.0,7600.0,7601.0,145
2026-09-10 19:43:00-04:00,7601.0,7601.0,7600.0,7600.25,76
2026-09-10 19:44:00-04:00,7600.25,7601.25,7600.25,7601.0,59
2026-09-10 19:45:00-04:00,7601.0,7601.0,7600.5,7600.5,118
2026-09-10 19:46:00-04:00,7600.5,7601.0,7600.5,7601.0,67
2026-09-10 19:47:00-04:00,7600.75,7600.75,7600.0,7600.0,63
2026-09-10 19:48:00-04:00,7600.0,7600.25,7599.75,7600.0,106
2026-09-10 19:49:00-04:00,7600.0,7600.0,7599.25,7599.25,63
2026-09-10 19:50:00-04:00,7599.5,7599.5,7598.75,7599.0,135
2026-09-10 19:51:00-04:00,7599.0,7599.0,7598.5,7598.5,125
2026-09-10 19:52:00-04:00,7598.5,7599.0,7598.25,7598.75,141
2026-09-10 19:53:00-04:00,7599.0,7599.75,7598.5,7598.5,183
2026-09-10 19:54:00-04:00,7598.5,7598.5,7597.0,7597.5,163
2026-09-10 19:55:00-04:00,7597.25,7597.25,7595.25,7595.5,533
2026-09-10 19:56:00-04:00,7595.25,7595.75,7595.0,7595.75,248
2026-09-10 19:57:00-04:00,7595.5,7595.75,7595.0,7595.25,221
2026-09-10 19:58:00-04:00,7595.25,7595.75,7594.75,7595.0,151
2026-09-10 19:59:00-04:00,7595.0,7595.25,7594.5,7595.0,392
2026-09-10 20:00:00-04:00,7595.0,7599.25,7594.25,7598.5,967
2026-09-10 20:01:00-04:00,7598.25,7599.0,7597.25,7598.25,510
2026-09-10 20:02:00-04:00,7598.25,7601.0,7597.25,7600.5,685
2026-09-10 20:03:00-04:00,7600.5,7601.25,7600.25,7600.75,412
2026-09-10 20:04:00-04:00,7600.75,7601.0,7599.5,7600.25,513
2026-09-10 20:05:00-04:00,7600.25,7601.5,7600.0,7601.0,537
2026-09-10 20:06:00-04:00,7601.0,7604.0,7600.5,7604.0,734
2026-09-10 20:07:00-04:00,7603.75,7605.5,7603.5,7605.25,861
2026-09-10 20:08:00-04:00,7605.25,7606.0,7604.25,7604.25,641
2026-09-10 20:09:00-04:00,7604.5,7604.75,7603.5,7603.75,579
2026-09-10 20:10:00-04:00,7603.5,7604.5,7603.25,7603.5,422
2026-09-10 20:11:00-04:00,7603.75,7604.25,7603.5,7603.5,398
2026-09-10 20:12:00-04:00,7603.75,7606.25,7603.5,7605.5,357
2026-09-10 20:13:00-04:00,7605.5,7605.5,7604.5,7604.5,259
2026-09-10 20:14:00-04:00,7604.25,7604.75,7603.75,7604.25,232
2026-09-10 20:15:00-04:00,7604.5,7605.75,7604.25,7604.5,286
2026-09-10 20:16:00-04:00,7604.5,7605.25,7604.25,7605.0,217
2026-09-10 20:17:00-04:00,7605.25,7606.0,7605.0,7605.75,267
2026-09-10 20:18:00-04:00,7605.75,7605.75,7603.5,7604.0,364
2026-09-10 20:19:00-04:00,7604.0,7604.5,7603.75,7604.25,118
2026-09-10 20:20:00-04:00,7604.25,7604.25,7603.0,7603.0,202
2026-09-10 20:21:00-04:00,7603.0,7604.5,7603.0,7603.75,199
2026-09-10 20:22:00-04:00,7603.75,7604.75,7603.5,7604.25,150
2026-09-10 20:23:00-04:00,7604.25,7606.25,7604.25,7606.25,215
2026-09-10 20:24:00-04:00,7606.25,7606.25,7605.5,7605.5,186
2026-09-10 20:25:00-04:00,7605.25,7605.75,7604.75,7605.5,208
2026-09-10 20:26:00-04:00,7605.25,7607.0,7605.25,7606.75,178
2026-09-10 20:27:00-04:00,7606.75,7608.5,7606.5,7607.75,296
2026-09-10 20:28:00-04:00,7607.5,7608.0,7606.75,7607.75,259
2026-09-10 20:29:00-04:00,7608.0,7609.0,7608.0,7608.5,160
2026-09-10 20:30:00-04:00,7608.5,7608.5,7607.25,7607.25,235
2026-09-10 20:31:00-04:00,7607.25,7607.25,7605.25,7606.25,258
2026-09-10 20:32:00-04:00,7606.25,7606.25,7605.75,7606.0,211
2026-09-10 20:33:00-04:00,7606.0,7606.25,7605.25,7605.5,108
2026-09-10 20:34:00-04:00,7605.75,7607.0,7605.75,7606.75,140
2026-09-10 20:35:00-04:00,7606.5,7608.25,7606.5,7608.25,103
2026-09-10 20:36:00-04:00,7608.5,7609.75,7608.0,7609.5,337
2026-09-10 20:37:00-04:00,7609.5,7611.25,7609.25,7611.0,361
2026-09-10 20:38:00-04:00,7611.0,7612.25,7610.75,7612.25,360
2026-09-10 20:39:00-04:00,7612.25,7612.25,7610.5,7610.75,220
2026-09-10 20:40:00-04:00,7610.75,7611.0,7610.5,7610.5,189
2026-09-10 20:41:00-04:00,7610.5,7610.5,7607.75,7608.0,356
2026-09-10 20:42:00-04:00,7608.0,7608.75,7606.5,7606.75,841
2026-09-10 20:43:00-04:00,7606.75,7607.25,7606.5,7606.75,295
2026-09-10 20:44:00-04:00,7607.0,7607.25,7606.5,7606.75,176
2026-09-10 20:45:00-04:00,7607.0,7608.5,7606.75,7608.25,240
2026-09-10 20:46:00-04:00,7608.25,7609.0,7607.75,7608.5,180
2026-09-10 20:47:00-04:00,7608.5,7608.75,7608.0,7608.75,119
2026-09-10 20:48:00-04:00,7608.5,7609.0,7608.25,7608.25,166
2026-09-10 20:49:00-04:00,7608.25,7609.25,7608.0,7608.5,140
2026-09-10 20:50:00-04:00,7608.75,7610.5,7608.5,7610.5,184
2026-09-10 20:51:00-04:00,7610.25,7610.75,7609.75,7610.0,227
2026-09-10 20:52:00-04:00,7610.25,7611.0,7610.25,7610.75,281
2026-09-10 20:53:00-04:00,7610.75,7611.25,7610.5,7611.25,91
2026-09-10 20:54:00-04:00,7611.25,7611.75,7610.75,7611.25,207
2026-09-10 20:55:00-04:00,7611.25,7611.5,7610.75,7611.0,129
2026-09-10 20:56:00-04:00,7611.0,7612.0,7611.0,7612.0,204
2026-09-10 20:57:00-04:00,7612.0,7612.5,7611.5,7612.25,194
2026-09-10 20:58:00-04:00,7612.0,7613.25,7612.0,7613.25,217
2026-09-10 20:59:00-04:00,7613.0,7613.75,7613.0,7613.25,179
2026-09-10 21:00:00-04:00,7613.25,7614.25,7613.0,7613.25,368
2026-09-10 21:01:00-04:00,7613.25,7613.25,7612.5,7612.75,348
2026-09-10 21:02:00-04:00,7613.0,7614.75,7613.0,7614.5,345
2026-09-10 21:03:00-04:00,7614.5,7616.25,7614.5,7616.0,430
2026-09-10 21:04:00-04:00,7615.75,7615.75,7614.5,7615.25,410
2026-09-10 21:05:00-04:00,7615.25,7615.5,7614.5,7614.75,226
2026-09-10 21:06:00-04:00,7614.75,7614.75,7613.75,7614.0,240
2026-09-10 21:07:00-04:00,7613.75,7614.5,7613.5,7614.0,316
2026-09-10 21:08:00-04:00,7613.75,7613.75,7613.0,7613.75,268
2026-09-10 21:09:00-04:00,7613.5,7614.5,7613.5,7614.25,169
2026-09-10 21:10:00-04:00,7614.25,7614.5,7613.75,7614.0,124
2026-09-10 21:11:00-04:00,7614.0,7615.0,7614.0,7615.0,199
2026-09-10 21:12:00-04:00,7615.0,7615.0,7614.0,7615.0,179
2026-09-10 21:13:00-04:00,7614.75,7615.5,7614.25,7614.5,210
2026-09-10 21:14:00-04:00,7614.5,7614.5,7613.0,7613.25,283
2026-09-10 21:15:00-04:00,7613.25,7613.5,7612.0,7612.75,287
2026-09-10 21:16:00-04:00,7612.75,7612.75,7611.75,7612.5,179
2026-09-10 21:17:00-04:00,7612.25,7612.75,7611.75,7612.25,248
2026-09-10 21:18:00-04:00,7612.25,7612.75,7611.75,7612.0,154
2026-09-10 21:19:00-04:00,7612.0,7612.0,7611.5,7611.5,116
2026-09-10 21:20:00-04:00,7611.75,7612.0,7611.5,7611.75,84
2026-09-10 21:21:00-04:00,7611.5,7611.5,7609.5,7609.75,322
2026-09-10 21:22:00-04:00,7609.5,7610.0,7609.0,7610.0,170
2026-09-10 21:23:00-04:00,7610.25,7610.25,7609.25,7609.75,143
2026-09-10 21:24:00-04:00,7609.5,7610.25,7609.25,7609.75,157
2026-09-10 21:25:00-04:00,7609.75,7610.0,7609.25,7610.0,224
2026-09-10 21:26:00-04:00,7609.75,7610.5,7609.5,7610.0,174
2026-09-10 21:27:00-04:00,7610.25,7610.25,7609.25,7610.25,148
2026-09-10 21:28:00-04:00,7610.25,7610.5,7609.75,7610.25,119
2026-09-10 21:29:00-04:00,7610.0,7611.0,7609.0,7609.25,170
2026-09-10 21:30:00-04:00,7609.25,7610.25,7609.0,7610.25,332
2026-09-10 21:31:00-04:00,7610.25,7610.75,7610.0,7610.75,162
2026-09-10 21:32:00-04:00,7610.5,7611.0,7610.0,7610.25,224
2026-09-10 21:33:00-04:00,7610.25,7611.25,7610.0,7610.25,169
2026-09-10 21:34:00-04:00,7610.25,7610.5,7609.75,7610.0,140
2026-09-10 21:35:00-04:00,7610.25,7611.25,7610.0,7611.0,180
2026-09-10 21:36:00-04:00,7611.0,7611.5,7609.5,7609.5,145
2026-09-10 21:37:00-04:00,7609.75,7610.25,7609.5,7609.5,131
2026-09-10 21:38:00-04:00,7609.75,7610.25,7608.5,7608.5,155
2026-09-10 21:39:00-04:00,7608.5,7608.5,7607.75,7608.0,269
2026-09-10 21:40:00-04:00,7608.0,7608.0,7607.0,7607.25,235
2026-09-10 21:41:00-04:00,7607.0,7607.75,7606.75,7607.5,655
2026-09-10 21:42:00-04:00,7607.75,7608.25,7607.5,7608.0,163
2026-09-10 21:43:00-04:00,7608.0,7608.25,7607.75,7608.0,131
2026-09-10 21:44:00-04:00,7608.25,7608.75,7608.0,7608.5,109
2026-09-10 21:45:00-04:00,7608.5,7608.5,7607.0,7607.25,216
2026-09-10 21:46:00-04:00,7607.25,7607.5,7607.0,7607.25,133
2026-09-10 21:47:00-04:00,7607.25,7607.25,7606.75,7607.0,235
2026-09-10 21:48:00-04:00,7607.25,7608.25,7607.25,7608.0,152
2026-09-10 21:49:00-04:00,7608.0,7608.25,7607.75,7608.0,107
2026-09-10 21:50:00-04:00,7607.75,7608.0,7607.5,7607.75,94
2026-09-10 21:51:00-04:00,7608.0,7608.0,7607.0,7607.5,132
2026-09-10 21:52:00-04:00,7607.5,7608.5,7607.5,7608.5,107
2026-09-10 21:53:00-04:00,7608.5,7608.5,7607.75,7607.75,72
2026-09-10 21:54:00-04:00,7607.75,7608.0,7607.75,7608.0,74
2026-09-10 21:55:00-04:00,7608.0,7608.25,7608.0,7608.0,177
2026-09-10 21:56:00-04:00,7607.75,7608.75,7607.75,7608.5,314
2026-09-10 21:57:00-04:00,7608.5,7609.5,7607.75,7609.0,165
2026-09-10 21:58:00-04:00,7609.25,7609.25,7608.75,7609.0,151
2026-09-10 21:59:00-04:00,7609.0,7610.0,7608.75,7610.0,153
2026-09-10 22:00:00-04:00,7610.0,7611.25,7609.75,7610.5,228
2026-09-10 22:01:00-04:00,7610.5,7611.0,7610.0,7610.75,160
2026-09-10 22:02:00-04:00,7610.5,7610.5,7608.75,7609.0,111
2026-09-10 22:03:00-04:00,7609.0,7609.25,7608.5,7608.75,112
2026-09-10 22:04:00-04:00,7608.75,7609.25,7608.75,7609.0,58
2026-09-10 22:05:00-04:00,7609.25,7610.5,7609.0,7609.0,105
2026-09-10 22:06:00-04:00,7609.0,7609.5,7608.75,7608.75,139
2026-09-10 22:07:00-04:00,7608.75,7609.25,7608.5,7608.5,123
2026-09-10 22:08:00-04:00,7608.75,7610.0,7608.75,7609.5,122
2026-09-10 22:09:00-04:00,7609.25,7609.5,7609.0,7609.0,119
2026-09-10 22:10:00-04:00,7609.25,7610.0,7609.25,7609.5,97
2026-09-10 22:11:00-04:00,7609.5,7609.75,7609.25,7609.25,51
2026-09-10 22:12:00-04:00,7609.5,7609.75,7609.25,7609.5,51
2026-09-10 22:13:00-04:00,7609.5,7610.75,7609.5,7610.75,146
2026-09-10 22:14:00-04:00,7610.5,7610.75,7610.0,7610.0,65
2026-09-10 22:15:00-04:00,7610.25,7610.25,7609.0,7609.25,127
2026-09-10 22:16:00-04:00,7609.25,7610.0,7609.0,7609.75,99
2026-09-10 22:17:00-04:00,7610.0,7610.0,7607.5,7607.75,349
2026-09-10 22:18:00-04:00,7608.0,7608.25,7607.5,7608.0,116
2026-09-10 22:19:00-04:00,7608.0,7608.25,7607.75,7608.25,141
2026-09-10 22:20:00-04:00,7608.0,7609.0,7608.0,7608.75,103
2026-09-10 22:21:00-04:00,7608.75,7609.0,7608.75,7609.0,80
2026-09-10 22:22:00-04:00,7608.75,7609.0,7608.25,7608.25,62
2026-09-10 22:23:00-04:00,7608.25,7608.5,7607.5,7607.5,119
2026-09-10 22:24:00-04:00,7607.75,7607.75,7607.25,7607.5,54
2026-09-10 22:25:00-04:00,7607.75,7607.75,7606.75,7607.0,276
2026-09-10 22:26:00-04:00,7606.75,7607.25,7605.25,7606.0,413
2026-09-10 22:27:00-04:00,7606.0,7606.0,7605.0,7605.75,211
2026-09-10 22:28:00-04:00,7605.75,7606.25,7605.75,7605.75,117
2026-09-10 22:29:00-04:00,7605.75,7606.5,7605.5,7606.25,88
2026-09-10 22:30:00-04:00,7606.25,7606.75,7605.5,7606.0,166
2026-09-10 22:31:00-04:00,7606.0,7606.25,7604.25,7604.25,254
2026-09-10 22:32:00-04:00,7604.0,7604.25,7603.5,7603.5,240
2026-09-10 22:33:00-04:00,7603.5,7604.0,7603.25,7603.75,189
2026-09-10 22:34:00-04:00,7603.75,7603.75,7603.25,7603.75,97
2026-09-10 22:35:00-04:00,7603.5,7604.0,7603.5,7604.0,87
2026-09-10 22:36:00-04:00,7604.0,7604.25,7604.0,7604.25,88
2026-09-10 22:37:00-04:00,7604.25,7605.25,7604.0,7604.0,181
2026-09-10 22:38:00-04:00,7604.0,7604.75,7603.75,7604.75,74
2026-09-10 22:39:00-04:00,7604.75,7606.0,7604.75,7605.5,146
2026-09-10 22:40:00-04:00,7605.5,7606.25,7605.5,7606.25,114
2026-09-10 22:41:00-04:00,7606.25,7606.5,7605.5,7605.75,146
2026-09-10 22:42:00-04:00,7605.75,7605.75,7604.5,7604.5,166
2026-09-10 22:43:00-04:00,7604.5,7604.5,7602.25,7603.0,362
2026-09-10 22:44:00-04:00,7603.25,7603.5,7603.0,7603.0,92
2026-09-10 22:45:00-04:00,7603.25,7605.0,7602.5,7602.75,170
2026-09-10 22:46:00-04:00,7602.75,7603.75,7602.75,7603.25,125
2026-09-10 22:47:00-04:00,7603.0,7604.75,7602.75,7604.25,134
2026-09-10 22:48:00-04:00,7604.25,7606.75,7603.75,7606.75,178
2026-09-10 22:49:00-04:00,7606.75,7607.5,7606.5,7607.5,206
2026-09-10 22:50:00-04:00,7607.25,7608.0,7606.75,7607.0,151
2026-09-10 22:51:00-04:00,7607.25,7607.5,7606.25,7606.5,149
2026-09-10 22:52:00-04:00,7606.5,7606.75,7605.0,7605.0,189
2026-09-10 22:53:00-04:00,7605.0,7605.5,7604.5,7604.5,101
2026-09-10 22:54:00-04:00,7604.5,7604.5,7603.25,7603.5,254
2026-09-10 22:55:00-04:00,7603.5,7603.5,7602.75,7603.5,164
2026-09-10 22:56:00-04:00,7603.75,7604.5,7603.75,7604.0,384
2026-09-10 22:57:00-04:00,7604.25,7604.25,7603.75,7604.0,94
2026-09-10 22:58:00-04:00,7604.0,7604.0,7603.25,7603.5,73
2026-09-10 22:59:00-04:00,7603.5,7604.0,7603.25,7603.75,177
2026-09-10 23:00:00-04:00,7603.5,7604.0,7602.0,7603.0,392
2026-09-10 23:01:00-04:00,7603.0,7603.5,7602.75,7603.5,91
2026-09-10 23:02:00-04:00,7603.5,7604.25,7603.5,7603.75,104
2026-09-10 23:03:00-04:00,7603.75,7603.75,7603.75,7603.75,27
2026-09-10 23:04:00-04:00,7603.5,7603.75,7602.25,7602.25,170
2026-09-10 23:05:00-04:00,7602.25,7602.5,7601.25,7601.5,320
2026-09-10 23:06:00-04:00,7601.5,7602.0,7601.0,7601.5,128
2026-09-10 23:07:00-04:00,7601.5,7601.5,7601.0,7601.0,104
2026-09-10 23:08:00-04:00,7601.0,7602.0,7601.0,7601.75,145
2026-09-10 23:09:00-04:00,7602.0,7602.25,7601.5,7602.0,80
2026-09-10 23:10:00-04:00,7602.0,7602.5,7601.5,7602.0,75
2026-09-10 23:11:00-04:00,7601.75,7601.75,7600.25,7600.25,185
2026-09-10 23:12:00-04:00,7600.5,7600.75,7599.75,7600.5,218
2026-09-10 23:13:00-04:00,7600.5,7600.75,7600.0,7600.5,131
2026-09-10 23:14:00-04:00,7600.75,7602.75,7600.75,7602.25,191
2026-09-10 23:15:00-04:00,7602.0,7602.75,7602.0,7602.25,69
2026-09-10 23:16:00-04:00,7602.25,7603.5,7602.25,7602.5,114
2026-09-10 23:17:00-04:00,7602.5,7602.5,7601.0,7602.0,219
2026-09-10 23:18:00-04:00,7602.0,7602.75,7601.5,7602.75,102
2026-09-10 23:19:00-04:00,7602.5,7602.75,7602.25,7602.75,54
2026-09-10 23:20:00-04:00,7602.75,7603.0,7602.5,7602.75,69
2026-09-10 23:21:00-04:00,7602.75,7602.75,7600.0,7600.25,262
2026-09-10 23:22:00-04:00,7600.25,7600.75,7600.0,7600.0,137
2026-09-10 23:23:00-04:00,7600.25,7600.5,7600.0,7600.25,102
2026-09-10 23:24:00-04:00,7600.25,7600.75,7600.25,7600.5,87
2026-09-10 23:25:00-04:00,7600.5,7601.0,7600.25,7601.0,75
2026-09-10 23:26:00-04:00,7601.0,7601.5,7600.75,7601.0,102
2026-09-10 23:27:00-04:00,7601.25,7602.0,7601.0,7601.75,98
2026-09-10 23:28:00-04:00,7601.75,7602.5,7601.25,7601.5,113
2026-09-10 23:29:00-04:00,7601.25,7601.75,7601.25,7601.25,103
2026-09-10 23:30:00-04:00,7601.25,7601.5,7600.25,7600.5,149
2026-09-10 23:31:00-04:00,7600.5,7600.75,7599.5,7599.75,242
2026-09-10 23:32:00-04:00,7599.75,7599.75,7598.0,7598.75,319
2026-09-10 23:33:00-04:00,7598.5,7598.75,7597.75,7598.75,147
2026-09-10 23:34:00-04:00,7598.25,7599.25,7598.25,7599.25,169
2026-09-10 23:35:00-04:00,7599.25,7599.5,7598.5,7599.25,108
2026-09-10 23:36:00-04:00,7599.25,7600.75,7599.25,7600.75,243
2026-09-10 23:37:00-04:00,7600.75,7601.25,7600.5,7600.75,147
2026-09-10 23:38:00-04:00,7600.5,7601.75,7600.5,7601.0,130
2026-09-10 23:39:00-04:00,7601.25,7601.5,7600.25,7600.5,94
2026-09-10 23:40:00-04:00,7600.25,7602.0,7600.25,7601.5,170
2026-09-10 23:41:00-04:00,7601.5,7603.25,7601.5,7602.25,142
2026-09-10 23:42:00-04:00,7602.25,7604.25,7602.25,7604.0,240
2026-09-10 23:43:00-04:00,7604.0,7604.25,7603.5,7603.75,160
2026-09-10 23:44:00-04:00,7603.75,7603.75,7603.0,7603.75,123
2026-09-10 23:45:00-04:00,7603.75,7604.0,7601.75,7602.0,258
2026-09-10 23:46:00-04:00,7602.25,7602.25,7601.0,7601.0,134
2026-09-10 23:47:00-04:00,7601.25,7601.25,7600.0,7600.0,264
2026-09-10 23:48:00-04:00,7600.25,7600.75,7600.0,7600.25,126
2026-09-10 23:49:00-04:00,7600.25,7600.5,7599.75,7600.25,178
2026-09-10 23:50:00-04:00,7600.0,7600.0,7599.25,7599.75,176
2026-09-10 23:51:00-04:00,7599.75,7599.75,7599.25,7599.75,104
2026-09-10 23:52:00-04:00,7599.5,7599.75,7599.25,7599.75,86
2026-09-10 23:53:00-04:00,7599.5,7601.75,7599.5,7601.75,183
2026-09-10 23:54:00-04:00,7601.5,7601.5,7600.5,7601.5,52
2026-09-10 23:55:00-04:00,7601.5,7602.0,7601.25,7601.5,140
2026-09-10 23:56:00-04:00,7601.5,7602.75,7601.5,7602.25,93
2026-09-10 23:57:00-04:00,7602.25,7602.25,7601.5,7602.0,98
2026-09-10 23:58:00-04:00,7602.0,7602.75,7601.75,7602.75,61
2026-09-11 00:09:00-04:00,7605.0,7605.0,7604.0,7604.25,148
2026-09-11 00:10:00-04:00,7604.0,7605.75,7604.0,7604.5,174
2026-09-11 00:11:00-04:00,7604.5,7604.5,7601.25,7601.5,223
2026-09-11 00:12:00-04:00,7601.5,7603.5,7601.5,7602.75,179
2026-09-11 00:13:00-04:00,7603.0,7606.25,7603.0,7606.25,424
2026-09-11 00:14:00-04:00,7606.25,7607.25,7605.75,7606.75,384
2026-09-11 00:15:00-04:00,7606.5,7606.75,7606.0,7606.25,127
2026-09-11 00:16:00-04:00,7606.25,7606.25,7605.5,7605.75,69
2026-09-11 00:17:00-04:00,7605.5,7605.5,7604.75,7604.75,143
2026-09-11 00:18:00-04:00,7604.75,7605.75,7604.75,7605.0,127
2026-09-11 00:19:00-04:00,7605.0,7605.75,7605.0,7605.25,116
2026-09-11 00:20:00-04:00,7605.0,7607.0,7605.0,7607.0,152
2026-09-11 00:21:00-04:00,7607.25,7608.0,7606.75,7607.0,178
2026-09-11 00:22:00-04:00,7607.0,7607.25,7605.5,7605.75,126
2026-09-11 00:23:00-04:00,7605.75,7606.75,7605.75,7606.0,172
2026-09-11 00:24:00-04:00,7606.0,7608.0,7606.0,7608.0,194
2026-09-11 00:25:00-04:00,7608.0,7609.75,7608.0,7609.5,291
2026-09-11 00:26:00-04:00,7609.25,7610.0,7608.75,7609.75,188
2026-09-11 00:27:00-04:00,7610.0,7611.0,7609.75,7610.25,246
2026-09-11 00:28:00-04:00,7610.5,7611.0,7610.0,7610.75,187
2026-09-11 00:29:00-04:00,7610.75,7611.0,7610.5,7610.75,125
2026-09-11 00:30:00-04:00,7610.75,7611.5,7610.5,7611.25,237
2026-09-11 00:31:00-04:00,7611.25,7612.25,7611.0,7611.75,233
2026-09-11 00:32:00-04:00,7611.5,7612.0,7611.25,7611.25,164
2026-09-11 00:33:00-04:00,7611.25,7611.25,7610.25,7610.75,121
2026-09-11 00:34:00-04:00,7610.75,7610.75,7610.0,7610.25,100
2026-09-11 00:35:00-04:00,7610.0,7611.25,7610.0,7610.75,159
2026-09-11 00:36:00-04:00,7610.75,7611.5,7610.5,7611.25,115
2026-09-11 00:37:00-04:00,7611.25,7611.5,7610.5,7611.0,81
2026-09-11 00:38:00-04:00,7611.0,7611.25,7611.0,7611.25,65
2026-09-11 00:39:00-04:00,7611.25,7611.25,7610.5,7610.75,99
2026-09-11 00:40:00-04:00,7610.75,7611.75,7610.5,7610.75,129
2026-09-11 00:41:00-04:00,7611.0,7611.75,7610.75,7611.5,89
2026-09-11 00:42:00-04:00,7611.25,7612.0,7611.25,7612.0,127
2026-09-11 00:43:00-04:00,7611.75,7612.25,7611.5,7611.75,111
2026-09-11 00:44:00-04:00,7612.0,7612.5,7611.5,7612.5,140
2026-09-11 00:45:00-04:00,7612.5,7612.5,7611.75,7611.75,142
2026-09-11 00:46:00-04:00,7611.75,7612.5,7611.5,7612.25,232
2026-09-11 00:47:00-04:00,7612.25,7612.5,7611.75,7611.75,134
2026-09-11 00:48:00-04:00,7611.5,7612.25,7611.5,7612.25,90
2026-09-11 00:49:00-04:00,7612.0,7613.0,7611.5,7612.75,175
2026-09-11 00:50:00-04:00,7612.5,7613.5,7612.5,7613.5,155
2026-09-11 00:51:00-04:00,7613.5,7614.5,7613.5,7614.25,190
2026-09-11 00:52:00-04:00,7613.75,7613.75,7612.75,7613.0,161
2026-09-11 00:53:00-04:00,7613.0,7613.0,7612.25,7612.5,176
2026-09-11 00:54:00-04:00,7612.5,7612.75,7612.0,7612.75,84
2026-09-11 00:55:00-04:00,7612.75,7613.25,7612.75,7613.25,132
2026-09-11 00:56:00-04:00,7613.25,7613.5,7613.0,7613.0,114
2026-09-11 00:57:00-04:00,7613.25,7613.25,7612.75,7612.75,101
2026-09-11 00:58:00-04:00,7612.75,7612.75,7611.75,7612.5,157
2026-09-11 00:59:00-04:00,7612.5,7612.5,7611.0,7611.25,185
2026-09-11 01:00:00-04:00,7611.0,7611.75,7610.75,7611.5,295
2026-09-11 01:01:00-04:00,7611.25,7611.75,7611.25,7611.75,86
2026-09-11 01:02:00-04:00,7611.75,7611.75,7611.0,7611.5,88
2026-09-11 01:03:00-04:00,7611.5,7611.5,7610.75,7610.75,132
2026-09-11 01:04:00-04:00,7610.75,7611.75,7610.75,7611.75,175
2026-09-11 01:05:00-04:00,7611.75,7614.5,7611.25,7614.0,413
2026-09-11 01:06:00-04:00,7614.0,7614.5,7613.5,7614.25,237
2026-09-11 01:07:00-04:00,7614.5,7615.0,7614.0,7614.0,228
2026-09-11 01:08:00-04:00,7614.25,7614.5,7613.5,7614.25,275
2026-09-11 01:09:00-04:00,7614.25,7614.75,7613.75,7614.75,136
2026-09-11 01:10:00-04:00,7614.75,7615.0,7614.25,7614.5,185
2026-09-11 01:11:00-04:00,7614.5,7616.25,7614.5,7615.75,252
2026-09-11 01:12:00-04:00,7616.0,7616.0,7614.25,7614.25,274
2026-09-11 01:13:00-04:00,7614.5,7614.5,7613.5,7614.25,146
2026-09-11 01:14:00-04:00,7614.0,7616.5,7614.0,7616.25,388
2026-09-11 01:15:00-04:00,7616.25,7617.0,7615.0,7615.25,227
2026-09-11 01:16:00-04:00,7615.25,7615.25,7614.25,7614.5,127
2026-09-11 01:17:00-04:00,7614.5,7614.75,7614.25,7614.25,60
2026-09-11 01:18:00-04:00,7614.0,7615.25,7613.5,7614.75,227
2026-09-11 01:19:00-04:00,7615.0,7615.0,7614.25,7614.25,85
2026-09-11 01:20:00-04:00,7614.25,7614.75,7613.75,7614.0,133
2026-09-11 01:21:00-04:00,7613.75,7613.75,7612.75,7613.25,148
2026-09-11 01:22:00-04:00,7613.25,7614.5,7613.25,7614.5,71
2026-09-11 01:23:00-04:00,7614.5,7615.0,7614.25,7614.5,112
2026-09-11 01:24:00-04:00,7614.25,7614.5,7614.0,7614.25,88
2026-09-11 01:25:00-04:00,7614.25,7614.25,7613.0,7613.25,109
2026-09-11 01:26:00-04:00,7613.25,7613.25,7612.5,7613.25,128
2026-09-11 01:27:00-04:00,7613.0,7613.0,7612.75,7612.75,100
2026-09-11 01:28:00-04:00,7612.75,7613.25,7612.75,7613.0,54
2026-09-11 01:29:00-04:00,7613.0,7613.25,7611.5,7612.0,333
2026-09-11 01:30:00-04:00,7612.0,7614.25,7612.0,7613.75,403
2026-09-11 01:31:00-04:00,7613.75,7614.25,7613.0,7613.5,293
2026-09-11 01:32:00-04:00,7613.5,7614.75,7613.5,7614.25,352
2026-09-11 01:33:00-04:00,7614.25,7615.5,7614.0,7615.25,230
2026-09-11 01:34:00-04:00,7615.25,7615.75,7615.0,7615.0,230
2026-09-11 01:35:00-04:00,7615.25,7615.75,7615.0,7615.75,147
2026-09-11 01:36:00-04:00,7615.75,7616.0,7614.75,7615.5,238
2026-09-11 01:37:00-04:00,7615.75,7616.25,7615.5,7615.5,287
2026-09-11 01:38:00-04:00,7615.5,7616.5,7615.25,7615.75,129
2026-09-11 01:39:00-04:00,7616.0,7617.5,7616.0,7617.0,289
2026-09-11 01:40:00-04:00,7617.0,7617.5,7616.75,7617.5,290
2026-09-11 01:41:00-04:00,7617.25,7617.5,7616.75,7617.5,240
2026-09-11 01:42:00-04:00,7617.5,7618.0,7617.5,7618.0,220
2026-09-11 01:43:00-04:00,7618.0,7619.5,7618.0,7619.0,470
2026-09-11 01:44:00-04:00,7619.25,7620.75,7619.25,7620.25,380
2026-09-11 01:45:00-04:00,7620.0,7620.25,7617.5,7618.5,353
2026-09-11 01:46:00-04:00,7618.75,7621.25,7618.75,7621.25,320
2026-09-11 01:47:00-04:00,7621.0,7622.0,7620.75,7621.5,374
2026-09-11 01:48:00-04:00,7621.75,7622.25,7621.25,7622.25,319
2026-09-11 01:49:00-04:00,7622.25,7623.0,7621.25,7622.75,487
2026-09-11 01:50:00-04:00,7622.75,7622.75,7621.0,7621.5,256
2026-09-11 01:51:00-04:00,7621.75,7622.5,7621.75,7622.25,197
2026-09-11 01:52:00-04:00,7622.25,7623.5,7622.25,7622.75,332
2026-09-11 01:53:00-04:00,7623.0,7624.5,7622.75,7624.5,385
2026-09-11 01:54:00-04:00,7624.5,7625.5,7624.25,7624.5,509
2026-09-11 01:55:00-04:00,7624.5,7625.75,7624.25,7625.75,246
2026-09-11 01:56:00-04:00,7625.75,7627.0,7625.5,7625.5,714
2026-09-11 01:57:00-04:00,7625.5,7626.5,7624.5,7626.5,342
2026-09-11 01:58:00-04:00,7626.5,7627.5,7625.75,7625.75,471
2026-09-11 01:59:00-04:00,7626.0,7626.75,7626.0,7626.0,256
2026-09-11 02:00:00-04:00,7626.0,7626.0,7624.75,7625.5,329
2026-09-11 02:01:00-04:00,7625.75,7626.0,7625.0,7625.0,313
2026-09-11 02:02:00-04:00,7625.25,7626.5,7625.25,7626.25,129
2026-09-11 02:03:00-04:00,7626.0,7626.25,7625.0,7625.5,284
2026-09-11 02:04:00-04:00,7625.5,7625.5,7623.25,7623.5,322
2026-09-11 02:05:00-04:00,7623.5,7623.75,7622.5,7623.25,239
2026-09-11 02:06:00-04:00,7623.25,7626.25,7623.25,7625.75,440
2026-09-11 02:07:00-04:00,7625.75,7627.75,7625.5,7627.75,370
2026-09-11 02:08:00-04:00,7628.0,7629.0,7626.5,7626.5,513
2026-09-11 02:09:00-04:00,7626.75,7626.75,7625.75,7626.0,166
2026-09-11 02:10:00-04:00,7626.0,7626.25,7625.75,7626.0,215
2026-09-11 02:11:00-04:00,7626.0,7627.0,7625.75,7626.25,148
2026-09-11 02:12:00-04:00,7626.25,7626.5,7625.0,7625.0,205
2026-09-11 02:13:00-04:00,7625.0,7626.75,7624.75,7626.5,225
2026-09-11 02:14:00-04:00,7626.5,7629.5,7625.75,7627.75,473
2026-09-11 02:15:00-04:00,7628.0,7629.0,7627.75,7628.5,297
2026-09-11 02:16:00-04:00,7628.25,7629.0,7627.5,7628.25,379
2026-09-11 02:17:00-04:00,7628.25,7629.0,7627.75,7628.5,373
2026-09-11 02:18:00-04:00,7628.5,7628.5,7627.0,7627.0,602
2026-09-11 02:19:00-04:00,7627.25,7628.25,7626.5,7628.0,387
2026-09-11 02:20:00-04:00,7628.25,7628.5,7627.5,7628.25,207
2026-09-11 02:21:00-04:00,7628.0,7628.0,7626.75,7627.0,352
2026-09-11 02:22:00-04:00,7626.75,7627.5,7626.0,7626.75,594
2026-09-11 02:23:00-04:00,7626.5,7627.0,7626.25,7626.5,252
2026-09-11 02:24:00-04:00,7626.5,7627.25,7626.0,7627.25,276
2026-09-11 02:25:00-04:00,7627.25,7627.5,7625.25,7627.0,530
2026-09-11 02:26:00-04:00,7626.75,7627.5,7626.5,7627.5,172
2026-09-11 02:27:00-04:00,7627.5,7627.75,7626.5,7626.75,321
2026-09-11 02:28:00-04:00,7626.5,7627.5,7626.0,7627.0,373
2026-09-11 02:29:00-04:00,7627.0,7627.25,7626.5,7627.0,276
2026-09-11 02:30:00-04:00,7627.0,7627.75,7626.25,7627.25,397
2026-09-11 02:31:00-04:00,7627.25,7628.25,7626.75,7627.5,626
2026-09-11 02:32:00-04:00,7627.5,7629.0,7626.25,7626.25,789
2026-09-11 02:33:00-04:00,7626.25,7626.5,7624.5,7624.75,397
2026-09-11 02:34:00-04:00,7624.5,7625.0,7623.75,7624.25,568
2026-09-11 02:35:00-04:00,7624.5,7625.75,7624.5,7625.5,303
2026-09-11 02:36:00-04:00,7625.25,7626.5,7625.0,7626.5,277
2026-09-11 02:37:00-04:00,7626.25,7627.5,7626.0,7627.0,302
2026-09-11 02:38:00-04:00,7627.0,7627.5,7626.75,7627.5,105
2026-09-11 02:39:00-04:00,7627.75,7628.0,7627.0,7627.25,141
2026-09-11 02:40:00-04:00,7627.25,7627.25,7626.25,7626.75,304
2026-09-11 02:41:00-04:00,7626.75,7626.75,7626.0,7626.5,288
2026-09-11 02:42:00-04:00,7626.5,7626.75,7626.0,7626.0,195
2026-09-11 02:43:00-04:00,7625.75,7625.75,7625.25,7625.5,154
2026-09-11 02:44:00-04:00,7625.25,7626.5,7625.0,7626.25,209
2026-09-11 02:45:00-04:00,7626.5,7628.0,7626.5,7627.25,293
2026-09-11 02:46:00-04:00,7627.5,7628.0,7627.25,7628.0,187
2026-09-11 02:47:00-04:00,7628.0,7631.25,7628.0,7631.0,744
2026-09-11 02:48:00-04:00,7631.0,7632.25,7631.0,7631.75,534
2026-09-11 02:49:00-04:00,7631.75,7632.0,7630.25,7630.5,325
2026-09-11 02:50:00-04:00,7630.5,7631.0,7629.5,7630.5,222
2026-09-11 02:51:00-04:00,7630.25,7630.5,7629.5,7630.25,254
2026-09-11 02:52:00-04:00,7630.5,7631.5,7630.25,7630.75,226
2026-09-11 02:53:00-04:00,7630.75,7631.25,7630.25,7630.75,197
2026-09-11 02:54:00-04:00,7630.5,7630.5,7629.75,7630.5,299
2026-09-11 02:55:00-04:00,7630.5,7630.75,7629.75,7630.25,301
2026-09-11 02:56:00-04:00,7630.25,7630.75,7629.75,7630.0,274
2026-09-11 02:57:00-04:00,7630.0,7631.5,7630.0,7631.0,275
2026-09-11 02:58:00-04:00,7631.0,7631.25,7630.75,7631.25,214
2026-09-11 02:59:00-04:00,7631.25,7632.0,7631.0,7631.0,495
2026-09-11 03:00:00-04:00,7631.0,7632.5,7630.0,7632.0,1131
2026-09-11 03:01:00-04:00,7632.0,7632.25,7631.25,7632.25,481
2026-09-11 03:02:00-04:00,7632.0,7632.5,7631.5,7631.75,263
2026-09-11 03:03:00-04:00,7631.5,7631.5,7630.25,7631.5,613
2026-09-11 03:04:00-04:00,7631.75,7632.75,7630.75,7632.75,460
2026-09-11 03:05:00-04:00,7633.0,7633.0,7631.75,7632.25,512
2026-09-11 03:06:00-04:00,7632.5,7632.5,7631.75,7632.0,396
2026-09-11 03:07:00-04:00,7631.75,7632.75,7631.25,7632.5,287
2026-09-11 03:08:00-04:00,7632.25,7632.25,7631.25,7631.25,348
2026-09-11 03:09:00-04:00,7631.25,7631.75,7630.5,7631.25,331
2026-09-11 03:10:00-04:00,7631.25,7632.75,7631.0,7632.0,499
2026-09-11 03:11:00-04:00,7632.0,7632.0,7629.75,7631.0,399
2026-09-11 03:12:00-04:00,7631.0,7631.75,7630.5,7631.75,253
2026-09-11 03:13:00-04:00,7632.0,7632.25,7630.25,7630.25,411
2026-09-11 03:14:00-04:00,7630.25,7630.5,7629.0,7630.5,516
2026-09-11 03:15:00-04:00,7630.5,7630.75,7628.75,7630.0,438
2026-09-11 03:16:00-04:00,7630.0,7630.75,7629.5,7630.5,219
2026-09-11 03:17:00-04:00,7630.5,7631.25,7630.25,7631.25,329
2026-09-11 03:18:00-04:00,7631.25,7631.5,7630.25,7631.0,581
2026-09-11 03:19:00-04:00,7631.0,7631.0,7629.25,7630.0,226
2026-09-11 03:20:00-04:00,7630.25,7631.25,7629.75,7630.75,314
2026-09-11 03:21:00-04:00,7630.75,7631.0,7630.5,7630.5,190
2026-09-11 03:22:00-04:00,7630.5,7631.0,7629.25,7629.25,274
2026-09-11 03:23:00-04:00,7629.25,7630.75,7628.75,7630.75,213
2026-09-11 03:24:00-04:00,7631.0,7631.0,7629.5,7630.0,312
2026-09-11 03:25:00-04:00,7630.0,7630.0,7629.0,7629.0,243
2026-09-11 03:26:00-04:00,7629.0,7629.0,7628.0,7628.25,268
2026-09-11 03:27:00-04:00,7628.5,7629.5,7628.25,7629.0,289
2026-09-11 03:28:00-04:00,7629.0,7629.0,7628.25,7629.0,274
2026-09-11 03:29:00-04:00,7629.0,7629.0,7627.0,7627.0,467
2026-09-11 03:30:00-04:00,7627.0,7628.5,7627.0,7628.5,282
2026-09-11 03:31:00-04:00,7628.75,7629.0,7627.25,7627.75,437
2026-09-11 03:32:00-04:00,7627.75,7628.0,7626.75,7627.75,228
2026-09-11 03:33:00-04:00,7627.5,7627.5,7626.25,7626.75,292
2026-09-11 03:34:00-04:00,7626.75,7627.0,7625.5,7625.75,762
2026-09-11 03:35:00-04:00,7625.75,7627.0,7625.75,7626.25,449
2026-09-11 03:36:00-04:00,7626.25,7626.5,7626.0,7626.5,303
2026-09-11 03:37:00-04:00,7626.5,7628.0,7626.25,7627.5,404
2026-09-11 03:38:00-04:00,7627.5,7628.0,7627.25,7627.5,553
2026-09-11 03:39:00-04:00,7627.5,7627.5,7626.75,7627.25,257
2026-09-11 03:40:00-04:00,7627.25,7627.5,7626.25,7626.25,318
2026-09-11 03:41:00-04:00,7626.0,7627.25,7625.25,7627.25,408
2026-09-11 03:42:00-04:00,7627.0,7627.25,7626.5,7626.75,247
2026-09-11 03:43:00-04:00,7627.0,7627.25,7626.5,7627.0,176
2026-09-11 03:44:00-04:00,7627.0,7627.0,7626.0,7626.25,176
2026-09-11 03:45:00-04:00,7626.0,7626.5,7625.5,7626.0,171
2026-09-11 03:46:00-04:00,7626.0,7626.5,7625.5,7625.5,352
2026-09-11 03:47:00-04:00,7625.75,7626.25,7625.5,7626.25,235
2026-09-11 03:48:00-04:00,7626.0,7626.25,7625.5,7625.75,260
2026-09-11 03:49:00-04:00,7626.0,7626.0,7624.5,7625.0,269
2026-09-11 03:50:00-04:00,7624.75,7625.25,7624.75,7625.0,339
2026-09-11 03:51:00-04:00,7625.0,7625.75,7624.75,7624.75,274
2026-09-11 03:52:00-04:00,7624.75,7626.25,7624.75,7626.25,274
2026-09-11 03:53:00-04:00,7626.0,7626.0,7625.25,7625.75,168
2026-09-11 03:54:00-04:00,7625.75,7626.0,7625.25,7625.75,155
2026-09-11 03:55:00-04:00,7625.75,7626.75,7625.5,7625.75,187
2026-09-11 03:56:00-04:00,7625.75,7627.5,7625.75,7626.75,251
2026-09-11 03:57:00-04:00,7626.75,7626.75,7626.0,7626.5,277
2026-09-11 03:58:00-04:00,7626.5,7626.5,7626.0,7626.5,134
2026-09-11 03:59:00-04:00,7626.75,7626.75,7626.0,7626.75,274
2026-09-11 04:00:00-04:00,7626.75,7629.5,7626.75,7628.5,956
2026-09-11 04:01:00-04:00,7628.75,7630.0,7628.0,7629.5,367
2026-09-11 04:02:00-04:00,7629.25,7630.25,7627.0,7627.0,469
2026-09-11 04:03:00-04:00,7627.0,7628.0,7625.75,7625.75,370
2026-09-11 04:04:00-04:00,7626.0,7626.5,7625.25,7626.0,382
2026-09-11 04:05:00-04:00,7626.0,7626.0,7625.0,7625.5,377
2026-09-11 04:06:00-04:00,7625.5,7626.5,7625.25,7626.5,190
2026-09-11 04:07:00-04:00,7626.5,7626.5,7625.5,7625.75,472
2026-09-11 04:08:00-04:00,7625.5,7626.5,7625.25,7625.25,207
2026-09-11 04:09:00-04:00,7625.25,7625.25,7623.5,7624.25,433
2026-09-11 04:10:00-04:00,7624.25,7626.25,7624.25,7626.25,259
2026-09-11 04:11:00-04:00,7626.25,7627.0,7623.25,7624.0,2483
2026-09-11 04:12:00-04:00,7624.0,7625.25,7624.0,7625.0,259
2026-09-11 04:13:00-04:00,7625.0,7628.0,7625.0,7628.0,393
2026-09-11 04:14:00-04:00,7628.0,7628.5,7626.75,7627.0,372
2026-09-11 04:15:00-04:00,7627.0,7627.25,7626.25,7626.75,336
2026-09-11 04:16:00-04:00,7626.75,7628.5,7626.0,7628.25,426
2026-09-11 04:17:00-04:00,7628.25,7630.0,7628.25,7629.25,559
2026-09-11 04:18:00-04:00,7629.5,7631.0,7629.5,7630.25,490
2026-09-11 04:19:00-04:00,7630.0,7630.5,7628.25,7628.5,435
2026-09-11 04:20:00-04:00,7628.5,7629.5,7628.5,7629.25,335
2026-09-11 04:21:00-04:00,7629.0,7629.25,7628.25,7629.0,237
2026-09-11 04:22:00-04:00,7629.0,7629.5,7628.5,7628.75,259
2026-09-11 04:23:00-04:00,7629.0,7630.75,7628.75,7630.5,309
2026-09-11 04:24:00-04:00,7630.5,7644.25,7630.5,7635.0,7853
2026-09-11 04:25:00-04:00,7635.0,7635.75,7633.25,7634.25,1211
2026-09-11 04:26:00-04:00,7634.25,7634.25,7632.5,7633.0,386
2026-09-11 04:27:00-04:00,7633.0,7633.0,7631.5,7632.0,431
2026-09-11 04:28:00-04:00,7632.0,7632.25,7630.5,7631.0,366
2026-09-11 04:29:00-04:00,7630.75,7632.0,7630.5,7631.25,389
2026-09-11 04:30:00-04:00,7631.25,7636.0,7631.25,7636.0,741
2026-09-11 04:31:00-04:00,7635.75,7637.5,7635.5,7637.0,645
2026-09-11 04:32:00-04:00,7637.0,7638.0,7636.5,7637.5,646
2026-09-11 04:33:00-04:00,7637.25,7637.75,7637.0,7637.25,490
2026-09-11 04:34:00-04:00,7637.25,7637.5,7636.5,7636.5,335
2026-09-11 04:35:00-04:00,7636.75,7637.25,7635.0,7635.75,315
2026-09-11 04:36:00-04:00,7635.75,7636.5,7635.5,7636.25,328
2026-09-11 04:37:00-04:00,7636.25,7636.25,7635.5,7635.75,269
2026-09-11 04:38:00-04:00,7636.0,7636.25,7635.5,7636.0,255
2026-09-11 04:39:00-04:00,7635.75,7636.75,7634.5,7634.75,424
2026-09-11 04:40:00-04:00,7635.0,7635.25,7634.5,7635.25,149
2026-09-11 04:41:00-04:00,7635.25,7635.75,7634.75,7635.5,198
2026-09-11 04:42:00-04:00,7635.5,7636.0,7634.75,7635.75,347
2026-09-11 04:43:00-04:00,7635.75,7635.75,7635.0,7635.25,226
2026-09-11 04:44:00-04:00,7635.0,7635.25,7633.75,7634.5,313
2026-09-11 04:45:00-04:00,7634.5,7636.0,7633.5,7635.25,404
2026-09-11 04:46:00-04:00,7635.25,7637.5,7635.0,7636.75,814
2026-09-11 04:47:00-04:00,7636.75,7637.25,7635.25,7636.0,712
2026-09-11 04:48:00-04:00,7635.75,7637.5,7635.75,7637.0,401
2026-09-11 04:49:00-04:00,7637.0,7637.0,7636.0,7636.5,169
2026-09-11 04:50:00-04:00,7636.5,7637.25,7636.5,7637.25,371
2026-09-11 04:51:00-04:00,7637.5,7640.5,7637.0,7640.0,1311
2026-09-11 04:52:00-04:00,7640.0,7640.5,7639.5,7639.5,515
2026-09-11 04:53:00-04:00,7639.5,7642.25,7639.5,7642.25,1122
2026-09-11 04:54:00-04:00,7642.25,7642.25,7640.0,7640.75,977
2026-09-11 04:55:00-04:00,7640.5,7641.25,7640.0,7640.75,549
2026-09-11 04:56:00-04:00,7640.75,7643.0,7640.75,7642.5,862
2026-09-11 04:57:00-04:00,7642.5,7643.0,7641.75,7642.25,823
2026-09-11 04:58:00-04:00,7642.25,7643.25,7642.0,7643.0,448
2026-09-11 04:59:00-04:00,7643.0,7643.75,7642.25,7643.75,550
2026-09-11 05:00:00-04:00,7643.75,7647.75,7643.25,7645.5,2709
2026-09-11 05:01:00-04:00,7645.5,7647.0,7644.25,7646.25,1026
2026-09-11 05:02:00-04:00,7646.5,7646.75,7644.25,7645.0,764
2026-09-11 05:03:00-04:00,7644.75,7644.75,7643.0,7643.0,772
2026-09-11 05:04:00-04:00,7643.0,7643.5,7642.75,7643.25,563
2026-09-11 05:05:00-04:00,7643.25,7643.25,7641.75,7641.75,370
2026-09-11 05:06:00-04:00,7641.75,7642.0,7641.25,7642.0,436
2026-09-11 05:07:00-04:00,7642.0,7642.75,7642.0,7642.0,311
2026-09-11 05:08:00-04:00,7642.0,7642.0,7640.25,7640.25,397
2026-09-11 05:09:00-04:00,7640.75,7640.75,7639.25,7639.25,394
2026-09-11 05:10:00-04:00,7639.25,7639.25,7638.0,7638.5,352
2026-09-11 05:11:00-04:00,7638.5,7639.25,7638.0,7639.0,651
2026-09-11 05:12:00-04:00,7639.25,7639.5,7638.5,7638.5,245
2026-09-11 05:13:00-04:00,7638.5,7640.0,7638.5,7639.0,565
2026-09-11 05:14:00-04:00,7639.25,7639.25,7637.25,7637.5,568
2026-09-11 05:15:00-04:00,7637.25,7637.75,7636.5,7637.25,349
2026-09-11 05:16:00-04:00,7637.25,7638.75,7637.25,7637.5,542
2026-09-11 05:17:00-04:00,7637.75,7638.25,7637.25,7638.25,148
2026-09-11 05:18:00-04:00,7638.0,7639.0,7638.0,7638.75,252
2026-09-11 05:19:00-04:00,7638.75,7639.75,7638.5,7639.25,292
2026-09-11 05:20:00-04:00,7639.25,7640.25,7638.5,7640.0,403
2026-09-11 05:21:00-04:00,7640.0,7640.0,7638.75,7639.25,293
2026-09-11 05:22:00-04:00,7639.25,7639.75,7638.75,7639.25,189
2026-09-11 05:23:00-04:00,7639.25,7639.75,7639.0,7639.25,131
2026-09-11 05:24:00-04:00,7639.5,7639.75,7638.75,7639.0,166
2026-09-11 05:25:00-04:00,7639.25,7639.25,7639.0,7639.0,414
2026-09-11 05:26:00-04:00,7639.0,7639.75,7639.0,7639.25,218
2026-09-11 05:27:00-04:00,7639.25,7639.5,7639.25,7639.25,120
2026-09-11 05:28:00-04:00,7639.25,7639.5,7639.0,7639.0,128
2026-09-11 05:29:00-04:00,7639.0,7639.0,7638.5,7638.75,203
2026-09-11 05:30:00-04:00,7638.75,7640.0,7638.5,7639.5,662
2026-09-11 05:31:00-04:00,7639.5,7639.75,7638.75,7639.0,143
2026-09-11 05:32:00-04:00,7639.0,7639.75,7639.0,7639.75,570
2026-09-11 05:33:00-04:00,7639.75,7640.25,7639.25,7639.25,154
2026-09-11 05:34:00-04:00,7639.25,7640.0,7639.25,7639.5,112
2026-09-11 05:35:00-04:00,7639.75,7639.75,7639.25,7639.75,177
2026-09-11 05:36:00-04:00,7639.75,7640.25,7639.5,7639.5,192
2026-09-11 05:37:00-04:00,7639.25,7639.75,7639.0,7639.25,151
2026-09-11 05:38:00-04:00,7639.25,7639.75,7639.25,7639.5,123
2026-09-11 05:39:00-04:00,7639.5,7640.25,7639.0,7640.0,148
2026-09-11 05:40:00-04:00,7639.75,7640.25,7639.5,7640.25,114
2026-09-11 05:41:00-04:00,7640.25,7640.75,7639.25,7639.5,211
2026-09-11 05:42:00-04:00,7639.5,7640.5,7639.25,7639.25,332
2026-09-11 05:43:00-04:00,7639.25,7639.5,7639.25,7639.5,91
2026-09-11 05:44:00-04:00,7639.25,7639.75,7639.0,7639.25,182
2026-09-11 05:45:00-04:00,7639.25,7639.5,7639.0,7639.0,130
2026-09-11 05:46:00-04:00,7639.0,7641.0,7638.75,7640.5,330
2026-09-11 05:47:00-04:00,7640.5,7640.5,7639.75,7640.0,171
2026-09-11 05:48:00-04:00,7639.75,7640.25,7639.25,7640.25,106
2026-09-11 05:49:00-04:00,7640.0,7640.25,7639.75,7640.0,83
2026-09-11 05:50:00-04:00,7640.0,7640.5,7639.5,7639.75,178
2026-09-11 05:51:00-04:00,7639.75,7640.25,7639.5,7639.5,253
2026-09-11 05:52:00-04:00,7639.25,7640.0,7639.25,7640.0,174
2026-09-11 05:53:00-04:00,7640.0,7640.25,7639.25,7639.5,137
2026-09-11 05:54:00-04:00,7639.5,7640.0,7639.5,7639.75,152
2026-09-11 05:55:00-04:00,7639.75,7640.25,7639.5,7640.0,143
2026-09-11 05:56:00-04:00,7640.0,7641.25,7639.75,7641.25,292
2026-09-11 05:57:00-04:00,7641.25,7641.25,7641.0,7641.0,212
2026-09-11 05:58:00-04:00,7641.25,7642.25,7640.75,7641.75,283
2026-09-11 05:59:00-04:00,7642.0,7642.25,7641.0,7641.0,213
2026-09-11 06:00:00-04:00,7640.75,7642.75,7640.5,7642.25,424
2026-09-11 06:01:00-04:00,7642.25,7642.5,7642.0,7642.5,193
2026-09-11 06:02:00-04:00,7642.5,7644.0,7635.5,7644.0,4631
2026-09-11 06:03:00-04:00,7644.0,7644.0,7643.0,7644.0,230
2026-09-11 06:04:00-04:00,7644.25,7645.25,7643.75,7644.75,295
2026-09-11 06:05:00-04:00,7644.5,7644.5,7643.0,7643.0,338
2026-09-11 06:06:00-04:00,7643.0,7643.75,7643.0,7643.0,175
2026-09-11 06:07:00-04:00,7643.25,7643.75,7643.0,7643.5,227
2026-09-11 06:08:00-04:00,7643.5,7644.25,7643.5,7644.0,165
2026-09-11 06:09:00-04:00,7644.0,7644.0,7643.25,7643.75,281
2026-09-11 06:10:00-04:00,7643.75,7644.0,7643.0,7643.75,190
2026-09-11 06:11:00-04:00,7643.75,7643.75,7642.0,7642.5,530
2026-09-11 06:12:00-04:00,7642.5,7642.75,7642.25,7642.25,172
2026-09-11 06:13:00-04:00,7642.25,7642.75,7641.5,7641.5,1013
2026-09-11 06:14:00-04:00,7641.5,7642.25,7641.5,7642.25,158
2026-09-11 06:15:00-04:00,7642.5,7642.5,7641.25,7641.75,410
2026-09-11 06:16:00-04:00,7641.75,7642.25,7641.5,7642.25,196
2026-09-11 06:17:00-04:00,7642.5,7643.5,7642.25,7642.5,328
2026-09-11 06:18:00-04:00,7642.5,7643.0,7642.25,7642.5,93
2026-09-11 06:19:00-04:00,7642.5,7642.75,7642.25,7642.5,149
2026-09-11 06:20:00-04:00,7642.25,7642.5,7641.5,7641.5,123
2026-09-11 06:21:00-04:00,7641.5,7641.75,7640.5,7641.25,291
2026-09-11 06:22:00-04:00,7641.25,7643.25,7640.5,7642.25,493
2026-09-11 06:23:00-04:00,7642.25,7642.25,7640.25,7641.0,397
2026-09-11 06:24:00-04:00,7641.25,7641.75,7641.0,7641.75,105
2026-09-11 06:25:00-04:00,7641.75,7642.25,7641.5,7642.0,167
2026-09-11 06:26:00-04:00,7642.0,7642.0,7641.0,7641.0,135
2026-09-11 06:27:00-04:00,7641.0,7641.0,7639.75,7640.0,186
2026-09-11 06:28:00-04:00,7640.0,7641.0,7640.0,7640.25,140
2026-09-11 06:29:00-04:00,7640.0,7640.75,7640.0,7640.75,155
2026-09-11 06:30:00-04:00,7640.75,7641.5,7640.25,7641.25,229
2026-09-11 06:31:00-04:00,7641.25,7641.75,7641.0,7641.25,192
2026-09-11 06:32:00-04:00,7641.25,7641.75,7641.0,7641.75,96
2026-09-11 06:33:00-04:00,7641.75,7642.0,7641.25,7641.5,98
2026-09-11 06:34:00-04:00,7641.25,7642.75,7641.25,7642.5,124
2026-09-11 06:35:00-04:00,7642.5,7643.5,7642.5,7643.0,192
2026-09-11 06:36:00-04:00,7642.75,7643.0,7641.75,7642.0,159
2026-09-11 06:37:00-04:00,7642.25,7642.25,7640.75,7640.75,238
2026-09-11 06:38:00-04:00,7640.75,7641.5,7640.5,7641.5,127
2026-09-11 06:39:00-04:00,7641.5,7641.75,7641.5,7641.75,89
2026-09-11 06:40:00-04:00,7641.75,7641.75,7640.75,7641.5,146
2026-09-11 06:41:00-04:00,7641.25,7641.25,7640.75,7641.0,251
2026-09-11 06:42:00-04:00,7641.25,7641.5,7641.0,7641.0,116
2026-09-11 06:43:00-04:00,7641.25,7641.5,7640.25,7640.25,732
2026-09-11 06:44:00-04:00,7640.5,7640.75,7640.0,7640.0,309
2026-09-11 06:45:00-04:00,7640.0,7640.0,7639.75,7639.75,166
2026-09-11 06:46:00-04:00,7640.0,7640.0,7639.75,7639.75,120
2026-09-11 06:47:00-04:00,7639.5,7639.5,7638.25,7638.25,358
2026-09-11 06:48:00-04:00,7638.5,7638.75,7638.5,7638.75,171
2026-09-11 06:49:00-04:00,7638.5,7639.0,7638.0,7638.75,194
2026-09-11 06:50:00-04:00,7638.75,7639.25,7638.5,7638.75,202
2026-09-11 06:51:00-04:00,7639.0,7639.75,7638.75,7639.5,135
2026-09-11 06:52:00-04:00,7639.5,7639.5,7638.75,7638.75,99
2026-09-11 06:53:00-04:00,7638.75,7639.0,7638.5,7638.75,123
2026-09-11 06:54:00-04:00,7638.75,7638.75,7638.0,7638.5,189
2026-09-11 06:55:00-04:00,7638.5,7639.0,7638.0,7638.75,679
2026-09-11 06:56:00-04:00,7638.75,7639.5,7638.25,7639.0,247
2026-09-11 06:57:00-04:00,7638.75,7639.0,7638.0,7638.5,298
2026-09-11 06:58:00-04:00,7638.5,7639.25,7638.25,7638.75,195
2026-09-11 06:59:00-04:00,7638.75,7639.0,7638.25,7638.5,205
2026-09-11 07:00:00-04:00,7638.75,7639.25,7638.5,7638.5,618
2026-09-11 07:01:00-04:00,7638.5,7638.5,7638.0,7638.0,312
2026-09-11 07:02:00-04:00,7638.0,7639.0,7637.75,7638.5,236
2026-09-11 07:03:00-04:00,7638.75,7639.5,7638.75,7639.5,218
2026-09-11 07:04:00-04:00,7639.25,7639.5,7638.25,7638.5,299
2026-09-11 07:05:00-04:00,7638.25,7638.5,7637.25,7637.75,216
2026-09-11 07:06:00-04:00,7637.5,7637.75,7636.5,7636.75,232
2026-09-11 07:07:00-04:00,7636.5,7637.0,7636.0,7636.25,431
2026-09-11 07:08:00-04:00,7636.5,7636.75,7635.5,7636.25,297
2026-09-11 07:09:00-04:00,7636.25,7636.5,7635.5,7636.5,418
2026-09-11 07:10:00-04:00,7636.25,7636.75,7635.75,7636.5,208
2026-09-11 07:11:00-04:00,7636.25,7637.25,7636.0,7636.25,193
2026-09-11 07:12:00-04:00,7636.25,7637.0,7636.25,7636.75,163
2026-09-11 07:13:00-04:00,7637.0,7637.25,7636.5,7636.75,175
2026-09-11 07:14:00-04:00,7636.75,7637.0,7636.0,7636.25,181
2026-09-11 07:15:00-04:00,7636.25,7636.5,7635.5,7635.75,252
2026-09-11 07:16:00-04:00,7636.0,7636.75,7636.0,7636.75,220
2026-09-11 07:17:00-04:00,7636.75,7637.25,7636.75,7637.25,308
2026-09-11 07:18:00-04:00,7637.25,7638.25,7636.75,7638.0,391
2026-09-11 07:19:00-04:00,7638.0,7638.75,7638.0,7638.5,257
2026-09-11 07:20:00-04:00,7638.75,7638.75,7637.25,7637.5,249
2026-09-11 07:21:00-04:00,7637.25,7638.5,7637.25,7638.25,181
2026-09-11 07:22:00-04:00,7638.0,7638.0,7636.0,7636.5,222
2026-09-11 07:23:00-04:00,7636.5,7637.25,7636.25,7637.25,128
2026-09-11 07:24:00-04:00,7637.5,7638.25,7637.25,7638.25,119
2026-09-11 07:25:00-04:00,7638.25,7641.25,7638.25,7640.0,758
2026-09-11 07:26:00-04:00,7640.0,7640.75,7640.0,7640.25,246
2026-09-11 07:27:00-04:00,7640.25,7640.75,7639.5,7639.5,211
2026-09-11 07:28:00-04:00,7639.75,7639.75,7638.5,7638.5,240
2026-09-11 07:29:00-04:00,7638.5,7639.5,7638.25,7639.5,264
2026-09-11 07:30:00-04:00,7639.5,7640.5,7639.0,7639.25,472
2026-09-11 07:31:00-04:00,7639.25,7640.0,7639.0,7639.5,130
2026-09-11 07:32:00-04:00,7639.25,7639.75,7639.0,7639.5,213
2026-09-11 07:33:00-04:00,7639.5,7640.5,7638.5,7638.5,232
2026-09-11 07:34:00-04:00,7638.75,7639.0,7636.25,7636.5,576
2026-09-11 07:35:00-04:00,7636.75,7636.75,7635.75,7636.5,326
2026-09-11 07:36:00-04:00,7636.25,7636.75,7635.75,7636.5,325
2026-09-11 07:37:00-04:00,7636.5,7638.0,7636.0,7638.0,398
2026-09-11 07:38:00-04:00,7638.0,7638.25,7637.25,7637.75,799
2026-09-11 07:39:00-04:00,7638.0,7638.5,7637.5,7638.0,335
2026-09-11 07:40:00-04:00,7637.75,7639.25,7637.5,7638.5,407
2026-09-11 07:41:00-04:00,7638.5,7639.0,7638.5,7639.0,198
2026-09-11 07:42:00-04:00,7638.75,7639.75,7638.75,7639.75,231
2026-09-11 07:43:00-04:00,7639.75,7640.0,7639.25,7639.75,317
2026-09-11 07:44:00-04:00,7639.75,7640.5,7639.75,7640.5,186
2026-09-11 07:45:00-04:00,7640.75,7641.5,7640.25,7641.25,311
2026-09-11 07:46:00-04:00,7641.25,7641.25,7639.25,7639.5,360
2026-09-11 07:47:00-04:00,7639.75,7639.75,7638.0,7638.0,271
2026-09-11 07:48:00-04:00,7638.0,7640.0,7637.75,7639.5,401
2026-09-11 07:49:00-04:00,7639.75,7641.25,7639.75,7641.0,292
2026-09-11 07:50:00-04:00,7641.0,7641.0,7640.5,7640.5,118
2026-09-11 07:51:00-04:00,7640.5,7640.75,7639.75,7640.5,218
2026-09-11 07:52:00-04:00,7640.5,7640.5,7640.0,7640.25,175
2026-09-11 07:53:00-04:00,7640.0,7640.0,7639.0,7639.75,260
2026-09-11 07:54:00-04:00,7640.0,7640.5,7639.5,7640.5,429
2026-09-11 07:55:00-04:00,7640.5,7640.5,7640.0,7640.25,227
2026-09-11 07:56:00-04:00,7640.0,7641.0,7640.0,7640.5,288
2026-09-11 07:57:00-04:00,7640.5,7642.5,7640.5,7641.75,325
2026-09-11 07:58:00-04:00,7641.75,7642.0,7640.5,7641.25,291
2026-09-11 07:59:00-04:00,7641.25,7641.5,7640.5,7640.75,375
2026-09-11 08:00:00-04:00,7640.75,7641.25,7640.5,7641.0,329
2026-09-11 08:01:00-04:00,7641.0,7641.25,7639.75,7640.25,447
2026-09-11 08:02:00-04:00,7640.5,7640.5,7637.5,7639.5,535
2026-09-11 08:03:00-04:00,7639.5,7640.0,7638.5,7640.0,657
2026-09-11 08:04:00-04:00,7640.0,7640.0,7639.0,7639.5,809
2026-09-11 08:05:00-04:00,7639.5,7640.25,7639.0,7640.0,427
2026-09-11 08:06:00-04:00,7640.0,7640.25,7638.5,7639.75,517
2026-09-11 08:07:00-04:00,7640.0,7640.0,7638.25,7638.5,532
2026-09-11 08:08:00-04:00,7638.75,7639.25,7638.5,7639.0,419
2026-09-11 08:09:00-04:00,7639.0,7640.25,7639.0,7640.25,790
2026-09-11 08:10:00-04:00,7640.5,7641.5,7639.25,7641.0,492
2026-09-11 08:11:00-04:00,7641.0,7642.25,7640.25,7642.0,865
2026-09-11 08:12:00-04:00,7642.0,7644.0,7641.5,7641.5,914
2026-09-11 08:13:00-04:00,7641.5,7641.75,7639.25,7640.0,758
2026-09-11 08:14:00-04:00,7640.25,7642.0,7640.25,7641.75,749
2026-09-11 08:15:00-04:00,7641.75,7642.25,7640.75,7642.0,287
2026-09-11 08:16:00-04:00,7642.25,7643.5,7642.0,7642.5,875
2026-09-11 08:17:00-04:00,7642.5,7644.25,7642.25,7644.25,399
2026-09-11 08:18:00-04:00,7644.25,7645.25,7644.0,7644.75,818
2026-09-11 08:19:00-04:00,7645.0,7645.75,7644.5,7644.5,523
2026-09-11 08:20:00-04:00,7644.75,7645.5,7644.25,7645.25,504
2026-09-11 08:21:00-04:00,7645.25,7646.0,7644.75,7645.0,677
2026-09-11 08:22:00-04:00,7644.75,7646.5,7644.75,7645.25,600
2026-09-11 08:23:00-04:00,7645.25,7646.75,7644.5,7645.75,700
2026-09-11 08:24:00-04:00,7645.75,7646.0,7643.25,7643.5,1181
2026-09-11 08:25:00-04:00,7643.75,7645.0,7642.75,7644.5,1935
2026-09-11 08:26:00-04:00,7644.5,7650.0,7644.0,7648.75,2368
2026-09-11 08:27:00-04:00,7648.25,7650.25,7647.5,7649.25,1834
2026-09-11 08:28:00-04:00,7649.5,7653.25,7648.75,7650.0,1913
2026-09-11 08:29:00-04:00,7649.75,7657.5,7649.0,7653.75,2211
2026-09-11 08:30:00-04:00,7653.5,7655.25,7620.5,7627.0,9567
2026-09-11 08:31:00-04:00,7627.0,7636.75,7625.5,7635.25,6504
2026-09-11 08:32:00-04:00,7635.25,7641.5,7631.75,7637.5,4193
2026-09-11 08:33:00-04:00,7637.5,7645.5,7636.75,7644.5,3518
2026-09-11 08:34:00-04:00,7644.75,7645.5,7642.0,7643.0,3340
2026-09-11 08:35:00-04:00,7642.75,7643.75,7640.25,7643.25,2094
2026-09-11 08:36:00-04:00,7643.25,7648.75,7642.5,7645.75,3179
2026-09-11 08:37:00-04:00,7646.0,7650.0,7646.0,7646.25,2317
2026-09-11 08:38:00-04:00,7646.5,7649.25,7645.75,7649.25,1866
2026-09-11 08:39:00-04:00,7649.0,7650.5,7647.5,7647.75,2115
2026-09-11 08:40:00-04:00,7647.5,7650.0,7646.5,7648.75,1764
2026-09-11 08:41:00-04:00,7648.75,7649.0,7646.0,7648.5,2022
2026-09-11 08:42:00-04:00,7648.25,7649.0,7646.75,7648.25,1842
2026-09-11 08:43:00-04:00,7648.25,7649.0,7645.5,7646.75,1244
2026-09-11 08:44:00-04:00,7647.0,7647.5,7644.75,7646.5,1150
2026-09-11 08:45:00-04:00,7646.75,7647.0,7644.75,7646.0,1277
2026-09-11 08:46:00-04:00,7646.0,7652.0,7646.0,7652.0,2224
2026-09-11 08:47:00-04:00,7651.75,7654.25,7650.75,7653.5,1896
2026-09-11 08:48:00-04:00,7653.5,7657.25,7653.25,7657.25,2258
2026-09-11 08:49:00-04:00,7657.25,7658.25,7655.75,7656.0,1665
2026-09-11 08:50:00-04:00,7656.0,7661.0,7655.5,7660.75,2297
2026-09-11 08:51:00-04:00,7660.75,7661.75,7659.25,7661.0,1295
2026-09-11 08:52:00-04:00,7661.0,7668.0,7660.5,7666.0,5013
2026-09-11 08:53:00-04:00,7665.75,7667.0,7664.0,7666.75,1999
2026-09-11 08:54:00-04:00,7666.5,7668.75,7666.25,7667.25,2179
2026-09-11 08:55:00-04:00,7667.25,7671.0,7666.5,7670.5,2192
2026-09-11 08:56:00-04:00,7670.25,7671.5,7669.25,7670.5,2845
2026-09-11 08:57:00-04:00,7670.5,7673.0,7670.0,7672.5,1907
2026-09-11 08:58:00-04:00,7672.75,7675.75,7671.25,7675.75,2585
2026-09-11 08:59:00-04:00,7675.5,7677.5,7675.0,7676.25,3209
2026-09-11 09:00:00-04:00,7676.25,7683.5,7675.75,7681.75,4857
2026-09-11 09:01:00-04:00,7681.5,7681.75,7678.75,7680.75,3410
2026-09-11 09:02:00-04:00,7680.75,7680.75,7677.5,7678.75,2974
2026-09-11 09:03:00-04:00,7679.0,7679.5,7676.5,7677.25,2678
2026-09-11 09:04:00-04:00,7677.5,7678.75,7675.75,7677.25,1993
2026-09-11 09:05:00-04:00,7677.25,7679.0,7675.5,7678.75,2750
2026-09-11 09:06:00-04:00,7679.0,7680.25,7677.75,7678.0,3009
2026-09-11 09:07:00-04:00,7678.0,7678.0,7674.5,7674.5,2477
2026-09-11 09:08:00-04:00,7674.75,7674.75,7672.0,7672.5,2408
2026-09-11 09:09:00-04:00,7672.5,7673.75,7671.25,7673.5,2222
2026-09-11 09:10:00-04:00,7673.25,7674.5,7672.25,7672.5,1335
2026-09-11 09:11:00-04:00,7672.5,7672.75,7671.0,7671.25,1303
2026-09-11 09:12:00-04:00,7671.5,7672.25,7668.5,7669.25,2444
2026-09-11 09:13:00-04:00,7669.25,7669.25,7666.25,7666.5,2739
2026-09-11 09:14:00-04:00,7666.25,7667.5,7665.5,7667.25,3837
2026-09-11 09:15:00-04:00,7667.5,7669.0,7665.75,7666.0,1508
2026-09-11 09:16:00-04:00,7666.0,7668.75,7665.75,7667.75,1723
2026-09-11 09:17:00-04:00,7667.75,7668.75,7666.5,7666.5,1265
2026-09-11 09:18:00-04:00,7666.5,7669.0,7666.25,7668.75,1040
2026-09-11 09:19:00-04:00,7668.5,7668.75,7665.25,7665.75,922
2026-09-11 09:20:00-04:00,7665.75,7668.0,7665.75,7667.0,1255
2026-09-11 09:21:00-04:00,7667.0,7668.25,7666.25,7667.25,1077
2026-09-11 09:22:00-04:00,7667.0,7668.0,7666.25,7667.25,822
2026-09-11 09:23:00-04:00,7667.25,7667.25,7666.0,7666.75,1158
2026-09-11 09:24:00-04:00,7666.75,7667.5,7666.5,7667.0,895
2026-09-11 09:25:00-04:00,7667.0,7667.25,7664.5,7666.0,1798
2026-09-11 09:26:00-04:00,7666.0,7668.25,7665.5,7667.0,1102
2026-09-11 09:27:00-04:00,7667.0,7667.25,7664.75,7664.75,1252
2026-09-11 09:28:00-04:00,7665.0,7673.0,7665.0,7671.0,5702
2026-09-11 09:29:00-04:00,7671.0,7672.75,7665.0,7665.0,3200
2026-09-11 09:30:00-04:00,7665.0,7665.5,7661.25,7663.5,13472
2026-09-11 09:31:00-04:00,7663.5,7666.0,7659.75,7663.25,11809
2026-09-11 09:32:00-04:00,7663.25,7669.0,7662.75,7665.5,8095
2026-09-11 09:33:00-04:00,7665.25,7673.0,7665.0,7672.25,7589
2026-09-11 09:34:00-04:00,7672.25,7676.5,7670.75,7675.5,9125
2026-09-11 09:35:00-04:00,7675.25,7677.75,7674.5,7677.0,10838
2026-09-11 09:36:00-04:00,7677.25,7677.75,7672.75,7673.25,7540
2026-09-11 09:37:00-04:00,7673.5,7676.75,7673.5,7675.75,8263
2026-09-11 09:38:00-04:00,7675.75,7676.25,7672.75,7675.5,5599
2026-09-11 09:39:00-04:00,7675.5,7675.75,7671.5,7673.5,4745
2026-09-11 09:40:00-04:00,7673.25,7676.5,7664.25,7669.75,15185
2026-09-11 09:41:00-04:00,7670.0,7675.0,7669.75,7671.75,5931
2026-09-11 09:42:00-04:00,7672.0,7672.0,7668.25,7671.0,7251
2026-09-11 09:43:00-04:00,7671.0,7672.0,7668.25,7670.75,4524
2026-09-11 09:44:00-04:00,7670.5,7672.5,7667.0,7672.25,5848
2026-09-11 09:45:00-04:00,7672.5,7673.0,7667.5,7670.5,6376
2026-09-11 09:46:00-04:00,7670.5,7677.0,7668.75,7671.5,11506
2026-09-11 09:47:00-04:00,7671.5,7671.75,7667.5,7669.5,5124
2026-09-11 09:48:00-04:00,7669.25,7670.75,7666.25,7666.5,4287
2026-09-11 09:49:00-04:00,7666.5,7670.0,7665.75,7667.75,5175
2026-09-11 09:50:00-04:00,7667.5,7670.75,7667.25,7669.25,6887
2026-09-11 09:51:00-04:00,7669.5,7669.5,7666.0,7668.5,5247
2026-09-11 09:52:00-04:00,7668.5,7670.0,7664.75,7666.75,5991
2026-09-11 09:53:00-04:00,7666.5,7669.5,7666.0,7669.0,4270
2026-09-11 09:54:00-04:00,7669.0,7669.0,7666.25,7668.75,4089
2026-09-11 09:55:00-04:00,7668.75,7672.25,7667.75,7672.0,4182
2026-09-11 09:56:00-04:00,7672.0,7675.5,7671.75,7674.75,4131
2026-09-11 09:57:00-04:00,7674.75,7676.75,7673.0,7675.75,3551
2026-09-11 09:58:00-04:00,7675.5,7677.0,7674.25,7677.0,3102
2026-09-11 09:59:00-04:00,7677.0,7682.0,7676.5,7681.0,5860
2026-09-11 10:00:00-04:00,7681.0,7681.25,7676.25,7676.25,7529
2026-09-11 10:01:00-04:00,7676.25,7678.75,7674.0,7674.0,7325
2026-09-11 10:02:00-04:00,7674.25,7675.75,7673.0,7675.5,5118
2026-09-11 10:03:00-04:00,7675.5,7676.25,7672.0,7673.75,7421
2026-09-11 10:04:00-04:00,7674.0,7674.5,7671.25,7672.25,4018
2026-09-11 10:05:00-04:00,7672.25,7673.75,7668.75,7668.75,4976
2026-09-11 10:06:00-04:00,7669.0,7671.0,7667.0,7668.25,5653
2026-09-11 10:07:00-04:00,7668.5,7670.25,7667.0,7669.0,5774
2026-09-11 10:08:00-04:00,7669.25,7672.0,7668.0,7669.75,4681
2026-09-11 10:09:00-04:00,7669.75,7672.0,7668.25,7672.0,4019
2026-09-11 10:10:00-04:00,7672.0,7674.75,7670.25,7673.0,5977
2026-09-11 10:11:00-04:00,7673.0,7673.0,7667.5,7670.25,6438
2026-09-11 10:12:00-04:00,7670.25,7670.25,7664.5,7667.75,6340
2026-09-11 10:13:00-04:00,7668.0,7672.0,7667.0,7670.25,5937
2026-09-11 10:14:00-04:00,7670.25,7670.75,7665.0,7666.5,5994
2026-09-11 10:15:00-04:00,7666.75,7669.25,7666.0,7667.75,4683
2026-09-11 10:16:00-04:00,7667.75,7669.0,7665.0,7665.5,4275
2026-09-11 10:17:00-04:00,7665.5,7666.75,7664.0,7666.0,4038
2026-09-11 10:18:00-04:00,7666.0,7672.75,7665.75,7672.25,4656
2026-09-11 10:19:00-04:00,7672.25,7675.5,7671.5,7674.75,5051
2026-09-11 10:20:00-04:00,7675.0,7677.0,7673.5,7676.25,6600
2026-09-11 10:21:00-04:00,7676.5,7677.25,7674.5,7676.25,3322
2026-09-11 10:22:00-04:00,7676.25,7678.0,7675.25,7678.0,4597
2026-09-11 10:23:00-04:00,7678.0,7678.25,7675.25,7676.0,5255
2026-09-11 10:24:00-04:00,7676.0,7677.0,7674.5,7675.25,3431
2026-09-11 10:25:00-04:00,7675.5,7676.25,7673.75,7674.5,4943
2026-09-11 10:26:00-04:00,7674.75,7677.0,7673.5,7675.75,3833
2026-09-11 10:27:00-04:00,7675.75,7678.25,7675.5,7676.75,3281
2026-09-11 10:28:00-04:00,7676.75,7678.75,7676.5,7678.25,3700
2026-09-11 10:29:00-04:00,7678.25,7678.75,7674.75,7675.0,3510
2026-09-11 10:30:00-04:00,7675.0,7676.0,7670.5,7672.25,5554
2026-09-11 10:31:00-04:00,7672.0,7674.0,7668.25,7668.25,4985
2026-09-11 10:32:00-04:00,7668.25,7670.25,7667.75,7670.0,3587
2026-09-11 10:33:00-04:00,7669.75,7670.25,7665.25,7668.25,5116
2026-09-11 10:34:00-04:00,7668.0,7669.0,7664.25,7664.75,4833
2026-09-11 10:35:00-04:00,7664.75,7665.0,7662.5,7663.75,5300
2026-09-11 10:36:00-04:00,7663.5,7664.0,7661.75,7662.0,5422
2026-09-11 10:37:00-04:00,7662.0,7664.75,7661.75,7663.25,6176
2026-09-11 10:38:00-04:00,7663.5,7664.0,7657.75,7659.75,8855
2026-09-11 10:39:00-04:00,7659.75,7661.75,7659.25,7660.5,4304
2026-09-11 10:40:00-04:00,7660.5,7665.0,7660.5,7662.5,8627
2026-09-11 10:41:00-04:00,7662.25,7663.0,7660.5,7661.75,3674
2026-09-11 10:42:00-04:00,7661.75,7662.75,7659.75,7660.75,3419
2026-09-11 10:43:00-04:00,7660.5,7662.0,7656.5,7656.5,5127
2026-09-11 10:44:00-04:00,7656.5,7658.25,7656.0,7657.75,4053
2026-09-11 10:45:00-04:00,7657.75,7659.25,7656.25,7659.25,6660
2026-09-11 10:46:00-04:00,7659.25,7659.5,7655.5,7656.0,6380
2026-09-11 10:47:00-04:00,7656.0,7657.75,7653.25,7654.75,5775
2026-09-11 10:48:00-04:00,7654.5,7665.5,7654.25,7660.25,21289
2026-09-11 10:49:00-04:00,7660.0,7665.0,7659.0,7664.5,7132
2026-09-11 10:50:00-04:00,7664.5,7665.0,7660.75,7661.5,5845
2026-09-11 10:51:00-04:00,7661.5,7663.25,7659.75,7662.0,5943
2026-09-11 10:52:00-04:00,7662.0,7662.75,7660.0,7660.0,3753
2026-09-11 10:53:00-04:00,7660.0,7660.75,7658.25,7659.25,4051
2026-09-11 10:54:00-04:00,7659.0,7659.0,7657.25,7658.0,4652
2026-09-11 10:55:00-04:00,7658.0,7658.25,7654.25,7655.25,3869
2026-09-11 10:56:00-04:00,7655.25,7656.5,7654.5,7655.5,2854
2026-09-11 10:57:00-04:00,7655.25,7658.5,7655.0,7658.0,3357
2026-09-11 10:58:00-04:00,7658.25,7659.5,7656.5,7656.75,4332
2026-09-11 10:59:00-04:00,7656.75,7657.75,7655.0,7657.25,4653
2026-09-11 11:00:00-04:00,7657.25,7660.5,7655.25,7660.0,4637
2026-09-11 11:01:00-04:00,7660.0,7660.5,7658.0,7660.25,4192
2026-09-11 11:02:00-04:00,7660.25,7661.0,7658.25,7661.0,2890
2026-09-11 11:03:00-04:00,7661.0,7663.5,7659.5,7663.5,3324
2026-09-11 11:04:00-04:00,7663.25,7664.25,7660.25,7664.25,3030
2026-09-11 11:05:00-04:00,7664.0,7667.5,7663.25,7667.0,5965
2026-09-11 11:06:00-04:00,7667.0,7670.25,7667.0,7669.0,5084
2026-09-11 11:07:00-04:00,7669.25,7669.75,7668.25,7669.75,3671
2026-09-11 11:08:00-04:00,7669.5,7669.5,7666.0,7666.25,4094
2026-09-11 11:09:00-04:00,7666.25,7667.25,7665.5,7666.5,5280
2026-09-11 11:10:00-04:00,7666.5,7667.25,7664.75,7666.5,7175
2026-09-11 11:11:00-04:00,7666.5,7666.75,7663.0,7664.25,3460
2026-09-11 11:12:00-04:00,7664.25,7665.0,7663.0,7663.0,2630
2026-09-11 11:13:00-04:00,7663.0,7663.25,7658.5,7661.25,6861
2026-09-11 11:14:00-04:00,7661.25,7663.5,7661.0,7663.5,4750
2026-09-11 11:15:00-04:00,7663.5,7669.5,7663.5,7669.5,6108
2026-09-11 11:16:00-04:00,7669.25,7672.0,7668.25,7671.75,3843
2026-09-11 11:17:00-04:00,7671.75,7671.75,7670.25,7671.25,2803
2026-09-11 11:18:00-04:00,7671.25,7672.75,7670.25,7672.25,3070
2026-09-11 11:19:00-04:00,7672.5,7673.25,7670.75,7671.5,3593
2026-09-11 11:20:00-04:00,7671.5,7672.5,7671.25,7672.25,3702
2026-09-11 11:21:00-04:00,7672.5,7673.5,7670.75,7672.75,3566
2026-09-11 11:22:00-04:00,7672.75,7674.0,7671.75,7673.0,3814
2026-09-11 11:23:00-04:00,7673.25,7674.5,7671.5,7673.0,3170
2026-09-11 11:24:00-04:00,7673.25,7676.75,7673.25,7676.25,5486
2026-09-11 11:25:00-04:00,7676.25,7676.25,7674.25,7674.5,3010
2026-09-11 11:26:00-04:00,7674.75,7677.5,7674.5,7677.25,3171
2026-09-11 11:27:00-04:00,7677.25,7680.25,7677.0,7680.0,5571
2026-09-11 11:28:00-04:00,7679.75,7680.0,7677.25,7677.5,6416
2026-09-11 11:29:00-04:00,7677.75,7678.25,7676.75,7677.5,4369
2026-09-11 11:30:00-04:00,7677.5,7678.25,7675.5,7676.75,6114
2026-09-11 11:31:00-04:00,7676.75,7677.0,7675.0,7676.25,4579
2026-09-11 11:32:00-04:00,7676.0,7679.25,7676.0,7678.25,4629
2026-09-11 11:33:00-04:00,7678.0,7678.25,7677.25,7677.25,2472
2026-09-11 11:34:00-04:00,7677.5,7677.5,7676.25,7676.5,2643
2026-09-11 11:35:00-04:00,7676.5,7677.25,7674.0,7675.25,3820
2026-09-11 11:36:00-04:00,7675.25,7676.25,7674.75,7676.0,2922
2026-09-11 11:37:00-04:00,7676.25,7676.75,7673.75,7674.25,2897
2026-09-11 11:38:00-04:00,7674.25,7675.5,7673.75,7675.0,2912
2026-09-11 11:39:00-04:00,7675.0,7678.25,7674.75,7677.0,3143
2026-09-11 11:40:00-04:00,7677.25,7678.0,7676.25,7677.75,3046
2026-09-11 11:41:00-04:00,7677.75,7679.0,7677.5,7678.5,2908
2026-09-11 11:42:00-04:00,7678.25,7679.25,7677.5,7678.5,7132
2026-09-11 11:43:00-04:00,7678.75,7680.5,7678.5,7678.75,3686
2026-09-11 11:44:00-04:00,7679.0,7679.75,7678.75,7679.0,2805
2026-09-11 11:45:00-04:00,7679.0,7679.25,7677.25,7678.0,5493
2026-09-11 11:46:00-04:00,7678.0,7678.0,7676.5,7677.25,2620
2026-09-11 11:47:00-04:00,7677.5,7677.75,7676.0,7676.5,1819
2026-09-11 11:48:00-04:00,7676.5,7677.0,7675.25,7676.0,2208
2026-09-11 11:49:00-04:00,7675.75,7678.25,7675.75,7676.75,2557
2026-09-11 11:50:00-04:00,7676.75,7677.5,7676.0,7677.25,2305
2026-09-11 11:51:00-04:00,7677.25,7677.5,7675.5,7676.25,1825
2026-09-11 11:52:00-04:00,7676.0,7676.0,7674.75,7675.0,2253
2026-09-11 11:53:00-04:00,7675.0,7675.0,7672.75,7672.75,4507
2026-09-11 11:54:00-04:00,7672.75,7673.5,7671.75,7673.0,3321
2026-09-11 11:55:00-04:00,7673.0,7673.75,7671.75,7671.75,3183
2026-09-11 11:56:00-04:00,7671.75,7673.75,7671.5,7672.75,4819
2026-09-11 11:57:00-04:00,7672.75,7676.0,7672.75,7674.0,2741
2026-09-11 11:58:00-04:00,7674.0,7675.75,7673.75,7675.5,4324
2026-09-11 11:59:00-04:00,7675.75,7675.75,7674.75,7675.0,2409
2026-09-11 12:00:00-04:00,7674.75,7677.25,7674.75,7676.0,3840
2026-09-11 12:01:00-04:00,7675.75,7678.25,7675.75,7677.5,2462
2026-09-11 12:02:00-04:00,7677.75,7679.5,7677.0,7679.5,2618
2026-09-11 12:03:00-04:00,7679.5,7679.75,7676.75,7676.75,2248
2026-09-11 12:04:00-04:00,7677.0,7680.0,7677.0,7679.25,2204
2026-09-11 12:05:00-04:00,7679.25,7679.75,7678.75,7679.0,2644
2026-09-11 12:06:00-04:00,7679.0,7679.5,7677.5,7678.0,1929
2026-09-11 12:07:00-04:00,7678.0,7678.25,7675.75,7676.0,3160
2026-09-11 12:08:00-04:00,7675.75,7676.5,7675.25,7676.25,2324
2026-09-11 12:09:00-04:00,7676.0,7677.0,7676.0,7676.75,1222
2026-09-11 12:10:00-04:00,7677.0,7678.0,7676.25,7676.25,2067
2026-09-11 12:11:00-04:00,7676.5,7677.0,7676.0,7676.25,1314
2026-09-11 12:12:00-04:00,7676.5,7676.5,7675.0,7675.25,1517
2026-09-11 12:13:00-04:00,7675.5,7675.5,7673.25,7673.25,2087
2026-09-11 12:14:00-04:00,7673.25,7674.0,7673.0,7673.5,2294
2026-09-11 12:15:00-04:00,7673.75,7674.25,7672.5,7673.0,2831
2026-09-11 12:16:00-04:00,7673.0,7673.25,7671.5,7671.75,2184
2026-09-11 12:17:00-04:00,7671.75,7673.5,7671.75,7672.25,2645
2026-09-11 12:18:00-04:00,7672.25,7673.25,7672.0,7672.75,2266
2026-09-11 12:19:00-04:00,7672.5,7673.5,7671.75,7672.75,2229
2026-09-11 12:20:00-04:00,7672.75,7674.0,7671.5,7671.5,2384
2026-09-11 12:21:00-04:00,7671.5,7673.25,7671.5,7671.5,2075
2026-09-11 12:22:00-04:00,7671.75,7671.75,7670.25,7671.25,2830
2026-09-11 12:23:00-04:00,7671.0,7672.0,7670.5,7671.25,2145
2026-09-11 12:24:00-04:00,7671.25,7671.5,7670.5,7671.25,1977
2026-09-11 12:25:00-04:00,7671.25,7672.75,7671.25,7671.25,2818
2026-09-11 12:26:00-04:00,7671.0,7672.0,7670.25,7671.0,3206
2026-09-11 12:27:00-04:00,7670.75,7673.75,7670.75,7672.0,4043
2026-09-11 12:28:00-04:00,7671.75,7673.0,7671.75,7673.0,2166
2026-09-11 12:29:00-04:00,7672.75,7673.0,7666.25,7667.0,14044
2026-09-11 12:30:00-04:00,7667.0,7670.5,7665.75,7670.25,6027
2026-09-11 12:31:00-04:00,7670.25,7670.25,7667.75,7668.25,3672
2026-09-11 12:32:00-04:00,7668.5,7671.0,7666.75,7670.75,4748
2026-09-11 12:33:00-04:00,7671.0,7674.75,7671.0,7674.75,4009
2026-09-11 12:34:00-04:00,7674.75,7675.5,7673.5,7673.5,2914
2026-09-11 12:35:00-04:00,7673.5,7673.75,7671.5,7671.5,2433
2026-09-11 12:36:00-04:00,7671.5,7672.0,7669.5,7669.5,2122
2026-09-11 12:37:00-04:00,7669.5,7670.5,7669.25,7670.25,3854
2026-09-11 12:38:00-04:00,7670.25,7670.5,7668.5,7669.5,2191
2026-09-11 12:39:00-04:00,7669.5,7669.5,7666.75,7667.0,2827
2026-09-11 12:40:00-04:00,7667.0,7669.75,7666.25,7669.75,4561
2026-09-11 12:41:00-04:00,7669.75,7669.75,7668.25,7669.75,3972
2026-09-11 12:42:00-04:00,7669.75,7670.25,7667.25,7668.25,2440
2026-09-11 12:43:00-04:00,7668.25,7670.75,7667.75,7670.25,3352
2026-09-11 12:44:00-04:00,7670.25,7672.5,7670.0,7672.0,1953
2026-09-11 12:45:00-04:00,7672.0,7672.5,7671.0,7672.25,1612
2026-09-11 12:46:00-04:00,7672.25,7673.75,7672.25,7673.0,2821
2026-09-11 12:47:00-04:00,7673.0,7673.5,7672.0,7673.25,1690
2026-09-11 12:48:00-04:00,7673.25,7673.5,7671.25,7671.5,1795
2026-09-11 12:49:00-04:00,7671.5,7671.75,7670.75,7671.0,3417
2026-09-11 12:50:00-04:00,7670.75,7673.5,7670.75,7672.5,2263
2026-09-11 12:51:00-04:00,7672.5,7672.5,7670.75,7671.0,2987
2026-09-11 12:52:00-04:00,7671.0,7672.0,7670.5,7671.25,1351
2026-09-11 12:53:00-04:00,7671.25,7672.25,7670.75,7671.5,1839
2026-09-11 12:54:00-04:00,7671.5,7672.25,7671.5,7671.75,1018
2026-09-11 12:55:00-04:00,7672.0,7673.75,7671.75,7671.75,2258
2026-09-11 12:56:00-04:00,7671.75,7673.25,7671.75,7672.0,1502
2026-09-11 12:57:00-04:00,7672.0,7673.0,7671.75,7672.25,1499
2026-09-11 12:58:00-04:00,7672.5,7674.5,7672.25,7674.25,1967
2026-09-11 12:59:00-04:00,7674.0,7674.5,7673.75,7674.25,1712
2026-09-11 13:00:00-04:00,7674.25,7676.5,7674.25,7674.5,3725
2026-09-11 13:01:00-04:00,7674.75,7675.25,7673.25,7673.5,2955
2026-09-11 13:02:00-04:00,7673.75,7675.0,7673.25,7674.75,2063
2026-09-11 13:03:00-04:00,7674.75,7676.0,7674.25,7675.75,2341
2026-09-11 13:04:00-04:00,7675.75,7676.0,7673.75,7674.0,1656
2026-09-11 13:05:00-04:00,7674.25,7675.0,7674.0,7674.25,1485
2026-09-11 13:06:00-04:00,7674.5,7675.0,7673.75,7674.0,1784
2026-09-11 13:07:00-04:00,7674.25,7678.75,7673.75,7674.25,7983
2026-09-11 13:08:00-04:00,7674.5,7675.75,7674.5,7675.25,1753
2026-09-11 13:09:00-04:00,7675.25,7675.25,7674.25,7675.0,3074
2026-09-11 13:10:00-04:00,7675.0,7676.75,7673.75,7674.25,3135
2026-09-11 13:11:00-04:00,7674.25,7675.25,7673.75,7674.25,1943
2026-09-11 13:12:00-04:00,7674.0,7675.5,7674.0,7675.0,1868
2026-09-11 13:13:00-04:00,7674.75,7674.75,7673.25,7673.75,1971
2026-09-11 13:14:00-04:00,7673.75,7673.75,7673.0,7673.25,2674
2026-09-11 13:15:00-04:00,7673.5,7674.75,7673.5,7674.0,1641
2026-09-11 13:16:00-04:00,7674.0,7675.75,7673.5,7675.5,1867
2026-09-11 13:17:00-04:00,7675.5,7676.0,7675.0,7676.0,1695
2026-09-11 13:18:00-04:00,7675.75,7676.0,7675.0,7675.5,1611
2026-09-11 13:19:00-04:00,7675.5,7677.0,7675.25,7676.75,1509
2026-09-11 13:20:00-04:00,7677.0,7678.0,7677.0,7677.0,3008
2026-09-11 13:21:00-04:00,7677.25,7678.25,7676.5,7676.5,1833
2026-09-11 13:22:00-04:00,7676.5,7678.25,7676.5,7678.25,1513
2026-09-11 13:23:00-04:00,7678.5,7679.75,7678.0,7679.25,2538
2026-09-11 13:24:00-04:00,7679.5,7680.5,7678.75,7680.0,2113
2026-09-11 13:25:00-04:00,7680.25,7681.0,7679.25,7679.5,2429
2026-09-11 13:26:00-04:00,7679.5,7680.0,7678.75,7679.5,2363
2026-09-11 13:27:00-04:00,7679.5,7680.0,7678.75,7678.75,1380
2026-09-11 13:28:00-04:00,7678.75,7679.25,7677.0,7677.25,2851
2026-09-11 13:29:00-04:00,7677.5,7678.25,7677.25,7677.5,1613
2026-09-11 13:30:00-04:00,7677.75,7678.75,7676.75,7678.5,2331
2026-09-11 13:31:00-04:00,7678.25,7680.0,7678.25,7679.75,1977
2026-09-11 13:32:00-04:00,7679.75,7680.25,7677.75,7678.0,2379
2026-09-11 13:33:00-04:00,7678.0,7679.25,7678.0,7678.5,2376
2026-09-11 13:34:00-04:00,7678.5,7679.25,7677.25,7677.75,3323
2026-09-11 13:35:00-04:00,7677.5,7678.25,7676.25,7676.5,2197
2026-09-11 13:36:00-04:00,7676.5,7677.5,7676.5,7677.25,2544
2026-09-11 13:37:00-04:00,7677.25,7677.75,7676.75,7677.25,1249
2026-09-11 13:38:00-04:00,7677.0,7677.25,7675.75,7676.5,1788
2026-09-11 13:39:00-04:00,7676.5,7676.75,7675.5,7676.0,1596
2026-09-11 13:40:00-04:00,7675.75,7677.75,7675.75,7677.0,1375
2026-09-11 13:41:00-04:00,7677.0,7677.0,7675.5,7676.25,1241
2026-09-11 13:42:00-04:00,7676.25,7677.25,7675.75,7676.25,1910
2026-09-11 13:43:00-04:00,7676.5,7677.5,7675.5,7677.25,2055
2026-09-11 13:44:00-04:00,7677.25,7677.25,7676.25,7676.5,2051
2026-09-11 13:45:00-04:00,7676.25,7676.5,7675.5,7676.25,1852
2026-09-11 13:46:00-04:00,7676.0,7676.5,7675.5,7675.75,1662
2026-09-11 13:47:00-04:00,7675.5,7676.25,7675.0,7676.25,1536
2026-09-11 13:48:00-04:00,7676.0,7676.25,7675.0,7675.25,1262
2026-09-11 13:49:00-04:00,7675.0,7677.25,7675.0,7676.75,1508
2026-09-11 13:50:00-04:00,7676.75,7677.0,7676.0,7676.25,1268
2026-09-11 13:51:00-04:00,7676.25,7677.0,7676.0,7676.75,4026
2026-09-11 13:52:00-04:00,7676.5,7677.5,7676.5,7677.5,1717
2026-09-11 13:53:00-04:00,7677.25,7677.5,7676.5,7676.75,1845
2026-09-11 13:54:00-04:00,7676.5,7677.0,7676.0,7676.25,1150
2026-09-11 13:55:00-04:00,7676.25,7676.25,7675.25,7676.0,1160
2026-09-11 13:56:00-04:00,7676.0,7676.25,7675.5,7675.5,1191
2026-09-11 13:57:00-04:00,7675.5,7675.75,7675.0,7675.25,1485
2026-09-11 13:58:00-04:00,7675.0,7676.0,7674.5,7674.75,1705
2026-09-11 13:59:00-04:00,7674.75,7675.25,7674.0,7674.75,2435
2026-09-11 14:00:00-04:00,7675.0,7676.5,7674.5,7675.25,2444
2026-09-11 14:01:00-04:00,7675.0,7676.25,7674.75,7676.0,2588
2026-09-11 14:02:00-04:00,7676.25,7677.25,7676.0,7676.75,2262
2026-09-11 14:03:00-04:00,7676.75,7677.5,7676.25,7677.0,2289
2026-09-11 14:04:00-04:00,7676.75,7677.75,7676.25,7676.5,2692
2026-09-11 14:05:00-04:00,7676.5,7676.5,7674.75,7675.0,2136
2026-09-11 14:06:00-04:00,7675.25,7676.0,7674.75,7675.25,1215
2026-09-11 14:07:00-04:00,7675.5,7675.75,7674.75,7675.0,1362
2026-09-11 14:08:00-04:00,7674.75,7675.0,7673.5,7673.75,1759
2026-09-11 14:09:00-04:00,7674.0,7675.0,7674.0,7674.5,1505
2026-09-11 14:10:00-04:00,7674.75,7675.0,7674.0,7674.75,1641
2026-09-11 14:11:00-04:00,7674.75,7675.0,7673.5,7674.25,1345
2026-09-11 14:12:00-04:00,7674.25,7674.5,7673.5,7673.5,1272
2026-09-11 14:13:00-04:00,7673.5,7674.0,7673.0,7673.25,2033
2026-09-11 14:14:00-04:00,7673.25,7674.0,7672.75,7673.5,2725
2026-09-11 14:15:00-04:00,7673.25,7673.75,7672.75,7673.25,3008
2026-09-11 14:16:00-04:00,7673.5,7673.75,7673.25,7673.75,1429
2026-09-11 14:17:00-04:00,7673.75,7674.25,7673.25,7673.75,1705
2026-09-11 14:18:00-04:00,7674.0,7674.75,7673.5,7674.25,1206
2026-09-11 14:19:00-04:00,7674.5,7675.0,7673.0,7673.75,2194
2026-09-11 14:20:00-04:00,7673.5,7673.75,7668.75,7671.25,11716
2026-09-11 14:21:00-04:00,7671.25,7671.5,7669.75,7671.0,4359
2026-09-11 14:22:00-04:00,7670.75,7672.0,7670.5,7671.25,2350
2026-09-11 14:23:00-04:00,7671.25,7671.75,7670.25,7670.5,2522
2026-09-11 14:24:00-04:00,7670.5,7671.5,7670.25,7671.25,1624
2026-09-11 14:25:00-04:00,7671.25,7672.0,7670.5,7670.5,2271
2026-09-11 14:26:00-04:00,7670.75,7671.75,7670.5,7670.5,1760
2026-09-11 14:27:00-04:00,7670.5,7671.75,7669.75,7671.0,3273
2026-09-11 14:28:00-04:00,7671.0,7673.25,7670.75,7672.75,3682
2026-09-11 14:29:00-04:00,7672.75,7673.25,7672.0,7672.0,1375
2026-09-11 14:30:00-04:00,7672.0,7673.5,7671.25,7671.25,4836
2026-09-11 14:31:00-04:00,7671.0,7671.5,7669.0,7669.25,2946
2026-09-11 14:32:00-04:00,7669.5,7671.25,7669.25,7670.25,2356
2026-09-11 14:33:00-04:00,7670.5,7671.5,7670.25,7671.25,1543
2026-09-11 14:34:00-04:00,7671.25,7672.5,7670.75,7672.0,1685
2026-09-11 14:35:00-04:00,7672.0,7672.25,7671.25,7671.75,1489
2026-09-11 14:36:00-04:00,7671.5,7673.25,7671.25,7673.0,2020
2026-09-11 14:37:00-04:00,7673.25,7673.25,7671.25,7671.25,2152
2026-09-11 14:38:00-04:00,7671.25,7671.25,7670.25,7670.75,1514
2026-09-11 14:39:00-04:00,7670.5,7671.0,7670.0,7670.5,2336
2026-09-11 14:40:00-04:00,7670.5,7671.0,7670.5,7670.75,1314
2026-09-11 14:41:00-04:00,7671.0,7671.75,7670.75,7671.0,2139
2026-09-11 14:42:00-04:00,7671.25,7671.25,7669.75,7669.75,1437
2026-09-11 14:43:00-04:00,7669.75,7670.0,7668.75,7669.0,2158
2026-09-11 14:44:00-04:00,7669.0,7669.5,7668.5,7669.25,1869
2026-09-11 14:45:00-04:00,7669.0,7669.75,7668.5,7668.75,3294
2026-09-11 14:46:00-04:00,7668.5,7669.5,7668.25,7668.75,2039
2026-09-11 14:47:00-04:00,7668.75,7671.5,7668.75,7670.25,3539
2026-09-11 14:48:00-04:00,7670.25,7671.25,7667.5,7667.75,4392
2026-09-11 14:49:00-04:00,7667.5,7668.5,7667.5,7668.25,2066
2026-09-11 14:50:00-04:00,7668.0,7669.25,7668.0,7669.25,2108
2026-09-11 14:51:00-04:00,7669.25,7669.5,7668.75,7668.75,2159
2026-09-11 14:52:00-04:00,7669.0,7669.25,7668.5,7668.5,1791
2026-09-11 14:53:00-04:00,7668.5,7668.75,7668.0,7668.75,1857
2026-09-11 14:54:00-04:00,7668.75,7669.0,7668.0,7668.5,2307
2026-09-11 14:55:00-04:00,7668.25,7669.75,7667.75,7669.25,2782
2026-09-11 14:56:00-04:00,7669.0,7670.25,7669.0,7670.0,1875
2026-09-11 14:57:00-04:00,7669.75,7669.75,7668.5,7668.75,1452
2026-09-11 14:58:00-04:00,7668.5,7669.25,7668.25,7669.25,1907
2026-09-11 14:59:00-04:00,7669.25,7669.25,7667.0,7668.0,3510
2026-09-11 15:00:00-04:00,7668.0,7669.0,7667.5,7668.75,2598
2026-09-11 15:01:00-04:00,7668.75,7669.0,7668.25,7668.75,1912
2026-09-11 15:02:00-04:00,7668.75,7668.75,7668.0,7668.75,1349
2026-09-11 15:03:00-04:00,7668.5,7669.0,7668.25,7668.75,1442
2026-09-11 15:04:00-04:00,7668.5,7669.5,7668.25,7669.25,1949
2026-09-11 15:05:00-04:00,7669.0,7669.0,7668.25,7668.75,2548
2026-09-11 15:06:00-04:00,7668.75,7669.0,7667.25,7667.25,1943
2026-09-11 15:07:00-04:00,7667.25,7667.5,7666.0,7666.5,2586
2026-09-11 15:08:00-04:00,7666.5,7666.75,7665.5,7665.75,3413
2026-09-11 15:09:00-04:00,7666.0,7666.5,7664.75,7665.25,3249
2026-09-11 15:10:00-04:00,7665.25,7665.25,7663.25,7663.75,2965
2026-09-11 15:11:00-04:00,7663.5,7665.25,7663.0,7665.25,3634
2026-09-11 15:12:00-04:00,7665.25,7666.25,7664.75,7666.0,3074
2026-09-11 15:13:00-04:00,7666.25,7666.25,7665.25,7665.75,2100
2026-09-11 15:14:00-04:00,7666.0,7666.75,7665.5,7666.75,1800
2026-09-11 15:15:00-04:00,7666.75,7667.75,7666.25,7666.75,3035
2026-09-11 15:16:00-04:00,7666.5,7667.5,7666.25,7667.0,2192
2026-09-11 15:17:00-04:00,7667.0,7668.25,7667.0,7667.5,2180
2026-09-11 15:18:00-04:00,7667.5,7668.5,7667.5,7668.25,1007
2026-09-11 15:19:00-04:00,7668.25,7668.5,7667.0,7667.5,2719
2026-09-11 15:20:00-04:00,7667.5,7667.75,7666.75,7667.0,1702
2026-09-11 15:21:00-04:00,7667.25,7668.0,7666.5,7667.75,1284
2026-09-11 15:22:00-04:00,7667.75,7668.25,7667.25,7667.5,2350
2026-09-11 15:23:00-04:00,7667.5,7669.0,7667.5,7668.5,1604
2026-09-11 15:24:00-04:00,7668.5,7669.75,7668.5,7669.5,2184
2026-09-11 15:25:00-04:00,7669.5,7669.5,7668.75,7669.0,1939
2026-09-11 15:26:00-04:00,7669.0,7670.5,7669.0,7669.5,1979
2026-09-11 15:27:00-04:00,7669.5,7669.75,7668.25,7668.5,2098
2026-09-11 15:28:00-04:00,7668.75,7669.25,7668.25,7668.25,1418
2026-09-11 15:29:00-04:00,7668.5,7668.5,7667.5,7667.75,1761
2026-09-11 15:30:00-04:00,7667.75,7668.75,7667.75,7668.0,2941
2026-09-11 15:31:00-04:00,7668.25,7668.25,7666.75,7667.25,2457
2026-09-11 15:32:00-04:00,7667.5,7667.5,7666.75,7667.0,1859
2026-09-11 15:33:00-04:00,7667.0,7667.75,7666.5,7666.75,2892
2026-09-11 15:34:00-04:00,7667.0,7667.25,7666.25,7667.0,2184
2026-09-11 15:35:00-04:00,7667.25,7667.75,7666.0,7666.5,1696
2026-09-11 15:36:00-04:00,7666.75,7667.0,7666.0,7666.5,1558
2026-09-11 15:37:00-04:00,7666.5,7667.25,7666.5,7667.0,2110
2026-09-11 15:38:00-04:00,7666.75,7667.25,7666.0,7666.75,1584
2026-09-11 15:39:00-04:00,7666.75,7667.0,7666.5,7666.5,1318
2026-09-11 15:40:00-04:00,7666.75,7667.0,7666.25,7666.75,3341
2026-09-11 15:41:00-04:00,7666.75,7667.0,7666.5,7666.5,1264
2026-09-11 15:42:00-04:00,7666.75,7668.0,7666.5,7667.5,2699
2026-09-11 15:43:00-04:00,7667.75,7667.75,7666.5,7667.0,2033
2026-09-11 15:44:00-04:00,7667.0,7668.0,7667.0,7667.5,2121
2026-09-11 15:45:00-04:00,7667.5,7667.75,7666.5,7667.0,7389
2026-09-11 15:46:00-04:00,7667.0,7667.25,7665.0,7665.0,2442
2026-09-11 15:47:00-04:00,7665.0,7665.75,7664.5,7665.5,3205
2026-09-11 15:48:00-04:00,7665.25,7665.75,7664.5,7664.5,2926
2026-09-11 15:49:00-04:00,7664.5,7665.25,7664.5,7664.5,2349
2026-09-11 15:50:00-04:00,7664.75,7664.75,7662.0,7663.5,6288
2026-09-11 15:51:00-04:00,7663.5,7663.75,7661.75,7662.5,3504
2026-09-11 15:52:00-04:00,7662.5,7663.5,7661.75,7662.5,4719
2026-09-11 15:53:00-04:00,7662.5,7665.5,7662.25,7662.5,8369
2026-09-11 15:54:00-04:00,7662.75,7665.5,7662.75,7664.0,7457
2026-09-11 15:55:00-04:00,7664.0,7664.0,7662.25,7663.5,9553
2026-09-11 15:56:00-04:00,7663.25,7663.25,7662.0,7663.0,7893
2026-09-11 15:57:00-04:00,7662.75,7663.25,7662.25,7662.75,7158
2026-09-11 15:58:00-04:00,7662.5,7664.5,7661.75,7662.0,13169
2026-09-11 15:59:00-04:00,7661.75,7663.25,7657.5,7659.0,78790
2026-09-11 16:00:00-04:00,7659.0,7661.0,7658.5,7660.0,16914
2026-09-11 16:01:00-04:00,7660.0,7661.25,7659.5,7660.5,3146
2026-09-11 16:02:00-04:00,7660.5,7660.75,7659.5,7660.0,2747
2026-09-11 16:03:00-04:00,7660.0,7660.75,7659.75,7660.75,2204
2026-09-11 16:04:00-04:00,7660.5,7661.0,7660.0,7660.75,1395
2026-09-11 16:05:00-04:00,7661.0,7661.5,7660.5,7660.5,1895
2026-09-11 16:06:00-04:00,7660.75,7661.5,7660.5,7661.0,2590
2026-09-11 16:07:00-04:00,7660.75,7661.75,7660.75,7661.0,1496
2026-09-11 16:08:00-04:00,7661.25,7661.25,7660.75,7660.75,533
2026-09-11 16:09:00-04:00,7661.0,7661.25,7660.75,7661.25,713
2026-09-11 16:10:00-04:00,7661.25,7662.0,7660.5,7660.5,982
2026-09-11 16:11:00-04:00,7660.5,7660.5,7659.75,7660.5,942
2026-09-11 16:12:00-04:00,7660.25,7660.5,7659.75,7660.5,813
2026-09-11 16:13:00-04:00,7660.5,7660.5,7659.5,7659.75,947
2026-09-11 16:14:00-04:00,7659.75,7661.25,7659.75,7660.5,1792
2026-09-11 16:15:00-04:00,7660.5,7660.75,7660.25,7660.25,738
2026-09-11 16:16:00-04:00,7660.25,7660.5,7660.0,7660.0,797
2026-09-11 16:17:00-04:00,7660.0,7660.5,7659.75,7660.25,674
2026-09-11 16:18:00-04:00,7660.25,7660.25,7659.75,7660.0,342
2026-09-11 16:19:00-04:00,7660.0,7660.25,7659.75,7660.0,366
2026-09-11 16:20:00-04:00,7660.0,7660.75,7660.0,7660.5,233
2026-09-11 16:21:00-04:00,7660.75,7661.5,7660.5,7661.5,815
2026-09-11 16:22:00-04:00,7661.25,7661.5,7661.0,7661.5,356
2026-09-11 16:23:00-04:00,7661.5,7661.75,7661.25,7661.5,602
2026-09-11 16:24:00-04:00,7661.5,7661.75,7661.25,7661.5,147
2026-09-11 16:25:00-04:00,7661.75,7661.75,7661.0,7661.5,266
2026-09-11 16:26:00-04:00,7661.25,7661.5,7661.25,7661.25,161
2026-09-11 16:27:00-04:00,7661.0,7661.25,7660.5,7660.75,322
2026-09-11 16:28:00-04:00,7660.75,7661.25,7660.75,7661.0,243
2026-09-11 16:29:00-04:00,7661.25,7661.25,7661.0,7661.0,244
2026-09-11 16:30:00-04:00,7661.0,7661.25,7660.75,7660.75,115
2026-09-11 16:31:00-04:00,7661.0,7661.75,7661.0,7661.75,255
2026-09-11 16:32:00-04:00,7661.75,7663.0,7661.75,7663.0,717
2026-09-11 16:33:00-04:00,7663.0,7663.5,7662.75,7663.5,415
2026-09-11 16:34:00-04:00,7663.25,7663.25,7662.25,7662.25,440
2026-09-11 16:35:00-04:00,7662.25,7662.5,7662.25,7662.25,166
2026-09-11 16:36:00-04:00,7662.25,7662.5,7662.0,7662.0,262
2026-09-11 16:37:00-04:00,7662.25,7662.75,7662.0,7662.0,195
2026-09-11 16:38:00-04:00,7662.0,7662.75,7661.75,7662.25,499
2026-09-11 16:39:00-04:00,7662.0,7662.25,7661.75,7661.75,221
2026-09-11 16:40:00-04:00,7662.0,7662.25,7661.75,7662.0,205
2026-09-11 16:41:00-04:00,7662.0,7662.0,7661.75,7661.75,121
2026-09-11 16:42:00-04:00,7661.75,7662.0,7660.5,7660.5,147
2026-09-11 16:43:00-04:00,7660.75,7661.0,7660.0,7660.75,493
2026-09-11 16:44:00-04:00,7660.5,7661.25,7660.5,7660.75,175
2026-09-11 16:45:00-04:00,7661.0,7661.25,7660.25,7660.5,732
2026-09-11 16:46:00-04:00,7660.75,7661.0,7660.5,7661.0,176
2026-09-11 16:47:00-04:00,7661.0,7661.0,7660.0,7660.25,156
2026-09-11 16:48:00-04:00,7660.25,7660.25,7659.75,7660.25,222
2026-09-11 16:49:00-04:00,7660.25,7660.5,7659.75,7660.25,367
2026-09-11 16:50:00-04:00,7660.25,7660.25,7660.0,7660.0,250
2026-09-11 16:51:00-04:00,7660.0,7660.75,7660.0,7660.5,251
2026-09-11 16:52:00-04:00,7660.75,7660.75,7660.25,7660.5,380
2026-09-11 16:53:00-04:00,7660.5,7661.0,7660.25,7661.0,323
2026-09-11 16:54:00-04:00,7661.25,7661.5,7661.0,7661.5,188
2026-09-11 16:55:00-04:00,7661.25,7661.5,7660.75,7661.0,198
2026-09-11 16:56:00-04:00,7660.75,7661.0,7660.25,7660.5,137
2026-09-11 16:57:00-04:00,7660.5,7660.75,7660.25,7660.75,78
2026-09-11 16:58:00-04:00,7660.5,7661.25,7660.0,7661.0,364
2026-09-11 16:59:00-04:00,7661.25,7661.25,7659.5,7659.5,377
2026-09-13 18:10:00-04:00,7609.5,7611.5,7607.75,7608.75,0
2026-09-13 18:11:00-04:00,7608.75,7610.0,7608.0,7608.75,265
2026-09-13 18:12:00-04:00,7608.75,7610.5,7607.75,7608.5,340
2026-09-13 18:13:00-04:00,7608.0,7611.0,7608.0,7609.0,503
2026-09-13 18:14:00-04:00,7609.25,7612.75,7609.25,7612.25,457
2026-09-13 18:15:00-04:00,7612.25,7613.75,7611.75,7612.0,318
2026-09-13 18:16:00-04:00,7612.0,7612.75,7610.25,7612.5,226
2026-09-13 18:17:00-04:00,7612.5,7612.75,7610.75,7611.5,173
2026-09-13 18:18:00-04:00,7611.25,7611.25,7609.5,7610.0,198
2026-09-13 18:19:00-04:00,7610.0,7613.5,7609.25,7613.5,419
2026-09-13 18:20:00-04:00,7613.25,7614.75,7613.25,7614.25,253
2026-09-13 18:21:00-04:00,7614.0,7615.75,7612.5,7614.25,412
2026-09-13 18:22:00-04:00,7614.25,7615.25,7613.0,7613.5,261
2026-09-13 18:23:00-04:00,7613.5,7614.0,7612.5,7613.0,168
2026-09-13 18:24:00-04:00,7612.75,7614.0,7612.25,7614.0,104
2026-09-13 18:25:00-04:00,7614.0,7615.5,7613.75,7615.5,132
2026-09-13 18:26:00-04:00,7615.5,7616.25,7614.75,7615.75,181
2026-09-13 18:27:00-04:00,7616.0,7618.25,7615.0,7617.25,660
2026-09-13 18:28:00-04:00,7617.0,7618.5,7617.0,7617.75,226
2026-09-13 18:29:00-04:00,7617.75,7619.0,7617.75,7619.0,129
2026-09-13 18:30:00-04:00,7618.5,7621.25,7618.5,7619.75,398
2026-09-13 18:31:00-04:00,7619.5,7620.0,7619.25,7619.5,86
2026-09-13 18:32:00-04:00,7619.5,7620.0,7618.25,7618.5,152
2026-09-13 18:33:00-04:00,7618.75,7621.75,7618.75,7621.5,177
2026-09-13 18:34:00-04:00,7621.25,7622.75,7621.0,7622.25,258
2026-09-13 18:35:00-04:00,7622.25,7622.25,7620.25,7620.75,200
2026-09-13 18:36:00-04:00,7620.5,7620.75,7619.5,7620.0,102
2026-09-13 18:37:00-04:00,7620.5,7622.0,7620.5,7621.5,82
2026-09-13 18:38:00-04:00,7621.0,7621.0,7619.5,7619.75,75
2026-09-13 18:39:00-04:00,7619.75,7620.75,7619.0,7620.75,106
2026-09-13 18:40:00-04:00,7620.5,7620.5,7619.0,7619.0,46
2026-09-13 18:41:00-04:00,7619.0,7619.5,7618.5,7619.5,92
2026-09-13 18:42:00-04:00,7619.5,7619.75,7619.25,7619.5,97
2026-09-13 18:43:00-04:00,7619.25,7619.5,7617.25,7618.75,186
2026-09-13 18:44:00-04:00,7618.5,7618.5,7617.25,7617.5,88
2026-09-13 18:45:00-04:00,7617.5,7619.25,7616.75,7619.25,205
2026-09-13 18:46:00-04:00,7619.25,7619.25,7617.75,7618.5,78
2026-09-13 18:47:00-04:00,7618.0,7618.5,7618.0,7618.5,36
2026-09-13 18:48:00-04:00,7618.25,7618.75,7617.75,7618.0,41
2026-09-13 18:49:00-04:00,7618.0,7618.25,7617.75,7618.25,46
2026-09-13 18:50:00-04:00,7618.25,7619.5,7618.0,7619.25,136
2026-09-13 18:51:00-04:00,7619.0,7619.75,7619.0,7619.25,53
2026-09-13 18:52:00-04:00,7619.25,7619.75,7619.25,7619.5,29
2026-09-13 18:53:00-04:00,7619.5,7619.75,7619.0,7619.75,22
2026-09-13 18:54:00-04:00,7619.5,7619.75,7619.25,7619.25,28
2026-09-13 18:55:00-04:00,7619.25,7620.0,7618.75,7620.0,53
2026-09-13 18:56:00-04:00,7619.5,7619.5,7618.5,7619.25,63
2026-09-13 18:57:00-04:00,7619.5,7620.75,7619.25,7620.25,133
2026-09-13 18:58:00-04:00,7619.75,7620.25,7619.0,7619.0,97
2026-09-13 18:59:00-04:00,7618.75,7619.0,7618.0,7618.5,48
2026-09-13 19:00:00-04:00,7618.75,7619.25,7618.5,7619.25,100
2026-09-13 19:01:00-04:00,7619.5,7619.75,7618.25,7619.0,75
2026-09-13 19:02:00-04:00,7619.0,7619.0,7618.0,7618.25,45
2026-09-13 19:03:00-04:00,7618.5,7618.5,7617.5,7618.0,34
2026-09-13 19:04:00-04:00,7618.0,7618.0,7617.5,7618.0,28
2026-09-13 19:05:00-04:00,7618.0,7618.25,7617.75,7618.0,90
2026-09-13 19:06:00-04:00,7617.75,7618.25,7617.75,7618.0,60
2026-09-13 19:07:00-04:00,7618.0,7618.5,7617.5,7618.0,52
2026-09-13 19:08:00-04:00,7618.0,7619.0,7618.0,7618.75,37
2026-09-13 19:09:00-04:00,7618.5,7619.25,7618.5,7619.0,73
2026-09-13 19:10:00-04:00,7619.0,7619.25,7619.0,7619.25,13
2026-09-13 19:11:00-04:00,7619.5,7619.75,7619.25,7619.5,33
2026-09-13 19:12:00-04:00,7619.25,7619.25,7619.25,7619.25,10
2026-09-13 19:13:00-04:00,7619.25,7619.5,7619.0,7619.5,46
2026-09-13 19:14:00-04:00,7619.5,7620.25,7619.5,7620.0,80
2026-09-13 19:15:00-04:00,7619.75,7620.0,7619.75,7619.75,22
2026-09-13 19:16:00-04:00,7619.75,7620.0,7619.25,7619.25,36
2026-09-13 19:17:00-04:00,7619.25,7619.5,7619.25,7619.25,15
2026-09-13 19:18:00-04:00,7619.25,7619.5,7619.0,7619.5,24
2026-09-13 19:19:00-04:00,7619.25,7619.25,7619.0,7619.25,9
2026-09-13 19:20:00-04:00,7619.25,7619.25,7619.0,7619.0,10
2026-09-13 19:21:00-04:00,7619.0,7619.25,7619.0,7619.0,16
2026-09-13 19:22:00-04:00,7619.25,7620.25,7619.25,7620.25,33
2026-09-13 19:23:00-04:00,7620.25,7622.25,7620.25,7622.0,184
2026-09-13 19:24:00-04:00,7622.0,7624.0,7622.0,7623.75,176
2026-09-13 19:25:00-04:00,7623.75,7624.75,7623.5,7624.0,186
2026-09-13 19:26:00-04:00,7624.0,7624.25,7623.0,7623.25,95
2026-09-13 19:27:00-04:00,7623.25,7624.25,7623.25,7623.5,42
2026-09-13 19:28:00-04:00,7623.25,7623.5,7622.75,7623.5,156
2026-09-13 19:29:00-04:00,7623.5,7624.75,7623.5,7624.75,108
2026-09-13 19:30:00-04:00,7624.5,7625.5,7624.25,7624.5,151
2026-09-13 19:31:00-04:00,7624.5,7625.0,7624.25,7624.75,61
2026-09-13 19:32:00-04:00,7624.75,7624.75,7624.0,7624.0,84
2026-09-13 19:33:00-04:00,7624.0,7624.75,7624.0,7624.5,68
2026-09-13 19:34:00-04:00,7624.75,7625.0,7623.75,7623.75,187
2026-09-13 19:35:00-04:00,7623.5,7623.5,7621.0,7621.5,324
2026-09-13 19:36:00-04:00,7621.5,7621.5,7620.5,7620.5,74
2026-09-13 19:37:00-04:00,7620.5,7620.5,7618.25,7619.25,358
2026-09-13 19:38:00-04:00,7619.25,7620.75,7619.0,7620.0,118
2026-09-13 19:39:00-04:00,7620.0,7621.5,7619.75,7619.75,149
2026-09-13 19:40:00-04:00,7620.0,7620.75,7619.5,7620.75,102
2026-09-13 19:41:00-04:00,7620.5,7620.75,7620.0,7620.0,38
2026-09-13 19:42:00-04:00,7619.75,7620.5,7618.75,7618.75,177
2026-09-13 19:43:00-04:00,7618.75,7619.0,7617.75,7618.75,186
2026-09-13 19:44:00-04:00,7619.0,7619.25,7618.0,7619.0,73
2026-09-13 19:45:00-04:00,7618.75,7618.75,7616.75,7617.25,206
2026-09-13 19:46:00-04:00,7617.25,7617.25,7616.25,7616.25,128
2026-09-13 19:47:00-04:00,7616.25,7617.0,7616.25,7616.75,78
2026-09-13 19:48:00-04:00,7617.0,7617.5,7616.75,7617.0,126
2026-09-13 19:49:00-04:00,7617.0,7617.0,7616.25,7616.75,66
2026-09-13 19:50:00-04:00,7616.75,7617.5,7616.5,7616.5,82
2026-09-13 19:51:00-04:00,7616.5,7617.25,7616.25,7617.0,50
2026-09-13 19:52:00-04:00,7617.25,7618.5,7617.0,7618.5,96
2026-09-13 19:53:00-04:00,7618.5,7619.25,7617.75,7619.25,78
2026-09-13 19:54:00-04:00,7619.0,7619.5,7616.75,7617.0,132
2026-09-13 19:55:00-04:00,7617.0,7617.25,7616.25,7616.75,102
2026-09-13 19:56:00-04:00,7616.5,7616.5,7615.5,7616.0,106
2026-09-13 19:57:00-04:00,7616.0,7616.5,7614.75,7615.5,284
2026-09-13 19:58:00-04:00,7615.5,7615.5,7615.0,7615.25,46
2026-09-13 19:59:00-04:00,7615.25,7617.0,7615.25,7615.5,212
2026-09-13 20:00:00-04:00,7615.25,7616.25,7614.5,7615.0,369
2026-09-13 20:01:00-04:00,7615.0,7618.25,7615.0,7617.75,466
2026-09-13 20:02:00-04:00,7617.75,7618.5,7617.25,7617.5,67
2026-09-13 20:03:00-04:00,7617.75,7620.0,7617.75,7619.25,201
2026-09-13 20:04:00-04:00,7619.0,7619.0,7617.75,7618.75,174
2026-09-13 20:05:00-04:00,7618.75,7620.25,7618.5,7620.0,199
2026-09-13 20:06:00-04:00,7619.75,7621.75,7619.75,7621.75,141
2026-09-13 20:07:00-04:00,7621.75,7622.25,7621.25,7621.75,158
2026-09-13 20:08:00-04:00,7622.0,7623.0,7622.0,7622.5,183
2026-09-13 20:09:00-04:00,7622.5,7623.0,7621.5,7622.5,90
2026-09-13 20:10:00-04:00,7622.0,7622.25,7620.25,7621.5,165
2026-09-13 20:11:00-04:00,7621.5,7621.75,7619.75,7620.5,117
2026-09-13 20:12:00-04:00,7621.0,7623.25,7620.5,7622.75,141
2026-09-13 20:13:00-04:00,7622.75,7623.0,7621.5,7622.0,110
2026-09-13 20:14:00-04:00,7621.75,7622.0,7620.25,7620.75,70
2026-09-13 20:15:00-04:00,7621.0,7622.5,7620.0,7621.75,201
2026-09-13 20:16:00-04:00,7621.75,7621.75,7620.0,7621.0,263
2026-09-13 20:17:00-04:00,7621.0,7622.0,7620.75,7622.0,132
2026-09-13 20:18:00-04:00,7622.25,7623.0,7621.5,7622.0,227
2026-09-13 20:19:00-04:00,7622.0,7622.75,7621.25,7621.25,156
2026-09-13 20:20:00-04:00,7621.5,7621.5,7620.25,7621.5,312
2026-09-13 20:21:00-04:00,7621.25,7621.25,7619.5,7619.5,215
2026-09-13 20:22:00-04:00,7619.5,7620.75,7619.25,7620.75,194
2026-09-13 20:23:00-04:00,7620.75,7621.0,7619.75,7620.75,385
2026-09-13 20:24:00-04:00,7620.5,7620.75,7619.25,7620.5,202
2026-09-13 20:25:00-04:00,7620.75,7621.0,7618.5,7618.75,134
2026-09-13 20:26:00-04:00,7618.5,7618.75,7617.75,7618.25,294
2026-09-13 20:27:00-04:00,7618.25,7620.0,7618.25,7619.25,153
2026-09-13 20:28:00-04:00,7619.0,7619.25,7618.5,7618.5,72
2026-09-13 20:29:00-04:00,7618.5,7620.0,7618.0,7620.0,119
2026-09-13 20:30:00-04:00,7620.0,7621.0,7619.75,7620.5,124
2026-09-13 20:31:00-04:00,7620.25,7622.0,7620.25,7622.0,81
2026-09-13 20:32:00-04:00,7622.25,7622.5,7621.5,7622.0,55
2026-09-13 20:33:00-04:00,7622.0,7622.0,7621.0,7621.5,86
2026-09-13 20:34:00-04:00,7621.5,7621.75,7621.0,7621.25,73
2026-09-13 20:35:00-04:00,7621.25,7621.75,7620.25,7620.5,107
2026-09-13 20:36:00-04:00,7620.5,7621.5,7620.25,7620.5,84
2026-09-13 20:37:00-04:00,7620.75,7620.75,7619.75,7620.0,54
2026-09-13 20:38:00-04:00,7620.0,7620.0,7619.5,7619.5,54
2026-09-13 20:39:00-04:00,7619.5,7619.75,7619.25,7619.75,60
2026-09-13 20:40:00-04:00,7620.0,7620.25,7619.5,7620.25,54
2026-09-13 20:41:00-04:00,7620.0,7620.0,7619.25,7619.75,97
2026-09-13 20:42:00-04:00,7619.75,7620.5,7619.5,7619.5,171
2026-09-13 20:43:00-04:00,7619.75,7621.25,7619.75,7621.25,110
2026-09-13 20:44:00-04:00,7621.25,7623.0,7621.25,7622.75,220
2026-09-13 20:45:00-04:00,7622.75,7624.0,7622.25,7622.25,166
2026-09-13 20:46:00-04:00,7622.25,7623.25,7622.0,7622.5,76
2026-09-13 20:47:00-04:00,7622.5,7623.25,7622.5,7623.0,51
2026-09-13 20:48:00-04:00,7622.75,7624.25,7622.75,7623.25,88
2026-09-13 20:49:00-04:00,7623.0,7624.0,7623.0,7623.25,39
2026-09-13 20:50:00-04:00,7623.0,7624.25,7622.75,7622.75,310
2026-09-13 20:51:00-04:00,7623.0,7623.75,7623.0,7623.75,75
2026-09-13 20:52:00-04:00,7623.75,7623.75,7623.25,7623.25,24
2026-09-13 20:53:00-04:00,7623.5,7624.0,7622.5,7623.75,54
2026-09-13 20:54:00-04:00,7624.0,7624.25,7623.5,7623.75,53
2026-09-13 20:55:00-04:00,7623.75,7624.25,7623.75,7623.75,45
2026-09-13 20:56:00-04:00,7624.25,7624.5,7623.5,7623.5,68
2026-09-13 20:57:00-04:00,7623.5,7623.5,7623.25,7623.25,23
2026-09-13 20:58:00-04:00,7623.0,7623.0,7621.5,7621.5,103
2026-09-13 20:59:00-04:00,7621.75,7621.75,7621.0,7621.5,236
2026-09-13 21:00:00-04:00,7621.75,7622.75,7620.5,7621.75,183
2026-09-13 21:01:00-04:00,7622.0,7622.75,7621.0,7622.5,207
2026-09-13 21:02:00-04:00,7622.5,7624.0,7622.25,7623.5,187
2026-09-13 21:03:00-04:00,7623.25,7624.25,7622.75,7623.5,130
2026-09-13 21:04:00-04:00,7623.25,7623.75,7623.0,7623.25,41
2026-09-13 21:05:00-04:00,7622.25,7623.25,7622.25,7623.0,45
2026-09-13 21:06:00-04:00,7623.0,7623.0,7622.25,7622.5,72
2026-09-13 21:07:00-04:00,7622.75,7623.5,7622.5,7623.25,80
2026-09-13 21:08:00-04:00,7623.25,7623.25,7622.75,7623.0,18
2026-09-13 21:09:00-04:00,7623.0,7624.5,7623.0,7624.5,94
2026-09-13 21:10:00-04:00,7624.25,7625.75,7624.25,7624.75,222
2026-09-13 21:11:00-04:00,7624.5,7625.25,7624.25,7624.25,53
2026-09-13 21:12:00-04:00,7624.25,7624.25,7622.25,7622.5,138
2026-09-13 21:13:00-04:00,7622.75,7622.75,7622.0,7622.0,75
2026-09-13 21:14:00-04:00,7622.0,7623.25,7622.0,7622.0,100
2026-09-13 21:15:00-04:00,7622.25,7622.5,7621.75,7622.25,29
2026-09-13 21:16:00-04:00,7622.25,7622.25,7620.75,7620.75,84
2026-09-13 21:17:00-04:00,7621.0,7622.0,7621.0,7621.75,65
2026-09-13 21:18:00-04:00,7621.5,7622.25,7621.25,7622.0,68
2026-09-13 21:19:00-04:00,7622.0,7622.0,7621.0,7621.25,29
2026-09-13 21:20:00-04:00,7621.25,7621.5,7620.5,7620.5,45
2026-09-13 21:21:00-04:00,7620.5,7620.75,7620.5,7620.75,32
2026-09-13 21:22:00-04:00,7620.75,7621.25,7620.5,7620.5,36
2026-09-13 21:23:00-04:00,7620.75,7621.0,7620.0,7620.25,58
2026-09-13 21:24:00-04:00,7620.5,7622.75,7620.25,7621.75,155
2026-09-13 21:25:00-04:00,7622.0,7622.0,7620.5,7621.5,48
2026-09-13 21:26:00-04:00,7621.75,7623.25,7621.25,7622.75,167
2026-09-13 21:27:00-04:00,7622.5,7623.5,7622.25,7623.25,109
2026-09-13 21:28:00-04:00,7623.25,7623.75,7622.5,7623.25,36
2026-09-13 21:29:00-04:00,7623.0,7624.0,7623.0,7623.5,40
2026-09-13 21:30:00-04:00,7623.5,7624.0,7623.0,7623.25,96
2026-09-13 21:31:00-04:00,7623.25,7623.75,7623.25,7623.5,67
2026-09-13 21:32:00-04:00,7623.25,7623.5,7622.75,7622.75,52
2026-09-13 21:33:00-04:00,7622.75,7622.75,7622.0,7622.0,67
2026-09-13 21:34:00-04:00,7622.0,7622.0,7621.5,7622.0,53
2026-09-13 21:35:00-04:00,7622.0,7624.0,7622.0,7624.0,47
2026-09-13 21:36:00-04:00,7624.25,7625.0,7624.25,7624.5,144
2026-09-13 21:37:00-04:00,7624.75,7625.0,7624.25,7624.25,24
2026-09-13 21:38:00-04:00,7624.25,7625.5,7624.25,7625.25,63
2026-09-13 21:39:00-04:00,7625.75,7627.0,7625.75,7626.75,316
2026-09-13 21:40:00-04:00,7626.75,7627.0,7626.25,7626.5,67
2026-09-13 21:41:00-04:00,7626.25,7627.75,7626.0,7627.5,105
2026-09-13 21:42:00-04:00,7627.25,7627.25,7626.75,7627.0,63
2026-09-13 21:43:00-04:00,7626.75,7626.75,7626.0,7626.25,50
2026-09-13 21:44:00-04:00,7626.75,7626.75,7626.25,7626.75,27
2026-09-13 21:45:00-04:00,7626.75,7627.25,7626.75,7627.0,160
2026-09-13 21:46:00-04:00,7627.0,7628.5,7627.0,7628.5,184
2026-09-13 21:47:00-04:00,7628.25,7630.0,7628.25,7630.0,241
2026-09-13 21:48:00-04:00,7629.75,7630.0,7629.5,7629.75,195
2026-09-13 21:49:00-04:00,7629.75,7630.5,7629.5,7630.25,174
2026-09-13 21:50:00-04:00,7630.25,7630.75,7630.0,7630.75,200
2026-09-13 21:51:00-04:00,7630.75,7631.0,7630.25,7630.75,189
2026-09-13 21:52:00-04:00,7630.75,7631.5,7630.25,7631.5,188
2026-09-13 21:53:00-04:00,7631.5,7632.0,7631.25,7631.75,150
2026-09-13 21:54:00-04:00,7631.75,7632.0,7631.75,7632.0,86
2026-09-13 21:55:00-04:00,7631.75,7632.25,7631.75,7632.0,208
2026-09-13 21:56:00-04:00,7632.25,7633.5,7632.0,7633.5,193
2026-09-13 21:57:00-04:00,7633.5,7634.5,7633.25,7633.75,324
2026-09-13 21:58:00-04:00,7634.0,7634.5,7633.75,7633.75,134
2026-09-13 21:59:00-04:00,7633.5,7634.0,7632.75,7632.75,145
2026-09-13 22:00:00-04:00,7633.0,7633.5,7632.75,7633.0,114
2026-09-13 22:01:00-04:00,7633.0,7634.0,7632.75,7633.5,172
2026-09-13 22:02:00-04:00,7633.5,7633.5,7632.0,7632.25,204
2026-09-13 22:03:00-04:00,7632.5,7632.75,7631.75,7632.0,65
2026-09-13 22:04:00-04:00,7631.75,7632.0,7631.5,7631.75,86
2026-09-13 22:05:00-04:00,7631.75,7632.5,7631.5,7632.5,117
2026-09-13 22:06:00-04:00,7632.5,7633.5,7631.75,7633.5,155
2026-09-13 22:07:00-04:00,7633.25,7633.75,7633.0,7633.75,63
2026-09-13 22:08:00-04:00,7633.5,7633.5,7633.0,7633.25,32
2026-09-13 22:09:00-04:00,7633.5,7633.5,7632.75,7633.25,66
2026-09-13 22:10:00-04:00,7632.75,7633.75,7632.5,7632.5,99
2026-09-13 22:11:00-04:00,7632.75,7633.0,7632.5,7633.0,117
2026-09-13 22:12:00-04:00,7633.25,7633.5,7632.75,7632.75,37
2026-09-13 22:13:00-04:00,7632.75,7632.75,7632.5,7632.75,75
2026-09-13 22:14:00-04:00,7632.75,7633.0,7632.0,7632.5,110
2026-09-13 22:15:00-04:00,7632.5,7632.5,7632.0,7632.5,92
2026-09-13 22:16:00-04:00,7632.25,7633.0,7632.25,7632.5,107
2026-09-13 22:17:00-04:00,7632.25,7632.25,7632.25,7632.25,21
2026-09-13 22:18:00-04:00,7632.25,7632.5,7631.5,7631.75,263
2026-09-13 22:19:00-04:00,7632.0,7632.5,7632.0,7632.25,109
2026-09-13 22:20:00-04:00,7632.5,7633.25,7632.25,7633.0,30
2026-09-13 22:21:00-04:00,7633.0,7633.0,7632.5,7632.5,44
2026-09-13 22:22:00-04:00,7632.5,7633.0,7632.5,7633.0,41
2026-09-13 22:23:00-04:00,7632.75,7633.0,7632.75,7632.75,17
2026-09-13 22:24:00-04:00,7632.5,7632.5,7631.75,7632.0,71
2026-09-13 22:25:00-04:00,7632.25,7632.75,7632.0,7632.5,93
2026-09-13 22:26:00-04:00,7632.5,7632.75,7632.0,7632.0,39
2026-09-13 22:27:00-04:00,7632.5,7632.5,7632.0,7632.0,41
2026-09-13 22:28:00-04:00,7632.25,7632.5,7632.0,7632.0,50
2026-09-13 22:29:00-04:00,7632.5,7632.5,7632.0,7632.0,14
2026-09-13 22:30:00-04:00,7632.0,7633.0,7631.5,7632.75,169
2026-09-13 22:31:00-04:00,7633.0,7633.0,7632.75,7632.75,72
2026-09-13 22:32:00-04:00,7632.75,7632.75,7632.25,7632.5,48
2026-09-13 22:33:00-04:00,7632.75,7632.75,7632.25,7632.25,35
2026-09-13 22:34:00-04:00,7632.5,7632.5,7632.25,7632.25,11
2026-09-13 22:35:00-04:00,7632.25,7632.25,7631.0,7631.25,260
2026-09-13 22:36:00-04:00,7631.25,7632.5,7631.0,7632.0,595
2026-09-13 22:37:00-04:00,7632.0,7632.75,7631.75,7631.75,259
2026-09-13 22:38:00-04:00,7632.0,7632.0,7631.25,7631.75,64
2026-09-13 22:39:00-04:00,7631.75,7632.0,7631.25,7631.25,111
2026-09-13 22:40:00-04:00,7631.25,7631.5,7630.0,7630.25,139
2026-09-13 22:41:00-04:00,7630.5,7630.5,7629.5,7629.75,110
2026-09-13 22:42:00-04:00,7629.75,7630.0,7629.0,7629.75,227
2026-09-13 22:43:00-04:00,7629.75,7630.5,7629.75,7630.25,89
2026-09-13 22:44:00-04:00,7630.25,7630.5,7629.5,7629.5,98
2026-09-13 22:45:00-04:00,7629.25,7631.25,7629.0,7631.25,136
2026-09-13 22:46:00-04:00,7631.25,7631.75,7631.0,7631.25,53
2026-09-13 22:47:00-04:00,7631.25,7631.75,7630.75,7631.5,40
2026-09-13 22:48:00-04:00,7631.25,7631.5,7631.0,7631.5,29
2026-09-13 22:49:00-04:00,7631.5,7631.5,7631.25,7631.25,21
2026-09-13 22:50:00-04:00,7631.5,7632.0,7631.5,7632.0,20
2026-09-13 22:51:00-04:00,7631.75,7631.75,7631.5,7631.75,60
2026-09-13 22:52:00-04:00,7631.5,7631.75,7631.5,7631.5,16
2026-09-13 22:53:00-04:00,7631.75,7632.0,7630.75,7631.25,74
2026-09-13 22:54:00-04:00,7631.25,7631.75,7630.75,7631.5,77
2026-09-13 22:55:00-04:00,7631.25,7631.25,7629.75,7629.75,121
2026-09-13 22:56:00-04:00,7629.75,7630.25,7629.5,7629.75,96
2026-09-13 22:57:00-04:00,7629.75,7630.0,7629.5,7630.0,47
2026-09-13 22:58:00-04:00,7630.0,7630.0,7629.5,7629.75,60
2026-09-13 22:59:00-04:00,7629.5,7630.0,7629.25,7629.5,135
2026-09-13 23:00:00-04:00,7629.5,7629.5,7628.25,7629.0,224
2026-09-13 23:01:00-04:00,7629.0,7629.0,7628.0,7628.0,194
2026-09-13 23:02:00-04:00,7628.25,7628.5,7627.75,7628.25,64
2026-09-13 23:03:00-04:00,7628.0,7628.0,7627.5,7627.75,137
2026-09-13 23:04:00-04:00,7627.75,7627.75,7627.0,7627.0,93
2026-09-13 23:05:00-04:00,7627.0,7628.0,7626.75,7627.25,182
2026-09-13 23:06:00-04:00,7627.25,7627.75,7627.0,7627.5,63
2026-09-13 23:07:00-04:00,7627.75,7627.75,7626.75,7627.75,85
2026-09-13 23:08:00-04:00,7628.0,7628.25,7627.75,7628.0,135
2026-09-13 23:09:00-04:00,7627.75,7628.0,7627.25,7627.5,94
2026-09-13 23:10:00-04:00,7627.75,7627.75,7626.25,7626.5,281
2026-09-13 23:11:00-04:00,7626.5,7626.5,7625.75,7626.0,134
2026-09-13 23:12:00-04:00,7626.25,7626.25,7625.25,7625.5,138
2026-09-13 23:13:00-04:00,7625.5,7625.75,7625.25,7625.75,98
2026-09-13 23:14:00-04:00,7625.75,7626.0,7625.25,7625.5,70
2026-09-13 23:15:00-04:00,7625.75,7626.5,7625.75,7625.75,57
2026-09-13 23:16:00-04:00,7625.75,7625.75,7624.5,7625.0,358
2026-09-13 23:17:00-04:00,7625.0,7625.0,7624.0,7624.25,202
2026-09-13 23:18:00-04:00,7624.5,7625.0,7624.5,7625.0,82
2026-09-13 23:19:00-04:00,7625.0,7625.0,7625.0,7625.0,54
2026-09-13 23:20:00-04:00,7625.0,7625.0,7624.75,7624.75,38
2026-09-13 23:21:00-04:00,7625.0,7625.25,7624.75,7625.0,59
2026-09-13 23:22:00-04:00,7625.0,7625.5,7625.0,7625.25,119
2026-09-13 23:23:00-04:00,7625.25,7625.5,7624.25,7625.0,149
2026-09-13 23:24:00-04:00,7624.75,7625.25,7624.75,7625.25,100
2026-09-13 23:25:00-04:00,7625.25,7625.25,7624.75,7625.0,54
2026-09-13 23:26:00-04:00,7624.75,7625.25,7624.5,7625.0,66
2026-09-13 23:27:00-04:00,7625.25,7625.25,7625.0,7625.0,19
2026-09-13 23:28:00-04:00,7625.25,7626.0,7625.25,7626.0,51
2026-09-13 23:29:00-04:00,7625.75,7626.5,7625.75,7626.5,109
2026-09-13 23:30:00-04:00,7626.25,7626.25,7624.75,7625.0,229
2026-09-13 23:31:00-04:00,7625.0,7625.0,7624.0,7624.25,156
2026-09-13 23:32:00-04:00,7624.25,7624.75,7624.0,7624.0,53
2026-09-13 23:33:00-04:00,7624.0,7624.5,7623.25,7624.0,82
2026-09-13 23:34:00-04:00,7623.75,7624.25,7623.75,7624.25,12
2026-09-13 23:35:00-04:00,7624.5,7624.75,7623.75,7624.0,173
2026-09-13 23:36:00-04:00,7623.75,7624.0,7623.5,7623.75,22
2026-09-13 23:37:00-04:00,7623.75,7624.25,7623.75,7624.25,24
2026-09-13 23:38:00-04:00,7624.0,7624.25,7623.5,7623.5,27
2026-09-13 23:39:00-04:00,7623.5,7624.0,7623.5,7623.75,23
2026-09-13 23:40:00-04:00,7624.0,7624.25,7623.0,7623.25,36
2026-09-13 23:41:00-04:00,7623.25,7623.5,7623.0,7623.0,57
2026-09-13 23:42:00-04:00,7623.0,7623.0,7622.5,7622.75,139
2026-09-13 23:43:00-04:00,7622.75,7622.75,7622.25,7622.75,72
2026-09-13 23:44:00-04:00,7623.0,7623.0,7622.25,7622.5,88
2026-09-13 23:45:00-04:00,7622.75,7623.0,7622.75,7623.0,30
2026-09-13 23:46:00-04:00,7623.0,7623.25,7622.5,7622.5,79
2026-09-13 23:47:00-04:00,7622.25,7622.75,7621.75,7622.5,126
2026-09-13 23:48:00-04:00,7622.0,7623.75,7622.0,7623.5,103
2026-09-13 23:49:00-04:00,7623.25,7623.5,7622.75,7622.75,22
2026-09-13 23:50:00-04:00,7622.5,7622.5,7622.0,7622.5,27
2026-09-13 23:51:00-04:00,7622.5,7623.25,7622.5,7622.75,74
2026-09-13 23:52:00-04:00,7622.75,7623.0,7622.75,7622.75,16
2026-09-13 23:53:00-04:00,7623.0,7624.0,7623.0,7623.25,44
2026-09-13 23:54:00-04:00,7623.5,7623.75,7623.25,7623.75,22
2026-09-13 23:55:00-04:00,7623.5,7623.75,7623.25,7623.25,32
2026-09-13 23:56:00-04:00,7623.25,7623.25,7622.75,7622.75,73
2026-09-13 23:57:00-04:00,7623.0,7623.0,7622.5,7622.5,38
2026-09-13 23:58:00-04:00,7622.75,7622.75,7622.0,7622.25,59
2026-09-14 00:00:00-04:00,7622.5,7623.0,7622.25,7622.5,38
2026-09-14 00:01:00-04:00,7622.75,7623.75,7622.75,7623.5,71
2026-09-14 00:02:00-04:00,7623.5,7623.75,7622.75,7623.0,34
2026-09-14 00:03:00-04:00,7623.5,7624.0,7623.5,7624.0,18
2026-09-14 00:04:00-04:00,7624.0,7624.0,7623.5,7624.0,57
2026-09-14 00:05:00-04:00,7624.0,7624.25,7623.25,7623.5,73
2026-09-14 00:06:00-04:00,7623.75,7624.25,7623.5,7623.75,77
2026-09-14 00:07:00-04:00,7624.25,7624.25,7623.75,7623.75,75
2026-09-14 00:08:00-04:00,7623.75,7623.75,7623.0,7623.0,52
2026-09-14 00:09:00-04:00,7622.75,7623.0,7622.5,7623.0,61
2026-09-14 00:10:00-04:00,7623.0,7623.0,7621.25,7621.25,134
2026-09-14 00:11:00-04:00,7621.25,7622.0,7620.75,7622.0,128
2026-09-14 00:12:00-04:00,7622.0,7622.0,7621.25,7621.5,76
2026-09-14 00:13:00-04:00,7621.5,7622.0,7621.25,7621.75,41
2026-09-14 00:14:00-04:00,7621.75,7621.75,7621.0,7621.25,109
2026-09-14 00:15:00-04:00,7621.25,7621.5,7621.0,7621.5,30
2026-09-14 00:16:00-04:00,7621.5,7621.75,7621.0,7621.5,63
2026-09-14 00:17:00-04:00,7621.25,7621.5,7620.75,7621.5,46
2026-09-14 00:18:00-04:00,7621.5,7622.0,7621.25,7621.75,30
2026-09-14 00:19:00-04:00,7622.0,7622.25,7621.75,7622.0,31
2026-09-14 00:20:00-04:00,7622.25,7622.25,7621.25,7621.25,44
2026-09-14 00:21:00-04:00,7621.5,7621.75,7621.5,7621.75,35
2026-09-14 00:22:00-04:00,7621.75,7621.75,7621.25,7621.5,35
2026-09-14 00:23:00-04:00,7621.75,7621.75,7621.5,7621.5,65
2026-09-14 00:24:00-04:00,7621.5,7622.25,7621.5,7622.25,93
2026-09-14 00:25:00-04:00,7622.0,7622.75,7622.0,7622.25,116
2026-09-14 00:26:00-04:00,7622.5,7622.75,7622.5,7622.5,16
2026-09-14 00:27:00-04:00,7622.75,7622.75,7622.25,7622.5,51
2026-09-14 00:28:00-04:00,7622.5,7622.75,7622.0,7622.0,107
2026-09-14 00:29:00-04:00,7622.25,7622.5,7621.75,7622.0,26
2026-09-14 00:30:00-04:00,7622.0,7622.0,7621.5,7621.5,46
2026-09-14 00:31:00-04:00,7621.5,7621.5,7620.0,7620.25,125
2026-09-14 00:32:00-04:00,7620.5,7620.75,7620.25,7620.5,49
2026-09-14 00:33:00-04:00,7620.5,7620.5,7619.5,7620.0,109
2026-09-14 00:34:00-04:00,7619.75,7620.25,7619.25,7619.75,125
2026-09-14 00:35:00-04:00,7619.5,7620.5,7619.5,7620.5,125
2026-09-14 00:36:00-04:00,7620.5,7620.5,7619.75,7619.75,66
2026-09-14 00:37:00-04:00,7619.75,7620.0,7619.25,7619.75,38
2026-09-14 00:38:00-04:00,7619.5,7620.5,7619.25,7620.25,144
2026-09-14 00:39:00-04:00,7620.5,7622.0,7620.5,7622.0,77
2026-09-14 00:40:00-04:00,7622.25,7622.75,7622.0,7622.25,67
2026-09-14 00:41:00-04:00,7622.0,7622.25,7621.75,7622.0,46
2026-09-14 00:42:00-04:00,7622.0,7622.0,7621.5,7621.75,58
2026-09-14 00:43:00-04:00,7621.75,7621.75,7620.5,7620.5,81
2026-09-14 00:44:00-04:00,7620.25,7620.5,7619.5,7620.0,61
2026-09-14 00:45:00-04:00,7620.25,7621.0,7620.25,7621.0,46
2026-09-14 00:46:00-04:00,7620.5,7621.5,7620.5,7621.5,43
2026-09-14 00:47:00-04:00,7621.25,7621.5,7621.0,7621.0,44
2026-09-14 00:48:00-04:00,7620.75,7621.75,7620.75,7621.75,65
2026-09-14 00:49:00-04:00,7622.0,7622.5,7621.75,7622.0,67
2026-09-14 00:50:00-04:00,7622.25,7623.25,7622.0,7623.25,97
2026-09-14 00:51:00-04:00,7623.0,7623.0,7621.5,7621.75,80
2026-09-14 00:52:00-04:00,7622.0,7622.5,7621.5,7621.5,78
2026-09-14 00:53:00-04:00,7621.25,7621.25,7620.5,7620.5,28
2026-09-14 00:54:00-04:00,7620.5,7620.75,7620.25,7620.5,28
2026-09-14 00:55:00-04:00,7620.5,7621.0,7620.5,7621.0,80
2026-09-14 00:56:00-04:00,7620.75,7621.25,7620.75,7620.75,67
2026-09-14 00:57:00-04:00,7620.75,7620.75,7619.5,7619.75,146
2026-09-14 00:58:00-04:00,7620.0,7620.25,7620.0,7620.25,26
2026-09-14 00:59:00-04:00,7620.0,7620.25,7620.0,7620.25,54
2026-09-14 01:00:00-04:00,7620.25,7620.75,7620.0,7620.75,79
2026-09-14 01:01:00-04:00,7620.75,7620.75,7620.25,7620.25,32
2026-09-14 01:02:00-04:00,7620.25,7620.25,7619.75,7619.75,94
2026-09-14 01:03:00-04:00,7619.75,7620.5,7619.5,7620.5,29
2026-09-14 01:04:00-04:00,7620.75,7621.0,7620.5,7620.75,62
2026-09-14 01:05:00-04:00,7620.5,7621.0,7620.25,7620.5,43
2026-09-14 01:06:00-04:00,7620.75,7621.25,7620.0,7620.0,68
2026-09-14 01:07:00-04:00,7620.0,7621.0,7620.0,7621.0,31
2026-09-14 01:08:00-04:00,7621.25,7621.25,7620.75,7620.75,25
2026-09-14 01:09:00-04:00,7620.5,7620.75,7620.25,7620.25,27
2026-09-14 01:10:00-04:00,7620.0,7620.25,7619.5,7619.5,86
2026-09-14 01:11:00-04:00,7619.5,7619.75,7618.75,7619.25,177
2026-09-14 01:12:00-04:00,7619.25,7620.0,7619.0,7619.75,200
2026-09-14 01:13:00-04:00,7619.5,7619.5,7618.5,7619.5,69
2026-09-14 01:14:00-04:00,7619.75,7620.5,7619.75,7620.25,28
2026-09-14 01:15:00-04:00,7620.25,7620.5,7619.75,7620.0,57
2026-09-14 01:16:00-04:00,7620.0,7620.0,7619.0,7619.0,32
2026-09-14 01:17:00-04:00,7618.75,7619.0,7618.75,7619.0,32
2026-09-14 01:18:00-04:00,7618.75,7619.0,7618.5,7618.5,28
2026-09-14 01:19:00-04:00,7618.75,7618.75,7618.5,7618.75,42
2026-09-14 01:20:00-04:00,7618.75,7618.75,7618.25,7618.25,62
2026-09-14 01:21:00-04:00,7618.25,7618.25,7617.25,7617.25,314
2026-09-14 01:22:00-04:00,7617.5,7617.75,7617.25,7617.5,83
2026-09-14 01:23:00-04:00,7617.5,7617.5,7616.5,7616.5,165
2026-09-14 01:24:00-04:00,7616.5,7616.5,7616.0,7616.25,119
2026-09-14 01:25:00-04:00,7616.25,7617.5,7616.25,7617.5,97
2026-09-14 01:26:00-04:00,7617.5,7618.5,7617.25,7618.5,84
2026-09-14 01:27:00-04:00,7618.5,7619.5,7618.5,7619.5,63
2026-09-14 01:28:00-04:00,7619.5,7619.75,7618.75,7618.75,60
2026-09-14 01:29:00-04:00,7618.75,7618.75,7618.25,7618.75,85
2026-09-14 01:30:00-04:00,7618.75,7619.25,7618.5,7618.75,83
2026-09-14 01:31:00-04:00,7618.75,7618.75,7617.75,7618.0,61
2026-09-14 01:32:00-04:00,7618.25,7619.25,7618.25,7619.25,105
2026-09-14 01:33:00-04:00,7619.25,7619.75,7619.0,7619.25,69
2026-09-14 01:34:00-04:00,7619.5,7619.5,7618.5,7619.0,46
2026-09-14 01:35:00-04:00,7618.75,7619.25,7618.25,7619.25,62
2026-09-14 01:36:00-04:00,7619.25,7619.5,7618.0,7618.25,101
2026-09-14 01:37:00-04:00,7618.5,7619.25,7618.5,7619.25,41
2026-09-14 01:38:00-04:00,7619.5,7619.75,7619.0,7619.75,38
2026-09-14 01:39:00-04:00,7619.75,7620.25,7619.0,7619.0,113
2026-09-14 01:40:00-04:00,7619.0,7619.25,7618.0,7618.25,37
2026-09-14 01:41:00-04:00,7618.0,7618.0,7616.75,7616.75,45
2026-09-14 01:42:00-04:00,7617.0,7617.0,7615.5,7615.75,211
2026-09-14 01:43:00-04:00,7615.5,7616.5,7615.25,7616.0,133
2026-09-14 01:44:00-04:00,7616.0,7616.75,7615.75,7616.75,124
2026-09-14 01:45:00-04:00,7616.75,7617.75,7616.75,7616.75,88
2026-09-14 01:46:00-04:00,7616.5,7617.5,7616.5,7616.5,68
2026-09-14 01:47:00-04:00,7616.5,7617.0,7616.25,7616.75,62
2026-09-14 01:48:00-04:00,7616.75,7616.75,7616.25,7616.5,119
2026-09-14 01:49:00-04:00,7616.5,7616.5,7615.5,7616.0,249
2026-09-14 01:50:00-04:00,7615.75,7616.0,7615.75,7615.75,62
2026-09-14 01:51:00-04:00,7615.75,7616.5,7615.5,7616.0,99
2026-09-14 01:52:00-04:00,7616.0,7616.5,7616.0,7616.25,115
2026-09-14 01:53:00-04:00,7616.5,7617.25,7616.0,7617.25,75
2026-09-14 01:54:00-04:00,7617.25,7619.0,7617.0,7619.0,110
2026-09-14 01:55:00-04:00,7619.25,7619.75,7619.0,7619.0,326
2026-09-14 01:56:00-04:00,7618.75,7619.25,7618.75,7618.75,56
2026-09-14 01:57:00-04:00,7618.5,7618.75,7617.75,7618.5,115
2026-09-14 01:58:00-04:00,7618.25,7619.0,7618.25,7619.0,43
2026-09-14 01:59:00-04:00,7619.25,7620.25,7619.0,7620.0,48
2026-09-14 02:00:00-04:00,7620.0,7621.5,7619.75,7619.75,244
2026-09-14 02:01:00-04:00,7619.75,7622.5,7619.75,7622.5,251
2026-09-14 02:02:00-04:00,7622.5,7623.0,7621.75,7622.0,217
2026-09-14 02:03:00-04:00,7622.25,7623.25,7621.5,7621.75,161
2026-09-14 02:04:00-04:00,7622.0,7622.75,7622.0,7622.5,92
2026-09-14 02:05:00-04:00,7622.5,7623.0,7622.0,7622.0,132
2026-09-14 02:06:00-04:00,7622.0,7622.25,7621.5,7621.5,74
2026-09-14 02:07:00-04:00,7621.5,7623.5,7621.5,7623.5,61
2026-09-14 02:08:00-04:00,7623.25,7623.5,7622.75,7623.0,102
2026-09-14 02:09:00-04:00,7622.75,7623.0,7622.25,7622.75,45
2026-09-14 02:10:00-04:00,7622.5,7622.75,7622.0,7622.75,52
2026-09-14 02:11:00-04:00,7622.75,7624.75,7622.75,7623.75,124
2026-09-14 02:12:00-04:00,7623.75,7624.0,7622.75,7622.75,65
2026-09-14 02:13:00-04:00,7622.5,7623.75,7622.5,7623.0,103
2026-09-14 02:14:00-04:00,7623.0,7623.75,7622.5,7623.5,44
2026-09-14 02:15:00-04:00,7623.5,7623.5,7623.0,7623.25,36
2026-09-14 02:16:00-04:00,7623.5,7624.25,7623.25,7624.0,151
2026-09-14 02:17:00-04:00,7624.0,7624.25,7623.5,7623.5,35
2026-09-14 02:18:00-04:00,7623.25,7623.25,7622.75,7623.0,52
2026-09-14 02:19:00-04:00,7623.0,7623.75,7623.0,7623.5,124
2026-09-14 02:20:00-04:00,7623.25,7624.0,7623.25,7623.75,75
2026-09-14 02:21:00-04:00,7623.75,7624.0,7621.75,7622.25,127
2026-09-14 02:22:00-04:00,7622.0,7622.25,7621.25,7621.25,115
2026-09-14 02:23:00-04:00,7621.0,7622.0,7621.0,7622.0,80
2026-09-14 02:24:00-04:00,7622.25,7623.25,7622.25,7623.0,57
2026-09-14 02:25:00-04:00,7623.0,7623.5,7622.5,7622.75,74
2026-09-14 02:26:00-04:00,7622.75,7623.25,7622.5,7623.25,93
2026-09-14 02:27:00-04:00,7623.25,7623.75,7622.0,7622.25,476
2026-09-14 02:28:00-04:00,7622.5,7622.75,7621.75,7621.75,304
2026-09-14 02:29:00-04:00,7622.0,7622.5,7621.0,7621.0,223
2026-09-14 02:30:00-04:00,7621.0,7621.0,7620.25,7620.25,360
2026-09-14 02:31:00-04:00,7620.25,7620.75,7618.25,7618.25,399
2026-09-14 02:32:00-04:00,7618.25,7618.5,7617.5,7617.5,220
2026-09-14 02:33:00-04:00,7617.5,7618.0,7617.0,7617.5,230
2026-09-14 02:34:00-04:00,7617.5,7617.75,7616.25,7617.25,139
2026-09-14 02:35:00-04:00,7617.25,7617.5,7616.25,7616.25,72
2026-09-14 02:36:00-04:00,7616.25,7617.5,7616.0,7617.25,89
2026-09-14 02:37:00-04:00,7617.25,7617.25,7616.25,7616.25,84
2026-09-14 02:38:00-04:00,7616.0,7617.25,7616.0,7617.0,47
2026-09-14 02:39:00-04:00,7617.25,7617.25,7616.75,7616.75,33
2026-09-14 02:40:00-04:00,7616.5,7616.75,7616.0,7616.75,124
2026-09-14 02:41:00-04:00,7617.25,7617.25,7615.75,7616.5,126
2026-09-14 02:42:00-04:00,7616.5,7616.5,7613.0,7613.75,439
2026-09-14 02:43:00-04:00,7613.5,7614.5,7612.25,7612.5,438
2026-09-14 02:44:00-04:00,7612.5,7614.25,7612.25,7614.25,240
2026-09-14 02:45:00-04:00,7614.5,7615.5,7614.25,7614.75,118
2026-09-14 02:46:00-04:00,7614.75,7615.25,7614.25,7615.25,66
2026-09-14 02:47:00-04:00,7615.25,7615.25,7614.75,7614.75,63
2026-09-14 02:48:00-04:00,7614.75,7615.25,7613.25,7613.25,133
2026-09-14 02:49:00-04:00,7613.25,7613.25,7612.0,7612.0,290
2026-09-14 02:50:00-04:00,7612.25,7612.75,7611.75,7611.75,181
2026-09-14 02:51:00-04:00,7611.75,7612.0,7611.5,7612.0,269
2026-09-14 02:52:00-04:00,7611.75,7614.25,7611.75,7613.75,143
2026-09-14 02:53:00-04:00,7613.75,7614.0,7613.0,7613.0,333
2026-09-14 02:54:00-04:00,7613.0,7613.0,7612.25,7613.0,339
2026-09-14 02:55:00-04:00,7613.25,7613.75,7612.75,7612.75,180
2026-09-14 02:56:00-04:00,7612.75,7612.75,7611.75,7611.75,160
2026-09-14 02:57:00-04:00,7611.75,7611.75,7606.25,7608.5,894
2026-09-14 02:58:00-04:00,7608.75,7610.75,7608.75,7610.25,352
2026-09-14 02:59:00-04:00,7610.25,7610.25,7609.0,7609.5,331
2026-09-14 03:00:00-04:00,7609.75,7610.75,7607.25,7608.5,727
2026-09-14 03:01:00-04:00,7608.5,7609.5,7607.25,7608.5,167
2026-09-14 03:02:00-04:00,7608.25,7611.0,7608.0,7610.0,205
2026-09-14 03:03:00-04:00,7610.0,7610.0,7608.5,7608.75,258
2026-09-14 03:04:00-04:00,7608.75,7613.5,7608.5,7613.5,475
2026-09-14 03:05:00-04:00,7613.5,7615.25,7613.0,7614.25,354
2026-09-14 03:06:00-04:00,7614.0,7615.0,7612.5,7612.5,125
2026-09-14 03:07:00-04:00,7612.75,7613.75,7611.5,7612.25,253
2026-09-14 03:08:00-04:00,7612.25,7613.25,7611.5,7613.0,198
2026-09-14 03:09:00-04:00,7613.0,7613.25,7612.0,7613.25,297
2026-09-14 03:10:00-04:00,7613.25,7613.5,7611.25,7612.25,367
2026-09-14 03:11:00-04:00,7612.25,7613.25,7611.75,7613.25,207
2026-09-14 03:12:00-04:00,7613.0,7613.25,7611.75,7612.25,290
2026-09-14 03:13:00-04:00,7612.25,7614.0,7612.0,7613.75,358
2026-09-14 03:14:00-04:00,7613.75,7615.5,7613.5,7614.5,382
2026-09-14 03:15:00-04:00,7614.5,7614.75,7613.5,7613.5,156
2026-09-14 03:16:00-04:00,7614.0,7615.25,7613.5,7614.5,258
2026-09-14 03:17:00-04:00,7614.5,7615.0,7613.75,7614.5,136
2026-09-14 03:18:00-04:00,7614.5,7614.5,7612.25,7614.0,128
2026-09-14 03:19:00-04:00,7614.0,7614.25,7612.0,7612.75,112
2026-09-14 03:20:00-04:00,7612.5,7612.75,7610.75,7612.25,286
2026-09-14 03:21:00-04:00,7612.25,7612.75,7611.75,7612.75,107
2026-09-14 03:22:00-04:00,7612.75,7613.25,7612.5,7613.0,131
2026-09-14 03:23:00-04:00,7613.25,7614.5,7612.75,7614.5,186
2026-09-14 03:24:00-04:00,7614.5,7615.25,7613.75,7614.0,174
2026-09-14 03:25:00-04:00,7614.25,7614.5,7612.0,7612.25,393
2026-09-14 03:26:00-04:00,7612.0,7613.5,7612.0,7613.0,380
2026-09-14 03:27:00-04:00,7613.0,7613.5,7611.0,7612.0,163
2026-09-14 03:28:00-04:00,7612.0,7612.75,7611.5,7612.0,176
2026-09-14 03:29:00-04:00,7611.75,7611.75,7610.75,7611.25,91
2026-09-14 03:30:00-04:00,7611.25,7612.75,7610.75,7612.25,168
2026-09-14 03:31:00-04:00,7612.5,7613.0,7611.75,7612.5,679
2026-09-14 03:32:00-04:00,7612.0,7612.0,7610.5,7611.75,424
2026-09-14 03:33:00-04:00,7611.5,7611.75,7611.0,7611.5,158
2026-09-14 03:34:00-04:00,7611.5,7611.5,7610.5,7611.5,80
2026-09-14 03:35:00-04:00,7611.25,7612.0,7611.0,7611.25,301
2026-09-14 03:36:00-04:00,7611.0,7611.5,7610.0,7611.25,667
2026-09-14 03:37:00-04:00,7611.25,7611.25,7610.5,7610.5,219
2026-09-14 03:38:00-04:00,7610.75,7611.0,7610.25,7610.75,134
2026-09-14 03:39:00-04:00,7611.0,7611.0,7609.5,7610.25,328
2026-09-14 03:40:00-04:00,7610.25,7611.25,7610.0,7610.25,372
2026-09-14 03:41:00-04:00,7610.25,7610.75,7608.75,7609.25,240
2026-09-14 03:42:00-04:00,7609.25,7609.25,7606.75,7607.5,1095
2026-09-14 03:43:00-04:00,7607.75,7608.0,7606.5,7607.0,712
2026-09-14 03:44:00-04:00,7606.75,7606.75,7605.25,7606.0,540
2026-09-14 03:45:00-04:00,7606.25,7607.5,7606.0,7606.0,288
2026-09-14 03:46:00-04:00,7605.75,7606.5,7605.25,7606.25,361
2026-09-14 03:47:00-04:00,7606.25,7606.5,7604.5,7606.25,296
2026-09-14 03:48:00-04:00,7606.25,7608.25,7606.25,7606.75,355
2026-09-14 03:49:00-04:00,7606.75,7608.0,7606.5,7607.75,1283
2026-09-14 03:50:00-04:00,7608.0,7608.25,7606.5,7606.5,124
2026-09-14 03:51:00-04:00,7606.25,7607.0,7605.75,7606.0,263
2026-09-14 03:52:00-04:00,7605.75,7605.75,7604.0,7605.0,327
2026-09-14 03:53:00-04:00,7604.75,7605.25,7604.0,7604.75,294
2026-09-14 03:54:00-04:00,7605.0,7606.0,7604.75,7606.0,129
2026-09-14 03:55:00-04:00,7605.75,7606.5,7605.75,7606.5,679
2026-09-14 03:56:00-04:00,7606.25,7607.5,7606.25,7607.0,208
2026-09-14 03:57:00-04:00,7606.75,7607.75,7606.5,7607.5,184
2026-09-14 03:58:00-04:00,7607.5,7609.0,7606.75,7609.0,276
2026-09-14 03:59:00-04:00,7609.0,7609.0,7608.0,7608.5,343
2026-09-14 04:00:00-04:00,7608.75,7609.75,7607.75,7608.0,349
2026-09-14 04:01:00-04:00,7608.0,7609.25,7607.5,7607.75,273
2026-09-14 04:02:00-04:00,7608.0,7609.25,7607.25,7608.25,427
2026-09-14 04:03:00-04:00,7608.25,7611.25,7608.0,7611.0,295
2026-09-14 04:04:00-04:00,7611.25,7613.25,7610.75,7611.75,1024
2026-09-14 04:05:00-04:00,7611.75,7612.75,7610.0,7612.25,774
2026-09-14 04:06:00-04:00,7612.25,7613.5,7611.5,7612.25,347
2026-09-14 04:07:00-04:00,7612.25,7612.75,7610.5,7611.5,1789
2026-09-14 04:08:00-04:00,7611.25,7612.0,7611.25,7612.0,137
2026-09-14 04:09:00-04:00,7611.75,7613.0,7611.5,7613.0,271
2026-09-14 04:10:00-04:00,7613.25,7613.25,7610.5,7610.75,193
2026-09-14 04:11:00-04:00,7611.0,7611.25,7610.5,7610.75,154
2026-09-14 04:12:00-04:00,7610.75,7610.75,7609.5,7609.75,386
2026-09-14 04:13:00-04:00,7609.5,7610.5,7608.25,7608.25,380
2026-09-14 04:14:00-04:00,7608.25,7610.75,7608.25,7610.25,326
2026-09-14 04:15:00-04:00,7610.25,7610.5,7609.0,7609.0,161
2026-09-14 04:16:00-04:00,7608.75,7609.5,7608.75,7609.25,152
2026-09-14 04:17:00-04:00,7609.25,7609.75,7608.75,7609.25,184
2026-09-14 04:18:00-04:00,7609.0,7609.0,7607.5,7607.75,147
2026-09-14 04:19:00-04:00,7607.75,7608.25,7606.25,7607.5,168
2026-09-14 04:20:00-04:00,7607.25,7608.75,7607.25,7608.0,194
2026-09-14 04:21:00-04:00,7608.25,7609.0,7608.25,7608.5,206
2026-09-14 04:22:00-04:00,7608.5,7608.75,7606.75,7607.5,368
2026-09-14 04:23:00-04:00,7607.5,7608.0,7607.0,7607.25,182
2026-09-14 04:24:00-04:00,7607.5,7607.5,7606.25,7606.5,208
2026-09-14 04:25:00-04:00,7606.75,7607.5,7606.75,7607.0,246
2026-09-14 04:26:00-04:00,7606.75,7607.0,7605.75,7606.75,136
2026-09-14 04:27:00-04:00,7606.75,7606.75,7606.25,7606.5,172
2026-09-14 04:28:00-04:00,7606.5,7606.75,7605.5,7605.75,189
2026-09-14 04:29:00-04:00,7605.5,7605.5,7603.5,7603.75,732
2026-09-14 04:30:00-04:00,7603.75,7605.75,7603.75,7605.75,649
2026-09-14 04:31:00-04:00,7605.5,7606.75,7605.25,7605.75,363
2026-09-14 04:32:00-04:00,7605.5,7606.75,7605.5,7606.25,291
2026-09-14 04:33:00-04:00,7606.25,7606.5,7605.0,7605.5,182
2026-09-14 04:34:00-04:00,7605.75,7606.0,7604.75,7605.75,319
2026-09-14 04:35:00-04:00,7605.75,7608.0,7605.75,7608.0,1074
2026-09-14 04:36:00-04:00,7607.75,7608.5,7606.5,7607.25,162
2026-09-14 04:37:00-04:00,7607.25,7609.25,7607.25,7608.5,188
2026-09-14 04:38:00-04:00,7608.5,7609.0,7608.0,7608.0,114
2026-09-14 04:39:00-04:00,7607.75,7609.0,7607.75,7609.0,174
2026-09-14 04:40:00-04:00,7609.5,7610.75,7607.0,7607.75,1165
2026-09-14 04:41:00-04:00,7608.25,7609.5,7607.5,7609.5,208
2026-09-14 04:42:00-04:00,7609.5,7610.25,7609.0,7609.25,233
2026-09-14 04:43:00-04:00,7609.25,7609.5,7607.75,7608.0,348
2026-09-14 04:44:00-04:00,7608.0,7608.0,7607.25,7607.75,232
2026-09-14 04:45:00-04:00,7607.75,7609.0,7606.5,7607.0,286
2026-09-14 04:46:00-04:00,7606.75,7607.0,7606.0,7606.0,206
2026-09-14 04:47:00-04:00,7605.75,7607.0,7604.75,7605.0,198
2026-09-14 04:48:00-04:00,7605.0,7605.25,7604.25,7604.75,454
2026-09-14 04:49:00-04:00,7604.5,7605.0,7600.0,7604.75,1272
2026-09-14 04:50:00-04:00,7604.75,7605.25,7604.0,7604.75,118
2026-09-14 04:51:00-04:00,7604.5,7605.25,7604.25,7605.0,167
2026-09-14 04:52:00-04:00,7605.25,7606.5,7604.5,7606.25,137
2026-09-14 04:53:00-04:00,7606.0,7606.0,7603.25,7603.5,278
2026-09-14 04:54:00-04:00,7603.5,7603.5,7602.0,7602.25,163
2026-09-14 04:55:00-04:00,7602.5,7604.5,7602.25,7604.0,156
2026-09-14 04:56:00-04:00,7603.75,7604.0,7602.0,7602.5,150
2026-09-14 04:57:00-04:00,7602.5,7603.0,7602.5,7603.0,722
2026-09-14 04:58:00-04:00,7603.25,7605.75,7603.25,7605.5,164
2026-09-14 04:59:00-04:00,7605.5,7608.25,7605.5,7608.25,307
2026-09-14 05:00:00-04:00,7608.0,7609.75,7607.0,7608.5,447
2026-09-14 05:01:00-04:00,7608.5,7609.5,7607.75,7609.25,157
2026-09-14 05:02:00-04:00,7609.25,7609.5,7607.25,7607.5,288
2026-09-14 05:03:00-04:00,7607.5,7608.5,7607.5,7608.0,189
2026-09-14 05:04:00-04:00,7608.0,7608.25,7606.25,7606.75,271
2026-09-14 05:05:00-04:00,7607.0,7607.5,7606.5,7606.5,188
2026-09-14 05:06:00-04:00,7606.5,7607.0,7606.25,7606.5,423
2026-09-14 05:07:00-04:00,7606.25,7606.75,7606.0,7606.25,156
2026-09-14 05:08:00-04:00,7606.25,7607.5,7605.5,7607.0,123
2026-09-14 05:09:00-04:00,7607.0,7607.75,7605.5,7606.25,716
2026-09-14 05:10:00-04:00,7606.25,7607.5,7605.5,7606.5,161
2026-09-14 05:11:00-04:00,7606.5,7606.5,7602.5,7603.0,517
2026-09-14 05:12:00-04:00,7603.0,7603.25,7600.75,7600.75,733
2026-09-14 05:13:00-04:00,7600.75,7601.25,7599.25,7600.5,912
2026-09-14 05:14:00-04:00,7600.5,7601.0,7599.75,7601.0,90
2026-09-14 05:15:00-04:00,7601.0,7601.25,7598.0,7599.25,330
2026-09-14 05:16:00-04:00,7599.5,7600.0,7599.0,7599.25,153
2026-09-14 05:17:00-04:00,7599.0,7599.75,7598.5,7599.75,358
2026-09-14 05:18:00-04:00,7599.5,7600.25,7598.0,7598.5,359
2026-09-14 05:19:00-04:00,7598.25,7598.75,7597.5,7598.25,447
2026-09-14 05:20:00-04:00,7598.25,7599.0,7598.0,7598.5,294
2026-09-14 05:21:00-04:00,7598.5,7598.75,7596.5,7597.25,668
2026-09-14 05:22:00-04:00,7597.25,7597.5,7596.25,7597.0,415
2026-09-14 05:23:00-04:00,7596.75,7597.25,7596.5,7596.5,146
2026-09-14 05:24:00-04:00,7596.5,7597.0,7593.75,7595.0,787
2026-09-14 05:25:00-04:00,7595.0,7596.25,7594.0,7594.75,541
2026-09-14 05:26:00-04:00,7594.75,7596.25,7594.5,7595.75,302
2026-09-14 05:27:00-04:00,7595.75,7597.5,7595.75,7597.5,446
2026-09-14 05:28:00-04:00,7597.5,7598.5,7597.5,7598.25,475
2026-09-14 05:29:00-04:00,7598.25,7600.5,7598.0,7599.25,1246
2026-09-14 05:30:00-04:00,7599.0,7600.75,7599.0,7600.25,1080
2026-09-14 05:31:00-04:00,7600.25,7601.0,7599.0,7599.5,569
2026-09-14 05:32:00-04:00,7599.5,7600.75,7598.5,7598.75,189
2026-09-14 05:33:00-04:00,7598.5,7601.25,7598.5,7600.25,428
2026-09-14 05:34:00-04:00,7600.75,7600.75,7598.75,7599.25,787
2026-09-14 05:35:00-04:00,7599.0,7599.0,7597.25,7597.75,619
2026-09-14 05:36:00-04:00,7597.75,7598.25,7597.5,7598.0,2048
2026-09-14 05:37:00-04:00,7598.0,7598.5,7597.5,7598.25,250
2026-09-14 05:38:00-04:00,7598.25,7598.75,7597.5,7597.5,355
2026-09-14 05:39:00-04:00,7597.5,7597.5,7595.25,7596.0,426
2026-09-14 05:40:00-04:00,7596.0,7599.25,7595.0,7595.0,1625
2026-09-14 05:41:00-04:00,7595.25,7596.5,7595.25,7596.25,399
2026-09-14 05:42:00-04:00,7596.25,7597.75,7595.75,7595.75,642
2026-09-14 05:43:00-04:00,7595.75,7596.25,7595.5,7595.75,711
2026-09-14 05:44:00-04:00,7595.75,7595.75,7594.5,7595.0,335
2026-09-14 05:45:00-04:00,7595.25,7595.75,7594.25,7595.5,376
2026-09-14 05:46:00-04:00,7595.5,7596.0,7594.75,7595.25,450
2026-09-14 05:47:00-04:00,7595.5,7596.0,7595.25,7595.75,437
2026-09-14 05:48:00-04:00,7595.75,7597.75,7595.75,7596.75,379
2026-09-14 05:49:00-04:00,7596.75,7596.75,7595.0,7595.5,630
2026-09-14 05:50:00-04:00,7595.5,7595.75,7594.5,7594.75,320
2026-09-14 05:51:00-04:00,7594.75,7596.25,7594.5,7595.5,492
2026-09-14 05:52:00-04:00,7595.5,7597.5,7595.5,7597.0,461
2026-09-14 05:53:00-04:00,7597.0,7598.0,7597.0,7598.0,293
2026-09-14 05:54:00-04:00,7597.75,7598.5,7597.5,7598.0,223
2026-09-14 05:55:00-04:00,7598.25,7598.75,7596.75,7597.0,537
2026-09-14 05:56:00-04:00,7596.75,7597.0,7595.5,7596.75,540
2026-09-14 05:57:00-04:00,7596.5,7597.5,7596.25,7596.75,388
2026-09-14 05:58:00-04:00,7596.75,7596.75,7595.25,7595.25,500
2026-09-14 05:59:00-04:00,7595.25,7596.5,7594.75,7596.5,269
2026-09-14 06:00:00-04:00,7596.5,7598.0,7596.5,7597.75,278
2026-09-14 06:01:00-04:00,7597.5,7597.75,7596.25,7596.75,418
2026-09-14 06:02:00-04:00,7596.75,7598.75,7596.25,7598.0,555
2026-09-14 06:03:00-04:00,7597.75,7598.0,7596.5,7597.0,267
2026-09-14 06:04:00-04:00,7597.25,7598.0,7597.0,7597.25,274
2026-09-14 06:05:00-04:00,7597.5,7598.5,7597.5,7598.5,256
2026-09-14 06:06:00-04:00,7598.75,7599.25,7597.25,7597.25,204
2026-09-14 06:07:00-04:00,7597.25,7597.75,7597.25,7597.75,278
2026-09-14 06:08:00-04:00,7597.75,7598.0,7597.0,7597.25,137
2026-09-14 06:09:00-04:00,7597.25,7598.5,7597.25,7598.25,361
2026-09-14 06:10:00-04:00,7598.25,7598.5,7597.5,7598.25,185
2026-09-14 06:11:00-04:00,7598.25,7599.0,7597.75,7599.0,385
2026-09-14 06:12:00-04:00,7599.0,7600.75,7599.0,7599.75,261
2026-09-14 06:13:00-04:00,7599.75,7600.5,7599.75,7600.0,240
2026-09-14 06:14:00-04:00,7600.0,7600.0,7598.5,7599.25,453
2026-09-14 06:15:00-04:00,7599.5,7599.75,7598.75,7598.75,183
2026-09-14 06:16:00-04:00,7599.0,7599.0,7596.25,7597.25,349
2026-09-14 06:17:00-04:00,7597.5,7597.5,7596.25,7596.75,331
2026-09-14 06:18:00-04:00,7596.75,7597.5,7596.5,7596.75,479
2026-09-14 06:19:00-04:00,7596.75,7597.75,7596.75,7597.75,1125
2026-09-14 06:20:00-04:00,7598.0,7599.75,7597.75,7599.75,180
2026-09-14 06:21:00-04:00,7599.75,7602.25,7599.25,7601.75,698
2026-09-14 06:22:00-04:00,7601.75,7602.5,7601.5,7601.75,233
2026-09-14 06:23:00-04:00,7601.5,7602.25,7601.25,7601.75,297
2026-09-14 06:24:00-04:00,7601.75,7603.25,7601.75,7602.0,229
2026-09-14 06:25:00-04:00,7602.25,7603.0,7602.0,7603.0,226
2026-09-14 06:26:00-04:00,7603.25,7603.25,7602.5,7602.75,206
2026-09-14 06:27:00-04:00,7602.75,7603.25,7602.5,7602.75,184
2026-09-14 06:28:00-04:00,7603.0,7604.5,7602.75,7604.0,414
2026-09-14 06:29:00-04:00,7603.75,7604.0,7603.5,7604.0,311
2026-09-14 06:30:00-04:00,7604.0,7604.5,7603.5,7603.75,83
2026-09-14 06:31:00-04:00,7603.75,7605.0,7603.25,7604.0,276
2026-09-14 06:32:00-04:00,7604.0,7604.0,7603.25,7603.75,253
2026-09-14 06:33:00-04:00,7603.75,7605.5,7603.75,7605.0,118
2026-09-14 06:34:00-04:00,7604.5,7605.5,7604.5,7605.0,99
2026-09-14 06:35:00-04:00,7605.25,7605.75,7605.25,7605.75,66
2026-09-14 06:36:00-04:00,7605.5,7607.25,7605.5,7606.75,244
2026-09-14 06:37:00-04:00,7606.5,7607.25,7606.25,7606.5,174
2026-09-14 06:38:00-04:00,7606.5,7607.0,7606.0,7606.75,145
2026-09-14 06:39:00-04:00,7606.75,7606.75,7605.25,7605.25,360
2026-09-14 06:40:00-04:00,7605.5,7605.75,7605.25,7605.25,974
2026-09-14 06:41:00-04:00,7605.25,7607.75,7605.25,7607.75,88
2026-09-14 06:42:00-04:00,7608.0,7609.0,7608.0,7608.25,172
2026-09-14 06:43:00-04:00,7608.5,7608.5,7607.5,7607.5,149
2026-09-14 06:44:00-04:00,7607.25,7608.25,7606.75,7607.75,1016
2026-09-14 06:45:00-04:00,7607.75,7608.75,7607.5,7608.25,103
2026-09-14 06:46:00-04:00,7608.5,7608.75,7607.5,7608.0,301
2026-09-14 06:47:00-04:00,7608.0,7608.75,7607.5,7608.75,115
2026-09-14 06:48:00-04:00,7608.75,7609.75,7608.5,7609.25,142
2026-09-14 06:49:00-04:00,7609.5,7609.5,7608.5,7608.75,263
2026-09-14 06:50:00-04:00,7609.0,7609.25,7608.75,7609.0,219
2026-09-14 06:51:00-04:00,7609.0,7609.5,7609.0,7609.25,217
2026-09-14 06:52:00-04:00,7609.0,7609.0,7607.5,7608.0,1573
2026-09-14 06:53:00-04:00,7608.25,7608.75,7607.5,7607.5,139
2026-09-14 06:54:00-04:00,7607.25,7607.25,7606.0,7607.0,475
2026-09-14 06:55:00-04:00,7606.75,7608.25,7606.75,7608.25,141
2026-09-14 06:56:00-04:00,7608.5,7609.75,7608.25,7609.75,145
2026-09-14 06:57:00-04:00,7609.75,7610.25,7608.75,7609.0,113
2026-09-14 06:58:00-04:00,7609.0,7610.0,7609.0,7609.75,484
2026-09-14 06:59:00-04:00,7609.75,7610.75,7609.25,7609.25,819
2026-09-14 07:00:00-04:00,7609.25,7609.25,7607.0,7608.5,915
2026-09-14 07:01:00-04:00,7609.0,7610.0,7608.75,7609.5,132
2026-09-14 07:02:00-04:00,7609.5,7611.25,7609.5,7609.75,393
2026-09-14 07:03:00-04:00,7610.0,7610.0,7608.0,7609.75,319
2026-09-14 07:04:00-04:00,7610.0,7612.25,7609.25,7612.0,818
2026-09-14 07:05:00-04:00,7611.75,7612.75,7611.0,7611.25,2591
2026-09-14 07:06:00-04:00,7611.0,7612.75,7611.0,7612.5,172
2026-09-14 07:07:00-04:00,7612.5,7613.0,7611.0,7612.0,353
2026-09-14 07:08:00-04:00,7612.25,7612.25,7611.5,7612.25,274
2026-09-14 07:09:00-04:00,7612.25,7613.0,7611.75,7612.25,221
2026-09-14 07:10:00-04:00,7612.5,7612.5,7609.75,7610.0,225
2026-09-14 07:11:00-04:00,7610.25,7613.5,7610.0,7613.0,272
2026-09-14 07:12:00-04:00,7612.75,7613.75,7612.75,7613.75,333
2026-09-14 07:13:00-04:00,7613.75,7613.75,7613.0,7613.0,799
2026-09-14 07:14:00-04:00,7613.0,7613.5,7611.75,7611.75,299
2026-09-14 07:15:00-04:00,7612.0,7613.25,7612.0,7612.75,321
2026-09-14 07:16:00-04:00,7612.75,7613.5,7612.5,7612.75,255
2026-09-14 07:17:00-04:00,7612.75,7613.75,7612.75,7613.75,669
2026-09-14 07:18:00-04:00,7613.5,7613.75,7613.25,7613.75,263
2026-09-14 07:19:00-04:00,7613.75,7613.75,7613.0,7613.5,694
2026-09-14 07:20:00-04:00,7613.25,7614.75,7613.25,7614.5,447
2026-09-14 07:21:00-04:00,7614.5,7614.5,7612.5,7613.0,2669
2026-09-14 07:22:00-04:00,7613.0,7613.75,7612.75,7613.0,666
2026-09-14 07:23:00-04:00,7613.0,7615.0,7613.0,7614.25,326
2026-09-14 07:24:00-04:00,7614.5,7615.25,7614.5,7615.0,1427
2026-09-14 07:25:00-04:00,7615.0,7615.25,7614.25,7614.75,1734
2026-09-14 07:26:00-04:00,7614.75,7616.25,7614.75,7615.75,457
2026-09-14 07:27:00-04:00,7615.5,7616.25,7615.0,7615.75,317
2026-09-14 07:28:00-04:00,7615.75,7617.25,7615.75,7617.25,291
2026-09-14 07:29:00-04:00,7617.25,7617.5,7616.5,7616.5,2336
2026-09-14 07:30:00-04:00,7616.75,7617.0,7616.25,7617.0,376
2026-09-14 07:31:00-04:00,7617.0,7617.75,7616.5,7616.5,275
2026-09-14 07:32:00-04:00,7616.5,7617.25,7616.0,7616.0,126
2026-09-14 07:33:00-04:00,7616.25,7616.25,7614.75,7615.5,206
2026-09-14 07:34:00-04:00,7615.25,7615.25,7613.0,7613.5,321
2026-09-14 07:35:00-04:00,7613.5,7614.25,7612.75,7612.75,243
2026-09-14 07:36:00-04:00,7612.75,7613.0,7612.5,7613.0,225
2026-09-14 07:37:00-04:00,7612.75,7612.75,7610.5,7612.5,920
2026-09-14 07:38:00-04:00,7612.75,7614.75,7612.25,7614.75,189
2026-09-14 07:39:00-04:00,7614.5,7614.75,7613.0,7614.0,336
2026-09-14 07:40:00-04:00,7614.25,7615.25,7613.5,7614.75,129
2026-09-14 07:41:00-04:00,7615.0,7615.5,7613.75,7614.0,156
2026-09-14 07:42:00-04:00,7614.0,7615.25,7613.75,7615.25,387
2026-09-14 07:43:00-04:00,7615.25,7617.5,7615.25,7616.25,521
2026-09-14 07:44:00-04:00,7616.25,7616.75,7614.75,7615.0,678
2026-09-14 07:45:00-04:00,7615.0,7617.25,7613.75,7616.25,1299
2026-09-14 07:46:00-04:00,7616.0,7616.5,7615.5,7615.75,318
2026-09-14 07:47:00-04:00,7615.5,7616.25,7615.25,7616.0,90
2026-09-14 07:48:00-04:00,7615.75,7616.0,7613.75,7615.0,291
2026-09-14 07:49:00-04:00,7615.0,7616.75,7615.0,7616.0,281
2026-09-14 07:50:00-04:00,7615.75,7616.0,7613.0,7613.25,499
2026-09-14 07:51:00-04:00,7613.25,7614.75,7612.75,7614.5,216
2026-09-14 07:52:00-04:00,7614.25,7614.25,7611.75,7612.75,692
2026-09-14 07:53:00-04:00,7612.5,7613.0,7612.0,7612.25,249
2026-09-14 07:54:00-04:00,7612.25,7613.5,7612.0,7613.25,217
2026-09-14 07:55:00-04:00,7613.5,7614.5,7612.75,7613.75,1228
2026-09-14 07:56:00-04:00,7613.75,7614.0,7611.25,7612.0,257
2026-09-14 07:57:00-04:00,7612.0,7612.75,7611.75,7612.25,281
2026-09-14 07:58:00-04:00,7612.25,7612.25,7611.25,7612.0,130
2026-09-14 07:59:00-04:00,7612.25,7612.25,7611.5,7611.5,172
2026-09-14 08:00:00-04:00,7611.5,7611.75,7609.5,7609.5,502
2026-09-14 08:01:00-04:00,7609.75,7610.25,7608.75,7609.5,998
2026-09-14 08:02:00-04:00,7609.75,7610.25,7608.5,7608.75,373
2026-09-14 08:03:00-04:00,7608.75,7609.25,7608.5,7608.5,285
2026-09-14 08:04:00-04:00,7608.5,7608.5,7606.75,7608.0,911
2026-09-14 08:05:00-04:00,7608.0,7608.25,7606.75,7607.5,344
2026-09-14 08:06:00-04:00,7607.5,7608.25,7606.75,7607.5,453
2026-09-14 08:07:00-04:00,7607.75,7610.25,7607.75,7609.5,1015
2026-09-14 08:08:00-04:00,7609.25,7610.0,7608.5,7608.75,601
2026-09-14 08:09:00-04:00,7608.75,7610.25,7608.75,7610.0,306
2026-09-14 08:10:00-04:00,7609.75,7612.0,7609.75,7611.5,1498
2026-09-14 08:11:00-04:00,7611.75,7612.0,7611.25,7611.5,543
2026-09-14 08:12:00-04:00,7611.25,7612.0,7610.75,7610.75,813
2026-09-14 08:13:00-04:00,7611.0,7611.5,7608.5,7608.5,423
2026-09-14 08:14:00-04:00,7608.75,7610.25,7608.25,7609.75,1485
2026-09-14 08:15:00-04:00,7610.0,7611.75,7609.75,7611.5,452
2026-09-14 08:16:00-04:00,7611.5,7615.0,7609.75,7613.5,2254
2026-09-14 08:17:00-04:00,7613.0,7615.0,7612.75,7614.25,921
2026-09-14 08:18:00-04:00,7614.25,7614.25,7611.25,7611.5,544
2026-09-14 08:19:00-04:00,7611.5,7613.5,7610.0,7610.75,677
2026-09-14 08:20:00-04:00,7611.0,7612.5,7609.5,7609.75,369
2026-09-14 08:21:00-04:00,7610.25,7610.75,7609.5,7610.0,316
2026-09-14 08:22:00-04:00,7610.0,7611.0,7609.75,7610.25,530
2026-09-14 08:23:00-04:00,7610.0,7611.5,7609.0,7611.25,623
2026-09-14 08:24:00-04:00,7611.25,7611.25,7609.5,7610.5,490
2026-09-14 08:25:00-04:00,7610.25,7610.75,7608.5,7608.75,357
2026-09-14 08:26:00-04:00,7608.75,7608.75,7607.5,7608.75,2132
2026-09-14 08:27:00-04:00,7608.75,7609.25,7608.5,7608.75,158
2026-09-14 08:28:00-04:00,7608.5,7609.25,7608.5,7609.0,237
2026-09-14 08:29:00-04:00,7608.75,7610.75,7608.5,7610.0,2613
2026-09-14 08:30:00-04:00,7610.0,7610.75,7608.25,7609.0,1477
2026-09-14 08:31:00-04:00,7609.0,7612.5,7609.0,7611.75,1654
2026-09-14 08:32:00-04:00,7611.75,7611.75,7608.5,7609.25,715
2026-09-14 08:33:00-04:00,7609.0,7609.5,7606.75,7607.0,1670
2026-09-14 08:34:00-04:00,7607.25,7607.5,7606.0,7607.0,1357
2026-09-14 08:35:00-04:00,7607.0,7607.0,7600.0,7600.75,2376
2026-09-14 08:36:00-04:00,7601.0,7602.75,7599.5,7601.75,1616
2026-09-14 08:37:00-04:00,7601.75,7602.0,7599.25,7599.5,779
2026-09-14 08:38:00-04:00,7599.5,7599.5,7596.5,7597.5,3468
2026-09-14 08:39:00-04:00,7597.5,7602.5,7597.5,7601.25,2576
2026-09-14 08:40:00-04:00,7601.25,7603.5,7599.0,7603.0,3209
2026-09-14 08:41:00-04:00,7603.0,7603.0,7597.0,7601.5,1155
2026-09-14 08:42:00-04:00,7601.75,7603.5,7601.5,7603.0,1338
2026-09-14 08:43:00-04:00,7603.25,7607.25,7603.0,7606.25,1256
2026-09-14 08:44:00-04:00,7606.5,7608.25,7606.5,7607.75,1176
2026-09-14 08:45:00-04:00,7607.75,7609.5,7606.5,7607.0,868
2026-09-14 08:46:00-04:00,7606.5,7606.5,7603.75,7604.5,469
2026-09-14 08:47:00-04:00,7604.5,7606.75,7604.5,7606.25,260
2026-09-14 08:48:00-04:00,7606.25,7606.25,7604.5,7605.0,690
2026-09-14 08:49:00-04:00,7604.5,7606.0,7604.25,7606.0,723
2026-09-14 08:50:00-04:00,7606.0,7606.5,7605.5,7606.25,669
2026-09-14 08:51:00-04:00,7606.25,7607.75,7605.25,7605.5,292
2026-09-14 08:52:00-04:00,7605.5,7605.75,7604.75,7605.75,1001
2026-09-14 08:53:00-04:00,7605.75,7605.75,7604.0,7605.25,614
2026-09-14 08:54:00-04:00,7605.0,7605.25,7603.25,7603.75,582
2026-09-14 08:55:00-04:00,7603.5,7604.25,7602.0,7602.0,433
2026-09-14 08:56:00-04:00,7601.75,7602.75,7601.25,7602.25,985
2026-09-14 08:57:00-04:00,7602.25,7603.5,7602.0,7603.25,1551
2026-09-14 08:58:00-04:00,7603.5,7605.5,7602.75,7605.25,1048
2026-09-14 08:59:00-04:00,7605.0,7607.0,7605.0,7606.5,1090
2026-09-14 09:00:00-04:00,7606.5,7606.75,7603.25,7603.75,1693
2026-09-14 09:01:00-04:00,7603.75,7604.0,7602.0,7602.25,715
2026-09-14 09:02:00-04:00,7602.5,7604.0,7602.0,7602.5,1035
2026-09-14 09:03:00-04:00,7602.5,7602.5,7598.75,7599.25,913
2026-09-14 09:04:00-04:00,7599.25,7599.75,7597.75,7598.75,2803
2026-09-14 09:05:00-04:00,7598.75,7602.0,7598.25,7601.25,1186
2026-09-14 09:06:00-04:00,7601.25,7601.25,7598.75,7599.0,951
2026-09-14 09:07:00-04:00,7599.0,7599.0,7596.75,7597.0,2227
2026-09-14 09:08:00-04:00,7597.0,7598.0,7596.5,7597.5,1519
2026-09-14 09:09:00-04:00,7597.5,7599.0,7597.5,7599.0,1371
2026-09-14 09:10:00-04:00,7599.0,7601.0,7598.5,7601.0,969
2026-09-14 09:11:00-04:00,7601.25,7604.5,7601.25,7604.0,1889
2026-09-14 09:12:00-04:00,7604.0,7604.0,7602.25,7602.5,553
2026-09-14 09:13:00-04:00,7602.75,7604.75,7602.75,7604.75,976
2026-09-14 09:14:00-04:00,7604.5,7607.0,7604.5,7606.0,1754
2026-09-14 09:15:00-04:00,7606.0,7606.5,7604.5,7606.0,1589
2026-09-14 09:16:00-04:00,7606.0,7608.0,7605.25,7606.75,1547
2026-09-14 09:17:00-04:00,7606.75,7608.5,7606.75,7607.75,564
2026-09-14 09:18:00-04:00,7608.0,7608.75,7607.25,7608.75,407
2026-09-14 09:19:00-04:00,7608.5,7608.75,7606.5,7607.75,584
2026-09-14 09:20:00-04:00,7607.5,7608.5,7607.0,7607.75,2019
2026-09-14 09:21:00-04:00,7607.5,7609.25,7607.25,7608.5,2416
2026-09-14 09:22:00-04:00,7608.5,7609.25,7608.0,7608.75,589
2026-09-14 09:23:00-04:00,7608.5,7609.0,7607.75,7608.25,855
2026-09-14 09:24:00-04:00,7608.25,7609.0,7607.75,7607.75,1090
2026-09-14 09:25:00-04:00,7607.75,7608.0,7606.5,7607.25,4436
2026-09-14 09:26:00-04:00,7607.0,7608.5,7607.0,7608.25,3125
2026-09-14 09:27:00-04:00,7608.25,7609.0,7606.0,7607.0,995
2026-09-14 09:28:00-04:00,7606.75,7608.0,7605.75,7607.75,1700
2026-09-14 09:29:00-04:00,7607.5,7608.75,7606.0,7606.25,3372
2026-09-14 09:30:00-04:00,7606.5,7608.5,7603.0,7603.75,12533
2026-09-14 09:31:00-04:00,7603.5,7606.75,7602.25,7604.75,9594
2026-09-14 09:32:00-04:00,7604.5,7607.75,7604.0,7606.5,3490
2026-09-14 09:33:00-04:00,7606.75,7607.0,7604.25,7604.25,3531
2026-09-14 09:34:00-04:00,7604.25,7605.25,7603.0,7603.0,5713
2026-09-14 09:35:00-04:00,7603.25,7605.25,7602.25,7604.0,4688
2026-09-14 09:36:00-04:00,7604.0,7604.25,7601.5,7602.0,4798
2026-09-14 09:37:00-04:00,7602.0,7603.75,7601.25,7602.25,5354
2026-09-14 09:38:00-04:00,7602.25,7603.5,7601.0,7602.25,8194
2026-09-14 09:39:00-04:00,7602.0,7603.0,7601.25,7602.0,5148
2026-09-14 09:40:00-04:00,7602.0,7607.0,7601.0,7606.25,13097
2026-09-14 09:41:00-04:00,7606.25,7607.25,7604.75,7607.0,4738
2026-09-14 09:42:00-04:00,7606.75,7609.5,7606.5,7609.0,4050
2026-09-14 09:43:00-04:00,7608.75,7610.25,7608.25,7608.75,4205
2026-09-14 09:44:00-04:00,7608.75,7611.5,7608.75,7610.5,4676
2026-09-14 09:45:00-04:00,7610.5,7613.5,7610.25,7611.25,4654
2026-09-14 09:46:00-04:00,7611.25,7613.25,7611.25,7612.25,8543
2026-09-14 09:47:00-04:00,7612.0,7615.75,7612.0,7615.75,6672
2026-09-14 09:48:00-04:00,7616.0,7618.0,7614.75,7617.75,7784
2026-09-14 09:49:00-04:00,7617.75,7622.25,7617.75,7619.25,7955
2026-09-14 09:50:00-04:00,7619.25,7622.25,7619.25,7620.0,5261
2026-09-14 09:51:00-04:00,7620.0,7620.0,7617.0,7617.25,7642
2026-09-14 09:52:00-04:00,7617.25,7622.25,7617.0,7619.25,6613
2026-09-14 09:53:00-04:00,7619.25,7621.25,7618.25,7620.75,6071
2026-09-14 09:54:00-04:00,7620.75,7620.75,7617.75,7618.0,4386
2026-09-14 09:55:00-04:00,7617.75,7618.5,7615.25,7616.25,5472
2026-09-14 09:56:00-04:00,7616.25,7616.5,7614.5,7616.5,2937
2026-09-14 09:57:00-04:00,7616.25,7617.0,7614.0,7616.5,3926
2026-09-14 09:58:00-04:00,7616.5,7618.25,7613.5,7616.25,6400
2026-09-14 09:59:00-04:00,7616.25,7617.25,7615.5,7615.75,6770
2026-09-14 10:00:00-04:00,7615.75,7619.75,7615.25,7618.75,8262
2026-09-14 10:01:00-04:00,7618.75,7622.0,7617.75,7621.5,6075
2026-09-14 10:02:00-04:00,7621.25,7621.5,7617.5,7617.5,7035
2026-09-14 10:03:00-04:00,7617.75,7620.0,7617.75,7618.75,3860
2026-09-14 10:04:00-04:00,7618.5,7620.75,7618.5,7620.5,4310
2026-09-14 10:05:00-04:00,7620.25,7621.25,7619.0,7619.5,2121
2026-09-14 10:06:00-04:00,7619.5,7624.5,7619.25,7623.25,6364
2026-09-14 10:07:00-04:00,7623.0,7625.5,7622.75,7625.25,8969
2026-09-14 10:08:00-04:00,7625.25,7627.0,7625.0,7625.75,2843
2026-09-14 10:09:00-04:00,7625.75,7626.25,7624.25,7624.75,3754
2026-09-14 10:10:00-04:00,7624.5,7626.25,7622.5,7623.25,3163
2026-09-14 10:11:00-04:00,7623.0,7625.25,7622.75,7623.0,3899
2026-09-14 10:12:00-04:00,7623.0,7623.25,7620.25,7620.75,2994
2026-09-14 10:13:00-04:00,7620.5,7623.0,7620.0,7622.25,2723
2026-09-14 10:14:00-04:00,7622.25,7623.5,7620.25,7620.25,4759
2026-09-14 10:15:00-04:00,7620.25,7622.75,7620.25,7620.25,6157
2026-09-14 10:16:00-04:00,7620.25,7620.75,7618.25,7619.0,2567
2026-09-14 10:17:00-04:00,7619.0,7619.25,7616.5,7616.75,5756
2026-09-14 10:18:00-04:00,7616.75,7617.25,7614.25,7614.5,10301
2026-09-14 10:19:00-04:00,7614.5,7615.0,7613.75,7614.5,5224
2026-09-14 10:20:00-04:00,7614.5,7614.5,7611.0,7611.5,5376
2026-09-14 10:21:00-04:00,7611.5,7611.75,7608.5,7609.0,6705
2026-09-14 10:22:00-04:00,7609.25,7609.75,7607.5,7608.75,3646
2026-09-14 10:23:00-04:00,7608.75,7609.75,7607.25,7608.25,5469
2026-09-14 10:24:00-04:00,7608.25,7608.25,7603.75,7604.0,4333
2026-09-14 10:25:00-04:00,7604.0,7604.5,7601.5,7601.75,6499
2026-09-14 10:26:00-04:00,7602.0,7602.25,7597.75,7599.5,8532
2026-09-14 10:27:00-04:00,7599.25,7601.5,7599.0,7601.0,11786
2026-09-14 10:28:00-04:00,7601.25,7604.25,7600.75,7602.0,12654
2026-09-14 10:29:00-04:00,7602.0,7604.25,7600.25,7604.0,8869
2026-09-14 10:30:00-04:00,7604.0,7605.25,7602.25,7602.5,7949
2026-09-14 10:31:00-04:00,7602.5,7604.25,7601.0,7603.0,4503
2026-09-14 10:32:00-04:00,7603.0,7604.5,7601.75,7604.0,3122
2026-09-14 10:33:00-04:00,7604.25,7605.0,7603.25,7605.0,7446
2026-09-14 10:34:00-04:00,7605.0,7607.0,7605.0,7606.5,12193
2026-09-14 10:35:00-04:00,7606.5,7606.75,7602.0,7602.5,2975
2026-09-14 10:36:00-04:00,7602.5,7603.75,7599.5,7599.5,4933
2026-09-14 10:37:00-04:00,7599.75,7601.0,7599.25,7600.75,7673
2026-09-14 10:38:00-04:00,7600.75,7601.0,7599.0,7600.25,2806
2026-09-14 10:39:00-04:00,7600.25,7601.0,7598.75,7600.75,6662
2026-09-14 10:40:00-04:00,7600.5,7600.5,7597.25,7598.25,4178
2026-09-14 10:41:00-04:00,7598.25,7598.75,7596.75,7597.75,3683
2026-09-14 10:42:00-04:00,7597.75,7601.0,7597.25,7600.25,7317
2026-09-14 10:43:00-04:00,7600.25,7600.5,7598.0,7598.75,4137
2026-09-14 10:44:00-04:00,7598.5,7602.75,7598.25,7602.5,5572
2026-09-14 10:45:00-04:00,7602.75,7605.0,7601.5,7605.0,4272
2026-09-14 10:46:00-04:00,7605.0,7606.5,7603.0,7603.5,3413
2026-09-14 10:47:00-04:00,7603.5,7603.75,7600.5,7601.75,3436
2026-09-14 10:48:00-04:00,7601.75,7603.75,7601.75,7602.75,3471
2026-09-14 10:49:00-04:00,7602.75,7602.75,7600.75,7602.5,3077
2026-09-14 10:50:00-04:00,7602.25,7602.75,7599.0,7600.0,3463
2026-09-14 10:51:00-04:00,7599.75,7601.5,7599.25,7600.5,2842
2026-09-14 10:52:00-04:00,7600.5,7600.5,7597.75,7598.0,2903
2026-09-14 10:53:00-04:00,7598.25,7598.75,7597.0,7597.25,2477
2026-09-14 10:54:00-04:00,7597.0,7598.75,7596.75,7598.0,3288
2026-09-14 10:55:00-04:00,7598.0,7598.25,7595.25,7597.0,7301
2026-09-14 10:56:00-04:00,7596.75,7596.75,7595.25,7596.25,2422
2026-09-14 10:57:00-04:00,7596.25,7599.25,7595.5,7599.0,3738
2026-09-14 10:58:00-04:00,7599.0,7601.0,7598.0,7600.75,4948
2026-09-14 10:59:00-04:00,7600.75,7601.75,7598.75,7601.5,2397
2026-09-14 11:00:00-04:00,7601.5,7601.75,7599.75,7600.75,3325
2026-09-14 11:01:00-04:00,7601.0,7601.0,7597.75,7600.25,5930
2026-09-14 11:02:00-04:00,7600.25,7602.25,7598.75,7599.0,3089
2026-09-14 11:03:00-04:00,7599.0,7601.5,7598.5,7601.25,4468
2026-09-14 11:04:00-04:00,7601.0,7601.25,7597.5,7597.75,2200
2026-09-14 11:05:00-04:00,7597.75,7612.25,7597.5,7606.75,11186
2026-09-14 11:06:00-04:00,7606.75,7615.0,7606.5,7610.25,7112
2026-09-14 11:07:00-04:00,7610.0,7610.75,7605.5,7608.75,2782
2026-09-14 11:08:00-04:00,7608.5,7608.75,7605.5,7607.75,2439
2026-09-14 11:09:00-04:00,7607.5,7609.5,7606.5,7607.25,2220
2026-09-14 11:10:00-04:00,7607.5,7608.25,7606.0,7607.0,1757
2026-09-14 11:11:00-04:00,7607.0,7607.25,7603.75,7604.0,2065
2026-09-14 11:12:00-04:00,7604.0,7605.25,7603.75,7604.0,1534
2026-09-14 11:13:00-04:00,7604.25,7606.0,7603.75,7605.5,1757
2026-09-14 11:14:00-04:00,7605.5,7606.5,7602.0,7602.25,2391
2026-09-14 11:15:00-04:00,7602.0,7604.25,7601.0,7603.75,5279
2026-09-14 11:16:00-04:00,7603.5,7605.75,7601.25,7605.75,4603
2026-09-14 11:17:00-04:00,7605.75,7608.5,7605.25,7606.5,3040
2026-09-14 11:18:00-04:00,7606.25,7607.0,7605.75,7606.25,1818
2026-09-14 11:19:00-04:00,7606.25,7608.0,7606.0,7606.75,2613
2026-09-14 11:20:00-04:00,7606.75,7608.25,7605.75,7607.0,3312
2026-09-14 11:21:00-04:00,7607.0,7608.25,7606.0,7607.25,3686
2026-09-14 11:22:00-04:00,7607.25,7609.25,7606.75,7607.25,9390
2026-09-14 11:23:00-04:00,7607.25,7610.0,7606.75,7609.25,3056
2026-09-14 11:24:00-04:00,7609.0,7611.75,7608.75,7611.5,2655
2026-09-14 11:25:00-04:00,7611.5,7612.5,7609.0,7610.0,2706
2026-09-14 11:26:00-04:00,7610.0,7613.0,7609.5,7613.0,3065
2026-09-14 11:27:00-04:00,7613.25,7615.0,7612.25,7612.25,5320
2026-09-14 11:28:00-04:00,7612.25,7613.75,7612.0,7613.0,6702
2026-09-14 11:29:00-04:00,7613.25,7613.5,7611.75,7612.0,4183
2026-09-14 11:30:00-04:00,7612.0,7613.75,7611.5,7612.5,2834
2026-09-14 11:31:00-04:00,7679.75,7679.75,7678.0,7678.75,33601
2026-09-14 11:32:00-04:00,7678.5,7687.5,7678.0,7685.75,12850
2026-09-14 11:33:00-04:00,7686.0,7689.5,7682.75,7689.25,8324
2026-09-14 11:34:00-04:00,7689.0,7692.5,7688.5,7691.5,7180
2026-09-14 11:35:00-04:00,7691.5,7694.0,7690.25,7690.25,7306
2026-09-14 11:36:00-04:00,7690.5,7691.25,7688.0,7689.5,8383
2026-09-14 11:37:00-04:00,7689.5,7695.0,7689.5,7695.0,7253
2026-09-14 11:38:00-04:00,7694.75,7695.75,7692.75,7695.25,4228
2026-09-14 11:39:00-04:00,7695.5,7696.25,7694.25,7696.0,5865
2026-09-14 11:40:00-04:00,7696.0,7701.5,7693.75,7696.5,11022
2026-09-14 11:41:00-04:00,7696.25,7700.25,7694.0,7700.0,7495
2026-09-14 11:42:00-04:00,7700.0,7702.25,7698.0,7698.5,6016
2026-09-14 11:43:00-04:00,7698.5,7704.0,7698.25,7704.0,7057
2026-09-14 11:44:00-04:00,7703.75,7706.5,7703.75,7705.0,7650
2026-09-14 11:45:00-04:00,7705.25,7705.5,7702.5,7702.5,4931
2026-09-14 11:46:00-04:00,7702.75,7702.75,7700.0,7701.25,3557
2026-09-14 11:47:00-04:00,7701.25,7701.75,7699.5,7700.5,5561
2026-09-14 11:48:00-04:00,7700.75,7702.25,7698.75,7701.75,4027
2026-09-14 11:49:00-04:00,7701.5,7701.75,7698.5,7698.75,4950
2026-09-14 11:50:00-04:00,7698.5,7699.75,7697.0,7698.25,3070
2026-09-14 11:51:00-04:00,7698.0,7699.75,7697.25,7699.5,3458
2026-09-14 11:52:00-04:00,7699.75,7702.25,7699.5,7700.25,6020
2026-09-14 11:53:00-04:00,7700.0,7702.75,7699.25,7702.25,3128
2026-09-14 11:54:00-04:00,7702.25,7703.0,7700.75,7702.5,2948
2026-09-14 11:55:00-04:00,7702.25,7702.5,7701.0,7701.75,6260
2026-09-14 11:56:00-04:00,7701.75,7702.0,7701.0,7701.75,2892
2026-09-14 11:57:00-04:00,7701.75,7703.25,7701.5,7702.75,2663
2026-09-14 11:58:00-04:00,7702.75,7704.5,7702.75,7702.75,3155
2026-09-14 11:59:00-04:00,7702.75,7703.0,7701.5,7702.0,5671
2026-09-14 12:00:00-04:00,7701.75,7703.5,7700.0,7700.25,5883
2026-09-14 12:01:00-04:00,7700.25,7701.0,7698.5,7698.75,5674
2026-09-14 12:02:00-04:00,7698.75,7699.0,7697.5,7698.0,2080
2026-09-14 12:03:00-04:00,7698.25,7700.0,7697.75,7699.25,2737
2026-09-14 12:04:00-04:00,7699.25,7699.5,7697.25,7697.25,5703
2026-09-14 12:05:00-04:00,7697.25,7697.75,7696.25,7697.5,2980
2026-09-14 12:06:00-04:00,7697.5,7699.0,7697.0,7697.5,1705
2026-09-14 12:07:00-04:00,7697.75,7699.25,7697.25,7698.25,5245
2026-09-14 12:08:00-04:00,7698.25,7698.25,7696.0,7697.25,2385
2026-09-14 12:09:00-04:00,7697.25,7698.5,7696.75,7698.0,1618
2026-09-14 12:10:00-04:00,7698.25,7700.25,7697.75,7698.25,5511
2026-09-14 12:11:00-04:00,7698.25,7700.25,7698.0,7699.25,2377
2026-09-14 12:12:00-04:00,7699.25,7701.0,7699.0,7700.25,2701
2026-09-14 12:13:00-04:00,7700.25,7700.25,7699.25,7699.25,2476
2026-09-14 12:14:00-04:00,7699.25,7699.75,7698.25,7698.75,3353
2026-09-14 12:15:00-04:00,7699.0,7705.75,7698.75,7704.75,7138
2026-09-14 12:16:00-04:00,7704.75,7707.5,7704.5,7705.75,7981
2026-09-14 12:17:00-04:00,7705.75,7707.75,7705.0,7707.5,1995
2026-09-14 12:18:00-04:00,7707.5,7709.0,7706.75,7708.25,2790
2026-09-14 12:19:00-04:00,7708.0,7708.75,7707.5,7708.0,2787
2026-09-14 12:20:00-04:00,7708.0,7708.5,7705.25,7706.5,5672
2026-09-14 12:21:00-04:00,7706.5,7706.75,7704.5,7705.0,3306
2026-09-14 12:22:00-04:00,7705.25,7706.25,7704.75,7705.75,2498
2026-09-14 12:23:00-04:00,7705.5,7708.75,7705.25,7708.75,4000
2026-09-14 12:24:00-04:00,7709.0,7710.5,7708.25,7708.25,4619
2026-09-14 12:25:00-04:00,7708.5,7709.25,7705.75,7706.0,3032
2026-09-14 12:26:00-04:00,7706.0,7706.25,7703.75,7703.75,5500
2026-09-14 12:27:00-04:00,7703.5,7705.0,7703.0,7704.75,2858
2026-09-14 12:28:00-04:00,7704.75,7704.75,7703.0,7703.0,1709
2026-09-14 12:29:00-04:00,7703.25,7704.75,7703.25,7704.25,3841
2026-09-14 12:30:00-04:00,7704.25,7705.5,7703.5,7704.5,3470
2026-09-14 12:31:00-04:00,7704.5,7708.75,7704.25,7705.0,8825
2026-09-14 12:32:00-04:00,7705.0,7707.5,7704.25,7705.5,5237
2026-09-14 12:33:00-04:00,7705.5,7706.75,7705.25,7706.25,2858
2026-09-14 12:34:00-04:00,7706.25,7706.75,7703.75,7703.75,2474
2026-09-14 12:35:00-04:00,7703.5,7703.75,7702.25,7703.0,2666
2026-09-14 12:36:00-04:00,7703.0,7703.75,7702.75,7703.25,2489
2026-09-14 12:37:00-04:00,7703.25,7705.0,7703.0,7704.25,1714
2026-09-14 12:38:00-04:00,7704.25,7705.75,7703.75,7704.5,5360
2026-09-14 12:39:00-04:00,7704.25,7705.0,7703.25,7704.75,1522
2026-09-14 12:40:00-04:00,7704.5,7705.5,7703.25,7705.5,2813
2026-09-14 12:41:00-04:00,7705.25,7705.5,7704.0,7705.5,2493
2026-09-14 12:42:00-04:00,7705.5,7705.5,7703.75,7704.75,3594
2026-09-14 12:43:00-04:00,7704.75,7706.5,7704.25,7706.0,12211
2026-09-14 12:44:00-04:00,7705.75,7707.25,7705.0,7707.25,2827
2026-09-14 12:45:00-04:00,7707.25,7707.25,7704.5,7705.5,2960
2026-09-14 12:46:00-04:00,7705.5,7706.25,7705.0,7705.75,2585
2026-09-14 12:47:00-04:00,7706.0,7713.25,7705.5,7711.0,12498
2026-09-14 12:48:00-04:00,7711.0,7718.75,7710.5,7717.5,10004
2026-09-14 12:49:00-04:00,7717.5,7719.25,7715.75,7717.0,7468
2026-09-14 12:50:00-04:00,7717.0,7717.5,7715.25,7716.25,4573
2026-09-14 12:51:00-04:00,7716.5,7718.25,7715.5,7718.0,4134
2026-09-14 12:52:00-04:00,7718.0,7719.75,7716.75,7719.0,4727
2026-09-14 12:53:00-04:00,7719.0,7719.0,7717.0,7717.0,5477
2026-09-14 12:54:00-04:00,7717.25,7717.25,7714.5,7714.75,3747
2026-09-14 12:55:00-04:00,7715.0,7715.25,7714.0,7714.5,3842
2026-09-14 12:56:00-04:00,7714.25,7714.75,7712.25,7712.5,2911
2026-09-14 12:57:00-04:00,7712.5,7713.0,7710.75,7711.5,3718
2026-09-14 12:58:00-04:00,7711.25,7711.5,7709.5,7710.25,2987
2026-09-14 12:59:00-04:00,7710.0,7713.0,7710.0,7713.0,2125
2026-09-14 13:00:00-04:00,7713.0,7714.75,7711.75,7714.25,2481
2026-09-14 13:01:00-04:00,7714.0,7714.25,7711.25,7711.5,2162
2026-09-14 13:02:00-04:00,7711.5,7712.75,7710.75,7711.0,3054
2026-09-14 13:03:00-04:00,7711.0,7711.5,7709.25,7710.25,1634
2026-09-14 13:04:00-04:00,7710.25,7711.25,7710.0,7710.75,2409
2026-09-14 13:05:00-04:00,7710.75,7711.0,7709.75,7710.5,3512
2026-09-14 13:06:00-04:00,7710.5,7712.25,7710.5,7710.75,1444
2026-09-14 13:07:00-04:00,7710.75,7711.0,7709.0,7709.0,1274
2026-09-14 13:08:00-04:00,7709.25,7709.25,7708.0,7709.0,3661
2026-09-14 13:09:00-04:00,7709.0,7709.25,7707.5,7708.5,1629
2026-09-14 13:10:00-04:00,7708.5,7709.5,7707.75,7708.5,1993
2026-09-14 13:11:00-04:00,7708.5,7711.25,7708.25,7710.0,2526
2026-09-14 13:12:00-04:00,7710.0,7712.5,7709.75,7710.0,8208
2026-09-14 13:13:00-04:00,7709.75,7710.5,7707.25,7707.75,1889
2026-09-14 13:14:00-04:00,7707.5,7708.25,7705.5,7705.5,4458
2026-09-14 13:15:00-04:00,7705.75,7706.0,7704.75,7705.75,2820
2026-09-14 13:16:00-04:00,7705.75,7706.75,7704.75,7705.5,2743
2026-09-14 13:17:00-04:00,7705.5,7706.5,7704.75,7705.0,3170
2026-09-14 13:18:00-04:00,7705.25,7705.25,7703.0,7704.5,1983
2026-09-14 13:19:00-04:00,7704.75,7705.25,7704.0,7704.5,2067
2026-09-14 13:20:00-04:00,7704.5,7707.5,7704.25,7706.75,6379
2026-09-14 13:21:00-04:00,7706.5,7706.5,7704.5,7705.75,1231
2026-09-14 13:22:00-04:00,7705.75,7707.75,7705.5,7707.5,1286
2026-09-14 13:23:00-04:00,7707.5,7708.25,7706.75,7707.0,3828
2026-09-14 13:24:00-04:00,7707.0,7707.75,7706.5,7707.0,1199
2026-09-14 13:25:00-04:00,7707.0,7709.0,7706.25,7706.5,1900
2026-09-14 13:26:00-04:00,7706.5,7707.75,7705.75,7707.75,4132
2026-09-14 13:27:00-04:00,7707.75,7708.0,7706.0,7707.75,1733
2026-09-14 13:28:00-04:00,7708.0,7709.75,7707.0,7709.25,2009
2026-09-14 13:29:00-04:00,7709.25,7711.25,7708.5,7711.25,2071
2026-09-14 13:30:00-04:00,7711.25,7712.25,7709.25,7712.25,2191
2026-09-14 13:31:00-04:00,7712.0,7712.5,7710.5,7710.75,3458
2026-09-14 13:32:00-04:00,7710.75,7712.75,7710.75,7711.5,4212
2026-09-14 13:33:00-04:00,7711.5,7711.75,7709.0,7710.0,2583
2026-09-14 13:34:00-04:00,7710.0,7710.75,7709.5,7710.75,1456
2026-09-14 13:35:00-04:00,7710.75,7711.25,7709.25,7709.5,2194
2026-09-14 13:36:00-04:00,7709.5,7711.0,7709.5,7710.25,4192
2026-09-14 13:37:00-04:00,7710.25,7711.25,7709.75,7711.25,5195
2026-09-14 13:38:00-04:00,7711.25,7712.75,7711.25,7711.75,7672
2026-09-14 13:39:00-04:00,7712.0,7712.5,7711.75,7712.5,2711
2026-09-14 13:40:00-04:00,7712.25,7712.5,7711.0,7712.0,1789
2026-09-14 13:41:00-04:00,7711.75,7711.75,7709.5,7709.75,1922
2026-09-14 13:42:00-04:00,7709.75,7710.75,7709.25,7709.75,1955
2026-09-14 13:43:00-04:00,7709.5,7711.0,7709.25,7711.0,2418
2026-09-14 13:44:00-04:00,7711.0,7711.5,7709.75,7710.25,2434
2026-09-14 13:45:00-04:00,7710.25,7711.5,7709.5,7710.0,1608
2026-09-14 13:46:00-04:00,7710.0,7711.0,7709.75,7710.25,2202
2026-09-14 13:47:00-04:00,7710.25,7711.75,7710.25,7711.5,2633
2026-09-14 13:48:00-04:00,7711.75,7712.5,7711.25,7712.0,1706
2026-09-14 13:49:00-04:00,7712.0,7712.25,7710.75,7710.75,3049
2026-09-14 13:50:00-04:00,7710.75,7711.5,7709.75,7710.0,7543
2026-09-14 13:51:00-04:00,7710.25,7711.25,7710.25,7710.75,1193
2026-09-14 13:52:00-04:00,7710.75,7712.75,7710.75,7712.5,1761
2026-09-14 13:53:00-04:00,7712.25,7712.5,7711.0,7711.25,1511
2026-09-14 13:54:00-04:00,7711.5,7712.5,7711.25,7712.0,2020
2026-09-14 13:55:00-04:00,7712.0,7712.5,7711.0,7711.75,1995
2026-09-14 13:56:00-04:00,7712.0,7712.5,7711.5,7711.75,1942
2026-09-14 13:57:00-04:00,7711.75,7712.0,7710.0,7710.5,2128
2026-09-14 13:58:00-04:00,7710.75,7710.75,7708.5,7708.5,3041
2026-09-14 13:59:00-04:00,7708.75,7708.75,7707.5,7707.5,2358
2026-09-14 14:00:00-04:00,7707.5,7712.25,7707.5,7708.5,4541
2026-09-14 14:01:00-04:00,7708.5,7709.0,7707.75,7709.0,1571
2026-09-14 14:02:00-04:00,7708.75,7709.5,7708.0,7708.25,1815
2026-09-14 14:03:00-04:00,7708.5,7708.5,7706.0,7706.25,2551
2026-09-14 14:04:00-04:00,7706.5,7707.25,7706.0,7706.5,3354
2026-09-14 14:05:00-04:00,7706.5,7707.0,7705.25,7706.75,1658
2026-09-14 14:06:00-04:00,7706.75,7707.5,7706.25,7706.25,1059
2026-09-14 14:07:00-04:00,7706.25,7708.5,7706.25,7708.0,2217
2026-09-14 14:08:00-04:00,7708.0,7710.25,7708.0,7709.5,1524
2026-09-14 14:09:00-04:00,7709.5,7709.75,7708.25,7708.5,1101
2026-09-14 14:10:00-04:00,7708.5,7708.75,7707.5,7708.5,1232
2026-09-14 14:11:00-04:00,7708.25,7708.75,7707.0,7707.0,1877
2026-09-14 14:12:00-04:00,7706.75,7707.0,7706.25,7706.5,3423
2026-09-14 14:13:00-04:00,7706.75,7706.75,7705.75,7706.0,4748
2026-09-14 14:14:00-04:00,7706.0,7707.5,7706.0,7707.5,1344
2026-09-14 14:15:00-04:00,7707.75,7709.0,7707.0,7708.25,1685
2026-09-14 14:16:00-04:00,7708.25,7708.25,7706.75,7707.5,1642
2026-09-14 14:17:00-04:00,7707.5,7707.5,7706.25,7706.75,1760
2026-09-14 14:18:00-04:00,7706.75,7707.0,7706.0,7706.25,1785
2026-09-14 14:19:00-04:00,7706.25,7707.25,7706.25,7706.75,1227
2026-09-14 14:20:00-04:00,7706.75,7707.5,7706.5,7706.75,2144
2026-09-14 14:21:00-04:00,7706.75,7707.25,7705.75,7706.0,4877
2026-09-14 14:22:00-04:00,7706.0,7706.25,7705.5,7706.0,2227
2026-09-14 14:23:00-04:00,7706.25,7706.5,7705.25,7705.5,1016
2026-09-14 14:24:00-04:00,7705.25,7706.25,7705.25,7705.5,1228
2026-09-14 14:25:00-04:00,7705.5,7706.0,7705.0,7705.75,4811
2026-09-14 14:26:00-04:00,7705.75,7706.25,7705.0,7705.5,1928
2026-09-14 14:27:00-04:00,7705.5,7705.75,7704.0,7704.25,1990
2026-09-14 14:28:00-04:00,7704.25,7704.25,7703.25,7703.5,2244
2026-09-14 14:29:00-04:00,7703.5,7704.75,7703.5,7704.5,1956
2026-09-14 14:30:00-04:00,7704.75,7705.75,7704.25,7704.75,2021
2026-09-14 14:31:00-04:00,7704.75,7705.0,7704.0,7704.25,1861
2026-09-14 14:32:00-04:00,7704.25,7705.5,7704.25,7705.0,1067
2026-09-14 14:33:00-04:00,7705.25,7707.5,7705.0,7706.75,1871
2026-09-14 14:34:00-04:00,7707.0,7708.0,7706.5,7706.5,1405
2026-09-14 14:35:00-04:00,7706.5,7707.5,7706.25,7707.25,2909
2026-09-14 14:36:00-04:00,7707.25,7708.5,7707.0,7707.5,1303
2026-09-14 14:37:00-04:00,7707.5,7709.25,7707.5,7708.25,1453
2026-09-14 14:38:00-04:00,7708.25,7708.5,7707.75,7708.25,2553
2026-09-14 14:39:00-04:00,7708.25,7708.25,7707.5,7707.5,964
2026-09-14 14:40:00-04:00,7707.5,7708.25,7706.5,7708.25,1139
2026-09-14 14:41:00-04:00,7708.25,7709.25,7708.0,7708.5,1288
2026-09-14 14:42:00-04:00,7708.5,7709.25,7707.75,7708.75,3615
2026-09-14 14:43:00-04:00,7708.75,7709.5,7708.5,7708.75,1137
2026-09-14 14:44:00-04:00,7708.75,7709.0,7707.75,7707.75,1216
2026-09-14 14:45:00-04:00,7707.75,7708.75,7707.75,7708.25,930
2026-09-14 14:46:00-04:00,7708.0,7708.5,7705.25,7706.25,3143
2026-09-14 14:47:00-04:00,7706.0,7707.5,7705.5,7707.25,3417
2026-09-14 14:48:00-04:00,7707.5,7709.5,7707.0,7709.25,3322
2026-09-14 14:49:00-04:00,7709.25,7709.75,7708.75,7709.5,1095
2026-09-14 14:50:00-04:00,7709.25,7709.75,7708.25,7708.75,1486
2026-09-14 14:51:00-04:00,7709.0,7709.25,7707.5,7708.0,1422
2026-09-14 14:52:00-04:00,7708.0,7709.0,7708.0,7709.0,1220
2026-09-14 14:53:00-04:00,7709.0,7709.0,7707.75,7708.5,1768
2026-09-14 14:54:00-04:00,7708.5,7708.5,7707.25,7707.5,850
2026-09-14 14:55:00-04:00,7707.5,7708.25,7706.75,7708.25,1425
2026-09-14 14:56:00-04:00,7708.0,7709.0,7708.0,7708.75,1920
2026-09-14 14:57:00-04:00,7708.5,7708.75,7707.0,7707.0,2978
2026-09-14 14:58:00-04:00,7707.0,7707.0,7705.25,7705.75,1896
2026-09-14 14:59:00-04:00,7705.75,7706.0,7705.5,7705.5,1911
2026-09-14 15:00:00-04:00,7705.5,7706.5,7704.0,7705.0,2385
2026-09-14 15:01:00-04:00,7705.0,7705.0,7703.5,7704.0,1988
2026-09-14 15:02:00-04:00,7704.0,7704.5,7703.75,7703.75,1726
2026-09-14 15:03:00-04:00,7703.5,7704.75,7703.5,7704.25,1928
2026-09-14 15:04:00-04:00,7704.25,7705.25,7703.0,7703.5,4925
2026-09-14 15:05:00-04:00,7703.75,7704.25,7702.25,7702.5,2381
2026-09-14 15:06:00-04:00,7702.5,7703.25,7701.75,7701.75,2341
2026-09-14 15:07:00-04:00,7701.75,7702.75,7701.75,7702.0,1668
2026-09-14 15:08:00-04:00,7701.75,7702.25,7700.5,7702.25,2208
2026-09-14 15:09:00-04:00,7702.25,7704.25,7702.0,7703.0,2374
2026-09-14 15:10:00-04:00,7702.75,7703.75,7702.75,7703.5,4056
2026-09-14 15:11:00-04:00,7703.5,7703.75,7702.75,7703.25,1892
2026-09-14 15:12:00-04:00,7703.25,7705.0,7703.25,7704.25,6641
2026-09-14 15:13:00-04:00,7704.25,7704.75,7703.75,7703.75,1486
2026-09-14 15:14:00-04:00,7703.75,7705.75,7703.75,7704.75,2556
2026-09-14 15:15:00-04:00,7704.75,7705.0,7702.5,7703.25,1848
2026-09-14 15:16:00-04:00,7703.25,7703.75,7703.0,7703.25,2894
2026-09-14 15:17:00-04:00,7703.0,7703.5,7702.5,7703.5,1092
2026-09-14 15:18:00-04:00,7703.5,7703.75,7703.0,7703.25,1343
2026-09-14 15:19:00-04:00,7703.25,7703.75,7702.25,7703.25,2831
2026-09-14 15:20:00-04:00,7703.25,7704.0,7702.5,7702.5,1754
2026-09-14 15:21:00-04:00,7702.5,7703.25,7701.75,7702.0,2268
2026-09-14 15:22:00-04:00,7702.0,7702.0,7700.75,7701.75,1958
2026-09-14 15:23:00-04:00,7701.5,7701.75,7701.0,7701.5,1675
2026-09-14 15:24:00-04:00,7701.5,7703.0,7701.25,7702.75,2194
2026-09-14 15:25:00-04:00,7702.5,7703.5,7701.5,7701.75,1926
2026-09-14 15:26:00-04:00,7701.5,7702.5,7701.5,7702.25,1412
2026-09-14 15:27:00-04:00,7702.25,7703.0,7701.75,7702.0,2380
2026-09-14 15:28:00-04:00,7701.75,7702.75,7701.75,7702.5,1362
2026-09-14 15:29:00-04:00,7702.25,7703.25,7701.75,7702.0,2418
2026-09-14 15:30:00-04:00,7701.75,7704.0,7701.5,7702.75,2459
2026-09-14 15:31:00-04:00,7702.75,7704.0,7702.75,7703.25,1562
2026-09-14 15:32:00-04:00,7703.25,7704.0,7702.5,7703.0,2688
2026-09-14 15:33:00-04:00,7702.75,7703.25,7702.0,7702.5,2825
2026-09-14 15:34:00-04:00,7702.25,7702.75,7701.25,7702.0,1664
2026-09-14 15:35:00-04:00,7702.0,7702.25,7700.25,7700.75,2280
2026-09-14 15:36:00-04:00,7700.75,7701.0,7700.25,7700.75,4881
2026-09-14 15:37:00-04:00,7700.75,7701.5,7700.25,7700.75,2756
2026-09-14 15:38:00-04:00,7700.75,7701.5,7700.75,7701.25,4608
2026-09-14 15:39:00-04:00,7701.0,7701.25,7700.75,7700.75,2680
2026-09-14 15:40:00-04:00,7700.75,7702.0,7700.5,7701.75,2552
2026-09-14 15:41:00-04:00,7701.5,7701.75,7700.75,7701.0,1660
2026-09-14 15:42:00-04:00,7701.0,7701.25,7700.5,7700.75,2886
2026-09-14 15:43:00-04:00,7700.5,7701.0,7700.25,7700.5,2541
2026-09-14 15:44:00-04:00,7700.25,7701.0,7700.0,7700.5,2560
2026-09-14 15:45:00-04:00,7700.5,7701.75,7700.25,7701.75,4284
2026-09-14 15:46:00-04:00,7701.75,7703.0,7701.75,7702.0,2054
2026-09-14 15:47:00-04:00,7702.0,7702.75,7701.25,7702.0,2110
2026-09-14 15:48:00-04:00,7701.75,7702.0,7701.0,7701.5,1887
2026-09-14 15:49:00-04:00,7701.5,7702.0,7700.5,7702.0,5540
2026-09-14 15:50:00-04:00,7701.75,7703.25,7698.5,7699.0,7686
2026-09-14 15:51:00-04:00,7699.0,7699.0,7698.0,7698.75,3603
2026-09-14 15:52:00-04:00,7698.5,7699.75,7697.0,7697.75,4855
2026-09-14 15:53:00-04:00,7697.5,7697.75,7695.5,7697.0,3778
2026-09-14 15:54:00-04:00,7696.75,7697.75,7696.75,7697.25,4681
2026-09-14 15:55:00-04:00,7697.25,7697.25,7692.5,7694.5,9875
2026-09-14 15:56:00-04:00,7694.25,7695.75,7693.75,7694.5,5997
2026-09-14 15:57:00-04:00,7694.5,7696.75,7693.5,7696.25,6053
2026-09-14 15:58:00-04:00,7696.25,7698.25,7695.25,7696.0,9696
2026-09-14 15:59:00-04:00,7696.0,7696.25,7691.25,7692.5,67490
2026-09-14 16:00:00-04:00,7692.5,7694.75,7691.75,7692.0,14667
2026-09-14 16:01:00-04:00,7691.75,7692.5,7690.75,7691.5,4201
2026-09-14 16:02:00-04:00,7691.5,7691.5,7690.5,7690.75,3461
2026-09-14 16:03:00-04:00,7690.75,7691.5,7690.5,7691.25,792
2026-09-14 16:04:00-04:00,7691.25,7692.5,7691.0,7692.25,1235
2026-09-14 16:05:00-04:00,7692.25,7692.25,7690.75,7691.5,1479
2026-09-14 16:06:00-04:00,7691.25,7691.5,7690.75,7691.25,1041
2026-09-14 16:07:00-04:00,7691.25,7692.5,7691.25,7692.0,636
2026-09-14 16:08:00-04:00,7692.25,7692.25,7691.0,7691.25,743
2026-09-14 16:09:00-04:00,7691.25,7691.75,7691.0,7691.25,760
2026-09-14 16:10:00-04:00,7691.0,7692.0,7690.75,7691.75,638
2026-09-14 16:11:00-04:00,7691.5,7692.0,7691.25,7692.0,697
2026-09-14 16:12:00-04:00,7692.0,7692.5,7691.5,7692.5,1085
2026-09-14 16:13:00-04:00,7692.75,7693.0,7692.0,7692.75,1983
2026-09-14 16:14:00-04:00,7692.75,7693.0,7692.0,7692.25,896
2026-09-14 16:15:00-04:00,7692.25,7692.5,7691.0,7691.0,526
2026-09-14 16:16:00-04:00,7691.0,7691.25,7689.5,7690.0,1679
2026-09-14 16:17:00-04:00,7690.0,7691.0,7689.75,7690.75,596
2026-09-14 16:18:00-04:00,7690.75,7691.5,7690.5,7691.0,651
2026-09-14 16:19:00-04:00,7690.75,7692.0,7690.75,7692.0,468
2026-09-14 16:20:00-04:00,7692.25,7693.25,7692.25,7693.25,368
2026-09-14 16:21:00-04:00,7693.0,7693.75,7693.0,7693.25,251
2026-09-14 16:22:00-04:00,7693.25,7693.75,7693.25,7693.5,622
2026-09-14 16:23:00-04:00,7693.75,7694.0,7693.5,7693.5,144
2026-09-14 16:24:00-04:00,7693.75,7694.75,7693.5,7694.5,150
2026-09-14 16:25:00-04:00,7694.5,7695.0,7694.25,7694.75,209
2026-09-14 16:26:00-04:00,7694.75,7694.75,7694.0,7694.5,243
2026-09-14 16:27:00-04:00,7694.75,7695.0,7694.5,7694.75,138
2026-09-14 16:28:00-04:00,7695.0,7695.25,7694.75,7695.25,247
2026-09-14 16:29:00-04:00,7695.0,7695.75,7695.0,7695.5,183
2026-09-14 16:30:00-04:00,7695.5,7695.75,7695.0,7695.25,461
2026-09-14 16:31:00-04:00,7695.0,7695.25,7694.25,7694.25,210
2026-09-14 16:32:00-04:00,7694.5,7694.5,7694.0,7694.0,177
2026-09-14 16:33:00-04:00,7694.25,7694.75,7694.25,7694.75,273
2026-09-14 16:34:00-04:00,7694.5,7695.0,7694.25,7694.75,414
2026-09-14 16:35:00-04:00,7694.75,7695.25,7694.25,7695.25,385
2026-09-14 16:36:00-04:00,7695.0,7695.0,7694.5,7694.5,235
2026-09-14 16:37:00-04:00,7694.5,7695.0,7694.5,7695.0,140
2026-09-14 16:38:00-04:00,7695.0,7695.25,7694.75,7695.0,172
2026-09-14 16:39:00-04:00,7695.25,7695.75,7695.0,7695.0,180
2026-09-14 16:40:00-04:00,7695.0,7695.75,7695.0,7695.5,466
2026-09-14 16:41:00-04:00,7695.5,7695.75,7695.0,7695.0,258
2026-09-14 16:42:00-04:00,7695.0,7695.0,7694.75,7694.75,151
2026-09-14 16:43:00-04:00,7695.0,7695.25,7694.75,7695.25,657
2026-09-14 16:44:00-04:00,7695.0,7695.25,7695.0,7695.0,233
2026-09-14 16:45:00-04:00,7695.0,7696.0,7695.0,7695.75,296
2026-09-14 16:46:00-04:00,7695.75,7696.0,7695.5,7696.0,205
2026-09-14 16:47:00-04:00,7696.0,7697.0,7696.0,7697.0,157
2026-09-14 16:48:00-04:00,7696.75,7698.0,7696.75,7697.75,334
2026-09-14 16:49:00-04:00,7697.75,7698.0,7697.5,7698.0,320
2026-09-14 16:50:00-04:00,7698.0,7698.5,7697.5,7698.25,691
2026-09-14 16:51:00-04:00,7698.25,7699.25,7698.25,7698.75,218
2026-09-14 16:52:00-04:00,7698.75,7699.0,7698.25,7698.5,183
2026-09-14 16:53:00-04:00,7698.75,7699.0,7698.5,7698.75,598
2026-09-14 16:54:00-04:00,7699.0,7699.0,7698.75,7699.0,432
2026-09-14 16:55:00-04:00,7699.25,7699.25,7698.75,7699.0,459
2026-09-14 16:56:00-04:00,7699.0,7699.25,7698.25,7698.25,195
2026-09-14 16:57:00-04:00,7698.25,7700.0,7698.25,7699.75,295
2026-09-14 16:58:00-04:00,7700.0,7700.0,7699.25,7699.75,333
2026-09-14 16:59:00-04:00,7699.75,7700.25,7699.5,7700.0,335
2026-09-14 18:00:00-04:00,7699.25,7700.25,7696.0,7697.0,0
2026-09-14 18:01:00-04:00,7697.25,7698.0,7696.75,7697.0,99
2026-09-14 18:02:00-04:00,7697.25,7698.0,7697.0,7697.5,71
2026-09-14 18:03:00-04:00,7697.25,7698.0,7696.75,7697.5,55
2026-09-14 18:04:00-04:00,7697.75,7698.0,7696.75,7698.0,112
2026-09-14 18:05:00-04:00,7697.75,7697.75,7695.5,7695.75,142
2026-09-14 18:06:00-04:00,7696.0,7697.5,7695.75,7696.75,105
2026-09-14 18:07:00-04:00,7697.0,7697.0,7696.0,7696.0,82
2026-09-14 18:08:00-04:00,7696.25,7697.0,7696.25,7696.75,56
2026-09-14 18:09:00-04:00,7696.75,7696.75,7695.75,7696.0,118
2026-09-14 18:10:00-04:00,7696.25,7696.75,7696.25,7696.75,55
2026-09-14 18:11:00-04:00,7696.75,7696.75,7696.0,7696.0,118
2026-09-14 18:12:00-04:00,7696.0,7696.75,7696.0,7696.75,56
2026-09-14 18:13:00-04:00,7696.75,7697.0,7696.5,7696.75,38
2026-09-14 18:14:00-04:00,7696.5,7696.75,7696.5,7696.75,33
2026-09-14 18:15:00-04:00,7696.75,7697.5,7696.75,7697.0,121
2026-09-14 18:16:00-04:00,7696.75,7696.75,7696.0,7696.0,72
2026-09-14 18:17:00-04:00,7696.25,7696.25,7695.0,7696.0,233
2026-09-14 18:18:00-04:00,7696.0,7696.5,7695.5,7696.25,79
2026-09-14 18:19:00-04:00,7696.5,7696.75,7696.25,7696.25,40
2026-09-14 18:20:00-04:00,7696.5,7696.75,7696.0,7696.25,114
2026-09-14 18:21:00-04:00,7696.0,7696.5,7696.0,7696.5,13
2026-09-14 18:22:00-04:00,7696.5,7696.5,7696.25,7696.5,14
2026-09-14 18:23:00-04:00,7696.5,7696.5,7696.25,7696.25,59
2026-09-14 18:24:00-04:00,7696.0,7696.25,7696.0,7696.25,41
2026-09-14 18:25:00-04:00,7696.25,7696.25,7695.75,7696.0,13
2026-09-14 18:26:00-04:00,7696.0,7696.0,7695.0,7695.0,42
2026-09-14 18:27:00-04:00,7695.25,7695.75,7695.0,7695.25,61
2026-09-14 18:28:00-04:00,7695.25,7695.5,7695.0,7695.5,33
2026-09-14 18:29:00-04:00,7695.75,7696.5,7695.75,7696.25,43
2026-09-14 18:30:00-04:00,7696.5,7696.75,7696.25,7696.75,68
2026-09-14 18:31:00-04:00,7696.75,7697.0,7696.75,7697.0,88
2026-09-14 18:32:00-04:00,7697.0,7697.25,7696.75,7697.25,53
2026-09-14 18:33:00-04:00,7697.0,7697.25,7696.75,7697.0,84
2026-09-14 18:34:00-04:00,7697.0,7697.25,7697.0,7697.0,12
2026-09-14 18:35:00-04:00,7697.0,7697.0,7697.0,7697.0,14
2026-09-14 18:36:00-04:00,7697.0,7697.0,7696.5,7696.75,63
2026-09-14 18:37:00-04:00,7697.0,7697.25,7696.75,7697.0,72
2026-09-14 18:38:00-04:00,7696.75,7696.75,7696.25,7696.5,16
2026-09-14 18:39:00-04:00,7696.5,7696.5,7696.25,7696.25,10
2026-09-14 18:40:00-04:00,7696.25,7696.25,7695.75,7696.0,30
2026-09-14 18:41:00-04:00,7696.0,7696.0,7695.75,7695.75,10
2026-09-14 18:42:00-04:00,7695.5,7696.25,7695.5,7696.0,34
2026-09-14 18:43:00-04:00,7696.0,7696.0,7696.0,7696.0,8
2026-09-14 18:44:00-04:00,7696.0,7696.0,7695.5,7695.5,31
2026-09-14 18:45:00-04:00,7695.75,7696.5,7695.75,7696.5,36
2026-09-14 18:46:00-04:00,7696.75,7696.75,7696.5,7696.5,11
2026-09-14 18:47:00-04:00,7696.75,7697.25,7696.75,7697.0,39
2026-09-14 18:48:00-04:00,7696.75,7696.75,7696.75,7696.75,10
2026-09-14 18:49:00-04:00,7697.0,7697.5,7697.0,7697.5,25
2026-09-14 18:50:00-04:00,7697.5,7698.0,7697.5,7698.0,31
2026-09-14 18:51:00-04:00,7698.0,7698.5,7698.0,7698.25,77
2026-09-14 18:52:00-04:00,7698.5,7698.5,7698.25,7698.5,42
2026-09-14 18:53:00-04:00,7698.25,7698.25,7697.5,7698.0,93
2026-09-14 18:54:00-04:00,7698.0,7698.25,7697.5,7697.75,39
2026-09-14 18:55:00-04:00,7697.75,7697.75,7697.5,7697.5,33
2026-09-14 18:56:00-04:00,7697.5,7697.75,7697.5,7697.5,18
2026-09-14 18:57:00-04:00,7697.25,7697.5,7697.25,7697.5,20
2026-09-14 18:58:00-04:00,7697.5,7697.5,7696.75,7697.25,42
2026-09-14 18:59:00-04:00,7697.0,7697.25,7696.75,7696.75,61
2026-09-14 19:00:00-04:00,7696.75,7697.0,7695.75,7696.25,120
2026-09-14 19:01:00-04:00,7696.25,7696.25,7695.75,7696.0,34
2026-09-14 19:02:00-04:00,7696.0,7696.25,7694.75,7695.75,132
2026-09-14 19:03:00-04:00,7695.75,7696.25,7695.75,7696.0,35
2026-09-14 19:04:00-04:00,7695.75,7696.0,7695.75,7696.0,9
2026-09-14 19:05:00-04:00,7696.0,7696.0,7695.5,7695.75,19
2026-09-14 19:06:00-04:00,7695.75,7695.75,7695.25,7695.25,13
2026-09-14 19:07:00-04:00,7695.25,7695.75,7695.25,7695.75,13
2026-09-14 19:08:00-04:00,7695.75,7696.25,7695.75,7696.25,17
2026-09-14 19:09:00-04:00,7696.25,7696.25,7696.0,7696.25,17
2026-09-14 19:10:00-04:00,7696.25,7696.25,7696.0,7696.0,26
2026-09-14 19:11:00-04:00,7696.0,7696.5,7696.0,7696.25,31
2026-09-14 19:12:00-04:00,7696.5,7697.0,7696.5,7697.0,22
2026-09-14 19:13:00-04:00,7697.0,7697.5,7697.0,7697.25,46
2026-09-14 19:14:00-04:00,7697.0,7697.25,7697.0,7697.0,72
2026-09-14 19:15:00-04:00,7697.0,7697.25,7697.0,7697.0,35
2026-09-14 19:16:00-04:00,7697.0,7697.0,7696.0,7696.25,58
2026-09-14 19:17:00-04:00,7696.25,7696.5,7695.75,7695.75,66
2026-09-14 19:18:00-04:00,7695.5,7696.25,7695.5,7695.75,84
2026-09-14 19:19:00-04:00,7695.5,7695.5,7694.75,7695.0,66
2026-09-14 19:20:00-04:00,7695.0,7695.0,7694.5,7695.0,62
2026-09-14 19:21:00-04:00,7695.0,7695.5,7695.0,7695.5,67
2026-09-14 19:22:00-04:00,7695.5,7695.75,7695.5,7695.75,125
2026-09-14 19:23:00-04:00,7695.75,7696.5,7695.75,7696.5,66
2026-09-14 19:24:00-04:00,7696.25,7696.25,7696.25,7696.25,50
2026-09-14 19:25:00-04:00,7696.0,7696.0,7696.0,7696.0,44
2026-09-14 19:26:00-04:00,7696.0,7696.75,7696.0,7696.75,29
2026-09-14 19:27:00-04:00,7696.75,7696.75,7696.0,7696.0,16
2026-09-14 19:28:00-04:00,7696.25,7696.25,7696.0,7696.0,25
2026-09-14 19:29:00-04:00,7695.75,7695.75,7695.0,7695.0,201
2026-09-14 19:30:00-04:00,7695.0,7695.5,7694.75,7695.25,86
2026-09-14 19:31:00-04:00,7695.25,7696.0,7695.25,7695.75,252
2026-09-14 19:32:00-04:00,7696.0,7696.25,7695.75,7696.0,56
2026-09-14 19:33:00-04:00,7695.75,7695.75,7695.5,7695.5,13
2026-09-14 19:34:00-04:00,7695.5,7695.5,7694.75,7695.5,70
2026-09-14 19:35:00-04:00,7695.75,7696.0,7695.75,7696.0,41
2026-09-14 19:36:00-04:00,7696.0,7696.0,7695.75,7696.0,36
2026-09-14 19:37:00-04:00,7696.0,7696.0,7695.5,7695.5,59
2026-09-14 19:38:00-04:00,7695.5,7696.5,7695.5,7696.5,43
2026-09-14 19:39:00-04:00,7696.25,7696.75,7696.25,7696.5,39
2026-09-14 19:40:00-04:00,7696.5,7697.0,7696.5,7697.0,43
2026-09-14 19:41:00-04:00,7696.75,7697.0,7696.0,7696.5,54
2026-09-14 19:42:00-04:00,7696.25,7696.75,7696.25,7696.5,22
2026-09-14 19:43:00-04:00,7696.25,7696.25,7695.25,7695.75,58
2026-09-14 19:44:00-04:00,7696.0,7696.0,7695.75,7696.0,27
2026-09-14 19:45:00-04:00,7696.25,7696.25,7694.75,7695.5,163
2026-09-14 19:46:00-04:00,7695.75,7696.75,7695.5,7696.0,132
2026-09-14 19:47:00-04:00,7696.25,7696.25,7695.0,7695.5,73
2026-09-14 19:48:00-04:00,7695.25,7695.5,7695.25,7695.25,48
2026-09-14 19:49:00-04:00,7695.5,7695.75,7695.25,7695.5,20
2026-09-14 19:50:00-04:00,7695.5,7695.5,7695.25,7695.5,82
2026-09-14 19:51:00-04:00,7695.25,7695.5,7695.25,7695.5,34
2026-09-14 19:52:00-04:00,7695.25,7695.25,7694.25,7694.25,118
2026-09-14 19:53:00-04:00,7694.25,7694.5,7694.0,7694.5,211
2026-09-14 19:54:00-04:00,7694.5,7694.75,7694.25,7694.75,53
2026-09-14 19:55:00-04:00,7694.75,7695.25,7694.75,7695.0,65
2026-09-14 19:56:00-04:00,7695.0,7696.25,7695.0,7695.5,152
2026-09-14 19:57:00-04:00,7695.25,7695.25,7694.75,7695.0,81
2026-09-14 19:58:00-04:00,7695.0,7696.5,7695.0,7696.25,246
2026-09-14 19:59:00-04:00,7696.25,7696.25,7695.5,7696.0,113
2026-09-14 20:00:00-04:00,7696.0,7697.5,7695.25,7696.25,913
2026-09-14 20:01:00-04:00,7696.25,7696.25,7694.75,7694.75,160
2026-09-14 20:02:00-04:00,7694.75,7695.25,7693.5,7693.75,139
2026-09-14 20:03:00-04:00,7693.75,7694.0,7693.25,7694.0,143
2026-09-14 20:04:00-04:00,7693.75,7694.75,7693.75,7694.0,85
2026-09-14 20:05:00-04:00,7694.25,7694.5,7692.0,7693.25,182
2026-09-14 20:06:00-04:00,7693.25,7694.0,7692.0,7692.25,229
2026-09-14 20:07:00-04:00,7692.5,7695.0,7692.25,7694.75,122
2026-09-14 20:08:00-04:00,7694.75,7696.5,7694.75,7696.0,136
2026-09-14 20:09:00-04:00,7696.0,7696.75,7695.75,7696.25,179
2026-09-14 20:10:00-04:00,7696.25,7696.25,7695.0,7695.25,90
2026-09-14 20:11:00-04:00,7695.25,7695.5,7694.0,7695.0,165
2026-09-14 20:12:00-04:00,7694.75,7695.75,7694.75,7695.0,94
2026-09-14 20:13:00-04:00,7695.0,7696.5,7695.0,7696.0,53
2026-09-14 20:14:00-04:00,7696.0,7696.5,7695.75,7696.0,62
2026-09-14 20:15:00-04:00,7696.0,7696.0,7694.75,7695.25,90
2026-09-14 20:16:00-04:00,7695.0,7695.25,7693.25,7693.5,163
2026-09-14 20:17:00-04:00,7693.5,7694.0,7692.75,7693.25,159
2026-09-14 20:18:00-04:00,7693.5,7693.5,7692.75,7693.0,126
2026-09-14 20:19:00-04:00,7693.25,7694.5,7693.0,7694.0,124
2026-09-14 20:20:00-04:00,7693.75,7694.5,7692.75,7694.5,163
2026-09-14 20:21:00-04:00,7694.5,7695.25,7694.25,7694.75,76
2026-09-14 20:22:00-04:00,7694.75,7695.25,7694.75,7695.0,51
2026-09-14 20:23:00-04:00,7695.0,7695.5,7694.75,7695.25,100
2026-09-14 20:24:00-04:00,7695.0,7696.25,7694.75,7696.25,83
2026-09-14 20:25:00-04:00,7696.25,7696.5,7695.75,7696.25,239
2026-09-14 20:26:00-04:00,7696.25,7696.5,7695.75,7695.75,195
2026-09-14 20:27:00-04:00,7696.0,7696.25,7694.5,7694.5,70
2026-09-14 20:28:00-04:00,7694.5,7695.0,7694.5,7695.0,42
2026-09-14 20:29:00-04:00,7695.0,7695.5,7694.75,7694.75,71
2026-09-14 20:30:00-04:00,7695.0,7695.25,7694.75,7695.0,52
2026-09-14 20:31:00-04:00,7695.0,7695.75,7695.0,7695.25,77
2026-09-14 20:32:00-04:00,7695.5,7695.5,7694.5,7695.0,70
2026-09-14 20:33:00-04:00,7695.0,7695.25,7694.75,7695.25,60
2026-09-14 20:34:00-04:00,7695.0,7695.0,7694.25,7694.25,115
2026-09-14 20:35:00-04:00,7694.25,7695.0,7694.0,7695.0,80
2026-09-14 20:36:00-04:00,7695.25,7696.75,7695.25,7696.5,115
2026-09-14 20:37:00-04:00,7696.5,7696.5,7695.75,7696.0,65
2026-09-14 20:38:00-04:00,7696.0,7696.5,7696.0,7696.25,43
2026-09-14 20:39:00-04:00,7696.0,7697.5,7696.0,7697.25,131
2026-09-14 20:40:00-04:00,7697.5,7698.75,7697.5,7698.75,150
2026-09-14 20:41:00-04:00,7698.5,7699.0,7698.5,7698.75,91
2026-09-14 20:42:00-04:00,7698.75,7699.75,7698.75,7699.75,178
2026-09-14 20:43:00-04:00,7699.75,7700.25,7699.5,7699.75,129
2026-09-14 20:44:00-04:00,7699.75,7700.0,7698.75,7699.5,160
2026-09-14 20:45:00-04:00,7699.5,7699.5,7698.75,7698.75,71
2026-09-14 20:46:00-04:00,7698.75,7698.75,7697.5,7697.75,166
2026-09-14 20:47:00-04:00,7697.75,7698.0,7697.25,7697.25,71
2026-09-14 20:48:00-04:00,7697.5,7698.0,7697.25,7697.5,58
2026-09-14 20:49:00-04:00,7697.25,7699.0,7697.25,7698.75,104
2026-09-14 20:50:00-04:00,7698.5,7699.75,7698.5,7699.5,142
2026-09-14 20:51:00-04:00,7699.5,7699.5,7698.75,7699.0,106
2026-09-14 20:52:00-04:00,7699.0,7700.5,7699.0,7700.0,114
2026-09-14 20:53:00-04:00,7700.0,7700.25,7699.75,7700.0,154
2026-09-14 20:54:00-04:00,7700.0,7700.0,7699.0,7699.5,93
2026-09-14 20:55:00-04:00,7699.5,7700.0,7699.25,7700.0,81
2026-09-14 20:56:00-04:00,7700.0,7700.0,7699.0,7699.25,95
2026-09-14 20:57:00-04:00,7699.25,7699.25,7698.75,7699.0,135
2026-09-14 20:58:00-04:00,7699.0,7699.0,7697.25,7697.5,125
2026-09-14 20:59:00-04:00,7697.5,7698.0,7697.5,7697.75,46
2026-09-14 21:00:00-04:00,7697.5,7697.75,7696.25,7696.5,181
2026-09-14 21:01:00-04:00,7696.75,7698.25,7696.75,7697.75,178
2026-09-14 21:02:00-04:00,7697.75,7697.75,7696.25,7697.5,89
2026-09-14 21:03:00-04:00,7697.5,7699.5,7697.25,7699.5,144
2026-09-14 21:04:00-04:00,7699.5,7700.75,7699.5,7700.0,137
2026-09-14 21:05:00-04:00,7699.75,7699.75,7698.75,7698.75,116
2026-09-14 21:06:00-04:00,7698.75,7699.25,7697.25,7697.75,90
2026-09-14 21:07:00-04:00,7697.75,7698.5,7697.5,7697.75,66
2026-09-14 21:08:00-04:00,7698.0,7699.25,7698.0,7699.25,122
2026-09-14 21:09:00-04:00,7699.5,7699.75,7698.5,7698.75,122
2026-09-14 21:10:00-04:00,7698.5,7699.0,7698.5,7699.0,50
2026-09-14 21:11:00-04:00,7699.25,7699.75,7699.0,7699.5,53
2026-09-14 21:12:00-04:00,7699.75,7700.5,7699.75,7699.75,76
2026-09-14 21:13:00-04:00,7700.0,7700.0,7699.5,7699.75,48
2026-09-14 21:14:00-04:00,7699.75,7700.5,7699.5,7700.25,113
2026-09-14 21:15:00-04:00,7700.25,7700.5,7700.0,7700.25,51
2026-09-14 21:16:00-04:00,7700.5,7701.0,7700.25,7701.0,299
2026-09-14 21:17:00-04:00,7700.75,7700.75,7700.25,7700.5,131
2026-09-14 21:18:00-04:00,7700.5,7700.75,7699.75,7700.0,105
2026-09-14 21:19:00-04:00,7700.25,7700.5,7700.25,7700.25,53
2026-09-14 21:20:00-04:00,7700.0,7700.5,7699.75,7700.0,97
2026-09-14 21:21:00-04:00,7700.0,7700.0,7699.75,7700.0,48
2026-09-14 21:22:00-04:00,7700.25,7700.25,7699.75,7700.0,37
2026-09-14 21:23:00-04:00,7699.75,7699.75,7699.5,7699.5,147
2026-09-14 21:24:00-04:00,7699.5,7700.0,7699.5,7700.0,41
2026-09-14 21:25:00-04:00,7699.75,7700.0,7699.75,7699.75,114
2026-09-14 21:26:00-04:00,7699.75,7699.75,7699.0,7699.0,62
2026-09-14 21:27:00-04:00,7699.25,7699.25,7698.5,7698.5,211
2026-09-14 21:28:00-04:00,7698.5,7698.75,7698.0,7698.0,65
2026-09-14 21:29:00-04:00,7698.0,7698.0,7697.75,7698.0,94
2026-09-14 21:30:00-04:00,7698.25,7698.25,7697.5,7697.5,175
2026-09-14 21:31:00-04:00,7697.5,7698.25,7697.0,7698.25,190
2026-09-14 21:32:00-04:00,7698.0,7698.0,7697.0,7697.5,83
2026-09-14 21:33:00-04:00,7697.75,7698.25,7697.0,7697.5,106
2026-09-14 21:34:00-04:00,7697.25,7697.25,7695.25,7695.25,223
2026-09-14 21:35:00-04:00,7695.25,7695.5,7694.25,7694.25,355
2026-09-14 21:36:00-04:00,7694.25,7694.75,7693.75,7693.75,130
2026-09-14 21:37:00-04:00,7693.75,7694.0,7693.0,7693.5,164
2026-09-14 21:38:00-04:00,7693.5,7694.75,7693.25,7694.25,146
2026-09-14 21:39:00-04:00,7694.25,7695.0,7693.5,7694.25,113
2026-09-14 21:40:00-04:00,7694.25,7694.25,7690.75,7691.25,639
2026-09-14 21:41:00-04:00,7691.25,7691.25,7690.75,7690.75,140
2026-09-14 21:42:00-04:00,7690.75,7691.5,7690.0,7691.5,375
2026-09-14 21:43:00-04:00,7691.5,7692.25,7691.25,7692.0,74
2026-09-14 21:44:00-04:00,7692.0,7692.5,7691.75,7692.0,155
2026-09-14 21:45:00-04:00,7692.0,7692.25,7690.75,7691.5,103
2026-09-14 21:46:00-04:00,7691.75,7692.0,7691.0,7691.5,65
2026-09-14 21:47:00-04:00,7691.75,7692.25,7691.5,7691.75,131
2026-09-14 21:48:00-04:00,7691.75,7692.25,7691.75,7692.0,80
2026-09-14 21:49:00-04:00,7692.25,7693.5,7691.75,7693.5,149
2026-09-14 21:50:00-04:00,7693.5,7693.5,7691.5,7692.0,223
2026-09-14 21:51:00-04:00,7691.75,7691.75,7690.75,7691.25,105
2026-09-14 21:52:00-04:00,7691.0,7692.5,7690.5,7692.5,82
2026-09-14 21:53:00-04:00,7692.75,7695.0,7692.75,7695.0,170
2026-09-14 21:54:00-04:00,7695.0,7695.0,7693.5,7693.5,156
2026-09-14 21:55:00-04:00,7693.25,7694.75,7693.25,7694.75,203
2026-09-14 21:56:00-04:00,7694.75,7694.75,7693.25,7693.75,104
2026-09-14 21:57:00-04:00,7693.75,7694.0,7693.25,7693.25,66
2026-09-14 21:58:00-04:00,7693.25,7693.5,7692.75,7693.0,174
2026-09-14 21:59:00-04:00,7693.0,7693.5,7692.75,7693.5,62
2026-09-14 22:00:00-04:00,7693.25,7693.75,7692.75,7693.0,127
2026-09-14 22:01:00-04:00,7693.0,7695.0,7693.0,7694.75,103
2026-09-14 22:02:00-04:00,7694.75,7695.25,7694.5,7695.0,238
2026-09-14 22:03:00-04:00,7695.0,7695.0,7693.5,7693.75,145
2026-09-14 22:04:00-04:00,7693.75,7694.5,7693.5,7694.5,50
2026-09-14 22:05:00-04:00,7694.75,7694.75,7693.75,7693.75,102
2026-09-14 22:06:00-04:00,7693.75,7693.75,7692.75,7693.25,116
2026-09-14 22:07:00-04:00,7693.25,7694.0,7693.25,7693.25,272
2026-09-14 22:08:00-04:00,7693.25,7694.0,7693.0,7693.75,96
2026-09-14 22:09:00-04:00,7693.75,7694.25,7693.25,7694.0,37
2026-09-14 22:10:00-04:00,7694.0,7694.25,7693.5,7693.5,32
2026-09-14 22:11:00-04:00,7693.5,7694.0,7693.25,7693.75,54
2026-09-14 22:12:00-04:00,7693.75,7694.5,7693.5,7693.5,72
2026-09-14 22:13:00-04:00,7693.75,7694.0,7693.25,7693.5,81
2026-09-14 22:14:00-04:00,7693.5,7693.75,7693.25,7693.5,63
2026-09-14 22:15:00-04:00,7693.5,7693.5,7692.25,7693.25,76
2026-09-14 22:16:00-04:00,7693.5,7693.5,7693.0,7693.25,39
2026-09-14 22:17:00-04:00,7693.25,7693.25,7692.75,7692.75,23
2026-09-14 22:18:00-04:00,7693.0,7693.0,7692.25,7692.75,41
2026-09-14 22:19:00-04:00,7692.5,7692.75,7692.0,7692.0,54
2026-09-14 22:20:00-04:00,7692.25,7692.75,7692.25,7692.75,40
2026-09-14 22:21:00-04:00,7692.75,7692.75,7691.5,7691.5,129
2026-09-14 22:22:00-04:00,7691.5,7692.0,7691.5,7692.0,72
2026-09-14 22:23:00-04:00,7692.25,7692.5,7692.0,7692.0,54
2026-09-14 22:24:00-04:00,7692.0,7693.0,7692.0,7692.75,90
2026-09-14 22:25:00-04:00,7692.75,7693.25,7692.75,7693.0,45
2026-09-14 22:26:00-04:00,7693.25,7693.5,7692.5,7692.5,53
2026-09-14 22:27:00-04:00,7692.75,7693.0,7692.75,7692.75,40
2026-09-14 22:28:00-04:00,7692.5,7692.75,7692.25,7692.5,29
2026-09-14 22:29:00-04:00,7692.5,7692.75,7692.25,7692.5,52
2026-09-14 22:30:00-04:00,7692.5,7692.5,7692.0,7692.25,143
2026-09-14 22:31:00-04:00,7692.5,7693.5,7692.25,7692.5,125
2026-09-14 22:32:00-04:00,7692.5,7692.5,7691.75,7691.75,72
2026-09-14 22:33:00-04:00,7692.0,7692.0,7691.75,7691.75,75
2026-09-14 22:34:00-04:00,7692.0,7692.75,7692.0,7692.25,89
2026-09-14 22:35:00-04:00,7692.0,7692.75,7691.75,7692.0,100
2026-09-14 22:36:00-04:00,7692.0,7692.75,7691.5,7692.75,126
2026-09-14 22:37:00-04:00,7692.75,7692.75,7690.75,7691.0,134
2026-09-14 22:38:00-04:00,7691.0,7691.5,7690.75,7691.0,114
2026-09-14 22:39:00-04:00,7691.0,7691.5,7690.5,7691.5,713
2026-09-14 22:40:00-04:00,7691.5,7691.75,7691.5,7691.5,737
2026-09-14 22:41:00-04:00,7691.75,7692.0,7691.25,7691.25,37
2026-09-14 22:42:00-04:00,7691.25,7691.5,7690.0,7690.75,99
2026-09-14 22:43:00-04:00,7691.0,7691.75,7690.75,7691.75,72
2026-09-14 22:44:00-04:00,7691.75,7692.0,7690.5,7690.5,230
2026-09-14 22:45:00-04:00,7690.5,7691.25,7690.5,7691.0,81
2026-09-14 22:46:00-04:00,7690.5,7690.75,7690.5,7690.75,82
2026-09-14 22:47:00-04:00,7690.5,7690.75,7690.0,7690.5,59
2026-09-14 22:48:00-04:00,7690.5,7691.25,7690.5,7691.0,78
2026-09-14 22:49:00-04:00,7691.0,7691.75,7691.0,7691.5,451
2026-09-14 22:50:00-04:00,7691.5,7691.75,7690.75,7690.75,77
2026-09-14 22:51:00-04:00,7691.0,7691.25,7689.75,7690.25,197
2026-09-14 22:52:00-04:00,7690.5,7691.5,7690.25,7691.5,44
2026-09-14 22:53:00-04:00,7691.25,7691.5,7691.0,7691.25,29
2026-09-14 22:54:00-04:00,7691.75,7691.75,7690.5,7691.25,127
2026-09-14 22:55:00-04:00,7691.25,7691.5,7691.0,7691.5,65
2026-09-14 22:56:00-04:00,7691.5,7692.0,7691.25,7692.0,114
2026-09-14 22:57:00-04:00,7692.0,7692.0,7691.0,7691.25,70
2026-09-14 22:58:00-04:00,7691.25,7691.25,7690.5,7690.75,88
2026-09-14 22:59:00-04:00,7690.75,7691.0,7690.25,7690.5,103
2026-09-14 23:00:00-04:00,7690.25,7691.75,7690.0,7691.75,422
2026-09-14 23:01:00-04:00,7691.5,7691.5,7691.25,7691.25,83
2026-09-14 23:02:00-04:00,7691.25,7691.5,7690.75,7690.75,108
2026-09-14 23:03:00-04:00,7690.75,7691.0,7690.5,7690.5,47
2026-09-14 23:04:00-04:00,7690.25,7690.5,7689.5,7689.75,161
2026-09-14 23:05:00-04:00,7690.0,7690.0,7689.25,7689.5,166
2026-09-14 23:06:00-04:00,7689.5,7689.5,7688.5,7689.0,282
2026-09-14 23:07:00-04:00,7688.75,7689.0,7688.5,7688.75,212
2026-09-14 23:08:00-04:00,7689.0,7689.0,7688.5,7688.75,121
2026-09-14 23:09:00-04:00,7688.5,7689.0,7688.5,7688.5,37
2026-09-14 23:10:00-04:00,7688.25,7688.5,7688.25,7688.5,131
2026-09-14 23:11:00-04:00,7688.25,7688.5,7687.75,7688.0,180
2026-09-14 23:12:00-04:00,7688.25,7688.5,7688.0,7688.5,107
2026-09-14 23:13:00-04:00,7688.75,7689.0,7688.5,7689.0,59
2026-09-14 23:14:00-04:00,7688.75,7689.25,7688.75,7688.75,77
2026-09-14 23:15:00-04:00,7688.75,7689.25,7688.25,7689.0,117
2026-09-14 23:16:00-04:00,7689.0,7689.0,7688.0,7688.0,99
2026-09-14 23:17:00-04:00,7688.0,7688.25,7688.0,7688.25,36
2026-09-14 23:18:00-04:00,7688.25,7688.75,7688.25,7688.5,112
2026-09-14 23:19:00-04:00,7688.5,7688.75,7688.0,7688.0,48
2026-09-14 23:20:00-04:00,7688.0,7688.25,7687.75,7688.0,55
2026-09-14 23:21:00-04:00,7688.25,7688.5,7688.0,7688.25,215
2026-09-14 23:22:00-04:00,7688.25,7688.5,7688.25,7688.5,42
2026-09-14 23:23:00-04:00,7688.25,7688.25,7687.75,7688.0,65
2026-09-14 23:24:00-04:00,7688.0,7688.0,7688.0,7688.0,19
2026-09-14 23:25:00-04:00,7688.0,7688.0,7687.75,7687.75,61
2026-09-14 23:26:00-04:00,7687.75,7688.0,7687.25,7687.75,110
2026-09-14 23:27:00-04:00,7688.0,7688.25,7687.75,7688.0,153
2026-09-14 23:28:00-04:00,7688.0,7688.0,7687.75,7688.0,105
2026-09-14 23:29:00-04:00,7688.0,7688.25,7687.5,7688.0,91
2026-09-14 23:30:00-04:00,7688.0,7688.0,7687.0,7688.0,172
2026-09-14 23:31:00-04:00,7688.0,7688.0,7687.5,7687.5,56
2026-09-14 23:32:00-04:00,7687.5,7688.5,7687.5,7687.75,262
2026-09-14 23:33:00-04:00,7688.0,7688.5,7688.0,7688.0,56
2026-09-14 23:34:00-04:00,7688.0,7688.0,7687.75,7688.0,50
2026-09-14 23:35:00-04:00,7688.25,7688.75,7688.25,7688.75,42
2026-09-14 23:36:00-04:00,7688.5,7688.75,7687.75,7687.75,71
2026-09-14 23:37:00-04:00,7687.5,7688.0,7687.25,7687.5,53
2026-09-14 23:38:00-04:00,7687.5,7687.75,7687.25,7687.75,46
2026-09-14 23:39:00-04:00,7687.75,7688.0,7687.5,7687.5,35
2026-09-14 23:40:00-04:00,7687.5,7687.75,7687.25,7687.75,33
2026-09-14 23:41:00-04:00,7687.75,7687.75,7687.25,7687.25,37
2026-09-14 23:42:00-04:00,7687.5,7687.75,7687.25,7687.5,85
2026-09-14 23:43:00-04:00,7687.5,7687.5,7687.5,7687.5,29
2026-09-14 23:44:00-04:00,7687.25,7687.75,7687.0,7687.75,72
2026-09-14 23:45:00-04:00,7687.75,7688.5,7687.25,7687.5,122
2026-09-14 23:46:00-04:00,7687.5,7687.5,7686.5,7686.75,88
2026-09-14 23:47:00-04:00,7686.5,7687.25,7686.5,7686.5,283
2026-09-14 23:48:00-04:00,7686.5,7686.5,7685.75,7686.0,312
2026-09-14 23:49:00-04:00,7686.0,7686.5,7685.75,7686.5,165
2026-09-14 23:50:00-04:00,7686.5,7686.5,7685.75,7685.75,238
2026-09-14 23:51:00-04:00,7686.0,7686.25,7685.75,7686.0,276
2026-09-14 23:52:00-04:00,7685.75,7686.25,7685.5,7685.75,236
2026-09-14 23:53:00-04:00,7685.75,7686.25,7685.5,7686.0,152
2026-09-14 23:54:00-04:00,7686.0,7686.0,7683.0,7683.25,997
2026-09-14 23:55:00-04:00,7683.25,7683.5,7682.5,7683.0,292
2026-09-14 23:56:00-04:00,7683.0,7683.25,7682.0,7682.0,109
2026-09-14 23:57:00-04:00,7682.0,7682.25,7681.75,7682.25,79
2026-09-14 23:58:00-04:00,7682.25,7682.25,7681.75,7682.25,41
2026-09-15 00:09:00-04:00,7682.0,7682.0,7681.75,7682.0,22
2026-09-15 00:10:00-04:00,7682.0,7682.75,7682.0,7682.0,53
2026-09-15 00:11:00-04:00,7681.75,7681.75,7681.0,7681.25,49
2026-09-15 00:12:00-04:00,7681.0,7681.5,7680.5,7681.0,118
2026-09-15 00:13:00-04:00,7681.0,7681.5,7680.5,7680.5,80
2026-09-15 00:14:00-04:00,7680.5,7681.0,7680.25,7680.5,79
2026-09-15 00:15:00-04:00,7680.5,7681.0,7679.5,7680.5,179
2026-09-15 00:16:00-04:00,7680.5,7680.5,7680.0,7680.25,154
2026-09-15 00:17:00-04:00,7680.0,7680.5,7679.75,7680.25,70
2026-09-15 00:18:00-04:00,7680.25,7680.5,7679.75,7680.0,80
2026-09-15 00:19:00-04:00,7680.0,7680.25,7679.5,7679.75,175
2026-09-15 00:20:00-04:00,7680.0,7680.25,7679.5,7680.0,187
2026-09-15 00:21:00-04:00,7679.75,7679.75,7678.25,7678.25,392
2026-09-15 00:22:00-04:00,7678.25,7678.5,7677.5,7678.25,226
2026-09-15 00:23:00-04:00,7678.25,7678.25,7677.5,7677.5,168
2026-09-15 00:24:00-04:00,7677.5,7677.5,7676.5,7677.0,129
2026-09-15 00:25:00-04:00,7677.0,7677.25,7676.25,7676.5,193
2026-09-15 00:26:00-04:00,7676.5,7676.5,7675.75,7675.75,162
2026-09-15 00:27:00-04:00,7675.75,7676.0,7675.5,7675.5,156
2026-09-15 00:28:00-04:00,7675.5,7675.75,7675.0,7675.25,355
2026-09-15 00:29:00-04:00,7675.25,7675.75,7674.25,7675.5,482
2026-09-15 00:30:00-04:00,7675.75,7676.5,7675.25,7675.75,274
2026-09-15 00:31:00-04:00,7675.5,7676.75,7675.5,7676.25,160
2026-09-15 00:32:00-04:00,7676.5,7676.5,7675.5,7675.75,95
2026-09-15 00:33:00-04:00,7675.75,7675.75,7674.75,7674.75,108
2026-09-15 00:34:00-04:00,7675.0,7675.5,7675.0,7675.5,167
2026-09-15 00:35:00-04:00,7675.75,7675.75,7675.0,7675.0,89
2026-09-15 00:36:00-04:00,7675.0,7675.0,7673.75,7674.5,300
2026-09-15 00:37:00-04:00,7674.25,7674.25,7671.75,7672.0,320
2026-09-15 00:38:00-04:00,7672.0,7673.25,7672.0,7673.0,143
2026-09-15 00:39:00-04:00,7673.25,7674.0,7673.0,7673.25,205
2026-09-15 00:40:00-04:00,7673.5,7674.0,7673.0,7673.75,156
2026-09-15 00:41:00-04:00,7673.75,7675.75,7673.75,7675.5,347
2026-09-15 00:42:00-04:00,7675.5,7676.75,7675.5,7676.5,299
2026-09-15 00:43:00-04:00,7676.5,7677.0,7676.0,7676.25,171
2026-09-15 00:44:00-04:00,7676.25,7676.25,7675.25,7675.75,110
2026-09-15 00:45:00-04:00,7675.5,7675.75,7674.25,7675.0,123
2026-09-15 00:46:00-04:00,7674.75,7675.0,7674.25,7674.75,74
2026-09-15 00:47:00-04:00,7674.5,7675.5,7674.25,7675.5,82
2026-09-15 00:48:00-04:00,7675.25,7676.75,7675.25,7676.75,83
2026-09-15 00:49:00-04:00,7676.75,7676.75,7674.75,7675.0,301
2026-09-15 00:50:00-04:00,7674.75,7675.0,7672.5,7672.75,198
2026-09-15 00:51:00-04:00,7673.0,7673.25,7672.0,7672.0,171
2026-09-15 00:52:00-04:00,7672.25,7672.25,7671.25,7671.25,132
2026-09-15 00:53:00-04:00,7671.25,7671.5,7670.75,7671.5,516
2026-09-15 00:54:00-04:00,7671.75,7672.75,7671.75,7672.25,405
2026-09-15 00:55:00-04:00,7672.25,7672.25,7671.25,7671.75,183
2026-09-15 00:56:00-04:00,7671.75,7671.75,7670.0,7670.5,234
2026-09-15 00:57:00-04:00,7670.5,7671.0,7670.5,7670.5,168
2026-09-15 00:58:00-04:00,7670.25,7670.75,7670.25,7670.5,58
2026-09-15 00:59:00-04:00,7670.75,7670.75,7668.75,7669.0,153
2026-09-15 01:00:00-04:00,7668.75,7671.25,7668.75,7670.75,255
2026-09-15 01:01:00-04:00,7670.75,7671.0,7670.0,7670.25,94
2026-09-15 01:02:00-04:00,7670.0,7670.5,7669.0,7669.25,253
2026-09-15 01:03:00-04:00,7669.25,7669.75,7668.75,7669.0,114
2026-09-15 01:04:00-04:00,7669.0,7669.5,7668.75,7669.0,54
2026-09-15 01:05:00-04:00,7669.0,7670.0,7669.0,7669.25,174
2026-09-15 01:06:00-04:00,7669.25,7669.5,7668.5,7668.5,126
2026-09-15 01:07:00-04:00,7668.75,7669.25,7667.75,7668.0,417
2026-09-15 01:08:00-04:00,7668.25,7668.25,7666.75,7667.0,215
2026-09-15 01:09:00-04:00,7666.75,7667.5,7666.0,7666.0,249
2026-09-15 01:10:00-04:00,7666.0,7666.25,7665.5,7665.75,161
2026-09-15 01:11:00-04:00,7666.0,7666.75,7665.5,7665.5,182
2026-09-15 01:12:00-04:00,7665.75,7665.75,7664.75,7664.75,257
2026-09-15 01:13:00-04:00,7664.75,7666.5,7664.75,7665.75,336
2026-09-15 01:14:00-04:00,7665.75,7666.0,7665.25,7665.75,154
2026-09-15 01:15:00-04:00,7665.5,7665.5,7664.0,7664.25,273
2026-09-15 01:16:00-04:00,7664.25,7665.0,7663.5,7664.5,208
2026-09-15 01:17:00-04:00,7664.5,7665.0,7663.75,7663.75,128
2026-09-15 01:18:00-04:00,7664.0,7665.5,7664.0,7665.25,161
2026-09-15 01:19:00-04:00,7665.25,7665.25,7663.0,7664.25,134
2026-09-15 01:20:00-04:00,7664.25,7666.0,7664.0,7665.0,119
2026-09-15 01:21:00-04:00,7665.25,7665.5,7663.75,7664.5,86
2026-09-15 01:22:00-04:00,7664.25,7665.25,7663.75,7664.75,215
2026-09-15 01:23:00-04:00,7665.0,7665.0,7664.5,7665.0,95
2026-09-15 01:24:00-04:00,7665.25,7665.75,7664.5,7665.0,185
2026-09-15 01:25:00-04:00,7665.0,7665.25,7664.5,7664.75,138
2026-09-15 01:26:00-04:00,7665.0,7665.75,7664.75,7665.5,50
2026-09-15 01:27:00-04:00,7665.5,7667.0,7665.5,7667.0,79
2026-09-15 01:28:00-04:00,7667.0,7668.0,7666.5,7668.0,153
2026-09-15 01:29:00-04:00,7668.25,7669.0,7668.0,7668.25,157
2026-09-15 01:30:00-04:00,7668.0,7668.5,7667.5,7668.25,191
2026-09-15 01:31:00-04:00,7668.0,7668.25,7667.0,7668.0,90
2026-09-15 01:32:00-04:00,7668.0,7668.5,7667.75,7668.5,146
2026-09-15 01:33:00-04:00,7668.5,7670.0,7668.25,7669.0,470
2026-09-15 01:34:00-04:00,7669.25,7669.25,7668.0,7669.25,118
2026-09-15 01:35:00-04:00,7669.0,7669.25,7667.25,7668.0,216
2026-09-15 01:36:00-04:00,7667.75,7668.5,7667.0,7668.25,126
2026-09-15 01:37:00-04:00,7668.0,7668.5,7667.25,7667.25,87
2026-09-15 01:38:00-04:00,7667.0,7667.25,7665.75,7666.25,126
2026-09-15 01:39:00-04:00,7666.25,7668.75,7666.25,7668.25,268
2026-09-15 01:40:00-04:00,7668.5,7671.5,7668.25,7671.5,352
2026-09-15 01:41:00-04:00,7671.25,7672.75,7671.25,7672.5,235
2026-09-15 01:42:00-04:00,7672.75,7673.5,7672.5,7673.0,210
2026-09-15 01:43:00-04:00,7672.75,7672.75,7672.25,7672.75,159
2026-09-15 01:44:00-04:00,7673.0,7675.0,7673.0,7674.5,372
2026-09-15 01:45:00-04:00,7674.5,7675.75,7674.5,7675.25,309
2026-09-15 01:46:00-04:00,7675.0,7675.0,7673.25,7673.75,243
2026-09-15 01:47:00-04:00,7674.0,7674.5,7673.75,7674.0,146
2026-09-15 01:48:00-04:00,7674.25,7675.75,7674.25,7675.5,108
2026-09-15 01:49:00-04:00,7675.75,7677.0,7674.5,7674.5,374
2026-09-15 01:50:00-04:00,7674.75,7676.0,7673.75,7676.0,168
2026-09-15 01:51:00-04:00,7675.75,7677.75,7675.75,7676.75,349
2026-09-15 01:52:00-04:00,7677.0,7679.25,7676.75,7679.25,338
2026-09-15 01:53:00-04:00,7679.0,7679.0,7678.0,7678.0,119
2026-09-15 01:54:00-04:00,7678.0,7679.25,7678.0,7679.0,102
2026-09-15 01:55:00-04:00,7679.0,7679.0,7677.25,7677.25,103
2026-09-15 01:56:00-04:00,7677.0,7677.25,7674.5,7675.25,194
2026-09-15 01:57:00-04:00,7675.25,7676.0,7675.25,7675.5,76
2026-09-15 01:58:00-04:00,7675.25,7675.25,7674.5,7674.5,61
2026-09-15 01:59:00-04:00,7674.75,7675.0,7674.5,7674.75,107
2026-09-15 02:00:00-04:00,7675.0,7676.75,7674.75,7676.0,240
2026-09-15 02:01:00-04:00,7676.0,7677.0,7675.75,7676.5,195
2026-09-15 02:02:00-04:00,7676.5,7677.5,7676.25,7677.0,298
2026-09-15 02:03:00-04:00,7677.0,7677.75,7675.75,7677.5,239
2026-09-15 02:04:00-04:00,7677.25,7677.75,7676.75,7676.75,147
2026-09-15 02:05:00-04:00,7676.75,7677.0,7675.0,7675.0,132
2026-09-15 02:06:00-04:00,7674.75,7675.5,7673.5,7673.75,323
2026-09-15 02:07:00-04:00,7673.75,7676.0,7673.5,7675.75,169
2026-09-15 02:08:00-04:00,7675.75,7675.75,7674.75,7675.0,96
2026-09-15 02:09:00-04:00,7675.25,7675.75,7674.25,7674.5,173
2026-09-15 02:10:00-04:00,7674.5,7675.0,7673.75,7674.0,655
2026-09-15 02:11:00-04:00,7673.75,7674.0,7673.0,7673.25,259
2026-09-15 02:12:00-04:00,7673.5,7674.25,7673.25,7674.0,217
2026-09-15 02:13:00-04:00,7674.25,7675.75,7674.25,7675.25,203
2026-09-15 02:14:00-04:00,7675.25,7676.0,7674.75,7674.75,79
2026-09-15 02:15:00-04:00,7674.5,7675.0,7673.75,7674.25,194
2026-09-15 02:16:00-04:00,7674.25,7674.5,7673.75,7674.0,53
2026-09-15 02:17:00-04:00,7674.0,7675.25,7674.0,7675.25,192
2026-09-15 02:18:00-04:00,7675.25,7675.25,7674.5,7674.75,145
2026-09-15 02:19:00-04:00,7674.75,7675.0,7674.5,7675.0,137
2026-09-15 02:20:00-04:00,7674.75,7674.75,7674.25,7674.25,187
2026-09-15 02:21:00-04:00,7674.5,7675.0,7673.75,7674.5,137
2026-09-15 02:22:00-04:00,7674.25,7674.75,7673.5,7674.0,122
2026-09-15 02:23:00-04:00,7674.0,7675.75,7674.0,7675.0,116
2026-09-15 02:24:00-04:00,7674.75,7675.0,7672.75,7673.0,116
2026-09-15 02:25:00-04:00,7673.25,7673.5,7672.75,7673.25,125
2026-09-15 02:26:00-04:00,7673.25,7673.5,7672.25,7672.5,89
2026-09-15 02:27:00-04:00,7672.75,7672.75,7672.0,7672.0,247
2026-09-15 02:28:00-04:00,7672.25,7672.75,7672.25,7672.75,70
2026-09-15 02:29:00-04:00,7673.0,7673.0,7671.5,7672.0,494
2026-09-15 02:30:00-04:00,7672.0,7672.25,7670.75,7670.75,1058
2026-09-15 02:31:00-04:00,7670.75,7671.0,7669.75,7670.75,586
2026-09-15 02:32:00-04:00,7670.75,7671.5,7670.5,7670.5,259
2026-09-15 02:33:00-04:00,7670.5,7670.75,7669.75,7669.75,189
2026-09-15 02:34:00-04:00,7669.5,7669.75,7669.5,7669.5,143
2026-09-15 02:35:00-04:00,7669.75,7671.75,7669.5,7669.5,342
2026-09-15 02:36:00-04:00,7669.25,7669.5,7668.0,7669.0,261
2026-09-15 02:37:00-04:00,7668.75,7669.0,7668.25,7668.25,214
2026-09-15 02:38:00-04:00,7668.5,7669.25,7668.25,7669.25,177
2026-09-15 02:39:00-04:00,7669.25,7669.5,7668.25,7669.25,137
2026-09-15 02:40:00-04:00,7669.25,7670.0,7669.25,7669.5,176
2026-09-15 02:41:00-04:00,7669.25,7670.5,7669.25,7670.25,111
2026-09-15 02:42:00-04:00,7670.5,7671.0,7669.75,7670.25,154
2026-09-15 02:43:00-04:00,7670.25,7670.25,7668.5,7668.5,272
2026-09-15 02:44:00-04:00,7668.5,7668.75,7667.5,7668.0,327
2026-09-15 02:45:00-04:00,7668.0,7669.75,7667.5,7669.5,121
2026-09-15 02:46:00-04:00,7669.5,7669.5,7669.25,7669.25,100
2026-09-15 02:47:00-04:00,7669.25,7669.75,7668.75,7668.75,189
2026-09-15 02:48:00-04:00,7668.75,7669.25,7668.5,7668.75,177
2026-09-15 02:49:00-04:00,7669.0,7669.25,7668.25,7668.25,150
2026-09-15 02:50:00-04:00,7668.25,7668.75,7667.5,7668.0,166
2026-09-15 02:51:00-04:00,7668.25,7668.25,7667.5,7668.0,180
2026-09-15 02:52:00-04:00,7668.25,7668.25,7666.5,7666.75,532
2026-09-15 02:53:00-04:00,7666.75,7667.0,7666.25,7666.25,320
2026-09-15 02:54:00-04:00,7666.25,7667.25,7665.75,7666.5,189
2026-09-15 02:55:00-04:00,7666.25,7666.5,7665.5,7666.0,200
2026-09-15 02:56:00-04:00,7666.0,7667.0,7664.75,7667.0,231
2026-09-15 02:57:00-04:00,7667.0,7668.5,7666.75,7668.0,223
2026-09-15 02:58:00-04:00,7668.25,7668.5,7667.75,7668.0,185
2026-09-15 02:59:00-04:00,7668.0,7668.75,7667.5,7667.5,254
2026-09-15 03:00:00-04:00,7667.5,7668.25,7664.75,7668.0,877
2026-09-15 03:01:00-04:00,7667.5,7668.0,7664.75,7665.0,556
2026-09-15 03:02:00-04:00,7665.0,7665.5,7664.25,7664.5,848
2026-09-15 03:03:00-04:00,7664.75,7668.0,7664.5,7667.5,632
2026-09-15 03:04:00-04:00,7667.5,7670.0,7667.0,7668.0,464
2026-09-15 03:05:00-04:00,7668.0,7669.0,7665.75,7666.0,336
2026-09-15 03:06:00-04:00,7666.0,7667.25,7665.25,7666.25,344
2026-09-15 03:07:00-04:00,7666.25,7666.75,7664.0,7665.25,299
2026-09-15 03:08:00-04:00,7665.5,7666.25,7665.25,7665.25,448
2026-09-15 03:09:00-04:00,7665.25,7666.25,7664.25,7666.25,226
2026-09-15 03:10:00-04:00,7666.5,7667.25,7664.75,7664.75,287
2026-09-15 03:11:00-04:00,7665.0,7665.25,7662.5,7663.0,458
2026-09-15 03:12:00-04:00,7663.0,7663.5,7660.5,7662.5,838
2026-09-15 03:13:00-04:00,7662.5,7664.25,7661.75,7662.0,397
2026-09-15 03:14:00-04:00,7662.0,7662.0,7660.25,7660.75,496
2026-09-15 03:15:00-04:00,7660.5,7662.0,7660.5,7661.5,324
2026-09-15 03:16:00-04:00,7661.5,7663.5,7661.5,7662.5,414
2026-09-15 03:17:00-04:00,7662.25,7662.5,7661.0,7661.5,235
2026-09-15 03:18:00-04:00,7661.5,7662.5,7660.75,7662.0,630
2026-09-15 03:19:00-04:00,7662.25,7664.25,7661.75,7664.25,535
2026-09-15 03:20:00-04:00,7664.25,7666.25,7663.75,7665.75,877
2026-09-15 03:21:00-04:00,7665.5,7665.75,7664.25,7664.5,298
2026-09-15 03:22:00-04:00,7664.75,7665.5,7663.25,7664.25,359
2026-09-15 03:23:00-04:00,7664.25,7667.5,7663.5,7667.25,344
2026-09-15 03:24:00-04:00,7667.0,7668.0,7665.75,7668.0,268
2026-09-15 03:25:00-04:00,7668.25,7668.75,7666.25,7666.5,370
2026-09-15 03:26:00-04:00,7666.5,7667.0,7665.0,7665.25,450
2026-09-15 03:27:00-04:00,7665.0,7665.5,7663.5,7664.0,336
2026-09-15 03:28:00-04:00,7664.0,7664.25,7662.75,7663.75,382
2026-09-15 03:29:00-04:00,7663.75,7665.25,7663.25,7665.25,201
2026-09-15 03:30:00-04:00,7665.25,7666.0,7664.0,7664.5,410
2026-09-15 03:31:00-04:00,7664.5,7666.25,7663.75,7666.25,306
2026-09-15 03:32:00-04:00,7666.5,7666.75,7665.0,7665.75,349
2026-09-15 03:33:00-04:00,7665.75,7665.75,7664.75,7665.25,199
2026-09-15 03:34:00-04:00,7665.25,7665.5,7664.5,7665.0,267
2026-09-15 03:35:00-04:00,7664.75,7665.25,7663.0,7664.0,523
2026-09-15 03:36:00-04:00,7664.0,7664.0,7661.5,7661.75,521
2026-09-15 03:37:00-04:00,7661.75,7662.5,7661.25,7661.75,331
2026-09-15 03:38:00-04:00,7662.0,7662.5,7660.75,7660.75,451
2026-09-15 03:39:00-04:00,7660.75,7662.0,7660.25,7660.5,844
2026-09-15 03:40:00-04:00,7660.5,7661.0,7659.5,7660.25,340
2026-09-15 03:41:00-04:00,7660.5,7660.5,7656.75,7657.25,936
2026-09-15 03:42:00-04:00,7657.25,7658.0,7656.25,7658.0,663
2026-09-15 03:43:00-04:00,7658.0,7659.25,7657.5,7657.5,1309
2026-09-15 03:44:00-04:00,7657.75,7657.75,7656.25,7656.5,359
2026-09-15 03:45:00-04:00,7656.25,7657.75,7656.0,7656.75,418
2026-09-15 03:46:00-04:00,7657.0,7658.0,7656.75,7657.5,540
2026-09-15 03:47:00-04:00,7657.75,7659.75,7656.5,7656.75,1028
2026-09-15 03:48:00-04:00,7657.0,7658.25,7656.5,7658.25,243
2026-09-15 03:49:00-04:00,7658.0,7658.0,7656.5,7657.75,358
2026-09-15 03:50:00-04:00,7658.0,7658.75,7657.75,7658.25,375
2026-09-15 03:51:00-04:00,7658.25,7658.25,7655.5,7655.5,465
2026-09-15 03:52:00-04:00,7655.5,7655.75,7653.5,7655.0,981
2026-09-15 03:53:00-04:00,7655.0,7656.5,7654.75,7656.5,461
2026-09-15 03:54:00-04:00,7656.5,7657.75,7656.0,7656.25,233
2026-09-15 03:55:00-04:00,7656.0,7656.0,7654.5,7655.0,403
2026-09-15 03:56:00-04:00,7655.0,7656.25,7654.75,7656.25,199
2026-09-15 03:57:00-04:00,7656.25,7658.5,7656.25,7657.75,391
2026-09-15 03:58:00-04:00,7657.75,7659.0,7656.75,7657.5,838
2026-09-15 03:59:00-04:00,7657.25,7658.75,7657.25,7658.5,841
2026-09-15 04:00:00-04:00,7658.75,7658.75,7654.0,7654.25,1124
2026-09-15 04:01:00-04:00,7654.0,7655.0,7653.0,7654.75,1409
2026-09-15 04:02:00-04:00,7654.75,7655.75,7653.25,7653.5,1063
2026-09-15 04:03:00-04:00,7653.5,7655.0,7653.25,7654.25,1323
2026-09-15 04:04:00-04:00,7654.0,7655.0,7653.25,7654.0,4120
2026-09-15 04:05:00-04:00,7654.0,7654.25,7653.0,7654.0,835
2026-09-15 04:06:00-04:00,7654.0,7654.5,7653.5,7654.5,610
2026-09-15 04:07:00-04:00,7654.25,7654.5,7651.0,7651.25,1564
2026-09-15 04:08:00-04:00,7651.0,7651.0,7647.75,7648.0,1352
2026-09-15 04:09:00-04:00,7648.25,7649.5,7647.25,7647.25,695
2026-09-15 04:10:00-04:00,7647.0,7647.0,7645.5,7645.5,842
2026-09-15 04:11:00-04:00,7645.5,7649.5,7645.0,7649.25,1065
2026-09-15 04:12:00-04:00,7649.0,7650.0,7648.5,7649.5,803
2026-09-15 04:13:00-04:00,7649.25,7651.75,7649.0,7651.25,341
2026-09-15 04:14:00-04:00,7651.25,7653.5,7650.5,7653.25,674
2026-09-15 04:15:00-04:00,7653.25,7655.75,7653.25,7655.75,462
2026-09-15 04:16:00-04:00,7655.75,7656.0,7652.75,7654.25,1118
2026-09-15 04:17:00-04:00,7654.25,7655.5,7654.25,7654.75,1609
2026-09-15 04:18:00-04:00,7654.75,7657.0,7654.75,7657.0,601
2026-09-15 04:19:00-04:00,7657.0,7658.25,7656.75,7658.25,566
2026-09-15 04:20:00-04:00,7658.25,7660.0,7658.25,7658.5,757
2026-09-15 04:21:00-04:00,7658.75,7659.0,7657.5,7658.25,369
2026-09-15 04:22:00-04:00,7658.0,7659.0,7657.5,7658.5,389
2026-09-15 04:23:00-04:00,7658.5,7659.0,7657.0,7657.25,329
2026-09-15 04:24:00-04:00,7657.0,7657.25,7654.75,7655.25,513
2026-09-15 04:25:00-04:00,7655.5,7656.0,7654.75,7655.25,437
2026-09-15 04:26:00-04:00,7655.5,7656.25,7655.0,7655.25,367
2026-09-15 04:27:00-04:00,7655.5,7657.0,7653.5,7653.75,780
2026-09-15 04:28:00-04:00,7653.75,7656.5,7652.0,7653.5,1817
2026-09-15 04:29:00-04:00,7653.5,7655.0,7651.25,7654.0,675
2026-09-15 04:30:00-04:00,7654.0,7655.0,7652.75,7654.0,452
2026-09-15 04:31:00-04:00,7653.75,7654.75,7653.25,7653.75,657
2026-09-15 04:32:00-04:00,7653.75,7654.25,7653.0,7653.5,237
2026-09-15 04:33:00-04:00,7653.25,7654.0,7651.75,7652.75,955
2026-09-15 04:34:00-04:00,7652.75,7653.75,7652.0,7652.25,488
2026-09-15 04:35:00-04:00,7652.25,7653.25,7651.0,7652.75,956
2026-09-15 04:36:00-04:00,7652.75,7654.25,7651.25,7651.75,337
2026-09-15 04:37:00-04:00,7652.0,7652.5,7651.5,7652.5,398
2026-09-15 04:38:00-04:00,7652.5,7654.75,7650.75,7651.25,793
2026-09-15 04:39:00-04:00,7651.75,7652.75,7651.25,7652.5,330
2026-09-15 04:40:00-04:00,7652.5,7652.5,7651.0,7652.0,269
2026-09-15 04:41:00-04:00,7652.0,7652.25,7651.0,7652.0,106
2026-09-15 04:42:00-04:00,7651.75,7652.25,7650.75,7652.25,307
2026-09-15 04:43:00-04:00,7652.25,7652.5,7650.25,7652.0,361
2026-09-15 04:44:00-04:00,7652.25,7652.25,7649.5,7650.0,185
2026-09-15 04:45:00-04:00,7650.25,7650.5,7649.5,7649.75,112
2026-09-15 04:46:00-04:00,7649.5,7650.5,7649.25,7649.75,244
2026-09-15 04:47:00-04:00,7649.5,7650.5,7649.25,7650.25,257
2026-09-15 04:48:00-04:00,7650.25,7650.5,7649.5,7650.25,307
2026-09-15 04:49:00-04:00,7650.5,7650.5,7650.0,7650.5,144
2026-09-15 04:50:00-04:00,7650.0,7651.25,7650.0,7650.5,446
2026-09-15 04:51:00-04:00,7650.5,7651.0,7650.25,7650.75,273
2026-09-15 04:52:00-04:00,7650.75,7651.5,7650.5,7650.5,235
2026-09-15 04:53:00-04:00,7650.5,7652.0,7650.5,7650.75,316
2026-09-15 04:54:00-04:00,7650.75,7651.5,7650.5,7651.0,262
2026-09-15 04:55:00-04:00,7651.0,7651.5,7650.0,7650.75,333
2026-09-15 04:56:00-04:00,7650.75,7651.25,7650.75,7651.0,510
2026-09-15 04:57:00-04:00,7651.0,7653.75,7649.0,7651.25,787
2026-09-15 04:58:00-04:00,7651.25,7651.75,7650.75,7650.75,465
2026-09-15 04:59:00-04:00,7650.75,7652.5,7650.75,7651.0,244
2026-09-15 05:00:00-04:00,7651.25,7651.5,7649.5,7649.5,538
2026-09-15 05:01:00-04:00,7649.75,7651.0,7649.5,7650.5,250
2026-09-15 05:02:00-04:00,7650.25,7650.5,7648.5,7648.5,298
2026-09-15 05:03:00-04:00,7648.5,7651.0,7648.25,7650.0,330
2026-09-15 05:04:00-04:00,7650.0,7650.75,7649.25,7650.75,1115
2026-09-15 05:05:00-04:00,7650.5,7653.0,7650.25,7653.0,851
2026-09-15 05:06:00-04:00,7652.75,7653.25,7651.25,7651.25,482
2026-09-15 05:07:00-04:00,7651.0,7651.75,7649.5,7649.5,575
2026-09-15 05:08:00-04:00,7649.75,7650.75,7649.25,7650.5,669
2026-09-15 05:09:00-04:00,7650.25,7650.5,7649.5,7649.5,518
2026-09-15 05:10:00-04:00,7649.25,7649.75,7648.75,7648.75,400
2026-09-15 05:11:00-04:00,7648.75,7651.75,7648.75,7651.75,787
2026-09-15 05:12:00-04:00,7651.5,7651.5,7649.25,7649.5,475
2026-09-15 05:13:00-04:00,7649.5,7649.75,7648.5,7649.0,635
2026-09-15 05:14:00-04:00,7648.75,7651.25,7648.5,7650.25,1120
2026-09-15 05:15:00-04:00,7650.0,7650.25,7648.25,7650.25,342
2026-09-15 05:16:00-04:00,7650.0,7651.0,7648.5,7649.0,380
2026-09-15 05:17:00-04:00,7649.25,7649.5,7646.75,7647.0,1780
2026-09-15 05:18:00-04:00,7647.0,7647.5,7645.75,7646.5,1230
2026-09-15 05:19:00-04:00,7646.5,7647.5,7646.25,7646.75,1254
2026-09-15 05:20:00-04:00,7647.0,7648.25,7647.0,7647.5,269
2026-09-15 05:21:00-04:00,7647.5,7647.75,7647.0,7647.0,797
2026-09-15 05:22:00-04:00,7647.25,7649.5,7646.5,7648.75,2510
2026-09-15 05:23:00-04:00,7648.75,7652.0,7646.5,7648.75,1711
2026-09-15 05:24:00-04:00,7648.5,7649.0,7647.0,7647.5,612
2026-09-15 05:25:00-04:00,7647.75,7649.25,7646.75,7647.5,373
2026-09-15 05:26:00-04:00,7647.75,7649.75,7647.75,7648.75,317
2026-09-15 05:27:00-04:00,7649.0,7651.25,7648.5,7650.25,517
2026-09-15 05:28:00-04:00,7650.25,7652.25,7650.25,7651.75,414
2026-09-15 05:29:00-04:00,7651.75,7652.25,7651.25,7652.0,631
2026-09-15 05:30:00-04:00,7652.0,7652.75,7651.25,7651.75,393
2026-09-15 05:31:00-04:00,7651.75,7653.75,7651.75,7652.0,383
2026-09-15 05:32:00-04:00,7652.0,7653.0,7651.25,7652.5,314
2026-09-15 05:33:00-04:00,7652.25,7652.25,7650.75,7651.75,393
2026-09-15 05:34:00-04:00,7651.75,7654.25,7651.25,7654.25,599
2026-09-15 05:35:00-04:00,7654.0,7656.25,7653.75,7656.0,662
2026-09-15 05:36:00-04:00,7655.75,7656.75,7655.75,7656.75,448
2026-09-15 05:37:00-04:00,7656.75,7657.75,7656.5,7657.75,729
2026-09-15 05:38:00-04:00,7657.75,7658.25,7657.5,7657.75,472
2026-09-15 05:39:00-04:00,7657.75,7658.75,7657.5,7658.25,240
2026-09-15 05:40:00-04:00,7658.25,7658.5,7657.75,7657.75,259
2026-09-15 05:41:00-04:00,7658.0,7658.0,7657.0,7658.0,448
2026-09-15 05:42:00-04:00,7658.25,7659.0,7657.5,7658.5,223
2026-09-15 05:43:00-04:00,7658.5,7658.75,7658.25,7658.25,484
2026-09-15 05:44:00-04:00,7658.0,7658.0,7657.0,7657.5,151
2026-09-15 05:45:00-04:00,7657.5,7658.25,7657.5,7658.0,304
2026-09-15 05:46:00-04:00,7658.0,7660.0,7658.0,7659.75,536
2026-09-15 05:47:00-04:00,7659.75,7661.25,7659.75,7661.25,593
2026-09-15 05:48:00-04:00,7661.25,7664.0,7661.25,7663.75,672
2026-09-15 05:49:00-04:00,7663.75,7664.0,7663.0,7663.25,798
2026-09-15 05:50:00-04:00,7663.25,7664.25,7663.0,7664.0,238
2026-09-15 05:51:00-04:00,7664.0,7664.75,7664.0,7664.5,706
2026-09-15 05:52:00-04:00,7664.75,7666.25,7663.0,7664.0,793
2026-09-15 05:53:00-04:00,7664.0,7664.0,7663.25,7663.75,1219
2026-09-15 05:54:00-04:00,7664.0,7665.75,7663.75,7665.75,197
2026-09-15 05:55:00-04:00,7666.0,7666.5,7665.5,7666.0,312
2026-09-15 05:56:00-04:00,7666.0,7666.0,7665.75,7665.75,733
2026-09-15 05:57:00-04:00,7666.0,7666.0,7664.75,7665.0,1108
2026-09-15 05:58:00-04:00,7665.0,7665.0,7663.75,7664.25,391
2026-09-15 05:59:00-04:00,7664.25,7666.0,7664.25,7666.0,383
2026-09-15 06:00:00-04:00,7666.25,7667.5,7665.25,7667.5,788
2026-09-15 06:01:00-04:00,7667.5,7667.5,7666.0,7666.25,399
2026-09-15 06:02:00-04:00,7666.25,7667.5,7666.25,7666.75,593
2026-09-15 06:03:00-04:00,7666.75,7667.25,7666.5,7667.25,373
2026-09-15 06:04:00-04:00,7667.0,7667.25,7665.0,7665.5,1682
2026-09-15 06:05:00-04:00,7665.5,7666.0,7664.25,7665.75,404
2026-09-15 06:06:00-04:00,7665.75,7665.75,7665.25,7665.75,236
2026-09-15 06:07:00-04:00,7666.0,7666.5,7665.5,7665.75,366
2026-09-15 06:08:00-04:00,7665.75,7667.0,7665.75,7666.75,244
2026-09-15 06:09:00-04:00,7666.75,7667.0,7666.5,7666.75,334
2026-09-15 06:10:00-04:00,7666.75,7668.0,7666.75,7668.0,1409
2026-09-15 06:11:00-04:00,7668.0,7672.0,7668.0,7668.5,1354
2026-09-15 06:12:00-04:00,7668.5,7669.0,7666.75,7667.0,747
2026-09-15 06:13:00-04:00,7667.25,7667.25,7666.75,7667.25,1112
2026-09-15 06:14:00-04:00,7667.25,7668.0,7667.0,7667.75,599
2026-09-15 06:15:00-04:00,7667.5,7667.5,7665.75,7666.75,575
2026-09-15 06:16:00-04:00,7666.75,7666.75,7665.25,7665.5,425
2026-09-15 06:17:00-04:00,7665.5,7666.25,7665.25,7666.0,434
2026-09-15 06:18:00-04:00,7666.0,7666.5,7665.0,7666.0,392
2026-09-15 06:19:00-04:00,7666.0,7666.25,7665.75,7666.0,454
2026-09-15 06:20:00-04:00,7666.25,7668.25,7666.0,7667.75,865
2026-09-15 06:21:00-04:00,7667.75,7667.75,7666.5,7666.75,619
2026-09-15 06:22:00-04:00,7666.75,7667.0,7666.25,7666.75,178
2026-09-15 06:23:00-04:00,7667.0,7668.5,7667.0,7668.0,372
2026-09-15 06:24:00-04:00,7668.25,7669.0,7668.25,7668.75,618
2026-09-15 06:25:00-04:00,7668.75,7669.25,7668.0,7668.5,342
2026-09-15 06:26:00-04:00,7668.25,7668.5,7668.0,7668.0,259
2026-09-15 06:27:00-04:00,7668.25,7668.25,7667.5,7667.75,249
2026-09-15 06:28:00-04:00,7667.75,7667.75,7667.25,7667.75,454
2026-09-15 06:29:00-04:00,7667.75,7668.5,7667.75,7668.25,369
2026-09-15 06:30:00-04:00,7668.5,7668.5,7667.25,7668.0,349
2026-09-15 06:31:00-04:00,7668.0,7668.0,7667.0,7667.5,224
2026-09-15 06:32:00-04:00,7667.75,7669.0,7667.75,7668.5,356
2026-09-15 06:33:00-04:00,7668.5,7669.75,7668.5,7669.75,317
2026-09-15 06:34:00-04:00,7669.75,7669.75,7669.0,7669.75,535
2026-09-15 06:35:00-04:00,7669.5,7670.0,7669.25,7670.0,333
2026-09-15 06:36:00-04:00,7670.0,7670.75,7670.0,7670.0,299
2026-09-15 06:37:00-04:00,7670.25,7670.25,7668.75,7670.0,327
2026-09-15 06:38:00-04:00,7670.25,7670.75,7669.75,7670.0,246
2026-09-15 06:39:00-04:00,7669.75,7671.5,7669.0,7671.25,610
2026-09-15 06:40:00-04:00,7671.0,7671.75,7671.0,7671.5,161
2026-09-15 06:41:00-04:00,7671.5,7671.75,7670.5,7670.75,439
2026-09-15 06:42:00-04:00,7671.0,7676.25,7671.0,7672.5,1088
2026-09-15 06:43:00-04:00,7672.25,7672.5,7671.25,7671.75,511
2026-09-15 06:44:00-04:00,7671.75,7672.75,7671.25,7672.0,193
2026-09-15 06:45:00-04:00,7672.25,7672.25,7671.75,7672.0,185
2026-09-15 06:46:00-04:00,7671.75,7672.0,7671.25,7671.75,209
2026-09-15 06:47:00-04:00,7671.75,7671.75,7670.25,7670.5,456
2026-09-15 06:48:00-04:00,7670.75,7671.75,7670.75,7671.75,204
2026-09-15 06:49:00-04:00,7671.5,7673.5,7671.25,7673.0,407
2026-09-15 06:50:00-04:00,7673.0,7673.25,7672.75,7673.0,183
2026-09-15 06:51:00-04:00,7673.25,7674.75,7673.25,7674.5,371
2026-09-15 06:52:00-04:00,7674.5,7675.25,7674.0,7675.0,532
2026-09-15 06:53:00-04:00,7675.25,7675.75,7674.75,7675.75,236
2026-09-15 06:54:00-04:00,7675.75,7676.5,7675.25,7676.0,548
2026-09-15 06:55:00-04:00,7676.0,7680.5,7676.0,7678.0,1004
2026-09-15 06:56:00-04:00,7677.75,7677.75,7676.0,7676.5,433
2026-09-15 06:57:00-04:00,7676.25,7676.75,7675.75,7676.0,356
2026-09-15 06:58:00-04:00,7676.0,7676.5,7675.5,7676.0,246
2026-09-15 06:59:00-04:00,7676.25,7676.5,7675.25,7676.25,296
2026-09-15 07:00:00-04:00,7676.0,7678.0,7675.5,7677.25,498
2026-09-15 07:01:00-04:00,7677.25,7677.75,7676.75,7677.5,322
2026-09-15 07:02:00-04:00,7677.75,7678.25,7677.25,7677.5,409
2026-09-15 07:03:00-04:00,7677.25,7677.25,7676.0,7676.25,544
2026-09-15 07:04:00-04:00,7676.25,7677.25,7676.25,7677.25,309
2026-09-15 07:05:00-04:00,7677.25,7677.25,7675.25,7676.5,299
2026-09-15 07:06:00-04:00,7676.5,7677.0,7675.75,7676.0,295
2026-09-15 07:07:00-04:00,7676.0,7677.5,7676.0,7677.5,272
2026-09-15 07:08:00-04:00,7677.5,7677.75,7677.0,7677.75,507
2026-09-15 07:09:00-04:00,7677.75,7680.0,7677.25,7679.75,1062
2026-09-15 07:10:00-04:00,7679.5,7680.25,7679.0,7680.0,530
2026-09-15 07:11:00-04:00,7680.0,7680.25,7679.0,7679.0,334
2026-09-15 07:12:00-04:00,7679.0,7679.5,7678.25,7678.5,387
2026-09-15 07:13:00-04:00,7678.75,7679.25,7678.75,7679.0,142
2026-09-15 07:14:00-04:00,7679.25,7679.25,7678.5,7678.75,310
2026-09-15 07:15:00-04:00,7678.75,7679.25,7678.0,7678.25,217
2026-09-15 07:16:00-04:00,7678.25,7679.0,7678.25,7678.75,220
2026-09-15 07:17:00-04:00,7678.75,7679.5,7678.75,7679.25,220
2026-09-15 07:18:00-04:00,7679.5,7681.0,7679.5,7680.75,1135
2026-09-15 07:19:00-04:00,7680.75,7681.5,7680.0,7680.0,648
2026-09-15 07:20:00-04:00,7680.25,7680.25,7679.5,7680.0,399
2026-09-15 07:21:00-04:00,7680.0,7680.75,7679.5,7679.5,134
2026-09-15 07:22:00-04:00,7679.5,7680.75,7678.75,7680.5,748
2026-09-15 07:23:00-04:00,7680.5,7680.5,7679.25,7679.5,405
2026-09-15 07:24:00-04:00,7679.75,7679.75,7678.25,7679.0,193
2026-09-15 07:25:00-04:00,7679.0,7679.5,7678.5,7678.5,336
2026-09-15 07:26:00-04:00,7678.5,7679.0,7677.75,7678.0,273
2026-09-15 07:27:00-04:00,7678.0,7678.25,7677.25,7678.0,314
2026-09-15 07:28:00-04:00,7678.0,7679.25,7677.75,7679.0,398
2026-09-15 07:29:00-04:00,7678.75,7678.75,7677.5,7678.25,518
2026-09-15 07:30:00-04:00,7678.25,7678.25,7677.0,7677.25,212
2026-09-15 07:31:00-04:00,7677.25,7677.5,7676.5,7676.5,420
2026-09-15 07:32:00-04:00,7676.5,7676.75,7675.5,7676.5,558
2026-09-15 07:33:00-04:00,7676.5,7676.75,7676.0,7676.5,377
2026-09-15 07:34:00-04:00,7676.5,7678.5,7676.25,7678.5,1555
2026-09-15 07:35:00-04:00,7678.5,7680.0,7678.5,7678.75,451
2026-09-15 07:36:00-04:00,7678.75,7679.5,7678.0,7679.25,378
2026-09-15 07:37:00-04:00,7679.25,7679.25,7678.0,7679.25,340
2026-09-15 07:38:00-04:00,7679.25,7679.5,7678.0,7678.25,797
2026-09-15 07:39:00-04:00,7678.25,7678.25,7677.0,7677.25,662
2026-09-15 07:40:00-04:00,7677.25,7678.75,7676.75,7677.5,1340
2026-09-15 07:41:00-04:00,7677.5,7677.75,7676.75,7677.0,1533
2026-09-15 07:42:00-04:00,7677.25,7677.75,7677.0,7677.5,169
2026-09-15 07:43:00-04:00,7677.5,7678.75,7677.5,7678.5,1484
2026-09-15 07:44:00-04:00,7678.5,7679.0,7678.0,7678.0,428
2026-09-15 07:45:00-04:00,7678.0,7678.75,7677.75,7678.75,1110
2026-09-15 07:46:00-04:00,7678.75,7679.0,7678.25,7678.25,444
2026-09-15 07:47:00-04:00,7678.25,7679.75,7677.75,7678.5,691
2026-09-15 07:48:00-04:00,7678.25,7679.0,7677.75,7678.75,848
2026-09-15 07:49:00-04:00,7678.75,7678.75,7677.75,7678.0,314
2026-09-15 07:50:00-04:00,7678.25,7680.75,7678.25,7680.5,1733
2026-09-15 07:51:00-04:00,7680.5,7681.25,7680.5,7680.75,818
2026-09-15 07:52:00-04:00,7680.5,7680.75,7679.0,7679.5,540
2026-09-15 07:53:00-04:00,7679.25,7680.0,7678.25,7678.5,1566
2026-09-15 07:54:00-04:00,7678.5,7679.0,7677.5,7678.75,840
2026-09-15 07:55:00-04:00,7678.5,7678.75,7678.0,7678.25,308
2026-09-15 07:56:00-04:00,7678.25,7680.25,7678.25,7679.5,325
2026-09-15 07:57:00-04:00,7679.75,7681.5,7679.5,7681.25,979
2026-09-15 07:58:00-04:00,7681.25,7681.75,7680.5,7680.5,976
2026-09-15 07:59:00-04:00,7680.5,7682.25,7680.5,7681.75,2159
2026-09-15 08:00:00-04:00,7681.75,7682.75,7681.0,7682.5,2157
2026-09-15 08:01:00-04:00,7682.75,7683.25,7681.75,7682.75,1574
2026-09-15 08:02:00-04:00,7682.75,7682.75,7680.25,7680.5,928
2026-09-15 08:03:00-04:00,7680.25,7680.5,7679.25,7680.25,1113
2026-09-15 08:04:00-04:00,7680.25,7682.0,7679.75,7681.75,1468
2026-09-15 08:05:00-04:00,7682.0,7682.0,7680.25,7680.25,487
2026-09-15 08:06:00-04:00,7680.5,7681.5,7680.0,7680.75,1071
2026-09-15 08:07:00-04:00,7680.75,7682.0,7680.5,7681.75,522
2026-09-15 08:08:00-04:00,7681.5,7681.75,7680.5,7680.75,484
2026-09-15 08:09:00-04:00,7680.5,7681.0,7679.75,7680.75,289
2026-09-15 08:10:00-04:00,7681.0,7682.0,7680.5,7682.0,459
2026-09-15 08:11:00-04:00,7682.0,7684.25,7681.75,7684.25,895
2026-09-15 08:12:00-04:00,7684.0,7684.25,7683.25,7683.25,286
2026-09-15 08:13:00-04:00,7683.5,7683.5,7682.25,7682.75,400
2026-09-15 08:14:00-04:00,7682.75,7684.0,7682.5,7683.75,274
2026-09-15 08:15:00-04:00,7683.75,7683.75,7682.5,7682.5,485
2026-09-15 08:16:00-04:00,7682.5,7682.75,7681.5,7682.75,385
2026-09-15 08:17:00-04:00,7682.75,7684.0,7682.25,7684.0,457
2026-09-15 08:18:00-04:00,7684.0,7685.25,7682.5,7682.75,1665
2026-09-15 08:19:00-04:00,7682.5,7684.0,7681.75,7683.5,847
2026-09-15 08:20:00-04:00,7683.5,7683.75,7681.5,7681.75,795
2026-09-15 08:21:00-04:00,7681.75,7683.0,7681.75,7682.25,991
2026-09-15 08:22:00-04:00,7682.25,7682.75,7681.75,7681.75,981
2026-09-15 08:23:00-04:00,7681.75,7681.75,7679.5,7679.5,1277
2026-09-15 08:24:00-04:00,7679.5,7680.0,7678.5,7679.5,589
2026-09-15 08:25:00-04:00,7679.5,7681.25,7679.5,7681.0,536
2026-09-15 08:26:00-04:00,7680.75,7681.75,7680.25,7681.75,671
2026-09-15 08:27:00-04:00,7681.75,7683.75,7681.25,7683.25,1110
2026-09-15 08:28:00-04:00,7683.5,7683.5,7682.25,7682.25,178
2026-09-15 08:29:00-04:00,7682.25,7683.5,7681.5,7683.0,239
2026-09-15 08:30:00-04:00,7683.0,7683.25,7681.25,7682.0,606
2026-09-15 08:31:00-04:00,7682.25,7682.5,7681.25,7681.25,599
2026-09-15 08:32:00-04:00,7681.5,7681.5,7679.75,7680.25,570
2026-09-15 08:33:00-04:00,7680.5,7680.75,7679.75,7680.5,316
2026-09-15 08:34:00-04:00,7680.75,7685.75,7680.75,7685.75,1170
2026-09-15 08:35:00-04:00,7686.0,7686.0,7683.75,7685.0,732
2026-09-15 08:36:00-04:00,7685.25,7686.25,7684.0,7684.5,551
2026-09-15 08:37:00-04:00,7684.5,7686.0,7684.5,7684.75,378
2026-09-15 08:38:00-04:00,7684.75,7686.25,7684.5,7685.0,625
2026-09-15 08:39:00-04:00,7685.0,7686.0,7685.0,7685.25,1387
2026-09-15 08:40:00-04:00,7685.25,7685.5,7684.25,7685.25,366
2026-09-15 08:41:00-04:00,7685.25,7685.25,7683.25,7683.5,1376
2026-09-15 08:42:00-04:00,7683.25,7683.25,7681.75,7681.75,371
2026-09-15 08:43:00-04:00,7682.0,7684.25,7682.0,7683.75,650
2026-09-15 08:44:00-04:00,7683.75,7685.0,7683.0,7684.0,585
2026-09-15 08:45:00-04:00,7684.0,7686.25,7683.5,7685.75,1322
2026-09-15 08:46:00-04:00,7685.75,7688.5,7685.5,7687.75,1283
2026-09-15 08:47:00-04:00,7687.75,7689.5,7686.75,7688.0,1834
2026-09-15 08:48:00-04:00,7688.25,7695.0,7687.25,7694.5,2917
2026-09-15 08:49:00-04:00,7694.5,7694.5,7692.25,7692.5,2160
2026-09-15 08:50:00-04:00,7692.5,7693.5,7691.25,7692.25,1505
2026-09-15 08:51:00-04:00,7692.25,7693.75,7690.75,7692.5,1343
2026-09-15 08:52:00-04:00,7692.5,7693.0,7691.5,7692.5,733
2026-09-15 08:53:00-04:00,7692.25,7695.0,7692.25,7694.75,758
2026-09-15 08:54:00-04:00,7694.75,7696.25,7694.25,7695.75,1050
2026-09-15 08:55:00-04:00,7696.0,7697.5,7687.75,7693.0,5216
2026-09-15 08:56:00-04:00,7693.0,7694.0,7691.0,7691.25,1468
2026-09-15 08:57:00-04:00,7691.0,7691.25,7689.5,7690.5,762
2026-09-15 08:58:00-04:00,7690.5,7690.5,7688.5,7689.0,2229
2026-09-15 08:59:00-04:00,7689.0,7689.75,7688.5,7689.25,621
2026-09-15 09:00:00-04:00,7689.0,7690.0,7688.0,7689.0,1392
2026-09-15 09:01:00-04:00,7689.25,7690.25,7688.5,7688.5,1005
2026-09-15 09:02:00-04:00,7688.25,7689.25,7688.25,7688.75,1248
2026-09-15 09:03:00-04:00,7689.0,7690.25,7688.25,7690.25,776
2026-09-15 09:04:00-04:00,7690.25,7692.25,7690.0,7692.25,1217
2026-09-15 09:05:00-04:00,7692.25,7692.5,7691.0,7691.25,3358
2026-09-15 09:06:00-04:00,7691.25,7691.5,7690.75,7691.25,1492
2026-09-15 09:07:00-04:00,7691.25,7691.75,7690.25,7691.25,1542
2026-09-15 09:08:00-04:00,7691.25,7691.5,7690.5,7691.5,1032
2026-09-15 09:09:00-04:00,7691.5,7691.75,7689.25,7689.75,876
2026-09-15 09:10:00-04:00,7690.0,7691.25,7689.5,7690.75,2283
2026-09-15 09:11:00-04:00,7691.0,7691.25,7689.75,7690.0,750
2026-09-15 09:12:00-04:00,7690.0,7690.0,7689.0,7689.5,403
2026-09-15 09:13:00-04:00,7689.5,7690.0,7689.0,7689.0,945
2026-09-15 09:14:00-04:00,7689.25,7689.25,7688.0,7688.5,873
2026-09-15 09:15:00-04:00,7688.5,7689.25,7688.0,7688.5,526
2026-09-15 09:16:00-04:00,7688.5,7692.5,7688.25,7689.75,1882
2026-09-15 09:17:00-04:00,7690.0,7691.0,7689.5,7690.5,495
2026-09-15 09:18:00-04:00,7690.75,7690.75,7688.25,7688.25,630
2026-09-15 09:19:00-04:00,7688.25,7689.25,7687.75,7689.25,936
2026-09-15 09:20:00-04:00,7689.0,7690.0,7688.75,7688.75,1706
2026-09-15 09:21:00-04:00,7688.75,7690.25,7688.0,7690.25,1672
2026-09-15 09:22:00-04:00,7690.0,7690.0,7687.5,7688.5,1962
2026-09-15 09:23:00-04:00,7688.25,7690.75,7688.0,7690.25,980
2026-09-15 09:24:00-04:00,7690.0,7690.75,7689.25,7690.25,2261
2026-09-15 09:25:00-04:00,7690.25,7693.5,7689.75,7692.0,2139
2026-09-15 09:26:00-04:00,7691.75,7691.75,7689.5,7690.25,3059
2026-09-15 09:27:00-04:00,7690.0,7690.25,7688.5,7689.0,1809
2026-09-15 09:28:00-04:00,7689.0,7689.0,7686.5,7686.75,1814
2026-09-15 09:29:00-04:00,7686.5,7686.5,7684.25,7684.25,3189
2026-09-15 09:30:00-04:00,7684.25,7687.0,7681.0,7682.0,16931
2026-09-15 09:31:00-04:00,7682.0,7683.25,7674.25,7674.75,10241
2026-09-15 09:32:00-04:00,7674.75,7676.25,7672.5,7675.0,7068
2026-09-15 09:33:00-04:00,7675.0,7676.75,7671.0,7671.25,6276
2026-09-15 09:34:00-04:00,7671.0,7673.0,7670.25,7672.0,6360
2026-09-15 09:35:00-04:00,7672.0,7677.5,7671.75,7676.75,7274
2026-09-15 09:36:00-04:00,7677.0,7679.75,7676.25,7678.25,7674
2026-09-15 09:37:00-04:00,7678.5,7680.0,7677.25,7677.5,9763
2026-09-15 09:38:00-04:00,7677.5,7681.75,7677.5,7681.0,4624
2026-09-15 09:39:00-04:00,7681.0,7681.5,7678.75,7681.0,3845
2026-09-15 09:40:00-04:00,7681.0,7681.5,7678.25,7681.0,5837
2026-09-15 09:41:00-04:00,7680.75,7681.5,7678.0,7679.5,6112
2026-09-15 09:42:00-04:00,7679.5,7680.25,7677.5,7677.5,3891
2026-09-15 09:43:00-04:00,7677.5,7679.75,7677.0,7679.5,2527
2026-09-15 09:44:00-04:00,7679.5,7683.25,7679.5,7682.5,4890
2026-09-15 09:45:00-04:00,7682.5,7684.75,7680.75,7680.75,9443
2026-09-15 09:46:00-04:00,7680.75,7681.5,7679.75,7680.5,3466
2026-09-15 09:47:00-04:00,7680.75,7680.75,7677.25,7678.25,4165
2026-09-15 09:48:00-04:00,7678.25,7678.25,7676.0,7676.25,5112
2026-09-15 09:49:00-04:00,7676.25,7676.75,7675.0,7676.25,4258
2026-09-15 09:50:00-04:00,7676.25,7677.5,7674.75,7675.5,5655
2026-09-15 09:51:00-04:00,7675.5,7678.25,7674.5,7677.75,3417
2026-09-15 09:52:00-04:00,7677.5,7680.25,7677.0,7679.75,4055
2026-09-15 09:53:00-04:00,7679.75,7680.5,7677.75,7680.0,3337
2026-09-15 09:54:00-04:00,7680.0,7680.5,7677.5,7679.5,3942
2026-09-15 09:55:00-04:00,7679.5,7680.0,7678.0,7678.5,3400
2026-09-15 09:56:00-04:00,7678.75,7679.25,7676.75,7677.75,3659
2026-09-15 09:57:00-04:00,7677.5,7678.75,7677.25,7678.25,2684
2026-09-15 09:58:00-04:00,7678.5,7679.0,7677.0,7678.25,4003
2026-09-15 09:59:00-04:00,7678.25,7679.0,7676.5,7678.25,3757
2026-09-15 10:00:00-04:00,7678.5,7678.5,7674.75,7675.0,4348
2026-09-15 10:01:00-04:00,7675.0,7675.5,7673.25,7674.75,4217
2026-09-15 10:02:00-04:00,7674.75,7675.0,7673.0,7673.25,3125
2026-09-15 10:03:00-04:00,7673.5,7674.0,7672.0,7672.0,2822
2026-09-15 10:04:00-04:00,7672.25,7674.0,7671.0,7671.0,5689
2026-09-15 10:05:00-04:00,7671.0,7673.75,7671.0,7672.0,4949
2026-09-15 10:06:00-04:00,7671.75,7672.75,7669.5,7669.5,4736
2026-09-15 10:07:00-04:00,7669.5,7670.5,7668.0,7670.0,4385
2026-09-15 10:08:00-04:00,7670.25,7670.5,7668.0,7668.5,4808
2026-09-15 10:09:00-04:00,7668.25,7668.75,7667.5,7668.0,2986
2026-09-15 10:10:00-04:00,7667.75,7667.75,7665.25,7665.5,7342
2026-09-15 10:11:00-04:00,7665.5,7665.75,7663.0,7664.25,4969
2026-09-15 10:12:00-04:00,7664.25,7664.75,7662.75,7664.0,5881
2026-09-15 10:13:00-04:00,7663.75,7665.0,7661.75,7662.0,4455
2026-09-15 10:14:00-04:00,7661.75,7663.5,7661.5,7662.25,7063
2026-09-15 10:15:00-04:00,7662.25,7664.0,7661.75,7663.25,4332
2026-09-15 10:16:00-04:00,7663.25,7664.5,7661.75,7662.25,7663
2026-09-15 10:17:00-04:00,7662.25,7665.25,7661.75,7665.25,5246
2026-09-15 10:18:00-04:00,7665.0,7667.0,7664.0,7665.0,5028
2026-09-15 10:19:00-04:00,7665.0,7666.0,7664.0,7664.75,4717
2026-09-15 10:20:00-04:00,7665.0,7666.25,7664.0,7665.5,3453
2026-09-15 10:21:00-04:00,7665.5,7665.5,7658.75,7658.75,4898
2026-09-15 10:22:00-04:00,7659.0,7659.5,7656.5,7656.75,6933
2026-09-15 10:23:00-04:00,7656.75,7657.0,7654.0,7654.25,7781
2026-09-15 10:24:00-04:00,7654.25,7659.25,7654.0,7658.75,6317
2026-09-15 10:25:00-04:00,7659.0,7659.75,7657.25,7658.0,7699
2026-09-15 10:26:00-04:00,7658.0,7658.75,7657.0,7658.0,4439
2026-09-15 10:27:00-04:00,7658.25,7659.25,7657.0,7657.5,3611
2026-09-15 10:28:00-04:00,7657.75,7659.75,7657.25,7659.0,2595
2026-09-15 10:29:00-04:00,7659.0,7659.25,7657.0,7657.0,4771
2026-09-15 10:30:00-04:00,7657.25,7658.75,7654.25,7654.5,5269
2026-09-15 10:31:00-04:00,7654.5,7658.5,7654.25,7658.0,5088
2026-09-15 10:32:00-04:00,7658.0,7658.0,7654.75,7655.5,3814
2026-09-15 10:33:00-04:00,7655.5,7658.75,7654.75,7655.75,4981
2026-09-15 10:34:00-04:00,7655.75,7656.5,7652.0,7655.75,6560
2026-09-15 10:35:00-04:00,7655.75,7658.5,7655.25,7656.75,3843
2026-09-15 10:36:00-04:00,7656.5,7657.75,7655.5,7657.5,3190
2026-09-15 10:37:00-04:00,7657.5,7658.25,7654.0,7654.75,4974
2026-09-15 10:38:00-04:00,7654.75,7654.75,7653.0,7653.5,3054
2026-09-15 10:39:00-04:00,7653.5,7655.0,7652.5,7653.5,3294
2026-09-15 10:40:00-04:00,7653.5,7653.75,7650.75,7651.75,5550
2026-09-15 10:41:00-04:00,7652.0,7653.25,7651.75,7652.75,2876
2026-09-15 10:42:00-04:00,7652.75,7653.75,7652.25,7653.0,3844
2026-09-15 10:43:00-04:00,7653.0,7654.75,7652.0,7652.25,4153
2026-09-15 10:44:00-04:00,7652.5,7654.25,7652.25,7654.0,3834
2026-09-15 10:45:00-04:00,7654.25,7656.0,7654.0,7654.75,3863
2026-09-15 10:46:00-04:00,7654.75,7655.5,7653.75,7654.0,2669
2026-09-15 10:47:00-04:00,7654.25,7655.0,7653.0,7655.0,3711
2026-09-15 10:48:00-04:00,7655.0,7655.0,7652.5,7652.75,3419
2026-09-15 10:49:00-04:00,7653.0,7653.0,7651.5,7651.5,5021
2026-09-15 10:50:00-04:00,7651.25,7651.25,7648.5,7649.25,9112
2026-09-15 10:51:00-04:00,7649.25,7652.0,7644.75,7645.25,16670
2026-09-15 10:52:00-04:00,7645.0,7647.0,7644.5,7646.75,7727
2026-09-15 10:53:00-04:00,7646.75,7646.75,7643.5,7645.25,5404
2026-09-15 10:54:00-04:00,7645.5,7648.0,7645.25,7647.75,4276
2026-09-15 10:55:00-04:00,7647.75,7648.25,7646.0,7646.75,4399
2026-09-15 10:56:00-04:00,7646.5,7648.0,7645.5,7648.0,3537
2026-09-15 10:57:00-04:00,7648.0,7650.75,7647.5,7650.5,3804
2026-09-15 10:58:00-04:00,7650.5,7650.75,7646.75,7649.25,9777
2026-09-15 10:59:00-04:00,7649.5,7650.0,7646.25,7646.25,3723
2026-09-15 11:00:00-04:00,7646.5,7651.0,7646.25,7650.0,5858
2026-09-15 11:01:00-04:00,7650.0,7651.75,7647.5,7651.5,7729
2026-09-15 11:02:00-04:00,7651.5,7651.75,7647.75,7648.75,5584
2026-09-15 11:03:00-04:00,7648.75,7653.0,7648.5,7652.5,2885
2026-09-15 11:04:00-04:00,7652.5,7654.0,7652.25,7654.0,4818
2026-09-15 11:05:00-04:00,7654.0,7655.0,7652.5,7653.0,3932
2026-09-15 11:06:00-04:00,7653.0,7654.25,7652.25,7653.5,2617
2026-09-15 11:07:00-04:00,7653.5,7654.0,7651.5,7652.5,3702
2026-09-15 11:08:00-04:00,7652.5,7652.5,7650.0,7650.25,5685
2026-09-15 11:09:00-04:00,7650.5,7651.75,7650.0,7650.75,2332
2026-09-15 11:10:00-04:00,7651.0,7652.0,7649.75,7650.0,4342
2026-09-15 11:11:00-04:00,7650.0,7652.0,7649.0,7651.75,4880
2026-09-15 11:12:00-04:00,7651.75,7653.0,7650.0,7650.5,3909
2026-09-15 11:13:00-04:00,7650.5,7652.0,7649.5,7649.75,4032
2026-09-15 11:14:00-04:00,7650.0,7652.5,7649.75,7651.75,2687
2026-09-15 11:15:00-04:00,7651.5,7652.25,7650.25,7651.0,2700
2026-09-15 11:16:00-04:00,7651.25,7653.25,7650.0,7652.75,2546
2026-09-15 11:17:00-04:00,7652.75,7654.5,7652.75,7654.0,2042
2026-09-15 11:18:00-04:00,7654.25,7655.75,7653.75,7655.25,3191
2026-09-15 11:19:00-04:00,7655.25,7655.5,7653.75,7654.5,5458
2026-09-15 11:20:00-04:00,7654.5,7655.5,7653.25,7653.75,3765
2026-09-15 11:21:00-04:00,7653.75,7654.0,7651.75,7652.5,2717
2026-09-15 11:22:00-04:00,7652.75,7655.25,7651.75,7652.5,2611
2026-09-15 11:23:00-04:00,7652.75,7656.75,7652.5,7656.0,5623
2026-09-15 11:24:00-04:00,7656.25,7657.25,7655.25,7656.75,2040
2026-09-15 11:25:00-04:00,7656.75,7657.25,7655.5,7655.5,3347
2026-09-15 11:26:00-04:00,7655.5,7656.5,7653.75,7656.25,2958
2026-09-15 11:27:00-04:00,7656.25,7657.0,7655.25,7656.75,2546
2026-09-15 11:28:00-04:00,7656.75,7656.75,7655.25,7656.25,3060
2026-09-15 11:29:00-04:00,7656.25,7657.0,7655.0,7656.75,2248
2026-09-15 11:30:00-04:00,7657.0,7657.75,7655.0,7655.25,2855
2026-09-15 11:31:00-04:00,7655.5,7656.0,7653.75,7654.25,2433
2026-09-15 11:32:00-04:00,7654.25,7654.5,7651.25,7652.75,5323
2026-09-15 11:33:00-04:00,7652.75,7654.75,7651.75,7652.25,5512
2026-09-15 11:34:00-04:00,7652.5,7655.5,7651.75,7655.25,4291
2026-09-15 11:35:00-04:00,7655.5,7656.25,7653.75,7654.25,2506
2026-09-15 11:36:00-04:00,7654.25,7657.25,7654.25,7656.75,3355
2026-09-15 11:37:00-04:00,7656.75,7656.75,7653.5,7654.5,2667
2026-09-15 11:38:00-04:00,7654.5,7656.5,7654.5,7656.5,3362
2026-09-15 11:39:00-04:00,7656.5,7656.5,7655.0,7655.0,1602
2026-09-15 11:40:00-04:00,7655.0,7658.0,7655.0,7658.0,3123
2026-09-15 11:41:00-04:00,7657.75,7659.5,7656.25,7657.75,6799
2026-09-15 11:42:00-04:00,7657.75,7659.5,7657.5,7659.0,4014
2026-09-15 11:43:00-04:00,7659.25,7659.75,7657.75,7659.25,2356
2026-09-15 11:44:00-04:00,7659.25,7659.5,7657.0,7657.25,2200
2026-09-15 11:45:00-04:00,7657.25,7657.75,7656.0,7657.0,3212
2026-09-15 11:46:00-04:00,7657.0,7657.25,7655.0,7656.5,2859
2026-09-15 11:47:00-04:00,7656.5,7657.0,7654.5,7654.75,1609
2026-09-15 11:48:00-04:00,7654.75,7655.5,7654.5,7655.25,1973
2026-09-15 11:49:00-04:00,7655.0,7655.0,7651.0,7651.75,5103
2026-09-15 11:50:00-04:00,7651.75,7657.75,7651.5,7655.0,11879
2026-09-15 11:51:00-04:00,7654.75,7655.0,7653.0,7653.25,1988
2026-09-15 11:52:00-04:00,7653.5,7654.25,7652.75,7653.25,1768
2026-09-15 11:53:00-04:00,7653.0,7654.25,7652.75,7653.5,1936
2026-09-15 11:54:00-04:00,7653.75,7653.75,7652.25,7652.75,2405
2026-09-15 11:55:00-04:00,7653.0,7658.0,7651.5,7657.25,7993
2026-09-15 11:56:00-04:00,7657.25,7657.25,7653.25,7654.25,5361
2026-09-15 11:57:00-04:00,7654.5,7655.25,7654.0,7654.5,4275
2026-09-15 11:58:00-04:00,7654.5,7655.0,7652.75,7652.75,2530
2026-09-15 11:59:00-04:00,7652.75,7654.25,7652.75,7653.0,1454
2026-09-15 12:00:00-04:00,7653.0,7654.25,7651.75,7653.25,2258
2026-09-15 12:01:00-04:00,7653.25,7655.0,7653.25,7654.25,1964
2026-09-15 12:02:00-04:00,7654.25,7654.75,7653.25,7654.0,2010
2026-09-15 12:03:00-04:00,7654.0,7654.25,7653.5,7654.0,2635
2026-09-15 12:04:00-04:00,7654.25,7655.25,7654.0,7655.25,1356
2026-09-15 12:05:00-04:00,7655.0,7655.0,7652.75,7654.0,1624
2026-09-15 12:06:00-04:00,7653.75,7654.25,7652.5,7652.5,2081
2026-09-15 12:07:00-04:00,7652.5,7652.5,7650.0,7650.75,3629
2026-09-15 12:08:00-04:00,7651.0,7651.0,7649.5,7650.0,2264
2026-09-15 12:09:00-04:00,7650.0,7650.5,7648.0,7649.25,2778
2026-09-15 12:10:00-04:00,7649.25,7650.0,7649.25,7649.5,4651
2026-09-15 12:11:00-04:00,7649.25,7650.25,7648.5,7650.0,1641
2026-09-15 12:12:00-04:00,7650.0,7650.25,7649.0,7649.5,1345
2026-09-15 12:13:00-04:00,7649.25,7650.25,7648.5,7650.0,1901
2026-09-15 12:14:00-04:00,7650.0,7650.25,7649.25,7649.75,1169
2026-09-15 12:15:00-04:00,7649.75,7650.25,7649.0,7649.75,1577
2026-09-15 12:16:00-04:00,7649.5,7650.25,7649.25,7649.5,1696
2026-09-15 12:17:00-04:00,7649.75,7651.5,7649.5,7651.25,1618
2026-09-15 12:18:00-04:00,7651.25,7652.0,7650.5,7652.0,1903
2026-09-15 12:19:00-04:00,7651.75,7653.0,7651.25,7653.0,2225
2026-09-15 12:20:00-04:00,7652.75,7654.0,7652.75,7652.75,2807
2026-09-15 12:21:00-04:00,7652.75,7654.75,7652.75,7654.25,1788
2026-09-15 12:22:00-04:00,7654.25,7656.0,7654.25,7655.75,2773
2026-09-15 12:23:00-04:00,7655.5,7658.25,7655.5,7657.75,5736
2026-09-15 12:24:00-04:00,7657.75,7659.0,7657.25,7658.75,3250
2026-09-15 12:25:00-04:00,7658.75,7659.5,7658.0,7658.5,2907
2026-09-15 12:26:00-04:00,7658.5,7659.5,7658.0,7659.0,2668
2026-09-15 12:27:00-04:00,7659.0,7660.25,7658.5,7659.75,2520
2026-09-15 12:28:00-04:00,7659.5,7661.0,7659.5,7660.0,2343
2026-09-15 12:29:00-04:00,7660.25,7660.25,7657.0,7658.0,2162
2026-09-15 12:30:00-04:00,7657.75,7658.0,7655.0,7656.25,2726
2026-09-15 12:31:00-04:00,7656.0,7658.0,7655.5,7658.0,2901
2026-09-15 12:32:00-04:00,7657.75,7660.0,7657.25,7660.0,2746
2026-09-15 12:33:00-04:00,7660.0,7660.0,7658.75,7659.0,2880
2026-09-15 12:34:00-04:00,7659.0,7659.75,7658.0,7658.75,2973
2026-09-15 12:35:00-04:00,7658.5,7658.75,7657.0,7658.0,1569
2026-09-15 12:36:00-04:00,7657.75,7659.0,7657.5,7659.0,1852
2026-09-15 12:37:00-04:00,7659.0,7659.5,7658.5,7658.75,3428
2026-09-15 12:38:00-04:00,7658.5,7658.75,7657.5,7657.75,2704
2026-09-15 12:39:00-04:00,7657.75,7657.75,7656.5,7657.5,1788
2026-09-15 12:40:00-04:00,7657.25,7658.0,7656.75,7657.25,1802
2026-09-15 12:41:00-04:00,7657.0,7658.5,7656.5,7658.5,1411
2026-09-15 12:42:00-04:00,7658.25,7658.75,7658.0,7658.0,2114
2026-09-15 12:43:00-04:00,7657.75,7658.25,7657.25,7658.25,1279
2026-09-15 12:44:00-04:00,7658.0,7658.5,7657.0,7658.25,1923
2026-09-15 12:45:00-04:00,7658.25,7659.5,7657.75,7658.25,2473
2026-09-15 12:46:00-04:00,7658.25,7659.25,7657.75,7658.75,1317
2026-09-15 12:47:00-04:00,7659.0,7659.0,7657.25,7657.75,1329
2026-09-15 12:48:00-04:00,7657.75,7657.75,7655.25,7655.25,2167
2026-09-15 12:49:00-04:00,7655.5,7656.75,7655.0,7656.5,1487
2026-09-15 12:50:00-04:00,7656.5,7657.25,7656.25,7656.75,3957
2026-09-15 12:51:00-04:00,7656.75,7658.0,7656.75,7657.25,1567
2026-09-15 12:52:00-04:00,7657.25,7660.75,7657.0,7660.25,2326
2026-09-15 12:53:00-04:00,7660.5,7661.75,7660.25,7661.5,3249
2026-09-15 12:54:00-04:00,7661.5,7662.25,7661.5,7662.0,2224
2026-09-15 12:55:00-04:00,7662.0,7662.75,7661.25,7661.75,2689
2026-09-15 12:56:00-04:00,7661.75,7662.0,7659.0,7659.0,2777
2026-09-15 12:57:00-04:00,7659.0,7659.75,7658.25,7658.75,2996
2026-09-15 12:58:00-04:00,7658.75,7659.25,7657.75,7659.0,2288
2026-09-15 12:59:00-04:00,7659.25,7659.5,7657.5,7659.25,1878
2026-09-15 13:00:00-04:00,7659.5,7659.5,7658.5,7658.75,2838
2026-09-15 13:01:00-04:00,7659.0,7660.25,7658.75,7660.25,1445
2026-09-15 13:02:00-04:00,7660.25,7660.25,7654.75,7655.75,4518
2026-09-15 13:03:00-04:00,7655.75,7656.0,7654.5,7655.0,2466
2026-09-15 13:04:00-04:00,7655.0,7655.75,7653.25,7653.5,2267
2026-09-15 13:05:00-04:00,7653.5,7654.25,7652.75,7653.0,2487
2026-09-15 13:06:00-04:00,7652.75,7654.0,7652.25,7653.5,2757
2026-09-15 13:07:00-04:00,7653.5,7656.25,7653.5,7655.25,2923
2026-09-15 13:08:00-04:00,7655.25,7655.5,7654.25,7654.25,2189
2026-09-15 13:09:00-04:00,7654.5,7655.5,7654.0,7654.0,2194
2026-09-15 13:10:00-04:00,7654.0,7656.75,7654.0,7656.5,3443
2026-09-15 13:11:00-04:00,7656.5,7657.5,7656.25,7656.25,1703
2026-09-15 13:12:00-04:00,7656.5,7656.5,7654.25,7654.25,2403
2026-09-15 13:13:00-04:00,7654.25,7655.5,7654.0,7654.75,1858
2026-09-15 13:14:00-04:00,7655.0,7655.25,7653.0,7653.0,1669
2026-09-15 13:15:00-04:00,7653.0,7653.25,7652.0,7652.5,1571
2026-09-15 13:16:00-04:00,7652.25,7652.75,7651.75,7652.5,1432
2026-09-15 13:17:00-04:00,7652.5,7652.75,7650.75,7651.25,3457
2026-09-15 13:18:00-04:00,7651.25,7651.5,7650.75,7651.0,1398
2026-09-15 13:19:00-04:00,7651.0,7652.25,7650.5,7652.25,2278
2026-09-15 13:20:00-04:00,7652.0,7652.75,7651.75,7652.25,2166
2026-09-15 13:21:00-04:00,7652.25,7652.75,7651.25,7651.5,1657
2026-09-15 13:22:00-04:00,7651.25,7651.5,7649.0,7650.0,3017
2026-09-15 13:23:00-04:00,7649.75,7650.25,7649.25,7650.0,1350
2026-09-15 13:24:00-04:00,7649.75,7650.0,7648.5,7648.5,1528
2026-09-15 13:25:00-04:00,7648.5,7650.0,7648.0,7649.5,3983
2026-09-15 13:26:00-04:00,7649.25,7650.75,7649.25,7650.25,2239
2026-09-15 13:27:00-04:00,7650.0,7651.25,7649.75,7650.5,1168
2026-09-15 13:28:00-04:00,7650.5,7650.75,7648.75,7649.75,1590
2026-09-15 13:29:00-04:00,7649.5,7650.75,7649.0,7650.75,1643
2026-09-15 13:30:00-04:00,7650.75,7652.0,7650.25,7650.5,1917
2026-09-15 13:31:00-04:00,7650.5,7652.75,7650.5,7652.75,4917
2026-09-15 13:32:00-04:00,7652.5,7654.0,7652.5,7653.75,1782
2026-09-15 13:33:00-04:00,7653.5,7653.75,7652.5,7653.75,1814
2026-09-15 13:34:00-04:00,7653.5,7654.0,7651.75,7652.25,1846
2026-09-15 13:35:00-04:00,7652.25,7653.75,7651.75,7653.5,1840
2026-09-15 13:36:00-04:00,7653.25,7653.25,7651.75,7652.5,1574
2026-09-15 13:37:00-04:00,7652.25,7653.75,7651.25,7653.75,1632
2026-09-15 13:38:00-04:00,7653.5,7653.5,7652.0,7653.0,1983
2026-09-15 13:39:00-04:00,7652.75,7653.5,7651.75,7653.25,1368
2026-09-15 13:40:00-04:00,7653.25,7654.75,7652.5,7654.25,2121
2026-09-15 13:41:00-04:00,7654.25,7654.25,7653.0,7653.0,1233
2026-09-15 13:42:00-04:00,7653.0,7653.25,7651.25,7651.75,2669
2026-09-15 13:43:00-04:00,7651.75,7653.5,7651.0,7653.25,2035
2026-09-15 13:44:00-04:00,7653.25,7654.25,7653.25,7653.75,1337
2026-09-15 13:45:00-04:00,7653.5,7654.5,7653.5,7654.25,1979
2026-09-15 13:46:00-04:00,7654.5,7655.0,7653.0,7653.0,1688
2026-09-15 13:47:00-04:00,7653.25,7654.0,7652.75,7652.75,2642
2026-09-15 13:48:00-04:00,7652.75,7653.25,7652.0,7652.5,2577
2026-09-15 13:49:00-04:00,7652.5,7652.5,7651.5,7652.0,1395
2026-09-15 13:50:00-04:00,7651.75,7652.75,7651.75,7652.75,1443
2026-09-15 13:51:00-04:00,7652.75,7653.5,7652.5,7653.25,1169
2026-09-15 13:52:00-04:00,7653.0,7654.0,7652.75,7653.75,1467
2026-09-15 13:53:00-04:00,7653.75,7654.75,7653.0,7654.75,2165
2026-09-15 13:54:00-04:00,7654.75,7655.0,7653.25,7654.75,1858
2026-09-15 13:55:00-04:00,7654.75,7655.0,7653.75,7655.0,2318
2026-09-15 13:56:00-04:00,7655.0,7656.25,7654.75,7656.0,3145
2026-09-15 13:57:00-04:00,7656.0,7656.25,7655.5,7655.75,1241
2026-09-15 13:58:00-04:00,7655.75,7655.75,7654.75,7655.5,1588
2026-09-15 13:59:00-04:00,7655.5,7656.0,7654.75,7655.25,1375
2026-09-15 14:00:00-04:00,7655.5,7656.5,7653.5,7654.25,2100
2026-09-15 14:01:00-04:00,7654.25,7656.25,7653.75,7656.25,1563
2026-09-15 14:02:00-04:00,7656.0,7657.5,7655.5,7657.0,2273
2026-09-15 14:03:00-04:00,7657.25,7657.5,7656.25,7657.5,1895
2026-09-15 14:04:00-04:00,7657.5,7657.5,7656.75,7657.5,2928
2026-09-15 14:05:00-04:00,7657.5,7657.5,7656.5,7657.0,1575
2026-09-15 14:06:00-04:00,7657.25,7658.25,7657.0,7658.0,1325
2026-09-15 14:07:00-04:00,7658.0,7658.25,7657.5,7658.0,2003
2026-09-15 14:08:00-04:00,7658.0,7658.25,7657.5,7657.75,1610
2026-09-15 14:09:00-04:00,7657.75,7659.25,7657.75,7659.25,1413
2026-09-15 14:10:00-04:00,7659.25,7659.75,7658.0,7658.0,1824
2026-09-15 14:11:00-04:00,7658.0,7660.5,7658.0,7659.75,2036
2026-09-15 14:12:00-04:00,7660.0,7660.5,7659.75,7660.5,2503
2026-09-15 14:13:00-04:00,7660.5,7662.0,7660.25,7661.0,1960
2026-09-15 14:14:00-04:00,7661.25,7661.5,7659.5,7660.25,2193
2026-09-15 14:15:00-04:00,7660.5,7660.75,7658.75,7659.0,2395
2026-09-15 14:16:00-04:00,7659.25,7659.25,7657.5,7657.75,2604
2026-09-15 14:17:00-04:00,7657.75,7658.0,7657.0,7657.5,4257
2026-09-15 14:18:00-04:00,7657.75,7658.0,7657.25,7657.5,1595
2026-09-15 14:19:00-04:00,7657.75,7658.0,7657.0,7657.5,2136
2026-09-15 14:20:00-04:00,7657.5,7658.75,7657.5,7657.75,2034
2026-09-15 14:21:00-04:00,7657.75,7658.5,7657.75,7657.75,1779
2026-09-15 14:22:00-04:00,7657.75,7658.25,7657.25,7657.25,1446
2026-09-15 14:23:00-04:00,7657.25,7657.5,7656.5,7656.5,1831
2026-09-15 14:24:00-04:00,7656.5,7657.0,7656.25,7657.0,1249
2026-09-15 14:25:00-04:00,7657.25,7657.75,7656.5,7657.5,1769
2026-09-15 14:26:00-04:00,7657.5,7657.5,7656.25,7657.0,1645
2026-09-15 14:27:00-04:00,7657.0,7657.0,7655.75,7656.25,1563
2026-09-15 14:28:00-04:00,7656.5,7659.0,7656.5,7659.0,2078
2026-09-15 14:29:00-04:00,7658.75,7659.25,7658.25,7659.25,2783
2026-09-15 14:30:00-04:00,7659.25,7659.25,7656.25,7656.75,2759
2026-09-15 14:31:00-04:00,7656.5,7656.75,7655.0,7655.75,1486
2026-09-15 14:32:00-04:00,7655.75,7655.75,7653.75,7653.75,1563
2026-09-15 14:33:00-04:00,7654.0,7654.5,7653.5,7654.25,1780
2026-09-15 14:34:00-04:00,7654.0,7654.5,7653.5,7654.25,1974
2026-09-15 14:35:00-04:00,7654.25,7655.25,7654.25,7654.75,1352
2026-09-15 14:36:00-04:00,7655.0,7655.25,7653.75,7655.0,1058
2026-09-15 14:37:00-04:00,7654.75,7654.75,7653.75,7654.75,1329
2026-09-15 14:38:00-04:00,7654.5,7655.5,7654.25,7655.0,1012
2026-09-15 14:39:00-04:00,7655.0,7655.5,7654.5,7655.0,1300
2026-09-15 14:40:00-04:00,7654.75,7655.0,7653.5,7653.75,1150
2026-09-15 14:41:00-04:00,7654.0,7658.5,7654.0,7657.5,6667
2026-09-15 14:42:00-04:00,7657.5,7657.5,7655.0,7655.25,2727
2026-09-15 14:43:00-04:00,7655.25,7655.5,7654.5,7654.75,1146
2026-09-15 14:44:00-04:00,7654.75,7655.25,7654.0,7654.0,1280
2026-09-15 14:45:00-04:00,7654.25,7654.75,7652.75,7653.5,2526
2026-09-15 14:46:00-04:00,7653.5,7654.0,7652.25,7652.5,1613
2026-09-15 14:47:00-04:00,7652.25,7652.75,7651.5,7651.5,2756
2026-09-15 14:48:00-04:00,7651.5,7652.0,7650.5,7651.0,1780
2026-09-15 14:49:00-04:00,7651.0,7651.25,7649.5,7650.75,2678
2026-09-15 14:50:00-04:00,7650.75,7652.5,7650.75,7652.0,4433
2026-09-15 14:51:00-04:00,7651.75,7653.0,7651.25,7652.25,1486
2026-09-15 14:52:00-04:00,7652.0,7653.25,7652.0,7652.75,1398
2026-09-15 14:53:00-04:00,7653.0,7653.5,7652.5,7652.75,2560
2026-09-15 14:54:00-04:00,7653.0,7653.75,7652.75,7653.25,1361
2026-09-15 14:55:00-04:00,7653.0,7654.0,7652.5,7653.25,1434
2026-09-15 14:56:00-04:00,7653.25,7654.5,7653.25,7654.25,1802
2026-09-15 14:57:00-04:00,7654.5,7655.75,7654.25,7654.75,1965
2026-09-15 14:58:00-04:00,7654.75,7656.25,7654.75,7655.5,1389
2026-09-15 14:59:00-04:00,7655.5,7657.25,7655.5,7657.0,2201
2026-09-15 15:00:00-04:00,7657.25,7658.5,7656.0,7658.25,2483
2026-09-15 15:01:00-04:00,7658.25,7658.75,7656.25,7656.5,2159
2026-09-15 15:02:00-04:00,7656.5,7656.5,7655.0,7656.5,2623
2026-09-15 15:03:00-04:00,7656.25,7656.25,7655.75,7656.25,1363
2026-09-15 15:04:00-04:00,7656.5,7657.0,7655.5,7655.75,2016
2026-09-15 15:05:00-04:00,7655.75,7656.25,7655.25,7655.75,1330
2026-09-15 15:06:00-04:00,7655.5,7656.0,7655.0,7655.5,1132
2026-09-15 15:07:00-04:00,7655.25,7655.75,7654.5,7655.75,1668
2026-09-15 15:08:00-04:00,7655.75,7656.25,7655.25,7655.75,2026
2026-09-15 15:09:00-04:00,7655.75,7656.25,7655.25,7655.75,734
2026-09-15 15:10:00-04:00,7655.75,7656.0,7655.25,7655.25,1297
2026-09-15 15:11:00-04:00,7655.25,7655.5,7654.5,7654.5,1792
2026-09-15 15:12:00-04:00,7654.75,7655.0,7653.5,7654.25,1952
2026-09-15 15:13:00-04:00,7654.25,7654.25,7653.0,7653.25,1567
2026-09-15 15:14:00-04:00,7653.5,7654.5,7653.0,7654.0,1135
2026-09-15 15:15:00-04:00,7654.0,7654.0,7653.0,7653.5,1495
2026-09-15 15:16:00-04:00,7653.5,7654.25,7653.0,7653.5,1970
2026-09-15 15:17:00-04:00,7653.5,7654.25,7653.25,7654.0,2342
2026-09-15 15:18:00-04:00,7654.0,7654.75,7653.5,7654.25,1057
2026-09-15 15:19:00-04:00,7654.25,7655.25,7654.0,7654.5,1663
2026-09-15 15:20:00-04:00,7654.25,7654.5,7653.25,7653.5,2096
2026-09-15 15:21:00-04:00,7653.5,7654.25,7653.25,7654.0,927
2026-09-15 15:22:00-04:00,7653.75,7654.25,7653.5,7654.0,1049
2026-09-15 15:23:00-04:00,7653.75,7654.5,7653.75,7654.25,1229
2026-09-15 15:24:00-04:00,7654.25,7654.5,7653.0,7653.75,1729
2026-09-15 15:25:00-04:00,7653.5,7653.5,7651.75,7652.25,3508
2026-09-15 15:26:00-04:00,7652.0,7653.5,7651.75,7653.5,1619
2026-09-15 15:27:00-04:00,7653.5,7654.0,7653.25,7653.75,1475
2026-09-15 15:28:00-04:00,7653.5,7653.75,7652.25,7653.0,1438
2026-09-15 15:29:00-04:00,7653.0,7653.0,7652.5,7652.5,1214
2026-09-15 15:30:00-04:00,7652.5,7652.75,7651.75,7652.25,2543
2026-09-15 15:31:00-04:00,7652.25,7652.75,7652.0,7652.25,2420
2026-09-15 15:32:00-04:00,7652.25,7653.5,7652.0,7652.5,2754
2026-09-15 15:33:00-04:00,7652.75,7653.0,7652.25,7652.75,2144
2026-09-15 15:34:00-04:00,7652.5,7652.5,7651.5,7651.75,1801
2026-09-15 15:35:00-04:00,7652.0,7652.0,7650.75,7651.25,1701
2026-09-15 15:36:00-04:00,7651.25,7651.75,7651.0,7651.25,2109
2026-09-15 15:37:00-04:00,7651.25,7651.75,7650.0,7650.75,2033
2026-09-15 15:38:00-04:00,7651.0,7651.0,7649.5,7649.75,1981
2026-09-15 15:39:00-04:00,7649.5,7649.75,7648.5,7649.25,2462
2026-09-15 15:40:00-04:00,7649.5,7649.75,7648.25,7649.5,1940
2026-09-15 15:41:00-04:00,7649.5,7650.25,7649.25,7649.5,2473
2026-09-15 15:42:00-04:00,7649.75,7650.25,7648.75,7649.0,2032
2026-09-15 15:43:00-04:00,7649.0,7650.25,7648.0,7649.5,2192
2026-09-15 15:44:00-04:00,7649.75,7651.0,7649.75,7650.25,2903
2026-09-15 15:45:00-04:00,7650.25,7650.5,7649.25,7649.5,2702
2026-09-15 15:46:00-04:00,7649.75,7651.5,7649.75,7651.5,4154
2026-09-15 15:47:00-04:00,7651.25,7652.75,7650.75,7651.25,4319
2026-09-15 15:48:00-04:00,7651.25,7651.75,7651.0,7651.25,3346
2026-09-15 15:49:00-04:00,7651.5,7653.25,7651.25,7652.75,2632
2026-09-15 15:50:00-04:00,7652.75,7653.5,7650.0,7650.25,5520
2026-09-15 15:51:00-04:00,7650.0,7651.25,7649.5,7650.0,1864
2026-09-15 15:52:00-04:00,7650.0,7650.5,7648.75,7649.0,4154
2026-09-15 15:53:00-04:00,7649.0,7650.25,7648.75,7649.75,3933
2026-09-15 15:54:00-04:00,7649.75,7653.0,7649.5,7652.75,4796
2026-09-15 15:55:00-04:00,7652.75,7653.5,7651.0,7652.5,5983
2026-09-15 15:56:00-04:00,7652.5,7653.5,7652.0,7652.75,3053
2026-09-15 15:57:00-04:00,7652.75,7653.5,7652.0,7653.0,4203
2026-09-15 15:58:00-04:00,7652.75,7656.0,7651.5,7655.5,14734
2026-09-15 15:59:00-04:00,7655.5,7657.75,7653.5,7656.75,62338
2026-09-15 16:00:00-04:00,7657.0,7660.5,7656.5,7659.75,12728
2026-09-15 16:01:00-04:00,7659.75,7661.25,7659.75,7661.25,2469
2026-09-15 16:02:00-04:00,7661.0,7661.25,7660.25,7661.25,1463
2026-09-15 16:03:00-04:00,7661.0,7661.75,7660.25,7661.25,1923
2026-09-15 16:04:00-04:00,7661.25,7662.25,7661.0,7661.75,1502
2026-09-15 16:05:00-04:00,7662.0,7662.25,7661.0,7661.75,1213
2026-09-15 16:06:00-04:00,7661.5,7661.75,7661.0,7661.5,1087
2026-09-15 16:07:00-04:00,7661.25,7662.5,7661.25,7662.5,1024
2026-09-15 16:08:00-04:00,7662.5,7662.75,7662.0,7662.0,1174
2026-09-15 16:09:00-04:00,7662.0,7662.0,7661.5,7662.0,606
2026-09-15 16:10:00-04:00,7661.75,7664.75,7661.5,7664.0,1929
2026-09-15 16:11:00-04:00,7664.0,7665.0,7663.75,7664.5,1307
2026-09-15 16:12:00-04:00,7664.5,7664.75,7664.0,7664.0,548
2026-09-15 16:13:00-04:00,7664.0,7664.75,7664.0,7664.5,643
2026-09-15 16:14:00-04:00,7664.25,7664.75,7664.0,7664.25,1215
2026-09-15 16:15:00-04:00,7664.5,7664.75,7664.25,7664.5,525
2026-09-15 16:16:00-04:00,7664.5,7664.5,7663.0,7663.5,1592
2026-09-15 16:17:00-04:00,7663.75,7664.0,7663.5,7664.0,620
2026-09-15 16:18:00-04:00,7663.75,7664.5,7663.75,7664.5,252
2026-09-15 16:19:00-04:00,7664.5,7664.5,7663.5,7663.75,333
2026-09-15 16:20:00-04:00,7663.75,7664.25,7663.5,7663.75,333
2026-09-15 16:21:00-04:00,7664.0,7664.0,7663.5,7663.5,221
2026-09-15 16:22:00-04:00,7663.5,7663.75,7663.25,7663.5,340
2026-09-15 16:23:00-04:00,7663.25,7663.5,7663.0,7663.5,629
2026-09-15 16:24:00-04:00,7663.5,7664.0,7663.5,7664.0,314
2026-09-15 16:25:00-04:00,7663.75,7664.0,7663.75,7664.0,251
2026-09-15 16:26:00-04:00,7664.0,7664.25,7663.25,7663.25,591
2026-09-15 16:27:00-04:00,7663.0,7663.5,7663.0,7663.5,225
2026-09-15 16:28:00-04:00,7663.5,7663.5,7663.25,7663.5,78
2026-09-15 16:29:00-04:00,7663.5,7664.0,7663.0,7663.5,343
2026-09-15 16:30:00-04:00,7663.25,7664.0,7663.0,7663.5,333
2026-09-15 16:31:00-04:00,7663.25,7663.5,7663.25,7663.25,56
2026-09-15 16:32:00-04:00,7663.25,7665.25,7663.25,7663.5,1093
2026-09-15 16:33:00-04:00,7663.5,7663.75,7663.25,7663.25,214
2026-09-15 16:34:00-04:00,7663.5,7663.5,7663.25,7663.25,191
2026-09-15 16:35:00-04:00,7663.5,7664.0,7663.25,7663.75,278
2026-09-15 16:36:00-04:00,7663.5,7663.5,7663.0,7663.25,201
2026-09-15 16:37:00-04:00,7663.25,7663.5,7663.0,7663.5,237
2026-09-15 16:38:00-04:00,7663.25,7663.75,7663.25,7663.5,281
2026-09-15 16:39:00-04:00,7663.5,7663.5,7663.0,7663.25,180
2026-09-15 16:40:00-04:00,7663.0,7663.25,7663.0,7663.25,78
2026-09-15 16:41:00-04:00,7663.25,7664.0,7663.0,7664.0,148
2026-09-15 16:42:00-04:00,7663.75,7664.25,7663.75,7663.75,144
2026-09-15 16:43:00-04:00,7664.0,7664.0,7663.25,7663.25,159
2026-09-15 16:44:00-04:00,7663.25,7663.75,7663.25,7663.5,80
2026-09-15 16:45:00-04:00,7663.75,7664.0,7663.25,7663.75,254
2026-09-15 16:46:00-04:00,7663.5,7663.75,7663.25,7663.25,327
2026-09-15 16:47:00-04:00,7663.0,7663.75,7663.0,7663.75,202
2026-09-15 16:48:00-04:00,7663.5,7663.75,7663.5,7663.5,116
2026-09-15 16:49:00-04:00,7663.5,7664.5,7663.5,7664.5,189
2026-09-15 16:50:00-04:00,7664.25,7664.5,7663.75,7663.75,277
2026-09-15 16:51:00-04:00,7663.75,7663.75,7663.25,7663.5,100
2026-09-15 16:52:00-04:00,7663.5,7664.0,7663.5,7663.75,175
2026-09-15 16:53:00-04:00,7663.75,7663.75,7663.5,7663.75,108
2026-09-15 16:54:00-04:00,7663.75,7663.75,7663.25,7663.75,186
2026-09-15 16:55:00-04:00,7663.5,7664.0,7663.25,7663.75,132
2026-09-15 16:56:00-04:00,7664.0,7664.0,7663.5,7663.5,115
2026-09-15 16:57:00-04:00,7663.5,7663.75,7663.25,7663.75,198
2026-09-15 16:58:00-04:00,7663.75,7664.0,7663.5,7664.0,433
2026-09-15 16:59:00-04:00,7663.75,7664.0,7663.5,7663.75,496
2026-09-15 18:00:00-04:00,7663.25,7665.0,7661.75,7662.5,0
2026-09-15 18:01:00-04:00,7662.75,7664.5,7662.25,7664.0,349
2026-09-15 18:02:00-04:00,7663.5,7664.0,7662.75,7663.5,140
2026-09-15 18:03:00-04:00,7663.75,7664.0,7663.0,7663.5,180
2026-09-15 18:04:00-04:00,7663.75,7663.75,7663.25,7663.75,52
2026-09-15 18:05:00-04:00,7663.5,7663.5,7662.25,7663.0,153
2026-09-15 18:06:00-04:00,7663.0,7663.25,7662.75,7662.75,74
2026-09-15 18:07:00-04:00,7663.0,7663.25,7662.25,7663.25,77
2026-09-15 18:08:00-04:00,7663.25,7663.25,7662.25,7662.5,105
2026-09-15 18:09:00-04:00,7662.25,7662.75,7661.75,7662.75,104
2026-09-15 18:10:00-04:00,7662.75,7662.75,7662.25,7662.5,46
2026-09-15 18:11:00-04:00,7662.75,7662.75,7662.0,7662.0,28
2026-09-15 18:12:00-04:00,7662.0,7662.25,7661.5,7662.25,54
2026-09-15 18:13:00-04:00,7662.0,7662.0,7661.5,7661.75,38
2026-09-15 18:14:00-04:00,7661.75,7662.25,7661.5,7661.75,55
2026-09-15 18:15:00-04:00,7662.0,7663.0,7662.0,7662.5,65
2026-09-15 18:16:00-04:00,7662.75,7663.0,7662.25,7662.25,45
2026-09-15 18:17:00-04:00,7662.25,7662.25,7661.75,7661.75,77
2026-09-15 18:18:00-04:00,7661.75,7662.25,7661.75,7662.25,95
2026-09-15 18:19:00-04:00,7662.0,7662.25,7661.75,7661.75,30
2026-09-15 18:20:00-04:00,7661.75,7662.25,7661.5,7662.0,93
2026-09-15 18:21:00-04:00,7662.25,7663.75,7662.25,7663.25,304
2026-09-15 18:22:00-04:00,7663.0,7663.0,7662.75,7662.75,100
2026-09-15 18:23:00-04:00,7663.0,7663.5,7662.75,7663.5,102
2026-09-15 18:24:00-04:00,7663.5,7663.5,7662.75,7663.0,147
2026-09-15 18:25:00-04:00,7663.0,7663.25,7662.75,7662.75,129
2026-09-15 18:26:00-04:00,7662.75,7663.5,7662.75,7663.0,75
2026-09-15 18:27:00-04:00,7663.25,7663.75,7662.75,7663.5,165
2026-09-15 18:28:00-04:00,7663.25,7663.5,7663.0,7663.0,57
2026-09-15 18:29:00-04:00,7663.0,7663.25,7662.75,7663.25,102
2026-09-15 18:30:00-04:00,7663.0,7664.25,7663.0,7664.25,120
2026-09-15 18:31:00-04:00,7664.25,7664.25,7663.75,7663.75,81
2026-09-15 18:32:00-04:00,7663.75,7663.75,7663.75,7663.75,42
2026-09-15 18:33:00-04:00,7663.75,7664.5,7663.75,7664.5,51
2026-09-15 18:34:00-04:00,7664.25,7665.0,7664.0,7664.5,49
2026-09-15 18:35:00-04:00,7664.5,7664.75,7664.5,7664.75,56
2026-09-15 18:36:00-04:00,7665.0,7665.25,7664.5,7665.25,125
2026-09-15 18:37:00-04:00,7665.25,7666.0,7665.25,7666.0,103
2026-09-15 18:38:00-04:00,7666.0,7666.25,7665.75,7666.25,161
2026-09-15 18:39:00-04:00,7666.25,7666.75,7666.0,7666.5,88
2026-09-15 18:40:00-04:00,7666.25,7666.25,7665.0,7665.0,96
2026-09-15 18:41:00-04:00,7665.25,7666.25,7665.0,7665.75,164
2026-09-15 18:42:00-04:00,7666.0,7666.0,7665.75,7665.75,65
2026-09-15 18:43:00-04:00,7665.75,7665.75,7665.25,7665.5,105
2026-09-15 18:44:00-04:00,7665.5,7665.75,7665.25,7665.75,48
2026-09-15 18:45:00-04:00,7665.75,7665.75,7665.25,7665.5,104
2026-09-15 18:46:00-04:00,7665.5,7665.75,7665.25,7665.5,63
2026-09-15 18:47:00-04:00,7665.5,7665.75,7665.25,7665.5,104
2026-09-15 18:48:00-04:00,7665.75,7666.75,7665.75,7666.5,187
2026-09-15 18:49:00-04:00,7666.75,7666.75,7666.5,7666.5,26
2026-09-15 18:50:00-04:00,7666.5,7666.75,7666.5,7666.5,26
2026-09-15 18:51:00-04:00,7666.5,7666.75,7666.25,7666.5,20
2026-09-15 18:52:00-04:00,7666.75,7667.0,7666.25,7666.5,80
2026-09-15 18:53:00-04:00,7666.75,7667.0,7666.75,7666.75,25
2026-09-15 18:54:00-04:00,7666.75,7667.0,7666.75,7667.0,51
2026-09-15 18:55:00-04:00,7667.0,7667.25,7666.75,7666.75,48
2026-09-15 18:56:00-04:00,7667.0,7667.0,7666.75,7667.0,30
2026-09-15 18:57:00-04:00,7666.75,7667.0,7666.75,7666.75,11
2026-09-15 18:58:00-04:00,7667.0,7667.0,7666.5,7666.5,19
2026-09-15 18:59:00-04:00,7666.75,7666.75,7666.5,7666.5,28
2026-09-15 19:00:00-04:00,7666.5,7666.75,7666.0,7666.75,106
2026-09-15 19:01:00-04:00,7666.75,7666.75,7665.5,7665.75,222
2026-09-15 19:02:00-04:00,7665.75,7666.0,7665.5,7665.5,47
2026-09-15 19:03:00-04:00,7665.5,7665.5,7665.0,7665.25,63
2026-09-15 19:04:00-04:00,7665.0,7665.0,7664.75,7665.0,57
2026-09-15 19:05:00-04:00,7665.0,7665.0,7664.75,7665.0,33
2026-09-15 19:06:00-04:00,7665.0,7665.25,7665.0,7665.25,17
2026-09-15 19:07:00-04:00,7665.0,7665.0,7664.5,7664.75,46
2026-09-15 19:08:00-04:00,7664.75,7665.0,7664.75,7664.75,45
2026-09-15 19:09:00-04:00,7664.75,7664.75,7664.75,7664.75,4
2026-09-15 19:10:00-04:00,7665.0,7665.0,7664.75,7665.0,23
2026-09-15 19:11:00-04:00,7664.75,7665.0,7664.75,7664.75,32
2026-09-15 19:12:00-04:00,7665.0,7665.25,7664.5,7664.5,41
2026-09-15 19:13:00-04:00,7664.75,7665.0,7664.25,7664.5,40
2026-09-15 19:14:00-04:00,7664.5,7664.5,7664.25,7664.25,17
2026-09-15 19:15:00-04:00,7664.5,7664.5,7664.5,7664.5,17
2026-09-15 19:16:00-04:00,7664.75,7664.75,7664.5,7664.5,7
2026-09-15 19:17:00-04:00,7664.5,7664.5,7664.5,7664.5,5
2026-09-15 19:18:00-04:00,7664.25,7664.25,7663.5,7664.0,101
2026-09-15 19:19:00-04:00,7664.0,7664.0,7663.75,7663.75,34
2026-09-15 19:20:00-04:00,7663.75,7664.0,7663.75,7663.75,24
2026-09-15 19:21:00-04:00,7663.5,7663.75,7663.25,7663.75,48
2026-09-15 19:22:00-04:00,7664.0,7664.0,7663.25,7663.25,18
2026-09-15 19:23:00-04:00,7663.25,7663.5,7663.25,7663.5,22
2026-09-15 19:24:00-04:00,7663.5,7663.5,7663.25,7663.5,63
2026-09-15 19:25:00-04:00,7663.5,7663.75,7663.5,7663.5,44
2026-09-15 19:26:00-04:00,7663.25,7663.75,7663.0,7663.0,58
2026-09-15 19:27:00-04:00,7663.25,7663.25,7662.75,7663.0,37
2026-09-15 19:28:00-04:00,7662.75,7662.75,7662.5,7662.75,83
2026-09-15 19:29:00-04:00,7662.75,7663.0,7662.5,7663.0,35
2026-09-15 19:30:00-04:00,7662.75,7663.5,7662.75,7663.25,54
2026-09-15 19:31:00-04:00,7663.5,7663.5,7662.75,7663.0,64
2026-09-15 19:32:00-04:00,7663.0,7663.0,7663.0,7663.0,4
2026-09-15 19:33:00-04:00,7663.0,7663.0,7663.0,7663.0,38
2026-09-15 19:34:00-04:00,7663.25,7663.5,7663.0,7663.0,48
2026-09-15 19:35:00-04:00,7663.0,7663.25,7662.75,7663.0,33
2026-09-15 19:36:00-04:00,7663.0,7663.0,7662.75,7662.75,22
2026-09-15 19:37:00-04:00,7662.75,7663.25,7662.5,7663.25,40
2026-09-15 19:38:00-04:00,7663.25,7664.25,7663.25,7664.0,218
2026-09-15 19:39:00-04:00,7664.0,7664.25,7664.0,7664.25,38
2026-09-15 19:40:00-04:00,7664.25,7665.5,7664.0,7665.5,174
2026-09-15 19:41:00-04:00,7665.5,7665.75,7665.25,7665.5,105
2026-09-15 19:42:00-04:00,7665.25,7665.25,7665.0,7665.25,22
2026-09-15 19:43:00-04:00,7665.5,7666.25,7665.5,7665.75,152
2026-09-15 19:44:00-04:00,7665.75,7666.0,7665.5,7665.5,50
2026-09-15 19:45:00-04:00,7665.75,7666.0,7665.25,7665.75,107
2026-09-15 19:46:00-04:00,7665.75,7666.25,7665.25,7665.75,63
2026-09-15 19:47:00-04:00,7665.75,7665.75,7665.0,7665.0,42
2026-09-15 19:48:00-04:00,7665.25,7665.25,7664.75,7664.75,33
2026-09-15 19:49:00-04:00,7664.75,7665.0,7664.75,7665.0,22
2026-09-15 19:50:00-04:00,7665.0,7666.0,7664.75,7666.0,48
2026-09-15 19:51:00-04:00,7665.75,7666.0,7665.25,7665.25,87
2026-09-15 19:52:00-04:00,7665.25,7665.5,7665.25,7665.25,30
2026-09-15 19:53:00-04:00,7665.25,7666.5,7665.25,7666.25,70
2026-09-15 19:54:00-04:00,7666.0,7666.5,7666.0,7666.5,28
2026-09-15 19:55:00-04:00,7666.5,7666.5,7665.5,7665.75,22
2026-09-15 19:56:00-04:00,7665.5,7665.5,7665.0,7665.0,69
2026-09-15 19:57:00-04:00,7665.25,7665.25,7665.0,7665.25,20
2026-09-15 19:58:00-04:00,7665.25,7665.5,7665.25,7665.5,20
2026-09-15 19:59:00-04:00,7665.25,7665.5,7665.0,7665.5,79
2026-09-15 20:00:00-04:00,7665.5,7667.0,7665.5,7666.25,251
2026-09-15 20:01:00-04:00,7666.25,7666.5,7664.75,7665.0,253
2026-09-15 20:02:00-04:00,7664.75,7665.0,7663.0,7664.25,186
2026-09-15 20:03:00-04:00,7664.5,7665.75,7664.25,7665.0,83
2026-09-15 20:04:00-04:00,7665.0,7665.25,7664.0,7664.25,99
2026-09-15 20:05:00-04:00,7664.5,7665.75,7664.25,7665.0,65
2026-09-15 20:06:00-04:00,7665.5,7665.75,7665.0,7665.0,83
2026-09-15 20:07:00-04:00,7665.25,7665.75,7664.5,7665.0,65
2026-09-15 20:08:00-04:00,7665.0,7665.25,7664.5,7664.75,33
2026-09-15 20:09:00-04:00,7665.0,7665.0,7664.0,7664.0,26
2026-09-15 20:10:00-04:00,7664.25,7664.5,7663.5,7663.75,94
2026-09-15 20:11:00-04:00,7664.0,7666.5,7663.75,7666.25,111
2026-09-15 20:12:00-04:00,7666.25,7667.25,7666.0,7666.5,143
2026-09-15 20:13:00-04:00,7666.5,7666.5,7666.0,7666.25,62
2026-09-15 20:14:00-04:00,7666.25,7666.75,7666.25,7666.25,54
2026-09-15 20:15:00-04:00,7666.25,7666.5,7665.0,7665.25,195
2026-09-15 20:16:00-04:00,7665.5,7667.0,7665.5,7666.0,154
2026-09-15 20:17:00-04:00,7666.0,7666.75,7666.0,7666.75,144
2026-09-15 20:18:00-04:00,7666.75,7667.0,7665.75,7666.25,191
2026-09-15 20:19:00-04:00,7666.25,7667.0,7666.0,7666.5,68
2026-09-15 20:20:00-04:00,7666.25,7666.5,7666.0,7666.5,79
2026-09-15 20:21:00-04:00,7666.25,7666.5,7666.0,7666.25,56
2026-09-15 20:22:00-04:00,7666.25,7666.25,7665.5,7665.75,60
2026-09-15 20:23:00-04:00,7666.0,7666.0,7665.5,7665.5,77
2026-09-15 20:24:00-04:00,7665.25,7665.75,7665.25,7665.25,133
2026-09-15 20:25:00-04:00,7665.0,7665.25,7664.5,7664.5,93
2026-09-15 20:26:00-04:00,7664.75,7665.75,7664.5,7665.5,82
2026-09-15 20:27:00-04:00,7665.5,7665.75,7664.75,7665.25,58
2026-09-15 20:28:00-04:00,7665.5,7666.25,7665.25,7666.25,53
2026-09-15 20:29:00-04:00,7666.25,7666.25,7666.0,7666.25,88
2026-09-15 20:30:00-04:00,7666.25,7667.25,7666.25,7666.5,119
2026-09-15 20:31:00-04:00,7666.75,7666.75,7665.5,7666.0,77
2026-09-15 20:32:00-04:00,7666.0,7666.25,7665.75,7665.75,33
2026-09-15 20:33:00-04:00,7665.75,7665.75,7665.25,7665.25,64
2026-09-15 20:34:00-04:00,7665.25,7665.5,7664.5,7664.75,68
2026-09-15 20:35:00-04:00,7664.75,7664.75,7663.75,7664.5,167
2026-09-15 20:36:00-04:00,7664.5,7665.75,7664.5,7665.25,118
2026-09-15 20:37:00-04:00,7665.5,7665.75,7665.0,7665.5,102
2026-09-15 20:38:00-04:00,7665.5,7665.75,7664.75,7665.25,66
2026-09-15 20:39:00-04:00,7665.5,7665.5,7665.25,7665.5,38
2026-09-15 20:40:00-04:00,7665.5,7665.5,7664.75,7665.0,50
2026-09-15 20:41:00-04:00,7665.25,7665.75,7665.0,7665.25,63
2026-09-15 20:42:00-04:00,7665.25,7665.25,7664.75,7664.75,72
2026-09-15 20:43:00-04:00,7664.75,7665.25,7664.5,7664.5,87
2026-09-15 20:44:00-04:00,7664.5,7664.75,7664.5,7664.5,88
2026-09-15 20:45:00-04:00,7664.5,7665.25,7664.0,7664.5,132
2026-09-15 20:46:00-04:00,7664.75,7664.75,7663.75,7664.0,76
2026-09-15 20:47:00-04:00,7664.0,7664.5,7663.75,7664.5,66
2026-09-15 20:48:00-04:00,7664.5,7666.25,7664.5,7666.0,164
2026-09-15 20:49:00-04:00,7666.0,7666.25,7665.5,7665.5,87
2026-09-15 20:50:00-04:00,7665.75,7666.0,7665.25,7665.25,70
2026-09-15 20:51:00-04:00,7665.25,7665.25,7665.25,7665.25,43
2026-09-15 20:52:00-04:00,7665.5,7666.0,7665.5,7666.0,152
2026-09-15 20:53:00-04:00,7666.25,7666.25,7665.75,7665.75,75
2026-09-15 20:54:00-04:00,7665.5,7665.75,7665.25,7665.75,36
2026-09-15 20:55:00-04:00,7665.5,7665.5,7664.25,7664.25,176
2026-09-15 20:56:00-04:00,7664.25,7665.5,7664.25,7665.5,74
2026-09-15 20:57:00-04:00,7665.5,7665.75,7665.25,7665.25,39
2026-09-15 20:58:00-04:00,7665.5,7665.75,7665.25,7665.5,45
2026-09-15 20:59:00-04:00,7665.25,7665.75,7665.0,7665.0,90
2026-09-15 21:00:00-04:00,7665.0,7665.75,7664.75,7665.25,133
2026-09-15 21:01:00-04:00,7665.5,7665.75,7664.5,7664.5,155
2026-09-15 21:02:00-04:00,7664.75,7664.75,7664.0,7664.5,62
2026-09-15 21:03:00-04:00,7664.5,7665.25,7664.5,7664.5,83
2026-09-15 21:04:00-04:00,7664.25,7664.25,7663.25,7663.25,141
2026-09-15 21:05:00-04:00,7663.25,7663.5,7662.25,7663.25,199
2026-09-15 21:06:00-04:00,7663.25,7663.5,7662.5,7662.5,178
2026-09-15 21:07:00-04:00,7662.5,7662.5,7661.0,7661.25,458
2026-09-15 21:08:00-04:00,7661.5,7661.75,7661.0,7661.5,286
2026-09-15 21:09:00-04:00,7661.5,7661.5,7660.0,7661.0,591
2026-09-15 21:10:00-04:00,7661.0,7662.25,7660.0,7662.0,331
2026-09-15 21:11:00-04:00,7662.0,7662.75,7661.5,7662.5,186
2026-09-15 21:12:00-04:00,7662.25,7662.75,7662.0,7662.5,144
2026-09-15 21:13:00-04:00,7662.5,7665.75,7662.5,7665.5,378
2026-09-15 21:14:00-04:00,7665.5,7666.5,7665.25,7666.25,232
2026-09-15 21:15:00-04:00,7666.25,7666.75,7665.75,7666.5,285
2026-09-15 21:16:00-04:00,7666.25,7666.25,7665.75,7666.25,103
2026-09-15 21:17:00-04:00,7666.0,7666.0,7665.25,7665.75,85
2026-09-15 21:18:00-04:00,7665.75,7665.75,7665.0,7665.25,85
2026-09-15 21:19:00-04:00,7665.5,7666.0,7665.25,7666.0,101
2026-09-15 21:20:00-04:00,7666.0,7666.0,7665.5,7666.0,96
2026-09-15 21:21:00-04:00,7666.0,7666.0,7665.75,7666.0,47
2026-09-15 21:22:00-04:00,7666.0,7667.0,7666.0,7666.5,147
2026-09-15 21:23:00-04:00,7666.5,7667.0,7666.5,7666.5,70
2026-09-15 21:24:00-04:00,7666.75,7667.5,7666.75,7667.0,164
2026-09-15 21:25:00-04:00,7667.0,7667.75,7667.0,7667.5,197
2026-09-15 21:26:00-04:00,7667.75,7667.75,7666.25,7666.25,176
2026-09-15 21:27:00-04:00,7666.25,7666.5,7666.0,7666.5,49
2026-09-15 21:28:00-04:00,7666.5,7666.5,7666.0,7666.25,21
2026-09-15 21:29:00-04:00,7666.25,7666.5,7666.0,7666.0,57
2026-09-15 21:30:00-04:00,7666.0,7666.0,7664.25,7664.25,183
2026-09-15 21:31:00-04:00,7664.25,7664.75,7663.5,7663.5,162
2026-09-15 21:32:00-04:00,7663.75,7665.5,7663.75,7665.0,121
2026-09-15 21:33:00-04:00,7664.75,7665.0,7664.5,7664.75,63
2026-09-15 21:34:00-04:00,7664.75,7665.25,7664.75,7665.0,49
2026-09-15 21:35:00-04:00,7665.25,7665.75,7664.75,7664.75,115
2026-09-15 21:36:00-04:00,7664.5,7664.5,7662.75,7663.25,151
2026-09-15 21:37:00-04:00,7663.0,7663.25,7662.5,7662.5,93
2026-09-15 21:38:00-04:00,7662.25,7662.5,7661.75,7662.25,181
2026-09-15 21:39:00-04:00,7662.5,7662.5,7662.0,7662.5,107
2026-09-15 21:40:00-04:00,7662.25,7662.75,7662.25,7662.75,154
2026-09-15 21:41:00-04:00,7662.75,7663.5,7662.5,7663.0,137
2026-09-15 21:42:00-04:00,7663.0,7663.0,7662.5,7663.0,54
2026-09-15 21:43:00-04:00,7663.0,7663.0,7662.25,7662.25,76
2026-09-15 21:44:00-04:00,7662.25,7662.5,7662.25,7662.25,53
2026-09-15 21:45:00-04:00,7662.25,7664.25,7662.25,7663.5,138
2026-09-15 21:46:00-04:00,7663.5,7663.75,7662.5,7662.5,148
2026-09-15 21:47:00-04:00,7662.25,7663.25,7662.25,7662.75,203
2026-09-15 21:48:00-04:00,7662.75,7662.75,7662.0,7662.25,88
2026-09-15 21:49:00-04:00,7662.25,7662.5,7661.75,7661.75,81
2026-09-15 21:50:00-04:00,7661.75,7662.0,7660.25,7660.25,217
2026-09-15 21:51:00-04:00,7660.25,7660.75,7660.0,7660.75,423
2026-09-15 21:52:00-04:00,7660.75,7660.75,7660.25,7660.5,53
2026-09-15 21:53:00-04:00,7660.5,7660.5,7659.25,7660.0,225
2026-09-15 21:54:00-04:00,7659.75,7659.75,7659.0,7659.5,131
2026-09-15 21:55:00-04:00,7659.5,7660.25,7659.25,7659.75,121
2026-09-15 21:56:00-04:00,7659.75,7659.75,7659.25,7659.5,91
2026-09-15 21:57:00-04:00,7659.5,7659.5,7659.0,7659.0,87
2026-09-15 21:58:00-04:00,7659.25,7659.75,7659.0,7659.25,104
2026-09-15 21:59:00-04:00,7659.25,7659.25,7658.75,7659.0,275
2026-09-15 22:00:00-04:00,7659.0,7660.5,7659.0,7660.5,137
2026-09-15 22:01:00-04:00,7660.5,7662.0,7660.5,7662.0,218
2026-09-15 22:02:00-04:00,7661.75,7664.25,7661.75,7664.0,368
2026-09-15 22:03:00-04:00,7663.75,7663.75,7663.0,7663.0,195
2026-09-15 22:04:00-04:00,7663.0,7663.25,7662.5,7663.25,148
2026-09-15 22:05:00-04:00,7663.25,7663.5,7661.75,7662.25,196
2026-09-15 22:06:00-04:00,7662.25,7662.5,7661.0,7661.75,141
2026-09-15 22:07:00-04:00,7661.5,7661.5,7660.5,7661.25,122
2026-09-15 22:08:00-04:00,7661.25,7662.0,7661.0,7661.75,91
2026-09-15 22:09:00-04:00,7661.75,7662.5,7661.5,7662.25,163
2026-09-15 22:10:00-04:00,7662.25,7663.5,7662.25,7662.5,137
2026-09-15 22:11:00-04:00,7662.5,7662.5,7661.0,7661.25,140
2026-09-15 22:12:00-04:00,7661.0,7661.5,7659.75,7661.0,551
2026-09-15 22:13:00-04:00,7661.0,7661.25,7660.5,7661.0,67
2026-09-15 22:14:00-04:00,7660.75,7660.75,7660.25,7660.75,57
2026-09-15 22:15:00-04:00,7660.75,7661.75,7660.5,7661.75,142
2026-09-15 22:16:00-04:00,7661.5,7662.0,7660.75,7661.75,539
2026-09-15 22:17:00-04:00,7661.75,7662.5,7661.5,7662.0,120
2026-09-15 22:18:00-04:00,7662.25,7662.25,7661.5,7661.75,184
2026-09-15 22:19:00-04:00,7662.0,7662.5,7661.5,7662.25,205
2026-09-15 22:20:00-04:00,7662.0,7662.0,7661.25,7661.75,76
2026-09-15 22:21:00-04:00,7661.75,7662.25,7661.5,7662.25,84
2026-09-15 22:22:00-04:00,7662.25,7662.75,7661.75,7662.0,83
2026-09-15 22:23:00-04:00,7661.75,7662.25,7661.75,7662.25,29
2026-09-15 22:24:00-04:00,7662.0,7663.75,7662.0,7663.5,192
2026-09-15 22:25:00-04:00,7663.25,7664.0,7663.25,7663.75,104
2026-09-15 22:26:00-04:00,7664.0,7664.25,7663.75,7664.25,137
2026-09-15 22:27:00-04:00,7664.5,7665.5,7664.5,7665.25,179
2026-09-15 22:28:00-04:00,7665.25,7665.5,7665.0,7665.0,72
2026-09-15 22:29:00-04:00,7665.25,7666.25,7665.0,7666.0,254
2026-09-15 22:30:00-04:00,7666.0,7668.0,7665.5,7667.25,321
2026-09-15 22:31:00-04:00,7667.0,7667.75,7667.0,7667.75,196
2026-09-15 22:32:00-04:00,7667.75,7668.0,7666.75,7666.75,147
2026-09-15 22:33:00-04:00,7666.75,7666.75,7665.5,7665.75,123
2026-09-15 22:34:00-04:00,7665.75,7667.5,7665.75,7667.0,158
2026-09-15 22:35:00-04:00,7667.0,7668.0,7667.0,7667.75,140
2026-09-15 22:36:00-04:00,7667.75,7668.25,7667.75,7668.0,156
2026-09-15 22:37:00-04:00,7668.0,7668.0,7667.5,7667.5,46
2026-09-15 22:38:00-04:00,7667.5,7667.5,7666.75,7667.0,140
2026-09-15 22:39:00-04:00,7667.0,7667.0,7666.25,7666.75,64
2026-09-15 22:40:00-04:00,7666.75,7666.75,7666.0,7666.25,53
2026-09-15 22:41:00-04:00,7666.0,7666.5,7665.75,7666.0,98
2026-09-15 22:42:00-04:00,7666.0,7666.25,7664.75,7665.0,380
2026-09-15 22:43:00-04:00,7664.75,7666.0,7664.75,7665.0,112
2026-09-15 22:44:00-04:00,7665.0,7665.0,7664.25,7665.0,144
2026-09-15 22:45:00-04:00,7665.0,7665.5,7665.0,7665.5,69
2026-09-15 22:46:00-04:00,7665.5,7666.0,7665.5,7665.75,101
2026-09-15 22:47:00-04:00,7665.75,7665.75,7665.0,7665.5,126
2026-09-15 22:48:00-04:00,7665.5,7666.0,7665.5,7666.0,48
2026-09-15 22:49:00-04:00,7666.0,7666.5,7665.5,7666.0,169
2026-09-15 22:50:00-04:00,7665.75,7666.25,7665.25,7666.25,72
2026-09-15 22:51:00-04:00,7666.25,7667.0,7665.75,7666.5,85
2026-09-15 22:52:00-04:00,7666.75,7666.75,7666.5,7666.5,31
2026-09-15 22:53:00-04:00,7666.25,7667.25,7666.25,7667.25,52
2026-09-15 22:54:00-04:00,7667.25,7667.25,7666.5,7666.5,21
2026-09-15 22:55:00-04:00,7666.75,7666.75,7666.25,7666.75,41
2026-09-15 22:56:00-04:00,7667.0,7667.75,7667.0,7667.25,153
2026-09-15 22:57:00-04:00,7667.25,7667.5,7667.0,7667.25,65
2026-09-15 22:58:00-04:00,7667.25,7667.25,7667.0,7667.0,25
2026-09-15 22:59:00-04:00,7667.25,7668.25,7667.25,7668.0,105
2026-09-15 23:00:00-04:00,7668.0,7669.0,7668.0,7669.0,241
2026-09-15 23:01:00-04:00,7669.0,7669.5,7668.75,7669.5,189
2026-09-15 23:02:00-04:00,7669.25,7670.5,7669.0,7669.75,271
2026-09-15 23:03:00-04:00,7669.75,7671.0,7669.75,7671.0,174
2026-09-15 23:04:00-04:00,7671.0,7671.0,7670.0,7670.25,132
2026-09-15 23:05:00-04:00,7670.0,7670.5,7669.75,7670.25,159
2026-09-15 23:06:00-04:00,7670.25,7671.5,7670.25,7671.5,115
2026-09-15 23:07:00-04:00,7671.5,7671.5,7670.0,7670.5,115
2026-09-15 23:08:00-04:00,7670.25,7670.75,7670.25,7670.75,138
2026-09-15 23:09:00-04:00,7671.0,7671.0,7670.0,7670.25,196
2026-09-15 23:10:00-04:00,7670.5,7671.0,7670.25,7670.75,299
2026-09-15 23:11:00-04:00,7670.5,7670.5,7669.5,7670.0,262
2026-09-15 23:12:00-04:00,7670.0,7670.75,7669.75,7670.75,169
2026-09-15 23:13:00-04:00,7670.5,7671.5,7670.25,7671.25,120
2026-09-15 23:14:00-04:00,7671.5,7673.5,7671.5,7672.5,435
2026-09-15 23:15:00-04:00,7672.75,7673.0,7672.5,7672.75,140
2026-09-15 23:16:00-04:00,7673.0,7674.0,7672.75,7674.0,226
2026-09-15 23:17:00-04:00,7674.0,7676.0,7673.5,7675.75,595
2026-09-15 23:18:00-04:00,7675.75,7675.75,7674.75,7675.0,175
2026-09-15 23:19:00-04:00,7675.0,7675.75,7674.75,7675.5,165
2026-09-15 23:20:00-04:00,7675.75,7676.0,7674.75,7675.5,197
2026-09-15 23:21:00-04:00,7675.5,7678.0,7675.5,7678.0,668
2026-09-15 23:22:00-04:00,7678.0,7678.0,7676.75,7677.0,266
2026-09-15 23:23:00-04:00,7676.75,7677.75,7676.75,7677.25,169
2026-09-15 23:24:00-04:00,7677.0,7677.0,7676.0,7676.75,145
2026-09-15 23:25:00-04:00,7676.75,7677.0,7676.25,7676.75,90
2026-09-15 23:26:00-04:00,7676.75,7677.25,7676.75,7677.25,104
2026-09-15 23:27:00-04:00,7677.25,7677.25,7675.25,7675.5,188
2026-09-15 23:28:00-04:00,7675.75,7675.75,7674.5,7674.5,110
2026-09-15 23:29:00-04:00,7674.75,7675.0,7674.0,7674.0,77
2026-09-15 23:30:00-04:00,7673.75,7674.0,7672.75,7672.75,183
2026-09-15 23:31:00-04:00,7672.75,7673.75,7672.5,7672.5,199
2026-09-15 23:32:00-04:00,7672.5,7672.75,7671.75,7672.25,186
2026-09-15 23:33:00-04:00,7672.25,7672.25,7671.75,7672.25,67
2026-09-15 23:34:00-04:00,7672.0,7672.0,7671.5,7671.5,46
2026-09-15 23:35:00-04:00,7671.75,7671.75,7671.25,7671.5,83
2026-09-15 23:36:00-04:00,7671.5,7671.5,7670.75,7670.75,73
2026-09-15 23:37:00-04:00,7670.75,7671.5,7670.0,7670.25,183
2026-09-15 23:38:00-04:00,7670.5,7671.25,7670.25,7671.25,142
2026-09-15 23:39:00-04:00,7671.5,7671.75,7671.25,7671.5,109
2026-09-15 23:40:00-04:00,7671.75,7672.25,7671.5,7671.75,116
2026-09-15 23:41:00-04:00,7671.75,7671.75,7671.25,7671.5,95
2026-09-15 23:42:00-04:00,7671.5,7671.75,7671.0,7671.5,143
2026-09-15 23:43:00-04:00,7671.5,7672.25,7671.25,7672.25,87
2026-09-15 23:44:00-04:00,7672.25,7672.75,7671.75,7672.25,156
2026-09-15 23:45:00-04:00,7672.25,7673.25,7672.25,7673.0,140
2026-09-15 23:46:00-04:00,7673.0,7673.5,7672.75,7673.5,45
2026-09-15 23:47:00-04:00,7673.5,7674.0,7673.0,7673.5,163
2026-09-15 23:48:00-04:00,7673.5,7674.0,7673.0,7673.25,87
2026-09-15 23:49:00-04:00,7673.0,7673.25,7672.75,7672.75,76
2026-09-15 23:50:00-04:00,7672.5,7673.0,7672.5,7672.75,229
2026-09-15 23:51:00-04:00,7672.75,7673.0,7672.75,7672.75,68
2026-09-15 23:52:00-04:00,7673.0,7673.5,7672.75,7673.5,69
2026-09-15 23:53:00-04:00,7673.5,7673.75,7673.5,7673.5,137
2026-09-15 23:54:00-04:00,7673.25,7673.25,7672.5,7672.5,165
2026-09-15 23:55:00-04:00,7672.25,7673.0,7672.0,7673.0,138
2026-09-15 23:56:00-04:00,7672.75,7673.25,7672.25,7673.25,69
2026-09-15 23:57:00-04:00,7673.25,7673.5,7672.75,7672.75,75
2026-09-15 23:58:00-04:00,7672.75,7672.75,7672.5,7672.5,31
2026-09-16 00:09:00-04:00,7672.75,7673.0,7672.75,7672.75,20
2026-09-16 00:10:00-04:00,7672.75,7673.25,7672.75,7673.0,35
2026-09-16 00:11:00-04:00,7673.0,7673.0,7672.75,7672.75,75
2026-09-16 00:12:00-04:00,7672.75,7672.75,7672.25,7672.5,66
2026-09-16 00:13:00-04:00,7672.25,7673.0,7672.25,7672.75,31
2026-09-16 00:14:00-04:00,7672.5,7672.5,7672.25,7672.25,27
2026-09-16 00:15:00-04:00,7672.25,7672.5,7671.75,7672.0,77
2026-09-16 00:16:00-04:00,7672.0,7672.75,7671.75,7672.0,90
2026-09-16 00:17:00-04:00,7672.0,7672.0,7672.0,7672.0,29
2026-09-16 00:18:00-04:00,7671.75,7672.0,7671.25,7671.5,72
2026-09-16 00:19:00-04:00,7671.5,7671.5,7671.25,7671.25,70
2026-09-16 00:20:00-04:00,7671.5,7673.25,7671.5,7673.25,137
2026-09-16 00:21:00-04:00,7673.0,7673.0,7672.5,7672.75,105
2026-09-16 00:22:00-04:00,7672.5,7673.0,7672.5,7672.5,95
2026-09-16 00:23:00-04:00,7672.75,7673.25,7672.5,7673.25,54
2026-09-16 00:24:00-04:00,7673.25,7673.25,7672.5,7672.5,33
2026-09-16 00:25:00-04:00,7672.5,7672.5,7672.0,7672.0,79
2026-09-16 00:26:00-04:00,7672.0,7672.0,7671.5,7671.5,53
2026-09-16 00:27:00-04:00,7671.5,7672.0,7671.25,7671.5,69
2026-09-16 00:28:00-04:00,7671.5,7671.5,7670.25,7670.5,174
2026-09-16 00:29:00-04:00,7670.75,7671.0,7670.5,7670.75,72
2026-09-16 00:30:00-04:00,7670.5,7671.0,7670.25,7671.0,70
2026-09-16 00:31:00-04:00,7670.75,7670.75,7670.0,7670.5,86
2026-09-16 00:32:00-04:00,7670.25,7670.25,7669.0,7669.25,108
2026-09-16 00:33:00-04:00,7669.25,7669.25,7667.5,7668.0,270
2026-09-16 00:34:00-04:00,7667.75,7668.25,7667.5,7668.0,100
2026-09-16 00:35:00-04:00,7668.0,7668.0,7667.5,7667.5,70
2026-09-16 00:36:00-04:00,7667.5,7667.75,7667.25,7667.75,130
2026-09-16 00:37:00-04:00,7668.0,7669.0,7667.75,7669.0,86
2026-09-16 00:38:00-04:00,7669.0,7669.0,7668.0,7668.0,57
2026-09-16 00:39:00-04:00,7668.0,7668.5,7668.0,7668.5,17
2026-09-16 00:40:00-04:00,7668.5,7668.75,7668.25,7668.5,62
2026-09-16 00:41:00-04:00,7668.5,7669.75,7668.25,7669.25,90
2026-09-16 00:42:00-04:00,7669.25,7669.25,7668.5,7669.0,52
2026-09-16 00:43:00-04:00,7669.0,7669.0,7667.25,7667.5,99
2026-09-16 00:44:00-04:00,7667.5,7668.25,7667.5,7668.0,58
2026-09-16 00:45:00-04:00,7668.0,7668.75,7668.0,7668.5,45
2026-09-16 00:46:00-04:00,7668.5,7669.25,7668.5,7669.0,35
2026-09-16 00:47:00-04:00,7669.0,7669.75,7668.75,7669.75,61
2026-09-16 00:48:00-04:00,7670.0,7670.0,7669.5,7669.5,62
2026-09-16 00:49:00-04:00,7669.25,7669.75,7669.25,7669.75,38
2026-09-16 00:50:00-04:00,7669.75,7670.25,7669.75,7669.75,47
2026-09-16 00:51:00-04:00,7669.75,7669.75,7668.75,7669.25,77
2026-09-16 00:52:00-04:00,7669.0,7670.5,7668.75,7670.25,89
2026-09-16 00:53:00-04:00,7670.0,7670.0,7669.5,7669.5,50
2026-09-16 00:54:00-04:00,7669.5,7669.5,7669.0,7669.0,70
2026-09-16 00:55:00-04:00,7669.0,7669.0,7668.0,7669.0,93
2026-09-16 00:56:00-04:00,7669.0,7669.25,7668.25,7668.25,40
2026-09-16 00:57:00-04:00,7668.5,7669.25,7668.5,7669.25,47
2026-09-16 00:58:00-04:00,7669.25,7669.5,7669.0,7669.0,80
2026-09-16 00:59:00-04:00,7669.0,7669.0,7668.0,7668.0,82
2026-09-16 01:00:00-04:00,7668.0,7668.5,7667.75,7668.25,96
2026-09-16 01:01:00-04:00,7668.0,7668.25,7666.25,7666.25,284
2026-09-16 01:02:00-04:00,7666.0,7666.0,7665.5,7666.0,164
2026-09-16 01:03:00-04:00,7666.0,7667.25,7665.75,7667.0,116
2026-09-16 01:04:00-04:00,7666.75,7668.25,7666.75,7668.25,155
2026-09-16 01:05:00-04:00,7668.5,7668.5,7667.5,7668.0,91
2026-09-16 01:06:00-04:00,7668.0,7668.25,7667.25,7667.5,74
2026-09-16 01:07:00-04:00,7667.5,7668.5,7667.25,7668.5,87
2026-09-16 01:08:00-04:00,7668.5,7668.75,7667.75,7667.75,94
2026-09-16 01:09:00-04:00,7668.0,7669.25,7668.0,7669.0,90
2026-09-16 01:10:00-04:00,7669.0,7669.5,7668.0,7668.25,68
2026-09-16 01:11:00-04:00,7668.5,7669.0,7668.5,7668.75,31
2026-09-16 01:12:00-04:00,7668.5,7669.0,7668.5,7669.0,45
2026-09-16 01:13:00-04:00,7668.75,7670.0,7668.75,7669.75,112
2026-09-16 01:14:00-04:00,7670.0,7670.0,7669.25,7669.25,68
2026-09-16 01:15:00-04:00,7669.25,7670.25,7669.25,7670.25,39
2026-09-16 01:16:00-04:00,7670.25,7670.75,7670.0,7670.5,81
2026-09-16 01:17:00-04:00,7670.75,7671.0,7670.75,7670.75,102
2026-09-16 01:18:00-04:00,7670.5,7671.25,7670.0,7670.5,92
2026-09-16 01:19:00-04:00,7670.5,7670.75,7670.5,7670.5,29
2026-09-16 01:20:00-04:00,7670.25,7670.75,7669.75,7670.25,101
2026-09-16 01:21:00-04:00,7670.5,7670.5,7670.5,7670.5,31
2026-09-16 01:22:00-04:00,7670.5,7670.5,7668.75,7669.0,176
2026-09-16 01:23:00-04:00,7669.25,7670.0,7669.25,7669.5,57
2026-09-16 01:24:00-04:00,7669.5,7669.75,7669.25,7669.5,35
2026-09-16 01:25:00-04:00,7669.5,7670.75,7669.25,7670.25,139
2026-09-16 01:26:00-04:00,7670.25,7670.25,7669.75,7669.75,46
2026-09-16 01:27:00-04:00,7669.75,7670.25,7669.5,7670.25,98
2026-09-16 01:28:00-04:00,7670.25,7670.25,7668.75,7669.0,75
2026-09-16 01:29:00-04:00,7669.25,7671.5,7669.25,7671.25,124
2026-09-16 01:30:00-04:00,7671.25,7671.25,7670.0,7670.25,78
2026-09-16 01:31:00-04:00,7670.25,7671.0,7669.5,7670.5,59
2026-09-16 01:32:00-04:00,7670.5,7670.5,7670.25,7670.25,18
2026-09-16 01:33:00-04:00,7670.75,7671.0,7670.5,7670.5,41
2026-09-16 01:34:00-04:00,7671.0,7671.0,7670.5,7670.75,48
2026-09-16 01:35:00-04:00,7670.75,7671.25,7670.5,7671.0,90
2026-09-16 01:36:00-04:00,7671.0,7672.0,7671.0,7671.25,117
2026-09-16 01:37:00-04:00,7671.0,7671.25,7670.5,7670.75,80
2026-09-16 01:38:00-04:00,7670.75,7671.25,7670.75,7671.25,31
2026-09-16 01:39:00-04:00,7671.25,7671.5,7671.0,7671.25,66
2026-09-16 01:40:00-04:00,7671.25,7672.5,7671.25,7672.5,133
2026-09-16 01:41:00-04:00,7672.5,7672.5,7671.75,7672.0,96
2026-09-16 01:42:00-04:00,7672.0,7672.25,7671.5,7672.25,118
2026-09-16 01:43:00-04:00,7672.25,7672.25,7671.75,7671.75,202
2026-09-16 01:44:00-04:00,7672.0,7673.5,7672.0,7673.5,210
2026-09-16 01:45:00-04:00,7673.25,7673.75,7673.25,7673.5,173
2026-09-16 01:46:00-04:00,7673.5,7674.0,7673.25,7673.25,107
2026-09-16 01:47:00-04:00,7673.5,7673.75,7672.0,7672.25,168
2026-09-16 01:48:00-04:00,7672.25,7672.5,7672.0,7672.0,75
2026-09-16 01:49:00-04:00,7672.0,7672.0,7670.25,7670.25,141
2026-09-16 01:50:00-04:00,7670.25,7671.0,7670.25,7670.5,130
2026-09-16 01:51:00-04:00,7670.25,7671.0,7670.0,7671.0,183
2026-09-16 01:52:00-04:00,7670.75,7670.75,7670.0,7670.0,98
2026-09-16 01:53:00-04:00,7670.0,7670.75,7670.0,7670.5,113
2026-09-16 01:54:00-04:00,7670.5,7671.75,7670.5,7671.5,103
2026-09-16 01:55:00-04:00,7671.5,7672.0,7671.25,7671.75,142
2026-09-16 01:56:00-04:00,7671.75,7671.75,7671.0,7671.75,104
2026-09-16 01:57:00-04:00,7671.75,7672.0,7671.5,7671.75,143
2026-09-16 01:58:00-04:00,7671.75,7671.75,7671.0,7671.25,97
2026-09-16 01:59:00-04:00,7671.0,7671.0,7670.5,7670.75,111
2026-09-16 02:00:00-04:00,7670.5,7673.75,7670.5,7673.75,400
2026-09-16 02:01:00-04:00,7673.75,7674.5,7673.25,7673.75,404
2026-09-16 02:02:00-04:00,7673.75,7674.25,7672.75,7673.0,193
2026-09-16 02:03:00-04:00,7672.75,7672.75,7669.5,7670.0,182
2026-09-16 02:04:00-04:00,7670.0,7670.25,7669.75,7670.25,165
2026-09-16 02:05:00-04:00,7670.25,7671.25,7670.25,7671.25,164
2026-09-16 02:06:00-04:00,7671.0,7673.0,7670.75,7672.5,267
2026-09-16 02:07:00-04:00,7672.75,7673.25,7671.75,7673.0,271
2026-09-16 02:08:00-04:00,7673.25,7674.0,7672.5,7672.5,172
2026-09-16 02:09:00-04:00,7672.75,7673.0,7672.0,7673.0,48
2026-09-16 02:10:00-04:00,7673.0,7674.0,7672.75,7673.5,153
2026-09-16 02:11:00-04:00,7673.75,7674.0,7673.25,7674.0,211
2026-09-16 02:12:00-04:00,7674.25,7675.0,7673.75,7674.75,313
2026-09-16 02:13:00-04:00,7674.75,7675.25,7674.5,7674.75,148
2026-09-16 02:14:00-04:00,7674.75,7674.75,7673.75,7673.75,130
2026-09-16 02:15:00-04:00,7673.5,7673.75,7672.25,7672.25,74
2026-09-16 02:16:00-04:00,7672.5,7673.0,7672.25,7673.0,94
2026-09-16 02:17:00-04:00,7673.0,7673.25,7672.5,7672.5,94
2026-09-16 02:18:00-04:00,7672.25,7673.75,7672.25,7673.25,111
2026-09-16 02:19:00-04:00,7673.25,7674.25,7672.5,7674.0,82
2026-09-16 02:20:00-04:00,7674.0,7674.25,7674.0,7674.0,64
2026-09-16 02:21:00-04:00,7674.25,7674.25,7673.0,7673.5,81
2026-09-16 02:22:00-04:00,7673.5,7673.75,7672.5,7672.75,57
2026-09-16 02:23:00-04:00,7672.75,7672.75,7671.0,7671.75,102
2026-09-16 02:24:00-04:00,7671.5,7672.0,7671.25,7672.0,53
2026-09-16 02:25:00-04:00,7672.0,7672.25,7671.75,7672.25,64
2026-09-16 02:26:00-04:00,7672.5,7672.75,7671.75,7671.75,188
2026-09-16 02:27:00-04:00,7671.75,7671.75,7669.75,7670.25,124
2026-09-16 02:28:00-04:00,7670.25,7670.5,7669.75,7670.25,143
2026-09-16 02:29:00-04:00,7670.25,7671.75,7670.0,7671.5,203
2026-09-16 02:30:00-04:00,7671.5,7671.5,7670.25,7671.5,347
2026-09-16 02:31:00-04:00,7671.75,7672.25,7670.25,7670.5,171
2026-09-16 02:32:00-04:00,7670.25,7671.0,7669.75,7670.75,72
2026-09-16 02:33:00-04:00,7671.0,7671.0,7670.0,7670.5,97
2026-09-16 02:34:00-04:00,7670.75,7671.75,7670.5,7671.75,211
2026-09-16 02:35:00-04:00,7671.5,7671.5,7670.5,7670.75,214
2026-09-16 02:36:00-04:00,7671.0,7671.25,7670.0,7670.25,273
2026-09-16 02:37:00-04:00,7670.0,7670.75,7670.0,7670.5,138
2026-09-16 02:38:00-04:00,7670.5,7671.75,7670.25,7671.0,290
2026-09-16 02:39:00-04:00,7671.0,7671.0,7670.5,7670.75,187
2026-09-16 02:40:00-04:00,7670.75,7671.0,7670.0,7670.25,174
2026-09-16 02:41:00-04:00,7670.25,7670.25,7669.75,7669.75,160
2026-09-16 02:42:00-04:00,7669.5,7670.25,7669.25,7670.0,196
2026-09-16 02:43:00-04:00,7670.0,7670.5,7670.0,7670.0,155
2026-09-16 02:44:00-04:00,7670.25,7671.0,7670.25,7671.0,93
2026-09-16 02:45:00-04:00,7671.0,7671.5,7670.75,7671.5,139
2026-09-16 02:46:00-04:00,7671.25,7671.25,7670.25,7670.25,205
2026-09-16 02:47:00-04:00,7670.5,7670.75,7670.0,7670.5,111
2026-09-16 02:48:00-04:00,7670.5,7671.5,7669.5,7671.5,240
2026-09-16 02:49:00-04:00,7671.25,7671.5,7671.0,7671.0,380
2026-09-16 02:50:00-04:00,7670.75,7672.0,7670.75,7671.75,184
2026-09-16 02:51:00-04:00,7671.75,7673.5,7671.75,7673.5,163
2026-09-16 02:52:00-04:00,7673.5,7674.5,7673.0,7673.0,176
2026-09-16 02:53:00-04:00,7673.0,7673.0,7672.25,7672.5,70
2026-09-16 02:54:00-04:00,7672.5,7673.0,7672.25,7673.0,64
2026-09-16 02:55:00-04:00,7672.75,7673.0,7672.75,7673.0,81
2026-09-16 02:56:00-04:00,7673.0,7673.0,7672.0,7672.25,125
2026-09-16 02:57:00-04:00,7672.25,7673.0,7672.25,7672.75,87
2026-09-16 02:58:00-04:00,7672.75,7673.0,7672.25,7672.5,176
2026-09-16 02:59:00-04:00,7672.75,7674.5,7672.75,7673.75,448
2026-09-16 03:00:00-04:00,7673.75,7675.75,7672.5,7675.0,888
2026-09-16 03:01:00-04:00,7675.0,7676.5,7674.5,7675.75,565
2026-09-16 03:02:00-04:00,7675.5,7676.25,7674.5,7675.75,435
2026-09-16 03:03:00-04:00,7675.75,7677.75,7675.75,7677.75,422
2026-09-16 03:04:00-04:00,7677.75,7678.0,7677.0,7677.5,272
2026-09-16 03:05:00-04:00,7677.5,7677.75,7677.0,7677.25,311
2026-09-16 03:06:00-04:00,7677.25,7677.25,7674.25,7675.75,1015
2026-09-16 03:07:00-04:00,7675.75,7676.0,7675.0,7676.0,315
2026-09-16 03:08:00-04:00,7676.0,7676.25,7675.0,7676.25,258
2026-09-16 03:09:00-04:00,7676.25,7676.5,7676.0,7676.0,303
2026-09-16 03:10:00-04:00,7676.25,7677.0,7675.5,7676.25,406
2026-09-16 03:11:00-04:00,7676.25,7676.5,7675.0,7675.5,441
2026-09-16 03:12:00-04:00,7675.75,7677.0,7675.5,7677.0,286
2026-09-16 03:13:00-04:00,7677.0,7677.25,7675.75,7676.25,305
2026-09-16 03:14:00-04:00,7676.25,7676.5,7675.5,7676.5,236
2026-09-16 03:15:00-04:00,7676.5,7676.75,7676.0,7676.0,327
2026-09-16 03:16:00-04:00,7676.0,7676.0,7674.75,7675.5,373
2026-09-16 03:17:00-04:00,7675.5,7676.25,7675.5,7675.75,204
2026-09-16 03:18:00-04:00,7675.75,7675.75,7672.75,7673.0,347
2026-09-16 03:19:00-04:00,7673.25,7673.75,7672.25,7672.25,249
2026-09-16 03:20:00-04:00,7672.25,7673.0,7671.75,7673.0,263
2026-09-16 03:21:00-04:00,7672.75,7673.75,7672.75,7673.75,190
2026-09-16 03:22:00-04:00,7673.5,7674.0,7673.5,7673.5,171
2026-09-16 03:23:00-04:00,7673.75,7675.5,7673.75,7674.5,279
2026-09-16 03:24:00-04:00,7674.0,7675.5,7673.75,7674.5,398
2026-09-16 03:25:00-04:00,7674.25,7675.0,7674.0,7674.75,371
2026-09-16 03:26:00-04:00,7674.75,7675.5,7674.5,7674.5,157
2026-09-16 03:27:00-04:00,7674.5,7675.25,7674.5,7675.0,180
2026-09-16 03:28:00-04:00,7675.0,7675.5,7674.75,7675.25,163
2026-09-16 03:29:00-04:00,7675.0,7675.0,7674.5,7674.5,121
2026-09-16 03:30:00-04:00,7674.5,7676.75,7674.5,7675.75,401
2026-09-16 03:31:00-04:00,7675.75,7676.25,7675.0,7675.0,378
2026-09-16 03:32:00-04:00,7675.25,7675.75,7675.0,7675.0,192
2026-09-16 03:33:00-04:00,7675.0,7675.25,7674.5,7674.5,337
2026-09-16 03:34:00-04:00,7674.5,7675.0,7674.5,7675.0,198
2026-09-16 03:35:00-04:00,7675.25,7675.25,7674.5,7674.75,107
2026-09-16 03:36:00-04:00,7674.5,7675.0,7674.0,7674.5,235
2026-09-16 03:37:00-04:00,7674.5,7674.5,7673.75,7674.25,300
2026-09-16 03:38:00-04:00,7674.25,7674.25,7673.75,7673.75,104
2026-09-16 03:39:00-04:00,7673.5,7673.5,7672.75,7673.0,256
2026-09-16 03:40:00-04:00,7673.0,7673.75,7673.0,7673.25,246
2026-09-16 03:41:00-04:00,7673.25,7673.25,7672.25,7672.25,274
2026-09-16 03:42:00-04:00,7672.5,7672.5,7672.0,7672.5,223
2026-09-16 03:43:00-04:00,7672.25,7673.0,7672.25,7672.75,288
2026-09-16 03:44:00-04:00,7672.75,7673.0,7672.25,7672.25,256
2026-09-16 03:45:00-04:00,7672.5,7672.75,7671.75,7671.75,243
2026-09-16 03:46:00-04:00,7671.75,7672.5,7671.75,7672.25,150
2026-09-16 03:47:00-04:00,7672.25,7673.0,7672.25,7672.75,729
2026-09-16 03:48:00-04:00,7672.5,7672.5,7672.25,7672.5,242
2026-09-16 03:49:00-04:00,7672.5,7672.5,7671.75,7672.0,219
2026-09-16 03:50:00-04:00,7672.0,7672.25,7671.5,7671.75,167
2026-09-16 03:51:00-04:00,7671.75,7671.75,7670.75,7671.25,242
2026-09-16 03:52:00-04:00,7671.5,7672.0,7671.25,7671.5,154
2026-09-16 03:53:00-04:00,7671.25,7671.75,7671.0,7671.0,385
2026-09-16 03:54:00-04:00,7671.0,7671.0,7669.75,7669.75,214
2026-09-16 03:55:00-04:00,7669.75,7672.0,7669.75,7672.0,206
2026-09-16 03:56:00-04:00,7672.0,7672.5,7671.75,7672.5,241
2026-09-16 03:57:00-04:00,7672.5,7672.75,7672.5,7672.75,119
2026-09-16 03:58:00-04:00,7672.5,7672.5,7670.75,7671.0,261
2026-09-16 03:59:00-04:00,7671.0,7671.0,7670.5,7670.75,219
2026-09-16 04:00:00-04:00,7670.75,7671.25,7670.0,7670.5,527
2026-09-16 04:01:00-04:00,7670.75,7670.75,7669.5,7670.0,381
2026-09-16 04:02:00-04:00,7670.0,7670.25,7669.25,7669.5,276
2026-09-16 04:03:00-04:00,7669.25,7670.0,7669.0,7669.25,272
2026-09-16 04:04:00-04:00,7669.5,7669.5,7666.75,7667.25,227
2026-09-16 04:05:00-04:00,7667.25,7668.25,7667.0,7667.25,239
2026-09-16 04:06:00-04:00,7667.25,7667.5,7666.0,7667.0,297
2026-09-16 04:07:00-04:00,7666.75,7666.75,7665.5,7665.5,374
2026-09-16 04:08:00-04:00,7665.5,7666.5,7664.75,7665.75,452
2026-09-16 04:09:00-04:00,7665.75,7666.75,7665.25,7666.25,242
2026-09-16 04:10:00-04:00,7666.0,7666.0,7665.0,7665.25,173
2026-09-16 04:11:00-04:00,7665.25,7665.25,7663.5,7665.0,777
2026-09-16 04:12:00-04:00,7665.25,7666.25,7664.75,7666.0,188
2026-09-16 04:13:00-04:00,7666.0,7666.25,7665.5,7666.25,373
2026-09-16 04:14:00-04:00,7666.25,7666.5,7666.0,7666.0,247
2026-09-16 04:15:00-04:00,7666.0,7667.75,7665.75,7667.0,383
2026-09-16 04:16:00-04:00,7666.75,7668.25,7666.5,7668.0,243
2026-09-16 04:17:00-04:00,7668.25,7669.75,7668.0,7669.75,338
2026-09-16 04:18:00-04:00,7669.75,7669.75,7668.5,7668.75,264
2026-09-16 04:19:00-04:00,7668.75,7672.25,7667.0,7668.5,2032
2026-09-16 04:20:00-04:00,7668.5,7670.25,7667.0,7667.5,1113
2026-09-16 04:21:00-04:00,7667.5,7671.25,7666.5,7669.75,948
2026-09-16 04:22:00-04:00,7669.5,7671.0,7668.75,7670.0,333
2026-09-16 04:23:00-04:00,7669.75,7669.75,7667.25,7667.5,336
2026-09-16 04:24:00-04:00,7667.5,7667.75,7666.5,7667.0,218
2026-09-16 04:25:00-04:00,7667.0,7667.5,7666.0,7666.75,213
2026-09-16 04:26:00-04:00,7666.75,7667.0,7665.25,7666.0,340
2026-09-16 04:27:00-04:00,7666.0,7667.5,7666.0,7667.5,152
2026-09-16 04:28:00-04:00,7667.5,7667.5,7666.25,7666.5,174
2026-09-16 04:29:00-04:00,7666.25,7669.0,7666.0,7668.5,508
2026-09-16 04:30:00-04:00,7668.5,7669.75,7667.5,7669.75,522
2026-09-16 04:31:00-04:00,7669.5,7671.0,7668.75,7670.5,326
2026-09-16 04:32:00-04:00,7670.5,7670.5,7668.5,7668.75,255
2026-09-16 04:33:00-04:00,7668.75,7669.0,7666.75,7667.0,154
2026-09-16 04:34:00-04:00,7667.0,7667.75,7666.0,7667.75,284
2026-09-16 04:35:00-04:00,7667.75,7668.5,7667.5,7667.75,482
2026-09-16 04:36:00-04:00,7668.0,7668.0,7667.25,7667.25,299
2026-09-16 04:37:00-04:00,7667.5,7668.25,7667.25,7667.5,285
2026-09-16 04:38:00-04:00,7667.5,7667.5,7666.0,7666.0,192
2026-09-16 04:39:00-04:00,7666.25,7666.5,7665.75,7665.75,181
2026-09-16 04:40:00-04:00,7666.0,7666.75,7665.75,7666.75,417
2026-09-16 04:41:00-04:00,7666.75,7667.75,7666.75,7667.75,167
2026-09-16 04:42:00-04:00,7667.75,7667.75,7666.5,7667.5,225
2026-09-16 04:43:00-04:00,7667.75,7670.5,7667.75,7669.25,276
2026-09-16 04:44:00-04:00,7669.25,7670.25,7669.0,7670.0,286
2026-09-16 04:45:00-04:00,7670.25,7670.75,7670.0,7670.5,147
2026-09-16 04:46:00-04:00,7670.5,7670.75,7669.25,7670.25,255
2026-09-16 04:47:00-04:00,7670.25,7670.5,7669.25,7669.75,141
2026-09-16 04:48:00-04:00,7669.75,7671.0,7669.5,7670.25,99
2026-09-16 04:49:00-04:00,7670.0,7670.25,7668.75,7669.25,79
2026-09-16 04:50:00-04:00,7669.0,7669.5,7669.0,7669.25,137
2026-09-16 04:51:00-04:00,7669.25,7669.5,7669.0,7669.25,311
2026-09-16 04:52:00-04:00,7669.25,7670.25,7669.25,7670.25,68
2026-09-16 04:53:00-04:00,7670.25,7671.25,7670.25,7671.25,209
2026-09-16 04:54:00-04:00,7671.0,7672.25,7671.0,7671.75,270
2026-09-16 04:55:00-04:00,7671.5,7672.5,7671.5,7671.75,219
2026-09-16 04:56:00-04:00,7672.0,7672.75,7671.75,7672.25,161
2026-09-16 04:57:00-04:00,7672.25,7673.5,7672.25,7673.0,172
2026-09-16 04:58:00-04:00,7673.0,7673.0,7671.5,7672.25,311
2026-09-16 04:59:00-04:00,7672.0,7672.75,7672.0,7672.75,62
2026-09-16 05:00:00-04:00,7672.5,7673.0,7671.75,7672.5,259
2026-09-16 05:01:00-04:00,7672.25,7672.5,7671.5,7672.25,214
2026-09-16 05:02:00-04:00,7672.25,7672.75,7670.75,7672.75,293
2026-09-16 05:03:00-04:00,7672.75,7673.25,7672.25,7672.5,103
2026-09-16 05:04:00-04:00,7672.5,7673.0,7671.75,7672.75,288
2026-09-16 05:05:00-04:00,7672.75,7673.75,7672.75,7672.75,273
2026-09-16 05:06:00-04:00,7672.5,7672.75,7672.25,7672.25,93
2026-09-16 05:07:00-04:00,7672.0,7672.25,7671.25,7671.75,111
2026-09-16 05:08:00-04:00,7671.75,7671.75,7671.0,7671.5,126
2026-09-16 05:09:00-04:00,7671.75,7672.5,7671.25,7672.25,635
2026-09-16 05:10:00-04:00,7672.0,7672.5,7671.5,7672.25,160
2026-09-16 05:11:00-04:00,7672.0,7672.0,7671.0,7671.0,159
2026-09-16 05:12:00-04:00,7671.0,7671.25,7670.75,7671.0,170
2026-09-16 05:13:00-04:00,7670.75,7670.75,7669.25,7669.75,162
2026-09-16 05:14:00-04:00,7669.75,7669.75,7669.0,7669.25,552
2026-09-16 05:15:00-04:00,7669.25,7669.75,7669.0,7669.25,321
2026-09-16 05:16:00-04:00,7669.25,7669.25,7668.25,7668.75,184
2026-09-16 05:17:00-04:00,7668.75,7668.75,7668.0,7668.25,142
2026-09-16 05:18:00-04:00,7668.25,7668.25,7666.5,7666.5,301
2026-09-16 05:19:00-04:00,7666.5,7666.5,7665.5,7666.0,250
2026-09-16 05:20:00-04:00,7665.75,7667.0,7665.75,7667.0,554
2026-09-16 05:21:00-04:00,7667.0,7667.75,7666.75,7667.5,221
2026-09-16 05:22:00-04:00,7667.75,7667.75,7667.0,7667.0,140
2026-09-16 05:23:00-04:00,7667.0,7667.75,7666.5,7666.5,386
2026-09-16 05:24:00-04:00,7666.5,7666.75,7665.5,7665.75,440
2026-09-16 05:25:00-04:00,7666.0,7669.0,7665.75,7668.25,1497
2026-09-16 05:26:00-04:00,7668.25,7669.75,7668.25,7668.75,716
2026-09-16 05:27:00-04:00,7668.75,7670.75,7668.0,7669.75,435
2026-09-16 05:28:00-04:00,7669.5,7669.5,7667.25,7667.75,203
2026-09-16 05:29:00-04:00,7667.75,7667.75,7667.25,7667.5,212
2026-09-16 05:30:00-04:00,7667.5,7668.0,7667.25,7667.75,118
2026-09-16 05:31:00-04:00,7667.75,7668.5,7667.0,7667.75,187
2026-09-16 05:32:00-04:00,7667.5,7669.5,7667.5,7669.25,288
2026-09-16 05:33:00-04:00,7669.0,7669.5,7668.25,7669.25,85
2026-09-16 05:34:00-04:00,7669.25,7669.5,7668.5,7669.0,118
2026-09-16 05:35:00-04:00,7669.25,7669.5,7668.75,7669.0,171
2026-09-16 05:36:00-04:00,7668.75,7669.25,7668.5,7669.0,631
2026-09-16 05:37:00-04:00,7669.0,7670.75,7668.75,7669.5,216
2026-09-16 05:38:00-04:00,7669.5,7670.25,7669.5,7669.75,187
2026-09-16 05:39:00-04:00,7669.75,7671.75,7669.75,7671.75,377
2026-09-16 05:40:00-04:00,7671.75,7673.25,7671.25,7672.75,392
2026-09-16 05:41:00-04:00,7673.0,7673.5,7673.0,7673.0,151
2026-09-16 05:42:00-04:00,7672.75,7673.5,7672.5,7673.5,207
2026-09-16 05:43:00-04:00,7673.75,7674.75,7673.5,7674.5,238
2026-09-16 05:44:00-04:00,7674.5,7674.5,7673.5,7673.5,110
2026-09-16 05:45:00-04:00,7673.75,7673.75,7671.0,7671.25,214
2026-09-16 05:46:00-04:00,7671.0,7671.5,7670.75,7671.0,135
2026-09-16 05:47:00-04:00,7671.25,7671.75,7671.0,7671.25,243
2026-09-16 05:48:00-04:00,7671.5,7672.0,7671.25,7671.75,202
2026-09-16 05:49:00-04:00,7671.75,7672.0,7671.75,7671.75,88
2026-09-16 05:50:00-04:00,7671.75,7672.75,7671.75,7672.75,88
2026-09-16 05:51:00-04:00,7672.5,7673.5,7672.5,7673.25,98
2026-09-16 05:52:00-04:00,7673.0,7674.0,7673.0,7673.75,248
2026-09-16 05:53:00-04:00,7673.75,7674.25,7673.5,7673.75,115
2026-09-16 05:54:00-04:00,7673.75,7673.75,7673.5,7673.75,90
2026-09-16 05:55:00-04:00,7673.75,7674.25,7673.5,7674.0,62
2026-09-16 05:56:00-04:00,7673.75,7674.25,7673.75,7674.25,298
2026-09-16 05:57:00-04:00,7674.0,7674.75,7674.0,7674.5,84
2026-09-16 05:58:00-04:00,7674.75,7675.0,7674.75,7675.0,95
2026-09-16 05:59:00-04:00,7674.75,7675.0,7673.0,7673.0,225
2026-09-16 06:00:00-04:00,7673.25,7673.5,7672.75,7673.5,184
2026-09-16 06:01:00-04:00,7673.5,7674.0,7672.75,7673.25,324
2026-09-16 06:02:00-04:00,7673.25,7673.25,7672.25,7673.0,197
2026-09-16 06:03:00-04:00,7672.75,7673.25,7672.75,7673.25,78
2026-09-16 06:04:00-04:00,7673.25,7673.25,7671.0,7671.25,417
2026-09-16 06:05:00-04:00,7671.25,7671.75,7670.25,7670.75,513
2026-09-16 06:06:00-04:00,7670.5,7671.75,7670.25,7671.75,588
2026-09-16 06:07:00-04:00,7671.75,7672.5,7671.5,7672.25,375
2026-09-16 06:08:00-04:00,7672.25,7672.5,7671.75,7672.5,223
2026-09-16 06:09:00-04:00,7672.5,7673.5,7672.5,7673.0,426
2026-09-16 06:10:00-04:00,7673.0,7673.25,7672.25,7672.25,388
2026-09-16 06:11:00-04:00,7672.25,7673.5,7672.0,7673.0,830
2026-09-16 06:12:00-04:00,7673.25,7673.5,7671.75,7671.75,360
2026-09-16 06:13:00-04:00,7671.75,7671.75,7669.5,7671.25,498
2026-09-16 06:14:00-04:00,7671.25,7672.0,7671.0,7671.75,238
2026-09-16 06:15:00-04:00,7671.75,7672.75,7671.5,7671.75,329
2026-09-16 06:16:00-04:00,7671.5,7671.5,7671.0,7671.25,447
2026-09-16 06:17:00-04:00,7671.0,7671.0,7670.5,7671.0,151
2026-09-16 06:18:00-04:00,7670.75,7671.25,7670.75,7671.25,125
2026-09-16 06:19:00-04:00,7671.5,7672.25,7671.25,7672.25,203
2026-09-16 06:20:00-04:00,7672.0,7673.0,7671.5,7672.5,455
2026-09-16 06:21:00-04:00,7672.5,7672.75,7672.25,7672.75,134
2026-09-16 06:22:00-04:00,7672.5,7672.5,7671.5,7671.75,245
2026-09-16 06:23:00-04:00,7671.75,7671.75,7671.25,7671.75,186
2026-09-16 06:24:00-04:00,7671.75,7672.25,7671.75,7671.75,137
2026-09-16 06:25:00-04:00,7672.0,7672.0,7671.5,7671.75,178
2026-09-16 06:26:00-04:00,7671.75,7672.5,7671.75,7672.5,145
2026-09-16 06:27:00-04:00,7672.75,7673.0,7671.75,7672.0,211
2026-09-16 06:28:00-04:00,7672.25,7672.5,7672.0,7672.5,136
2026-09-16 06:29:00-04:00,7672.5,7673.0,7672.5,7672.75,260
2026-09-16 06:30:00-04:00,7672.75,7673.0,7672.25,7672.25,211
2026-09-16 06:31:00-04:00,7672.25,7672.75,7672.25,7672.75,178
2026-09-16 06:32:00-04:00,7672.75,7672.75,7672.0,7672.5,128
2026-09-16 06:33:00-04:00,7672.5,7672.75,7672.25,7672.25,208
2026-09-16 06:34:00-04:00,7672.25,7672.5,7672.0,7672.0,84
2026-09-16 06:35:00-04:00,7672.25,7672.75,7672.0,7672.0,199
2026-09-16 06:36:00-04:00,7671.75,7672.5,7671.75,7672.25,176
2026-09-16 06:37:00-04:00,7672.25,7673.0,7672.25,7672.75,114
2026-09-16 06:38:00-04:00,7673.0,7673.0,7672.75,7672.75,189
2026-09-16 06:39:00-04:00,7672.5,7673.0,7672.25,7673.0,390
2026-09-16 06:40:00-04:00,7673.25,7673.5,7672.75,7673.5,95
2026-09-16 06:41:00-04:00,7673.5,7673.5,7673.0,7673.25,134
2026-09-16 06:42:00-04:00,7673.25,7673.25,7673.0,7673.0,87
2026-09-16 06:43:00-04:00,7673.0,7673.25,7673.0,7673.0,119
2026-09-16 06:44:00-04:00,7673.25,7673.5,7673.0,7673.25,251
2026-09-16 06:45:00-04:00,7673.25,7673.25,7672.75,7673.25,104
2026-09-16 06:46:00-04:00,7673.25,7673.25,7672.0,7672.25,277
2026-09-16 06:47:00-04:00,7672.0,7673.0,7672.0,7673.0,90
2026-09-16 06:48:00-04:00,7672.75,7673.0,7672.75,7673.0,56
2026-09-16 06:49:00-04:00,7673.0,7673.25,7673.0,7673.0,155
2026-09-16 06:50:00-04:00,7673.0,7673.25,7672.75,7672.75,129
2026-09-16 06:51:00-04:00,7672.75,7672.75,7672.25,7672.75,103
2026-09-16 06:52:00-04:00,7672.5,7672.5,7672.0,7672.0,53
2026-09-16 06:53:00-04:00,7672.0,7672.5,7672.0,7672.25,119
2026-09-16 06:54:00-04:00,7672.25,7672.25,7671.75,7672.0,356
2026-09-16 06:55:00-04:00,7672.0,7672.25,7671.75,7672.25,81
2026-09-16 06:56:00-04:00,7672.25,7672.75,7672.25,7672.5,149
2026-09-16 06:57:00-04:00,7672.5,7672.75,7672.25,7672.25,139
2026-09-16 06:58:00-04:00,7672.25,7673.0,7672.25,7672.75,161
2026-09-16 06:59:00-04:00,7672.5,7677.0,7671.75,7676.25,1032
2026-09-16 07:00:00-04:00,7676.25,7681.5,7676.0,7680.0,4971
2026-09-16 07:01:00-04:00,7680.0,7680.0,7675.75,7676.0,945
2026-09-16 07:02:00-04:00,7676.0,7676.75,7675.25,7675.5,499
2026-09-16 07:03:00-04:00,7675.25,7675.75,7674.5,7675.5,517
2026-09-16 07:04:00-04:00,7675.75,7676.25,7674.75,7675.75,739
2026-09-16 07:05:00-04:00,7675.75,7676.5,7675.25,7675.25,375
2026-09-16 07:06:00-04:00,7675.0,7675.25,7674.75,7674.75,478
2026-09-16 07:07:00-04:00,7674.75,7675.0,7673.75,7674.5,935
2026-09-16 07:08:00-04:00,7674.75,7675.5,7673.5,7674.75,666
2026-09-16 07:09:00-04:00,7674.5,7678.0,7674.5,7676.25,761
2026-09-16 07:10:00-04:00,7676.25,7677.25,7676.25,7676.75,345
2026-09-16 07:11:00-04:00,7676.75,7676.75,7674.5,7675.0,427
2026-09-16 07:12:00-04:00,7675.0,7675.5,7674.75,7675.5,211
2026-09-16 07:13:00-04:00,7675.5,7675.5,7674.25,7674.25,203
2026-09-16 07:14:00-04:00,7674.25,7674.5,7673.5,7673.5,218
2026-09-16 07:15:00-04:00,7673.75,7673.75,7672.0,7672.25,328
2026-09-16 07:16:00-04:00,7672.25,7673.0,7672.25,7672.75,141
2026-09-16 07:17:00-04:00,7673.0,7674.0,7673.0,7673.25,562
2026-09-16 07:18:00-04:00,7673.25,7673.5,7672.5,7673.0,268
2026-09-16 07:19:00-04:00,7673.0,7674.25,7672.75,7674.25,206
2026-09-16 07:20:00-04:00,7674.0,7674.5,7673.5,7673.75,260
2026-09-16 07:21:00-04:00,7673.5,7673.75,7672.75,7673.25,402
2026-09-16 07:22:00-04:00,7673.25,7673.25,7672.75,7673.25,341
2026-09-16 07:23:00-04:00,7673.5,7674.75,7673.5,7674.5,335
2026-09-16 07:24:00-04:00,7674.5,7675.25,7674.5,7674.75,249
2026-09-16 07:25:00-04:00,7675.0,7676.0,7674.5,7676.0,384
2026-09-16 07:26:00-04:00,7675.75,7676.0,7675.5,7675.75,683
2026-09-16 07:27:00-04:00,7676.0,7676.25,7675.75,7676.25,308
2026-09-16 07:28:00-04:00,7676.0,7676.0,7675.0,7676.0,301
2026-09-16 07:29:00-04:00,7676.0,7676.0,7675.0,7675.0,314
2026-09-16 07:30:00-04:00,7675.25,7675.75,7675.0,7675.0,868
2026-09-16 07:31:00-04:00,7675.25,7675.75,7675.0,7675.75,359
2026-09-16 07:32:00-04:00,7675.5,7676.25,7675.0,7675.5,419
2026-09-16 07:33:00-04:00,7675.75,7677.75,7675.75,7677.5,442
2026-09-16 07:34:00-04:00,7677.25,7677.5,7677.0,7677.25,311
2026-09-16 07:35:00-04:00,7677.25,7677.75,7676.75,7677.25,320
2026-09-16 07:36:00-04:00,7677.25,7678.0,7677.25,7678.0,297
2026-09-16 07:37:00-04:00,7678.25,7679.5,7677.5,7678.0,420
2026-09-16 07:38:00-04:00,7678.0,7678.25,7677.5,7678.25,411
2026-09-16 07:39:00-04:00,7678.25,7678.75,7678.0,7678.75,271
2026-09-16 07:40:00-04:00,7678.75,7679.0,7675.5,7678.0,1992
2026-09-16 07:41:00-04:00,7678.0,7680.5,7677.5,7678.5,709
2026-09-16 07:42:00-04:00,7678.5,7679.0,7677.25,7679.0,406
2026-09-16 07:43:00-04:00,7679.25,7681.25,7679.0,7680.5,699
2026-09-16 07:44:00-04:00,7680.5,7680.5,7679.5,7680.0,371
2026-09-16 07:45:00-04:00,7680.0,7680.5,7679.75,7680.25,291
2026-09-16 07:46:00-04:00,7680.25,7680.75,7679.75,7680.25,240
2026-09-16 07:47:00-04:00,7680.25,7681.0,7680.25,7680.75,235
2026-09-16 07:48:00-04:00,7680.75,7681.0,7680.25,7680.25,258
2026-09-16 07:49:00-04:00,7680.0,7680.75,7680.0,7680.75,211
2026-09-16 07:50:00-04:00,7681.0,7681.25,7680.75,7681.25,305
2026-09-16 07:51:00-04:00,7681.25,7682.0,7681.0,7681.5,280
2026-09-16 07:52:00-04:00,7681.5,7682.5,7681.25,7682.25,591
2026-09-16 07:53:00-04:00,7682.0,7682.5,7681.75,7681.75,350
2026-09-16 07:54:00-04:00,7681.75,7683.0,7681.75,7682.75,705
2026-09-16 07:55:00-04:00,7682.75,7683.0,7682.25,7682.5,375
2026-09-16 07:56:00-04:00,7682.25,7683.0,7682.0,7682.75,295
2026-09-16 07:57:00-04:00,7682.5,7683.5,7682.0,7682.25,481
2026-09-16 07:58:00-04:00,7682.25,7682.75,7681.75,7682.5,537
2026-09-16 07:59:00-04:00,7682.5,7683.25,7682.25,7683.25,539
2026-09-16 08:00:00-04:00,7683.0,7683.75,7682.75,7683.0,478
2026-09-16 08:01:00-04:00,7683.25,7689.25,7683.25,7684.5,1906
2026-09-16 08:02:00-04:00,7684.75,7684.75,7682.5,7683.0,700
2026-09-16 08:03:00-04:00,7682.75,7683.5,7682.5,7683.5,456
2026-09-16 08:04:00-04:00,7683.5,7684.0,7682.75,7683.75,694
2026-09-16 08:05:00-04:00,7684.0,7684.0,7682.75,7683.0,583
2026-09-16 08:06:00-04:00,7683.25,7684.75,7683.0,7684.5,432
2026-09-16 08:07:00-04:00,7684.5,7686.0,7684.5,7685.25,551
2026-09-16 08:08:00-04:00,7685.25,7686.25,7685.25,7685.25,367
2026-09-16 08:09:00-04:00,7685.25,7685.5,7684.75,7685.5,330
2026-09-16 08:10:00-04:00,7685.5,7685.5,7684.5,7684.75,521
2026-09-16 08:11:00-04:00,7685.0,7685.5,7684.25,7684.5,407
2026-09-16 08:12:00-04:00,7684.75,7685.25,7684.5,7685.0,358
2026-09-16 08:13:00-04:00,7684.75,7685.0,7683.75,7684.0,426
2026-09-16 08:14:00-04:00,7684.0,7684.0,7683.25,7683.25,286
2026-09-16 08:15:00-04:00,7683.25,7683.75,7683.0,7683.75,320
2026-09-16 08:16:00-04:00,7683.5,7683.75,7682.75,7683.5,468
2026-09-16 08:17:00-04:00,7683.75,7684.0,7682.5,7683.0,430
2026-09-16 08:18:00-04:00,7683.0,7684.0,7682.0,7682.5,1515
2026-09-16 08:19:00-04:00,7682.25,7683.5,7682.25,7683.0,602
2026-09-16 08:20:00-04:00,7683.0,7683.25,7681.0,7682.0,962
2026-09-16 08:21:00-04:00,7681.75,7683.0,7681.5,7682.25,1662
2026-09-16 08:22:00-04:00,7682.0,7682.5,7681.25,7682.5,665
2026-09-16 08:23:00-04:00,7682.5,7682.75,7681.25,7681.5,576
2026-09-16 08:24:00-04:00,7681.25,7681.5,7679.5,7679.75,967
2026-09-16 08:25:00-04:00,7680.0,7681.25,7680.0,7680.75,674
2026-09-16 08:26:00-04:00,7681.0,7681.5,7680.75,7681.25,270
2026-09-16 08:27:00-04:00,7681.25,7682.25,7680.5,7681.25,854
2026-09-16 08:28:00-04:00,7681.0,7681.75,7681.0,7681.75,297
2026-09-16 08:29:00-04:00,7681.75,7684.0,7681.5,7683.75,524
2026-09-16 08:30:00-04:00,7683.5,7684.0,7682.0,7683.0,700
2026-09-16 08:31:00-04:00,7683.0,7683.25,7680.75,7682.0,781
2026-09-16 08:32:00-04:00,7682.0,7682.25,7679.75,7680.25,1003
2026-09-16 08:33:00-04:00,7680.25,7681.5,7679.25,7681.5,876
2026-09-16 08:34:00-04:00,7681.5,7681.75,7681.0,7681.25,675
2026-09-16 08:35:00-04:00,7681.0,7681.5,7680.25,7680.25,774
2026-09-16 08:36:00-04:00,7680.25,7680.5,7678.5,7678.5,549
2026-09-16 08:37:00-04:00,7678.5,7678.75,7678.0,7678.25,497
2026-09-16 08:38:00-04:00,7678.5,7678.75,7675.75,7676.0,822
2026-09-16 08:39:00-04:00,7676.0,7676.5,7675.5,7676.5,452
2026-09-16 08:40:00-04:00,7676.25,7676.5,7675.75,7676.25,380
2026-09-16 08:41:00-04:00,7676.25,7676.75,7676.0,7676.25,455
2026-09-16 08:42:00-04:00,7676.5,7677.5,7676.25,7676.25,520
2026-09-16 08:43:00-04:00,7676.25,7676.25,7675.0,7675.75,685
2026-09-16 08:44:00-04:00,7675.75,7676.25,7675.0,7675.25,484
2026-09-16 08:45:00-04:00,7675.0,7675.0,7674.0,7674.75,667
2026-09-16 08:46:00-04:00,7674.75,7675.25,7674.5,7675.0,280
2026-09-16 08:47:00-04:00,7674.75,7675.75,7674.25,7675.25,344
2026-09-16 08:48:00-04:00,7675.25,7676.5,7675.25,7676.25,548
2026-09-16 08:49:00-04:00,7676.25,7679.0,7676.0,7679.0,715
2026-09-16 08:50:00-04:00,7679.0,7680.25,7678.75,7680.0,740
2026-09-16 08:51:00-04:00,7680.0,7680.75,7679.25,7679.5,555
2026-09-16 08:52:00-04:00,7679.5,7679.5,7678.0,7678.0,514
2026-09-16 08:53:00-04:00,7677.75,7678.5,7676.0,7677.5,690
2026-09-16 08:54:00-04:00,7677.75,7678.0,7676.0,7676.0,302
2026-09-16 08:55:00-04:00,7676.0,7676.75,7675.5,7676.75,776
2026-09-16 08:56:00-04:00,7676.75,7677.5,7676.0,7677.5,886
2026-09-16 08:57:00-04:00,7677.5,7679.25,7677.0,7678.5,734
2026-09-16 08:58:00-04:00,7678.75,7678.75,7677.5,7678.0,467
2026-09-16 08:59:00-04:00,7677.75,7680.75,7677.75,7679.75,978
2026-09-16 09:00:00-04:00,7679.75,7681.0,7676.75,7676.75,2158
2026-09-16 09:01:00-04:00,7677.0,7677.0,7674.75,7676.0,1069
2026-09-16 09:02:00-04:00,7675.75,7676.5,7675.0,7675.25,645
2026-09-16 09:03:00-04:00,7675.25,7675.5,7674.0,7674.0,597
2026-09-16 09:04:00-04:00,7674.0,7674.0,7673.0,7673.75,669
2026-09-16 09:05:00-04:00,7673.75,7675.0,7673.5,7674.0,633
2026-09-16 09:06:00-04:00,7674.0,7674.25,7673.25,7674.0,504
2026-09-16 09:07:00-04:00,7674.25,7675.5,7674.0,7675.25,724
2026-09-16 09:08:00-04:00,7675.0,7676.25,7675.0,7676.0,1043
2026-09-16 09:09:00-04:00,7675.75,7677.25,7675.75,7677.0,597
2026-09-16 09:10:00-04:00,7677.0,7677.0,7676.25,7676.75,774
2026-09-16 09:11:00-04:00,7677.0,7677.75,7676.75,7677.25,532
2026-09-16 09:12:00-04:00,7677.25,7679.75,7677.25,7679.75,895
2026-09-16 09:13:00-04:00,7679.5,7680.0,7679.0,7680.0,675
2026-09-16 09:14:00-04:00,7680.0,7680.5,7679.75,7680.5,631
2026-09-16 09:15:00-04:00,7680.5,7680.5,7678.75,7679.25,644
2026-09-16 09:16:00-04:00,7679.25,7681.25,7679.0,7680.25,1995
2026-09-16 09:17:00-04:00,7680.5,7680.5,7678.75,7679.25,752
2026-09-16 09:18:00-04:00,7679.25,7680.5,7678.75,7679.0,895
2026-09-16 09:19:00-04:00,7679.0,7679.25,7677.5,7678.0,580
2026-09-16 09:20:00-04:00,7677.75,7679.5,7677.25,7679.25,1905
2026-09-16 09:21:00-04:00,7679.25,7682.25,7678.75,7681.5,1940
2026-09-16 09:22:00-04:00,7681.5,7682.0,7680.5,7680.5,1360
2026-09-16 09:23:00-04:00,7680.75,7680.75,7679.5,7680.0,779
2026-09-16 09:24:00-04:00,7680.0,7681.0,7679.75,7679.75,2006
2026-09-16 09:25:00-04:00,7680.0,7680.75,7678.5,7679.0,1519
2026-09-16 09:26:00-04:00,7679.0,7679.75,7678.5,7679.0,635
2026-09-16 09:27:00-04:00,7679.0,7680.75,7679.0,7680.5,695
2026-09-16 09:28:00-04:00,7680.5,7680.5,7679.25,7679.5,797
2026-09-16 09:29:00-04:00,7679.5,7679.5,7676.25,7676.25,2056
2026-09-16 09:30:00-04:00,7676.5,7679.0,7673.5,7677.0,10690
2026-09-16 09:31:00-04:00,7677.0,7678.75,7674.5,7675.25,6354
2026-09-16 09:32:00-04:00,7675.0,7675.75,7674.0,7674.5,3970
2026-09-16 09:33:00-04:00,7674.5,7677.5,7673.75,7676.0,2475
2026-09-16 09:34:00-04:00,7676.25,7677.25,7673.25,7673.75,3087
2026-09-16 09:35:00-04:00,7674.0,7676.75,7673.5,7675.25,3637
2026-09-16 09:36:00-04:00,7675.0,7675.0,7672.5,7673.75,3455
2026-09-16 09:37:00-04:00,7673.5,7675.0,7672.75,7673.0,2437
2026-09-16 09:38:00-04:00,7673.0,7673.25,7670.25,7671.25,3781
2026-09-16 09:39:00-04:00,7671.25,7671.5,7669.25,7670.25,3570
2026-09-16 09:40:00-04:00,7670.0,7671.75,7669.0,7671.75,3451
2026-09-16 09:41:00-04:00,7671.75,7673.25,7669.5,7670.0,3532
2026-09-16 09:42:00-04:00,7670.25,7671.0,7669.0,7669.75,3246
2026-09-16 09:43:00-04:00,7670.0,7670.75,7669.25,7670.0,2837
2026-09-16 09:44:00-04:00,7670.0,7671.25,7669.25,7669.75,3403
2026-09-16 09:45:00-04:00,7669.5,7678.0,7669.5,7676.0,7463
2026-09-16 09:46:00-04:00,7676.25,7680.75,7675.25,7678.75,5689
2026-09-16 09:47:00-04:00,7678.75,7681.25,7677.5,7681.0,2929
2026-09-16 09:48:00-04:00,7681.0,7681.0,7678.0,7678.5,2879
2026-09-16 09:49:00-04:00,7678.25,7681.5,7677.5,7681.25,3195
2026-09-16 09:50:00-04:00,7681.25,7684.0,7680.75,7682.75,3135
2026-09-16 09:51:00-04:00,7682.5,7684.75,7681.25,7684.75,4119
2026-09-16 09:52:00-04:00,7684.5,7685.25,7683.0,7683.75,3100
2026-09-16 09:53:00-04:00,7683.75,7686.5,7682.5,7686.25,4346
2026-09-16 09:54:00-04:00,7686.25,7686.25,7683.0,7684.5,2273
2026-09-16 09:55:00-04:00,7684.5,7686.25,7683.75,7684.25,4005
2026-09-16 09:56:00-04:00,7684.25,7684.25,7682.75,7683.75,5347
2026-09-16 09:57:00-04:00,7683.5,7685.0,7683.0,7684.25,1965
2026-09-16 09:58:00-04:00,7684.25,7684.25,7681.75,7683.0,2007
2026-09-16 09:59:00-04:00,7683.0,7685.0,7682.0,7684.25,3297
2026-09-16 10:00:00-04:00,7684.5,7686.5,7683.25,7683.75,6041
2026-09-16 10:01:00-04:00,7683.75,7683.75,7682.0,7683.0,3019
2026-09-16 10:02:00-04:00,7682.75,7682.75,7681.25,7681.25,3082
2026-09-16 10:03:00-04:00,7681.25,7681.75,7679.0,7679.75,2953
2026-09-16 10:04:00-04:00,7679.5,7680.0,7678.0,7678.75,2522
2026-09-16 10:05:00-04:00,7678.75,7679.0,7676.75,7677.0,3140
2026-09-16 10:06:00-04:00,7677.25,7678.25,7675.25,7676.25,3361
2026-09-16 10:07:00-04:00,7676.5,7678.25,7675.25,7678.25,3453
2026-09-16 10:08:00-04:00,7678.5,7679.5,7677.75,7679.25,2996
2026-09-16 10:09:00-04:00,7679.25,7680.5,7678.5,7679.0,3138
2026-09-16 10:10:00-04:00,7679.0,7680.0,7678.25,7679.75,1727
2026-09-16 10:11:00-04:00,7679.75,7679.75,7677.0,7678.25,2999
2026-09-16 10:12:00-04:00,7678.5,7678.5,7675.0,7675.25,2817
2026-09-16 10:13:00-04:00,7675.0,7675.5,7673.0,7675.0,3456
2026-09-16 10:14:00-04:00,7675.25,7677.75,7675.0,7677.5,2692
2026-09-16 10:15:00-04:00,7677.75,7679.25,7676.75,7678.5,2667
2026-09-16 10:16:00-04:00,7678.5,7679.25,7677.75,7678.25,2470
2026-09-16 10:17:00-04:00,7678.25,7678.5,7676.0,7677.75,2362
2026-09-16 10:18:00-04:00,7677.75,7678.0,7675.75,7677.0,1981
2026-09-16 10:19:00-04:00,7677.0,7677.25,7674.0,7675.0,2512
2026-09-16 10:20:00-04:00,7674.75,7675.5,7673.75,7674.25,1963
2026-09-16 10:21:00-04:00,7674.25,7675.25,7674.0,7674.5,1731
2026-09-16 10:22:00-04:00,7674.25,7674.5,7671.75,7672.25,3596
2026-09-16 10:23:00-04:00,7672.25,7673.0,7671.25,7673.0,3920
2026-09-16 10:24:00-04:00,7672.75,7673.0,7671.25,7671.75,4026
2026-09-16 10:25:00-04:00,7671.75,7672.25,7671.0,7671.5,3448
2026-09-16 10:26:00-04:00,7671.25,7672.0,7670.75,7671.5,2653
2026-09-16 10:27:00-04:00,7671.25,7671.75,7669.5,7670.5,2277
2026-09-16 10:28:00-04:00,7670.25,7671.75,7670.0,7670.75,2599
2026-09-16 10:29:00-04:00,7670.75,7672.25,7670.75,7671.75,2532
2026-09-16 10:30:00-04:00,7671.75,7673.5,7671.25,7673.0,2950
2026-09-16 10:31:00-04:00,7673.0,7673.0,7670.75,7672.25,2938
2026-09-16 10:32:00-04:00,7672.0,7672.25,7670.0,7670.75,5325
2026-09-16 10:33:00-04:00,7671.0,7674.25,7670.75,7674.0,3199
2026-09-16 10:34:00-04:00,7674.0,7674.25,7672.5,7673.75,3050
2026-09-16 10:35:00-04:00,7673.75,7674.75,7673.25,7673.5,3125
2026-09-16 10:36:00-04:00,7673.5,7674.25,7671.25,7672.0,3722
2026-09-16 10:37:00-04:00,7672.0,7676.0,7671.25,7675.75,4368
2026-09-16 10:38:00-04:00,7675.75,7677.25,7675.0,7677.0,3155
2026-09-16 10:39:00-04:00,7676.75,7677.0,7675.5,7676.0,1652
2026-09-16 10:40:00-04:00,7676.0,7678.5,7675.5,7678.5,2441
2026-09-16 10:41:00-04:00,7678.25,7679.25,7677.75,7678.25,4358
2026-09-16 10:42:00-04:00,7678.0,7679.75,7677.25,7679.0,2234
2026-09-16 10:43:00-04:00,7679.25,7680.75,7678.75,7680.5,1706
2026-09-16 10:44:00-04:00,7680.25,7680.75,7679.25,7680.75,2830
2026-09-16 10:45:00-04:00,7680.5,7681.75,7679.75,7680.75,2911
2026-09-16 10:46:00-04:00,7680.75,7682.0,7680.0,7680.75,2313
2026-09-16 10:47:00-04:00,7680.75,7681.25,7679.5,7680.5,2406
2026-09-16 10:48:00-04:00,7680.75,7681.0,7679.75,7680.0,2304
2026-09-16 10:49:00-04:00,7679.75,7680.0,7678.0,7678.25,2879
2026-09-16 10:50:00-04:00,7678.25,7679.75,7678.25,7678.5,1628
2026-09-16 10:51:00-04:00,7678.5,7680.0,7678.5,7678.75,2034
2026-09-16 10:52:00-04:00,7678.75,7680.0,7678.0,7680.0,1342
2026-09-16 10:53:00-04:00,7680.0,7681.25,7679.75,7680.0,1517
2026-09-16 10:54:00-04:00,7680.25,7680.5,7678.75,7678.75,3501
2026-09-16 10:55:00-04:00,7679.0,7680.25,7679.0,7680.0,2571
2026-09-16 10:56:00-04:00,7679.75,7681.0,7679.75,7680.5,1430
2026-09-16 10:57:00-04:00,7680.75,7681.0,7679.5,7680.5,1997
2026-09-16 10:58:00-04:00,7680.25,7681.75,7679.5,7681.5,2042
2026-09-16 10:59:00-04:00,7681.5,7685.0,7681.25,7684.25,3429
2026-09-16 11:00:00-04:00,7684.25,7687.5,7684.25,7687.5,4390
2026-09-16 11:01:00-04:00,7687.25,7688.5,7686.5,7686.75,4492
2026-09-16 11:02:00-04:00,7686.75,7687.0,7683.75,7683.75,3419
2026-09-16 11:03:00-04:00,7684.0,7687.0,7683.75,7687.0,1796
2026-09-16 11:04:00-04:00,7687.0,7688.25,7686.5,7687.25,1763
2026-09-16 11:05:00-04:00,7687.25,7687.75,7686.0,7686.75,3200
2026-09-16 11:06:00-04:00,7686.75,7687.75,7684.5,7687.75,2735
2026-09-16 11:07:00-04:00,7687.75,7692.5,7686.75,7689.75,7280
2026-09-16 11:08:00-04:00,7689.5,7691.75,7688.5,7691.75,4413
2026-09-16 11:09:00-04:00,7691.5,7692.75,7690.5,7691.25,6118
2026-09-16 11:10:00-04:00,7691.25,7692.0,7689.75,7690.0,4136
2026-09-16 11:11:00-04:00,7690.0,7692.5,7688.25,7688.75,6126
2026-09-16 11:12:00-04:00,7688.5,7689.25,7687.25,7688.25,3193
2026-09-16 11:13:00-04:00,7688.25,7689.5,7687.75,7689.25,2394
2026-09-16 11:14:00-04:00,7689.25,7690.25,7689.0,7689.75,2876
2026-09-16 11:15:00-04:00,7690.0,7690.25,7687.0,7687.75,2663
2026-09-16 11:16:00-04:00,7687.75,7687.75,7686.25,7687.0,2988
2026-09-16 11:17:00-04:00,7686.75,7687.75,7686.0,7687.0,2073
2026-09-16 11:18:00-04:00,7687.0,7687.5,7685.75,7687.0,1295
2026-09-16 11:19:00-04:00,7686.75,7688.75,7686.75,7688.5,2853
2026-09-16 11:20:00-04:00,7688.5,7688.5,7687.5,7688.0,1655
2026-09-16 11:21:00-04:00,7687.75,7688.0,7686.25,7686.75,1469
2026-09-16 11:22:00-04:00,7686.5,7687.5,7686.5,7687.5,1368
2026-09-16 11:23:00-04:00,7687.5,7687.75,7686.75,7687.25,2036
2026-09-16 11:24:00-04:00,7687.0,7688.25,7686.75,7688.0,2131
2026-09-16 11:25:00-04:00,7687.75,7690.5,7686.75,7690.5,2192
2026-09-16 11:26:00-04:00,7690.25,7690.5,7688.5,7688.75,2333
2026-09-16 11:27:00-04:00,7688.75,7689.0,7687.5,7687.75,1953
2026-09-16 11:28:00-04:00,7688.0,7688.25,7685.5,7685.5,2564
2026-09-16 11:29:00-04:00,7685.75,7686.25,7685.25,7685.75,2206
2026-09-16 11:30:00-04:00,7686.0,7687.0,7684.0,7684.25,3107
2026-09-16 11:31:00-04:00,7684.0,7684.75,7683.25,7684.25,2291
2026-09-16 11:32:00-04:00,7684.0,7684.0,7682.5,7682.75,1614
2026-09-16 11:33:00-04:00,7682.75,7683.0,7682.0,7682.75,1345
2026-09-16 11:34:00-04:00,7682.75,7684.25,7682.25,7683.75,2433
2026-09-16 11:35:00-04:00,7683.75,7684.75,7683.5,7684.75,2491
2026-09-16 11:36:00-04:00,7684.75,7685.75,7684.0,7684.75,3994
2026-09-16 11:37:00-04:00,7684.75,7685.25,7683.75,7684.5,1099
2026-09-16 11:38:00-04:00,7684.25,7686.5,7684.25,7686.5,1405
2026-09-16 11:39:00-04:00,7686.5,7688.0,7686.0,7686.25,1620
2026-09-16 11:40:00-04:00,7686.25,7688.0,7686.25,7687.5,1499
2026-09-16 11:41:00-04:00,7687.25,7687.25,7685.75,7686.0,1360
2026-09-16 11:42:00-04:00,7686.25,7687.5,7685.5,7687.25,1467
2026-09-16 11:43:00-04:00,7687.25,7687.5,7686.25,7687.0,1193
2026-09-16 11:44:00-04:00,7687.0,7688.25,7686.75,7688.0,1050
2026-09-16 11:45:00-04:00,7687.75,7688.5,7687.0,7687.75,1274
2026-09-16 11:46:00-04:00,7687.75,7688.5,7687.5,7688.0,1296
2026-09-16 11:47:00-04:00,7687.75,7699.0,7687.75,7694.25,20820
2026-09-16 11:48:00-04:00,7694.0,7694.25,7691.5,7694.25,3793
2026-09-16 11:49:00-04:00,7694.0,7694.0,7691.25,7692.5,2900
2026-09-16 11:50:00-04:00,7692.75,7693.0,7690.25,7691.0,3783
2026-09-16 11:51:00-04:00,7691.25,7691.5,7689.5,7690.25,2511
2026-09-16 11:52:00-04:00,7690.25,7691.25,7688.75,7691.0,2542
2026-09-16 11:53:00-04:00,7690.75,7692.5,7690.5,7691.0,1906
2026-09-16 11:54:00-04:00,7691.25,7691.75,7689.75,7689.75,1426
2026-09-16 11:55:00-04:00,7690.0,7690.75,7688.5,7690.25,1726
2026-09-16 11:56:00-04:00,7690.25,7690.5,7688.75,7690.25,1691
2026-09-16 11:57:00-04:00,7690.25,7690.75,7688.5,7689.75,2686
2026-09-16 11:58:00-04:00,7689.75,7690.75,7689.25,7690.5,1847
2026-09-16 11:59:00-04:00,7690.5,7690.5,7688.25,7689.0,1448
2026-09-16 12:00:00-04:00,7689.0,7689.75,7687.5,7689.25,2452
2026-09-16 12:01:00-04:00,7689.25,7689.25,7687.0,7687.0,2397
2026-09-16 12:02:00-04:00,7687.25,7687.75,7686.25,7687.0,1476
2026-09-16 12:03:00-04:00,7686.75,7687.0,7685.25,7685.75,1462
2026-09-16 12:04:00-04:00,7685.75,7686.0,7685.25,7685.5,1522
2026-09-16 12:05:00-04:00,7685.25,7686.25,7685.25,7685.75,1757
2026-09-16 12:06:00-04:00,7685.75,7686.5,7685.25,7686.0,927
2026-09-16 12:07:00-04:00,7686.0,7686.25,7685.0,7685.5,1846
2026-09-16 12:08:00-04:00,7685.25,7686.5,7685.0,7686.0,2016
2026-09-16 12:09:00-04:00,7685.75,7687.25,7685.75,7686.75,1124
2026-09-16 12:10:00-04:00,7686.75,7687.25,7686.0,7686.0,2004
2026-09-16 12:11:00-04:00,7686.0,7686.0,7685.0,7685.0,866
2026-09-16 12:12:00-04:00,7685.0,7685.5,7683.75,7684.0,1741
2026-09-16 12:13:00-04:00,7684.0,7685.75,7684.0,7685.75,1611
2026-09-16 12:14:00-04:00,7686.0,7686.0,7685.0,7685.75,1211
2026-09-16 12:15:00-04:00,7685.75,7686.75,7685.5,7686.75,1009
2026-09-16 12:16:00-04:00,7686.5,7686.75,7685.25,7685.25,1011
2026-09-16 12:17:00-04:00,7685.25,7686.25,7684.75,7686.25,1244
2026-09-16 12:18:00-04:00,7686.25,7686.75,7685.75,7686.25,923
2026-09-16 12:19:00-04:00,7686.0,7686.0,7685.25,7685.5,1175
2026-09-16 12:20:00-04:00,7685.25,7685.25,7683.5,7684.25,2021
2026-09-16 12:21:00-04:00,7684.25,7684.25,7682.0,7682.75,1809
2026-09-16 12:22:00-04:00,7682.5,7682.5,7681.5,7682.5,1558
2026-09-16 12:23:00-04:00,7682.25,7682.75,7681.75,7682.5,1381
2026-09-16 12:24:00-04:00,7682.5,7683.0,7681.5,7681.75,1058
2026-09-16 12:25:00-04:00,7681.75,7682.5,7681.25,7682.25,1269
2026-09-16 12:26:00-04:00,7682.0,7683.0,7682.0,7683.0,837
2026-09-16 12:27:00-04:00,7682.75,7682.75,7681.25,7681.25,865
2026-09-16 12:28:00-04:00,7681.0,7681.75,7680.25,7681.75,2505
2026-09-16 12:29:00-04:00,7681.75,7683.5,7681.75,7683.25,1334
2026-09-16 12:30:00-04:00,7683.25,7684.0,7682.75,7683.5,870
2026-09-16 12:31:00-04:00,7683.25,7683.5,7681.0,7681.25,877
2026-09-16 12:32:00-04:00,7681.0,7681.25,7679.0,7679.25,1624
2026-09-16 12:33:00-04:00,7679.25,7680.0,7678.25,7678.5,1855
2026-09-16 12:34:00-04:00,7678.5,7679.25,7678.5,7678.75,1003
2026-09-16 12:35:00-04:00,7678.75,7680.25,7678.5,7679.75,1089
2026-09-16 12:36:00-04:00,7679.75,7680.5,7679.5,7679.75,637
2026-09-16 12:37:00-04:00,7679.5,7680.5,7679.25,7680.0,1024
2026-09-16 12:38:00-04:00,7680.0,7680.75,7680.0,7680.75,932
2026-09-16 12:39:00-04:00,7680.75,7681.25,7680.25,7680.75,873
2026-09-16 12:40:00-04:00,7680.75,7681.25,7680.25,7681.25,768
2026-09-16 12:41:00-04:00,7681.0,7681.0,7679.75,7680.25,792
2026-09-16 12:42:00-04:00,7680.5,7680.75,7679.75,7680.5,650
2026-09-16 12:43:00-04:00,7680.5,7681.25,7680.25,7681.25,426
2026-09-16 12:44:00-04:00,7681.25,7682.0,7680.75,7680.75,848
2026-09-16 12:45:00-04:00,7680.75,7682.75,7680.75,7682.25,1103
2026-09-16 12:46:00-04:00,7682.25,7683.0,7681.75,7683.0,570
2026-09-16 12:47:00-04:00,7682.75,7683.25,7682.25,7683.25,2206
2026-09-16 12:48:00-04:00,7683.0,7683.5,7682.75,7683.0,910
2026-09-16 12:49:00-04:00,7683.0,7683.25,7682.5,7682.5,858
2026-09-16 12:50:00-04:00,7682.5,7683.0,7680.5,7680.75,3161
2026-09-16 12:51:00-04:00,7680.5,7681.0,7679.75,7679.75,1259
2026-09-16 12:52:00-04:00,7679.75,7680.25,7678.75,7680.0,1772
2026-09-16 12:53:00-04:00,7679.75,7680.25,7679.0,7679.75,1361
2026-09-16 12:54:00-04:00,7679.75,7680.75,7679.5,7680.75,1102
2026-09-16 12:55:00-04:00,7680.75,7681.75,7680.5,7681.25,1495
2026-09-16 12:56:00-04:00,7681.5,7681.75,7680.5,7680.75,1324
2026-09-16 12:57:00-04:00,7680.75,7681.0,7680.0,7681.0,521
2026-09-16 12:58:00-04:00,7681.0,7681.0,7680.5,7681.0,480
2026-09-16 12:59:00-04:00,7681.0,7681.0,7679.25,7679.25,915
2026-09-16 13:00:00-04:00,7679.5,7679.75,7676.75,7677.0,2585
2026-09-16 13:01:00-04:00,7676.75,7677.0,7675.5,7675.75,1599
2026-09-16 13:02:00-04:00,7675.75,7676.5,7675.25,7675.75,1231
2026-09-16 13:03:00-04:00,7675.75,7676.0,7674.0,7674.5,1845
2026-09-16 13:04:00-04:00,7674.5,7675.75,7674.25,7675.5,1554
2026-09-16 13:05:00-04:00,7675.5,7676.5,7675.5,7675.75,1201
2026-09-16 13:06:00-04:00,7675.5,7676.5,7675.5,7675.75,1183
2026-09-16 13:07:00-04:00,7675.75,7676.5,7675.75,7676.0,1265
2026-09-16 13:08:00-04:00,7676.0,7677.0,7676.0,7676.75,942
2026-09-16 13:09:00-04:00,7677.0,7677.75,7676.5,7677.5,1070
2026-09-16 13:10:00-04:00,7677.5,7678.0,7676.5,7676.75,1287
2026-09-16 13:11:00-04:00,7676.75,7677.25,7676.0,7676.25,1003
2026-09-16 13:12:00-04:00,7676.25,7676.75,7675.75,7676.5,1010
2026-09-16 13:13:00-04:00,7676.5,7677.75,7676.5,7677.5,1163
2026-09-16 13:14:00-04:00,7677.5,7679.75,7677.25,7678.75,1306
2026-09-16 13:15:00-04:00,7678.75,7679.25,7678.25,7678.5,1236
2026-09-16 13:16:00-04:00,7678.5,7679.75,7678.25,7679.5,1074
2026-09-16 13:17:00-04:00,7679.75,7680.0,7679.0,7679.0,1102
2026-09-16 13:18:00-04:00,7678.75,7680.0,7678.75,7679.25,1573
2026-09-16 13:19:00-04:00,7679.25,7679.5,7678.75,7679.25,1209
2026-09-16 13:20:00-04:00,7679.25,7680.25,7678.75,7680.0,818
2026-09-16 13:21:00-04:00,7680.0,7680.75,7679.75,7680.0,1137
2026-09-16 13:22:00-04:00,7680.0,7680.25,7678.25,7678.5,1210
2026-09-16 13:23:00-04:00,7678.5,7678.5,7677.0,7677.0,1289
2026-09-16 13:24:00-04:00,7677.0,7678.0,7676.75,7677.75,889
2026-09-16 13:25:00-04:00,7677.75,7680.0,7677.75,7679.75,1864
2026-09-16 13:26:00-04:00,7679.5,7680.0,7678.75,7679.75,1431
2026-09-16 13:27:00-04:00,7679.75,7680.5,7679.5,7680.25,659
2026-09-16 13:28:00-04:00,7680.25,7680.5,7679.75,7679.75,1247
2026-09-16 13:29:00-04:00,7679.75,7681.0,7679.75,7680.75,584
2026-09-16 13:30:00-04:00,7681.0,7682.25,7680.0,7680.5,2485
2026-09-16 13:31:00-04:00,7680.25,7680.25,7678.0,7678.5,1534
2026-09-16 13:32:00-04:00,7678.5,7679.25,7678.0,7679.0,1191
2026-09-16 13:33:00-04:00,7679.0,7679.5,7678.5,7679.0,1097
2026-09-16 13:34:00-04:00,7679.0,7679.75,7678.75,7679.5,832
2026-09-16 13:35:00-04:00,7679.5,7680.0,7678.75,7680.0,884
2026-09-16 13:36:00-04:00,7679.75,7680.5,7679.5,7680.0,830
2026-09-16 13:37:00-04:00,7679.75,7680.25,7679.5,7679.5,611
2026-09-16 13:38:00-04:00,7679.75,7680.0,7679.0,7679.0,760
2026-09-16 13:39:00-04:00,7679.0,7679.25,7677.75,7677.75,1095
2026-09-16 13:40:00-04:00,7677.75,7678.0,7676.25,7676.25,1128
2026-09-16 13:41:00-04:00,7676.5,7677.0,7676.0,7676.75,1025
2026-09-16 13:42:00-04:00,7677.0,7677.0,7676.0,7676.5,862
2026-09-16 13:43:00-04:00,7676.75,7677.0,7674.75,7674.75,1104
2026-09-16 13:44:00-04:00,7674.75,7675.25,7674.5,7674.75,3305
2026-09-16 13:45:00-04:00,7674.75,7676.75,7674.75,7676.75,1032
2026-09-16 13:46:00-04:00,7676.75,7678.5,7676.5,7678.5,1618
2026-09-16 13:47:00-04:00,7678.25,7678.75,7678.25,7678.5,1250
2026-09-16 13:48:00-04:00,7678.5,7678.75,7676.75,7677.0,1121
2026-09-16 13:49:00-04:00,7677.0,7677.5,7676.75,7677.0,1241
2026-09-16 13:50:00-04:00,7677.25,7677.25,7676.25,7677.25,829
2026-09-16 13:51:00-04:00,7677.5,7678.5,7677.25,7678.25,1159
2026-09-16 13:52:00-04:00,7678.25,7679.5,7677.75,7679.5,1246
2026-09-16 13:53:00-04:00,7679.5,7680.0,7678.75,7680.0,1190
2026-09-16 13:54:00-04:00,7679.75,7680.0,7679.0,7679.25,934
2026-09-16 13:55:00-04:00,7679.25,7679.5,7678.25,7678.25,1410
2026-09-16 13:56:00-04:00,7678.25,7680.0,7677.75,7680.0,1090
2026-09-16 13:57:00-04:00,7679.75,7681.0,7679.5,7680.75,1015
2026-09-16 13:58:00-04:00,7680.5,7684.0,7680.25,7683.5,1480
2026-09-16 13:59:00-04:00,7683.75,7684.75,7682.0,7683.5,1514
2026-09-16 14:00:00-04:00,7684.5,7691.0,7676.5,7678.25,8343
2026-09-16 14:01:00-04:00,7678.0,7679.25,7669.0,7671.25,8128
2026-09-16 14:02:00-04:00,7671.5,7679.25,7668.75,7679.0,5429
2026-09-16 14:03:00-04:00,7678.75,7682.0,7677.25,7678.0,4372
2026-09-16 14:04:00-04:00,7677.75,7686.25,7676.25,7683.75,4582
2026-09-16 14:05:00-04:00,7684.0,7687.5,7682.75,7686.25,5126
2026-09-16 14:06:00-04:00,7686.5,7689.0,7683.5,7684.25,5552
2026-09-16 14:07:00-04:00,7684.25,7690.5,7683.5,7689.75,5197
2026-09-16 14:08:00-04:00,7689.75,7694.25,7689.5,7690.5,6645
2026-09-16 14:09:00-04:00,7690.75,7691.0,7687.75,7688.5,4464
2026-09-16 14:10:00-04:00,7688.25,7690.25,7683.25,7685.5,3529
2026-09-16 14:11:00-04:00,7685.25,7686.25,7682.75,7683.75,3164
2026-09-16 14:12:00-04:00,7683.5,7684.0,7680.5,7682.25,3753
2026-09-16 14:13:00-04:00,7682.25,7685.5,7679.5,7684.5,3728
2026-09-16 14:14:00-04:00,7684.75,7686.75,7679.75,7681.25,3168
2026-09-16 14:15:00-04:00,7681.25,7683.0,7680.25,7680.5,3152
2026-09-16 14:16:00-04:00,7680.5,7682.5,7679.75,7681.25,3270
2026-09-16 14:17:00-04:00,7681.5,7682.5,7679.0,7680.5,2725
2026-09-16 14:18:00-04:00,7680.5,7683.0,7678.0,7678.75,3130
2026-09-16 14:19:00-04:00,7678.75,7685.0,7678.0,7681.0,5591
2026-09-16 14:20:00-04:00,7681.0,7681.25,7677.5,7679.5,3334
2026-09-16 14:21:00-04:00,7679.5,7683.25,7679.25,7681.25,2783
2026-09-16 14:22:00-04:00,7681.25,7684.5,7681.0,7682.0,2814
2026-09-16 14:23:00-04:00,7681.75,7683.25,7679.5,7682.75,2486
2026-09-16 14:24:00-04:00,7682.75,7683.25,7679.75,7680.25,2140
2026-09-16 14:25:00-04:00,7680.25,7681.5,7677.0,7677.5,2517
2026-09-16 14:26:00-04:00,7677.5,7679.0,7675.25,7676.5,3778
2026-09-16 14:27:00-04:00,7676.5,7677.0,7670.25,7671.25,4828
2026-09-16 14:28:00-04:00,7671.5,7673.5,7669.25,7673.25,4916
2026-09-16 14:29:00-04:00,7673.25,7679.5,7673.25,7678.0,4703
2026-09-16 14:30:00-04:00,7678.25,7680.75,7673.75,7674.25,5835
2026-09-16 14:31:00-04:00,7674.0,7674.0,7667.75,7669.25,5575
2026-09-16 14:32:00-04:00,7669.0,7670.25,7659.75,7662.0,9871
2026-09-16 14:33:00-04:00,7661.75,7665.5,7658.0,7659.25,10534
2026-09-16 14:34:00-04:00,7659.5,7662.75,7656.25,7657.5,7310
2026-09-16 14:35:00-04:00,7657.5,7658.0,7648.25,7650.5,12592
2026-09-16 14:36:00-04:00,7650.75,7652.5,7641.25,7642.25,10163
2026-09-16 14:37:00-04:00,7642.25,7647.25,7641.0,7644.25,8628
2026-09-16 14:38:00-04:00,7644.25,7657.75,7644.25,7655.25,9067
2026-09-16 14:39:00-04:00,7655.25,7661.25,7654.75,7660.0,8774
2026-09-16 14:40:00-04:00,7659.75,7665.75,7658.75,7665.25,6252
2026-09-16 14:41:00-04:00,7665.5,7671.25,7662.5,7671.0,6900
2026-09-16 14:42:00-04:00,7670.75,7680.75,7670.75,7680.75,9409
2026-09-16 14:43:00-04:00,7680.75,7683.25,7679.0,7680.25,7841
2026-09-16 14:44:00-04:00,7680.25,7681.25,7671.25,7671.25,7732
2026-09-16 14:45:00-04:00,7671.25,7677.25,7669.0,7672.0,7816
2026-09-16 14:46:00-04:00,7672.25,7673.25,7667.0,7667.0,5943
2026-09-16 14:47:00-04:00,7666.75,7668.25,7661.25,7662.0,5592
2026-09-16 14:48:00-04:00,7662.0,7663.0,7658.0,7658.75,4746
2026-09-16 14:49:00-04:00,7658.5,7659.5,7655.25,7656.5,3903
2026-09-16 14:50:00-04:00,7656.25,7659.25,7651.5,7652.25,5796
2026-09-16 14:51:00-04:00,7652.0,7653.25,7648.0,7653.0,6662
2026-09-16 14:52:00-04:00,7653.0,7653.0,7639.75,7643.5,9785
2026-09-16 14:53:00-04:00,7643.5,7646.5,7635.5,7635.75,9656
2026-09-16 14:54:00-04:00,7636.0,7637.0,7631.0,7631.75,9974
2026-09-16 14:55:00-04:00,7632.0,7638.0,7630.25,7632.75,11136
2026-09-16 14:56:00-04:00,7633.0,7633.0,7625.5,7626.25,9763
2026-09-16 14:57:00-04:00,7626.0,7626.25,7618.5,7622.75,9864
2026-09-16 14:58:00-04:00,7622.75,7626.25,7621.0,7623.75,8662
2026-09-16 14:59:00-04:00,7623.75,7627.5,7617.5,7618.75,12473
2026-09-16 15:00:00-04:00,7618.75,7630.0,7617.0,7629.0,11564
2026-09-16 15:01:00-04:00,7629.0,7631.5,7623.25,7623.75,9428
2026-09-16 15:02:00-04:00,7623.75,7626.25,7620.75,7624.5,7228
2026-09-16 15:03:00-04:00,7624.25,7631.5,7622.75,7630.5,6497
2026-09-16 15:04:00-04:00,7630.75,7633.75,7626.0,7627.5,7645
2026-09-16 15:05:00-04:00,7627.25,7627.75,7619.25,7624.25,9481
2026-09-16 15:06:00-04:00,7624.25,7627.5,7623.0,7623.25,5642
2026-09-16 15:07:00-04:00,7623.25,7623.25,7617.25,7620.0,7074
2026-09-16 15:08:00-04:00,7620.0,7621.5,7611.5,7613.75,10280
2026-09-16 15:09:00-04:00,7613.75,7614.5,7609.75,7611.75,5939
2026-09-16 15:10:00-04:00,7611.75,7613.5,7602.5,7602.75,8183
2026-09-16 15:11:00-04:00,7603.0,7604.5,7598.0,7598.5,9907
2026-09-16 15:12:00-04:00,7598.75,7601.25,7595.25,7596.75,9475
2026-09-16 15:13:00-04:00,7596.75,7599.25,7591.75,7593.25,7144
2026-09-16 15:14:00-04:00,7593.25,7600.0,7591.0,7592.5,8961
2026-09-16 15:15:00-04:00,7592.5,7600.75,7591.5,7594.75,7824
2026-09-16 15:16:00-04:00,7594.75,7594.75,7590.0,7594.5,5474
2026-09-16 15:17:00-04:00,7594.5,7596.0,7590.75,7591.5,8031
2026-09-16 15:18:00-04:00,7591.5,7593.5,7588.5,7588.5,6389
2026-09-16 15:19:00-04:00,7588.75,7589.75,7584.0,7588.75,6829
2026-09-16 15:20:00-04:00,7589.0,7593.0,7585.25,7585.75,7779
2026-09-16 15:21:00-04:00,7585.5,7587.0,7582.75,7585.5,7304
2026-09-16 15:22:00-04:00,7585.5,7587.5,7581.25,7581.75,7734
2026-09-16 15:23:00-04:00,7581.75,7585.25,7581.25,7581.75,6151
2026-09-16 15:24:00-04:00,7581.75,7586.5,7580.25,7586.25,6639
2026-09-16 15:25:00-04:00,7586.5,7588.25,7577.25,7577.25,6959
2026-09-16 15:26:00-04:00,7577.0,7579.0,7575.75,7577.25,6540
2026-09-16 15:27:00-04:00,7577.25,7584.0,7575.0,7582.5,5484
2026-09-16 15:28:00-04:00,7582.5,7585.25,7579.75,7581.25,5909
2026-09-16 15:29:00-04:00,7581.25,7592.75,7581.25,7591.75,8849
2026-09-16 15:30:00-04:00,7591.75,7596.75,7590.5,7596.25,8262
2026-09-16 15:31:00-04:00,7596.0,7598.0,7595.0,7595.75,8279
2026-09-16 15:32:00-04:00,7595.75,7601.5,7595.25,7600.25,7427
2026-09-16 15:33:00-04:00,7600.25,7602.5,7596.25,7600.25,6648
2026-09-16 15:34:00-04:00,7600.0,7606.0,7599.75,7605.25,6483
2026-09-16 15:35:00-04:00,7605.5,7606.25,7600.75,7603.0,5567
2026-09-16 15:36:00-04:00,7603.0,7603.25,7594.5,7595.5,5655
2026-09-16 15:37:00-04:00,7595.5,7601.75,7594.0,7601.25,4954
2026-09-16 15:38:00-04:00,7601.5,7603.25,7598.5,7599.5,4874
2026-09-16 15:39:00-04:00,7599.5,7605.5,7599.5,7604.0,4207
2026-09-16 15:40:00-04:00,7604.0,7604.25,7601.25,7602.0,5003
2026-09-16 15:41:00-04:00,7602.25,7608.0,7599.5,7599.75,6207
2026-09-16 15:42:00-04:00,7599.5,7602.0,7597.25,7599.75,4467
2026-09-16 15:43:00-04:00,7599.75,7603.75,7599.5,7602.5,3850
2026-09-16 15:44:00-04:00,7602.5,7604.25,7599.75,7600.75,3591
2026-09-16 15:45:00-04:00,7600.75,7609.0,7600.5,7609.0,5206
2026-09-16 15:46:00-04:00,7609.0,7611.25,7607.5,7608.75,5256
2026-09-16 15:47:00-04:00,7608.75,7613.25,7608.0,7613.0,3151
2026-09-16 15:48:00-04:00,7612.75,7615.0,7611.25,7615.0,3933
2026-09-16 15:49:00-04:00,7615.0,7616.75,7614.0,7615.0,4479
2026-09-16 15:50:00-04:00,7615.0,7619.75,7614.0,7619.5,6855
2026-09-16 15:51:00-04:00,7619.25,7621.25,7616.25,7616.25,5294
2026-09-16 15:52:00-04:00,7616.25,7619.75,7615.0,7619.5,6714
2026-09-16 15:53:00-04:00,7619.5,7620.75,7617.0,7618.0,4000
2026-09-16 15:54:00-04:00,7618.0,7623.25,7616.25,7621.75,6365
2026-09-16 15:55:00-04:00,7621.75,7623.25,7618.5,7622.25,6775
2026-09-16 15:56:00-04:00,7622.25,7624.25,7620.5,7624.25,4722
2026-09-16 15:57:00-04:00,7624.0,7625.0,7620.25,7621.0,7956
2026-09-16 15:58:00-04:00,7621.25,7621.75,7619.25,7621.5,10161
2026-09-16 15:59:00-04:00,7621.75,7624.75,7619.75,7622.25,49593
2026-09-16 16:00:00-04:00,7622.25,7624.5,7620.0,7623.0,14989
2026-09-16 16:01:00-04:00,7622.75,7624.0,7621.75,7622.25,3530
2026-09-16 16:02:00-04:00,7622.25,7624.0,7622.0,7623.75,2415
2026-09-16 16:03:00-04:00,7623.75,7626.0,7623.5,7625.5,3736
2026-09-16 16:04:00-04:00,7625.5,7625.5,7622.0,7623.75,2065
2026-09-16 16:05:00-04:00,7623.5,7624.25,7622.25,7622.5,1761
2026-09-16 16:06:00-04:00,7622.75,7624.0,7622.5,7622.75,1329
2026-09-16 16:07:00-04:00,7622.75,7623.0,7620.75,7621.0,1812
2026-09-16 16:08:00-04:00,7621.25,7622.5,7620.75,7620.75,1053
2026-09-16 16:09:00-04:00,7621.0,7622.25,7620.5,7622.0,1342
2026-09-16 16:10:00-04:00,7621.75,7622.75,7621.5,7622.0,1042
2026-09-16 16:11:00-04:00,7622.0,7622.25,7621.0,7621.25,645
2026-09-16 16:12:00-04:00,7621.25,7621.75,7620.75,7621.75,789
2026-09-16 16:13:00-04:00,7621.75,7622.0,7621.0,7621.25,643
2026-09-16 16:14:00-04:00,7621.5,7622.5,7621.25,7621.75,740
2026-09-16 16:15:00-04:00,7621.75,7622.5,7621.0,7622.5,550
2026-09-16 16:16:00-04:00,7622.5,7623.0,7620.0,7621.25,2026
2026-09-16 16:17:00-04:00,7621.25,7622.75,7621.25,7622.75,296
2026-09-16 16:18:00-04:00,7623.0,7623.0,7621.25,7621.75,316
2026-09-16 16:19:00-04:00,7621.75,7621.75,7621.0,7621.25,251
2026-09-16 16:20:00-04:00,7621.25,7621.5,7620.5,7621.0,474
2026-09-16 16:21:00-04:00,7620.75,7621.5,7620.75,7621.25,244
2026-09-16 16:22:00-04:00,7621.25,7621.5,7621.0,7621.25,129
2026-09-16 16:23:00-04:00,7621.5,7621.5,7620.25,7620.25,339
2026-09-16 16:24:00-04:00,7620.5,7621.0,7620.0,7620.0,528
2026-09-16 16:25:00-04:00,7620.0,7620.0,7618.75,7619.25,865
2026-09-16 16:26:00-04:00,7619.0,7619.25,7617.5,7618.0,1045
2026-09-16 16:27:00-04:00,7618.0,7618.5,7617.25,7617.75,604
2026-09-16 16:28:00-04:00,7618.0,7619.25,7618.0,7619.0,320
2026-09-16 16:29:00-04:00,7619.0,7620.5,7619.0,7620.25,465
2026-09-16 16:30:00-04:00,7620.25,7621.0,7619.0,7620.75,336
2026-09-16 16:31:00-04:00,7620.75,7621.75,7620.25,7621.5,431
2026-09-16 16:32:00-04:00,7621.25,7621.5,7620.25,7620.5,150
2026-09-16 16:33:00-04:00,7620.5,7621.0,7619.75,7621.0,175
2026-09-16 16:34:00-04:00,7621.0,7622.75,7621.0,7622.5,480
2026-09-16 16:35:00-04:00,7622.25,7622.5,7621.25,7621.25,278
2026-09-16 16:36:00-04:00,7621.5,7621.75,7620.5,7620.5,170
2026-09-16 16:37:00-04:00,7620.5,7621.75,7620.5,7621.75,213
2026-09-16 16:38:00-04:00,7621.75,7621.75,7620.75,7621.25,377
2026-09-16 16:39:00-04:00,7621.0,7622.5,7620.75,7622.5,470
2026-09-16 16:40:00-04:00,7622.5,7622.5,7622.0,7622.25,181
2026-09-16 16:41:00-04:00,7622.25,7623.0,7622.0,7622.0,160
2026-09-16 16:42:00-04:00,7622.25,7622.25,7620.75,7621.0,349
2026-09-16 16:43:00-04:00,7620.75,7621.25,7619.75,7620.25,883
2026-09-16 16:44:00-04:00,7620.5,7621.75,7620.25,7621.25,438
2026-09-16 16:45:00-04:00,7621.25,7621.5,7620.75,7620.75,156
2026-09-16 16:46:00-04:00,7620.75,7622.0,7620.75,7621.75,618
2026-09-16 16:47:00-04:00,7622.0,7622.0,7621.75,7621.75,188
2026-09-16 16:48:00-04:00,7622.0,7622.0,7621.5,7621.75,112
2026-09-16 16:49:00-04:00,7622.0,7622.5,7621.75,7622.25,394
2026-09-16 16:50:00-04:00,7622.25,7623.0,7622.0,7623.0,364
2026-09-16 16:51:00-04:00,7623.0,7623.0,7621.75,7622.0,244
2026-09-16 16:52:00-04:00,7621.75,7622.0,7620.75,7621.0,212
2026-09-16 16:53:00-04:00,7621.0,7621.5,7620.5,7621.5,181
2026-09-16 16:54:00-04:00,7621.5,7621.75,7621.25,7621.5,121
2026-09-16 16:55:00-04:00,7621.5,7622.0,7621.0,7621.25,189
2026-09-16 16:56:00-04:00,7621.25,7621.5,7618.5,7620.25,680
2026-09-16 16:57:00-04:00,7620.25,7621.25,7620.0,7621.25,446
2026-09-16 16:58:00-04:00,7621.0,7622.0,7620.75,7621.75,357
2026-09-16 16:59:00-04:00,7621.75,7622.75,7621.5,7622.0,571
2026-09-16 18:00:00-04:00,7624.0,7625.0,7621.75,7622.25,0
2026-09-16 18:01:00-04:00,7622.25,7623.0,7620.0,7620.5,317
2026-09-16 18:02:00-04:00,7620.25,7620.5,7618.5,7619.25,393
2026-09-16 18:03:00-04:00,7619.25,7619.25,7618.25,7619.0,62
2026-09-16 18:04:00-04:00,7619.0,7619.25,7617.5,7618.0,159
2026-09-16 18:05:00-04:00,7618.25,7624.75,7618.25,7624.75,388
2026-09-16 18:06:00-04:00,7624.5,7625.5,7623.25,7624.75,313
2026-09-16 18:07:00-04:00,7624.75,7624.75,7623.75,7624.75,156
2026-09-16 18:08:00-04:00,7624.75,7625.75,7624.0,7625.25,149
2026-09-16 18:09:00-04:00,7625.5,7625.5,7624.5,7625.25,145
2026-09-16 18:10:00-04:00,7625.25,7625.5,7624.75,7624.75,92
2026-09-16 18:11:00-04:00,7624.75,7625.25,7624.75,7624.75,74
2026-09-16 18:12:00-04:00,7624.75,7626.25,7624.75,7626.25,255
2026-09-16 18:13:00-04:00,7626.0,7628.25,7625.5,7626.5,434
2026-09-16 18:14:00-04:00,7626.5,7626.75,7626.0,7626.25,72
2026-09-16 18:15:00-04:00,7626.25,7626.75,7625.75,7626.0,108
2026-09-16 18:16:00-04:00,7626.0,7626.25,7625.75,7626.25,67
2026-09-16 18:17:00-04:00,7626.25,7627.0,7625.5,7627.0,215
2026-09-16 18:18:00-04:00,7627.25,7627.5,7627.0,7627.5,93
2026-09-16 18:19:00-04:00,7627.25,7627.75,7627.25,7627.5,191
2026-09-16 18:20:00-04:00,7627.75,7629.5,7627.75,7629.25,338
2026-09-16 18:21:00-04:00,7629.0,7629.5,7628.5,7629.25,211
2026-09-16 18:22:00-04:00,7629.0,7629.5,7628.75,7628.75,98
2026-09-16 18:23:00-04:00,7628.5,7628.5,7627.25,7628.25,203
2026-09-16 18:24:00-04:00,7628.5,7629.75,7628.5,7629.25,174
2026-09-16 18:25:00-04:00,7629.5,7631.75,7629.0,7631.5,295
2026-09-16 18:26:00-04:00,7631.5,7632.5,7631.25,7632.0,240
2026-09-16 18:27:00-04:00,7631.75,7632.0,7631.5,7631.75,126
2026-09-16 18:28:00-04:00,7631.75,7632.0,7631.0,7632.0,119
2026-09-16 18:29:00-04:00,7631.75,7632.5,7631.5,7632.25,105
2026-09-16 18:30:00-04:00,7632.25,7633.75,7632.0,7633.75,266
2026-09-16 18:31:00-04:00,7633.5,7633.75,7632.75,7633.0,123
2026-09-16 18:32:00-04:00,7633.0,7633.25,7632.25,7633.25,150
2026-09-16 18:33:00-04:00,7633.25,7634.75,7633.25,7634.0,361
2026-09-16 18:34:00-04:00,7634.0,7634.75,7633.75,7634.25,117
2026-09-16 18:35:00-04:00,7634.5,7635.0,7634.25,7634.75,110
2026-09-16 18:36:00-04:00,7634.5,7635.75,7634.0,7635.75,178
2026-09-16 18:37:00-04:00,7635.5,7636.25,7635.0,7635.75,170
2026-09-16 18:38:00-04:00,7636.0,7636.75,7636.0,7636.5,127
2026-09-16 18:39:00-04:00,7636.5,7637.5,7636.5,7637.0,215
2026-09-16 18:40:00-04:00,7637.0,7638.5,7637.0,7637.5,355
2026-09-16 18:41:00-04:00,7637.5,7639.5,7637.5,7639.0,175
2026-09-16 18:42:00-04:00,7639.25,7639.75,7638.0,7638.25,477
2026-09-16 18:43:00-04:00,7638.25,7639.25,7638.0,7639.25,122
2026-09-16 18:44:00-04:00,7639.25,7639.25,7638.25,7638.75,152
2026-09-16 18:45:00-04:00,7638.5,7639.0,7638.0,7638.5,155
2026-09-16 18:46:00-04:00,7638.75,7639.25,7638.75,7638.75,297
2026-09-16 18:47:00-04:00,7639.0,7639.25,7638.75,7638.75,167
2026-09-16 18:48:00-04:00,7639.0,7639.0,7637.75,7638.0,243
2026-09-16 18:49:00-04:00,7638.0,7638.0,7635.75,7636.0,344
2026-09-16 18:50:00-04:00,7636.0,7636.5,7635.75,7636.25,170
2026-09-16 18:51:00-04:00,7636.25,7636.25,7635.5,7635.75,167
2026-09-16 18:52:00-04:00,7635.75,7636.25,7635.5,7635.5,106
2026-09-16 18:53:00-04:00,7635.5,7635.5,7635.0,7635.25,96
2026-09-16 18:54:00-04:00,7635.0,7635.5,7635.0,7635.25,158
2026-09-16 18:55:00-04:00,7635.25,7635.25,7634.75,7635.0,193
2026-09-16 18:56:00-04:00,7635.25,7635.25,7634.75,7635.0,78
2026-09-16 18:57:00-04:00,7635.0,7635.5,7635.0,7635.25,123
2026-09-16 18:58:00-04:00,7635.25,7636.5,7635.0,7636.25,285
2026-09-16 18:59:00-04:00,7636.25,7636.75,7636.25,7636.75,164
2026-09-16 19:00:00-04:00,7636.5,7637.5,7636.0,7636.25,195
2026-09-16 19:01:00-04:00,7636.5,7638.25,7636.5,7638.25,198
2026-09-16 19:02:00-04:00,7638.0,7638.0,7635.75,7636.0,137
2026-09-16 19:03:00-04:00,7636.25,7636.5,7636.25,7636.25,53
2026-09-16 19:04:00-04:00,7636.5,7637.25,7636.5,7637.0,40
2026-09-16 19:05:00-04:00,7637.0,7637.5,7637.0,7637.25,129
2026-09-16 19:06:00-04:00,7637.0,7637.25,7636.75,7637.25,76
2026-09-16 19:07:00-04:00,7637.25,7637.25,7636.5,7636.75,75
2026-09-16 19:08:00-04:00,7637.0,7638.0,7637.0,7638.0,119
2026-09-16 19:09:00-04:00,7638.25,7640.0,7638.25,7639.5,360
2026-09-16 19:10:00-04:00,7639.5,7640.0,7639.25,7640.0,87
2026-09-16 19:11:00-04:00,7639.75,7640.0,7639.5,7639.5,100
2026-09-16 19:12:00-04:00,7639.25,7639.25,7638.75,7638.75,61
2026-09-16 19:13:00-04:00,7638.75,7639.0,7638.75,7639.0,57
2026-09-16 19:14:00-04:00,7638.75,7638.75,7638.0,7638.5,84
2026-09-16 19:15:00-04:00,7638.75,7639.25,7638.75,7639.0,71
2026-09-16 19:16:00-04:00,7639.25,7639.5,7639.25,7639.25,32
2026-09-16 19:17:00-04:00,7639.5,7642.75,7639.5,7642.5,515
2026-09-16 19:18:00-04:00,7642.25,7643.25,7641.5,7641.75,305
2026-09-16 19:19:00-04:00,7641.75,7641.75,7641.0,7641.25,94
2026-09-16 19:20:00-04:00,7641.5,7643.25,7641.5,7643.0,172
2026-09-16 19:21:00-04:00,7643.0,7644.0,7642.75,7643.75,188
2026-09-16 19:22:00-04:00,7644.0,7644.5,7643.5,7644.25,164
2026-09-16 19:23:00-04:00,7644.25,7644.75,7644.25,7644.5,142
2026-09-16 19:24:00-04:00,7644.25,7644.25,7643.75,7644.25,69
2026-09-16 19:25:00-04:00,7644.25,7644.75,7643.75,7644.25,82
2026-09-16 19:26:00-04:00,7644.0,7644.75,7643.0,7644.75,350
2026-09-16 19:27:00-04:00,7644.5,7646.25,7644.5,7646.0,433
2026-09-16 19:28:00-04:00,7646.25,7647.75,7646.0,7647.0,386
2026-09-16 19:29:00-04:00,7646.75,7647.0,7645.0,7645.0,127
2026-09-16 19:30:00-04:00,7645.25,7647.0,7645.25,7646.75,254
2026-09-16 19:31:00-04:00,7646.75,7647.5,7646.5,7647.25,118
2026-09-16 19:32:00-04:00,7647.0,7647.5,7646.5,7647.5,103
2026-09-16 19:33:00-04:00,7647.75,7648.0,7647.5,7647.5,112
2026-09-16 19:34:00-04:00,7647.75,7648.25,7647.5,7647.75,130
2026-09-16 19:35:00-04:00,7647.75,7647.75,7647.25,7647.5,77
2026-09-16 19:36:00-04:00,7647.25,7647.25,7646.75,7646.75,40
2026-09-16 19:37:00-04:00,7646.75,7646.75,7646.0,7646.25,87
2026-09-16 19:38:00-04:00,7646.25,7646.75,7645.0,7645.75,343
2026-09-16 19:39:00-04:00,7645.75,7646.75,7645.5,7646.5,92
2026-09-16 19:40:00-04:00,7646.5,7654.0,7645.5,7650.75,2877
2026-09-16 19:41:00-04:00,7650.75,7650.75,7647.5,7648.25,288
2026-09-16 19:42:00-04:00,7648.5,7649.0,7648.25,7648.25,196
2026-09-16 19:43:00-04:00,7648.75,7651.25,7648.75,7650.0,352
2026-09-16 19:44:00-04:00,7650.0,7652.75,7650.0,7652.0,300
2026-09-16 19:45:00-04:00,7652.25,7653.5,7651.5,7652.0,449
2026-09-16 19:46:00-04:00,7652.25,7655.25,7652.25,7654.5,934
2026-09-16 19:47:00-04:00,7654.5,7656.25,7653.5,7655.5,670
2026-09-16 19:48:00-04:00,7655.25,7656.25,7654.75,7656.25,303
2026-09-16 19:49:00-04:00,7656.25,7656.25,7654.5,7655.25,500
2026-09-16 19:50:00-04:00,7655.0,7655.25,7653.75,7654.25,305
2026-09-16 19:51:00-04:00,7654.5,7655.25,7654.5,7655.0,225
2026-09-16 19:52:00-04:00,7655.0,7657.0,7655.0,7655.75,240
2026-09-16 19:53:00-04:00,7655.5,7656.0,7655.5,7655.75,77
2026-09-16 19:54:00-04:00,7655.75,7656.75,7655.25,7655.75,150
2026-09-16 19:55:00-04:00,7655.5,7656.0,7655.0,7655.25,113
2026-09-16 19:56:00-04:00,7655.25,7656.25,7654.75,7656.25,289
2026-09-16 19:57:00-04:00,7656.25,7656.5,7655.75,7656.25,233
2026-09-16 19:58:00-04:00,7656.25,7656.75,7655.75,7656.5,298
2026-09-16 19:59:00-04:00,7656.25,7657.5,7655.75,7657.25,264
2026-09-16 20:00:00-04:00,7657.5,7659.5,7656.0,7659.25,1330
2026-09-16 20:01:00-04:00,7659.0,7659.0,7656.75,7657.25,513
2026-09-16 20:02:00-04:00,7657.25,7657.75,7656.5,7657.75,241
2026-09-16 20:03:00-04:00,7657.75,7659.0,7657.0,7659.0,259
2026-09-16 20:04:00-04:00,7658.75,7660.0,7658.0,7659.0,291
2026-09-16 20:05:00-04:00,7658.75,7659.25,7657.5,7658.75,334
2026-09-16 20:06:00-04:00,7658.75,7660.5,7658.75,7660.25,374
2026-09-16 20:07:00-04:00,7660.25,7662.25,7660.0,7661.5,382
2026-09-16 20:08:00-04:00,7661.25,7662.25,7660.25,7662.0,270
2026-09-16 20:09:00-04:00,7661.75,7662.0,7660.75,7661.25,155
2026-09-16 20:10:00-04:00,7661.5,7661.5,7659.5,7660.0,304
2026-09-16 20:11:00-04:00,7660.25,7662.0,7660.0,7661.75,204
2026-09-16 20:12:00-04:00,7661.5,7662.0,7659.25,7660.0,329
2026-09-16 20:13:00-04:00,7659.75,7660.0,7656.5,7657.0,633
2026-09-16 20:14:00-04:00,7657.0,7657.5,7656.0,7656.0,383
2026-09-16 20:15:00-04:00,7656.0,7657.5,7654.0,7656.5,1211
2026-09-16 20:16:00-04:00,7656.5,7657.25,7655.0,7655.5,554
2026-09-16 20:17:00-04:00,7655.5,7658.25,7655.25,7657.75,466
2026-09-16 20:18:00-04:00,7658.0,7659.75,7657.75,7658.0,286
2026-09-16 20:19:00-04:00,7658.5,7660.25,7658.0,7659.5,587
2026-09-16 20:20:00-04:00,7659.25,7660.0,7658.25,7658.5,530
2026-09-16 20:21:00-04:00,7658.75,7659.0,7657.5,7658.5,162
2026-09-16 20:22:00-04:00,7658.25,7658.25,7656.0,7656.0,243
2026-09-16 20:23:00-04:00,7656.0,7657.0,7655.75,7656.5,262
2026-09-16 20:24:00-04:00,7656.5,7657.5,7656.25,7657.5,158
2026-09-16 20:25:00-04:00,7657.0,7657.25,7656.0,7657.0,217
2026-09-16 20:26:00-04:00,7657.25,7658.5,7657.25,7657.5,183
2026-09-16 20:27:00-04:00,7657.5,7658.75,7657.5,7658.0,151
2026-09-16 20:28:00-04:00,7658.0,7658.25,7657.0,7657.0,98
2026-09-16 20:29:00-04:00,7657.25,7658.0,7656.75,7656.75,88
2026-09-16 20:30:00-04:00,7656.75,7657.75,7656.75,7657.25,203
2026-09-16 20:31:00-04:00,7657.25,7660.75,7657.0,7660.5,508
2026-09-16 20:32:00-04:00,7660.5,7662.75,7660.0,7661.5,468
2026-09-16 20:33:00-04:00,7661.5,7663.5,7661.0,7663.0,721
2026-09-16 20:34:00-04:00,7663.25,7663.5,7661.75,7662.25,553
2026-09-16 20:35:00-04:00,7662.25,7664.0,7662.0,7663.75,446
2026-09-16 20:36:00-04:00,7663.75,7664.0,7662.5,7662.75,291
2026-09-16 20:37:00-04:00,7662.75,7663.0,7661.75,7663.0,230
2026-09-16 20:38:00-04:00,7663.25,7664.25,7663.25,7663.75,226
2026-09-16 20:39:00-04:00,7663.75,7664.75,7663.5,7664.5,450
2026-09-16 20:40:00-04:00,7664.25,7665.25,7664.0,7664.75,408
2026-09-16 20:41:00-04:00,7664.75,7665.75,7664.5,7665.5,376
2026-09-16 20:42:00-04:00,7665.5,7665.75,7665.0,7665.5,436
2026-09-16 20:43:00-04:00,7665.5,7667.75,7665.25,7667.5,520
2026-09-16 20:44:00-04:00,7667.5,7667.5,7664.25,7665.5,600
2026-09-16 20:45:00-04:00,7665.5,7665.5,7664.25,7664.5,384
2026-09-16 20:46:00-04:00,7664.5,7664.5,7662.0,7663.25,437
2026-09-16 20:47:00-04:00,7663.25,7664.75,7663.25,7664.5,291
2026-09-16 20:48:00-04:00,7664.5,7665.5,7663.75,7664.25,288
2026-09-16 20:49:00-04:00,7664.0,7664.5,7663.0,7663.75,240
2026-09-16 20:50:00-04:00,7663.75,7664.0,7663.0,7663.5,264
2026-09-16 20:51:00-04:00,7663.5,7663.5,7662.25,7662.25,137
2026-09-16 20:52:00-04:00,7662.25,7662.75,7661.25,7661.5,403
2026-09-16 20:53:00-04:00,7661.25,7661.25,7660.0,7660.75,536
2026-09-16 20:54:00-04:00,7660.75,7660.75,7659.75,7660.75,149
2026-09-16 20:55:00-04:00,7660.75,7662.75,7660.5,7662.25,339
2026-09-16 20:56:00-04:00,7662.25,7664.5,7662.0,7664.25,313
2026-09-16 20:57:00-04:00,7664.25,7665.0,7663.75,7664.75,309
2026-09-16 20:58:00-04:00,7664.5,7666.0,7664.5,7665.0,224
2026-09-16 20:59:00-04:00,7665.0,7665.75,7664.0,7664.0,344
2026-09-16 21:00:00-04:00,7664.0,7665.0,7662.5,7663.0,418
2026-09-16 21:01:00-04:00,7663.0,7663.25,7662.0,7663.0,275
2026-09-16 21:02:00-04:00,7663.0,7663.25,7662.25,7663.0,211
2026-09-16 21:03:00-04:00,7663.0,7663.5,7662.5,7663.5,158
2026-09-16 21:04:00-04:00,7663.5,7665.0,7663.25,7664.5,183
2026-09-16 21:05:00-04:00,7664.25,7666.0,7664.0,7666.0,213
2026-09-16 21:06:00-04:00,7666.0,7667.25,7665.25,7667.25,233
2026-09-16 21:07:00-04:00,7667.5,7668.0,7667.0,7667.5,174
2026-09-16 21:08:00-04:00,7667.5,7667.5,7666.0,7666.0,180
2026-09-16 21:09:00-04:00,7666.25,7666.5,7664.0,7664.25,225
2026-09-16 21:10:00-04:00,7664.25,7664.25,7662.0,7662.5,373
2026-09-16 21:11:00-04:00,7662.5,7662.75,7661.75,7661.75,207
2026-09-16 21:12:00-04:00,7661.75,7662.25,7661.5,7661.75,148
2026-09-16 21:13:00-04:00,7661.75,7662.25,7660.75,7661.75,282
2026-09-16 21:14:00-04:00,7661.75,7663.75,7661.75,7663.75,231
2026-09-16 21:15:00-04:00,7663.5,7664.0,7662.75,7663.75,242
2026-09-16 21:16:00-04:00,7663.75,7664.0,7663.0,7663.25,162
2026-09-16 21:17:00-04:00,7663.25,7663.5,7662.75,7662.75,161
2026-09-16 21:18:00-04:00,7662.75,7662.75,7662.25,7662.25,179
2026-09-16 21:19:00-04:00,7662.5,7663.5,7662.0,7663.25,258
2026-09-16 21:20:00-04:00,7663.0,7664.25,7662.75,7663.5,249
2026-09-16 21:21:00-04:00,7663.5,7664.5,7663.25,7663.75,200
2026-09-16 21:22:00-04:00,7663.75,7664.0,7663.25,7664.0,192
2026-09-16 21:23:00-04:00,7663.75,7664.5,7663.25,7663.25,69
2026-09-16 21:24:00-04:00,7663.25,7663.5,7663.0,7663.25,149
2026-09-16 21:25:00-04:00,7663.5,7664.25,7662.75,7663.75,185
2026-09-16 21:26:00-04:00,7663.5,7663.75,7662.5,7662.75,160
2026-09-16 21:27:00-04:00,7662.75,7663.25,7662.5,7663.25,81
2026-09-16 21:28:00-04:00,7663.5,7663.75,7662.75,7663.25,195
2026-09-16 21:29:00-04:00,7663.25,7663.5,7662.75,7663.25,191
2026-09-16 21:30:00-04:00,7663.25,7664.0,7663.25,7663.75,117
2026-09-16 21:31:00-04:00,7663.75,7665.0,7663.5,7664.75,205
2026-09-16 21:32:00-04:00,7665.0,7666.75,7665.0,7665.5,388
2026-09-16 21:33:00-04:00,7665.5,7665.5,7665.0,7665.0,144
2026-09-16 21:34:00-04:00,7665.0,7665.0,7664.0,7664.25,151
2026-09-16 21:35:00-04:00,7664.5,7665.0,7664.25,7664.75,164
2026-09-16 21:36:00-04:00,7664.75,7666.25,7664.5,7666.0,116
2026-09-16 21:37:00-04:00,7666.0,7666.0,7663.75,7663.75,154
2026-09-16 21:38:00-04:00,7663.75,7664.25,7663.5,7663.5,133
2026-09-16 21:39:00-04:00,7663.5,7664.0,7662.0,7662.25,235
2026-09-16 21:40:00-04:00,7662.0,7662.25,7661.25,7661.5,258
2026-09-16 21:41:00-04:00,7661.75,7661.75,7659.5,7659.75,409
2026-09-16 21:42:00-04:00,7660.0,7662.25,7660.0,7661.75,447
2026-09-16 21:43:00-04:00,7661.5,7663.75,7660.75,7663.0,731
2026-09-16 21:44:00-04:00,7663.25,7663.5,7662.75,7663.5,136
2026-09-16 21:45:00-04:00,7663.25,7664.0,7663.0,7663.5,137
2026-09-16 21:46:00-04:00,7663.5,7663.75,7663.25,7663.75,106
2026-09-16 21:47:00-04:00,7663.75,7664.0,7663.25,7663.5,127
2026-09-16 21:48:00-04:00,7663.25,7663.5,7663.0,7663.5,158
2026-09-16 21:49:00-04:00,7663.5,7664.25,7663.25,7663.5,98
2026-09-16 21:50:00-04:00,7663.25,7663.25,7662.25,7663.0,360
2026-09-16 21:51:00-04:00,7663.25,7663.75,7662.75,7662.75,301
2026-09-16 21:52:00-04:00,7663.0,7663.0,7661.0,7661.5,372
2026-09-16 21:53:00-04:00,7661.5,7662.0,7660.5,7661.75,368
2026-09-16 21:54:00-04:00,7662.0,7663.0,7661.5,7662.5,168
2026-09-16 21:55:00-04:00,7662.5,7663.0,7660.5,7660.5,145
2026-09-16 21:56:00-04:00,7660.5,7660.75,7658.5,7658.5,472
2026-09-16 21:57:00-04:00,7658.25,7661.5,7658.25,7661.0,337
2026-09-16 21:58:00-04:00,7660.75,7661.0,7659.5,7660.25,149
2026-09-16 21:59:00-04:00,7660.25,7660.5,7659.75,7660.0,194
2026-09-16 22:00:00-04:00,7660.0,7661.0,7660.0,7661.0,258
2026-09-16 22:01:00-04:00,7660.75,7662.0,7660.5,7661.25,168
2026-09-16 22:02:00-04:00,7661.25,7661.25,7659.75,7660.5,140
2026-09-16 22:03:00-04:00,7660.25,7663.0,7660.25,7662.75,246
2026-09-16 22:04:00-04:00,7663.0,7664.0,7662.75,7664.0,191
2026-09-16 22:05:00-04:00,7664.0,7664.75,7662.25,7662.5,272
2026-09-16 22:06:00-04:00,7662.5,7662.5,7660.75,7661.5,377
2026-09-16 22:07:00-04:00,7661.5,7662.5,7661.25,7662.25,187
2026-09-16 22:08:00-04:00,7662.25,7663.0,7661.75,7661.75,324
2026-09-16 22:09:00-04:00,7661.5,7662.0,7661.0,7661.5,127
2026-09-16 22:10:00-04:00,7661.5,7662.75,7661.5,7662.5,101
2026-09-16 22:11:00-04:00,7662.5,7662.5,7661.25,7662.0,161
2026-09-16 22:12:00-04:00,7662.25,7662.5,7661.0,7661.0,127
2026-09-16 22:13:00-04:00,7661.0,7662.0,7661.0,7661.75,197
2026-09-16 22:14:00-04:00,7662.0,7662.5,7661.25,7662.0,166
2026-09-16 22:15:00-04:00,7661.5,7662.25,7661.5,7662.25,87
2026-09-16 22:16:00-04:00,7662.0,7663.5,7662.0,7663.0,126
2026-09-16 22:17:00-04:00,7663.0,7663.0,7662.0,7662.75,86
2026-09-16 22:18:00-04:00,7662.75,7663.0,7661.75,7663.0,255
2026-09-16 22:19:00-04:00,7663.0,7663.75,7663.0,7663.25,174
2026-09-16 22:20:00-04:00,7663.25,7664.0,7662.5,7663.25,216
2026-09-16 22:21:00-04:00,7663.25,7664.0,7663.0,7663.0,50
2026-09-16 22:22:00-04:00,7663.25,7663.25,7662.25,7662.75,128
2026-09-16 22:23:00-04:00,7663.0,7664.25,7663.0,7663.75,83
2026-09-16 22:24:00-04:00,7664.0,7664.0,7662.5,7663.5,150
2026-09-16 22:25:00-04:00,7663.25,7664.0,7663.25,7663.75,110
2026-09-16 22:26:00-04:00,7664.0,7665.25,7664.0,7665.25,265
2026-09-16 22:27:00-04:00,7665.0,7665.25,7664.0,7664.0,192
2026-09-16 22:28:00-04:00,7663.75,7664.0,7663.25,7663.25,91
2026-09-16 22:29:00-04:00,7663.25,7664.25,7662.75,7663.75,394
2026-09-16 22:30:00-04:00,7664.0,7665.5,7663.75,7665.25,328
2026-09-16 22:31:00-04:00,7665.25,7666.25,7665.0,7666.25,244
2026-09-16 22:32:00-04:00,7666.0,7667.25,7665.75,7666.5,244
2026-09-16 22:33:00-04:00,7666.5,7666.75,7666.0,7666.75,285
2026-09-16 22:34:00-04:00,7666.5,7666.75,7665.75,7666.0,169
2026-09-16 22:35:00-04:00,7666.25,7667.25,7665.75,7667.0,290
2026-09-16 22:36:00-04:00,7667.0,7667.5,7667.0,7667.25,107
2026-09-16 22:37:00-04:00,7667.0,7667.25,7666.75,7667.25,87
2026-09-16 22:38:00-04:00,7667.0,7668.25,7667.0,7668.0,214
2026-09-16 22:39:00-04:00,7668.0,7668.75,7667.75,7668.0,166
2026-09-16 22:40:00-04:00,7667.75,7668.0,7667.75,7668.0,74
2026-09-16 22:41:00-04:00,7668.0,7668.5,7667.5,7668.5,131
2026-09-16 22:42:00-04:00,7668.75,7669.75,7668.75,7669.5,197
2026-09-16 22:43:00-04:00,7669.25,7669.75,7669.0,7669.0,133
2026-09-16 22:44:00-04:00,7669.0,7669.25,7668.5,7668.75,143
2026-09-16 22:45:00-04:00,7668.5,7668.75,7667.25,7667.75,148
2026-09-16 22:46:00-04:00,7667.75,7668.0,7666.75,7667.5,123
2026-09-16 22:47:00-04:00,7667.5,7668.25,7667.5,7668.0,60
2026-09-16 22:48:00-04:00,7668.0,7668.25,7667.75,7667.75,58
2026-09-16 22:49:00-04:00,7667.5,7667.75,7666.75,7667.75,162
2026-09-16 22:50:00-04:00,7667.5,7668.25,7667.5,7668.25,95
2026-09-16 22:51:00-04:00,7668.25,7668.25,7668.0,7668.25,64
2026-09-16 22:52:00-04:00,7668.25,7668.5,7667.25,7667.75,82
2026-09-16 22:53:00-04:00,7667.75,7667.75,7666.5,7666.5,128
2026-09-16 22:54:00-04:00,7666.25,7666.5,7665.0,7665.5,261
2026-09-16 22:55:00-04:00,7665.25,7665.75,7664.75,7665.5,138
2026-09-16 22:56:00-04:00,7665.5,7666.25,7665.5,7666.0,183
2026-09-16 22:57:00-04:00,7666.0,7666.5,7665.75,7666.5,60
2026-09-16 22:58:00-04:00,7666.5,7666.5,7665.0,7665.0,146
2026-09-16 22:59:00-04:00,7665.0,7665.5,7665.0,7665.25,106
2026-09-16 23:00:00-04:00,7665.25,7666.0,7664.75,7665.25,187
2026-09-16 23:01:00-04:00,7665.5,7665.5,7665.0,7665.25,122
2026-09-16 23:02:00-04:00,7665.0,7665.5,7664.75,7665.0,152
2026-09-16 23:03:00-04:00,7665.0,7665.5,7665.0,7665.25,74
2026-09-16 23:04:00-04:00,7665.5,7666.5,7665.5,7666.25,114
2026-09-16 23:05:00-04:00,7666.25,7666.75,7666.25,7666.5,68
2026-09-16 23:06:00-04:00,7666.75,7666.75,7666.0,7666.0,81
2026-09-16 23:07:00-04:00,7666.25,7666.5,7666.25,7666.25,73
2026-09-16 23:08:00-04:00,7666.25,7667.5,7666.25,7667.25,148
2026-09-16 23:09:00-04:00,7667.25,7667.25,7666.25,7666.25,72
2026-09-16 23:10:00-04:00,7666.5,7667.0,7665.5,7665.5,111
2026-09-16 23:11:00-04:00,7665.5,7666.0,7664.75,7665.75,103
2026-09-16 23:12:00-04:00,7666.0,7667.0,7666.0,7667.0,133
2026-09-16 23:13:00-04:00,7667.0,7667.0,7666.5,7666.75,37
2026-09-16 23:14:00-04:00,7667.0,7667.5,7666.75,7667.25,69
2026-09-16 23:15:00-04:00,7667.5,7667.75,7667.0,7667.0,89
2026-09-16 23:16:00-04:00,7667.25,7667.5,7666.75,7667.0,93
2026-09-16 23:17:00-04:00,7667.0,7667.25,7666.75,7666.75,70
2026-09-16 23:18:00-04:00,7666.5,7666.5,7665.75,7665.75,181
2026-09-16 23:19:00-04:00,7666.0,7666.5,7666.0,7666.25,79
2026-09-16 23:20:00-04:00,7666.0,7666.25,7664.75,7665.5,166
2026-09-16 23:21:00-04:00,7665.5,7666.5,7665.5,7666.25,95
2026-09-16 23:22:00-04:00,7666.5,7667.0,7666.0,7666.5,94
2026-09-16 23:23:00-04:00,7666.25,7667.0,7666.25,7667.0,54
2026-09-16 23:24:00-04:00,7667.0,7668.0,7667.0,7668.0,132
2026-09-16 23:25:00-04:00,7668.0,7668.0,7667.75,7667.75,47
2026-09-16 23:26:00-04:00,7667.5,7667.75,7667.5,7667.5,50
2026-09-16 23:27:00-04:00,7667.5,7668.25,7667.5,7668.0,74
2026-09-16 23:28:00-04:00,7668.0,7668.0,7667.75,7668.0,19
2026-09-16 23:29:00-04:00,7667.75,7668.0,7667.5,7668.0,86
2026-09-16 23:30:00-04:00,7667.75,7667.75,7667.0,7667.75,194
2026-09-16 23:31:00-04:00,7667.75,7667.75,7667.25,7667.25,71
2026-09-16 23:32:00-04:00,7667.25,7667.25,7666.75,7667.0,50
2026-09-16 23:33:00-04:00,7666.75,7667.5,7666.75,7667.25,73
2026-09-16 23:34:00-04:00,7667.0,7668.5,7667.0,7667.75,82
2026-09-16 23:35:00-04:00,7668.0,7668.0,7667.5,7667.5,31
2026-09-16 23:36:00-04:00,7667.75,7668.0,7667.0,7667.5,98
2026-09-16 23:37:00-04:00,7667.5,7667.75,7667.25,7667.75,51
2026-09-16 23:38:00-04:00,7667.75,7668.25,7667.75,7668.25,72
2026-09-16 23:39:00-04:00,7668.5,7668.75,7668.0,7668.75,61
2026-09-16 23:40:00-04:00,7668.75,7669.25,7668.5,7668.75,143
2026-09-16 23:41:00-04:00,7669.0,7669.75,7669.0,7669.75,177
2026-09-16 23:42:00-04:00,7669.75,7670.25,7669.5,7669.5,171
2026-09-16 23:43:00-04:00,7669.5,7669.5,7669.5,7669.5,69
2026-09-16 23:44:00-04:00,7669.75,7669.75,7669.25,7669.5,44
2026-09-16 23:45:00-04:00,7669.5,7669.75,7668.5,7668.5,279
2026-09-16 23:46:00-04:00,7668.75,7668.75,7667.5,7667.5,276
2026-09-16 23:47:00-04:00,7667.5,7668.0,7666.75,7667.5,136
2026-09-16 23:48:00-04:00,7667.75,7669.0,7667.75,7668.75,294
2026-09-16 23:49:00-04:00,7669.0,7669.5,7668.75,7669.25,100
2026-09-16 23:50:00-04:00,7669.25,7669.25,7668.25,7668.25,108
2026-09-16 23:51:00-04:00,7668.5,7668.75,7667.75,7668.0,146
2026-09-16 23:52:00-04:00,7668.0,7668.0,7667.75,7668.0,66
2026-09-16 23:53:00-04:00,7668.0,7668.25,7667.75,7668.0,130
2026-09-16 23:54:00-04:00,7668.0,7668.25,7667.75,7668.0,131
2026-09-16 23:55:00-04:00,7668.25,7669.0,7668.0,7668.25,230
2026-09-16 23:56:00-04:00,7668.25,7669.75,7668.25,7669.75,80
2026-09-16 23:57:00-04:00,7669.5,7670.0,7669.5,7670.0,126
2026-09-16 23:58:00-04:00,7669.75,7669.75,7669.5,7669.75,95
2026-09-17 00:09:00-04:00,7669.25,7669.25,7668.75,7668.75,48
2026-09-17 00:10:00-04:00,7668.75,7669.0,7668.5,7668.75,39
2026-09-17 00:11:00-04:00,7668.75,7668.75,7668.25,7668.5,125
2026-09-17 00:12:00-04:00,7668.5,7668.5,7667.5,7667.5,221
2026-09-17 00:13:00-04:00,7667.5,7668.0,7667.25,7668.0,103
2026-09-17 00:14:00-04:00,7667.75,7668.25,7667.5,7668.25,41
2026-09-17 00:15:00-04:00,7668.25,7668.25,7667.5,7667.75,140
2026-09-17 00:16:00-04:00,7667.75,7668.25,7667.5,7667.75,53
2026-09-17 00:17:00-04:00,7667.5,7667.75,7667.5,7667.5,47
2026-09-17 00:18:00-04:00,7667.75,7667.75,7667.5,7667.5,55
2026-09-17 00:19:00-04:00,7667.5,7667.75,7666.75,7666.75,159
2026-09-17 00:20:00-04:00,7666.75,7667.0,7666.5,7666.75,179
2026-09-17 00:21:00-04:00,7667.0,7667.0,7666.25,7667.0,98
2026-09-17 00:22:00-04:00,7666.75,7666.75,7666.25,7666.5,62
2026-09-17 00:23:00-04:00,7666.5,7666.5,7666.25,7666.5,55
2026-09-17 00:24:00-04:00,7666.5,7666.5,7666.5,7666.5,31
2026-09-17 00:25:00-04:00,7666.5,7666.75,7666.0,7666.25,91
2026-09-17 00:26:00-04:00,7666.25,7666.25,7665.75,7666.0,91
2026-09-17 00:27:00-04:00,7666.0,7667.25,7665.75,7667.25,102
2026-09-17 00:28:00-04:00,7667.25,7668.0,7667.25,7667.75,65
2026-09-17 00:29:00-04:00,7667.5,7667.5,7667.0,7667.25,48
2026-09-17 00:30:00-04:00,7667.25,7667.5,7666.0,7666.25,155
2026-09-17 00:31:00-04:00,7666.25,7667.5,7666.25,7667.25,116
2026-09-17 00:32:00-04:00,7667.5,7667.75,7666.5,7667.0,176
2026-09-17 00:33:00-04:00,7667.0,7667.0,7666.25,7666.5,62
2026-09-17 00:34:00-04:00,7666.5,7667.25,7666.5,7666.75,69
2026-09-17 00:35:00-04:00,7667.0,7667.5,7667.0,7667.5,60
2026-09-17 00:36:00-04:00,7667.25,7667.5,7666.75,7667.25,104
2026-09-17 00:37:00-04:00,7667.25,7668.25,7667.25,7667.75,89
2026-09-17 00:38:00-04:00,7668.0,7668.75,7668.0,7668.75,122
2026-09-17 00:39:00-04:00,7668.75,7669.25,7668.75,7669.0,77
2026-09-17 00:40:00-04:00,7669.0,7669.5,7669.0,7669.25,78
2026-09-17 00:41:00-04:00,7669.25,7669.5,7669.0,7669.5,53
2026-09-17 00:42:00-04:00,7669.25,7669.5,7668.5,7668.5,63
2026-09-17 00:43:00-04:00,7668.75,7670.25,7668.75,7669.5,324
2026-09-17 00:44:00-04:00,7669.25,7669.5,7668.75,7668.75,136
2026-09-17 00:45:00-04:00,7669.0,7669.75,7669.0,7669.25,92
2026-09-17 00:46:00-04:00,7669.25,7669.75,7669.25,7669.75,54
2026-09-17 00:47:00-04:00,7669.75,7670.0,7669.25,7669.25,101
2026-09-17 00:48:00-04:00,7669.5,7670.25,7669.5,7670.25,102
2026-09-17 00:49:00-04:00,7670.25,7670.25,7668.75,7668.75,84
2026-09-17 00:50:00-04:00,7668.75,7668.75,7668.0,7668.0,105
2026-09-17 00:51:00-04:00,7668.0,7668.25,7668.0,7668.25,75
2026-09-17 00:52:00-04:00,7668.0,7668.75,7667.75,7668.75,91
2026-09-17 00:53:00-04:00,7668.5,7668.5,7667.5,7667.75,89
2026-09-17 00:54:00-04:00,7667.5,7667.75,7666.5,7667.0,114
2026-09-17 00:55:00-04:00,7667.0,7667.5,7666.75,7667.5,54
2026-09-17 00:56:00-04:00,7667.5,7667.75,7667.25,7667.5,52
2026-09-17 00:57:00-04:00,7667.75,7668.0,7667.25,7667.25,50
2026-09-17 00:58:00-04:00,7667.25,7667.5,7667.25,7667.5,48
2026-09-17 00:59:00-04:00,7667.5,7667.5,7667.25,7667.25,35
2026-09-17 01:00:00-04:00,7667.25,7667.75,7667.0,7667.0,130
2026-09-17 01:01:00-04:00,7667.25,7667.25,7666.5,7667.0,95
2026-09-17 01:02:00-04:00,7666.75,7666.75,7666.5,7666.75,73
2026-09-17 01:03:00-04:00,7667.0,7667.25,7666.75,7666.75,62
2026-09-17 01:04:00-04:00,7666.75,7667.5,7666.75,7667.0,98
2026-09-17 01:05:00-04:00,7667.0,7667.0,7666.0,7666.5,172
2026-09-17 01:06:00-04:00,7666.5,7667.0,7666.5,7666.75,89
2026-09-17 01:07:00-04:00,7666.75,7666.75,7666.5,7666.5,50
2026-09-17 01:08:00-04:00,7666.5,7667.0,7666.25,7667.0,99
2026-09-17 01:09:00-04:00,7666.75,7666.75,7666.0,7666.0,59
2026-09-17 01:10:00-04:00,7666.0,7666.25,7665.25,7665.25,113
2026-09-17 01:11:00-04:00,7665.25,7665.5,7664.75,7664.75,128
2026-09-17 01:12:00-04:00,7665.0,7665.0,7664.5,7664.75,52
2026-09-17 01:13:00-04:00,7664.75,7665.75,7664.5,7664.5,108
2026-09-17 01:14:00-04:00,7664.5,7664.75,7664.0,7664.5,122
2026-09-17 01:15:00-04:00,7664.5,7664.75,7664.0,7664.5,157
2026-09-17 01:16:00-04:00,7664.25,7664.25,7664.0,7664.25,122
2026-09-17 01:17:00-04:00,7664.25,7664.5,7663.75,7664.5,127
2026-09-17 01:18:00-04:00,7664.25,7664.25,7663.5,7663.75,110
2026-09-17 01:19:00-04:00,7663.75,7664.25,7663.5,7663.75,256
2026-09-17 01:20:00-04:00,7663.75,7663.75,7663.0,7663.0,67
2026-09-17 01:21:00-04:00,7663.25,7663.5,7662.5,7663.25,184
2026-09-17 01:22:00-04:00,7663.0,7663.5,7663.0,7663.25,134
2026-09-17 01:23:00-04:00,7663.25,7663.5,7663.0,7663.0,194
2026-09-17 01:24:00-04:00,7662.75,7663.5,7662.5,7663.5,84
2026-09-17 01:25:00-04:00,7663.25,7665.25,7663.25,7665.25,191
2026-09-17 01:26:00-04:00,7665.0,7665.0,7664.25,7664.25,63
2026-09-17 01:27:00-04:00,7664.25,7664.75,7663.75,7664.0,87
2026-09-17 01:28:00-04:00,7664.0,7664.25,7664.0,7664.0,77
2026-09-17 01:29:00-04:00,7664.0,7664.0,7663.5,7663.5,76
2026-09-17 01:30:00-04:00,7663.5,7664.0,7662.25,7662.25,204
2026-09-17 01:31:00-04:00,7662.25,7662.25,7661.25,7662.25,413
2026-09-17 01:32:00-04:00,7662.25,7663.0,7661.75,7662.0,300
2026-09-17 01:33:00-04:00,7662.0,7662.5,7661.75,7662.25,125
2026-09-17 01:34:00-04:00,7662.5,7663.0,7662.5,7662.75,111
2026-09-17 01:35:00-04:00,7662.75,7662.75,7661.75,7662.0,175
2026-09-17 01:36:00-04:00,7662.0,7662.25,7660.25,7660.5,294
2026-09-17 01:37:00-04:00,7660.25,7660.75,7660.0,7660.5,182
2026-09-17 01:38:00-04:00,7660.5,7661.0,7660.5,7660.75,126
2026-09-17 01:39:00-04:00,7660.5,7661.5,7660.0,7661.25,238
2026-09-17 01:40:00-04:00,7661.25,7661.5,7660.5,7660.75,164
2026-09-17 01:41:00-04:00,7661.0,7661.25,7659.25,7659.25,269
2026-09-17 01:42:00-04:00,7659.25,7660.25,7659.25,7659.75,206
2026-09-17 01:43:00-04:00,7659.5,7659.75,7659.25,7659.5,100
2026-09-17 01:44:00-04:00,7659.25,7659.75,7659.0,7659.0,112
2026-09-17 01:45:00-04:00,7659.0,7660.0,7659.0,7659.5,120
2026-09-17 01:46:00-04:00,7659.75,7660.0,7659.5,7659.5,205
2026-09-17 01:47:00-04:00,7659.5,7659.75,7659.25,7659.25,126
2026-09-17 01:48:00-04:00,7659.25,7659.5,7659.25,7659.5,197
2026-09-17 01:49:00-04:00,7659.25,7659.5,7658.75,7659.25,91
2026-09-17 01:50:00-04:00,7659.25,7660.25,7658.75,7659.25,247
2026-09-17 01:51:00-04:00,7659.5,7659.5,7657.75,7658.25,182
2026-09-17 01:52:00-04:00,7658.5,7658.75,7658.0,7658.5,151
2026-09-17 01:53:00-04:00,7658.5,7658.5,7658.0,7658.0,81
2026-09-17 01:54:00-04:00,7658.25,7658.25,7657.75,7658.25,67
2026-09-17 01:55:00-04:00,7658.25,7658.25,7657.5,7657.75,111
2026-09-17 01:56:00-04:00,7657.75,7658.0,7657.5,7657.75,98
2026-09-17 01:57:00-04:00,7657.5,7657.5,7656.5,7656.5,278
2026-09-17 01:58:00-04:00,7656.5,7657.25,7656.25,7657.0,116
2026-09-17 01:59:00-04:00,7656.75,7657.5,7656.75,7657.25,83
2026-09-17 02:00:00-04:00,7657.0,7658.25,7656.75,7657.75,345
2026-09-17 02:01:00-04:00,7658.0,7659.25,7657.5,7658.5,224
2026-09-17 02:02:00-04:00,7658.25,7661.25,7658.25,7661.0,312
2026-09-17 02:03:00-04:00,7661.0,7663.0,7660.75,7663.0,291
2026-09-17 02:04:00-04:00,7663.0,7663.25,7661.75,7662.25,290
2026-09-17 02:05:00-04:00,7662.0,7663.25,7660.25,7662.75,443
2026-09-17 02:06:00-04:00,7662.75,7664.5,7662.75,7662.75,321
2026-09-17 02:07:00-04:00,7662.75,7663.0,7662.0,7662.5,342
2026-09-17 02:08:00-04:00,7662.75,7662.75,7661.75,7662.0,234
2026-09-17 02:09:00-04:00,7662.25,7662.25,7661.25,7661.5,265
2026-09-17 02:10:00-04:00,7661.5,7661.5,7660.25,7660.5,205
2026-09-17 02:11:00-04:00,7660.5,7661.25,7659.75,7660.75,244
2026-09-17 02:12:00-04:00,7661.0,7662.25,7660.75,7661.25,299
2026-09-17 02:13:00-04:00,7661.25,7661.75,7661.0,7661.25,220
2026-09-17 02:14:00-04:00,7661.25,7662.0,7661.0,7661.5,168
2026-09-17 02:15:00-04:00,7661.75,7661.75,7659.0,7659.0,341
2026-09-17 02:16:00-04:00,7659.25,7659.5,7658.5,7659.0,416
2026-09-17 02:17:00-04:00,7659.0,7661.75,7658.75,7661.5,405
2026-09-17 02:18:00-04:00,7661.5,7662.0,7660.5,7660.75,584
2026-09-17 02:19:00-04:00,7660.75,7661.5,7660.75,7661.5,175
2026-09-17 02:20:00-04:00,7661.5,7661.75,7660.75,7661.0,129
2026-09-17 02:21:00-04:00,7661.0,7662.5,7661.0,7662.5,302
2026-09-17 02:22:00-04:00,7662.5,7663.25,7662.5,7663.0,214
2026-09-17 02:23:00-04:00,7662.75,7663.5,7662.75,7663.25,186
2026-09-17 02:24:00-04:00,7663.25,7665.5,7663.25,7665.5,275
2026-09-17 02:25:00-04:00,7665.75,7666.5,7665.25,7666.25,404
2026-09-17 02:26:00-04:00,7666.25,7669.25,7666.25,7668.75,579
2026-09-17 02:27:00-04:00,7669.0,7669.25,7668.25,7669.0,497
2026-09-17 02:28:00-04:00,7668.75,7669.75,7668.25,7669.25,274
2026-09-17 02:29:00-04:00,7669.25,7671.5,7669.25,7671.25,625
2026-09-17 02:30:00-04:00,7671.25,7672.25,7671.0,7671.5,785
2026-09-17 02:31:00-04:00,7671.5,7673.25,7671.5,7672.0,448
2026-09-17 02:32:00-04:00,7672.0,7672.25,7671.25,7672.0,268
2026-09-17 02:33:00-04:00,7671.75,7674.0,7671.75,7672.75,483
2026-09-17 02:34:00-04:00,7672.75,7673.0,7671.75,7672.25,539
2026-09-17 02:35:00-04:00,7672.25,7673.25,7672.0,7672.75,196
2026-09-17 02:36:00-04:00,7672.5,7674.5,7672.5,7673.75,552
2026-09-17 02:37:00-04:00,7673.75,7675.0,7673.5,7674.0,266
2026-09-17 02:38:00-04:00,7673.75,7673.75,7672.5,7673.25,183
2026-09-17 02:39:00-04:00,7673.25,7673.5,7671.75,7672.0,134
2026-09-17 02:40:00-04:00,7672.25,7673.5,7672.25,7673.0,118
2026-09-17 02:41:00-04:00,7673.25,7674.0,7672.75,7673.25,352
2026-09-17 02:42:00-04:00,7673.25,7674.75,7673.0,7674.75,287
2026-09-17 02:43:00-04:00,7674.75,7676.75,7674.75,7676.75,374
2026-09-17 02:44:00-04:00,7676.5,7676.5,7675.75,7676.25,270
2026-09-17 02:45:00-04:00,7676.0,7677.0,7675.75,7676.75,498
2026-09-17 02:46:00-04:00,7677.0,7677.5,7676.75,7677.0,252
2026-09-17 02:47:00-04:00,7677.25,7677.25,7675.75,7676.0,248
2026-09-17 02:48:00-04:00,7676.25,7676.75,7675.0,7675.75,449
2026-09-17 02:49:00-04:00,7675.75,7676.5,7675.5,7676.0,131
2026-09-17 02:50:00-04:00,7676.0,7676.25,7675.5,7675.5,158
2026-09-17 02:51:00-04:00,7675.75,7676.5,7675.5,7676.5,131
2026-09-17 02:52:00-04:00,7676.5,7676.75,7675.75,7676.0,255
2026-09-17 02:53:00-04:00,7676.0,7676.75,7676.0,7676.75,144
2026-09-17 02:54:00-04:00,7676.75,7677.0,7676.25,7676.25,665
2026-09-17 02:55:00-04:00,7676.25,7676.25,7675.0,7675.0,280
2026-09-17 02:56:00-04:00,7675.25,7675.75,7675.0,7675.75,333
2026-09-17 02:57:00-04:00,7675.5,7675.5,7674.25,7675.25,417
2026-09-17 02:58:00-04:00,7675.25,7675.5,7674.25,7675.25,230
2026-09-17 02:59:00-04:00,7675.25,7675.5,7675.0,7675.25,200
2026-09-17 03:00:00-04:00,7675.25,7675.75,7674.0,7674.0,888
2026-09-17 03:01:00-04:00,7674.0,7676.0,7673.5,7675.75,482
2026-09-17 03:02:00-04:00,7675.75,7677.25,7675.5,7676.25,703
2026-09-17 03:03:00-04:00,7676.0,7677.5,7675.5,7677.25,435
2026-09-17 03:04:00-04:00,7677.25,7679.0,7677.0,7678.5,686
2026-09-17 03:05:00-04:00,7678.25,7680.0,7678.25,7679.25,1009
2026-09-17 03:06:00-04:00,7679.5,7680.75,7679.5,7680.5,600
2026-09-17 03:07:00-04:00,7680.5,7681.5,7680.0,7681.25,419
2026-09-17 03:08:00-04:00,7681.25,7683.25,7681.25,7682.5,878
2026-09-17 03:09:00-04:00,7682.5,7683.0,7681.75,7682.5,342
2026-09-17 03:10:00-04:00,7682.75,7683.5,7682.25,7683.25,318
2026-09-17 03:11:00-04:00,7683.5,7684.0,7682.25,7682.5,527
2026-09-17 03:12:00-04:00,7682.5,7682.75,7681.0,7681.25,444
2026-09-17 03:13:00-04:00,7681.25,7681.75,7679.75,7680.25,546
2026-09-17 03:14:00-04:00,7680.25,7680.5,7679.5,7680.25,534
2026-09-17 03:15:00-04:00,7680.5,7680.5,7679.5,7679.5,373
2026-09-17 03:16:00-04:00,7679.75,7681.25,7679.75,7681.0,333
2026-09-17 03:17:00-04:00,7681.0,7683.75,7681.0,7683.0,473
2026-09-17 03:18:00-04:00,7683.0,7683.5,7682.0,7682.0,364
2026-09-17 03:19:00-04:00,7682.0,7682.0,7680.5,7680.75,344
2026-09-17 03:20:00-04:00,7680.5,7681.25,7680.25,7680.75,374
2026-09-17 03:21:00-04:00,7681.0,7681.0,7679.25,7679.5,696
2026-09-17 03:22:00-04:00,7679.5,7680.75,7678.75,7680.75,438
2026-09-17 03:23:00-04:00,7680.75,7682.25,7680.75,7682.0,264
2026-09-17 03:24:00-04:00,7682.0,7683.0,7682.0,7682.25,253
2026-09-17 03:25:00-04:00,7682.25,7682.75,7682.0,7682.75,338
2026-09-17 03:26:00-04:00,7682.5,7683.0,7682.25,7682.75,629
2026-09-17 03:27:00-04:00,7682.75,7683.75,7682.5,7683.5,267
2026-09-17 03:28:00-04:00,7683.75,7687.0,7683.75,7686.75,1971
2026-09-17 03:29:00-04:00,7686.5,7687.0,7686.25,7686.75,602
2026-09-17 03:30:00-04:00,7686.5,7689.25,7686.5,7687.25,1189
2026-09-17 03:31:00-04:00,7687.25,7687.5,7686.5,7686.5,243
2026-09-17 03:32:00-04:00,7686.5,7686.75,7686.25,7686.75,657
2026-09-17 03:33:00-04:00,7686.75,7687.0,7685.75,7686.75,655
2026-09-17 03:34:00-04:00,7686.75,7687.5,7686.5,7686.5,843
2026-09-17 03:35:00-04:00,7686.5,7686.5,7685.0,7685.25,465
2026-09-17 03:36:00-04:00,7685.25,7686.75,7685.25,7686.25,405
2026-09-17 03:37:00-04:00,7686.0,7686.25,7685.25,7686.25,277
2026-09-17 03:38:00-04:00,7686.25,7686.5,7685.5,7685.75,360
2026-09-17 03:39:00-04:00,7685.75,7686.5,7685.25,7686.5,413
2026-09-17 03:40:00-04:00,7686.25,7686.5,7685.5,7685.75,180
2026-09-17 03:41:00-04:00,7685.75,7686.75,7685.5,7685.5,261
2026-09-17 03:42:00-04:00,7685.5,7685.75,7684.75,7685.5,398
2026-09-17 03:43:00-04:00,7685.5,7686.25,7685.5,7685.75,353
2026-09-17 03:44:00-04:00,7686.0,7686.25,7685.5,7685.75,367
2026-09-17 03:45:00-04:00,7685.75,7685.75,7684.25,7685.0,321
2026-09-17 03:46:00-04:00,7685.0,7685.75,7684.5,7685.5,332
2026-09-17 03:47:00-04:00,7685.75,7686.25,7685.0,7685.75,238
2026-09-17 03:48:00-04:00,7686.0,7686.25,7684.5,7684.75,453
2026-09-17 03:49:00-04:00,7684.75,7684.75,7683.0,7683.0,650
2026-09-17 03:50:00-04:00,7683.0,7683.0,7681.5,7681.75,790
2026-09-17 03:51:00-04:00,7682.0,7683.5,7681.5,7683.25,449
2026-09-17 03:52:00-04:00,7683.25,7683.5,7681.75,7682.0,312
2026-09-17 03:53:00-04:00,7681.75,7682.25,7681.5,7682.25,429
2026-09-17 03:54:00-04:00,7682.5,7682.5,7680.5,7680.75,480
2026-09-17 03:55:00-04:00,7680.75,7680.75,7679.75,7679.75,419
2026-09-17 03:56:00-04:00,7679.75,7680.0,7679.0,7679.25,413
2026-09-17 03:57:00-04:00,7679.25,7679.75,7679.0,7679.5,207
2026-09-17 03:58:00-04:00,7679.5,7680.25,7679.25,7679.5,326
2026-09-17 03:59:00-04:00,7679.5,7680.5,7679.5,7680.25,227
2026-09-17 04:00:00-04:00,7680.0,7680.75,7679.5,7680.5,819
2026-09-17 04:01:00-04:00,7680.75,7681.75,7679.75,7681.0,721
2026-09-17 04:02:00-04:00,7681.0,7681.75,7680.0,7681.25,390
2026-09-17 04:03:00-04:00,7681.0,7681.25,7678.25,7678.5,436
2026-09-17 04:04:00-04:00,7678.5,7680.75,7678.5,7680.75,359
2026-09-17 04:05:00-04:00,7680.5,7681.0,7679.25,7680.0,256
2026-09-17 04:06:00-04:00,7680.25,7680.5,7679.0,7679.0,321
2026-09-17 04:07:00-04:00,7679.25,7680.0,7679.0,7679.75,521
2026-09-17 04:08:00-04:00,7679.75,7680.0,7679.25,7680.0,357
2026-09-17 04:09:00-04:00,7679.75,7680.0,7679.25,7679.5,376
2026-09-17 04:10:00-04:00,7679.25,7680.25,7678.0,7678.5,400
2026-09-17 04:11:00-04:00,7678.5,7678.75,7677.5,7677.75,206
2026-09-17 04:12:00-04:00,7677.75,7677.75,7674.75,7675.75,731
2026-09-17 04:13:00-04:00,7675.5,7675.5,7673.5,7674.0,582
2026-09-17 04:14:00-04:00,7674.25,7675.25,7674.0,7674.5,352
2026-09-17 04:15:00-04:00,7674.25,7675.0,7673.75,7674.75,302
2026-09-17 04:16:00-04:00,7674.5,7674.5,7673.0,7673.75,307
2026-09-17 04:17:00-04:00,7673.75,7675.25,7672.75,7672.75,291
2026-09-17 04:18:00-04:00,7672.75,7673.0,7671.25,7671.5,379
2026-09-17 04:19:00-04:00,7671.5,7673.0,7671.25,7672.75,407
2026-09-17 04:20:00-04:00,7672.75,7673.5,7672.25,7673.0,320
2026-09-17 04:21:00-04:00,7673.0,7673.5,7672.75,7673.0,148
2026-09-17 04:22:00-04:00,7673.0,7674.5,7672.75,7673.25,406
2026-09-17 04:23:00-04:00,7673.0,7673.75,7672.75,7673.0,184
2026-09-17 04:24:00-04:00,7673.0,7675.25,7672.75,7675.25,243
2026-09-17 04:25:00-04:00,7675.25,7676.75,7675.0,7676.25,327
2026-09-17 04:26:00-04:00,7676.5,7676.75,7676.0,7676.0,328
2026-09-17 04:27:00-04:00,7676.25,7677.0,7675.75,7677.0,362
2026-09-17 04:28:00-04:00,7677.25,7677.25,7675.5,7675.75,275
2026-09-17 04:29:00-04:00,7675.75,7678.25,7675.5,7677.75,443
2026-09-17 04:30:00-04:00,7677.75,7679.0,7676.5,7677.0,669
2026-09-17 04:31:00-04:00,7677.25,7678.25,7677.0,7677.0,326
2026-09-17 04:32:00-04:00,7677.25,7677.75,7676.25,7677.0,247
2026-09-17 04:33:00-04:00,7677.0,7678.0,7676.25,7677.75,247
2026-09-17 04:34:00-04:00,7677.75,7679.75,7677.75,7679.75,218
2026-09-17 04:35:00-04:00,7679.75,7680.5,7679.0,7679.25,424
2026-09-17 04:36:00-04:00,7679.25,7679.25,7678.5,7679.0,166
2026-09-17 04:37:00-04:00,7679.25,7680.25,7679.0,7680.25,154
2026-09-17 04:38:00-04:00,7680.0,7680.0,7679.25,7679.25,209
2026-09-17 04:39:00-04:00,7679.25,7680.5,7679.0,7680.25,162
2026-09-17 04:40:00-04:00,7680.5,7680.75,7679.0,7679.75,200
2026-09-17 04:41:00-04:00,7679.5,7679.75,7678.5,7678.75,89
2026-09-17 04:42:00-04:00,7678.75,7679.5,7678.0,7678.5,193
2026-09-17 04:43:00-04:00,7678.5,7678.75,7678.0,7678.5,194
2026-09-17 04:44:00-04:00,7678.75,7679.25,7678.5,7679.0,112
2026-09-17 04:45:00-04:00,7679.0,7679.5,7678.75,7679.5,129
2026-09-17 04:46:00-04:00,7679.5,7679.5,7678.75,7679.25,176
2026-09-17 04:47:00-04:00,7679.25,7680.75,7679.0,7680.25,138
2026-09-17 04:48:00-04:00,7680.25,7680.75,7680.0,7680.25,193
2026-09-17 04:49:00-04:00,7680.5,7680.5,7680.25,7680.25,262
2026-09-17 04:50:00-04:00,7680.5,7681.0,7680.25,7681.0,144
2026-09-17 04:51:00-04:00,7681.0,7681.5,7681.0,7681.0,137
2026-09-17 04:52:00-04:00,7681.25,7681.5,7680.25,7680.75,287
2026-09-17 04:53:00-04:00,7680.75,7682.75,7680.75,7682.75,350
2026-09-17 04:54:00-04:00,7682.75,7684.0,7682.75,7683.5,358
2026-09-17 04:55:00-04:00,7683.5,7683.75,7683.0,7683.0,351
2026-09-17 04:56:00-04:00,7683.25,7684.25,7682.5,7683.5,284
2026-09-17 04:57:00-04:00,7683.25,7684.25,7683.25,7684.25,277
2026-09-17 04:58:00-04:00,7684.25,7684.5,7683.5,7684.0,157
2026-09-17 04:59:00-04:00,7684.0,7684.0,7683.0,7683.25,244
2026-09-17 05:00:00-04:00,7683.25,7684.75,7683.0,7684.75,240
2026-09-17 05:01:00-04:00,7684.75,7685.75,7684.5,7685.75,216
2026-09-17 05:02:00-04:00,7685.75,7686.5,7684.75,7685.25,283
2026-09-17 05:03:00-04:00,7685.0,7685.5,7684.0,7685.5,184
2026-09-17 05:04:00-04:00,7685.25,7685.25,7684.5,7685.0,248
2026-09-17 05:05:00-04:00,7685.25,7685.5,7684.75,7685.25,251
2026-09-17 05:06:00-04:00,7685.25,7685.75,7685.25,7685.5,181
2026-09-17 05:07:00-04:00,7685.75,7687.0,7685.75,7686.75,240
2026-09-17 05:08:00-04:00,7687.0,7687.0,7685.75,7686.5,113
2026-09-17 05:09:00-04:00,7686.25,7686.25,7685.75,7686.25,215
2026-09-17 05:10:00-04:00,7686.5,7688.75,7686.5,7688.75,342
2026-09-17 05:11:00-04:00,7689.0,7689.25,7688.5,7688.75,426
2026-09-17 05:12:00-04:00,7688.75,7689.0,7687.75,7688.0,314
2026-09-17 05:13:00-04:00,7688.0,7688.5,7687.25,7687.25,398
2026-09-17 05:14:00-04:00,7687.25,7687.25,7686.5,7686.75,187
2026-09-17 05:15:00-04:00,7686.75,7687.75,7686.5,7686.75,183
2026-09-17 05:16:00-04:00,7686.75,7686.75,7685.75,7686.0,183
2026-09-17 05:17:00-04:00,7686.0,7686.5,7685.0,7685.5,353
2026-09-17 05:18:00-04:00,7685.5,7686.25,7685.25,7685.75,162
2026-09-17 05:19:00-04:00,7685.75,7685.75,7684.5,7684.5,263
2026-09-17 05:20:00-04:00,7684.5,7686.0,7684.25,7685.5,525
2026-09-17 05:21:00-04:00,7685.5,7685.75,7684.75,7685.75,176
2026-09-17 05:22:00-04:00,7685.75,7685.75,7685.0,7685.25,140
2026-09-17 05:23:00-04:00,7685.25,7685.5,7685.0,7685.5,119
2026-09-17 05:24:00-04:00,7685.25,7685.25,7684.75,7685.25,318
2026-09-17 05:25:00-04:00,7685.25,7685.25,7684.25,7684.5,287
2026-09-17 05:26:00-04:00,7684.5,7684.5,7683.5,7684.0,470
2026-09-17 05:27:00-04:00,7684.0,7684.5,7683.75,7684.5,286
2026-09-17 05:28:00-04:00,7684.5,7684.75,7683.75,7684.0,111
2026-09-17 05:29:00-04:00,7684.25,7684.5,7683.5,7683.75,195
2026-09-17 05:30:00-04:00,7683.5,7684.25,7683.5,7683.75,227
2026-09-17 05:31:00-04:00,7683.75,7686.0,7683.75,7685.5,255
2026-09-17 05:32:00-04:00,7685.25,7686.0,7685.25,7686.0,106
2026-09-17 05:33:00-04:00,7686.0,7686.5,7685.5,7686.25,149
2026-09-17 05:34:00-04:00,7686.25,7686.75,7686.0,7686.25,95
2026-09-17 05:35:00-04:00,7686.25,7686.75,7686.0,7686.5,178
2026-09-17 05:36:00-04:00,7686.5,7686.5,7685.5,7685.75,487
2026-09-17 05:37:00-04:00,7685.75,7686.75,7685.5,7686.5,188
2026-09-17 05:38:00-04:00,7686.25,7687.0,7685.0,7685.5,374
2026-09-17 05:39:00-04:00,7685.25,7686.25,7685.25,7685.25,429
2026-09-17 05:40:00-04:00,7685.0,7686.0,7685.0,7685.5,366
2026-09-17 05:41:00-04:00,7685.75,7685.75,7685.25,7685.25,252
2026-09-17 05:42:00-04:00,7685.25,7686.0,7685.25,7685.5,73
2026-09-17 05:43:00-04:00,7685.25,7686.0,7685.25,7686.0,250
2026-09-17 05:44:00-04:00,7686.25,7686.5,7685.5,7685.75,239
2026-09-17 05:45:00-04:00,7685.5,7685.75,7684.75,7684.75,110
2026-09-17 05:46:00-04:00,7684.75,7684.75,7683.25,7683.5,313
2026-09-17 05:47:00-04:00,7683.5,7683.5,7682.5,7682.75,122
2026-09-17 05:48:00-04:00,7682.75,7682.75,7681.25,7681.75,298
2026-09-17 05:49:00-04:00,7681.75,7682.0,7681.25,7682.0,218
2026-09-17 05:50:00-04:00,7682.25,7683.5,7682.25,7682.5,120
2026-09-17 05:51:00-04:00,7682.75,7683.0,7682.25,7682.5,260
2026-09-17 05:52:00-04:00,7682.75,7683.25,7682.5,7683.25,231
2026-09-17 05:53:00-04:00,7683.25,7683.75,7683.0,7683.25,174
2026-09-17 05:54:00-04:00,7683.25,7684.0,7683.25,7683.75,127
2026-09-17 05:55:00-04:00,7683.75,7685.0,7683.5,7683.75,330
2026-09-17 05:56:00-04:00,7683.75,7683.75,7683.25,7683.75,218
2026-09-17 05:57:00-04:00,7683.75,7683.75,7683.0,7683.0,252
2026-09-17 05:58:00-04:00,7683.0,7683.0,7682.25,7682.75,115
2026-09-17 05:59:00-04:00,7682.5,7683.0,7682.5,7682.75,94
2026-09-17 06:00:00-04:00,7682.5,7683.5,7682.5,7683.5,122
2026-09-17 06:01:00-04:00,7683.25,7683.5,7682.5,7683.25,170
2026-09-17 06:02:00-04:00,7683.5,7683.5,7682.75,7683.25,136
2026-09-17 06:03:00-04:00,7683.5,7684.75,7683.5,7684.25,238
2026-09-17 06:04:00-04:00,7684.25,7684.75,7684.0,7684.25,97
2026-09-17 06:05:00-04:00,7684.25,7685.0,7684.0,7684.5,238
2026-09-17 06:06:00-04:00,7684.5,7685.25,7684.0,7685.25,404
2026-09-17 06:07:00-04:00,7685.25,7687.0,7685.0,7686.5,475
2026-09-17 06:08:00-04:00,7686.25,7687.0,7686.25,7686.5,382
2026-09-17 06:09:00-04:00,7686.75,7686.75,7685.75,7685.75,137
2026-09-17 06:10:00-04:00,7685.75,7686.0,7685.25,7686.0,142
2026-09-17 06:11:00-04:00,7685.75,7686.75,7685.75,7686.75,118
2026-09-17 06:12:00-04:00,7686.75,7686.75,7686.0,7686.0,167
2026-09-17 06:13:00-04:00,7686.0,7686.75,7685.75,7685.75,125
2026-09-17 06:14:00-04:00,7686.0,7686.25,7685.25,7685.25,156
2026-09-17 06:15:00-04:00,7685.25,7685.75,7684.75,7685.25,174
2026-09-17 06:16:00-04:00,7685.25,7686.0,7685.0,7685.0,138
2026-09-17 06:17:00-04:00,7685.25,7685.5,7685.25,7685.25,353
2026-09-17 06:18:00-04:00,7685.25,7686.0,7684.75,7685.0,192
2026-09-17 06:19:00-04:00,7684.75,7684.75,7683.5,7683.5,235
2026-09-17 06:20:00-04:00,7683.5,7684.25,7683.5,7684.0,225
2026-09-17 06:21:00-04:00,7684.25,7684.5,7684.0,7684.0,244
2026-09-17 06:22:00-04:00,7684.25,7685.5,7684.0,7685.25,196
2026-09-17 06:23:00-04:00,7685.25,7687.0,7685.0,7687.0,333
2026-09-17 06:24:00-04:00,7687.0,7688.5,7686.75,7688.5,423
2026-09-17 06:25:00-04:00,7688.5,7688.5,7688.0,7688.0,256
2026-09-17 06:26:00-04:00,7688.25,7689.25,7688.0,7689.0,239
2026-09-17 06:27:00-04:00,7689.0,7689.25,7688.5,7688.75,132
2026-09-17 06:28:00-04:00,7688.75,7689.25,7688.5,7689.0,327
2026-09-17 06:29:00-04:00,7689.25,7689.5,7687.25,7687.5,477
2026-09-17 06:30:00-04:00,7687.75,7689.5,7687.25,7688.0,1418
2026-09-17 06:31:00-04:00,7688.0,7688.0,7686.75,7687.0,313
2026-09-17 06:32:00-04:00,7687.0,7687.25,7686.5,7686.75,181
2026-09-17 06:33:00-04:00,7686.75,7686.75,7686.0,7686.25,112
2026-09-17 06:34:00-04:00,7686.25,7686.5,7685.75,7685.75,255
2026-09-17 06:35:00-04:00,7686.0,7687.0,7685.5,7687.0,553
2026-09-17 06:36:00-04:00,7686.75,7687.25,7686.5,7687.25,187
2026-09-17 06:37:00-04:00,7687.0,7688.25,7687.0,7687.75,460
2026-09-17 06:38:00-04:00,7687.75,7688.0,7687.25,7687.25,223
2026-09-17 06:39:00-04:00,7687.25,7687.75,7687.0,7687.25,239
2026-09-17 06:40:00-04:00,7687.25,7687.75,7686.5,7686.5,124
2026-09-17 06:41:00-04:00,7686.25,7686.5,7684.5,7684.75,283
2026-09-17 06:42:00-04:00,7684.75,7685.25,7684.5,7684.75,197
2026-09-17 06:43:00-04:00,7684.75,7685.0,7684.25,7685.0,208
2026-09-17 06:44:00-04:00,7685.0,7685.25,7684.75,7684.75,152
2026-09-17 06:45:00-04:00,7684.75,7685.25,7684.25,7685.0,137
2026-09-17 06:46:00-04:00,7684.75,7685.5,7684.5,7685.25,111
2026-09-17 06:47:00-04:00,7685.0,7685.25,7684.75,7685.0,108
2026-09-17 06:48:00-04:00,7685.0,7685.25,7684.5,7685.0,179
2026-09-17 06:49:00-04:00,7684.75,7685.0,7684.5,7685.0,147
2026-09-17 06:50:00-04:00,7685.0,7685.75,7685.0,7685.5,130
2026-09-17 06:51:00-04:00,7685.75,7687.0,7685.75,7686.25,159
2026-09-17 06:52:00-04:00,7686.0,7687.0,7685.75,7686.5,170
2026-09-17 06:53:00-04:00,7686.25,7686.75,7686.25,7686.5,144
2026-09-17 06:54:00-04:00,7686.5,7686.5,7686.0,7686.25,136
2026-09-17 06:55:00-04:00,7686.5,7686.75,7686.0,7686.5,118
2026-09-17 06:56:00-04:00,7686.5,7687.75,7686.5,7687.5,186
2026-09-17 06:57:00-04:00,7687.25,7688.0,7687.0,7687.75,113
2026-09-17 06:58:00-04:00,7687.5,7688.5,7687.5,7688.25,127
2026-09-17 06:59:00-04:00,7688.25,7688.75,7687.5,7687.5,414
2026-09-17 07:00:00-04:00,7687.75,7690.0,7687.75,7689.75,1445
2026-09-17 07:01:00-04:00,7689.75,7690.75,7688.75,7689.0,1051
2026-09-17 07:02:00-04:00,7688.75,7689.75,7688.5,7689.25,851
2026-09-17 07:03:00-04:00,7689.25,7689.5,7687.75,7688.0,321
2026-09-17 07:04:00-04:00,7687.75,7688.25,7687.5,7688.0,664
2026-09-17 07:05:00-04:00,7688.25,7688.5,7687.75,7688.5,667
2026-09-17 07:06:00-04:00,7688.5,7688.75,7687.5,7688.25,320
2026-09-17 07:07:00-04:00,7688.25,7688.75,7687.5,7688.25,715
2026-09-17 07:08:00-04:00,7688.25,7688.25,7687.25,7687.5,558
2026-09-17 07:09:00-04:00,7687.5,7687.75,7687.0,7687.0,482
2026-09-17 07:10:00-04:00,7687.0,7687.25,7686.5,7686.5,598
2026-09-17 07:11:00-04:00,7686.5,7686.75,7685.75,7686.0,508
2026-09-17 07:12:00-04:00,7686.0,7687.5,7686.0,7686.5,543
2026-09-17 07:13:00-04:00,7686.5,7688.5,7686.25,7688.5,647
2026-09-17 07:14:00-04:00,7688.5,7688.5,7687.5,7688.0,367
2026-09-17 07:15:00-04:00,7688.25,7688.75,7687.0,7687.25,253
2026-09-17 07:16:00-04:00,7687.25,7687.5,7685.75,7686.25,338
2026-09-17 07:17:00-04:00,7686.0,7686.0,7684.75,7685.0,419
2026-09-17 07:18:00-04:00,7684.75,7685.25,7684.75,7685.25,332
2026-09-17 07:19:00-04:00,7685.25,7686.5,7685.25,7686.0,334
2026-09-17 07:20:00-04:00,7686.25,7688.25,7686.0,7687.5,815
2026-09-17 07:21:00-04:00,7687.75,7688.0,7687.25,7687.5,404
2026-09-17 07:22:00-04:00,7687.25,7687.5,7685.75,7686.25,450
2026-09-17 07:23:00-04:00,7686.25,7687.25,7686.0,7686.75,255
2026-09-17 07:24:00-04:00,7686.75,7687.25,7686.0,7686.0,146
2026-09-17 07:25:00-04:00,7686.0,7686.25,7685.25,7685.5,222
2026-09-17 07:26:00-04:00,7685.5,7687.0,7685.0,7686.75,291
2026-09-17 07:27:00-04:00,7686.75,7687.25,7686.5,7686.5,465
2026-09-17 07:28:00-04:00,7686.5,7686.5,7685.75,7686.0,342
2026-09-17 07:29:00-04:00,7686.0,7686.75,7685.5,7686.25,209
2026-09-17 07:30:00-04:00,7686.0,7686.25,7685.25,7685.75,267
2026-09-17 07:31:00-04:00,7685.75,7686.5,7685.5,7686.5,426
2026-09-17 07:32:00-04:00,7686.25,7687.5,7686.25,7687.25,234
2026-09-17 07:33:00-04:00,7687.0,7687.0,7685.25,7686.0,268
2026-09-17 07:34:00-04:00,7686.0,7686.0,7685.25,7685.25,397
2026-09-17 07:35:00-04:00,7685.5,7686.5,7685.25,7686.5,424
2026-09-17 07:36:00-04:00,7686.25,7687.25,7686.25,7686.25,245
2026-09-17 07:37:00-04:00,7686.25,7686.5,7684.5,7685.25,318
2026-09-17 07:38:00-04:00,7685.25,7686.25,7685.25,7686.25,175
2026-09-17 07:39:00-04:00,7686.25,7686.75,7686.25,7686.5,155
2026-09-17 07:40:00-04:00,7686.25,7686.25,7684.25,7684.5,251
2026-09-17 07:41:00-04:00,7684.75,7684.75,7684.0,7684.0,373
2026-09-17 07:42:00-04:00,7684.0,7684.75,7683.75,7684.5,370
2026-09-17 07:43:00-04:00,7684.5,7684.75,7684.25,7684.5,157
2026-09-17 07:44:00-04:00,7684.75,7684.75,7683.0,7683.0,231
2026-09-17 07:45:00-04:00,7683.0,7683.5,7682.5,7683.25,221
2026-09-17 07:46:00-04:00,7683.0,7684.25,7683.0,7684.0,288
2026-09-17 07:47:00-04:00,7684.25,7684.25,7683.75,7684.25,228
2026-09-17 07:48:00-04:00,7684.5,7685.0,7684.25,7684.25,249
2026-09-17 07:49:00-04:00,7684.5,7684.75,7683.5,7683.5,417
2026-09-17 07:50:00-04:00,7683.75,7683.75,7682.25,7683.25,531
2026-09-17 07:51:00-04:00,7683.0,7684.0,7682.75,7684.0,330
2026-09-17 07:52:00-04:00,7684.0,7684.25,7683.5,7684.0,328
2026-09-17 07:53:00-04:00,7684.25,7685.25,7684.0,7685.25,380
2026-09-17 07:54:00-04:00,7685.25,7688.0,7685.0,7687.0,930
2026-09-17 07:55:00-04:00,7687.0,7688.25,7687.0,7687.5,438
2026-09-17 07:56:00-04:00,7687.5,7687.5,7685.5,7686.5,364
2026-09-17 07:57:00-04:00,7686.75,7687.75,7686.75,7687.75,340
2026-09-17 07:58:00-04:00,7687.75,7693.75,7687.5,7692.5,5761
2026-09-17 07:59:00-04:00,7692.5,7695.5,7691.5,7695.25,3037
2026-09-17 08:00:00-04:00,7695.0,7695.5,7692.75,7693.5,1890
2026-09-17 08:01:00-04:00,7693.5,7694.25,7692.0,7692.25,586
2026-09-17 08:02:00-04:00,7692.0,7692.75,7691.0,7692.25,708
2026-09-17 08:03:00-04:00,7692.25,7692.5,7690.0,7691.25,665
2026-09-17 08:04:00-04:00,7691.25,7695.75,7691.25,7694.5,4199
2026-09-17 08:05:00-04:00,7694.75,7697.75,7693.5,7696.75,2346
2026-09-17 08:06:00-04:00,7696.75,7697.0,7695.5,7696.25,974
2026-09-17 08:07:00-04:00,7696.0,7696.25,7694.25,7695.5,694
2026-09-17 08:08:00-04:00,7695.75,7697.75,7695.75,7697.0,1016
2026-09-17 08:09:00-04:00,7697.0,7701.75,7696.75,7701.5,3842
2026-09-17 08:10:00-04:00,7701.5,7703.5,7700.75,7701.25,1941
2026-09-17 08:11:00-04:00,7701.0,7702.75,7701.0,7702.0,855
2026-09-17 08:12:00-04:00,7702.0,7702.5,7701.25,7702.25,936
2026-09-17 08:13:00-04:00,7702.25,7702.25,7700.75,7701.75,978
2026-09-17 08:14:00-04:00,7701.25,7702.0,7700.75,7701.75,656
2026-09-17 08:15:00-04:00,7702.0,7703.25,7701.25,7703.25,1526
2026-09-17 08:16:00-04:00,7703.25,7704.5,7702.75,7704.0,2395
2026-09-17 08:17:00-04:00,7704.0,7706.0,7704.0,7705.5,1948
2026-09-17 08:18:00-04:00,7705.25,7706.0,7704.25,7705.75,848
2026-09-17 08:19:00-04:00,7705.5,7708.25,7705.5,7708.0,1166
2026-09-17 08:20:00-04:00,7708.25,7709.5,7708.0,7709.25,2028
2026-09-17 08:21:00-04:00,7709.0,7710.75,7709.0,7710.0,2411
2026-09-17 08:22:00-04:00,7710.25,7710.5,7709.5,7710.0,1261
2026-09-17 08:23:00-04:00,7710.0,7711.5,7710.0,7711.5,1153
2026-09-17 08:24:00-04:00,7711.5,7712.0,7710.0,7710.75,849
2026-09-17 08:25:00-04:00,7710.75,7712.75,7710.0,7712.5,1572
2026-09-17 08:26:00-04:00,7712.25,7713.5,7711.5,7713.0,1027
2026-09-17 08:27:00-04:00,7713.25,7714.75,7712.0,7714.5,1519
2026-09-17 08:28:00-04:00,7714.75,7715.5,7714.25,7714.75,1571
2026-09-17 08:29:00-04:00,7714.5,7716.75,7714.5,7716.5,1351
2026-09-17 08:30:00-04:00,7716.25,7717.5,7713.0,7717.0,1749
2026-09-17 08:31:00-04:00,7717.25,7717.5,7715.5,7716.5,1803
2026-09-17 08:32:00-04:00,7716.75,7720.5,7716.5,7718.75,2324
2026-09-17 08:33:00-04:00,7718.5,7721.25,7716.25,7721.0,1342
2026-09-17 08:34:00-04:00,7721.0,7722.25,7720.75,7721.25,1725
2026-09-17 08:35:00-04:00,7721.5,7722.25,7719.75,7720.5,1781
2026-09-17 08:36:00-04:00,7720.5,7720.75,7719.0,7719.5,2308
2026-09-17 08:37:00-04:00,7719.25,7719.5,7718.0,7718.75,1829
2026-09-17 08:38:00-04:00,7718.5,7720.0,7717.5,7719.25,1484
2026-09-17 08:39:00-04:00,7719.5,7721.0,7718.25,7720.75,1466
2026-09-17 08:40:00-04:00,7720.5,7721.5,7720.0,7720.25,935
2026-09-17 08:41:00-04:00,7720.25,7720.75,7719.25,7719.25,863
2026-09-17 08:42:00-04:00,7719.5,7720.0,7718.75,7719.75,1151
2026-09-17 08:43:00-04:00,7720.0,7720.75,7719.75,7720.5,1004
2026-09-17 08:44:00-04:00,7720.5,7720.5,7717.5,7717.75,1338
2026-09-17 08:45:00-04:00,7717.75,7718.0,7716.5,7717.0,1494
2026-09-17 08:46:00-04:00,7717.0,7717.25,7715.75,7717.0,1317
2026-09-17 08:47:00-04:00,7716.75,7717.0,7715.75,7716.0,1183
2026-09-17 08:48:00-04:00,7716.0,7716.75,7715.25,7715.75,1449
2026-09-17 08:49:00-04:00,7716.0,7717.25,7715.75,7716.25,1189
2026-09-17 08:50:00-04:00,7716.5,7718.75,7716.25,7718.5,783
2026-09-17 08:51:00-04:00,7718.25,7720.0,7718.0,7718.75,869
2026-09-17 08:52:00-04:00,7718.5,7718.5,7717.25,7717.5,643
2026-09-17 08:53:00-04:00,7717.75,7717.75,7716.75,7717.0,859
2026-09-17 08:54:00-04:00,7717.0,7718.25,7716.75,7718.0,546
2026-09-17 08:55:00-04:00,7718.0,7718.0,7716.5,7716.75,618
2026-09-17 08:56:00-04:00,7716.75,7717.75,7716.25,7717.5,910
2026-09-17 08:57:00-04:00,7717.75,7719.25,7717.75,7718.75,508
2026-09-17 08:58:00-04:00,7718.5,7718.5,7717.5,7717.75,799
2026-09-17 08:59:00-04:00,7718.0,7718.0,7717.25,7717.5,581
2026-09-17 09:00:00-04:00,7717.75,7721.75,7716.5,7721.5,1766
2026-09-17 09:01:00-04:00,7721.5,7722.0,7720.0,7720.25,816
2026-09-17 09:02:00-04:00,7720.25,7721.0,7720.0,7720.5,1057
2026-09-17 09:03:00-04:00,7720.75,7721.0,7719.5,7719.75,1220
2026-09-17 09:04:00-04:00,7720.0,7720.0,7718.0,7718.5,706
2026-09-17 09:05:00-04:00,7718.75,7719.0,7717.0,7718.0,955
2026-09-17 09:06:00-04:00,7717.75,7718.25,7716.75,7717.0,764
2026-09-17 09:07:00-04:00,7717.25,7718.0,7716.5,7717.25,951
2026-09-17 09:08:00-04:00,7717.25,7719.5,7717.25,7718.25,621
2026-09-17 09:09:00-04:00,7718.25,7718.25,7716.5,7716.5,546
2026-09-17 09:10:00-04:00,7716.5,7717.5,7715.75,7715.75,1481
2026-09-17 09:11:00-04:00,7715.75,7716.25,7714.75,7716.25,765
2026-09-17 09:12:00-04:00,7716.0,7716.75,7715.5,7716.25,606
2026-09-17 09:13:00-04:00,7716.0,7717.5,7716.0,7716.5,730
2026-09-17 09:14:00-04:00,7716.5,7717.0,7716.0,7716.0,901
2026-09-17 09:15:00-04:00,7716.0,7716.5,7715.5,7716.25,839
2026-09-17 09:16:00-04:00,7716.25,7718.5,7715.75,7717.25,2215
2026-09-17 09:17:00-04:00,7717.5,7717.5,7716.25,7717.0,735
2026-09-17 09:18:00-04:00,7717.25,7717.75,7716.25,7716.75,959
2026-09-17 09:19:00-04:00,7717.0,7717.25,7715.75,7715.75,509
2026-09-17 09:20:00-04:00,7716.0,7717.0,7715.5,7716.0,572
2026-09-17 09:21:00-04:00,7716.25,7716.75,7714.75,7715.25,591
2026-09-17 09:22:00-04:00,7715.25,7716.0,7714.75,7716.0,300
2026-09-17 09:23:00-04:00,7715.75,7715.75,7714.75,7714.75,552
2026-09-17 09:24:00-04:00,7714.75,7715.0,7713.5,7713.75,1010
2026-09-17 09:25:00-04:00,7713.75,7714.5,7713.5,7714.0,1563
2026-09-17 09:26:00-04:00,7714.25,7715.75,7714.25,7715.5,663
2026-09-17 09:27:00-04:00,7715.75,7717.0,7715.25,7716.0,1670
2026-09-17 09:28:00-04:00,7715.75,7716.75,7714.75,7715.0,1122
2026-09-17 09:29:00-04:00,7715.25,7715.25,7712.5,7713.25,2170
2026-09-17 09:30:00-04:00,7713.5,7716.25,7708.25,7711.75,15230
2026-09-17 09:31:00-04:00,7711.75,7711.75,7703.25,7703.25,7652
2026-09-17 09:32:00-04:00,7703.5,7706.0,7702.25,7704.25,6329
2026-09-17 09:33:00-04:00,7704.5,7705.0,7701.25,7702.0,4124
2026-09-17 09:34:00-04:00,7701.75,7702.25,7695.5,7695.5,5908
2026-09-17 09:35:00-04:00,7695.75,7696.5,7693.5,7695.0,5954
2026-09-17 09:36:00-04:00,7695.0,7697.75,7692.5,7695.0,7012
2026-09-17 09:37:00-04:00,7694.75,7696.0,7693.0,7694.0,4511
2026-09-17 09:38:00-04:00,7693.75,7694.5,7692.0,7693.0,4069
2026-09-17 09:39:00-04:00,7692.75,7694.5,7691.75,7693.0,4903
2026-09-17 09:40:00-04:00,7693.0,7694.25,7690.25,7691.5,6789
2026-09-17 09:41:00-04:00,7691.5,7693.75,7688.5,7689.75,5479
2026-09-17 09:42:00-04:00,7689.75,7691.5,7688.25,7690.75,4542
2026-09-17 09:43:00-04:00,7691.0,7692.75,7690.0,7691.75,4897
2026-09-17 09:44:00-04:00,7691.5,7693.5,7689.75,7690.5,3830
2026-09-17 09:45:00-04:00,7690.75,7691.75,7689.0,7689.25,6310
2026-09-17 09:46:00-04:00,7689.25,7692.5,7688.25,7692.25,5594
2026-09-17 09:47:00-04:00,7692.0,7696.0,7691.0,7693.75,5558
2026-09-17 09:48:00-04:00,7693.75,7694.25,7689.25,7691.0,4459
2026-09-17 09:49:00-04:00,7691.0,7695.0,7688.75,7694.75,5143
2026-09-17 09:50:00-04:00,7695.0,7697.25,7693.75,7697.0,5916
2026-09-17 09:51:00-04:00,7697.0,7697.25,7691.5,7694.25,4993
2026-09-17 09:52:00-04:00,7694.0,7695.25,7693.25,7694.5,4127
2026-09-17 09:53:00-04:00,7694.5,7694.5,7691.5,7693.0,3073
2026-09-17 09:54:00-04:00,7692.75,7695.5,7691.25,7691.25,4493
2026-09-17 09:55:00-04:00,7691.0,7693.5,7690.5,7691.25,4836
2026-09-17 09:56:00-04:00,7691.5,7692.5,7690.25,7690.5,4014
2026-09-17 09:57:00-04:00,7690.25,7691.0,7688.5,7690.25,5386
2026-09-17 09:58:00-04:00,7690.25,7692.0,7689.75,7690.0,2481
2026-09-17 09:59:00-04:00,7690.0,7693.75,7689.75,7693.75,2463
2026-09-17 10:00:00-04:00,7693.5,7693.75,7687.25,7687.5,5116
2026-09-17 10:01:00-04:00,7687.5,7687.5,7684.5,7687.0,6168
2026-09-17 10:02:00-04:00,7687.0,7687.0,7684.5,7685.5,3604
2026-09-17 10:03:00-04:00,7685.25,7687.25,7683.75,7687.25,3491
2026-09-17 10:04:00-04:00,7687.25,7688.25,7685.5,7686.75,3406
2026-09-17 10:05:00-04:00,7687.0,7687.25,7684.0,7685.25,3382
2026-09-17 10:06:00-04:00,7685.25,7687.25,7685.0,7686.25,3481
2026-09-17 10:07:00-04:00,7686.25,7686.25,7681.75,7681.75,3540
2026-09-17 10:08:00-04:00,7681.75,7684.0,7680.5,7683.0,4181
2026-09-17 10:09:00-04:00,7683.0,7684.5,7681.25,7683.0,3346
2026-09-17 10:10:00-04:00,7683.0,7685.75,7682.5,7684.75,4028
2026-09-17 10:11:00-04:00,7684.75,7685.5,7681.75,7684.5,2640
2026-09-17 10:12:00-04:00,7684.75,7686.0,7683.75,7685.25,2804
2026-09-17 10:13:00-04:00,7685.0,7689.0,7684.5,7689.0,3982
2026-09-17 10:14:00-04:00,7689.0,7692.75,7688.75,7692.25,5474
2026-09-17 10:15:00-04:00,7692.25,7693.25,7691.0,7691.75,4873
2026-09-17 10:16:00-04:00,7691.75,7694.75,7691.75,7693.75,3834
2026-09-17 10:17:00-04:00,7693.75,7695.25,7693.0,7693.25,4202
2026-09-17 10:18:00-04:00,7693.0,7695.5,7692.5,7694.5,3275
2026-09-17 10:19:00-04:00,7694.75,7695.75,7693.25,7695.75,2758
2026-09-17 10:20:00-04:00,7695.5,7696.5,7693.25,7695.25,3484
2026-09-17 10:21:00-04:00,7695.25,7698.0,7695.0,7697.5,3395
2026-09-17 10:22:00-04:00,7697.5,7700.5,7697.5,7699.0,4152
2026-09-17 10:23:00-04:00,7698.75,7701.5,7698.75,7701.0,2947
2026-09-17 10:24:00-04:00,7700.75,7701.5,7698.5,7700.75,3575
2026-09-17 10:25:00-04:00,7700.75,7702.0,7699.75,7700.5,3406
2026-09-17 10:26:00-04:00,7700.25,7702.25,7699.75,7702.25,4519
2026-09-17 10:27:00-04:00,7702.0,7703.75,7701.0,7703.25,2910
2026-09-17 10:28:00-04:00,7703.5,7703.75,7699.25,7699.75,3331
2026-09-17 10:29:00-04:00,7699.75,7700.25,7697.0,7697.75,4038
2026-09-17 10:30:00-04:00,7697.5,7699.75,7697.0,7699.5,2874
2026-09-17 10:31:00-04:00,7699.25,7700.75,7697.0,7698.25,2757
2026-09-17 10:32:00-04:00,7698.25,7698.5,7696.25,7698.5,2323
2026-09-17 10:33:00-04:00,7698.75,7699.75,7697.25,7697.75,2515
2026-09-17 10:34:00-04:00,7697.5,7701.25,7697.25,7700.75,2143
2026-09-17 10:35:00-04:00,7700.75,7701.5,7698.25,7699.75,2481
2026-09-17 10:36:00-04:00,7699.75,7700.5,7698.25,7699.25,2255
2026-09-17 10:37:00-04:00,7699.25,7701.0,7699.0,7700.0,1789
2026-09-17 10:38:00-04:00,7700.0,7700.75,7698.75,7700.25,2135
2026-09-17 10:39:00-04:00,7700.0,7701.0,7697.25,7697.75,2636
2026-09-17 10:40:00-04:00,7697.75,7702.0,7697.25,7701.5,2856
2026-09-17 10:41:00-04:00,7701.25,7702.75,7699.25,7702.75,2984
2026-09-17 10:42:00-04:00,7702.5,7703.25,7701.5,7701.75,2779
2026-09-17 10:43:00-04:00,7701.75,7703.0,7701.0,7701.0,2999
2026-09-17 10:44:00-04:00,7701.0,7701.75,7699.25,7699.5,3092
2026-09-17 10:45:00-04:00,7699.5,7700.25,7697.75,7697.75,3701
2026-09-17 10:46:00-04:00,7697.75,7698.75,7694.25,7695.0,4105
2026-09-17 10:47:00-04:00,7695.0,7695.5,7691.75,7692.75,3437
2026-09-17 10:48:00-04:00,7692.75,7694.5,7692.5,7693.25,3005
2026-09-17 10:49:00-04:00,7693.25,7693.75,7691.25,7693.0,2866
2026-09-17 10:50:00-04:00,7693.0,7693.75,7691.0,7691.25,2797
2026-09-17 10:51:00-04:00,7691.25,7693.0,7691.25,7692.25,2980
2026-09-17 10:52:00-04:00,7692.25,7692.25,7690.25,7690.5,3336
2026-09-17 10:53:00-04:00,7690.5,7691.0,7688.25,7688.75,3494
2026-09-17 10:54:00-04:00,7688.75,7688.75,7685.5,7686.5,5132
2026-09-17 10:55:00-04:00,7686.25,7687.75,7684.75,7685.5,3913
2026-09-17 10:56:00-04:00,7685.5,7688.0,7684.5,7687.5,3337
2026-09-17 10:57:00-04:00,7687.25,7690.25,7687.25,7688.5,3669
2026-09-17 10:58:00-04:00,7688.5,7691.5,7687.5,7687.5,2955
2026-09-17 10:59:00-04:00,7687.75,7688.75,7686.5,7688.25,2459
2026-09-17 11:00:00-04:00,7688.0,7689.5,7686.5,7688.25,3998
2026-09-17 11:01:00-04:00,7688.25,7688.5,7686.5,7686.75,3124
2026-09-17 11:02:00-04:00,7686.75,7688.25,7686.25,7688.25,1848
2026-09-17 11:03:00-04:00,7688.0,7690.25,7687.5,7688.75,2281
2026-09-17 11:04:00-04:00,7688.5,7688.75,7686.0,7686.25,2138
2026-09-17 11:05:00-04:00,7686.25,7687.0,7684.25,7684.25,2673
2026-09-17 11:06:00-04:00,7684.25,7687.0,7683.75,7686.75,2464
2026-09-17 11:07:00-04:00,7686.75,7688.5,7685.0,7687.75,2687
2026-09-17 11:08:00-04:00,7688.0,7689.0,7686.75,7689.0,1796
2026-09-17 11:09:00-04:00,7689.0,7689.25,7686.75,7688.0,1890
2026-09-17 11:10:00-04:00,7688.0,7688.5,7686.75,7687.75,2212
2026-09-17 11:11:00-04:00,7688.0,7691.0,7687.5,7690.5,3015
2026-09-17 11:12:00-04:00,7690.75,7691.25,7688.75,7689.25,3095
2026-09-17 11:13:00-04:00,7689.5,7692.0,7688.75,7692.0,2760
2026-09-17 11:14:00-04:00,7691.75,7692.75,7690.5,7692.0,2548
2026-09-17 11:15:00-04:00,7691.75,7692.0,7689.75,7690.5,2645
2026-09-17 11:16:00-04:00,7690.5,7693.5,7690.0,7693.25,2278
2026-09-17 11:17:00-04:00,7693.25,7694.75,7692.0,7694.5,2108
2026-09-17 11:18:00-04:00,7694.25,7695.25,7693.25,7695.0,1710
2026-09-17 11:19:00-04:00,7695.0,7695.5,7693.5,7694.75,1736
2026-09-17 11:20:00-04:00,7695.0,7695.25,7692.25,7692.75,2063
2026-09-17 11:21:00-04:00,7693.0,7693.5,7691.75,7692.5,1521
2026-09-17 11:22:00-04:00,7692.5,7694.0,7691.0,7693.75,1773
2026-09-17 11:23:00-04:00,7693.75,7694.0,7692.0,7692.0,1364
2026-09-17 11:24:00-04:00,7692.0,7693.5,7691.0,7693.25,1770
2026-09-17 11:25:00-04:00,7693.25,7697.25,7693.0,7697.25,3058
2026-09-17 11:26:00-04:00,7697.25,7697.25,7695.25,7695.5,2067
2026-09-17 11:27:00-04:00,7695.5,7698.0,7695.25,7695.75,2918
2026-09-17 11:28:00-04:00,7695.75,7696.5,7694.5,7696.25,1653
2026-09-17 11:29:00-04:00,7696.25,7697.25,7696.0,7696.25,2298
2026-09-17 11:30:00-04:00,7696.25,7697.75,7695.5,7696.25,2206
2026-09-17 11:31:00-04:00,7696.5,7697.5,7696.25,7697.25,1718
2026-09-17 11:32:00-04:00,7697.25,7697.75,7696.25,7696.75,1299
2026-09-17 11:33:00-04:00,7696.75,7697.0,7695.75,7696.5,1478
2026-09-17 11:34:00-04:00,7696.25,7698.75,7695.25,7698.0,2485
2026-09-17 11:35:00-04:00,7698.25,7700.0,7697.5,7698.75,3008
2026-09-17 11:36:00-04:00,7698.75,7700.0,7698.25,7700.0,2131
2026-09-17 11:37:00-04:00,7699.75,7701.25,7699.25,7700.0,2009
2026-09-17 11:38:00-04:00,7700.0,7700.25,7699.5,7700.25,1346
2026-09-17 11:39:00-04:00,7700.25,7701.0,7699.75,7701.0,1307
2026-09-17 11:40:00-04:00,7700.75,7703.0,7700.75,7703.0,2296
2026-09-17 11:41:00-04:00,7703.0,7704.5,7701.5,7703.75,2455
2026-09-17 11:42:00-04:00,7703.75,7705.75,7703.5,7705.75,2133
2026-09-17 11:43:00-04:00,7705.5,7706.25,7703.75,7703.75,3357
2026-09-17 11:44:00-04:00,7703.75,7704.25,7702.75,7703.5,2346
2026-09-17 11:45:00-04:00,7703.5,7704.5,7702.75,7703.25,2329
2026-09-17 11:46:00-04:00,7703.25,7705.0,7703.0,7704.75,1751
2026-09-17 11:47:00-04:00,7704.5,7704.75,7703.5,7703.75,1316
2026-09-17 11:48:00-04:00,7703.5,7704.75,7703.25,7704.0,1553
2026-09-17 11:49:00-04:00,7704.25,7705.5,7703.25,7704.25,2532
2026-09-17 11:50:00-04:00,7704.5,7705.5,7701.75,7703.0,2702
2026-09-17 11:51:00-04:00,7703.0,7704.0,7702.5,7703.5,1382
2026-09-17 11:52:00-04:00,7703.5,7705.5,7703.0,7705.5,1955
2026-09-17 11:53:00-04:00,7705.5,7705.5,7703.25,7703.75,2594
2026-09-17 11:54:00-04:00,7703.75,7705.5,7703.75,7705.0,2146
2026-09-17 11:55:00-04:00,7704.75,7705.25,7704.0,7704.0,1424
2026-09-17 11:56:00-04:00,7704.0,7704.25,7701.75,7702.75,2641
2026-09-17 11:57:00-04:00,7702.75,7703.0,7701.5,7702.0,1565
2026-09-17 11:58:00-04:00,7702.0,7704.75,7701.75,7704.75,1451
2026-09-17 11:59:00-04:00,7704.5,7706.5,7704.0,7706.5,2089
2026-09-17 12:00:00-04:00,7706.5,7707.25,7705.0,7707.25,3438
2026-09-17 12:01:00-04:00,7707.25,7707.25,7705.25,7705.75,1864
2026-09-17 12:02:00-04:00,7705.75,7706.25,7704.75,7706.0,1953
2026-09-17 12:03:00-04:00,7706.0,7707.0,7705.5,7706.25,1350
2026-09-17 12:04:00-04:00,7706.5,7706.75,7704.25,7704.5,1224
2026-09-17 12:05:00-04:00,7704.25,7705.25,7702.75,7703.0,2415
2026-09-17 12:06:00-04:00,7703.0,7703.0,7701.5,7701.5,2903
2026-09-17 12:07:00-04:00,7701.75,7703.75,7701.5,7703.25,1926
2026-09-17 12:08:00-04:00,7703.5,7703.75,7702.25,7703.25,912
2026-09-17 12:09:00-04:00,7703.25,7706.25,7703.25,7705.75,1354
2026-09-17 12:10:00-04:00,7705.75,7706.25,7705.0,7705.0,1570
2026-09-17 12:11:00-04:00,7705.0,7705.25,7703.5,7703.5,1575
2026-09-17 12:12:00-04:00,7703.5,7704.0,7703.0,7704.0,1367
2026-09-17 12:13:00-04:00,7704.0,7704.0,7702.25,7702.75,982
2026-09-17 12:14:00-04:00,7703.0,7704.0,7702.5,7704.0,1108
2026-09-17 12:15:00-04:00,7703.75,7704.5,7702.75,7704.0,1127
2026-09-17 12:16:00-04:00,7704.25,7704.5,7703.5,7704.25,888
2026-09-17 12:17:00-04:00,7704.0,7704.75,7704.0,7704.5,677
2026-09-17 12:18:00-04:00,7704.5,7705.0,7703.75,7705.0,1050
2026-09-17 12:19:00-04:00,7704.75,7705.0,7703.0,7704.0,1500
2026-09-17 12:20:00-04:00,7703.75,7704.5,7703.25,7703.5,1206
2026-09-17 12:21:00-04:00,7703.75,7705.0,7703.75,7704.75,920
2026-09-17 12:22:00-04:00,7705.0,7706.0,7704.5,7705.0,2302
2026-09-17 12:23:00-04:00,7705.25,7706.0,7704.5,7705.75,1341
2026-09-17 12:24:00-04:00,7705.75,7706.75,7705.75,7706.0,1715
2026-09-17 12:25:00-04:00,7706.0,7707.0,7705.75,7706.0,1163
2026-09-17 12:26:00-04:00,7706.25,7707.25,7705.5,7706.75,1472
2026-09-17 12:27:00-04:00,7706.75,7707.25,7706.25,7707.0,1050
2026-09-17 12:28:00-04:00,7707.25,7707.5,7706.0,7706.0,1448
2026-09-17 12:29:00-04:00,7706.25,7706.5,7705.0,7706.25,1899
2026-09-17 12:30:00-04:00,7706.25,7707.75,7706.0,7707.25,1857
2026-09-17 12:31:00-04:00,7707.0,7707.0,7704.5,7704.5,2009
2026-09-17 12:32:00-04:00,7704.25,7705.0,7702.0,7702.25,2523
2026-09-17 12:33:00-04:00,7702.25,7702.5,7700.5,7701.0,2703
2026-09-17 12:34:00-04:00,7700.75,7702.0,7700.75,7702.0,1925
2026-09-17 12:35:00-04:00,7702.0,7702.5,7701.5,7702.25,1952
2026-09-17 12:36:00-04:00,7702.0,7703.25,7701.0,7703.25,1635
2026-09-17 12:37:00-04:00,7703.25,7704.0,7702.25,7704.0,1319
2026-09-17 12:38:00-04:00,7703.75,7704.25,7702.75,7704.25,1587
2026-09-17 12:39:00-04:00,7704.0,7704.0,7702.25,7703.0,1172
2026-09-17 12:40:00-04:00,7703.0,7704.5,7702.0,7704.5,1731
2026-09-17 12:41:00-04:00,7704.25,7705.0,7704.0,7704.5,1588
2026-09-17 12:42:00-04:00,7704.5,7706.0,7704.5,7706.0,2014
2026-09-17 12:43:00-04:00,7706.0,7707.0,7705.25,7707.0,1660
2026-09-17 12:44:00-04:00,7707.0,7707.75,7706.5,7707.5,1412
2026-09-17 12:45:00-04:00,7707.5,7707.75,7706.25,7706.5,1280
2026-09-17 12:46:00-04:00,7706.25,7706.75,7705.75,7706.25,1475
2026-09-17 12:47:00-04:00,7706.5,7708.0,7706.5,7707.0,2038
2026-09-17 12:48:00-04:00,7707.0,7707.5,7705.5,7705.75,1312
2026-09-17 12:49:00-04:00,7705.75,7706.25,7705.25,7705.75,1062
2026-09-17 12:50:00-04:00,7706.0,7706.25,7705.25,7705.25,1083
2026-09-17 12:51:00-04:00,7705.5,7706.75,7705.25,7705.5,1346
2026-09-17 12:52:00-04:00,7705.5,7706.5,7705.5,7706.5,760
2026-09-17 12:53:00-04:00,7706.25,7706.75,7705.75,7706.25,829
2026-09-17 12:54:00-04:00,7706.25,7706.5,7704.75,7705.0,1217
2026-09-17 12:55:00-04:00,7705.0,7705.5,7699.25,7700.0,13021
2026-09-17 12:56:00-04:00,7700.0,7701.25,7699.25,7700.75,4881
2026-09-17 12:57:00-04:00,7700.75,7700.75,7697.0,7700.5,4459
2026-09-17 12:58:00-04:00,7700.75,7703.5,7700.25,7702.75,3253
2026-09-17 12:59:00-04:00,7703.0,7706.0,7702.75,7706.0,2523
2026-09-17 13:00:00-04:00,7706.0,7708.0,7705.0,7707.0,3341
2026-09-17 13:01:00-04:00,7707.25,7708.75,7707.0,7708.75,1807
2026-09-17 13:02:00-04:00,7708.75,7708.75,7705.75,7706.0,2635
2026-09-17 13:03:00-04:00,7705.75,7706.0,7704.25,7705.25,2498
2026-09-17 13:04:00-04:00,7705.5,7707.75,7705.0,7707.75,1410
2026-09-17 13:05:00-04:00,7707.75,7708.0,7706.75,7707.75,1139
2026-09-17 13:06:00-04:00,7707.75,7709.25,7707.0,7708.25,1787
2026-09-17 13:07:00-04:00,7708.25,7709.0,7707.75,7709.0,947
2026-09-17 13:08:00-04:00,7709.0,7709.0,7706.0,7706.0,1227
2026-09-17 13:09:00-04:00,7706.25,7706.25,7704.25,7705.25,1476
2026-09-17 13:10:00-04:00,7705.0,7705.5,7703.5,7704.25,1833
2026-09-17 13:11:00-04:00,7704.25,7705.0,7703.75,7704.0,1517
2026-09-17 13:12:00-04:00,7703.75,7704.5,7702.75,7703.0,1020
2026-09-17 13:13:00-04:00,7703.0,7705.25,7703.0,7704.5,1252
2026-09-17 13:14:00-04:00,7704.5,7705.5,7703.5,7703.5,1343
2026-09-17 13:15:00-04:00,7703.75,7704.5,7703.0,7704.0,1244
2026-09-17 13:16:00-04:00,7704.0,7704.25,7703.0,7704.25,1099
2026-09-17 13:17:00-04:00,7704.0,7704.5,7703.25,7703.75,1213
2026-09-17 13:18:00-04:00,7703.5,7703.75,7702.25,7702.75,1328
2026-09-17 13:19:00-04:00,7702.5,7704.0,7702.5,7703.25,957
2026-09-17 13:20:00-04:00,7703.0,7703.75,7701.75,7702.25,1714
2026-09-17 13:21:00-04:00,7702.0,7702.0,7700.5,7701.0,1671
2026-09-17 13:22:00-04:00,7701.0,7702.75,7701.0,7701.75,1565
2026-09-17 13:23:00-04:00,7701.75,7703.0,7701.5,7702.0,1389
2026-09-17 13:24:00-04:00,7702.0,7703.5,7699.75,7700.25,1497
2026-09-17 13:25:00-04:00,7700.5,7701.75,7700.25,7701.75,1591
2026-09-17 13:26:00-04:00,7701.5,7701.5,7699.5,7700.5,1355
2026-09-17 13:27:00-04:00,7700.25,7702.5,7700.25,7702.25,1256
2026-09-17 13:28:00-04:00,7702.0,7702.25,7701.0,7701.25,904
2026-09-17 13:29:00-04:00,7701.5,7702.0,7700.5,7702.0,1027
2026-09-17 13:30:00-04:00,7702.0,7702.75,7700.5,7701.0,1649
2026-09-17 13:31:00-04:00,7700.75,7701.75,7700.25,7701.0,1037
2026-09-17 13:32:00-04:00,7701.25,7703.0,7701.0,7703.0,1209
2026-09-17 13:33:00-04:00,7702.75,7703.5,7702.5,7703.0,949
2026-09-17 13:34:00-04:00,7703.0,7704.75,7703.0,7704.75,1290
2026-09-17 13:35:00-04:00,7704.75,7705.25,7704.25,7704.5,1393
2026-09-17 13:36:00-04:00,7704.5,7704.5,7703.0,7703.75,834
2026-09-17 13:37:00-04:00,7703.75,7705.0,7703.0,7703.0,1289
2026-09-17 13:38:00-04:00,7703.25,7704.5,7703.25,7703.75,949
2026-09-17 13:39:00-04:00,7704.0,7704.5,7703.0,7703.75,1504
2026-09-17 13:40:00-04:00,7703.75,7705.5,7703.75,7704.5,1664
2026-09-17 13:41:00-04:00,7704.75,7706.5,7704.75,7705.75,1540
2026-09-17 13:42:00-04:00,7705.75,7706.25,7704.5,7705.25,1396
2026-09-17 13:43:00-04:00,7705.5,7705.5,7704.75,7705.25,746
2026-09-17 13:44:00-04:00,7705.0,7706.0,7705.0,7706.0,1113
2026-09-17 13:45:00-04:00,7705.75,7706.25,7705.25,7706.25,930
2026-09-17 13:46:00-04:00,7706.25,7707.5,7706.0,7707.25,1413
2026-09-17 13:47:00-04:00,7707.25,7708.0,7706.25,7706.5,1373
2026-09-17 13:48:00-04:00,7706.25,7706.5,7705.75,7706.5,1243
2026-09-17 13:49:00-04:00,7706.25,7706.5,7705.75,7706.0,1514
2026-09-17 13:50:00-04:00,7706.0,7706.0,7704.5,7704.5,1848
2026-09-17 13:51:00-04:00,7704.5,7705.75,7704.5,7705.75,1336
2026-09-17 13:52:00-04:00,7705.75,7705.75,7704.5,7704.5,846
2026-09-17 13:53:00-04:00,7704.5,7705.25,7704.25,7705.0,1810
2026-09-17 13:54:00-04:00,7705.25,7705.25,7704.75,7705.0,952
2026-09-17 13:55:00-04:00,7705.0,7706.0,7705.0,7705.75,1883
2026-09-17 13:56:00-04:00,7706.0,7706.25,7705.25,7706.0,759
2026-09-17 13:57:00-04:00,7706.0,7707.75,7706.0,7706.75,1897
2026-09-17 13:58:00-04:00,7707.0,7707.75,7706.75,7707.0,1090
2026-09-17 13:59:00-04:00,7707.0,7707.75,7706.25,7707.75,1320
2026-09-17 14:00:00-04:00,7707.75,7708.0,7706.75,7707.0,1493
2026-09-17 14:01:00-04:00,7707.0,7708.0,7706.5,7707.75,1327
2026-09-17 14:02:00-04:00,7707.75,7708.5,7707.25,7707.5,1153
2026-09-17 14:03:00-04:00,7707.5,7709.25,7707.0,7709.0,1137
2026-09-17 14:04:00-04:00,7709.25,7709.75,7708.5,7709.25,2210
2026-09-17 14:05:00-04:00,7709.0,7710.0,7708.5,7709.25,1767
2026-09-17 14:06:00-04:00,7709.5,7709.5,7707.25,7707.5,1646
2026-09-17 14:07:00-04:00,7707.75,7708.0,7706.5,7706.75,2028
2026-09-17 14:08:00-04:00,7706.5,7707.0,7705.75,7706.5,1396
2026-09-17 14:09:00-04:00,7706.5,7706.75,7705.75,7706.75,1545
2026-09-17 14:10:00-04:00,7706.5,7707.25,7705.75,7707.25,2178
2026-09-17 14:11:00-04:00,7707.5,7708.25,7706.5,7706.75,2229
2026-09-17 14:12:00-04:00,7706.5,7708.25,7706.5,7708.0,881
2026-09-17 14:13:00-04:00,7707.75,7708.5,7707.5,7708.25,1860
2026-09-17 14:14:00-04:00,7708.0,7709.25,7708.0,7708.75,1483
2026-09-17 14:15:00-04:00,7709.0,7710.75,7709.0,7710.75,1903
2026-09-17 14:16:00-04:00,7710.5,7711.25,7709.5,7709.5,2614
2026-09-17 14:17:00-04:00,7709.5,7710.0,7708.75,7708.75,1751
2026-09-17 14:18:00-04:00,7708.75,7709.25,7707.75,7708.5,1451
2026-09-17 14:19:00-04:00,7708.5,7710.25,7708.5,7710.25,1234
2026-09-17 14:20:00-04:00,7710.25,7710.75,7710.0,7710.25,1348
2026-09-17 14:21:00-04:00,7710.5,7710.5,7709.0,7709.0,1326
2026-09-17 14:22:00-04:00,7709.0,7709.0,7708.25,7708.5,1824
2026-09-17 14:23:00-04:00,7708.75,7708.75,7708.0,7708.5,818
2026-09-17 14:24:00-04:00,7708.75,7708.75,7707.0,7707.25,2880
2026-09-17 14:25:00-04:00,7707.25,7708.5,7706.75,7707.75,1953
2026-09-17 14:26:00-04:00,7708.0,7708.75,7707.75,7708.5,1276
2026-09-17 14:27:00-04:00,7708.75,7709.25,7708.5,7709.25,1701
2026-09-17 14:28:00-04:00,7709.25,7709.5,7708.25,7709.25,839
2026-09-17 14:29:00-04:00,7709.5,7709.75,7708.5,7708.5,2250
2026-09-17 14:30:00-04:00,7708.75,7710.25,7708.5,7709.25,2865
2026-09-17 14:31:00-04:00,7709.0,7709.75,7707.75,7707.75,1199
2026-09-17 14:32:00-04:00,7708.0,7709.25,7707.75,7708.0,1124
2026-09-17 14:33:00-04:00,7708.0,7708.5,7707.5,7707.75,1532
2026-09-17 14:34:00-04:00,7707.75,7707.75,7706.25,7706.5,1327
2026-09-17 14:35:00-04:00,7706.5,7706.75,7705.75,7706.0,1295
2026-09-17 14:36:00-04:00,7705.75,7706.25,7703.75,7704.0,2587
2026-09-17 14:37:00-04:00,7704.25,7705.0,7703.75,7704.75,1486
2026-09-17 14:38:00-04:00,7704.5,7704.5,7703.5,7703.5,1710
2026-09-17 14:39:00-04:00,7703.5,7704.25,7703.25,7703.5,1738
2026-09-17 14:40:00-04:00,7703.5,7704.5,7702.75,7704.5,1803
2026-09-17 14:41:00-04:00,7704.25,7705.25,7704.0,7704.75,1482
2026-09-17 14:42:00-04:00,7704.5,7704.75,7703.25,7704.25,1319
2026-09-17 14:43:00-04:00,7704.25,7704.75,7704.0,7704.5,1447
2026-09-17 14:44:00-04:00,7704.25,7705.25,7704.0,7704.75,1877
2026-09-17 14:45:00-04:00,7705.0,7706.0,7704.25,7705.5,2148
2026-09-17 14:46:00-04:00,7705.5,7705.75,7705.0,7705.5,1204
2026-09-17 14:47:00-04:00,7705.5,7706.0,7705.0,7705.75,1125
2026-09-17 14:48:00-04:00,7705.75,7707.25,7705.5,7707.25,1252
2026-09-17 14:49:00-04:00,7707.0,7708.0,7706.0,7706.25,1428
2026-09-17 14:50:00-04:00,7706.25,7706.5,7705.5,7706.0,1047
2026-09-17 14:51:00-04:00,7706.0,7706.5,7705.25,7705.5,1351
2026-09-17 14:52:00-04:00,7705.5,7706.0,7703.5,7703.75,1511
2026-09-17 14:53:00-04:00,7703.5,7704.25,7703.25,7704.0,1521
2026-09-17 14:54:00-04:00,7704.0,7704.5,7703.5,7704.25,1582
2026-09-17 14:55:00-04:00,7704.5,7704.75,7704.0,7704.25,1349
2026-09-17 14:56:00-04:00,7704.0,7704.5,7703.75,7704.25,1158
2026-09-17 14:57:00-04:00,7704.25,7705.75,7704.0,7705.5,2124
2026-09-17 14:58:00-04:00,7705.5,7705.75,7704.75,7705.25,1395
2026-09-17 14:59:00-04:00,7705.5,7706.0,7705.0,7705.75,928
2026-09-17 15:00:00-04:00,7705.75,7708.25,7705.5,7708.0,2694
2026-09-17 15:01:00-04:00,7708.0,7708.75,7707.5,7708.75,1672
2026-09-17 15:02:00-04:00,7708.5,7709.25,7707.75,7709.0,1511
2026-09-17 15:03:00-04:00,7709.25,7709.5,7708.75,7709.25,1977
2026-09-17 15:04:00-04:00,7709.25,7710.0,7709.0,7709.75,2435
2026-09-17 15:05:00-04:00,7709.75,7711.5,7709.75,7711.25,2666
2026-09-17 15:06:00-04:00,7711.25,7711.75,7710.75,7711.75,1958
2026-09-17 15:07:00-04:00,7711.5,7711.75,7709.5,7710.25,1865
2026-09-17 15:08:00-04:00,7710.5,7710.75,7709.75,7710.25,1223
2026-09-17 15:09:00-04:00,7710.0,7710.25,7708.5,7709.25,1839
2026-09-17 15:10:00-04:00,7709.25,7709.75,7708.75,7709.5,1501
2026-09-17 15:11:00-04:00,7709.25,7709.75,7708.5,7708.75,1126
2026-09-17 15:12:00-04:00,7708.75,7709.75,7708.0,7709.5,1467
2026-09-17 15:13:00-04:00,7709.5,7710.0,7708.75,7709.75,1520
2026-09-17 15:14:00-04:00,7710.0,7710.25,7708.5,7709.0,1546
2026-09-17 15:15:00-04:00,7709.0,7709.5,7708.5,7709.25,1017
2026-09-17 15:16:00-04:00,7709.25,7709.5,7708.0,7708.5,1716
2026-09-17 15:17:00-04:00,7708.25,7708.75,7708.25,7708.5,856
2026-09-17 15:18:00-04:00,7708.5,7710.5,7708.5,7710.0,1043
2026-09-17 15:19:00-04:00,7710.0,7710.25,7709.5,7710.25,1092
2026-09-17 15:20:00-04:00,7710.25,7710.25,7709.5,7709.75,1343
2026-09-17 15:21:00-04:00,7709.75,7710.0,7708.25,7708.75,1261
2026-09-17 15:22:00-04:00,7708.75,7708.75,7708.0,7708.25,1099
2026-09-17 15:23:00-04:00,7708.25,7708.75,7707.75,7708.0,1180
2026-09-17 15:24:00-04:00,7708.25,7708.25,7707.0,7707.25,1030
2026-09-17 15:25:00-04:00,7707.25,7708.75,7707.25,7708.75,1224
2026-09-17 15:26:00-04:00,7708.75,7709.0,7706.75,7706.75,1175
2026-09-17 15:27:00-04:00,7706.75,7707.25,7706.25,7706.75,1291
2026-09-17 15:28:00-04:00,7707.0,7707.5,7706.5,7707.25,1368
2026-09-17 15:29:00-04:00,7707.25,7707.5,7706.25,7706.75,1590
2026-09-17 15:30:00-04:00,7706.75,7709.25,7706.75,7709.25,1973
2026-09-17 15:31:00-04:00,7709.25,7710.25,7709.0,7709.75,2360
2026-09-17 15:32:00-04:00,7710.0,7710.0,7708.75,7709.0,1614
2026-09-17 15:33:00-04:00,7709.0,7709.25,7708.25,7709.0,1459
2026-09-17 15:34:00-04:00,7709.0,7709.25,7708.5,7709.0,1198
2026-09-17 15:35:00-04:00,7709.25,7710.25,7709.0,7709.75,1781
2026-09-17 15:36:00-04:00,7710.0,7711.0,7710.0,7710.0,1544
2026-09-17 15:37:00-04:00,7710.25,7711.25,7710.25,7710.75,1713
2026-09-17 15:38:00-04:00,7711.0,7711.5,7710.5,7710.75,2750
2026-09-17 15:39:00-04:00,7711.0,7711.0,7710.0,7710.5,1372
2026-09-17 15:40:00-04:00,7710.75,7710.75,7709.25,7709.5,3999
2026-09-17 15:41:00-04:00,7709.25,7710.0,7709.0,7709.25,2108
2026-09-17 15:42:00-04:00,7709.0,7709.5,7708.0,7709.0,1675
2026-09-17 15:43:00-04:00,7709.0,7711.0,7709.0,7710.75,2889
2026-09-17 15:44:00-04:00,7710.5,7712.0,7710.5,7711.75,2300
2026-09-17 15:45:00-04:00,7711.5,7711.75,7709.75,7710.25,3498
2026-09-17 15:46:00-04:00,7710.5,7710.75,7708.25,7708.5,2088
2026-09-17 15:47:00-04:00,7708.5,7709.5,7708.25,7709.25,2194
2026-09-17 15:48:00-04:00,7709.25,7709.75,7709.0,7709.25,1562
2026-09-17 15:49:00-04:00,7709.25,7710.0,7707.75,7708.25,2603
2026-09-17 15:50:00-04:00,7708.5,7711.75,7707.75,7711.25,7634
2026-09-17 15:51:00-04:00,7711.25,7713.75,7711.0,7713.5,4043
2026-09-17 15:52:00-04:00,7713.75,7713.75,7711.5,7712.75,3820
2026-09-17 15:53:00-04:00,7712.75,7715.5,7712.0,7714.5,4691
2026-09-17 15:54:00-04:00,7714.5,7715.5,7710.75,7711.25,7555
2026-09-17 15:55:00-04:00,7711.25,7712.5,7709.75,7710.75,6395
2026-09-17 15:56:00-04:00,7710.75,7712.25,7710.5,7712.0,3216
2026-09-17 15:57:00-04:00,7712.25,7712.75,7710.5,7710.75,4526
2026-09-17 15:58:00-04:00,7710.75,7711.25,7709.0,7709.25,8588
2026-09-17 15:59:00-04:00,7709.5,7710.0,7705.0,7707.25,55983
2026-09-17 16:00:00-04:00,7707.25,7708.0,7704.75,7705.25,11951
2026-09-17 16:01:00-04:00,7705.5,7706.25,7705.0,7706.0,2855
2026-09-17 16:02:00-04:00,7706.0,7706.5,7705.25,7706.25,1654
2026-09-17 16:03:00-04:00,7706.25,7706.25,7705.0,7705.5,1778
2026-09-17 16:04:00-04:00,7705.5,7706.0,7705.0,7705.0,1149
2026-09-17 16:05:00-04:00,7705.0,7707.75,7705.0,7707.5,2498
2026-09-17 16:06:00-04:00,7707.75,7707.75,7706.5,7707.5,1012
2026-09-17 16:07:00-04:00,7707.5,7708.25,7707.25,7708.0,560
2026-09-17 16:08:00-04:00,7708.0,7708.5,7707.75,7707.75,757
2026-09-17 16:09:00-04:00,7708.0,7708.25,7707.5,7708.0,754
2026-09-17 16:10:00-04:00,7707.75,7708.0,7706.75,7707.25,696
2026-09-17 16:11:00-04:00,7707.25,7707.75,7707.0,7707.25,708
2026-09-17 16:12:00-04:00,7707.25,7707.25,7705.5,7705.5,929
2026-09-17 16:13:00-04:00,7705.75,7706.0,7704.75,7704.75,938
2026-09-17 16:14:00-04:00,7705.0,7705.25,7704.0,7704.5,2186
2026-09-17 16:15:00-04:00,7704.25,7705.25,7704.0,7704.5,768
2026-09-17 16:16:00-04:00,7704.5,7704.75,7702.0,7702.25,1849
2026-09-17 16:17:00-04:00,7702.25,7703.25,7702.0,7703.0,489
2026-09-17 16:18:00-04:00,7703.0,7703.5,7703.0,7703.25,344
2026-09-17 16:19:00-04:00,7703.0,7703.5,7702.25,7702.25,310
2026-09-17 16:20:00-04:00,7702.0,7702.75,7702.0,7702.25,293
2026-09-17 16:21:00-04:00,7702.25,7703.0,7702.0,7702.25,366
2026-09-17 16:22:00-04:00,7702.5,7703.0,7702.25,7702.5,369
2026-09-17 16:23:00-04:00,7702.75,7702.75,7702.25,7702.25,196
2026-09-17 16:24:00-04:00,7702.25,7702.75,7702.0,7702.25,396
2026-09-17 16:25:00-04:00,7702.25,7702.5,7702.0,7702.5,211
2026-09-17 16:26:00-04:00,7702.75,7703.0,7702.5,7702.75,149
2026-09-17 16:27:00-04:00,7702.75,7702.75,7702.25,7702.5,242
2026-09-17 16:28:00-04:00,7702.5,7702.5,7701.75,7702.25,297
2026-09-17 16:29:00-04:00,7702.25,7702.5,7702.0,7702.0,210
2026-09-17 16:30:00-04:00,7701.75,7702.25,7701.5,7701.5,261
2026-09-17 16:31:00-04:00,7701.5,7702.0,7701.5,7701.75,225
2026-09-17 16:32:00-04:00,7702.0,7702.0,7701.5,7701.75,217
2026-09-17 16:33:00-04:00,7701.5,7702.25,7701.5,7702.25,139
2026-09-17 16:34:00-04:00,7702.25,7702.5,7701.5,7701.75,257
2026-09-17 16:35:00-04:00,7701.75,7702.75,7701.75,7702.5,263
2026-09-17 16:36:00-04:00,7702.5,7703.0,7702.5,7702.5,97
2026-09-17 16:37:00-04:00,7702.75,7702.75,7702.25,7702.75,233
2026-09-17 16:38:00-04:00,7702.5,7703.0,7702.5,7702.75,285
2026-09-17 16:39:00-04:00,7702.5,7703.0,7702.5,7702.5,161
2026-09-17 16:40:00-04:00,7702.5,7702.75,7702.5,7702.5,240
2026-09-17 16:41:00-04:00,7702.75,7703.0,7702.75,7703.0,280
2026-09-17 16:42:00-04:00,7702.75,7703.0,7702.0,7702.0,207
2026-09-17 16:43:00-04:00,7702.0,7702.0,7701.5,7701.75,379
2026-09-17 16:44:00-04:00,7701.5,7702.0,7701.5,7701.75,374
2026-09-17 16:45:00-04:00,7701.5,7701.75,7701.0,7701.25,504
2026-09-17 16:46:00-04:00,7701.25,7701.75,7701.25,7701.75,255
2026-09-17 16:47:00-04:00,7701.5,7701.75,7701.25,7701.25,229
2026-09-17 16:48:00-04:00,7701.5,7702.0,7701.25,7702.0,174
2026-09-17 16:49:00-04:00,7702.0,7702.0,7701.25,7701.5,399
2026-09-17 16:50:00-04:00,7701.5,7701.5,7701.0,7701.0,386
2026-09-17 16:51:00-04:00,7701.0,7702.25,7701.0,7702.25,204
2026-09-17 16:52:00-04:00,7702.25,7702.5,7702.0,7702.5,250
2026-09-17 16:53:00-04:00,7702.5,7702.75,7702.25,7702.5,203
2026-09-17 16:54:00-04:00,7702.5,7703.0,7702.5,7702.75,158
2026-09-17 16:55:00-04:00,7702.5,7703.25,7702.5,7703.25,166
2026-09-17 16:56:00-04:00,7703.0,7703.25,7702.75,7703.0,204
2026-09-17 16:57:00-04:00,7703.0,7704.0,7703.0,7703.0,449
2026-09-17 16:58:00-04:00,7702.75,7703.25,7702.75,7703.0,214
2026-09-17 16:59:00-04:00,7703.0,7703.0,7701.75,7702.25,338
2026-09-17 18:00:00-04:00,7703.5,7704.25,7702.5,7703.25,0
2026-09-17 18:01:00-04:00,7703.5,7704.0,7702.5,7703.5,286
2026-09-17 18:02:00-04:00,7703.0,7703.0,7701.25,7701.5,128
2026-09-17 18:03:00-04:00,7701.25,7701.5,7701.25,7701.5,72
2026-09-17 18:04:00-04:00,7701.75,7701.75,7701.0,7701.25,70
2026-09-17 18:05:00-04:00,7701.5,7702.0,7700.75,7701.5,122
2026-09-17 18:06:00-04:00,7701.5,7701.5,7700.75,7701.0,133
2026-09-17 18:07:00-04:00,7701.0,7701.0,7700.0,7700.5,202
2026-09-17 18:08:00-04:00,7700.25,7700.5,7699.5,7700.0,218
2026-09-17 18:09:00-04:00,7700.0,7700.25,7699.5,7700.0,54
2026-09-17 18:10:00-04:00,7700.25,7700.5,7700.25,7700.25,72
2026-09-17 18:11:00-04:00,7700.5,7700.75,7700.5,7700.75,66
2026-09-17 18:12:00-04:00,7700.75,7701.25,7700.75,7700.75,76
2026-09-17 18:13:00-04:00,7700.5,7701.0,7700.5,7700.75,40
2026-09-17 18:14:00-04:00,7701.0,7701.5,7701.0,7701.5,68
2026-09-17 18:15:00-04:00,7701.25,7701.5,7701.0,7701.0,36
2026-09-17 18:16:00-04:00,7701.25,7701.25,7700.75,7700.75,74
2026-09-17 18:17:00-04:00,7700.5,7700.5,7699.75,7700.0,83
2026-09-17 18:18:00-04:00,7700.25,7700.5,7700.25,7700.25,27
2026-09-17 18:19:00-04:00,7700.5,7700.5,7700.0,7700.5,36
2026-09-17 18:20:00-04:00,7700.75,7701.0,7699.5,7700.0,73
2026-09-17 18:21:00-04:00,7699.75,7700.0,7699.25,7700.0,68
2026-09-17 18:22:00-04:00,7700.0,7700.0,7699.25,7699.5,43
2026-09-17 18:23:00-04:00,7699.25,7699.5,7698.5,7699.25,195
2026-09-17 18:24:00-04:00,7699.0,7699.5,7699.0,7699.0,41
2026-09-17 18:25:00-04:00,7699.5,7700.0,7699.0,7699.0,105
2026-09-17 18:26:00-04:00,7699.5,7699.5,7698.5,7698.75,112
2026-09-17 18:27:00-04:00,7698.75,7699.0,7698.25,7698.75,72
2026-09-17 18:28:00-04:00,7698.75,7698.75,7698.0,7698.25,84
2026-09-17 18:29:00-04:00,7698.25,7698.25,7697.75,7698.0,127
2026-09-17 18:30:00-04:00,7697.75,7698.0,7697.5,7697.75,92
2026-09-17 18:31:00-04:00,7697.75,7698.25,7697.75,7698.25,80
2026-09-17 18:32:00-04:00,7698.25,7698.5,7698.0,7698.0,97
2026-09-17 18:33:00-04:00,7698.0,7698.0,7697.5,7697.5,77
2026-09-17 18:34:00-04:00,7697.5,7698.0,7697.5,7697.75,26
2026-09-17 18:35:00-04:00,7698.0,7698.0,7697.75,7698.0,61
2026-09-17 18:36:00-04:00,7698.0,7699.25,7698.0,7698.5,126
2026-09-17 18:37:00-04:00,7698.5,7699.0,7697.75,7698.75,321
2026-09-17 18:38:00-04:00,7698.75,7698.75,7698.0,7698.25,123
2026-09-17 18:39:00-04:00,7698.25,7698.5,7698.0,7698.25,94
2026-09-17 18:40:00-04:00,7698.25,7698.25,7697.25,7697.5,108
2026-09-17 18:41:00-04:00,7697.5,7697.75,7697.25,7697.75,126
2026-09-17 18:42:00-04:00,7697.5,7697.5,7697.0,7697.25,89
2026-09-17 18:43:00-04:00,7697.25,7697.5,7697.25,7697.5,89
2026-09-17 18:44:00-04:00,7697.5,7698.25,7697.0,7698.0,69
2026-09-17 18:45:00-04:00,7698.0,7698.25,7698.0,7698.0,44
2026-09-17 18:46:00-04:00,7698.25,7698.25,7697.25,7698.0,100
2026-09-17 18:47:00-04:00,7698.0,7698.25,7698.0,7698.0,33
2026-09-17 18:48:00-04:00,7698.0,7698.25,7698.0,7698.0,35
2026-09-17 18:49:00-04:00,7698.0,7698.0,7697.75,7698.0,24
2026-09-17 18:50:00-04:00,7698.0,7698.25,7697.75,7697.75,77
2026-09-17 18:51:00-04:00,7697.75,7697.75,7697.25,7697.75,55
2026-09-17 18:52:00-04:00,7697.75,7698.0,7697.75,7697.75,74
2026-09-17 18:53:00-04:00,7697.75,7697.75,7697.25,7697.75,28
2026-09-17 18:54:00-04:00,7697.5,7697.75,7697.0,7697.0,47
2026-09-17 18:55:00-04:00,7697.25,7698.0,7697.0,7698.0,76
2026-09-17 18:56:00-04:00,7698.0,7698.0,7697.75,7698.0,15
2026-09-17 18:57:00-04:00,7698.25,7698.5,7698.0,7698.25,56
2026-09-17 18:58:00-04:00,7698.25,7698.75,7698.25,7698.75,91
2026-09-17 18:59:00-04:00,7698.75,7699.25,7698.75,7699.0,49
2026-09-17 19:00:00-04:00,7699.25,7699.75,7699.25,7699.75,126
2026-09-17 19:01:00-04:00,7700.0,7700.25,7699.75,7700.0,93
2026-09-17 19:02:00-04:00,7700.0,7700.0,7699.75,7699.75,58
2026-09-17 19:03:00-04:00,7699.75,7700.25,7699.75,7700.25,77
2026-09-17 19:04:00-04:00,7700.25,7700.75,7700.25,7700.5,106
2026-09-17 19:05:00-04:00,7700.5,7701.5,7700.5,7701.5,184
2026-09-17 19:06:00-04:00,7701.5,7701.5,7701.0,7701.5,85
2026-09-17 19:07:00-04:00,7701.5,7701.5,7701.25,7701.25,18
2026-09-17 19:08:00-04:00,7701.5,7701.75,7701.5,7701.75,52
2026-09-17 19:09:00-04:00,7701.75,7701.75,7701.5,7701.75,61
2026-09-17 19:10:00-04:00,7701.75,7702.0,7701.75,7702.0,53
2026-09-17 19:11:00-04:00,7702.0,7702.0,7700.75,7700.75,67
2026-09-17 19:12:00-04:00,7700.75,7701.0,7700.0,7701.0,165
2026-09-17 19:13:00-04:00,7700.75,7701.0,7699.5,7700.0,111
2026-09-17 19:14:00-04:00,7699.75,7700.25,7699.75,7700.0,58
2026-09-17 19:15:00-04:00,7700.0,7700.25,7699.75,7699.75,36
2026-09-17 19:16:00-04:00,7700.0,7700.0,7699.0,7699.5,44
2026-09-17 19:17:00-04:00,7699.75,7700.0,7699.75,7700.0,35
2026-09-17 19:18:00-04:00,7699.75,7700.25,7699.75,7700.25,59
2026-09-17 19:19:00-04:00,7700.25,7700.25,7700.25,7700.25,12
2026-09-17 19:20:00-04:00,7700.0,7700.5,7700.0,7700.25,18
2026-09-17 19:21:00-04:00,7700.5,7700.75,7700.0,7700.25,47
2026-09-17 19:22:00-04:00,7700.0,7700.75,7700.0,7700.75,26
2026-09-17 19:23:00-04:00,7700.75,7701.5,7700.75,7701.0,71
2026-09-17 19:24:00-04:00,7701.0,7701.0,7700.75,7700.75,22
2026-09-17 19:25:00-04:00,7700.75,7701.0,7700.25,7700.25,22
2026-09-17 19:26:00-04:00,7700.5,7700.5,7699.75,7699.75,54
2026-09-17 19:27:00-04:00,7699.75,7700.25,7699.25,7700.25,79
2026-09-17 19:28:00-04:00,7700.25,7700.25,7700.0,7700.0,14
2026-09-17 19:29:00-04:00,7700.0,7700.25,7700.0,7700.0,9
2026-09-17 19:30:00-04:00,7700.0,7700.5,7699.5,7700.5,124
2026-09-17 19:31:00-04:00,7700.25,7700.5,7699.75,7699.75,67
2026-09-17 19:32:00-04:00,7700.0,7700.25,7700.0,7700.25,27
2026-09-17 19:33:00-04:00,7700.25,7701.0,7700.0,7701.0,73
2026-09-17 19:34:00-04:00,7701.0,7701.0,7700.5,7700.75,24
2026-09-17 19:35:00-04:00,7700.75,7700.75,7700.75,7700.75,11
2026-09-17 19:36:00-04:00,7700.75,7700.75,7700.5,7700.75,4
2026-09-17 19:37:00-04:00,7700.75,7701.5,7700.75,7701.25,40
2026-09-17 19:38:00-04:00,7701.0,7701.5,7700.5,7701.0,86
2026-09-17 19:39:00-04:00,7701.0,7701.25,7701.0,7701.0,18
2026-09-17 19:40:00-04:00,7701.0,7701.5,7701.0,7701.25,54
2026-09-17 19:41:00-04:00,7701.5,7702.0,7701.5,7701.75,71
2026-09-17 19:42:00-04:00,7701.5,7702.0,7701.5,7702.0,50
2026-09-17 19:43:00-04:00,7702.25,7702.25,7701.0,7701.0,51
2026-09-17 19:44:00-04:00,7701.25,7701.5,7701.25,7701.25,48
2026-09-17 19:45:00-04:00,7701.5,7701.75,7700.75,7701.5,88
2026-09-17 19:46:00-04:00,7701.25,7702.0,7701.0,7701.75,74
2026-09-17 19:47:00-04:00,7701.75,7702.5,7701.25,7701.25,75
2026-09-17 19:48:00-04:00,7701.5,7701.5,7701.0,7701.0,43
2026-09-17 19:49:00-04:00,7701.25,7701.5,7701.0,7701.5,64
2026-09-17 19:50:00-04:00,7701.5,7701.5,7700.5,7700.75,49
2026-09-17 19:51:00-04:00,7701.0,7701.75,7700.5,7701.0,236
2026-09-17 19:52:00-04:00,7701.0,7701.5,7700.75,7701.25,91
2026-09-17 19:53:00-04:00,7701.25,7701.25,7701.0,7701.25,27
2026-09-17 19:54:00-04:00,7701.25,7702.0,7701.25,7701.5,47
2026-09-17 19:55:00-04:00,7701.5,7701.75,7701.25,7701.25,46
2026-09-17 19:56:00-04:00,7701.5,7701.75,7701.5,7701.5,47
2026-09-17 19:57:00-04:00,7701.5,7701.5,7701.0,7701.5,51
2026-09-17 19:58:00-04:00,7701.25,7701.25,7701.0,7701.25,43
2026-09-17 19:59:00-04:00,7701.25,7701.5,7700.75,7700.75,76
2026-09-17 20:00:00-04:00,7700.75,7701.5,7698.5,7699.0,651
2026-09-17 20:01:00-04:00,7699.0,7701.25,7698.75,7701.25,455
2026-09-17 20:02:00-04:00,7701.25,7701.75,7700.0,7700.75,236
2026-09-17 20:03:00-04:00,7700.75,7701.0,7699.25,7700.0,251
2026-09-17 20:04:00-04:00,7700.0,7700.75,7699.75,7700.0,165
2026-09-17 20:05:00-04:00,7700.0,7700.5,7699.25,7700.0,195
2026-09-17 20:06:00-04:00,7700.25,7701.0,7700.25,7701.0,151
2026-09-17 20:07:00-04:00,7701.0,7701.0,7698.0,7699.0,251
2026-09-17 20:08:00-04:00,7698.75,7699.75,7698.75,7699.5,140
2026-09-17 20:09:00-04:00,7699.75,7700.25,7699.75,7700.0,87
2026-09-17 20:10:00-04:00,7700.25,7700.25,7698.75,7699.25,72
2026-09-17 20:11:00-04:00,7699.25,7699.75,7698.75,7699.25,93
2026-09-17 20:12:00-04:00,7699.25,7699.25,7698.0,7698.25,109
2026-09-17 20:13:00-04:00,7698.5,7699.5,7698.5,7699.5,104
2026-09-17 20:14:00-04:00,7699.5,7701.25,7699.5,7701.25,144
2026-09-17 20:15:00-04:00,7701.0,7701.5,7700.5,7700.75,258
2026-09-17 20:16:00-04:00,7700.75,7700.75,7699.75,7700.5,113
2026-09-17 20:17:00-04:00,7700.25,7701.0,7700.25,7700.5,83
2026-09-17 20:18:00-04:00,7700.5,7702.0,7700.5,7702.0,131
2026-09-17 20:19:00-04:00,7702.0,7702.0,7701.25,7701.5,111
2026-09-17 20:20:00-04:00,7701.5,7701.5,7701.0,7701.0,83
2026-09-17 20:21:00-04:00,7701.25,7701.25,7700.25,7700.75,131
2026-09-17 20:22:00-04:00,7700.75,7701.5,7700.75,7701.25,167
2026-09-17 20:23:00-04:00,7701.25,7702.0,7701.0,7701.75,147
2026-09-17 20:24:00-04:00,7701.75,7702.25,7701.25,7702.0,140
2026-09-17 20:25:00-04:00,7702.0,7702.5,7701.75,7702.5,113
2026-09-17 20:26:00-04:00,7702.5,7702.75,7701.75,7702.5,158
2026-09-17 20:27:00-04:00,7702.75,7702.75,7701.5,7701.75,141
2026-09-17 20:28:00-04:00,7701.75,7701.75,7700.25,7700.5,212
2026-09-17 20:29:00-04:00,7700.5,7701.25,7700.25,7701.0,115
2026-09-17 20:30:00-04:00,7701.0,7702.25,7701.0,7702.0,189
2026-09-17 20:31:00-04:00,7702.25,7702.25,7701.5,7701.75,147
2026-09-17 20:32:00-04:00,7702.0,7702.25,7701.5,7702.25,118
2026-09-17 20:33:00-04:00,7702.25,7702.25,7701.5,7701.5,105
2026-09-17 20:34:00-04:00,7701.75,7703.0,7701.5,7702.75,156
2026-09-17 20:35:00-04:00,7702.75,7702.75,7702.25,7702.25,55
2026-09-17 20:36:00-04:00,7702.5,7702.5,7701.5,7701.75,109
2026-09-17 20:37:00-04:00,7702.0,7702.25,7701.75,7701.75,55
2026-09-17 20:38:00-04:00,7702.0,7702.0,7700.75,7700.75,178
2026-09-17 20:39:00-04:00,7700.75,7701.0,7699.75,7699.75,137
2026-09-17 20:40:00-04:00,7699.75,7700.0,7698.75,7699.0,218
2026-09-17 20:41:00-04:00,7699.25,7699.75,7699.0,7699.25,208
2026-09-17 20:42:00-04:00,7699.5,7699.5,7698.75,7699.0,273
2026-09-17 20:43:00-04:00,7699.0,7700.25,7699.0,7700.25,132
2026-09-17 20:44:00-04:00,7700.5,7701.75,7700.5,7701.25,166
2026-09-17 20:45:00-04:00,7701.25,7701.5,7700.0,7700.25,194
2026-09-17 20:46:00-04:00,7700.25,7700.75,7699.75,7700.25,77
2026-09-17 20:47:00-04:00,7700.5,7700.75,7699.5,7699.5,114
2026-09-17 20:48:00-04:00,7699.75,7699.75,7699.0,7699.0,55
2026-09-17 20:49:00-04:00,7699.0,7699.25,7698.75,7699.0,64
2026-09-17 20:50:00-04:00,7699.0,7699.75,7698.25,7699.25,215
2026-09-17 20:51:00-04:00,7699.5,7699.5,7698.75,7699.0,84
2026-09-17 20:52:00-04:00,7699.0,7699.5,7699.0,7699.5,99
2026-09-17 20:53:00-04:00,7699.5,7699.75,7699.25,7699.25,73
2026-09-17 20:54:00-04:00,7699.5,7699.75,7699.25,7699.5,74
2026-09-17 20:55:00-04:00,7699.5,7699.5,7699.0,7699.25,76
2026-09-17 20:56:00-04:00,7699.5,7699.5,7699.0,7699.25,88
2026-09-17 20:57:00-04:00,7699.5,7699.5,7699.25,7699.5,62
2026-09-17 20:58:00-04:00,7699.5,7699.5,7699.0,7699.5,88
2026-09-17 20:59:00-04:00,7699.5,7699.5,7699.25,7699.5,125
2026-09-17 21:00:00-04:00,7699.5,7701.25,7699.5,7699.5,313
2026-09-17 21:01:00-04:00,7699.5,7700.0,7698.25,7698.75,232
2026-09-17 21:02:00-04:00,7698.75,7699.25,7698.5,7698.75,162
2026-09-17 21:03:00-04:00,7698.75,7698.75,7698.25,7698.75,82
2026-09-17 21:04:00-04:00,7698.75,7699.0,7698.0,7698.5,118
2026-09-17 21:05:00-04:00,7698.25,7699.5,7698.25,7698.75,133
2026-09-17 21:06:00-04:00,7698.75,7699.5,7698.25,7699.25,103
2026-09-17 21:07:00-04:00,7699.0,7699.5,7699.0,7699.5,48
2026-09-17 21:08:00-04:00,7699.75,7699.75,7698.25,7698.75,136
2026-09-17 21:09:00-04:00,7698.75,7699.0,7698.5,7698.5,78
2026-09-17 21:10:00-04:00,7698.5,7698.5,7698.0,7698.5,127
2026-09-17 21:11:00-04:00,7698.75,7699.0,7698.25,7699.0,63
2026-09-17 21:12:00-04:00,7698.75,7698.75,7698.25,7698.5,48
2026-09-17 21:13:00-04:00,7698.5,7698.5,7697.5,7697.75,193
2026-09-17 21:14:00-04:00,7698.0,7698.5,7697.75,7698.0,66
2026-09-17 21:15:00-04:00,7697.75,7697.75,7697.25,7697.5,95
2026-09-17 21:16:00-04:00,7697.5,7697.75,7696.0,7696.75,288
2026-09-17 21:17:00-04:00,7697.0,7697.25,7697.0,7697.25,111
2026-09-17 21:18:00-04:00,7697.25,7697.5,7697.0,7697.0,98
2026-09-17 21:19:00-04:00,7697.0,7697.75,7696.75,7697.5,161
2026-09-17 21:20:00-04:00,7697.5,7698.0,7696.75,7697.75,121
2026-09-17 21:21:00-04:00,7697.5,7698.5,7697.5,7698.0,123
2026-09-17 21:22:00-04:00,7698.0,7698.0,7697.0,7697.25,64
2026-09-17 21:23:00-04:00,7697.5,7697.5,7696.75,7696.75,42
2026-09-17 21:24:00-04:00,7696.75,7697.75,7696.75,7697.25,83
2026-09-17 21:25:00-04:00,7697.5,7697.5,7696.75,7697.0,64
2026-09-17 21:26:00-04:00,7697.0,7697.25,7697.0,7697.0,67
2026-09-17 21:27:00-04:00,7697.0,7697.25,7696.75,7697.0,82
2026-09-17 21:28:00-04:00,7697.0,7697.5,7697.0,7697.5,53
2026-09-17 21:29:00-04:00,7697.25,7697.5,7697.0,7697.25,45
2026-09-17 21:30:00-04:00,7697.5,7697.75,7697.25,7697.75,100
2026-09-17 21:31:00-04:00,7697.5,7697.5,7696.5,7696.5,81
2026-09-17 21:32:00-04:00,7696.5,7697.0,7696.25,7696.75,131
2026-09-17 21:33:00-04:00,7696.75,7696.75,7696.5,7696.5,54
2026-09-17 21:34:00-04:00,7696.5,7697.5,7696.5,7697.25,58
2026-09-17 21:35:00-04:00,7697.0,7697.25,7696.5,7697.25,61
2026-09-17 21:36:00-04:00,7697.25,7698.0,7697.25,7697.75,107
2026-09-17 21:37:00-04:00,7697.75,7698.0,7697.5,7697.5,81
2026-09-17 21:38:00-04:00,7697.75,7697.75,7697.5,7697.5,106
2026-09-17 21:39:00-04:00,7697.5,7698.25,7697.5,7697.5,218
2026-09-17 21:40:00-04:00,7697.5,7698.25,7697.5,7698.25,70
2026-09-17 21:41:00-04:00,7698.25,7699.25,7698.25,7699.25,114
2026-09-17 21:42:00-04:00,7699.25,7699.75,7698.75,7699.0,146
2026-09-17 21:43:00-04:00,7699.0,7699.25,7698.5,7699.0,133
2026-09-17 21:44:00-04:00,7699.0,7699.0,7697.5,7697.5,139
2026-09-17 21:45:00-04:00,7697.75,7699.0,7697.75,7699.0,133
2026-09-17 21:46:00-04:00,7698.75,7699.0,7698.5,7699.0,55
2026-09-17 21:47:00-04:00,7699.0,7699.5,7699.0,7699.5,125
2026-09-17 21:48:00-04:00,7699.5,7700.5,7699.5,7700.25,179
2026-09-17 21:49:00-04:00,7700.25,7700.75,7700.0,7700.0,86
2026-09-17 21:50:00-04:00,7700.25,7700.25,7698.75,7698.75,125
2026-09-17 21:51:00-04:00,7698.75,7699.25,7698.5,7699.25,92
2026-09-17 21:52:00-04:00,7699.5,7700.25,7699.0,7700.25,76
2026-09-17 21:53:00-04:00,7700.0,7700.5,7699.75,7700.25,132
2026-09-17 21:54:00-04:00,7700.25,7700.25,7700.0,7700.0,72
2026-09-17 21:55:00-04:00,7700.0,7700.0,7699.25,7699.5,100
2026-09-17 21:56:00-04:00,7699.75,7700.25,7699.75,7700.0,65
2026-09-17 21:57:00-04:00,7700.25,7701.0,7700.25,7700.75,129
2026-09-17 21:58:00-04:00,7700.75,7701.0,7700.5,7701.0,48
2026-09-17 21:59:00-04:00,7701.0,7701.25,7700.75,7701.0,98
2026-09-17 22:00:00-04:00,7701.0,7701.5,7700.75,7701.0,166
2026-09-17 22:01:00-04:00,7701.0,7701.75,7700.75,7701.75,155
2026-09-17 22:02:00-04:00,7701.75,7701.75,7701.25,7701.5,87
2026-09-17 22:03:00-04:00,7701.5,7701.75,7701.0,7701.0,64
2026-09-17 22:04:00-04:00,7701.0,7701.25,7700.75,7700.75,78
2026-09-17 22:05:00-04:00,7700.75,7701.5,7700.75,7701.25,62
2026-09-17 22:06:00-04:00,7701.25,7701.25,7700.5,7700.5,80
2026-09-17 22:07:00-04:00,7700.5,7700.75,7700.25,7700.5,64
2026-09-17 22:08:00-04:00,7700.25,7700.5,7700.25,7700.25,68
2026-09-17 22:09:00-04:00,7700.25,7700.25,7700.0,7700.25,37
2026-09-17 22:10:00-04:00,7700.25,7700.25,7699.0,7699.5,185
2026-09-17 22:11:00-04:00,7699.5,7700.25,7699.5,7699.5,36
2026-09-17 22:12:00-04:00,7699.75,7700.0,7699.5,7700.0,60
2026-09-17 22:13:00-04:00,7699.75,7700.25,7699.75,7700.25,58
2026-09-17 22:14:00-04:00,7700.5,7700.75,7700.25,7700.75,65
2026-09-17 22:15:00-04:00,7700.75,7700.75,7700.25,7700.5,33
2026-09-17 22:16:00-04:00,7700.5,7701.0,7700.25,7701.0,112
2026-09-17 22:17:00-04:00,7701.0,7701.0,7700.5,7700.5,42
2026-09-17 22:18:00-04:00,7700.5,7701.5,7700.5,7701.25,52
2026-09-17 22:19:00-04:00,7701.25,7701.5,7701.25,7701.5,53
2026-09-17 22:20:00-04:00,7701.75,7702.0,7701.75,7702.0,89
2026-09-17 22:21:00-04:00,7702.0,7702.25,7701.5,7701.75,93
2026-09-17 22:22:00-04:00,7701.75,7701.75,7701.25,7701.25,26
2026-09-17 22:23:00-04:00,7701.5,7702.5,7701.5,7702.5,80
2026-09-17 22:24:00-04:00,7702.5,7703.0,7702.25,7702.75,81
2026-09-17 22:25:00-04:00,7702.75,7703.0,7702.5,7702.75,55
2026-09-17 22:26:00-04:00,7702.5,7702.75,7702.5,7702.5,87
2026-09-17 22:27:00-04:00,7702.5,7702.75,7701.75,7702.75,99
2026-09-17 22:28:00-04:00,7702.75,7702.75,7702.5,7702.75,21
2026-09-17 22:29:00-04:00,7702.75,7703.25,7702.75,7703.0,92
2026-09-17 22:30:00-04:00,7703.0,7703.25,7702.5,7703.25,102
2026-09-17 22:31:00-04:00,7703.0,7703.5,7702.5,7702.75,120
2026-09-17 22:32:00-04:00,7702.75,7703.0,7702.5,7703.0,51
2026-09-17 22:33:00-04:00,7703.25,7703.5,7703.0,7703.5,71
2026-09-17 22:34:00-04:00,7703.75,7704.0,7703.75,7703.75,85
2026-09-17 22:35:00-04:00,7704.0,7704.0,7703.25,7703.25,101
2026-09-17 22:36:00-04:00,7703.5,7703.75,7703.5,7703.75,47
2026-09-17 22:37:00-04:00,7703.5,7703.5,7702.75,7703.0,99
2026-09-17 22:38:00-04:00,7702.75,7702.75,7702.25,7702.75,48
2026-09-17 22:39:00-04:00,7702.75,7703.25,7702.75,7703.0,49
2026-09-17 22:40:00-04:00,7703.0,7703.25,7702.75,7703.0,27
2026-09-17 22:41:00-04:00,7703.25,7703.25,7703.25,7703.25,32
2026-09-17 22:42:00-04:00,7703.25,7704.25,7703.25,7704.0,51
2026-09-17 22:43:00-04:00,7704.25,7704.25,7703.5,7703.5,34
2026-09-17 22:44:00-04:00,7703.5,7703.75,7703.0,7703.0,91
2026-09-17 22:45:00-04:00,7703.0,7704.0,7703.0,7703.5,111
2026-09-17 22:46:00-04:00,7703.25,7703.5,7703.25,7703.5,63
2026-09-17 22:47:00-04:00,7703.75,7703.75,7703.25,7703.75,83
2026-09-17 22:48:00-04:00,7703.75,7703.75,7703.5,7703.5,29
2026-09-17 22:49:00-04:00,7703.5,7704.0,7703.5,7703.75,73
2026-09-17 22:50:00-04:00,7704.0,7704.25,7703.75,7704.0,143
2026-09-17 22:51:00-04:00,7704.0,7704.25,7703.75,7704.0,72
2026-09-17 22:52:00-04:00,7704.0,7704.25,7703.5,7703.5,85
2026-09-17 22:53:00-04:00,7703.5,7703.75,7703.5,7703.5,100
2026-09-17 22:54:00-04:00,7703.5,7705.0,7702.75,7703.75,470
2026-09-17 22:55:00-04:00,7703.5,7704.25,7703.0,7704.25,234
2026-09-17 22:56:00-04:00,7704.25,7704.5,7703.0,7703.5,113
2026-09-17 22:57:00-04:00,7703.75,7703.75,7703.0,7703.25,102
2026-09-17 22:58:00-04:00,7703.25,7703.75,7703.0,7703.5,67
2026-09-17 22:59:00-04:00,7703.5,7704.0,7703.5,7703.75,48
2026-09-17 23:00:00-04:00,7703.75,7704.0,7703.5,7703.75,194
2026-09-17 23:01:00-04:00,7704.0,7704.0,7703.5,7703.75,79
2026-09-17 23:02:00-04:00,7703.75,7704.25,7703.75,7704.0,113
2026-09-17 23:03:00-04:00,7704.0,7704.75,7704.0,7704.5,55
2026-09-17 23:04:00-04:00,7704.75,7705.75,7704.25,7705.75,221
2026-09-17 23:05:00-04:00,7705.75,7706.25,7705.75,7706.0,176
2026-09-17 23:06:00-04:00,7706.0,7706.25,7706.0,7706.25,125
2026-09-17 23:07:00-04:00,7706.0,7707.0,7706.0,7707.0,213
2026-09-17 23:08:00-04:00,7707.0,7708.0,7707.0,7707.75,374
2026-09-17 23:09:00-04:00,7707.5,7708.0,7707.25,7707.5,130
2026-09-17 23:10:00-04:00,7707.5,7708.25,7707.5,7708.25,90
2026-09-17 23:11:00-04:00,7708.25,7708.5,7708.0,7708.25,262
2026-09-17 23:12:00-04:00,7708.25,7709.25,7708.25,7709.25,225
2026-09-17 23:13:00-04:00,7709.0,7709.5,7708.75,7708.75,316
2026-09-17 23:14:00-04:00,7708.75,7709.25,7708.75,7709.25,148
2026-09-17 23:15:00-04:00,7709.0,7709.0,7708.0,7708.5,137
2026-09-17 23:16:00-04:00,7708.5,7708.75,7708.25,7708.5,61
2026-09-17 23:17:00-04:00,7708.5,7708.75,7707.5,7707.75,152
2026-09-17 23:18:00-04:00,7708.0,7708.0,7707.0,7707.5,187
2026-09-17 23:19:00-04:00,7707.5,7708.0,7707.5,7708.0,62
2026-09-17 23:20:00-04:00,7708.0,7709.25,7708.0,7709.25,118
2026-09-17 23:21:00-04:00,7709.25,7709.5,7709.0,7709.25,51
2026-09-17 23:22:00-04:00,7709.25,7709.25,7709.0,7709.25,58
2026-09-17 23:23:00-04:00,7709.25,7709.5,7708.75,7708.75,179
2026-09-17 23:24:00-04:00,7709.0,7709.25,7708.5,7708.5,87
2026-09-17 23:25:00-04:00,7708.75,7709.0,7708.75,7709.0,92
2026-09-17 23:26:00-04:00,7708.75,7709.75,7708.75,7709.5,98
2026-09-17 23:27:00-04:00,7709.5,7709.5,7709.25,7709.5,27
2026-09-17 23:28:00-04:00,7709.5,7709.75,7709.25,7709.75,61
2026-09-17 23:29:00-04:00,7709.75,7709.75,7709.0,7709.0,59
2026-09-17 23:30:00-04:00,7709.0,7709.25,7708.5,7709.0,180
2026-09-17 23:31:00-04:00,7709.0,7709.0,7708.5,7708.75,133
2026-09-17 23:32:00-04:00,7708.5,7709.0,7708.5,7709.0,73
2026-09-17 23:33:00-04:00,7709.0,7710.0,7709.0,7709.75,128
2026-09-17 23:34:00-04:00,7710.0,7710.5,7709.5,7709.75,278
2026-09-17 23:35:00-04:00,7710.0,7710.75,7710.0,7710.5,97
2026-09-17 23:36:00-04:00,7710.5,7711.0,7710.25,7710.5,128
2026-09-17 23:37:00-04:00,7710.75,7710.75,7710.25,7710.75,72
2026-09-17 23:38:00-04:00,7710.5,7710.75,7710.5,7710.5,41
2026-09-17 23:39:00-04:00,7710.5,7710.75,7710.0,7710.75,109
2026-09-17 23:40:00-04:00,7710.75,7711.25,7710.75,7711.25,98
2026-09-17 23:41:00-04:00,7711.25,7711.5,7711.25,7711.25,90
2026-09-17 23:42:00-04:00,7711.5,7711.5,7711.25,7711.5,69
2026-09-17 23:43:00-04:00,7711.75,7711.75,7711.5,7711.75,20
2026-09-17 23:44:00-04:00,7711.75,7712.0,7711.25,7711.5,126
2026-09-17 23:45:00-04:00,7711.75,7713.75,7711.75,7713.0,309
2026-09-17 23:46:00-04:00,7713.25,7713.75,7713.25,7713.25,132
2026-09-17 23:47:00-04:00,7713.25,7714.25,7713.25,7714.0,187
2026-09-17 23:48:00-04:00,7714.0,7714.0,7713.25,7714.0,205
2026-09-17 23:49:00-04:00,7714.25,7714.25,7713.75,7713.75,123
2026-09-17 23:50:00-04:00,7713.75,7714.0,7713.5,7714.0,78
2026-09-17 23:51:00-04:00,7714.25,7714.25,7713.5,7713.5,69
2026-09-17 23:52:00-04:00,7713.5,7713.5,7713.0,7713.25,147
2026-09-17 23:53:00-04:00,7713.25,7713.5,7712.75,7713.0,59
2026-09-17 23:54:00-04:00,7713.0,7713.5,7712.75,7713.25,42
2026-09-17 23:55:00-04:00,7713.25,7713.25,7712.75,7713.25,80
2026-09-17 23:56:00-04:00,7713.25,7713.5,7713.25,7713.25,58
2026-09-17 23:57:00-04:00,7713.5,7713.5,7713.0,7713.0,62
2026-09-17 23:58:00-04:00,7712.75,7713.5,7712.5,7713.25,87
2026-09-18 00:09:00-04:00,7714.75,7715.0,7714.75,7715.0,60
2026-09-18 00:10:00-04:00,7715.0,7715.5,7715.0,7715.25,102
2026-09-18 00:11:00-04:00,7715.25,7715.5,7715.0,7715.25,70
2026-09-18 00:12:00-04:00,7715.25,7715.75,7715.25,7715.5,82
2026-09-18 00:13:00-04:00,7715.5,7715.5,7715.25,7715.25,13
2026-09-18 00:14:00-04:00,7715.25,7715.25,7714.5,7714.75,99
2026-09-18 00:15:00-04:00,7714.75,7715.5,7714.75,7715.0,152
2026-09-18 00:16:00-04:00,7714.75,7715.0,7714.5,7715.0,58
2026-09-18 00:17:00-04:00,7715.0,7715.0,7714.75,7714.75,61
2026-09-18 00:18:00-04:00,7715.0,7715.0,7713.75,7714.0,100
2026-09-18 00:19:00-04:00,7714.25,7715.0,7714.25,7714.75,56
2026-09-18 00:20:00-04:00,7714.5,7714.75,7713.75,7713.75,81
2026-09-18 00:21:00-04:00,7713.75,7714.25,7713.75,7714.0,82
2026-09-18 00:22:00-04:00,7714.0,7714.25,7714.0,7714.0,85
2026-09-18 00:23:00-04:00,7714.0,7714.25,7714.0,7714.25,80
2026-09-18 00:24:00-04:00,7714.25,7714.25,7713.75,7714.0,71
2026-09-18 00:25:00-04:00,7713.75,7713.75,7712.75,7713.5,203
2026-09-18 00:26:00-04:00,7713.5,7714.0,7713.5,7714.0,53
2026-09-18 00:27:00-04:00,7714.0,7715.0,7713.75,7715.0,95
2026-09-18 00:28:00-04:00,7714.75,7715.0,7714.5,7714.75,41
2026-09-18 00:29:00-04:00,7714.75,7715.0,7714.75,7715.0,42
2026-09-18 00:30:00-04:00,7715.25,7716.0,7715.25,7715.75,179
2026-09-18 00:31:00-04:00,7715.75,7716.5,7715.75,7716.5,82
2026-09-18 00:32:00-04:00,7716.5,7716.75,7716.5,7716.5,91
2026-09-18 00:33:00-04:00,7716.5,7717.0,7716.5,7716.75,56
2026-09-18 00:34:00-04:00,7716.75,7716.75,7715.75,7716.0,95
2026-09-18 00:35:00-04:00,7716.0,7716.25,7716.0,7716.0,53
2026-09-18 00:36:00-04:00,7716.0,7716.0,7715.5,7715.5,46
2026-09-18 00:37:00-04:00,7715.75,7716.0,7715.25,7715.75,102
2026-09-18 00:38:00-04:00,7715.75,7715.75,7715.5,7715.75,64
2026-09-18 00:39:00-04:00,7716.0,7716.0,7715.75,7716.0,52
2026-09-18 00:40:00-04:00,7716.0,7716.25,7715.5,7716.0,49
2026-09-18 00:41:00-04:00,7716.25,7716.5,7716.0,7716.5,58
2026-09-18 00:42:00-04:00,7716.5,7717.75,7716.5,7717.5,172
2026-09-18 00:43:00-04:00,7717.75,7719.25,7717.25,7719.0,344
2026-09-18 00:44:00-04:00,7718.75,7719.25,7718.5,7718.75,116
2026-09-18 00:45:00-04:00,7719.0,7719.5,7718.5,7719.25,123
2026-09-18 00:46:00-04:00,7719.0,7719.25,7718.5,7719.25,100
2026-09-18 00:47:00-04:00,7719.25,7719.25,7718.75,7718.75,98
2026-09-18 00:48:00-04:00,7718.75,7719.25,7718.75,7719.0,56
2026-09-18 00:49:00-04:00,7719.25,7719.5,7719.25,7719.25,64
2026-09-18 00:50:00-04:00,7719.5,7720.25,7719.5,7719.75,258
2026-09-18 00:51:00-04:00,7719.5,7720.25,7719.5,7720.25,108
2026-09-18 00:52:00-04:00,7720.0,7721.0,7720.0,7721.0,223
2026-09-18 00:53:00-04:00,7721.0,7721.0,7720.75,7721.0,130
2026-09-18 00:54:00-04:00,7721.25,7721.25,7720.0,7720.25,147
2026-09-18 00:55:00-04:00,7720.25,7721.0,7720.0,7720.75,336
2026-09-18 00:56:00-04:00,7720.75,7721.75,7720.75,7721.75,113
2026-09-18 00:57:00-04:00,7721.5,7721.75,7721.5,7721.5,110
2026-09-18 00:58:00-04:00,7721.5,7721.5,7721.25,7721.25,50
2026-09-18 00:59:00-04:00,7721.25,7721.75,7721.25,7721.75,41
2026-09-18 01:00:00-04:00,7721.5,7721.5,7721.25,7721.5,137
2026-09-18 01:01:00-04:00,7721.5,7721.75,7721.5,7721.5,61
2026-09-18 01:02:00-04:00,7721.75,7722.0,7721.5,7721.75,47
2026-09-18 01:03:00-04:00,7721.5,7722.0,7721.5,7721.75,112
2026-09-18 01:04:00-04:00,7722.0,7722.5,7721.75,7722.5,118
2026-09-18 01:05:00-04:00,7722.25,7722.5,7721.75,7722.0,105
2026-09-18 01:06:00-04:00,7722.0,7722.0,7721.75,7721.75,62
2026-09-18 01:07:00-04:00,7722.0,7722.5,7722.0,7722.5,92
2026-09-18 01:08:00-04:00,7722.5,7722.5,7721.75,7722.0,99
2026-09-18 01:09:00-04:00,7722.0,7722.25,7722.0,7722.0,75
2026-09-18 01:10:00-04:00,7722.25,7722.5,7722.0,7722.5,78
2026-09-18 01:11:00-04:00,7722.5,7723.0,7722.5,7723.0,135
2026-09-18 01:12:00-04:00,7723.0,7723.0,7722.25,7722.75,113
2026-09-18 01:13:00-04:00,7722.75,7723.0,7722.25,7722.25,78
2026-09-18 01:14:00-04:00,7722.5,7723.0,7722.5,7722.75,85
2026-09-18 01:15:00-04:00,7723.0,7723.5,7723.0,7723.25,142
2026-09-18 01:16:00-04:00,7723.25,7723.5,7723.25,7723.25,92
2026-09-18 01:17:00-04:00,7723.25,7723.5,7722.75,7722.75,77
2026-09-18 01:18:00-04:00,7723.0,7723.0,7722.5,7723.0,98
2026-09-18 01:19:00-04:00,7723.0,7723.0,7722.75,7722.75,54
2026-09-18 01:20:00-04:00,7723.0,7723.0,7722.75,7722.75,69
2026-09-18 01:21:00-04:00,7722.75,7723.0,7722.25,7722.75,163
2026-09-18 01:22:00-04:00,7723.0,7723.0,7722.5,7722.75,59
2026-09-18 01:23:00-04:00,7722.75,7723.25,7722.75,7723.25,97
2026-09-18 01:24:00-04:00,7723.25,7723.5,7723.0,7723.5,117
2026-09-18 01:25:00-04:00,7723.75,7724.5,7723.5,7724.25,242
2026-09-18 01:26:00-04:00,7724.25,7724.25,7723.25,7723.5,146
2026-09-18 01:27:00-04:00,7723.5,7723.5,7722.25,7722.5,197
2026-09-18 01:28:00-04:00,7722.25,7722.75,7722.25,7722.5,74
2026-09-18 01:29:00-04:00,7722.75,7724.0,7722.75,7723.25,142
2026-09-18 01:30:00-04:00,7723.5,7725.0,7723.0,7725.0,307
2026-09-18 01:31:00-04:00,7725.0,7725.25,7724.25,7724.75,195
2026-09-18 01:32:00-04:00,7724.75,7725.5,7724.75,7725.0,112
2026-09-18 01:33:00-04:00,7725.25,7725.5,7725.25,7725.25,166
2026-09-18 01:34:00-04:00,7725.25,7725.25,7725.0,7725.0,89
2026-09-18 01:35:00-04:00,7725.0,7725.5,7725.0,7725.25,99
2026-09-18 01:36:00-04:00,7725.25,7726.0,7725.0,7726.0,178
2026-09-18 01:37:00-04:00,7725.75,7726.0,7725.25,7725.75,177
2026-09-18 01:38:00-04:00,7726.0,7727.0,7725.75,7726.75,394
2026-09-18 01:39:00-04:00,7726.75,7728.0,7726.75,7727.75,314
2026-09-18 01:40:00-04:00,7727.75,7728.25,7727.5,7728.0,286
2026-09-18 01:41:00-04:00,7728.25,7728.5,7727.75,7727.75,232
2026-09-18 01:42:00-04:00,7728.0,7728.0,7727.25,7728.0,185
2026-09-18 01:43:00-04:00,7728.25,7728.75,7728.25,7728.5,264
2026-09-18 01:44:00-04:00,7728.5,7730.0,7728.25,7730.0,338
2026-09-18 01:45:00-04:00,7729.75,7730.25,7729.25,7729.25,287
2026-09-18 01:46:00-04:00,7729.25,7729.25,7727.75,7727.75,202
2026-09-18 01:47:00-04:00,7728.0,7728.5,7727.0,7727.5,257
2026-09-18 01:48:00-04:00,7727.5,7728.5,7727.0,7728.5,241
2026-09-18 01:49:00-04:00,7728.0,7728.5,7727.0,7727.0,317
2026-09-18 01:50:00-04:00,7727.0,7728.5,7727.0,7728.5,209
2026-09-18 01:51:00-04:00,7728.5,7728.5,7727.5,7727.5,117
2026-09-18 01:52:00-04:00,7727.75,7728.0,7726.5,7726.5,115
2026-09-18 01:53:00-04:00,7726.75,7727.25,7726.5,7727.0,95
2026-09-18 01:54:00-04:00,7727.0,7727.25,7726.25,7726.5,159
2026-09-18 01:55:00-04:00,7726.25,7726.5,7726.0,7726.25,152
2026-09-18 01:56:00-04:00,7726.25,7726.5,7725.75,7726.0,137
2026-09-18 01:57:00-04:00,7726.0,7726.5,7725.75,7726.0,149
2026-09-18 01:58:00-04:00,7726.25,7726.25,7726.0,7726.25,117
2026-09-18 01:59:00-04:00,7726.25,7727.0,7726.0,7726.75,213
2026-09-18 02:00:00-04:00,7726.75,7728.0,7726.75,7727.75,286
2026-09-18 02:01:00-04:00,7727.75,7728.75,7727.5,7728.75,451
2026-09-18 02:02:00-04:00,7728.75,7729.0,7727.5,7729.0,491
2026-09-18 02:03:00-04:00,7729.25,7729.25,7728.0,7728.25,299
2026-09-18 02:04:00-04:00,7728.25,7728.25,7727.0,7728.0,216
2026-09-18 02:05:00-04:00,7728.0,7728.0,7726.75,7727.5,212
2026-09-18 02:06:00-04:00,7727.5,7728.25,7727.0,7727.25,196
2026-09-18 02:07:00-04:00,7727.5,7727.5,7727.0,7727.25,104
2026-09-18 02:08:00-04:00,7727.5,7727.75,7727.25,7727.5,140
2026-09-18 02:09:00-04:00,7727.25,7727.5,7727.0,7727.25,144
2026-09-18 02:10:00-04:00,7727.5,7727.75,7727.25,7727.25,174
2026-09-18 02:11:00-04:00,7727.5,7727.75,7727.5,7727.75,148
2026-09-18 02:12:00-04:00,7727.75,7728.25,7727.5,7727.5,179
2026-09-18 02:13:00-04:00,7727.75,7727.75,7727.5,7727.75,70
2026-09-18 02:14:00-04:00,7727.75,7728.25,7727.75,7728.0,128
2026-09-18 02:15:00-04:00,7728.0,7729.0,7727.5,7727.75,300
2026-09-18 02:16:00-04:00,7727.75,7728.0,7727.5,7727.75,169
2026-09-18 02:17:00-04:00,7727.5,7727.5,7726.75,7727.25,168
2026-09-18 02:18:00-04:00,7727.0,7727.0,7725.75,7726.25,200
2026-09-18 02:19:00-04:00,7726.5,7727.25,7726.5,7726.5,143
2026-09-18 02:20:00-04:00,7726.5,7727.0,7726.25,7726.5,73
2026-09-18 02:21:00-04:00,7726.5,7728.25,7726.5,7728.0,160
2026-09-18 02:22:00-04:00,7728.0,7729.75,7728.0,7729.25,232
2026-09-18 02:23:00-04:00,7729.0,7730.25,7729.0,7729.5,351
2026-09-18 02:24:00-04:00,7729.75,7730.0,7729.25,7729.5,106
2026-09-18 02:25:00-04:00,7729.5,7730.75,7729.5,7730.25,407
2026-09-18 02:26:00-04:00,7730.0,7730.0,7729.25,7729.25,319
2026-09-18 02:27:00-04:00,7729.5,7730.0,7729.25,7729.75,208
2026-09-18 02:28:00-04:00,7729.75,7730.0,7729.5,7729.75,159
2026-09-18 02:29:00-04:00,7729.75,7729.75,7728.25,7728.75,379
2026-09-18 02:30:00-04:00,7728.75,7730.25,7728.75,7730.25,320
2026-09-18 02:31:00-04:00,7730.25,7731.5,7730.0,7731.5,265
2026-09-18 02:32:00-04:00,7731.5,7732.75,7731.5,7732.75,450
2026-09-18 02:33:00-04:00,7732.75,7733.5,7732.75,7732.75,415
2026-09-18 02:34:00-04:00,7733.0,7733.5,7732.5,7733.0,193
2026-09-18 02:35:00-04:00,7733.0,7733.75,7733.0,7733.5,204
2026-09-18 02:36:00-04:00,7733.5,7733.5,7732.25,7732.25,285
2026-09-18 02:37:00-04:00,7732.5,7732.75,7732.25,7732.5,87
2026-09-18 02:38:00-04:00,7732.75,7733.5,7732.75,7733.5,235
2026-09-18 02:39:00-04:00,7733.25,7734.25,7733.0,7734.25,300
2026-09-18 02:40:00-04:00,7734.0,7734.25,7733.25,7734.0,173
2026-09-18 02:41:00-04:00,7734.0,7734.5,7734.0,7734.25,186
2026-09-18 02:42:00-04:00,7734.25,7734.25,7732.5,7733.25,224
2026-09-18 02:43:00-04:00,7733.25,7733.5,7732.75,7733.25,154
2026-09-18 02:44:00-04:00,7733.5,7733.75,7732.75,7733.5,274
2026-09-18 02:45:00-04:00,7733.5,7733.75,7732.5,7733.75,253
2026-09-18 02:46:00-04:00,7733.75,7734.5,7733.5,7733.75,231
2026-09-18 02:47:00-04:00,7733.75,7734.25,7733.25,7733.25,255
2026-09-18 02:48:00-04:00,7733.25,7734.25,7733.25,7733.75,238
2026-09-18 02:49:00-04:00,7733.75,7734.0,7733.5,7734.0,118
2026-09-18 02:50:00-04:00,7734.0,7734.25,7733.5,7733.75,119
2026-09-18 02:51:00-04:00,7734.0,7734.25,7733.75,7734.0,151
2026-09-18 02:52:00-04:00,7734.0,7734.5,7733.75,7734.5,128
2026-09-18 02:53:00-04:00,7734.5,7734.5,7733.25,7733.5,186
2026-09-18 02:54:00-04:00,7733.5,7734.0,7733.5,7733.5,118
2026-09-18 02:55:00-04:00,7733.75,7733.75,7733.5,7733.5,150
2026-09-18 02:56:00-04:00,7733.5,7734.0,7733.5,7733.75,177
2026-09-18 02:57:00-04:00,7733.5,7734.5,7733.25,7734.0,205
2026-09-18 02:58:00-04:00,7734.25,7734.5,7734.0,7734.25,133
2026-09-18 02:59:00-04:00,7734.5,7734.75,7733.75,7733.75,235
2026-09-18 03:00:00-04:00,7733.75,7734.25,7733.5,7733.5,519
2026-09-18 03:01:00-04:00,7733.5,7734.25,7733.5,7733.75,389
2026-09-18 03:02:00-04:00,7733.75,7733.75,7732.25,7733.25,334
2026-09-18 03:03:00-04:00,7733.25,7733.5,7732.75,7733.5,204
2026-09-18 03:04:00-04:00,7733.5,7734.75,7732.75,7733.5,370
2026-09-18 03:05:00-04:00,7733.5,7733.5,7732.75,7732.75,219
2026-09-18 03:06:00-04:00,7733.0,7733.0,7732.25,7732.75,213
2026-09-18 03:07:00-04:00,7732.75,7733.25,7732.5,7733.0,271
2026-09-18 03:08:00-04:00,7733.25,7734.0,7733.0,7733.75,195
2026-09-18 03:09:00-04:00,7733.5,7734.0,7733.0,7733.75,303
2026-09-18 03:10:00-04:00,7733.75,7735.5,7733.5,7735.0,325
2026-09-18 03:11:00-04:00,7735.0,7735.0,7733.75,7734.5,302
2026-09-18 03:12:00-04:00,7734.5,7735.25,7734.25,7735.25,196
2026-09-18 03:13:00-04:00,7735.25,7736.0,7734.25,7734.5,419
2026-09-18 03:14:00-04:00,7734.5,7734.75,7733.25,7733.25,196
2026-09-18 03:15:00-04:00,7733.25,7734.25,7733.25,7733.25,269
2026-09-18 03:16:00-04:00,7733.25,7734.75,7733.0,7734.25,278
2026-09-18 03:17:00-04:00,7734.25,7735.0,7733.75,7734.5,204
2026-09-18 03:18:00-04:00,7734.5,7735.25,7734.25,7734.75,163
2026-09-18 03:19:00-04:00,7735.0,7735.0,7734.25,7734.5,271
2026-09-18 03:20:00-04:00,7734.5,7735.25,7734.25,7734.5,249
2026-09-18 03:21:00-04:00,7734.5,7734.75,7734.0,7734.0,290
2026-09-18 03:22:00-04:00,7733.75,7734.5,7733.75,7734.5,399
2026-09-18 03:23:00-04:00,7734.25,7735.25,7734.25,7735.0,291
2026-09-18 03:24:00-04:00,7735.0,7735.25,7733.75,7734.75,386
2026-09-18 03:25:00-04:00,7735.0,7736.25,7734.75,7736.0,580
2026-09-18 03:26:00-04:00,7736.25,7737.25,7736.0,7736.75,407
2026-09-18 03:27:00-04:00,7736.75,7737.0,7736.5,7737.0,231
2026-09-18 03:28:00-04:00,7736.75,7737.75,7736.75,7737.0,461
2026-09-18 03:29:00-04:00,7737.0,7738.0,7737.0,7737.75,234
2026-09-18 03:30:00-04:00,7738.0,7738.75,7737.75,7738.75,383
2026-09-18 03:31:00-04:00,7738.75,7739.25,7737.0,7737.25,353
2026-09-18 03:32:00-04:00,7737.0,7737.25,7736.25,7736.5,460
2026-09-18 03:33:00-04:00,7736.5,7736.75,7735.75,7735.75,357
2026-09-18 03:34:00-04:00,7735.75,7736.0,7735.0,7735.75,317
2026-09-18 03:35:00-04:00,7736.0,7736.25,7735.5,7735.75,182
2026-09-18 03:36:00-04:00,7735.75,7736.0,7735.25,7736.0,188
2026-09-18 03:37:00-04:00,7736.0,7736.5,7735.25,7736.0,365
2026-09-18 03:38:00-04:00,7735.75,7736.25,7734.5,7736.0,528
2026-09-18 03:39:00-04:00,7736.25,7737.0,7735.75,7736.5,368
2026-09-18 03:40:00-04:00,7736.5,7736.5,7734.5,7734.5,252
2026-09-18 03:41:00-04:00,7734.75,7735.5,7734.0,7734.75,417
2026-09-18 03:42:00-04:00,7735.0,7735.0,7733.25,7733.25,284
2026-09-18 03:43:00-04:00,7733.25,7734.75,7733.25,7734.5,681
2026-09-18 03:44:00-04:00,7734.5,7735.0,7734.0,7734.25,132
2026-09-18 03:45:00-04:00,7734.25,7734.5,7734.0,7734.0,250
2026-09-18 03:46:00-04:00,7734.25,7734.5,7733.75,7734.0,166
2026-09-18 03:47:00-04:00,7734.0,7735.75,7734.0,7735.5,490
2026-09-18 03:48:00-04:00,7735.5,7735.5,7734.5,7735.0,211
2026-09-18 03:49:00-04:00,7735.0,7735.25,7735.0,7735.25,174
2026-09-18 03:50:00-04:00,7735.5,7735.5,7734.25,7734.5,163
2026-09-18 03:51:00-04:00,7734.5,7734.75,7734.25,7734.75,123
2026-09-18 03:52:00-04:00,7734.75,7735.25,7734.25,7735.25,207
2026-09-18 03:53:00-04:00,7735.5,7736.5,7735.5,7736.25,145
2026-09-18 03:54:00-04:00,7736.25,7736.75,7736.0,7736.75,90
2026-09-18 03:55:00-04:00,7736.5,7736.5,7735.5,7735.75,173
2026-09-18 03:56:00-04:00,7735.75,7735.75,7735.25,7735.5,229
2026-09-18 03:57:00-04:00,7735.5,7735.5,7734.75,7735.25,160
2026-09-18 03:58:00-04:00,7735.25,7736.0,7734.75,7735.25,470
2026-09-18 03:59:00-04:00,7735.25,7735.25,7733.75,7734.5,301
2026-09-18 04:00:00-04:00,7734.25,7735.5,7733.75,7734.5,677
2026-09-18 04:01:00-04:00,7734.25,7735.0,7733.0,7733.5,517
2026-09-18 04:02:00-04:00,7733.5,7734.5,7733.5,7734.25,283
2026-09-18 04:03:00-04:00,7734.25,7734.5,7733.75,7733.75,140
2026-09-18 04:04:00-04:00,7733.75,7734.25,7732.5,7732.5,384
2026-09-18 04:05:00-04:00,7732.5,7733.0,7732.0,7733.0,287
2026-09-18 04:06:00-04:00,7733.25,7733.5,7732.5,7732.5,206
2026-09-18 04:07:00-04:00,7732.75,7733.5,7732.5,7732.5,189
2026-09-18 04:08:00-04:00,7732.5,7733.0,7732.25,7732.5,269
2026-09-18 04:09:00-04:00,7732.5,7732.5,7730.5,7730.5,208
2026-09-18 04:10:00-04:00,7730.75,7731.5,7730.0,7731.0,290
2026-09-18 04:11:00-04:00,7730.75,7730.75,7729.5,7729.5,258
2026-09-18 04:12:00-04:00,7729.75,7730.25,7728.75,7729.25,716
2026-09-18 04:13:00-04:00,7729.5,7730.5,7729.0,7729.75,251
2026-09-18 04:14:00-04:00,7729.75,7730.0,7729.0,7729.25,144
2026-09-18 04:15:00-04:00,7729.25,7729.25,7728.5,7729.0,262
2026-09-18 04:16:00-04:00,7729.0,7729.75,7729.0,7729.5,148
2026-09-18 04:17:00-04:00,7729.5,7730.0,7729.5,7729.75,204
2026-09-18 04:18:00-04:00,7729.75,7730.25,7729.5,7729.5,146
2026-09-18 04:19:00-04:00,7729.75,7730.25,7729.25,7730.25,208
2026-09-18 04:20:00-04:00,7730.25,7732.0,7730.25,7731.5,316
2026-09-18 04:21:00-04:00,7731.5,7731.75,7730.25,7731.0,226
2026-09-18 04:22:00-04:00,7731.0,7731.0,7729.75,7729.75,195
2026-09-18 04:23:00-04:00,7730.0,7730.25,7728.75,7728.75,267
2026-09-18 04:24:00-04:00,7729.0,7729.5,7728.5,7729.0,199
2026-09-18 04:25:00-04:00,7729.25,7729.75,7729.25,7729.5,135
2026-09-18 04:26:00-04:00,7729.25,7729.25,7728.25,7729.0,152
2026-09-18 04:27:00-04:00,7729.0,7729.0,7728.0,7728.5,272
2026-09-18 04:28:00-04:00,7728.5,7728.5,7726.5,7726.5,530
2026-09-18 04:29:00-04:00,7726.5,7726.75,7725.0,7725.25,520
2026-09-18 04:30:00-04:00,7725.5,7726.25,7724.5,7726.0,434
2026-09-18 04:31:00-04:00,7726.0,7726.75,7725.75,7726.5,271
2026-09-18 04:32:00-04:00,7726.75,7727.75,7725.5,7727.5,398
2026-09-18 04:33:00-04:00,7727.5,7727.75,7726.75,7727.5,194
2026-09-18 04:34:00-04:00,7727.5,7727.75,7727.0,7727.5,138
2026-09-18 04:35:00-04:00,7727.5,7728.25,7727.25,7727.25,185
2026-09-18 04:36:00-04:00,7727.25,7727.5,7727.0,7727.25,226
2026-09-18 04:37:00-04:00,7727.25,7727.25,7726.75,7727.0,165
2026-09-18 04:38:00-04:00,7727.25,7728.0,7726.25,7726.25,221
2026-09-18 04:39:00-04:00,7726.25,7727.5,7726.25,7727.5,164
2026-09-18 04:40:00-04:00,7727.25,7728.0,7726.75,7728.0,240
2026-09-18 04:41:00-04:00,7727.75,7728.0,7727.5,7727.75,299
2026-09-18 04:42:00-04:00,7727.75,7727.75,7727.25,7727.25,143
2026-09-18 04:43:00-04:00,7727.25,7727.75,7727.0,7727.5,230
2026-09-18 04:44:00-04:00,7727.5,7729.25,7727.5,7729.0,296
2026-09-18 04:45:00-04:00,7728.75,7730.25,7728.75,7728.75,289
2026-09-18 04:46:00-04:00,7728.75,7729.0,7728.25,7728.5,168
2026-09-18 04:47:00-04:00,7728.5,7728.75,7728.25,7728.5,67
2026-09-18 04:48:00-04:00,7728.75,7729.25,7728.5,7728.75,288
2026-09-18 04:49:00-04:00,7728.5,7729.0,7728.25,7728.5,178
2026-09-18 04:50:00-04:00,7728.75,7729.5,7728.75,7729.25,103
2026-09-18 04:51:00-04:00,7729.25,7729.25,7728.75,7729.25,236
2026-09-18 04:52:00-04:00,7729.0,7729.5,7728.25,7728.75,309
2026-09-18 04:53:00-04:00,7728.75,7729.25,7728.75,7728.75,178
2026-09-18 04:54:00-04:00,7729.0,7729.25,7727.5,7727.5,289
2026-09-18 04:55:00-04:00,7727.5,7728.25,7727.0,7728.25,167
2026-09-18 04:56:00-04:00,7728.25,7728.75,7727.75,7728.75,137
2026-09-18 04:57:00-04:00,7728.75,7729.0,7728.0,7728.0,100
2026-09-18 04:58:00-04:00,7728.0,7728.0,7727.25,7727.5,131
2026-09-18 04:59:00-04:00,7727.75,7727.75,7727.25,7727.5,82
2026-09-18 05:00:00-04:00,7727.5,7727.5,7726.5,7726.75,438
2026-09-18 05:01:00-04:00,7727.0,7727.0,7726.0,7726.0,183
2026-09-18 05:02:00-04:00,7726.0,7726.5,7725.5,7726.25,197
2026-09-18 05:03:00-04:00,7726.5,7727.0,7726.25,7727.0,206
2026-09-18 05:04:00-04:00,7727.0,7727.25,7726.5,7726.5,196
2026-09-18 05:05:00-04:00,7726.5,7727.0,7726.25,7727.0,168
2026-09-18 05:06:00-04:00,7727.0,7727.5,7727.0,7727.25,288
2026-09-18 05:07:00-04:00,7727.5,7727.5,7727.0,7727.25,143
2026-09-18 05:08:00-04:00,7727.0,7728.5,7727.0,7728.5,121
2026-09-18 05:09:00-04:00,7728.5,7728.5,7726.75,7726.75,172
2026-09-18 05:10:00-04:00,7726.75,7727.75,7726.25,7727.75,272
2026-09-18 05:11:00-04:00,7727.75,7728.25,7727.5,7728.25,44
2026-09-18 05:12:00-04:00,7728.25,7728.25,7727.25,7727.25,77
2026-09-18 05:13:00-04:00,7727.25,7727.5,7727.25,7727.25,73
2026-09-18 05:14:00-04:00,7727.25,7727.25,7726.75,7726.75,93
2026-09-18 05:15:00-04:00,7726.75,7727.0,7726.5,7727.0,103
2026-09-18 05:16:00-04:00,7727.0,7727.75,7726.75,7727.5,114
2026-09-18 05:17:00-04:00,7727.25,7728.25,7727.25,7727.75,118
2026-09-18 05:18:00-04:00,7727.75,7727.75,7727.25,7727.75,98
2026-09-18 05:19:00-04:00,7727.75,7728.5,7727.5,7728.25,115
2026-09-18 05:20:00-04:00,7728.5,7728.5,7727.75,7728.25,123
2026-09-18 05:21:00-04:00,7728.25,7728.25,7727.5,7727.75,107
2026-09-18 05:22:00-04:00,7727.5,7728.5,7727.5,7727.75,176
2026-09-18 05:23:00-04:00,7727.75,7728.0,7727.5,7727.5,80
2026-09-18 05:24:00-04:00,7727.5,7727.75,7727.0,7727.0,77
2026-09-18 05:25:00-04:00,7727.0,7727.25,7726.0,7726.25,143
2026-09-18 05:26:00-04:00,7726.25,7726.25,7724.75,7724.75,246
2026-09-18 05:27:00-04:00,7724.75,7724.75,7723.75,7724.0,491
2026-09-18 05:28:00-04:00,7724.0,7724.25,7723.5,7724.25,200
2026-09-18 05:29:00-04:00,7724.0,7724.25,7723.75,7723.75,258
2026-09-18 05:30:00-04:00,7723.75,7723.75,7722.25,7723.0,276
2026-09-18 05:31:00-04:00,7723.0,7723.25,7722.0,7722.0,265
2026-09-18 05:32:00-04:00,7722.25,7723.25,7722.0,7723.25,202
2026-09-18 05:33:00-04:00,7723.5,7723.75,7722.0,7722.25,330
2026-09-18 05:34:00-04:00,7722.25,7722.5,7721.5,7721.75,214
2026-09-18 05:35:00-04:00,7721.75,7722.25,7721.75,7722.0,97
2026-09-18 05:36:00-04:00,7722.25,7723.0,7721.75,7721.75,188
2026-09-18 05:37:00-04:00,7721.75,7721.75,7720.5,7720.5,242
2026-09-18 05:38:00-04:00,7720.75,7720.75,7719.0,7719.25,408
2026-09-18 05:39:00-04:00,7719.0,7719.5,7718.75,7718.75,359
2026-09-18 05:40:00-04:00,7718.75,7720.0,7718.25,7718.75,367
2026-09-18 05:41:00-04:00,7719.0,7719.25,7718.25,7718.75,295
2026-09-18 05:42:00-04:00,7718.75,7718.75,7718.0,7718.75,349
2026-09-18 05:43:00-04:00,7718.75,7720.0,7718.75,7718.75,198
2026-09-18 05:44:00-04:00,7718.75,7719.25,7717.25,7717.25,299
2026-09-18 05:45:00-04:00,7717.5,7718.0,7716.75,7718.0,305
2026-09-18 05:46:00-04:00,7718.0,7719.0,7718.0,7718.75,279
2026-09-18 05:47:00-04:00,7718.5,7719.0,7718.5,7718.5,209
2026-09-18 05:48:00-04:00,7718.5,7718.75,7717.5,7718.0,277
2026-09-18 05:49:00-04:00,7718.0,7718.5,7717.75,7718.25,135
2026-09-18 05:50:00-04:00,7718.0,7719.25,7717.5,7719.0,444
2026-09-18 05:51:00-04:00,7719.0,7719.75,7718.5,7719.5,296
2026-09-18 05:52:00-04:00,7719.5,7719.5,7718.75,7719.0,222
2026-09-18 05:53:00-04:00,7719.25,7719.5,7718.75,7718.75,143
2026-09-18 05:54:00-04:00,7718.75,7719.25,7718.5,7719.0,128
2026-09-18 05:55:00-04:00,7719.0,7719.0,7718.0,7718.25,195
2026-09-18 05:56:00-04:00,7718.25,7718.5,7717.75,7718.25,153
2026-09-18 05:57:00-04:00,7718.25,7718.75,7717.75,7718.5,189
2026-09-18 05:58:00-04:00,7718.5,7718.75,7718.0,7718.5,316
2026-09-18 05:59:00-04:00,7718.5,7719.25,7716.75,7717.0,461
2026-09-18 06:00:00-04:00,7716.75,7718.0,7716.75,7717.75,320
2026-09-18 06:01:00-04:00,7717.5,7717.75,7716.5,7717.0,350
2026-09-18 06:02:00-04:00,7717.0,7718.0,7717.0,7717.25,146
2026-09-18 06:03:00-04:00,7717.0,7718.0,7717.0,7718.0,180
2026-09-18 06:04:00-04:00,7718.0,7718.25,7716.0,7717.0,370
2026-09-18 06:05:00-04:00,7716.75,7717.75,7716.5,7716.75,247
2026-09-18 06:06:00-04:00,7716.75,7717.75,7716.5,7717.75,271
2026-09-18 06:07:00-04:00,7717.75,7718.5,7717.25,7718.25,180
2026-09-18 06:08:00-04:00,7718.0,7718.25,7717.5,7717.75,197
2026-09-18 06:09:00-04:00,7717.75,7718.0,7717.5,7717.5,94
2026-09-18 06:10:00-04:00,7717.75,7718.25,7717.5,7717.75,120
2026-09-18 06:11:00-04:00,7717.75,7718.0,7716.75,7717.25,289
2026-09-18 06:12:00-04:00,7717.25,7718.0,7717.0,7717.75,197
2026-09-18 06:13:00-04:00,7717.75,7717.75,7717.0,7717.75,130
2026-09-18 06:14:00-04:00,7717.75,7718.5,7717.5,7718.5,197
2026-09-18 06:15:00-04:00,7718.25,7719.25,7718.25,7719.25,257
2026-09-18 06:16:00-04:00,7719.0,7719.25,7718.5,7719.0,156
2026-09-18 06:17:00-04:00,7719.0,7719.5,7719.0,7719.0,223
2026-09-18 06:18:00-04:00,7719.25,7719.75,7719.0,7719.0,227
2026-09-18 06:19:00-04:00,7719.0,7719.0,7718.0,7719.0,214
2026-09-18 06:20:00-04:00,7719.0,7720.25,7719.0,7719.75,186
2026-09-18 06:21:00-04:00,7719.75,7720.0,7719.25,7719.25,133
2026-09-18 06:22:00-04:00,7719.5,7720.25,7719.5,7720.0,116
2026-09-18 06:23:00-04:00,7719.75,7720.0,7719.25,7719.75,152
2026-09-18 06:24:00-04:00,7719.75,7720.0,7718.75,7719.0,162
2026-09-18 06:25:00-04:00,7719.0,7719.25,7718.5,7718.5,283
2026-09-18 06:26:00-04:00,7718.5,7718.5,7717.25,7718.25,1836
2026-09-18 06:27:00-04:00,7718.5,7718.5,7717.25,7718.25,1649
2026-09-18 06:28:00-04:00,7718.0,7718.75,7717.75,7718.75,254
2026-09-18 06:29:00-04:00,7718.75,7719.25,7718.5,7719.25,171
2026-09-18 06:30:00-04:00,7719.25,7721.0,7719.0,7720.25,1164
2026-09-18 06:31:00-04:00,7720.5,7721.5,7720.0,7721.25,382
2026-09-18 06:32:00-04:00,7721.25,7721.75,7721.0,7721.75,241
2026-09-18 06:33:00-04:00,7721.75,7722.75,7721.5,7722.5,341
2026-09-18 06:34:00-04:00,7722.5,7723.0,7722.25,7722.75,292
2026-09-18 06:35:00-04:00,7723.0,7723.5,7722.75,7723.25,337
2026-09-18 06:36:00-04:00,7723.0,7724.0,7723.0,7723.5,265
2026-09-18 06:37:00-04:00,7723.75,7725.0,7723.75,7724.75,268
2026-09-18 06:38:00-04:00,7724.5,7725.25,7724.5,7724.5,240
2026-09-18 06:39:00-04:00,7724.75,7725.0,7723.75,7724.5,627
2026-09-18 06:40:00-04:00,7724.75,7725.0,7724.25,7724.75,272
2026-09-18 06:41:00-04:00,7724.75,7725.25,7724.75,7725.25,223
2026-09-18 06:42:00-04:00,7725.0,7725.25,7724.5,7724.5,295
2026-09-18 06:43:00-04:00,7724.5,7725.25,7724.25,7724.75,125
2026-09-18 06:44:00-04:00,7724.5,7725.0,7724.5,7724.75,137
2026-09-18 06:45:00-04:00,7724.75,7725.0,7723.0,7723.25,325
2026-09-18 06:46:00-04:00,7723.25,7723.25,7722.0,7722.25,264
2026-09-18 06:47:00-04:00,7722.25,7722.5,7722.25,7722.25,84
2026-09-18 06:48:00-04:00,7722.25,7722.5,7721.75,7722.25,182
2026-09-18 06:49:00-04:00,7722.25,7722.75,7722.0,7722.5,141
2026-09-18 06:50:00-04:00,7722.75,7722.75,7722.0,7722.0,133
2026-09-18 06:51:00-04:00,7722.25,7722.25,7721.75,7722.0,231
2026-09-18 06:52:00-04:00,7722.0,7722.25,7721.5,7722.0,128
2026-09-18 06:53:00-04:00,7722.0,7722.0,7721.75,7721.75,113
2026-09-18 06:54:00-04:00,7722.0,7722.25,7720.25,7720.75,438
2026-09-18 06:55:00-04:00,7720.75,7721.0,7720.0,7720.75,283
2026-09-18 06:56:00-04:00,7720.5,7721.75,7720.25,7721.75,333
2026-09-18 06:57:00-04:00,7721.5,7721.75,7720.75,7720.75,178
2026-09-18 06:58:00-04:00,7720.75,7721.0,7719.75,7720.0,300
2026-09-18 06:59:00-04:00,7720.0,7720.5,7719.75,7720.25,187
2026-09-18 07:00:00-04:00,7720.25,7720.25,7717.25,7718.5,942
2026-09-18 07:01:00-04:00,7718.75,7720.5,7718.25,7719.75,580
2026-09-18 07:02:00-04:00,7719.75,7720.75,7719.75,7720.0,299
2026-09-18 07:03:00-04:00,7720.0,7721.25,7720.0,7721.25,404
2026-09-18 07:04:00-04:00,7721.5,7724.0,7721.5,7724.0,930
2026-09-18 07:05:00-04:00,7724.0,7724.0,7714.25,7714.75,4431
2026-09-18 07:06:00-04:00,7714.75,7717.25,7713.75,7717.0,1986
2026-09-18 07:07:00-04:00,7717.25,7717.75,7716.0,7717.25,274
2026-09-18 07:08:00-04:00,7717.5,7718.25,7717.0,7717.25,393
2026-09-18 07:09:00-04:00,7717.25,7718.25,7716.75,7717.75,422
2026-09-18 07:10:00-04:00,7718.0,7718.75,7717.5,7718.75,440
2026-09-18 07:11:00-04:00,7718.75,7719.25,7718.0,7718.25,301
2026-09-18 07:12:00-04:00,7718.5,7719.0,7718.0,7718.5,246
2026-09-18 07:13:00-04:00,7718.5,7718.5,7715.5,7715.5,312
2026-09-18 07:14:00-04:00,7715.25,7717.5,7714.75,7717.5,348
2026-09-18 07:15:00-04:00,7717.25,7717.25,7715.5,7715.75,368
2026-09-18 07:16:00-04:00,7715.75,7715.75,7714.25,7714.5,325
2026-09-18 07:17:00-04:00,7714.25,7714.25,7711.75,7712.75,795
2026-09-18 07:18:00-04:00,7713.0,7713.75,7712.75,7713.0,245
2026-09-18 07:19:00-04:00,7713.0,7713.5,7712.25,7713.25,376
2026-09-18 07:20:00-04:00,7713.25,7713.25,7711.5,7712.0,392
2026-09-18 07:21:00-04:00,7712.0,7713.5,7712.0,7712.5,412
2026-09-18 07:22:00-04:00,7712.75,7714.75,7712.5,7714.5,400
2026-09-18 07:23:00-04:00,7714.25,7714.5,7713.25,7714.5,248
2026-09-18 07:24:00-04:00,7714.25,7714.5,7713.0,7713.25,404
2026-09-18 07:25:00-04:00,7713.25,7714.0,7713.25,7713.25,299
2026-09-18 07:26:00-04:00,7713.25,7713.75,7713.25,7713.5,180
2026-09-18 07:27:00-04:00,7713.25,7713.5,7712.5,7712.75,363
2026-09-18 07:28:00-04:00,7713.0,7713.5,7712.5,7713.25,270
2026-09-18 07:29:00-04:00,7713.25,7713.5,7712.25,7713.0,346
2026-09-18 07:30:00-04:00,7712.75,7714.0,7712.75,7714.0,344
2026-09-18 07:31:00-04:00,7714.0,7716.25,7713.75,7716.25,359
2026-09-18 07:32:00-04:00,7716.0,7716.25,7715.5,7716.25,282
2026-09-18 07:33:00-04:00,7716.25,7716.5,7715.5,7715.5,558
2026-09-18 07:34:00-04:00,7715.25,7715.75,7714.0,7715.0,738
2026-09-18 07:35:00-04:00,7715.0,7715.5,7714.5,7715.5,457
2026-09-18 07:36:00-04:00,7715.5,7717.25,7715.5,7717.25,269
2026-09-18 07:37:00-04:00,7717.0,7717.75,7717.0,7717.75,240
2026-09-18 07:38:00-04:00,7717.75,7717.75,7716.25,7716.25,246
2026-09-18 07:39:00-04:00,7716.0,7716.75,7715.75,7716.25,192
2026-09-18 07:40:00-04:00,7716.25,7716.5,7714.75,7715.75,300
2026-09-18 07:41:00-04:00,7715.75,7716.25,7715.75,7716.0,180
2026-09-18 07:42:00-04:00,7716.0,7716.25,7714.0,7714.0,390
2026-09-18 07:43:00-04:00,7714.0,7714.5,7713.25,7713.25,317
2026-09-18 07:44:00-04:00,7713.5,7713.75,7712.25,7713.0,429
2026-09-18 07:45:00-04:00,7713.0,7713.5,7712.5,7712.5,296
2026-09-18 07:46:00-04:00,7712.5,7714.0,7712.0,7713.75,305
2026-09-18 07:47:00-04:00,7713.5,7714.0,7713.25,7714.0,126
2026-09-18 07:48:00-04:00,7714.0,7714.0,7713.5,7713.75,222
2026-09-18 07:49:00-04:00,7713.75,7714.25,7713.25,7713.75,223
2026-09-18 07:50:00-04:00,7713.5,7713.75,7713.25,7713.5,229
2026-09-18 07:51:00-04:00,7713.25,7713.5,7712.75,7713.0,306
2026-09-18 07:52:00-04:00,7712.75,7713.0,7712.25,7712.75,225
2026-09-18 07:53:00-04:00,7712.75,7714.0,7712.75,7714.0,182
2026-09-18 07:54:00-04:00,7713.75,7714.0,7713.25,7713.5,128
2026-09-18 07:55:00-04:00,7713.75,7714.0,7712.5,7712.5,241
2026-09-18 07:56:00-04:00,7712.25,7712.75,7711.75,7712.25,451
2026-09-18 07:57:00-04:00,7712.0,7712.75,7710.75,7711.0,338
2026-09-18 07:58:00-04:00,7711.0,7711.5,7710.25,7711.5,510
2026-09-18 07:59:00-04:00,7711.5,7712.25,7711.25,7712.0,300
2026-09-18 08:00:00-04:00,7712.25,7712.5,7709.25,7709.5,578
2026-09-18 08:01:00-04:00,7709.5,7710.0,7708.5,7709.5,533
2026-09-18 08:02:00-04:00,7709.75,7710.5,7708.5,7708.5,361
2026-09-18 08:03:00-04:00,7708.5,7709.25,7708.25,7709.25,350
2026-09-18 08:04:00-04:00,7709.25,7714.5,7708.5,7712.5,2243
2026-09-18 08:05:00-04:00,7712.5,7715.0,7708.25,7709.0,3827
2026-09-18 08:06:00-04:00,7708.75,7709.0,7707.75,7708.0,599
2026-09-18 08:07:00-04:00,7708.25,7708.5,7706.25,7706.5,1022
2026-09-18 08:08:00-04:00,7706.5,7707.5,7705.75,7706.25,869
2026-09-18 08:09:00-04:00,7706.25,7706.5,7705.5,7705.5,720
2026-09-18 08:10:00-04:00,7705.75,7705.75,7704.5,7705.25,914
2026-09-18 08:11:00-04:00,7705.25,7705.5,7703.75,7704.0,625
2026-09-18 08:12:00-04:00,7704.0,7704.25,7703.0,7703.25,805
2026-09-18 08:13:00-04:00,7703.5,7703.5,7702.75,7703.0,704
2026-09-18 08:14:00-04:00,7703.0,7703.25,7702.0,7703.0,411
2026-09-18 08:15:00-04:00,7703.25,7703.75,7702.75,7703.0,469
2026-09-18 08:16:00-04:00,7703.0,7703.5,7702.0,7702.5,642
2026-09-18 08:17:00-04:00,7702.5,7702.75,7701.75,7702.25,293
2026-09-18 08:18:00-04:00,7702.5,7705.5,7701.25,7703.25,1562
2026-09-18 08:19:00-04:00,7703.25,7703.25,7701.0,7701.0,704
2026-09-18 08:20:00-04:00,7701.0,7701.0,7698.75,7699.0,1516
2026-09-18 08:21:00-04:00,7699.0,7700.25,7698.75,7700.0,953
2026-09-18 08:22:00-04:00,7700.0,7702.5,7700.0,7701.75,819
2026-09-18 08:23:00-04:00,7701.75,7701.75,7698.5,7698.5,833
2026-09-18 08:24:00-04:00,7698.75,7699.0,7697.75,7697.75,656
2026-09-18 08:25:00-04:00,7698.0,7699.0,7697.75,7698.75,458
2026-09-18 08:26:00-04:00,7698.75,7700.5,7698.75,7699.5,568
2026-09-18 08:27:00-04:00,7699.75,7700.0,7699.0,7699.5,327
2026-09-18 08:28:00-04:00,7699.5,7700.5,7699.5,7700.25,380
2026-09-18 08:29:00-04:00,7700.0,7700.25,7699.0,7699.0,452
2026-09-18 08:30:00-04:00,7699.0,7700.0,7698.5,7699.25,407
2026-09-18 08:31:00-04:00,7699.5,7700.5,7698.0,7698.0,746
2026-09-18 08:32:00-04:00,7698.0,7700.0,7698.0,7699.5,523
2026-09-18 08:33:00-04:00,7699.5,7703.0,7699.25,7701.75,757
2026-09-18 08:34:00-04:00,7702.0,7702.5,7700.75,7702.25,413
2026-09-18 08:35:00-04:00,7702.0,7703.25,7701.25,7702.75,729
2026-09-18 08:36:00-04:00,7703.0,7703.25,7702.25,7703.0,580
2026-09-18 08:37:00-04:00,7703.0,7703.0,7699.5,7700.25,767
2026-09-18 08:38:00-04:00,7700.5,7703.0,7700.5,7702.25,588
2026-09-18 08:39:00-04:00,7702.5,7702.5,7701.75,7702.0,379
2026-09-18 08:40:00-04:00,7702.0,7702.5,7701.75,7702.0,349
2026-09-18 08:41:00-04:00,7702.0,7702.5,7700.75,7702.5,737
2026-09-18 08:42:00-04:00,7702.5,7703.5,7701.75,7703.5,715
2026-09-18 08:43:00-04:00,7703.25,7703.75,7702.5,7702.5,510
2026-09-18 08:44:00-04:00,7702.5,7702.75,7701.75,7702.5,274
2026-09-18 08:45:00-04:00,7702.25,7703.0,7702.0,7702.5,393
2026-09-18 08:46:00-04:00,7702.25,7703.25,7702.0,7702.5,487
2026-09-18 08:47:00-04:00,7702.75,7703.5,7701.75,7702.5,808
2026-09-18 08:48:00-04:00,7702.5,7702.5,7701.25,7702.0,427
2026-09-18 08:49:00-04:00,7702.25,7702.25,7701.0,7701.0,360
2026-09-18 08:50:00-04:00,7701.0,7701.5,7700.5,7701.25,549
2026-09-18 08:51:00-04:00,7701.0,7702.25,7701.0,7702.0,393
2026-09-18 08:52:00-04:00,7701.75,7701.75,7700.75,7701.0,399
2026-09-18 08:53:00-04:00,7701.0,7701.5,7700.75,7701.5,240
2026-09-18 08:54:00-04:00,7701.25,7701.5,7701.25,7701.5,258
2026-09-18 08:55:00-04:00,7701.75,7702.0,7701.25,7701.75,357
2026-09-18 08:56:00-04:00,7701.5,7701.5,7700.5,7701.0,417
2026-09-18 08:57:00-04:00,7701.0,7701.25,7700.0,7700.75,419
2026-09-18 08:58:00-04:00,7700.75,7701.0,7699.25,7699.75,543
2026-09-18 08:59:00-04:00,7699.75,7701.0,7699.5,7700.75,655
2026-09-18 09:00:00-04:00,7700.75,7701.25,7700.0,7701.0,965
2026-09-18 09:01:00-04:00,7701.25,7702.25,7700.75,7700.75,584
2026-09-18 09:02:00-04:00,7700.75,7701.25,7699.25,7699.75,1311
2026-09-18 09:03:00-04:00,7699.75,7700.5,7699.5,7700.5,586
2026-09-18 09:04:00-04:00,7700.5,7701.0,7700.0,7700.25,528
2026-09-18 09:05:00-04:00,7700.25,7701.0,7700.25,7701.0,703
2026-09-18 09:06:00-04:00,7701.0,7702.5,7701.0,7701.5,708
2026-09-18 09:07:00-04:00,7701.25,7701.5,7700.0,7700.5,796
2026-09-18 09:08:00-04:00,7700.75,7702.0,7700.25,7701.5,1202
2026-09-18 09:09:00-04:00,7701.5,7702.0,7701.0,7701.75,585
2026-09-18 09:10:00-04:00,7701.75,7702.5,7701.5,7702.25,466
2026-09-18 09:11:00-04:00,7702.25,7703.0,7702.0,7702.75,414
2026-09-18 09:12:00-04:00,7702.75,7703.0,7701.5,7701.75,483
2026-09-18 09:13:00-04:00,7701.75,7702.0,7701.25,7701.75,827
2026-09-18 09:14:00-04:00,7701.75,7701.75,7701.0,7701.5,574
2026-09-18 09:15:00-04:00,7701.5,7701.75,7701.0,7701.5,530
2026-09-18 09:16:00-04:00,7701.5,7703.0,7701.5,7703.0,1480
2026-09-18 09:17:00-04:00,7702.75,7703.25,7702.25,7702.5,1008
2026-09-18 09:18:00-04:00,7702.5,7703.0,7701.75,7702.0,496
2026-09-18 09:19:00-04:00,7701.75,7702.75,7701.5,7702.75,259
2026-09-18 09:20:00-04:00,7702.5,7702.75,7701.5,7701.75,349
2026-09-18 09:21:00-04:00,7701.75,7702.25,7701.25,7702.25,377
2026-09-18 09:22:00-04:00,7702.25,7702.5,7701.0,7701.0,569
2026-09-18 09:23:00-04:00,7701.25,7701.25,7700.0,7700.5,672
2026-09-18 09:24:00-04:00,7700.5,7700.75,7698.0,7698.25,1550
2026-09-18 09:25:00-04:00,7698.0,7698.0,7693.5,7695.0,5226
2026-09-18 09:26:00-04:00,7695.25,7696.0,7692.25,7693.75,3221
2026-09-18 09:27:00-04:00,7693.75,7702.75,7692.75,7702.0,5273
2026-09-18 09:28:00-04:00,7701.75,7706.5,7701.25,7705.75,8359
2026-09-18 09:29:00-04:00,7706.0,7710.0,7704.25,7709.75,7374
2026-09-18 09:30:00-04:00,7710.0,7713.0,7706.25,7708.75,17926
2026-09-18 09:31:00-04:00,7708.75,7713.25,7708.0,7713.25,6741
2026-09-18 09:32:00-04:00,7713.0,7714.5,7710.25,7712.0,6397
2026-09-18 09:33:00-04:00,7712.25,7712.25,7708.5,7708.75,4545
2026-09-18 09:34:00-04:00,7709.0,7710.25,7706.75,7706.75,3923
2026-09-18 09:35:00-04:00,7706.75,7706.75,7702.75,7703.25,7394
2026-09-18 09:36:00-04:00,7703.5,7704.75,7701.75,7704.0,4685
2026-09-18 09:37:00-04:00,7704.0,7706.5,7702.5,7706.5,4029
2026-09-18 09:38:00-04:00,7706.5,7708.0,7704.75,7705.0,3587
2026-09-18 09:39:00-04:00,7705.25,7706.75,7704.75,7705.0,2483
2026-09-18 09:40:00-04:00,7705.25,7708.75,7704.5,7707.0,4315
2026-09-18 09:41:00-04:00,7707.0,7710.25,7705.25,7708.75,3536
2026-09-18 09:42:00-04:00,7708.75,7708.75,7706.25,7707.0,3211
2026-09-18 09:43:00-04:00,7707.0,7709.0,7703.75,7704.25,3415
2026-09-18 09:44:00-04:00,7704.25,7705.25,7703.5,7705.0,3335
2026-09-18 09:45:00-04:00,7705.0,7706.5,7704.5,7706.25,3197
2026-09-18 09:46:00-04:00,7706.0,7707.5,7705.5,7707.0,2628
2026-09-18 09:47:00-04:00,7707.25,7707.25,7703.25,7703.5,3189
2026-09-18 09:48:00-04:00,7703.25,7704.25,7701.75,7701.75,2847
2026-09-18 09:49:00-04:00,7702.0,7702.5,7700.5,7701.0,3659
2026-09-18 09:50:00-04:00,7700.75,7701.25,7698.0,7698.75,4945
2026-09-18 09:51:00-04:00,7698.75,7699.25,7697.0,7699.0,3950
2026-09-18 09:52:00-04:00,7699.25,7701.25,7698.0,7701.0,3063
2026-09-18 09:53:00-04:00,7701.0,7701.25,7698.0,7698.0,2848
2026-09-18 09:54:00-04:00,7698.0,7698.75,7694.75,7695.0,4793
2026-09-18 09:55:00-04:00,7695.0,7696.5,7693.75,7696.0,4092
2026-09-18 09:56:00-04:00,7696.25,7697.0,7695.25,7695.75,2803
2026-09-18 09:57:00-04:00,7695.75,7695.75,7692.5,7694.0,4171
2026-09-18 09:58:00-04:00,7694.0,7696.0,7693.25,7693.25,3325
2026-09-18 09:59:00-04:00,7693.25,7693.25,7691.25,7693.0,3205
2026-09-18 10:00:00-04:00,7693.0,7694.25,7690.5,7694.0,5214
2026-09-18 10:01:00-04:00,7693.75,7695.25,7689.75,7690.0,4962
2026-09-18 10:02:00-04:00,7690.0,7690.0,7685.75,7686.5,5857
2026-09-18 10:03:00-04:00,7686.25,7687.25,7685.0,7685.75,4912
2026-09-18 10:04:00-04:00,7685.5,7687.5,7685.5,7686.25,4501
2026-09-18 10:05:00-04:00,7686.25,7686.75,7684.0,7686.5,5223
2026-09-18 10:06:00-04:00,7686.5,7688.5,7685.5,7687.25,4796
2026-09-18 10:07:00-04:00,7687.0,7687.0,7684.75,7685.25,3672
2026-09-18 10:08:00-04:00,7685.5,7688.0,7684.75,7687.75,4272
2026-09-18 10:09:00-04:00,7688.0,7690.5,7687.0,7690.25,3837
2026-09-18 10:10:00-04:00,7690.0,7694.0,7690.0,7694.0,5099
2026-09-18 10:11:00-04:00,7694.0,7695.0,7693.25,7694.75,4218
2026-09-18 10:12:00-04:00,7694.75,7695.0,7690.5,7692.5,4982
2026-09-18 10:13:00-04:00,7692.25,7692.75,7688.25,7690.5,5478
2026-09-18 10:14:00-04:00,7690.75,7691.0,7687.5,7688.0,3425
2026-09-18 10:15:00-04:00,7687.75,7689.0,7686.5,7687.25,3197
2026-09-18 10:16:00-04:00,7687.25,7687.75,7683.25,7684.0,4301
2026-09-18 10:17:00-04:00,7684.0,7687.0,7683.25,7685.75,4016
2026-09-18 10:18:00-04:00,7685.75,7688.5,7685.75,7688.5,2810
2026-09-18 10:19:00-04:00,7688.5,7689.5,7687.0,7689.25,3080
2026-09-18 10:20:00-04:00,7689.25,7689.75,7686.5,7687.75,3756
2026-09-18 10:21:00-04:00,7687.75,7689.25,7687.5,7688.5,2571
2026-09-18 10:22:00-04:00,7688.5,7691.75,7688.5,7691.5,3618
2026-09-18 10:23:00-04:00,7691.25,7691.5,7689.0,7691.0,2901
2026-09-18 10:24:00-04:00,7691.0,7691.0,7687.0,7687.0,2599
2026-09-18 10:25:00-04:00,7687.25,7688.0,7686.25,7687.25,1867
2026-09-18 10:26:00-04:00,7687.0,7688.75,7686.75,7687.0,2298
2026-09-18 10:27:00-04:00,7687.25,7690.0,7687.25,7689.5,1837
2026-09-18 10:28:00-04:00,7689.25,7692.0,7689.25,7690.0,2509
2026-09-18 10:29:00-04:00,7690.0,7690.25,7688.75,7689.0,1908
2026-09-18 10:30:00-04:00,7688.75,7690.0,7688.25,7689.0,2772
2026-09-18 10:31:00-04:00,7688.75,7689.5,7687.0,7687.25,3061
2026-09-18 10:32:00-04:00,7687.5,7689.75,7687.25,7688.5,2592
2026-09-18 10:33:00-04:00,7688.5,7688.75,7687.0,7688.0,2681
2026-09-18 10:34:00-04:00,7688.0,7688.5,7686.25,7687.5,2184
2026-09-18 10:35:00-04:00,7687.5,7688.75,7686.75,7687.25,2215
2026-09-18 10:36:00-04:00,7687.5,7687.5,7685.25,7686.25,3166
2026-09-18 10:37:00-04:00,7686.25,7688.5,7686.0,7687.75,2177
2026-09-18 10:38:00-04:00,7687.75,7689.25,7687.75,7689.0,1701
2026-09-18 10:39:00-04:00,7689.0,7693.5,7688.75,7690.5,8660
2026-09-18 10:40:00-04:00,7690.5,7690.75,7689.0,7690.5,2878
2026-09-18 10:41:00-04:00,7690.5,7690.75,7688.0,7689.0,2669
2026-09-18 10:42:00-04:00,7689.25,7689.25,7684.5,7685.75,2956
2026-09-18 10:43:00-04:00,7686.0,7686.0,7684.0,7684.75,2714
2026-09-18 10:44:00-04:00,7684.75,7685.75,7684.25,7685.5,2025
2026-09-18 10:45:00-04:00,7685.75,7686.25,7684.0,7685.25,2712
2026-09-18 10:46:00-04:00,7685.0,7689.0,7685.0,7687.5,3287
2026-09-18 10:47:00-04:00,7687.75,7689.0,7686.25,7686.75,2412
2026-09-18 10:48:00-04:00,7686.5,7688.0,7686.25,7688.0,2114
2026-09-18 10:49:00-04:00,7688.0,7690.75,7687.75,7690.0,2806
2026-09-18 10:50:00-04:00,7690.0,7692.0,7688.75,7691.75,3154
2026-09-18 10:51:00-04:00,7691.75,7693.25,7690.75,7693.0,3291
2026-09-18 10:52:00-04:00,7693.25,7695.25,7692.25,7694.5,4119
2026-09-18 10:53:00-04:00,7694.5,7695.0,7693.5,7694.5,3078
2026-09-18 10:54:00-04:00,7694.5,7694.5,7692.5,7693.75,1979
2026-09-18 10:55:00-04:00,7694.0,7694.75,7692.5,7692.75,2097
2026-09-18 10:56:00-04:00,7693.0,7693.75,7692.0,7692.5,1582
2026-09-18 10:57:00-04:00,7692.75,7693.25,7691.75,7692.75,1943
2026-09-18 10:58:00-04:00,7692.75,7694.25,7692.25,7693.0,2412
2026-09-18 10:59:00-04:00,7693.25,7695.25,7693.25,7695.0,2279
2026-09-18 11:00:00-04:00,7695.0,7695.5,7693.0,7693.75,3077
2026-09-18 11:01:00-04:00,7694.0,7694.25,7692.0,7692.25,1686
2026-09-18 11:02:00-04:00,7692.25,7692.25,7689.5,7691.5,3430
2026-09-18 11:03:00-04:00,7691.5,7693.25,7690.25,7692.75,2444
2026-09-18 11:04:00-04:00,7692.75,7693.25,7691.75,7692.5,1582
2026-09-18 11:05:00-04:00,7692.25,7695.0,7691.5,7695.0,2340
2026-09-18 11:06:00-04:00,7695.0,7696.0,7693.25,7694.75,2662
2026-09-18 11:07:00-04:00,7694.75,7695.75,7694.25,7695.75,1798
2026-09-18 11:08:00-04:00,7695.75,7695.75,7693.5,7695.25,1730
2026-09-18 11:09:00-04:00,7695.25,7695.5,7692.75,7693.0,1949
2026-09-18 11:10:00-04:00,7692.75,7694.75,7692.25,7694.5,1731
2026-09-18 11:11:00-04:00,7694.75,7695.0,7691.75,7692.0,1974
2026-09-18 11:12:00-04:00,7691.75,7692.5,7691.0,7691.5,1729
2026-09-18 11:13:00-04:00,7691.5,7693.25,7690.5,7692.75,2493
2026-09-18 11:14:00-04:00,7692.5,7692.75,7690.5,7691.25,1253
2026-09-18 11:15:00-04:00,7691.25,7692.75,7691.0,7692.0,1451
2026-09-18 11:16:00-04:00,7692.0,7692.25,7690.0,7690.0,1625
2026-09-18 11:17:00-04:00,7690.25,7692.0,7690.0,7690.5,1919
2026-09-18 11:18:00-04:00,7690.75,7691.75,7690.0,7690.5,1336
2026-09-18 11:19:00-04:00,7690.5,7693.5,7690.5,7693.25,1830
2026-09-18 11:20:00-04:00,7693.25,7694.0,7692.5,7693.75,1819
2026-09-18 11:21:00-04:00,7693.75,7693.75,7692.0,7692.0,1464
2026-09-18 11:22:00-04:00,7692.0,7694.0,7692.0,7692.5,1536
2026-09-18 11:23:00-04:00,7692.75,7694.5,7692.5,7693.25,1457
2026-09-18 11:24:00-04:00,7693.25,7694.0,7692.5,7693.75,1349
2026-09-18 11:25:00-04:00,7693.75,7695.0,7693.5,7694.75,1377
2026-09-18 11:26:00-04:00,7694.75,7696.25,7694.75,7695.0,2005
2026-09-18 11:27:00-04:00,7695.25,7695.75,7694.5,7695.0,1344
2026-09-18 11:28:00-04:00,7695.25,7696.0,7695.0,7695.25,1618
2026-09-18 11:29:00-04:00,7695.25,7696.25,7694.0,7695.5,2331
2026-09-18 11:30:00-04:00,7695.5,7697.0,7691.5,7692.75,6316
2026-09-18 11:31:00-04:00,7692.75,7693.5,7691.25,7692.0,4417
2026-09-18 11:32:00-04:00,7692.0,7692.5,7690.5,7692.25,2420
2026-09-18 11:33:00-04:00,7692.5,7693.75,7691.75,7693.25,1957
2026-09-18 11:34:00-04:00,7693.25,7693.75,7691.5,7693.75,1902
2026-09-18 11:35:00-04:00,7693.5,7694.25,7692.75,7693.75,1643
2026-09-18 11:36:00-04:00,7694.0,7694.75,7692.75,7693.75,1598
2026-09-18 11:37:00-04:00,7693.75,7693.75,7691.5,7691.75,1836
2026-09-18 11:38:00-04:00,7691.5,7691.75,7689.5,7689.75,2914
2026-09-18 11:39:00-04:00,7690.0,7690.0,7687.75,7688.5,3182
2026-09-18 11:40:00-04:00,7688.25,7688.5,7686.5,7687.25,3891
2026-09-18 11:41:00-04:00,7687.25,7688.5,7687.0,7687.75,2557
2026-09-18 11:42:00-04:00,7687.75,7688.75,7687.0,7688.75,2347
2026-09-18 11:43:00-04:00,7688.5,7689.5,7688.25,7688.25,1613
2026-09-18 11:44:00-04:00,7688.5,7689.0,7687.5,7688.25,2172
2026-09-18 11:45:00-04:00,7688.5,7689.5,7686.5,7686.5,2121
2026-09-18 11:46:00-04:00,7686.5,7688.5,7686.5,7687.0,2062
2026-09-18 11:47:00-04:00,7687.0,7687.5,7686.5,7687.0,1304
2026-09-18 11:48:00-04:00,7687.0,7688.0,7686.25,7687.25,1320
2026-09-18 11:49:00-04:00,7687.25,7687.75,7686.5,7687.0,1404
2026-09-18 11:50:00-04:00,7687.0,7688.75,7686.25,7688.75,1483
2026-09-18 11:51:00-04:00,7688.75,7689.0,7687.25,7687.5,1339
2026-09-18 11:52:00-04:00,7687.25,7687.25,7685.75,7687.25,1180
2026-09-18 11:53:00-04:00,7687.25,7687.5,7685.0,7685.25,1143
2026-09-18 11:54:00-04:00,7685.25,7685.75,7684.25,7684.75,1555
2026-09-18 11:55:00-04:00,7685.0,7685.75,7684.75,7685.0,1568
2026-09-18 11:56:00-04:00,7685.25,7687.5,7685.25,7686.75,1795
2026-09-18 11:57:00-04:00,7687.0,7687.5,7685.25,7685.5,1534
2026-09-18 11:58:00-04:00,7685.25,7685.75,7684.0,7684.0,1567
2026-09-18 11:59:00-04:00,7684.0,7685.5,7683.75,7685.5,1852
2026-09-18 12:00:00-04:00,7685.25,7685.5,7682.75,7683.5,2332
2026-09-18 12:01:00-04:00,7683.5,7684.5,7682.25,7683.0,1838
2026-09-18 12:02:00-04:00,7682.75,7684.25,7682.0,7683.75,1844
2026-09-18 12:03:00-04:00,7683.5,7684.5,7682.75,7683.5,1128
2026-09-18 12:04:00-04:00,7683.5,7683.75,7682.75,7683.5,1319
2026-09-18 12:05:00-04:00,7683.5,7684.75,7683.25,7684.25,1253
2026-09-18 12:06:00-04:00,7684.25,7686.75,7684.25,7686.25,2133
2026-09-18 12:07:00-04:00,7686.5,7687.75,7686.25,7687.75,1805
2026-09-18 12:08:00-04:00,7687.75,7687.75,7685.25,7685.25,1167
2026-09-18 12:09:00-04:00,7685.0,7687.0,7685.0,7687.0,1561
2026-09-18 12:10:00-04:00,7687.0,7687.25,7685.75,7686.25,1135
2026-09-18 12:11:00-04:00,7686.5,7687.25,7685.75,7686.5,1191
2026-09-18 12:12:00-04:00,7686.25,7687.5,7686.25,7686.5,1451
2026-09-18 12:13:00-04:00,7686.5,7686.75,7685.25,7685.25,1599
2026-09-18 12:14:00-04:00,7685.0,7686.75,7685.0,7685.75,1558
2026-09-18 12:15:00-04:00,7685.75,7686.25,7684.5,7684.75,1796
2026-09-18 12:16:00-04:00,7684.5,7685.75,7684.25,7684.5,1390
2026-09-18 12:17:00-04:00,7684.75,7686.25,7684.75,7685.5,1280
2026-09-18 12:18:00-04:00,7685.5,7687.25,7685.5,7686.25,1066
2026-09-18 12:19:00-04:00,7686.25,7686.5,7685.75,7686.5,852
2026-09-18 12:20:00-04:00,7686.5,7686.5,7684.5,7685.25,1233
2026-09-18 12:21:00-04:00,7685.5,7685.75,7684.75,7685.5,964
2026-09-18 12:22:00-04:00,7685.25,7685.5,7684.0,7684.5,700
2026-09-18 12:23:00-04:00,7684.5,7684.75,7678.25,7678.5,4756
2026-09-18 12:24:00-04:00,7678.5,7678.75,7677.25,7677.75,4051
2026-09-18 12:25:00-04:00,7677.75,7678.0,7675.0,7677.0,5251
2026-09-18 12:26:00-04:00,7677.0,7678.5,7676.25,7677.5,2769
2026-09-18 12:27:00-04:00,7677.5,7680.0,7677.5,7679.75,2509
2026-09-18 12:28:00-04:00,7679.75,7683.25,7679.25,7681.5,10010
2026-09-18 12:29:00-04:00,7681.5,7684.75,7681.0,7683.25,4376
2026-09-18 12:30:00-04:00,7683.25,7685.25,7681.25,7685.25,4253
2026-09-18 12:31:00-04:00,7685.25,7685.5,7683.0,7683.25,2485
2026-09-18 12:32:00-04:00,7683.25,7684.75,7682.75,7684.5,1734
2026-09-18 12:33:00-04:00,7684.5,7687.75,7684.25,7687.25,4775
2026-09-18 12:34:00-04:00,7687.25,7689.0,7686.5,7687.0,2779
2026-09-18 12:35:00-04:00,7687.0,7688.5,7686.5,7687.0,1821
2026-09-18 12:36:00-04:00,7687.25,7688.0,7685.75,7685.75,1571
2026-09-18 12:37:00-04:00,7685.75,7686.75,7685.25,7685.25,1319
2026-09-18 12:38:00-04:00,7685.25,7686.5,7684.0,7684.5,2061
2026-09-18 12:39:00-04:00,7684.5,7686.75,7684.25,7685.5,1284
2026-09-18 12:40:00-04:00,7685.5,7686.25,7685.0,7685.0,1151
2026-09-18 12:41:00-04:00,7685.25,7685.75,7684.25,7684.25,1069
2026-09-18 12:42:00-04:00,7684.5,7687.0,7684.0,7686.75,1260
2026-09-18 12:43:00-04:00,7687.0,7687.25,7685.75,7686.0,933
2026-09-18 12:44:00-04:00,7686.25,7688.75,7686.0,7686.75,1959
2026-09-18 12:45:00-04:00,7686.75,7687.25,7686.0,7686.75,1632
2026-09-18 12:46:00-04:00,7686.75,7687.25,7685.25,7685.25,984
2026-09-18 12:47:00-04:00,7685.25,7686.25,7683.5,7686.0,1819
2026-09-18 12:48:00-04:00,7686.0,7686.0,7684.75,7685.0,1384
2026-09-18 12:49:00-04:00,7685.0,7687.75,7685.0,7687.5,1438
2026-09-18 12:50:00-04:00,7687.5,7688.75,7687.5,7688.0,1768
2026-09-18 12:51:00-04:00,7688.0,7689.5,7687.5,7689.0,1479
2026-09-18 12:52:00-04:00,7688.75,7690.75,7688.75,7690.25,2488
2026-09-18 12:53:00-04:00,7690.5,7691.5,7690.25,7691.0,1510
2026-09-18 12:54:00-04:00,7691.0,7691.0,7690.0,7690.25,1374
2026-09-18 12:55:00-04:00,7690.5,7690.75,7689.75,7690.5,1022
2026-09-18 12:56:00-04:00,7690.5,7690.75,7689.25,7689.75,1056
2026-09-18 12:57:00-04:00,7689.75,7690.75,7689.75,7690.25,952
2026-09-18 12:58:00-04:00,7690.25,7691.5,7689.0,7689.75,3312
2026-09-18 12:59:00-04:00,7689.5,7690.0,7689.0,7689.75,1245
2026-09-18 13:00:00-04:00,7690.0,7690.0,7687.5,7688.5,2309
2026-09-18 13:01:00-04:00,7688.5,7689.25,7688.25,7689.0,976
2026-09-18 13:02:00-04:00,7688.75,7689.75,7688.75,7689.25,887
2026-09-18 13:03:00-04:00,7689.0,7690.75,7688.75,7690.0,1033
2026-09-18 13:04:00-04:00,7690.0,7690.25,7689.5,7689.75,752
2026-09-18 13:05:00-04:00,7689.5,7691.0,7689.25,7690.75,1140
2026-09-18 13:06:00-04:00,7690.5,7691.5,7690.25,7690.25,1013
2026-09-18 13:07:00-04:00,7690.25,7691.0,7690.0,7690.75,613
2026-09-18 13:08:00-04:00,7690.75,7691.5,7690.0,7690.0,886
2026-09-18 13:09:00-04:00,7690.25,7690.25,7688.5,7689.25,1267
2026-09-18 13:10:00-04:00,7689.25,7689.5,7687.75,7688.0,1481
2026-09-18 13:11:00-04:00,7688.25,7688.5,7687.0,7687.75,1795
2026-09-18 13:12:00-04:00,7687.75,7688.0,7686.25,7686.5,1243
2026-09-18 13:13:00-04:00,7686.75,7689.0,7686.75,7688.5,1101
2026-09-18 13:14:00-04:00,7688.5,7689.25,7688.25,7689.25,514
2026-09-18 13:15:00-04:00,7689.25,7690.5,7688.5,7690.5,1502
2026-09-18 13:16:00-04:00,7690.25,7690.25,7688.5,7689.25,1250
2026-09-18 13:17:00-04:00,7689.25,7691.0,7689.0,7690.5,1141
2026-09-18 13:18:00-04:00,7690.75,7690.75,7688.75,7688.75,1006
2026-09-18 13:19:00-04:00,7689.0,7689.5,7688.5,7689.5,931
2026-09-18 13:20:00-04:00,7689.75,7689.75,7688.5,7688.75,672
2026-09-18 13:21:00-04:00,7689.0,7690.0,7689.0,7689.75,555
2026-09-18 13:22:00-04:00,7689.75,7690.75,7689.0,7690.5,666
2026-09-18 13:23:00-04:00,7690.75,7691.0,7690.25,7690.5,903
2026-09-18 13:24:00-04:00,7690.5,7691.25,7690.5,7691.25,591
2026-09-18 13:25:00-04:00,7691.25,7692.0,7690.5,7691.5,980
2026-09-18 13:26:00-04:00,7691.5,7691.75,7690.75,7691.25,555
2026-09-18 13:27:00-04:00,7691.5,7691.75,7691.0,7691.5,655
2026-09-18 13:28:00-04:00,7691.75,7692.0,7690.5,7690.5,582
2026-09-18 13:29:00-04:00,7690.5,7691.0,7689.75,7690.0,888
2026-09-18 13:30:00-04:00,7690.25,7690.5,7688.75,7689.5,1035
2026-09-18 13:31:00-04:00,7689.25,7689.5,7689.0,7689.25,895
2026-09-18 13:32:00-04:00,7689.25,7689.75,7688.75,7689.5,833
2026-09-18 13:33:00-04:00,7689.5,7689.5,7688.25,7689.0,940
2026-09-18 13:34:00-04:00,7689.0,7690.75,7689.0,7690.25,1442
2026-09-18 13:35:00-04:00,7690.25,7692.25,7690.25,7692.25,1446
2026-09-18 13:36:00-04:00,7692.0,7693.25,7692.0,7692.5,1466
2026-09-18 13:37:00-04:00,7692.75,7693.5,7692.25,7692.5,1049
2026-09-18 13:38:00-04:00,7692.75,7692.75,7692.0,7692.75,684
2026-09-18 13:39:00-04:00,7693.0,7693.25,7692.5,7693.0,590
2026-09-18 13:40:00-04:00,7693.0,7693.25,7692.5,7693.0,966
2026-09-18 13:41:00-04:00,7692.75,7692.75,7692.0,7692.5,905
2026-09-18 13:42:00-04:00,7692.25,7692.5,7691.5,7692.25,873
2026-09-18 13:43:00-04:00,7692.0,7692.75,7692.0,7692.25,803
2026-09-18 13:44:00-04:00,7692.5,7694.0,7692.5,7694.0,1563
2026-09-18 13:45:00-04:00,7694.0,7694.25,7693.5,7693.5,1910
2026-09-18 13:46:00-04:00,7693.5,7694.0,7693.0,7693.5,804
2026-09-18 13:47:00-04:00,7693.75,7694.5,7693.5,7693.5,1130
2026-09-18 13:48:00-04:00,7693.75,7694.25,7693.0,7693.0,1262
2026-09-18 13:49:00-04:00,7692.75,7693.25,7692.25,7692.75,773
2026-09-18 13:50:00-04:00,7692.5,7693.75,7692.5,7693.75,926
2026-09-18 13:51:00-04:00,7693.75,7694.5,7693.75,7694.25,977
2026-09-18 13:52:00-04:00,7694.0,7695.0,7693.75,7694.75,809
2026-09-18 13:53:00-04:00,7694.75,7695.0,7694.0,7694.5,897
2026-09-18 13:54:00-04:00,7694.5,7694.75,7694.0,7694.25,579
2026-09-18 13:55:00-04:00,7694.0,7694.5,7693.5,7694.25,927
2026-09-18 13:56:00-04:00,7694.0,7694.5,7694.0,7694.5,670
2026-09-18 13:57:00-04:00,7694.25,7695.0,7694.25,7694.5,735
2026-09-18 13:58:00-04:00,7694.25,7694.5,7693.75,7694.5,1012
2026-09-18 13:59:00-04:00,7694.75,7695.0,7694.5,7694.5,1041
2026-09-18 14:00:00-04:00,7694.75,7694.75,7693.0,7693.25,1520
2026-09-18 14:01:00-04:00,7693.0,7696.0,7693.0,7695.0,1959
2026-09-18 14:02:00-04:00,7695.25,7695.75,7695.0,7695.75,1207
2026-09-18 14:03:00-04:00,7695.5,7695.75,7694.75,7695.5,694
2026-09-18 14:04:00-04:00,7695.5,7696.0,7695.25,7695.25,903
2026-09-18 14:05:00-04:00,7695.5,7695.75,7694.75,7695.25,1028
2026-09-18 14:06:00-04:00,7695.0,7695.25,7694.25,7694.5,1013
2026-09-18 14:07:00-04:00,7694.5,7694.75,7694.0,7694.75,867
2026-09-18 14:08:00-04:00,7695.0,7695.25,7694.25,7694.5,678
2026-09-18 14:09:00-04:00,7694.25,7694.5,7693.75,7694.25,748
2026-09-18 14:10:00-04:00,7694.5,7695.0,7694.0,7695.0,648
2026-09-18 14:11:00-04:00,7694.75,7694.75,7693.0,7694.0,1575
2026-09-18 14:12:00-04:00,7694.25,7694.75,7693.0,7694.5,1348
2026-09-18 14:13:00-04:00,7694.5,7695.25,7693.75,7695.25,1210
2026-09-18 14:14:00-04:00,7695.25,7695.5,7694.25,7694.5,687
2026-09-18 14:15:00-04:00,7694.5,7695.5,7694.5,7695.25,691
2026-09-18 14:16:00-04:00,7695.25,7696.5,7695.0,7696.0,1168
2026-09-18 14:17:00-04:00,7696.0,7696.5,7695.25,7695.75,1138
2026-09-18 14:18:00-04:00,7695.75,7697.0,7695.75,7696.75,1111
2026-09-18 14:19:00-04:00,7696.75,7697.75,7696.25,7697.75,1202
2026-09-18 14:20:00-04:00,7697.75,7698.5,7697.5,7698.5,1759
2026-09-18 14:21:00-04:00,7698.5,7700.5,7698.5,7700.0,4164
2026-09-18 14:22:00-04:00,7699.75,7702.5,7699.75,7702.25,4113
2026-09-18 14:23:00-04:00,7702.25,7703.25,7700.0,7700.75,3749
2026-09-18 14:24:00-04:00,7700.5,7700.75,7699.5,7700.25,2036
2026-09-18 14:25:00-04:00,7700.0,7700.75,7699.5,7699.75,1578
2026-09-18 14:26:00-04:00,7699.5,7700.25,7699.25,7699.75,941
2026-09-18 14:27:00-04:00,7699.5,7701.0,7699.5,7700.25,1273
2026-09-18 14:28:00-04:00,7700.0,7700.25,7698.75,7699.75,1478
2026-09-18 14:29:00-04:00,7699.5,7701.75,7699.5,7701.75,1443
2026-09-18 14:30:00-04:00,7701.75,7702.0,7699.75,7699.75,1899
2026-09-18 14:31:00-04:00,7699.75,7700.25,7699.5,7699.75,995
2026-09-18 14:32:00-04:00,7699.5,7700.5,7699.5,7700.5,699
2026-09-18 14:33:00-04:00,7700.25,7701.0,7700.0,7701.0,1376
2026-09-18 14:34:00-04:00,7701.0,7702.25,7700.5,7702.25,1092
2026-09-18 14:35:00-04:00,7702.0,7702.5,7701.0,7702.5,1894
2026-09-18 14:36:00-04:00,7702.25,7702.25,7700.25,7701.0,1444
2026-09-18 14:37:00-04:00,7700.75,7700.75,7699.5,7700.5,1420
2026-09-18 14:38:00-04:00,7700.25,7700.25,7699.0,7700.0,1259
2026-09-18 14:39:00-04:00,7700.0,7701.0,7699.75,7700.5,1066
2026-09-18 14:40:00-04:00,7700.5,7700.5,7699.75,7700.5,834
2026-09-18 14:41:00-04:00,7700.25,7700.5,7699.75,7700.25,732
2026-09-18 14:42:00-04:00,7700.0,7701.5,7700.0,7701.5,1015
2026-09-18 14:43:00-04:00,7701.25,7702.25,7701.25,7702.0,682
2026-09-18 14:44:00-04:00,7701.75,7702.75,7701.5,7702.5,1256
2026-09-18 14:45:00-04:00,7702.25,7705.5,7702.25,7705.5,3484
2026-09-18 14:46:00-04:00,7705.25,7710.75,7705.0,7710.0,8764
2026-09-18 14:47:00-04:00,7710.0,7712.25,7709.5,7711.5,4640
2026-09-18 14:48:00-04:00,7711.5,7711.5,7710.0,7710.75,4050
2026-09-18 14:49:00-04:00,7710.75,7711.0,7709.5,7709.75,3001
2026-09-18 14:50:00-04:00,7709.75,7710.75,7709.0,7709.75,3190
2026-09-18 14:51:00-04:00,7709.75,7710.75,7709.5,7709.75,1702
2026-09-18 14:52:00-04:00,7710.0,7711.0,7709.75,7710.25,1953
2026-09-18 14:53:00-04:00,7710.5,7714.75,7710.5,7714.0,4183
2026-09-18 14:54:00-04:00,7714.0,7715.75,7712.0,7712.25,4758
2026-09-18 14:55:00-04:00,7712.25,7712.25,7710.0,7711.0,2079
2026-09-18 14:56:00-04:00,7711.0,7711.75,7710.0,7710.0,1581
2026-09-18 14:57:00-04:00,7710.25,7711.5,7709.75,7711.0,1518
2026-09-18 14:58:00-04:00,7711.0,7711.25,7710.0,7710.5,1361
2026-09-18 14:59:00-04:00,7710.25,7710.5,7708.75,7710.0,2183
2026-09-18 15:00:00-04:00,7709.75,7710.75,7709.0,7710.25,1665
2026-09-18 15:01:00-04:00,7710.25,7710.25,7708.0,7708.5,1344
2026-09-18 15:02:00-04:00,7708.5,7709.25,7708.25,7709.0,1220
2026-09-18 15:03:00-04:00,7709.0,7709.75,7708.75,7709.0,1286
2026-09-18 15:04:00-04:00,7709.0,7711.75,7709.0,7710.5,2349
2026-09-18 15:05:00-04:00,7710.5,7711.0,7710.0,7711.0,1414
2026-09-18 15:06:00-04:00,7711.25,7712.0,7709.25,7709.5,1938
2026-09-18 15:07:00-04:00,7709.5,7709.75,7708.0,7708.25,1313
2026-09-18 15:08:00-04:00,7708.25,7709.5,7708.0,7708.0,1190
2026-09-18 15:09:00-04:00,7708.25,7709.5,7708.0,7709.25,1221
2026-09-18 15:10:00-04:00,7709.5,7710.0,7708.75,7709.0,879
2026-09-18 15:11:00-04:00,7709.0,7710.75,7708.75,7710.5,1126
2026-09-18 15:12:00-04:00,7710.5,7711.25,7709.5,7711.25,2112
2026-09-18 15:13:00-04:00,7711.25,7711.25,7708.0,7708.5,1606
2026-09-18 15:14:00-04:00,7708.25,7709.25,7707.75,7709.0,2307
2026-09-18 15:15:00-04:00,7709.0,7709.25,7708.25,7709.0,1293
2026-09-18 15:16:00-04:00,7709.0,7709.75,7708.5,7709.25,1112
2026-09-18 15:17:00-04:00,7709.25,7709.5,7708.5,7709.25,892
2026-09-18 15:18:00-04:00,7709.25,7709.5,7708.75,7709.0,1150
2026-09-18 15:19:00-04:00,7708.75,7709.25,7707.5,7709.25,1523
2026-09-18 15:20:00-04:00,7709.25,7709.5,7707.75,7709.25,1509
2026-09-18 15:21:00-04:00,7709.25,7710.5,7709.0,7709.25,1707
2026-09-18 15:22:00-04:00,7709.0,7709.5,7708.25,7708.5,845
2026-09-18 15:23:00-04:00,7708.5,7709.0,7708.25,7708.25,1112
2026-09-18 15:24:00-04:00,7708.25,7708.5,7707.5,7708.5,1422
2026-09-18 15:25:00-04:00,7708.25,7708.75,7707.5,7707.75,1294
2026-09-18 15:26:00-04:00,7707.75,7708.5,7707.5,7708.25,1056
2026-09-18 15:27:00-04:00,7708.25,7709.0,7708.0,7708.5,970
2026-09-18 15:28:00-04:00,7708.5,7708.5,7707.75,7708.25,1148
2026-09-18 15:29:00-04:00,7708.25,7708.25,7705.75,7706.25,2182
2026-09-18 15:30:00-04:00,7706.25,7706.5,7704.25,7705.25,2762
2026-09-18 15:31:00-04:00,7705.25,7706.0,7704.75,7705.0,1234
2026-09-18 15:32:00-04:00,7705.0,7705.75,7704.75,7705.25,1897
2026-09-18 15:33:00-04:00,7705.25,7705.25,7704.5,7705.25,1771
2026-09-18 15:34:00-04:00,7705.0,7705.75,7704.5,7704.75,1663
2026-09-18 15:35:00-04:00,7704.75,7706.0,7704.25,7704.5,2135
2026-09-18 15:36:00-04:00,7704.75,7706.75,7704.75,7706.75,2058
2026-09-18 15:37:00-04:00,7706.75,7708.75,7706.25,7708.25,2397
2026-09-18 15:38:00-04:00,7708.0,7708.75,7707.75,7708.75,1803
2026-09-18 15:39:00-04:00,7708.75,7710.0,7708.75,7709.5,2358
2026-09-18 15:40:00-04:00,7709.5,7709.75,7708.25,7708.75,2207
2026-09-18 15:41:00-04:00,7708.75,7709.25,7708.25,7709.0,1364
2026-09-18 15:42:00-04:00,7709.0,7710.0,7709.0,7709.75,1160
2026-09-18 15:43:00-04:00,7709.75,7711.25,7709.5,7710.75,1682
2026-09-18 15:44:00-04:00,7711.0,7712.25,7710.75,7712.0,2698
2026-09-18 15:45:00-04:00,7712.25,7712.5,7711.0,7711.5,3235
2026-09-18 15:46:00-04:00,7711.5,7713.0,7711.25,7713.0,2893
2026-09-18 15:47:00-04:00,7712.75,7714.5,7712.75,7713.5,2510
2026-09-18 15:48:00-04:00,7713.5,7714.75,7713.25,7714.25,1692
2026-09-18 15:49:00-04:00,7714.5,7715.0,7714.0,7715.0,2943
2026-09-18 15:50:00-04:00,7714.75,7716.75,7711.25,7711.75,8337
2026-09-18 15:51:00-04:00,7712.0,7713.0,7711.0,7711.0,4983
2026-09-18 15:52:00-04:00,7711.0,7711.75,7710.25,7711.25,2689
2026-09-18 15:53:00-04:00,7711.25,7712.75,7711.25,7712.0,3116
2026-09-18 15:54:00-04:00,7712.25,7713.25,7711.0,7712.75,6225
2026-09-18 15:55:00-04:00,7712.75,7718.25,7712.75,7713.75,11479
2026-09-18 15:56:00-04:00,7713.75,7715.0,7712.75,7713.75,5319
2026-09-18 15:57:00-04:00,7713.75,7717.5,7713.5,7717.25,7488
2026-09-18 15:58:00-04:00,7717.5,7717.5,7711.25,7712.0,22485
2026-09-18 15:59:00-04:00,7712.0,7715.0,7710.25,7712.5,71736
2026-09-18 16:00:00-04:00,7712.5,7719.25,7711.5,7719.0,20239
2026-09-18 16:01:00-04:00,7719.25,7721.0,7718.0,7721.0,7583
2026-09-18 16:02:00-04:00,7720.75,7723.5,7720.75,7721.0,3626
2026-09-18 16:03:00-04:00,7721.0,7723.25,7719.75,7722.0,2865
2026-09-18 16:04:00-04:00,7722.25,7723.0,7722.0,7722.25,1717
2026-09-18 16:05:00-04:00,7722.25,7724.0,7721.75,7723.75,1932
2026-09-18 16:06:00-04:00,7723.75,7723.75,7722.75,7723.0,1341
2026-09-18 16:07:00-04:00,7722.75,7723.75,7722.5,7723.75,1418
2026-09-18 16:08:00-04:00,7723.75,7723.75,7722.75,7722.75,1429
2026-09-18 16:09:00-04:00,7723.0,7723.0,7721.75,7722.5,1367
2026-09-18 16:10:00-04:00,7722.75,7726.75,7722.5,7726.25,2543
2026-09-18 16:11:00-04:00,7726.25,7729.25,7725.75,7727.75,3022
2026-09-18 16:12:00-04:00,7727.75,7728.75,7726.75,7728.0,1777
2026-09-18 16:13:00-04:00,7728.0,7728.0,7726.5,7726.75,1433
2026-09-18 16:14:00-04:00,7726.5,7727.0,7725.25,7725.5,1948
2026-09-18 16:15:00-04:00,7725.5,7726.25,7724.75,7725.75,1370
2026-09-18 16:16:00-04:00,7725.5,7725.5,7724.25,7725.25,927
2026-09-18 16:17:00-04:00,7725.25,7725.5,7725.0,7725.0,420
2026-09-18 16:18:00-04:00,7725.25,7725.5,7724.25,7724.5,387
2026-09-18 16:19:00-04:00,7724.5,7724.75,7723.75,7723.75,540
2026-09-18 16:20:00-04:00,7724.0,7725.25,7724.0,7724.75,510
2026-09-18 16:21:00-04:00,7724.75,7724.75,7724.0,7724.5,376
2026-09-18 16:22:00-04:00,7724.75,7724.75,7724.25,7724.5,584
2026-09-18 16:23:00-04:00,7724.5,7725.5,7724.5,7725.0,470
2026-09-18 16:24:00-04:00,7725.0,7725.25,7724.25,7725.0,530
2026-09-18 16:25:00-04:00,7724.75,7726.0,7724.75,7725.75,684
2026-09-18 16:26:00-04:00,7725.5,7725.75,7725.0,7725.5,274
2026-09-18 16:27:00-04:00,7725.25,7725.75,7725.25,7725.75,384
2026-09-18 16:28:00-04:00,7725.5,7726.0,7725.25,7725.75,368
2026-09-18 16:29:00-04:00,7725.75,7726.0,7725.25,7726.0,480
2026-09-18 16:30:00-04:00,7726.25,7726.75,7726.0,7726.5,489
2026-09-18 16:31:00-04:00,7726.5,7726.5,7725.25,7725.75,653
2026-09-18 16:32:00-04:00,7725.5,7725.75,7725.0,7725.0,502
2026-09-18 16:33:00-04:00,7724.75,7725.25,7724.75,7725.0,163
2026-09-18 16:34:00-04:00,7725.25,7726.25,7725.25,7725.5,599
2026-09-18 16:35:00-04:00,7725.5,7725.5,7724.75,7725.0,159
2026-09-18 16:36:00-04:00,7725.0,7726.0,7725.0,7725.75,271
2026-09-18 16:37:00-04:00,7725.75,7725.75,7725.0,7725.0,272
2026-09-18 16:38:00-04:00,7725.0,7725.25,7724.5,7724.75,322
2026-09-18 16:39:00-04:00,7724.5,7726.0,7724.5,7725.75,922
2026-09-18 16:40:00-04:00,7725.75,7727.25,7725.5,7726.75,674
2026-09-18 16:41:00-04:00,7726.75,7727.25,7726.75,7727.0,306
2026-09-18 16:42:00-04:00,7727.0,7727.25,7726.5,7727.25,468
2026-09-18 16:43:00-04:00,7727.25,7727.25,7726.75,7727.25,373
2026-09-18 16:44:00-04:00,7727.0,7727.5,7726.5,7727.25,710
2026-09-18 16:45:00-04:00,7727.0,7728.5,7727.0,7728.0,518
2026-09-18 16:46:00-04:00,7728.0,7728.75,7727.75,7728.75,428
2026-09-18 16:47:00-04:00,7728.5,7728.5,7727.0,7727.0,644
2026-09-18 16:48:00-04:00,7727.0,7727.25,7726.0,7726.0,722
2026-09-18 16:49:00-04:00,7726.0,7726.75,7726.0,7726.75,416
2026-09-18 16:50:00-04:00,7726.75,7727.25,7726.75,7727.25,126
2026-09-18 16:51:00-04:00,7727.0,7728.0,7727.0,7727.0,306
2026-09-18 16:52:00-04:00,7727.0,7727.5,7725.75,7726.0,585
2026-09-18 16:53:00-04:00,7725.75,7726.0,7725.25,7725.25,572
2026-09-18 16:54:00-04:00,7725.25,7725.5,7724.75,7725.0,278
2026-09-18 16:55:00-04:00,7725.0,7725.75,7724.75,7725.5,400
2026-09-18 16:56:00-04:00,7725.5,7725.75,7725.25,7725.25,167
2026-09-18 16:57:00-04:00,7725.5,7725.5,7725.0,7725.25,202
2026-09-18 16:58:00-04:00,7725.25,7725.5,7724.5,7724.75,483
2026-09-18 16:59:00-04:00,7724.75,7725.25,7712.5,7712.5,523
